event_id,code,signal_date,board,board_streak_before_break,representation,model_stage,run_type,lambda,score,rank,repair_rank_target,raw_repair_return,capped_opportunity_return_7,target7,fold_test_signal_date,fold_train_signal_dates,fold_train_max_signal_date,model_status
002208_2026-05-20,002208,2026-05-20,2,2,CS_RANK,M0,PERMUTED,10,0.540247979252,1,0.05,-0.0725490196078,-0.0725490196078,0,2026-05-20,10,2026-05-19,CAPABILITY_SCREEN_ONLY
603115_2026-05-20,603115,2026-05-20,2,2,CS_RANK,M0,PERMUTED,10,0.53667208468,2,0.95,0.205409887035,0.07,1,2026-05-20,10,2026-05-19,CAPABILITY_SCREEN_ONLY
603989_2026-05-20,603989,2026-05-20,2,2,CS_RANK,M0,PERMUTED,10,0.512079136436,3,0.65,0.11015625,0.07,1,2026-05-20,10,2026-05-19,CAPABILITY_SCREEN_ONLY
600903_2026-05-20,600903,2026-05-20,2,2,CS_RANK,M0,PERMUTED,10,0.511901470799,4,0.75,0.145317545748,0.07,1,2026-05-20,10,2026-05-19,CAPABILITY_SCREEN_ONLY
002552_2026-05-20,002552,2026-05-20,2,2,CS_RANK,M0,PERMUTED,10,0.507140499831,5,0.55,0.0844226579521,0.07,1,2026-05-20,10,2026-05-19,CAPABILITY_SCREEN_ONLY
605218_2026-05-20,605218,2026-05-20,2,2,CS_RANK,M0,PERMUTED,10,0.500394686702,6,0.15,-0.0201499531396,-0.0201499531396,0,2026-05-20,10,2026-05-19,CAPABILITY_SCREEN_ONLY
600850_2026-05-20,600850,2026-05-20,2,2,CS_RANK,M0,PERMUTED,10,0.498912140291,7,0.45,0.038338658147,0.038338658147,0,2026-05-20,10,2026-05-19,CAPABILITY_SCREEN_ONLY
600758_2026-05-20,600758,2026-05-20,2,2,CS_RANK,M0,PERMUTED,10,0.489979909203,8,0.35,0.0168067226891,0.0168067226891,0,2026-05-20,10,2026-05-19,CAPABILITY_SCREEN_ONLY
603206_2026-05-20,603206,2026-05-20,2,2,CS_RANK,M0,PERMUTED,10,0.484195106813,9,0.25,-0.00410888546482,-0.00410888546482,0,2026-05-20,10,2026-05-19,CAPABILITY_SCREEN_ONLY
603311_2026-05-20,603311,2026-05-20,3,3,CS_RANK,M0,PERMUTED,10,0.470984123074,10,0.85,0.172352523099,0.07,1,2026-05-20,10,2026-05-19,CAPABILITY_SCREEN_ONLY
605288_2026-05-21,605288,2026-05-21,2,2,CS_RANK,M0,PERMUTED,10,0.55718007907,1,0.416666666667,0.0422794117647,0.0422794117647,0,2026-05-21,11,2026-05-20,CAPABILITY_SCREEN_ONLY
600563_2026-05-21,600563,2026-05-21,2,2,CS_RANK,M0,PERMUTED,10,0.521329984834,2,0.916666666667,0.103625,0.07,1,2026-05-21,11,2026-05-20,CAPABILITY_SCREEN_ONLY
002782_2026-05-21,002782,2026-05-21,2,2,CS_RANK,M0,PERMUTED,10,0.50636039519,3,0.25,0.039652173913,0.039652173913,0,2026-05-21,11,2026-05-20,CAPABILITY_SCREEN_ONLY
603938_2026-05-21,603938,2026-05-21,3,3,CS_RANK,M0,PERMUTED,10,0.447936142954,4,0.0833333333333,-0.0416666666667,-0.0416666666667,0,2026-05-21,11,2026-05-20,CAPABILITY_SCREEN_ONLY
000417_2026-05-21,000417,2026-05-21,3,3,CS_RANK,M0,PERMUTED,10,0.442177952884,5,0.75,0.101020408163,0.07,1,2026-05-21,11,2026-05-20,CAPABILITY_SCREEN_ONLY
002272_2026-05-21,002272,2026-05-21,3,3,CS_RANK,M0,PERMUTED,10,0.425137065084,6,0.583333333333,0.0904325032765,0.07,1,2026-05-21,11,2026-05-20,CAPABILITY_SCREEN_ONLY
003004_2026-05-22,003004,2026-05-22,2,2,CS_RANK,M0,PERMUTED,10,0.511202795954,1,0.5,0.126801152738,0.07,1,2026-05-22,12,2026-05-21,CAPABILITY_SCREEN_ONLY
000725_2026-05-25,000725,2026-05-25,2,2,CS_RANK,M0,PERMUTED,10,0.546159414697,1,0.9375,0.166666666667,0.07,1,2026-05-25,13,2026-05-22,CAPABILITY_SCREEN_ONLY
000012_2026-05-25,000012,2026-05-25,2,2,CS_RANK,M0,PERMUTED,10,0.539393204307,2,0.8125,0.0617848970252,0.0617848970252,0,2026-05-25,13,2026-05-22,CAPABILITY_SCREEN_ONLY
002036_2026-05-25,002036,2026-05-25,2,2,CS_RANK,M0,PERMUTED,10,0.508875615585,3,0.4375,0.0373563218391,0.0373563218391,0,2026-05-25,13,2026-05-22,CAPABILITY_SCREEN_ONLY
600303_2026-05-25,600303,2026-05-25,2,2,CS_RANK,M0,PERMUTED,10,0.500492710669,4,0.3125,0.00546448087432,0.00546448087432,0,2026-05-25,13,2026-05-22,CAPABILITY_SCREEN_ONLY
600611_2026-05-25,600611,2026-05-25,3,3,CS_RANK,M0,PERMUTED,10,0.48657691012,5,0.0625,-0.0594227504244,-0.0594227504244,0,2026-05-25,13,2026-05-22,CAPABILITY_SCREEN_ONLY
001225_2026-05-25,001225,2026-05-25,2,2,CS_RANK,M0,PERMUTED,10,0.473838139482,6,0.6875,0.0492430833478,0.0492430833478,0,2026-05-25,13,2026-05-22,CAPABILITY_SCREEN_ONLY
002931_2026-05-25,002931,2026-05-25,2,2,CS_RANK,M0,PERMUTED,10,0.469376489704,7,0.5625,0.0478995504573,0.0478995504573,0,2026-05-25,13,2026-05-22,CAPABILITY_SCREEN_ONLY
002442_2026-05-25,002442,2026-05-25,3,3,CS_RANK,M0,PERMUTED,10,0.44923983449,8,0.1875,0.00251256281407,0.00251256281407,0,2026-05-25,13,2026-05-22,CAPABILITY_SCREEN_ONLY
603256_2026-05-26,603256,2026-05-26,2,2,CS_RANK,M0,PERMUTED,10,0.539217028247,1,0.75,0.0785286103542,0.07,1,2026-05-26,14,2026-05-25,CAPABILITY_SCREEN_ONLY
603936_2026-05-26,603936,2026-05-26,2,2,CS_RANK,M0,PERMUTED,10,0.53904535423,2,0.361111111111,0.00308641975309,0.00308641975309,0,2026-05-26,14,2026-05-25,CAPABILITY_SCREEN_ONLY
603663_2026-05-26,603663,2026-05-26,2,2,CS_RANK,M0,PERMUTED,10,0.536020964997,3,0.861111111111,0.123469387755,0.07,1,2026-05-26,14,2026-05-25,CAPABILITY_SCREEN_ONLY
002432_2026-05-26,002432,2026-05-26,2,2,CS_RANK,M0,PERMUTED,10,0.534855693196,4,0.138888888889,-0.0606593406593,-0.0606593406593,0,2026-05-26,14,2026-05-25,CAPABILITY_SCREEN_ONLY
600234_2026-05-26,600234,2026-05-26,2,2,CS_RANK,M0,PERMUTED,10,0.531478665436,5,0.0833333333333,-0.0880968392737,-0.0880968392737,0,2026-05-26,14,2026-05-25,CAPABILITY_SCREEN_ONLY
605580_2026-05-26,605580,2026-05-26,2,2,CS_RANK,M0,PERMUTED,10,0.527936513431,6,0.916666666667,0.1272,0.07,1,2026-05-26,14,2026-05-25,CAPABILITY_SCREEN_ONLY
000636_2026-05-26,000636,2026-05-26,2,2,CS_RANK,M0,PERMUTED,10,0.527461246229,7,0.972222222222,0.158095238095,0.07,1,2026-05-26,14,2026-05-25,CAPABILITY_SCREEN_ONLY
002741_2026-05-26,002741,2026-05-26,2,2,CS_RANK,M0,PERMUTED,10,0.520309835152,8,0.805555555556,0.120460266091,0.07,1,2026-05-26,14,2026-05-25,CAPABILITY_SCREEN_ONLY
600186_2026-05-26,600186,2026-05-26,2,2,CS_RANK,M0,PERMUTED,10,0.515409272555,9,0.0277777777778,-0.12433661865,-0.12433661865,0,2026-05-26,14,2026-05-25,CAPABILITY_SCREEN_ONLY
002938_2026-05-26,002938,2026-05-26,2,2,CS_RANK,M0,PERMUTED,10,0.514644599692,10,0.194444444444,-0.0224137931034,-0.0224137931034,0,2026-05-26,14,2026-05-25,CAPABILITY_SCREEN_ONLY
600539_2026-05-26,600539,2026-05-26,2,2,CS_RANK,M0,PERMUTED,10,0.499229366058,11,0.416666666667,0.0260869565217,0.0260869565217,0,2026-05-26,14,2026-05-25,CAPABILITY_SCREEN_ONLY
603001_2026-05-26,603001,2026-05-26,2,2,CS_RANK,M0,PERMUTED,10,0.494131360168,12,0.305555555556,0.000943396226415,0.000943396226415,0,2026-05-26,14,2026-05-25,CAPABILITY_SCREEN_ONLY
600503_2026-05-26,600503,2026-05-26,2,2,CS_RANK,M0,PERMUTED,10,0.49096005167,13,0.527777777778,0.0321428571429,0.0321428571429,0,2026-05-26,14,2026-05-25,CAPABILITY_SCREEN_ONLY
002421_2026-05-26,002421,2026-05-26,2,2,CS_RANK,M0,PERMUTED,10,0.488224590673,14,0.583333333333,0.0553191489362,0.0553191489362,0,2026-05-26,14,2026-05-25,CAPABILITY_SCREEN_ONLY
002897_2026-05-26,002897,2026-05-26,2,2,CS_RANK,M0,PERMUTED,10,0.48611152929,15,0.472222222222,0.0274577102231,0.0274577102231,0,2026-05-26,14,2026-05-25,CAPABILITY_SCREEN_ONLY
002980_2026-05-26,002980,2026-05-26,2,2,CS_RANK,M0,PERMUTED,10,0.475713063531,16,0.638888888889,0.0574722997928,0.0574722997928,0,2026-05-26,14,2026-05-25,CAPABILITY_SCREEN_ONLY
002975_2026-05-26,002975,2026-05-26,2,2,CS_RANK,M0,PERMUTED,10,0.471707245552,17,0.694444444444,0.0652070442646,0.0652070442646,0,2026-05-26,14,2026-05-25,CAPABILITY_SCREEN_ONLY
603661_2026-05-26,603661,2026-05-26,3,3,CS_RANK,M0,PERMUTED,10,0.446171021398,18,0.25,-0.00778097982709,-0.00778097982709,0,2026-05-26,14,2026-05-25,CAPABILITY_SCREEN_ONLY
003036_2026-05-27,003036,2026-05-27,2,2,CS_RANK,M0,PERMUTED,10,0.559831506884,1,0.95,0.244761904762,0.07,1,2026-05-27,15,2026-05-26,CAPABILITY_SCREEN_ONLY
002185_2026-05-27,002185,2026-05-27,2,2,CS_RANK,M0,PERMUTED,10,0.53452520828,2,0.35,0.0669975186104,0.0669975186104,0,2026-05-27,15,2026-05-26,CAPABILITY_SCREEN_ONLY
002957_2026-05-27,002957,2026-05-27,2,2,CS_RANK,M0,PERMUTED,10,0.523923149724,3,0.65,0.212845673506,0.07,1,2026-05-27,15,2026-05-26,CAPABILITY_SCREEN_ONLY
600584_2026-05-27,600584,2026-05-27,2,2,CS_RANK,M0,PERMUTED,10,0.50162405503,4,0.45,0.0814359715697,0.07,1,2026-05-27,15,2026-05-26,CAPABILITY_SCREEN_ONLY
002388_2026-05-27,002388,2026-05-27,2,2,CS_RANK,M0,PERMUTED,10,0.476064273467,5,0.15,0.0187074829932,0.0187074829932,0,2026-05-27,15,2026-05-26,CAPABILITY_SCREEN_ONLY
002552_2026-05-27,002552,2026-05-27,3,3,CS_RANK,M0,PERMUTED,10,0.473549085201,6,0.85,0.222996515679,0.07,1,2026-05-27,15,2026-05-26,CAPABILITY_SCREEN_ONLY
600520_2026-05-27,600520,2026-05-27,2,2,CS_RANK,M0,PERMUTED,10,0.466150239934,7,0.25,0.0330961954841,0.0330961954841,0,2026-05-27,15,2026-05-26,CAPABILITY_SCREEN_ONLY
002585_2026-05-27,002585,2026-05-27,3,3,CS_RANK,M0,PERMUTED,10,0.451176277236,8,0.55,0.0986590038314,0.07,1,2026-05-27,15,2026-05-26,CAPABILITY_SCREEN_ONLY
600172_2026-05-27,600172,2026-05-27,3,3,CS_RANK,M0,PERMUTED,10,0.450494571302,9,0.75,0.21482602118,0.07,1,2026-05-27,15,2026-05-26,CAPABILITY_SCREEN_ONLY
000510_2026-05-27,000510,2026-05-27,3,3,CS_RANK,M0,PERMUTED,10,0.434816887781,10,0.05,0.00334821428571,0.00334821428571,0,2026-05-27,15,2026-05-26,CAPABILITY_SCREEN_ONLY
002771_2026-05-28,002771,2026-05-28,2,2,CS_RANK,M0,PERMUTED,10,0.555383799408,1,0.625,0.0943396226415,0.07,1,2026-05-28,16,2026-05-27,CAPABILITY_SCREEN_ONLY
001257_2026-05-28,001257,2026-05-28,2,2,CS_RANK,M0,PERMUTED,10,0.507004439172,2,0.125,-0.0676771237222,-0.0676771237222,0,2026-05-28,16,2026-05-27,CAPABILITY_SCREEN_ONLY
002251_2026-05-28,002251,2026-05-28,2,2,CS_RANK,M0,PERMUTED,10,0.48680076868,3,0.875,0.168539325843,0.07,1,2026-05-28,16,2026-05-27,CAPABILITY_SCREEN_ONLY
000759_2026-05-28,000759,2026-05-28,2,2,CS_RANK,M0,PERMUTED,10,0.485390902102,4,0.375,0.0771929824561,0.07,1,2026-05-28,16,2026-05-27,CAPABILITY_SCREEN_ONLY
603989_2026-05-29,603989,2026-05-29,2,2,CS_RANK,M0,PERMUTED,10,0.53594777737,1,0.166666666667,-0.0322019147084,-0.0322019147084,0,2026-05-29,17,2026-05-28,CAPABILITY_SCREEN_ONLY
603032_2026-05-29,603032,2026-05-29,2,2,CS_RANK,M0,PERMUTED,10,0.492124508302,2,0.5,0.00237812128419,0.00237812128419,0,2026-05-29,17,2026-05-28,CAPABILITY_SCREEN_ONLY
002579_2026-05-29,002579,2026-05-29,3,3,CS_RANK,M0,PERMUTED,10,0.45525563023,3,0.833333333333,0.195852534562,0.07,1,2026-05-29,17,2026-05-28,CAPABILITY_SCREEN_ONLY
000090_2026-06-01,000090,2026-06-01,2,2,CS_RANK,M0,PERMUTED,10,0.534672868813,1,0.125,-0.0263852242744,-0.0263852242744,0,2026-06-01,18,2026-05-29,CAPABILITY_SCREEN_ONLY
603324_2026-06-01,603324,2026-06-01,2,2,CS_RANK,M0,PERMUTED,10,0.526163198699,2,0.375,0.0224038752649,0.0224038752649,0,2026-06-01,18,2026-05-29,CAPABILITY_SCREEN_ONLY
600110_2026-06-01,600110,2026-06-01,2,2,CS_RANK,M0,PERMUTED,10,0.515024348319,3,0.625,0.0451559934319,0.0451559934319,0,2026-06-01,18,2026-05-29,CAPABILITY_SCREEN_ONLY
002806_2026-06-01,002806,2026-06-01,2,2,CS_RANK,M0,PERMUTED,10,0.469822067177,4,0.875,0.149321266968,0.07,1,2026-06-01,18,2026-05-29,CAPABILITY_SCREEN_ONLY
002608_2026-06-02,002608,2026-06-02,2,2,CS_RANK,M0,PERMUTED,10,0.540921820355,1,0.75,0.099,0.07,1,2026-06-02,19,2026-06-01,CAPABILITY_SCREEN_ONLY
600011_2026-06-02,600011,2026-06-02,2,2,CS_RANK,M0,PERMUTED,10,0.483280031265,2,0.25,0.0260475651189,0.0260475651189,0,2026-06-02,19,2026-06-01,CAPABILITY_SCREEN_ONLY
002404_2026-06-03,002404,2026-06-03,2,2,CS_RANK,M0,PERMUTED,10,0.554719454993,1,0.5,0.0299319727891,0.0299319727891,0,2026-06-03,20,2026-06-02,CAPABILITY_SCREEN_ONLY
001210_2026-06-03,001210,2026-06-03,2,2,CS_RANK,M0,PERMUTED,10,0.554254972862,2,0.0714285714286,-0.244557534634,-0.244557534634,0,2026-06-03,20,2026-06-02,CAPABILITY_SCREEN_ONLY
002421_2026-06-03,002421,2026-06-03,2,2,CS_RANK,M0,PERMUTED,10,0.501480792973,3,0.785714285714,0.0698151950719,0.0698151950719,0,2026-06-03,20,2026-06-02,CAPABILITY_SCREEN_ONLY
002579_2026-06-03,002579,2026-06-03,2,2,CS_RANK,M0,PERMUTED,10,0.494366966506,4,0.642857142857,0.0540254237288,0.0540254237288,0,2026-06-03,20,2026-06-02,CAPABILITY_SCREEN_ONLY
600280_2026-06-03,600280,2026-06-03,3,3,CS_RANK,M0,PERMUTED,10,0.483307615344,5,0.214285714286,-0.0125313283208,-0.0125313283208,0,2026-06-03,20,2026-06-02,CAPABILITY_SCREEN_ONLY
000055_2026-06-03,000055,2026-06-03,2,2,CS_RANK,M0,PERMUTED,10,0.465805387994,6,0.357142857143,0,0,0,2026-06-03,20,2026-06-02,CAPABILITY_SCREEN_ONLY
603045_2026-06-03,603045,2026-06-03,2,2,CS_RANK,M0,PERMUTED,10,0.461387359056,7,0.928571428571,0.154815115807,0.07,1,2026-06-03,20,2026-06-02,CAPABILITY_SCREEN_ONLY
600487_2026-06-04,600487,2026-06-04,2,2,CS_RANK,M0,PERMUTED,10,0.555716081638,1,0.916666666667,0.0659375,0.0659375,0,2026-06-04,21,2026-06-03,CAPABILITY_SCREEN_ONLY
603311_2026-06-04,603311,2026-06-04,2,2,CS_RANK,M0,PERMUTED,10,0.525469061261,2,0.75,0.0277923439958,0.0277923439958,0,2026-06-04,21,2026-06-03,CAPABILITY_SCREEN_ONLY
002137_2026-06-04,002137,2026-06-04,2,2,CS_RANK,M0,PERMUTED,10,0.517036980529,3,0.583333333333,0.0068359375,0.0068359375,0,2026-06-04,21,2026-06-03,CAPABILITY_SCREEN_ONLY
000700_2026-06-04,000700,2026-06-04,2,2,CS_RANK,M0,PERMUTED,10,0.516544751618,4,0.0833333333333,-0.0651340996169,-0.0651340996169,0,2026-06-04,21,2026-06-03,CAPABILITY_SCREEN_ONLY
600936_2026-06-04,600936,2026-06-04,2,2,CS_RANK,M0,PERMUTED,10,0.458568777879,5,0.25,-0.0455284552846,-0.0455284552846,0,2026-06-04,21,2026-06-03,CAPABILITY_SCREEN_ONLY
600121_2026-06-04,600121,2026-06-04,3,3,CS_RANK,M0,PERMUTED,10,0.429931930204,6,0.416666666667,-0.00709219858156,-0.00709219858156,0,2026-06-04,21,2026-06-03,CAPABILITY_SCREEN_ONLY
600688_2026-06-05,600688,2026-06-05,2,2,CS_RANK,M0,PERMUTED,10,0.552438342712,1,0.416666666667,0.00302114803625,0.00302114803625,0,2026-06-05,22,2026-06-04,CAPABILITY_SCREEN_ONLY
605162_2026-06-05,605162,2026-06-05,2,2,CS_RANK,M0,PERMUTED,10,0.528396125749,2,0.0833333333333,-0.0449915110357,-0.0449915110357,0,2026-06-05,22,2026-06-04,CAPABILITY_SCREEN_ONLY
001896_2026-06-05,001896,2026-06-05,2,2,CS_RANK,M0,PERMUTED,10,0.498426118482,3,0.75,0.0850528434826,0.07,1,2026-06-05,22,2026-06-04,CAPABILITY_SCREEN_ONLY
002787_2026-06-05,002787,2026-06-05,2,2,CS_RANK,M0,PERMUTED,10,0.495039248053,4,0.583333333333,0.0670498084291,0.0670498084291,0,2026-06-05,22,2026-06-04,CAPABILITY_SCREEN_ONLY
600439_2026-06-05,600439,2026-06-05,2,2,CS_RANK,M0,PERMUTED,10,0.485895496658,5,0.25,-0.0113636363636,-0.0113636363636,0,2026-06-05,22,2026-06-04,CAPABILITY_SCREEN_ONLY
600255_2026-06-05,600255,2026-06-05,3,3,CS_RANK,M0,PERMUTED,10,0.443079791293,6,0.916666666667,0.0896551724138,0.07,1,2026-06-05,22,2026-06-04,CAPABILITY_SCREEN_ONLY
600293_2026-06-08,600293,2026-06-08,2,2,CS_RANK,M0,PERMUTED,10,0.53942892143,1,0.166666666667,-0.0172839506173,-0.0172839506173,0,2026-06-08,23,2026-06-05,CAPABILITY_SCREEN_ONLY
000520_2026-06-08,000520,2026-06-08,2,2,CS_RANK,M0,PERMUTED,10,0.519114619833,2,0.5,-0.0109409190372,-0.0109409190372,0,2026-06-08,23,2026-06-05,CAPABILITY_SCREEN_ONLY
003036_2026-06-08,003036,2026-06-08,2,2,CS_RANK,M0,PERMUTED,10,0.485259647508,3,0.833333333333,0.0681933842239,0.0681933842239,0,2026-06-08,23,2026-06-05,CAPABILITY_SCREEN_ONLY
603859_2026-06-09,603859,2026-06-09,2,2,CS_RANK,M0,PERMUTED,10,0.552201652106,1,0.833333333333,0.0640412922959,0.0640412922959,0,2026-06-09,24,2026-06-08,CAPABILITY_SCREEN_ONLY
000068_2026-06-09,000068,2026-06-09,2,2,CS_RANK,M0,PERMUTED,10,0.520358113797,2,0.166666666667,-0.0503978779841,-0.0503978779841,0,2026-06-09,24,2026-06-08,CAPABILITY_SCREEN_ONLY
002421_2026-06-09,002421,2026-06-09,2,2,CS_RANK,M0,PERMUTED,10,0.517473841171,3,0.0555555555556,-0.142105263158,-0.142105263158,0,2026-06-09,24,2026-06-08,CAPABILITY_SCREEN_ONLY
002361_2026-06-09,002361,2026-06-09,2,2,CS_RANK,M0,PERMUTED,10,0.515585559999,4,0.722222222222,0.047323943662,0.047323943662,0,2026-06-09,24,2026-06-08,CAPABILITY_SCREEN_ONLY
003009_2026-06-09,003009,2026-06-09,2,2,CS_RANK,M0,PERMUTED,10,0.504697029531,5,0.388888888889,-0.0131004366812,-0.0131004366812,0,2026-06-09,24,2026-06-08,CAPABILITY_SCREEN_ONLY
002613_2026-06-09,002613,2026-06-09,2,2,CS_RANK,M0,PERMUTED,10,0.491569395686,6,0.277777777778,-0.013698630137,-0.013698630137,0,2026-06-09,24,2026-06-08,CAPABILITY_SCREEN_ONLY
000759_2026-06-09,000759,2026-06-09,2,2,CS_RANK,M0,PERMUTED,10,0.489371782432,7,0.5,0.00649350649351,0.00649350649351,0,2026-06-09,24,2026-06-08,CAPABILITY_SCREEN_ONLY
603500_2026-06-09,603500,2026-06-09,3,3,CS_RANK,M0,PERMUTED,10,0.484893588378,8,0.944444444444,0.0936270653029,0.07,1,2026-06-09,24,2026-06-08,CAPABILITY_SCREEN_ONLY
000517_2026-06-09,000517,2026-06-09,2,2,CS_RANK,M0,PERMUTED,10,0.465634650945,9,0.611111111111,0.0147783251232,0.0147783251232,0,2026-06-09,24,2026-06-08,CAPABILITY_SCREEN_ONLY
603929_2026-06-10,603929,2026-06-10,2,2,CS_RANK,M0,PERMUTED,10,0.560671570799,1,0.642857142857,0.0850540374308,0.07,1,2026-06-10,25,2026-06-09,CAPABILITY_SCREEN_ONLY
603186_2026-06-10,603186,2026-06-10,2,2,CS_RANK,M0,PERMUTED,10,0.548094050854,2,0.785714285714,0.12896813445,0.07,1,2026-06-10,25,2026-06-09,CAPABILITY_SCREEN_ONLY
001696_2026-06-10,001696,2026-06-10,2,2,CS_RANK,M0,PERMUTED,10,0.52564875874,3,0.928571428571,0.202105263158,0.07,1,2026-06-10,25,2026-06-09,CAPABILITY_SCREEN_ONLY
002747_2026-06-10,002747,2026-06-10,2,2,CS_RANK,M0,PERMUTED,10,0.501876908435,4,0.357142857143,0.0194285714286,0.0194285714286,0,2026-06-10,25,2026-06-09,CAPABILITY_SCREEN_ONLY
603616_2026-06-10,603616,2026-06-10,2,2,CS_RANK,M0,PERMUTED,10,0.486736117872,5,0.214285714286,0.0160583941606,0.0160583941606,0,2026-06-10,25,2026-06-09,CAPABILITY_SCREEN_ONLY
002362_2026-06-10,002362,2026-06-10,2,2,CS_RANK,M0,PERMUTED,10,0.482719240458,6,0.0714285714286,-0.0082219938335,-0.0082219938335,0,2026-06-10,25,2026-06-09,CAPABILITY_SCREEN_ONLY
002254_2026-06-10,002254,2026-06-10,3,3,CS_RANK,M0,PERMUTED,10,0.405828716669,7,0.5,0.0754173862982,0.07,1,2026-06-10,25,2026-06-09,CAPABILITY_SCREEN_ONLY
605318_2026-06-11,605318,2026-06-11,2,2,CS_RANK,M0,PERMUTED,10,0.550776582382,1,0.65,0.0456747404844,0.0456747404844,0,2026-06-11,26,2026-06-10,CAPABILITY_SCREEN_ONLY
603065_2026-06-11,603065,2026-06-11,2,2,CS_RANK,M0,PERMUTED,10,0.543923590444,2,0.55,0.0286764705882,0.0286764705882,0,2026-06-11,26,2026-06-10,CAPABILITY_SCREEN_ONLY
605589_2026-06-11,605589,2026-06-11,2,2,CS_RANK,M0,PERMUTED,10,0.532539876173,3,0.85,0.0872881355932,0.07,1,2026-06-11,26,2026-06-10,CAPABILITY_SCREEN_ONLY
605006_2026-06-11,605006,2026-06-11,2,2,CS_RANK,M0,PERMUTED,10,0.528095026489,4,0.35,0.012037037037,0.012037037037,0,2026-06-11,26,2026-06-10,CAPABILITY_SCREEN_ONLY
000029_2026-06-11,000029,2026-06-11,2,2,CS_RANK,M0,PERMUTED,10,0.506510333688,5,0.25,0.0117970900511,0.0117970900511,0,2026-06-11,26,2026-06-10,CAPABILITY_SCREEN_ONLY
603002_2026-06-11,603002,2026-06-11,2,2,CS_RANK,M0,PERMUTED,10,0.502770259429,6,0.75,0.0673719376392,0.0673719376392,0,2026-06-11,26,2026-06-10,CAPABILITY_SCREEN_ONLY
002585_2026-06-11,002585,2026-06-11,2,2,CS_RANK,M0,PERMUTED,10,0.487602552642,7,0.45,0.0257648953301,0.0257648953301,0,2026-06-11,26,2026-06-10,CAPABILITY_SCREEN_ONLY
002636_2026-06-11,002636,2026-06-11,3,3,CS_RANK,M0,PERMUTED,10,0.477724358355,8,0.95,0.0890098899878,0.07,1,2026-06-11,26,2026-06-10,CAPABILITY_SCREEN_ONLY
002669_2026-06-11,002669,2026-06-11,2,2,CS_RANK,M0,PERMUTED,10,0.467450278663,9,0.15,-0.00120481927711,-0.00120481927711,0,2026-06-11,26,2026-06-10,CAPABILITY_SCREEN_ONLY
003026_2026-06-11,003026,2026-06-11,2,2,CS_RANK,M0,PERMUTED,10,0.457267853378,10,0.05,-0.0459548706659,-0.0459548706659,0,2026-06-11,26,2026-06-10,CAPABILITY_SCREEN_ONLY
002119_2026-06-12,002119,2026-06-12,2,2,CS_RANK,M0,PERMUTED,10,0.543421611598,1,0.4375,0.0543580131209,0.0543580131209,0,2026-06-12,27,2026-06-11,CAPABILITY_SCREEN_ONLY
002165_2026-06-12,002165,2026-06-12,2,2,CS_RANK,M0,PERMUTED,10,0.520884081372,2,0.5625,0.0732356857523,0.07,1,2026-06-12,27,2026-06-11,CAPABILITY_SCREEN_ONLY
600665_2026-06-12,600665,2026-06-12,2,2,CS_RANK,M0,PERMUTED,10,0.517550545935,3,0.3125,0.012987012987,0.012987012987,0,2026-06-12,27,2026-06-11,CAPABILITY_SCREEN_ONLY
600378_2026-06-12,600378,2026-06-12,2,2,CS_RANK,M0,PERMUTED,10,0.506359179502,4,0.8125,0.0784588441331,0.07,1,2026-06-12,27,2026-06-11,CAPABILITY_SCREEN_ONLY
002409_2026-06-12,002409,2026-06-12,2,2,CS_RANK,M0,PERMUTED,10,0.493521109704,5,0.6875,0.0771077107711,0.07,1,2026-06-12,27,2026-06-11,CAPABILITY_SCREEN_ONLY
603155_2026-06-12,603155,2026-06-12,2,2,CS_RANK,M0,PERMUTED,10,0.489434646885,6,0.9375,0.087962962963,0.07,1,2026-06-12,27,2026-06-11,CAPABILITY_SCREEN_ONLY
600178_2026-06-12,600178,2026-06-12,2,2,CS_RANK,M0,PERMUTED,10,0.485631679514,7,0.1875,-0.00398803589232,-0.00398803589232,0,2026-06-12,27,2026-06-11,CAPABILITY_SCREEN_ONLY
000048_2026-06-12,000048,2026-06-12,3,3,CS_RANK,M0,PERMUTED,10,0.465806435046,8,0.0625,-0.0215053763441,-0.0215053763441,0,2026-06-12,27,2026-06-11,CAPABILITY_SCREEN_ONLY
002203_2026-06-15,002203,2026-06-15,2,2,CS_RANK,M0,PERMUTED,10,0.541758165365,1,0.5,0.03625,0.03625,0,2026-06-15,28,2026-06-12,CAPABILITY_SCREEN_ONLY
600067_2026-06-15,600067,2026-06-15,2,2,CS_RANK,M0,PERMUTED,10,0.520519266692,2,0.166666666667,0.0285714285714,0.0285714285714,0,2026-06-15,28,2026-06-12,CAPABILITY_SCREEN_ONLY
603014_2026-06-15,603014,2026-06-15,2,2,CS_RANK,M0,PERMUTED,10,0.47303731071,3,0.833333333333,0.111851637207,0.07,1,2026-06-15,28,2026-06-12,CAPABILITY_SCREEN_ONLY
001359_2026-06-16,001359,2026-06-16,2,2,CS_RANK,M0,PERMUTED,10,0.536468208409,1,0.785714285714,0.120841364284,0.07,1,2026-06-16,29,2026-06-15,CAPABILITY_SCREEN_ONLY
603738_2026-06-16,603738,2026-06-16,2,2,CS_RANK,M0,PERMUTED,10,0.511771180961,2,0.928571428571,0.129815592478,0.07,1,2026-06-16,29,2026-06-15,CAPABILITY_SCREEN_ONLY
601696_2026-06-16,601696,2026-06-16,2,2,CS_RANK,M0,PERMUTED,10,0.510788479822,3,0.0714285714286,-0.0187265917603,-0.0187265917603,0,2026-06-16,29,2026-06-15,CAPABILITY_SCREEN_ONLY
603335_2026-06-16,603335,2026-06-16,2,2,CS_RANK,M0,PERMUTED,10,0.481521165882,4,0.642857142857,0.111922141119,0.07,1,2026-06-16,29,2026-06-15,CAPABILITY_SCREEN_ONLY
000506_2026-06-16,000506,2026-06-16,2,2,CS_RANK,M0,PERMUTED,10,0.475852221958,5,0.357142857143,-0.00130975769483,-0.00130975769483,0,2026-06-16,29,2026-06-15,CAPABILITY_SCREEN_ONLY
000510_2026-06-16,000510,2026-06-16,3,3,CS_RANK,M0,PERMUTED,10,0.462211315411,6,0.214285714286,-0.0145310435931,-0.0145310435931,0,2026-06-16,29,2026-06-15,CAPABILITY_SCREEN_ONLY
601958_2026-06-16,601958,2026-06-16,3,3,CS_RANK,M0,PERMUTED,10,0.454340312221,7,0.5,0.0439285714286,0.0439285714286,0,2026-06-16,29,2026-06-15,CAPABILITY_SCREEN_ONLY
002515_2026-06-17,002515,2026-06-17,2,2,CS_RANK,M0,PERMUTED,10,0.535838020205,1,0.911764705882,0.165371809101,0.07,1,2026-06-17,30,2026-06-16,CAPABILITY_SCREEN_ONLY
002585_2026-06-17,002585,2026-06-17,2,2,CS_RANK,M0,PERMUTED,10,0.530327254077,2,0.0882352941176,0.0378634212306,0.0378634212306,0,2026-06-17,30,2026-06-16,CAPABILITY_SCREEN_ONLY
603256_2026-06-17,603256,2026-06-17,2,2,CS_RANK,M0,PERMUTED,10,0.529005409995,3,0.676470588235,0.12002451982,0.07,1,2026-06-17,30,2026-06-16,CAPABILITY_SCREEN_ONLY
600549_2026-06-17,600549,2026-06-17,2,2,CS_RANK,M0,PERMUTED,10,0.526490737613,4,0.970588235294,0.209677419355,0.07,1,2026-06-17,30,2026-06-16,CAPABILITY_SCREEN_ONLY
002851_2026-06-17,002851,2026-06-17,2,2,CS_RANK,M0,PERMUTED,10,0.524121941041,5,0.441176470588,0.0721357850071,0.07,1,2026-06-17,30,2026-06-16,CAPABILITY_SCREEN_ONLY
002824_2026-06-17,002824,2026-06-17,2,2,CS_RANK,M0,PERMUTED,10,0.523630760431,6,0.852941176471,0.144943820225,0.07,1,2026-06-17,30,2026-06-16,CAPABILITY_SCREEN_ONLY
605289_2026-06-17,605289,2026-06-17,2,2,CS_RANK,M0,PERMUTED,10,0.515851515398,7,0.264705882353,0.065543071161,0.065543071161,0,2026-06-17,30,2026-06-16,CAPABILITY_SCREEN_ONLY
002990_2026-06-17,002990,2026-06-17,2,2,CS_RANK,M0,PERMUTED,10,0.515587547645,8,0.558823529412,0.0859687386405,0.07,1,2026-06-17,30,2026-06-16,CAPABILITY_SCREEN_ONLY
002552_2026-06-17,002552,2026-06-17,2,2,CS_RANK,M0,PERMUTED,10,0.513149131681,9,0.735294117647,0.136402877698,0.07,1,2026-06-17,30,2026-06-16,CAPABILITY_SCREEN_ONLY
600703_2026-06-17,600703,2026-06-17,2,2,CS_RANK,M0,PERMUTED,10,0.504000225571,10,0.617647058824,0.0892151326934,0.07,1,2026-06-17,30,2026-06-16,CAPABILITY_SCREEN_ONLY
603516_2026-06-17,603516,2026-06-17,2,2,CS_RANK,M0,PERMUTED,10,0.498141589101,11,0.323529411765,0.0701068927387,0.07,1,2026-06-17,30,2026-06-16,CAPABILITY_SCREEN_ONLY
600545_2026-06-17,600545,2026-06-17,2,2,CS_RANK,M0,PERMUTED,10,0.491066540259,12,0.794117647059,0.142857142857,0.07,1,2026-06-17,30,2026-06-16,CAPABILITY_SCREEN_ONLY
601179_2026-06-17,601179,2026-06-17,2,2,CS_RANK,M0,PERMUTED,10,0.484059178525,13,0.382352941176,0.0707908163265,0.07,1,2026-06-17,30,2026-06-16,CAPABILITY_SCREEN_ONLY
002806_2026-06-17,002806,2026-06-17,2,2,CS_RANK,M0,PERMUTED,10,0.482295514162,14,0.147058823529,0.0405727923628,0.0405727923628,0,2026-06-17,30,2026-06-16,CAPABILITY_SCREEN_ONLY
603045_2026-06-17,603045,2026-06-17,2,2,CS_RANK,M0,PERMUTED,10,0.480592562564,15,0.205882352941,0.0585868150077,0.0585868150077,0,2026-06-17,30,2026-06-16,CAPABILITY_SCREEN_ONLY
605198_2026-06-17,605198,2026-06-17,3,3,CS_RANK,M0,PERMUTED,10,0.480164439063,16,0.0294117647059,-0.0212765957447,-0.0212765957447,0,2026-06-17,30,2026-06-16,CAPABILITY_SCREEN_ONLY
002051_2026-06-17,002051,2026-06-17,2,2,CS_RANK,M0,PERMUTED,10,0.479011914758,17,0.5,0.0827974276527,0.07,1,2026-06-17,30,2026-06-16,CAPABILITY_SCREEN_ONLY
000679_2026-06-18,000679,2026-06-18,2,2,CS_RANK,M0,PERMUTED,10,0.5267759435,1,0.566666666667,0.0197889182058,0.0197889182058,0,2026-06-18,31,2026-06-17,CAPABILITY_SCREEN_ONLY
002484_2026-06-18,002484,2026-06-18,2,2,CS_RANK,M0,PERMUTED,10,0.518839415116,2,0.0333333333333,-0.0501659904094,-0.0501659904094,0,2026-06-18,31,2026-06-17,CAPABILITY_SCREEN_ONLY
600186_2026-06-18,600186,2026-06-18,2,2,CS_RANK,M0,PERMUTED,10,0.513757363287,3,0.7,0.0350515463918,0.0350515463918,0,2026-06-18,31,2026-06-17,CAPABILITY_SCREEN_ONLY
603773_2026-06-18,603773,2026-06-18,2,2,CS_RANK,M0,PERMUTED,10,0.496360725661,4,0.833333333333,0.0675738274464,0.0675738274464,0,2026-06-18,31,2026-06-17,CAPABILITY_SCREEN_ONLY
600192_2026-06-18,600192,2026-06-18,2,2,CS_RANK,M0,PERMUTED,10,0.490956927259,5,0.3,0.00126742712294,0.00126742712294,0,2026-06-18,31,2026-06-17,CAPABILITY_SCREEN_ONLY
600615_2026-06-18,600615,2026-06-18,2,2,CS_RANK,M0,PERMUTED,10,0.484274511978,6,0.233333333333,-0.00570342205323,-0.00570342205323,0,2026-06-18,31,2026-06-17,CAPABILITY_SCREEN_ONLY
600707_2026-06-18,600707,2026-06-18,2,2,CS_RANK,M0,PERMUTED,10,0.482430494274,7,0.9,0.109845402766,0.07,1,2026-06-18,31,2026-06-17,CAPABILITY_SCREEN_ONLY
600110_2026-06-18,600110,2026-06-18,3,3,CS_RANK,M0,PERMUTED,10,0.469541953773,8,0.1,-0.0444572748268,-0.0444572748268,0,2026-06-18,31,2026-06-17,CAPABILITY_SCREEN_ONLY
603186_2026-06-18,603186,2026-06-18,3,3,CS_RANK,M0,PERMUTED,10,0.468151790469,9,0.766666666667,0.0454831800428,0.0454831800428,0,2026-06-18,31,2026-06-17,CAPABILITY_SCREEN_ONLY
002741_2026-06-18,002741,2026-06-18,3,3,CS_RANK,M0,PERMUTED,10,0.457211524207,10,0.166666666667,-0.0204131227217,-0.0204131227217,0,2026-06-18,31,2026-06-17,CAPABILITY_SCREEN_ONLY
603002_2026-06-18,603002,2026-06-18,3,3,CS_RANK,M0,PERMUTED,10,0.448816253482,11,0.966666666667,0.117920540997,0.07,1,2026-06-18,31,2026-06-17,CAPABILITY_SCREEN_ONLY
601636_2026-06-18,601636,2026-06-18,3,3,CS_RANK,M0,PERMUTED,10,0.446954099335,12,0.366666666667,0.0048309178744,0.0048309178744,0,2026-06-18,31,2026-06-17,CAPABILITY_SCREEN_ONLY
603115_2026-06-18,603115,2026-06-18,3,3,CS_RANK,M0,PERMUTED,10,0.442403407978,13,0.633333333333,0.0322945682451,0.0322945682451,0,2026-06-18,31,2026-06-17,CAPABILITY_SCREEN_ONLY
002080_2026-06-18,002080,2026-06-18,3,3,CS_RANK,M0,PERMUTED,10,0.437292462381,14,0.5,0.0197681513118,0.0197681513118,0,2026-06-18,31,2026-06-17,CAPABILITY_SCREEN_ONLY
000777_2026-06-18,000777,2026-06-18,3,3,CS_RANK,M0,PERMUTED,10,0.416699908386,15,0.433333333333,0.0143464399575,0.0143464399575,0,2026-06-18,31,2026-06-17,CAPABILITY_SCREEN_ONLY
002491_2026-06-22,002491,2026-06-22,2,2,CS_RANK,M0,PERMUTED,10,0.537013830885,1,0.5,0.0711188204683,0.07,1,2026-06-22,32,2026-06-18,CAPABILITY_SCREEN_ONLY
603261_2026-06-22,603261,2026-06-22,2,2,CS_RANK,M0,PERMUTED,10,0.521160977588,2,0.928571428571,0.193737328227,0.07,1,2026-06-22,32,2026-06-18,CAPABILITY_SCREEN_ONLY
001339_2026-06-22,001339,2026-06-22,2,2,CS_RANK,M0,PERMUTED,10,0.511143231139,3,0.357142857143,0.0626988437961,0.0626988437961,0,2026-06-22,32,2026-06-18,CAPABILITY_SCREEN_ONLY
002579_2026-06-22,002579,2026-06-22,2,2,CS_RANK,M0,PERMUTED,10,0.495329912845,4,0.0714285714286,-0.0383309073265,-0.0383309073265,0,2026-06-22,32,2026-06-18,CAPABILITY_SCREEN_ONLY
603324_2026-06-22,603324,2026-06-22,2,2,CS_RANK,M0,PERMUTED,10,0.486107427553,5,0.785714285714,0.106767652089,0.07,1,2026-06-22,32,2026-06-18,CAPABILITY_SCREEN_ONLY
002989_2026-06-22,002989,2026-06-22,3,3,CS_RANK,M0,PERMUTED,10,0.456133513506,6,0.214285714286,0.0214190093708,0.0214190093708,0,2026-06-22,32,2026-06-18,CAPABILITY_SCREEN_ONLY
002141_2026-06-22,002141,2026-06-22,3,3,CS_RANK,M0,PERMUTED,10,0.435718240651,7,0.642857142857,0.0746268656716,0.07,1,2026-06-22,32,2026-06-18,CAPABILITY_SCREEN_ONLY
002297_2026-06-23,002297,2026-06-23,2,2,CS_RANK,M0,PERMUTED,10,0.538633555451,1,0.892857142857,0.132492113565,0.07,1,2026-06-23,33,2026-06-22,CAPABILITY_SCREEN_ONLY
603082_2026-06-23,603082,2026-06-23,2,2,CS_RANK,M0,PERMUTED,10,0.533016148278,2,0.107142857143,0.0208955223881,0.0208955223881,0,2026-06-23,33,2026-06-22,CAPABILITY_SCREEN_ONLY
002655_2026-06-23,002655,2026-06-23,2,2,CS_RANK,M0,PERMUTED,10,0.52414224803,3,0.821428571429,0.112807463953,0.07,1,2026-06-23,33,2026-06-22,CAPABILITY_SCREEN_ONLY
002805_2026-06-23,002805,2026-06-23,2,2,CS_RANK,M0,PERMUTED,10,0.516885878414,4,0.321428571429,0.0302405498282,0.0302405498282,0,2026-06-23,33,2026-06-22,CAPABILITY_SCREEN_ONLY
600769_2026-06-23,600769,2026-06-23,2,2,CS_RANK,M0,PERMUTED,10,0.514874189103,5,0.0357142857143,0.00775547445255,0.00775547445255,0,2026-06-23,33,2026-06-22,CAPABILITY_SCREEN_ONLY
000657_2026-06-23,000657,2026-06-23,2,2,CS_RANK,M0,PERMUTED,10,0.509618582331,6,0.607142857143,0.0773082315241,0.07,1,2026-06-23,33,2026-06-22,CAPABILITY_SCREEN_ONLY
603663_2026-06-23,603663,2026-06-23,2,2,CS_RANK,M0,PERMUTED,10,0.508726889922,7,0.25,0.0294117647059,0.0294117647059,0,2026-06-23,33,2026-06-22,CAPABILITY_SCREEN_ONLY
003031_2026-06-23,003031,2026-06-23,2,2,CS_RANK,M0,PERMUTED,10,0.508563293522,8,0.464285714286,0.0645161290323,0.0645161290323,0,2026-06-23,33,2026-06-22,CAPABILITY_SCREEN_ONLY
002842_2026-06-23,002842,2026-06-23,2,2,CS_RANK,M0,PERMUTED,10,0.507782378502,9,0.678571428571,0.0887335874629,0.07,1,2026-06-23,33,2026-06-22,CAPABILITY_SCREEN_ONLY
600162_2026-06-23,600162,2026-06-23,2,2,CS_RANK,M0,PERMUTED,10,0.507096332982,10,0.535714285714,0.0704960835509,0.07,1,2026-06-23,33,2026-06-22,CAPABILITY_SCREEN_ONLY
001296_2026-06-23,001296,2026-06-23,2,2,CS_RANK,M0,PERMUTED,10,0.502030286624,11,0.178571428571,0.0229293401965,0.0229293401965,0,2026-06-23,33,2026-06-22,CAPABILITY_SCREEN_ONLY
603380_2026-06-23,603380,2026-06-23,2,2,CS_RANK,M0,PERMUTED,10,0.494296137193,12,0.75,0.108924806746,0.07,1,2026-06-23,33,2026-06-22,CAPABILITY_SCREEN_ONLY
002354_2026-06-23,002354,2026-06-23,2,2,CS_RANK,M0,PERMUTED,10,0.486659943367,13,0.392857142857,0.0438489646772,0.0438489646772,0,2026-06-23,33,2026-06-22,CAPABILITY_SCREEN_ONLY
000811_2026-06-23,000811,2026-06-23,3,3,CS_RANK,M0,PERMUTED,10,0.438290711368,14,0.964285714286,0.219968087531,0.07,1,2026-06-23,33,2026-06-22,CAPABILITY_SCREEN_ONLY
600172_2026-06-24,600172,2026-06-24,2,2,CS_RANK,M0,PERMUTED,10,0.530425803119,1,0.7,0.0564468211527,0.0564468211527,0,2026-06-24,34,2026-06-23,CAPABILITY_SCREEN_ONLY
000070_2026-06-24,000070,2026-06-24,2,2,CS_RANK,M0,PERMUTED,10,0.524800890433,2,0.233333333333,-0.0225029609159,-0.0225029609159,0,2026-06-24,34,2026-06-23,CAPABILITY_SCREEN_ONLY
601869_2026-06-24,601869,2026-06-24,2,2,CS_RANK,M0,PERMUTED,10,0.520846377221,3,0.166666666667,-0.0267558528428,-0.0267558528428,0,2026-06-24,34,2026-06-23,CAPABILITY_SCREEN_ONLY
603757_2026-06-24,603757,2026-06-24,2,2,CS_RANK,M0,PERMUTED,10,0.520781639983,4,0.633333333333,0.0516980613227,0.0516980613227,0,2026-06-24,34,2026-06-23,CAPABILITY_SCREEN_ONLY
000783_2026-06-24,000783,2026-06-24,2,2,CS_RANK,M0,PERMUTED,10,0.515498431697,5,0.9,0.091103965702,0.07,1,2026-06-24,34,2026-06-23,CAPABILITY_SCREEN_ONLY
600470_2026-06-24,600470,2026-06-24,2,2,CS_RANK,M0,PERMUTED,10,0.513130926901,6,0.5,0.0189873417722,0.0189873417722,0,2026-06-24,34,2026-06-23,CAPABILITY_SCREEN_ONLY
000571_2026-06-24,000571,2026-06-24,2,2,CS_RANK,M0,PERMUTED,10,0.512744366716,7,0.833333333333,0.079674796748,0.07,1,2026-06-24,34,2026-06-23,CAPABILITY_SCREEN_ONLY
002830_2026-06-24,002830,2026-06-24,2,2,CS_RANK,M0,PERMUTED,10,0.504100659611,8,0.1,-0.0324971493729,-0.0324971493729,0,2026-06-24,34,2026-06-23,CAPABILITY_SCREEN_ONLY
605580_2026-06-24,605580,2026-06-24,2,2,CS_RANK,M0,PERMUTED,10,0.501643082556,9,0.366666666667,-0.00604026845638,-0.00604026845638,0,2026-06-24,34,2026-06-23,CAPABILITY_SCREEN_ONLY
605377_2026-06-24,605377,2026-06-24,2,2,CS_RANK,M0,PERMUTED,10,0.50027764727,10,0.3,-0.0173913043478,-0.0173913043478,0,2026-06-24,34,2026-06-23,CAPABILITY_SCREEN_ONLY
600400_2026-06-24,600400,2026-06-24,2,2,CS_RANK,M0,PERMUTED,10,0.496363992561,11,0.966666666667,0.100323624595,0.07,1,2026-06-24,34,2026-06-23,CAPABILITY_SCREEN_ONLY
600322_2026-06-24,600322,2026-06-24,2,2,CS_RANK,M0,PERMUTED,10,0.488830298411,12,0.433333333333,0.0181818181818,0.0181818181818,0,2026-06-24,34,2026-06-23,CAPABILITY_SCREEN_ONLY
002672_2026-06-24,002672,2026-06-24,2,2,CS_RANK,M0,PERMUTED,10,0.488563234644,13,0.566666666667,0.0512129380054,0.0512129380054,0,2026-06-24,34,2026-06-23,CAPABILITY_SCREEN_ONLY
600851_2026-06-24,600851,2026-06-24,3,3,CS_RANK,M0,PERMUTED,10,0.473515672014,14,0.0333333333333,-0.036815920398,-0.036815920398,0,2026-06-24,34,2026-06-23,CAPABILITY_SCREEN_ONLY
002068_2026-06-24,002068,2026-06-24,3,3,CS_RANK,M0,PERMUTED,10,0.443705685044,15,0.766666666667,0.0647138964578,0.0647138964578,0,2026-06-24,34,2026-06-23,CAPABILITY_SCREEN_ONLY
600909_2026-06-25,600909,2026-06-25,2,2,CS_RANK,M0,PERMUTED,10,0.522311812843,1,0.611111111111,0.07,0.07,1,2026-06-25,35,2026-06-24,CAPABILITY_SCREEN_ONLY
002631_2026-06-25,002631,2026-06-25,2,2,CS_RANK,M0,PERMUTED,10,0.515911145653,2,0.5,0.0383838383838,0.0383838383838,0,2026-06-25,35,2026-06-24,CAPABILITY_SCREEN_ONLY
600379_2026-06-25,600379,2026-06-25,2,2,CS_RANK,M0,PERMUTED,10,0.514372396863,3,0.166666666667,-0.0113182423435,-0.0113182423435,0,2026-06-25,35,2026-06-24,CAPABILITY_SCREEN_ONLY
000566_2026-06-25,000566,2026-06-25,2,2,CS_RANK,M0,PERMUTED,10,0.509271005314,4,0.277777777778,-0.0021978021978,-0.0021978021978,0,2026-06-25,35,2026-06-24,CAPABILITY_SCREEN_ONLY
002584_2026-06-25,002584,2026-06-25,2,2,CS_RANK,M0,PERMUTED,10,0.508621666178,5,0.388888888889,0.0383064516129,0.0383064516129,0,2026-06-25,35,2026-06-24,CAPABILITY_SCREEN_ONLY
002580_2026-06-25,002580,2026-06-25,2,2,CS_RANK,M0,PERMUTED,10,0.504339985184,6,0.0555555555556,-0.12269446672,-0.12269446672,0,2026-06-25,35,2026-06-24,CAPABILITY_SCREEN_ONLY
002687_2026-06-25,002687,2026-06-25,2,2,CS_RANK,M0,PERMUTED,10,0.490122848056,7,0.833333333333,0.134703196347,0.07,1,2026-06-25,35,2026-06-24,CAPABILITY_SCREEN_ONLY
605069_2026-06-25,605069,2026-06-25,3,3,CS_RANK,M0,PERMUTED,10,0.45251785414,8,0.722222222222,0.108333333333,0.07,1,2026-06-25,35,2026-06-24,CAPABILITY_SCREEN_ONLY
603938_2026-06-25,603938,2026-06-25,3,3,CS_RANK,M0,PERMUTED,10,0.446664356006,9,0.944444444444,0.174225028703,0.07,1,2026-06-25,35,2026-06-24,CAPABILITY_SCREEN_ONLY
603989_2026-06-26,603989,2026-06-26,2,2,CS_RANK,M0,PERMUTED,10,0.541979758746,1,0.208333333333,-0.0419642857143,-0.0419642857143,0,2026-06-26,36,2026-06-25,CAPABILITY_SCREEN_ONLY
600141_2026-06-26,600141,2026-06-26,2,2,CS_RANK,M0,PERMUTED,10,0.533571823091,2,0.125,-0.0441767068273,-0.0441767068273,0,2026-06-26,36,2026-06-25,CAPABILITY_SCREEN_ONLY
600667_2026-06-26,600667,2026-06-26,2,2,CS_RANK,M0,PERMUTED,10,0.528896722478,3,0.708333333333,0.0668103448276,0.0668103448276,0,2026-06-26,36,2026-06-25,CAPABILITY_SCREEN_ONLY
002990_2026-06-26,002990,2026-06-26,2,2,CS_RANK,M0,PERMUTED,10,0.525888962119,4,0.958333333333,0.086383601757,0.07,1,2026-06-26,36,2026-06-25,CAPABILITY_SCREEN_ONLY
600584_2026-06-26,600584,2026-06-26,2,2,CS_RANK,M0,PERMUTED,10,0.513382873075,5,0.458333333333,0.0200970873786,0.0200970873786,0,2026-06-26,36,2026-06-25,CAPABILITY_SCREEN_ONLY
002254_2026-06-26,002254,2026-06-26,2,2,CS_RANK,M0,PERMUTED,10,0.513019134197,6,0.375,-0.025974025974,-0.025974025974,0,2026-06-26,36,2026-06-25,CAPABILITY_SCREEN_ONLY
603713_2026-06-26,603713,2026-06-26,2,2,CS_RANK,M0,PERMUTED,10,0.510094187892,7,0.291666666667,-0.0293809024134,-0.0293809024134,0,2026-06-26,36,2026-06-25,CAPABILITY_SCREEN_ONLY
603929_2026-06-26,603929,2026-06-26,2,2,CS_RANK,M0,PERMUTED,10,0.507344419555,8,0.625,0.0476785648642,0.0476785648642,0,2026-06-26,36,2026-06-25,CAPABILITY_SCREEN_ONLY
002080_2026-06-26,002080,2026-06-26,2,2,CS_RANK,M0,PERMUTED,10,0.503293220794,9,0.0416666666667,-0.0525252525253,-0.0525252525253,0,2026-06-26,36,2026-06-25,CAPABILITY_SCREEN_ONLY
603678_2026-06-26,603678,2026-06-26,2,2,CS_RANK,M0,PERMUTED,10,0.498228339748,10,0.541666666667,0.0416001963431,0.0416001963431,0,2026-06-26,36,2026-06-25,CAPABILITY_SCREEN_ONLY
000818_2026-06-26,000818,2026-06-26,2,2,CS_RANK,M0,PERMUTED,10,0.488212901606,11,0.875,0.0779510022272,0.07,1,2026-06-26,36,2026-06-25,CAPABILITY_SCREEN_ONLY
002025_2026-06-26,002025,2026-06-26,2,2,CS_RANK,M0,PERMUTED,10,0.48053436173,12,0.791666666667,0.0701369863014,0.07,1,2026-06-26,36,2026-06-25,CAPABILITY_SCREEN_ONLY
600962_2026-06-29,600962,2026-06-29,2,2,CS_RANK,M0,PERMUTED,10,0.520077070518,1,0.5,0.0751028806584,0.07,1,2026-06-29,37,2026-06-26,CAPABILITY_SCREEN_ONLY
002141_2026-06-29,002141,2026-06-29,2,2,CS_RANK,M0,PERMUTED,10,0.51385411374,2,0.3,0.0196078431373,0.0196078431373,0,2026-06-29,37,2026-06-26,CAPABILITY_SCREEN_ONLY
002965_2026-06-29,002965,2026-06-29,2,2,CS_RANK,M0,PERMUTED,10,0.504734325524,3,0.9,0.100767366721,0.07,1,2026-06-29,37,2026-06-26,CAPABILITY_SCREEN_ONLY
600228_2026-06-29,600228,2026-06-29,3,3,CS_RANK,M0,PERMUTED,10,0.445679983346,4,0.1,-0.0793172690763,-0.0793172690763,0,2026-06-29,37,2026-06-26,CAPABILITY_SCREEN_ONLY
000823_2026-06-29,000823,2026-06-29,3,3,CS_RANK,M0,PERMUTED,10,0.433903008259,5,0.7,0.0925280681378,0.07,1,2026-06-29,37,2026-06-26,CAPABILITY_SCREEN_ONLY
603155_2026-06-30,603155,2026-06-30,2,2,CS_RANK,M0,PERMUTED,10,0.524887193752,1,0.928571428571,0.112028725314,0.07,1,2026-06-30,38,2026-06-29,CAPABILITY_SCREEN_ONLY
603163_2026-06-30,603163,2026-06-30,2,2,CS_RANK,M0,PERMUTED,10,0.516156899612,2,0.214285714286,-0.0287162162162,-0.0287162162162,0,2026-06-30,38,2026-06-29,CAPABILITY_SCREEN_ONLY
601133_2026-06-30,601133,2026-06-30,2,2,CS_RANK,M0,PERMUTED,10,0.504821936748,3,0.0714285714286,-0.0627906976744,-0.0627906976744,0,2026-06-30,38,2026-06-29,CAPABILITY_SCREEN_ONLY
603650_2026-06-30,603650,2026-06-30,2,2,CS_RANK,M0,PERMUTED,10,0.503884059003,4,0.785714285714,0.0474406991261,0.0474406991261,0,2026-06-30,38,2026-06-29,CAPABILITY_SCREEN_ONLY
002180_2026-06-30,002180,2026-06-30,2,2,CS_RANK,M0,PERMUTED,10,0.501163709574,5,0.357142857143,0.019452887538,0.019452887538,0,2026-06-30,38,2026-06-29,CAPABILITY_SCREEN_ONLY
002568_2026-06-30,002568,2026-06-30,2,2,CS_RANK,M0,PERMUTED,10,0.487587136379,6,0.642857142857,0.0430678466077,0.0430678466077,0,2026-06-30,38,2026-06-29,CAPABILITY_SCREEN_ONLY
603956_2026-06-30,603956,2026-06-30,3,3,CS_RANK,M0,PERMUTED,10,0.474343371124,7,0.5,0.0395387149918,0.0395387149918,0,2026-06-30,38,2026-06-29,CAPABILITY_SCREEN_ONLY
002208_2026-05-20,002208,2026-05-20,2,2,CS_RANK,M1,PERMUTED,10,0.542165810465,1,0.05,-0.0725490196078,-0.0725490196078,0,2026-05-20,10,2026-05-19,CAPABILITY_SCREEN_ONLY
603115_2026-05-20,603115,2026-05-20,2,2,CS_RANK,M1,PERMUTED,10,0.538327680983,2,0.95,0.205409887035,0.07,1,2026-05-20,10,2026-05-19,CAPABILITY_SCREEN_ONLY
600903_2026-05-20,600903,2026-05-20,2,2,CS_RANK,M1,PERMUTED,10,0.51480352932,3,0.75,0.145317545748,0.07,1,2026-05-20,10,2026-05-19,CAPABILITY_SCREEN_ONLY
603989_2026-05-20,603989,2026-05-20,2,2,CS_RANK,M1,PERMUTED,10,0.511248913647,4,0.65,0.11015625,0.07,1,2026-05-20,10,2026-05-19,CAPABILITY_SCREEN_ONLY
002552_2026-05-20,002552,2026-05-20,2,2,CS_RANK,M1,PERMUTED,10,0.504394424315,5,0.55,0.0844226579521,0.07,1,2026-05-20,10,2026-05-19,CAPABILITY_SCREEN_ONLY
605218_2026-05-20,605218,2026-05-20,2,2,CS_RANK,M1,PERMUTED,10,0.498786682281,6,0.15,-0.0201499531396,-0.0201499531396,0,2026-05-20,10,2026-05-19,CAPABILITY_SCREEN_ONLY
600850_2026-05-20,600850,2026-05-20,2,2,CS_RANK,M1,PERMUTED,10,0.496085711039,7,0.45,0.038338658147,0.038338658147,0,2026-05-20,10,2026-05-19,CAPABILITY_SCREEN_ONLY
600758_2026-05-20,600758,2026-05-20,2,2,CS_RANK,M1,PERMUTED,10,0.486265843419,8,0.35,0.0168067226891,0.0168067226891,0,2026-05-20,10,2026-05-19,CAPABILITY_SCREEN_ONLY
603206_2026-05-20,603206,2026-05-20,2,2,CS_RANK,M1,PERMUTED,10,0.481772067065,9,0.25,-0.00410888546482,-0.00410888546482,0,2026-05-20,10,2026-05-19,CAPABILITY_SCREEN_ONLY
603311_2026-05-20,603311,2026-05-20,3,3,CS_RANK,M1,PERMUTED,10,0.461364919778,10,0.85,0.172352523099,0.07,1,2026-05-20,10,2026-05-19,CAPABILITY_SCREEN_ONLY
605288_2026-05-21,605288,2026-05-21,2,2,CS_RANK,M1,PERMUTED,10,0.537787150087,1,0.416666666667,0.0422794117647,0.0422794117647,0,2026-05-21,11,2026-05-20,CAPABILITY_SCREEN_ONLY
600563_2026-05-21,600563,2026-05-21,2,2,CS_RANK,M1,PERMUTED,10,0.50127427229,2,0.916666666667,0.103625,0.07,1,2026-05-21,11,2026-05-20,CAPABILITY_SCREEN_ONLY
002782_2026-05-21,002782,2026-05-21,2,2,CS_RANK,M1,PERMUTED,10,0.485808639981,3,0.25,0.039652173913,0.039652173913,0,2026-05-21,11,2026-05-20,CAPABILITY_SCREEN_ONLY
603938_2026-05-21,603938,2026-05-21,3,3,CS_RANK,M1,PERMUTED,10,0.481542795528,4,0.0833333333333,-0.0416666666667,-0.0416666666667,0,2026-05-21,11,2026-05-20,CAPABILITY_SCREEN_ONLY
000417_2026-05-21,000417,2026-05-21,3,3,CS_RANK,M1,PERMUTED,10,0.475766203978,5,0.75,0.101020408163,0.07,1,2026-05-21,11,2026-05-20,CAPABILITY_SCREEN_ONLY
002272_2026-05-21,002272,2026-05-21,3,3,CS_RANK,M1,PERMUTED,10,0.454526176267,6,0.583333333333,0.0904325032765,0.07,1,2026-05-21,11,2026-05-20,CAPABILITY_SCREEN_ONLY
003004_2026-05-22,003004,2026-05-22,2,2,CS_RANK,M1,PERMUTED,10,0.509064443715,1,0.5,0.126801152738,0.07,1,2026-05-22,12,2026-05-21,CAPABILITY_SCREEN_ONLY
000725_2026-05-25,000725,2026-05-25,2,2,CS_RANK,M1,PERMUTED,10,0.552388769321,1,0.9375,0.166666666667,0.07,1,2026-05-25,13,2026-05-22,CAPABILITY_SCREEN_ONLY
000012_2026-05-25,000012,2026-05-25,2,2,CS_RANK,M1,PERMUTED,10,0.544322079433,2,0.8125,0.0617848970252,0.0617848970252,0,2026-05-25,13,2026-05-22,CAPABILITY_SCREEN_ONLY
002036_2026-05-25,002036,2026-05-25,2,2,CS_RANK,M1,PERMUTED,10,0.513299647811,3,0.4375,0.0373563218391,0.0373563218391,0,2026-05-25,13,2026-05-22,CAPABILITY_SCREEN_ONLY
600303_2026-05-25,600303,2026-05-25,2,2,CS_RANK,M1,PERMUTED,10,0.503139838221,4,0.3125,0.00546448087432,0.00546448087432,0,2026-05-25,13,2026-05-22,CAPABILITY_SCREEN_ONLY
600611_2026-05-25,600611,2026-05-25,3,3,CS_RANK,M1,PERMUTED,10,0.479469700925,5,0.0625,-0.0594227504244,-0.0594227504244,0,2026-05-25,13,2026-05-22,CAPABILITY_SCREEN_ONLY
001225_2026-05-25,001225,2026-05-25,2,2,CS_RANK,M1,PERMUTED,10,0.476487140415,6,0.6875,0.0492430833478,0.0492430833478,0,2026-05-25,13,2026-05-22,CAPABILITY_SCREEN_ONLY
002931_2026-05-25,002931,2026-05-25,2,2,CS_RANK,M1,PERMUTED,10,0.47030232012,7,0.5625,0.0478995504573,0.0478995504573,0,2026-05-25,13,2026-05-22,CAPABILITY_SCREEN_ONLY
002442_2026-05-25,002442,2026-05-25,3,3,CS_RANK,M1,PERMUTED,10,0.439569554351,8,0.1875,0.00251256281407,0.00251256281407,0,2026-05-25,13,2026-05-22,CAPABILITY_SCREEN_ONLY
603256_2026-05-26,603256,2026-05-26,2,2,CS_RANK,M1,PERMUTED,10,0.541256872703,1,0.75,0.0785286103542,0.07,1,2026-05-26,14,2026-05-25,CAPABILITY_SCREEN_ONLY
603936_2026-05-26,603936,2026-05-26,2,2,CS_RANK,M1,PERMUTED,10,0.540302019484,2,0.361111111111,0.00308641975309,0.00308641975309,0,2026-05-26,14,2026-05-25,CAPABILITY_SCREEN_ONLY
603663_2026-05-26,603663,2026-05-26,2,2,CS_RANK,M1,PERMUTED,10,0.538148648337,3,0.861111111111,0.123469387755,0.07,1,2026-05-26,14,2026-05-25,CAPABILITY_SCREEN_ONLY
002432_2026-05-26,002432,2026-05-26,2,2,CS_RANK,M1,PERMUTED,10,0.535564782993,4,0.138888888889,-0.0606593406593,-0.0606593406593,0,2026-05-26,14,2026-05-25,CAPABILITY_SCREEN_ONLY
600234_2026-05-26,600234,2026-05-26,2,2,CS_RANK,M1,PERMUTED,10,0.529765907501,5,0.0833333333333,-0.0880968392737,-0.0880968392737,0,2026-05-26,14,2026-05-25,CAPABILITY_SCREEN_ONLY
000636_2026-05-26,000636,2026-05-26,2,2,CS_RANK,M1,PERMUTED,10,0.529541045579,6,0.972222222222,0.158095238095,0.07,1,2026-05-26,14,2026-05-25,CAPABILITY_SCREEN_ONLY
605580_2026-05-26,605580,2026-05-26,2,2,CS_RANK,M1,PERMUTED,10,0.527261442861,7,0.916666666667,0.1272,0.07,1,2026-05-26,14,2026-05-25,CAPABILITY_SCREEN_ONLY
002741_2026-05-26,002741,2026-05-26,2,2,CS_RANK,M1,PERMUTED,10,0.519396902387,8,0.805555555556,0.120460266091,0.07,1,2026-05-26,14,2026-05-25,CAPABILITY_SCREEN_ONLY
002938_2026-05-26,002938,2026-05-26,2,2,CS_RANK,M1,PERMUTED,10,0.515936468793,9,0.194444444444,-0.0224137931034,-0.0224137931034,0,2026-05-26,14,2026-05-25,CAPABILITY_SCREEN_ONLY
600186_2026-05-26,600186,2026-05-26,2,2,CS_RANK,M1,PERMUTED,10,0.514770719687,10,0.0277777777778,-0.12433661865,-0.12433661865,0,2026-05-26,14,2026-05-25,CAPABILITY_SCREEN_ONLY
600539_2026-05-26,600539,2026-05-26,2,2,CS_RANK,M1,PERMUTED,10,0.494898241465,11,0.416666666667,0.0260869565217,0.0260869565217,0,2026-05-26,14,2026-05-25,CAPABILITY_SCREEN_ONLY
603001_2026-05-26,603001,2026-05-26,2,2,CS_RANK,M1,PERMUTED,10,0.492421179961,12,0.305555555556,0.000943396226415,0.000943396226415,0,2026-05-26,14,2026-05-25,CAPABILITY_SCREEN_ONLY
002421_2026-05-26,002421,2026-05-26,2,2,CS_RANK,M1,PERMUTED,10,0.488468000193,13,0.583333333333,0.0553191489362,0.0553191489362,0,2026-05-26,14,2026-05-25,CAPABILITY_SCREEN_ONLY
600503_2026-05-26,600503,2026-05-26,2,2,CS_RANK,M1,PERMUTED,10,0.487952178097,14,0.527777777778,0.0321428571429,0.0321428571429,0,2026-05-26,14,2026-05-25,CAPABILITY_SCREEN_ONLY
002897_2026-05-26,002897,2026-05-26,2,2,CS_RANK,M1,PERMUTED,10,0.483996077716,15,0.472222222222,0.0274577102231,0.0274577102231,0,2026-05-26,14,2026-05-25,CAPABILITY_SCREEN_ONLY
002980_2026-05-26,002980,2026-05-26,2,2,CS_RANK,M1,PERMUTED,10,0.473186868966,16,0.638888888889,0.0574722997928,0.0574722997928,0,2026-05-26,14,2026-05-25,CAPABILITY_SCREEN_ONLY
002975_2026-05-26,002975,2026-05-26,2,2,CS_RANK,M1,PERMUTED,10,0.467928314624,17,0.694444444444,0.0652070442646,0.0652070442646,0,2026-05-26,14,2026-05-25,CAPABILITY_SCREEN_ONLY
603661_2026-05-26,603661,2026-05-26,3,3,CS_RANK,M1,PERMUTED,10,0.431283583761,18,0.25,-0.00778097982709,-0.00778097982709,0,2026-05-26,14,2026-05-25,CAPABILITY_SCREEN_ONLY
003036_2026-05-27,003036,2026-05-27,2,2,CS_RANK,M1,PERMUTED,10,0.575895083511,1,0.95,0.244761904762,0.07,1,2026-05-27,15,2026-05-26,CAPABILITY_SCREEN_ONLY
002185_2026-05-27,002185,2026-05-27,2,2,CS_RANK,M1,PERMUTED,10,0.548625530312,2,0.35,0.0669975186104,0.0669975186104,0,2026-05-27,15,2026-05-26,CAPABILITY_SCREEN_ONLY
002957_2026-05-27,002957,2026-05-27,2,2,CS_RANK,M1,PERMUTED,10,0.535951869157,3,0.65,0.212845673506,0.07,1,2026-05-27,15,2026-05-26,CAPABILITY_SCREEN_ONLY
600584_2026-05-27,600584,2026-05-27,2,2,CS_RANK,M1,PERMUTED,10,0.515310645295,4,0.45,0.0814359715697,0.07,1,2026-05-27,15,2026-05-26,CAPABILITY_SCREEN_ONLY
002388_2026-05-27,002388,2026-05-27,2,2,CS_RANK,M1,PERMUTED,10,0.485606669969,5,0.15,0.0187074829932,0.0187074829932,0,2026-05-27,15,2026-05-26,CAPABILITY_SCREEN_ONLY
600520_2026-05-27,600520,2026-05-27,2,2,CS_RANK,M1,PERMUTED,10,0.474880696614,6,0.25,0.0330961954841,0.0330961954841,0,2026-05-27,15,2026-05-26,CAPABILITY_SCREEN_ONLY
002552_2026-05-27,002552,2026-05-27,3,3,CS_RANK,M1,PERMUTED,10,0.462098465051,7,0.85,0.222996515679,0.07,1,2026-05-27,15,2026-05-26,CAPABILITY_SCREEN_ONLY
600172_2026-05-27,600172,2026-05-27,3,3,CS_RANK,M1,PERMUTED,10,0.439436219874,8,0.75,0.21482602118,0.07,1,2026-05-27,15,2026-05-26,CAPABILITY_SCREEN_ONLY
002585_2026-05-27,002585,2026-05-27,3,3,CS_RANK,M1,PERMUTED,10,0.438968300294,9,0.55,0.0986590038314,0.07,1,2026-05-27,15,2026-05-26,CAPABILITY_SCREEN_ONLY
000510_2026-05-27,000510,2026-05-27,3,3,CS_RANK,M1,PERMUTED,10,0.424227309527,10,0.05,0.00334821428571,0.00334821428571,0,2026-05-27,15,2026-05-26,CAPABILITY_SCREEN_ONLY
002771_2026-05-28,002771,2026-05-28,2,2,CS_RANK,M1,PERMUTED,10,0.555517253477,1,0.625,0.0943396226415,0.07,1,2026-05-28,16,2026-05-27,CAPABILITY_SCREEN_ONLY
001257_2026-05-28,001257,2026-05-28,2,2,CS_RANK,M1,PERMUTED,10,0.50518458135,2,0.125,-0.0676771237222,-0.0676771237222,0,2026-05-28,16,2026-05-27,CAPABILITY_SCREEN_ONLY
002251_2026-05-28,002251,2026-05-28,2,2,CS_RANK,M1,PERMUTED,10,0.48553609657,3,0.875,0.168539325843,0.07,1,2026-05-28,16,2026-05-27,CAPABILITY_SCREEN_ONLY
000759_2026-05-28,000759,2026-05-28,2,2,CS_RANK,M1,PERMUTED,10,0.481833546256,4,0.375,0.0771929824561,0.07,1,2026-05-28,16,2026-05-27,CAPABILITY_SCREEN_ONLY
603989_2026-05-29,603989,2026-05-29,2,2,CS_RANK,M1,PERMUTED,10,0.540105163488,1,0.166666666667,-0.0322019147084,-0.0322019147084,0,2026-05-29,17,2026-05-28,CAPABILITY_SCREEN_ONLY
603032_2026-05-29,603032,2026-05-29,2,2,CS_RANK,M1,PERMUTED,10,0.494460616121,2,0.5,0.00237812128419,0.00237812128419,0,2026-05-29,17,2026-05-28,CAPABILITY_SCREEN_ONLY
002579_2026-05-29,002579,2026-05-29,3,3,CS_RANK,M1,PERMUTED,10,0.451625029802,3,0.833333333333,0.195852534562,0.07,1,2026-05-29,17,2026-05-28,CAPABILITY_SCREEN_ONLY
000090_2026-06-01,000090,2026-06-01,2,2,CS_RANK,M1,PERMUTED,10,0.532355124945,1,0.125,-0.0263852242744,-0.0263852242744,0,2026-06-01,18,2026-05-29,CAPABILITY_SCREEN_ONLY
603324_2026-06-01,603324,2026-06-01,2,2,CS_RANK,M1,PERMUTED,10,0.521606590851,2,0.375,0.0224038752649,0.0224038752649,0,2026-06-01,18,2026-05-29,CAPABILITY_SCREEN_ONLY
600110_2026-06-01,600110,2026-06-01,2,2,CS_RANK,M1,PERMUTED,10,0.513712477042,3,0.625,0.0451559934319,0.0451559934319,0,2026-06-01,18,2026-05-29,CAPABILITY_SCREEN_ONLY
002806_2026-06-01,002806,2026-06-01,2,2,CS_RANK,M1,PERMUTED,10,0.467805246066,4,0.875,0.149321266968,0.07,1,2026-06-01,18,2026-05-29,CAPABILITY_SCREEN_ONLY
002608_2026-06-02,002608,2026-06-02,2,2,CS_RANK,M1,PERMUTED,10,0.53986867627,1,0.75,0.099,0.07,1,2026-06-02,19,2026-06-01,CAPABILITY_SCREEN_ONLY
600011_2026-06-02,600011,2026-06-02,2,2,CS_RANK,M1,PERMUTED,10,0.478989479206,2,0.25,0.0260475651189,0.0260475651189,0,2026-06-02,19,2026-06-01,CAPABILITY_SCREEN_ONLY
002404_2026-06-03,002404,2026-06-03,2,2,CS_RANK,M1,PERMUTED,10,0.557995912854,1,0.5,0.0299319727891,0.0299319727891,0,2026-06-03,20,2026-06-02,CAPABILITY_SCREEN_ONLY
001210_2026-06-03,001210,2026-06-03,2,2,CS_RANK,M1,PERMUTED,10,0.557610043708,2,0.0714285714286,-0.244557534634,-0.244557534634,0,2026-06-03,20,2026-06-02,CAPABILITY_SCREEN_ONLY
002421_2026-06-03,002421,2026-06-03,2,2,CS_RANK,M1,PERMUTED,10,0.503231898682,3,0.785714285714,0.0698151950719,0.0698151950719,0,2026-06-03,20,2026-06-02,CAPABILITY_SCREEN_ONLY
002579_2026-06-03,002579,2026-06-03,2,2,CS_RANK,M1,PERMUTED,10,0.498981424437,4,0.642857142857,0.0540254237288,0.0540254237288,0,2026-06-03,20,2026-06-02,CAPABILITY_SCREEN_ONLY
000055_2026-06-03,000055,2026-06-03,2,2,CS_RANK,M1,PERMUTED,10,0.467616538936,5,0.357142857143,0,0,0,2026-06-03,20,2026-06-02,CAPABILITY_SCREEN_ONLY
600280_2026-06-03,600280,2026-06-03,3,3,CS_RANK,M1,PERMUTED,10,0.464471176619,6,0.214285714286,-0.0125313283208,-0.0125313283208,0,2026-06-03,20,2026-06-02,CAPABILITY_SCREEN_ONLY
603045_2026-06-03,603045,2026-06-03,2,2,CS_RANK,M1,PERMUTED,10,0.461722643744,7,0.928571428571,0.154815115807,0.07,1,2026-06-03,20,2026-06-02,CAPABILITY_SCREEN_ONLY
600487_2026-06-04,600487,2026-06-04,2,2,CS_RANK,M1,PERMUTED,10,0.557184651937,1,0.916666666667,0.0659375,0.0659375,0,2026-06-04,21,2026-06-03,CAPABILITY_SCREEN_ONLY
603311_2026-06-04,603311,2026-06-04,2,2,CS_RANK,M1,PERMUTED,10,0.525442496319,2,0.75,0.0277923439958,0.0277923439958,0,2026-06-04,21,2026-06-03,CAPABILITY_SCREEN_ONLY
000700_2026-06-04,000700,2026-06-04,2,2,CS_RANK,M1,PERMUTED,10,0.513639682893,3,0.0833333333333,-0.0651340996169,-0.0651340996169,0,2026-06-04,21,2026-06-03,CAPABILITY_SCREEN_ONLY
002137_2026-06-04,002137,2026-06-04,2,2,CS_RANK,M1,PERMUTED,10,0.512641777437,4,0.583333333333,0.0068359375,0.0068359375,0,2026-06-04,21,2026-06-03,CAPABILITY_SCREEN_ONLY
600936_2026-06-04,600936,2026-06-04,2,2,CS_RANK,M1,PERMUTED,10,0.453736581569,5,0.25,-0.0455284552846,-0.0455284552846,0,2026-06-04,21,2026-06-03,CAPABILITY_SCREEN_ONLY
600121_2026-06-04,600121,2026-06-04,3,3,CS_RANK,M1,PERMUTED,10,0.439750011824,6,0.416666666667,-0.00709219858156,-0.00709219858156,0,2026-06-04,21,2026-06-03,CAPABILITY_SCREEN_ONLY
600688_2026-06-05,600688,2026-06-05,2,2,CS_RANK,M1,PERMUTED,10,0.558327966302,1,0.416666666667,0.00302114803625,0.00302114803625,0,2026-06-05,22,2026-06-04,CAPABILITY_SCREEN_ONLY
605162_2026-06-05,605162,2026-06-05,2,2,CS_RANK,M1,PERMUTED,10,0.531578363998,2,0.0833333333333,-0.0449915110357,-0.0449915110357,0,2026-06-05,22,2026-06-04,CAPABILITY_SCREEN_ONLY
001896_2026-06-05,001896,2026-06-05,2,2,CS_RANK,M1,PERMUTED,10,0.501722744815,3,0.75,0.0850528434826,0.07,1,2026-06-05,22,2026-06-04,CAPABILITY_SCREEN_ONLY
002787_2026-06-05,002787,2026-06-05,2,2,CS_RANK,M1,PERMUTED,10,0.49627145983,4,0.583333333333,0.0670498084291,0.0670498084291,0,2026-06-05,22,2026-06-04,CAPABILITY_SCREEN_ONLY
600439_2026-06-05,600439,2026-06-05,2,2,CS_RANK,M1,PERMUTED,10,0.487444468569,5,0.25,-0.0113636363636,-0.0113636363636,0,2026-06-05,22,2026-06-04,CAPABILITY_SCREEN_ONLY
600255_2026-06-05,600255,2026-06-05,3,3,CS_RANK,M1,PERMUTED,10,0.427504819414,6,0.916666666667,0.0896551724138,0.07,1,2026-06-05,22,2026-06-04,CAPABILITY_SCREEN_ONLY
600293_2026-06-08,600293,2026-06-08,2,2,CS_RANK,M1,PERMUTED,10,0.535466857802,1,0.166666666667,-0.0172839506173,-0.0172839506173,0,2026-06-08,23,2026-06-05,CAPABILITY_SCREEN_ONLY
000520_2026-06-08,000520,2026-06-08,2,2,CS_RANK,M1,PERMUTED,10,0.517786256521,2,0.5,-0.0109409190372,-0.0109409190372,0,2026-06-08,23,2026-06-05,CAPABILITY_SCREEN_ONLY
003036_2026-06-08,003036,2026-06-08,2,2,CS_RANK,M1,PERMUTED,10,0.481064974643,3,0.833333333333,0.0681933842239,0.0681933842239,0,2026-06-08,23,2026-06-05,CAPABILITY_SCREEN_ONLY
603859_2026-06-09,603859,2026-06-09,2,2,CS_RANK,M1,PERMUTED,10,0.556025924601,1,0.833333333333,0.0640412922959,0.0640412922959,0,2026-06-09,24,2026-06-08,CAPABILITY_SCREEN_ONLY
000068_2026-06-09,000068,2026-06-09,2,2,CS_RANK,M1,PERMUTED,10,0.522081627306,2,0.166666666667,-0.0503978779841,-0.0503978779841,0,2026-06-09,24,2026-06-08,CAPABILITY_SCREEN_ONLY
002421_2026-06-09,002421,2026-06-09,2,2,CS_RANK,M1,PERMUTED,10,0.521318830487,3,0.0555555555556,-0.142105263158,-0.142105263158,0,2026-06-09,24,2026-06-08,CAPABILITY_SCREEN_ONLY
002361_2026-06-09,002361,2026-06-09,2,2,CS_RANK,M1,PERMUTED,10,0.515163583572,4,0.722222222222,0.047323943662,0.047323943662,0,2026-06-09,24,2026-06-08,CAPABILITY_SCREEN_ONLY
003009_2026-06-09,003009,2026-06-09,2,2,CS_RANK,M1,PERMUTED,10,0.505801538438,5,0.388888888889,-0.0131004366812,-0.0131004366812,0,2026-06-09,24,2026-06-08,CAPABILITY_SCREEN_ONLY
002613_2026-06-09,002613,2026-06-09,2,2,CS_RANK,M1,PERMUTED,10,0.490532272926,6,0.277777777778,-0.013698630137,-0.013698630137,0,2026-06-09,24,2026-06-08,CAPABILITY_SCREEN_ONLY
000759_2026-06-09,000759,2026-06-09,2,2,CS_RANK,M1,PERMUTED,10,0.487551592119,7,0.5,0.00649350649351,0.00649350649351,0,2026-06-09,24,2026-06-08,CAPABILITY_SCREEN_ONLY
603500_2026-06-09,603500,2026-06-09,3,3,CS_RANK,M1,PERMUTED,10,0.469035006859,8,0.944444444444,0.0936270653029,0.07,1,2026-06-09,24,2026-06-08,CAPABILITY_SCREEN_ONLY
000517_2026-06-09,000517,2026-06-09,2,2,CS_RANK,M1,PERMUTED,10,0.464603343831,9,0.611111111111,0.0147783251232,0.0147783251232,0,2026-06-09,24,2026-06-08,CAPABILITY_SCREEN_ONLY
603929_2026-06-10,603929,2026-06-10,2,2,CS_RANK,M1,PERMUTED,10,0.563424625926,1,0.642857142857,0.0850540374308,0.07,1,2026-06-10,25,2026-06-09,CAPABILITY_SCREEN_ONLY
603186_2026-06-10,603186,2026-06-10,2,2,CS_RANK,M1,PERMUTED,10,0.54994354939,2,0.785714285714,0.12896813445,0.07,1,2026-06-10,25,2026-06-09,CAPABILITY_SCREEN_ONLY
001696_2026-06-10,001696,2026-06-10,2,2,CS_RANK,M1,PERMUTED,10,0.526402932635,3,0.928571428571,0.202105263158,0.07,1,2026-06-10,25,2026-06-09,CAPABILITY_SCREEN_ONLY
002747_2026-06-10,002747,2026-06-10,2,2,CS_RANK,M1,PERMUTED,10,0.50033555516,4,0.357142857143,0.0194285714286,0.0194285714286,0,2026-06-10,25,2026-06-09,CAPABILITY_SCREEN_ONLY
603616_2026-06-10,603616,2026-06-10,2,2,CS_RANK,M1,PERMUTED,10,0.485672855221,5,0.214285714286,0.0160583941606,0.0160583941606,0,2026-06-10,25,2026-06-09,CAPABILITY_SCREEN_ONLY
002362_2026-06-10,002362,2026-06-10,2,2,CS_RANK,M1,PERMUTED,10,0.480228470813,6,0.0714285714286,-0.0082219938335,-0.0082219938335,0,2026-06-10,25,2026-06-09,CAPABILITY_SCREEN_ONLY
002254_2026-06-10,002254,2026-06-10,3,3,CS_RANK,M1,PERMUTED,10,0.402948687386,7,0.5,0.0754173862982,0.07,1,2026-06-10,25,2026-06-09,CAPABILITY_SCREEN_ONLY
605318_2026-06-11,605318,2026-06-11,2,2,CS_RANK,M1,PERMUTED,10,0.553373446508,1,0.65,0.0456747404844,0.0456747404844,0,2026-06-11,26,2026-06-10,CAPABILITY_SCREEN_ONLY
603065_2026-06-11,603065,2026-06-11,2,2,CS_RANK,M1,PERMUTED,10,0.548227852348,2,0.55,0.0286764705882,0.0286764705882,0,2026-06-11,26,2026-06-10,CAPABILITY_SCREEN_ONLY
605589_2026-06-11,605589,2026-06-11,2,2,CS_RANK,M1,PERMUTED,10,0.533008364091,3,0.85,0.0872881355932,0.07,1,2026-06-11,26,2026-06-10,CAPABILITY_SCREEN_ONLY
605006_2026-06-11,605006,2026-06-11,2,2,CS_RANK,M1,PERMUTED,10,0.530137557529,4,0.35,0.012037037037,0.012037037037,0,2026-06-11,26,2026-06-10,CAPABILITY_SCREEN_ONLY
000029_2026-06-11,000029,2026-06-11,2,2,CS_RANK,M1,PERMUTED,10,0.505299831949,5,0.25,0.0117970900511,0.0117970900511,0,2026-06-11,26,2026-06-10,CAPABILITY_SCREEN_ONLY
603002_2026-06-11,603002,2026-06-11,2,2,CS_RANK,M1,PERMUTED,10,0.501083306459,6,0.75,0.0673719376392,0.0673719376392,0,2026-06-11,26,2026-06-10,CAPABILITY_SCREEN_ONLY
002585_2026-06-11,002585,2026-06-11,2,2,CS_RANK,M1,PERMUTED,10,0.487981425309,7,0.45,0.0257648953301,0.0257648953301,0,2026-06-11,26,2026-06-10,CAPABILITY_SCREEN_ONLY
002669_2026-06-11,002669,2026-06-11,2,2,CS_RANK,M1,PERMUTED,10,0.466361089562,8,0.15,-0.00120481927711,-0.00120481927711,0,2026-06-11,26,2026-06-10,CAPABILITY_SCREEN_ONLY
002636_2026-06-11,002636,2026-06-11,3,3,CS_RANK,M1,PERMUTED,10,0.461646883835,9,0.95,0.0890098899878,0.07,1,2026-06-11,26,2026-06-10,CAPABILITY_SCREEN_ONLY
003026_2026-06-11,003026,2026-06-11,2,2,CS_RANK,M1,PERMUTED,10,0.455037017658,10,0.05,-0.0459548706659,-0.0459548706659,0,2026-06-11,26,2026-06-10,CAPABILITY_SCREEN_ONLY
002119_2026-06-12,002119,2026-06-12,2,2,CS_RANK,M1,PERMUTED,10,0.539610869549,1,0.4375,0.0543580131209,0.0543580131209,0,2026-06-12,27,2026-06-11,CAPABILITY_SCREEN_ONLY
002165_2026-06-12,002165,2026-06-12,2,2,CS_RANK,M1,PERMUTED,10,0.519391650975,2,0.5625,0.0732356857523,0.07,1,2026-06-12,27,2026-06-11,CAPABILITY_SCREEN_ONLY
600665_2026-06-12,600665,2026-06-12,2,2,CS_RANK,M1,PERMUTED,10,0.516582471566,3,0.3125,0.012987012987,0.012987012987,0,2026-06-12,27,2026-06-11,CAPABILITY_SCREEN_ONLY
600378_2026-06-12,600378,2026-06-12,2,2,CS_RANK,M1,PERMUTED,10,0.507403267348,4,0.8125,0.0784588441331,0.07,1,2026-06-12,27,2026-06-11,CAPABILITY_SCREEN_ONLY
002409_2026-06-12,002409,2026-06-12,2,2,CS_RANK,M1,PERMUTED,10,0.492684886685,5,0.6875,0.0771077107711,0.07,1,2026-06-12,27,2026-06-11,CAPABILITY_SCREEN_ONLY
603155_2026-06-12,603155,2026-06-12,2,2,CS_RANK,M1,PERMUTED,10,0.487479467731,6,0.9375,0.087962962963,0.07,1,2026-06-12,27,2026-06-11,CAPABILITY_SCREEN_ONLY
600178_2026-06-12,600178,2026-06-12,2,2,CS_RANK,M1,PERMUTED,10,0.482497809169,7,0.1875,-0.00398803589232,-0.00398803589232,0,2026-06-12,27,2026-06-11,CAPABILITY_SCREEN_ONLY
000048_2026-06-12,000048,2026-06-12,3,3,CS_RANK,M1,PERMUTED,10,0.472317744997,8,0.0625,-0.0215053763441,-0.0215053763441,0,2026-06-12,27,2026-06-11,CAPABILITY_SCREEN_ONLY
002203_2026-06-15,002203,2026-06-15,2,2,CS_RANK,M1,PERMUTED,10,0.541162793088,1,0.5,0.03625,0.03625,0,2026-06-15,28,2026-06-12,CAPABILITY_SCREEN_ONLY
600067_2026-06-15,600067,2026-06-15,2,2,CS_RANK,M1,PERMUTED,10,0.517484468542,2,0.166666666667,0.0285714285714,0.0285714285714,0,2026-06-15,28,2026-06-12,CAPABILITY_SCREEN_ONLY
603014_2026-06-15,603014,2026-06-15,2,2,CS_RANK,M1,PERMUTED,10,0.467825638086,3,0.833333333333,0.111851637207,0.07,1,2026-06-15,28,2026-06-12,CAPABILITY_SCREEN_ONLY
001359_2026-06-16,001359,2026-06-16,2,2,CS_RANK,M1,PERMUTED,10,0.540815530506,1,0.785714285714,0.120841364284,0.07,1,2026-06-16,29,2026-06-15,CAPABILITY_SCREEN_ONLY
603738_2026-06-16,603738,2026-06-16,2,2,CS_RANK,M1,PERMUTED,10,0.515316698132,2,0.928571428571,0.129815592478,0.07,1,2026-06-16,29,2026-06-15,CAPABILITY_SCREEN_ONLY
601696_2026-06-16,601696,2026-06-16,2,2,CS_RANK,M1,PERMUTED,10,0.514570795437,3,0.0714285714286,-0.0187265917603,-0.0187265917603,0,2026-06-16,29,2026-06-15,CAPABILITY_SCREEN_ONLY
603335_2026-06-16,603335,2026-06-16,2,2,CS_RANK,M1,PERMUTED,10,0.484399915623,4,0.642857142857,0.111922141119,0.07,1,2026-06-16,29,2026-06-15,CAPABILITY_SCREEN_ONLY
000506_2026-06-16,000506,2026-06-16,2,2,CS_RANK,M1,PERMUTED,10,0.477468511614,5,0.357142857143,-0.00130975769483,-0.00130975769483,0,2026-06-16,29,2026-06-15,CAPABILITY_SCREEN_ONLY
000510_2026-06-16,000510,2026-06-16,3,3,CS_RANK,M1,PERMUTED,10,0.462140218668,6,0.214285714286,-0.0145310435931,-0.0145310435931,0,2026-06-16,29,2026-06-15,CAPABILITY_SCREEN_ONLY
601958_2026-06-16,601958,2026-06-16,3,3,CS_RANK,M1,PERMUTED,10,0.454129835679,7,0.5,0.0439285714286,0.0439285714286,0,2026-06-16,29,2026-06-15,CAPABILITY_SCREEN_ONLY
002515_2026-06-17,002515,2026-06-17,2,2,CS_RANK,M1,PERMUTED,10,0.537314094632,1,0.911764705882,0.165371809101,0.07,1,2026-06-17,30,2026-06-16,CAPABILITY_SCREEN_ONLY
002585_2026-06-17,002585,2026-06-17,2,2,CS_RANK,M1,PERMUTED,10,0.530107237831,2,0.0882352941176,0.0378634212306,0.0378634212306,0,2026-06-17,30,2026-06-16,CAPABILITY_SCREEN_ONLY
603256_2026-06-17,603256,2026-06-17,2,2,CS_RANK,M1,PERMUTED,10,0.529790085954,3,0.676470588235,0.12002451982,0.07,1,2026-06-17,30,2026-06-16,CAPABILITY_SCREEN_ONLY
600549_2026-06-17,600549,2026-06-17,2,2,CS_RANK,M1,PERMUTED,10,0.527541046682,4,0.970588235294,0.209677419355,0.07,1,2026-06-17,30,2026-06-16,CAPABILITY_SCREEN_ONLY
002824_2026-06-17,002824,2026-06-17,2,2,CS_RANK,M1,PERMUTED,10,0.526019135747,5,0.852941176471,0.144943820225,0.07,1,2026-06-17,30,2026-06-16,CAPABILITY_SCREEN_ONLY
002851_2026-06-17,002851,2026-06-17,2,2,CS_RANK,M1,PERMUTED,10,0.523717956423,6,0.441176470588,0.0721357850071,0.07,1,2026-06-17,30,2026-06-16,CAPABILITY_SCREEN_ONLY
605289_2026-06-17,605289,2026-06-17,2,2,CS_RANK,M1,PERMUTED,10,0.51626960269,7,0.264705882353,0.065543071161,0.065543071161,0,2026-06-17,30,2026-06-16,CAPABILITY_SCREEN_ONLY
002990_2026-06-17,002990,2026-06-17,2,2,CS_RANK,M1,PERMUTED,10,0.514077002551,8,0.558823529412,0.0859687386405,0.07,1,2026-06-17,30,2026-06-16,CAPABILITY_SCREEN_ONLY
002552_2026-06-17,002552,2026-06-17,2,2,CS_RANK,M1,PERMUTED,10,0.512696750369,9,0.735294117647,0.136402877698,0.07,1,2026-06-17,30,2026-06-16,CAPABILITY_SCREEN_ONLY
600703_2026-06-17,600703,2026-06-17,2,2,CS_RANK,M1,PERMUTED,10,0.500744607012,10,0.617647058824,0.0892151326934,0.07,1,2026-06-17,30,2026-06-16,CAPABILITY_SCREEN_ONLY
603516_2026-06-17,603516,2026-06-17,2,2,CS_RANK,M1,PERMUTED,10,0.49669840267,11,0.323529411765,0.0701068927387,0.07,1,2026-06-17,30,2026-06-16,CAPABILITY_SCREEN_ONLY
600545_2026-06-17,600545,2026-06-17,2,2,CS_RANK,M1,PERMUTED,10,0.487615475832,12,0.794117647059,0.142857142857,0.07,1,2026-06-17,30,2026-06-16,CAPABILITY_SCREEN_ONLY
601179_2026-06-17,601179,2026-06-17,2,2,CS_RANK,M1,PERMUTED,10,0.482060205029,13,0.382352941176,0.0707908163265,0.07,1,2026-06-17,30,2026-06-16,CAPABILITY_SCREEN_ONLY
002806_2026-06-17,002806,2026-06-17,2,2,CS_RANK,M1,PERMUTED,10,0.48025218981,14,0.147058823529,0.0405727923628,0.0405727923628,0,2026-06-17,30,2026-06-16,CAPABILITY_SCREEN_ONLY
603045_2026-06-17,603045,2026-06-17,2,2,CS_RANK,M1,PERMUTED,10,0.476901812123,15,0.205882352941,0.0585868150077,0.0585868150077,0,2026-06-17,30,2026-06-16,CAPABILITY_SCREEN_ONLY
002051_2026-06-17,002051,2026-06-17,2,2,CS_RANK,M1,PERMUTED,10,0.475988224362,16,0.5,0.0827974276527,0.07,1,2026-06-17,30,2026-06-16,CAPABILITY_SCREEN_ONLY
605198_2026-06-17,605198,2026-06-17,3,3,CS_RANK,M1,PERMUTED,10,0.466132411558,17,0.0294117647059,-0.0212765957447,-0.0212765957447,0,2026-06-17,30,2026-06-16,CAPABILITY_SCREEN_ONLY
000679_2026-06-18,000679,2026-06-18,2,2,CS_RANK,M1,PERMUTED,10,0.537329787543,1,0.566666666667,0.0197889182058,0.0197889182058,0,2026-06-18,31,2026-06-17,CAPABILITY_SCREEN_ONLY
002484_2026-06-18,002484,2026-06-18,2,2,CS_RANK,M1,PERMUTED,10,0.530038618332,2,0.0333333333333,-0.0501659904094,-0.0501659904094,0,2026-06-18,31,2026-06-17,CAPABILITY_SCREEN_ONLY
600186_2026-06-18,600186,2026-06-18,2,2,CS_RANK,M1,PERMUTED,10,0.523631911643,3,0.7,0.0350515463918,0.0350515463918,0,2026-06-18,31,2026-06-17,CAPABILITY_SCREEN_ONLY
603773_2026-06-18,603773,2026-06-18,2,2,CS_RANK,M1,PERMUTED,10,0.506429878571,4,0.833333333333,0.0675738274464,0.0675738274464,0,2026-06-18,31,2026-06-17,CAPABILITY_SCREEN_ONLY
600192_2026-06-18,600192,2026-06-18,2,2,CS_RANK,M1,PERMUTED,10,0.49933078963,5,0.3,0.00126742712294,0.00126742712294,0,2026-06-18,31,2026-06-17,CAPABILITY_SCREEN_ONLY
600615_2026-06-18,600615,2026-06-18,2,2,CS_RANK,M1,PERMUTED,10,0.492826875481,6,0.233333333333,-0.00570342205323,-0.00570342205323,0,2026-06-18,31,2026-06-17,CAPABILITY_SCREEN_ONLY
600707_2026-06-18,600707,2026-06-18,2,2,CS_RANK,M1,PERMUTED,10,0.489853226559,7,0.9,0.109845402766,0.07,1,2026-06-18,31,2026-06-17,CAPABILITY_SCREEN_ONLY
600110_2026-06-18,600110,2026-06-18,3,3,CS_RANK,M1,PERMUTED,10,0.47574251816,8,0.1,-0.0444572748268,-0.0444572748268,0,2026-06-18,31,2026-06-17,CAPABILITY_SCREEN_ONLY
603186_2026-06-18,603186,2026-06-18,3,3,CS_RANK,M1,PERMUTED,10,0.475197896539,9,0.766666666667,0.0454831800428,0.0454831800428,0,2026-06-18,31,2026-06-17,CAPABILITY_SCREEN_ONLY
002741_2026-06-18,002741,2026-06-18,3,3,CS_RANK,M1,PERMUTED,10,0.464293800075,10,0.166666666667,-0.0204131227217,-0.0204131227217,0,2026-06-18,31,2026-06-17,CAPABILITY_SCREEN_ONLY
603002_2026-06-18,603002,2026-06-18,3,3,CS_RANK,M1,PERMUTED,10,0.454505559159,11,0.966666666667,0.117920540997,0.07,1,2026-06-18,31,2026-06-17,CAPABILITY_SCREEN_ONLY
601636_2026-06-18,601636,2026-06-18,3,3,CS_RANK,M1,PERMUTED,10,0.449198278291,12,0.366666666667,0.0048309178744,0.0048309178744,0,2026-06-18,31,2026-06-17,CAPABILITY_SCREEN_ONLY
603115_2026-06-18,603115,2026-06-18,3,3,CS_RANK,M1,PERMUTED,10,0.444595236566,13,0.633333333333,0.0322945682451,0.0322945682451,0,2026-06-18,31,2026-06-17,CAPABILITY_SCREEN_ONLY
002080_2026-06-18,002080,2026-06-18,3,3,CS_RANK,M1,PERMUTED,10,0.442344675513,14,0.5,0.0197681513118,0.0197681513118,0,2026-06-18,31,2026-06-17,CAPABILITY_SCREEN_ONLY
000777_2026-06-18,000777,2026-06-18,3,3,CS_RANK,M1,PERMUTED,10,0.419461336707,15,0.433333333333,0.0143464399575,0.0143464399575,0,2026-06-18,31,2026-06-17,CAPABILITY_SCREEN_ONLY
002491_2026-06-22,002491,2026-06-22,2,2,CS_RANK,M1,PERMUTED,10,0.54329841395,1,0.5,0.0711188204683,0.07,1,2026-06-22,32,2026-06-18,CAPABILITY_SCREEN_ONLY
603261_2026-06-22,603261,2026-06-22,2,2,CS_RANK,M1,PERMUTED,10,0.525965768956,2,0.928571428571,0.193737328227,0.07,1,2026-06-22,32,2026-06-18,CAPABILITY_SCREEN_ONLY
001339_2026-06-22,001339,2026-06-22,2,2,CS_RANK,M1,PERMUTED,10,0.514027620416,3,0.357142857143,0.0626988437961,0.0626988437961,0,2026-06-22,32,2026-06-18,CAPABILITY_SCREEN_ONLY
002579_2026-06-22,002579,2026-06-22,2,2,CS_RANK,M1,PERMUTED,10,0.499021955841,4,0.0714285714286,-0.0383309073265,-0.0383309073265,0,2026-06-22,32,2026-06-18,CAPABILITY_SCREEN_ONLY
603324_2026-06-22,603324,2026-06-22,2,2,CS_RANK,M1,PERMUTED,10,0.488079020335,5,0.785714285714,0.106767652089,0.07,1,2026-06-22,32,2026-06-18,CAPABILITY_SCREEN_ONLY
002989_2026-06-22,002989,2026-06-22,3,3,CS_RANK,M1,PERMUTED,10,0.455393917578,6,0.214285714286,0.0214190093708,0.0214190093708,0,2026-06-22,32,2026-06-18,CAPABILITY_SCREEN_ONLY
002141_2026-06-22,002141,2026-06-22,3,3,CS_RANK,M1,PERMUTED,10,0.432078432257,7,0.642857142857,0.0746268656716,0.07,1,2026-06-22,32,2026-06-18,CAPABILITY_SCREEN_ONLY
002297_2026-06-23,002297,2026-06-23,2,2,CS_RANK,M1,PERMUTED,10,0.541149294594,1,0.892857142857,0.132492113565,0.07,1,2026-06-23,33,2026-06-22,CAPABILITY_SCREEN_ONLY
603082_2026-06-23,603082,2026-06-23,2,2,CS_RANK,M1,PERMUTED,10,0.533671436372,2,0.107142857143,0.0208955223881,0.0208955223881,0,2026-06-23,33,2026-06-22,CAPABILITY_SCREEN_ONLY
002655_2026-06-23,002655,2026-06-23,2,2,CS_RANK,M1,PERMUTED,10,0.523481418856,3,0.821428571429,0.112807463953,0.07,1,2026-06-23,33,2026-06-22,CAPABILITY_SCREEN_ONLY
002805_2026-06-23,002805,2026-06-23,2,2,CS_RANK,M1,PERMUTED,10,0.517491902071,4,0.321428571429,0.0302405498282,0.0302405498282,0,2026-06-23,33,2026-06-22,CAPABILITY_SCREEN_ONLY
600769_2026-06-23,600769,2026-06-23,2,2,CS_RANK,M1,PERMUTED,10,0.516334098894,5,0.0357142857143,0.00775547445255,0.00775547445255,0,2026-06-23,33,2026-06-22,CAPABILITY_SCREEN_ONLY
603663_2026-06-23,603663,2026-06-23,2,2,CS_RANK,M1,PERMUTED,10,0.510081066197,6,0.25,0.0294117647059,0.0294117647059,0,2026-06-23,33,2026-06-22,CAPABILITY_SCREEN_ONLY
000657_2026-06-23,000657,2026-06-23,2,2,CS_RANK,M1,PERMUTED,10,0.508419209717,7,0.607142857143,0.0773082315241,0.07,1,2026-06-23,33,2026-06-22,CAPABILITY_SCREEN_ONLY
003031_2026-06-23,003031,2026-06-23,2,2,CS_RANK,M1,PERMUTED,10,0.507673188626,8,0.464285714286,0.0645161290323,0.0645161290323,0,2026-06-23,33,2026-06-22,CAPABILITY_SCREEN_ONLY
002842_2026-06-23,002842,2026-06-23,2,2,CS_RANK,M1,PERMUTED,10,0.505514683687,9,0.678571428571,0.0887335874629,0.07,1,2026-06-23,33,2026-06-22,CAPABILITY_SCREEN_ONLY
600162_2026-06-23,600162,2026-06-23,2,2,CS_RANK,M1,PERMUTED,10,0.50400856035,10,0.535714285714,0.0704960835509,0.07,1,2026-06-23,33,2026-06-22,CAPABILITY_SCREEN_ONLY
001296_2026-06-23,001296,2026-06-23,2,2,CS_RANK,M1,PERMUTED,10,0.499078070515,11,0.178571428571,0.0229293401965,0.0229293401965,0,2026-06-23,33,2026-06-22,CAPABILITY_SCREEN_ONLY
603380_2026-06-23,603380,2026-06-23,2,2,CS_RANK,M1,PERMUTED,10,0.49278399535,12,0.75,0.108924806746,0.07,1,2026-06-23,33,2026-06-22,CAPABILITY_SCREEN_ONLY
002354_2026-06-23,002354,2026-06-23,2,2,CS_RANK,M1,PERMUTED,10,0.483129350045,13,0.392857142857,0.0438489646772,0.0438489646772,0,2026-06-23,33,2026-06-22,CAPABILITY_SCREEN_ONLY
000811_2026-06-23,000811,2026-06-23,3,3,CS_RANK,M1,PERMUTED,10,0.423443939011,14,0.964285714286,0.219968087531,0.07,1,2026-06-23,33,2026-06-22,CAPABILITY_SCREEN_ONLY
600172_2026-06-24,600172,2026-06-24,2,2,CS_RANK,M1,PERMUTED,10,0.530189920264,1,0.7,0.0564468211527,0.0564468211527,0,2026-06-24,34,2026-06-23,CAPABILITY_SCREEN_ONLY
000070_2026-06-24,000070,2026-06-24,2,2,CS_RANK,M1,PERMUTED,10,0.524754988842,2,0.233333333333,-0.0225029609159,-0.0225029609159,0,2026-06-24,34,2026-06-23,CAPABILITY_SCREEN_ONLY
603757_2026-06-24,603757,2026-06-24,2,2,CS_RANK,M1,PERMUTED,10,0.522617718851,3,0.633333333333,0.0516980613227,0.0516980613227,0,2026-06-24,34,2026-06-23,CAPABILITY_SCREEN_ONLY
601869_2026-06-24,601869,2026-06-24,2,2,CS_RANK,M1,PERMUTED,10,0.519726819653,4,0.166666666667,-0.0267558528428,-0.0267558528428,0,2026-06-24,34,2026-06-23,CAPABILITY_SCREEN_ONLY
000783_2026-06-24,000783,2026-06-24,2,2,CS_RANK,M1,PERMUTED,10,0.512791112259,5,0.9,0.091103965702,0.07,1,2026-06-24,34,2026-06-23,CAPABILITY_SCREEN_ONLY
000571_2026-06-24,000571,2026-06-24,2,2,CS_RANK,M1,PERMUTED,10,0.509813862144,6,0.833333333333,0.079674796748,0.07,1,2026-06-24,34,2026-06-23,CAPABILITY_SCREEN_ONLY
600470_2026-06-24,600470,2026-06-24,2,2,CS_RANK,M1,PERMUTED,10,0.509035733393,7,0.5,0.0189873417722,0.0189873417722,0,2026-06-24,34,2026-06-23,CAPABILITY_SCREEN_ONLY
002830_2026-06-24,002830,2026-06-24,2,2,CS_RANK,M1,PERMUTED,10,0.500580851235,8,0.1,-0.0324971493729,-0.0324971493729,0,2026-06-24,34,2026-06-23,CAPABILITY_SCREEN_ONLY
605580_2026-06-24,605580,2026-06-24,2,2,CS_RANK,M1,PERMUTED,10,0.499735654483,9,0.366666666667,-0.00604026845638,-0.00604026845638,0,2026-06-24,34,2026-06-23,CAPABILITY_SCREEN_ONLY
605377_2026-06-24,605377,2026-06-24,2,2,CS_RANK,M1,PERMUTED,10,0.496788492964,10,0.3,-0.0173913043478,-0.0173913043478,0,2026-06-24,34,2026-06-23,CAPABILITY_SCREEN_ONLY
600400_2026-06-24,600400,2026-06-24,2,2,CS_RANK,M1,PERMUTED,10,0.493471818593,11,0.966666666667,0.100323624595,0.07,1,2026-06-24,34,2026-06-23,CAPABILITY_SCREEN_ONLY
600851_2026-06-24,600851,2026-06-24,3,3,CS_RANK,M1,PERMUTED,10,0.483669304773,12,0.0333333333333,-0.036815920398,-0.036815920398,0,2026-06-24,34,2026-06-23,CAPABILITY_SCREEN_ONLY
600322_2026-06-24,600322,2026-06-24,2,2,CS_RANK,M1,PERMUTED,10,0.483648449712,13,0.433333333333,0.0181818181818,0.0181818181818,0,2026-06-24,34,2026-06-23,CAPABILITY_SCREEN_ONLY
002672_2026-06-24,002672,2026-06-24,2,2,CS_RANK,M1,PERMUTED,10,0.483172537746,14,0.566666666667,0.0512129380054,0.0512129380054,0,2026-06-24,34,2026-06-23,CAPABILITY_SCREEN_ONLY
002068_2026-06-24,002068,2026-06-24,3,3,CS_RANK,M1,PERMUTED,10,0.455176387478,15,0.766666666667,0.0647138964578,0.0647138964578,0,2026-06-24,34,2026-06-23,CAPABILITY_SCREEN_ONLY
600909_2026-06-25,600909,2026-06-25,2,2,CS_RANK,M1,PERMUTED,10,0.530813769534,1,0.611111111111,0.07,0.07,1,2026-06-25,35,2026-06-24,CAPABILITY_SCREEN_ONLY
002631_2026-06-25,002631,2026-06-25,2,2,CS_RANK,M1,PERMUTED,10,0.521310839564,2,0.5,0.0383838383838,0.0383838383838,0,2026-06-25,35,2026-06-24,CAPABILITY_SCREEN_ONLY
600379_2026-06-25,600379,2026-06-25,2,2,CS_RANK,M1,PERMUTED,10,0.520222578608,3,0.166666666667,-0.0113182423435,-0.0113182423435,0,2026-06-25,35,2026-06-24,CAPABILITY_SCREEN_ONLY
000566_2026-06-25,000566,2026-06-25,2,2,CS_RANK,M1,PERMUTED,10,0.513707300812,4,0.277777777778,-0.0021978021978,-0.0021978021978,0,2026-06-25,35,2026-06-24,CAPABILITY_SCREEN_ONLY
002584_2026-06-25,002584,2026-06-25,2,2,CS_RANK,M1,PERMUTED,10,0.513101959978,5,0.388888888889,0.0383064516129,0.0383064516129,0,2026-06-25,35,2026-06-24,CAPABILITY_SCREEN_ONLY
002580_2026-06-25,002580,2026-06-25,2,2,CS_RANK,M1,PERMUTED,10,0.507897839757,6,0.0555555555556,-0.12269446672,-0.12269446672,0,2026-06-25,35,2026-06-24,CAPABILITY_SCREEN_ONLY
002687_2026-06-25,002687,2026-06-25,2,2,CS_RANK,M1,PERMUTED,10,0.492642380088,7,0.833333333333,0.134703196347,0.07,1,2026-06-25,35,2026-06-24,CAPABILITY_SCREEN_ONLY
605069_2026-06-25,605069,2026-06-25,3,3,CS_RANK,M1,PERMUTED,10,0.440836935951,8,0.722222222222,0.108333333333,0.07,1,2026-06-25,35,2026-06-24,CAPABILITY_SCREEN_ONLY
603938_2026-06-25,603938,2026-06-25,3,3,CS_RANK,M1,PERMUTED,10,0.433690412259,9,0.944444444444,0.174225028703,0.07,1,2026-06-25,35,2026-06-24,CAPABILITY_SCREEN_ONLY
603989_2026-06-26,603989,2026-06-26,2,2,CS_RANK,M1,PERMUTED,10,0.540912347469,1,0.208333333333,-0.0419642857143,-0.0419642857143,0,2026-06-26,36,2026-06-25,CAPABILITY_SCREEN_ONLY
600141_2026-06-26,600141,2026-06-26,2,2,CS_RANK,M1,PERMUTED,10,0.530211162896,2,0.125,-0.0441767068273,-0.0441767068273,0,2026-06-26,36,2026-06-25,CAPABILITY_SCREEN_ONLY
600667_2026-06-26,600667,2026-06-26,2,2,CS_RANK,M1,PERMUTED,10,0.527987156091,3,0.708333333333,0.0668103448276,0.0668103448276,0,2026-06-26,36,2026-06-25,CAPABILITY_SCREEN_ONLY
002990_2026-06-26,002990,2026-06-26,2,2,CS_RANK,M1,PERMUTED,10,0.524758400717,4,0.958333333333,0.086383601757,0.07,1,2026-06-26,36,2026-06-25,CAPABILITY_SCREEN_ONLY
600584_2026-06-26,600584,2026-06-26,2,2,CS_RANK,M1,PERMUTED,10,0.509639328403,5,0.458333333333,0.0200970873786,0.0200970873786,0,2026-06-26,36,2026-06-25,CAPABILITY_SCREEN_ONLY
603713_2026-06-26,603713,2026-06-26,2,2,CS_RANK,M1,PERMUTED,10,0.50737022752,6,0.291666666667,-0.0293809024134,-0.0293809024134,0,2026-06-26,36,2026-06-25,CAPABILITY_SCREEN_ONLY
002254_2026-06-26,002254,2026-06-26,2,2,CS_RANK,M1,PERMUTED,10,0.50656101889,7,0.375,-0.025974025974,-0.025974025974,0,2026-06-26,36,2026-06-25,CAPABILITY_SCREEN_ONLY
603929_2026-06-26,603929,2026-06-26,2,2,CS_RANK,M1,PERMUTED,10,0.502906191766,8,0.625,0.0476785648642,0.0476785648642,0,2026-06-26,36,2026-06-25,CAPABILITY_SCREEN_ONLY
002080_2026-06-26,002080,2026-06-26,2,2,CS_RANK,M1,PERMUTED,10,0.501040777152,9,0.0416666666667,-0.0525252525253,-0.0525252525253,0,2026-06-26,36,2026-06-25,CAPABILITY_SCREEN_ONLY
603678_2026-06-26,603678,2026-06-26,2,2,CS_RANK,M1,PERMUTED,10,0.49476806667,10,0.541666666667,0.0416001963431,0.0416001963431,0,2026-06-26,36,2026-06-25,CAPABILITY_SCREEN_ONLY
000818_2026-06-26,000818,2026-06-26,2,2,CS_RANK,M1,PERMUTED,10,0.482738770814,11,0.875,0.0779510022272,0.07,1,2026-06-26,36,2026-06-25,CAPABILITY_SCREEN_ONLY
002025_2026-06-26,002025,2026-06-26,2,2,CS_RANK,M1,PERMUTED,10,0.476070299795,12,0.791666666667,0.0701369863014,0.07,1,2026-06-26,36,2026-06-25,CAPABILITY_SCREEN_ONLY
600962_2026-06-29,600962,2026-06-29,2,2,CS_RANK,M1,PERMUTED,10,0.530720883634,1,0.5,0.0751028806584,0.07,1,2026-06-29,37,2026-06-26,CAPABILITY_SCREEN_ONLY
002141_2026-06-29,002141,2026-06-29,2,2,CS_RANK,M1,PERMUTED,10,0.524262937202,2,0.3,0.0196078431373,0.0196078431373,0,2026-06-29,37,2026-06-26,CAPABILITY_SCREEN_ONLY
002965_2026-06-29,002965,2026-06-29,2,2,CS_RANK,M1,PERMUTED,10,0.515531933764,3,0.9,0.100767366721,0.07,1,2026-06-29,37,2026-06-26,CAPABILITY_SCREEN_ONLY
600228_2026-06-29,600228,2026-06-29,3,3,CS_RANK,M1,PERMUTED,10,0.440320221698,4,0.1,-0.0793172690763,-0.0793172690763,0,2026-06-29,37,2026-06-26,CAPABILITY_SCREEN_ONLY
000823_2026-06-29,000823,2026-06-29,3,3,CS_RANK,M1,PERMUTED,10,0.427863008589,5,0.7,0.0925280681378,0.07,1,2026-06-29,37,2026-06-26,CAPABILITY_SCREEN_ONLY
603155_2026-06-30,603155,2026-06-30,2,2,CS_RANK,M1,PERMUTED,10,0.525899245052,1,0.928571428571,0.112028725314,0.07,1,2026-06-30,38,2026-06-29,CAPABILITY_SCREEN_ONLY
603163_2026-06-30,603163,2026-06-30,2,2,CS_RANK,M1,PERMUTED,10,0.51736244244,2,0.214285714286,-0.0287162162162,-0.0287162162162,0,2026-06-30,38,2026-06-29,CAPABILITY_SCREEN_ONLY
601133_2026-06-30,601133,2026-06-30,2,2,CS_RANK,M1,PERMUTED,10,0.508639698753,3,0.0714285714286,-0.0627906976744,-0.0627906976744,0,2026-06-30,38,2026-06-29,CAPABILITY_SCREEN_ONLY
603650_2026-06-30,603650,2026-06-30,2,2,CS_RANK,M1,PERMUTED,10,0.507840015239,4,0.785714285714,0.0474406991261,0.0474406991261,0,2026-06-30,38,2026-06-29,CAPABILITY_SCREEN_ONLY
002180_2026-06-30,002180,2026-06-30,2,2,CS_RANK,M1,PERMUTED,10,0.501448011474,5,0.357142857143,0.019452887538,0.019452887538,0,2026-06-30,38,2026-06-29,CAPABILITY_SCREEN_ONLY
002568_2026-06-30,002568,2026-06-30,2,2,CS_RANK,M1,PERMUTED,10,0.48714389055,6,0.642857142857,0.0430678466077,0.0430678466077,0,2026-06-30,38,2026-06-29,CAPABILITY_SCREEN_ONLY
603956_2026-06-30,603956,2026-06-30,3,3,CS_RANK,M1,PERMUTED,10,0.461451020065,7,0.5,0.0395387149918,0.0395387149918,0,2026-06-30,38,2026-06-29,CAPABILITY_SCREEN_ONLY
002208_2026-05-20,002208,2026-05-20,2,2,RAW,M0,PERMUTED,10,0.531656561614,1,0.05,-0.0725490196078,-0.0725490196078,0,2026-05-20,10,2026-05-19,CAPABILITY_SCREEN_ONLY
603115_2026-05-20,603115,2026-05-20,2,2,RAW,M0,PERMUTED,10,0.527372337409,2,0.95,0.205409887035,0.07,1,2026-05-20,10,2026-05-19,CAPABILITY_SCREEN_ONLY
002552_2026-05-20,002552,2026-05-20,2,2,RAW,M0,PERMUTED,10,0.517174048632,3,0.55,0.0844226579521,0.07,1,2026-05-20,10,2026-05-19,CAPABILITY_SCREEN_ONLY
600903_2026-05-20,600903,2026-05-20,2,2,RAW,M0,PERMUTED,10,0.513303451103,4,0.75,0.145317545748,0.07,1,2026-05-20,10,2026-05-19,CAPABILITY_SCREEN_ONLY
603989_2026-05-20,603989,2026-05-20,2,2,RAW,M0,PERMUTED,10,0.500301071711,5,0.65,0.11015625,0.07,1,2026-05-20,10,2026-05-19,CAPABILITY_SCREEN_ONLY
600850_2026-05-20,600850,2026-05-20,2,2,RAW,M0,PERMUTED,10,0.500162482532,6,0.45,0.038338658147,0.038338658147,0,2026-05-20,10,2026-05-19,CAPABILITY_SCREEN_ONLY
605218_2026-05-20,605218,2026-05-20,2,2,RAW,M0,PERMUTED,10,0.500013951685,7,0.15,-0.0201499531396,-0.0201499531396,0,2026-05-20,10,2026-05-19,CAPABILITY_SCREEN_ONLY
600758_2026-05-20,600758,2026-05-20,2,2,RAW,M0,PERMUTED,10,0.485335654397,8,0.35,0.0168067226891,0.0168067226891,0,2026-05-20,10,2026-05-19,CAPABILITY_SCREEN_ONLY
603206_2026-05-20,603206,2026-05-20,2,2,RAW,M0,PERMUTED,10,0.482840950256,9,0.25,-0.00410888546482,-0.00410888546482,0,2026-05-20,10,2026-05-19,CAPABILITY_SCREEN_ONLY
603311_2026-05-20,603311,2026-05-20,3,3,RAW,M0,PERMUTED,10,0.465580063156,10,0.85,0.172352523099,0.07,1,2026-05-20,10,2026-05-19,CAPABILITY_SCREEN_ONLY
605288_2026-05-21,605288,2026-05-21,2,2,RAW,M0,PERMUTED,10,0.56871551255,1,0.416666666667,0.0422794117647,0.0422794117647,0,2026-05-21,11,2026-05-20,CAPABILITY_SCREEN_ONLY
002782_2026-05-21,002782,2026-05-21,2,2,RAW,M0,PERMUTED,10,0.489847261538,2,0.25,0.039652173913,0.039652173913,0,2026-05-21,11,2026-05-20,CAPABILITY_SCREEN_ONLY
600563_2026-05-21,600563,2026-05-21,2,2,RAW,M0,PERMUTED,10,0.484906915956,3,0.916666666667,0.103625,0.07,1,2026-05-21,11,2026-05-20,CAPABILITY_SCREEN_ONLY
603938_2026-05-21,603938,2026-05-21,3,3,RAW,M0,PERMUTED,10,0.432479228477,4,0.0833333333333,-0.0416666666667,-0.0416666666667,0,2026-05-21,11,2026-05-20,CAPABILITY_SCREEN_ONLY
002272_2026-05-21,002272,2026-05-21,3,3,RAW,M0,PERMUTED,10,0.42195084667,5,0.583333333333,0.0904325032765,0.07,1,2026-05-21,11,2026-05-20,CAPABILITY_SCREEN_ONLY
000417_2026-05-21,000417,2026-05-21,3,3,RAW,M0,PERMUTED,10,0.409703625202,6,0.75,0.101020408163,0.07,1,2026-05-21,11,2026-05-20,CAPABILITY_SCREEN_ONLY
003004_2026-05-22,003004,2026-05-22,2,2,RAW,M0,PERMUTED,10,0.528776255782,1,0.5,0.126801152738,0.07,1,2026-05-22,12,2026-05-21,CAPABILITY_SCREEN_ONLY
000725_2026-05-25,000725,2026-05-25,2,2,RAW,M0,PERMUTED,10,0.516751773967,1,0.9375,0.166666666667,0.07,1,2026-05-25,13,2026-05-22,CAPABILITY_SCREEN_ONLY
000012_2026-05-25,000012,2026-05-25,2,2,RAW,M0,PERMUTED,10,0.511875651002,2,0.8125,0.0617848970252,0.0617848970252,0,2026-05-25,13,2026-05-22,CAPABILITY_SCREEN_ONLY
002036_2026-05-25,002036,2026-05-25,2,2,RAW,M0,PERMUTED,10,0.504590650382,3,0.4375,0.0373563218391,0.0373563218391,0,2026-05-25,13,2026-05-22,CAPABILITY_SCREEN_ONLY
600303_2026-05-25,600303,2026-05-25,2,2,RAW,M0,PERMUTED,10,0.504149542624,4,0.3125,0.00546448087432,0.00546448087432,0,2026-05-25,13,2026-05-22,CAPABILITY_SCREEN_ONLY
001225_2026-05-25,001225,2026-05-25,2,2,RAW,M0,PERMUTED,10,0.494570534808,5,0.6875,0.0492430833478,0.0492430833478,0,2026-05-25,13,2026-05-22,CAPABILITY_SCREEN_ONLY
002931_2026-05-25,002931,2026-05-25,2,2,RAW,M0,PERMUTED,10,0.49308839326,6,0.5625,0.0478995504573,0.0478995504573,0,2026-05-25,13,2026-05-22,CAPABILITY_SCREEN_ONLY
600611_2026-05-25,600611,2026-05-25,3,3,RAW,M0,PERMUTED,10,0.464320521723,7,0.0625,-0.0594227504244,-0.0594227504244,0,2026-05-25,13,2026-05-22,CAPABILITY_SCREEN_ONLY
002442_2026-05-25,002442,2026-05-25,3,3,RAW,M0,PERMUTED,10,0.437050529962,8,0.1875,0.00251256281407,0.00251256281407,0,2026-05-25,13,2026-05-22,CAPABILITY_SCREEN_ONLY
000636_2026-05-26,000636,2026-05-26,2,2,RAW,M0,PERMUTED,10,0.52272920949,1,0.972222222222,0.158095238095,0.07,1,2026-05-26,14,2026-05-25,CAPABILITY_SCREEN_ONLY
603256_2026-05-26,603256,2026-05-26,2,2,RAW,M0,PERMUTED,10,0.519860087657,2,0.75,0.0785286103542,0.07,1,2026-05-26,14,2026-05-25,CAPABILITY_SCREEN_ONLY
603936_2026-05-26,603936,2026-05-26,2,2,RAW,M0,PERMUTED,10,0.519748935316,3,0.361111111111,0.00308641975309,0.00308641975309,0,2026-05-26,14,2026-05-25,CAPABILITY_SCREEN_ONLY
603663_2026-05-26,603663,2026-05-26,2,2,RAW,M0,PERMUTED,10,0.517305020353,4,0.861111111111,0.123469387755,0.07,1,2026-05-26,14,2026-05-25,CAPABILITY_SCREEN_ONLY
002432_2026-05-26,002432,2026-05-26,2,2,RAW,M0,PERMUTED,10,0.516755076546,5,0.138888888889,-0.0606593406593,-0.0606593406593,0,2026-05-26,14,2026-05-25,CAPABILITY_SCREEN_ONLY
002741_2026-05-26,002741,2026-05-26,2,2,RAW,M0,PERMUTED,10,0.51673987183,6,0.805555555556,0.120460266091,0.07,1,2026-05-26,14,2026-05-25,CAPABILITY_SCREEN_ONLY
002938_2026-05-26,002938,2026-05-26,2,2,RAW,M0,PERMUTED,10,0.51577638406,7,0.194444444444,-0.0224137931034,-0.0224137931034,0,2026-05-26,14,2026-05-25,CAPABILITY_SCREEN_ONLY
600186_2026-05-26,600186,2026-05-26,2,2,RAW,M0,PERMUTED,10,0.514382306067,8,0.0277777777778,-0.12433661865,-0.12433661865,0,2026-05-26,14,2026-05-25,CAPABILITY_SCREEN_ONLY
605580_2026-05-26,605580,2026-05-26,2,2,RAW,M0,PERMUTED,10,0.509570419446,9,0.916666666667,0.1272,0.07,1,2026-05-26,14,2026-05-25,CAPABILITY_SCREEN_ONLY
600234_2026-05-26,600234,2026-05-26,2,2,RAW,M0,PERMUTED,10,0.508478547094,10,0.0833333333333,-0.0880968392737,-0.0880968392737,0,2026-05-26,14,2026-05-25,CAPABILITY_SCREEN_ONLY
603001_2026-05-26,603001,2026-05-26,2,2,RAW,M0,PERMUTED,10,0.505547465432,11,0.305555555556,0.000943396226415,0.000943396226415,0,2026-05-26,14,2026-05-25,CAPABILITY_SCREEN_ONLY
002421_2026-05-26,002421,2026-05-26,2,2,RAW,M0,PERMUTED,10,0.503909668596,12,0.583333333333,0.0553191489362,0.0553191489362,0,2026-05-26,14,2026-05-25,CAPABILITY_SCREEN_ONLY
600503_2026-05-26,600503,2026-05-26,2,2,RAW,M0,PERMUTED,10,0.502463403167,13,0.527777777778,0.0321428571429,0.0321428571429,0,2026-05-26,14,2026-05-25,CAPABILITY_SCREEN_ONLY
600539_2026-05-26,600539,2026-05-26,2,2,RAW,M0,PERMUTED,10,0.50043430623,14,0.416666666667,0.0260869565217,0.0260869565217,0,2026-05-26,14,2026-05-25,CAPABILITY_SCREEN_ONLY
002897_2026-05-26,002897,2026-05-26,2,2,RAW,M0,PERMUTED,10,0.500235666728,15,0.472222222222,0.0274577102231,0.0274577102231,0,2026-05-26,14,2026-05-25,CAPABILITY_SCREEN_ONLY
002980_2026-05-26,002980,2026-05-26,2,2,RAW,M0,PERMUTED,10,0.496513300399,16,0.638888888889,0.0574722997928,0.0574722997928,0,2026-05-26,14,2026-05-25,CAPABILITY_SCREEN_ONLY
002975_2026-05-26,002975,2026-05-26,2,2,RAW,M0,PERMUTED,10,0.491697729264,17,0.694444444444,0.0652070442646,0.0652070442646,0,2026-05-26,14,2026-05-25,CAPABILITY_SCREEN_ONLY
603661_2026-05-26,603661,2026-05-26,3,3,RAW,M0,PERMUTED,10,0.433225037184,18,0.25,-0.00778097982709,-0.00778097982709,0,2026-05-26,14,2026-05-25,CAPABILITY_SCREEN_ONLY
003036_2026-05-27,003036,2026-05-27,2,2,RAW,M0,PERMUTED,10,0.541825118068,1,0.95,0.244761904762,0.07,1,2026-05-27,15,2026-05-26,CAPABILITY_SCREEN_ONLY
002185_2026-05-27,002185,2026-05-27,2,2,RAW,M0,PERMUTED,10,0.522649311235,2,0.35,0.0669975186104,0.0669975186104,0,2026-05-27,15,2026-05-26,CAPABILITY_SCREEN_ONLY
002957_2026-05-27,002957,2026-05-27,2,2,RAW,M0,PERMUTED,10,0.516042036617,3,0.65,0.212845673506,0.07,1,2026-05-27,15,2026-05-26,CAPABILITY_SCREEN_ONLY
600584_2026-05-27,600584,2026-05-27,2,2,RAW,M0,PERMUTED,10,0.505824827095,4,0.45,0.0814359715697,0.07,1,2026-05-27,15,2026-05-26,CAPABILITY_SCREEN_ONLY
002388_2026-05-27,002388,2026-05-27,2,2,RAW,M0,PERMUTED,10,0.492085331021,5,0.15,0.0187074829932,0.0187074829932,0,2026-05-27,15,2026-05-26,CAPABILITY_SCREEN_ONLY
600520_2026-05-27,600520,2026-05-27,2,2,RAW,M0,PERMUTED,10,0.48225629073,6,0.25,0.0330961954841,0.0330961954841,0,2026-05-27,15,2026-05-26,CAPABILITY_SCREEN_ONLY
002552_2026-05-27,002552,2026-05-27,3,3,RAW,M0,PERMUTED,10,0.469959900493,7,0.85,0.222996515679,0.07,1,2026-05-27,15,2026-05-26,CAPABILITY_SCREEN_ONLY
002585_2026-05-27,002585,2026-05-27,3,3,RAW,M0,PERMUTED,10,0.461087608544,8,0.55,0.0986590038314,0.07,1,2026-05-27,15,2026-05-26,CAPABILITY_SCREEN_ONLY
600172_2026-05-27,600172,2026-05-27,3,3,RAW,M0,PERMUTED,10,0.452419283619,9,0.75,0.21482602118,0.07,1,2026-05-27,15,2026-05-26,CAPABILITY_SCREEN_ONLY
000510_2026-05-27,000510,2026-05-27,3,3,RAW,M0,PERMUTED,10,0.450352568585,10,0.05,0.00334821428571,0.00334821428571,0,2026-05-27,15,2026-05-26,CAPABILITY_SCREEN_ONLY
002771_2026-05-28,002771,2026-05-28,2,2,RAW,M0,PERMUTED,10,0.513214602553,1,0.625,0.0943396226415,0.07,1,2026-05-28,16,2026-05-27,CAPABILITY_SCREEN_ONLY
000759_2026-05-28,000759,2026-05-28,2,2,RAW,M0,PERMUTED,10,0.494538795071,2,0.375,0.0771929824561,0.07,1,2026-05-28,16,2026-05-27,CAPABILITY_SCREEN_ONLY
002251_2026-05-28,002251,2026-05-28,2,2,RAW,M0,PERMUTED,10,0.489717656647,3,0.875,0.168539325843,0.07,1,2026-05-28,16,2026-05-27,CAPABILITY_SCREEN_ONLY
001257_2026-05-28,001257,2026-05-28,2,2,RAW,M0,PERMUTED,10,0.483494155409,4,0.125,-0.0676771237222,-0.0676771237222,0,2026-05-28,16,2026-05-27,CAPABILITY_SCREEN_ONLY
603989_2026-05-29,603989,2026-05-29,2,2,RAW,M0,PERMUTED,10,0.50748321287,1,0.166666666667,-0.0322019147084,-0.0322019147084,0,2026-05-29,17,2026-05-28,CAPABILITY_SCREEN_ONLY
603032_2026-05-29,603032,2026-05-29,2,2,RAW,M0,PERMUTED,10,0.488707374875,2,0.5,0.00237812128419,0.00237812128419,0,2026-05-29,17,2026-05-28,CAPABILITY_SCREEN_ONLY
002579_2026-05-29,002579,2026-05-29,3,3,RAW,M0,PERMUTED,10,0.460065442169,3,0.833333333333,0.195852534562,0.07,1,2026-05-29,17,2026-05-28,CAPABILITY_SCREEN_ONLY
000090_2026-06-01,000090,2026-06-01,2,2,RAW,M0,PERMUTED,10,0.514040908265,1,0.125,-0.0263852242744,-0.0263852242744,0,2026-06-01,18,2026-05-29,CAPABILITY_SCREEN_ONLY
600110_2026-06-01,600110,2026-06-01,2,2,RAW,M0,PERMUTED,10,0.508677464617,2,0.625,0.0451559934319,0.0451559934319,0,2026-06-01,18,2026-05-29,CAPABILITY_SCREEN_ONLY
002806_2026-06-01,002806,2026-06-01,2,2,RAW,M0,PERMUTED,10,0.492532295394,3,0.875,0.149321266968,0.07,1,2026-06-01,18,2026-05-29,CAPABILITY_SCREEN_ONLY
603324_2026-06-01,603324,2026-06-01,2,2,RAW,M0,PERMUTED,10,0.492223756406,4,0.375,0.0224038752649,0.0224038752649,0,2026-06-01,18,2026-05-29,CAPABILITY_SCREEN_ONLY
002608_2026-06-02,002608,2026-06-02,2,2,RAW,M0,PERMUTED,10,0.527208061878,1,0.75,0.099,0.07,1,2026-06-02,19,2026-06-01,CAPABILITY_SCREEN_ONLY
600011_2026-06-02,600011,2026-06-02,2,2,RAW,M0,PERMUTED,10,0.50001760633,2,0.25,0.0260475651189,0.0260475651189,0,2026-06-02,19,2026-06-01,CAPABILITY_SCREEN_ONLY
002404_2026-06-03,002404,2026-06-03,2,2,RAW,M0,PERMUTED,10,0.512301032166,1,0.5,0.0299319727891,0.0299319727891,0,2026-06-03,20,2026-06-02,CAPABILITY_SCREEN_ONLY
001210_2026-06-03,001210,2026-06-03,2,2,RAW,M0,PERMUTED,10,0.510834874277,2,0.0714285714286,-0.244557534634,-0.244557534634,0,2026-06-03,20,2026-06-02,CAPABILITY_SCREEN_ONLY
002579_2026-06-03,002579,2026-06-03,2,2,RAW,M0,PERMUTED,10,0.504275929639,3,0.642857142857,0.0540254237288,0.0540254237288,0,2026-06-03,20,2026-06-02,CAPABILITY_SCREEN_ONLY
000055_2026-06-03,000055,2026-06-03,2,2,RAW,M0,PERMUTED,10,0.484567788561,4,0.357142857143,0,0,0,2026-06-03,20,2026-06-02,CAPABILITY_SCREEN_ONLY
002421_2026-06-03,002421,2026-06-03,2,2,RAW,M0,PERMUTED,10,0.480927198771,5,0.785714285714,0.0698151950719,0.0698151950719,0,2026-06-03,20,2026-06-02,CAPABILITY_SCREEN_ONLY
600280_2026-06-03,600280,2026-06-03,3,3,RAW,M0,PERMUTED,10,0.467336509392,6,0.214285714286,-0.0125313283208,-0.0125313283208,0,2026-06-03,20,2026-06-02,CAPABILITY_SCREEN_ONLY
603045_2026-06-03,603045,2026-06-03,2,2,RAW,M0,PERMUTED,10,0.463911640898,7,0.928571428571,0.154815115807,0.07,1,2026-06-03,20,2026-06-02,CAPABILITY_SCREEN_ONLY
600487_2026-06-04,600487,2026-06-04,2,2,RAW,M0,PERMUTED,10,0.53943807497,1,0.916666666667,0.0659375,0.0659375,0,2026-06-04,21,2026-06-03,CAPABILITY_SCREEN_ONLY
603311_2026-06-04,603311,2026-06-04,2,2,RAW,M0,PERMUTED,10,0.522092328379,2,0.75,0.0277923439958,0.0277923439958,0,2026-06-04,21,2026-06-03,CAPABILITY_SCREEN_ONLY
002137_2026-06-04,002137,2026-06-04,2,2,RAW,M0,PERMUTED,10,0.521690054081,3,0.583333333333,0.0068359375,0.0068359375,0,2026-06-04,21,2026-06-03,CAPABILITY_SCREEN_ONLY
000700_2026-06-04,000700,2026-06-04,2,2,RAW,M0,PERMUTED,10,0.50727711338,4,0.0833333333333,-0.0651340996169,-0.0651340996169,0,2026-06-04,21,2026-06-03,CAPABILITY_SCREEN_ONLY
600936_2026-06-04,600936,2026-06-04,2,2,RAW,M0,PERMUTED,10,0.475630896074,5,0.25,-0.0455284552846,-0.0455284552846,0,2026-06-04,21,2026-06-03,CAPABILITY_SCREEN_ONLY
600121_2026-06-04,600121,2026-06-04,3,3,RAW,M0,PERMUTED,10,0.454905380002,6,0.416666666667,-0.00709219858156,-0.00709219858156,0,2026-06-04,21,2026-06-03,CAPABILITY_SCREEN_ONLY
600688_2026-06-05,600688,2026-06-05,2,2,RAW,M0,PERMUTED,10,0.521807431746,1,0.416666666667,0.00302114803625,0.00302114803625,0,2026-06-05,22,2026-06-04,CAPABILITY_SCREEN_ONLY
001896_2026-06-05,001896,2026-06-05,2,2,RAW,M0,PERMUTED,10,0.50749502415,2,0.75,0.0850528434826,0.07,1,2026-06-05,22,2026-06-04,CAPABILITY_SCREEN_ONLY
605162_2026-06-05,605162,2026-06-05,2,2,RAW,M0,PERMUTED,10,0.506074608332,3,0.0833333333333,-0.0449915110357,-0.0449915110357,0,2026-06-05,22,2026-06-04,CAPABILITY_SCREEN_ONLY
600439_2026-06-05,600439,2026-06-05,2,2,RAW,M0,PERMUTED,10,0.492731020787,4,0.25,-0.0113636363636,-0.0113636363636,0,2026-06-05,22,2026-06-04,CAPABILITY_SCREEN_ONLY
002787_2026-06-05,002787,2026-06-05,2,2,RAW,M0,PERMUTED,10,0.490616136853,5,0.583333333333,0.0670498084291,0.0670498084291,0,2026-06-05,22,2026-06-04,CAPABILITY_SCREEN_ONLY
600255_2026-06-05,600255,2026-06-05,3,3,RAW,M0,PERMUTED,10,0.4231632219,6,0.916666666667,0.0896551724138,0.07,1,2026-06-05,22,2026-06-04,CAPABILITY_SCREEN_ONLY
600293_2026-06-08,600293,2026-06-08,2,2,RAW,M0,PERMUTED,10,0.522977663008,1,0.166666666667,-0.0172839506173,-0.0172839506173,0,2026-06-08,23,2026-06-05,CAPABILITY_SCREEN_ONLY
000520_2026-06-08,000520,2026-06-08,2,2,RAW,M0,PERMUTED,10,0.505506314437,2,0.5,-0.0109409190372,-0.0109409190372,0,2026-06-08,23,2026-06-05,CAPABILITY_SCREEN_ONLY
003036_2026-06-08,003036,2026-06-08,2,2,RAW,M0,PERMUTED,10,0.491162260006,3,0.833333333333,0.0681933842239,0.0681933842239,0,2026-06-08,23,2026-06-05,CAPABILITY_SCREEN_ONLY
603859_2026-06-09,603859,2026-06-09,2,2,RAW,M0,PERMUTED,10,0.520316027571,1,0.833333333333,0.0640412922959,0.0640412922959,0,2026-06-09,24,2026-06-08,CAPABILITY_SCREEN_ONLY
002421_2026-06-09,002421,2026-06-09,2,2,RAW,M0,PERMUTED,10,0.511783526229,2,0.0555555555556,-0.142105263158,-0.142105263158,0,2026-06-09,24,2026-06-08,CAPABILITY_SCREEN_ONLY
000068_2026-06-09,000068,2026-06-09,2,2,RAW,M0,PERMUTED,10,0.497053463373,3,0.166666666667,-0.0503978779841,-0.0503978779841,0,2026-06-09,24,2026-06-08,CAPABILITY_SCREEN_ONLY
003009_2026-06-09,003009,2026-06-09,2,2,RAW,M0,PERMUTED,10,0.496319791863,4,0.388888888889,-0.0131004366812,-0.0131004366812,0,2026-06-09,24,2026-06-08,CAPABILITY_SCREEN_ONLY
002361_2026-06-09,002361,2026-06-09,2,2,RAW,M0,PERMUTED,10,0.493449724791,5,0.722222222222,0.047323943662,0.047323943662,0,2026-06-09,24,2026-06-08,CAPABILITY_SCREEN_ONLY
000517_2026-06-09,000517,2026-06-09,2,2,RAW,M0,PERMUTED,10,0.480683095582,6,0.611111111111,0.0147783251232,0.0147783251232,0,2026-06-09,24,2026-06-08,CAPABILITY_SCREEN_ONLY
002613_2026-06-09,002613,2026-06-09,2,2,RAW,M0,PERMUTED,10,0.479424890075,7,0.277777777778,-0.013698630137,-0.013698630137,0,2026-06-09,24,2026-06-08,CAPABILITY_SCREEN_ONLY
000759_2026-06-09,000759,2026-06-09,2,2,RAW,M0,PERMUTED,10,0.472415119019,8,0.5,0.00649350649351,0.00649350649351,0,2026-06-09,24,2026-06-08,CAPABILITY_SCREEN_ONLY
603500_2026-06-09,603500,2026-06-09,3,3,RAW,M0,PERMUTED,10,0.437510853904,9,0.944444444444,0.0936270653029,0.07,1,2026-06-09,24,2026-06-08,CAPABILITY_SCREEN_ONLY
603929_2026-06-10,603929,2026-06-10,2,2,RAW,M0,PERMUTED,10,0.554534317674,1,0.642857142857,0.0850540374308,0.07,1,2026-06-10,25,2026-06-09,CAPABILITY_SCREEN_ONLY
603186_2026-06-10,603186,2026-06-10,2,2,RAW,M0,PERMUTED,10,0.54201626372,2,0.785714285714,0.12896813445,0.07,1,2026-06-10,25,2026-06-09,CAPABILITY_SCREEN_ONLY
001696_2026-06-10,001696,2026-06-10,2,2,RAW,M0,PERMUTED,10,0.523941650001,3,0.928571428571,0.202105263158,0.07,1,2026-06-10,25,2026-06-09,CAPABILITY_SCREEN_ONLY
603616_2026-06-10,603616,2026-06-10,2,2,RAW,M0,PERMUTED,10,0.518972994201,4,0.214285714286,0.0160583941606,0.0160583941606,0,2026-06-10,25,2026-06-09,CAPABILITY_SCREEN_ONLY
002747_2026-06-10,002747,2026-06-10,2,2,RAW,M0,PERMUTED,10,0.514005138711,5,0.357142857143,0.0194285714286,0.0194285714286,0,2026-06-10,25,2026-06-09,CAPABILITY_SCREEN_ONLY
002362_2026-06-10,002362,2026-06-10,2,2,RAW,M0,PERMUTED,10,0.509653926777,6,0.0714285714286,-0.0082219938335,-0.0082219938335,0,2026-06-10,25,2026-06-09,CAPABILITY_SCREEN_ONLY
002254_2026-06-10,002254,2026-06-10,3,3,RAW,M0,PERMUTED,10,0.429110355179,7,0.5,0.0754173862982,0.07,1,2026-06-10,25,2026-06-09,CAPABILITY_SCREEN_ONLY
603065_2026-06-11,603065,2026-06-11,2,2,RAW,M0,PERMUTED,10,0.574256703448,1,0.55,0.0286764705882,0.0286764705882,0,2026-06-11,26,2026-06-10,CAPABILITY_SCREEN_ONLY
605318_2026-06-11,605318,2026-06-11,2,2,RAW,M0,PERMUTED,10,0.558695970234,2,0.65,0.0456747404844,0.0456747404844,0,2026-06-11,26,2026-06-10,CAPABILITY_SCREEN_ONLY
605006_2026-06-11,605006,2026-06-11,2,2,RAW,M0,PERMUTED,10,0.515852124304,3,0.35,0.012037037037,0.012037037037,0,2026-06-11,26,2026-06-10,CAPABILITY_SCREEN_ONLY
002636_2026-06-11,002636,2026-06-11,3,3,RAW,M0,PERMUTED,10,0.508985077742,4,0.95,0.0890098899878,0.07,1,2026-06-11,26,2026-06-10,CAPABILITY_SCREEN_ONLY
605589_2026-06-11,605589,2026-06-11,2,2,RAW,M0,PERMUTED,10,0.507182859891,5,0.85,0.0872881355932,0.07,1,2026-06-11,26,2026-06-10,CAPABILITY_SCREEN_ONLY
000029_2026-06-11,000029,2026-06-11,2,2,RAW,M0,PERMUTED,10,0.48411786312,6,0.25,0.0117970900511,0.0117970900511,0,2026-06-11,26,2026-06-10,CAPABILITY_SCREEN_ONLY
603002_2026-06-11,603002,2026-06-11,2,2,RAW,M0,PERMUTED,10,0.480028585058,7,0.75,0.0673719376392,0.0673719376392,0,2026-06-11,26,2026-06-10,CAPABILITY_SCREEN_ONLY
002585_2026-06-11,002585,2026-06-11,2,2,RAW,M0,PERMUTED,10,0.477216015237,8,0.45,0.0257648953301,0.0257648953301,0,2026-06-11,26,2026-06-10,CAPABILITY_SCREEN_ONLY
002669_2026-06-11,002669,2026-06-11,2,2,RAW,M0,PERMUTED,10,0.47150104676,9,0.15,-0.00120481927711,-0.00120481927711,0,2026-06-11,26,2026-06-10,CAPABILITY_SCREEN_ONLY
003026_2026-06-11,003026,2026-06-11,2,2,RAW,M0,PERMUTED,10,0.388241897704,10,0.05,-0.0459548706659,-0.0459548706659,0,2026-06-11,26,2026-06-10,CAPABILITY_SCREEN_ONLY
600665_2026-06-12,600665,2026-06-12,2,2,RAW,M0,PERMUTED,10,0.517407904799,1,0.3125,0.012987012987,0.012987012987,0,2026-06-12,27,2026-06-11,CAPABILITY_SCREEN_ONLY
600378_2026-06-12,600378,2026-06-12,2,2,RAW,M0,PERMUTED,10,0.511660827337,2,0.8125,0.0784588441331,0.07,1,2026-06-12,27,2026-06-11,CAPABILITY_SCREEN_ONLY
002165_2026-06-12,002165,2026-06-12,2,2,RAW,M0,PERMUTED,10,0.508746790477,3,0.5625,0.0732356857523,0.07,1,2026-06-12,27,2026-06-11,CAPABILITY_SCREEN_ONLY
002119_2026-06-12,002119,2026-06-12,2,2,RAW,M0,PERMUTED,10,0.508118455624,4,0.4375,0.0543580131209,0.0543580131209,0,2026-06-12,27,2026-06-11,CAPABILITY_SCREEN_ONLY
603155_2026-06-12,603155,2026-06-12,2,2,RAW,M0,PERMUTED,10,0.506799723108,5,0.9375,0.087962962963,0.07,1,2026-06-12,27,2026-06-11,CAPABILITY_SCREEN_ONLY
600178_2026-06-12,600178,2026-06-12,2,2,RAW,M0,PERMUTED,10,0.496687903592,6,0.1875,-0.00398803589232,-0.00398803589232,0,2026-06-12,27,2026-06-11,CAPABILITY_SCREEN_ONLY
002409_2026-06-12,002409,2026-06-12,2,2,RAW,M0,PERMUTED,10,0.49084131772,7,0.6875,0.0771077107711,0.07,1,2026-06-12,27,2026-06-11,CAPABILITY_SCREEN_ONLY
000048_2026-06-12,000048,2026-06-12,3,3,RAW,M0,PERMUTED,10,0.441258277511,8,0.0625,-0.0215053763441,-0.0215053763441,0,2026-06-12,27,2026-06-11,CAPABILITY_SCREEN_ONLY
002203_2026-06-15,002203,2026-06-15,2,2,RAW,M0,PERMUTED,10,0.529469079049,1,0.5,0.03625,0.03625,0,2026-06-15,28,2026-06-12,CAPABILITY_SCREEN_ONLY
600067_2026-06-15,600067,2026-06-15,2,2,RAW,M0,PERMUTED,10,0.513862827588,2,0.166666666667,0.0285714285714,0.0285714285714,0,2026-06-15,28,2026-06-12,CAPABILITY_SCREEN_ONLY
603014_2026-06-15,603014,2026-06-15,2,2,RAW,M0,PERMUTED,10,0.495228317838,3,0.833333333333,0.111851637207,0.07,1,2026-06-15,28,2026-06-12,CAPABILITY_SCREEN_ONLY
001359_2026-06-16,001359,2026-06-16,2,2,RAW,M0,PERMUTED,10,0.520011648401,1,0.785714285714,0.120841364284,0.07,1,2026-06-16,29,2026-06-15,CAPABILITY_SCREEN_ONLY
601696_2026-06-16,601696,2026-06-16,2,2,RAW,M0,PERMUTED,10,0.519454051939,2,0.0714285714286,-0.0187265917603,-0.0187265917603,0,2026-06-16,29,2026-06-15,CAPABILITY_SCREEN_ONLY
603738_2026-06-16,603738,2026-06-16,2,2,RAW,M0,PERMUTED,10,0.514121287949,3,0.928571428571,0.129815592478,0.07,1,2026-06-16,29,2026-06-15,CAPABILITY_SCREEN_ONLY
603335_2026-06-16,603335,2026-06-16,2,2,RAW,M0,PERMUTED,10,0.509975283535,4,0.642857142857,0.111922141119,0.07,1,2026-06-16,29,2026-06-15,CAPABILITY_SCREEN_ONLY
000506_2026-06-16,000506,2026-06-16,2,2,RAW,M0,PERMUTED,10,0.503947219897,5,0.357142857143,-0.00130975769483,-0.00130975769483,0,2026-06-16,29,2026-06-15,CAPABILITY_SCREEN_ONLY
000510_2026-06-16,000510,2026-06-16,3,3,RAW,M0,PERMUTED,10,0.457934380234,6,0.214285714286,-0.0145310435931,-0.0145310435931,0,2026-06-16,29,2026-06-15,CAPABILITY_SCREEN_ONLY
601958_2026-06-16,601958,2026-06-16,3,3,RAW,M0,PERMUTED,10,0.455958320896,7,0.5,0.0439285714286,0.0439285714286,0,2026-06-16,29,2026-06-15,CAPABILITY_SCREEN_ONLY
002824_2026-06-17,002824,2026-06-17,2,2,RAW,M0,PERMUTED,10,0.519186186844,1,0.852941176471,0.144943820225,0.07,1,2026-06-17,30,2026-06-16,CAPABILITY_SCREEN_ONLY
002515_2026-06-17,002515,2026-06-17,2,2,RAW,M0,PERMUTED,10,0.518557612866,2,0.911764705882,0.165371809101,0.07,1,2026-06-17,30,2026-06-16,CAPABILITY_SCREEN_ONLY
600549_2026-06-17,600549,2026-06-17,2,2,RAW,M0,PERMUTED,10,0.51803041606,3,0.970588235294,0.209677419355,0.07,1,2026-06-17,30,2026-06-16,CAPABILITY_SCREEN_ONLY
603256_2026-06-17,603256,2026-06-17,2,2,RAW,M0,PERMUTED,10,0.517462635376,4,0.676470588235,0.12002451982,0.07,1,2026-06-17,30,2026-06-16,CAPABILITY_SCREEN_ONLY
605289_2026-06-17,605289,2026-06-17,2,2,RAW,M0,PERMUTED,10,0.51423812032,5,0.264705882353,0.065543071161,0.065543071161,0,2026-06-17,30,2026-06-16,CAPABILITY_SCREEN_ONLY
002851_2026-06-17,002851,2026-06-17,2,2,RAW,M0,PERMUTED,10,0.51388925851,6,0.441176470588,0.0721357850071,0.07,1,2026-06-17,30,2026-06-16,CAPABILITY_SCREEN_ONLY
002585_2026-06-17,002585,2026-06-17,2,2,RAW,M0,PERMUTED,10,0.512462145881,7,0.0882352941176,0.0378634212306,0.0378634212306,0,2026-06-17,30,2026-06-16,CAPABILITY_SCREEN_ONLY
002990_2026-06-17,002990,2026-06-17,2,2,RAW,M0,PERMUTED,10,0.505121302917,8,0.558823529412,0.0859687386405,0.07,1,2026-06-17,30,2026-06-16,CAPABILITY_SCREEN_ONLY
002552_2026-06-17,002552,2026-06-17,2,2,RAW,M0,PERMUTED,10,0.503986541965,9,0.735294117647,0.136402877698,0.07,1,2026-06-17,30,2026-06-16,CAPABILITY_SCREEN_ONLY
600703_2026-06-17,600703,2026-06-17,2,2,RAW,M0,PERMUTED,10,0.499846207047,10,0.617647058824,0.0892151326934,0.07,1,2026-06-17,30,2026-06-16,CAPABILITY_SCREEN_ONLY
603516_2026-06-17,603516,2026-06-17,2,2,RAW,M0,PERMUTED,10,0.498187040506,11,0.323529411765,0.0701068927387,0.07,1,2026-06-17,30,2026-06-16,CAPABILITY_SCREEN_ONLY
600545_2026-06-17,600545,2026-06-17,2,2,RAW,M0,PERMUTED,10,0.494792904742,12,0.794117647059,0.142857142857,0.07,1,2026-06-17,30,2026-06-16,CAPABILITY_SCREEN_ONLY
002806_2026-06-17,002806,2026-06-17,2,2,RAW,M0,PERMUTED,10,0.493282269474,13,0.147058823529,0.0405727923628,0.0405727923628,0,2026-06-17,30,2026-06-16,CAPABILITY_SCREEN_ONLY
601179_2026-06-17,601179,2026-06-17,2,2,RAW,M0,PERMUTED,10,0.4908025957,14,0.382352941176,0.0707908163265,0.07,1,2026-06-17,30,2026-06-16,CAPABILITY_SCREEN_ONLY
603045_2026-06-17,603045,2026-06-17,2,2,RAW,M0,PERMUTED,10,0.489122487579,15,0.205882352941,0.0585868150077,0.0585868150077,0,2026-06-17,30,2026-06-16,CAPABILITY_SCREEN_ONLY
002051_2026-06-17,002051,2026-06-17,2,2,RAW,M0,PERMUTED,10,0.48803132204,16,0.5,0.0827974276527,0.07,1,2026-06-17,30,2026-06-16,CAPABILITY_SCREEN_ONLY
605198_2026-06-17,605198,2026-06-17,3,3,RAW,M0,PERMUTED,10,0.476754122329,17,0.0294117647059,-0.0212765957447,-0.0212765957447,0,2026-06-17,30,2026-06-16,CAPABILITY_SCREEN_ONLY
000679_2026-06-18,000679,2026-06-18,2,2,RAW,M0,PERMUTED,10,0.513299144656,1,0.566666666667,0.0197889182058,0.0197889182058,0,2026-06-18,31,2026-06-17,CAPABILITY_SCREEN_ONLY
002484_2026-06-18,002484,2026-06-18,2,2,RAW,M0,PERMUTED,10,0.512344879797,2,0.0333333333333,-0.0501659904094,-0.0501659904094,0,2026-06-18,31,2026-06-17,CAPABILITY_SCREEN_ONLY
600186_2026-06-18,600186,2026-06-18,2,2,RAW,M0,PERMUTED,10,0.505580895973,3,0.7,0.0350515463918,0.0350515463918,0,2026-06-18,31,2026-06-17,CAPABILITY_SCREEN_ONLY
603773_2026-06-18,603773,2026-06-18,2,2,RAW,M0,PERMUTED,10,0.503582389239,4,0.833333333333,0.0675738274464,0.0675738274464,0,2026-06-18,31,2026-06-17,CAPABILITY_SCREEN_ONLY
600192_2026-06-18,600192,2026-06-18,2,2,RAW,M0,PERMUTED,10,0.496904873819,5,0.3,0.00126742712294,0.00126742712294,0,2026-06-18,31,2026-06-17,CAPABILITY_SCREEN_ONLY
600615_2026-06-18,600615,2026-06-18,2,2,RAW,M0,PERMUTED,10,0.496899477751,6,0.233333333333,-0.00570342205323,-0.00570342205323,0,2026-06-18,31,2026-06-17,CAPABILITY_SCREEN_ONLY
600707_2026-06-18,600707,2026-06-18,2,2,RAW,M0,PERMUTED,10,0.495057921213,7,0.9,0.109845402766,0.07,1,2026-06-18,31,2026-06-17,CAPABILITY_SCREEN_ONLY
603186_2026-06-18,603186,2026-06-18,3,3,RAW,M0,PERMUTED,10,0.465521326538,8,0.766666666667,0.0454831800428,0.0454831800428,0,2026-06-18,31,2026-06-17,CAPABILITY_SCREEN_ONLY
600110_2026-06-18,600110,2026-06-18,3,3,RAW,M0,PERMUTED,10,0.461615236125,9,0.1,-0.0444572748268,-0.0444572748268,0,2026-06-18,31,2026-06-17,CAPABILITY_SCREEN_ONLY
002741_2026-06-18,002741,2026-06-18,3,3,RAW,M0,PERMUTED,10,0.457357026976,10,0.166666666667,-0.0204131227217,-0.0204131227217,0,2026-06-18,31,2026-06-17,CAPABILITY_SCREEN_ONLY
603002_2026-06-18,603002,2026-06-18,3,3,RAW,M0,PERMUTED,10,0.452763551419,11,0.966666666667,0.117920540997,0.07,1,2026-06-18,31,2026-06-17,CAPABILITY_SCREEN_ONLY
002080_2026-06-18,002080,2026-06-18,3,3,RAW,M0,PERMUTED,10,0.44609402811,12,0.5,0.0197681513118,0.0197681513118,0,2026-06-18,31,2026-06-17,CAPABILITY_SCREEN_ONLY
601636_2026-06-18,601636,2026-06-18,3,3,RAW,M0,PERMUTED,10,0.445344205663,13,0.366666666667,0.0048309178744,0.0048309178744,0,2026-06-18,31,2026-06-17,CAPABILITY_SCREEN_ONLY
603115_2026-06-18,603115,2026-06-18,3,3,RAW,M0,PERMUTED,10,0.440616351984,14,0.633333333333,0.0322945682451,0.0322945682451,0,2026-06-18,31,2026-06-17,CAPABILITY_SCREEN_ONLY
000777_2026-06-18,000777,2026-06-18,3,3,RAW,M0,PERMUTED,10,0.440576033267,15,0.433333333333,0.0143464399575,0.0143464399575,0,2026-06-18,31,2026-06-17,CAPABILITY_SCREEN_ONLY
002491_2026-06-22,002491,2026-06-22,2,2,RAW,M0,PERMUTED,10,0.517494535031,1,0.5,0.0711188204683,0.07,1,2026-06-22,32,2026-06-18,CAPABILITY_SCREEN_ONLY
001339_2026-06-22,001339,2026-06-22,2,2,RAW,M0,PERMUTED,10,0.51685546801,2,0.357142857143,0.0626988437961,0.0626988437961,0,2026-06-22,32,2026-06-18,CAPABILITY_SCREEN_ONLY
603261_2026-06-22,603261,2026-06-22,2,2,RAW,M0,PERMUTED,10,0.516468786586,3,0.928571428571,0.193737328227,0.07,1,2026-06-22,32,2026-06-18,CAPABILITY_SCREEN_ONLY
603324_2026-06-22,603324,2026-06-22,2,2,RAW,M0,PERMUTED,10,0.507418256906,4,0.785714285714,0.106767652089,0.07,1,2026-06-22,32,2026-06-18,CAPABILITY_SCREEN_ONLY
002579_2026-06-22,002579,2026-06-22,2,2,RAW,M0,PERMUTED,10,0.506620442559,5,0.0714285714286,-0.0383309073265,-0.0383309073265,0,2026-06-22,32,2026-06-18,CAPABILITY_SCREEN_ONLY
002989_2026-06-22,002989,2026-06-22,3,3,RAW,M0,PERMUTED,10,0.456122168477,6,0.214285714286,0.0214190093708,0.0214190093708,0,2026-06-22,32,2026-06-18,CAPABILITY_SCREEN_ONLY
002141_2026-06-22,002141,2026-06-22,3,3,RAW,M0,PERMUTED,10,0.451830462286,7,0.642857142857,0.0746268656716,0.07,1,2026-06-22,32,2026-06-18,CAPABILITY_SCREEN_ONLY
002297_2026-06-23,002297,2026-06-23,2,2,RAW,M0,PERMUTED,10,0.526259344223,1,0.892857142857,0.132492113565,0.07,1,2026-06-23,33,2026-06-22,CAPABILITY_SCREEN_ONLY
603082_2026-06-23,603082,2026-06-23,2,2,RAW,M0,PERMUTED,10,0.520581421057,2,0.107142857143,0.0208955223881,0.0208955223881,0,2026-06-23,33,2026-06-22,CAPABILITY_SCREEN_ONLY
002655_2026-06-23,002655,2026-06-23,2,2,RAW,M0,PERMUTED,10,0.518214982451,3,0.821428571429,0.112807463953,0.07,1,2026-06-23,33,2026-06-22,CAPABILITY_SCREEN_ONLY
600769_2026-06-23,600769,2026-06-23,2,2,RAW,M0,PERMUTED,10,0.517321729343,4,0.0357142857143,0.00775547445255,0.00775547445255,0,2026-06-23,33,2026-06-22,CAPABILITY_SCREEN_ONLY
002805_2026-06-23,002805,2026-06-23,2,2,RAW,M0,PERMUTED,10,0.514523813395,5,0.321428571429,0.0302405498282,0.0302405498282,0,2026-06-23,33,2026-06-22,CAPABILITY_SCREEN_ONLY
603663_2026-06-23,603663,2026-06-23,2,2,RAW,M0,PERMUTED,10,0.513319440305,6,0.25,0.0294117647059,0.0294117647059,0,2026-06-23,33,2026-06-22,CAPABILITY_SCREEN_ONLY
003031_2026-06-23,003031,2026-06-23,2,2,RAW,M0,PERMUTED,10,0.510118283767,7,0.464285714286,0.0645161290323,0.0645161290323,0,2026-06-23,33,2026-06-22,CAPABILITY_SCREEN_ONLY
001296_2026-06-23,001296,2026-06-23,2,2,RAW,M0,PERMUTED,10,0.506104425063,8,0.178571428571,0.0229293401965,0.0229293401965,0,2026-06-23,33,2026-06-22,CAPABILITY_SCREEN_ONLY
002842_2026-06-23,002842,2026-06-23,2,2,RAW,M0,PERMUTED,10,0.502359326996,9,0.678571428571,0.0887335874629,0.07,1,2026-06-23,33,2026-06-22,CAPABILITY_SCREEN_ONLY
000657_2026-06-23,000657,2026-06-23,2,2,RAW,M0,PERMUTED,10,0.501857634831,10,0.607142857143,0.0773082315241,0.07,1,2026-06-23,33,2026-06-22,CAPABILITY_SCREEN_ONLY
600162_2026-06-23,600162,2026-06-23,2,2,RAW,M0,PERMUTED,10,0.499641780875,11,0.535714285714,0.0704960835509,0.07,1,2026-06-23,33,2026-06-22,CAPABILITY_SCREEN_ONLY
002354_2026-06-23,002354,2026-06-23,2,2,RAW,M0,PERMUTED,10,0.498335103453,12,0.392857142857,0.0438489646772,0.0438489646772,0,2026-06-23,33,2026-06-22,CAPABILITY_SCREEN_ONLY
603380_2026-06-23,603380,2026-06-23,2,2,RAW,M0,PERMUTED,10,0.497686751061,13,0.75,0.108924806746,0.07,1,2026-06-23,33,2026-06-22,CAPABILITY_SCREEN_ONLY
000811_2026-06-23,000811,2026-06-23,3,3,RAW,M0,PERMUTED,10,0.449869904138,14,0.964285714286,0.219968087531,0.07,1,2026-06-23,33,2026-06-22,CAPABILITY_SCREEN_ONLY
603757_2026-06-24,603757,2026-06-24,2,2,RAW,M0,PERMUTED,10,0.517244660142,1,0.633333333333,0.0516980613227,0.0516980613227,0,2026-06-24,34,2026-06-23,CAPABILITY_SCREEN_ONLY
600172_2026-06-24,600172,2026-06-24,2,2,RAW,M0,PERMUTED,10,0.515235192561,2,0.7,0.0564468211527,0.0564468211527,0,2026-06-24,34,2026-06-23,CAPABILITY_SCREEN_ONLY
000070_2026-06-24,000070,2026-06-24,2,2,RAW,M0,PERMUTED,10,0.514516566608,3,0.233333333333,-0.0225029609159,-0.0225029609159,0,2026-06-24,34,2026-06-23,CAPABILITY_SCREEN_ONLY
601869_2026-06-24,601869,2026-06-24,2,2,RAW,M0,PERMUTED,10,0.511390884773,4,0.166666666667,-0.0267558528428,-0.0267558528428,0,2026-06-24,34,2026-06-23,CAPABILITY_SCREEN_ONLY
600470_2026-06-24,600470,2026-06-24,2,2,RAW,M0,PERMUTED,10,0.508819911937,5,0.5,0.0189873417722,0.0189873417722,0,2026-06-24,34,2026-06-23,CAPABILITY_SCREEN_ONLY
000783_2026-06-24,000783,2026-06-24,2,2,RAW,M0,PERMUTED,10,0.507871547401,6,0.9,0.091103965702,0.07,1,2026-06-24,34,2026-06-23,CAPABILITY_SCREEN_ONLY
600400_2026-06-24,600400,2026-06-24,2,2,RAW,M0,PERMUTED,10,0.507647348292,7,0.966666666667,0.100323624595,0.07,1,2026-06-24,34,2026-06-23,CAPABILITY_SCREEN_ONLY
605377_2026-06-24,605377,2026-06-24,2,2,RAW,M0,PERMUTED,10,0.504465625173,8,0.3,-0.0173913043478,-0.0173913043478,0,2026-06-24,34,2026-06-23,CAPABILITY_SCREEN_ONLY
002830_2026-06-24,002830,2026-06-24,2,2,RAW,M0,PERMUTED,10,0.503916591236,9,0.1,-0.0324971493729,-0.0324971493729,0,2026-06-24,34,2026-06-23,CAPABILITY_SCREEN_ONLY
000571_2026-06-24,000571,2026-06-24,2,2,RAW,M0,PERMUTED,10,0.50000113307,10,0.833333333333,0.079674796748,0.07,1,2026-06-24,34,2026-06-23,CAPABILITY_SCREEN_ONLY
600322_2026-06-24,600322,2026-06-24,2,2,RAW,M0,PERMUTED,10,0.498025084658,11,0.433333333333,0.0181818181818,0.0181818181818,0,2026-06-24,34,2026-06-23,CAPABILITY_SCREEN_ONLY
605580_2026-06-24,605580,2026-06-24,2,2,RAW,M0,PERMUTED,10,0.491971835853,12,0.366666666667,-0.00604026845638,-0.00604026845638,0,2026-06-24,34,2026-06-23,CAPABILITY_SCREEN_ONLY
002672_2026-06-24,002672,2026-06-24,2,2,RAW,M0,PERMUTED,10,0.49076237726,13,0.566666666667,0.0512129380054,0.0512129380054,0,2026-06-24,34,2026-06-23,CAPABILITY_SCREEN_ONLY
600851_2026-06-24,600851,2026-06-24,3,3,RAW,M0,PERMUTED,10,0.449576764346,14,0.0333333333333,-0.036815920398,-0.036815920398,0,2026-06-24,34,2026-06-23,CAPABILITY_SCREEN_ONLY
002068_2026-06-24,002068,2026-06-24,3,3,RAW,M0,PERMUTED,10,0.442870418737,15,0.766666666667,0.0647138964578,0.0647138964578,0,2026-06-24,34,2026-06-23,CAPABILITY_SCREEN_ONLY
002580_2026-06-25,002580,2026-06-25,2,2,RAW,M0,PERMUTED,10,0.516190374278,1,0.0555555555556,-0.12269446672,-0.12269446672,0,2026-06-25,35,2026-06-24,CAPABILITY_SCREEN_ONLY
002631_2026-06-25,002631,2026-06-25,2,2,RAW,M0,PERMUTED,10,0.515342549091,2,0.5,0.0383838383838,0.0383838383838,0,2026-06-25,35,2026-06-24,CAPABILITY_SCREEN_ONLY
600379_2026-06-25,600379,2026-06-25,2,2,RAW,M0,PERMUTED,10,0.514410090068,3,0.166666666667,-0.0113182423435,-0.0113182423435,0,2026-06-25,35,2026-06-24,CAPABILITY_SCREEN_ONLY
600909_2026-06-25,600909,2026-06-25,2,2,RAW,M0,PERMUTED,10,0.514020431739,4,0.611111111111,0.07,0.07,1,2026-06-25,35,2026-06-24,CAPABILITY_SCREEN_ONLY
000566_2026-06-25,000566,2026-06-25,2,2,RAW,M0,PERMUTED,10,0.510247697512,5,0.277777777778,-0.0021978021978,-0.0021978021978,0,2026-06-25,35,2026-06-24,CAPABILITY_SCREEN_ONLY
002687_2026-06-25,002687,2026-06-25,2,2,RAW,M0,PERMUTED,10,0.508209231136,6,0.833333333333,0.134703196347,0.07,1,2026-06-25,35,2026-06-24,CAPABILITY_SCREEN_ONLY
002584_2026-06-25,002584,2026-06-25,2,2,RAW,M0,PERMUTED,10,0.503464886201,7,0.388888888889,0.0383064516129,0.0383064516129,0,2026-06-25,35,2026-06-24,CAPABILITY_SCREEN_ONLY
605069_2026-06-25,605069,2026-06-25,3,3,RAW,M0,PERMUTED,10,0.447560434784,8,0.722222222222,0.108333333333,0.07,1,2026-06-25,35,2026-06-24,CAPABILITY_SCREEN_ONLY
603938_2026-06-25,603938,2026-06-25,3,3,RAW,M0,PERMUTED,10,0.433291038299,9,0.944444444444,0.174225028703,0.07,1,2026-06-25,35,2026-06-24,CAPABILITY_SCREEN_ONLY
603989_2026-06-26,603989,2026-06-26,2,2,RAW,M0,PERMUTED,10,0.532177041471,1,0.208333333333,-0.0419642857143,-0.0419642857143,0,2026-06-26,36,2026-06-25,CAPABILITY_SCREEN_ONLY
002990_2026-06-26,002990,2026-06-26,2,2,RAW,M0,PERMUTED,10,0.526272864579,2,0.958333333333,0.086383601757,0.07,1,2026-06-26,36,2026-06-25,CAPABILITY_SCREEN_ONLY
600667_2026-06-26,600667,2026-06-26,2,2,RAW,M0,PERMUTED,10,0.521424234882,3,0.708333333333,0.0668103448276,0.0668103448276,0,2026-06-26,36,2026-06-25,CAPABILITY_SCREEN_ONLY
002254_2026-06-26,002254,2026-06-26,2,2,RAW,M0,PERMUTED,10,0.519175084156,4,0.375,-0.025974025974,-0.025974025974,0,2026-06-26,36,2026-06-25,CAPABILITY_SCREEN_ONLY
600141_2026-06-26,600141,2026-06-26,2,2,RAW,M0,PERMUTED,10,0.51755570965,5,0.125,-0.0441767068273,-0.0441767068273,0,2026-06-26,36,2026-06-25,CAPABILITY_SCREEN_ONLY
002080_2026-06-26,002080,2026-06-26,2,2,RAW,M0,PERMUTED,10,0.515191974981,6,0.0416666666667,-0.0525252525253,-0.0525252525253,0,2026-06-26,36,2026-06-25,CAPABILITY_SCREEN_ONLY
600584_2026-06-26,600584,2026-06-26,2,2,RAW,M0,PERMUTED,10,0.513938227918,7,0.458333333333,0.0200970873786,0.0200970873786,0,2026-06-26,36,2026-06-25,CAPABILITY_SCREEN_ONLY
603713_2026-06-26,603713,2026-06-26,2,2,RAW,M0,PERMUTED,10,0.513094403481,8,0.291666666667,-0.0293809024134,-0.0293809024134,0,2026-06-26,36,2026-06-25,CAPABILITY_SCREEN_ONLY
603929_2026-06-26,603929,2026-06-26,2,2,RAW,M0,PERMUTED,10,0.508996880047,9,0.625,0.0476785648642,0.0476785648642,0,2026-06-26,36,2026-06-25,CAPABILITY_SCREEN_ONLY
603678_2026-06-26,603678,2026-06-26,2,2,RAW,M0,PERMUTED,10,0.507051612716,10,0.541666666667,0.0416001963431,0.0416001963431,0,2026-06-26,36,2026-06-25,CAPABILITY_SCREEN_ONLY
002025_2026-06-26,002025,2026-06-26,2,2,RAW,M0,PERMUTED,10,0.504280854822,11,0.791666666667,0.0701369863014,0.07,1,2026-06-26,36,2026-06-25,CAPABILITY_SCREEN_ONLY
000818_2026-06-26,000818,2026-06-26,2,2,RAW,M0,PERMUTED,10,0.498941623417,12,0.875,0.0779510022272,0.07,1,2026-06-26,36,2026-06-25,CAPABILITY_SCREEN_ONLY
600962_2026-06-29,600962,2026-06-29,2,2,RAW,M0,PERMUTED,10,0.525434249225,1,0.5,0.0751028806584,0.07,1,2026-06-29,37,2026-06-26,CAPABILITY_SCREEN_ONLY
002965_2026-06-29,002965,2026-06-29,2,2,RAW,M0,PERMUTED,10,0.514270717257,2,0.9,0.100767366721,0.07,1,2026-06-29,37,2026-06-26,CAPABILITY_SCREEN_ONLY
002141_2026-06-29,002141,2026-06-29,2,2,RAW,M0,PERMUTED,10,0.511689352053,3,0.3,0.0196078431373,0.0196078431373,0,2026-06-29,37,2026-06-26,CAPABILITY_SCREEN_ONLY
000823_2026-06-29,000823,2026-06-29,3,3,RAW,M0,PERMUTED,10,0.442435875784,4,0.7,0.0925280681378,0.07,1,2026-06-29,37,2026-06-26,CAPABILITY_SCREEN_ONLY
600228_2026-06-29,600228,2026-06-29,3,3,RAW,M0,PERMUTED,10,0.439522669319,5,0.1,-0.0793172690763,-0.0793172690763,0,2026-06-29,37,2026-06-26,CAPABILITY_SCREEN_ONLY
603155_2026-06-30,603155,2026-06-30,2,2,RAW,M0,PERMUTED,10,0.516442899278,1,0.928571428571,0.112028725314,0.07,1,2026-06-30,38,2026-06-29,CAPABILITY_SCREEN_ONLY
603163_2026-06-30,603163,2026-06-30,2,2,RAW,M0,PERMUTED,10,0.51335089763,2,0.214285714286,-0.0287162162162,-0.0287162162162,0,2026-06-30,38,2026-06-29,CAPABILITY_SCREEN_ONLY
002180_2026-06-30,002180,2026-06-30,2,2,RAW,M0,PERMUTED,10,0.508440628429,3,0.357142857143,0.019452887538,0.019452887538,0,2026-06-30,38,2026-06-29,CAPABILITY_SCREEN_ONLY
601133_2026-06-30,601133,2026-06-30,2,2,RAW,M0,PERMUTED,10,0.507509402228,4,0.0714285714286,-0.0627906976744,-0.0627906976744,0,2026-06-30,38,2026-06-29,CAPABILITY_SCREEN_ONLY
002568_2026-06-30,002568,2026-06-30,2,2,RAW,M0,PERMUTED,10,0.502942836631,5,0.642857142857,0.0430678466077,0.0430678466077,0,2026-06-30,38,2026-06-29,CAPABILITY_SCREEN_ONLY
603650_2026-06-30,603650,2026-06-30,2,2,RAW,M0,PERMUTED,10,0.488816125288,6,0.785714285714,0.0474406991261,0.0474406991261,0,2026-06-30,38,2026-06-29,CAPABILITY_SCREEN_ONLY
603956_2026-06-30,603956,2026-06-30,3,3,RAW,M0,PERMUTED,10,0.458148901606,7,0.5,0.0395387149918,0.0395387149918,0,2026-06-30,38,2026-06-29,CAPABILITY_SCREEN_ONLY
002208_2026-05-20,002208,2026-05-20,2,2,RAW,M1,PERMUTED,10,0.531791153394,1,0.05,-0.0725490196078,-0.0725490196078,0,2026-05-20,10,2026-05-19,CAPABILITY_SCREEN_ONLY
603115_2026-05-20,603115,2026-05-20,2,2,RAW,M1,PERMUTED,10,0.527497268932,2,0.95,0.205409887035,0.07,1,2026-05-20,10,2026-05-19,CAPABILITY_SCREEN_ONLY
002552_2026-05-20,002552,2026-05-20,2,2,RAW,M1,PERMUTED,10,0.517217282096,3,0.55,0.0844226579521,0.07,1,2026-05-20,10,2026-05-19,CAPABILITY_SCREEN_ONLY
600903_2026-05-20,600903,2026-05-20,2,2,RAW,M1,PERMUTED,10,0.513374610205,4,0.75,0.145317545748,0.07,1,2026-05-20,10,2026-05-19,CAPABILITY_SCREEN_ONLY
603989_2026-05-20,603989,2026-05-20,2,2,RAW,M1,PERMUTED,10,0.500393605587,5,0.65,0.11015625,0.07,1,2026-05-20,10,2026-05-19,CAPABILITY_SCREEN_ONLY
600850_2026-05-20,600850,2026-05-20,2,2,RAW,M1,PERMUTED,10,0.500203707161,6,0.45,0.038338658147,0.038338658147,0,2026-05-20,10,2026-05-19,CAPABILITY_SCREEN_ONLY
605218_2026-05-20,605218,2026-05-20,2,2,RAW,M1,PERMUTED,10,0.500055377653,7,0.15,-0.0201499531396,-0.0201499531396,0,2026-05-20,10,2026-05-19,CAPABILITY_SCREEN_ONLY
600758_2026-05-20,600758,2026-05-20,2,2,RAW,M1,PERMUTED,10,0.485359642397,8,0.35,0.0168067226891,0.0168067226891,0,2026-05-20,10,2026-05-19,CAPABILITY_SCREEN_ONLY
603206_2026-05-20,603206,2026-05-20,2,2,RAW,M1,PERMUTED,10,0.482869757803,9,0.25,-0.00410888546482,-0.00410888546482,0,2026-05-20,10,2026-05-19,CAPABILITY_SCREEN_ONLY
603311_2026-05-20,603311,2026-05-20,3,3,RAW,M1,PERMUTED,10,0.465963440695,10,0.85,0.172352523099,0.07,1,2026-05-20,10,2026-05-19,CAPABILITY_SCREEN_ONLY
605288_2026-05-21,605288,2026-05-21,2,2,RAW,M1,PERMUTED,10,0.559979121123,1,0.416666666667,0.0422794117647,0.0422794117647,0,2026-05-21,11,2026-05-20,CAPABILITY_SCREEN_ONLY
002782_2026-05-21,002782,2026-05-21,2,2,RAW,M1,PERMUTED,10,0.488843310348,2,0.25,0.039652173913,0.039652173913,0,2026-05-21,11,2026-05-20,CAPABILITY_SCREEN_ONLY
600563_2026-05-21,600563,2026-05-21,2,2,RAW,M1,PERMUTED,10,0.483976166487,3,0.916666666667,0.103625,0.07,1,2026-05-21,11,2026-05-20,CAPABILITY_SCREEN_ONLY
603938_2026-05-21,603938,2026-05-21,3,3,RAW,M1,PERMUTED,10,0.43328659191,4,0.0833333333333,-0.0416666666667,-0.0416666666667,0,2026-05-21,11,2026-05-20,CAPABILITY_SCREEN_ONLY
002272_2026-05-21,002272,2026-05-21,3,3,RAW,M1,PERMUTED,10,0.422737530256,5,0.583333333333,0.0904325032765,0.07,1,2026-05-21,11,2026-05-20,CAPABILITY_SCREEN_ONLY
000417_2026-05-21,000417,2026-05-21,3,3,RAW,M1,PERMUTED,10,0.410538035219,6,0.75,0.101020408163,0.07,1,2026-05-21,11,2026-05-20,CAPABILITY_SCREEN_ONLY
003004_2026-05-22,003004,2026-05-22,2,2,RAW,M1,PERMUTED,10,0.531101277546,1,0.5,0.126801152738,0.07,1,2026-05-22,12,2026-05-21,CAPABILITY_SCREEN_ONLY
000725_2026-05-25,000725,2026-05-25,2,2,RAW,M1,PERMUTED,10,0.517861116584,1,0.9375,0.166666666667,0.07,1,2026-05-25,13,2026-05-22,CAPABILITY_SCREEN_ONLY
000012_2026-05-25,000012,2026-05-25,2,2,RAW,M1,PERMUTED,10,0.512797077068,2,0.8125,0.0617848970252,0.0617848970252,0,2026-05-25,13,2026-05-22,CAPABILITY_SCREEN_ONLY
002036_2026-05-25,002036,2026-05-25,2,2,RAW,M1,PERMUTED,10,0.504932440228,3,0.4375,0.0373563218391,0.0373563218391,0,2026-05-25,13,2026-05-22,CAPABILITY_SCREEN_ONLY
600303_2026-05-25,600303,2026-05-25,2,2,RAW,M1,PERMUTED,10,0.504408501421,4,0.3125,0.00546448087432,0.00546448087432,0,2026-05-25,13,2026-05-22,CAPABILITY_SCREEN_ONLY
001225_2026-05-25,001225,2026-05-25,2,2,RAW,M1,PERMUTED,10,0.494274062927,5,0.6875,0.0492430833478,0.0492430833478,0,2026-05-25,13,2026-05-22,CAPABILITY_SCREEN_ONLY
002931_2026-05-25,002931,2026-05-25,2,2,RAW,M1,PERMUTED,10,0.49290485171,6,0.5625,0.0478995504573,0.0478995504573,0,2026-05-25,13,2026-05-22,CAPABILITY_SCREEN_ONLY
600611_2026-05-25,600611,2026-05-25,3,3,RAW,M1,PERMUTED,10,0.4666084315,7,0.0625,-0.0594227504244,-0.0594227504244,0,2026-05-25,13,2026-05-22,CAPABILITY_SCREEN_ONLY
002442_2026-05-25,002442,2026-05-25,3,3,RAW,M1,PERMUTED,10,0.437589504619,8,0.1875,0.00251256281407,0.00251256281407,0,2026-05-25,13,2026-05-22,CAPABILITY_SCREEN_ONLY
000636_2026-05-26,000636,2026-05-26,2,2,RAW,M1,PERMUTED,10,0.52377202718,1,0.972222222222,0.158095238095,0.07,1,2026-05-26,14,2026-05-25,CAPABILITY_SCREEN_ONLY
603256_2026-05-26,603256,2026-05-26,2,2,RAW,M1,PERMUTED,10,0.521073959125,2,0.75,0.0785286103542,0.07,1,2026-05-26,14,2026-05-25,CAPABILITY_SCREEN_ONLY
603936_2026-05-26,603936,2026-05-26,2,2,RAW,M1,PERMUTED,10,0.520787496825,3,0.361111111111,0.00308641975309,0.00308641975309,0,2026-05-26,14,2026-05-25,CAPABILITY_SCREEN_ONLY
603663_2026-05-26,603663,2026-05-26,2,2,RAW,M1,PERMUTED,10,0.518414876686,4,0.861111111111,0.123469387755,0.07,1,2026-05-26,14,2026-05-25,CAPABILITY_SCREEN_ONLY
002432_2026-05-26,002432,2026-05-26,2,2,RAW,M1,PERMUTED,10,0.517840261583,5,0.138888888889,-0.0606593406593,-0.0606593406593,0,2026-05-26,14,2026-05-25,CAPABILITY_SCREEN_ONLY
002741_2026-05-26,002741,2026-05-26,2,2,RAW,M1,PERMUTED,10,0.517603291343,6,0.805555555556,0.120460266091,0.07,1,2026-05-26,14,2026-05-25,CAPABILITY_SCREEN_ONLY
002938_2026-05-26,002938,2026-05-26,2,2,RAW,M1,PERMUTED,10,0.516766337408,7,0.194444444444,-0.0224137931034,-0.0224137931034,0,2026-05-26,14,2026-05-25,CAPABILITY_SCREEN_ONLY
600186_2026-05-26,600186,2026-05-26,2,2,RAW,M1,PERMUTED,10,0.515073616403,8,0.0277777777778,-0.12433661865,-0.12433661865,0,2026-05-26,14,2026-05-25,CAPABILITY_SCREEN_ONLY
605580_2026-05-26,605580,2026-05-26,2,2,RAW,M1,PERMUTED,10,0.510338912765,9,0.916666666667,0.1272,0.07,1,2026-05-26,14,2026-05-25,CAPABILITY_SCREEN_ONLY
600234_2026-05-26,600234,2026-05-26,2,2,RAW,M1,PERMUTED,10,0.509521328021,10,0.0833333333333,-0.0880968392737,-0.0880968392737,0,2026-05-26,14,2026-05-25,CAPABILITY_SCREEN_ONLY
603001_2026-05-26,603001,2026-05-26,2,2,RAW,M1,PERMUTED,10,0.505893241899,11,0.305555555556,0.000943396226415,0.000943396226415,0,2026-05-26,14,2026-05-25,CAPABILITY_SCREEN_ONLY
002421_2026-05-26,002421,2026-05-26,2,2,RAW,M1,PERMUTED,10,0.504052564778,12,0.583333333333,0.0553191489362,0.0553191489362,0,2026-05-26,14,2026-05-25,CAPABILITY_SCREEN_ONLY
600503_2026-05-26,600503,2026-05-26,2,2,RAW,M1,PERMUTED,10,0.502583594687,13,0.527777777778,0.0321428571429,0.0321428571429,0,2026-05-26,14,2026-05-25,CAPABILITY_SCREEN_ONLY
600539_2026-05-26,600539,2026-05-26,2,2,RAW,M1,PERMUTED,10,0.500471533288,14,0.416666666667,0.0260869565217,0.0260869565217,0,2026-05-26,14,2026-05-25,CAPABILITY_SCREEN_ONLY
002897_2026-05-26,002897,2026-05-26,2,2,RAW,M1,PERMUTED,10,0.50037353788,15,0.472222222222,0.0274577102231,0.0274577102231,0,2026-05-26,14,2026-05-25,CAPABILITY_SCREEN_ONLY
002980_2026-05-26,002980,2026-05-26,2,2,RAW,M1,PERMUTED,10,0.496381813393,16,0.638888888889,0.0574722997928,0.0574722997928,0,2026-05-26,14,2026-05-25,CAPABILITY_SCREEN_ONLY
002975_2026-05-26,002975,2026-05-26,2,2,RAW,M1,PERMUTED,10,0.491511886031,17,0.694444444444,0.0652070442646,0.0652070442646,0,2026-05-26,14,2026-05-25,CAPABILITY_SCREEN_ONLY
603661_2026-05-26,603661,2026-05-26,3,3,RAW,M1,PERMUTED,10,0.435137089154,18,0.25,-0.00778097982709,-0.00778097982709,0,2026-05-26,14,2026-05-25,CAPABILITY_SCREEN_ONLY
003036_2026-05-27,003036,2026-05-27,2,2,RAW,M1,PERMUTED,10,0.54371610826,1,0.95,0.244761904762,0.07,1,2026-05-27,15,2026-05-26,CAPABILITY_SCREEN_ONLY
002185_2026-05-27,002185,2026-05-27,2,2,RAW,M1,PERMUTED,10,0.523586201213,2,0.35,0.0669975186104,0.0669975186104,0,2026-05-27,15,2026-05-26,CAPABILITY_SCREEN_ONLY
002957_2026-05-27,002957,2026-05-27,2,2,RAW,M1,PERMUTED,10,0.516923290122,3,0.65,0.212845673506,0.07,1,2026-05-27,15,2026-05-26,CAPABILITY_SCREEN_ONLY
600584_2026-05-27,600584,2026-05-27,2,2,RAW,M1,PERMUTED,10,0.505806519155,4,0.45,0.0814359715697,0.07,1,2026-05-27,15,2026-05-26,CAPABILITY_SCREEN_ONLY
002388_2026-05-27,002388,2026-05-27,2,2,RAW,M1,PERMUTED,10,0.491831911546,5,0.15,0.0187074829932,0.0187074829932,0,2026-05-27,15,2026-05-26,CAPABILITY_SCREEN_ONLY
600520_2026-05-27,600520,2026-05-27,2,2,RAW,M1,PERMUTED,10,0.481704479399,6,0.25,0.0330961954841,0.0330961954841,0,2026-05-27,15,2026-05-26,CAPABILITY_SCREEN_ONLY
002585_2026-05-27,002585,2026-05-27,3,3,RAW,M1,PERMUTED,10,0.452493969181,7,0.55,0.0986590038314,0.07,1,2026-05-27,15,2026-05-26,CAPABILITY_SCREEN_ONLY
002552_2026-05-27,002552,2026-05-27,3,3,RAW,M1,PERMUTED,10,0.450875740521,8,0.85,0.222996515679,0.07,1,2026-05-27,15,2026-05-26,CAPABILITY_SCREEN_ONLY
600172_2026-05-27,600172,2026-05-27,3,3,RAW,M1,PERMUTED,10,0.443894786938,9,0.75,0.21482602118,0.07,1,2026-05-27,15,2026-05-26,CAPABILITY_SCREEN_ONLY
000510_2026-05-27,000510,2026-05-27,3,3,RAW,M1,PERMUTED,10,0.4413833007,10,0.05,0.00334821428571,0.00334821428571,0,2026-05-27,15,2026-05-26,CAPABILITY_SCREEN_ONLY
002771_2026-05-28,002771,2026-05-28,2,2,RAW,M1,PERMUTED,10,0.51345529159,1,0.625,0.0943396226415,0.07,1,2026-05-28,16,2026-05-27,CAPABILITY_SCREEN_ONLY
000759_2026-05-28,000759,2026-05-28,2,2,RAW,M1,PERMUTED,10,0.494576415182,2,0.375,0.0771929824561,0.07,1,2026-05-28,16,2026-05-27,CAPABILITY_SCREEN_ONLY
002251_2026-05-28,002251,2026-05-28,2,2,RAW,M1,PERMUTED,10,0.489672638155,3,0.875,0.168539325843,0.07,1,2026-05-28,16,2026-05-27,CAPABILITY_SCREEN_ONLY
001257_2026-05-28,001257,2026-05-28,2,2,RAW,M1,PERMUTED,10,0.48347317488,4,0.125,-0.0676771237222,-0.0676771237222,0,2026-05-28,16,2026-05-27,CAPABILITY_SCREEN_ONLY
603989_2026-05-29,603989,2026-05-29,2,2,RAW,M1,PERMUTED,10,0.50756674984,1,0.166666666667,-0.0322019147084,-0.0322019147084,0,2026-05-29,17,2026-05-28,CAPABILITY_SCREEN_ONLY
603032_2026-05-29,603032,2026-05-29,2,2,RAW,M1,PERMUTED,10,0.488690180199,2,0.5,0.00237812128419,0.00237812128419,0,2026-05-29,17,2026-05-28,CAPABILITY_SCREEN_ONLY
002579_2026-05-29,002579,2026-05-29,3,3,RAW,M1,PERMUTED,10,0.460401164029,3,0.833333333333,0.195852534562,0.07,1,2026-05-29,17,2026-05-28,CAPABILITY_SCREEN_ONLY
000090_2026-06-01,000090,2026-06-01,2,2,RAW,M1,PERMUTED,10,0.513885895173,1,0.125,-0.0263852242744,-0.0263852242744,0,2026-06-01,18,2026-05-29,CAPABILITY_SCREEN_ONLY
600110_2026-06-01,600110,2026-06-01,2,2,RAW,M1,PERMUTED,10,0.508606894118,2,0.625,0.0451559934319,0.0451559934319,0,2026-06-01,18,2026-05-29,CAPABILITY_SCREEN_ONLY
002806_2026-06-01,002806,2026-06-01,2,2,RAW,M1,PERMUTED,10,0.492626533878,3,0.875,0.149321266968,0.07,1,2026-06-01,18,2026-05-29,CAPABILITY_SCREEN_ONLY
603324_2026-06-01,603324,2026-06-01,2,2,RAW,M1,PERMUTED,10,0.492200791917,4,0.375,0.0224038752649,0.0224038752649,0,2026-06-01,18,2026-05-29,CAPABILITY_SCREEN_ONLY
002608_2026-06-02,002608,2026-06-02,2,2,RAW,M1,PERMUTED,10,0.526684698548,1,0.75,0.099,0.07,1,2026-06-02,19,2026-06-01,CAPABILITY_SCREEN_ONLY
600011_2026-06-02,600011,2026-06-02,2,2,RAW,M1,PERMUTED,10,0.49985170159,2,0.25,0.0260475651189,0.0260475651189,0,2026-06-02,19,2026-06-01,CAPABILITY_SCREEN_ONLY
002404_2026-06-03,002404,2026-06-03,2,2,RAW,M1,PERMUTED,10,0.512078008558,1,0.5,0.0299319727891,0.0299319727891,0,2026-06-03,20,2026-06-02,CAPABILITY_SCREEN_ONLY
001210_2026-06-03,001210,2026-06-03,2,2,RAW,M1,PERMUTED,10,0.510686733785,2,0.0714285714286,-0.244557534634,-0.244557534634,0,2026-06-03,20,2026-06-02,CAPABILITY_SCREEN_ONLY
002579_2026-06-03,002579,2026-06-03,2,2,RAW,M1,PERMUTED,10,0.504309653672,3,0.642857142857,0.0540254237288,0.0540254237288,0,2026-06-03,20,2026-06-02,CAPABILITY_SCREEN_ONLY
000055_2026-06-03,000055,2026-06-03,2,2,RAW,M1,PERMUTED,10,0.48459106051,4,0.357142857143,0,0,0,2026-06-03,20,2026-06-02,CAPABILITY_SCREEN_ONLY
002421_2026-06-03,002421,2026-06-03,2,2,RAW,M1,PERMUTED,10,0.480859492885,5,0.785714285714,0.0698151950719,0.0698151950719,0,2026-06-03,20,2026-06-02,CAPABILITY_SCREEN_ONLY
600280_2026-06-03,600280,2026-06-03,3,3,RAW,M1,PERMUTED,10,0.468925912101,6,0.214285714286,-0.0125313283208,-0.0125313283208,0,2026-06-03,20,2026-06-02,CAPABILITY_SCREEN_ONLY
603045_2026-06-03,603045,2026-06-03,2,2,RAW,M1,PERMUTED,10,0.464000547397,7,0.928571428571,0.154815115807,0.07,1,2026-06-03,20,2026-06-02,CAPABILITY_SCREEN_ONLY
600487_2026-06-04,600487,2026-06-04,2,2,RAW,M1,PERMUTED,10,0.539676249959,1,0.916666666667,0.0659375,0.0659375,0,2026-06-04,21,2026-06-03,CAPABILITY_SCREEN_ONLY
603311_2026-06-04,603311,2026-06-04,2,2,RAW,M1,PERMUTED,10,0.522290404996,2,0.75,0.0277923439958,0.0277923439958,0,2026-06-04,21,2026-06-03,CAPABILITY_SCREEN_ONLY
002137_2026-06-04,002137,2026-06-04,2,2,RAW,M1,PERMUTED,10,0.521750602131,3,0.583333333333,0.0068359375,0.0068359375,0,2026-06-04,21,2026-06-03,CAPABILITY_SCREEN_ONLY
000700_2026-06-04,000700,2026-06-04,2,2,RAW,M1,PERMUTED,10,0.507388462232,4,0.0833333333333,-0.0651340996169,-0.0651340996169,0,2026-06-04,21,2026-06-03,CAPABILITY_SCREEN_ONLY
600936_2026-06-04,600936,2026-06-04,2,2,RAW,M1,PERMUTED,10,0.475611359039,5,0.25,-0.0455284552846,-0.0455284552846,0,2026-06-04,21,2026-06-03,CAPABILITY_SCREEN_ONLY
600121_2026-06-04,600121,2026-06-04,3,3,RAW,M1,PERMUTED,10,0.455399896182,6,0.416666666667,-0.00709219858156,-0.00709219858156,0,2026-06-04,21,2026-06-03,CAPABILITY_SCREEN_ONLY
600688_2026-06-05,600688,2026-06-05,2,2,RAW,M1,PERMUTED,10,0.521809081838,1,0.416666666667,0.00302114803625,0.00302114803625,0,2026-06-05,22,2026-06-04,CAPABILITY_SCREEN_ONLY
001896_2026-06-05,001896,2026-06-05,2,2,RAW,M1,PERMUTED,10,0.507575514231,2,0.75,0.0850528434826,0.07,1,2026-06-05,22,2026-06-04,CAPABILITY_SCREEN_ONLY
605162_2026-06-05,605162,2026-06-05,2,2,RAW,M1,PERMUTED,10,0.506121348451,3,0.0833333333333,-0.0449915110357,-0.0449915110357,0,2026-06-05,22,2026-06-04,CAPABILITY_SCREEN_ONLY
600439_2026-06-05,600439,2026-06-05,2,2,RAW,M1,PERMUTED,10,0.492782180738,4,0.25,-0.0113636363636,-0.0113636363636,0,2026-06-05,22,2026-06-04,CAPABILITY_SCREEN_ONLY
002787_2026-06-05,002787,2026-06-05,2,2,RAW,M1,PERMUTED,10,0.490638216374,5,0.583333333333,0.0670498084291,0.0670498084291,0,2026-06-05,22,2026-06-04,CAPABILITY_SCREEN_ONLY
600255_2026-06-05,600255,2026-06-05,3,3,RAW,M1,PERMUTED,10,0.422863188174,6,0.916666666667,0.0896551724138,0.07,1,2026-06-05,22,2026-06-04,CAPABILITY_SCREEN_ONLY
600293_2026-06-08,600293,2026-06-08,2,2,RAW,M1,PERMUTED,10,0.522835193777,1,0.166666666667,-0.0172839506173,-0.0172839506173,0,2026-06-08,23,2026-06-05,CAPABILITY_SCREEN_ONLY
000520_2026-06-08,000520,2026-06-08,2,2,RAW,M1,PERMUTED,10,0.505309431321,2,0.5,-0.0109409190372,-0.0109409190372,0,2026-06-08,23,2026-06-05,CAPABILITY_SCREEN_ONLY
003036_2026-06-08,003036,2026-06-08,2,2,RAW,M1,PERMUTED,10,0.491250068221,3,0.833333333333,0.0681933842239,0.0681933842239,0,2026-06-08,23,2026-06-05,CAPABILITY_SCREEN_ONLY
603859_2026-06-09,603859,2026-06-09,2,2,RAW,M1,PERMUTED,10,0.52053022963,1,0.833333333333,0.0640412922959,0.0640412922959,0,2026-06-09,24,2026-06-08,CAPABILITY_SCREEN_ONLY
002421_2026-06-09,002421,2026-06-09,2,2,RAW,M1,PERMUTED,10,0.51191103103,2,0.0555555555556,-0.142105263158,-0.142105263158,0,2026-06-09,24,2026-06-08,CAPABILITY_SCREEN_ONLY
000068_2026-06-09,000068,2026-06-09,2,2,RAW,M1,PERMUTED,10,0.497039001111,3,0.166666666667,-0.0503978779841,-0.0503978779841,0,2026-06-09,24,2026-06-08,CAPABILITY_SCREEN_ONLY
003009_2026-06-09,003009,2026-06-09,2,2,RAW,M1,PERMUTED,10,0.496429572846,4,0.388888888889,-0.0131004366812,-0.0131004366812,0,2026-06-09,24,2026-06-08,CAPABILITY_SCREEN_ONLY
002361_2026-06-09,002361,2026-06-09,2,2,RAW,M1,PERMUTED,10,0.493521296235,5,0.722222222222,0.047323943662,0.047323943662,0,2026-06-09,24,2026-06-08,CAPABILITY_SCREEN_ONLY
000517_2026-06-09,000517,2026-06-09,2,2,RAW,M1,PERMUTED,10,0.480614589207,6,0.611111111111,0.0147783251232,0.0147783251232,0,2026-06-09,24,2026-06-08,CAPABILITY_SCREEN_ONLY
002613_2026-06-09,002613,2026-06-09,2,2,RAW,M1,PERMUTED,10,0.479387896336,7,0.277777777778,-0.013698630137,-0.013698630137,0,2026-06-09,24,2026-06-08,CAPABILITY_SCREEN_ONLY
000759_2026-06-09,000759,2026-06-09,2,2,RAW,M1,PERMUTED,10,0.472443953896,8,0.5,0.00649350649351,0.00649350649351,0,2026-06-09,24,2026-06-08,CAPABILITY_SCREEN_ONLY
603500_2026-06-09,603500,2026-06-09,3,3,RAW,M1,PERMUTED,10,0.438254318371,9,0.944444444444,0.0936270653029,0.07,1,2026-06-09,24,2026-06-08,CAPABILITY_SCREEN_ONLY
603929_2026-06-10,603929,2026-06-10,2,2,RAW,M1,PERMUTED,10,0.555028188992,1,0.642857142857,0.0850540374308,0.07,1,2026-06-10,25,2026-06-09,CAPABILITY_SCREEN_ONLY
603186_2026-06-10,603186,2026-06-10,2,2,RAW,M1,PERMUTED,10,0.54246931986,2,0.785714285714,0.12896813445,0.07,1,2026-06-10,25,2026-06-09,CAPABILITY_SCREEN_ONLY
001696_2026-06-10,001696,2026-06-10,2,2,RAW,M1,PERMUTED,10,0.524253407515,3,0.928571428571,0.202105263158,0.07,1,2026-06-10,25,2026-06-09,CAPABILITY_SCREEN_ONLY
603616_2026-06-10,603616,2026-06-10,2,2,RAW,M1,PERMUTED,10,0.518776134775,4,0.214285714286,0.0160583941606,0.0160583941606,0,2026-06-10,25,2026-06-09,CAPABILITY_SCREEN_ONLY
002747_2026-06-10,002747,2026-06-10,2,2,RAW,M1,PERMUTED,10,0.514046374927,5,0.357142857143,0.0194285714286,0.0194285714286,0,2026-06-10,25,2026-06-09,CAPABILITY_SCREEN_ONLY
002362_2026-06-10,002362,2026-06-10,2,2,RAW,M1,PERMUTED,10,0.509732906712,6,0.0714285714286,-0.0082219938335,-0.0082219938335,0,2026-06-10,25,2026-06-09,CAPABILITY_SCREEN_ONLY
002254_2026-06-10,002254,2026-06-10,3,3,RAW,M1,PERMUTED,10,0.430388400546,7,0.5,0.0754173862982,0.07,1,2026-06-10,25,2026-06-09,CAPABILITY_SCREEN_ONLY
603065_2026-06-11,603065,2026-06-11,2,2,RAW,M1,PERMUTED,10,0.574553015062,1,0.55,0.0286764705882,0.0286764705882,0,2026-06-11,26,2026-06-10,CAPABILITY_SCREEN_ONLY
605318_2026-06-11,605318,2026-06-11,2,2,RAW,M1,PERMUTED,10,0.558980832275,2,0.65,0.0456747404844,0.0456747404844,0,2026-06-11,26,2026-06-10,CAPABILITY_SCREEN_ONLY
605006_2026-06-11,605006,2026-06-11,2,2,RAW,M1,PERMUTED,10,0.516123244417,3,0.35,0.012037037037,0.012037037037,0,2026-06-11,26,2026-06-10,CAPABILITY_SCREEN_ONLY
002636_2026-06-11,002636,2026-06-11,3,3,RAW,M1,PERMUTED,10,0.509974770073,4,0.95,0.0890098899878,0.07,1,2026-06-11,26,2026-06-10,CAPABILITY_SCREEN_ONLY
605589_2026-06-11,605589,2026-06-11,2,2,RAW,M1,PERMUTED,10,0.507223597111,5,0.85,0.0872881355932,0.07,1,2026-06-11,26,2026-06-10,CAPABILITY_SCREEN_ONLY
000029_2026-06-11,000029,2026-06-11,2,2,RAW,M1,PERMUTED,10,0.484131831904,6,0.25,0.0117970900511,0.0117970900511,0,2026-06-11,26,2026-06-10,CAPABILITY_SCREEN_ONLY
603002_2026-06-11,603002,2026-06-11,2,2,RAW,M1,PERMUTED,10,0.480104119293,7,0.75,0.0673719376392,0.0673719376392,0,2026-06-11,26,2026-06-10,CAPABILITY_SCREEN_ONLY
002585_2026-06-11,002585,2026-06-11,2,2,RAW,M1,PERMUTED,10,0.477265557057,8,0.45,0.0257648953301,0.0257648953301,0,2026-06-11,26,2026-06-10,CAPABILITY_SCREEN_ONLY
002669_2026-06-11,002669,2026-06-11,2,2,RAW,M1,PERMUTED,10,0.471507912191,9,0.15,-0.00120481927711,-0.00120481927711,0,2026-06-11,26,2026-06-10,CAPABILITY_SCREEN_ONLY
003026_2026-06-11,003026,2026-06-11,2,2,RAW,M1,PERMUTED,10,0.388036182446,10,0.05,-0.0459548706659,-0.0459548706659,0,2026-06-11,26,2026-06-10,CAPABILITY_SCREEN_ONLY
600665_2026-06-12,600665,2026-06-12,2,2,RAW,M1,PERMUTED,10,0.514928602636,1,0.3125,0.012987012987,0.012987012987,0,2026-06-12,27,2026-06-11,CAPABILITY_SCREEN_ONLY
600378_2026-06-12,600378,2026-06-12,2,2,RAW,M1,PERMUTED,10,0.509122963882,2,0.8125,0.0784588441331,0.07,1,2026-06-12,27,2026-06-11,CAPABILITY_SCREEN_ONLY
002165_2026-06-12,002165,2026-06-12,2,2,RAW,M1,PERMUTED,10,0.50620829754,3,0.5625,0.0732356857523,0.07,1,2026-06-12,27,2026-06-11,CAPABILITY_SCREEN_ONLY
002119_2026-06-12,002119,2026-06-12,2,2,RAW,M1,PERMUTED,10,0.504258260741,4,0.4375,0.0543580131209,0.0543580131209,0,2026-06-12,27,2026-06-11,CAPABILITY_SCREEN_ONLY
603155_2026-06-12,603155,2026-06-12,2,2,RAW,M1,PERMUTED,10,0.504244741453,5,0.9375,0.087962962963,0.07,1,2026-06-12,27,2026-06-11,CAPABILITY_SCREEN_ONLY
600178_2026-06-12,600178,2026-06-12,2,2,RAW,M1,PERMUTED,10,0.49403085445,6,0.1875,-0.00398803589232,-0.00398803589232,0,2026-06-12,27,2026-06-11,CAPABILITY_SCREEN_ONLY
002409_2026-06-12,002409,2026-06-12,2,2,RAW,M1,PERMUTED,10,0.488236943064,7,0.6875,0.0771077107711,0.07,1,2026-06-12,27,2026-06-11,CAPABILITY_SCREEN_ONLY
000048_2026-06-12,000048,2026-06-12,3,3,RAW,M1,PERMUTED,10,0.441612815476,8,0.0625,-0.0215053763441,-0.0215053763441,0,2026-06-12,27,2026-06-11,CAPABILITY_SCREEN_ONLY
002203_2026-06-15,002203,2026-06-15,2,2,RAW,M1,PERMUTED,10,0.53120017962,1,0.5,0.03625,0.03625,0,2026-06-15,28,2026-06-12,CAPABILITY_SCREEN_ONLY
600067_2026-06-15,600067,2026-06-15,2,2,RAW,M1,PERMUTED,10,0.515257431404,2,0.166666666667,0.0285714285714,0.0285714285714,0,2026-06-15,28,2026-06-12,CAPABILITY_SCREEN_ONLY
603014_2026-06-15,603014,2026-06-15,2,2,RAW,M1,PERMUTED,10,0.496383267674,3,0.833333333333,0.111851637207,0.07,1,2026-06-15,28,2026-06-12,CAPABILITY_SCREEN_ONLY
001359_2026-06-16,001359,2026-06-16,2,2,RAW,M1,PERMUTED,10,0.521394195896,1,0.785714285714,0.120841364284,0.07,1,2026-06-16,29,2026-06-15,CAPABILITY_SCREEN_ONLY
601696_2026-06-16,601696,2026-06-16,2,2,RAW,M1,PERMUTED,10,0.520915393424,2,0.0714285714286,-0.0187265917603,-0.0187265917603,0,2026-06-16,29,2026-06-15,CAPABILITY_SCREEN_ONLY
603738_2026-06-16,603738,2026-06-16,2,2,RAW,M1,PERMUTED,10,0.515293126923,3,0.928571428571,0.129815592478,0.07,1,2026-06-16,29,2026-06-15,CAPABILITY_SCREEN_ONLY
603335_2026-06-16,603335,2026-06-16,2,2,RAW,M1,PERMUTED,10,0.511131098588,4,0.642857142857,0.111922141119,0.07,1,2026-06-16,29,2026-06-15,CAPABILITY_SCREEN_ONLY
000506_2026-06-16,000506,2026-06-16,2,2,RAW,M1,PERMUTED,10,0.504967513932,5,0.357142857143,-0.00130975769483,-0.00130975769483,0,2026-06-16,29,2026-06-15,CAPABILITY_SCREEN_ONLY
000510_2026-06-16,000510,2026-06-16,3,3,RAW,M1,PERMUTED,10,0.461884433434,6,0.214285714286,-0.0145310435931,-0.0145310435931,0,2026-06-16,29,2026-06-15,CAPABILITY_SCREEN_ONLY
601958_2026-06-16,601958,2026-06-16,3,3,RAW,M1,PERMUTED,10,0.459974653622,7,0.5,0.0439285714286,0.0439285714286,0,2026-06-16,29,2026-06-15,CAPABILITY_SCREEN_ONLY
002824_2026-06-17,002824,2026-06-17,2,2,RAW,M1,PERMUTED,10,0.520804004919,1,0.852941176471,0.144943820225,0.07,1,2026-06-17,30,2026-06-16,CAPABILITY_SCREEN_ONLY
002515_2026-06-17,002515,2026-06-17,2,2,RAW,M1,PERMUTED,10,0.520010155687,2,0.911764705882,0.165371809101,0.07,1,2026-06-17,30,2026-06-16,CAPABILITY_SCREEN_ONLY
600549_2026-06-17,600549,2026-06-17,2,2,RAW,M1,PERMUTED,10,0.519571556915,3,0.970588235294,0.209677419355,0.07,1,2026-06-17,30,2026-06-16,CAPABILITY_SCREEN_ONLY
603256_2026-06-17,603256,2026-06-17,2,2,RAW,M1,PERMUTED,10,0.518804087085,4,0.676470588235,0.12002451982,0.07,1,2026-06-17,30,2026-06-16,CAPABILITY_SCREEN_ONLY
605289_2026-06-17,605289,2026-06-17,2,2,RAW,M1,PERMUTED,10,0.515598151162,5,0.264705882353,0.065543071161,0.065543071161,0,2026-06-17,30,2026-06-16,CAPABILITY_SCREEN_ONLY
002851_2026-06-17,002851,2026-06-17,2,2,RAW,M1,PERMUTED,10,0.515332108528,6,0.441176470588,0.0721357850071,0.07,1,2026-06-17,30,2026-06-16,CAPABILITY_SCREEN_ONLY
002585_2026-06-17,002585,2026-06-17,2,2,RAW,M1,PERMUTED,10,0.513808937875,7,0.0882352941176,0.0378634212306,0.0378634212306,0,2026-06-17,30,2026-06-16,CAPABILITY_SCREEN_ONLY
002990_2026-06-17,002990,2026-06-17,2,2,RAW,M1,PERMUTED,10,0.506218422346,8,0.558823529412,0.0859687386405,0.07,1,2026-06-17,30,2026-06-16,CAPABILITY_SCREEN_ONLY
002552_2026-06-17,002552,2026-06-17,2,2,RAW,M1,PERMUTED,10,0.50524029981,9,0.735294117647,0.136402877698,0.07,1,2026-06-17,30,2026-06-16,CAPABILITY_SCREEN_ONLY
600703_2026-06-17,600703,2026-06-17,2,2,RAW,M1,PERMUTED,10,0.500918575042,10,0.617647058824,0.0892151326934,0.07,1,2026-06-17,30,2026-06-16,CAPABILITY_SCREEN_ONLY
603516_2026-06-17,603516,2026-06-17,2,2,RAW,M1,PERMUTED,10,0.499219850655,11,0.323529411765,0.0701068927387,0.07,1,2026-06-17,30,2026-06-16,CAPABILITY_SCREEN_ONLY
600545_2026-06-17,600545,2026-06-17,2,2,RAW,M1,PERMUTED,10,0.49567334542,12,0.794117647059,0.142857142857,0.07,1,2026-06-17,30,2026-06-16,CAPABILITY_SCREEN_ONLY
002806_2026-06-17,002806,2026-06-17,2,2,RAW,M1,PERMUTED,10,0.494287588304,13,0.147058823529,0.0405727923628,0.0405727923628,0,2026-06-17,30,2026-06-16,CAPABILITY_SCREEN_ONLY
601179_2026-06-17,601179,2026-06-17,2,2,RAW,M1,PERMUTED,10,0.491730201033,14,0.382352941176,0.0707908163265,0.07,1,2026-06-17,30,2026-06-16,CAPABILITY_SCREEN_ONLY
603045_2026-06-17,603045,2026-06-17,2,2,RAW,M1,PERMUTED,10,0.490073284239,15,0.205882352941,0.0585868150077,0.0585868150077,0,2026-06-17,30,2026-06-16,CAPABILITY_SCREEN_ONLY
002051_2026-06-17,002051,2026-06-17,2,2,RAW,M1,PERMUTED,10,0.488805701577,16,0.5,0.0827974276527,0.07,1,2026-06-17,30,2026-06-16,CAPABILITY_SCREEN_ONLY
605198_2026-06-17,605198,2026-06-17,3,3,RAW,M1,PERMUTED,10,0.481149339844,17,0.0294117647059,-0.0212765957447,-0.0212765957447,0,2026-06-17,30,2026-06-16,CAPABILITY_SCREEN_ONLY
000679_2026-06-18,000679,2026-06-18,2,2,RAW,M1,PERMUTED,10,0.514404761632,1,0.566666666667,0.0197889182058,0.0197889182058,0,2026-06-18,31,2026-06-17,CAPABILITY_SCREEN_ONLY
002484_2026-06-18,002484,2026-06-18,2,2,RAW,M1,PERMUTED,10,0.51357083606,2,0.0333333333333,-0.0501659904094,-0.0501659904094,0,2026-06-18,31,2026-06-17,CAPABILITY_SCREEN_ONLY
600186_2026-06-18,600186,2026-06-18,2,2,RAW,M1,PERMUTED,10,0.506551834285,3,0.7,0.0350515463918,0.0350515463918,0,2026-06-18,31,2026-06-17,CAPABILITY_SCREEN_ONLY
603773_2026-06-18,603773,2026-06-18,2,2,RAW,M1,PERMUTED,10,0.504678665257,4,0.833333333333,0.0675738274464,0.0675738274464,0,2026-06-18,31,2026-06-17,CAPABILITY_SCREEN_ONLY
600615_2026-06-18,600615,2026-06-18,2,2,RAW,M1,PERMUTED,10,0.497714434259,5,0.233333333333,-0.00570342205323,-0.00570342205323,0,2026-06-18,31,2026-06-17,CAPABILITY_SCREEN_ONLY
600192_2026-06-18,600192,2026-06-18,2,2,RAW,M1,PERMUTED,10,0.497645560745,6,0.3,0.00126742712294,0.00126742712294,0,2026-06-18,31,2026-06-17,CAPABILITY_SCREEN_ONLY
600707_2026-06-18,600707,2026-06-18,2,2,RAW,M1,PERMUTED,10,0.495765792546,7,0.9,0.109845402766,0.07,1,2026-06-18,31,2026-06-17,CAPABILITY_SCREEN_ONLY
603186_2026-06-18,603186,2026-06-18,3,3,RAW,M1,PERMUTED,10,0.469532921139,8,0.766666666667,0.0454831800428,0.0454831800428,0,2026-06-18,31,2026-06-17,CAPABILITY_SCREEN_ONLY
600110_2026-06-18,600110,2026-06-18,3,3,RAW,M1,PERMUTED,10,0.465326682895,9,0.1,-0.0444572748268,-0.0444572748268,0,2026-06-18,31,2026-06-17,CAPABILITY_SCREEN_ONLY
002741_2026-06-18,002741,2026-06-18,3,3,RAW,M1,PERMUTED,10,0.461248009186,10,0.166666666667,-0.0204131227217,-0.0204131227217,0,2026-06-18,31,2026-06-17,CAPABILITY_SCREEN_ONLY
603002_2026-06-18,603002,2026-06-18,3,3,RAW,M1,PERMUTED,10,0.456286139775,11,0.966666666667,0.117920540997,0.07,1,2026-06-18,31,2026-06-17,CAPABILITY_SCREEN_ONLY
002080_2026-06-18,002080,2026-06-18,3,3,RAW,M1,PERMUTED,10,0.4494349554,12,0.5,0.0197681513118,0.0197681513118,0,2026-06-18,31,2026-06-17,CAPABILITY_SCREEN_ONLY
601636_2026-06-18,601636,2026-06-18,3,3,RAW,M1,PERMUTED,10,0.448445976162,13,0.366666666667,0.0048309178744,0.0048309178744,0,2026-06-18,31,2026-06-17,CAPABILITY_SCREEN_ONLY
000777_2026-06-18,000777,2026-06-18,3,3,RAW,M1,PERMUTED,10,0.443673251716,14,0.433333333333,0.0143464399575,0.0143464399575,0,2026-06-18,31,2026-06-17,CAPABILITY_SCREEN_ONLY
603115_2026-06-18,603115,2026-06-18,3,3,RAW,M1,PERMUTED,10,0.443603494335,15,0.633333333333,0.0322945682451,0.0322945682451,0,2026-06-18,31,2026-06-17,CAPABILITY_SCREEN_ONLY
002491_2026-06-22,002491,2026-06-22,2,2,RAW,M1,PERMUTED,10,0.518969060034,1,0.5,0.0711188204683,0.07,1,2026-06-22,32,2026-06-18,CAPABILITY_SCREEN_ONLY
001339_2026-06-22,001339,2026-06-22,2,2,RAW,M1,PERMUTED,10,0.518289386598,2,0.357142857143,0.0626988437961,0.0626988437961,0,2026-06-22,32,2026-06-18,CAPABILITY_SCREEN_ONLY
603261_2026-06-22,603261,2026-06-22,2,2,RAW,M1,PERMUTED,10,0.517880696874,3,0.928571428571,0.193737328227,0.07,1,2026-06-22,32,2026-06-18,CAPABILITY_SCREEN_ONLY
603324_2026-06-22,603324,2026-06-22,2,2,RAW,M1,PERMUTED,10,0.508539910232,4,0.785714285714,0.106767652089,0.07,1,2026-06-22,32,2026-06-18,CAPABILITY_SCREEN_ONLY
002579_2026-06-22,002579,2026-06-22,2,2,RAW,M1,PERMUTED,10,0.507974707872,5,0.0714285714286,-0.0383309073265,-0.0383309073265,0,2026-06-22,32,2026-06-18,CAPABILITY_SCREEN_ONLY
002989_2026-06-22,002989,2026-06-22,3,3,RAW,M1,PERMUTED,10,0.459672506675,6,0.214285714286,0.0214190093708,0.0214190093708,0,2026-06-22,32,2026-06-18,CAPABILITY_SCREEN_ONLY
002141_2026-06-22,002141,2026-06-22,3,3,RAW,M1,PERMUTED,10,0.454951217697,7,0.642857142857,0.0746268656716,0.07,1,2026-06-22,32,2026-06-18,CAPABILITY_SCREEN_ONLY
002297_2026-06-23,002297,2026-06-23,2,2,RAW,M1,PERMUTED,10,0.527682237565,1,0.892857142857,0.132492113565,0.07,1,2026-06-23,33,2026-06-22,CAPABILITY_SCREEN_ONLY
603082_2026-06-23,603082,2026-06-23,2,2,RAW,M1,PERMUTED,10,0.521802312516,2,0.107142857143,0.0208955223881,0.0208955223881,0,2026-06-23,33,2026-06-22,CAPABILITY_SCREEN_ONLY
002655_2026-06-23,002655,2026-06-23,2,2,RAW,M1,PERMUTED,10,0.519276005829,3,0.821428571429,0.112807463953,0.07,1,2026-06-23,33,2026-06-22,CAPABILITY_SCREEN_ONLY
600769_2026-06-23,600769,2026-06-23,2,2,RAW,M1,PERMUTED,10,0.5185519268,4,0.0357142857143,0.00775547445255,0.00775547445255,0,2026-06-23,33,2026-06-22,CAPABILITY_SCREEN_ONLY
002805_2026-06-23,002805,2026-06-23,2,2,RAW,M1,PERMUTED,10,0.515736061706,5,0.321428571429,0.0302405498282,0.0302405498282,0,2026-06-23,33,2026-06-22,CAPABILITY_SCREEN_ONLY
603663_2026-06-23,603663,2026-06-23,2,2,RAW,M1,PERMUTED,10,0.514573430611,6,0.25,0.0294117647059,0.0294117647059,0,2026-06-23,33,2026-06-22,CAPABILITY_SCREEN_ONLY
003031_2026-06-23,003031,2026-06-23,2,2,RAW,M1,PERMUTED,10,0.511063735957,7,0.464285714286,0.0645161290323,0.0645161290323,0,2026-06-23,33,2026-06-22,CAPABILITY_SCREEN_ONLY
001296_2026-06-23,001296,2026-06-23,2,2,RAW,M1,PERMUTED,10,0.50690164742,8,0.178571428571,0.0229293401965,0.0229293401965,0,2026-06-23,33,2026-06-22,CAPABILITY_SCREEN_ONLY
002842_2026-06-23,002842,2026-06-23,2,2,RAW,M1,PERMUTED,10,0.50324355023,9,0.678571428571,0.0887335874629,0.07,1,2026-06-23,33,2026-06-22,CAPABILITY_SCREEN_ONLY
000657_2026-06-23,000657,2026-06-23,2,2,RAW,M1,PERMUTED,10,0.502783739907,10,0.607142857143,0.0773082315241,0.07,1,2026-06-23,33,2026-06-22,CAPABILITY_SCREEN_ONLY
600162_2026-06-23,600162,2026-06-23,2,2,RAW,M1,PERMUTED,10,0.500343215947,11,0.535714285714,0.0704960835509,0.07,1,2026-06-23,33,2026-06-22,CAPABILITY_SCREEN_ONLY
002354_2026-06-23,002354,2026-06-23,2,2,RAW,M1,PERMUTED,10,0.499032208464,12,0.392857142857,0.0438489646772,0.0438489646772,0,2026-06-23,33,2026-06-22,CAPABILITY_SCREEN_ONLY
603380_2026-06-23,603380,2026-06-23,2,2,RAW,M1,PERMUTED,10,0.498553458739,13,0.75,0.108924806746,0.07,1,2026-06-23,33,2026-06-22,CAPABILITY_SCREEN_ONLY
000811_2026-06-23,000811,2026-06-23,3,3,RAW,M1,PERMUTED,10,0.45326749836,14,0.964285714286,0.219968087531,0.07,1,2026-06-23,33,2026-06-22,CAPABILITY_SCREEN_ONLY
603757_2026-06-24,603757,2026-06-24,2,2,RAW,M1,PERMUTED,10,0.518585282124,1,0.633333333333,0.0516980613227,0.0516980613227,0,2026-06-24,34,2026-06-23,CAPABILITY_SCREEN_ONLY
600172_2026-06-24,600172,2026-06-24,2,2,RAW,M1,PERMUTED,10,0.516430953161,2,0.7,0.0564468211527,0.0564468211527,0,2026-06-24,34,2026-06-23,CAPABILITY_SCREEN_ONLY
000070_2026-06-24,000070,2026-06-24,2,2,RAW,M1,PERMUTED,10,0.515680062555,3,0.233333333333,-0.0225029609159,-0.0225029609159,0,2026-06-24,34,2026-06-23,CAPABILITY_SCREEN_ONLY
601869_2026-06-24,601869,2026-06-24,2,2,RAW,M1,PERMUTED,10,0.512511370666,4,0.166666666667,-0.0267558528428,-0.0267558528428,0,2026-06-24,34,2026-06-23,CAPABILITY_SCREEN_ONLY
600470_2026-06-24,600470,2026-06-24,2,2,RAW,M1,PERMUTED,10,0.509701944869,5,0.5,0.0189873417722,0.0189873417722,0,2026-06-24,34,2026-06-23,CAPABILITY_SCREEN_ONLY
000783_2026-06-24,000783,2026-06-24,2,2,RAW,M1,PERMUTED,10,0.508758670277,6,0.9,0.091103965702,0.07,1,2026-06-24,34,2026-06-23,CAPABILITY_SCREEN_ONLY
600400_2026-06-24,600400,2026-06-24,2,2,RAW,M1,PERMUTED,10,0.508629146145,7,0.966666666667,0.100323624595,0.07,1,2026-06-24,34,2026-06-23,CAPABILITY_SCREEN_ONLY
605377_2026-06-24,605377,2026-06-24,2,2,RAW,M1,PERMUTED,10,0.505321039144,8,0.3,-0.0173913043478,-0.0173913043478,0,2026-06-24,34,2026-06-23,CAPABILITY_SCREEN_ONLY
002830_2026-06-24,002830,2026-06-24,2,2,RAW,M1,PERMUTED,10,0.504771879913,9,0.1,-0.0324971493729,-0.0324971493729,0,2026-06-24,34,2026-06-23,CAPABILITY_SCREEN_ONLY
000571_2026-06-24,000571,2026-06-24,2,2,RAW,M1,PERMUTED,10,0.500826476678,10,0.833333333333,0.079674796748,0.07,1,2026-06-24,34,2026-06-23,CAPABILITY_SCREEN_ONLY
600322_2026-06-24,600322,2026-06-24,2,2,RAW,M1,PERMUTED,10,0.498694566328,11,0.433333333333,0.0181818181818,0.0181818181818,0,2026-06-24,34,2026-06-23,CAPABILITY_SCREEN_ONLY
605580_2026-06-24,605580,2026-06-24,2,2,RAW,M1,PERMUTED,10,0.492961765349,12,0.366666666667,-0.00604026845638,-0.00604026845638,0,2026-06-24,34,2026-06-23,CAPABILITY_SCREEN_ONLY
002672_2026-06-24,002672,2026-06-24,2,2,RAW,M1,PERMUTED,10,0.491318313028,13,0.566666666667,0.0512129380054,0.0512129380054,0,2026-06-24,34,2026-06-23,CAPABILITY_SCREEN_ONLY
600851_2026-06-24,600851,2026-06-24,3,3,RAW,M1,PERMUTED,10,0.452561344961,14,0.0333333333333,-0.036815920398,-0.036815920398,0,2026-06-24,34,2026-06-23,CAPABILITY_SCREEN_ONLY
002068_2026-06-24,002068,2026-06-24,3,3,RAW,M1,PERMUTED,10,0.446152598964,15,0.766666666667,0.0647138964578,0.0647138964578,0,2026-06-24,34,2026-06-23,CAPABILITY_SCREEN_ONLY
002580_2026-06-25,002580,2026-06-25,2,2,RAW,M1,PERMUTED,10,0.516971768122,1,0.0555555555556,-0.12269446672,-0.12269446672,0,2026-06-25,35,2026-06-24,CAPABILITY_SCREEN_ONLY
002631_2026-06-25,002631,2026-06-25,2,2,RAW,M1,PERMUTED,10,0.516265195434,2,0.5,0.0383838383838,0.0383838383838,0,2026-06-25,35,2026-06-24,CAPABILITY_SCREEN_ONLY
600379_2026-06-25,600379,2026-06-25,2,2,RAW,M1,PERMUTED,10,0.515409806601,3,0.166666666667,-0.0113182423435,-0.0113182423435,0,2026-06-25,35,2026-06-24,CAPABILITY_SCREEN_ONLY
600909_2026-06-25,600909,2026-06-25,2,2,RAW,M1,PERMUTED,10,0.515266243696,4,0.611111111111,0.07,0.07,1,2026-06-25,35,2026-06-24,CAPABILITY_SCREEN_ONLY
000566_2026-06-25,000566,2026-06-25,2,2,RAW,M1,PERMUTED,10,0.5112183988,5,0.277777777778,-0.0021978021978,-0.0021978021978,0,2026-06-25,35,2026-06-24,CAPABILITY_SCREEN_ONLY
002687_2026-06-25,002687,2026-06-25,2,2,RAW,M1,PERMUTED,10,0.508850152189,6,0.833333333333,0.134703196347,0.07,1,2026-06-25,35,2026-06-24,CAPABILITY_SCREEN_ONLY
002584_2026-06-25,002584,2026-06-25,2,2,RAW,M1,PERMUTED,10,0.504187636838,7,0.388888888889,0.0383064516129,0.0383064516129,0,2026-06-25,35,2026-06-24,CAPABILITY_SCREEN_ONLY
605069_2026-06-25,605069,2026-06-25,3,3,RAW,M1,PERMUTED,10,0.418859493827,8,0.722222222222,0.108333333333,0.07,1,2026-06-25,35,2026-06-24,CAPABILITY_SCREEN_ONLY
603938_2026-06-25,603938,2026-06-25,3,3,RAW,M1,PERMUTED,10,0.410396479946,9,0.944444444444,0.174225028703,0.07,1,2026-06-25,35,2026-06-24,CAPABILITY_SCREEN_ONLY
603989_2026-06-26,603989,2026-06-26,2,2,RAW,M1,PERMUTED,10,0.532935782876,1,0.208333333333,-0.0419642857143,-0.0419642857143,0,2026-06-26,36,2026-06-25,CAPABILITY_SCREEN_ONLY
002990_2026-06-26,002990,2026-06-26,2,2,RAW,M1,PERMUTED,10,0.527001145941,2,0.958333333333,0.086383601757,0.07,1,2026-06-26,36,2026-06-25,CAPABILITY_SCREEN_ONLY
600667_2026-06-26,600667,2026-06-26,2,2,RAW,M1,PERMUTED,10,0.522082648641,3,0.708333333333,0.0668103448276,0.0668103448276,0,2026-06-26,36,2026-06-25,CAPABILITY_SCREEN_ONLY
002254_2026-06-26,002254,2026-06-26,2,2,RAW,M1,PERMUTED,10,0.51956716408,4,0.375,-0.025974025974,-0.025974025974,0,2026-06-26,36,2026-06-25,CAPABILITY_SCREEN_ONLY
600141_2026-06-26,600141,2026-06-26,2,2,RAW,M1,PERMUTED,10,0.518187957754,5,0.125,-0.0441767068273,-0.0441767068273,0,2026-06-26,36,2026-06-25,CAPABILITY_SCREEN_ONLY
002080_2026-06-26,002080,2026-06-26,2,2,RAW,M1,PERMUTED,10,0.515819735398,6,0.0416666666667,-0.0525252525253,-0.0525252525253,0,2026-06-26,36,2026-06-25,CAPABILITY_SCREEN_ONLY
600584_2026-06-26,600584,2026-06-26,2,2,RAW,M1,PERMUTED,10,0.514422891837,7,0.458333333333,0.0200970873786,0.0200970873786,0,2026-06-26,36,2026-06-25,CAPABILITY_SCREEN_ONLY
603713_2026-06-26,603713,2026-06-26,2,2,RAW,M1,PERMUTED,10,0.513726116373,8,0.291666666667,-0.0293809024134,-0.0293809024134,0,2026-06-26,36,2026-06-25,CAPABILITY_SCREEN_ONLY
603929_2026-06-26,603929,2026-06-26,2,2,RAW,M1,PERMUTED,10,0.509565993267,9,0.625,0.0476785648642,0.0476785648642,0,2026-06-26,36,2026-06-25,CAPABILITY_SCREEN_ONLY
603678_2026-06-26,603678,2026-06-26,2,2,RAW,M1,PERMUTED,10,0.507670254703,10,0.541666666667,0.0416001963431,0.0416001963431,0,2026-06-26,36,2026-06-25,CAPABILITY_SCREEN_ONLY
002025_2026-06-26,002025,2026-06-26,2,2,RAW,M1,PERMUTED,10,0.504857274356,11,0.791666666667,0.0701369863014,0.07,1,2026-06-26,36,2026-06-25,CAPABILITY_SCREEN_ONLY
000818_2026-06-26,000818,2026-06-26,2,2,RAW,M1,PERMUTED,10,0.499398341077,12,0.875,0.0779510022272,0.07,1,2026-06-26,36,2026-06-25,CAPABILITY_SCREEN_ONLY
600962_2026-06-29,600962,2026-06-29,2,2,RAW,M1,PERMUTED,10,0.525815635408,1,0.5,0.0751028806584,0.07,1,2026-06-29,37,2026-06-26,CAPABILITY_SCREEN_ONLY
002965_2026-06-29,002965,2026-06-29,2,2,RAW,M1,PERMUTED,10,0.514609853773,2,0.9,0.100767366721,0.07,1,2026-06-29,37,2026-06-26,CAPABILITY_SCREEN_ONLY
002141_2026-06-29,002141,2026-06-29,2,2,RAW,M1,PERMUTED,10,0.511978523909,3,0.3,0.0196078431373,0.0196078431373,0,2026-06-29,37,2026-06-26,CAPABILITY_SCREEN_ONLY
000823_2026-06-29,000823,2026-06-29,3,3,RAW,M1,PERMUTED,10,0.420551589822,4,0.7,0.0925280681378,0.07,1,2026-06-29,37,2026-06-26,CAPABILITY_SCREEN_ONLY
600228_2026-06-29,600228,2026-06-29,3,3,RAW,M1,PERMUTED,10,0.41267904686,5,0.1,-0.0793172690763,-0.0793172690763,0,2026-06-29,37,2026-06-26,CAPABILITY_SCREEN_ONLY
603155_2026-06-30,603155,2026-06-30,2,2,RAW,M1,PERMUTED,10,0.516085281228,1,0.928571428571,0.112028725314,0.07,1,2026-06-30,38,2026-06-29,CAPABILITY_SCREEN_ONLY
603163_2026-06-30,603163,2026-06-30,2,2,RAW,M1,PERMUTED,10,0.512975065704,2,0.214285714286,-0.0287162162162,-0.0287162162162,0,2026-06-30,38,2026-06-29,CAPABILITY_SCREEN_ONLY
002180_2026-06-30,002180,2026-06-30,2,2,RAW,M1,PERMUTED,10,0.508038172598,3,0.357142857143,0.019452887538,0.019452887538,0,2026-06-30,38,2026-06-29,CAPABILITY_SCREEN_ONLY
601133_2026-06-30,601133,2026-06-30,2,2,RAW,M1,PERMUTED,10,0.507079815879,4,0.0714285714286,-0.0627906976744,-0.0627906976744,0,2026-06-30,38,2026-06-29,CAPABILITY_SCREEN_ONLY
002568_2026-06-30,002568,2026-06-30,2,2,RAW,M1,PERMUTED,10,0.502531022204,5,0.642857142857,0.0430678466077,0.0430678466077,0,2026-06-30,38,2026-06-29,CAPABILITY_SCREEN_ONLY
603650_2026-06-30,603650,2026-06-30,2,2,RAW,M1,PERMUTED,10,0.488218249554,6,0.785714285714,0.0474406991261,0.0474406991261,0,2026-06-30,38,2026-06-29,CAPABILITY_SCREEN_ONLY
603956_2026-06-30,603956,2026-06-30,3,3,RAW,M1,PERMUTED,10,0.45612882797,7,0.5,0.0395387149918,0.0395387149918,0,2026-06-30,38,2026-06-29,CAPABILITY_SCREEN_ONLY
603311_2026-05-20,603311,2026-05-20,3,3,CS_RANK,M0,REAL,10,0.529568912452,1,0.85,0.172352523099,0.07,1,2026-05-20,10,2026-05-19,CAPABILITY_SCREEN_ONLY
002208_2026-05-20,002208,2026-05-20,2,2,CS_RANK,M0,REAL,10,0.520455902686,2,0.05,-0.0725490196078,-0.0725490196078,0,2026-05-20,10,2026-05-19,CAPABILITY_SCREEN_ONLY
603115_2026-05-20,603115,2026-05-20,2,2,CS_RANK,M0,REAL,10,0.518023916648,3,0.95,0.205409887035,0.07,1,2026-05-20,10,2026-05-19,CAPABILITY_SCREEN_ONLY
603989_2026-05-20,603989,2026-05-20,2,2,CS_RANK,M0,REAL,10,0.502772414951,4,0.65,0.11015625,0.07,1,2026-05-20,10,2026-05-19,CAPABILITY_SCREEN_ONLY
002552_2026-05-20,002552,2026-05-20,2,2,CS_RANK,M0,REAL,10,0.494891148265,5,0.55,0.0844226579521,0.07,1,2026-05-20,10,2026-05-19,CAPABILITY_SCREEN_ONLY
600850_2026-05-20,600850,2026-05-20,2,2,CS_RANK,M0,REAL,10,0.48843195124,6,0.45,0.038338658147,0.038338658147,0,2026-05-20,10,2026-05-19,CAPABILITY_SCREEN_ONLY
600903_2026-05-20,600903,2026-05-20,2,2,CS_RANK,M0,REAL,10,0.48826318238,7,0.75,0.145317545748,0.07,1,2026-05-20,10,2026-05-19,CAPABILITY_SCREEN_ONLY
605218_2026-05-20,605218,2026-05-20,2,2,CS_RANK,M0,REAL,10,0.486236528049,8,0.15,-0.0201499531396,-0.0201499531396,0,2026-05-20,10,2026-05-19,CAPABILITY_SCREEN_ONLY
600758_2026-05-20,600758,2026-05-20,2,2,CS_RANK,M0,REAL,10,0.481242104125,9,0.35,0.0168067226891,0.0168067226891,0,2026-05-20,10,2026-05-19,CAPABILITY_SCREEN_ONLY
603206_2026-05-20,603206,2026-05-20,2,2,CS_RANK,M0,REAL,10,0.476924803361,10,0.25,-0.00410888546482,-0.00410888546482,0,2026-05-20,10,2026-05-19,CAPABILITY_SCREEN_ONLY
605288_2026-05-21,605288,2026-05-21,2,2,CS_RANK,M0,REAL,10,0.532201077595,1,0.416666666667,0.0422794117647,0.0422794117647,0,2026-05-21,11,2026-05-20,CAPABILITY_SCREEN_ONLY
603938_2026-05-21,603938,2026-05-21,3,3,CS_RANK,M0,REAL,10,0.513568330815,2,0.0833333333333,-0.0416666666667,-0.0416666666667,0,2026-05-21,11,2026-05-20,CAPABILITY_SCREEN_ONLY
000417_2026-05-21,000417,2026-05-21,3,3,CS_RANK,M0,REAL,10,0.513435467494,3,0.75,0.101020408163,0.07,1,2026-05-21,11,2026-05-20,CAPABILITY_SCREEN_ONLY
600563_2026-05-21,600563,2026-05-21,2,2,CS_RANK,M0,REAL,10,0.504580707958,4,0.916666666667,0.103625,0.07,1,2026-05-21,11,2026-05-20,CAPABILITY_SCREEN_ONLY
002272_2026-05-21,002272,2026-05-21,3,3,CS_RANK,M0,REAL,10,0.493598378335,5,0.583333333333,0.0904325032765,0.07,1,2026-05-21,11,2026-05-20,CAPABILITY_SCREEN_ONLY
002782_2026-05-21,002782,2026-05-21,2,2,CS_RANK,M0,REAL,10,0.488469227428,6,0.25,0.039652173913,0.039652173913,0,2026-05-21,11,2026-05-20,CAPABILITY_SCREEN_ONLY
003004_2026-05-22,003004,2026-05-22,2,2,CS_RANK,M0,REAL,10,0.495846515058,1,0.5,0.126801152738,0.07,1,2026-05-22,12,2026-05-21,CAPABILITY_SCREEN_ONLY
600611_2026-05-25,600611,2026-05-25,3,3,CS_RANK,M0,REAL,10,0.533569145789,1,0.0625,-0.0594227504244,-0.0594227504244,0,2026-05-25,13,2026-05-22,CAPABILITY_SCREEN_ONLY
000725_2026-05-25,000725,2026-05-25,2,2,CS_RANK,M0,REAL,10,0.522900016304,2,0.9375,0.166666666667,0.07,1,2026-05-25,13,2026-05-22,CAPABILITY_SCREEN_ONLY
000012_2026-05-25,000012,2026-05-25,2,2,CS_RANK,M0,REAL,10,0.522109317185,3,0.8125,0.0617848970252,0.0617848970252,0,2026-05-25,13,2026-05-22,CAPABILITY_SCREEN_ONLY
002442_2026-05-25,002442,2026-05-25,3,3,CS_RANK,M0,REAL,10,0.518813051646,4,0.1875,0.00251256281407,0.00251256281407,0,2026-05-25,13,2026-05-22,CAPABILITY_SCREEN_ONLY
002036_2026-05-25,002036,2026-05-25,2,2,CS_RANK,M0,REAL,10,0.493930000821,5,0.4375,0.0373563218391,0.0373563218391,0,2026-05-25,13,2026-05-22,CAPABILITY_SCREEN_ONLY
600303_2026-05-25,600303,2026-05-25,2,2,CS_RANK,M0,REAL,10,0.483082748806,6,0.3125,0.00546448087432,0.00546448087432,0,2026-05-25,13,2026-05-22,CAPABILITY_SCREEN_ONLY
001225_2026-05-25,001225,2026-05-25,2,2,CS_RANK,M0,REAL,10,0.468845597321,7,0.6875,0.0492430833478,0.0492430833478,0,2026-05-25,13,2026-05-22,CAPABILITY_SCREEN_ONLY
002931_2026-05-25,002931,2026-05-25,2,2,CS_RANK,M0,REAL,10,0.46640429956,8,0.5625,0.0478995504573,0.0478995504573,0,2026-05-25,13,2026-05-22,CAPABILITY_SCREEN_ONLY
603936_2026-05-26,603936,2026-05-26,2,2,CS_RANK,M0,REAL,10,0.532527925485,1,0.361111111111,0.00308641975309,0.00308641975309,0,2026-05-26,14,2026-05-25,CAPABILITY_SCREEN_ONLY
605580_2026-05-26,605580,2026-05-26,2,2,CS_RANK,M0,REAL,10,0.530075803443,2,0.916666666667,0.1272,0.07,1,2026-05-26,14,2026-05-25,CAPABILITY_SCREEN_ONLY
600234_2026-05-26,600234,2026-05-26,2,2,CS_RANK,M0,REAL,10,0.529166781837,3,0.0833333333333,-0.0880968392737,-0.0880968392737,0,2026-05-26,14,2026-05-25,CAPABILITY_SCREEN_ONLY
603663_2026-05-26,603663,2026-05-26,2,2,CS_RANK,M0,REAL,10,0.522857721383,4,0.861111111111,0.123469387755,0.07,1,2026-05-26,14,2026-05-25,CAPABILITY_SCREEN_ONLY
002432_2026-05-26,002432,2026-05-26,2,2,CS_RANK,M0,REAL,10,0.517918676017,5,0.138888888889,-0.0606593406593,-0.0606593406593,0,2026-05-26,14,2026-05-25,CAPABILITY_SCREEN_ONLY
603256_2026-05-26,603256,2026-05-26,2,2,CS_RANK,M0,REAL,10,0.516307696781,6,0.75,0.0785286103542,0.07,1,2026-05-26,14,2026-05-25,CAPABILITY_SCREEN_ONLY
600186_2026-05-26,600186,2026-05-26,2,2,CS_RANK,M0,REAL,10,0.515455173961,7,0.0277777777778,-0.12433661865,-0.12433661865,0,2026-05-26,14,2026-05-25,CAPABILITY_SCREEN_ONLY
002741_2026-05-26,002741,2026-05-26,2,2,CS_RANK,M0,REAL,10,0.513764734621,8,0.805555555556,0.120460266091,0.07,1,2026-05-26,14,2026-05-25,CAPABILITY_SCREEN_ONLY
000636_2026-05-26,000636,2026-05-26,2,2,CS_RANK,M0,REAL,10,0.5118820939,9,0.972222222222,0.158095238095,0.07,1,2026-05-26,14,2026-05-25,CAPABILITY_SCREEN_ONLY
600539_2026-05-26,600539,2026-05-26,2,2,CS_RANK,M0,REAL,10,0.510015271104,10,0.416666666667,0.0260869565217,0.0260869565217,0,2026-05-26,14,2026-05-25,CAPABILITY_SCREEN_ONLY
002938_2026-05-26,002938,2026-05-26,2,2,CS_RANK,M0,REAL,10,0.493418963844,11,0.194444444444,-0.0224137931034,-0.0224137931034,0,2026-05-26,14,2026-05-25,CAPABILITY_SCREEN_ONLY
603001_2026-05-26,603001,2026-05-26,2,2,CS_RANK,M0,REAL,10,0.491516448078,12,0.305555555556,0.000943396226415,0.000943396226415,0,2026-05-26,14,2026-05-25,CAPABILITY_SCREEN_ONLY
600503_2026-05-26,600503,2026-05-26,2,2,CS_RANK,M0,REAL,10,0.483149042741,13,0.527777777778,0.0321428571429,0.0321428571429,0,2026-05-26,14,2026-05-25,CAPABILITY_SCREEN_ONLY
002897_2026-05-26,002897,2026-05-26,2,2,CS_RANK,M0,REAL,10,0.477146454036,14,0.472222222222,0.0274577102231,0.0274577102231,0,2026-05-26,14,2026-05-25,CAPABILITY_SCREEN_ONLY
603661_2026-05-26,603661,2026-05-26,3,3,CS_RANK,M0,REAL,10,0.471565088653,15,0.25,-0.00778097982709,-0.00778097982709,0,2026-05-26,14,2026-05-25,CAPABILITY_SCREEN_ONLY
002975_2026-05-26,002975,2026-05-26,2,2,CS_RANK,M0,REAL,10,0.465480035872,16,0.694444444444,0.0652070442646,0.0652070442646,0,2026-05-26,14,2026-05-25,CAPABILITY_SCREEN_ONLY
002421_2026-05-26,002421,2026-05-26,2,2,CS_RANK,M0,REAL,10,0.464174605249,17,0.583333333333,0.0553191489362,0.0553191489362,0,2026-05-26,14,2026-05-25,CAPABILITY_SCREEN_ONLY
002980_2026-05-26,002980,2026-05-26,2,2,CS_RANK,M0,REAL,10,0.463831940316,18,0.638888888889,0.0574722997928,0.0574722997928,0,2026-05-26,14,2026-05-25,CAPABILITY_SCREEN_ONLY
003036_2026-05-27,003036,2026-05-27,2,2,CS_RANK,M0,REAL,10,0.539140875992,1,0.95,0.244761904762,0.07,1,2026-05-27,15,2026-05-26,CAPABILITY_SCREEN_ONLY
002185_2026-05-27,002185,2026-05-27,2,2,CS_RANK,M0,REAL,10,0.527806069211,2,0.35,0.0669975186104,0.0669975186104,0,2026-05-27,15,2026-05-26,CAPABILITY_SCREEN_ONLY
002957_2026-05-27,002957,2026-05-27,2,2,CS_RANK,M0,REAL,10,0.515832785236,3,0.65,0.212845673506,0.07,1,2026-05-27,15,2026-05-26,CAPABILITY_SCREEN_ONLY
002552_2026-05-27,002552,2026-05-27,3,3,CS_RANK,M0,REAL,10,0.508909759861,4,0.85,0.222996515679,0.07,1,2026-05-27,15,2026-05-26,CAPABILITY_SCREEN_ONLY
002585_2026-05-27,002585,2026-05-27,3,3,CS_RANK,M0,REAL,10,0.503291251058,5,0.55,0.0986590038314,0.07,1,2026-05-27,15,2026-05-26,CAPABILITY_SCREEN_ONLY
600584_2026-05-27,600584,2026-05-27,2,2,CS_RANK,M0,REAL,10,0.485863016024,6,0.45,0.0814359715697,0.07,1,2026-05-27,15,2026-05-26,CAPABILITY_SCREEN_ONLY
600172_2026-05-27,600172,2026-05-27,3,3,CS_RANK,M0,REAL,10,0.485161057206,7,0.75,0.21482602118,0.07,1,2026-05-27,15,2026-05-26,CAPABILITY_SCREEN_ONLY
002388_2026-05-27,002388,2026-05-27,2,2,CS_RANK,M0,REAL,10,0.48053996358,8,0.15,0.0187074829932,0.0187074829932,0,2026-05-27,15,2026-05-26,CAPABILITY_SCREEN_ONLY
000510_2026-05-27,000510,2026-05-27,3,3,CS_RANK,M0,REAL,10,0.469990151669,9,0.05,0.00334821428571,0.00334821428571,0,2026-05-27,15,2026-05-26,CAPABILITY_SCREEN_ONLY
600520_2026-05-27,600520,2026-05-27,2,2,CS_RANK,M0,REAL,10,0.46446897585,10,0.25,0.0330961954841,0.0330961954841,0,2026-05-27,15,2026-05-26,CAPABILITY_SCREEN_ONLY
002771_2026-05-28,002771,2026-05-28,2,2,CS_RANK,M0,REAL,10,0.542250129718,1,0.625,0.0943396226415,0.07,1,2026-05-28,16,2026-05-27,CAPABILITY_SCREEN_ONLY
001257_2026-05-28,001257,2026-05-28,2,2,CS_RANK,M0,REAL,10,0.495586704711,2,0.125,-0.0676771237222,-0.0676771237222,0,2026-05-28,16,2026-05-27,CAPABILITY_SCREEN_ONLY
000759_2026-05-28,000759,2026-05-28,2,2,CS_RANK,M0,REAL,10,0.486790309141,3,0.375,0.0771929824561,0.07,1,2026-05-28,16,2026-05-27,CAPABILITY_SCREEN_ONLY
002251_2026-05-28,002251,2026-05-28,2,2,CS_RANK,M0,REAL,10,0.478120603131,4,0.875,0.168539325843,0.07,1,2026-05-28,16,2026-05-27,CAPABILITY_SCREEN_ONLY
603989_2026-05-29,603989,2026-05-29,2,2,CS_RANK,M0,REAL,10,0.546453024663,1,0.166666666667,-0.0322019147084,-0.0322019147084,0,2026-05-29,17,2026-05-28,CAPABILITY_SCREEN_ONLY
002579_2026-05-29,002579,2026-05-29,3,3,CS_RANK,M0,REAL,10,0.488460580466,2,0.833333333333,0.195852534562,0.07,1,2026-05-29,17,2026-05-28,CAPABILITY_SCREEN_ONLY
603032_2026-05-29,603032,2026-05-29,2,2,CS_RANK,M0,REAL,10,0.461601812721,3,0.5,0.00237812128419,0.00237812128419,0,2026-05-29,17,2026-05-28,CAPABILITY_SCREEN_ONLY
600110_2026-06-01,600110,2026-06-01,2,2,CS_RANK,M0,REAL,10,0.511956056346,1,0.625,0.0451559934319,0.0451559934319,0,2026-06-01,18,2026-05-29,CAPABILITY_SCREEN_ONLY
000090_2026-06-01,000090,2026-06-01,2,2,CS_RANK,M0,REAL,10,0.505973500933,2,0.125,-0.0263852242744,-0.0263852242744,0,2026-06-01,18,2026-05-29,CAPABILITY_SCREEN_ONLY
002806_2026-06-01,002806,2026-06-01,2,2,CS_RANK,M0,REAL,10,0.48717124781,3,0.875,0.149321266968,0.07,1,2026-06-01,18,2026-05-29,CAPABILITY_SCREEN_ONLY
603324_2026-06-01,603324,2026-06-01,2,2,CS_RANK,M0,REAL,10,0.481626277259,4,0.375,0.0224038752649,0.0224038752649,0,2026-06-01,18,2026-05-29,CAPABILITY_SCREEN_ONLY
002608_2026-06-02,002608,2026-06-02,2,2,CS_RANK,M0,REAL,10,0.522161716326,1,0.75,0.099,0.07,1,2026-06-02,19,2026-06-01,CAPABILITY_SCREEN_ONLY
600011_2026-06-02,600011,2026-06-02,2,2,CS_RANK,M0,REAL,10,0.47338847121,2,0.25,0.0260475651189,0.0260475651189,0,2026-06-02,19,2026-06-01,CAPABILITY_SCREEN_ONLY
600280_2026-06-03,600280,2026-06-03,3,3,CS_RANK,M0,REAL,10,0.552926315475,1,0.214285714286,-0.0125313283208,-0.0125313283208,0,2026-06-03,20,2026-06-02,CAPABILITY_SCREEN_ONLY
001210_2026-06-03,001210,2026-06-03,2,2,CS_RANK,M0,REAL,10,0.52699784177,2,0.0714285714286,-0.244557534634,-0.244557534634,0,2026-06-03,20,2026-06-02,CAPABILITY_SCREEN_ONLY
002404_2026-06-03,002404,2026-06-03,2,2,CS_RANK,M0,REAL,10,0.512877682549,3,0.5,0.0299319727891,0.0299319727891,0,2026-06-03,20,2026-06-02,CAPABILITY_SCREEN_ONLY
002579_2026-06-03,002579,2026-06-03,2,2,CS_RANK,M0,REAL,10,0.510289650805,4,0.642857142857,0.0540254237288,0.0540254237288,0,2026-06-03,20,2026-06-02,CAPABILITY_SCREEN_ONLY
002421_2026-06-03,002421,2026-06-03,2,2,CS_RANK,M0,REAL,10,0.474746652503,5,0.785714285714,0.0698151950719,0.0698151950719,0,2026-06-03,20,2026-06-02,CAPABILITY_SCREEN_ONLY
000055_2026-06-03,000055,2026-06-03,2,2,CS_RANK,M0,REAL,10,0.468340026167,6,0.357142857143,0,0,0,2026-06-03,20,2026-06-02,CAPABILITY_SCREEN_ONLY
603045_2026-06-03,603045,2026-06-03,2,2,CS_RANK,M0,REAL,10,0.451585669153,7,0.928571428571,0.154815115807,0.07,1,2026-06-03,20,2026-06-02,CAPABILITY_SCREEN_ONLY
600487_2026-06-04,600487,2026-06-04,2,2,CS_RANK,M0,REAL,10,0.532453257061,1,0.916666666667,0.0659375,0.0659375,0,2026-06-04,21,2026-06-03,CAPABILITY_SCREEN_ONLY
600121_2026-06-04,600121,2026-06-04,3,3,CS_RANK,M0,REAL,10,0.526109289343,2,0.416666666667,-0.00709219858156,-0.00709219858156,0,2026-06-04,21,2026-06-03,CAPABILITY_SCREEN_ONLY
603311_2026-06-04,603311,2026-06-04,2,2,CS_RANK,M0,REAL,10,0.506850886317,3,0.75,0.0277923439958,0.0277923439958,0,2026-06-04,21,2026-06-03,CAPABILITY_SCREEN_ONLY
000700_2026-06-04,000700,2026-06-04,2,2,CS_RANK,M0,REAL,10,0.490753375814,4,0.0833333333333,-0.0651340996169,-0.0651340996169,0,2026-06-04,21,2026-06-03,CAPABILITY_SCREEN_ONLY
002137_2026-06-04,002137,2026-06-04,2,2,CS_RANK,M0,REAL,10,0.488253428726,5,0.583333333333,0.0068359375,0.0068359375,0,2026-06-04,21,2026-06-03,CAPABILITY_SCREEN_ONLY
600936_2026-06-04,600936,2026-06-04,2,2,CS_RANK,M0,REAL,10,0.455527770323,6,0.25,-0.0455284552846,-0.0455284552846,0,2026-06-04,21,2026-06-03,CAPABILITY_SCREEN_ONLY
600688_2026-06-05,600688,2026-06-05,2,2,CS_RANK,M0,REAL,10,0.556224206416,1,0.416666666667,0.00302114803625,0.00302114803625,0,2026-06-05,22,2026-06-04,CAPABILITY_SCREEN_ONLY
600255_2026-06-05,600255,2026-06-05,3,3,CS_RANK,M0,REAL,10,0.517857444675,2,0.916666666667,0.0896551724138,0.07,1,2026-06-05,22,2026-06-04,CAPABILITY_SCREEN_ONLY
605162_2026-06-05,605162,2026-06-05,2,2,CS_RANK,M0,REAL,10,0.510986506437,3,0.0833333333333,-0.0449915110357,-0.0449915110357,0,2026-06-05,22,2026-06-04,CAPABILITY_SCREEN_ONLY
001896_2026-06-05,001896,2026-06-05,2,2,CS_RANK,M0,REAL,10,0.491694566426,4,0.75,0.0850528434826,0.07,1,2026-06-05,22,2026-06-04,CAPABILITY_SCREEN_ONLY
002787_2026-06-05,002787,2026-06-05,2,2,CS_RANK,M0,REAL,10,0.461921133802,5,0.583333333333,0.0670498084291,0.0670498084291,0,2026-06-05,22,2026-06-04,CAPABILITY_SCREEN_ONLY
600439_2026-06-05,600439,2026-06-05,2,2,CS_RANK,M0,REAL,10,0.461475400266,6,0.25,-0.0113636363636,-0.0113636363636,0,2026-06-05,22,2026-06-04,CAPABILITY_SCREEN_ONLY
000520_2026-06-08,000520,2026-06-08,2,2,CS_RANK,M0,REAL,10,0.516696384273,1,0.5,-0.0109409190372,-0.0109409190372,0,2026-06-08,23,2026-06-05,CAPABILITY_SCREEN_ONLY
600293_2026-06-08,600293,2026-06-08,2,2,CS_RANK,M0,REAL,10,0.502588509663,2,0.166666666667,-0.0172839506173,-0.0172839506173,0,2026-06-08,23,2026-06-05,CAPABILITY_SCREEN_ONLY
003036_2026-06-08,003036,2026-06-08,2,2,CS_RANK,M0,REAL,10,0.475708899277,3,0.833333333333,0.0681933842239,0.0681933842239,0,2026-06-08,23,2026-06-05,CAPABILITY_SCREEN_ONLY
603500_2026-06-09,603500,2026-06-09,3,3,CS_RANK,M0,REAL,10,0.533264662272,1,0.944444444444,0.0936270653029,0.07,1,2026-06-09,24,2026-06-08,CAPABILITY_SCREEN_ONLY
002421_2026-06-09,002421,2026-06-09,2,2,CS_RANK,M0,REAL,10,0.531800938861,2,0.0555555555556,-0.142105263158,-0.142105263158,0,2026-06-09,24,2026-06-08,CAPABILITY_SCREEN_ONLY
603859_2026-06-09,603859,2026-06-09,2,2,CS_RANK,M0,REAL,10,0.521191320793,3,0.833333333333,0.0640412922959,0.0640412922959,0,2026-06-09,24,2026-06-08,CAPABILITY_SCREEN_ONLY
000068_2026-06-09,000068,2026-06-09,2,2,CS_RANK,M0,REAL,10,0.517759586618,4,0.166666666667,-0.0503978779841,-0.0503978779841,0,2026-06-09,24,2026-06-08,CAPABILITY_SCREEN_ONLY
003009_2026-06-09,003009,2026-06-09,2,2,CS_RANK,M0,REAL,10,0.490150000095,5,0.388888888889,-0.0131004366812,-0.0131004366812,0,2026-06-09,24,2026-06-08,CAPABILITY_SCREEN_ONLY
002613_2026-06-09,002613,2026-06-09,2,2,CS_RANK,M0,REAL,10,0.485063678955,6,0.277777777778,-0.013698630137,-0.013698630137,0,2026-06-09,24,2026-06-08,CAPABILITY_SCREEN_ONLY
002361_2026-06-09,002361,2026-06-09,2,2,CS_RANK,M0,REAL,10,0.483921003708,7,0.722222222222,0.047323943662,0.047323943662,0,2026-06-09,24,2026-06-08,CAPABILITY_SCREEN_ONLY
000517_2026-06-09,000517,2026-06-09,2,2,CS_RANK,M0,REAL,10,0.48204339741,8,0.611111111111,0.0147783251232,0.0147783251232,0,2026-06-09,24,2026-06-08,CAPABILITY_SCREEN_ONLY
000759_2026-06-09,000759,2026-06-09,2,2,CS_RANK,M0,REAL,10,0.451822518263,9,0.5,0.00649350649351,0.00649350649351,0,2026-06-09,24,2026-06-08,CAPABILITY_SCREEN_ONLY
603929_2026-06-10,603929,2026-06-10,2,2,CS_RANK,M0,REAL,10,0.538144972854,1,0.642857142857,0.0850540374308,0.07,1,2026-06-10,25,2026-06-09,CAPABILITY_SCREEN_ONLY
603186_2026-06-10,603186,2026-06-10,2,2,CS_RANK,M0,REAL,10,0.520733228458,2,0.785714285714,0.12896813445,0.07,1,2026-06-10,25,2026-06-09,CAPABILITY_SCREEN_ONLY
001696_2026-06-10,001696,2026-06-10,2,2,CS_RANK,M0,REAL,10,0.506482065224,3,0.928571428571,0.202105263158,0.07,1,2026-06-10,25,2026-06-09,CAPABILITY_SCREEN_ONLY
603616_2026-06-10,603616,2026-06-10,2,2,CS_RANK,M0,REAL,10,0.494888810808,4,0.214285714286,0.0160583941606,0.0160583941606,0,2026-06-10,25,2026-06-09,CAPABILITY_SCREEN_ONLY
002747_2026-06-10,002747,2026-06-10,2,2,CS_RANK,M0,REAL,10,0.488653830235,5,0.357142857143,0.0194285714286,0.0194285714286,0,2026-06-10,25,2026-06-09,CAPABILITY_SCREEN_ONLY
002254_2026-06-10,002254,2026-06-10,3,3,CS_RANK,M0,REAL,10,0.483280712659,6,0.5,0.0754173862982,0.07,1,2026-06-10,25,2026-06-09,CAPABILITY_SCREEN_ONLY
002362_2026-06-10,002362,2026-06-10,2,2,CS_RANK,M0,REAL,10,0.465261402272,7,0.0714285714286,-0.0082219938335,-0.0082219938335,0,2026-06-10,25,2026-06-09,CAPABILITY_SCREEN_ONLY
002636_2026-06-11,002636,2026-06-11,3,3,CS_RANK,M0,REAL,10,0.574028734812,1,0.95,0.0890098899878,0.07,1,2026-06-11,26,2026-06-10,CAPABILITY_SCREEN_ONLY
603065_2026-06-11,603065,2026-06-11,2,2,CS_RANK,M0,REAL,10,0.547626995827,2,0.55,0.0286764705882,0.0286764705882,0,2026-06-11,26,2026-06-10,CAPABILITY_SCREEN_ONLY
605318_2026-06-11,605318,2026-06-11,2,2,CS_RANK,M0,REAL,10,0.530877200339,3,0.65,0.0456747404844,0.0456747404844,0,2026-06-11,26,2026-06-10,CAPABILITY_SCREEN_ONLY
605006_2026-06-11,605006,2026-06-11,2,2,CS_RANK,M0,REAL,10,0.51507016782,4,0.35,0.012037037037,0.012037037037,0,2026-06-11,26,2026-06-10,CAPABILITY_SCREEN_ONLY
605589_2026-06-11,605589,2026-06-11,2,2,CS_RANK,M0,REAL,10,0.501530711693,5,0.85,0.0872881355932,0.07,1,2026-06-11,26,2026-06-10,CAPABILITY_SCREEN_ONLY
002585_2026-06-11,002585,2026-06-11,2,2,CS_RANK,M0,REAL,10,0.482221594812,6,0.45,0.0257648953301,0.0257648953301,0,2026-06-11,26,2026-06-10,CAPABILITY_SCREEN_ONLY
000029_2026-06-11,000029,2026-06-11,2,2,CS_RANK,M0,REAL,10,0.473557265497,7,0.25,0.0117970900511,0.0117970900511,0,2026-06-11,26,2026-06-10,CAPABILITY_SCREEN_ONLY
603002_2026-06-11,603002,2026-06-11,2,2,CS_RANK,M0,REAL,10,0.464561444764,8,0.75,0.0673719376392,0.0673719376392,0,2026-06-11,26,2026-06-10,CAPABILITY_SCREEN_ONLY
002669_2026-06-11,002669,2026-06-11,2,2,CS_RANK,M0,REAL,10,0.458091906554,9,0.15,-0.00120481927711,-0.00120481927711,0,2026-06-11,26,2026-06-10,CAPABILITY_SCREEN_ONLY
003026_2026-06-11,003026,2026-06-11,2,2,CS_RANK,M0,REAL,10,0.441807297898,10,0.05,-0.0459548706659,-0.0459548706659,0,2026-06-11,26,2026-06-10,CAPABILITY_SCREEN_ONLY
000048_2026-06-12,000048,2026-06-12,3,3,CS_RANK,M0,REAL,10,0.559215586192,1,0.0625,-0.0215053763441,-0.0215053763441,0,2026-06-12,27,2026-06-11,CAPABILITY_SCREEN_ONLY
002119_2026-06-12,002119,2026-06-12,2,2,CS_RANK,M0,REAL,10,0.543663797137,2,0.4375,0.0543580131209,0.0543580131209,0,2026-06-12,27,2026-06-11,CAPABILITY_SCREEN_ONLY
600378_2026-06-12,600378,2026-06-12,2,2,CS_RANK,M0,REAL,10,0.513980505793,3,0.8125,0.0784588441331,0.07,1,2026-06-12,27,2026-06-11,CAPABILITY_SCREEN_ONLY
600665_2026-06-12,600665,2026-06-12,2,2,CS_RANK,M0,REAL,10,0.494882754346,4,0.3125,0.012987012987,0.012987012987,0,2026-06-12,27,2026-06-11,CAPABILITY_SCREEN_ONLY
002165_2026-06-12,002165,2026-06-12,2,2,CS_RANK,M0,REAL,10,0.490325225542,5,0.5625,0.0732356857523,0.07,1,2026-06-12,27,2026-06-11,CAPABILITY_SCREEN_ONLY
002409_2026-06-12,002409,2026-06-12,2,2,CS_RANK,M0,REAL,10,0.481223701682,6,0.6875,0.0771077107711,0.07,1,2026-06-12,27,2026-06-11,CAPABILITY_SCREEN_ONLY
603155_2026-06-12,603155,2026-06-12,2,2,CS_RANK,M0,REAL,10,0.463801435001,7,0.9375,0.087962962963,0.07,1,2026-06-12,27,2026-06-11,CAPABILITY_SCREEN_ONLY
600178_2026-06-12,600178,2026-06-12,2,2,CS_RANK,M0,REAL,10,0.446204046682,8,0.1875,-0.00398803589232,-0.00398803589232,0,2026-06-12,27,2026-06-11,CAPABILITY_SCREEN_ONLY
002203_2026-06-15,002203,2026-06-15,2,2,CS_RANK,M0,REAL,10,0.545012071183,1,0.5,0.03625,0.03625,0,2026-06-15,28,2026-06-12,CAPABILITY_SCREEN_ONLY
600067_2026-06-15,600067,2026-06-15,2,2,CS_RANK,M0,REAL,10,0.499527877187,2,0.166666666667,0.0285714285714,0.0285714285714,0,2026-06-15,28,2026-06-12,CAPABILITY_SCREEN_ONLY
603014_2026-06-15,603014,2026-06-15,2,2,CS_RANK,M0,REAL,10,0.449693991647,3,0.833333333333,0.111851637207,0.07,1,2026-06-15,28,2026-06-12,CAPABILITY_SCREEN_ONLY
000510_2026-06-16,000510,2026-06-16,3,3,CS_RANK,M0,REAL,10,0.549059352617,1,0.214285714286,-0.0145310435931,-0.0145310435931,0,2026-06-16,29,2026-06-15,CAPABILITY_SCREEN_ONLY
601958_2026-06-16,601958,2026-06-16,3,3,CS_RANK,M0,REAL,10,0.541413403943,2,0.5,0.0439285714286,0.0439285714286,0,2026-06-16,29,2026-06-15,CAPABILITY_SCREEN_ONLY
001359_2026-06-16,001359,2026-06-16,2,2,CS_RANK,M0,REAL,10,0.512563735784,3,0.785714285714,0.120841364284,0.07,1,2026-06-16,29,2026-06-15,CAPABILITY_SCREEN_ONLY
601696_2026-06-16,601696,2026-06-16,2,2,CS_RANK,M0,REAL,10,0.500827405396,4,0.0714285714286,-0.0187265917603,-0.0187265917603,0,2026-06-16,29,2026-06-15,CAPABILITY_SCREEN_ONLY
603738_2026-06-16,603738,2026-06-16,2,2,CS_RANK,M0,REAL,10,0.48667617801,5,0.928571428571,0.129815592478,0.07,1,2026-06-16,29,2026-06-15,CAPABILITY_SCREEN_ONLY
603335_2026-06-16,603335,2026-06-16,2,2,CS_RANK,M0,REAL,10,0.471295925447,6,0.642857142857,0.111922141119,0.07,1,2026-06-16,29,2026-06-15,CAPABILITY_SCREEN_ONLY
000506_2026-06-16,000506,2026-06-16,2,2,CS_RANK,M0,REAL,10,0.451980747439,7,0.357142857143,-0.00130975769483,-0.00130975769483,0,2026-06-16,29,2026-06-15,CAPABILITY_SCREEN_ONLY
605198_2026-06-17,605198,2026-06-17,3,3,CS_RANK,M0,REAL,10,0.553240965447,1,0.0294117647059,-0.0212765957447,-0.0212765957447,0,2026-06-17,30,2026-06-16,CAPABILITY_SCREEN_ONLY
002824_2026-06-17,002824,2026-06-17,2,2,CS_RANK,M0,REAL,10,0.549344847339,2,0.852941176471,0.144943820225,0.07,1,2026-06-17,30,2026-06-16,CAPABILITY_SCREEN_ONLY
002515_2026-06-17,002515,2026-06-17,2,2,CS_RANK,M0,REAL,10,0.539381224472,3,0.911764705882,0.165371809101,0.07,1,2026-06-17,30,2026-06-16,CAPABILITY_SCREEN_ONLY
603256_2026-06-17,603256,2026-06-17,2,2,CS_RANK,M0,REAL,10,0.529475629689,4,0.676470588235,0.12002451982,0.07,1,2026-06-17,30,2026-06-16,CAPABILITY_SCREEN_ONLY
600549_2026-06-17,600549,2026-06-17,2,2,CS_RANK,M0,REAL,10,0.529327023282,5,0.970588235294,0.209677419355,0.07,1,2026-06-17,30,2026-06-16,CAPABILITY_SCREEN_ONLY
605289_2026-06-17,605289,2026-06-17,2,2,CS_RANK,M0,REAL,10,0.518659030504,6,0.264705882353,0.065543071161,0.065543071161,0,2026-06-17,30,2026-06-16,CAPABILITY_SCREEN_ONLY
002585_2026-06-17,002585,2026-06-17,2,2,CS_RANK,M0,REAL,10,0.509246592767,7,0.0882352941176,0.0378634212306,0.0378634212306,0,2026-06-17,30,2026-06-16,CAPABILITY_SCREEN_ONLY
002552_2026-06-17,002552,2026-06-17,2,2,CS_RANK,M0,REAL,10,0.505629162817,8,0.735294117647,0.136402877698,0.07,1,2026-06-17,30,2026-06-16,CAPABILITY_SCREEN_ONLY
002851_2026-06-17,002851,2026-06-17,2,2,CS_RANK,M0,REAL,10,0.503121685509,9,0.441176470588,0.0721357850071,0.07,1,2026-06-17,30,2026-06-16,CAPABILITY_SCREEN_ONLY
002990_2026-06-17,002990,2026-06-17,2,2,CS_RANK,M0,REAL,10,0.49295328974,10,0.558823529412,0.0859687386405,0.07,1,2026-06-17,30,2026-06-16,CAPABILITY_SCREEN_ONLY
603516_2026-06-17,603516,2026-06-17,2,2,CS_RANK,M0,REAL,10,0.488070490872,11,0.323529411765,0.0701068927387,0.07,1,2026-06-17,30,2026-06-16,CAPABILITY_SCREEN_ONLY
601179_2026-06-17,601179,2026-06-17,2,2,CS_RANK,M0,REAL,10,0.478447716843,12,0.382352941176,0.0707908163265,0.07,1,2026-06-17,30,2026-06-16,CAPABILITY_SCREEN_ONLY
002806_2026-06-17,002806,2026-06-17,2,2,CS_RANK,M0,REAL,10,0.475126651895,13,0.147058823529,0.0405727923628,0.0405727923628,0,2026-06-17,30,2026-06-16,CAPABILITY_SCREEN_ONLY
002051_2026-06-17,002051,2026-06-17,2,2,CS_RANK,M0,REAL,10,0.461147097375,14,0.5,0.0827974276527,0.07,1,2026-06-17,30,2026-06-16,CAPABILITY_SCREEN_ONLY
600703_2026-06-17,600703,2026-06-17,2,2,CS_RANK,M0,REAL,10,0.458061235608,15,0.617647058824,0.0892151326934,0.07,1,2026-06-17,30,2026-06-16,CAPABILITY_SCREEN_ONLY
600545_2026-06-17,600545,2026-06-17,2,2,CS_RANK,M0,REAL,10,0.456220623011,16,0.794117647059,0.142857142857,0.07,1,2026-06-17,30,2026-06-16,CAPABILITY_SCREEN_ONLY
603045_2026-06-17,603045,2026-06-17,2,2,CS_RANK,M0,REAL,10,0.446848205274,17,0.205882352941,0.0585868150077,0.0585868150077,0,2026-06-17,30,2026-06-16,CAPABILITY_SCREEN_ONLY
603186_2026-06-18,603186,2026-06-18,3,3,CS_RANK,M0,REAL,10,0.546216308475,1,0.766666666667,0.0454831800428,0.0454831800428,0,2026-06-18,31,2026-06-17,CAPABILITY_SCREEN_ONLY
002741_2026-06-18,002741,2026-06-18,3,3,CS_RANK,M0,REAL,10,0.54530654298,2,0.166666666667,-0.0204131227217,-0.0204131227217,0,2026-06-18,31,2026-06-17,CAPABILITY_SCREEN_ONLY
600110_2026-06-18,600110,2026-06-18,3,3,CS_RANK,M0,REAL,10,0.541517133343,3,0.1,-0.0444572748268,-0.0444572748268,0,2026-06-18,31,2026-06-17,CAPABILITY_SCREEN_ONLY
603002_2026-06-18,603002,2026-06-18,3,3,CS_RANK,M0,REAL,10,0.523176976754,4,0.966666666667,0.117920540997,0.07,1,2026-06-18,31,2026-06-17,CAPABILITY_SCREEN_ONLY
002080_2026-06-18,002080,2026-06-18,3,3,CS_RANK,M0,REAL,10,0.513003782172,5,0.5,0.0197681513118,0.0197681513118,0,2026-06-18,31,2026-06-17,CAPABILITY_SCREEN_ONLY
002484_2026-06-18,002484,2026-06-18,2,2,CS_RANK,M0,REAL,10,0.510672962053,6,0.0333333333333,-0.0501659904094,-0.0501659904094,0,2026-06-18,31,2026-06-17,CAPABILITY_SCREEN_ONLY
000679_2026-06-18,000679,2026-06-18,2,2,CS_RANK,M0,REAL,10,0.509408249385,7,0.566666666667,0.0197889182058,0.0197889182058,0,2026-06-18,31,2026-06-17,CAPABILITY_SCREEN_ONLY
600186_2026-06-18,600186,2026-06-18,2,2,CS_RANK,M0,REAL,10,0.499810231091,8,0.7,0.0350515463918,0.0350515463918,0,2026-06-18,31,2026-06-17,CAPABILITY_SCREEN_ONLY
603773_2026-06-18,603773,2026-06-18,2,2,CS_RANK,M0,REAL,10,0.482405241535,9,0.833333333333,0.0675738274464,0.0675738274464,0,2026-06-18,31,2026-06-17,CAPABILITY_SCREEN_ONLY
000777_2026-06-18,000777,2026-06-18,3,3,CS_RANK,M0,REAL,10,0.47725906195,10,0.433333333333,0.0143464399575,0.0143464399575,0,2026-06-18,31,2026-06-17,CAPABILITY_SCREEN_ONLY
603115_2026-06-18,603115,2026-06-18,3,3,CS_RANK,M0,REAL,10,0.476140488113,11,0.633333333333,0.0322945682451,0.0322945682451,0,2026-06-18,31,2026-06-17,CAPABILITY_SCREEN_ONLY
600192_2026-06-18,600192,2026-06-18,2,2,CS_RANK,M0,REAL,10,0.472625952968,12,0.3,0.00126742712294,0.00126742712294,0,2026-06-18,31,2026-06-17,CAPABILITY_SCREEN_ONLY
601636_2026-06-18,601636,2026-06-18,3,3,CS_RANK,M0,REAL,10,0.469435947924,13,0.366666666667,0.0048309178744,0.0048309178744,0,2026-06-18,31,2026-06-17,CAPABILITY_SCREEN_ONLY
600615_2026-06-18,600615,2026-06-18,2,2,CS_RANK,M0,REAL,10,0.467601902436,14,0.233333333333,-0.00570342205323,-0.00570342205323,0,2026-06-18,31,2026-06-17,CAPABILITY_SCREEN_ONLY
600707_2026-06-18,600707,2026-06-18,2,2,CS_RANK,M0,REAL,10,0.444409677172,15,0.9,0.109845402766,0.07,1,2026-06-18,31,2026-06-17,CAPABILITY_SCREEN_ONLY
002491_2026-06-22,002491,2026-06-22,2,2,CS_RANK,M0,REAL,10,0.541726064705,1,0.5,0.0711188204683,0.07,1,2026-06-22,32,2026-06-18,CAPABILITY_SCREEN_ONLY
002989_2026-06-22,002989,2026-06-22,3,3,CS_RANK,M0,REAL,10,0.519261352291,2,0.214285714286,0.0214190093708,0.0214190093708,0,2026-06-22,32,2026-06-18,CAPABILITY_SCREEN_ONLY
603261_2026-06-22,603261,2026-06-22,2,2,CS_RANK,M0,REAL,10,0.511815416597,3,0.928571428571,0.193737328227,0.07,1,2026-06-22,32,2026-06-18,CAPABILITY_SCREEN_ONLY
002579_2026-06-22,002579,2026-06-22,2,2,CS_RANK,M0,REAL,10,0.492186504253,4,0.0714285714286,-0.0383309073265,-0.0383309073265,0,2026-06-22,32,2026-06-18,CAPABILITY_SCREEN_ONLY
002141_2026-06-22,002141,2026-06-22,3,3,CS_RANK,M0,REAL,10,0.487412383142,5,0.642857142857,0.0746268656716,0.07,1,2026-06-22,32,2026-06-18,CAPABILITY_SCREEN_ONLY
001339_2026-06-22,001339,2026-06-22,2,2,CS_RANK,M0,REAL,10,0.475434311801,6,0.357142857143,0.0626988437961,0.0626988437961,0,2026-06-22,32,2026-06-18,CAPABILITY_SCREEN_ONLY
603324_2026-06-22,603324,2026-06-22,2,2,CS_RANK,M0,REAL,10,0.468987685158,7,0.785714285714,0.106767652089,0.07,1,2026-06-22,32,2026-06-18,CAPABILITY_SCREEN_ONLY
002297_2026-06-23,002297,2026-06-23,2,2,CS_RANK,M0,REAL,10,0.549258468717,1,0.892857142857,0.132492113565,0.07,1,2026-06-23,33,2026-06-22,CAPABILITY_SCREEN_ONLY
600769_2026-06-23,600769,2026-06-23,2,2,CS_RANK,M0,REAL,10,0.528042854517,2,0.0357142857143,0.00775547445255,0.00775547445255,0,2026-06-23,33,2026-06-22,CAPABILITY_SCREEN_ONLY
603663_2026-06-23,603663,2026-06-23,2,2,CS_RANK,M0,REAL,10,0.524081421923,3,0.25,0.0294117647059,0.0294117647059,0,2026-06-23,33,2026-06-22,CAPABILITY_SCREEN_ONLY
000811_2026-06-23,000811,2026-06-23,3,3,CS_RANK,M0,REAL,10,0.521512855857,4,0.964285714286,0.219968087531,0.07,1,2026-06-23,33,2026-06-22,CAPABILITY_SCREEN_ONLY
603082_2026-06-23,603082,2026-06-23,2,2,CS_RANK,M0,REAL,10,0.519183814265,5,0.107142857143,0.0208955223881,0.0208955223881,0,2026-06-23,33,2026-06-22,CAPABILITY_SCREEN_ONLY
002805_2026-06-23,002805,2026-06-23,2,2,CS_RANK,M0,REAL,10,0.514363292922,6,0.321428571429,0.0302405498282,0.0302405498282,0,2026-06-23,33,2026-06-22,CAPABILITY_SCREEN_ONLY
002655_2026-06-23,002655,2026-06-23,2,2,CS_RANK,M0,REAL,10,0.513142775683,7,0.821428571429,0.112807463953,0.07,1,2026-06-23,33,2026-06-22,CAPABILITY_SCREEN_ONLY
003031_2026-06-23,003031,2026-06-23,2,2,CS_RANK,M0,REAL,10,0.507326293188,8,0.464285714286,0.0645161290323,0.0645161290323,0,2026-06-23,33,2026-06-22,CAPABILITY_SCREEN_ONLY
000657_2026-06-23,000657,2026-06-23,2,2,CS_RANK,M0,REAL,10,0.498232366935,9,0.607142857143,0.0773082315241,0.07,1,2026-06-23,33,2026-06-22,CAPABILITY_SCREEN_ONLY
603380_2026-06-23,603380,2026-06-23,2,2,CS_RANK,M0,REAL,10,0.486828149384,10,0.75,0.108924806746,0.07,1,2026-06-23,33,2026-06-22,CAPABILITY_SCREEN_ONLY
002842_2026-06-23,002842,2026-06-23,2,2,CS_RANK,M0,REAL,10,0.471843623464,11,0.678571428571,0.0887335874629,0.07,1,2026-06-23,33,2026-06-22,CAPABILITY_SCREEN_ONLY
600162_2026-06-23,600162,2026-06-23,2,2,CS_RANK,M0,REAL,10,0.467305989906,12,0.535714285714,0.0704960835509,0.07,1,2026-06-23,33,2026-06-22,CAPABILITY_SCREEN_ONLY
001296_2026-06-23,001296,2026-06-23,2,2,CS_RANK,M0,REAL,10,0.464114320848,13,0.178571428571,0.0229293401965,0.0229293401965,0,2026-06-23,33,2026-06-22,CAPABILITY_SCREEN_ONLY
002354_2026-06-23,002354,2026-06-23,2,2,CS_RANK,M0,REAL,10,0.44512526663,14,0.392857142857,0.0438489646772,0.0438489646772,0,2026-06-23,33,2026-06-22,CAPABILITY_SCREEN_ONLY
603757_2026-06-24,603757,2026-06-24,2,2,CS_RANK,M0,REAL,10,0.546738377243,1,0.633333333333,0.0516980613227,0.0516980613227,0,2026-06-24,34,2026-06-23,CAPABILITY_SCREEN_ONLY
600851_2026-06-24,600851,2026-06-24,3,3,CS_RANK,M0,REAL,10,0.544234180516,2,0.0333333333333,-0.036815920398,-0.036815920398,0,2026-06-24,34,2026-06-23,CAPABILITY_SCREEN_ONLY
000070_2026-06-24,000070,2026-06-24,2,2,CS_RANK,M0,REAL,10,0.531547143331,3,0.233333333333,-0.0225029609159,-0.0225029609159,0,2026-06-24,34,2026-06-23,CAPABILITY_SCREEN_ONLY
002068_2026-06-24,002068,2026-06-24,3,3,CS_RANK,M0,REAL,10,0.528609441986,4,0.766666666667,0.0647138964578,0.0647138964578,0,2026-06-24,34,2026-06-23,CAPABILITY_SCREEN_ONLY
600172_2026-06-24,600172,2026-06-24,2,2,CS_RANK,M0,REAL,10,0.519734505084,5,0.7,0.0564468211527,0.0564468211527,0,2026-06-24,34,2026-06-23,CAPABILITY_SCREEN_ONLY
601869_2026-06-24,601869,2026-06-24,2,2,CS_RANK,M0,REAL,10,0.508332675815,6,0.166666666667,-0.0267558528428,-0.0267558528428,0,2026-06-24,34,2026-06-23,CAPABILITY_SCREEN_ONLY
000783_2026-06-24,000783,2026-06-24,2,2,CS_RANK,M0,REAL,10,0.502967313926,7,0.9,0.091103965702,0.07,1,2026-06-24,34,2026-06-23,CAPABILITY_SCREEN_ONLY
605580_2026-06-24,605580,2026-06-24,2,2,CS_RANK,M0,REAL,10,0.494851771225,8,0.366666666667,-0.00604026845638,-0.00604026845638,0,2026-06-24,34,2026-06-23,CAPABILITY_SCREEN_ONLY
000571_2026-06-24,000571,2026-06-24,2,2,CS_RANK,M0,REAL,10,0.491863810809,9,0.833333333333,0.079674796748,0.07,1,2026-06-24,34,2026-06-23,CAPABILITY_SCREEN_ONLY
605377_2026-06-24,605377,2026-06-24,2,2,CS_RANK,M0,REAL,10,0.480585809711,10,0.3,-0.0173913043478,-0.0173913043478,0,2026-06-24,34,2026-06-23,CAPABILITY_SCREEN_ONLY
600400_2026-06-24,600400,2026-06-24,2,2,CS_RANK,M0,REAL,10,0.478137235218,11,0.966666666667,0.100323624595,0.07,1,2026-06-24,34,2026-06-23,CAPABILITY_SCREEN_ONLY
002830_2026-06-24,002830,2026-06-24,2,2,CS_RANK,M0,REAL,10,0.475642071144,12,0.1,-0.0324971493729,-0.0324971493729,0,2026-06-24,34,2026-06-23,CAPABILITY_SCREEN_ONLY
600470_2026-06-24,600470,2026-06-24,2,2,CS_RANK,M0,REAL,10,0.471102560507,13,0.5,0.0189873417722,0.0189873417722,0,2026-06-24,34,2026-06-23,CAPABILITY_SCREEN_ONLY
600322_2026-06-24,600322,2026-06-24,2,2,CS_RANK,M0,REAL,10,0.465051075494,14,0.433333333333,0.0181818181818,0.0181818181818,0,2026-06-24,34,2026-06-23,CAPABILITY_SCREEN_ONLY
002672_2026-06-24,002672,2026-06-24,2,2,CS_RANK,M0,REAL,10,0.461828789808,15,0.566666666667,0.0512129380054,0.0512129380054,0,2026-06-24,34,2026-06-23,CAPABILITY_SCREEN_ONLY
600909_2026-06-25,600909,2026-06-25,2,2,CS_RANK,M0,REAL,10,0.54434466065,1,0.611111111111,0.07,0.07,1,2026-06-25,35,2026-06-24,CAPABILITY_SCREEN_ONLY
605069_2026-06-25,605069,2026-06-25,3,3,CS_RANK,M0,REAL,10,0.528794171229,2,0.722222222222,0.108333333333,0.07,1,2026-06-25,35,2026-06-24,CAPABILITY_SCREEN_ONLY
603938_2026-06-25,603938,2026-06-25,3,3,CS_RANK,M0,REAL,10,0.503870002778,3,0.944444444444,0.174225028703,0.07,1,2026-06-25,35,2026-06-24,CAPABILITY_SCREEN_ONLY
002631_2026-06-25,002631,2026-06-25,2,2,CS_RANK,M0,REAL,10,0.503193036645,4,0.5,0.0383838383838,0.0383838383838,0,2026-06-25,35,2026-06-24,CAPABILITY_SCREEN_ONLY
600379_2026-06-25,600379,2026-06-25,2,2,CS_RANK,M0,REAL,10,0.502567741485,5,0.166666666667,-0.0113182423435,-0.0113182423435,0,2026-06-25,35,2026-06-24,CAPABILITY_SCREEN_ONLY
002584_2026-06-25,002584,2026-06-25,2,2,CS_RANK,M0,REAL,10,0.495299843155,6,0.388888888889,0.0383064516129,0.0383064516129,0,2026-06-25,35,2026-06-24,CAPABILITY_SCREEN_ONLY
000566_2026-06-25,000566,2026-06-25,2,2,CS_RANK,M0,REAL,10,0.481086164461,7,0.277777777778,-0.0021978021978,-0.0021978021978,0,2026-06-25,35,2026-06-24,CAPABILITY_SCREEN_ONLY
002580_2026-06-25,002580,2026-06-25,2,2,CS_RANK,M0,REAL,10,0.476356969419,8,0.0555555555556,-0.12269446672,-0.12269446672,0,2026-06-25,35,2026-06-24,CAPABILITY_SCREEN_ONLY
002687_2026-06-25,002687,2026-06-25,2,2,CS_RANK,M0,REAL,10,0.462338610628,9,0.833333333333,0.134703196347,0.07,1,2026-06-25,35,2026-06-24,CAPABILITY_SCREEN_ONLY
600667_2026-06-26,600667,2026-06-26,2,2,CS_RANK,M0,REAL,10,0.544988058197,1,0.708333333333,0.0668103448276,0.0668103448276,0,2026-06-26,36,2026-06-25,CAPABILITY_SCREEN_ONLY
002990_2026-06-26,002990,2026-06-26,2,2,CS_RANK,M0,REAL,10,0.535321460387,2,0.958333333333,0.086383601757,0.07,1,2026-06-26,36,2026-06-25,CAPABILITY_SCREEN_ONLY
603989_2026-06-26,603989,2026-06-26,2,2,CS_RANK,M0,REAL,10,0.534545593196,3,0.208333333333,-0.0419642857143,-0.0419642857143,0,2026-06-26,36,2026-06-25,CAPABILITY_SCREEN_ONLY
002080_2026-06-26,002080,2026-06-26,2,2,CS_RANK,M0,REAL,10,0.518544568787,4,0.0416666666667,-0.0525252525253,-0.0525252525253,0,2026-06-26,36,2026-06-25,CAPABILITY_SCREEN_ONLY
600584_2026-06-26,600584,2026-06-26,2,2,CS_RANK,M0,REAL,10,0.506142051149,5,0.458333333333,0.0200970873786,0.0200970873786,0,2026-06-26,36,2026-06-25,CAPABILITY_SCREEN_ONLY
603713_2026-06-26,603713,2026-06-26,2,2,CS_RANK,M0,REAL,10,0.504290965226,6,0.291666666667,-0.0293809024134,-0.0293809024134,0,2026-06-26,36,2026-06-25,CAPABILITY_SCREEN_ONLY
600141_2026-06-26,600141,2026-06-26,2,2,CS_RANK,M0,REAL,10,0.49504719358,7,0.125,-0.0441767068273,-0.0441767068273,0,2026-06-26,36,2026-06-25,CAPABILITY_SCREEN_ONLY
603678_2026-06-26,603678,2026-06-26,2,2,CS_RANK,M0,REAL,10,0.48169560749,8,0.541666666667,0.0416001963431,0.0416001963431,0,2026-06-26,36,2026-06-25,CAPABILITY_SCREEN_ONLY
603929_2026-06-26,603929,2026-06-26,2,2,CS_RANK,M0,REAL,10,0.472902777486,9,0.625,0.0476785648642,0.0476785648642,0,2026-06-26,36,2026-06-25,CAPABILITY_SCREEN_ONLY
002025_2026-06-26,002025,2026-06-26,2,2,CS_RANK,M0,REAL,10,0.470235644965,10,0.791666666667,0.0701369863014,0.07,1,2026-06-26,36,2026-06-25,CAPABILITY_SCREEN_ONLY
000818_2026-06-26,000818,2026-06-26,2,2,CS_RANK,M0,REAL,10,0.468002738194,11,0.875,0.0779510022272,0.07,1,2026-06-26,36,2026-06-25,CAPABILITY_SCREEN_ONLY
002254_2026-06-26,002254,2026-06-26,2,2,CS_RANK,M0,REAL,10,0.455558165371,12,0.375,-0.025974025974,-0.025974025974,0,2026-06-26,36,2026-06-25,CAPABILITY_SCREEN_ONLY
600228_2026-06-29,600228,2026-06-29,3,3,CS_RANK,M0,REAL,10,0.54482391292,1,0.1,-0.0793172690763,-0.0793172690763,0,2026-06-29,37,2026-06-26,CAPABILITY_SCREEN_ONLY
000823_2026-06-29,000823,2026-06-29,3,3,CS_RANK,M0,REAL,10,0.494183879404,2,0.7,0.0925280681378,0.07,1,2026-06-29,37,2026-06-26,CAPABILITY_SCREEN_ONLY
002965_2026-06-29,002965,2026-06-29,2,2,CS_RANK,M0,REAL,10,0.492025131953,3,0.9,0.100767366721,0.07,1,2026-06-29,37,2026-06-26,CAPABILITY_SCREEN_ONLY
002141_2026-06-29,002141,2026-06-29,2,2,CS_RANK,M0,REAL,10,0.491665724951,4,0.3,0.0196078431373,0.0196078431373,0,2026-06-29,37,2026-06-26,CAPABILITY_SCREEN_ONLY
600962_2026-06-29,600962,2026-06-29,2,2,CS_RANK,M0,REAL,10,0.486150417822,5,0.5,0.0751028806584,0.07,1,2026-06-29,37,2026-06-26,CAPABILITY_SCREEN_ONLY
601133_2026-06-30,601133,2026-06-30,2,2,CS_RANK,M0,REAL,10,0.546298622199,1,0.0714285714286,-0.0627906976744,-0.0627906976744,0,2026-06-30,38,2026-06-29,CAPABILITY_SCREEN_ONLY
603650_2026-06-30,603650,2026-06-30,2,2,CS_RANK,M0,REAL,10,0.533294923633,2,0.785714285714,0.0474406991261,0.0474406991261,0,2026-06-30,38,2026-06-29,CAPABILITY_SCREEN_ONLY
603163_2026-06-30,603163,2026-06-30,2,2,CS_RANK,M0,REAL,10,0.50040077831,3,0.214285714286,-0.0287162162162,-0.0287162162162,0,2026-06-30,38,2026-06-29,CAPABILITY_SCREEN_ONLY
603956_2026-06-30,603956,2026-06-30,3,3,CS_RANK,M0,REAL,10,0.486849929151,4,0.5,0.0395387149918,0.0395387149918,0,2026-06-30,38,2026-06-29,CAPABILITY_SCREEN_ONLY
603155_2026-06-30,603155,2026-06-30,2,2,CS_RANK,M0,REAL,10,0.485077935461,5,0.928571428571,0.112028725314,0.07,1,2026-06-30,38,2026-06-29,CAPABILITY_SCREEN_ONLY
002180_2026-06-30,002180,2026-06-30,2,2,CS_RANK,M0,REAL,10,0.47426160484,6,0.357142857143,0.019452887538,0.019452887538,0,2026-06-30,38,2026-06-29,CAPABILITY_SCREEN_ONLY
002568_2026-06-30,002568,2026-06-30,2,2,CS_RANK,M0,REAL,10,0.473301230599,7,0.642857142857,0.0430678466077,0.0430678466077,0,2026-06-30,38,2026-06-29,CAPABILITY_SCREEN_ONLY
603311_2026-05-20,603311,2026-05-20,3,3,CS_RANK,M1,REAL,10,0.532324923217,1,0.85,0.172352523099,0.07,1,2026-05-20,10,2026-05-19,CAPABILITY_SCREEN_ONLY
002208_2026-05-20,002208,2026-05-20,2,2,CS_RANK,M1,REAL,10,0.519906422308,2,0.05,-0.0725490196078,-0.0725490196078,0,2026-05-20,10,2026-05-19,CAPABILITY_SCREEN_ONLY
603115_2026-05-20,603115,2026-05-20,2,2,CS_RANK,M1,REAL,10,0.517549569543,3,0.95,0.205409887035,0.07,1,2026-05-20,10,2026-05-19,CAPABILITY_SCREEN_ONLY
603989_2026-05-20,603989,2026-05-20,2,2,CS_RANK,M1,REAL,10,0.50301028319,4,0.65,0.11015625,0.07,1,2026-05-20,10,2026-05-19,CAPABILITY_SCREEN_ONLY
002552_2026-05-20,002552,2026-05-20,2,2,CS_RANK,M1,REAL,10,0.495677930023,5,0.55,0.0844226579521,0.07,1,2026-05-20,10,2026-05-19,CAPABILITY_SCREEN_ONLY
600850_2026-05-20,600850,2026-05-20,2,2,CS_RANK,M1,REAL,10,0.489241755254,6,0.45,0.038338658147,0.038338658147,0,2026-05-20,10,2026-05-19,CAPABILITY_SCREEN_ONLY
600903_2026-05-20,600903,2026-05-20,2,2,CS_RANK,M1,REAL,10,0.487431709723,7,0.75,0.145317545748,0.07,1,2026-05-20,10,2026-05-19,CAPABILITY_SCREEN_ONLY
605218_2026-05-20,605218,2026-05-20,2,2,CS_RANK,M1,REAL,10,0.48669723954,8,0.15,-0.0201499531396,-0.0201499531396,0,2026-05-20,10,2026-05-19,CAPABILITY_SCREEN_ONLY
600758_2026-05-20,600758,2026-05-20,2,2,CS_RANK,M1,REAL,10,0.482306226066,9,0.35,0.0168067226891,0.0168067226891,0,2026-05-20,10,2026-05-19,CAPABILITY_SCREEN_ONLY
603206_2026-05-20,603206,2026-05-20,2,2,CS_RANK,M1,REAL,10,0.47761903171,10,0.25,-0.00410888546482,-0.00410888546482,0,2026-05-20,10,2026-05-19,CAPABILITY_SCREEN_ONLY
605288_2026-05-21,605288,2026-05-21,2,2,CS_RANK,M1,REAL,10,0.539920697569,1,0.416666666667,0.0422794117647,0.0422794117647,0,2026-05-21,11,2026-05-20,CAPABILITY_SCREEN_ONLY
600563_2026-05-21,600563,2026-05-21,2,2,CS_RANK,M1,REAL,10,0.512564157972,2,0.916666666667,0.103625,0.07,1,2026-05-21,11,2026-05-20,CAPABILITY_SCREEN_ONLY
603938_2026-05-21,603938,2026-05-21,3,3,CS_RANK,M1,REAL,10,0.500190744236,3,0.0833333333333,-0.0416666666667,-0.0416666666667,0,2026-05-21,11,2026-05-20,CAPABILITY_SCREEN_ONLY
000417_2026-05-21,000417,2026-05-21,3,3,CS_RANK,M1,REAL,10,0.500065205875,4,0.75,0.101020408163,0.07,1,2026-05-21,11,2026-05-20,CAPABILITY_SCREEN_ONLY
002782_2026-05-21,002782,2026-05-21,2,2,CS_RANK,M1,REAL,10,0.496650133993,5,0.25,0.039652173913,0.039652173913,0,2026-05-21,11,2026-05-20,CAPABILITY_SCREEN_ONLY
002272_2026-05-21,002272,2026-05-21,3,3,CS_RANK,M1,REAL,10,0.48189964165,6,0.583333333333,0.0904325032765,0.07,1,2026-05-21,11,2026-05-20,CAPABILITY_SCREEN_ONLY
003004_2026-05-22,003004,2026-05-22,2,2,CS_RANK,M1,REAL,10,0.497308737817,1,0.5,0.126801152738,0.07,1,2026-05-22,12,2026-05-21,CAPABILITY_SCREEN_ONLY
600611_2026-05-25,600611,2026-05-25,3,3,CS_RANK,M1,REAL,10,0.538407878577,1,0.0625,-0.0594227504244,-0.0594227504244,0,2026-05-25,13,2026-05-22,CAPABILITY_SCREEN_ONLY
002442_2026-05-25,002442,2026-05-25,3,3,CS_RANK,M1,REAL,10,0.525396775341,2,0.1875,0.00251256281407,0.00251256281407,0,2026-05-25,13,2026-05-22,CAPABILITY_SCREEN_ONLY
000012_2026-05-25,000012,2026-05-25,2,2,CS_RANK,M1,REAL,10,0.518753638602,3,0.8125,0.0617848970252,0.0617848970252,0,2026-05-25,13,2026-05-22,CAPABILITY_SCREEN_ONLY
000725_2026-05-25,000725,2026-05-25,2,2,CS_RANK,M1,REAL,10,0.518658944788,4,0.9375,0.166666666667,0.07,1,2026-05-25,13,2026-05-22,CAPABILITY_SCREEN_ONLY
002036_2026-05-25,002036,2026-05-25,2,2,CS_RANK,M1,REAL,10,0.490918029567,5,0.4375,0.0373563218391,0.0373563218391,0,2026-05-25,13,2026-05-22,CAPABILITY_SCREEN_ONLY
600303_2026-05-25,600303,2026-05-25,2,2,CS_RANK,M1,REAL,10,0.481280530448,6,0.3125,0.00546448087432,0.00546448087432,0,2026-05-25,13,2026-05-22,CAPABILITY_SCREEN_ONLY
001225_2026-05-25,001225,2026-05-25,2,2,CS_RANK,M1,REAL,10,0.467042103528,7,0.6875,0.0492430833478,0.0492430833478,0,2026-05-25,13,2026-05-22,CAPABILITY_SCREEN_ONLY
002931_2026-05-25,002931,2026-05-25,2,2,CS_RANK,M1,REAL,10,0.465773975354,8,0.5625,0.0478995504573,0.0478995504573,0,2026-05-25,13,2026-05-22,CAPABILITY_SCREEN_ONLY
603936_2026-05-26,603936,2026-05-26,2,2,CS_RANK,M1,REAL,10,0.532284787821,1,0.361111111111,0.00308641975309,0.00308641975309,0,2026-05-26,14,2026-05-25,CAPABILITY_SCREEN_ONLY
605580_2026-05-26,605580,2026-05-26,2,2,CS_RANK,M1,REAL,10,0.530206415061,2,0.916666666667,0.1272,0.07,1,2026-05-26,14,2026-05-25,CAPABILITY_SCREEN_ONLY
600234_2026-05-26,600234,2026-05-26,2,2,CS_RANK,M1,REAL,10,0.529498163613,3,0.0833333333333,-0.0880968392737,-0.0880968392737,0,2026-05-26,14,2026-05-25,CAPABILITY_SCREEN_ONLY
603663_2026-05-26,603663,2026-05-26,2,2,CS_RANK,M1,REAL,10,0.522446060477,4,0.861111111111,0.123469387755,0.07,1,2026-05-26,14,2026-05-25,CAPABILITY_SCREEN_ONLY
002432_2026-05-26,002432,2026-05-26,2,2,CS_RANK,M1,REAL,10,0.517781482412,5,0.138888888889,-0.0606593406593,-0.0606593406593,0,2026-05-26,14,2026-05-25,CAPABILITY_SCREEN_ONLY
603256_2026-05-26,603256,2026-05-26,2,2,CS_RANK,M1,REAL,10,0.515913030807,6,0.75,0.0785286103542,0.07,1,2026-05-26,14,2026-05-25,CAPABILITY_SCREEN_ONLY
600186_2026-05-26,600186,2026-05-26,2,2,CS_RANK,M1,REAL,10,0.51557872019,7,0.0277777777778,-0.12433661865,-0.12433661865,0,2026-05-26,14,2026-05-25,CAPABILITY_SCREEN_ONLY
002741_2026-05-26,002741,2026-05-26,2,2,CS_RANK,M1,REAL,10,0.513941367451,8,0.805555555556,0.120460266091,0.07,1,2026-05-26,14,2026-05-25,CAPABILITY_SCREEN_ONLY
000636_2026-05-26,000636,2026-05-26,2,2,CS_RANK,M1,REAL,10,0.511479697515,9,0.972222222222,0.158095238095,0.07,1,2026-05-26,14,2026-05-25,CAPABILITY_SCREEN_ONLY
600539_2026-05-26,600539,2026-05-26,2,2,CS_RANK,M1,REAL,10,0.51085325044,10,0.416666666667,0.0260869565217,0.0260869565217,0,2026-05-26,14,2026-05-25,CAPABILITY_SCREEN_ONLY
002938_2026-05-26,002938,2026-05-26,2,2,CS_RANK,M1,REAL,10,0.493169014993,11,0.194444444444,-0.0224137931034,-0.0224137931034,0,2026-05-26,14,2026-05-25,CAPABILITY_SCREEN_ONLY
603001_2026-05-26,603001,2026-05-26,2,2,CS_RANK,M1,REAL,10,0.491847331118,12,0.305555555556,0.000943396226415,0.000943396226415,0,2026-05-26,14,2026-05-25,CAPABILITY_SCREEN_ONLY
600503_2026-05-26,600503,2026-05-26,2,2,CS_RANK,M1,REAL,10,0.483731001501,13,0.527777777778,0.0321428571429,0.0321428571429,0,2026-05-26,14,2026-05-25,CAPABILITY_SCREEN_ONLY
002897_2026-05-26,002897,2026-05-26,2,2,CS_RANK,M1,REAL,10,0.477555748358,14,0.472222222222,0.0274577102231,0.0274577102231,0,2026-05-26,14,2026-05-25,CAPABILITY_SCREEN_ONLY
603661_2026-05-26,603661,2026-05-26,3,3,CS_RANK,M1,REAL,10,0.474445487228,15,0.25,-0.00778097982709,-0.00778097982709,0,2026-05-26,14,2026-05-25,CAPABILITY_SCREEN_ONLY
002975_2026-05-26,002975,2026-05-26,2,2,CS_RANK,M1,REAL,10,0.466211177625,16,0.694444444444,0.0652070442646,0.0652070442646,0,2026-05-26,14,2026-05-25,CAPABILITY_SCREEN_ONLY
002980_2026-05-26,002980,2026-05-26,2,2,CS_RANK,M1,REAL,10,0.464320704562,17,0.638888888889,0.0574722997928,0.0574722997928,0,2026-05-26,14,2026-05-25,CAPABILITY_SCREEN_ONLY
002421_2026-05-26,002421,2026-05-26,2,2,CS_RANK,M1,REAL,10,0.464127510749,18,0.583333333333,0.0553191489362,0.0553191489362,0,2026-05-26,14,2026-05-25,CAPABILITY_SCREEN_ONLY
003036_2026-05-27,003036,2026-05-27,2,2,CS_RANK,M1,REAL,10,0.53867966159,1,0.95,0.244761904762,0.07,1,2026-05-27,15,2026-05-26,CAPABILITY_SCREEN_ONLY
002185_2026-05-27,002185,2026-05-27,2,2,CS_RANK,M1,REAL,10,0.527401223407,2,0.35,0.0669975186104,0.0669975186104,0,2026-05-27,15,2026-05-26,CAPABILITY_SCREEN_ONLY
002957_2026-05-27,002957,2026-05-27,2,2,CS_RANK,M1,REAL,10,0.515487418897,3,0.65,0.212845673506,0.07,1,2026-05-27,15,2026-05-26,CAPABILITY_SCREEN_ONLY
002552_2026-05-27,002552,2026-05-27,3,3,CS_RANK,M1,REAL,10,0.509238527921,4,0.85,0.222996515679,0.07,1,2026-05-27,15,2026-05-26,CAPABILITY_SCREEN_ONLY
002585_2026-05-27,002585,2026-05-27,3,3,CS_RANK,M1,REAL,10,0.503641764204,5,0.55,0.0986590038314,0.07,1,2026-05-27,15,2026-05-26,CAPABILITY_SCREEN_ONLY
600172_2026-05-27,600172,2026-05-27,3,3,CS_RANK,M1,REAL,10,0.48547856252,6,0.75,0.21482602118,0.07,1,2026-05-27,15,2026-05-26,CAPABILITY_SCREEN_ONLY
600584_2026-05-27,600584,2026-05-27,2,2,CS_RANK,M1,REAL,10,0.485470049209,7,0.45,0.0814359715697,0.07,1,2026-05-27,15,2026-05-26,CAPABILITY_SCREEN_ONLY
002388_2026-05-27,002388,2026-05-27,2,2,CS_RANK,M1,REAL,10,0.480265984079,8,0.15,0.0187074829932,0.0187074829932,0,2026-05-27,15,2026-05-26,CAPABILITY_SCREEN_ONLY
000510_2026-05-27,000510,2026-05-27,3,3,CS_RANK,M1,REAL,10,0.470294197656,9,0.05,0.00334821428571,0.00334821428571,0,2026-05-27,15,2026-05-26,CAPABILITY_SCREEN_ONLY
600520_2026-05-27,600520,2026-05-27,2,2,CS_RANK,M1,REAL,10,0.464218308614,10,0.25,0.0330961954841,0.0330961954841,0,2026-05-27,15,2026-05-26,CAPABILITY_SCREEN_ONLY
002771_2026-05-28,002771,2026-05-28,2,2,CS_RANK,M1,REAL,10,0.542214811019,1,0.625,0.0943396226415,0.07,1,2026-05-28,16,2026-05-27,CAPABILITY_SCREEN_ONLY
001257_2026-05-28,001257,2026-05-28,2,2,CS_RANK,M1,REAL,10,0.496068331169,2,0.125,-0.0676771237222,-0.0676771237222,0,2026-05-28,16,2026-05-27,CAPABILITY_SCREEN_ONLY
000759_2026-05-28,000759,2026-05-28,2,2,CS_RANK,M1,REAL,10,0.487731765488,3,0.375,0.0771929824561,0.07,1,2026-05-28,16,2026-05-27,CAPABILITY_SCREEN_ONLY
002251_2026-05-28,002251,2026-05-28,2,2,CS_RANK,M1,REAL,10,0.478455299359,4,0.875,0.168539325843,0.07,1,2026-05-28,16,2026-05-27,CAPABILITY_SCREEN_ONLY
603989_2026-05-29,603989,2026-05-29,2,2,CS_RANK,M1,REAL,10,0.545802156752,1,0.166666666667,-0.0322019147084,-0.0322019147084,0,2026-05-29,17,2026-05-28,CAPABILITY_SCREEN_ONLY
002579_2026-05-29,002579,2026-05-29,3,3,CS_RANK,M1,REAL,10,0.489028976388,2,0.833333333333,0.195852534562,0.07,1,2026-05-29,17,2026-05-28,CAPABILITY_SCREEN_ONLY
603032_2026-05-29,603032,2026-05-29,2,2,CS_RANK,M1,REAL,10,0.461236078682,3,0.5,0.00237812128419,0.00237812128419,0,2026-05-29,17,2026-05-28,CAPABILITY_SCREEN_ONLY
600110_2026-06-01,600110,2026-06-01,2,2,CS_RANK,M1,REAL,10,0.512757502901,1,0.625,0.0451559934319,0.0451559934319,0,2026-06-01,18,2026-05-29,CAPABILITY_SCREEN_ONLY
000090_2026-06-01,000090,2026-06-01,2,2,CS_RANK,M1,REAL,10,0.507389453758,2,0.125,-0.0263852242744,-0.0263852242744,0,2026-06-01,18,2026-05-29,CAPABILITY_SCREEN_ONLY
002806_2026-06-01,002806,2026-06-01,2,2,CS_RANK,M1,REAL,10,0.488403361327,3,0.875,0.149321266968,0.07,1,2026-06-01,18,2026-05-29,CAPABILITY_SCREEN_ONLY
603324_2026-06-01,603324,2026-06-01,2,2,CS_RANK,M1,REAL,10,0.484409993718,4,0.375,0.0224038752649,0.0224038752649,0,2026-06-01,18,2026-05-29,CAPABILITY_SCREEN_ONLY
002608_2026-06-02,002608,2026-06-02,2,2,CS_RANK,M1,REAL,10,0.522715174731,1,0.75,0.099,0.07,1,2026-06-02,19,2026-06-01,CAPABILITY_SCREEN_ONLY
600011_2026-06-02,600011,2026-06-02,2,2,CS_RANK,M1,REAL,10,0.475643283378,2,0.25,0.0260475651189,0.0260475651189,0,2026-06-02,19,2026-06-01,CAPABILITY_SCREEN_ONLY
600280_2026-06-03,600280,2026-06-03,3,3,CS_RANK,M1,REAL,10,0.560242694607,1,0.214285714286,-0.0125313283208,-0.0125313283208,0,2026-06-03,20,2026-06-02,CAPABILITY_SCREEN_ONLY
001210_2026-06-03,001210,2026-06-03,2,2,CS_RANK,M1,REAL,10,0.525694677691,2,0.0714285714286,-0.244557534634,-0.244557534634,0,2026-06-03,20,2026-06-02,CAPABILITY_SCREEN_ONLY
002404_2026-06-03,002404,2026-06-03,2,2,CS_RANK,M1,REAL,10,0.511605053032,3,0.5,0.0299319727891,0.0299319727891,0,2026-06-03,20,2026-06-02,CAPABILITY_SCREEN_ONLY
002579_2026-06-03,002579,2026-06-03,2,2,CS_RANK,M1,REAL,10,0.508497320301,4,0.642857142857,0.0540254237288,0.0540254237288,0,2026-06-03,20,2026-06-02,CAPABILITY_SCREEN_ONLY
002421_2026-06-03,002421,2026-06-03,2,2,CS_RANK,M1,REAL,10,0.474066494569,5,0.785714285714,0.0698151950719,0.0698151950719,0,2026-06-03,20,2026-06-02,CAPABILITY_SCREEN_ONLY
000055_2026-06-03,000055,2026-06-03,2,2,CS_RANK,M1,REAL,10,0.467636545688,6,0.357142857143,0,0,0,2026-06-03,20,2026-06-02,CAPABILITY_SCREEN_ONLY
603045_2026-06-03,603045,2026-06-03,2,2,CS_RANK,M1,REAL,10,0.451455439128,7,0.928571428571,0.154815115807,0.07,1,2026-06-03,20,2026-06-02,CAPABILITY_SCREEN_ONLY
600487_2026-06-04,600487,2026-06-04,2,2,CS_RANK,M1,REAL,10,0.532203623031,1,0.916666666667,0.0659375,0.0659375,0,2026-06-04,21,2026-06-03,CAPABILITY_SCREEN_ONLY
600121_2026-06-04,600121,2026-06-04,3,3,CS_RANK,M1,REAL,10,0.524440368703,2,0.416666666667,-0.00709219858156,-0.00709219858156,0,2026-06-04,21,2026-06-03,CAPABILITY_SCREEN_ONLY
603311_2026-06-04,603311,2026-06-04,2,2,CS_RANK,M1,REAL,10,0.506855401942,3,0.75,0.0277923439958,0.0277923439958,0,2026-06-04,21,2026-06-03,CAPABILITY_SCREEN_ONLY
000700_2026-06-04,000700,2026-06-04,2,2,CS_RANK,M1,REAL,10,0.491247192156,4,0.0833333333333,-0.0651340996169,-0.0651340996169,0,2026-06-04,21,2026-06-03,CAPABILITY_SCREEN_ONLY
002137_2026-06-04,002137,2026-06-04,2,2,CS_RANK,M1,REAL,10,0.489000544654,5,0.583333333333,0.0068359375,0.0068359375,0,2026-06-04,21,2026-06-03,CAPABILITY_SCREEN_ONLY
600936_2026-06-04,600936,2026-06-04,2,2,CS_RANK,M1,REAL,10,0.456349168278,6,0.25,-0.0455284552846,-0.0455284552846,0,2026-06-04,21,2026-06-03,CAPABILITY_SCREEN_ONLY
600688_2026-06-05,600688,2026-06-05,2,2,CS_RANK,M1,REAL,10,0.554708295944,1,0.416666666667,0.00302114803625,0.00302114803625,0,2026-06-05,22,2026-06-04,CAPABILITY_SCREEN_ONLY
600255_2026-06-05,600255,2026-06-05,3,3,CS_RANK,M1,REAL,10,0.521866234474,2,0.916666666667,0.0896551724138,0.07,1,2026-06-05,22,2026-06-04,CAPABILITY_SCREEN_ONLY
605162_2026-06-05,605162,2026-06-05,2,2,CS_RANK,M1,REAL,10,0.510167440802,3,0.0833333333333,-0.0449915110357,-0.0449915110357,0,2026-06-05,22,2026-06-04,CAPABILITY_SCREEN_ONLY
001896_2026-06-05,001896,2026-06-05,2,2,CS_RANK,M1,REAL,10,0.490846058826,4,0.75,0.0850528434826,0.07,1,2026-06-05,22,2026-06-04,CAPABILITY_SCREEN_ONLY
002787_2026-06-05,002787,2026-06-05,2,2,CS_RANK,M1,REAL,10,0.461603978943,5,0.583333333333,0.0670498084291,0.0670498084291,0,2026-06-05,22,2026-06-04,CAPABILITY_SCREEN_ONLY
600439_2026-06-05,600439,2026-06-05,2,2,CS_RANK,M1,REAL,10,0.461076715579,6,0.25,-0.0113636363636,-0.0113636363636,0,2026-06-05,22,2026-06-04,CAPABILITY_SCREEN_ONLY
000520_2026-06-08,000520,2026-06-08,2,2,CS_RANK,M1,REAL,10,0.517207332322,1,0.5,-0.0109409190372,-0.0109409190372,0,2026-06-08,23,2026-06-05,CAPABILITY_SCREEN_ONLY
600293_2026-06-08,600293,2026-06-08,2,2,CS_RANK,M1,REAL,10,0.504112496862,2,0.166666666667,-0.0172839506173,-0.0172839506173,0,2026-06-08,23,2026-06-05,CAPABILITY_SCREEN_ONLY
003036_2026-06-08,003036,2026-06-08,2,2,CS_RANK,M1,REAL,10,0.477322358411,3,0.833333333333,0.0681933842239,0.0681933842239,0,2026-06-08,23,2026-06-05,CAPABILITY_SCREEN_ONLY
603500_2026-06-09,603500,2026-06-09,3,3,CS_RANK,M1,REAL,10,0.539235326237,1,0.944444444444,0.0936270653029,0.07,1,2026-06-09,24,2026-06-08,CAPABILITY_SCREEN_ONLY
002421_2026-06-09,002421,2026-06-09,2,2,CS_RANK,M1,REAL,10,0.530353322683,2,0.0555555555556,-0.142105263158,-0.142105263158,0,2026-06-09,24,2026-06-08,CAPABILITY_SCREEN_ONLY
603859_2026-06-09,603859,2026-06-09,2,2,CS_RANK,M1,REAL,10,0.519751504378,3,0.833333333333,0.0640412922959,0.0640412922959,0,2026-06-09,24,2026-06-08,CAPABILITY_SCREEN_ONLY
000068_2026-06-09,000068,2026-06-09,2,2,CS_RANK,M1,REAL,10,0.517110693778,4,0.166666666667,-0.0503978779841,-0.0503978779841,0,2026-06-09,24,2026-06-08,CAPABILITY_SCREEN_ONLY
003009_2026-06-09,003009,2026-06-09,2,2,CS_RANK,M1,REAL,10,0.489734158897,5,0.388888888889,-0.0131004366812,-0.0131004366812,0,2026-06-09,24,2026-06-08,CAPABILITY_SCREEN_ONLY
002613_2026-06-09,002613,2026-06-09,2,2,CS_RANK,M1,REAL,10,0.485454149659,6,0.277777777778,-0.013698630137,-0.013698630137,0,2026-06-09,24,2026-06-08,CAPABILITY_SCREEN_ONLY
002361_2026-06-09,002361,2026-06-09,2,2,CS_RANK,M1,REAL,10,0.484079875385,7,0.722222222222,0.047323943662,0.047323943662,0,2026-06-09,24,2026-06-08,CAPABILITY_SCREEN_ONLY
000517_2026-06-09,000517,2026-06-09,2,2,CS_RANK,M1,REAL,10,0.482431678557,8,0.611111111111,0.0147783251232,0.0147783251232,0,2026-06-09,24,2026-06-08,CAPABILITY_SCREEN_ONLY
000759_2026-06-09,000759,2026-06-09,2,2,CS_RANK,M1,REAL,10,0.45250780936,9,0.5,0.00649350649351,0.00649350649351,0,2026-06-09,24,2026-06-08,CAPABILITY_SCREEN_ONLY
603929_2026-06-10,603929,2026-06-10,2,2,CS_RANK,M1,REAL,10,0.536456427435,1,0.642857142857,0.0850540374308,0.07,1,2026-06-10,25,2026-06-09,CAPABILITY_SCREEN_ONLY
603186_2026-06-10,603186,2026-06-10,2,2,CS_RANK,M1,REAL,10,0.519598866035,2,0.785714285714,0.12896813445,0.07,1,2026-06-10,25,2026-06-09,CAPABILITY_SCREEN_ONLY
001696_2026-06-10,001696,2026-06-10,2,2,CS_RANK,M1,REAL,10,0.506019503882,3,0.928571428571,0.202105263158,0.07,1,2026-06-10,25,2026-06-09,CAPABILITY_SCREEN_ONLY
603616_2026-06-10,603616,2026-06-10,2,2,CS_RANK,M1,REAL,10,0.495540947142,4,0.214285714286,0.0160583941606,0.0160583941606,0,2026-06-10,25,2026-06-09,CAPABILITY_SCREEN_ONLY
002747_2026-06-10,002747,2026-06-10,2,2,CS_RANK,M1,REAL,10,0.489599196344,5,0.357142857143,0.0194285714286,0.0194285714286,0,2026-06-10,25,2026-06-09,CAPABILITY_SCREEN_ONLY
002254_2026-06-10,002254,2026-06-10,3,3,CS_RANK,M1,REAL,10,0.485047135789,6,0.5,0.0754173862982,0.07,1,2026-06-10,25,2026-06-09,CAPABILITY_SCREEN_ONLY
002362_2026-06-10,002362,2026-06-10,2,2,CS_RANK,M1,REAL,10,0.466789078791,7,0.0714285714286,-0.0082219938335,-0.0082219938335,0,2026-06-10,25,2026-06-09,CAPABILITY_SCREEN_ONLY
002636_2026-06-11,002636,2026-06-11,3,3,CS_RANK,M1,REAL,10,0.584288168433,1,0.95,0.0890098899878,0.07,1,2026-06-11,26,2026-06-10,CAPABILITY_SCREEN_ONLY
603065_2026-06-11,603065,2026-06-11,2,2,CS_RANK,M1,REAL,10,0.544880339986,2,0.55,0.0286764705882,0.0286764705882,0,2026-06-11,26,2026-06-10,CAPABILITY_SCREEN_ONLY
605318_2026-06-11,605318,2026-06-11,2,2,CS_RANK,M1,REAL,10,0.529220077195,3,0.65,0.0456747404844,0.0456747404844,0,2026-06-11,26,2026-06-10,CAPABILITY_SCREEN_ONLY
605006_2026-06-11,605006,2026-06-11,2,2,CS_RANK,M1,REAL,10,0.51376677831,4,0.35,0.012037037037,0.012037037037,0,2026-06-11,26,2026-06-10,CAPABILITY_SCREEN_ONLY
605589_2026-06-11,605589,2026-06-11,2,2,CS_RANK,M1,REAL,10,0.50123175798,5,0.85,0.0872881355932,0.07,1,2026-06-11,26,2026-06-10,CAPABILITY_SCREEN_ONLY
002585_2026-06-11,002585,2026-06-11,2,2,CS_RANK,M1,REAL,10,0.481979826805,6,0.45,0.0257648953301,0.0257648953301,0,2026-06-11,26,2026-06-10,CAPABILITY_SCREEN_ONLY
000029_2026-06-11,000029,2026-06-11,2,2,CS_RANK,M1,REAL,10,0.474329716557,7,0.25,0.0117970900511,0.0117970900511,0,2026-06-11,26,2026-06-10,CAPABILITY_SCREEN_ONLY
603002_2026-06-11,603002,2026-06-11,2,2,CS_RANK,M1,REAL,10,0.465637931124,8,0.75,0.0673719376392,0.0673719376392,0,2026-06-11,26,2026-06-10,CAPABILITY_SCREEN_ONLY
002669_2026-06-11,002669,2026-06-11,2,2,CS_RANK,M1,REAL,10,0.458786945023,9,0.15,-0.00120481927711,-0.00120481927711,0,2026-06-11,26,2026-06-10,CAPABILITY_SCREEN_ONLY
003026_2026-06-11,003026,2026-06-11,2,2,CS_RANK,M1,REAL,10,0.443230849275,10,0.05,-0.0459548706659,-0.0459548706659,0,2026-06-11,26,2026-06-10,CAPABILITY_SCREEN_ONLY
000048_2026-06-12,000048,2026-06-12,3,3,CS_RANK,M1,REAL,10,0.554275793437,1,0.0625,-0.0215053763441,-0.0215053763441,0,2026-06-12,27,2026-06-11,CAPABILITY_SCREEN_ONLY
002119_2026-06-12,002119,2026-06-12,2,2,CS_RANK,M1,REAL,10,0.546554809254,2,0.4375,0.0543580131209,0.0543580131209,0,2026-06-12,27,2026-06-11,CAPABILITY_SCREEN_ONLY
600378_2026-06-12,600378,2026-06-12,2,2,CS_RANK,M1,REAL,10,0.513188410559,3,0.8125,0.0784588441331,0.07,1,2026-06-12,27,2026-06-11,CAPABILITY_SCREEN_ONLY
600665_2026-06-12,600665,2026-06-12,2,2,CS_RANK,M1,REAL,10,0.495617182102,4,0.3125,0.012987012987,0.012987012987,0,2026-06-12,27,2026-06-11,CAPABILITY_SCREEN_ONLY
002165_2026-06-12,002165,2026-06-12,2,2,CS_RANK,M1,REAL,10,0.491457454988,5,0.5625,0.0732356857523,0.07,1,2026-06-12,27,2026-06-11,CAPABILITY_SCREEN_ONLY
002409_2026-06-12,002409,2026-06-12,2,2,CS_RANK,M1,REAL,10,0.481858100665,6,0.6875,0.0771077107711,0.07,1,2026-06-12,27,2026-06-11,CAPABILITY_SCREEN_ONLY
603155_2026-06-12,603155,2026-06-12,2,2,CS_RANK,M1,REAL,10,0.465284727901,7,0.9375,0.087962962963,0.07,1,2026-06-12,27,2026-06-11,CAPABILITY_SCREEN_ONLY
600178_2026-06-12,600178,2026-06-12,2,2,CS_RANK,M1,REAL,10,0.448581551385,8,0.1875,-0.00398803589232,-0.00398803589232,0,2026-06-12,27,2026-06-11,CAPABILITY_SCREEN_ONLY
002203_2026-06-15,002203,2026-06-15,2,2,CS_RANK,M1,REAL,10,0.545468896688,1,0.5,0.03625,0.03625,0,2026-06-15,28,2026-06-12,CAPABILITY_SCREEN_ONLY
600067_2026-06-15,600067,2026-06-15,2,2,CS_RANK,M1,REAL,10,0.50185645924,2,0.166666666667,0.0285714285714,0.0285714285714,0,2026-06-15,28,2026-06-12,CAPABILITY_SCREEN_ONLY
603014_2026-06-15,603014,2026-06-15,2,2,CS_RANK,M1,REAL,10,0.453692876166,3,0.833333333333,0.111851637207,0.07,1,2026-06-15,28,2026-06-12,CAPABILITY_SCREEN_ONLY
000510_2026-06-16,000510,2026-06-16,3,3,CS_RANK,M1,REAL,10,0.549123965429,1,0.214285714286,-0.0145310435931,-0.0145310435931,0,2026-06-16,29,2026-06-15,CAPABILITY_SCREEN_ONLY
601958_2026-06-16,601958,2026-06-16,3,3,CS_RANK,M1,REAL,10,0.541604685296,2,0.5,0.0439285714286,0.0439285714286,0,2026-06-16,29,2026-06-15,CAPABILITY_SCREEN_ONLY
001359_2026-06-16,001359,2026-06-16,2,2,CS_RANK,M1,REAL,10,0.508612883834,3,0.785714285714,0.120841364284,0.07,1,2026-06-16,29,2026-06-15,CAPABILITY_SCREEN_ONLY
601696_2026-06-16,601696,2026-06-16,2,2,CS_RANK,M1,REAL,10,0.497390032068,4,0.0714285714286,-0.0187265917603,-0.0187265917603,0,2026-06-16,29,2026-06-15,CAPABILITY_SCREEN_ONLY
603738_2026-06-16,603738,2026-06-16,2,2,CS_RANK,M1,REAL,10,0.483454007415,5,0.928571428571,0.129815592478,0.07,1,2026-06-16,29,2026-06-15,CAPABILITY_SCREEN_ONLY
603335_2026-06-16,603335,2026-06-16,2,2,CS_RANK,M1,REAL,10,0.468679713956,6,0.642857142857,0.111922141119,0.07,1,2026-06-16,29,2026-06-15,CAPABILITY_SCREEN_ONLY
000506_2026-06-16,000506,2026-06-16,2,2,CS_RANK,M1,REAL,10,0.450511861307,7,0.357142857143,-0.00130975769483,-0.00130975769483,0,2026-06-16,29,2026-06-15,CAPABILITY_SCREEN_ONLY
605198_2026-06-17,605198,2026-06-17,3,3,CS_RANK,M1,REAL,10,0.56396593809,1,0.0294117647059,-0.0212765957447,-0.0212765957447,0,2026-06-17,30,2026-06-16,CAPABILITY_SCREEN_ONLY
002824_2026-06-17,002824,2026-06-17,2,2,CS_RANK,M1,REAL,10,0.54751936204,2,0.852941176471,0.144943820225,0.07,1,2026-06-17,30,2026-06-16,CAPABILITY_SCREEN_ONLY
002515_2026-06-17,002515,2026-06-17,2,2,CS_RANK,M1,REAL,10,0.538253029859,3,0.911764705882,0.165371809101,0.07,1,2026-06-17,30,2026-06-16,CAPABILITY_SCREEN_ONLY
603256_2026-06-17,603256,2026-06-17,2,2,CS_RANK,M1,REAL,10,0.528875885412,4,0.676470588235,0.12002451982,0.07,1,2026-06-17,30,2026-06-16,CAPABILITY_SCREEN_ONLY
600549_2026-06-17,600549,2026-06-17,2,2,CS_RANK,M1,REAL,10,0.528524250053,5,0.970588235294,0.209677419355,0.07,1,2026-06-17,30,2026-06-16,CAPABILITY_SCREEN_ONLY
605289_2026-06-17,605289,2026-06-17,2,2,CS_RANK,M1,REAL,10,0.518339477627,6,0.264705882353,0.065543071161,0.065543071161,0,2026-06-17,30,2026-06-16,CAPABILITY_SCREEN_ONLY
002585_2026-06-17,002585,2026-06-17,2,2,CS_RANK,M1,REAL,10,0.509414755794,7,0.0882352941176,0.0378634212306,0.0378634212306,0,2026-06-17,30,2026-06-16,CAPABILITY_SCREEN_ONLY
002552_2026-06-17,002552,2026-06-17,2,2,CS_RANK,M1,REAL,10,0.505974927333,8,0.735294117647,0.136402877698,0.07,1,2026-06-17,30,2026-06-16,CAPABILITY_SCREEN_ONLY
002851_2026-06-17,002851,2026-06-17,2,2,CS_RANK,M1,REAL,10,0.503430459418,9,0.441176470588,0.0721357850071,0.07,1,2026-06-17,30,2026-06-16,CAPABILITY_SCREEN_ONLY
002990_2026-06-17,002990,2026-06-17,2,2,CS_RANK,M1,REAL,10,0.494107831006,10,0.558823529412,0.0859687386405,0.07,1,2026-06-17,30,2026-06-16,CAPABILITY_SCREEN_ONLY
603516_2026-06-17,603516,2026-06-17,2,2,CS_RANK,M1,REAL,10,0.489173548501,11,0.323529411765,0.0701068927387,0.07,1,2026-06-17,30,2026-06-16,CAPABILITY_SCREEN_ONLY
601179_2026-06-17,601179,2026-06-17,2,2,CS_RANK,M1,REAL,10,0.479975574171,12,0.382352941176,0.0707908163265,0.07,1,2026-06-17,30,2026-06-16,CAPABILITY_SCREEN_ONLY
002806_2026-06-17,002806,2026-06-17,2,2,CS_RANK,M1,REAL,10,0.476688407513,13,0.147058823529,0.0405727923628,0.0405727923628,0,2026-06-17,30,2026-06-16,CAPABILITY_SCREEN_ONLY
002051_2026-06-17,002051,2026-06-17,2,2,CS_RANK,M1,REAL,10,0.463458167302,14,0.5,0.0827974276527,0.07,1,2026-06-17,30,2026-06-16,CAPABILITY_SCREEN_ONLY
600703_2026-06-17,600703,2026-06-17,2,2,CS_RANK,M1,REAL,10,0.46054957309,15,0.617647058824,0.0892151326934,0.07,1,2026-06-17,30,2026-06-16,CAPABILITY_SCREEN_ONLY
600545_2026-06-17,600545,2026-06-17,2,2,CS_RANK,M1,REAL,10,0.458858343865,16,0.794117647059,0.142857142857,0.07,1,2026-06-17,30,2026-06-16,CAPABILITY_SCREEN_ONLY
603045_2026-06-17,603045,2026-06-17,2,2,CS_RANK,M1,REAL,10,0.449669123171,17,0.205882352941,0.0585868150077,0.0585868150077,0,2026-06-17,30,2026-06-16,CAPABILITY_SCREEN_ONLY
603186_2026-06-18,603186,2026-06-18,3,3,CS_RANK,M1,REAL,10,0.540344679671,1,0.766666666667,0.0454831800428,0.0454831800428,0,2026-06-18,31,2026-06-17,CAPABILITY_SCREEN_ONLY
002741_2026-06-18,002741,2026-06-18,3,3,CS_RANK,M1,REAL,10,0.539404773325,2,0.166666666667,-0.0204131227217,-0.0204131227217,0,2026-06-18,31,2026-06-17,CAPABILITY_SCREEN_ONLY
600110_2026-06-18,600110,2026-06-18,3,3,CS_RANK,M1,REAL,10,0.536350107457,3,0.1,-0.0444572748268,-0.0444572748268,0,2026-06-18,31,2026-06-17,CAPABILITY_SCREEN_ONLY
603002_2026-06-18,603002,2026-06-18,3,3,CS_RANK,M1,REAL,10,0.518435990632,4,0.966666666667,0.117920540997,0.07,1,2026-06-18,31,2026-06-17,CAPABILITY_SCREEN_ONLY
002080_2026-06-18,002080,2026-06-18,3,3,CS_RANK,M1,REAL,10,0.508793695088,5,0.5,0.0197681513118,0.0197681513118,0,2026-06-18,31,2026-06-17,CAPABILITY_SCREEN_ONLY
002484_2026-06-18,002484,2026-06-18,2,2,CS_RANK,M1,REAL,10,0.501340493376,6,0.0333333333333,-0.0501659904094,-0.0501659904094,0,2026-06-18,31,2026-06-17,CAPABILITY_SCREEN_ONLY
000679_2026-06-18,000679,2026-06-18,2,2,CS_RANK,M1,REAL,10,0.500613568456,7,0.566666666667,0.0197889182058,0.0197889182058,0,2026-06-18,31,2026-06-17,CAPABILITY_SCREEN_ONLY
600186_2026-06-18,600186,2026-06-18,2,2,CS_RANK,M1,REAL,10,0.491581617728,8,0.7,0.0350515463918,0.0350515463918,0,2026-06-18,31,2026-06-17,CAPABILITY_SCREEN_ONLY
000777_2026-06-18,000777,2026-06-18,3,3,CS_RANK,M1,REAL,10,0.474957921162,9,0.433333333333,0.0143464399575,0.0143464399575,0,2026-06-18,31,2026-06-17,CAPABILITY_SCREEN_ONLY
603115_2026-06-18,603115,2026-06-18,3,3,CS_RANK,M1,REAL,10,0.474314003564,10,0.633333333333,0.0322945682451,0.0322945682451,0,2026-06-18,31,2026-06-17,CAPABILITY_SCREEN_ONLY
603773_2026-06-18,603773,2026-06-18,2,2,CS_RANK,M1,REAL,10,0.474014461199,11,0.833333333333,0.0675738274464,0.0675738274464,0,2026-06-18,31,2026-06-17,CAPABILITY_SCREEN_ONLY
601636_2026-06-18,601636,2026-06-18,3,3,CS_RANK,M1,REAL,10,0.467565839006,12,0.366666666667,0.0048309178744,0.0048309178744,0,2026-06-18,31,2026-06-17,CAPABILITY_SCREEN_ONLY
600192_2026-06-18,600192,2026-06-18,2,2,CS_RANK,M1,REAL,10,0.46564788437,13,0.3,0.00126742712294,0.00126742712294,0,2026-06-18,31,2026-06-17,CAPABILITY_SCREEN_ONLY
600615_2026-06-18,600615,2026-06-18,2,2,CS_RANK,M1,REAL,10,0.460475086093,14,0.233333333333,-0.00570342205323,-0.00570342205323,0,2026-06-18,31,2026-06-17,CAPABILITY_SCREEN_ONLY
600707_2026-06-18,600707,2026-06-18,2,2,CS_RANK,M1,REAL,10,0.438224199937,15,0.9,0.109845402766,0.07,1,2026-06-18,31,2026-06-17,CAPABILITY_SCREEN_ONLY
002491_2026-06-22,002491,2026-06-22,2,2,CS_RANK,M1,REAL,10,0.53776323837,1,0.5,0.0711188204683,0.07,1,2026-06-22,32,2026-06-18,CAPABILITY_SCREEN_ONLY
002989_2026-06-22,002989,2026-06-22,3,3,CS_RANK,M1,REAL,10,0.51972771421,2,0.214285714286,0.0214190093708,0.0214190093708,0,2026-06-22,32,2026-06-18,CAPABILITY_SCREEN_ONLY
603261_2026-06-22,603261,2026-06-22,2,2,CS_RANK,M1,REAL,10,0.508785692339,3,0.928571428571,0.193737328227,0.07,1,2026-06-22,32,2026-06-18,CAPABILITY_SCREEN_ONLY
002579_2026-06-22,002579,2026-06-22,2,2,CS_RANK,M1,REAL,10,0.489858438086,4,0.0714285714286,-0.0383309073265,-0.0383309073265,0,2026-06-22,32,2026-06-18,CAPABILITY_SCREEN_ONLY
002141_2026-06-22,002141,2026-06-22,3,3,CS_RANK,M1,REAL,10,0.489707512096,5,0.642857142857,0.0746268656716,0.07,1,2026-06-22,32,2026-06-18,CAPABILITY_SCREEN_ONLY
001339_2026-06-22,001339,2026-06-22,2,2,CS_RANK,M1,REAL,10,0.473615522286,6,0.357142857143,0.0626988437961,0.0626988437961,0,2026-06-22,32,2026-06-18,CAPABILITY_SCREEN_ONLY
603324_2026-06-22,603324,2026-06-22,2,2,CS_RANK,M1,REAL,10,0.467744471453,7,0.785714285714,0.106767652089,0.07,1,2026-06-22,32,2026-06-18,CAPABILITY_SCREEN_ONLY
002297_2026-06-23,002297,2026-06-23,2,2,CS_RANK,M1,REAL,10,0.547747073428,1,0.892857142857,0.132492113565,0.07,1,2026-06-23,33,2026-06-22,CAPABILITY_SCREEN_ONLY
000811_2026-06-23,000811,2026-06-23,3,3,CS_RANK,M1,REAL,10,0.530432437945,2,0.964285714286,0.219968087531,0.07,1,2026-06-23,33,2026-06-22,CAPABILITY_SCREEN_ONLY
600769_2026-06-23,600769,2026-06-23,2,2,CS_RANK,M1,REAL,10,0.52716577599,3,0.0357142857143,0.00775547445255,0.00775547445255,0,2026-06-23,33,2026-06-22,CAPABILITY_SCREEN_ONLY
603663_2026-06-23,603663,2026-06-23,2,2,CS_RANK,M1,REAL,10,0.523267865538,4,0.25,0.0294117647059,0.0294117647059,0,2026-06-23,33,2026-06-22,CAPABILITY_SCREEN_ONLY
603082_2026-06-23,603082,2026-06-23,2,2,CS_RANK,M1,REAL,10,0.518790133012,5,0.107142857143,0.0208955223881,0.0208955223881,0,2026-06-23,33,2026-06-22,CAPABILITY_SCREEN_ONLY
002805_2026-06-23,002805,2026-06-23,2,2,CS_RANK,M1,REAL,10,0.513999208552,6,0.321428571429,0.0302405498282,0.0302405498282,0,2026-06-23,33,2026-06-22,CAPABILITY_SCREEN_ONLY
002655_2026-06-23,002655,2026-06-23,2,2,CS_RANK,M1,REAL,10,0.513539785883,7,0.821428571429,0.112807463953,0.07,1,2026-06-23,33,2026-06-22,CAPABILITY_SCREEN_ONLY
003031_2026-06-23,003031,2026-06-23,2,2,CS_RANK,M1,REAL,10,0.507861046701,8,0.464285714286,0.0645161290323,0.0645161290323,0,2026-06-23,33,2026-06-22,CAPABILITY_SCREEN_ONLY
000657_2026-06-23,000657,2026-06-23,2,2,CS_RANK,M1,REAL,10,0.498952921021,9,0.607142857143,0.0773082315241,0.07,1,2026-06-23,33,2026-06-22,CAPABILITY_SCREEN_ONLY
603380_2026-06-23,603380,2026-06-23,2,2,CS_RANK,M1,REAL,10,0.487736607665,10,0.75,0.108924806746,0.07,1,2026-06-23,33,2026-06-22,CAPABILITY_SCREEN_ONLY
002842_2026-06-23,002842,2026-06-23,2,2,CS_RANK,M1,REAL,10,0.473205999714,11,0.678571428571,0.0887335874629,0.07,1,2026-06-23,33,2026-06-22,CAPABILITY_SCREEN_ONLY
600162_2026-06-23,600162,2026-06-23,2,2,CS_RANK,M1,REAL,10,0.469161049093,12,0.535714285714,0.0704960835509,0.07,1,2026-06-23,33,2026-06-22,CAPABILITY_SCREEN_ONLY
001296_2026-06-23,001296,2026-06-23,2,2,CS_RANK,M1,REAL,10,0.465887940951,13,0.178571428571,0.0229293401965,0.0229293401965,0,2026-06-23,33,2026-06-22,CAPABILITY_SCREEN_ONLY
002354_2026-06-23,002354,2026-06-23,2,2,CS_RANK,M1,REAL,10,0.447246361787,14,0.392857142857,0.0438489646772,0.0438489646772,0,2026-06-23,33,2026-06-22,CAPABILITY_SCREEN_ONLY
603757_2026-06-24,603757,2026-06-24,2,2,CS_RANK,M1,REAL,10,0.545145098096,1,0.633333333333,0.0516980613227,0.0516980613227,0,2026-06-24,34,2026-06-23,CAPABILITY_SCREEN_ONLY
600851_2026-06-24,600851,2026-06-24,3,3,CS_RANK,M1,REAL,10,0.535423245638,2,0.0333333333333,-0.036815920398,-0.036815920398,0,2026-06-24,34,2026-06-23,CAPABILITY_SCREEN_ONLY
000070_2026-06-24,000070,2026-06-24,2,2,CS_RANK,M1,REAL,10,0.531586974979,3,0.233333333333,-0.0225029609159,-0.0225029609159,0,2026-06-24,34,2026-06-23,CAPABILITY_SCREEN_ONLY
600172_2026-06-24,600172,2026-06-24,2,2,CS_RANK,M1,REAL,10,0.519939195221,4,0.7,0.0564468211527,0.0564468211527,0,2026-06-24,34,2026-06-23,CAPABILITY_SCREEN_ONLY
002068_2026-06-24,002068,2026-06-24,3,3,CS_RANK,M1,REAL,10,0.518655604324,5,0.766666666667,0.0647138964578,0.0647138964578,0,2026-06-24,34,2026-06-23,CAPABILITY_SCREEN_ONLY
601869_2026-06-24,601869,2026-06-24,2,2,CS_RANK,M1,REAL,10,0.509304185131,6,0.166666666667,-0.0267558528428,-0.0267558528428,0,2026-06-24,34,2026-06-23,CAPABILITY_SCREEN_ONLY
000783_2026-06-24,000783,2026-06-24,2,2,CS_RANK,M1,REAL,10,0.505316622379,7,0.9,0.091103965702,0.07,1,2026-06-24,34,2026-06-23,CAPABILITY_SCREEN_ONLY
605580_2026-06-24,605580,2026-06-24,2,2,CS_RANK,M1,REAL,10,0.496506964488,8,0.366666666667,-0.00604026845638,-0.00604026845638,0,2026-06-24,34,2026-06-23,CAPABILITY_SCREEN_ONLY
000571_2026-06-24,000571,2026-06-24,2,2,CS_RANK,M1,REAL,10,0.4944067908,9,0.833333333333,0.079674796748,0.07,1,2026-06-24,34,2026-06-23,CAPABILITY_SCREEN_ONLY
605377_2026-06-24,605377,2026-06-24,2,2,CS_RANK,M1,REAL,10,0.483613564615,10,0.3,-0.0173913043478,-0.0173913043478,0,2026-06-24,34,2026-06-23,CAPABILITY_SCREEN_ONLY
600400_2026-06-24,600400,2026-06-24,2,2,CS_RANK,M1,REAL,10,0.480646953375,11,0.966666666667,0.100323624595,0.07,1,2026-06-24,34,2026-06-23,CAPABILITY_SCREEN_ONLY
002830_2026-06-24,002830,2026-06-24,2,2,CS_RANK,M1,REAL,10,0.478696426479,12,0.1,-0.0324971493729,-0.0324971493729,0,2026-06-24,34,2026-06-23,CAPABILITY_SCREEN_ONLY
600470_2026-06-24,600470,2026-06-24,2,2,CS_RANK,M1,REAL,10,0.474656213094,13,0.5,0.0189873417722,0.0189873417722,0,2026-06-24,34,2026-06-23,CAPABILITY_SCREEN_ONLY
600322_2026-06-24,600322,2026-06-24,2,2,CS_RANK,M1,REAL,10,0.46954768597,14,0.433333333333,0.0181818181818,0.0181818181818,0,2026-06-24,34,2026-06-23,CAPABILITY_SCREEN_ONLY
002672_2026-06-24,002672,2026-06-24,2,2,CS_RANK,M1,REAL,10,0.466506630778,15,0.566666666667,0.0512129380054,0.0512129380054,0,2026-06-24,34,2026-06-23,CAPABILITY_SCREEN_ONLY
600909_2026-06-25,600909,2026-06-25,2,2,CS_RANK,M1,REAL,10,0.539698674174,1,0.611111111111,0.07,0.07,1,2026-06-25,35,2026-06-24,CAPABILITY_SCREEN_ONLY
605069_2026-06-25,605069,2026-06-25,3,3,CS_RANK,M1,REAL,10,0.535177335707,2,0.722222222222,0.108333333333,0.07,1,2026-06-25,35,2026-06-24,CAPABILITY_SCREEN_ONLY
603938_2026-06-25,603938,2026-06-25,3,3,CS_RANK,M1,REAL,10,0.510959755101,3,0.944444444444,0.174225028703,0.07,1,2026-06-25,35,2026-06-24,CAPABILITY_SCREEN_ONLY
002631_2026-06-25,002631,2026-06-25,2,2,CS_RANK,M1,REAL,10,0.500242315322,4,0.5,0.0383838383838,0.0383838383838,0,2026-06-25,35,2026-06-24,CAPABILITY_SCREEN_ONLY
600379_2026-06-25,600379,2026-06-25,2,2,CS_RANK,M1,REAL,10,0.499370846198,5,0.166666666667,-0.0113182423435,-0.0113182423435,0,2026-06-25,35,2026-06-24,CAPABILITY_SCREEN_ONLY
002584_2026-06-25,002584,2026-06-25,2,2,CS_RANK,M1,REAL,10,0.492851537999,6,0.388888888889,0.0383064516129,0.0383064516129,0,2026-06-25,35,2026-06-24,CAPABILITY_SCREEN_ONLY
000566_2026-06-25,000566,2026-06-25,2,2,CS_RANK,M1,REAL,10,0.478661902654,7,0.277777777778,-0.0021978021978,-0.0021978021978,0,2026-06-25,35,2026-06-24,CAPABILITY_SCREEN_ONLY
002580_2026-06-25,002580,2026-06-25,2,2,CS_RANK,M1,REAL,10,0.474412741186,8,0.0555555555556,-0.12269446672,-0.12269446672,0,2026-06-25,35,2026-06-24,CAPABILITY_SCREEN_ONLY
002687_2026-06-25,002687,2026-06-25,2,2,CS_RANK,M1,REAL,10,0.460961785013,9,0.833333333333,0.134703196347,0.07,1,2026-06-25,35,2026-06-24,CAPABILITY_SCREEN_ONLY
600667_2026-06-26,600667,2026-06-26,2,2,CS_RANK,M1,REAL,10,0.545785329602,1,0.708333333333,0.0668103448276,0.0668103448276,0,2026-06-26,36,2026-06-25,CAPABILITY_SCREEN_ONLY
002990_2026-06-26,002990,2026-06-26,2,2,CS_RANK,M1,REAL,10,0.536312442785,2,0.958333333333,0.086383601757,0.07,1,2026-06-26,36,2026-06-25,CAPABILITY_SCREEN_ONLY
603989_2026-06-26,603989,2026-06-26,2,2,CS_RANK,M1,REAL,10,0.535481221978,3,0.208333333333,-0.0419642857143,-0.0419642857143,0,2026-06-26,36,2026-06-25,CAPABILITY_SCREEN_ONLY
002080_2026-06-26,002080,2026-06-26,2,2,CS_RANK,M1,REAL,10,0.520518925949,4,0.0416666666667,-0.0525252525253,-0.0525252525253,0,2026-06-26,36,2026-06-25,CAPABILITY_SCREEN_ONLY
600584_2026-06-26,600584,2026-06-26,2,2,CS_RANK,M1,REAL,10,0.509423418147,5,0.458333333333,0.0200970873786,0.0200970873786,0,2026-06-26,36,2026-06-25,CAPABILITY_SCREEN_ONLY
603713_2026-06-26,603713,2026-06-26,2,2,CS_RANK,M1,REAL,10,0.506678625706,6,0.291666666667,-0.0293809024134,-0.0293809024134,0,2026-06-26,36,2026-06-25,CAPABILITY_SCREEN_ONLY
600141_2026-06-26,600141,2026-06-26,2,2,CS_RANK,M1,REAL,10,0.497992946983,7,0.125,-0.0441767068273,-0.0441767068273,0,2026-06-26,36,2026-06-25,CAPABILITY_SCREEN_ONLY
603678_2026-06-26,603678,2026-06-26,2,2,CS_RANK,M1,REAL,10,0.484728675579,8,0.541666666667,0.0416001963431,0.0416001963431,0,2026-06-26,36,2026-06-25,CAPABILITY_SCREEN_ONLY
603929_2026-06-26,603929,2026-06-26,2,2,CS_RANK,M1,REAL,10,0.476793062089,9,0.625,0.0476785648642,0.0476785648642,0,2026-06-26,36,2026-06-25,CAPABILITY_SCREEN_ONLY
002025_2026-06-26,002025,2026-06-26,2,2,CS_RANK,M1,REAL,10,0.474148574233,10,0.791666666667,0.0701369863014,0.07,1,2026-06-26,36,2026-06-25,CAPABILITY_SCREEN_ONLY
000818_2026-06-26,000818,2026-06-26,2,2,CS_RANK,M1,REAL,10,0.472801033313,11,0.875,0.0779510022272,0.07,1,2026-06-26,36,2026-06-25,CAPABILITY_SCREEN_ONLY
002254_2026-06-26,002254,2026-06-26,2,2,CS_RANK,M1,REAL,10,0.46121896237,12,0.375,-0.025974025974,-0.025974025974,0,2026-06-26,36,2026-06-25,CAPABILITY_SCREEN_ONLY
600228_2026-06-29,600228,2026-06-29,3,3,CS_RANK,M1,REAL,10,0.549523922332,1,0.1,-0.0793172690763,-0.0793172690763,0,2026-06-29,37,2026-06-26,CAPABILITY_SCREEN_ONLY
000823_2026-06-29,000823,2026-06-29,3,3,CS_RANK,M1,REAL,10,0.499480393906,2,0.7,0.0925280681378,0.07,1,2026-06-29,37,2026-06-26,CAPABILITY_SCREEN_ONLY
002965_2026-06-29,002965,2026-06-29,2,2,CS_RANK,M1,REAL,10,0.482556639941,3,0.9,0.100767366721,0.07,1,2026-06-29,37,2026-06-26,CAPABILITY_SCREEN_ONLY
002141_2026-06-29,002141,2026-06-29,2,2,CS_RANK,M1,REAL,10,0.482538160808,4,0.3,0.0196078431373,0.0196078431373,0,2026-06-29,37,2026-06-26,CAPABILITY_SCREEN_ONLY
600962_2026-06-29,600962,2026-06-29,2,2,CS_RANK,M1,REAL,10,0.476816789742,5,0.5,0.0751028806584,0.07,1,2026-06-29,37,2026-06-26,CAPABILITY_SCREEN_ONLY
601133_2026-06-30,601133,2026-06-30,2,2,CS_RANK,M1,REAL,10,0.543324939581,1,0.0714285714286,-0.0627906976744,-0.0627906976744,0,2026-06-30,38,2026-06-29,CAPABILITY_SCREEN_ONLY
603650_2026-06-30,603650,2026-06-30,2,2,CS_RANK,M1,REAL,10,0.530213600523,2,0.785714285714,0.0474406991261,0.0474406991261,0,2026-06-30,38,2026-06-29,CAPABILITY_SCREEN_ONLY
603163_2026-06-30,603163,2026-06-30,2,2,CS_RANK,M1,REAL,10,0.499461772226,3,0.214285714286,-0.0287162162162,-0.0287162162162,0,2026-06-30,38,2026-06-29,CAPABILITY_SCREEN_ONLY
603956_2026-06-30,603956,2026-06-30,3,3,CS_RANK,M1,REAL,10,0.496891875242,4,0.5,0.0395387149918,0.0395387149918,0,2026-06-30,38,2026-06-29,CAPABILITY_SCREEN_ONLY
603155_2026-06-30,603155,2026-06-30,2,2,CS_RANK,M1,REAL,10,0.484289641336,5,0.928571428571,0.112028725314,0.07,1,2026-06-30,38,2026-06-29,CAPABILITY_SCREEN_ONLY
002180_2026-06-30,002180,2026-06-30,2,2,CS_RANK,M1,REAL,10,0.47404016002,6,0.357142857143,0.019452887538,0.019452887538,0,2026-06-30,38,2026-06-29,CAPABILITY_SCREEN_ONLY
002568_2026-06-30,002568,2026-06-30,2,2,CS_RANK,M1,REAL,10,0.473646478002,7,0.642857142857,0.0430678466077,0.0430678466077,0,2026-06-30,38,2026-06-29,CAPABILITY_SCREEN_ONLY
002208_2026-05-20,002208,2026-05-20,2,2,RAW,M0,REAL,10,0.55143117834,1,0.05,-0.0725490196078,-0.0725490196078,0,2026-05-20,10,2026-05-19,CAPABILITY_SCREEN_ONLY
603115_2026-05-20,603115,2026-05-20,2,2,RAW,M0,REAL,10,0.544012336445,2,0.95,0.205409887035,0.07,1,2026-05-20,10,2026-05-19,CAPABILITY_SCREEN_ONLY
603311_2026-05-20,603311,2026-05-20,3,3,RAW,M0,REAL,10,0.543045582047,3,0.85,0.172352523099,0.07,1,2026-05-20,10,2026-05-19,CAPABILITY_SCREEN_ONLY
600903_2026-05-20,600903,2026-05-20,2,2,RAW,M0,REAL,10,0.520765833179,4,0.75,0.145317545748,0.07,1,2026-05-20,10,2026-05-19,CAPABILITY_SCREEN_ONLY
603989_2026-05-20,603989,2026-05-20,2,2,RAW,M0,REAL,10,0.505535011547,5,0.65,0.11015625,0.07,1,2026-05-20,10,2026-05-19,CAPABILITY_SCREEN_ONLY
002552_2026-05-20,002552,2026-05-20,2,2,RAW,M0,REAL,10,0.491103726976,6,0.55,0.0844226579521,0.07,1,2026-05-20,10,2026-05-19,CAPABILITY_SCREEN_ONLY
605218_2026-05-20,605218,2026-05-20,2,2,RAW,M0,REAL,10,0.482346415999,7,0.15,-0.0201499531396,-0.0201499531396,0,2026-05-20,10,2026-05-19,CAPABILITY_SCREEN_ONLY
600850_2026-05-20,600850,2026-05-20,2,2,RAW,M0,REAL,10,0.480446195125,8,0.45,0.038338658147,0.038338658147,0,2026-05-20,10,2026-05-19,CAPABILITY_SCREEN_ONLY
603206_2026-05-20,603206,2026-05-20,2,2,RAW,M0,REAL,10,0.469161791671,9,0.25,-0.00410888546482,-0.00410888546482,0,2026-05-20,10,2026-05-19,CAPABILITY_SCREEN_ONLY
600758_2026-05-20,600758,2026-05-20,2,2,RAW,M0,REAL,10,0.464424510946,10,0.35,0.0168067226891,0.0168067226891,0,2026-05-20,10,2026-05-19,CAPABILITY_SCREEN_ONLY
605288_2026-05-21,605288,2026-05-21,2,2,RAW,M0,REAL,10,0.549353365547,1,0.416666666667,0.0422794117647,0.0422794117647,0,2026-05-21,11,2026-05-20,CAPABILITY_SCREEN_ONLY
603938_2026-05-21,603938,2026-05-21,3,3,RAW,M0,REAL,10,0.497198225176,2,0.0833333333333,-0.0416666666667,-0.0416666666667,0,2026-05-21,11,2026-05-20,CAPABILITY_SCREEN_ONLY
000417_2026-05-21,000417,2026-05-21,3,3,RAW,M0,REAL,10,0.494396628558,3,0.75,0.101020408163,0.07,1,2026-05-21,11,2026-05-20,CAPABILITY_SCREEN_ONLY
600563_2026-05-21,600563,2026-05-21,2,2,RAW,M0,REAL,10,0.479228681936,4,0.916666666667,0.103625,0.07,1,2026-05-21,11,2026-05-20,CAPABILITY_SCREEN_ONLY
002272_2026-05-21,002272,2026-05-21,3,3,RAW,M0,REAL,10,0.469820586135,5,0.583333333333,0.0904325032765,0.07,1,2026-05-21,11,2026-05-20,CAPABILITY_SCREEN_ONLY
002782_2026-05-21,002782,2026-05-21,2,2,RAW,M0,REAL,10,0.466153081427,6,0.25,0.039652173913,0.039652173913,0,2026-05-21,11,2026-05-20,CAPABILITY_SCREEN_ONLY
003004_2026-05-22,003004,2026-05-22,2,2,RAW,M0,REAL,10,0.506410120192,1,0.5,0.126801152738,0.07,1,2026-05-22,12,2026-05-21,CAPABILITY_SCREEN_ONLY
600611_2026-05-25,600611,2026-05-25,3,3,RAW,M0,REAL,10,0.525453406409,1,0.0625,-0.0594227504244,-0.0594227504244,0,2026-05-25,13,2026-05-22,CAPABILITY_SCREEN_ONLY
002442_2026-05-25,002442,2026-05-25,3,3,RAW,M0,REAL,10,0.507022139472,2,0.1875,0.00251256281407,0.00251256281407,0,2026-05-25,13,2026-05-22,CAPABILITY_SCREEN_ONLY
000725_2026-05-25,000725,2026-05-25,2,2,RAW,M0,REAL,10,0.50539835756,3,0.9375,0.166666666667,0.07,1,2026-05-25,13,2026-05-22,CAPABILITY_SCREEN_ONLY
000012_2026-05-25,000012,2026-05-25,2,2,RAW,M0,REAL,10,0.497189457444,4,0.8125,0.0617848970252,0.0617848970252,0,2026-05-25,13,2026-05-22,CAPABILITY_SCREEN_ONLY
002036_2026-05-25,002036,2026-05-25,2,2,RAW,M0,REAL,10,0.489426219175,5,0.4375,0.0373563218391,0.0373563218391,0,2026-05-25,13,2026-05-22,CAPABILITY_SCREEN_ONLY
001225_2026-05-25,001225,2026-05-25,2,2,RAW,M0,REAL,10,0.476769320726,6,0.6875,0.0492430833478,0.0492430833478,0,2026-05-25,13,2026-05-22,CAPABILITY_SCREEN_ONLY
600303_2026-05-25,600303,2026-05-25,2,2,RAW,M0,REAL,10,0.476402470302,7,0.3125,0.00546448087432,0.00546448087432,0,2026-05-25,13,2026-05-22,CAPABILITY_SCREEN_ONLY
002931_2026-05-25,002931,2026-05-25,2,2,RAW,M0,REAL,10,0.465252969069,8,0.5625,0.0478995504573,0.0478995504573,0,2026-05-25,13,2026-05-22,CAPABILITY_SCREEN_ONLY
000636_2026-05-26,000636,2026-05-26,2,2,RAW,M0,REAL,10,0.528893902254,1,0.972222222222,0.158095238095,0.07,1,2026-05-26,14,2026-05-25,CAPABILITY_SCREEN_ONLY
603256_2026-05-26,603256,2026-05-26,2,2,RAW,M0,REAL,10,0.523105641901,2,0.75,0.0785286103542,0.07,1,2026-05-26,14,2026-05-25,CAPABILITY_SCREEN_ONLY
603663_2026-05-26,603663,2026-05-26,2,2,RAW,M0,REAL,10,0.521453515066,3,0.861111111111,0.123469387755,0.07,1,2026-05-26,14,2026-05-25,CAPABILITY_SCREEN_ONLY
603936_2026-05-26,603936,2026-05-26,2,2,RAW,M0,REAL,10,0.518394898679,4,0.361111111111,0.00308641975309,0.00308641975309,0,2026-05-26,14,2026-05-25,CAPABILITY_SCREEN_ONLY
002938_2026-05-26,002938,2026-05-26,2,2,RAW,M0,REAL,10,0.515374952432,5,0.194444444444,-0.0224137931034,-0.0224137931034,0,2026-05-26,14,2026-05-25,CAPABILITY_SCREEN_ONLY
002432_2026-05-26,002432,2026-05-26,2,2,RAW,M0,REAL,10,0.510386936783,6,0.138888888889,-0.0606593406593,-0.0606593406593,0,2026-05-26,14,2026-05-25,CAPABILITY_SCREEN_ONLY
002741_2026-05-26,002741,2026-05-26,2,2,RAW,M0,REAL,10,0.505879459498,7,0.805555555556,0.120460266091,0.07,1,2026-05-26,14,2026-05-25,CAPABILITY_SCREEN_ONLY
600186_2026-05-26,600186,2026-05-26,2,2,RAW,M0,REAL,10,0.504423995334,8,0.0277777777778,-0.12433661865,-0.12433661865,0,2026-05-26,14,2026-05-25,CAPABILITY_SCREEN_ONLY
605580_2026-05-26,605580,2026-05-26,2,2,RAW,M0,REAL,10,0.499640463557,9,0.916666666667,0.1272,0.07,1,2026-05-26,14,2026-05-25,CAPABILITY_SCREEN_ONLY
002421_2026-05-26,002421,2026-05-26,2,2,RAW,M0,REAL,10,0.497267616173,10,0.583333333333,0.0553191489362,0.0553191489362,0,2026-05-26,14,2026-05-25,CAPABILITY_SCREEN_ONLY
603001_2026-05-26,603001,2026-05-26,2,2,RAW,M0,REAL,10,0.491134457523,11,0.305555555556,0.000943396226415,0.000943396226415,0,2026-05-26,14,2026-05-25,CAPABILITY_SCREEN_ONLY
600234_2026-05-26,600234,2026-05-26,2,2,RAW,M0,REAL,10,0.485539540512,12,0.0833333333333,-0.0880968392737,-0.0880968392737,0,2026-05-26,14,2026-05-25,CAPABILITY_SCREEN_ONLY
603661_2026-05-26,603661,2026-05-26,3,3,RAW,M0,REAL,10,0.481586217185,13,0.25,-0.00778097982709,-0.00778097982709,0,2026-05-26,14,2026-05-25,CAPABILITY_SCREEN_ONLY
002897_2026-05-26,002897,2026-05-26,2,2,RAW,M0,REAL,10,0.48141683487,14,0.472222222222,0.0274577102231,0.0274577102231,0,2026-05-26,14,2026-05-25,CAPABILITY_SCREEN_ONLY
600503_2026-05-26,600503,2026-05-26,2,2,RAW,M0,REAL,10,0.47636037637,15,0.527777777778,0.0321428571429,0.0321428571429,0,2026-05-26,14,2026-05-25,CAPABILITY_SCREEN_ONLY
002980_2026-05-26,002980,2026-05-26,2,2,RAW,M0,REAL,10,0.470900369771,16,0.638888888889,0.0574722997928,0.0574722997928,0,2026-05-26,14,2026-05-25,CAPABILITY_SCREEN_ONLY
002975_2026-05-26,002975,2026-05-26,2,2,RAW,M0,REAL,10,0.459700525608,17,0.694444444444,0.0652070442646,0.0652070442646,0,2026-05-26,14,2026-05-25,CAPABILITY_SCREEN_ONLY
600539_2026-05-26,600539,2026-05-26,2,2,RAW,M0,REAL,10,0.457780600404,18,0.416666666667,0.0260869565217,0.0260869565217,0,2026-05-26,14,2026-05-25,CAPABILITY_SCREEN_ONLY
003036_2026-05-27,003036,2026-05-27,2,2,RAW,M0,REAL,10,0.555953059524,1,0.95,0.244761904762,0.07,1,2026-05-27,15,2026-05-26,CAPABILITY_SCREEN_ONLY
002185_2026-05-27,002185,2026-05-27,2,2,RAW,M0,REAL,10,0.527056795236,2,0.35,0.0669975186104,0.0669975186104,0,2026-05-27,15,2026-05-26,CAPABILITY_SCREEN_ONLY
002552_2026-05-27,002552,2026-05-27,3,3,RAW,M0,REAL,10,0.520305286976,3,0.85,0.222996515679,0.07,1,2026-05-27,15,2026-05-26,CAPABILITY_SCREEN_ONLY
600584_2026-05-27,600584,2026-05-27,2,2,RAW,M0,REAL,10,0.511868171267,4,0.45,0.0814359715697,0.07,1,2026-05-27,15,2026-05-26,CAPABILITY_SCREEN_ONLY
002957_2026-05-27,002957,2026-05-27,2,2,RAW,M0,REAL,10,0.509541619491,5,0.65,0.212845673506,0.07,1,2026-05-27,15,2026-05-26,CAPABILITY_SCREEN_ONLY
002585_2026-05-27,002585,2026-05-27,3,3,RAW,M0,REAL,10,0.498634015884,6,0.55,0.0986590038314,0.07,1,2026-05-27,15,2026-05-26,CAPABILITY_SCREEN_ONLY
000510_2026-05-27,000510,2026-05-27,3,3,RAW,M0,REAL,10,0.487252154449,7,0.05,0.00334821428571,0.00334821428571,0,2026-05-27,15,2026-05-26,CAPABILITY_SCREEN_ONLY
600172_2026-05-27,600172,2026-05-27,3,3,RAW,M0,REAL,10,0.483194187725,8,0.75,0.21482602118,0.07,1,2026-05-27,15,2026-05-26,CAPABILITY_SCREEN_ONLY
002388_2026-05-27,002388,2026-05-27,2,2,RAW,M0,REAL,10,0.473033636986,9,0.15,0.0187074829932,0.0187074829932,0,2026-05-27,15,2026-05-26,CAPABILITY_SCREEN_ONLY
600520_2026-05-27,600520,2026-05-27,2,2,RAW,M0,REAL,10,0.45347682449,10,0.25,0.0330961954841,0.0330961954841,0,2026-05-27,15,2026-05-26,CAPABILITY_SCREEN_ONLY
002771_2026-05-28,002771,2026-05-28,2,2,RAW,M0,REAL,10,0.498035065485,1,0.625,0.0943396226415,0.07,1,2026-05-28,16,2026-05-27,CAPABILITY_SCREEN_ONLY
002251_2026-05-28,002251,2026-05-28,2,2,RAW,M0,REAL,10,0.473275197437,2,0.875,0.168539325843,0.07,1,2026-05-28,16,2026-05-27,CAPABILITY_SCREEN_ONLY
000759_2026-05-28,000759,2026-05-28,2,2,RAW,M0,REAL,10,0.467142897227,3,0.375,0.0771929824561,0.07,1,2026-05-28,16,2026-05-27,CAPABILITY_SCREEN_ONLY
001257_2026-05-28,001257,2026-05-28,2,2,RAW,M0,REAL,10,0.457598647949,4,0.125,-0.0676771237222,-0.0676771237222,0,2026-05-28,16,2026-05-27,CAPABILITY_SCREEN_ONLY
603989_2026-05-29,603989,2026-05-29,2,2,RAW,M0,REAL,10,0.517578708182,1,0.166666666667,-0.0322019147084,-0.0322019147084,0,2026-05-29,17,2026-05-28,CAPABILITY_SCREEN_ONLY
002579_2026-05-29,002579,2026-05-29,3,3,RAW,M0,REAL,10,0.483448080567,2,0.833333333333,0.195852534562,0.07,1,2026-05-29,17,2026-05-28,CAPABILITY_SCREEN_ONLY
603032_2026-05-29,603032,2026-05-29,2,2,RAW,M0,REAL,10,0.44109301129,3,0.5,0.00237812128419,0.00237812128419,0,2026-05-29,17,2026-05-28,CAPABILITY_SCREEN_ONLY
000090_2026-06-01,000090,2026-06-01,2,2,RAW,M0,REAL,10,0.502139218662,1,0.125,-0.0263852242744,-0.0263852242744,0,2026-06-01,18,2026-05-29,CAPABILITY_SCREEN_ONLY
600110_2026-06-01,600110,2026-06-01,2,2,RAW,M0,REAL,10,0.49145643504,2,0.625,0.0451559934319,0.0451559934319,0,2026-06-01,18,2026-05-29,CAPABILITY_SCREEN_ONLY
002806_2026-06-01,002806,2026-06-01,2,2,RAW,M0,REAL,10,0.463278760042,3,0.875,0.149321266968,0.07,1,2026-06-01,18,2026-05-29,CAPABILITY_SCREEN_ONLY
603324_2026-06-01,603324,2026-06-01,2,2,RAW,M0,REAL,10,0.456661515796,4,0.375,0.0224038752649,0.0224038752649,0,2026-06-01,18,2026-05-29,CAPABILITY_SCREEN_ONLY
002608_2026-06-02,002608,2026-06-02,2,2,RAW,M0,REAL,10,0.524544649843,1,0.75,0.099,0.07,1,2026-06-02,19,2026-06-01,CAPABILITY_SCREEN_ONLY
600011_2026-06-02,600011,2026-06-02,2,2,RAW,M0,REAL,10,0.478236024954,2,0.25,0.0260475651189,0.0260475651189,0,2026-06-02,19,2026-06-01,CAPABILITY_SCREEN_ONLY
600280_2026-06-03,600280,2026-06-03,3,3,RAW,M0,REAL,10,0.544474513198,1,0.214285714286,-0.0125313283208,-0.0125313283208,0,2026-06-03,20,2026-06-02,CAPABILITY_SCREEN_ONLY
002404_2026-06-03,002404,2026-06-03,2,2,RAW,M0,REAL,10,0.499098056426,2,0.5,0.0299319727891,0.0299319727891,0,2026-06-03,20,2026-06-02,CAPABILITY_SCREEN_ONLY
001210_2026-06-03,001210,2026-06-03,2,2,RAW,M0,REAL,10,0.496139783378,3,0.0714285714286,-0.244557534634,-0.244557534634,0,2026-06-03,20,2026-06-02,CAPABILITY_SCREEN_ONLY
002579_2026-06-03,002579,2026-06-03,2,2,RAW,M0,REAL,10,0.484366643133,4,0.642857142857,0.0540254237288,0.0540254237288,0,2026-06-03,20,2026-06-02,CAPABILITY_SCREEN_ONLY
000055_2026-06-03,000055,2026-06-03,2,2,RAW,M0,REAL,10,0.461899645983,5,0.357142857143,0,0,0,2026-06-03,20,2026-06-02,CAPABILITY_SCREEN_ONLY
002421_2026-06-03,002421,2026-06-03,2,2,RAW,M0,REAL,10,0.458532847262,6,0.785714285714,0.0698151950719,0.0698151950719,0,2026-06-03,20,2026-06-02,CAPABILITY_SCREEN_ONLY
603045_2026-06-03,603045,2026-06-03,2,2,RAW,M0,REAL,10,0.434474573337,7,0.928571428571,0.154815115807,0.07,1,2026-06-03,20,2026-06-02,CAPABILITY_SCREEN_ONLY
600487_2026-06-04,600487,2026-06-04,2,2,RAW,M0,REAL,10,0.532182567877,1,0.916666666667,0.0659375,0.0659375,0,2026-06-04,21,2026-06-03,CAPABILITY_SCREEN_ONLY
600121_2026-06-04,600121,2026-06-04,3,3,RAW,M0,REAL,10,0.514606313573,2,0.416666666667,-0.00709219858156,-0.00709219858156,0,2026-06-04,21,2026-06-03,CAPABILITY_SCREEN_ONLY
603311_2026-06-04,603311,2026-06-04,2,2,RAW,M0,REAL,10,0.513231680779,3,0.75,0.0277923439958,0.0277923439958,0,2026-06-04,21,2026-06-03,CAPABILITY_SCREEN_ONLY
002137_2026-06-04,002137,2026-06-04,2,2,RAW,M0,REAL,10,0.509993191324,4,0.583333333333,0.0068359375,0.0068359375,0,2026-06-04,21,2026-06-03,CAPABILITY_SCREEN_ONLY
000700_2026-06-04,000700,2026-06-04,2,2,RAW,M0,REAL,10,0.493242595391,5,0.0833333333333,-0.0651340996169,-0.0651340996169,0,2026-06-04,21,2026-06-03,CAPABILITY_SCREEN_ONLY
600936_2026-06-04,600936,2026-06-04,2,2,RAW,M0,REAL,10,0.451068089229,6,0.25,-0.0455284552846,-0.0455284552846,0,2026-06-04,21,2026-06-03,CAPABILITY_SCREEN_ONLY
600688_2026-06-05,600688,2026-06-05,2,2,RAW,M0,REAL,10,0.506245506098,1,0.416666666667,0.00302114803625,0.00302114803625,0,2026-06-05,22,2026-06-04,CAPABILITY_SCREEN_ONLY
600255_2026-06-05,600255,2026-06-05,3,3,RAW,M0,REAL,10,0.473757749773,2,0.916666666667,0.0896551724138,0.07,1,2026-06-05,22,2026-06-04,CAPABILITY_SCREEN_ONLY
001896_2026-06-05,001896,2026-06-05,2,2,RAW,M0,REAL,10,0.471837914801,3,0.75,0.0850528434826,0.07,1,2026-06-05,22,2026-06-04,CAPABILITY_SCREEN_ONLY
605162_2026-06-05,605162,2026-06-05,2,2,RAW,M0,REAL,10,0.468647522295,4,0.0833333333333,-0.0449915110357,-0.0449915110357,0,2026-06-05,22,2026-06-04,CAPABILITY_SCREEN_ONLY
600439_2026-06-05,600439,2026-06-05,2,2,RAW,M0,REAL,10,0.442356141349,5,0.25,-0.0113636363636,-0.0113636363636,0,2026-06-05,22,2026-06-04,CAPABILITY_SCREEN_ONLY
002787_2026-06-05,002787,2026-06-05,2,2,RAW,M0,REAL,10,0.440720640934,6,0.583333333333,0.0670498084291,0.0670498084291,0,2026-06-05,22,2026-06-04,CAPABILITY_SCREEN_ONLY
600293_2026-06-08,600293,2026-06-08,2,2,RAW,M0,REAL,10,0.526456809784,1,0.166666666667,-0.0172839506173,-0.0172839506173,0,2026-06-08,23,2026-06-05,CAPABILITY_SCREEN_ONLY
000520_2026-06-08,000520,2026-06-08,2,2,RAW,M0,REAL,10,0.50364362554,2,0.5,-0.0109409190372,-0.0109409190372,0,2026-06-08,23,2026-06-05,CAPABILITY_SCREEN_ONLY
003036_2026-06-08,003036,2026-06-08,2,2,RAW,M0,REAL,10,0.450337008002,3,0.833333333333,0.0681933842239,0.0681933842239,0,2026-06-08,23,2026-06-05,CAPABILITY_SCREEN_ONLY
603500_2026-06-09,603500,2026-06-09,3,3,RAW,M0,REAL,10,0.529421966971,1,0.944444444444,0.0936270653029,0.07,1,2026-06-09,24,2026-06-08,CAPABILITY_SCREEN_ONLY
603859_2026-06-09,603859,2026-06-09,2,2,RAW,M0,REAL,10,0.504949428548,2,0.833333333333,0.0640412922959,0.0640412922959,0,2026-06-09,24,2026-06-08,CAPABILITY_SCREEN_ONLY
002421_2026-06-09,002421,2026-06-09,2,2,RAW,M0,REAL,10,0.490897403021,3,0.0555555555556,-0.142105263158,-0.142105263158,0,2026-06-09,24,2026-06-08,CAPABILITY_SCREEN_ONLY
000517_2026-06-09,000517,2026-06-09,2,2,RAW,M0,REAL,10,0.481195603548,4,0.611111111111,0.0147783251232,0.0147783251232,0,2026-06-09,24,2026-06-08,CAPABILITY_SCREEN_ONLY
003009_2026-06-09,003009,2026-06-09,2,2,RAW,M0,REAL,10,0.481098989098,5,0.388888888889,-0.0131004366812,-0.0131004366812,0,2026-06-09,24,2026-06-08,CAPABILITY_SCREEN_ONLY
002361_2026-06-09,002361,2026-06-09,2,2,RAW,M0,REAL,10,0.480633166898,6,0.722222222222,0.047323943662,0.047323943662,0,2026-06-09,24,2026-06-08,CAPABILITY_SCREEN_ONLY
000068_2026-06-09,000068,2026-06-09,2,2,RAW,M0,REAL,10,0.473107568682,7,0.166666666667,-0.0503978779841,-0.0503978779841,0,2026-06-09,24,2026-06-08,CAPABILITY_SCREEN_ONLY
000759_2026-06-09,000759,2026-06-09,2,2,RAW,M0,REAL,10,0.46920910475,8,0.5,0.00649350649351,0.00649350649351,0,2026-06-09,24,2026-06-08,CAPABILITY_SCREEN_ONLY
002613_2026-06-09,002613,2026-06-09,2,2,RAW,M0,REAL,10,0.460427384876,9,0.277777777778,-0.013698630137,-0.013698630137,0,2026-06-09,24,2026-06-08,CAPABILITY_SCREEN_ONLY
002254_2026-06-10,002254,2026-06-10,3,3,RAW,M0,REAL,10,0.534927911117,1,0.5,0.0754173862982,0.07,1,2026-06-10,25,2026-06-09,CAPABILITY_SCREEN_ONLY
603186_2026-06-10,603186,2026-06-10,2,2,RAW,M0,REAL,10,0.522553941554,2,0.785714285714,0.12896813445,0.07,1,2026-06-10,25,2026-06-09,CAPABILITY_SCREEN_ONLY
603929_2026-06-10,603929,2026-06-10,2,2,RAW,M0,REAL,10,0.517940501636,3,0.642857142857,0.0850540374308,0.07,1,2026-06-10,25,2026-06-09,CAPABILITY_SCREEN_ONLY
002362_2026-06-10,002362,2026-06-10,2,2,RAW,M0,REAL,10,0.496887679103,4,0.0714285714286,-0.0082219938335,-0.0082219938335,0,2026-06-10,25,2026-06-09,CAPABILITY_SCREEN_ONLY
603616_2026-06-10,603616,2026-06-10,2,2,RAW,M0,REAL,10,0.49273899373,5,0.214285714286,0.0160583941606,0.0160583941606,0,2026-06-10,25,2026-06-09,CAPABILITY_SCREEN_ONLY
002747_2026-06-10,002747,2026-06-10,2,2,RAW,M0,REAL,10,0.489925457047,6,0.357142857143,0.0194285714286,0.0194285714286,0,2026-06-10,25,2026-06-09,CAPABILITY_SCREEN_ONLY
001696_2026-06-10,001696,2026-06-10,2,2,RAW,M0,REAL,10,0.486879223845,7,0.928571428571,0.202105263158,0.07,1,2026-06-10,25,2026-06-09,CAPABILITY_SCREEN_ONLY
002636_2026-06-11,002636,2026-06-11,3,3,RAW,M0,REAL,10,0.595449528145,1,0.95,0.0890098899878,0.07,1,2026-06-11,26,2026-06-10,CAPABILITY_SCREEN_ONLY
603065_2026-06-11,603065,2026-06-11,2,2,RAW,M0,REAL,10,0.540839682013,2,0.55,0.0286764705882,0.0286764705882,0,2026-06-11,26,2026-06-10,CAPABILITY_SCREEN_ONLY
605318_2026-06-11,605318,2026-06-11,2,2,RAW,M0,REAL,10,0.540666805359,3,0.65,0.0456747404844,0.0456747404844,0,2026-06-11,26,2026-06-10,CAPABILITY_SCREEN_ONLY
605006_2026-06-11,605006,2026-06-11,2,2,RAW,M0,REAL,10,0.514334866672,4,0.35,0.012037037037,0.012037037037,0,2026-06-11,26,2026-06-10,CAPABILITY_SCREEN_ONLY
603002_2026-06-11,603002,2026-06-11,2,2,RAW,M0,REAL,10,0.492773256352,5,0.75,0.0673719376392,0.0673719376392,0,2026-06-11,26,2026-06-10,CAPABILITY_SCREEN_ONLY
605589_2026-06-11,605589,2026-06-11,2,2,RAW,M0,REAL,10,0.490744538753,6,0.85,0.0872881355932,0.07,1,2026-06-11,26,2026-06-10,CAPABILITY_SCREEN_ONLY
000029_2026-06-11,000029,2026-06-11,2,2,RAW,M0,REAL,10,0.483213900527,7,0.25,0.0117970900511,0.0117970900511,0,2026-06-11,26,2026-06-10,CAPABILITY_SCREEN_ONLY
002585_2026-06-11,002585,2026-06-11,2,2,RAW,M0,REAL,10,0.474925369383,8,0.45,0.0257648953301,0.0257648953301,0,2026-06-11,26,2026-06-10,CAPABILITY_SCREEN_ONLY
002669_2026-06-11,002669,2026-06-11,2,2,RAW,M0,REAL,10,0.474283973093,9,0.15,-0.00120481927711,-0.00120481927711,0,2026-06-11,26,2026-06-10,CAPABILITY_SCREEN_ONLY
003026_2026-06-11,003026,2026-06-11,2,2,RAW,M0,REAL,10,0.416663574285,10,0.05,-0.0459548706659,-0.0459548706659,0,2026-06-11,26,2026-06-10,CAPABILITY_SCREEN_ONLY
000048_2026-06-12,000048,2026-06-12,3,3,RAW,M0,REAL,10,0.529149165886,1,0.0625,-0.0215053763441,-0.0215053763441,0,2026-06-12,27,2026-06-11,CAPABILITY_SCREEN_ONLY
600665_2026-06-12,600665,2026-06-12,2,2,RAW,M0,REAL,10,0.513300129685,2,0.3125,0.012987012987,0.012987012987,0,2026-06-12,27,2026-06-11,CAPABILITY_SCREEN_ONLY
600378_2026-06-12,600378,2026-06-12,2,2,RAW,M0,REAL,10,0.492619902292,3,0.8125,0.0784588441331,0.07,1,2026-06-12,27,2026-06-11,CAPABILITY_SCREEN_ONLY
002165_2026-06-12,002165,2026-06-12,2,2,RAW,M0,REAL,10,0.490769045752,4,0.5625,0.0732356857523,0.07,1,2026-06-12,27,2026-06-11,CAPABILITY_SCREEN_ONLY
603155_2026-06-12,603155,2026-06-12,2,2,RAW,M0,REAL,10,0.486541840812,5,0.9375,0.087962962963,0.07,1,2026-06-12,27,2026-06-11,CAPABILITY_SCREEN_ONLY
002119_2026-06-12,002119,2026-06-12,2,2,RAW,M0,REAL,10,0.477864266836,6,0.4375,0.0543580131209,0.0543580131209,0,2026-06-12,27,2026-06-11,CAPABILITY_SCREEN_ONLY
600178_2026-06-12,600178,2026-06-12,2,2,RAW,M0,REAL,10,0.458204606289,7,0.1875,-0.00398803589232,-0.00398803589232,0,2026-06-12,27,2026-06-11,CAPABILITY_SCREEN_ONLY
002409_2026-06-12,002409,2026-06-12,2,2,RAW,M0,REAL,10,0.442974854993,8,0.6875,0.0771077107711,0.07,1,2026-06-12,27,2026-06-11,CAPABILITY_SCREEN_ONLY
002203_2026-06-15,002203,2026-06-15,2,2,RAW,M0,REAL,10,0.542022768578,1,0.5,0.03625,0.03625,0,2026-06-15,28,2026-06-12,CAPABILITY_SCREEN_ONLY
600067_2026-06-15,600067,2026-06-15,2,2,RAW,M0,REAL,10,0.509155970825,2,0.166666666667,0.0285714285714,0.0285714285714,0,2026-06-15,28,2026-06-12,CAPABILITY_SCREEN_ONLY
603014_2026-06-15,603014,2026-06-15,2,2,RAW,M0,REAL,10,0.47801595825,3,0.833333333333,0.111851637207,0.07,1,2026-06-15,28,2026-06-12,CAPABILITY_SCREEN_ONLY
601958_2026-06-16,601958,2026-06-16,3,3,RAW,M0,REAL,10,0.563008004572,1,0.5,0.0439285714286,0.0439285714286,0,2026-06-16,29,2026-06-15,CAPABILITY_SCREEN_ONLY
000510_2026-06-16,000510,2026-06-16,3,3,RAW,M0,REAL,10,0.559733088421,2,0.214285714286,-0.0145310435931,-0.0145310435931,0,2026-06-16,29,2026-06-15,CAPABILITY_SCREEN_ONLY
601696_2026-06-16,601696,2026-06-16,2,2,RAW,M0,REAL,10,0.529504723501,3,0.0714285714286,-0.0187265917603,-0.0187265917603,0,2026-06-16,29,2026-06-15,CAPABILITY_SCREEN_ONLY
001359_2026-06-16,001359,2026-06-16,2,2,RAW,M0,REAL,10,0.523400013387,4,0.785714285714,0.120841364284,0.07,1,2026-06-16,29,2026-06-15,CAPABILITY_SCREEN_ONLY
603738_2026-06-16,603738,2026-06-16,2,2,RAW,M0,REAL,10,0.504880883769,5,0.928571428571,0.129815592478,0.07,1,2026-06-16,29,2026-06-15,CAPABILITY_SCREEN_ONLY
603335_2026-06-16,603335,2026-06-16,2,2,RAW,M0,REAL,10,0.502245146485,6,0.642857142857,0.111922141119,0.07,1,2026-06-16,29,2026-06-15,CAPABILITY_SCREEN_ONLY
000506_2026-06-16,000506,2026-06-16,2,2,RAW,M0,REAL,10,0.490660930458,7,0.357142857143,-0.00130975769483,-0.00130975769483,0,2026-06-16,29,2026-06-15,CAPABILITY_SCREEN_ONLY
605198_2026-06-17,605198,2026-06-17,3,3,RAW,M0,REAL,10,0.586444675488,1,0.0294117647059,-0.0212765957447,-0.0212765957447,0,2026-06-17,30,2026-06-16,CAPABILITY_SCREEN_ONLY
002824_2026-06-17,002824,2026-06-17,2,2,RAW,M0,REAL,10,0.527648632818,2,0.852941176471,0.144943820225,0.07,1,2026-06-17,30,2026-06-16,CAPABILITY_SCREEN_ONLY
600549_2026-06-17,600549,2026-06-17,2,2,RAW,M0,REAL,10,0.525468879462,3,0.970588235294,0.209677419355,0.07,1,2026-06-17,30,2026-06-16,CAPABILITY_SCREEN_ONLY
002851_2026-06-17,002851,2026-06-17,2,2,RAW,M0,REAL,10,0.522413498563,4,0.441176470588,0.0721357850071,0.07,1,2026-06-17,30,2026-06-16,CAPABILITY_SCREEN_ONLY
002515_2026-06-17,002515,2026-06-17,2,2,RAW,M0,REAL,10,0.518329278944,5,0.911764705882,0.165371809101,0.07,1,2026-06-17,30,2026-06-16,CAPABILITY_SCREEN_ONLY
603256_2026-06-17,603256,2026-06-17,2,2,RAW,M0,REAL,10,0.512090898256,6,0.676470588235,0.12002451982,0.07,1,2026-06-17,30,2026-06-16,CAPABILITY_SCREEN_ONLY
605289_2026-06-17,605289,2026-06-17,2,2,RAW,M0,REAL,10,0.511908440601,7,0.264705882353,0.065543071161,0.065543071161,0,2026-06-17,30,2026-06-16,CAPABILITY_SCREEN_ONLY
002585_2026-06-17,002585,2026-06-17,2,2,RAW,M0,REAL,10,0.511775115875,8,0.0882352941176,0.0378634212306,0.0378634212306,0,2026-06-17,30,2026-06-16,CAPABILITY_SCREEN_ONLY
002552_2026-06-17,002552,2026-06-17,2,2,RAW,M0,REAL,10,0.498305625315,9,0.735294117647,0.136402877698,0.07,1,2026-06-17,30,2026-06-16,CAPABILITY_SCREEN_ONLY
600703_2026-06-17,600703,2026-06-17,2,2,RAW,M0,REAL,10,0.489912126076,10,0.617647058824,0.0892151326934,0.07,1,2026-06-17,30,2026-06-16,CAPABILITY_SCREEN_ONLY
002990_2026-06-17,002990,2026-06-17,2,2,RAW,M0,REAL,10,0.487526251017,11,0.558823529412,0.0859687386405,0.07,1,2026-06-17,30,2026-06-16,CAPABILITY_SCREEN_ONLY
603516_2026-06-17,603516,2026-06-17,2,2,RAW,M0,REAL,10,0.48043542465,12,0.323529411765,0.0701068927387,0.07,1,2026-06-17,30,2026-06-16,CAPABILITY_SCREEN_ONLY
600545_2026-06-17,600545,2026-06-17,2,2,RAW,M0,REAL,10,0.474051026415,13,0.794117647059,0.142857142857,0.07,1,2026-06-17,30,2026-06-16,CAPABILITY_SCREEN_ONLY
002806_2026-06-17,002806,2026-06-17,2,2,RAW,M0,REAL,10,0.472262793587,14,0.147058823529,0.0405727923628,0.0405727923628,0,2026-06-17,30,2026-06-16,CAPABILITY_SCREEN_ONLY
603045_2026-06-17,603045,2026-06-17,2,2,RAW,M0,REAL,10,0.471579558148,15,0.205882352941,0.0585868150077,0.0585868150077,0,2026-06-17,30,2026-06-16,CAPABILITY_SCREEN_ONLY
601179_2026-06-17,601179,2026-06-17,2,2,RAW,M0,REAL,10,0.463086345171,16,0.382352941176,0.0707908163265,0.07,1,2026-06-17,30,2026-06-16,CAPABILITY_SCREEN_ONLY
002051_2026-06-17,002051,2026-06-17,2,2,RAW,M0,REAL,10,0.454237817726,17,0.5,0.0827974276527,0.07,1,2026-06-17,30,2026-06-16,CAPABILITY_SCREEN_ONLY
603186_2026-06-18,603186,2026-06-18,3,3,RAW,M0,REAL,10,0.582452637065,1,0.766666666667,0.0454831800428,0.0454831800428,0,2026-06-18,31,2026-06-17,CAPABILITY_SCREEN_ONLY
002741_2026-06-18,002741,2026-06-18,3,3,RAW,M0,REAL,10,0.563797594774,2,0.166666666667,-0.0204131227217,-0.0204131227217,0,2026-06-18,31,2026-06-17,CAPABILITY_SCREEN_ONLY
600110_2026-06-18,600110,2026-06-18,3,3,RAW,M0,REAL,10,0.555274155978,3,0.1,-0.0444572748268,-0.0444572748268,0,2026-06-18,31,2026-06-17,CAPABILITY_SCREEN_ONLY
603002_2026-06-18,603002,2026-06-18,3,3,RAW,M0,REAL,10,0.531382872727,4,0.966666666667,0.117920540997,0.07,1,2026-06-18,31,2026-06-17,CAPABILITY_SCREEN_ONLY
002484_2026-06-18,002484,2026-06-18,2,2,RAW,M0,REAL,10,0.510931251965,5,0.0333333333333,-0.0501659904094,-0.0501659904094,0,2026-06-18,31,2026-06-17,CAPABILITY_SCREEN_ONLY
002080_2026-06-18,002080,2026-06-18,3,3,RAW,M0,REAL,10,0.509915485814,6,0.5,0.0197681513118,0.0197681513118,0,2026-06-18,31,2026-06-17,CAPABILITY_SCREEN_ONLY
000679_2026-06-18,000679,2026-06-18,2,2,RAW,M0,REAL,10,0.50077860049,7,0.566666666667,0.0197889182058,0.0197889182058,0,2026-06-18,31,2026-06-17,CAPABILITY_SCREEN_ONLY
601636_2026-06-18,601636,2026-06-18,3,3,RAW,M0,REAL,10,0.494405689075,8,0.366666666667,0.0048309178744,0.0048309178744,0,2026-06-18,31,2026-06-17,CAPABILITY_SCREEN_ONLY
603773_2026-06-18,603773,2026-06-18,2,2,RAW,M0,REAL,10,0.493842535219,9,0.833333333333,0.0675738274464,0.0675738274464,0,2026-06-18,31,2026-06-17,CAPABILITY_SCREEN_ONLY
000777_2026-06-18,000777,2026-06-18,3,3,RAW,M0,REAL,10,0.48835375304,10,0.433333333333,0.0143464399575,0.0143464399575,0,2026-06-18,31,2026-06-17,CAPABILITY_SCREEN_ONLY
600186_2026-06-18,600186,2026-06-18,2,2,RAW,M0,REAL,10,0.479812540983,11,0.7,0.0350515463918,0.0350515463918,0,2026-06-18,31,2026-06-17,CAPABILITY_SCREEN_ONLY
603115_2026-06-18,603115,2026-06-18,3,3,RAW,M0,REAL,10,0.476680804917,12,0.633333333333,0.0322945682451,0.0322945682451,0,2026-06-18,31,2026-06-17,CAPABILITY_SCREEN_ONLY
600615_2026-06-18,600615,2026-06-18,2,2,RAW,M0,REAL,10,0.459193192478,13,0.233333333333,-0.00570342205323,-0.00570342205323,0,2026-06-18,31,2026-06-17,CAPABILITY_SCREEN_ONLY
600707_2026-06-18,600707,2026-06-18,2,2,RAW,M0,REAL,10,0.454400584909,14,0.9,0.109845402766,0.07,1,2026-06-18,31,2026-06-17,CAPABILITY_SCREEN_ONLY
600192_2026-06-18,600192,2026-06-18,2,2,RAW,M0,REAL,10,0.452331428576,15,0.3,0.00126742712294,0.00126742712294,0,2026-06-18,31,2026-06-17,CAPABILITY_SCREEN_ONLY
002989_2026-06-22,002989,2026-06-22,3,3,RAW,M0,REAL,10,0.549965833801,1,0.214285714286,0.0214190093708,0.0214190093708,0,2026-06-22,32,2026-06-18,CAPABILITY_SCREEN_ONLY
001339_2026-06-22,001339,2026-06-22,2,2,RAW,M0,REAL,10,0.535715132526,2,0.357142857143,0.0626988437961,0.0626988437961,0,2026-06-22,32,2026-06-18,CAPABILITY_SCREEN_ONLY
002491_2026-06-22,002491,2026-06-22,2,2,RAW,M0,REAL,10,0.534832304903,3,0.5,0.0711188204683,0.07,1,2026-06-22,32,2026-06-18,CAPABILITY_SCREEN_ONLY
603261_2026-06-22,603261,2026-06-22,2,2,RAW,M0,REAL,10,0.531773648101,4,0.928571428571,0.193737328227,0.07,1,2026-06-22,32,2026-06-18,CAPABILITY_SCREEN_ONLY
002579_2026-06-22,002579,2026-06-22,2,2,RAW,M0,REAL,10,0.515654756013,5,0.0714285714286,-0.0383309073265,-0.0383309073265,0,2026-06-22,32,2026-06-18,CAPABILITY_SCREEN_ONLY
002141_2026-06-22,002141,2026-06-22,3,3,RAW,M0,REAL,10,0.510713940253,6,0.642857142857,0.0746268656716,0.07,1,2026-06-22,32,2026-06-18,CAPABILITY_SCREEN_ONLY
603324_2026-06-22,603324,2026-06-22,2,2,RAW,M0,REAL,10,0.501462643697,7,0.785714285714,0.106767652089,0.07,1,2026-06-22,32,2026-06-18,CAPABILITY_SCREEN_ONLY
002297_2026-06-23,002297,2026-06-23,2,2,RAW,M0,REAL,10,0.545698071592,1,0.892857142857,0.132492113565,0.07,1,2026-06-23,33,2026-06-22,CAPABILITY_SCREEN_ONLY
000811_2026-06-23,000811,2026-06-23,3,3,RAW,M0,REAL,10,0.530868965163,2,0.964285714286,0.219968087531,0.07,1,2026-06-23,33,2026-06-22,CAPABILITY_SCREEN_ONLY
603082_2026-06-23,603082,2026-06-23,2,2,RAW,M0,REAL,10,0.522720238952,3,0.107142857143,0.0208955223881,0.0208955223881,0,2026-06-23,33,2026-06-22,CAPABILITY_SCREEN_ONLY
600769_2026-06-23,600769,2026-06-23,2,2,RAW,M0,REAL,10,0.519297476405,4,0.0357142857143,0.00775547445255,0.00775547445255,0,2026-06-23,33,2026-06-22,CAPABILITY_SCREEN_ONLY
603663_2026-06-23,603663,2026-06-23,2,2,RAW,M0,REAL,10,0.51857911534,5,0.25,0.0294117647059,0.0294117647059,0,2026-06-23,33,2026-06-22,CAPABILITY_SCREEN_ONLY
002805_2026-06-23,002805,2026-06-23,2,2,RAW,M0,REAL,10,0.515743004453,6,0.321428571429,0.0302405498282,0.0302405498282,0,2026-06-23,33,2026-06-22,CAPABILITY_SCREEN_ONLY
002655_2026-06-23,002655,2026-06-23,2,2,RAW,M0,REAL,10,0.506993636072,7,0.821428571429,0.112807463953,0.07,1,2026-06-23,33,2026-06-22,CAPABILITY_SCREEN_ONLY
003031_2026-06-23,003031,2026-06-23,2,2,RAW,M0,REAL,10,0.489232105079,8,0.464285714286,0.0645161290323,0.0645161290323,0,2026-06-23,33,2026-06-22,CAPABILITY_SCREEN_ONLY
002842_2026-06-23,002842,2026-06-23,2,2,RAW,M0,REAL,10,0.479862711135,9,0.678571428571,0.0887335874629,0.07,1,2026-06-23,33,2026-06-22,CAPABILITY_SCREEN_ONLY
001296_2026-06-23,001296,2026-06-23,2,2,RAW,M0,REAL,10,0.477508629245,10,0.178571428571,0.0229293401965,0.0229293401965,0,2026-06-23,33,2026-06-22,CAPABILITY_SCREEN_ONLY
000657_2026-06-23,000657,2026-06-23,2,2,RAW,M0,REAL,10,0.476007178726,11,0.607142857143,0.0773082315241,0.07,1,2026-06-23,33,2026-06-22,CAPABILITY_SCREEN_ONLY
603380_2026-06-23,603380,2026-06-23,2,2,RAW,M0,REAL,10,0.469813360853,12,0.75,0.108924806746,0.07,1,2026-06-23,33,2026-06-22,CAPABILITY_SCREEN_ONLY
002354_2026-06-23,002354,2026-06-23,2,2,RAW,M0,REAL,10,0.463938010681,13,0.392857142857,0.0438489646772,0.0438489646772,0,2026-06-23,33,2026-06-22,CAPABILITY_SCREEN_ONLY
600162_2026-06-23,600162,2026-06-23,2,2,RAW,M0,REAL,10,0.462622072773,14,0.535714285714,0.0704960835509,0.07,1,2026-06-23,33,2026-06-22,CAPABILITY_SCREEN_ONLY
603757_2026-06-24,603757,2026-06-24,2,2,RAW,M0,REAL,10,0.541945176776,1,0.633333333333,0.0516980613227,0.0516980613227,0,2026-06-24,34,2026-06-23,CAPABILITY_SCREEN_ONLY
002068_2026-06-24,002068,2026-06-24,3,3,RAW,M0,REAL,10,0.538143967647,2,0.766666666667,0.0647138964578,0.0647138964578,0,2026-06-24,34,2026-06-23,CAPABILITY_SCREEN_ONLY
600172_2026-06-24,600172,2026-06-24,2,2,RAW,M0,REAL,10,0.527162815187,3,0.7,0.0564468211527,0.0564468211527,0,2026-06-24,34,2026-06-23,CAPABILITY_SCREEN_ONLY
000070_2026-06-24,000070,2026-06-24,2,2,RAW,M0,REAL,10,0.522766036441,4,0.233333333333,-0.0225029609159,-0.0225029609159,0,2026-06-24,34,2026-06-23,CAPABILITY_SCREEN_ONLY
601869_2026-06-24,601869,2026-06-24,2,2,RAW,M0,REAL,10,0.518009371904,5,0.166666666667,-0.0267558528428,-0.0267558528428,0,2026-06-24,34,2026-06-23,CAPABILITY_SCREEN_ONLY
600851_2026-06-24,600851,2026-06-24,3,3,RAW,M0,REAL,10,0.506923602747,6,0.0333333333333,-0.036815920398,-0.036815920398,0,2026-06-24,34,2026-06-23,CAPABILITY_SCREEN_ONLY
600400_2026-06-24,600400,2026-06-24,2,2,RAW,M0,REAL,10,0.505480512116,7,0.966666666667,0.100323624595,0.07,1,2026-06-24,34,2026-06-23,CAPABILITY_SCREEN_ONLY
600470_2026-06-24,600470,2026-06-24,2,2,RAW,M0,REAL,10,0.495792557963,8,0.5,0.0189873417722,0.0189873417722,0,2026-06-24,34,2026-06-23,CAPABILITY_SCREEN_ONLY
605580_2026-06-24,605580,2026-06-24,2,2,RAW,M0,REAL,10,0.493521068192,9,0.366666666667,-0.00604026845638,-0.00604026845638,0,2026-06-24,34,2026-06-23,CAPABILITY_SCREEN_ONLY
000783_2026-06-24,000783,2026-06-24,2,2,RAW,M0,REAL,10,0.492750910224,10,0.9,0.091103965702,0.07,1,2026-06-24,34,2026-06-23,CAPABILITY_SCREEN_ONLY
002830_2026-06-24,002830,2026-06-24,2,2,RAW,M0,REAL,10,0.490633799719,11,0.1,-0.0324971493729,-0.0324971493729,0,2026-06-24,34,2026-06-23,CAPABILITY_SCREEN_ONLY
605377_2026-06-24,605377,2026-06-24,2,2,RAW,M0,REAL,10,0.489330242412,12,0.3,-0.0173913043478,-0.0173913043478,0,2026-06-24,34,2026-06-23,CAPABILITY_SCREEN_ONLY
000571_2026-06-24,000571,2026-06-24,2,2,RAW,M0,REAL,10,0.480693503082,13,0.833333333333,0.079674796748,0.07,1,2026-06-24,34,2026-06-23,CAPABILITY_SCREEN_ONLY
600322_2026-06-24,600322,2026-06-24,2,2,RAW,M0,REAL,10,0.468762448017,14,0.433333333333,0.0181818181818,0.0181818181818,0,2026-06-24,34,2026-06-23,CAPABILITY_SCREEN_ONLY
002672_2026-06-24,002672,2026-06-24,2,2,RAW,M0,REAL,10,0.452427848212,15,0.566666666667,0.0512129380054,0.0512129380054,0,2026-06-24,34,2026-06-23,CAPABILITY_SCREEN_ONLY
600909_2026-06-25,600909,2026-06-25,2,2,RAW,M0,REAL,10,0.537161521588,1,0.611111111111,0.07,0.07,1,2026-06-25,35,2026-06-24,CAPABILITY_SCREEN_ONLY
605069_2026-06-25,605069,2026-06-25,3,3,RAW,M0,REAL,10,0.527031980329,2,0.722222222222,0.108333333333,0.07,1,2026-06-25,35,2026-06-24,CAPABILITY_SCREEN_ONLY
600379_2026-06-25,600379,2026-06-25,2,2,RAW,M0,REAL,10,0.513205534399,3,0.166666666667,-0.0113182423435,-0.0113182423435,0,2026-06-25,35,2026-06-24,CAPABILITY_SCREEN_ONLY
000566_2026-06-25,000566,2026-06-25,2,2,RAW,M0,REAL,10,0.511172416408,4,0.277777777778,-0.0021978021978,-0.0021978021978,0,2026-06-25,35,2026-06-24,CAPABILITY_SCREEN_ONLY
002631_2026-06-25,002631,2026-06-25,2,2,RAW,M0,REAL,10,0.504256389693,5,0.5,0.0383838383838,0.0383838383838,0,2026-06-25,35,2026-06-24,CAPABILITY_SCREEN_ONLY
603938_2026-06-25,603938,2026-06-25,3,3,RAW,M0,REAL,10,0.486226763609,6,0.944444444444,0.174225028703,0.07,1,2026-06-25,35,2026-06-24,CAPABILITY_SCREEN_ONLY
002580_2026-06-25,002580,2026-06-25,2,2,RAW,M0,REAL,10,0.483751267545,7,0.0555555555556,-0.12269446672,-0.12269446672,0,2026-06-25,35,2026-06-24,CAPABILITY_SCREEN_ONLY
002584_2026-06-25,002584,2026-06-25,2,2,RAW,M0,REAL,10,0.470888351395,8,0.388888888889,0.0383064516129,0.0383064516129,0,2026-06-25,35,2026-06-24,CAPABILITY_SCREEN_ONLY
002687_2026-06-25,002687,2026-06-25,2,2,RAW,M0,REAL,10,0.470425760177,9,0.833333333333,0.134703196347,0.07,1,2026-06-25,35,2026-06-24,CAPABILITY_SCREEN_ONLY
603989_2026-06-26,603989,2026-06-26,2,2,RAW,M0,REAL,10,0.531997081467,1,0.208333333333,-0.0419642857143,-0.0419642857143,0,2026-06-26,36,2026-06-25,CAPABILITY_SCREEN_ONLY
002990_2026-06-26,002990,2026-06-26,2,2,RAW,M0,REAL,10,0.52386046585,2,0.958333333333,0.086383601757,0.07,1,2026-06-26,36,2026-06-25,CAPABILITY_SCREEN_ONLY
600667_2026-06-26,600667,2026-06-26,2,2,RAW,M0,REAL,10,0.509636601642,3,0.708333333333,0.0668103448276,0.0668103448276,0,2026-06-26,36,2026-06-25,CAPABILITY_SCREEN_ONLY
600141_2026-06-26,600141,2026-06-26,2,2,RAW,M0,REAL,10,0.505470391178,4,0.125,-0.0441767068273,-0.0441767068273,0,2026-06-26,36,2026-06-25,CAPABILITY_SCREEN_ONLY
002080_2026-06-26,002080,2026-06-26,2,2,RAW,M0,REAL,10,0.503591806047,5,0.0416666666667,-0.0525252525253,-0.0525252525253,0,2026-06-26,36,2026-06-25,CAPABILITY_SCREEN_ONLY
603713_2026-06-26,603713,2026-06-26,2,2,RAW,M0,REAL,10,0.502544383929,6,0.291666666667,-0.0293809024134,-0.0293809024134,0,2026-06-26,36,2026-06-25,CAPABILITY_SCREEN_ONLY
603678_2026-06-26,603678,2026-06-26,2,2,RAW,M0,REAL,10,0.500005903215,7,0.541666666667,0.0416001963431,0.0416001963431,0,2026-06-26,36,2026-06-25,CAPABILITY_SCREEN_ONLY
603929_2026-06-26,603929,2026-06-26,2,2,RAW,M0,REAL,10,0.49258086705,8,0.625,0.0476785648642,0.0476785648642,0,2026-06-26,36,2026-06-25,CAPABILITY_SCREEN_ONLY
002025_2026-06-26,002025,2026-06-26,2,2,RAW,M0,REAL,10,0.492289858143,9,0.791666666667,0.0701369863014,0.07,1,2026-06-26,36,2026-06-25,CAPABILITY_SCREEN_ONLY
600584_2026-06-26,600584,2026-06-26,2,2,RAW,M0,REAL,10,0.478602646329,10,0.458333333333,0.0200970873786,0.0200970873786,0,2026-06-26,36,2026-06-25,CAPABILITY_SCREEN_ONLY
002254_2026-06-26,002254,2026-06-26,2,2,RAW,M0,REAL,10,0.470028603316,11,0.375,-0.025974025974,-0.025974025974,0,2026-06-26,36,2026-06-25,CAPABILITY_SCREEN_ONLY
000818_2026-06-26,000818,2026-06-26,2,2,RAW,M0,REAL,10,0.469798455989,12,0.875,0.0779510022272,0.07,1,2026-06-26,36,2026-06-25,CAPABILITY_SCREEN_ONLY
600228_2026-06-29,600228,2026-06-29,3,3,RAW,M0,REAL,10,0.524582620595,1,0.1,-0.0793172690763,-0.0793172690763,0,2026-06-29,37,2026-06-26,CAPABILITY_SCREEN_ONLY
000823_2026-06-29,000823,2026-06-29,3,3,RAW,M0,REAL,10,0.499861055564,2,0.7,0.0925280681378,0.07,1,2026-06-29,37,2026-06-26,CAPABILITY_SCREEN_ONLY
600962_2026-06-29,600962,2026-06-29,2,2,RAW,M0,REAL,10,0.482007006168,3,0.5,0.0751028806584,0.07,1,2026-06-29,37,2026-06-26,CAPABILITY_SCREEN_ONLY
002965_2026-06-29,002965,2026-06-29,2,2,RAW,M0,REAL,10,0.480326608003,4,0.9,0.100767366721,0.07,1,2026-06-29,37,2026-06-26,CAPABILITY_SCREEN_ONLY
002141_2026-06-29,002141,2026-06-29,2,2,RAW,M0,REAL,10,0.473241818113,5,0.3,0.0196078431373,0.0196078431373,0,2026-06-29,37,2026-06-26,CAPABILITY_SCREEN_ONLY
603650_2026-06-30,603650,2026-06-30,2,2,RAW,M0,REAL,10,0.529273395869,1,0.785714285714,0.0474406991261,0.0474406991261,0,2026-06-30,38,2026-06-29,CAPABILITY_SCREEN_ONLY
601133_2026-06-30,601133,2026-06-30,2,2,RAW,M0,REAL,10,0.513774810974,2,0.0714285714286,-0.0627906976744,-0.0627906976744,0,2026-06-30,38,2026-06-29,CAPABILITY_SCREEN_ONLY
603956_2026-06-30,603956,2026-06-30,3,3,RAW,M0,REAL,10,0.513766489036,3,0.5,0.0395387149918,0.0395387149918,0,2026-06-30,38,2026-06-29,CAPABILITY_SCREEN_ONLY
603155_2026-06-30,603155,2026-06-30,2,2,RAW,M0,REAL,10,0.507008201901,4,0.928571428571,0.112028725314,0.07,1,2026-06-30,38,2026-06-29,CAPABILITY_SCREEN_ONLY
603163_2026-06-30,603163,2026-06-30,2,2,RAW,M0,REAL,10,0.505607909607,5,0.214285714286,-0.0287162162162,-0.0287162162162,0,2026-06-30,38,2026-06-29,CAPABILITY_SCREEN_ONLY
002180_2026-06-30,002180,2026-06-30,2,2,RAW,M0,REAL,10,0.499199045687,6,0.357142857143,0.019452887538,0.019452887538,0,2026-06-30,38,2026-06-29,CAPABILITY_SCREEN_ONLY
002568_2026-06-30,002568,2026-06-30,2,2,RAW,M0,REAL,10,0.484226084472,7,0.642857142857,0.0430678466077,0.0430678466077,0,2026-06-30,38,2026-06-29,CAPABILITY_SCREEN_ONLY
002208_2026-05-20,002208,2026-05-20,2,2,RAW,M1,REAL,10,0.552277973643,1,0.05,-0.0725490196078,-0.0725490196078,0,2026-05-20,10,2026-05-19,CAPABILITY_SCREEN_ONLY
603311_2026-05-20,603311,2026-05-20,3,3,RAW,M1,REAL,10,0.545457633501,2,0.85,0.172352523099,0.07,1,2026-05-20,10,2026-05-19,CAPABILITY_SCREEN_ONLY
603115_2026-05-20,603115,2026-05-20,2,2,RAW,M1,REAL,10,0.54479835344,3,0.95,0.205409887035,0.07,1,2026-05-20,10,2026-05-19,CAPABILITY_SCREEN_ONLY
600903_2026-05-20,600903,2026-05-20,2,2,RAW,M1,REAL,10,0.52121353655,4,0.75,0.145317545748,0.07,1,2026-05-20,10,2026-05-19,CAPABILITY_SCREEN_ONLY
603989_2026-05-20,603989,2026-05-20,2,2,RAW,M1,REAL,10,0.506117196073,5,0.65,0.11015625,0.07,1,2026-05-20,10,2026-05-19,CAPABILITY_SCREEN_ONLY
002552_2026-05-20,002552,2026-05-20,2,2,RAW,M1,REAL,10,0.491375733884,6,0.55,0.0844226579521,0.07,1,2026-05-20,10,2026-05-19,CAPABILITY_SCREEN_ONLY
605218_2026-05-20,605218,2026-05-20,2,2,RAW,M1,REAL,10,0.482607050902,7,0.15,-0.0201499531396,-0.0201499531396,0,2026-05-20,10,2026-05-19,CAPABILITY_SCREEN_ONLY
600850_2026-05-20,600850,2026-05-20,2,2,RAW,M1,REAL,10,0.480705563281,8,0.45,0.038338658147,0.038338658147,0,2026-05-20,10,2026-05-19,CAPABILITY_SCREEN_ONLY
603206_2026-05-20,603206,2026-05-20,2,2,RAW,M1,REAL,10,0.469343036734,9,0.25,-0.00410888546482,-0.00410888546482,0,2026-05-20,10,2026-05-19,CAPABILITY_SCREEN_ONLY
600758_2026-05-20,600758,2026-05-20,2,2,RAW,M1,REAL,10,0.464575433427,10,0.35,0.0168067226891,0.0168067226891,0,2026-05-20,10,2026-05-19,CAPABILITY_SCREEN_ONLY
605288_2026-05-21,605288,2026-05-21,2,2,RAW,M1,REAL,10,0.524084661256,1,0.416666666667,0.0422794117647,0.0422794117647,0,2026-05-21,11,2026-05-20,CAPABILITY_SCREEN_ONLY
603938_2026-05-21,603938,2026-05-21,3,3,RAW,M1,REAL,10,0.499533403037,2,0.0833333333333,-0.0416666666667,-0.0416666666667,0,2026-05-21,11,2026-05-20,CAPABILITY_SCREEN_ONLY
000417_2026-05-21,000417,2026-05-21,3,3,RAW,M1,REAL,10,0.496810034613,3,0.75,0.101020408163,0.07,1,2026-05-21,11,2026-05-20,CAPABILITY_SCREEN_ONLY
600563_2026-05-21,600563,2026-05-21,2,2,RAW,M1,REAL,10,0.476536628437,4,0.916666666667,0.103625,0.07,1,2026-05-21,11,2026-05-20,CAPABILITY_SCREEN_ONLY
002272_2026-05-21,002272,2026-05-21,3,3,RAW,M1,REAL,10,0.472095950632,5,0.583333333333,0.0904325032765,0.07,1,2026-05-21,11,2026-05-20,CAPABILITY_SCREEN_ONLY
002782_2026-05-21,002782,2026-05-21,2,2,RAW,M1,REAL,10,0.46324930291,6,0.25,0.039652173913,0.039652173913,0,2026-05-21,11,2026-05-20,CAPABILITY_SCREEN_ONLY
003004_2026-05-22,003004,2026-05-22,2,2,RAW,M1,REAL,10,0.509671467469,1,0.5,0.126801152738,0.07,1,2026-05-22,12,2026-05-21,CAPABILITY_SCREEN_ONLY
600611_2026-05-25,600611,2026-05-25,3,3,RAW,M1,REAL,10,0.528962657996,1,0.0625,-0.0594227504244,-0.0594227504244,0,2026-05-25,13,2026-05-22,CAPABILITY_SCREEN_ONLY
002442_2026-05-25,002442,2026-05-25,3,3,RAW,M1,REAL,10,0.507848831893,2,0.1875,0.00251256281407,0.00251256281407,0,2026-05-25,13,2026-05-22,CAPABILITY_SCREEN_ONLY
000725_2026-05-25,000725,2026-05-25,2,2,RAW,M1,REAL,10,0.50709989421,3,0.9375,0.166666666667,0.07,1,2026-05-25,13,2026-05-22,CAPABILITY_SCREEN_ONLY
000012_2026-05-25,000012,2026-05-25,2,2,RAW,M1,REAL,10,0.498602763124,4,0.8125,0.0617848970252,0.0617848970252,0,2026-05-25,13,2026-05-22,CAPABILITY_SCREEN_ONLY
002036_2026-05-25,002036,2026-05-25,2,2,RAW,M1,REAL,10,0.489950464742,5,0.4375,0.0373563218391,0.0373563218391,0,2026-05-25,13,2026-05-22,CAPABILITY_SCREEN_ONLY
600303_2026-05-25,600303,2026-05-25,2,2,RAW,M1,REAL,10,0.476799667595,6,0.3125,0.00546448087432,0.00546448087432,0,2026-05-25,13,2026-05-22,CAPABILITY_SCREEN_ONLY
001225_2026-05-25,001225,2026-05-25,2,2,RAW,M1,REAL,10,0.476314584954,7,0.6875,0.0492430833478,0.0492430833478,0,2026-05-25,13,2026-05-22,CAPABILITY_SCREEN_ONLY
002931_2026-05-25,002931,2026-05-25,2,2,RAW,M1,REAL,10,0.464971448582,8,0.5625,0.0478995504573,0.0478995504573,0,2026-05-25,13,2026-05-22,CAPABILITY_SCREEN_ONLY
000636_2026-05-26,000636,2026-05-26,2,2,RAW,M1,REAL,10,0.530280248454,1,0.972222222222,0.158095238095,0.07,1,2026-05-26,14,2026-05-25,CAPABILITY_SCREEN_ONLY
603256_2026-05-26,603256,2026-05-26,2,2,RAW,M1,REAL,10,0.52471939099,2,0.75,0.0785286103542,0.07,1,2026-05-26,14,2026-05-25,CAPABILITY_SCREEN_ONLY
603663_2026-05-26,603663,2026-05-26,2,2,RAW,M1,REAL,10,0.522928984005,3,0.861111111111,0.123469387755,0.07,1,2026-05-26,14,2026-05-25,CAPABILITY_SCREEN_ONLY
603936_2026-05-26,603936,2026-05-26,2,2,RAW,M1,REAL,10,0.519775586612,4,0.361111111111,0.00308641975309,0.00308641975309,0,2026-05-26,14,2026-05-25,CAPABILITY_SCREEN_ONLY
002938_2026-05-26,002938,2026-05-26,2,2,RAW,M1,REAL,10,0.51669101954,5,0.194444444444,-0.0224137931034,-0.0224137931034,0,2026-05-26,14,2026-05-25,CAPABILITY_SCREEN_ONLY
002432_2026-05-26,002432,2026-05-26,2,2,RAW,M1,REAL,10,0.511829607124,6,0.138888888889,-0.0606593406593,-0.0606593406593,0,2026-05-26,14,2026-05-25,CAPABILITY_SCREEN_ONLY
002741_2026-05-26,002741,2026-05-26,2,2,RAW,M1,REAL,10,0.507027309571,7,0.805555555556,0.120460266091,0.07,1,2026-05-26,14,2026-05-25,CAPABILITY_SCREEN_ONLY
600186_2026-05-26,600186,2026-05-26,2,2,RAW,M1,REAL,10,0.505343039445,8,0.0277777777778,-0.12433661865,-0.12433661865,0,2026-05-26,14,2026-05-25,CAPABILITY_SCREEN_ONLY
605580_2026-05-26,605580,2026-05-26,2,2,RAW,M1,REAL,10,0.500662116529,9,0.916666666667,0.1272,0.07,1,2026-05-26,14,2026-05-25,CAPABILITY_SCREEN_ONLY
002421_2026-05-26,002421,2026-05-26,2,2,RAW,M1,REAL,10,0.497457585695,10,0.583333333333,0.0553191489362,0.0553191489362,0,2026-05-26,14,2026-05-25,CAPABILITY_SCREEN_ONLY
603001_2026-05-26,603001,2026-05-26,2,2,RAW,M1,REAL,10,0.491594140836,11,0.305555555556,0.000943396226415,0.000943396226415,0,2026-05-26,14,2026-05-25,CAPABILITY_SCREEN_ONLY
600234_2026-05-26,600234,2026-05-26,2,2,RAW,M1,REAL,10,0.486925837838,12,0.0833333333333,-0.0880968392737,-0.0880968392737,0,2026-05-26,14,2026-05-25,CAPABILITY_SCREEN_ONLY
603661_2026-05-26,603661,2026-05-26,3,3,RAW,M1,REAL,10,0.484128143744,13,0.25,-0.00778097982709,-0.00778097982709,0,2026-05-26,14,2026-05-25,CAPABILITY_SCREEN_ONLY
002897_2026-05-26,002897,2026-05-26,2,2,RAW,M1,REAL,10,0.481600124,14,0.472222222222,0.0274577102231,0.0274577102231,0,2026-05-26,14,2026-05-25,CAPABILITY_SCREEN_ONLY
600503_2026-05-26,600503,2026-05-26,2,2,RAW,M1,REAL,10,0.476520161785,15,0.527777777778,0.0321428571429,0.0321428571429,0,2026-05-26,14,2026-05-25,CAPABILITY_SCREEN_ONLY
002980_2026-05-26,002980,2026-05-26,2,2,RAW,M1,REAL,10,0.470725567874,16,0.638888888889,0.0574722997928,0.0574722997928,0,2026-05-26,14,2026-05-25,CAPABILITY_SCREEN_ONLY
002975_2026-05-26,002975,2026-05-26,2,2,RAW,M1,REAL,10,0.459453461272,17,0.694444444444,0.0652070442646,0.0652070442646,0,2026-05-26,14,2026-05-25,CAPABILITY_SCREEN_ONLY
600539_2026-05-26,600539,2026-05-26,2,2,RAW,M1,REAL,10,0.457830090924,18,0.416666666667,0.0260869565217,0.0260869565217,0,2026-05-26,14,2026-05-25,CAPABILITY_SCREEN_ONLY
003036_2026-05-27,003036,2026-05-27,2,2,RAW,M1,REAL,10,0.558230222303,1,0.95,0.244761904762,0.07,1,2026-05-27,15,2026-05-26,CAPABILITY_SCREEN_ONLY
002185_2026-05-27,002185,2026-05-27,2,2,RAW,M1,REAL,10,0.528185014195,2,0.35,0.0669975186104,0.0669975186104,0,2026-05-27,15,2026-05-26,CAPABILITY_SCREEN_ONLY
600584_2026-05-27,600584,2026-05-27,2,2,RAW,M1,REAL,10,0.511846124531,3,0.45,0.0814359715697,0.07,1,2026-05-27,15,2026-05-26,CAPABILITY_SCREEN_ONLY
002957_2026-05-27,002957,2026-05-27,2,2,RAW,M1,REAL,10,0.510602840057,4,0.65,0.212845673506,0.07,1,2026-05-27,15,2026-05-26,CAPABILITY_SCREEN_ONLY
002552_2026-05-27,002552,2026-05-27,3,3,RAW,M1,REAL,10,0.497323814654,5,0.85,0.222996515679,0.07,1,2026-05-27,15,2026-05-26,CAPABILITY_SCREEN_ONLY
002585_2026-05-27,002585,2026-05-27,3,3,RAW,M1,REAL,10,0.488285408167,6,0.55,0.0986590038314,0.07,1,2026-05-27,15,2026-05-26,CAPABILITY_SCREEN_ONLY
000510_2026-05-27,000510,2026-05-27,3,3,RAW,M1,REAL,10,0.476451208432,7,0.05,0.00334821428571,0.00334821428571,0,2026-05-27,15,2026-05-26,CAPABILITY_SCREEN_ONLY
600172_2026-05-27,600172,2026-05-27,3,3,RAW,M1,REAL,10,0.47292884281,8,0.75,0.21482602118,0.07,1,2026-05-27,15,2026-05-26,CAPABILITY_SCREEN_ONLY
002388_2026-05-27,002388,2026-05-27,2,2,RAW,M1,REAL,10,0.472728464913,9,0.15,0.0187074829932,0.0187074829932,0,2026-05-27,15,2026-05-26,CAPABILITY_SCREEN_ONLY
600520_2026-05-27,600520,2026-05-27,2,2,RAW,M1,REAL,10,0.452812323834,10,0.25,0.0330961954841,0.0330961954841,0,2026-05-27,15,2026-05-26,CAPABILITY_SCREEN_ONLY
002771_2026-05-28,002771,2026-05-28,2,2,RAW,M1,REAL,10,0.498380400686,1,0.625,0.0943396226415,0.07,1,2026-05-28,16,2026-05-27,CAPABILITY_SCREEN_ONLY
002251_2026-05-28,002251,2026-05-28,2,2,RAW,M1,REAL,10,0.473210605921,2,0.875,0.168539325843,0.07,1,2026-05-28,16,2026-05-27,CAPABILITY_SCREEN_ONLY
000759_2026-05-28,000759,2026-05-28,2,2,RAW,M1,REAL,10,0.467196873715,3,0.375,0.0771929824561,0.07,1,2026-05-28,16,2026-05-27,CAPABILITY_SCREEN_ONLY
001257_2026-05-28,001257,2026-05-28,2,2,RAW,M1,REAL,10,0.457568545559,4,0.125,-0.0676771237222,-0.0676771237222,0,2026-05-28,16,2026-05-27,CAPABILITY_SCREEN_ONLY
603989_2026-05-29,603989,2026-05-29,2,2,RAW,M1,REAL,10,0.517874338997,1,0.166666666667,-0.0322019147084,-0.0322019147084,0,2026-05-29,17,2026-05-28,CAPABILITY_SCREEN_ONLY
002579_2026-05-29,002579,2026-05-29,3,3,RAW,M1,REAL,10,0.484636174017,2,0.833333333333,0.195852534562,0.07,1,2026-05-29,17,2026-05-28,CAPABILITY_SCREEN_ONLY
603032_2026-05-29,603032,2026-05-29,2,2,RAW,M1,REAL,10,0.441032160671,3,0.5,0.00237812128419,0.00237812128419,0,2026-05-29,17,2026-05-28,CAPABILITY_SCREEN_ONLY
000090_2026-06-01,000090,2026-06-01,2,2,RAW,M1,REAL,10,0.502656683357,1,0.125,-0.0263852242744,-0.0263852242744,0,2026-06-01,18,2026-05-29,CAPABILITY_SCREEN_ONLY
600110_2026-06-01,600110,2026-06-01,2,2,RAW,M1,REAL,10,0.491692013476,2,0.625,0.0451559934319,0.0451559934319,0,2026-06-01,18,2026-05-29,CAPABILITY_SCREEN_ONLY
002806_2026-06-01,002806,2026-06-01,2,2,RAW,M1,REAL,10,0.462964173139,3,0.875,0.149321266968,0.07,1,2026-06-01,18,2026-05-29,CAPABILITY_SCREEN_ONLY
603324_2026-06-01,603324,2026-06-01,2,2,RAW,M1,REAL,10,0.456738175852,4,0.375,0.0224038752649,0.0224038752649,0,2026-06-01,18,2026-05-29,CAPABILITY_SCREEN_ONLY
002608_2026-06-02,002608,2026-06-02,2,2,RAW,M1,REAL,10,0.525513048026,1,0.75,0.099,0.07,1,2026-06-02,19,2026-06-01,CAPABILITY_SCREEN_ONLY
600011_2026-06-02,600011,2026-06-02,2,2,RAW,M1,REAL,10,0.478543004522,2,0.25,0.0260475651189,0.0260475651189,0,2026-06-02,19,2026-06-01,CAPABILITY_SCREEN_ONLY
600280_2026-06-03,600280,2026-06-03,3,3,RAW,M1,REAL,10,0.537146137331,1,0.214285714286,-0.0125313283208,-0.0125313283208,0,2026-06-03,20,2026-06-02,CAPABILITY_SCREEN_ONLY
002404_2026-06-03,002404,2026-06-03,2,2,RAW,M1,REAL,10,0.500126367766,2,0.5,0.0299319727891,0.0299319727891,0,2026-06-03,20,2026-06-02,CAPABILITY_SCREEN_ONLY
001210_2026-06-03,001210,2026-06-03,2,2,RAW,M1,REAL,10,0.49682282563,3,0.0714285714286,-0.244557534634,-0.244557534634,0,2026-06-03,20,2026-06-02,CAPABILITY_SCREEN_ONLY
002579_2026-06-03,002579,2026-06-03,2,2,RAW,M1,REAL,10,0.484211149257,4,0.642857142857,0.0540254237288,0.0540254237288,0,2026-06-03,20,2026-06-02,CAPABILITY_SCREEN_ONLY
000055_2026-06-03,000055,2026-06-03,2,2,RAW,M1,REAL,10,0.461792344297,5,0.357142857143,0,0,0,2026-06-03,20,2026-06-02,CAPABILITY_SCREEN_ONLY
002421_2026-06-03,002421,2026-06-03,2,2,RAW,M1,REAL,10,0.458845023767,6,0.785714285714,0.0698151950719,0.0698151950719,0,2026-06-03,20,2026-06-02,CAPABILITY_SCREEN_ONLY
603045_2026-06-03,603045,2026-06-03,2,2,RAW,M1,REAL,10,0.434064645612,7,0.928571428571,0.154815115807,0.07,1,2026-06-03,20,2026-06-02,CAPABILITY_SCREEN_ONLY
600487_2026-06-04,600487,2026-06-04,2,2,RAW,M1,REAL,10,0.534185534183,1,0.916666666667,0.0659375,0.0659375,0,2026-06-04,21,2026-06-03,CAPABILITY_SCREEN_ONLY
600121_2026-06-04,600121,2026-06-04,3,3,RAW,M1,REAL,10,0.518765017426,2,0.416666666667,-0.00709219858156,-0.00709219858156,0,2026-06-04,21,2026-06-03,CAPABILITY_SCREEN_ONLY
603311_2026-06-04,603311,2026-06-04,2,2,RAW,M1,REAL,10,0.514897434141,3,0.75,0.0277923439958,0.0277923439958,0,2026-06-04,21,2026-06-03,CAPABILITY_SCREEN_ONLY
002137_2026-06-04,002137,2026-06-04,2,2,RAW,M1,REAL,10,0.510502378728,4,0.583333333333,0.0068359375,0.0068359375,0,2026-06-04,21,2026-06-03,CAPABILITY_SCREEN_ONLY
000700_2026-06-04,000700,2026-06-04,2,2,RAW,M1,REAL,10,0.494178999333,5,0.0833333333333,-0.0651340996169,-0.0651340996169,0,2026-06-04,21,2026-06-03,CAPABILITY_SCREEN_ONLY
600936_2026-06-04,600936,2026-06-04,2,2,RAW,M1,REAL,10,0.450903789762,6,0.25,-0.0455284552846,-0.0455284552846,0,2026-06-04,21,2026-06-03,CAPABILITY_SCREEN_ONLY
600688_2026-06-05,600688,2026-06-05,2,2,RAW,M1,REAL,10,0.506222300413,1,0.416666666667,0.00302114803625,0.00302114803625,0,2026-06-05,22,2026-06-04,CAPABILITY_SCREEN_ONLY
600255_2026-06-05,600255,2026-06-05,3,3,RAW,M1,REAL,10,0.477977203175,2,0.916666666667,0.0896551724138,0.07,1,2026-06-05,22,2026-06-04,CAPABILITY_SCREEN_ONLY
001896_2026-06-05,001896,2026-06-05,2,2,RAW,M1,REAL,10,0.470705961576,3,0.75,0.0850528434826,0.07,1,2026-06-05,22,2026-06-04,CAPABILITY_SCREEN_ONLY
605162_2026-06-05,605162,2026-06-05,2,2,RAW,M1,REAL,10,0.467990203672,4,0.0833333333333,-0.0449915110357,-0.0449915110357,0,2026-06-05,22,2026-06-04,CAPABILITY_SCREEN_ONLY
600439_2026-06-05,600439,2026-06-05,2,2,RAW,M1,REAL,10,0.441636665468,5,0.25,-0.0113636363636,-0.0113636363636,0,2026-06-05,22,2026-06-04,CAPABILITY_SCREEN_ONLY
002787_2026-06-05,002787,2026-06-05,2,2,RAW,M1,REAL,10,0.44041013081,6,0.583333333333,0.0670498084291,0.0670498084291,0,2026-06-05,22,2026-06-04,CAPABILITY_SCREEN_ONLY
600293_2026-06-08,600293,2026-06-08,2,2,RAW,M1,REAL,10,0.528305166821,1,0.166666666667,-0.0172839506173,-0.0172839506173,0,2026-06-08,23,2026-06-05,CAPABILITY_SCREEN_ONLY
000520_2026-06-08,000520,2026-06-08,2,2,RAW,M1,REAL,10,0.50619793349,2,0.5,-0.0109409190372,-0.0109409190372,0,2026-06-08,23,2026-06-05,CAPABILITY_SCREEN_ONLY
003036_2026-06-08,003036,2026-06-08,2,2,RAW,M1,REAL,10,0.449197808118,3,0.833333333333,0.0681933842239,0.0681933842239,0,2026-06-08,23,2026-06-05,CAPABILITY_SCREEN_ONLY
603500_2026-06-09,603500,2026-06-09,3,3,RAW,M1,REAL,10,0.53559382407,1,0.944444444444,0.0936270653029,0.07,1,2026-06-09,24,2026-06-08,CAPABILITY_SCREEN_ONLY
603859_2026-06-09,603859,2026-06-09,2,2,RAW,M1,REAL,10,0.506727623144,2,0.833333333333,0.0640412922959,0.0640412922959,0,2026-06-09,24,2026-06-08,CAPABILITY_SCREEN_ONLY
002421_2026-06-09,002421,2026-06-09,2,2,RAW,M1,REAL,10,0.491955881869,3,0.0555555555556,-0.142105263158,-0.142105263158,0,2026-06-09,24,2026-06-08,CAPABILITY_SCREEN_ONLY
003009_2026-06-09,003009,2026-06-09,2,2,RAW,M1,REAL,10,0.482010333986,4,0.388888888889,-0.0131004366812,-0.0131004366812,0,2026-06-09,24,2026-06-08,CAPABILITY_SCREEN_ONLY
002361_2026-06-09,002361,2026-06-09,2,2,RAW,M1,REAL,10,0.481227315965,5,0.722222222222,0.047323943662,0.047323943662,0,2026-06-09,24,2026-06-08,CAPABILITY_SCREEN_ONLY
000517_2026-06-09,000517,2026-06-09,2,2,RAW,M1,REAL,10,0.480626899094,6,0.611111111111,0.0147783251232,0.0147783251232,0,2026-06-09,24,2026-06-08,CAPABILITY_SCREEN_ONLY
000068_2026-06-09,000068,2026-06-09,2,2,RAW,M1,REAL,10,0.472987510468,7,0.166666666667,-0.0503978779841,-0.0503978779841,0,2026-06-09,24,2026-06-08,CAPABILITY_SCREEN_ONLY
000759_2026-06-09,000759,2026-06-09,2,2,RAW,M1,REAL,10,0.46944847697,8,0.5,0.00649350649351,0.00649350649351,0,2026-06-09,24,2026-06-08,CAPABILITY_SCREEN_ONLY
002613_2026-06-09,002613,2026-06-09,2,2,RAW,M1,REAL,10,0.460120282004,9,0.277777777778,-0.013698630137,-0.013698630137,0,2026-06-09,24,2026-06-08,CAPABILITY_SCREEN_ONLY
002254_2026-06-10,002254,2026-06-10,3,3,RAW,M1,REAL,10,0.541410471821,1,0.5,0.0754173862982,0.07,1,2026-06-10,25,2026-06-09,CAPABILITY_SCREEN_ONLY
603186_2026-06-10,603186,2026-06-10,2,2,RAW,M1,REAL,10,0.524851953821,2,0.785714285714,0.12896813445,0.07,1,2026-06-10,25,2026-06-09,CAPABILITY_SCREEN_ONLY
603929_2026-06-10,603929,2026-06-10,2,2,RAW,M1,REAL,10,0.520445538531,3,0.642857142857,0.0850540374308,0.07,1,2026-06-10,25,2026-06-09,CAPABILITY_SCREEN_ONLY
002362_2026-06-10,002362,2026-06-10,2,2,RAW,M1,REAL,10,0.497288284777,4,0.0714285714286,-0.0082219938335,-0.0082219938335,0,2026-06-10,25,2026-06-09,CAPABILITY_SCREEN_ONLY
603616_2026-06-10,603616,2026-06-10,2,2,RAW,M1,REAL,10,0.491740474262,5,0.214285714286,0.0160583941606,0.0160583941606,0,2026-06-10,25,2026-06-09,CAPABILITY_SCREEN_ONLY
002747_2026-06-10,002747,2026-06-10,2,2,RAW,M1,REAL,10,0.490134617289,6,0.357142857143,0.0194285714286,0.0194285714286,0,2026-06-10,25,2026-06-09,CAPABILITY_SCREEN_ONLY
001696_2026-06-10,001696,2026-06-10,2,2,RAW,M1,REAL,10,0.4884605347,7,0.928571428571,0.202105263158,0.07,1,2026-06-10,25,2026-06-09,CAPABILITY_SCREEN_ONLY
002636_2026-06-11,002636,2026-06-11,3,3,RAW,M1,REAL,10,0.604944268369,1,0.95,0.0890098899878,0.07,1,2026-06-11,26,2026-06-10,CAPABILITY_SCREEN_ONLY
603065_2026-06-11,603065,2026-06-11,2,2,RAW,M1,REAL,10,0.543682385461,2,0.55,0.0286764705882,0.0286764705882,0,2026-06-11,26,2026-06-10,CAPABILITY_SCREEN_ONLY
605318_2026-06-11,605318,2026-06-11,2,2,RAW,M1,REAL,10,0.54339966586,3,0.65,0.0456747404844,0.0456747404844,0,2026-06-11,26,2026-06-10,CAPABILITY_SCREEN_ONLY
605006_2026-06-11,605006,2026-06-11,2,2,RAW,M1,REAL,10,0.516935892226,4,0.35,0.012037037037,0.012037037037,0,2026-06-11,26,2026-06-10,CAPABILITY_SCREEN_ONLY
603002_2026-06-11,603002,2026-06-11,2,2,RAW,M1,REAL,10,0.493497903721,5,0.75,0.0673719376392,0.0673719376392,0,2026-06-11,26,2026-06-10,CAPABILITY_SCREEN_ONLY
605589_2026-06-11,605589,2026-06-11,2,2,RAW,M1,REAL,10,0.491135356495,6,0.85,0.0872881355932,0.07,1,2026-06-11,26,2026-06-10,CAPABILITY_SCREEN_ONLY
000029_2026-06-11,000029,2026-06-11,2,2,RAW,M1,REAL,10,0.483347911852,7,0.25,0.0117970900511,0.0117970900511,0,2026-06-11,26,2026-06-10,CAPABILITY_SCREEN_ONLY
002585_2026-06-11,002585,2026-06-11,2,2,RAW,M1,REAL,10,0.475400655183,8,0.45,0.0257648953301,0.0257648953301,0,2026-06-11,26,2026-06-10,CAPABILITY_SCREEN_ONLY
002669_2026-06-11,002669,2026-06-11,2,2,RAW,M1,REAL,10,0.474349837478,9,0.15,-0.00120481927711,-0.00120481927711,0,2026-06-11,26,2026-06-10,CAPABILITY_SCREEN_ONLY
003026_2026-06-11,003026,2026-06-11,2,2,RAW,M1,REAL,10,0.41469001859,10,0.05,-0.0459548706659,-0.0459548706659,0,2026-06-11,26,2026-06-10,CAPABILITY_SCREEN_ONLY
000048_2026-06-12,000048,2026-06-12,3,3,RAW,M1,REAL,10,0.534765897153,1,0.0625,-0.0215053763441,-0.0215053763441,0,2026-06-12,27,2026-06-11,CAPABILITY_SCREEN_ONLY
600665_2026-06-12,600665,2026-06-12,2,2,RAW,M1,REAL,10,0.474022040106,2,0.3125,0.012987012987,0.012987012987,0,2026-06-12,27,2026-06-11,CAPABILITY_SCREEN_ONLY
600378_2026-06-12,600378,2026-06-12,2,2,RAW,M1,REAL,10,0.452414061467,3,0.8125,0.0784588441331,0.07,1,2026-06-12,27,2026-06-11,CAPABILITY_SCREEN_ONLY
002165_2026-06-12,002165,2026-06-12,2,2,RAW,M1,REAL,10,0.450553232424,4,0.5625,0.0732356857523,0.07,1,2026-06-12,27,2026-06-11,CAPABILITY_SCREEN_ONLY
603155_2026-06-12,603155,2026-06-12,2,2,RAW,M1,REAL,10,0.446064806653,5,0.9375,0.087962962963,0.07,1,2026-06-12,27,2026-06-11,CAPABILITY_SCREEN_ONLY
002119_2026-06-12,002119,2026-06-12,2,2,RAW,M1,REAL,10,0.416709526316,6,0.4375,0.0543580131209,0.0543580131209,0,2026-06-12,27,2026-06-11,CAPABILITY_SCREEN_ONLY
600178_2026-06-12,600178,2026-06-12,2,2,RAW,M1,REAL,10,0.416110578455,7,0.1875,-0.00398803589232,-0.00398803589232,0,2026-06-12,27,2026-06-11,CAPABILITY_SCREEN_ONLY
002409_2026-06-12,002409,2026-06-12,2,2,RAW,M1,REAL,10,0.401715317306,8,0.6875,0.0771077107711,0.07,1,2026-06-12,27,2026-06-11,CAPABILITY_SCREEN_ONLY
002203_2026-06-15,002203,2026-06-15,2,2,RAW,M1,REAL,10,0.542194502425,1,0.5,0.03625,0.03625,0,2026-06-15,28,2026-06-12,CAPABILITY_SCREEN_ONLY
600067_2026-06-15,600067,2026-06-15,2,2,RAW,M1,REAL,10,0.509294322508,2,0.166666666667,0.0285714285714,0.0285714285714,0,2026-06-15,28,2026-06-12,CAPABILITY_SCREEN_ONLY
603014_2026-06-15,603014,2026-06-15,2,2,RAW,M1,REAL,10,0.478130535059,3,0.833333333333,0.111851637207,0.07,1,2026-06-15,28,2026-06-12,CAPABILITY_SCREEN_ONLY
601958_2026-06-16,601958,2026-06-16,3,3,RAW,M1,REAL,10,0.563284236243,1,0.5,0.0439285714286,0.0439285714286,0,2026-06-16,29,2026-06-15,CAPABILITY_SCREEN_ONLY
000510_2026-06-16,000510,2026-06-16,3,3,RAW,M1,REAL,10,0.56000476158,2,0.214285714286,-0.0145310435931,-0.0145310435931,0,2026-06-16,29,2026-06-15,CAPABILITY_SCREEN_ONLY
601696_2026-06-16,601696,2026-06-16,2,2,RAW,M1,REAL,10,0.529605230314,3,0.0714285714286,-0.0187265917603,-0.0187265917603,0,2026-06-16,29,2026-06-15,CAPABILITY_SCREEN_ONLY
001359_2026-06-16,001359,2026-06-16,2,2,RAW,M1,REAL,10,0.523495100978,4,0.785714285714,0.120841364284,0.07,1,2026-06-16,29,2026-06-15,CAPABILITY_SCREEN_ONLY
603738_2026-06-16,603738,2026-06-16,2,2,RAW,M1,REAL,10,0.504961479442,5,0.928571428571,0.129815592478,0.07,1,2026-06-16,29,2026-06-15,CAPABILITY_SCREEN_ONLY
603335_2026-06-16,603335,2026-06-16,2,2,RAW,M1,REAL,10,0.50232464008,6,0.642857142857,0.111922141119,0.07,1,2026-06-16,29,2026-06-15,CAPABILITY_SCREEN_ONLY
000506_2026-06-16,000506,2026-06-16,2,2,RAW,M1,REAL,10,0.490731103311,7,0.357142857143,-0.00130975769483,-0.00130975769483,0,2026-06-16,29,2026-06-15,CAPABILITY_SCREEN_ONLY
605198_2026-06-17,605198,2026-06-17,3,3,RAW,M1,REAL,10,0.586104034739,1,0.0294117647059,-0.0212765957447,-0.0212765957447,0,2026-06-17,30,2026-06-16,CAPABILITY_SCREEN_ONLY
002824_2026-06-17,002824,2026-06-17,2,2,RAW,M1,REAL,10,0.527523247724,2,0.852941176471,0.144943820225,0.07,1,2026-06-17,30,2026-06-16,CAPABILITY_SCREEN_ONLY
600549_2026-06-17,600549,2026-06-17,2,2,RAW,M1,REAL,10,0.525349437052,3,0.970588235294,0.209677419355,0.07,1,2026-06-17,30,2026-06-16,CAPABILITY_SCREEN_ONLY
002851_2026-06-17,002851,2026-06-17,2,2,RAW,M1,REAL,10,0.522301673947,4,0.441176470588,0.0721357850071,0.07,1,2026-06-17,30,2026-06-16,CAPABILITY_SCREEN_ONLY
002515_2026-06-17,002515,2026-06-17,2,2,RAW,M1,REAL,10,0.518216703111,5,0.911764705882,0.165371809101,0.07,1,2026-06-17,30,2026-06-16,CAPABILITY_SCREEN_ONLY
603256_2026-06-17,603256,2026-06-17,2,2,RAW,M1,REAL,10,0.511986932272,6,0.676470588235,0.12002451982,0.07,1,2026-06-17,30,2026-06-16,CAPABILITY_SCREEN_ONLY
605289_2026-06-17,605289,2026-06-17,2,2,RAW,M1,REAL,10,0.511803034686,7,0.264705882353,0.065543071161,0.065543071161,0,2026-06-17,30,2026-06-16,CAPABILITY_SCREEN_ONLY
002585_2026-06-17,002585,2026-06-17,2,2,RAW,M1,REAL,10,0.511670736005,8,0.0882352941176,0.0378634212306,0.0378634212306,0,2026-06-17,30,2026-06-16,CAPABILITY_SCREEN_ONLY
002552_2026-06-17,002552,2026-06-17,2,2,RAW,M1,REAL,10,0.498208455832,9,0.735294117647,0.136402877698,0.07,1,2026-06-17,30,2026-06-16,CAPABILITY_SCREEN_ONLY
600703_2026-06-17,600703,2026-06-17,2,2,RAW,M1,REAL,10,0.489829014777,10,0.617647058824,0.0892151326934,0.07,1,2026-06-17,30,2026-06-16,CAPABILITY_SCREEN_ONLY
002990_2026-06-17,002990,2026-06-17,2,2,RAW,M1,REAL,10,0.487441221418,11,0.558823529412,0.0859687386405,0.07,1,2026-06-17,30,2026-06-16,CAPABILITY_SCREEN_ONLY
603516_2026-06-17,603516,2026-06-17,2,2,RAW,M1,REAL,10,0.480355379186,12,0.323529411765,0.0701068927387,0.07,1,2026-06-17,30,2026-06-16,CAPABILITY_SCREEN_ONLY
600545_2026-06-17,600545,2026-06-17,2,2,RAW,M1,REAL,10,0.473982789981,13,0.794117647059,0.142857142857,0.07,1,2026-06-17,30,2026-06-16,CAPABILITY_SCREEN_ONLY
002806_2026-06-17,002806,2026-06-17,2,2,RAW,M1,REAL,10,0.472184878772,14,0.147058823529,0.0405727923628,0.0405727923628,0,2026-06-17,30,2026-06-16,CAPABILITY_SCREEN_ONLY
603045_2026-06-17,603045,2026-06-17,2,2,RAW,M1,REAL,10,0.471505868942,15,0.205882352941,0.0585868150077,0.0585868150077,0,2026-06-17,30,2026-06-16,CAPABILITY_SCREEN_ONLY
601179_2026-06-17,601179,2026-06-17,2,2,RAW,M1,REAL,10,0.463014453354,16,0.382352941176,0.0707908163265,0.07,1,2026-06-17,30,2026-06-16,CAPABILITY_SCREEN_ONLY
002051_2026-06-17,002051,2026-06-17,2,2,RAW,M1,REAL,10,0.454177801305,17,0.5,0.0827974276527,0.07,1,2026-06-17,30,2026-06-16,CAPABILITY_SCREEN_ONLY
603186_2026-06-18,603186,2026-06-18,3,3,RAW,M1,REAL,10,0.58186174532,1,0.766666666667,0.0454831800428,0.0454831800428,0,2026-06-18,31,2026-06-17,CAPABILITY_SCREEN_ONLY
002741_2026-06-18,002741,2026-06-18,3,3,RAW,M1,REAL,10,0.563224468749,2,0.166666666667,-0.0204131227217,-0.0204131227217,0,2026-06-18,31,2026-06-17,CAPABILITY_SCREEN_ONLY
600110_2026-06-18,600110,2026-06-18,3,3,RAW,M1,REAL,10,0.554727474801,3,0.1,-0.0444572748268,-0.0444572748268,0,2026-06-18,31,2026-06-17,CAPABILITY_SCREEN_ONLY
603002_2026-06-18,603002,2026-06-18,3,3,RAW,M1,REAL,10,0.530864009634,4,0.966666666667,0.117920540997,0.07,1,2026-06-18,31,2026-06-17,CAPABILITY_SCREEN_ONLY
002484_2026-06-18,002484,2026-06-18,2,2,RAW,M1,REAL,10,0.510750673539,5,0.0333333333333,-0.0501659904094,-0.0501659904094,0,2026-06-18,31,2026-06-17,CAPABILITY_SCREEN_ONLY
002080_2026-06-18,002080,2026-06-18,3,3,RAW,M1,REAL,10,0.509423380666,6,0.5,0.0197681513118,0.0197681513118,0,2026-06-18,31,2026-06-17,CAPABILITY_SCREEN_ONLY
000679_2026-06-18,000679,2026-06-18,2,2,RAW,M1,REAL,10,0.500615747558,7,0.566666666667,0.0197889182058,0.0197889182058,0,2026-06-18,31,2026-06-17,CAPABILITY_SCREEN_ONLY
601636_2026-06-18,601636,2026-06-18,3,3,RAW,M1,REAL,10,0.49394881076,8,0.366666666667,0.0048309178744,0.0048309178744,0,2026-06-18,31,2026-06-17,CAPABILITY_SCREEN_ONLY
603773_2026-06-18,603773,2026-06-18,2,2,RAW,M1,REAL,10,0.493681058172,9,0.833333333333,0.0675738274464,0.0675738274464,0,2026-06-18,31,2026-06-17,CAPABILITY_SCREEN_ONLY
000777_2026-06-18,000777,2026-06-18,3,3,RAW,M1,REAL,10,0.487897545223,10,0.433333333333,0.0143464399575,0.0143464399575,0,2026-06-18,31,2026-06-17,CAPABILITY_SCREEN_ONLY
600186_2026-06-18,600186,2026-06-18,2,2,RAW,M1,REAL,10,0.479669525676,11,0.7,0.0350515463918,0.0350515463918,0,2026-06-18,31,2026-06-17,CAPABILITY_SCREEN_ONLY
603115_2026-06-18,603115,2026-06-18,3,3,RAW,M1,REAL,10,0.476240810867,12,0.633333333333,0.0322945682451,0.0322945682451,0,2026-06-18,31,2026-06-17,CAPABILITY_SCREEN_ONLY
600615_2026-06-18,600615,2026-06-18,2,2,RAW,M1,REAL,10,0.459073152663,13,0.233333333333,-0.00570342205323,-0.00570342205323,0,2026-06-18,31,2026-06-17,CAPABILITY_SCREEN_ONLY
600707_2026-06-18,600707,2026-06-18,2,2,RAW,M1,REAL,10,0.45429631831,14,0.9,0.109845402766,0.07,1,2026-06-18,31,2026-06-17,CAPABILITY_SCREEN_ONLY
600192_2026-06-18,600192,2026-06-18,2,2,RAW,M1,REAL,10,0.452222328372,15,0.3,0.00126742712294,0.00126742712294,0,2026-06-18,31,2026-06-17,CAPABILITY_SCREEN_ONLY
002989_2026-06-22,002989,2026-06-22,3,3,RAW,M1,REAL,10,0.549271215049,1,0.214285714286,0.0214190093708,0.0214190093708,0,2026-06-22,32,2026-06-18,CAPABILITY_SCREEN_ONLY
001339_2026-06-22,001339,2026-06-22,2,2,RAW,M1,REAL,10,0.53543458834,2,0.357142857143,0.0626988437961,0.0626988437961,0,2026-06-22,32,2026-06-18,CAPABILITY_SCREEN_ONLY
002491_2026-06-22,002491,2026-06-22,2,2,RAW,M1,REAL,10,0.534543816128,3,0.5,0.0711188204683,0.07,1,2026-06-22,32,2026-06-18,CAPABILITY_SCREEN_ONLY
603261_2026-06-22,603261,2026-06-22,2,2,RAW,M1,REAL,10,0.531497409808,4,0.928571428571,0.193737328227,0.07,1,2026-06-22,32,2026-06-18,CAPABILITY_SCREEN_ONLY
002579_2026-06-22,002579,2026-06-22,2,2,RAW,M1,REAL,10,0.51538979588,5,0.0714285714286,-0.0383309073265,-0.0383309073265,0,2026-06-22,32,2026-06-18,CAPABILITY_SCREEN_ONLY
002141_2026-06-22,002141,2026-06-22,3,3,RAW,M1,REAL,10,0.510103368778,6,0.642857142857,0.0746268656716,0.07,1,2026-06-22,32,2026-06-18,CAPABILITY_SCREEN_ONLY
603324_2026-06-22,603324,2026-06-22,2,2,RAW,M1,REAL,10,0.501243193777,7,0.785714285714,0.106767652089,0.07,1,2026-06-22,32,2026-06-18,CAPABILITY_SCREEN_ONLY
002297_2026-06-23,002297,2026-06-23,2,2,RAW,M1,REAL,10,0.545306542151,1,0.892857142857,0.132492113565,0.07,1,2026-06-23,33,2026-06-22,CAPABILITY_SCREEN_ONLY
000811_2026-06-23,000811,2026-06-23,3,3,RAW,M1,REAL,10,0.52993406855,2,0.964285714286,0.219968087531,0.07,1,2026-06-23,33,2026-06-22,CAPABILITY_SCREEN_ONLY
603082_2026-06-23,603082,2026-06-23,2,2,RAW,M1,REAL,10,0.522384293217,3,0.107142857143,0.0208955223881,0.0208955223881,0,2026-06-23,33,2026-06-22,CAPABILITY_SCREEN_ONLY
600769_2026-06-23,600769,2026-06-23,2,2,RAW,M1,REAL,10,0.518958969991,4,0.0357142857143,0.00775547445255,0.00775547445255,0,2026-06-23,33,2026-06-22,CAPABILITY_SCREEN_ONLY
603663_2026-06-23,603663,2026-06-23,2,2,RAW,M1,REAL,10,0.518234061983,5,0.25,0.0294117647059,0.0294117647059,0,2026-06-23,33,2026-06-22,CAPABILITY_SCREEN_ONLY
002805_2026-06-23,002805,2026-06-23,2,2,RAW,M1,REAL,10,0.515409437002,6,0.321428571429,0.0302405498282,0.0302405498282,0,2026-06-23,33,2026-06-22,CAPABILITY_SCREEN_ONLY
002655_2026-06-23,002655,2026-06-23,2,2,RAW,M1,REAL,10,0.506701680324,7,0.821428571429,0.112807463953,0.07,1,2026-06-23,33,2026-06-22,CAPABILITY_SCREEN_ONLY
003031_2026-06-23,003031,2026-06-23,2,2,RAW,M1,REAL,10,0.488971950395,8,0.464285714286,0.0645161290323,0.0645161290323,0,2026-06-23,33,2026-06-22,CAPABILITY_SCREEN_ONLY
002842_2026-06-23,002842,2026-06-23,2,2,RAW,M1,REAL,10,0.479619404474,9,0.678571428571,0.0887335874629,0.07,1,2026-06-23,33,2026-06-22,CAPABILITY_SCREEN_ONLY
001296_2026-06-23,001296,2026-06-23,2,2,RAW,M1,REAL,10,0.477289262119,10,0.178571428571,0.0229293401965,0.0229293401965,0,2026-06-23,33,2026-06-22,CAPABILITY_SCREEN_ONLY
000657_2026-06-23,000657,2026-06-23,2,2,RAW,M1,REAL,10,0.475752347677,11,0.607142857143,0.0773082315241,0.07,1,2026-06-23,33,2026-06-22,CAPABILITY_SCREEN_ONLY
603380_2026-06-23,603380,2026-06-23,2,2,RAW,M1,REAL,10,0.469574873847,12,0.75,0.108924806746,0.07,1,2026-06-23,33,2026-06-22,CAPABILITY_SCREEN_ONLY
002354_2026-06-23,002354,2026-06-23,2,2,RAW,M1,REAL,10,0.463746192273,13,0.392857142857,0.0438489646772,0.0438489646772,0,2026-06-23,33,2026-06-22,CAPABILITY_SCREEN_ONLY
600162_2026-06-23,600162,2026-06-23,2,2,RAW,M1,REAL,10,0.462429062887,14,0.535714285714,0.0704960835509,0.07,1,2026-06-23,33,2026-06-22,CAPABILITY_SCREEN_ONLY
603757_2026-06-24,603757,2026-06-24,2,2,RAW,M1,REAL,10,0.541618705634,1,0.633333333333,0.0516980613227,0.0516980613227,0,2026-06-24,34,2026-06-23,CAPABILITY_SCREEN_ONLY
002068_2026-06-24,002068,2026-06-24,3,3,RAW,M1,REAL,10,0.537344684075,2,0.766666666667,0.0647138964578,0.0647138964578,0,2026-06-24,34,2026-06-23,CAPABILITY_SCREEN_ONLY
600172_2026-06-24,600172,2026-06-24,2,2,RAW,M1,REAL,10,0.526871620999,3,0.7,0.0564468211527,0.0564468211527,0,2026-06-24,34,2026-06-23,CAPABILITY_SCREEN_ONLY
000070_2026-06-24,000070,2026-06-24,2,2,RAW,M1,REAL,10,0.52248269941,4,0.233333333333,-0.0225029609159,-0.0225029609159,0,2026-06-24,34,2026-06-23,CAPABILITY_SCREEN_ONLY
601869_2026-06-24,601869,2026-06-24,2,2,RAW,M1,REAL,10,0.517736508775,5,0.166666666667,-0.0267558528428,-0.0267558528428,0,2026-06-24,34,2026-06-23,CAPABILITY_SCREEN_ONLY
600851_2026-06-24,600851,2026-06-24,3,3,RAW,M1,REAL,10,0.506196791271,6,0.0333333333333,-0.036815920398,-0.036815920398,0,2026-06-24,34,2026-06-23,CAPABILITY_SCREEN_ONLY
600400_2026-06-24,600400,2026-06-24,2,2,RAW,M1,REAL,10,0.505241422596,7,0.966666666667,0.100323624595,0.07,1,2026-06-24,34,2026-06-23,CAPABILITY_SCREEN_ONLY
600470_2026-06-24,600470,2026-06-24,2,2,RAW,M1,REAL,10,0.495577763411,8,0.5,0.0189873417722,0.0189873417722,0,2026-06-24,34,2026-06-23,CAPABILITY_SCREEN_ONLY
605580_2026-06-24,605580,2026-06-24,2,2,RAW,M1,REAL,10,0.493279998436,9,0.366666666667,-0.00604026845638,-0.00604026845638,0,2026-06-24,34,2026-06-23,CAPABILITY_SCREEN_ONLY
000783_2026-06-24,000783,2026-06-24,2,2,RAW,M1,REAL,10,0.492534876158,10,0.9,0.091103965702,0.07,1,2026-06-24,34,2026-06-23,CAPABILITY_SCREEN_ONLY
002830_2026-06-24,002830,2026-06-24,2,2,RAW,M1,REAL,10,0.490425517985,11,0.1,-0.0324971493729,-0.0324971493729,0,2026-06-24,34,2026-06-23,CAPABILITY_SCREEN_ONLY
605377_2026-06-24,605377,2026-06-24,2,2,RAW,M1,REAL,10,0.489121930166,12,0.3,-0.0173913043478,-0.0173913043478,0,2026-06-24,34,2026-06-23,CAPABILITY_SCREEN_ONLY
000571_2026-06-24,000571,2026-06-24,2,2,RAW,M1,REAL,10,0.480492513635,13,0.833333333333,0.079674796748,0.07,1,2026-06-24,34,2026-06-23,CAPABILITY_SCREEN_ONLY
600322_2026-06-24,600322,2026-06-24,2,2,RAW,M1,REAL,10,0.468599414405,14,0.433333333333,0.0181818181818,0.0181818181818,0,2026-06-24,34,2026-06-23,CAPABILITY_SCREEN_ONLY
002672_2026-06-24,002672,2026-06-24,2,2,RAW,M1,REAL,10,0.45229246554,15,0.566666666667,0.0512129380054,0.0512129380054,0,2026-06-24,34,2026-06-23,CAPABILITY_SCREEN_ONLY
600909_2026-06-25,600909,2026-06-25,2,2,RAW,M1,REAL,10,0.536806893245,1,0.611111111111,0.07,0.07,1,2026-06-25,35,2026-06-24,CAPABILITY_SCREEN_ONLY
605069_2026-06-25,605069,2026-06-25,3,3,RAW,M1,REAL,10,0.535201886781,2,0.722222222222,0.108333333333,0.07,1,2026-06-25,35,2026-06-24,CAPABILITY_SCREEN_ONLY
600379_2026-06-25,600379,2026-06-25,2,2,RAW,M1,REAL,10,0.512920958693,3,0.166666666667,-0.0113182423435,-0.0113182423435,0,2026-06-25,35,2026-06-24,CAPABILITY_SCREEN_ONLY
000566_2026-06-25,000566,2026-06-25,2,2,RAW,M1,REAL,10,0.510896100076,4,0.277777777778,-0.0021978021978,-0.0021978021978,0,2026-06-25,35,2026-06-24,CAPABILITY_SCREEN_ONLY
002631_2026-06-25,002631,2026-06-25,2,2,RAW,M1,REAL,10,0.503993752509,5,0.5,0.0383838383838,0.0383838383838,0,2026-06-25,35,2026-06-24,CAPABILITY_SCREEN_ONLY
603938_2026-06-25,603938,2026-06-25,3,3,RAW,M1,REAL,10,0.492743846108,6,0.944444444444,0.174225028703,0.07,1,2026-06-25,35,2026-06-24,CAPABILITY_SCREEN_ONLY
002580_2026-06-25,002580,2026-06-25,2,2,RAW,M1,REAL,10,0.483528838789,7,0.0555555555556,-0.12269446672,-0.12269446672,0,2026-06-25,35,2026-06-24,CAPABILITY_SCREEN_ONLY
002584_2026-06-25,002584,2026-06-25,2,2,RAW,M1,REAL,10,0.470682615803,8,0.388888888889,0.0383064516129,0.0383064516129,0,2026-06-25,35,2026-06-24,CAPABILITY_SCREEN_ONLY
002687_2026-06-25,002687,2026-06-25,2,2,RAW,M1,REAL,10,0.470243317899,9,0.833333333333,0.134703196347,0.07,1,2026-06-25,35,2026-06-24,CAPABILITY_SCREEN_ONLY
603989_2026-06-26,603989,2026-06-26,2,2,RAW,M1,REAL,10,0.53010149428,1,0.208333333333,-0.0419642857143,-0.0419642857143,0,2026-06-26,36,2026-06-25,CAPABILITY_SCREEN_ONLY
002990_2026-06-26,002990,2026-06-26,2,2,RAW,M1,REAL,10,0.522040977933,2,0.958333333333,0.086383601757,0.07,1,2026-06-26,36,2026-06-25,CAPABILITY_SCREEN_ONLY
600667_2026-06-26,600667,2026-06-26,2,2,RAW,M1,REAL,10,0.507991666123,3,0.708333333333,0.0668103448276,0.0668103448276,0,2026-06-26,36,2026-06-25,CAPABILITY_SCREEN_ONLY
600141_2026-06-26,600141,2026-06-26,2,2,RAW,M1,REAL,10,0.503890826128,4,0.125,-0.0441767068273,-0.0441767068273,0,2026-06-26,36,2026-06-25,CAPABILITY_SCREEN_ONLY
002080_2026-06-26,002080,2026-06-26,2,2,RAW,M1,REAL,10,0.502023452724,5,0.0416666666667,-0.0525252525253,-0.0525252525253,0,2026-06-26,36,2026-06-25,CAPABILITY_SCREEN_ONLY
603713_2026-06-26,603713,2026-06-26,2,2,RAW,M1,REAL,10,0.500966156014,6,0.291666666667,-0.0293809024134,-0.0293809024134,0,2026-06-26,36,2026-06-25,CAPABILITY_SCREEN_ONLY
603678_2026-06-26,603678,2026-06-26,2,2,RAW,M1,REAL,10,0.498460330747,7,0.541666666667,0.0416001963431,0.0416001963431,0,2026-06-26,36,2026-06-25,CAPABILITY_SCREEN_ONLY
603929_2026-06-26,603929,2026-06-26,2,2,RAW,M1,REAL,10,0.491159033838,8,0.625,0.0476785648642,0.0476785648642,0,2026-06-26,36,2026-06-25,CAPABILITY_SCREEN_ONLY
002025_2026-06-26,002025,2026-06-26,2,2,RAW,M1,REAL,10,0.49084977134,9,0.791666666667,0.0701369863014,0.07,1,2026-06-26,36,2026-06-25,CAPABILITY_SCREEN_ONLY
600584_2026-06-26,600584,2026-06-26,2,2,RAW,M1,REAL,10,0.477391795425,10,0.458333333333,0.0200970873786,0.0200970873786,0,2026-06-26,36,2026-06-25,CAPABILITY_SCREEN_ONLY
002254_2026-06-26,002254,2026-06-26,2,2,RAW,M1,REAL,10,0.469049057878,11,0.375,-0.025974025974,-0.025974025974,0,2026-06-26,36,2026-06-25,CAPABILITY_SCREEN_ONLY
000818_2026-06-26,000818,2026-06-26,2,2,RAW,M1,REAL,10,0.468657424092,12,0.875,0.0779510022272,0.07,1,2026-06-26,36,2026-06-25,CAPABILITY_SCREEN_ONLY
600228_2026-06-29,600228,2026-06-29,3,3,RAW,M1,REAL,10,0.59586722472,1,0.1,-0.0793172690763,-0.0793172690763,0,2026-06-29,37,2026-06-26,CAPABILITY_SCREEN_ONLY
000823_2026-06-29,000823,2026-06-29,3,3,RAW,M1,REAL,10,0.557975889497,2,0.7,0.0925280681378,0.07,1,2026-06-29,37,2026-06-26,CAPABILITY_SCREEN_ONLY
600962_2026-06-29,600962,2026-06-29,2,2,RAW,M1,REAL,10,0.480994215771,3,0.5,0.0751028806584,0.07,1,2026-06-29,37,2026-06-26,CAPABILITY_SCREEN_ONLY
002965_2026-06-29,002965,2026-06-29,2,2,RAW,M1,REAL,10,0.479426013742,4,0.9,0.100767366721,0.07,1,2026-06-29,37,2026-06-26,CAPABILITY_SCREEN_ONLY
002141_2026-06-29,002141,2026-06-29,2,2,RAW,M1,REAL,10,0.472473907548,5,0.3,0.0196078431373,0.0196078431373,0,2026-06-29,37,2026-06-26,CAPABILITY_SCREEN_ONLY
603650_2026-06-30,603650,2026-06-30,2,2,RAW,M1,REAL,10,0.529341136094,1,0.785714285714,0.0474406991261,0.0474406991261,0,2026-06-30,38,2026-06-29,CAPABILITY_SCREEN_ONLY
603956_2026-06-30,603956,2026-06-30,3,3,RAW,M1,REAL,10,0.513995366435,2,0.5,0.0395387149918,0.0395387149918,0,2026-06-30,38,2026-06-29,CAPABILITY_SCREEN_ONLY
601133_2026-06-30,601133,2026-06-30,2,2,RAW,M1,REAL,10,0.513823483757,3,0.0714285714286,-0.0627906976744,-0.0627906976744,0,2026-06-30,38,2026-06-29,CAPABILITY_SCREEN_ONLY
603155_2026-06-30,603155,2026-06-30,2,2,RAW,M1,REAL,10,0.507048720567,4,0.928571428571,0.112028725314,0.07,1,2026-06-30,38,2026-06-29,CAPABILITY_SCREEN_ONLY
603163_2026-06-30,603163,2026-06-30,2,2,RAW,M1,REAL,10,0.505650491933,5,0.214285714286,-0.0287162162162,-0.0287162162162,0,2026-06-30,38,2026-06-29,CAPABILITY_SCREEN_ONLY
002180_2026-06-30,002180,2026-06-30,2,2,RAW,M1,REAL,10,0.499244644542,6,0.357142857143,0.019452887538,0.019452887538,0,2026-06-30,38,2026-06-29,CAPABILITY_SCREEN_ONLY
002568_2026-06-30,002568,2026-06-30,2,2,RAW,M1,REAL,10,0.48427274367,7,0.642857142857,0.0430678466077,0.0430678466077,0,2026-06-30,38,2026-06-29,CAPABILITY_SCREEN_ONLY
