event_id,code,signal_date,stage_group,sample_role_v021,daily_d2open_to_d3high_return,audit_minute_d2open_to_d3high_return,target_return_daily_minus_minute,daily_d2open_to_d3close_return,audit_minute_d2open_to_d3close_return,close_return_daily_minus_minute,target7_daily_d2open_d3high,audit_minute_target7,target_label_daily_vs_minute_same,tail_loss_daily_5pct,audit_minute_tail_loss,tail_label_daily_vs_minute_same,d2_open_daily,audit_minute_d2_open,d2_open_daily_minus_minute,d3_high_daily,audit_minute_d3_high,d3_high_daily_minus_minute,d3_close_daily,audit_minute_d3_close,d3_close_daily_minus_minute,daily_label_quality_ok,daily_label_quality_reason,section,metric,value
000980_2026-05-06,000980,2026-05-06,d0,SENSITIVITY_MAY_COMPLETE,0.06666666666666687,0.0666666666666668,6.938893903907228e-17,0.03529411764705892,0.0352941176470589,2.0816681711721685e-17,False,False,True,False,False,True,2.55,2.55,0.0,2.72,2.72,0.0,2.64,2.64,0.0,True,ok,per_row,,
001266_2026-04-30,001266,2026-05-06,post,SENSITIVITY_MAY_COMPLETE,0.01836782143687521,0.0183678214368752,1.0408340855860843e-17,0.004882585445245224,0.0048825854452452,2.42861286636753e-17,False,False,True,False,False,True,43.01,43.01,0.0,43.8,43.8,0.0,43.22,43.22,0.0,True,ok,per_row,,
002645_2026-05-06,002645,2026-05-06,d0,SENSITIVITY_MAY_COMPLETE,0.05146778497903148,0.0514677849790314,8.326672684688674e-17,0.04384292794510092,0.0438429279451009,2.0816681711721685e-17,False,False,True,False,False,True,26.23,26.23,0.0,27.58,27.58,0.0,27.38,27.38,0.0,True,ok,per_row,,
600714_2026-05-06,600714,2026-05-06,d0,SENSITIVITY_MAY_COMPLETE,0.09748134328358216,0.0974813432835821,5.551115123125783e-17,0.0774253731343284,0.0774253731343284,0.0,True,True,True,False,False,True,21.44,21.44,0.0,23.53,23.53,0.0,23.1,23.1,0.0,True,ok,per_row,,
605099_2026-05-06,605099,2026-05-06,d0,SENSITIVITY_MAY_COMPLETE,0.06512477175897757,0.0651247717589775,6.938893903907228e-17,0.020693852708460136,0.0206938527084601,3.8163916471489756e-17,False,False,True,False,False,True,49.29,49.29,0.0,52.5,52.5,0.0,50.31,50.31,0.0,True,ok,per_row,,
000980_2026-05-06,000980,2026-05-07,post,SENSITIVITY_MAY_COMPLETE,0.11969111969111967,0.1196911196911196,6.938893903907228e-17,0.06949806949806958,0.0694980694980695,8.326672684688674e-17,True,True,True,False,False,True,2.59,2.59,0.0,2.9,2.9,0.0,2.77,2.77,0.0,True,ok,per_row,,
001266_2026-04-30,001266,2026-05-07,post,SENSITIVITY_MAY_COMPLETE,0.02813653136531369,0.0281365313653136,8.673617379884035e-17,0.005535055350553542,0.0055350553505535,4.163336342344337e-17,False,False,True,False,False,True,43.36,43.36,0.0,44.58,44.58,0.0,43.6,43.6,0.0,True,ok,per_row,,
002645_2026-05-06,002645,2026-05-07,post,SENSITIVITY_MAY_COMPLETE,0.15402298850574714,0.1540229885057471,2.7755575615628914e-17,0.15287356321839063,0.1528735632183906,2.7755575615628914e-17,True,True,True,False,False,True,26.1,26.1,0.0,30.12,30.12,0.0,30.09,30.09,0.0,True,ok,per_row,,
600714_2026-05-06,600714,2026-05-07,post,SENSITIVITY_MAY_COMPLETE,0.13538873994638068,0.1353887399463806,8.326672684688674e-17,0.10679177837354792,0.1067917783735479,1.3877787807814457e-17,True,True,True,False,False,True,22.38,22.38,0.0,25.41,25.41,0.0,24.77,24.77,0.0,True,ok,per_row,,
605099_2026-05-06,605099,2026-05-07,post,SENSITIVITY_MAY_COMPLETE,0.03340624378604096,0.0334062437860409,5.551115123125783e-17,0.02207198250149145,0.0220719825014914,4.85722573273506e-17,False,False,True,False,False,True,50.29,50.29,0.0,51.97,51.97,0.0,51.4,51.4,0.0,True,ok,per_row,,
000980_2026-05-06,000980,2026-05-08,post,SENSITIVITY_MAY_COMPLETE,0.06060606060606055,0.0606060606060605,5.551115123125783e-17,0.037878787878787845,0.0378787878787878,4.85722573273506e-17,False,False,True,False,False,True,2.64,2.64,0.0,2.8,2.8,0.0,2.74,2.74,0.0,True,ok,per_row,,
002217_2026-05-08,002217,2026-05-08,d0,SENSITIVITY_MAY_COMPLETE,0.022471910112359605,0.0224719101123596,6.938893903907228e-18,-0.0252808988764045,-0.0252808988764045,0.0,False,False,True,False,False,True,3.56,3.56,0.0,3.64,3.64,0.0,3.47,3.47,0.0,True,ok,per_row,,
002645_2026-05-06,002645,2026-05-08,post,SENSITIVITY_MAY_COMPLETE,0.07648320228734806,0.076483202287348,5.551115123125783e-17,0.027519656897784017,0.027519656897784,1.734723475976807e-17,True,True,True,False,False,True,27.98,27.98,0.0,30.12,30.12,0.0,28.75,28.75,0.0,True,ok,per_row,,
600714_2026-05-06,600714,2026-05-08,post,SENSITIVITY_MAY_COMPLETE,0.11515151515151523,0.1151515151515152,2.7755575615628914e-17,0.09956709956709942,0.0995670995670994,1.3877787807814457e-17,True,True,True,False,False,True,23.1,23.1,0.0,25.76,25.76,0.0,25.4,25.4,0.0,True,ok,per_row,,
605099_2026-05-06,605099,2026-05-08,post,SENSITIVITY_MAY_COMPLETE,0.021352313167259718,0.0213523131672597,1.734723475976807e-17,0.007512850929221049,0.007512850929221,4.85722573273506e-17,False,False,True,False,False,True,50.58,50.58,0.0,51.66,51.66,0.0,50.96,50.96,0.0,True,ok,per_row,,
000720_2026-05-11,000720,2026-05-11,d0,SENSITIVITY_MAY_COMPLETE,0.11586452762923338,0.1158645276292333,8.326672684688674e-17,0.11586452762923338,0.1158645276292333,8.326672684688674e-17,True,True,True,False,False,True,5.61,5.61,0.0,6.26,6.26,0.0,6.26,6.26,0.0,True,ok,per_row,,
002217_2026-05-08,002217,2026-05-11,post,SENSITIVITY_MAY_COMPLETE,0.016759776536312776,0.0167597765363127,7.632783294297951e-17,-0.011173184357541888,-0.0111731843575418,-8.847089727481716e-17,False,False,True,False,False,True,3.58,3.58,0.0,3.64,3.64,0.0,3.54,3.54,0.0,True,ok,per_row,,
600936_2026-05-11,600936,2026-05-11,d0,SENSITIVITY_MAY_COMPLETE,0.07843137254901977,0.0784313725490197,6.938893903907228e-17,0.05294117647058827,0.0529411764705882,6.938893903907228e-17,True,True,True,False,False,True,5.1,5.1,0.0,5.5,5.5,0.0,5.37,5.37,0.0,True,ok,per_row,,
603636_2026-05-11,603636,2026-05-11,d0,SENSITIVITY_MAY_COMPLETE,0.07363636363636372,0.0736363636363637,2.7755575615628914e-17,0.06545454545454543,0.0654545454545454,2.7755575615628914e-17,True,True,True,False,False,True,11.0,11.0,0.0,11.81,11.81,0.0,11.72,11.72,0.0,True,ok,per_row,,
000720_2026-05-11,000720,2026-05-12,post,SENSITIVITY_MAY_COMPLETE,0.1276978417266188,0.1276978417266188,0.0,0.04856115107913683,0.0485611510791368,3.469446951953614e-17,True,True,True,False,False,True,5.56,5.56,0.0,6.27,6.27,0.0,5.83,5.83,0.0,True,ok,per_row,,
002030_2026-05-12,002030,2026-05-12,d0,SENSITIVITY_MAY_COMPLETE,0.002949852507374562,0.0029498525073745,6.201636426617085e-17,-0.0663716814159292,-0.0663716814159292,0.0,False,False,True,True,True,True,6.78,6.78,0.0,6.8,6.8,0.0,6.33,6.33,0.0,True,ok,per_row,,
002217_2026-05-08,002217,2026-05-12,post,SENSITIVITY_MAY_COMPLETE,0.029069767441860517,0.0290697674418605,1.734723475976807e-17,-0.023255813953488413,-0.0232558139534884,-1.3877787807814457e-17,False,False,True,False,False,True,3.44,3.44,0.0,3.54,3.54,0.0,3.36,3.36,0.0,True,ok,per_row,,
600748_2026-05-12,600748,2026-05-12,d0,SENSITIVITY_MAY_COMPLETE,0.006837606837606813,0.0068376068376068,1.3010426069826053e-17,-0.04102564102564088,-0.0410256410256408,-8.326672684688674e-17,False,False,True,False,False,True,5.85,5.85,0.0,5.89,5.89,0.0,5.61,5.61,0.0,True,ok,per_row,,
600936_2026-05-11,600936,2026-05-12,post,SENSITIVITY_MAY_COMPLETE,0.15234375,0.15234375,0.0,0.046875,0.046875,0.0,True,True,True,False,False,True,5.12,5.12,0.0,5.9,5.9,0.0,5.36,5.36,0.0,True,ok,per_row,,
603636_2026-05-11,603636,2026-05-12,post,SENSITIVITY_MAY_COMPLETE,0.022927689594356204,0.0229276895943562,3.469446951953614e-18,-0.04850088183421519,-0.0485008818342151,-9.020562075079397e-17,False,False,True,False,False,True,11.34,11.34,0.0,11.6,11.6,0.0,10.79,10.79,0.0,True,ok,per_row,,
000029_2026-05-13,000029,2026-05-13,d0,SENSITIVITY_MAY_COMPLETE,0.12673937570515226,0.1267393757051522,5.551115123125783e-17,0.08725084618277545,0.0872508461827754,5.551115123125783e-17,True,True,True,False,False,True,26.59,26.59,0.0,29.96,29.96,0.0,28.91,28.91,0.0,True,ok,per_row,,
002030_2026-05-12,002030,2026-05-13,post,SENSITIVITY_MAY_COMPLETE,-0.04797601199400303,-0.047976011994003,-3.469446951953614e-17,-0.09445277361319337,-0.0944527736131933,-6.938893903907228e-17,False,False,True,True,True,True,6.67,6.67,0.0,6.35,6.35,0.0,6.04,6.04,0.0,True,ok,per_row,,
600748_2026-05-12,600748,2026-05-13,post,SENSITIVITY_MAY_COMPLETE,-0.022530329289428108,-0.0225303292894281,-6.938893903907228e-18,-0.10398613518197564,-0.1039861351819756,-4.163336342344337e-17,False,False,True,True,True,True,5.77,5.77,0.0,5.64,5.64,0.0,5.17,5.17,0.0,True,ok,per_row,,
600936_2026-05-11,600936,2026-05-13,post,SENSITIVITY_MAY_COMPLETE,0.03351955307262555,0.0335195530726255,4.85722573273506e-17,0.01862197392923637,0.0186219739292363,6.938893903907228e-17,False,False,True,False,False,True,5.37,5.37,0.0,5.55,5.55,0.0,5.47,5.47,0.0,True,ok,per_row,,
603636_2026-05-11,603636,2026-05-13,post,SENSITIVITY_MAY_COMPLETE,0.025217391304347858,0.0252173913043478,5.898059818321144e-17,-0.034782608695652195,-0.0347826086956521,-9.71445146547012e-17,False,False,True,False,False,True,11.5,11.5,0.0,11.79,11.79,0.0,11.1,11.1,0.0,True,ok,per_row,,
000029_2026-05-13,000029,2026-05-14,post,SENSITIVITY_MAY_COMPLETE,0.08130081300813008,0.08130081300813,8.326672684688674e-17,0.054082714740190996,0.0540827147401909,9.71445146547012e-17,True,True,True,False,False,True,28.29,28.29,0.0,30.59,30.59,0.0,29.82,29.82,0.0,True,ok,per_row,,
002030_2026-05-12,002030,2026-05-14,post,SENSITIVITY_MAY_COMPLETE,0.048973143759873494,0.0489731437598734,9.71445146547012e-17,0.048973143759873494,0.0489731437598734,9.71445146547012e-17,False,False,True,False,False,True,6.33,6.33,0.0,6.64,6.64,0.0,6.64,6.64,0.0,True,ok,per_row,,
600748_2026-05-12,600748,2026-05-14,post,AUDIT_ONLY_MAY_INCOMPLETE,,-0.0415913200723327,,,-0.0524412296564195,,False,False,,False,True,,5.53,5.53,0.0,,5.3,,,5.24,,False,d3_high_invalid|d3_close_invalid,per_row,,
603070_2026-05-14,603070,2026-05-14,d0,SENSITIVITY_MAY_COMPLETE,0.06832298136645942,0.0683229813664594,2.7755575615628914e-17,0.03291925465838497,0.0329192546583849,6.938893903907228e-17,False,False,True,False,False,True,16.1,16.1,0.0,17.2,17.2,0.0,16.63,16.63,0.0,True,ok,per_row,,
000029_2026-05-13,000029,2026-05-15,post,SENSITIVITY_MAY_COMPLETE,0.0738695201933035,0.0738695201933035,0.0,0.015533310321021787,0.0155333103210217,8.673617379884035e-17,True,True,True,False,False,True,28.97,28.97,0.0,31.11,31.11,0.0,29.42,29.42,0.0,True,ok,per_row,,
002782_2026-05-15,002782,2026-05-15,d0,SENSITIVITY_MAY_COMPLETE,0.0849390483680692,0.0849390483680692,0.0,0.0849390483680692,0.0849390483680692,0.0,True,True,True,False,False,True,25.43,25.43,0.0,27.59,27.59,0.0,27.59,27.59,0.0,True,ok,per_row,,
603052_2026-05-15,603052,2026-05-15,d0,SENSITIVITY_MAY_COMPLETE,-0.03154545454545454,-0.0315454545454545,-4.163336342344337e-17,-0.050000000000000044,-0.05,-4.163336342344337e-17,False,False,True,True,True,True,110.0,110.0,0.0,106.53,106.53,0.0,104.5,104.5,0.0,True,ok,per_row,,
603070_2026-05-14,603070,2026-05-15,post,SENSITIVITY_MAY_COMPLETE,0.05217391304347818,0.0521739130434781,8.326672684688674e-17,0.019254658385092993,0.0192546583850929,9.367506770274758e-17,False,False,True,False,False,True,16.1,16.1,0.0,16.94,16.94,0.0,16.41,16.41,0.0,True,ok,per_row,,
603093_2026-05-15,603093,2026-05-15,d0,SENSITIVITY_MAY_COMPLETE,0.09621380846325178,0.0962138084632517,8.326672684688674e-17,0.03919821826280612,0.0391982182628061,1.3877787807814457e-17,True,True,True,False,False,True,22.45,22.45,0.0,24.61,24.61,0.0,23.33,23.33,0.0,True,ok,per_row,,
000601_2026-05-14,000601,2026-05-18,post,SENSITIVITY_MAY_COMPLETE,0.03776041666666674,0.0377604166666667,4.163336342344337e-17,-0.05729166666666663,-0.0572916666666666,-2.7755575615628914e-17,False,False,True,True,True,True,7.68,7.68,0.0,7.97,7.97,0.0,7.24,7.24,0.0,True,ok,per_row,,
000925_2026-05-14,000925,2026-05-18,post,SENSITIVITY_MAY_COMPLETE,-0.007786429365962189,-0.0077864293659621,-8.847089727481716e-17,-0.04338153503893216,-0.0433815350389321,-6.245004513516506e-17,False,False,True,False,False,True,8.99,8.99,0.0,8.92,8.92,0.0,8.6,8.6,0.0,True,ok,per_row,,
001210_2026-05-15,001210,2026-05-18,post,SENSITIVITY_MAY_COMPLETE,0.08778625954198471,0.0877862595419847,1.3877787807814457e-17,0.07737682165163084,0.0773768216516308,4.163336342344337e-17,True,True,True,False,False,True,28.82,28.82,0.0,31.35,31.35,0.0,31.05,31.05,0.0,True,ok,per_row,,
002782_2026-05-15,002782,2026-05-18,post,SENSITIVITY_MAY_COMPLETE,0.21399999999999997,0.2139999999999999,5.551115123125783e-17,0.21399999999999997,0.2139999999999999,5.551115123125783e-17,True,True,True,False,False,True,25.0,25.0,0.0,30.35,30.35,0.0,30.35,30.35,0.0,True,ok,per_row,,
002971_2026-05-18,002971,2026-05-18,d0,SENSITIVITY_MAY_COMPLETE,0.046664909042974045,0.046664909042974,4.85722573273506e-17,-0.0034273662008964534,-0.0034273662008964,-5.334274688628682e-17,False,False,True,False,False,True,37.93,37.93,0.0,39.7,39.7,0.0,37.8,37.8,0.0,True,ok,per_row,,
600156_2026-05-15,600156,2026-05-18,post,SENSITIVITY_MAY_COMPLETE,-0.03353658536585358,-0.0335365853658535,-7.632783294297951e-17,-0.09679878048780488,-0.0967987804878048,-8.326672684688674e-17,False,False,True,True,True,True,13.12,13.12,0.0,12.68,12.68,0.0,11.85,11.85,0.0,True,ok,per_row,,
603007_2026-05-15,603007,2026-05-18,post,SENSITIVITY_MAY_COMPLETE,0.0563204005006257,0.0563204005006257,0.0,-0.06132665832290363,-0.0613266583229036,-2.7755575615628914e-17,False,False,True,True,True,True,7.99,7.99,0.0,8.44,8.44,0.0,7.5,7.5,0.0,True,ok,per_row,,
603052_2026-05-15,603052,2026-05-18,post,SENSITIVITY_MAY_COMPLETE,0.004271844660194146,0.0042718446601941,4.597017211338539e-17,-0.005922330097087425,-0.0059223300970874,-2.5153490401663703e-17,False,False,True,False,False,True,103.0,103.0,0.0,103.44,103.44,0.0,102.39,102.39,0.0,True,ok,per_row,,
603070_2026-05-14,603070,2026-05-18,post,SENSITIVITY_MAY_COMPLETE,-0.01318944844124692,-0.0131894484412469,-2.0816681711721685e-17,-0.033573141486810454,-0.0335731414868104,-5.551115123125783e-17,False,False,True,False,False,True,16.68,16.68,0.0,16.46,16.46,0.0,16.12,16.12,0.0,True,ok,per_row,,
603093_2026-05-15,603093,2026-05-18,post,SENSITIVITY_MAY_COMPLETE,-0.005046257359125339,-0.0050462573591253,-3.903127820947816e-17,-0.038687973086627525,-0.0386879730866275,-2.7755575615628914e-17,False,False,True,False,False,True,23.78,23.78,0.0,23.66,23.66,0.0,22.86,22.86,0.0,True,ok,per_row,,
603203_2026-05-14,603203,2026-05-18,post,SENSITIVITY_MAY_COMPLETE,0.1374005305039787,0.1374005305039787,0.0,0.10380194518125552,0.1038019451812555,1.3877787807814457e-17,True,True,True,False,False,True,56.55,56.55,0.0,64.32,64.32,0.0,62.42,62.42,0.0,True,ok,per_row,,
001210_2026-05-15,001210,2026-05-19,post,SENSITIVITY_MAY_COMPLETE,0.03389261744966432,0.0338926174496643,2.0816681711721685e-17,-0.016778523489932917,-0.0167785234899329,-1.734723475976807e-17,False,False,True,False,False,True,29.8,29.8,0.0,30.81,30.81,0.0,29.3,29.3,0.0,True,ok,per_row,,
002971_2026-05-18,002971,2026-05-19,post,SENSITIVITY_MAY_COMPLETE,-0.029839326702371882,-0.0298393267023718,-8.326672684688674e-17,-0.11502167814333075,-0.1150216781433307,-5.551115123125783e-17,False,False,True,True,True,True,39.21,39.21,0.0,38.04,38.04,0.0,34.7,34.7,0.0,True,ok,per_row,,
600156_2026-05-15,600156,2026-05-19,post,SENSITIVITY_MAY_COMPLETE,0.03001579778830954,0.0300157977883095,3.8163916471489756e-17,0.03001579778830954,0.0300157977883095,3.8163916471489756e-17,False,False,True,False,False,True,12.66,12.66,0.0,13.04,13.04,0.0,13.04,13.04,0.0,True,ok,per_row,,
601133_2026-05-19,601133,2026-05-19,d0,SENSITIVITY_MAY_COMPLETE,0.190651085141903,0.190651085141903,0.0,0.10617696160267132,0.1061769616026713,1.3877787807814457e-17,True,True,True,False,False,True,29.95,29.95,0.0,35.66,35.66,0.0,33.13,33.13,0.0,True,ok,per_row,,
603007_2026-05-15,603007,2026-05-19,post,SENSITIVITY_MAY_COMPLETE,-0.07322929171668668,-0.0732292917166866,-8.326672684688674e-17,-0.17166866746698672,-0.1716686674669867,-2.7755575615628914e-17,False,False,True,True,True,True,8.33,8.33,0.0,7.72,7.72,0.0,6.9,6.9,0.0,True,ok,per_row,,
603052_2026-05-15,603052,2026-05-19,post,SENSITIVITY_MAY_COMPLETE,0.02682067345340644,0.0268206734534064,4.163336342344337e-17,-0.07811276429130765,-0.0781127642913076,-4.163336342344337e-17,False,False,True,True,True,True,102.16,102.16,0.0,104.9,104.9,0.0,94.18,94.18,0.0,True,ok,per_row,,
603093_2026-05-15,603093,2026-05-19,post,SENSITIVITY_MAY_COMPLETE,0.027896995708154515,0.0278969957081545,1.3877787807814457e-17,-0.054077253218884236,-0.0540772532188842,-3.469446951953614e-17,False,False,True,True,True,True,23.3,23.3,0.0,23.95,23.95,0.0,22.04,22.04,0.0,True,ok,per_row,,
002971_2026-05-18,002971,2026-05-20,post,SENSITIVITY_MAY_COMPLETE,-0.07205298013245032,-0.0720529801324503,-1.3877787807814457e-17,-0.10092715231788085,-0.1009271523178808,-5.551115123125783e-17,False,False,True,True,True,True,37.75,37.75,0.0,35.03,35.03,0.0,33.94,33.94,0.0,True,ok,per_row,,
600758_2026-05-20,600758,2026-05-20,d0,SENSITIVITY_MAY_COMPLETE,0.01680672268907557,0.0168067226890755,6.938893903907228e-17,-0.021008403361344463,-0.0210084033613444,-6.245004513516506e-17,False,False,True,False,False,True,4.76,4.76,0.0,4.84,4.84,0.0,4.66,4.66,0.0,True,ok,per_row,,
600903_2026-05-20,600903,2026-05-20,d0,SENSITIVITY_MAY_COMPLETE,0.1453175457481164,0.1453175457481164,0.0,0.12163616792249732,0.1216361679224973,1.3877787807814457e-17,True,True,True,False,False,True,9.29,9.29,0.0,10.64,10.64,0.0,10.42,10.42,0.0,True,ok,per_row,,
603206_2026-05-20,603206,2026-05-20,d0,SENSITIVITY_MAY_COMPLETE,-0.00410888546481758,-0.0041088854648175,-7.979727989493313e-17,-0.022085259373395005,-0.022085259373395,-6.938893903907228e-18,False,False,True,False,False,True,19.47,19.47,0.0,19.39,19.39,0.0,19.04,19.04,0.0,True,ok,per_row,,
605218_2026-05-20,605218,2026-05-20,d0,SENSITIVITY_MAY_COMPLETE,-0.02014995313964385,-0.0201499531396438,-4.85722573273506e-17,-0.04873477038425489,-0.0487347703842548,-9.020562075079397e-17,False,False,True,False,False,True,21.34,21.34,0.0,20.91,20.91,0.0,20.3,20.3,0.0,True,ok,per_row,,
002782_2026-05-21,002782,2026-05-21,d0,SENSITIVITY_MAY_COMPLETE,0.03965217391304354,0.0396521739130435,4.163336342344337e-17,-0.015304347826087028,-0.015304347826087,-2.7755575615628914e-17,False,False,True,False,False,True,28.75,28.75,0.0,29.89,29.89,0.0,28.31,28.31,0.0,True,ok,per_row,,
600563_2026-05-21,600563,2026-05-21,d0,SENSITIVITY_MAY_COMPLETE,0.10362500000000008,0.103625,8.326672684688674e-17,0.07768750000000013,0.0776875000000001,2.7755575615628914e-17,True,True,True,False,False,True,160.0,160.0,0.0,176.58,176.58,0.0,172.43,172.43,0.0,True,ok,per_row,,
600758_2026-05-20,600758,2026-05-21,post,SENSITIVITY_MAY_COMPLETE,0.05543710021321946,0.0554371002132194,6.245004513516506e-17,0.0,0.0,0.0,False,False,True,False,False,True,4.69,4.69,0.0,4.95,4.95,0.0,4.69,4.69,0.0,True,ok,per_row,,
600903_2026-05-20,600903,2026-05-21,post,SENSITIVITY_MAY_COMPLETE,0.07253886010362676,0.0725388601036267,5.551115123125783e-17,0.02590673575129543,0.0259067357512954,2.7755575615628914e-17,True,True,True,False,False,True,9.65,9.65,0.0,10.35,10.35,0.0,9.9,9.9,0.0,True,ok,per_row,,
601133_2026-05-19,601133,2026-05-21,post,SENSITIVITY_MAY_COMPLETE,0.04737631184407798,0.0473763118440779,7.632783294297951e-17,0.010494752623688264,0.0104947526236882,6.418476861114186e-17,False,False,True,False,False,True,33.35,33.35,0.0,34.93,34.93,0.0,33.7,33.7,0.0,True,ok,per_row,,
603206_2026-05-20,603206,2026-05-21,post,SENSITIVITY_MAY_COMPLETE,0.06964656964656957,0.0696465696465695,6.938893903907228e-17,0.04625779625779636,0.0462577962577963,5.551115123125783e-17,False,False,True,False,False,True,19.24,19.24,0.0,20.58,20.58,0.0,20.13,20.13,0.0,True,ok,per_row,,
603938_2026-05-21,603938,2026-05-21,d0,SENSITIVITY_MAY_COMPLETE,-0.04166666666666674,-0.0416666666666667,-4.163336342344337e-17,-0.07928240740740755,-0.0792824074074075,-5.551115123125783e-17,False,False,True,True,True,True,51.84,51.84,0.0,49.68,49.68,0.0,47.73,47.73,0.0,True,ok,per_row,,
605218_2026-05-20,605218,2026-05-21,post,AUDIT_ONLY_MAY_INCOMPLETE,,-0.0358851674641148,,,-0.0468899521531098,,False,False,,False,False,,20.9,20.9,0.0,,20.15,,,19.92,,False,d3_high_invalid|d3_close_invalid,per_row,,
002782_2026-05-21,002782,2026-05-22,post,SENSITIVITY_MAY_COMPLETE,0.021820661438799904,0.0218206614387999,3.469446951953614e-18,-0.026934878963518538,-0.0269348789635185,-3.8163916471489756e-17,False,False,True,False,False,True,29.33,29.33,0.0,29.97,29.97,0.0,28.54,28.54,0.0,True,ok,per_row,,
003004_2026-05-22,003004,2026-05-22,d0,SENSITIVITY_MAY_COMPLETE,0.12680115273775217,0.1268011527377521,5.551115123125783e-17,0.12680115273775217,0.1268011527377521,5.551115123125783e-17,True,True,True,False,False,True,48.58,48.58,0.0,54.74,54.74,0.0,54.74,54.74,0.0,True,ok,per_row,,
600758_2026-05-20,600758,2026-05-22,post,SENSITIVITY_MAY_COMPLETE,-0.07910750507099384,-0.0791075050709938,-4.163336342344337e-17,-0.14401622718052742,-0.1440162271805274,-2.7755575615628914e-17,False,False,True,True,True,True,4.93,4.93,0.0,4.54,4.54,0.0,4.22,4.22,0.0,True,ok,per_row,,
600903_2026-05-20,600903,2026-05-22,post,SENSITIVITY_MAY_COMPLETE,0.039682539682539764,0.0396825396825397,6.245004513516506e-17,-0.004960317460317554,-0.0049603174603175,-5.377642775528102e-17,False,False,True,False,False,True,10.08,10.08,0.0,10.48,10.48,0.0,10.03,10.03,0.0,True,ok,per_row,,
603206_2026-05-20,603206,2026-05-22,post,SENSITIVITY_MAY_COMPLETE,0.07485503426462836,0.0748550342646283,5.551115123125783e-17,0.03742751713231418,0.0374275171323141,8.326672684688674e-17,True,True,True,False,False,True,18.97,18.97,0.0,20.39,20.39,0.0,19.68,19.68,0.0,True,ok,per_row,,
603938_2026-05-21,603938,2026-05-22,post,SENSITIVITY_MAY_COMPLETE,-0.05797101449275366,-0.0579710144927536,-5.551115123125783e-17,-0.11714975845410625,-0.1171497584541062,-4.163336342344337e-17,False,False,True,True,True,True,49.68,49.68,0.0,46.8,46.8,0.0,43.86,43.86,0.0,True,ok,per_row,,
605218_2026-05-20,605218,2026-05-22,post,AUDIT_ONLY_MAY_INCOMPLETE,,-0.0173697270471463,,,-0.0506203473945409,,False,False,,False,True,,,20.15,,,19.8,,,19.13,,False,d2_no_bar_without_proof(exp=2026-05-25)|d3_no_bar_without_proof(exp=2026-05-26)|d2_open_invalid|d3_high_invalid|d3_close_invalid,per_row,,
000012_2026-05-25,000012,2026-05-25,d0,SENSITIVITY_MAY_COMPLETE,0.06178489702517154,0.0617848970251715,3.469446951953614e-17,0.01830663615560635,0.0183066361556063,4.85722573273506e-17,False,False,True,False,False,True,4.37,4.37,0.0,4.64,4.64,0.0,4.45,4.45,0.0,True,ok,per_row,,
000725_2026-05-25,000725,2026-05-25,d0,SENSITIVITY_MAY_COMPLETE,0.16666666666666674,0.1666666666666667,2.7755575615628914e-17,0.09578544061302674,0.0957854406130267,4.163336342344337e-17,True,True,True,False,False,True,5.22,5.22,0.0,6.09,6.09,0.0,5.72,5.72,0.0,True,ok,per_row,,
002442_2026-05-25,002442,2026-05-25,d0,SENSITIVITY_MAY_COMPLETE,0.002512562814070307,0.0025125628140703,6.938893903907228e-18,-0.08291457286432158,-0.0829145728643215,-8.326672684688674e-17,False,False,True,True,True,True,7.96,7.96,0.0,7.98,7.98,0.0,7.3,7.3,0.0,True,ok,per_row,,
002782_2026-05-21,002782,2026-05-25,post,SENSITIVITY_MAY_COMPLETE,0.11138790035587176,0.1113879003558717,5.551115123125783e-17,0.07259786476868313,0.0725978647686831,2.7755575615628914e-17,True,True,True,False,False,True,28.1,28.1,0.0,31.23,31.23,0.0,30.14,30.14,0.0,True,ok,per_row,,
003004_2026-05-22,003004,2026-05-25,post,SENSITIVITY_MAY_COMPLETE,0.2206896551724138,0.2206896551724138,0.0,0.11379310344827576,0.1137931034482757,5.551115123125783e-17,True,True,True,False,False,True,49.3,49.3,0.0,60.18,60.18,0.0,54.91,54.91,0.0,True,ok,per_row,,
600563_2026-05-21,600563,2026-05-25,post,SENSITIVITY_MAY_COMPLETE,0.05215419501133778,0.0521541950113377,7.632783294297951e-17,0.016648764769065405,0.0166487647690654,3.469446951953614e-18,False,False,True,False,False,True,167.58,167.58,0.0,176.32,176.32,0.0,170.37,170.37,0.0,True,ok,per_row,,
603938_2026-05-21,603938,2026-05-25,post,SENSITIVITY_MAY_COMPLETE,-0.036351903635190475,-0.0363519036351904,-7.632783294297951e-17,-0.08367390836739086,-0.0836739083673908,-5.551115123125783e-17,False,False,True,True,True,True,46.49,46.49,0.0,44.8,44.8,0.0,42.6,42.6,0.0,True,ok,per_row,,
000012_2026-05-25,000012,2026-05-26,post,SENSITIVITY_MAY_COMPLETE,0.038812785388127935,0.0388127853881279,3.469446951953614e-17,0.0,0.0,0.0,False,False,True,False,False,True,4.38,4.38,0.0,4.55,4.55,0.0,4.38,4.38,0.0,True,ok,per_row,,
000725_2026-05-25,000725,2026-05-26,post,SENSITIVITY_MAY_COMPLETE,-0.0034482758620688614,-0.0034482758620688,-6.158268339717665e-17,-0.020689655172413834,-0.0206896551724138,-3.469446951953614e-17,False,False,True,False,False,True,5.8,5.8,0.0,5.78,5.78,0.0,5.68,5.68,0.0,True,ok,per_row,,
002421_2026-05-26,002421,2026-05-26,d0,SENSITIVITY_MAY_COMPLETE,0.05531914893617018,0.0553191489361701,8.326672684688674e-17,-0.02765957446808509,-0.027659574468085,-9.020562075079397e-17,False,False,True,False,False,True,4.7,4.7,0.0,4.96,4.96,0.0,4.57,4.57,0.0,True,ok,per_row,,
002442_2026-05-25,002442,2026-05-26,post,SENSITIVITY_MAY_COMPLETE,-0.03883495145631066,-0.0388349514563106,-6.245004513516506e-17,-0.08876560332871009,-0.08876560332871,-8.326672684688674e-17,False,False,True,True,True,True,7.21,7.21,0.0,6.93,6.93,0.0,6.57,6.57,0.0,True,ok,per_row,,
002741_2026-05-26,002741,2026-05-26,d0,SENSITIVITY_MAY_COMPLETE,0.12046026609133409,0.120460266091334,8.326672684688674e-17,0.12046026609133409,0.120460266091334,8.326672684688674e-17,True,True,True,False,False,True,27.81,27.81,0.0,31.16,31.16,0.0,31.16,31.16,0.0,True,ok,per_row,,
002897_2026-05-26,002897,2026-05-26,d0,SENSITIVITY_MAY_COMPLETE,0.027457710223093734,0.0274577102230937,3.469446951953614e-17,-0.012625643540083331,-0.0126256435400833,-3.122502256758253e-17,False,False,True,False,False,True,81.58,81.58,0.0,83.82,83.82,0.0,80.55,80.55,0.0,True,ok,per_row,,
002938_2026-05-26,002938,2026-05-26,d0,SENSITIVITY_MAY_COMPLETE,-0.022413793103448265,-0.0224137931034482,-6.591949208711867e-17,-0.038112522686025385,-0.0381125226860253,-8.326672684688674e-17,False,False,True,False,False,True,110.2,110.2,0.0,107.73,107.73,0.0,106.0,106.0,0.0,True,ok,per_row,,
002975_2026-05-26,002975,2026-05-26,d0,SENSITIVITY_MAY_COMPLETE,0.06520704426463597,0.0652070442646359,6.938893903907228e-17,0.06520704426463597,0.0652070442646359,6.938893903907228e-17,False,False,True,False,False,True,126.06,126.06,0.0,134.28,134.28,0.0,134.28,134.28,0.0,True,ok,per_row,,
002980_2026-05-26,002980,2026-05-26,d0,SENSITIVITY_MAY_COMPLETE,0.05747229979281143,0.0574722997928114,3.469446951953614e-17,0.02333123142059268,0.0233312314205926,7.979727989493313e-17,False,False,True,False,False,True,111.01,111.01,0.0,117.39,117.39,0.0,113.6,113.6,0.0,True,ok,per_row,,
600186_2026-05-26,600186,2026-05-26,d0,SENSITIVITY_MAY_COMPLETE,-0.12433661865049273,-0.1243366186504927,-2.7755575615628914e-17,-0.16982562547384383,-0.1698256254738438,-2.7755575615628914e-17,False,False,True,True,True,True,13.19,13.19,0.0,11.55,11.55,0.0,10.95,10.95,0.0,True,ok,per_row,,
600234_2026-05-26,600234,2026-05-26,d0,SENSITIVITY_MAY_COMPLETE,-0.08809683927370537,-0.0880968392737053,-6.938893903907228e-17,-0.11566913248150634,-0.1156691324815063,-4.163336342344337e-17,False,False,True,True,True,True,29.74,29.74,0.0,27.12,27.12,0.0,26.3,26.3,0.0,True,ok,per_row,,
600503_2026-05-26,600503,2026-05-26,d0,SENSITIVITY_MAY_COMPLETE,0.03214285714285725,0.0321428571428572,4.85722573273506e-17,-0.03571428571428559,-0.0357142857142855,-9.020562075079397e-17,False,False,True,False,False,True,2.8,2.8,0.0,2.89,2.89,0.0,2.7,2.7,0.0,True,ok,per_row,,
603001_2026-05-26,603001,2026-05-26,d0,SENSITIVITY_MAY_COMPLETE,0.0009433962264151496,0.0009433962264151,4.96564594998361e-17,-0.031132075471698162,-0.0311320754716981,-6.245004513516506e-17,False,False,True,False,False,True,10.6,10.6,0.0,10.61,10.61,0.0,10.27,10.27,0.0,True,ok,per_row,,
603661_2026-05-26,603661,2026-05-26,d0,SENSITIVITY_MAY_COMPLETE,-0.007780979827089474,-0.0077809798270894,-7.37257477290143e-17,-0.050432276657060515,-0.0504322766570605,-1.3877787807814457e-17,False,False,True,True,True,True,34.7,34.7,0.0,34.43,34.43,0.0,32.95,32.95,0.0,True,ok,per_row,,
605580_2026-05-26,605580,2026-05-26,d0,SENSITIVITY_MAY_COMPLETE,0.12719999999999998,0.1271999999999999,8.326672684688674e-17,0.12719999999999998,0.1271999999999999,8.326672684688674e-17,True,True,True,False,False,True,25.0,25.0,0.0,28.18,28.18,0.0,28.18,28.18,0.0,True,ok,per_row,,
000012_2026-05-25,000012,2026-05-27,post,SENSITIVITY_MAY_COMPLETE,0.013729977116704761,0.0137299771167047,6.071532165918825e-17,-0.07322654462242573,-0.0732265446224257,-2.7755575615628914e-17,False,False,True,True,True,True,4.37,4.37,0.0,4.43,4.43,0.0,4.05,4.05,0.0,True,ok,per_row,,
000725_2026-05-25,000725,2026-05-27,post,SENSITIVITY_MAY_COMPLETE,-0.013986013986013957,-0.0139860139860139,-5.724587470723463e-17,-0.10664335664335656,-0.1066433566433565,-5.551115123125783e-17,False,False,True,True,True,True,5.72,5.72,0.0,5.64,5.64,0.0,5.11,5.11,0.0,True,ok,per_row,,
002185_2026-05-27,002185,2026-05-27,d0,SENSITIVITY_MAY_COMPLETE,0.06699751861042191,0.0669975186104219,1.3877787807814457e-17,-0.04019851116625306,-0.040198511166253,-6.245004513516506e-17,False,False,True,False,False,True,20.15,20.15,0.0,21.5,21.5,0.0,19.34,19.34,0.0,True,ok,per_row,,
002421_2026-05-26,002421,2026-05-27,post,SENSITIVITY_MAY_COMPLETE,0.141509433962264,0.141509433962264,0.0,-0.030660377358490587,-0.0306603773584905,-8.673617379884035e-17,True,True,True,False,False,True,4.24,4.24,0.0,4.84,4.84,0.0,4.11,4.11,0.0,True,ok,per_row,,
002442_2026-05-25,002442,2026-05-27,post,SENSITIVITY_MAY_COMPLETE,-0.09523809523809523,-0.0952380952380952,-2.7755575615628914e-17,-0.1471861471861471,-0.1471861471861471,0.0,False,False,True,True,True,True,6.93,6.93,0.0,6.27,6.27,0.0,5.91,5.91,0.0,True,ok,per_row,,
002741_2026-05-26,002741,2026-05-27,post,SENSITIVITY_MAY_COMPLETE,0.051724137931034475,0.0517241379310344,7.632783294297951e-17,-0.004827586206896606,-0.0048275862068966,-6.071532165918825e-18,False,False,True,False,False,True,29.0,29.0,0.0,30.5,30.5,0.0,28.86,28.86,0.0,True,ok,per_row,,
002897_2026-05-26,002897,2026-05-27,post,SENSITIVITY_MAY_COMPLETE,0.07787723785166234,0.0778772378516623,4.163336342344337e-17,-0.01662404092071612,-0.0166240409207161,-2.0816681711721685e-17,True,True,True,False,False,True,78.2,78.2,0.0,84.29,84.29,0.0,76.9,76.9,0.0,True,ok,per_row,,
002938_2026-05-26,002938,2026-05-27,post,SENSITIVITY_MAY_COMPLETE,0.05677141788252893,0.0567714178825289,2.7755575615628914e-17,-0.017863823419378977,-0.0178638234193789,-7.632783294297951e-17,False,False,True,False,False,True,106.92,106.92,0.0,112.99,112.99,0.0,105.01,105.01,0.0,True,ok,per_row,,
002975_2026-05-26,002975,2026-05-27,post,SENSITIVITY_MAY_COMPLETE,0.21692206294282435,0.2169220629428243,5.551115123125783e-17,0.18882847256549695,0.1888284725654969,5.551115123125783e-17,True,True,True,False,False,True,121.38,121.38,0.0,147.71,147.71,0.0,144.3,144.3,0.0,True,ok,per_row,,
002980_2026-05-26,002980,2026-05-27,post,SENSITIVITY_MAY_COMPLETE,-0.007155635062611854,-0.0071556350626118,-5.377642775528102e-17,-0.06959706959706957,-0.0695970695970695,-6.938893903907228e-17,False,False,True,True,True,True,117.39,117.39,0.0,116.55,116.55,0.0,109.22,109.22,0.0,True,ok,per_row,,
600172_2026-05-27,600172,2026-05-27,d0,SENSITIVITY_MAY_COMPLETE,0.21482602118003014,0.2148260211800301,2.7755575615628914e-17,0.06505295007564293,0.0650529500756429,2.7755575615628914e-17,True,True,True,False,False,True,13.22,13.22,0.0,16.06,16.06,0.0,14.08,14.08,0.0,True,ok,per_row,,
600186_2026-05-26,600186,2026-05-27,post,SENSITIVITY_MAY_COMPLETE,-0.024756852343059355,-0.0247568523430593,-5.551115123125783e-17,-0.10256410256410253,-0.1025641025641025,-2.7755575615628914e-17,False,False,True,True,True,True,11.31,11.31,0.0,11.03,11.03,0.0,10.15,10.15,0.0,True,ok,per_row,,
600234_2026-05-26,600234,2026-05-27,post,SENSITIVITY_MAY_COMPLETE,-0.019911504424778848,-0.0199115044247788,-4.85722573273506e-17,-0.03687315634218291,-0.0368731563421829,-1.3877787807814457e-17,False,False,True,False,False,True,27.12,27.12,0.0,26.58,26.58,0.0,26.12,26.12,0.0,True,ok,per_row,,
600503_2026-05-26,600503,2026-05-27,post,SENSITIVITY_MAY_COMPLETE,0.08148148148148149,0.0814814814814814,8.326672684688674e-17,-0.0185185185185186,-0.0185185185185186,0.0,True,True,True,False,False,True,2.7,2.7,0.0,2.92,2.92,0.0,2.65,2.65,0.0,True,ok,per_row,,
600520_2026-05-27,600520,2026-05-27,d0,SENSITIVITY_MAY_COMPLETE,0.0330961954840705,0.0330961954840705,0.0,-0.03433343643674602,-0.034333436436746,-2.0816681711721685e-17,False,False,True,False,False,True,32.33,32.33,0.0,33.4,33.4,0.0,31.22,31.22,0.0,True,ok,per_row,,
603001_2026-05-26,603001,2026-05-27,post,SENSITIVITY_MAY_COMPLETE,-0.0028409090909091717,-0.0028409090909091,-7.155734338404329e-17,-0.042613636363636465,-0.0426136363636364,-6.245004513516506e-17,False,False,True,False,False,True,10.56,10.56,0.0,10.53,10.53,0.0,10.11,10.11,0.0,True,ok,per_row,,
603661_2026-05-26,603661,2026-05-27,post,SENSITIVITY_MAY_COMPLETE,0.12382190445238872,0.1238219044523887,1.3877787807814457e-17,0.01527461813454667,0.0152746181345466,6.938893903907228e-17,True,True,True,False,False,True,30.77,30.77,0.0,34.58,34.58,0.0,31.24,31.24,0.0,True,ok,per_row,,
605580_2026-05-26,605580,2026-05-27,post,SENSITIVITY_MAY_COMPLETE,0.21568627450980382,0.2156862745098038,2.7755575615628914e-17,0.18784313725490187,0.1878431372549018,8.326672684688674e-17,True,True,True,False,False,True,25.5,25.5,0.0,31.0,31.0,0.0,30.29,30.29,0.0,True,ok,per_row,,
000759_2026-05-28,000759,2026-05-28,d0,SENSITIVITY_MAY_COMPLETE,0.07719298245614037,0.0771929824561403,6.938893903907228e-17,0.04912280701754401,0.049122807017544,1.3877787807814457e-17,True,True,True,False,False,True,5.7,5.7,0.0,6.14,6.14,0.0,5.98,5.98,0.0,True,ok,per_row,,
001257_2026-05-28,001257,2026-05-28,d0,SENSITIVITY_MAY_COMPLETE,-0.06767712372224188,-0.0676771237222418,-8.326672684688674e-17,-0.12195981670778999,-0.1219598167077899,-9.71445146547012e-17,False,False,True,True,True,True,28.37,28.37,0.0,26.45,26.45,0.0,24.91,24.91,0.0,True,ok,per_row,,
002185_2026-05-27,002185,2026-05-28,post,SENSITIVITY_MAY_COMPLETE,-0.03796867584243002,-0.03796867584243,-2.0816681711721685e-17,-0.12529663028001903,-0.125296630280019,-2.7755575615628914e-17,False,False,True,True,True,True,21.07,21.07,0.0,20.27,20.27,0.0,18.43,18.43,0.0,True,ok,per_row,,
002251_2026-05-28,002251,2026-05-28,d0,SENSITIVITY_MAY_COMPLETE,0.1685393258426966,0.1685393258426966,0.0,0.12359550561797739,0.1235955056179773,8.326672684688674e-17,True,True,True,False,False,True,4.45,4.45,0.0,5.2,5.2,0.0,5.0,5.0,0.0,True,ok,per_row,,
002421_2026-05-26,002421,2026-05-28,post,SENSITIVITY_MAY_COMPLETE,0.0022172949002217113,0.0022172949002217,1.1275702593849246e-17,0.0022172949002217113,0.0022172949002217,1.1275702593849246e-17,False,False,True,False,False,True,4.51,4.51,0.0,4.52,4.52,0.0,4.52,4.52,0.0,True,ok,per_row,,
002741_2026-05-26,002741,2026-05-28,post,SENSITIVITY_MAY_COMPLETE,-0.03947368421052633,-0.0394736842105263,-2.7755575615628914e-17,-0.10032894736842102,-0.100328947368421,-1.3877787807814457e-17,False,False,True,True,True,True,30.4,30.4,0.0,29.2,29.2,0.0,27.35,27.35,0.0,True,ok,per_row,,
002771_2026-05-28,002771,2026-05-28,d0,SENSITIVITY_MAY_COMPLETE,0.09433962264150941,0.0943396226415094,1.3877787807814457e-17,0.0821667681071212,0.0821667681071212,0.0,True,True,True,False,False,True,16.43,16.43,0.0,17.98,17.98,0.0,17.78,17.78,0.0,True,ok,per_row,,
002897_2026-05-26,002897,2026-05-28,post,SENSITIVITY_MAY_COMPLETE,0.03740278977903966,0.0374027897790396,5.551115123125783e-17,-0.010245648685347497,-0.0102456486853474,-9.71445146547012e-17,False,False,True,False,False,True,81.01,81.01,0.0,84.04,84.04,0.0,80.18,80.18,0.0,True,ok,per_row,,
002938_2026-05-26,002938,2026-05-28,post,SENSITIVITY_MAY_COMPLETE,0.04565237521992782,0.0456523752199278,2.0816681711721685e-17,-0.04305954255023603,-0.043059542550236,-2.7755575615628914e-17,False,False,True,False,False,True,107.99,107.99,0.0,112.92,112.92,0.0,103.34,103.34,0.0,True,ok,per_row,,
002980_2026-05-26,002980,2026-05-28,post,SENSITIVITY_MAY_COMPLETE,-0.055853363306242354,-0.0558533633062423,-5.551115123125783e-17,-0.11871001210444398,-0.1187100121044439,-8.326672684688674e-17,False,False,True,True,True,True,115.66,115.66,0.0,109.2,109.2,0.0,101.93,101.93,0.0,True,ok,per_row,,
600186_2026-05-26,600186,2026-05-28,post,SENSITIVITY_MAY_COMPLETE,-0.0009259259259261077,-0.0009259259259261,-7.697835424647081e-18,-0.08888888888888902,-0.088888888888889,-1.3877787807814457e-17,False,False,True,True,True,True,10.8,10.8,0.0,10.79,10.79,0.0,9.84,9.84,0.0,True,ok,per_row,,
600234_2026-05-26,600234,2026-05-28,post,SENSITIVITY_MAY_COMPLETE,0.02033132530120496,0.0203313253012049,6.245004513516506e-17,-0.033885542168674676,-0.0338855421686746,-7.632783294297951e-17,False,False,True,False,False,True,26.56,26.56,0.0,27.1,27.1,0.0,25.66,25.66,0.0,True,ok,per_row,,
600503_2026-05-26,600503,2026-05-28,post,SENSITIVITY_MAY_COMPLETE,0.03180212014134276,0.0318021201413427,6.245004513516506e-17,0.03180212014134276,0.0318021201413427,6.245004513516506e-17,False,False,True,False,False,True,2.83,2.83,0.0,2.92,2.92,0.0,2.92,2.92,0.0,True,ok,per_row,,
600520_2026-05-27,600520,2026-05-28,post,SENSITIVITY_MAY_COMPLETE,-0.04192872117400426,-0.0419287211740042,-5.551115123125783e-17,-0.09493860437256674,-0.0949386043725667,-4.163336342344337e-17,False,False,True,True,True,True,33.39,33.39,0.0,31.99,31.99,0.0,30.22,30.22,0.0,True,ok,per_row,,
603001_2026-05-26,603001,2026-05-28,post,SENSITIVITY_MAY_COMPLETE,0.07961165048543672,0.0796116504854367,2.7755575615628914e-17,-0.03495145631067975,-0.0349514563106797,-4.85722573273506e-17,True,True,True,False,False,True,10.3,10.3,0.0,11.12,11.12,0.0,9.94,9.94,0.0,True,ok,per_row,,
603661_2026-05-26,603661,2026-05-28,post,SENSITIVITY_MAY_COMPLETE,-0.05186289120715348,-0.0518628912071534,-8.326672684688674e-17,-0.06438152011922493,-0.0643815201192249,-2.7755575615628914e-17,False,False,True,True,True,True,33.55,33.55,0.0,31.81,31.81,0.0,31.39,31.39,0.0,True,ok,per_row,,
000759_2026-05-28,000759,2026-05-29,post,SENSITIVITY_MAY_COMPLETE,0.060869565217391175,0.0608695652173911,7.632783294297951e-17,0.019130434782608674,0.0191304347826086,7.28583859910259e-17,False,False,True,False,False,True,5.75,5.75,0.0,6.1,6.1,0.0,5.86,5.86,0.0,True,ok,per_row,,
001257_2026-05-28,001257,2026-05-29,post,SENSITIVITY_MAY_COMPLETE,0.03050983540746688,0.0305098354074668,7.979727989493313e-17,0.009233239662786108,0.0092332396627861,8.673617379884035e-18,False,False,True,False,False,True,24.91,24.91,0.0,25.67,25.67,0.0,25.14,25.14,0.0,True,ok,per_row,,
002185_2026-05-27,002185,2026-05-29,post,SENSITIVITY_MAY_COMPLETE,-0.05089058524173029,-0.0508905852417302,-9.020562075079397e-17,-0.06717557251908401,-0.067175572519084,-1.3877787807814457e-17,False,False,True,True,True,True,19.65,19.65,0.0,18.65,18.65,0.0,18.33,18.33,0.0,True,ok,per_row,,
002579_2026-05-29,002579,2026-05-29,d0,SENSITIVITY_MAY_COMPLETE,0.1958525345622122,0.1958525345622122,0.0,0.1958525345622122,0.1958525345622122,0.0,True,True,True,False,False,True,17.36,17.36,0.0,20.76,20.76,0.0,20.76,20.76,0.0,True,ok,per_row,,
002771_2026-05-28,002771,2026-05-29,post,SENSITIVITY_MAY_COMPLETE,0.04056437389770706,0.040564373897707,6.245004513516506e-17,0.007054673721340166,0.0070546737213401,6.591949208711867e-17,False,False,True,False,False,True,17.01,17.01,0.0,17.7,17.7,0.0,17.13,17.13,0.0,True,ok,per_row,,
600172_2026-05-27,600172,2026-05-29,post,SENSITIVITY_MAY_COMPLETE,0.031205673758865293,0.0312056737588652,9.367506770274758e-17,-0.014184397163120477,-0.0141843971631204,-7.632783294297951e-17,False,False,True,False,False,True,14.1,14.1,0.0,14.54,14.54,0.0,13.9,13.9,0.0,True,ok,per_row,,
600520_2026-05-27,600520,2026-05-29,post,SENSITIVITY_MAY_COMPLETE,-0.01204427083333326,-0.0120442708333332,-5.898059818321144e-17,-0.056640625,-0.056640625,0.0,False,False,True,True,True,True,30.72,30.72,0.0,30.35,30.35,0.0,28.98,28.98,0.0,True,ok,per_row,,
603032_2026-05-29,603032,2026-05-29,d0,SENSITIVITY_MAY_COMPLETE,0.0023781212841853527,0.0023781212841853,5.2909066017292616e-17,-0.02576298057867621,-0.0257629805786762,-1.0408340855860843e-17,False,False,True,False,False,True,25.23,25.23,0.0,25.29,25.29,0.0,24.58,24.58,0.0,True,ok,per_row,,
000090_2026-06-01,000090,2026-06-01,d0,EXCLUDED_QUALITY,,-0.0263852242744063,,,-0.0527704485488127,,False,False,,False,True,,3.79,3.79,0.0,,3.69,,,3.59,,False,d3_high_invalid|d3_close_invalid,per_row,,
000759_2026-05-28,000759,2026-06-01,post,TRAIN_PRIMARY,-0.01680672268907568,-0.0168067226890756,-8.326672684688674e-17,-0.03361344537815125,-0.0336134453781512,-5.551115123125783e-17,False,False,True,False,False,True,5.95,5.95,0.0,5.85,5.85,0.0,5.75,5.75,0.0,True,ok,per_row,,
001257_2026-05-28,001257,2026-06-01,post,TRAIN_PRIMARY,0.035600000000000076,0.0356,7.632783294297951e-17,0.014000000000000012,0.014,1.214306433183765e-17,False,False,True,False,False,True,25.0,25.0,0.0,25.89,25.89,0.0,25.35,25.35,0.0,True,ok,per_row,,
002251_2026-05-28,002251,2026-06-01,post,TRAIN_PRIMARY,0.022680412371134162,0.0226804123711341,6.245004513516506e-17,-0.0020618556701030855,-0.002061855670103,-8.543513119185775e-17,False,False,True,False,False,True,4.85,4.85,0.0,4.96,4.96,0.0,4.84,4.84,0.0,True,ok,per_row,,
002771_2026-05-28,002771,2026-06-01,post,TRAIN_PRIMARY,0.0023134759976863872,0.0023134759976863,8.716985466783456e-17,-0.03181029496818977,-0.0318102949681897,-6.938893903907228e-17,False,False,True,False,False,True,17.29,17.29,0.0,17.33,17.33,0.0,16.74,16.74,0.0,True,ok,per_row,,
002806_2026-06-01,002806,2026-06-01,d0,TRAIN_PRIMARY,0.14932126696832593,0.1493212669683259,2.7755575615628914e-17,0.06334841628959276,0.0633484162895927,5.551115123125783e-17,True,True,True,False,False,True,17.68,17.68,0.0,20.32,20.32,0.0,18.8,18.8,0.0,True,ok,per_row,,
600110_2026-06-01,600110,2026-06-01,d0,TRAIN_PRIMARY,0.0451559934318555,0.0451559934318555,0.0,-0.011494252873563315,-0.0114942528735633,-1.5612511283791264e-17,False,False,True,False,False,True,12.18,12.18,0.0,12.73,12.73,0.0,12.04,12.04,0.0,True,ok,per_row,,
603032_2026-05-29,603032,2026-06-01,post,TRAIN_PRIMARY,0.07642276422764227,0.0764227642276422,6.938893903907228e-17,0.025609756097561,0.025609756097561,0.0,True,True,True,False,False,True,24.6,24.6,0.0,26.48,26.48,0.0,25.23,25.23,0.0,True,ok,per_row,,
603324_2026-06-01,603324,2026-06-01,d0,TRAIN_PRIMARY,0.022403875264910722,0.0224038752649107,2.0816681711721685e-17,-0.016651528913109392,-0.0166515289131093,-9.367506770274758e-17,False,False,True,False,False,True,33.03,33.03,0.0,33.77,33.77,0.0,32.48,32.48,0.0,True,ok,per_row,,
000090_2026-06-01,000090,2026-06-02,post,EXCLUDED_QUALITY,,0.0,,,-0.0434782608695653,,False,False,,False,False,,,3.68,,,3.68,,,3.52,,False,d2_no_bar_without_proof(exp=2026-06-03)|d3_no_bar_without_proof(exp=2026-06-04)|d2_open_invalid|d3_high_invalid|d3_close_invalid,per_row,,
002608_2026-06-02,002608,2026-06-02,d0,TRAIN_PRIMARY,0.09899999999999998,0.0989999999999999,8.326672684688674e-17,0.050000000000000044,0.05,4.163336342344337e-17,True,True,True,False,False,True,10.0,10.0,0.0,10.99,10.99,0.0,10.5,10.5,0.0,True,ok,per_row,,
600011_2026-06-02,600011,2026-06-02,d0,TRAIN_PRIMARY,0.02604756511891293,0.0260475651189129,3.122502256758253e-17,-0.009060022650056676,-0.0090600226500566,-7.632783294297951e-17,False,False,True,False,False,True,8.83,8.83,0.0,9.06,9.06,0.0,8.75,8.75,0.0,True,ok,per_row,,
600110_2026-06-01,600110,2026-06-02,post,TRAIN_PRIMARY,0.03298611111111116,0.0329861111111111,6.245004513516506e-17,0.0017361111111111605,0.0017361111111111,6.049848122469115e-17,False,False,True,False,False,True,11.52,11.52,0.0,11.9,11.9,0.0,11.54,11.54,0.0,True,ok,per_row,,
603032_2026-05-29,603032,2026-06-02,post,TRAIN_PRIMARY,0.0475000000000001,0.0475000000000001,0.0,0.006666666666666599,0.0066666666666665,9.8879238130678e-17,False,False,True,False,False,True,24.0,24.0,0.0,25.14,25.14,0.0,24.16,24.16,0.0,True,ok,per_row,,
603324_2026-06-01,603324,2026-06-02,post,TRAIN_PRIMARY,-0.005496183206106897,-0.0054961832061068,-9.71445146547012e-17,-0.0415267175572519,-0.0415267175572519,0.0,False,False,True,False,False,True,32.75,32.75,0.0,32.57,32.57,0.0,31.39,31.39,0.0,True,ok,per_row,,
000055_2026-06-03,000055,2026-06-03,d0,TRAIN_PRIMARY,0.0,0.0,0.0,-0.05655526992287918,-0.0565552699228791,-8.326672684688674e-17,False,False,True,True,True,True,3.89,3.89,0.0,3.89,3.89,0.0,3.67,3.67,0.0,True,ok,per_row,,
001210_2026-06-03,001210,2026-06-03,d0,TRAIN_PRIMARY,-0.24455753463387053,-0.2445575346338705,-2.7755575615628914e-17,-0.2951653944020356,-0.2951653944020356,0.0,False,False,True,True,True,True,35.37,35.37,0.0,26.72,26.72,0.0,24.93,24.93,0.0,True,ok,per_row,,
002404_2026-06-03,002404,2026-06-03,d0,TRAIN_PRIMARY,0.029931972789115635,0.0299319727891156,3.469446951953614e-17,-0.017687074829931926,-0.0176870748299319,-2.42861286636753e-17,False,False,True,False,False,True,7.35,7.35,0.0,7.57,7.57,0.0,7.22,7.22,0.0,True,ok,per_row,,
002421_2026-06-03,002421,2026-06-03,d0,TRAIN_PRIMARY,0.06981519507186862,0.0698151950718686,1.3877787807814457e-17,0.06981519507186862,0.0698151950718686,1.3877787807814457e-17,False,False,True,False,False,True,4.87,4.87,0.0,5.21,5.21,0.0,5.21,5.21,0.0,True,ok,per_row,,
002579_2026-06-03,002579,2026-06-03,d0,TRAIN_PRIMARY,0.05402542372881358,0.0540254237288135,8.326672684688674e-17,-0.010063559322033733,-0.0100635593220337,-3.2959746043559335e-17,False,False,True,False,False,True,18.88,18.88,0.0,19.9,19.9,0.0,18.69,18.69,0.0,True,ok,per_row,,
002608_2026-06-02,002608,2026-06-03,post,TRAIN_PRIMARY,0.10967098703888345,0.1096709870388834,5.551115123125783e-17,-0.019940179461615082,-0.019940179461615,-8.326672684688674e-17,True,True,True,False,False,True,10.03,10.03,0.0,11.13,11.13,0.0,9.83,9.83,0.0,True,ok,per_row,,
002806_2026-06-01,002806,2026-06-03,post,TRAIN_PRIMARY,0.14124597207303968,0.1412459720730396,8.326672684688674e-17,0.06229860365198703,0.062298603651987,2.7755575615628914e-17,True,True,True,False,False,True,18.62,18.62,0.0,21.25,21.25,0.0,19.78,19.78,0.0,True,ok,per_row,,
600011_2026-06-02,600011,2026-06-03,post,TRAIN_PRIMARY,-0.001122334455667784,-0.0011223344556677,-8.391724815037804e-17,-0.058361391694724984,-0.0583613916947249,-8.326672684688674e-17,False,False,True,True,True,True,8.91,8.91,0.0,8.9,8.9,0.0,8.39,8.39,0.0,True,ok,per_row,,
600110_2026-06-01,600110,2026-06-03,post,TRAIN_PRIMARY,0.005046257359125228,0.0050462573591252,2.7755575615628914e-17,-0.05046257359125328,-0.0504625735912532,-7.632783294297951e-17,False,False,True,True,True,True,11.89,11.89,0.0,11.95,11.95,0.0,11.29,11.29,0.0,True,ok,per_row,,
600280_2026-06-03,600280,2026-06-03,d0,TRAIN_PRIMARY,-0.01253132832080206,-0.012531328320802,-5.898059818321144e-17,-0.1478696741854637,-0.1478696741854637,0.0,False,False,True,True,True,True,3.99,3.99,0.0,3.94,3.94,0.0,3.4,3.4,0.0,True,ok,per_row,,
603045_2026-06-03,603045,2026-06-03,d0,TRAIN_PRIMARY,0.1548151158065827,0.1548151158065827,0.0,0.12975755113097653,0.1297575511309765,2.7755575615628914e-17,True,True,True,False,False,True,73.83,73.83,0.0,85.26,85.26,0.0,83.41,83.41,0.0,True,ok,per_row,,
603324_2026-06-01,603324,2026-06-03,post,TRAIN_PRIMARY,-0.011927181418706856,-0.0119271814187068,-5.551115123125783e-17,-0.052730696798493404,-0.0527306967984934,-6.938893903907228e-18,False,False,True,True,True,True,31.86,31.86,0.0,31.48,31.48,0.0,30.18,30.18,0.0,True,ok,per_row,,
000037_2026-06-02,000037,2026-06-04,post,TRAIN_PRIMARY,-0.039439088518843035,-0.039439088518843,-3.469446951953614e-17,-0.0929009640666083,-0.0929009640666083,0.0,False,False,True,True,True,True,11.41,11.41,0.0,10.96,10.96,0.0,10.35,10.35,0.0,True,ok,per_row,,
000055_2026-06-03,000055,2026-06-04,post,EXCLUDED_QUALITY,,0.0269541778975741,,,-0.0377358490566037,,False,False,,False,False,,3.71,3.71,0.0,,3.81,,,3.57,,False,d3_high_invalid|d3_close_invalid,per_row,,
000700_2026-06-04,000700,2026-06-04,d0,TRAIN_PRIMARY,-0.06513409961685834,-0.0651340996168583,-4.163336342344337e-17,-0.09633278598795825,-0.0963327859879582,-4.163336342344337e-17,False,False,True,True,True,True,18.27,18.27,0.0,17.08,17.08,0.0,16.51,16.51,0.0,True,ok,per_row,,
000767_2026-06-02,000767,2026-06-04,post,TRAIN_PRIMARY,-0.06468531468531469,-0.0646853146853146,-8.326672684688674e-17,-0.13811188811188813,-0.1381118881118881,-2.7755575615628914e-17,False,False,True,True,True,True,5.72,5.72,0.0,5.35,5.35,0.0,4.93,4.93,0.0,True,ok,per_row,,
001210_2026-06-03,001210,2026-06-04,post,TRAIN_PRIMARY,0.01959999999999984,0.0195999999999998,3.8163916471489756e-17,-0.0795999999999999,-0.0795999999999999,0.0,False,False,True,True,True,True,25.0,25.0,0.0,25.49,25.49,0.0,23.01,23.01,0.0,True,ok,per_row,,
002137_2026-06-04,002137,2026-06-04,d0,TRAIN_PRIMARY,0.0068359375,0.0068359375,0.0,-0.0419921875,-0.0419921875,0.0,False,False,True,False,False,True,10.24,10.24,0.0,10.31,10.31,0.0,9.81,9.81,0.0,True,ok,per_row,,
002404_2026-06-03,002404,2026-06-04,post,TRAIN_PRIMARY,-0.02406417112299475,-0.0240641711229947,-4.85722573273506e-17,-0.0935828877005348,-0.0935828877005348,0.0,False,False,True,True,True,True,7.48,7.48,0.0,7.3,7.3,0.0,6.78,6.78,0.0,True,ok,per_row,,
002421_2026-06-03,002421,2026-06-04,post,TRAIN_PRIMARY,0.17901234567901225,0.1790123456790122,5.551115123125783e-17,0.17901234567901225,0.1790123456790122,5.551115123125783e-17,True,True,True,False,False,True,4.86,4.86,0.0,5.73,5.73,0.0,5.73,5.73,0.0,True,ok,per_row,,
002579_2026-06-03,002579,2026-06-04,post,TRAIN_PRIMARY,-0.09448416751787525,-0.0944841675178752,-5.551115123125783e-17,-0.1409601634320734,-0.1409601634320734,0.0,False,False,True,True,True,True,19.58,19.58,0.0,17.73,17.73,0.0,16.82,16.82,0.0,True,ok,per_row,,
002608_2026-06-02,002608,2026-06-04,post,EXCLUDED_QUALITY,,-0.0296367112810708,,,-0.0860420650095602,,False,False,,False,True,,10.46,10.46,0.0,,10.15,,,9.56,,False,d3_high_invalid|d3_close_invalid,per_row,,
002995_2026-06-02,002995,2026-06-04,post,TRAIN_PRIMARY,-0.06896551724137934,-0.0689655172413793,-4.163336342344337e-17,-0.10008410428931891,-0.1000841042893189,-1.3877787807814457e-17,False,False,True,True,True,True,23.78,23.78,0.0,22.14,22.14,0.0,21.4,21.4,0.0,True,ok,per_row,,
600011_2026-06-02,600011,2026-06-04,post,EXCLUDED_QUALITY,,0.0127758420441348,,,-0.0232288037166085,,False,False,,False,False,,8.61,8.61,0.0,,8.72,,,8.41,,False,d3_high_invalid|d3_close_invalid,per_row,,
600121_2026-06-04,600121,2026-06-04,d0,TRAIN_PRIMARY,-0.007092198581560294,-0.0070921985815602,-9.367506770274758e-17,-0.06914893617021267,-0.0691489361702126,-6.938893903907228e-17,False,False,True,True,True,True,5.64,5.64,0.0,5.6,5.6,0.0,5.25,5.25,0.0,True,ok,per_row,,
600280_2026-06-03,600280,2026-06-04,post,TRAIN_PRIMARY,0.07163323782234965,0.0716332378223496,5.551115123125783e-17,0.07163323782234965,0.0716332378223496,5.551115123125783e-17,True,True,True,False,False,True,3.49,3.49,0.0,3.74,3.74,0.0,3.74,3.74,0.0,True,ok,per_row,,
600487_2026-06-04,600487,2026-06-04,d0,TRAIN_PRIMARY,0.06593749999999998,0.0659374999999999,8.326672684688674e-17,-0.005520833333333308,-0.0055208333333333,-7.806255641895632e-18,False,False,True,False,False,True,96.0,96.0,0.0,102.33,102.33,0.0,95.47,95.47,0.0,True,ok,per_row,,
600936_2026-06-04,600936,2026-06-04,d0,EXCLUDED_QUALITY,,-0.0455284552845528,,,-0.0926829268292683,,False,False,,False,True,,6.15,6.15,0.0,,5.87,,,5.58,,False,d3_high_invalid|d3_close_invalid,per_row,,
603045_2026-06-03,603045,2026-06-04,post,TRAIN_PRIMARY,0.20618556701030943,0.2061855670103094,2.7755575615628914e-17,0.1895321173671689,0.1895321173671689,0.0,True,True,True,False,False,True,75.66,75.66,0.0,91.26,91.26,0.0,90.0,90.0,0.0,True,ok,per_row,,
603311_2026-06-04,603311,2026-06-04,d0,TRAIN_PRIMARY,0.02779234399580499,0.0277923439958049,9.020562075079397e-17,-0.03434714210802314,-0.0343471421080231,-4.163336342344337e-17,False,False,True,False,False,True,38.14,38.14,0.0,39.2,39.2,0.0,36.83,36.83,0.0,True,ok,per_row,,
603678_2026-06-03,603678,2026-06-04,post,TRAIN_PRIMARY,0.031024757129426428,0.0310247571294264,2.7755575615628914e-17,-0.11187715449702285,-0.1118771544970228,-4.163336342344337e-17,False,False,True,True,True,True,63.82,63.82,0.0,65.8,65.8,0.0,56.68,56.68,0.0,True,ok,per_row,,
603890_2026-06-03,603890,2026-06-04,post,TRAIN_PRIMARY,0.03667136812411842,0.0366713681241184,2.0816681711721685e-17,-0.008462623413258097,-0.008462623413258,-9.71445146547012e-17,False,False,True,False,False,True,28.36,28.36,0.0,29.4,29.4,0.0,28.12,28.12,0.0,True,ok,per_row,,
000055_2026-06-03,000055,2026-06-05,post,EXCLUDED_QUALITY,,0.0359116022099448,,,0.022099447513812,,False,False,,False,False,,,3.62,,,3.75,,,3.7,,False,d2_no_bar_without_proof(exp=2026-06-08)|d3_no_bar_without_proof(exp=2026-06-09)|d2_open_invalid|d3_high_invalid|d3_close_invalid,per_row,,
000700_2026-06-04,000700,2026-06-05,post,TRAIN_PRIMARY,0.045028142589118136,0.0450281425891181,3.469446951953614e-17,0.011257035647279645,0.0112570356472796,4.5102810375396984e-17,False,False,True,False,False,True,15.99,15.99,0.0,16.71,16.71,0.0,16.17,16.17,0.0,True,ok,per_row,,
001210_2026-06-03,001210,2026-06-05,post,TRAIN_PRIMARY,0.030482641828958545,0.0304826418289585,4.5102810375396984e-17,-0.020321761219305734,-0.0203217612193057,-3.469446951953614e-17,False,False,True,False,False,True,23.62,23.62,0.0,24.34,24.34,0.0,23.14,23.14,0.0,True,ok,per_row,,
001896_2026-06-05,001896,2026-06-05,d0,TRAIN_PRIMARY,0.08505284348263698,0.0850528434826369,6.938893903907228e-17,0.08505284348263698,0.0850528434826369,6.938893903907228e-17,True,True,True,False,False,True,19.87,19.87,0.0,21.56,21.56,0.0,21.56,21.56,0.0,True,ok,per_row,,
002137_2026-06-04,002137,2026-06-05,post,TRAIN_PRIMARY,0.12748171368861017,0.1274817136886101,5.551115123125783e-17,0.12748171368861017,0.1274817136886101,5.551115123125783e-17,True,True,True,False,False,True,9.57,9.57,0.0,10.79,10.79,0.0,10.79,10.79,0.0,True,ok,per_row,,
002404_2026-06-03,002404,2026-06-05,post,TRAIN_PRIMARY,-0.028368794326241176,-0.0283687943262411,-7.632783294297951e-17,-0.09503546099290783,-0.0950354609929078,-2.7755575615628914e-17,False,False,True,True,True,True,7.05,7.05,0.0,6.85,6.85,0.0,6.38,6.38,0.0,True,ok,per_row,,
002579_2026-06-03,002579,2026-06-05,post,TRAIN_PRIMARY,0.02853745541022601,0.028537455410226,1.0408340855860843e-17,-0.0047562425683711496,-0.0047562425683711,-4.9439619065339e-17,False,False,True,False,False,True,16.82,16.82,0.0,17.3,17.3,0.0,16.74,16.74,0.0,True,ok,per_row,,
002787_2026-06-05,002787,2026-06-05,d0,TRAIN_PRIMARY,0.06704980842911867,0.0670498084291186,6.938893903907228e-17,0.04980842911877392,0.0498084291187739,2.0816681711721685e-17,False,False,True,False,False,True,26.1,26.1,0.0,27.85,27.85,0.0,27.4,27.4,0.0,True,ok,per_row,,
002951_2026-06-03,002951,2026-06-05,post,TRAIN_PRIMARY,-0.028884462151394286,-0.0288844621513942,-8.673617379884035e-17,-0.09960159362549803,-0.099601593625498,-2.7755575615628914e-17,False,False,True,True,True,True,20.08,20.08,0.0,19.5,19.5,0.0,18.08,18.08,0.0,True,ok,per_row,,
600121_2026-06-04,600121,2026-06-05,post,TRAIN_PRIMARY,-0.021113243761996192,-0.0211132437619961,-9.367506770274758e-17,-0.06909788867562383,-0.0690978886756238,-2.7755575615628914e-17,False,False,True,True,True,True,5.21,5.21,0.0,5.1,5.1,0.0,4.85,4.85,0.0,True,ok,per_row,,
600255_2026-06-05,600255,2026-06-05,d0,TRAIN_PRIMARY,0.08965517241379328,0.0896551724137932,8.326672684688674e-17,0.025287356321839205,0.0252873563218392,3.469446951953614e-18,True,True,True,False,False,True,4.35,4.35,0.0,4.74,4.74,0.0,4.46,4.46,0.0,True,ok,per_row,,
600280_2026-06-03,600280,2026-06-05,post,TRAIN_PRIMARY,0.08875739644970415,0.0887573964497041,5.551115123125783e-17,0.01183431952662728,0.0118343195266272,7.979727989493313e-17,True,True,True,False,False,True,3.38,3.38,0.0,3.68,3.68,0.0,3.42,3.42,0.0,True,ok,per_row,,
600439_2026-06-05,600439,2026-06-05,d0,EXCLUDED_QUALITY,,-0.0113636363636364,,,-0.0606060606060606,,False,False,,False,True,,2.64,2.64,0.0,,2.61,,,2.48,,False,d3_high_invalid|d3_close_invalid,per_row,,
600487_2026-06-04,600487,2026-06-05,post,TRAIN_PRIMARY,0.13473797947055655,0.1347379794705565,5.551115123125783e-17,0.13473797947055655,0.1347379794705565,5.551115123125783e-17,True,True,True,False,False,True,92.55,92.55,0.0,105.02,105.02,0.0,105.02,105.02,0.0,True,ok,per_row,,
600688_2026-06-05,600688,2026-06-05,d0,EXCLUDED_QUALITY,,0.0030211480362536,,,-0.0483383685800604,,False,False,,False,False,,3.31,3.31,0.0,,3.32,,,3.15,,False,d3_high_invalid|d3_close_invalid,per_row,,
600936_2026-06-04,600936,2026-06-05,post,EXCLUDED_QUALITY,,0.0192982456140349,,,-0.0333333333333334,,False,False,,False,False,,,5.7,,,5.81,,,5.51,,False,d2_no_bar_without_proof(exp=2026-06-08)|d3_no_bar_without_proof(exp=2026-06-09)|d2_open_invalid|d3_high_invalid|d3_close_invalid,per_row,,
603045_2026-06-03,603045,2026-06-05,post,TRAIN_PRIMARY,0.15026629469946728,0.1502662946994672,8.326672684688674e-17,0.13111843773776322,0.1311184377377632,2.7755575615628914e-17,True,True,True,False,False,True,78.86,78.86,0.0,90.71,90.71,0.0,89.2,89.2,0.0,True,ok,per_row,,
603311_2026-06-04,603311,2026-06-05,post,TRAIN_PRIMARY,0.015424164524421524,0.0154241645244215,2.42861286636753e-17,-0.010025706940874013,-0.010025706940874,-1.214306433183765e-17,False,False,True,False,False,True,38.9,38.9,0.0,39.5,39.5,0.0,38.51,38.51,0.0,True,ok,per_row,,
603678_2026-06-03,603678,2026-06-05,post,TRAIN_PRIMARY,0.053956214445785244,0.0539562144457852,4.163336342344337e-17,0.027753835545595518,0.0277538355455955,1.734723475976807e-17,False,False,True,False,False,True,58.01,58.01,0.0,61.14,61.14,0.0,59.62,59.62,0.0,True,ok,per_row,,
603890_2026-06-03,603890,2026-06-05,post,TRAIN_PRIMARY,-0.030470914127423754,-0.0304709141274237,-5.551115123125783e-17,-0.11945983379501379,-0.1194598337950137,-9.71445146547012e-17,False,False,True,True,True,True,28.88,28.88,0.0,28.0,28.0,0.0,25.43,25.43,0.0,True,ok,per_row,,
605162_2026-06-05,605162,2026-06-05,d0,TRAIN_PRIMARY,-0.044991511035653575,-0.0449915110356535,-7.632783294297951e-17,-0.1044142614601018,-0.1044142614601018,0.0,False,False,True,True,True,True,11.78,11.78,0.0,11.25,11.25,0.0,10.55,10.55,0.0,True,ok,per_row,,
000520_2026-06-08,000520,2026-06-08,d0,TRAIN_PRIMARY,-0.010940919037199293,-0.0109409190371992,-9.194034422677078e-17,-0.05689277899343559,-0.0568927789934355,-9.020562075079397e-17,False,False,True,True,True,True,4.57,4.57,0.0,4.52,4.52,0.0,4.31,4.31,0.0,True,ok,per_row,,
000700_2026-06-04,000700,2026-06-08,post,TRAIN_PRIMARY,-0.03934624697336564,-0.0393462469733656,-4.163336342344337e-17,-0.07869249394673117,-0.0786924939467311,-6.938893903907228e-17,False,False,True,True,True,True,16.52,16.52,0.0,15.87,15.87,0.0,15.22,15.22,0.0,True,ok,per_row,,
001896_2026-06-05,001896,2026-06-08,post,TRAIN_PRIMARY,0.14147088866190005,0.1414708886619,5.551115123125783e-17,0.0812053115423903,0.0812053115423903,0.0,True,True,True,False,False,True,19.58,19.58,0.0,22.35,22.35,0.0,21.17,21.17,0.0,True,ok,per_row,,
002137_2026-06-04,002137,2026-06-08,post,TRAIN_PRIMARY,0.20630081300813008,0.20630081300813,8.326672684688674e-17,0.08739837398373984,0.0873983739837398,4.163336342344337e-17,True,True,True,False,False,True,9.84,9.84,0.0,11.87,11.87,0.0,10.7,10.7,0.0,True,ok,per_row,,
002787_2026-06-05,002787,2026-06-08,post,TRAIN_PRIMARY,0.009140767824497242,0.0091407678244972,4.163336342344337e-17,-0.007312614259597949,-0.0073126142595979,-4.9439619065339e-17,False,False,True,False,False,True,27.35,27.35,0.0,27.6,27.6,0.0,27.15,27.15,0.0,True,ok,per_row,,
003036_2026-06-08,003036,2026-06-08,d0,TRAIN_PRIMARY,0.06819338422391863,0.0681933842239186,2.7755575615628914e-17,0.025445292620865034,0.025445292620865,3.469446951953614e-17,False,False,True,False,False,True,78.6,78.6,0.0,83.96,83.96,0.0,80.6,80.6,0.0,True,ok,per_row,,
600121_2026-06-04,600121,2026-06-08,post,TRAIN_PRIMARY,-0.02766798418972327,-0.0276679841897232,-7.28583859910259e-17,-0.0968379446640315,-0.0968379446640315,0.0,False,False,True,True,True,True,5.06,5.06,0.0,4.92,4.92,0.0,4.57,4.57,0.0,True,ok,per_row,,
600255_2026-06-05,600255,2026-06-08,post,TRAIN_PRIMARY,-0.04989154013015196,-0.0498915401301519,-5.551115123125783e-17,-0.13015184381778755,-0.1301518438177875,-5.551115123125783e-17,False,False,True,True,True,True,4.61,4.61,0.0,4.38,4.38,0.0,4.01,4.01,0.0,True,ok,per_row,,
600293_2026-06-08,600293,2026-06-08,d0,TRAIN_PRIMARY,-0.01728395061728394,-0.0172839506172839,-3.8163916471489756e-17,-0.05679012345679013,-0.0567901234567901,-3.469446951953614e-17,False,False,True,True,True,True,4.05,4.05,0.0,3.98,3.98,0.0,3.82,3.82,0.0,True,ok,per_row,,
600439_2026-06-05,600439,2026-06-08,post,EXCLUDED_QUALITY,,-0.0421455938697317,,,-0.0996168582375478,,False,False,,False,True,,,2.61,,,2.5,,,2.35,,False,d2_no_bar_without_proof(exp=2026-06-09)|d3_no_bar_without_proof(exp=2026-06-10)|d2_open_invalid|d3_high_invalid|d3_close_invalid,per_row,,
600487_2026-06-04,600487,2026-06-08,post,TRAIN_PRIMARY,0.10243560188433398,0.1024356018843339,8.326672684688674e-17,0.07126390698606788,0.0712639069860678,8.326672684688674e-17,True,True,True,False,False,True,99.77,99.77,0.0,109.99,109.99,0.0,106.88,106.88,0.0,True,ok,per_row,,
600688_2026-06-05,600688,2026-06-08,post,EXCLUDED_QUALITY,,-0.0481927710843372,,,-0.0993975903614456,,False,False,,False,True,,,3.32,,,3.16,,,2.99,,False,d2_no_bar_without_proof(exp=2026-06-09)|d3_no_bar_without_proof(exp=2026-06-10)|d2_open_invalid|d3_high_invalid|d3_close_invalid,per_row,,
603311_2026-06-04,603311,2026-06-08,post,TRAIN_PRIMARY,0.07359999999999989,0.0735999999999998,8.326672684688674e-17,0.02746666666666675,0.0274666666666667,4.85722573273506e-17,True,True,True,False,False,True,37.5,37.5,0.0,40.26,40.26,0.0,38.53,38.53,0.0,True,ok,per_row,,
605162_2026-06-05,605162,2026-06-08,post,TRAIN_PRIMARY,-0.05645161290322587,-0.0564516129032258,-6.938893903907228e-17,-0.10663082437275984,-0.1066308243727598,-4.163336342344337e-17,False,False,True,True,True,True,11.16,11.16,0.0,10.53,10.53,0.0,9.97,9.97,0.0,True,ok,per_row,,
000068_2026-06-09,000068,2026-06-09,d0,TRAIN_PRIMARY,-0.050397877984084904,-0.0503978779840849,-6.938893903907228e-18,-0.08222811671087538,-0.0822281167108753,-6.938893903907228e-17,False,False,True,True,True,True,3.77,3.77,0.0,3.58,3.58,0.0,3.46,3.46,0.0,True,ok,per_row,,
000517_2026-06-09,000517,2026-06-09,d0,TRAIN_PRIMARY,0.014778325123152802,0.0147783251231528,1.734723475976807e-18,-0.059113300492610765,-0.0591133004926107,-6.245004513516506e-17,False,False,True,True,True,True,2.03,2.03,0.0,2.06,2.06,0.0,1.91,1.91,0.0,True,ok,per_row,,
000520_2026-06-08,000520,2026-06-09,post,TRAIN_PRIMARY,0.03603603603603589,0.0360360360360358,9.020562075079397e-17,-0.056306306306306286,-0.0563063063063062,-8.326672684688674e-17,False,False,True,True,True,True,4.44,4.44,0.0,4.6,4.6,0.0,4.19,4.19,0.0,True,ok,per_row,,
000759_2026-06-09,000759,2026-06-09,d0,TRAIN_PRIMARY,0.006493506493506551,0.0064935064935065,5.117434254131581e-17,-0.13961038961038963,-0.1396103896103896,-2.7755575615628914e-17,False,False,True,True,True,True,6.16,6.16,0.0,6.2,6.2,0.0,5.3,5.3,0.0,True,ok,per_row,,
002361_2026-06-09,002361,2026-06-09,d0,TRAIN_PRIMARY,0.0473239436619719,0.0473239436619719,0.0,-0.015774647887323967,-0.0157746478873239,-6.591949208711867e-17,False,False,True,False,False,True,17.75,17.75,0.0,18.59,18.59,0.0,17.47,17.47,0.0,True,ok,per_row,,
002421_2026-06-09,002421,2026-06-09,d0,TRAIN_PRIMARY,-0.14210526315789485,-0.1421052631578948,-5.551115123125783e-17,-0.14210526315789485,-0.1421052631578948,-5.551115123125783e-17,False,False,True,True,True,True,5.7,5.7,0.0,4.89,4.89,0.0,4.89,4.89,0.0,True,ok,per_row,,
002613_2026-06-09,002613,2026-06-09,d0,TRAIN_PRIMARY,-0.013698630136986356,-0.0136986301369863,-5.551115123125783e-17,-0.05870841487279854,-0.0587084148727985,-4.163336342344337e-17,False,False,True,True,True,True,5.11,5.11,0.0,5.04,5.04,0.0,4.81,4.81,0.0,True,ok,per_row,,
002787_2026-06-05,002787,2026-06-09,post,TRAIN_PRIMARY,0.02777777777777768,0.0277777777777776,7.979727989493313e-17,-0.033333333333333326,-0.0333333333333333,-2.7755575615628914e-17,False,False,True,False,False,True,27.0,27.0,0.0,27.75,27.75,0.0,26.1,26.1,0.0,True,ok,per_row,,
003009_2026-06-09,003009,2026-06-09,d0,TRAIN_PRIMARY,-0.013100436681222738,-0.0131004366812227,-3.8163916471489756e-17,-0.03737991266375551,-0.0373799126637555,-6.938893903907228e-18,False,False,True,False,False,True,57.25,57.25,0.0,56.5,56.5,0.0,55.11,55.11,0.0,True,ok,per_row,,
600255_2026-06-05,600255,2026-06-09,post,TRAIN_PRIMARY,0.01379310344827589,0.0137931034482758,9.020562075079397e-17,-0.01839080459770115,-0.0183908045977011,-4.85722573273506e-17,False,False,True,False,False,True,4.35,4.35,0.0,4.41,4.41,0.0,4.27,4.27,0.0,True,ok,per_row,,
600293_2026-06-08,600293,2026-06-09,post,TRAIN_PRIMARY,-0.017721518987341867,-0.0177215189873418,-6.591949208711867e-17,-0.0810126582278482,-0.0810126582278482,0.0,False,False,True,True,True,True,3.95,3.95,0.0,3.88,3.88,0.0,3.63,3.63,0.0,True,ok,per_row,,
603500_2026-06-09,603500,2026-06-09,d0,TRAIN_PRIMARY,0.09362706530291098,0.0936270653029109,8.326672684688674e-17,0.032258064516129004,0.032258064516129,6.938893903907228e-18,True,True,True,False,False,True,12.71,12.71,0.0,13.9,13.9,0.0,13.12,13.12,0.0,True,ok,per_row,,
603859_2026-06-09,603859,2026-06-09,d0,TRAIN_PRIMARY,0.06404129229592792,0.0640412922959279,1.3877787807814457e-17,-0.008029057541579121,-0.0080290575415791,-2.0816681711721685e-17,False,False,True,False,False,True,52.31,52.31,0.0,55.66,55.66,0.0,51.89,51.89,0.0,True,ok,per_row,,
605162_2026-06-05,605162,2026-06-09,post,TRAIN_PRIMARY,-0.046421663442940075,-0.04642166344294,-7.632783294297951e-17,-0.07930367504835589,-0.0793036750483558,-9.71445146547012e-17,False,False,True,True,True,True,10.34,10.34,0.0,9.86,9.86,0.0,9.52,9.52,0.0,True,ok,per_row,,
000068_2026-06-09,000068,2026-06-10,post,TRAIN_PRIMARY,0.01734104046242768,0.0173410404624276,7.979727989493313e-17,0.0,0.0,0.0,False,False,True,False,False,True,3.46,3.46,0.0,3.52,3.52,0.0,3.46,3.46,0.0,True,ok,per_row,,
000517_2026-06-09,000517,2026-06-10,post,TRAIN_PRIMARY,0.0,0.0,0.0,-0.020618556701030966,-0.0206185567010309,-6.591949208711867e-17,False,False,True,False,False,True,1.94,1.94,0.0,1.94,1.94,0.0,1.9,1.9,0.0,True,ok,per_row,,
000520_2026-06-08,000520,2026-06-10,post,TRAIN_PRIMARY,-0.004629629629629761,-0.0046296296296297,-6.158268339717665e-17,-0.03935185185185186,-0.0393518518518518,-6.245004513516506e-17,False,False,True,False,False,True,4.32,4.32,0.0,4.3,4.3,0.0,4.15,4.15,0.0,True,ok,per_row,,
000759_2026-06-09,000759,2026-06-10,post,TRAIN_PRIMARY,0.031858407079645934,0.0318584070796459,3.469446951953614e-17,0.031858407079645934,0.0318584070796459,3.469446951953614e-17,False,False,True,False,False,True,5.65,5.65,0.0,5.83,5.83,0.0,5.83,5.83,0.0,True,ok,per_row,,
001696_2026-06-10,001696,2026-06-10,d0,TRAIN_PRIMARY,0.2021052631578948,0.2021052631578948,0.0,0.2021052631578948,0.2021052631578948,0.0,True,True,True,False,False,True,19.0,19.0,0.0,22.84,22.84,0.0,22.84,22.84,0.0,True,ok,per_row,,
002254_2026-06-10,002254,2026-06-10,d0,TRAIN_PRIMARY,0.07541738629821526,0.0754173862982152,5.551115123125783e-17,0.03972366148531936,0.0397236614853193,6.245004513516506e-17,True,True,True,False,False,True,17.37,17.37,0.0,18.68,18.68,0.0,18.06,18.06,0.0,True,ok,per_row,,
002361_2026-06-09,002361,2026-06-10,post,TRAIN_PRIMARY,-0.025541365907829072,-0.025541365907829,-7.28583859910259e-17,-0.12604108828428662,-0.1260410882842866,-2.7755575615628914e-17,False,False,True,True,True,True,18.01,18.01,0.0,17.55,17.55,0.0,15.74,15.74,0.0,True,ok,per_row,,
002362_2026-06-10,002362,2026-06-10,d0,TRAIN_PRIMARY,-0.008221993833504637,-0.0082219938335046,-3.642919299551295e-17,-0.05447070914696828,-0.0544707091469682,-7.632783294297951e-17,False,False,True,True,True,True,19.46,19.46,0.0,19.3,19.3,0.0,18.4,18.4,0.0,True,ok,per_row,,
002421_2026-06-09,002421,2026-06-10,post,TRAIN_PRIMARY,-0.05112474437627812,-0.0511247443762781,-2.0816681711721685e-17,-0.10020449897750494,-0.1002044989775049,-4.163336342344337e-17,False,False,True,True,True,True,4.89,4.89,0.0,4.64,4.64,0.0,4.4,4.4,0.0,True,ok,per_row,,
002613_2026-06-09,002613,2026-06-10,post,TRAIN_PRIMARY,0.05508474576271194,0.0550847457627119,4.163336342344337e-17,-0.07838983050847459,-0.0783898305084745,-8.326672684688674e-17,False,False,True,True,True,True,4.72,4.72,0.0,4.98,4.98,0.0,4.35,4.35,0.0,True,ok,per_row,,
002747_2026-06-10,002747,2026-06-10,d0,TRAIN_PRIMARY,0.01942857142857135,0.0194285714285713,5.204170427930421e-17,-0.07942857142857151,-0.0794285714285715,-1.3877787807814457e-17,False,False,True,True,True,True,35.0,35.0,0.0,35.68,35.68,0.0,32.22,32.22,0.0,True,ok,per_row,,
003009_2026-06-09,003009,2026-06-10,post,TRAIN_PRIMARY,0.09126912691269129,0.0912691269126912,8.326672684688674e-17,0.09126912691269129,0.0912691269126912,8.326672684688674e-17,True,True,True,False,False,True,55.55,55.55,0.0,60.62,60.62,0.0,60.62,60.62,0.0,True,ok,per_row,,
003036_2026-06-08,003036,2026-06-10,post,TRAIN_PRIMARY,0.08161718256475048,0.0816171825647504,8.326672684688674e-17,0.038029058749210254,0.0380290587492102,5.551115123125783e-17,True,True,True,False,False,True,79.15,79.15,0.0,85.61,85.61,0.0,82.16,82.16,0.0,True,ok,per_row,,
600293_2026-06-08,600293,2026-06-10,post,TRAIN_PRIMARY,-0.0237467018469657,-0.0237467018469657,0.0,-0.10026385224274403,-0.100263852242744,-2.7755575615628914e-17,False,False,True,True,True,True,3.79,3.79,0.0,3.7,3.7,0.0,3.41,3.41,0.0,True,ok,per_row,,
603186_2026-06-10,603186,2026-06-10,d0,TRAIN_PRIMARY,0.12896813444973199,0.1289681344497319,8.326672684688674e-17,0.02584181675802677,0.0258418167580267,6.938893903907228e-17,True,True,True,False,False,True,166.01,166.01,0.0,187.42,187.42,0.0,170.3,170.3,0.0,True,ok,per_row,,
603500_2026-06-09,603500,2026-06-10,post,TRAIN_PRIMARY,0.0556451612903226,0.0556451612903226,0.0,0.0370967741935484,0.0370967741935484,0.0,False,False,True,False,False,True,12.4,12.4,0.0,13.09,13.09,0.0,12.86,12.86,0.0,True,ok,per_row,,
603616_2026-06-10,603616,2026-06-10,d0,TRAIN_PRIMARY,0.016058394160584077,0.016058394160584,7.632783294297951e-17,-0.026277372262773713,-0.0262773722627737,-1.3877787807814457e-17,False,False,True,False,False,True,6.85,6.85,0.0,6.96,6.96,0.0,6.67,6.67,0.0,True,ok,per_row,,
603859_2026-06-09,603859,2026-06-10,post,TRAIN_PRIMARY,0.011818181818181728,0.0118181818181817,2.7755575615628914e-17,-0.06527272727272737,-0.0652727272727273,-6.938893903907228e-17,False,False,True,True,True,True,55.0,55.0,0.0,55.65,55.65,0.0,51.41,51.41,0.0,True,ok,per_row,,
603929_2026-06-10,603929,2026-06-10,d0,TRAIN_PRIMARY,0.08505403743080575,0.0850540374308057,5.551115123125783e-17,-0.041911958527370174,-0.0419119585273701,-7.632783294297951e-17,True,True,True,False,False,True,227.62,227.62,0.0,246.98,246.98,0.0,218.08,218.08,0.0,True,ok,per_row,,
000029_2026-06-11,000029,2026-06-11,d0,TRAIN_PRIMARY,0.01179709005112084,0.0117970900511208,3.9898639947466563e-17,-0.01258356272119543,-0.0125835627211954,-2.949029909160572e-17,False,False,True,False,False,True,25.43,25.43,0.0,25.73,25.73,0.0,25.11,25.11,0.0,True,ok,per_row,,
000068_2026-06-09,000068,2026-06-11,post,TRAIN_PRIMARY,0.014367816091954033,0.014367816091954,3.2959746043559335e-17,-0.02011494252873558,-0.0201149425287355,-7.979727989493313e-17,False,False,True,False,False,True,3.48,3.48,0.0,3.53,3.53,0.0,3.41,3.41,0.0,True,ok,per_row,,
000517_2026-06-09,000517,2026-06-11,post,TRAIN_PRIMARY,0.04712041884816753,0.0471204188481675,3.469446951953614e-17,0.015706806282722585,0.0157068062827225,8.673617379884035e-17,False,False,True,False,False,True,1.91,1.91,0.0,2.0,2.0,0.0,1.94,1.94,0.0,True,ok,per_row,,
000759_2026-06-09,000759,2026-06-11,post,TRAIN_PRIMARY,0.16257088846880907,0.162570888468809,8.326672684688674e-17,0.12476370510396984,0.1247637051039698,4.163336342344337e-17,True,True,True,False,False,True,5.29,5.29,0.0,6.15,6.15,0.0,5.95,5.95,0.0,True,ok,per_row,,
002361_2026-06-09,002361,2026-06-11,post,TRAIN_PRIMARY,-0.036266349583828794,-0.0362663495838287,-9.71445146547012e-17,-0.05291319857312726,-0.0529131985731272,-6.245004513516506e-17,False,False,True,True,True,True,16.82,16.82,0.0,16.21,16.21,0.0,15.93,15.93,0.0,True,ok,per_row,,
002362_2026-06-10,002362,2026-06-11,post,TRAIN_PRIMARY,-0.011646373742720928,-0.0116463737427209,-2.7755575615628914e-17,-0.013763896241397622,-0.0137638962413976,-2.2551405187698492e-17,False,False,True,False,False,True,18.89,18.89,0.0,18.67,18.67,0.0,18.63,18.63,0.0,True,ok,per_row,,
002421_2026-06-09,002421,2026-06-11,post,TRAIN_PRIMARY,-0.054545454545454564,-0.0545454545454545,-6.245004513516506e-17,-0.08863636363636374,-0.0886363636363637,-4.163336342344337e-17,False,False,True,True,True,True,4.4,4.4,0.0,4.16,4.16,0.0,4.01,4.01,0.0,True,ok,per_row,,
002585_2026-06-11,002585,2026-06-11,d0,TRAIN_PRIMARY,0.025764895330112836,0.0257648953301128,3.469446951953614e-17,0.025764895330112836,0.0257648953301128,3.469446951953614e-17,False,False,True,False,False,True,12.42,12.42,0.0,12.74,12.74,0.0,12.74,12.74,0.0,True,ok,per_row,,
002613_2026-06-09,002613,2026-06-11,post,TRAIN_PRIMARY,0.012684989429175397,0.0126849894291753,9.71445146547012e-17,0.012684989429175397,0.0126849894291753,9.71445146547012e-17,False,False,True,False,False,True,4.73,4.73,0.0,4.79,4.79,0.0,4.79,4.79,0.0,True,ok,per_row,,
002636_2026-06-11,002636,2026-06-11,d0,TRAIN_PRIMARY,0.08900988998777648,0.0890098899877764,8.326672684688674e-17,0.08167574174908343,0.0816757417490834,2.7755575615628914e-17,True,True,True,False,False,True,89.99,89.99,0.0,98.0,98.0,0.0,97.34,97.34,0.0,True,ok,per_row,,
002669_2026-06-11,002669,2026-06-11,d0,TRAIN_PRIMARY,-0.001204819277108582,-0.0012048192771085,-8.196568423990414e-17,-0.01927710843373498,-0.0192771084337349,-7.979727989493313e-17,False,False,True,False,False,True,16.6,16.6,0.0,16.58,16.58,0.0,16.28,16.28,0.0,True,ok,per_row,,
002747_2026-06-10,002747,2026-06-11,post,TRAIN_PRIMARY,-0.010373443983402564,-0.0103734439834025,-6.418476861114186e-17,-0.015115589804386653,-0.0151155898043866,-5.377642775528102e-17,False,False,True,False,False,True,33.74,33.74,0.0,33.39,33.39,0.0,33.23,33.23,0.0,True,ok,per_row,,
003009_2026-06-09,003009,2026-06-11,post,TRAIN_PRIMARY,0.18286537077033826,0.1828653707703382,5.551115123125783e-17,0.14740820734341242,0.1474082073434124,2.7755575615628914e-17,True,True,True,False,False,True,55.56,55.56,0.0,65.72,65.72,0.0,63.75,63.75,0.0,True,ok,per_row,,
003026_2026-06-11,003026,2026-06-11,d0,TRAIN_PRIMARY,-0.045954870665932845,-0.0459548706659328,-4.85722573273506e-17,-0.0500825536598789,-0.0500825536598789,0.0,False,False,True,True,True,True,36.34,36.34,0.0,34.67,34.67,0.0,34.52,34.52,0.0,True,ok,per_row,,
603002_2026-06-11,603002,2026-06-11,d0,TRAIN_PRIMARY,0.06737193763919835,0.0673719376391983,5.551115123125783e-17,0.06737193763919835,0.0673719376391983,5.551115123125783e-17,False,False,True,False,False,True,17.96,17.96,0.0,19.17,19.17,0.0,19.17,19.17,0.0,True,ok,per_row,,
603065_2026-06-11,603065,2026-06-11,d0,TRAIN_PRIMARY,0.028676470588235414,0.0286764705882354,1.3877787807814457e-17,-0.014705882352941124,-0.0147058823529411,-2.42861286636753e-17,False,False,True,False,False,True,13.6,13.6,0.0,13.99,13.99,0.0,13.4,13.4,0.0,True,ok,per_row,,
603186_2026-06-10,603186,2026-06-11,post,TRAIN_PRIMARY,0.06437500000000007,0.064375,6.938893903907228e-17,0.06437500000000007,0.064375,6.938893903907228e-17,False,False,True,False,False,True,176.0,176.0,0.0,187.33,187.33,0.0,187.33,187.33,0.0,True,ok,per_row,,
603500_2026-06-09,603500,2026-06-11,post,TRAIN_PRIMARY,0.048498845265588786,0.0484988452655887,8.326672684688674e-17,0.034642032332563355,0.0346420323325633,5.551115123125783e-17,False,False,True,False,False,True,12.99,12.99,0.0,13.62,13.62,0.0,13.44,13.44,0.0,True,ok,per_row,,
603616_2026-06-10,603616,2026-06-11,post,TRAIN_PRIMARY,0.04707792207792205,0.047077922077922,4.85722573273506e-17,-0.0032467532467532756,-0.0032467532467532,-7.546047120499111e-17,False,False,True,False,False,True,6.16,6.16,0.0,6.45,6.45,0.0,6.14,6.14,0.0,True,ok,per_row,,
603859_2026-06-09,603859,2026-06-11,post,TRAIN_PRIMARY,0.09034907597535935,0.0903490759753593,5.551115123125783e-17,0.0634496919917864,0.0634496919917864,0.0,True,True,True,False,False,True,48.7,48.7,0.0,53.1,53.1,0.0,51.79,51.79,0.0,True,ok,per_row,,
603929_2026-06-10,603929,2026-06-11,post,TRAIN_PRIMARY,-0.07487644151565076,-0.0748764415156507,-5.551115123125783e-17,-0.11289126853377274,-0.1128912685337727,-4.163336342344337e-17,False,False,True,True,True,True,242.8,242.8,0.0,224.62,224.62,0.0,215.39,215.39,0.0,True,ok,per_row,,
605006_2026-06-11,605006,2026-06-11,d0,TRAIN_PRIMARY,0.012037037037036846,0.0120370370370368,4.683753385137379e-17,0.0092592592592593,0.0092592592592593,0.0,False,False,True,False,False,True,21.6,21.6,0.0,21.86,21.86,0.0,21.8,21.8,0.0,True,ok,per_row,,
605318_2026-06-11,605318,2026-06-11,d0,TRAIN_PRIMARY,0.0456747404844291,0.0456747404844291,0.0,0.03191080353710096,0.0319108035371009,6.245004513516506e-17,False,False,True,False,False,True,130.05,130.05,0.0,135.99,135.99,0.0,134.2,134.2,0.0,True,ok,per_row,,
605589_2026-06-11,605589,2026-06-11,d0,TRAIN_PRIMARY,0.08728813559322046,0.0872881355932204,5.551115123125783e-17,0.08728813559322046,0.0872881355932204,5.551115123125783e-17,True,True,True,False,False,True,59.0,59.0,0.0,64.15,64.15,0.0,64.15,64.15,0.0,True,ok,per_row,,
000029_2026-06-11,000029,2026-06-12,post,TRAIN_PRIMARY,0.09040663245163838,0.0904066324516383,8.326672684688674e-17,0.09040663245163838,0.0904066324516383,8.326672684688674e-17,True,True,True,False,False,True,25.33,25.33,0.0,27.62,27.62,0.0,27.62,27.62,0.0,True,ok,per_row,,
000048_2026-06-12,000048,2026-06-12,d0,TRAIN_PRIMARY,-0.021505376344086113,-0.0215053763440861,-1.3877787807814457e-17,-0.021505376344086113,-0.0215053763440861,-1.3877787807814457e-17,False,False,True,False,False,True,19.53,19.53,0.0,19.11,19.11,0.0,19.11,19.11,0.0,True,ok,per_row,,
001696_2026-06-10,001696,2026-06-12,post,TRAIN_PRIMARY,0.08390022675736941,0.0839002267573694,1.3877787807814457e-17,0.07482993197278898,0.0748299319727889,8.326672684688674e-17,True,True,True,False,False,True,22.05,22.05,0.0,23.9,23.9,0.0,23.7,23.7,0.0,True,ok,per_row,,
002119_2026-06-12,002119,2026-06-12,d0,TRAIN_PRIMARY,0.05435801312089983,0.0543580131208998,2.7755575615628914e-17,0.03905029678225547,0.0390502967822554,6.938893903907228e-17,False,False,True,False,False,True,32.01,32.01,0.0,33.75,33.75,0.0,33.26,33.26,0.0,True,ok,per_row,,
002165_2026-06-12,002165,2026-06-12,d0,TRAIN_PRIMARY,0.07323568575233041,0.0732356857523304,1.3877787807814457e-17,0.03462050599201061,0.0346205059920106,6.938893903907228e-18,True,True,True,False,False,True,7.51,7.51,0.0,8.06,8.06,0.0,7.77,7.77,0.0,True,ok,per_row,,
002254_2026-06-10,002254,2026-06-12,post,TRAIN_PRIMARY,0.0045223289994347216,0.0045223289994347,2.168404344971009e-17,-0.045223289994347105,-0.0452232899943471,-6.938893903907228e-18,False,False,True,False,False,True,17.69,17.69,0.0,17.77,17.77,0.0,16.89,16.89,0.0,True,ok,per_row,,
002362_2026-06-10,002362,2026-06-12,post,TRAIN_PRIMARY,0.020540540540540553,0.0205405405405405,5.204170427930421e-17,0.00756756756756749,0.0075675675675674,9.020562075079397e-17,False,False,True,False,False,True,18.5,18.5,0.0,18.88,18.88,0.0,18.64,18.64,0.0,True,ok,per_row,,
002409_2026-06-12,002409,2026-06-12,d0,TRAIN_PRIMARY,0.07710771077107714,0.0771077107710771,4.163336342344337e-17,0.03330333033303323,0.0333033303330332,3.469446951953614e-17,True,True,True,False,False,True,133.32,133.32,0.0,143.6,143.6,0.0,137.76,137.76,0.0,True,ok,per_row,,
002585_2026-06-11,002585,2026-06-12,post,TRAIN_PRIMARY,0.19132653061224492,0.1913265306122449,2.7755575615628914e-17,0.19132653061224492,0.1913265306122449,2.7755575615628914e-17,True,True,True,False,False,True,11.76,11.76,0.0,14.01,14.01,0.0,14.01,14.01,0.0,True,ok,per_row,,
002636_2026-06-11,002636,2026-06-12,post,TRAIN_PRIMARY,0.13176418829740433,0.1317641882974043,2.7755575615628914e-17,0.11625604927408695,0.1162560492740869,4.163336342344337e-17,True,True,True,False,False,True,90.92,90.92,0.0,102.9,102.9,0.0,101.49,101.49,0.0,True,ok,per_row,,
002669_2026-06-11,002669,2026-06-12,post,TRAIN_PRIMARY,0.14078947368421058,0.1407894736842105,8.326672684688674e-17,0.12565789473684208,0.125657894736842,8.326672684688674e-17,True,True,True,False,False,True,15.2,15.2,0.0,17.34,17.34,0.0,17.11,17.11,0.0,True,ok,per_row,,
002747_2026-06-10,002747,2026-06-12,post,TRAIN_PRIMARY,0.06221408966148223,0.0622140896614822,2.7755575615628914e-17,0.03385178408051237,0.0338517840805123,6.938893903907228e-17,False,False,True,False,False,True,32.79,32.79,0.0,34.83,34.83,0.0,33.9,33.9,0.0,True,ok,per_row,,
003026_2026-06-11,003026,2026-06-12,post,TRAIN_PRIMARY,0.07614986293024684,0.0761498629302468,4.163336342344337e-17,0.0636612854096863,0.0636612854096863,0.0,True,True,True,False,False,True,32.83,32.83,0.0,35.33,35.33,0.0,34.92,34.92,0.0,True,ok,per_row,,
600178_2026-06-12,600178,2026-06-12,d0,TRAIN_PRIMARY,-0.003988035892322994,-0.0039880358923229,-9.454242944073599e-17,-0.02891326021934193,-0.0289132602193419,-3.122502256758253e-17,False,False,True,False,False,True,10.03,10.03,0.0,9.99,9.99,0.0,9.74,9.74,0.0,True,ok,per_row,,
600378_2026-06-12,600378,2026-06-12,d0,TRAIN_PRIMARY,0.07845884413309978,0.0784588441330997,8.326672684688674e-17,0.015761821366024442,0.0157618213660244,4.163336342344337e-17,True,True,True,False,False,True,57.1,57.1,0.0,61.58,61.58,0.0,58.0,58.0,0.0,True,ok,per_row,,
600665_2026-06-12,600665,2026-06-12,d0,TRAIN_PRIMARY,0.01298701298701288,0.0129870129870128,7.979727989493313e-17,-0.0051948051948051965,-0.0051948051948051,-9.627715291671279e-17,False,False,True,False,False,True,3.85,3.85,0.0,3.9,3.9,0.0,3.83,3.83,0.0,True,ok,per_row,,
603002_2026-06-11,603002,2026-06-12,post,TRAIN_PRIMARY,0.18749999999999978,0.1874999999999997,8.326672684688674e-17,0.18749999999999978,0.1874999999999997,8.326672684688674e-17,True,True,True,False,False,True,17.76,17.76,0.0,21.09,21.09,0.0,21.09,21.09,0.0,True,ok,per_row,,
603155_2026-06-12,603155,2026-06-12,d0,TRAIN_PRIMARY,0.0879629629629628,0.0879629629629628,0.0,0.07499999999999996,0.0749999999999999,5.551115123125783e-17,True,True,True,False,False,True,21.6,21.6,0.0,23.5,23.5,0.0,23.22,23.22,0.0,True,ok,per_row,,
603186_2026-06-10,603186,2026-06-12,post,TRAIN_PRIMARY,0.15459180814702744,0.1545918081470274,5.551115123125783e-17,0.15459180814702744,0.1545918081470274,5.551115123125783e-17,True,True,True,False,False,True,178.47,178.47,0.0,206.06,206.06,0.0,206.06,206.06,0.0,True,ok,per_row,,
603616_2026-06-10,603616,2026-06-12,post,TRAIN_PRIMARY,-0.04341085271317835,-0.0434108527131783,-4.85722573273506e-17,-0.06201550387596899,-0.0620155038759689,-9.020562075079397e-17,False,False,True,True,True,True,6.45,6.45,0.0,6.17,6.17,0.0,6.05,6.05,0.0,True,ok,per_row,,
603929_2026-06-10,603929,2026-06-12,post,TRAIN_PRIMARY,-0.001499931821280831,-0.0014999318212808,-3.1008182133085427e-17,-0.0406345166128812,-0.0406345166128812,0.0,False,False,True,False,False,True,220.01,220.01,0.0,219.68,219.68,0.0,211.07,211.07,0.0,True,ok,per_row,,
605006_2026-06-11,605006,2026-06-12,post,TRAIN_PRIMARY,0.14791766395404493,0.1479176639540449,2.7755575615628914e-17,0.14791766395404493,0.1479176639540449,2.7755575615628914e-17,True,True,True,False,False,True,20.89,20.89,0.0,23.98,23.98,0.0,23.98,23.98,0.0,True,ok,per_row,,
605318_2026-06-11,605318,2026-06-12,post,TRAIN_PRIMARY,0.11515809051456927,0.1151580905145692,6.938893903907228e-17,0.02495350278983266,0.0249535027898326,5.898059818321144e-17,True,True,True,False,False,True,129.04,129.04,0.0,143.9,143.9,0.0,132.26,132.26,0.0,True,ok,per_row,,
605589_2026-06-11,605589,2026-06-12,post,TRAIN_PRIMARY,0.1722710812209003,0.1722710812209003,0.0,0.15640627694430065,0.1564062769443006,5.551115123125783e-17,True,True,True,False,False,True,57.99,57.99,0.0,67.98,67.98,0.0,67.06,67.06,0.0,True,ok,per_row,,
000029_2026-06-11,000029,2026-06-15,post,TRAIN_PRIMARY,0.1365430149960538,0.1365430149960538,0.0,0.12746645619573793,0.1274664561957379,2.7755575615628914e-17,True,True,True,False,False,True,25.34,25.34,0.0,28.8,28.8,0.0,28.57,28.57,0.0,True,ok,per_row,,
000048_2026-06-12,000048,2026-06-15,post,TRAIN_PRIMARY,0.1704142011834322,0.1704142011834322,0.0,0.13195266272189343,0.1319526627218934,2.7755575615628914e-17,True,True,True,False,False,True,16.9,16.9,0.0,19.78,19.78,0.0,19.13,19.13,0.0,True,ok,per_row,,
002119_2026-06-12,002119,2026-06-15,post,TRAIN_PRIMARY,0.02552552552552556,0.0255255255255255,6.245004513516506e-17,-0.003903903903903716,-0.0039039039039037,-1.6046192152785466e-17,False,False,True,False,False,True,33.3,33.3,0.0,34.15,34.15,0.0,33.17,33.17,0.0,True,ok,per_row,,
002165_2026-06-12,002165,2026-06-15,post,TRAIN_PRIMARY,-0.005174644243208237,-0.0051746442432082,-3.729655473350135e-17,-0.04398447606727052,-0.0439844760672705,-1.3877787807814457e-17,False,False,True,False,False,True,7.73,7.73,0.0,7.69,7.69,0.0,7.39,7.39,0.0,True,ok,per_row,,
002203_2026-06-15,002203,2026-06-15,d0,TRAIN_PRIMARY,0.036250000000000115,0.0362500000000001,1.3877787807814457e-17,-0.033333333333333326,-0.0333333333333333,-2.7755575615628914e-17,False,False,True,False,False,True,24.0,24.0,0.0,24.87,24.87,0.0,23.2,23.2,0.0,True,ok,per_row,,
002409_2026-06-12,002409,2026-06-15,post,TRAIN_PRIMARY,0.08563113859585303,0.085631138595853,2.7755575615628914e-17,0.07617315387413615,0.0761731538741361,4.163336342344337e-17,True,True,True,False,False,True,137.45,137.45,0.0,149.22,149.22,0.0,147.92,147.92,0.0,True,ok,per_row,,
002636_2026-06-11,002636,2026-06-15,post,TRAIN_PRIMARY,0.08292066167948597,0.0829206616794859,6.938893903907228e-17,0.00842903803603412,0.0084290380360341,1.9081958235744878e-17,True,True,True,False,False,True,94.91,94.91,0.0,102.78,102.78,0.0,95.71,95.71,0.0,True,ok,per_row,,
002669_2026-06-11,002669,2026-06-15,post,TRAIN_PRIMARY,0.07409675443968156,0.0740967544396815,5.551115123125783e-17,0.06429883649724433,0.0642988364972443,2.7755575615628914e-17,True,True,True,False,False,True,16.33,16.33,0.0,17.54,17.54,0.0,17.38,17.38,0.0,True,ok,per_row,,
003026_2026-06-11,003026,2026-06-15,post,TRAIN_PRIMARY,0.05763104546770936,0.0576310454677093,6.245004513516506e-17,0.05763104546770936,0.0576310454677093,6.245004513516506e-17,False,False,True,False,False,True,34.53,34.53,0.0,36.52,36.52,0.0,36.52,36.52,0.0,True,ok,per_row,,
600067_2026-06-15,600067,2026-06-15,d0,TRAIN_PRIMARY,0.028571428571428692,0.0285714285714286,9.367506770274758e-17,-0.034285714285714364,-0.0342857142857143,-6.245004513516506e-17,False,False,True,False,False,True,3.5,3.5,0.0,3.6,3.6,0.0,3.38,3.38,0.0,True,ok,per_row,,
600178_2026-06-12,600178,2026-06-15,post,TRAIN_PRIMARY,-0.0010121457489880026,-0.001012145748988,-2.6020852139652106e-18,-0.036437246963562875,-0.0364372469635628,-7.632783294297951e-17,False,False,True,False,False,True,9.88,9.88,0.0,9.87,9.87,0.0,9.52,9.52,0.0,True,ok,per_row,,
600378_2026-06-12,600378,2026-06-15,post,TRAIN_PRIMARY,0.11518965215871346,0.1151896521587134,6.938893903907228e-17,0.11518965215871346,0.1151896521587134,6.938893903907228e-17,True,True,True,False,False,True,57.21,57.21,0.0,63.8,63.8,0.0,63.8,63.8,0.0,True,ok,per_row,,
600665_2026-06-12,600665,2026-06-15,post,TRAIN_PRIMARY,-0.01041666666666663,-0.0104166666666666,-2.949029909160572e-17,-0.05729166666666663,-0.0572916666666666,-2.7755575615628914e-17,False,False,True,True,True,True,3.84,3.84,0.0,3.8,3.8,0.0,3.62,3.62,0.0,True,ok,per_row,,
603014_2026-06-15,603014,2026-06-15,d0,TRAIN_PRIMARY,0.11185163720660674,0.1118516372066067,4.163336342344337e-17,0.0962039988409158,0.0962039988409158,0.0,True,True,True,False,False,True,34.51,34.51,0.0,38.37,38.37,0.0,37.83,37.83,0.0,True,ok,per_row,,
603065_2026-06-11,603065,2026-06-15,post,TRAIN_PRIMARY,0.2421875,0.2421875,0.0,0.15703124999999996,0.1570312499999999,5.551115123125783e-17,True,True,True,False,False,True,12.8,12.8,0.0,15.9,15.9,0.0,14.81,14.81,0.0,True,ok,per_row,,
603155_2026-06-12,603155,2026-06-15,post,TRAIN_PRIMARY,0.12302839116719233,0.1230283911671923,2.7755575615628914e-17,0.12032447048219908,0.120324470482199,6.938893903907228e-17,True,True,True,False,False,True,22.19,22.19,0.0,24.92,24.92,0.0,24.86,24.86,0.0,True,ok,per_row,,
605006_2026-06-11,605006,2026-06-15,post,TRAIN_PRIMARY,0.2269767441860464,0.2269767441860464,0.0,0.20930232558139528,0.2093023255813952,8.326672684688674e-17,True,True,True,False,False,True,21.5,21.5,0.0,26.38,26.38,0.0,26.0,26.0,0.0,True,ok,per_row,,
605318_2026-06-11,605318,2026-06-15,post,TRAIN_PRIMARY,0.0531835205992508,0.0531835205992508,0.0,-0.01797752808988773,-0.0179775280898877,-2.7755575615628914e-17,False,False,True,False,False,True,133.5,133.5,0.0,140.6,140.6,0.0,131.1,131.1,0.0,True,ok,per_row,,
000506_2026-06-16,000506,2026-06-16,d0,TRAIN_PRIMARY,-0.0013097576948264411,-0.0013097576948264,-4.119968255444917e-17,-0.036018336607727464,-0.0360183366077274,-6.245004513516506e-17,False,False,True,False,False,True,15.27,15.27,0.0,15.25,15.25,0.0,14.72,14.72,0.0,True,ok,per_row,,
000510_2026-06-16,000510,2026-06-16,d0,TRAIN_PRIMARY,-0.014531043593130843,-0.0145310435931308,-4.336808689942018e-17,-0.026860413914575054,-0.026860413914575,-5.551115123125783e-17,False,False,True,False,False,True,22.71,22.71,0.0,22.38,22.38,0.0,22.1,22.1,0.0,True,ok,per_row,,
001359_2026-06-16,001359,2026-06-16,d0,TRAIN_PRIMARY,0.12084136428391856,0.1208413642839185,5.551115123125783e-17,0.10785217464174979,0.1078521746417497,8.326672684688674e-17,True,True,True,False,False,True,119.33,119.33,0.0,133.75,133.75,0.0,132.2,132.2,0.0,True,ok,per_row,,
002119_2026-06-12,002119,2026-06-16,post,TRAIN_PRIMARY,0.11383647798742147,0.1138364779874214,6.938893903907228e-17,0.08522012578616334,0.0852201257861633,4.163336342344337e-17,True,True,True,False,False,True,31.8,31.8,0.0,35.42,35.42,0.0,34.51,34.51,0.0,True,ok,per_row,,
002165_2026-06-12,002165,2026-06-16,post,TRAIN_PRIMARY,-0.044736842105263186,-0.0447368421052631,-8.326672684688674e-17,-0.1105263157894737,-0.1105263157894737,0.0,False,False,True,True,True,True,7.6,7.6,0.0,7.26,7.26,0.0,6.76,6.76,0.0,True,ok,per_row,,
002203_2026-06-15,002203,2026-06-16,post,TRAIN_PRIMARY,0.06466416353775561,0.0646641635377556,1.3877787807814457e-17,0.06466416353775561,0.0646641635377556,1.3877787807814457e-17,False,False,True,False,False,True,23.97,23.97,0.0,25.52,25.52,0.0,25.52,25.52,0.0,True,ok,per_row,,
002409_2026-06-12,002409,2026-06-16,post,TRAIN_PRIMARY,0.10656934306569332,0.1065693430656933,2.7755575615628914e-17,0.09605839416058393,0.0960583941605839,2.7755575615628914e-17,True,True,True,False,False,True,137.0,137.0,0.0,151.6,151.6,0.0,150.16,150.16,0.0,True,ok,per_row,,
600067_2026-06-15,600067,2026-06-16,post,TRAIN_PRIMARY,-0.04456824512534807,-0.044568245125348,-6.938893903907228e-17,-0.05571030640668517,-0.0557103064066851,-6.938893903907228e-17,False,False,True,True,True,True,3.59,3.59,0.0,3.43,3.43,0.0,3.39,3.39,0.0,True,ok,per_row,,
600178_2026-06-12,600178,2026-06-16,post,TRAIN_PRIMARY,0.0,0.0,0.0,-0.060103626943005195,-0.0601036269430051,-9.71445146547012e-17,False,False,True,True,True,True,9.65,9.65,0.0,9.65,9.65,0.0,9.07,9.07,0.0,True,ok,per_row,,
600378_2026-06-12,600378,2026-06-16,post,TRAIN_PRIMARY,0.1752631578947368,0.1752631578947368,0.0,0.14315789473684215,0.1431578947368421,5.551115123125783e-17,True,True,True,False,False,True,57.0,57.0,0.0,66.99,66.99,0.0,65.16,65.16,0.0,True,ok,per_row,,
600665_2026-06-12,600665,2026-06-16,post,TRAIN_PRIMARY,-0.047368421052631504,-0.0473684210526315,-6.938893903907228e-18,-0.06052631578947365,-0.0605263157894736,-4.85722573273506e-17,False,False,True,True,True,True,3.8,3.8,0.0,3.62,3.62,0.0,3.57,3.57,0.0,True,ok,per_row,,
601696_2026-06-16,601696,2026-06-16,d0,TRAIN_PRIMARY,-0.01872659176029967,-0.0187265917602996,-7.28583859910259e-17,-0.0449438202247191,-0.0449438202247191,0.0,False,False,True,False,False,True,13.35,13.35,0.0,13.1,13.1,0.0,12.75,12.75,0.0,True,ok,per_row,,
601958_2026-06-16,601958,2026-06-16,d0,TRAIN_PRIMARY,0.04392857142857154,0.0439285714285715,4.163336342344337e-17,-0.010714285714285787,-0.0107142857142857,-8.673617379884035e-17,False,False,True,False,False,True,28.0,28.0,0.0,29.23,29.23,0.0,27.7,27.7,0.0,True,ok,per_row,,
603014_2026-06-15,603014,2026-06-16,post,TRAIN_PRIMARY,0.08143138912369685,0.0814313891236968,5.551115123125783e-17,0.05409974640743864,0.0540997464074386,4.163336342344337e-17,True,True,True,False,False,True,35.49,35.49,0.0,38.38,38.38,0.0,37.41,37.41,0.0,True,ok,per_row,,
603155_2026-06-12,603155,2026-06-16,post,TRAIN_PRIMARY,0.056313242410910735,0.0563132424109107,3.469446951953614e-17,0.014518257809062796,0.0145182578090627,9.540979117872439e-17,False,False,True,False,False,True,22.73,22.73,0.0,24.01,24.01,0.0,23.06,23.06,0.0,True,ok,per_row,,
603335_2026-06-16,603335,2026-06-16,d0,TRAIN_PRIMARY,0.1119221411192215,0.1119221411192215,0.0,0.0,0.0,0.0,True,True,True,False,False,True,8.22,8.22,0.0,9.14,9.14,0.0,8.22,8.22,0.0,True,ok,per_row,,
603738_2026-06-16,603738,2026-06-16,d0,TRAIN_PRIMARY,0.12981559247763363,0.1298155924776336,2.7755575615628914e-17,0.07704947964213993,0.0770494796421399,2.7755575615628914e-17,True,True,True,False,False,True,54.77,54.77,0.0,61.88,61.88,0.0,58.99,58.99,0.0,True,ok,per_row,,
000506_2026-06-16,000506,2026-06-17,post,TRAIN_PRIMARY,0.010060362173038184,0.0100603621730381,8.500145032286355e-17,0.008718980549966338,0.0087189805499663,3.8163916471489756e-17,False,False,True,False,False,True,14.91,14.91,0.0,15.06,15.06,0.0,15.04,15.04,0.0,True,ok,per_row,,
000510_2026-06-16,000510,2026-06-17,post,TRAIN_PRIMARY,0.10852713178294571,0.1085271317829457,1.3877787807814457e-17,0.10852713178294571,0.1085271317829457,1.3877787807814457e-17,True,True,True,False,False,True,21.93,21.93,0.0,24.31,24.31,0.0,24.31,24.31,0.0,True,ok,per_row,,
001359_2026-06-16,001359,2026-06-17,post,TRAIN_PRIMARY,0.1355614555677025,0.1355614555677025,0.0,0.1355614555677025,0.1355614555677025,0.0,True,True,True,False,False,True,128.06,128.06,0.0,145.42,145.42,0.0,145.42,145.42,0.0,True,ok,per_row,,
002051_2026-06-17,002051,2026-06-17,d0,TRAIN_PRIMARY,0.08279742765273324,0.0827974276527332,4.163336342344337e-17,0.06350482315112549,0.0635048231511254,8.326672684688674e-17,True,True,True,False,False,True,12.44,12.44,0.0,13.47,13.47,0.0,13.23,13.23,0.0,True,ok,per_row,,
002203_2026-06-15,002203,2026-06-17,post,TRAIN_PRIMARY,0.17603485838779953,0.1760348583877995,2.7755575615628914e-17,0.14596949891067545,0.1459694989106754,5.551115123125783e-17,True,True,True,False,False,True,22.95,22.95,0.0,26.99,26.99,0.0,26.3,26.3,0.0,True,ok,per_row,,
002515_2026-06-17,002515,2026-06-17,d0,TRAIN_PRIMARY,0.16537180910099902,0.165371809100999,2.7755575615628914e-17,0.13429522752497225,0.1342952275249722,5.551115123125783e-17,True,True,True,False,False,True,9.01,9.01,0.0,10.5,10.5,0.0,10.22,10.22,0.0,True,ok,per_row,,
002552_2026-06-17,002552,2026-06-17,d0,TRAIN_PRIMARY,0.13640287769784187,0.1364028776978418,8.326672684688674e-17,0.10330935251798579,0.1033093525179857,8.326672684688674e-17,True,True,True,False,False,True,69.5,69.5,0.0,78.98,78.98,0.0,76.68,76.68,0.0,True,ok,per_row,,
002585_2026-06-17,002585,2026-06-17,d0,TRAIN_PRIMARY,0.0378634212305613,0.0378634212305613,0.0,-0.01284651791751179,-0.0128465179175117,-9.020562075079397e-17,False,False,True,False,False,True,14.79,14.79,0.0,15.35,15.35,0.0,14.6,14.6,0.0,True,ok,per_row,,
002806_2026-06-17,002806,2026-06-17,d0,TRAIN_PRIMARY,0.04057279236276856,0.0405727923627685,6.245004513516506e-17,-0.008591885441527447,-0.0085918854415274,-4.683753385137379e-17,False,False,True,False,False,True,20.95,20.95,0.0,21.8,21.8,0.0,20.77,20.77,0.0,True,ok,per_row,,
002824_2026-06-17,002824,2026-06-17,d0,TRAIN_PRIMARY,0.14494382022471908,0.144943820224719,8.326672684688674e-17,0.11516853932584281,0.1151685393258428,1.3877787807814457e-17,True,True,True,False,False,True,35.6,35.6,0.0,40.76,40.76,0.0,39.7,39.7,0.0,True,ok,per_row,,
002851_2026-06-17,002851,2026-06-17,d0,TRAIN_PRIMARY,0.07213578500707207,0.072135785007072,6.938893903907228e-17,0.06811881188118818,0.0681188118811881,8.326672684688674e-17,True,True,True,False,False,True,176.75,176.75,0.0,189.5,189.5,0.0,188.79,188.79,0.0,True,ok,per_row,,
002990_2026-06-17,002990,2026-06-17,d0,TRAIN_PRIMARY,0.08596873864049437,0.0859687386404943,6.938893903907228e-17,0.07270083605961464,0.0727008360596146,4.163336342344337e-17,True,True,True,False,False,True,55.02,55.02,0.0,59.75,59.75,0.0,59.02,59.02,0.0,True,ok,per_row,,
600067_2026-06-15,600067,2026-06-17,post,TRAIN_PRIMARY,0.0471976401179941,0.0471976401179941,0.0,0.014749262536873031,0.014749262536873,3.122502256758253e-17,False,False,True,False,False,True,3.39,3.39,0.0,3.55,3.55,0.0,3.44,3.44,0.0,True,ok,per_row,,
600545_2026-06-17,600545,2026-06-17,d0,TRAIN_PRIMARY,0.1428571428571428,0.1428571428571428,0.0,0.1037593984962406,0.1037593984962406,0.0,True,True,True,False,False,True,6.65,6.65,0.0,7.6,7.6,0.0,7.34,7.34,0.0,True,ok,per_row,,
600549_2026-06-17,600549,2026-06-17,d0,TRAIN_PRIMARY,0.20967741935483875,0.2096774193548387,5.551115123125783e-17,0.20967741935483875,0.2096774193548387,5.551115123125783e-17,True,True,True,False,False,True,78.12,78.12,0.0,94.5,94.5,0.0,94.5,94.5,0.0,True,ok,per_row,,
600703_2026-06-17,600703,2026-06-17,d0,TRAIN_PRIMARY,0.08921513269339343,0.0892151326933934,2.7755575615628914e-17,0.08921513269339343,0.0892151326933934,2.7755575615628914e-17,True,True,True,False,False,True,17.71,17.71,0.0,19.29,19.29,0.0,19.29,19.29,0.0,True,ok,per_row,,
601179_2026-06-17,601179,2026-06-17,d0,TRAIN_PRIMARY,0.0707908163265305,0.0707908163265305,0.0,0.0707908163265305,0.0707908163265305,0.0,True,True,True,False,False,True,15.68,15.68,0.0,16.79,16.79,0.0,16.79,16.79,0.0,True,ok,per_row,,
601696_2026-06-16,601696,2026-06-17,post,TRAIN_PRIMARY,0.0344827586206895,0.0344827586206895,0.0,0.03295019157088119,0.0329501915708811,9.020562075079397e-17,False,False,True,False,False,True,13.05,13.05,0.0,13.5,13.5,0.0,13.48,13.48,0.0,True,ok,per_row,,
601958_2026-06-16,601958,2026-06-17,post,TRAIN_PRIMARY,0.06912280701754381,0.0691228070175438,1.3877787807814457e-17,0.06912280701754381,0.0691228070175438,1.3877787807814457e-17,False,False,True,False,False,True,28.5,28.5,0.0,30.47,30.47,0.0,30.47,30.47,0.0,True,ok,per_row,,
603014_2026-06-15,603014,2026-06-17,post,TRAIN_PRIMARY,-0.013592750533049203,-0.0135927505330492,-3.469446951953614e-18,-0.05063965884861421,-0.0506396588486142,-1.3877787807814457e-17,False,False,True,True,True,True,37.52,37.52,0.0,37.01,37.01,0.0,35.62,35.62,0.0,True,ok,per_row,,
603045_2026-06-17,603045,2026-06-17,d0,TRAIN_PRIMARY,0.05858681500769336,0.0585868150076933,6.245004513516506e-17,-0.010060362173038184,-0.0100603621730381,-8.500145032286355e-17,False,False,True,False,False,True,84.49,84.49,0.0,89.44,89.44,0.0,83.64,83.64,0.0,True,ok,per_row,,
603256_2026-06-17,603256,2026-06-17,d0,TRAIN_PRIMARY,0.12002451982018791,0.1200245198201879,1.3877787807814457e-17,0.07482631794033501,0.074826317940335,1.3877787807814457e-17,True,True,True,False,False,True,244.7,244.7,0.0,274.07,274.07,0.0,263.01,263.01,0.0,True,ok,per_row,,
603335_2026-06-16,603335,2026-06-17,post,TRAIN_PRIMARY,0.06761565836298944,0.0676156583629894,4.163336342344337e-17,-0.027283511269276417,-0.0272835112692764,-1.734723475976807e-17,False,False,True,False,False,True,8.43,8.43,0.0,9.0,9.0,0.0,8.2,8.2,0.0,True,ok,per_row,,
603516_2026-06-17,603516,2026-06-17,d0,TRAIN_PRIMARY,0.07010689273866566,0.0701068927386656,5.551115123125783e-17,0.041577589384445224,0.0415775893844452,2.0816681711721685e-17,True,True,True,False,False,True,135.65,135.65,0.0,145.16,145.16,0.0,141.29,141.29,0.0,True,ok,per_row,,
603738_2026-06-16,603738,2026-06-17,post,TRAIN_PRIMARY,0.09593220338983044,0.0959322033898304,4.163336342344337e-17,0.045762711864406835,0.0457627118644068,3.469446951953614e-17,True,True,True,False,False,True,59.0,59.0,0.0,64.66,64.66,0.0,61.7,61.7,0.0,True,ok,per_row,,
605198_2026-06-17,605198,2026-06-17,d0,TRAIN_PRIMARY,-0.02127659574468077,-0.0212765957446807,-6.938893903907228e-17,-0.11465721040189114,-0.1146572104018911,-4.163336342344337e-17,False,False,True,True,True,True,84.6,84.6,0.0,82.8,82.8,0.0,74.9,74.9,0.0,True,ok,per_row,,
605289_2026-06-17,605289,2026-06-17,d0,TRAIN_PRIMARY,0.06554307116104874,0.0655430711610487,4.163336342344337e-17,0.050561797752809,0.050561797752809,0.0,False,False,True,False,False,True,133.5,133.5,0.0,142.25,142.25,0.0,140.25,140.25,0.0,True,ok,per_row,,
000506_2026-06-16,000506,2026-06-18,post,TRAIN_PRIMARY,0.024674434544208257,0.0246744345442082,5.551115123125783e-17,-0.07196710075394108,-0.071967100753941,-8.326672684688674e-17,False,False,True,True,True,True,14.59,14.59,0.0,14.95,14.95,0.0,13.54,13.54,0.0,True,ok,per_row,,
000510_2026-06-16,000510,2026-06-18,post,TRAIN_PRIMARY,0.1940092165898617,0.1940092165898617,0.0,0.11059907834101401,0.110599078341014,1.3877787807814457e-17,True,True,True,False,False,True,21.7,21.7,0.0,25.91,25.91,0.0,24.1,24.1,0.0,True,ok,per_row,,
000679_2026-06-18,000679,2026-06-18,d0,TRAIN_PRIMARY,0.019788918205804862,0.0197889182058048,6.245004513516506e-17,-0.02638522427440637,-0.0263852242744063,-7.28583859910259e-17,False,False,True,False,False,True,7.58,7.58,0.0,7.73,7.73,0.0,7.38,7.38,0.0,True,ok,per_row,,
000777_2026-06-18,000777,2026-06-18,d0,TRAIN_PRIMARY,0.014346439957491963,0.0143464399574919,6.245004513516506e-17,-0.03772582359192356,-0.0377258235919235,-5.551115123125783e-17,False,False,True,False,False,True,18.82,18.82,0.0,19.09,19.09,0.0,18.11,18.11,0.0,True,ok,per_row,,
001359_2026-06-16,001359,2026-06-18,post,TRAIN_PRIMARY,-0.09028910303928839,-0.0902891030392883,-8.326672684688674e-17,-0.1304670126019274,-0.1304670126019274,0.0,False,False,True,True,True,True,134.9,134.9,0.0,122.72,122.72,0.0,117.3,117.3,0.0,True,ok,per_row,,
002051_2026-06-17,002051,2026-06-18,post,TRAIN_PRIMARY,0.0607513988808952,0.0607513988808952,0.0,-0.00959232613908867,-0.0095923261390886,-6.938893903907228e-17,False,False,True,False,False,True,12.51,12.51,0.0,13.27,13.27,0.0,12.39,12.39,0.0,True,ok,per_row,,
002080_2026-06-18,002080,2026-06-18,d0,TRAIN_PRIMARY,0.01976815131177534,0.0197681513117753,3.8163916471489756e-17,-0.06284319707138508,-0.062843197071385,-8.326672684688674e-17,False,False,True,True,True,True,81.95,81.95,0.0,83.57,83.57,0.0,76.8,76.8,0.0,True,ok,per_row,,
002484_2026-06-18,002484,2026-06-18,d0,TRAIN_PRIMARY,-0.05016599040944303,-0.050165990409443,-2.7755575615628914e-17,-0.1285503504241977,-0.1285503504241977,0.0,False,False,True,True,True,True,108.44,108.44,0.0,103.0,103.0,0.0,94.5,94.5,0.0,True,ok,per_row,,
002515_2026-06-17,002515,2026-06-18,post,TRAIN_PRIMARY,0.1395833333333334,0.1395833333333334,0.0,0.07708333333333339,0.0770833333333333,9.71445146547012e-17,True,True,True,False,False,True,9.6,9.6,0.0,10.94,10.94,0.0,10.34,10.34,0.0,True,ok,per_row,,
002552_2026-06-17,002552,2026-06-18,post,TRAIN_PRIMARY,0.020902676075089888,0.0209026760750898,8.673617379884035e-17,-0.08028225269604583,-0.0802822526960458,-2.7755575615628914e-17,False,False,True,True,True,True,75.11,75.11,0.0,76.68,76.68,0.0,69.08,69.08,0.0,True,ok,per_row,,
002585_2026-06-17,002585,2026-06-18,post,TRAIN_PRIMARY,-0.053876478318002685,-0.0538764783180026,-8.326672684688674e-17,-0.10315374507227337,-0.1031537450722733,-6.938893903907228e-17,False,False,True,True,True,True,15.22,15.22,0.0,14.4,14.4,0.0,13.65,13.65,0.0,True,ok,per_row,,
002741_2026-06-18,002741,2026-06-18,d0,TRAIN_PRIMARY,-0.020413122721749555,-0.0204131227217495,-5.551115123125783e-17,-0.0911300121506683,-0.0911300121506683,0.0,False,False,True,True,True,True,41.15,41.15,0.0,40.31,40.31,0.0,37.4,37.4,0.0,True,ok,per_row,,
002806_2026-06-17,002806,2026-06-18,post,TRAIN_PRIMARY,0.026499302649930057,0.02649930264993,5.551115123125783e-17,-0.033937703393770335,-0.0339377033937703,-3.469446951953614e-17,False,False,True,False,False,True,21.51,21.51,0.0,22.08,22.08,0.0,20.78,20.78,0.0,True,ok,per_row,,
002824_2026-06-17,002824,2026-06-18,post,TRAIN_PRIMARY,0.07599486521180987,0.0759948652118098,6.938893903907228e-17,-0.0053915275994865786,-0.0053915275994865,-7.892991815694472e-17,True,True,True,False,False,True,38.95,38.95,0.0,41.91,41.91,0.0,38.74,38.74,0.0,True,ok,per_row,,
002851_2026-06-17,002851,2026-06-18,post,TRAIN_PRIMARY,0.04436259688857125,0.0443625968885712,4.85722573273506e-17,-0.04870540377109556,-0.0487054037710955,-5.551115123125783e-17,False,False,True,False,False,True,181.91,181.91,0.0,189.98,189.98,0.0,173.05,173.05,0.0,True,ok,per_row,,
002990_2026-06-17,002990,2026-06-18,post,TRAIN_PRIMARY,0.056021929073154064,0.056021929073154,6.245004513516506e-17,0.02792530409456928,0.0279253040945692,7.979727989493313e-17,False,False,True,False,False,True,58.37,58.37,0.0,61.64,61.64,0.0,60.0,60.0,0.0,True,ok,per_row,,
600110_2026-06-18,600110,2026-06-18,d0,TRAIN_PRIMARY,-0.04445727482678985,-0.0444572748267898,-4.85722573273506e-17,-0.10854503464203236,-0.1085450346420323,-5.551115123125783e-17,False,False,True,True,True,True,17.32,17.32,0.0,16.55,16.55,0.0,15.44,15.44,0.0,True,ok,per_row,,
600186_2026-06-18,600186,2026-06-18,d0,TRAIN_PRIMARY,0.03505154639175245,0.0350515463917524,5.551115123125783e-17,-0.012371134020618624,-0.0123711340206186,-2.42861286636753e-17,False,False,True,False,False,True,14.55,14.55,0.0,15.06,15.06,0.0,14.37,14.37,0.0,True,ok,per_row,,
600192_2026-06-18,600192,2026-06-18,d0,TRAIN_PRIMARY,0.0012674271229404788,0.0012674271229404,7.871307772244762e-17,-0.05069708491761715,-0.0506970849176171,-5.551115123125783e-17,False,False,True,True,True,True,7.89,7.89,0.0,7.9,7.9,0.0,7.49,7.49,0.0,True,ok,per_row,,
600549_2026-06-17,600549,2026-06-18,post,TRAIN_PRIMARY,0.08918128654970747,0.0891812865497074,6.938893903907228e-17,-0.03924876293297341,-0.0392487629329734,-1.3877787807814457e-17,True,True,True,False,False,True,88.92,88.92,0.0,96.85,96.85,0.0,85.43,85.43,0.0,True,ok,per_row,,
600615_2026-06-18,600615,2026-06-18,d0,TRAIN_PRIMARY,-0.005703422053231821,-0.0057034220532318,-2.168404344971009e-17,-0.053231939163498,-0.053231939163498,0.0,False,False,True,True,True,True,10.52,10.52,0.0,10.46,10.46,0.0,9.96,9.96,0.0,True,ok,per_row,,
600703_2026-06-17,600703,2026-06-18,post,TRAIN_PRIMARY,0.08514013749338978,0.0851401374933897,8.326672684688674e-17,0.04865150713907984,0.0486515071390798,4.163336342344337e-17,True,True,True,False,False,True,18.91,18.91,0.0,20.52,20.52,0.0,19.83,19.83,0.0,True,ok,per_row,,
600707_2026-06-18,600707,2026-06-18,d0,TRAIN_PRIMARY,0.10984540276647703,0.109845402766477,2.7755575615628914e-17,0.10984540276647703,0.109845402766477,2.7755575615628914e-17,True,True,True,False,False,True,12.29,12.29,0.0,13.64,13.64,0.0,13.64,13.64,0.0,True,ok,per_row,,
601179_2026-06-17,601179,2026-06-18,post,TRAIN_PRIMARY,0.10966057441253252,0.1096605744125325,1.3877787807814457e-17,0.0567885117493474,0.0567885117493474,0.0,True,True,True,False,False,True,15.32,15.32,0.0,17.0,17.0,0.0,16.19,16.19,0.0,True,ok,per_row,,
601636_2026-06-18,601636,2026-06-18,d0,TRAIN_PRIMARY,0.004830917874396157,0.0048309178743961,5.637851296924623e-17,-0.05434782608695643,-0.0543478260869564,-2.7755575615628914e-17,False,False,True,True,True,True,8.28,8.28,0.0,8.32,8.32,0.0,7.83,7.83,0.0,True,ok,per_row,,
601696_2026-06-16,601696,2026-06-18,post,TRAIN_PRIMARY,0.06062992125984268,0.0606299212598426,7.632783294297951e-17,0.03464566929133861,0.0346456692913386,6.938893903907228e-18,False,False,True,False,False,True,12.7,12.7,0.0,13.47,13.47,0.0,13.14,13.14,0.0,True,ok,per_row,,
601958_2026-06-16,601958,2026-06-18,post,TRAIN_PRIMARY,0.12331201137171277,0.1233120113717127,6.938893903907228e-17,-0.012082444918265822,-0.0120824449182658,-2.2551405187698492e-17,True,True,True,False,False,True,28.14,28.14,0.0,31.61,31.61,0.0,27.8,27.8,0.0,True,ok,per_row,,
603002_2026-06-18,603002,2026-06-18,d0,TRAIN_PRIMARY,0.11792054099746396,0.1179205409974639,6.938893903907228e-17,-0.013102282333051551,-0.0131022823330515,-5.204170427930421e-17,True,True,True,False,False,True,23.66,23.66,0.0,26.45,26.45,0.0,23.35,23.35,0.0,True,ok,per_row,,
603045_2026-06-17,603045,2026-06-18,post,TRAIN_PRIMARY,0.037296037296037365,0.0372960372960373,6.245004513516506e-17,-0.013403263403263255,-0.0134032634032632,-5.551115123125783e-17,False,False,True,False,False,True,85.8,85.8,0.0,89.0,89.0,0.0,84.65,84.65,0.0,True,ok,per_row,,
603115_2026-06-18,603115,2026-06-18,d0,TRAIN_PRIMARY,0.03229456824512544,0.0322945682451254,4.163336342344337e-17,-0.04099930362116988,-0.0409993036211698,-8.326672684688674e-17,False,False,True,False,False,True,114.88,114.88,0.0,118.59,118.59,0.0,110.17,110.17,0.0,True,ok,per_row,,
603186_2026-06-18,603186,2026-06-18,d0,TRAIN_PRIMARY,0.045483180042837246,0.0454831800428372,4.85722573273506e-17,-0.02734030490109618,-0.0273403049010961,-7.979727989493313e-17,False,False,True,False,False,True,238.11,238.11,0.0,248.94,248.94,0.0,231.6,231.6,0.0,True,ok,per_row,,
603256_2026-06-17,603256,2026-06-18,post,TRAIN_PRIMARY,0.010126091173617846,0.0101260911736178,4.683753385137379e-17,-0.0382153249272551,-0.0382153249272551,0.0,False,False,True,False,False,True,257.75,257.75,0.0,260.36,260.36,0.0,247.9,247.9,0.0,True,ok,per_row,,
603335_2026-06-16,603335,2026-06-18,post,TRAIN_PRIMARY,0.09466019417475713,0.0946601941747571,2.7755575615628914e-17,0.09466019417475713,0.0946601941747571,2.7755575615628914e-17,True,True,True,False,False,True,8.24,8.24,0.0,9.02,9.02,0.0,9.02,9.02,0.0,True,ok,per_row,,
603516_2026-06-17,603516,2026-06-18,post,TRAIN_PRIMARY,0.014472681947233612,0.0144726819472336,1.214306433183765e-17,-0.05214320337926737,-0.0521432033792673,-6.938893903907228e-17,False,False,True,True,True,True,144.41,144.41,0.0,146.5,146.5,0.0,136.88,136.88,0.0,True,ok,per_row,,
603738_2026-06-16,603738,2026-06-18,post,TRAIN_PRIMARY,0.08910891089108919,0.0891089108910891,8.326672684688674e-17,0.04372937293729362,0.0437293729372936,2.0816681711721685e-17,True,True,True,False,False,True,60.6,60.6,0.0,66.0,66.0,0.0,63.25,63.25,0.0,True,ok,per_row,,
603773_2026-06-18,603773,2026-06-18,d0,TRAIN_PRIMARY,0.06757382744643903,0.067573827446439,2.7755575615628914e-17,-0.0031847133757960666,-0.003184713375796,-6.678685382510707e-17,False,False,True,False,False,True,172.7,172.7,0.0,184.37,184.37,0.0,172.15,172.15,0.0,True,ok,per_row,,
605198_2026-06-17,605198,2026-06-18,post,TRAIN_PRIMARY,-0.04170804369414105,-0.041708043694141,-4.85722573273506e-17,-0.10464250248262175,-0.1046425024826217,-4.163336342344337e-17,False,False,True,True,True,True,80.56,80.56,0.0,77.2,77.2,0.0,72.13,72.13,0.0,True,ok,per_row,,
605289_2026-06-17,605289,2026-06-18,post,TRAIN_PRIMARY,0.040590405904058935,0.0405904059040589,3.469446951953614e-17,-0.0030258302583026087,-0.0030258302583026,-8.673617379884035e-18,False,False,True,False,False,True,135.5,135.5,0.0,141.0,141.0,0.0,135.09,135.09,0.0,True,ok,per_row,,
000679_2026-06-18,000679,2026-06-22,post,TRAIN_PRIMARY,-0.011857707509881354,-0.0118577075098813,-5.377642775528102e-17,-0.09354413702239794,-0.0935441370223979,-4.163336342344337e-17,False,False,True,True,True,True,7.59,7.59,0.0,7.5,7.5,0.0,6.88,6.88,0.0,True,ok,per_row,,
000777_2026-06-18,000777,2026-06-22,post,TRAIN_PRIMARY,-0.04521276595744683,-0.0452127659574468,-3.469446951953614e-17,-0.06702127659574475,-0.0670212765957447,-5.551115123125783e-17,False,False,True,True,True,True,18.8,18.8,0.0,17.95,17.95,0.0,17.54,17.54,0.0,True,ok,per_row,,
001339_2026-06-22,001339,2026-06-22,d0,TRAIN_PRIMARY,0.06269884379607338,0.0626988437960733,8.326672684688674e-17,0.06269884379607338,0.0626988437960733,8.326672684688674e-17,False,False,True,False,False,True,128.87,128.87,0.0,136.95,136.95,0.0,136.95,136.95,0.0,True,ok,per_row,,
002051_2026-06-17,002051,2026-06-22,post,TRAIN_PRIMARY,0.0325757575757577,0.0325757575757577,0.0,0.0325757575757577,0.0325757575757577,0.0,False,False,True,False,False,True,13.2,13.2,0.0,13.63,13.63,0.0,13.63,13.63,0.0,True,ok,per_row,,
002080_2026-06-18,002080,2026-06-22,post,TRAIN_PRIMARY,0.014774774774774846,0.0147747747747748,4.5102810375396984e-17,0.014774774774774846,0.0147747747747748,4.5102810375396984e-17,False,False,True,False,False,True,83.25,83.25,0.0,84.48,84.48,0.0,84.48,84.48,0.0,True,ok,per_row,,
002141_2026-06-22,002141,2026-06-22,d0,TRAIN_PRIMARY,0.07462686567164178,0.0746268656716417,8.326672684688674e-17,0.01492537313432818,0.0149253731343281,7.979727989493313e-17,True,True,True,False,False,True,4.69,4.69,0.0,5.04,5.04,0.0,4.76,4.76,0.0,True,ok,per_row,,
002484_2026-06-18,002484,2026-06-22,post,TRAIN_PRIMARY,-0.0014563106796117165,-0.0014563106796117,-1.6479873021779667e-17,-0.020097087378640688,-0.0200970873786406,-8.673617379884035e-17,False,False,True,False,False,True,103.0,103.0,0.0,102.85,102.85,0.0,100.93,100.93,0.0,True,ok,per_row,,
002491_2026-06-22,002491,2026-06-22,d0,TRAIN_PRIMARY,0.07111882046834328,0.0711188204683432,8.326672684688674e-17,0.07111882046834328,0.0711188204683432,8.326672684688674e-17,True,True,True,False,False,True,34.59,34.59,0.0,37.05,37.05,0.0,37.05,37.05,0.0,True,ok,per_row,,
002515_2026-06-17,002515,2026-06-22,post,TRAIN_PRIMARY,0.053149606299212504,0.0531496062992125,6.938893903907228e-18,0.04429133858267709,0.044291338582677,8.326672684688674e-17,False,False,True,False,False,True,10.16,10.16,0.0,10.7,10.7,0.0,10.61,10.61,0.0,True,ok,per_row,,
002552_2026-06-17,002552,2026-06-22,post,TRAIN_PRIMARY,-0.008869179600886956,-0.0088691796008869,-5.551115123125783e-17,-0.008869179600886956,-0.0088691796008869,-5.551115123125783e-17,False,False,True,False,False,True,76.67,76.67,0.0,75.99,75.99,0.0,75.99,75.99,0.0,True,ok,per_row,,
002579_2026-06-22,002579,2026-06-22,d0,TRAIN_PRIMARY,-0.03833090732654043,-0.0383309073265404,-2.7755575615628914e-17,-0.06065016982047555,-0.0606501698204755,-5.551115123125783e-17,False,False,True,True,True,True,20.61,20.61,0.0,19.82,19.82,0.0,19.36,19.36,0.0,True,ok,per_row,,
002585_2026-06-17,002585,2026-06-22,post,TRAIN_PRIMARY,-0.011854951185495066,-0.011854951185495,-6.591949208711867e-17,-0.023709902370990243,-0.0237099023709902,-4.5102810375396984e-17,False,False,True,False,False,True,14.34,14.34,0.0,14.17,14.17,0.0,14.0,14.0,0.0,True,ok,per_row,,
002741_2026-06-18,002741,2026-06-22,post,TRAIN_PRIMARY,-0.08750000000000002,-0.0875,-2.7755575615628914e-17,-0.12575000000000003,-0.12575,-2.7755575615628914e-17,False,False,True,True,True,True,40.0,40.0,0.0,36.5,36.5,0.0,34.97,34.97,0.0,True,ok,per_row,,
002806_2026-06-17,002806,2026-06-22,post,TRAIN_PRIMARY,0.0,0.0,0.0,-0.02850241545893717,-0.0285024154589371,-6.938893903907228e-17,False,False,True,False,False,True,20.7,20.7,0.0,20.7,20.7,0.0,20.11,20.11,0.0,True,ok,per_row,,
002824_2026-06-17,002824,2026-06-22,post,TRAIN_PRIMARY,-0.055356716774039416,-0.0553567167740394,-1.3877787807814457e-17,-0.08613696015270822,-0.0861369601527082,-1.3877787807814457e-17,False,False,True,True,True,True,41.91,41.91,0.0,39.59,39.59,0.0,38.3,38.3,0.0,True,ok,per_row,,
002851_2026-06-17,002851,2026-06-22,post,TRAIN_PRIMARY,-0.07191617717097953,-0.0719161771709795,-2.7755575615628914e-17,-0.09874583267185266,-0.0987458326718526,-5.551115123125783e-17,False,False,True,True,True,True,188.97,188.97,0.0,175.38,175.38,0.0,170.31,170.31,0.0,True,ok,per_row,,
002989_2026-06-22,002989,2026-06-22,d0,TRAIN_PRIMARY,0.021419009370816422,0.0214190093708164,2.0816681711721685e-17,0.010977242302543377,0.0109772423025433,7.806255641895632e-17,False,False,True,False,False,True,37.35,37.35,0.0,38.15,38.15,0.0,37.76,37.76,0.0,True,ok,per_row,,
002990_2026-06-17,002990,2026-06-22,post,TRAIN_PRIMARY,0.12244897959183687,0.1224489795918368,6.938893903907228e-17,0.12244897959183687,0.1224489795918368,6.938893903907228e-17,True,True,True,False,False,True,58.8,58.8,0.0,66.0,66.0,0.0,66.0,66.0,0.0,True,ok,per_row,,
600110_2026-06-18,600110,2026-06-22,post,TRAIN_PRIMARY,-0.06424242424242432,-0.0642424242424243,-2.7755575615628914e-17,-0.08060606060606057,-0.0806060606060605,-6.938893903907228e-17,False,False,True,True,True,True,16.5,16.5,0.0,15.44,15.44,0.0,15.17,15.17,0.0,True,ok,per_row,,
600186_2026-06-18,600186,2026-06-22,post,TRAIN_PRIMARY,-0.025299600532623145,-0.0252996005326231,-4.5102810375396984e-17,-0.05592543275632489,-0.0559254327563248,-9.020562075079397e-17,False,False,True,True,True,True,15.02,15.02,0.0,14.64,14.64,0.0,14.18,14.18,0.0,True,ok,per_row,,
600192_2026-06-18,600192,2026-06-22,post,TRAIN_PRIMARY,-0.023376623376623495,-0.0233766233766234,-9.71445146547012e-17,-0.07012987012987015,-0.0701298701298701,-5.551115123125783e-17,False,False,True,True,True,True,7.7,7.7,0.0,7.52,7.52,0.0,7.16,7.16,0.0,True,ok,per_row,,
600545_2026-06-17,600545,2026-06-22,post,TRAIN_PRIMARY,-0.04714285714285715,-0.0471428571428571,-5.551115123125783e-17,-0.09571428571428575,-0.0957142857142857,-5.551115123125783e-17,False,False,True,True,True,True,7.0,7.0,0.0,6.67,6.67,0.0,6.33,6.33,0.0,True,ok,per_row,,
600615_2026-06-18,600615,2026-06-22,post,TRAIN_PRIMARY,-0.04780114722753348,-0.0478011472275334,-8.326672684688674e-17,-0.08891013384321234,-0.0889101338432123,-4.163336342344337e-17,False,False,True,True,True,True,10.46,10.46,0.0,9.96,9.96,0.0,9.53,9.53,0.0,True,ok,per_row,,
600707_2026-06-18,600707,2026-06-22,post,TRAIN_PRIMARY,0.11514195583596232,0.1151419558359623,1.3877787807814457e-17,0.06703470031545744,0.0670347003154574,4.163336342344337e-17,True,True,True,False,False,True,12.68,12.68,0.0,14.14,14.14,0.0,13.53,13.53,0.0,True,ok,per_row,,
601636_2026-06-18,601636,2026-06-22,post,TRAIN_PRIMARY,-0.03431372549019607,-0.034313725490196,-6.938893903907228e-17,-0.06617647058823528,-0.0661764705882352,-8.326672684688674e-17,False,False,True,True,True,True,8.16,8.16,0.0,7.88,7.88,0.0,7.62,7.62,0.0,True,ok,per_row,,
603045_2026-06-17,603045,2026-06-22,post,TRAIN_PRIMARY,0.1287272727272728,0.1287272727272728,0.0,0.1287272727272728,0.1287272727272728,0.0,True,True,True,False,False,True,82.5,82.5,0.0,93.12,93.12,0.0,93.12,93.12,0.0,True,ok,per_row,,
603115_2026-06-18,603115,2026-06-22,post,TRAIN_PRIMARY,0.06392332717840499,0.0639233271784049,8.326672684688674e-17,0.049766991998593024,0.049766991998593,2.0816681711721685e-17,False,False,True,False,False,True,113.73,113.73,0.0,121.0,121.0,0.0,119.39,119.39,0.0,True,ok,per_row,,
603186_2026-06-18,603186,2026-06-22,post,TRAIN_PRIMARY,0.02337912750060256,0.0233791275006025,5.898059818321144e-17,0.006025548324897656,0.0060255483248976,5.637851296924623e-17,False,False,True,False,False,True,248.94,248.94,0.0,254.76,254.76,0.0,250.44,250.44,0.0,True,ok,per_row,,
603256_2026-06-17,603256,2026-06-22,post,TRAIN_PRIMARY,0.044707328314641304,0.0447073283146413,6.938893903907228e-18,0.02926716853587341,0.0292671685358734,1.0408340855860843e-17,False,False,True,False,False,True,260.36,260.36,0.0,272.0,272.0,0.0,267.98,267.98,0.0,True,ok,per_row,,
603261_2026-06-22,603261,2026-06-22,d0,TRAIN_PRIMARY,0.19373732822707823,0.1937373282270782,2.7755575615628914e-17,0.10385221896823604,0.103852218968236,4.163336342344337e-17,True,True,True,False,False,True,44.39,44.39,0.0,52.99,52.99,0.0,49.0,49.0,0.0,True,ok,per_row,,
603324_2026-06-22,603324,2026-06-22,d0,TRAIN_PRIMARY,0.10676765208893224,0.1067676520889322,4.163336342344337e-17,0.10676765208893224,0.1067676520889322,4.163336342344337e-17,True,True,True,False,False,True,40.93,40.93,0.0,45.3,45.3,0.0,45.3,45.3,0.0,True,ok,per_row,,
603516_2026-06-17,603516,2026-06-22,post,TRAIN_PRIMARY,-0.04172731683648723,-0.0417273168364872,-2.7755575615628914e-17,-0.08158314271851397,-0.0815831427185139,-6.938893903907228e-17,False,False,True,True,True,True,144.27,144.27,0.0,138.25,138.25,0.0,132.5,132.5,0.0,True,ok,per_row,,
603773_2026-06-18,603773,2026-06-22,post,TRAIN_PRIMARY,0.005405091247239424,0.0054050912472394,2.42861286636753e-17,-0.027257933279088653,-0.0272579332790886,-5.204170427930421e-17,False,False,True,False,False,True,172.06,172.06,0.0,172.99,172.99,0.0,167.37,167.37,0.0,True,ok,per_row,,
605198_2026-06-17,605198,2026-06-22,post,TRAIN_PRIMARY,-0.014235831318828773,-0.0142358313188287,-7.28583859910259e-17,-0.06432984152565124,-0.0643298415256512,-4.163336342344337e-17,False,False,True,True,True,True,74.46,74.46,0.0,73.4,73.4,0.0,69.67,69.67,0.0,True,ok,per_row,,
605289_2026-06-17,605289,2026-06-22,post,TRAIN_PRIMARY,-0.0008695652173913437,-0.0008695652173913,-4.369334755116583e-17,-0.021304347826086922,-0.0213043478260869,-2.0816681711721685e-17,False,False,True,False,False,True,138.0,138.0,0.0,137.88,137.88,0.0,135.06,135.06,0.0,True,ok,per_row,,
000657_2026-06-23,000657,2026-06-23,d0,TRAIN_PRIMARY,0.0773082315241338,0.0773082315241338,0.0,0.058281594231924805,0.0582815942319248,6.938893903907228e-18,True,True,True,False,False,True,99.86,99.86,0.0,107.58,107.58,0.0,105.68,105.68,0.0,True,ok,per_row,,
000679_2026-06-18,000679,2026-06-23,post,TRAIN_PRIMARY,-0.03934871099050208,-0.039348710990502,-7.632783294297951e-17,-0.10854816824966074,-0.1085481682496607,-4.163336342344337e-17,False,False,True,True,True,True,7.37,7.37,0.0,7.08,7.08,0.0,6.57,6.57,0.0,True,ok,per_row,,
000777_2026-06-18,000777,2026-06-23,post,TRAIN_PRIMARY,-0.015598885793871697,-0.0155988857938716,-9.71445146547012e-17,-0.05292479108635095,-0.0529247910863509,-5.551115123125783e-17,False,False,True,True,True,True,17.95,17.95,0.0,17.67,17.67,0.0,17.0,17.0,0.0,True,ok,per_row,,
000811_2026-06-23,000811,2026-06-23,d0,TRAIN_PRIMARY,0.21996808753134278,0.2199680875313427,8.326672684688674e-17,0.21996808753134278,0.2199680875313427,8.326672684688674e-17,True,True,True,False,False,True,43.87,43.87,0.0,53.52,53.52,0.0,53.52,53.52,0.0,True,ok,per_row,,
001296_2026-06-23,001296,2026-06-23,d0,TRAIN_PRIMARY,0.02292934019653714,0.0229293401965371,4.163336342344337e-17,-0.0074871314927468235,-0.0074871314927468,-2.3418766925686896e-17,False,False,True,False,False,True,21.37,21.37,0.0,21.86,21.86,0.0,21.21,21.21,0.0,True,ok,per_row,,
001339_2026-06-22,001339,2026-06-23,post,TRAIN_PRIMARY,0.14879561749778447,0.1487956174977844,8.326672684688674e-17,0.10215097075646495,0.1021509707564649,5.551115123125783e-17,True,True,True,False,False,True,124.13,124.13,0.0,142.6,142.6,0.0,136.81,136.81,0.0,True,ok,per_row,,
002080_2026-06-18,002080,2026-06-23,post,TRAIN_PRIMARY,0.2070398753084819,0.2070398753084819,0.0,0.2070398753084819,0.2070398753084819,0.0,True,True,True,False,False,True,76.99,76.99,0.0,92.93,92.93,0.0,92.93,92.93,0.0,True,ok,per_row,,
002297_2026-06-23,002297,2026-06-23,d0,TRAIN_PRIMARY,0.13249211356466883,0.1324921135646688,2.7755575615628914e-17,0.04447949526813888,0.0444794952681388,8.326672684688674e-17,True,True,True,False,False,True,31.7,31.7,0.0,35.9,35.9,0.0,33.11,33.11,0.0,True,ok,per_row,,
002354_2026-06-23,002354,2026-06-23,d0,TRAIN_PRIMARY,0.04384896467722288,0.0438489646772228,7.632783294297951e-17,-0.02192448233861166,-0.0219244823386116,-6.245004513516506e-17,False,False,True,False,False,True,8.21,8.21,0.0,8.57,8.57,0.0,8.03,8.03,0.0,True,ok,per_row,,
002484_2026-06-18,002484,2026-06-23,post,TRAIN_PRIMARY,0.17134416543574593,0.1713441654357459,2.7755575615628914e-17,0.17134416543574593,0.1713441654357459,2.7755575615628914e-17,True,True,True,False,False,True,94.78,94.78,0.0,111.02,111.02,0.0,111.02,111.02,0.0,True,ok,per_row,,
002491_2026-06-22,002491,2026-06-23,post,TRAIN_PRIMARY,0.17903800475059395,0.1790380047505939,5.551115123125783e-17,0.14311163895486945,0.1431116389548694,5.551115123125783e-17,True,True,True,False,False,True,33.68,33.68,0.0,39.71,39.71,0.0,38.5,38.5,0.0,True,ok,per_row,,
002579_2026-06-22,002579,2026-06-23,post,TRAIN_PRIMARY,0.10534509600415154,0.1053450960041515,4.163336342344337e-17,0.10534509600415154,0.1053450960041515,4.163336342344337e-17,True,True,True,False,False,True,19.27,19.27,0.0,21.3,21.3,0.0,21.3,21.3,0.0,True,ok,per_row,,
002655_2026-06-23,002655,2026-06-23,d0,TRAIN_PRIMARY,0.11280746395250207,0.112807463952502,6.938893903907228e-17,0.026929601357082333,0.0269296013570823,3.469446951953614e-17,True,True,True,False,False,True,47.16,47.16,0.0,52.48,52.48,0.0,48.43,48.43,0.0,True,ok,per_row,,
002741_2026-06-18,002741,2026-06-23,post,TRAIN_PRIMARY,0.057444984281223244,0.0574449842812232,4.163336342344337e-17,0.053158045155758726,0.0531580451557587,2.7755575615628914e-17,False,False,True,False,False,True,34.99,34.99,0.0,37.0,37.0,0.0,36.85,36.85,0.0,True,ok,per_row,,
002805_2026-06-23,002805,2026-06-23,d0,TRAIN_PRIMARY,0.030240549828178587,0.0302405498281785,8.673617379884035e-17,0.0027491408934707806,0.0027491408934707,8.066464163292153e-17,False,False,True,False,False,True,29.1,29.1,0.0,29.98,29.98,0.0,29.18,29.18,0.0,True,ok,per_row,,
002842_2026-06-23,002842,2026-06-23,d0,TRAIN_PRIMARY,0.08873358746293936,0.0887335874629393,5.551115123125783e-17,0.08873358746293936,0.0887335874629393,5.551115123125783e-17,True,True,True,False,False,True,47.22,47.22,0.0,51.41,51.41,0.0,51.41,51.41,0.0,True,ok,per_row,,
002989_2026-06-22,002989,2026-06-23,post,TRAIN_PRIMARY,0.05633047210300424,0.0563304721030042,3.469446951953614e-17,-0.0042918454935623185,-0.0042918454935623,-1.8214596497756474e-17,False,False,True,False,False,True,37.28,37.28,0.0,39.38,39.38,0.0,37.12,37.12,0.0,True,ok,per_row,,
003031_2026-06-23,003031,2026-06-23,d0,TRAIN_PRIMARY,0.06451612903225801,0.064516129032258,1.3877787807814457e-17,0.05145161290322586,0.0514516129032258,6.245004513516506e-17,False,False,True,False,False,True,186.0,186.0,0.0,198.0,198.0,0.0,195.57,195.57,0.0,True,ok,per_row,,
600110_2026-06-18,600110,2026-06-23,post,TRAIN_PRIMARY,0.11418685121107286,0.1141868512110728,5.551115123125783e-17,0.0913494809688582,0.0913494809688582,0.0,True,True,True,False,False,True,14.45,14.45,0.0,16.1,16.1,0.0,15.77,15.77,0.0,True,ok,per_row,,
600162_2026-06-23,600162,2026-06-23,d0,TRAIN_PRIMARY,0.07049608355091364,0.0704960835509136,4.163336342344337e-17,-0.08616187989556134,-0.0861618798955613,-4.163336342344337e-17,True,True,True,True,True,True,3.83,3.83,0.0,4.1,4.1,0.0,3.5,3.5,0.0,True,ok,per_row,,
600186_2026-06-18,600186,2026-06-23,post,TRAIN_PRIMARY,0.11587982832618016,0.1158798283261801,5.551115123125783e-17,0.11587982832618016,0.1158798283261801,5.551115123125783e-17,True,True,True,False,False,True,13.98,13.98,0.0,15.6,15.6,0.0,15.6,15.6,0.0,True,ok,per_row,,
600192_2026-06-18,600192,2026-06-23,post,TRAIN_PRIMARY,-0.046666666666666634,-0.048,0.001333333333333367,-0.06666666666666665,-0.0666666666666666,-5.551115123125783e-17,False,False,True,True,True,True,7.5,7.5,0.0,7.15,7.14,0.010000000000000675,7.0,7.0,0.0,True,ok,per_row,,
600615_2026-06-18,600615,2026-06-23,post,TRAIN_PRIMARY,-0.04518072289156638,-0.0451807228915663,-8.326672684688674e-17,-0.07630522088353431,-0.0763052208835343,-1.3877787807814457e-17,False,False,True,True,True,True,9.96,9.96,0.0,9.51,9.51,0.0,9.2,9.2,0.0,True,ok,per_row,,
600769_2026-06-23,600769,2026-06-23,d0,TRAIN_PRIMARY,0.007755474452554756,0.0077554744525547,5.551115123125783e-17,-0.019160583941605913,-0.0191605839416059,-1.3877787807814457e-17,False,False,True,False,False,True,21.92,21.92,0.0,22.09,22.09,0.0,21.5,21.5,0.0,True,ok,per_row,,
601636_2026-06-18,601636,2026-06-23,post,TRAIN_PRIMARY,0.09999999999999987,0.0999999999999998,6.938893903907228e-17,0.09868421052631571,0.0986842105263157,1.3877787807814457e-17,True,True,True,False,False,True,7.6,7.6,0.0,8.36,8.36,0.0,8.35,8.35,0.0,True,ok,per_row,,
603002_2026-06-18,603002,2026-06-23,post,TRAIN_PRIMARY,0.11431103234381923,0.1143110323438192,2.7755575615628914e-17,0.10544971200708897,0.1054497120070889,6.938893903907228e-17,True,True,True,False,False,True,22.57,22.57,0.0,25.15,25.15,0.0,24.95,24.95,0.0,True,ok,per_row,,
603082_2026-06-23,603082,2026-06-23,d0,TRAIN_PRIMARY,0.020895522388059806,0.0208955223880598,6.938893903907228e-18,-0.04051172707889128,-0.0405117270788912,-7.632783294297951e-17,False,False,True,False,False,True,46.9,46.9,0.0,47.88,47.88,0.0,45.0,45.0,0.0,True,ok,per_row,,
603115_2026-06-18,603115,2026-06-23,post,TRAIN_PRIMARY,0.19990863407948845,0.1999086340794884,5.551115123125783e-17,0.19990863407948845,0.1999086340794884,5.551115123125783e-17,True,True,True,False,False,True,109.45,109.45,0.0,131.33,131.33,0.0,131.33,131.33,0.0,True,ok,per_row,,
603186_2026-06-18,603186,2026-06-23,post,TRAIN_PRIMARY,0.14351694915254232,0.1435169491525423,2.7755575615628914e-17,0.1135593220338984,0.1135593220338984,0.0,True,True,True,False,False,True,236.0,236.0,0.0,269.87,269.87,0.0,262.8,262.8,0.0,True,ok,per_row,,
603261_2026-06-22,603261,2026-06-23,post,TRAIN_PRIMARY,0.08067769261799107,0.080677692617991,6.938893903907228e-17,0.04881000403388458,0.0488100040338845,7.632783294297951e-17,True,True,True,False,False,True,49.58,49.58,0.0,53.58,53.58,0.0,52.0,52.0,0.0,True,ok,per_row,,
603324_2026-06-22,603324,2026-06-23,post,TRAIN_PRIMARY,0.25295448830776945,0.2529544883077694,5.551115123125783e-17,0.20090520492833774,0.2009052049283377,5.551115123125783e-17,True,True,True,False,False,True,39.77,39.77,0.0,49.83,49.83,0.0,47.76,47.76,0.0,True,ok,per_row,,
603380_2026-06-23,603380,2026-06-23,d0,TRAIN_PRIMARY,0.10892480674631067,0.1089248067463106,6.938893903907228e-17,0.06348090887795732,0.0634809088779573,1.3877787807814457e-17,True,True,True,False,False,True,42.69,42.69,0.0,47.34,47.34,0.0,45.4,45.4,0.0,True,ok,per_row,,
603663_2026-06-23,603663,2026-06-23,d0,TRAIN_PRIMARY,0.02941176470588225,0.0294117647058822,4.85722573273506e-17,-0.014901960784313717,-0.0149019607843137,-1.734723475976807e-17,False,False,True,False,False,True,102.0,102.0,0.0,105.0,105.0,0.0,100.48,100.48,0.0,True,ok,per_row,,
603773_2026-06-18,603773,2026-06-23,post,TRAIN_PRIMARY,0.036238749407863535,0.0362387494078635,3.469446951953614e-17,0.018415442918048308,0.0184154429180483,6.938893903907228e-18,False,False,True,False,False,True,168.88,168.88,0.0,175.0,175.0,0.0,171.99,171.99,0.0,True,ok,per_row,,
000070_2026-06-24,000070,2026-06-24,d0,TRAIN_PRIMARY,-0.022502960915909864,-0.0225029609159098,-6.591949208711867e-17,-0.12001579155151987,-0.1200157915515198,-6.938893903907228e-17,False,False,True,True,True,True,25.33,25.33,0.0,24.76,24.76,0.0,22.29,22.29,0.0,True,ok,per_row,,
000571_2026-06-24,000571,2026-06-24,d0,TRAIN_PRIMARY,0.0796747967479674,0.0796747967479674,0.0,0.016260162601625883,0.0162601626016258,8.326672684688674e-17,True,True,True,False,False,True,6.15,6.15,0.0,6.64,6.64,0.0,6.25,6.25,0.0,True,ok,per_row,,
000657_2026-06-23,000657,2026-06-24,post,TRAIN_PRIMARY,0.08594059405940602,0.085940594059406,1.3877787807814457e-17,-0.014752475247524655,-0.0147524752475246,-5.377642775528102e-17,True,True,True,False,False,True,101.0,101.0,0.0,109.68,109.68,0.0,99.51,99.51,0.0,True,ok,per_row,,
000783_2026-06-24,000783,2026-06-24,d0,TRAIN_PRIMARY,0.0911039657020365,0.0911039657020365,0.0,0.04608788853161849,0.0460878885316184,9.020562075079397e-17,True,True,True,False,False,True,9.33,9.33,0.0,10.18,10.18,0.0,9.76,9.76,0.0,True,ok,per_row,,
000811_2026-06-23,000811,2026-06-24,post,TRAIN_PRIMARY,0.08542812254516896,0.0854281225451689,5.551115123125783e-17,0.04320502749410826,0.0432050274941082,6.245004513516506e-17,True,True,True,False,False,True,50.92,50.92,0.0,55.27,55.27,0.0,53.12,53.12,0.0,True,ok,per_row,,
001296_2026-06-23,001296,2026-06-24,post,TRAIN_PRIMARY,-0.018948365703458037,-0.018948365703458,-3.8163916471489756e-17,-0.07105637138796783,-0.0710563713879678,-2.7755575615628914e-17,False,False,True,True,True,True,21.11,21.11,0.0,20.71,20.71,0.0,19.61,19.61,0.0,True,ok,per_row,,
002068_2026-06-24,002068,2026-06-24,d0,TRAIN_PRIMARY,0.06471389645776582,0.0647138964577658,1.3877787807814457e-17,-0.00544959128065392,-0.0054495912806539,-2.0816681711721685e-17,False,False,True,False,False,True,14.68,14.68,0.0,15.63,15.63,0.0,14.6,14.6,0.0,True,ok,per_row,,
002141_2026-06-22,002141,2026-06-24,post,TRAIN_PRIMARY,0.2743362831858407,0.2743362831858407,0.0,0.2743362831858407,0.2743362831858407,0.0,True,True,True,False,False,True,4.52,4.52,0.0,5.76,5.76,0.0,5.76,5.76,0.0,True,ok,per_row,,
002297_2026-06-23,002297,2026-06-24,post,TRAIN_PRIMARY,0.008737571557698054,0.008737571557698,5.377642775528102e-17,-0.06929798131967457,-0.0692979813196745,-6.938893903907228e-17,False,False,True,True,True,True,33.19,33.19,0.0,33.48,33.48,0.0,30.89,30.89,0.0,True,ok,per_row,,
002579_2026-06-22,002579,2026-06-24,post,TRAIN_PRIMARY,0.2136929460580912,0.2136929460580912,0.0,0.1815352697095436,0.1815352697095436,0.0,True,True,True,False,False,True,19.28,19.28,0.0,23.4,23.4,0.0,22.78,22.78,0.0,True,ok,per_row,,
002655_2026-06-23,002655,2026-06-24,post,TRAIN_PRIMARY,0.05019920318725091,0.0501992031872509,6.938893903907228e-18,0.018525896414342657,0.0185258964143426,5.898059818321144e-17,False,False,True,False,False,True,50.2,50.2,0.0,52.72,52.72,0.0,51.13,51.13,0.0,True,ok,per_row,,
002672_2026-06-24,002672,2026-06-24,d0,TRAIN_PRIMARY,0.05121293800539073,0.0512129380053907,2.7755575615628914e-17,-0.059299191374662996,-0.0592991913746629,-9.71445146547012e-17,False,False,True,True,True,True,3.71,3.71,0.0,3.9,3.9,0.0,3.49,3.49,0.0,True,ok,per_row,,
002805_2026-06-23,002805,2026-06-24,post,TRAIN_PRIMARY,-0.010547805375978325,-0.0105478053759783,-2.6020852139652106e-17,-0.09629125552909157,-0.0962912555290915,-6.938893903907228e-17,False,False,True,True,True,True,29.39,29.39,0.0,29.08,29.08,0.0,26.56,26.56,0.0,True,ok,per_row,,
002830_2026-06-24,002830,2026-06-24,d0,TRAIN_PRIMARY,-0.03249714937286208,-0.032497149372862,-7.632783294297951e-17,-0.06670467502850619,-0.0667046750285061,-8.326672684688674e-17,False,False,True,True,True,True,17.54,17.54,0.0,16.97,16.97,0.0,16.37,16.37,0.0,True,ok,per_row,,
002842_2026-06-23,002842,2026-06-24,post,TRAIN_PRIMARY,0.1657387580299785,0.1657387580299785,0.0,0.11691648822269785,0.1169164882226978,4.163336342344337e-17,True,True,True,False,False,True,46.7,46.7,0.0,54.44,54.44,0.0,52.16,52.16,0.0,True,ok,per_row,,
002989_2026-06-22,002989,2026-06-24,post,TRAIN_PRIMARY,-0.04287941787941785,-0.0428794178794178,-4.85722573273506e-17,-0.11980249480249483,-0.1198024948024948,-2.7755575615628914e-17,False,False,True,True,True,True,38.48,38.48,0.0,36.83,36.83,0.0,33.87,33.87,0.0,True,ok,per_row,,
003031_2026-06-23,003031,2026-06-24,post,TRAIN_PRIMARY,-0.012970905896336093,-0.012970905896336,-9.367506770274758e-17,-0.053795669474445695,-0.0537956694744456,-9.71445146547012e-17,False,False,True,True,True,True,193.51,193.51,0.0,191.0,191.0,0.0,183.1,183.1,0.0,True,ok,per_row,,
600162_2026-06-23,600162,2026-06-24,post,TRAIN_PRIMARY,-0.051490514905149,-0.054054054054054,0.002563539148905003,-0.14363143631436315,-0.1459459459459459,0.0023145096315827507,False,False,True,True,True,True,3.69,3.7,-0.010000000000000231,3.5,3.5,0.0,3.16,3.16,0.0,True,ok,per_row,,
600172_2026-06-24,600172,2026-06-24,d0,TRAIN_PRIMARY,0.05644682115270361,0.0564468211527036,6.938893903907228e-18,-0.010695187165775333,-0.0106951871657753,-3.2959746043559335e-17,False,False,True,False,False,True,16.83,16.83,0.0,17.78,17.78,0.0,16.65,16.65,0.0,True,ok,per_row,,
600322_2026-06-24,600322,2026-06-24,d0,TRAIN_PRIMARY,0.018181818181818077,0.0144927536231884,0.003689064558629676,-0.021818181818181848,-0.0253623188405796,0.003544137022397753,False,False,True,False,False,True,2.75,2.76,-0.009999999999999787,2.8,2.8,0.0,2.69,2.69,0.0,True,ok,per_row,,
600400_2026-06-24,600400,2026-06-24,d0,TRAIN_PRIMARY,0.10032362459546929,0.1003236245954692,8.326672684688674e-17,0.058252427184465994,0.0582524271844659,9.020562075079397e-17,True,True,True,False,False,True,3.09,3.09,0.0,3.4,3.4,0.0,3.27,3.27,0.0,True,ok,per_row,,
600470_2026-06-24,600470,2026-06-24,d0,TRAIN_PRIMARY,0.018987341772152,0.018987341772152,0.0,-0.039556962025316444,-0.0395569620253164,-4.163336342344337e-17,False,False,True,False,False,True,6.32,6.32,0.0,6.44,6.44,0.0,6.07,6.07,0.0,True,ok,per_row,,
600769_2026-06-23,600769,2026-06-24,post,TRAIN_PRIMARY,0.09401286491835714,0.0940128649183571,4.163336342344337e-17,0.029193468579910897,0.0291934685799108,9.71445146547012e-17,True,True,True,False,False,True,20.21,20.21,0.0,22.11,22.11,0.0,20.8,20.8,0.0,True,ok,per_row,,
600851_2026-06-24,600851,2026-06-24,d0,TRAIN_PRIMARY,-0.03681592039801007,-0.03681592039801,-6.938893903907228e-17,-0.12437810945273631,-0.1243781094527363,-1.3877787807814457e-17,False,False,True,True,True,True,10.05,10.05,0.0,9.68,9.68,0.0,8.8,8.8,0.0,True,ok,per_row,,
601869_2026-06-24,601869,2026-06-24,d0,TRAIN_PRIMARY,-0.026755852842809347,-0.0267558528428093,-4.5102810375396984e-17,-0.09197324414715724,-0.0919732441471572,-4.163336342344337e-17,False,False,True,True,True,True,598.0,598.0,0.0,582.0,582.0,0.0,543.0,543.0,0.0,True,ok,per_row,,
603082_2026-06-23,603082,2026-06-24,post,TRAIN_PRIMARY,0.04046858359957395,0.0404685835995739,4.85722573273506e-17,-0.08626198083067105,-0.086261980830671,-4.163336342344337e-17,False,False,True,True,True,True,46.95,46.95,0.0,48.85,48.85,0.0,42.9,42.9,0.0,True,ok,per_row,,
603261_2026-06-22,603261,2026-06-24,post,TRAIN_PRIMARY,0.1673469387755102,0.1666326738731389,0.0007142649023713088,0.1673469387755102,0.1666326738731389,0.0007142649023713088,True,True,True,False,False,True,49.0,49.03,-0.030000000000001137,57.2,57.2,0.0,57.2,57.2,0.0,True,ok,per_row,,
603380_2026-06-23,603380,2026-06-24,post,TRAIN_PRIMARY,0.07706173952230722,0.0770617395223072,1.3877787807814457e-17,0.035150968904912094,0.035150968904912,9.71445146547012e-17,True,True,True,False,False,True,44.38,44.38,0.0,47.8,47.8,0.0,45.94,45.94,0.0,True,ok,per_row,,
603663_2026-06-23,603663,2026-06-24,post,TRAIN_PRIMARY,-0.05063899298549046,-0.0518234165067179,0.00118442352122744,-0.0916690688959354,-0.0928023032629559,0.0011332343670204942,False,False,True,True,True,True,104.07,104.2,-0.13000000000000966,98.8,98.8,0.0,94.53,94.53,0.0,True,ok,per_row,,
603757_2026-06-24,603757,2026-06-24,d0,TRAIN_PRIMARY,0.05169806132270027,0.0516980613227002,6.938893903907228e-17,0.02048673174755944,0.0204867317475594,3.8163916471489756e-17,False,False,True,False,False,True,72.73,72.73,0.0,76.49,76.49,0.0,74.22,74.22,0.0,True,ok,per_row,,
605377_2026-06-24,605377,2026-06-24,d0,TRAIN_PRIMARY,-0.017391304347826098,-0.017391304347826,-9.71445146547012e-17,-0.059782608695652106,-0.0597826086956521,-6.938893903907228e-18,False,False,True,True,True,True,9.2,9.2,0.0,9.04,9.04,0.0,8.65,8.65,0.0,True,ok,per_row,,
605580_2026-06-24,605580,2026-06-24,d0,TRAIN_PRIMARY,-0.006040268456375841,-0.0060402684563758,-4.163336342344337e-17,-0.04832214765100673,-0.0483221476510067,-2.7755575615628914e-17,False,False,True,False,False,True,29.8,29.8,0.0,29.62,29.62,0.0,28.36,28.36,0.0,True,ok,per_row,,
000070_2026-06-24,000070,2026-06-25,post,TRAIN_PRIMARY,-0.09146341463414631,-0.0914634146341463,-1.3877787807814457e-17,-0.17642276422764225,-0.1719512195121951,-0.00447154471544714,False,False,True,True,True,True,24.6,24.6,0.0,22.35,22.35,0.0,20.26,20.37,-0.10999999999999943,True,ok,per_row,,
000566_2026-06-25,000566,2026-06-25,d0,TRAIN_PRIMARY,-0.00219780219780219,-0.0021978021978021,-9.020562075079397e-17,-0.00219780219780219,-0.0021978021978021,-9.020562075079397e-17,False,False,True,False,False,True,4.55,4.55,0.0,4.54,4.54,0.0,4.54,4.54,0.0,True,ok,per_row,,
000571_2026-06-24,000571,2026-06-25,post,TRAIN_PRIMARY,-0.022727272727272596,-0.0227272727272725,-9.71445146547012e-17,-0.045454545454545414,-0.0454545454545454,-1.3877787807814457e-17,False,False,True,False,False,True,6.6,6.6,0.0,6.45,6.45,0.0,6.3,6.3,0.0,True,ok,per_row,,
000657_2026-06-23,000657,2026-06-25,post,TRAIN_PRIMARY,-0.015136813506695157,-0.0151368135066951,-5.724587470723463e-17,-0.06617504366388516,-0.0726761110032991,0.006501067339413941,False,False,True,True,True,True,103.06,103.06,0.0,101.5,101.5,0.0,96.24,95.57,0.6700000000000017,True,ok,per_row,,
000811_2026-06-23,000811,2026-06-25,post,TRAIN_PRIMARY,0.013766519823788625,0.0137665198237886,2.6020852139652106e-17,-0.061857562408223155,-0.0618575624082231,-5.551115123125783e-17,False,False,True,True,True,True,54.48,54.48,0.0,55.23,55.23,0.0,51.11,51.11,0.0,True,ok,per_row,,
001296_2026-06-23,001296,2026-06-25,post,EXCLUDED_QUALITY,,-0.0101449275362319,,,-0.072463768115942,,False,False,,False,True,,20.7,20.7,0.0,,20.49,,,19.2,,False,d3_high_invalid|d3_close_invalid,per_row,,
002297_2026-06-23,002297,2026-06-25,post,TRAIN_PRIMARY,-0.05884109916367963,-0.0588410991636796,-3.469446951953614e-17,-0.15262843488649924,-0.1406810035842293,-0.01194743130226994,False,False,True,True,True,True,33.48,33.48,0.0,31.51,31.51,0.0,28.37,28.77,-0.3999999999999986,True,ok,per_row,,
002354_2026-06-23,002354,2026-06-25,post,TRAIN_PRIMARY,0.17618469015795868,0.1761846901579586,8.326672684688674e-17,0.10692588092345057,0.1069258809234505,6.938893903907228e-17,True,True,True,False,False,True,8.23,8.23,0.0,9.68,9.68,0.0,9.11,9.11,0.0,True,ok,per_row,,
002580_2026-06-25,002580,2026-06-25,d0,TRAIN_PRIMARY,-0.1226944667201284,-0.1226944667201284,0.0,-0.16960705693664802,-0.169607056936648,-2.7755575615628914e-17,False,False,True,True,True,True,24.94,24.94,0.0,21.88,21.88,0.0,20.71,20.71,0.0,True,ok,per_row,,
002584_2026-06-25,002584,2026-06-25,d0,TRAIN_PRIMARY,0.03830645161290325,0.0383064516129032,4.85722573273506e-17,-0.05745967741935487,-0.0574596774193548,-6.938893903907228e-17,False,False,True,True,True,True,9.92,9.92,0.0,10.3,10.3,0.0,9.35,9.35,0.0,True,ok,per_row,,
002631_2026-06-25,002631,2026-06-25,d0,TRAIN_PRIMARY,0.03838383838383819,0.0383838383838381,9.020562075079397e-17,0.036363636363636376,0.0363636363636363,7.632783294297951e-17,False,False,True,False,False,True,9.9,9.9,0.0,10.28,10.28,0.0,10.26,10.26,0.0,True,ok,per_row,,
002655_2026-06-23,002655,2026-06-25,post,TRAIN_PRIMARY,0.030950926491549735,0.0309509264915497,3.469446951953614e-17,-0.0629199755650579,-0.0629199755650579,0.0,False,False,True,True,True,True,49.11,49.11,0.0,50.63,50.63,0.0,46.02,46.02,0.0,True,ok,per_row,,
002672_2026-06-24,002672,2026-06-25,post,TRAIN_PRIMARY,-0.04909560723514206,-0.049095607235142,-5.551115123125783e-17,-0.09043927648578809,-0.0878552971576228,-0.0025839793281652867,False,False,True,True,True,True,3.87,3.87,0.0,3.68,3.68,0.0,3.52,3.53,-0.009999999999999787,True,ok,per_row,,
002687_2026-06-25,002687,2026-06-25,d0,TRAIN_PRIMARY,0.13470319634703198,0.1347031963470319,8.326672684688674e-17,0.13470319634703198,0.1347031963470319,8.326672684688674e-17,True,True,True,False,False,True,4.38,4.38,0.0,4.97,4.97,0.0,4.97,4.97,0.0,True,ok,per_row,,
002805_2026-06-23,002805,2026-06-25,post,TRAIN_PRIMARY,-0.056532230265425754,-0.0565322302654257,-5.551115123125783e-17,-0.10410203378145477,-0.1041020337814547,-6.938893903907228e-17,False,False,True,True,True,True,29.01,29.01,0.0,27.37,27.37,0.0,25.99,25.99,0.0,True,ok,per_row,,
002830_2026-06-24,002830,2026-06-25,post,TRAIN_PRIMARY,0.0060240963855420215,0.006024096385542,2.168404344971009e-17,-0.053012048192771166,-0.0530120481927711,-6.938893903907228e-17,False,False,True,True,True,True,16.6,16.6,0.0,16.7,16.7,0.0,15.72,15.72,0.0,True,ok,per_row,,
003031_2026-06-23,003031,2026-06-25,post,TRAIN_PRIMARY,-0.0008463369478974858,-0.0008463369478974,-8.57603918436034e-17,-0.09891563078550658,-0.0989156307855065,-8.326672684688674e-17,False,False,True,True,True,True,189.05,189.05,0.0,188.89,188.89,0.0,170.35,170.35,0.0,True,ok,per_row,,
600162_2026-06-23,600162,2026-06-25,post,TRAIN_PRIMARY,-0.07246376811594202,-0.072463768115942,-1.3877787807814457e-17,-0.14782608695652177,-0.1478260869565217,-8.326672684688674e-17,False,False,True,True,True,True,3.45,3.45,0.0,3.2,3.2,0.0,2.94,2.94,0.0,True,ok,per_row,,
600172_2026-06-24,600172,2026-06-25,post,TRAIN_PRIMARY,-0.025787965616045794,-0.0257879656160457,-9.367506770274758e-17,-0.07392550143266474,-0.0739255014326647,-4.163336342344337e-17,False,False,True,True,True,True,17.45,17.45,0.0,17.0,17.0,0.0,16.16,16.16,0.0,True,ok,per_row,,
600322_2026-06-24,600322,2026-06-25,post,TRAIN_PRIMARY,-0.010869565217391242,-0.0108695652173912,-4.163336342344337e-17,-0.05797101449275355,-0.0615942028985506,0.003623188405797055,False,False,True,True,True,True,2.76,2.76,0.0,2.73,2.73,0.0,2.6,2.59,0.010000000000000231,True,ok,per_row,,
600379_2026-06-25,600379,2026-06-25,d0,TRAIN_PRIMARY,-0.011318242343541951,-0.0113182423435419,-5.0306980803327406e-17,-0.08788282290279625,-0.0878828229027962,-5.551115123125783e-17,False,False,True,True,True,True,15.02,15.02,0.0,14.85,14.85,0.0,13.7,13.7,0.0,True,ok,per_row,,
600400_2026-06-24,600400,2026-06-25,post,TRAIN_PRIMARY,0.012195121951219523,0.0121951219512195,2.2551405187698492e-17,-0.05487804878048774,-0.0518292682926828,-0.003048780487804943,False,False,True,True,True,True,3.28,3.28,0.0,3.32,3.32,0.0,3.1,3.11,-0.009999999999999787,True,ok,per_row,,
600470_2026-06-24,600470,2026-06-25,post,TRAIN_PRIMARY,-0.01111111111111096,-0.0111111111111109,-6.071532165918825e-17,-0.05714285714285705,-0.057142857142857,-4.85722573273506e-17,False,False,True,True,True,True,6.3,6.3,0.0,6.23,6.23,0.0,5.94,5.94,0.0,True,ok,per_row,,
600769_2026-06-23,600769,2026-06-25,post,TRAIN_PRIMARY,-0.023831775700934532,-0.0238317757009345,-3.122502256758253e-17,-0.032710280373831724,-0.0327102803738317,-2.0816681711721685e-17,False,False,True,False,False,True,21.4,21.4,0.0,20.89,20.89,0.0,20.7,20.7,0.0,True,ok,per_row,,
600851_2026-06-24,600851,2026-06-25,post,TRAIN_PRIMARY,-0.008403361344537785,-0.0084033613445377,-8.500145032286355e-17,-0.06827731092436984,-0.0672268907563024,-0.0010504201680674452,False,False,True,True,True,True,9.52,9.52,0.0,9.44,9.44,0.0,8.87,8.88,-0.010000000000001563,True,ok,per_row,,
600909_2026-06-25,600909,2026-06-25,d0,TRAIN_PRIMARY,0.07000000000000006,0.07,5.551115123125783e-17,-0.023333333333333317,-0.0233333333333333,-1.734723475976807e-17,True,True,True,False,False,True,12.0,12.0,0.0,12.84,12.84,0.0,11.72,11.72,0.0,True,ok,per_row,,
601869_2026-06-24,601869,2026-06-25,post,TRAIN_PRIMARY,-0.028102712938220087,-0.02810271293822,-8.673617379884035e-17,-0.062010016458138084,-0.0671952147521546,0.0051851982940165214,False,False,True,True,True,True,565.07,565.07,0.0,549.19,549.19,0.0,530.03,527.1,2.92999999999995,True,ok,per_row,,
603082_2026-06-23,603082,2026-06-25,post,TRAIN_PRIMARY,-0.010850310008857278,-0.0108503100088572,-7.806255641895632e-17,-0.06089459698848543,-0.0608945969884854,-2.7755575615628914e-17,False,False,True,True,True,True,45.16,45.16,0.0,44.67,44.67,0.0,42.41,42.41,0.0,True,ok,per_row,,
603380_2026-06-23,603380,2026-06-25,post,TRAIN_PRIMARY,0.04084380610412919,0.0408438061041291,9.020562075079397e-17,-0.04151705565529629,-0.0415170556552962,-8.326672684688674e-17,False,False,True,False,False,True,44.56,44.56,0.0,46.38,46.38,0.0,42.71,42.71,0.0,True,ok,per_row,,
603663_2026-06-23,603663,2026-06-25,post,TRAIN_PRIMARY,0.0025398760540484844,0.0025398760540484,8.456776945386935e-17,-0.024890785329675924,-0.0248907853296759,-2.42861286636753e-17,False,False,True,False,False,True,98.43,98.43,0.0,98.68,98.68,0.0,95.98,95.98,0.0,True,ok,per_row,,
603757_2026-06-24,603757,2026-06-25,post,TRAIN_PRIMARY,0.06338028169014076,0.0633802816901407,5.551115123125783e-17,-0.00845070422535199,-0.0084507042253519,-9.020562075079397e-17,False,False,True,False,False,True,71.0,71.0,0.0,75.5,75.5,0.0,70.4,70.4,0.0,True,ok,per_row,,
603938_2026-06-25,603938,2026-06-25,d0,TRAIN_PRIMARY,0.17422502870264034,0.1742250287026403,2.7755575615628914e-17,0.0377439724454649,0.0760619977037886,-0.0383180252583237,True,True,True,False,False,True,69.68,69.68,0.0,81.82,81.82,0.0,72.31,74.98,-2.6700000000000017,True,ok,per_row,,
605069_2026-06-25,605069,2026-06-25,d0,TRAIN_PRIMARY,0.10833333333333339,0.1083333333333333,9.71445146547012e-17,0.09513888888888888,0.0951388888888888,8.326672684688674e-17,True,True,True,False,False,True,14.4,14.4,0.0,15.96,15.96,0.0,15.77,15.77,0.0,True,ok,per_row,,
605377_2026-06-24,605377,2026-06-25,post,TRAIN_PRIMARY,0.05660377358490565,0.0566037735849056,4.85722573273506e-17,0.05660377358490565,0.0566037735849056,4.85722573273506e-17,False,False,True,False,False,True,9.01,9.01,0.0,9.52,9.52,0.0,9.52,9.52,0.0,True,ok,per_row,,
605580_2026-06-24,605580,2026-06-25,post,TRAIN_PRIMARY,0.008620689655172376,0.0086206896551723,7.632783294297951e-17,-0.04999999999999993,-0.0499999999999999,-3.469446951953614e-17,False,False,True,False,False,True,29.0,29.0,0.0,29.25,29.25,0.0,27.55,27.55,0.0,True,ok,per_row,,
000070_2026-06-24,000070,2026-06-26,post,EXCLUDED_QUALITY,,-0.0429419826404751,,,-0.0479671082686158,,False,False,,False,False,,21.89,21.89,0.0,,20.95,,,20.84,,False,d3_high_invalid|d3_close_invalid,per_row,,
000566_2026-06-25,000566,2026-06-26,post,TRAIN_PRIMARY,0.24129353233830875,0.2412935323383087,5.551115123125783e-17,0.24129353233830875,0.2412935323383087,5.551115123125783e-17,True,True,True,False,False,True,4.02,4.02,0.0,4.99,4.99,0.0,4.99,4.99,0.0,True,ok,per_row,,
000571_2026-06-24,000571,2026-06-26,post,TRAIN_PRIMARY,0.0488958990536279,0.0488958990536279,0.0,-0.001577287066246047,-0.001577287066246,-4.705437428587089e-17,False,False,True,False,False,True,6.34,6.34,0.0,6.65,6.65,0.0,6.33,6.33,0.0,True,ok,per_row,,
000783_2026-06-24,000783,2026-06-26,post,EXCLUDED_QUALITY,,0.0327533265097237,,,-0.0020470829068577,,False,False,,False,False,,9.77,9.77,0.0,,10.09,,,9.75,,False,d3_high_invalid|d3_close_invalid,per_row,,
000818_2026-06-26,000818,2026-06-26,d0,TRAIN_PRIMARY,0.07795100222717144,0.0779510022271714,4.163336342344337e-17,0.07795100222717144,0.0779510022271714,4.163336342344337e-17,True,True,True,False,False,True,13.47,13.47,0.0,14.52,14.52,0.0,14.52,14.52,0.0,True,ok,per_row,,
002025_2026-06-26,002025,2026-06-26,d0,TRAIN_PRIMARY,0.07013698630136989,0.0701369863013698,8.326672684688674e-17,0.044109589041095854,0.0441095890410958,5.551115123125783e-17,True,True,True,False,False,True,73.0,73.0,0.0,78.12,78.12,0.0,76.22,76.22,0.0,True,ok,per_row,,
002068_2026-06-24,002068,2026-06-26,post,TRAIN_PRIMARY,0.03219315895372232,0.0321931589537223,2.0816681711721685e-17,0.008048289738430636,0.0080482897384306,3.642919299551295e-17,False,False,True,False,False,True,14.91,14.91,0.0,15.39,15.39,0.0,15.03,15.03,0.0,True,ok,per_row,,
002080_2026-06-26,002080,2026-06-26,d0,TRAIN_PRIMARY,-0.05252525252525253,-0.0525252525252525,-2.7755575615628914e-17,-0.09090909090909094,-0.0909090909090909,-4.163336342344337e-17,False,False,True,True,True,True,99.0,99.0,0.0,93.8,93.8,0.0,90.0,90.0,0.0,True,ok,per_row,,
002254_2026-06-26,002254,2026-06-26,d0,EXCLUDED_QUALITY,,-0.0259740259740259,,,-0.055064935064935,,False,False,,False,True,,19.25,19.25,0.0,,18.75,,,18.19,,False,d3_high_invalid|d3_close_invalid,per_row,,
002580_2026-06-25,002580,2026-06-26,post,TRAIN_PRIMARY,-0.02800734618916434,-0.0280073461891643,-3.8163916471489756e-17,-0.07438016528925628,-0.0743801652892562,-8.326672684688674e-17,False,False,True,True,True,True,21.78,21.78,0.0,21.17,21.17,0.0,20.16,20.16,0.0,True,ok,per_row,,
002584_2026-06-25,002584,2026-06-26,post,TRAIN_PRIMARY,-0.016410256410256396,-0.0164102564102563,-9.71445146547012e-17,-0.027692307692307683,-0.0276923076923076,-8.326672684688674e-17,False,False,True,False,False,True,9.75,9.75,0.0,9.59,9.59,0.0,9.48,9.48,0.0,True,ok,per_row,,
002631_2026-06-25,002631,2026-06-26,post,TRAIN_PRIMARY,0.14969450101832993,0.1496945010183299,2.7755575615628914e-17,0.14969450101832993,0.1496945010183299,2.7755575615628914e-17,True,True,True,False,False,True,9.82,9.82,0.0,11.29,11.29,0.0,11.29,11.29,0.0,True,ok,per_row,,
002672_2026-06-24,002672,2026-06-26,post,EXCLUDED_QUALITY,,0.0057803468208093,,,-0.0520231213872832,,False,False,,False,True,,3.46,3.46,0.0,,3.48,,,3.28,,False,d3_high_invalid|d3_close_invalid,per_row,,
002687_2026-06-25,002687,2026-06-26,post,TRAIN_PRIMARY,0.18243243243243223,0.1824324324324322,2.7755575615628914e-17,0.18018018018018012,0.1801801801801801,2.7755575615628914e-17,True,True,True,False,False,True,4.44,4.44,0.0,5.25,5.25,0.0,5.24,5.24,0.0,True,ok,per_row,,
002830_2026-06-24,002830,2026-06-26,post,TRAIN_PRIMARY,0.060736196319018276,0.0607361963190182,7.632783294297951e-17,0.060736196319018276,0.0607361963190182,7.632783294297951e-17,False,False,True,False,False,True,16.3,16.3,0.0,17.29,17.29,0.0,17.29,17.29,0.0,True,ok,per_row,,
002990_2026-06-26,002990,2026-06-26,d0,EXCLUDED_QUALITY,,0.0863836017569548,,,0.0515107147610809,,False,True,,False,False,,75.13,75.13,0.0,,81.62,,,79.0,,False,d3_high_invalid|d3_close_invalid,per_row,,
600141_2026-06-26,600141,2026-06-26,d0,EXCLUDED_QUALITY,,-0.0441767068273091,,,-0.0568273092369477,,False,False,,False,True,,49.8,49.8,0.0,,47.6,,,46.97,,False,d3_high_invalid|d3_close_invalid,per_row,,
600172_2026-06-24,600172,2026-06-26,post,TRAIN_PRIMARY,0.010137149672033496,0.0101371496720334,9.71445146547012e-17,0.0017889087656530744,0.001788908765653,7.43762690325056e-17,False,False,True,False,False,True,16.77,16.77,0.0,16.94,16.94,0.0,16.8,16.8,0.0,True,ok,per_row,,
600322_2026-06-24,600322,2026-06-26,post,EXCLUDED_QUALITY,,0.0337078651685391,,,0.0262172284644195,,False,False,,False,False,,2.67,2.67,0.0,,2.76,,,2.74,,False,d3_high_invalid|d3_close_invalid,per_row,,
600379_2026-06-25,600379,2026-06-26,post,TRAIN_PRIMARY,0.05090655509065556,0.0509065550906555,5.551115123125783e-17,0.05090655509065556,0.0509065550906555,5.551115123125783e-17,False,False,True,False,False,True,14.34,14.34,0.0,15.07,15.07,0.0,15.07,15.07,0.0,True,ok,per_row,,
600400_2026-06-24,600400,2026-06-26,post,EXCLUDED_QUALITY,,0.0557275541795665,,,0.0185758513931888,,False,False,,False,False,,3.23,3.23,0.0,,3.41,,,3.29,,False,d3_high_invalid|d3_close_invalid,per_row,,
600470_2026-06-24,600470,2026-06-26,post,TRAIN_PRIMARY,-0.02614379084967322,-0.0261437908496732,-2.0816681711721685e-17,-0.05228758169934644,-0.0522875816993464,-4.163336342344337e-17,False,False,True,True,True,True,6.12,6.12,0.0,5.96,5.96,0.0,5.8,5.8,0.0,True,ok,per_row,,
600584_2026-06-26,600584,2026-06-26,d0,TRAIN_PRIMARY,0.0200970873786408,0.0200970873786408,0.0,0.005339805825242738,0.0053398058252427,3.8163916471489756e-17,False,False,True,False,False,True,103.0,103.0,0.0,105.07,105.07,0.0,103.55,103.55,0.0,True,ok,per_row,,
600667_2026-06-26,600667,2026-06-26,d0,TRAIN_PRIMARY,0.06681034482758608,0.066810344827586,8.326672684688674e-17,0.04813218390804597,0.0481321839080459,6.938893903907228e-17,False,False,True,False,False,True,27.84,27.84,0.0,29.7,29.7,0.0,29.18,29.18,0.0,True,ok,per_row,,
600851_2026-06-24,600851,2026-06-26,post,EXCLUDED_QUALITY,,0.1025641025641026,,,0.1001221001221002,,False,True,,False,False,,8.19,8.19,0.0,,9.03,,,9.01,,False,d3_high_invalid|d3_close_invalid,per_row,,
600909_2026-06-25,600909,2026-06-26,post,TRAIN_PRIMARY,-0.07069102462271648,-0.0706910246227164,-8.326672684688674e-17,-0.11755361397934871,-0.1175536139793487,-1.3877787807814457e-17,False,False,True,True,True,True,12.59,12.59,0.0,11.7,11.7,0.0,11.11,11.11,0.0,True,ok,per_row,,
601869_2026-06-24,601869,2026-06-26,post,EXCLUDED_QUALITY,,0.0127071823204418,,,0.0053406998158378,,False,False,,False,False,,543.0,543.0,0.0,,549.9,,,545.9,,False,d3_high_invalid|d3_close_invalid,per_row,,
603678_2026-06-26,603678,2026-06-26,d0,TRAIN_PRIMARY,0.04160019634310963,0.0416001963431096,2.7755575615628914e-17,0.01852988096698982,0.0185298809669898,2.0816681711721685e-17,False,False,True,False,False,True,81.49,81.49,0.0,84.88,84.88,0.0,83.0,83.0,0.0,True,ok,per_row,,
603713_2026-06-26,603713,2026-06-26,d0,TRAIN_PRIMARY,-0.029380902413431165,-0.0293809024134311,-6.591949208711867e-17,-0.0665005246589716,-0.0665005246589716,0.0,False,False,True,True,True,True,76.24,76.24,0.0,74.0,74.0,0.0,71.17,71.17,0.0,True,ok,per_row,,
603757_2026-06-24,603757,2026-06-26,post,TRAIN_PRIMARY,0.07179846046186134,0.0717984604618613,4.163336342344337e-17,0.06032190342897126,0.0603219034289712,5.551115123125783e-17,True,True,True,False,False,True,71.45,71.45,0.0,76.58,76.58,0.0,75.76,75.76,0.0,True,ok,per_row,,
603929_2026-06-26,603929,2026-06-26,d0,TRAIN_PRIMARY,0.04767856486416955,0.0476785648641695,4.85722573273506e-17,-3.676065139868179e-05,-3.676065139868179e-05,0.0,False,False,True,False,False,True,272.03,272.03,0.0,285.0,285.0,0.0,272.02,272.02,0.0,True,ok,per_row,,
603938_2026-06-25,603938,2026-06-26,post,EXCLUDED_QUALITY,,-0.0329454830696822,,,-0.0632762452608183,,False,False,,False,True,,76.49,76.49,0.0,,73.97,,,71.65,,False,d3_high_invalid|d3_close_invalid,per_row,,
603989_2026-06-26,603989,2026-06-26,d0,TRAIN_PRIMARY,-0.04196428571428579,-0.0419642857142857,-9.020562075079397e-17,-0.0625,-0.0625,0.0,False,False,True,True,True,True,56.0,56.0,0.0,53.65,53.65,0.0,52.5,52.5,0.0,True,ok,per_row,,
605069_2026-06-25,605069,2026-06-26,post,TRAIN_PRIMARY,0.1157190635451506,0.1157190635451506,0.0,0.10234113712374593,0.1023411371237459,2.7755575615628914e-17,True,True,True,False,False,True,14.95,14.95,0.0,16.68,16.68,0.0,16.48,16.48,0.0,True,ok,per_row,,
605377_2026-06-24,605377,2026-06-26,post,TRAIN_PRIMARY,0.1200923787528867,0.1200923787528867,0.0,0.07390300230946889,0.0739030023094688,9.71445146547012e-17,True,True,True,False,False,True,8.66,8.66,0.0,9.7,9.7,0.0,9.3,9.3,0.0,True,ok,per_row,,
605580_2026-06-24,605580,2026-06-26,post,EXCLUDED_QUALITY,,-0.004231311706629,,,-0.0264456981664316,,False,False,,False,False,,28.36,28.36,0.0,,28.24,,,27.61,,False,d3_high_invalid|d3_close_invalid,per_row,,
000818_2026-06-26,000818,2026-06-29,post,TRAIN_PRIMARY,0.16055045871559637,0.1605504587155963,5.551115123125783e-17,0.1353211009174311,0.1353211009174311,0.0,True,True,True,False,False,True,13.08,13.08,0.0,15.18,15.18,0.0,14.85,14.85,0.0,True,ok,per_row,,
000823_2026-06-29,000823,2026-06-29,d0,EXCLUDED_QUALITY,,0.0925280681378242,,,0.0065814943863724,,False,True,,False,False,,25.83,25.83,0.0,,28.22,,,26.0,,False,d3_high_invalid|d3_close_invalid,per_row,,
002025_2026-06-26,002025,2026-06-29,post,TRAIN_PRIMARY,0.11469387755102045,0.1146938775510204,5.551115123125783e-17,0.09115646258503407,0.091156462585034,6.938893903907228e-17,True,True,True,False,False,True,73.5,73.5,0.0,81.93,81.93,0.0,80.2,80.2,0.0,True,ok,per_row,,
002080_2026-06-26,002080,2026-06-29,post,TRAIN_PRIMARY,0.046666666666666634,0.0466666666666666,3.469446951953614e-17,-0.014444444444444371,-0.0144444444444443,-7.112366251504909e-17,False,False,True,False,False,True,90.0,90.0,0.0,94.2,94.2,0.0,88.7,88.7,0.0,True,ok,per_row,,
002141_2026-06-29,002141,2026-06-29,d0,TRAIN_PRIMARY,0.019607843137255054,0.019607843137255,5.551115123125783e-17,-0.045098039215686225,-0.0450980392156862,-2.7755575615628914e-17,False,False,True,False,False,True,5.1,5.1,0.0,5.2,5.2,0.0,4.87,4.87,0.0,True,ok,per_row,,
002254_2026-06-26,002254,2026-06-29,post,EXCLUDED_QUALITY,,0.0182724252491695,,,-0.0426356589147286,,False,False,,False,False,,,18.06,,,18.39,,,17.29,,False,d2_no_bar_without_proof(exp=2026-06-30)|d3_no_bar_without_proof(exp=2026-07-01)|d2_open_invalid|d3_high_invalid|d3_close_invalid,per_row,,
002580_2026-06-25,002580,2026-06-29,post,TRAIN_PRIMARY,-0.011996161228406965,-0.0119961612284069,-6.591949208711867e-17,-0.03262955854126681,-0.0326295585412668,-1.3877787807814457e-17,False,False,True,False,False,True,20.84,20.84,0.0,20.59,20.59,0.0,20.16,20.16,0.0,True,ok,per_row,,
002584_2026-06-25,002584,2026-06-29,post,TRAIN_PRIMARY,0.10273224043715845,0.1027322404371584,5.551115123125783e-17,0.09289617486338786,0.0928961748633878,5.551115123125783e-17,True,True,True,False,False,True,9.15,9.15,0.0,10.09,10.09,0.0,10.0,10.0,0.0,True,ok,per_row,,
002631_2026-06-25,002631,2026-06-29,post,TRAIN_PRIMARY,0.1715116279069766,0.1715116279069766,0.0,0.11240310077519378,0.1124031007751937,6.938893903907228e-17,True,True,True,False,False,True,10.32,10.32,0.0,12.09,12.09,0.0,11.48,11.48,0.0,True,ok,per_row,,
002965_2026-06-29,002965,2026-06-29,d0,EXCLUDED_QUALITY,,0.1007673667205169,,,0.0282714054927302,,False,True,,False,False,,49.52,49.52,0.0,,54.51,,,50.92,,False,d3_high_invalid|d3_close_invalid,per_row,,
002990_2026-06-26,002990,2026-06-29,post,EXCLUDED_QUALITY,,0.0788177339901479,,,0.0424710424710423,,False,True,,False,False,,,75.11,,,81.03,,,78.3,,False,d2_no_bar_without_proof(exp=2026-06-30)|d3_no_bar_without_proof(exp=2026-07-01)|d2_open_invalid|d3_high_invalid|d3_close_invalid,per_row,,
600141_2026-06-26,600141,2026-06-29,post,EXCLUDED_QUALITY,,0.0617204301075269,,,-0.0178494623655913,,False,False,,False,False,,,46.5,,,49.37,,,45.67,,False,d2_no_bar_without_proof(exp=2026-06-30)|d3_no_bar_without_proof(exp=2026-07-01)|d2_open_invalid|d3_high_invalid|d3_close_invalid,per_row,,
600228_2026-06-29,600228,2026-06-29,d0,TRAIN_PRIMARY,-0.07931726907630532,-0.0793172690763053,-1.3877787807814457e-17,-0.15963855421686757,-0.1596385542168675,-5.551115123125783e-17,False,False,True,True,True,True,9.96,9.96,0.0,9.17,9.17,0.0,8.37,8.37,0.0,True,ok,per_row,,
600379_2026-06-25,600379,2026-06-29,post,TRAIN_PRIMARY,0.15905743740795297,0.1590574374079529,8.326672684688674e-17,0.13254786450662737,0.1325478645066273,5.551115123125783e-17,True,True,True,False,False,True,13.58,13.58,0.0,15.74,15.74,0.0,15.38,15.38,0.0,True,ok,per_row,,
600584_2026-06-26,600584,2026-06-29,post,TRAIN_PRIMARY,0.09694935334188948,0.0969493533418894,8.326672684688674e-17,0.05281863954980737,0.0528186395498073,6.938893903907228e-17,True,True,True,False,False,True,101.29,101.29,0.0,111.11,111.11,0.0,106.64,106.64,0.0,True,ok,per_row,,
600667_2026-06-26,600667,2026-06-29,post,TRAIN_PRIMARY,0.148068669527897,0.148068669527897,0.0,0.148068669527897,0.148068669527897,0.0,True,True,True,False,False,True,27.96,27.96,0.0,32.1,32.1,0.0,32.1,32.1,0.0,True,ok,per_row,,
600909_2026-06-25,600909,2026-06-29,post,TRAIN_PRIMARY,0.06538796861377505,0.065387968613775,5.551115123125783e-17,0.06538796861377505,0.065387968613775,5.551115123125783e-17,False,False,True,False,False,True,11.47,11.47,0.0,12.22,12.22,0.0,12.22,12.22,0.0,True,ok,per_row,,
600962_2026-06-29,600962,2026-06-29,d0,TRAIN_PRIMARY,0.07510288065843618,0.0751028806584361,8.326672684688674e-17,0.0065157750342936804,0.0065157750342936,8.066464163292153e-17,True,True,True,False,False,True,29.16,29.16,0.0,31.35,31.35,0.0,29.35,29.35,0.0,True,ok,per_row,,
603678_2026-06-26,603678,2026-06-29,post,TRAIN_PRIMARY,0.14124999999999988,0.1412499999999998,8.326672684688674e-17,0.09375,0.09375,0.0,True,True,True,False,False,True,80.0,80.0,0.0,91.3,91.3,0.0,87.5,87.5,0.0,True,ok,per_row,,
603713_2026-06-26,603713,2026-06-29,post,TRAIN_PRIMARY,0.05557080131723402,0.055570801317234,2.0816681711721685e-17,0.05172886937431409,0.051728869374314,9.020562075079397e-17,False,False,True,False,False,True,72.88,72.88,0.0,76.93,76.93,0.0,76.65,76.65,0.0,True,ok,per_row,,
603929_2026-06-26,603929,2026-06-29,post,TRAIN_PRIMARY,-0.02002317329278014,-0.0200231732927801,-3.8163916471489756e-17,-0.06651459193279752,-0.0665145919327975,-1.3877787807814457e-17,False,False,True,True,True,True,276.18,276.18,0.0,270.65,270.65,0.0,257.81,257.81,0.0,True,ok,per_row,,
603989_2026-06-26,603989,2026-06-29,post,TRAIN_PRIMARY,0.04870738104158856,0.0487073810415885,6.245004513516506e-17,-0.047396028475084284,-0.0473960284750842,-8.326672684688674e-17,False,False,True,False,False,True,53.38,53.38,0.0,55.98,55.98,0.0,50.85,50.85,0.0,True,ok,per_row,,
605069_2026-06-25,605069,2026-06-29,post,TRAIN_PRIMARY,0.0685019206145967,0.0685019206145967,0.0,0.013444302176696565,0.0134443021766965,6.591949208711867e-17,False,False,True,False,False,True,15.62,15.62,0.0,16.69,16.69,0.0,15.83,15.83,0.0,True,ok,per_row,,
000823_2026-06-29,000823,2026-06-30,post,EXCLUDED_QUALITY,,-0.0284600389863546,,,-0.087719298245614,,False,False,,False,True,,,25.65,,,24.92,,,23.4,,False,d2_no_bar_without_proof(exp=2026-07-01)|d3_no_bar_without_proof(exp=2026-07-02)|d2_open_invalid|d3_high_invalid|d3_close_invalid,per_row,,
002025_2026-06-26,002025,2026-06-30,post,TRAIN_PRIMARY,0.15223097112860895,0.1522309711286089,5.551115123125783e-17,0.09055118110236204,0.090551181102362,4.163336342344337e-17,True,True,True,False,False,True,76.2,76.2,0.0,87.8,87.8,0.0,83.1,83.1,0.0,True,ok,per_row,,
002080_2026-06-26,002080,2026-06-30,post,TRAIN_PRIMARY,-0.06666666666666665,-0.0666666666666666,-5.551115123125783e-17,-0.1159139784946237,-0.1159139784946237,0.0,False,False,True,True,True,True,93.0,93.0,0.0,86.8,86.8,0.0,82.22,82.22,0.0,True,ok,per_row,,
002141_2026-06-29,002141,2026-06-30,post,TRAIN_PRIMARY,-0.05996131528046411,-0.0599613152804641,-1.3877787807814457e-17,-0.09671179883945846,-0.0967117988394584,-6.938893903907228e-17,False,False,True,True,True,True,5.17,5.17,0.0,4.86,4.86,0.0,4.67,4.67,0.0,True,ok,per_row,,
002180_2026-06-30,002180,2026-06-30,d0,TRAIN_PRIMARY,0.019452887537994012,0.019452887537994,1.3877787807814457e-17,-0.00547112462006083,-0.0054711246200608,-2.949029909160572e-17,False,False,True,False,False,True,16.45,16.45,0.0,16.77,16.77,0.0,16.36,16.36,0.0,True,ok,per_row,,
002568_2026-06-30,002568,2026-06-30,d0,TRAIN_PRIMARY,0.04306784660766971,0.0430678466076697,1.3877787807814457e-17,0.011209439528023779,0.0112094395280237,7.979727989493313e-17,False,False,True,False,False,True,16.95,16.95,0.0,17.68,17.68,0.0,17.14,17.14,0.0,True,ok,per_row,,
002965_2026-06-29,002965,2026-06-30,post,EXCLUDED_QUALITY,,-0.0173831775700934,,,-0.0433644859813083,,False,False,,False,False,,,53.5,,,52.57,,,51.18,,False,d2_no_bar_without_proof(exp=2026-07-01)|d3_no_bar_without_proof(exp=2026-07-02)|d2_open_invalid|d3_high_invalid|d3_close_invalid,per_row,,
600228_2026-06-29,600228,2026-06-30,post,TRAIN_PRIMARY,-0.07555555555555549,-0.0755555555555554,-8.326672684688674e-17,-0.16333333333333333,-0.1633333333333333,-2.7755575615628914e-17,False,False,True,True,True,True,9.0,9.0,0.0,8.32,8.32,0.0,7.53,7.53,0.0,True,ok,per_row,,
600584_2026-06-26,600584,2026-06-30,post,TRAIN_PRIMARY,-0.042654028436018954,-0.0426540284360189,-5.551115123125783e-17,-0.09023696682464455,-0.0902369668246445,-5.551115123125783e-17,False,False,True,True,True,True,105.5,105.5,0.0,101.0,101.0,0.0,95.98,95.98,0.0,True,ok,per_row,,
600667_2026-06-26,600667,2026-06-30,post,TRAIN_PRIMARY,0.07588357588357586,0.0758835758835758,5.551115123125783e-17,0.0010395010395010118,0.001039501039501,1.1709383462843448e-17,True,True,True,False,False,True,28.86,28.86,0.0,31.05,31.05,0.0,28.89,28.89,0.0,True,ok,per_row,,
600962_2026-06-29,600962,2026-06-30,post,TRAIN_PRIMARY,0.03413444792755138,0.0341344479275513,8.326672684688674e-17,-0.00766283524904221,-0.0076628352490422,-1.0408340855860843e-17,False,False,True,False,False,True,28.71,28.71,0.0,29.69,29.69,0.0,28.49,28.49,0.0,True,ok,per_row,,
601133_2026-06-30,601133,2026-06-30,d0,TRAIN_PRIMARY,-0.0627906976744187,-0.0627906976744187,0.0,-0.11744186046511618,-0.1174418604651161,-8.326672684688674e-17,False,False,True,True,True,True,43.0,43.0,0.0,40.3,40.3,0.0,37.95,37.95,0.0,True,ok,per_row,,
603155_2026-06-30,603155,2026-06-30,d0,TRAIN_PRIMARY,0.11202872531418295,0.1120287253141829,5.551115123125783e-17,0.032675044883303306,0.0326750448833033,6.938893903907228e-18,True,True,True,False,False,True,27.85,27.85,0.0,30.97,30.97,0.0,28.76,28.76,0.0,True,ok,per_row,,
603163_2026-06-30,603163,2026-06-30,d0,TRAIN_PRIMARY,-0.028716216216216228,-0.0287162162162162,-2.7755575615628914e-17,-0.12432432432432439,-0.1243243243243243,-8.326672684688674e-17,False,False,True,True,True,True,148.0,148.0,0.0,143.75,143.75,0.0,129.6,129.6,0.0,True,ok,per_row,,
603650_2026-06-30,603650,2026-06-30,d0,TRAIN_PRIMARY,0.0474406991260925,0.0474406991260925,0.0,0.016541822721597876,0.0165418227215978,7.632783294297951e-17,False,False,True,False,False,True,96.12,96.12,0.0,100.68,100.68,0.0,97.71,97.71,0.0,True,ok,per_row,,
603678_2026-06-26,603678,2026-06-30,post,TRAIN_PRIMARY,-0.030373831775700855,-0.0303738317757008,-5.551115123125783e-17,-0.050584112149532734,-0.0505841121495327,-3.469446951953614e-17,False,False,True,True,True,True,85.6,85.6,0.0,83.0,83.0,0.0,81.27,81.27,0.0,True,ok,per_row,,
603713_2026-06-26,603713,2026-06-30,post,TRAIN_PRIMARY,0.062073764787752284,0.0620737647877522,8.326672684688674e-17,0.0025052192066807866,0.0025052192066807,8.673617379884035e-17,False,False,True,False,False,True,71.85,71.85,0.0,76.31,76.31,0.0,72.03,72.03,0.0,True,ok,per_row,,
603929_2026-06-26,603929,2026-06-30,post,TRAIN_PRIMARY,-0.07166728555514301,-0.071667285555143,-1.3877787807814457e-17,-0.12877831414779062,-0.1287783141477906,-2.7755575615628914e-17,False,False,True,True,True,True,269.3,269.3,0.0,250.0,250.0,0.0,234.62,234.62,0.0,True,ok,per_row,,
603956_2026-06-30,603956,2026-06-30,d0,TRAIN_PRIMARY,0.03953871499176276,0.0395387149917627,5.551115123125783e-17,-0.03130148270181221,-0.0313014827018122,-1.3877787807814457e-17,False,False,True,False,False,True,6.07,6.07,0.0,6.31,6.31,0.0,5.88,5.88,0.0,True,ok,per_row,,
603989_2026-06-26,603989,2026-06-30,post,TRAIN_PRIMARY,-0.06766917293233077,-0.0676691729323307,-6.938893903907228e-17,-0.12653585182468363,-0.1265358518246836,-2.7755575615628914e-17,False,False,True,True,True,True,54.53,54.53,0.0,50.84,50.84,0.0,47.63,47.63,0.0,True,ok,per_row,,
000017_2026-07-01,000017,2026-07-01,d0,TRAIN_PRIMARY,0.02796052631578938,0.0279605263157893,7.979727989493313e-17,0.00164473684210531,0.0016447368421053,9.974659986866641e-18,False,False,True,False,False,True,6.08,6.08,0.0,6.25,6.25,0.0,6.09,6.09,0.0,True,ok,per_row,,
001229_2026-07-01,001229,2026-07-01,d0,TRAIN_PRIMARY,0.06801216477743988,0.0680121647774398,6.938893903907228e-17,-0.02460602709427706,-0.024606027094277,-6.245004513516506e-17,False,False,True,False,False,True,36.17,36.17,0.0,38.63,38.63,0.0,35.28,35.28,0.0,True,ok,per_row,,
002141_2026-06-29,002141,2026-07-01,post,TRAIN_PRIMARY,0.11739130434782608,0.117391304347826,6.938893903907228e-17,0.11739130434782608,0.117391304347826,6.938893903907228e-17,True,True,True,False,False,True,4.6,4.6,0.0,5.14,5.14,0.0,5.14,5.14,0.0,True,ok,per_row,,
002180_2026-06-30,002180,2026-07-01,post,TRAIN_PRIMARY,0.06168224299065406,0.061682242990654,5.551115123125783e-17,0.019937694704049935,0.0199376947040499,3.469446951953614e-17,False,False,True,False,False,True,16.05,16.05,0.0,17.04,17.04,0.0,16.37,16.37,0.0,True,ok,per_row,,
002208_2026-07-01,002208,2026-07-01,d0,TRAIN_PRIMARY,0.04062500000000013,0.0406250000000001,3.469446951953614e-17,0.0010416666666666075,0.0010416666666666,7.37257477290143e-18,False,False,True,False,False,True,19.2,19.2,0.0,19.98,19.98,0.0,19.22,19.22,0.0,True,ok,per_row,,
002568_2026-06-30,002568,2026-07-01,post,TRAIN_PRIMARY,0.005175388154111449,0.0051753881541114,4.85722573273506e-17,-0.030477285796434828,-0.0304772857964348,-2.7755575615628914e-17,False,False,True,False,False,True,17.39,17.39,0.0,17.48,17.48,0.0,16.86,16.86,0.0,True,ok,per_row,,
002628_2026-07-01,002628,2026-07-01,d0,TRAIN_PRIMARY,0.014625228519195677,0.0146252285191956,7.632783294297951e-17,-0.01279707495429605,-0.012797074954296,-5.0306980803327406e-17,False,False,True,False,False,True,5.47,5.47,0.0,5.55,5.55,0.0,5.4,5.4,0.0,True,ok,per_row,,
002638_2026-07-01,002638,2026-07-01,d0,TRAIN_PRIMARY,-0.02314814814814825,-0.0231481481481482,-5.204170427930421e-17,-0.07175925925925941,-0.0717592592592594,-1.3877787807814457e-17,False,False,True,True,True,True,4.32,4.32,0.0,4.22,4.22,0.0,4.01,4.01,0.0,True,ok,per_row,,
003043_2026-07-01,003043,2026-07-01,d0,TRAIN_PRIMARY,0.0700453234445817,0.0700453234445817,0.0,0.030799340749896986,0.0307993407498969,8.673617379884035e-17,True,True,True,False,False,True,97.08,97.08,0.0,103.88,103.88,0.0,100.07,100.07,0.0,True,ok,per_row,,
600228_2026-06-29,600228,2026-07-01,post,TRAIN_PRIMARY,-0.08620689655172409,-0.086206896551724,-8.326672684688674e-17,-0.11206896551724133,-0.1120689655172413,-2.7755575615628914e-17,False,False,True,True,True,True,8.12,8.12,0.0,7.42,7.42,0.0,7.21,7.21,0.0,True,ok,per_row,,
600363_2026-07-01,600363,2026-07-01,d0,TRAIN_PRIMARY,0.05621805792163559,0.0562180579216355,9.020562075079397e-17,0.04514480408858623,0.0451448040885862,3.469446951953614e-17,False,False,True,False,False,True,35.22,35.22,0.0,37.2,37.2,0.0,36.81,36.81,0.0,True,ok,per_row,,
600378_2026-07-01,600378,2026-07-01,d0,TRAIN_PRIMARY,0.11704205181616967,0.1170420518161696,6.938893903907228e-17,-0.010415310506444397,-0.0104153105064443,-9.71445146547012e-17,True,True,True,False,False,True,76.81,76.81,0.0,85.8,85.8,0.0,76.01,76.01,0.0,True,ok,per_row,,
600707_2026-07-01,600707,2026-07-01,d0,TRAIN_PRIMARY,-0.022560975609755896,-0.0225609756097558,-9.71445146547012e-17,-0.0841463414634146,-0.0841463414634146,0.0,False,False,True,True,True,True,16.4,16.4,0.0,16.03,16.03,0.0,15.02,15.02,0.0,True,ok,per_row,,
600962_2026-06-29,600962,2026-07-01,post,TRAIN_PRIMARY,0.017487508922198414,0.0174875089221984,1.3877787807814457e-17,-0.03640256959314769,-0.0364025695931476,-9.020562075079397e-17,False,False,True,False,False,True,28.02,28.02,0.0,28.51,28.51,0.0,27.0,27.0,0.0,True,ok,per_row,,
601133_2026-06-30,601133,2026-07-01,post,TRAIN_PRIMARY,0.0007698229407235857,0.0007698229407235,8.565197162635485e-17,-0.040800615858352485,-0.0408006158583524,-8.326672684688674e-17,False,False,True,False,False,True,38.97,38.97,0.0,39.0,39.0,0.0,37.38,37.38,0.0,True,ok,per_row,,
603033_2026-07-01,603033,2026-07-01,d0,TRAIN_PRIMARY,0.06237623762376243,0.0623762376237624,3.469446951953614e-17,-0.014851485148514865,-0.0148514851485148,-6.418476861114186e-17,False,False,True,False,False,True,10.1,10.1,0.0,10.73,10.73,0.0,9.95,9.95,0.0,True,ok,per_row,,
603061_2026-07-01,603061,2026-07-01,d0,TRAIN_PRIMARY,0.008453608247422695,0.0084536082474226,9.540979117872439e-17,-0.02529896907216489,-0.0252989690721648,-9.020562075079397e-17,False,False,True,False,False,True,485.0,485.0,0.0,489.1,489.1,0.0,472.73,472.73,0.0,True,ok,per_row,,
603155_2026-06-30,603155,2026-07-01,post,TRAIN_PRIMARY,0.012923506811037377,0.0129235068110373,7.806255641895632e-17,-0.06112469437652812,-0.0611246943765281,-2.0816681711721685e-17,False,False,True,True,True,True,28.63,28.63,0.0,29.0,29.0,0.0,26.88,26.88,0.0,True,ok,per_row,,
603163_2026-06-30,603163,2026-07-01,post,TRAIN_PRIMARY,-0.03185185185185191,-0.0318518518518519,-6.938893903907228e-18,-0.07111111111111101,-0.071111111111111,-1.3877787807814457e-17,False,False,True,True,True,True,135.0,135.0,0.0,130.7,130.7,0.0,125.4,125.4,0.0,True,ok,per_row,,
603222_2026-07-01,603222,2026-07-01,d0,TRAIN_PRIMARY,0.036407766990291135,0.0364077669902911,3.469446951953614e-17,-0.009708737864077666,-0.0097087378640776,-6.591949208711867e-17,False,False,True,False,False,True,8.24,8.24,0.0,8.54,8.54,0.0,8.16,8.16,0.0,True,ok,per_row,,
603650_2026-06-30,603650,2026-07-01,post,TRAIN_PRIMARY,0.10920526014865639,0.1092052601486563,9.71445146547012e-17,0.018639222412807355,0.0186392224128073,5.551115123125783e-17,True,True,True,False,False,True,87.45,87.45,0.0,97.0,97.0,0.0,89.08,89.08,0.0,True,ok,per_row,,
603928_2026-07-01,603928,2026-07-01,d0,TRAIN_PRIMARY,0.1825633383010432,0.1825633383010432,0.0,0.09538002980625926,0.0953800298062592,5.551115123125783e-17,True,True,True,False,False,True,13.42,13.42,0.0,15.87,15.87,0.0,14.7,14.7,0.0,True,ok,per_row,,
603950_2026-07-01,603950,2026-07-01,d0,TRAIN_PRIMARY,0.05012682691146253,0.0501268269114625,2.7755575615628914e-17,0.01123324072955656,0.0112332407295565,5.898059818321144e-17,False,False,True,False,False,True,82.79,82.79,0.0,86.94,86.94,0.0,83.72,83.72,0.0,True,ok,per_row,,
603956_2026-06-30,603956,2026-07-01,post,TRAIN_PRIMARY,0.07653910149750409,0.076539101497504,9.71445146547012e-17,0.03161397670549082,0.0316139767054908,2.0816681711721685e-17,True,True,True,False,False,True,6.01,6.01,0.0,6.47,6.47,0.0,6.2,6.2,0.0,True,ok,per_row,,
603983_2026-07-01,603983,2026-07-01,d0,TRAIN_PRIMARY,0.032631578947368345,0.0326315789473683,4.163336342344337e-17,0.023157894736842044,0.023157894736842,4.5102810375396984e-17,False,False,True,False,False,True,28.5,28.5,0.0,29.43,29.43,0.0,29.16,29.16,0.0,True,ok,per_row,,
000017_2026-07-01,000017,2026-07-02,post,TRAIN_PRIMARY,0.019933554817275656,0.0199335548172756,5.551115123125783e-17,0.0016611295681063787,0.0016611295681063,7.871307772244762e-17,False,False,True,False,False,True,6.02,6.02,0.0,6.14,6.14,0.0,6.03,6.03,0.0,True,ok,per_row,,
000603_2026-07-02,000603,2026-07-02,d0,TRAIN_PRIMARY,0.0216110019646365,0.0216110019646365,0.0,-0.05225933202357558,-0.0522593320235755,-7.632783294297951e-17,False,False,True,True,True,True,25.45,25.45,0.0,26.0,26.0,0.0,24.12,24.12,0.0,True,ok,per_row,,
000620_2026-07-02,000620,2026-07-02,d0,TRAIN_PRIMARY,0.04619565217391308,0.046195652173913,8.326672684688674e-17,-0.05978260869565222,-0.0597826086956522,-2.0816681711721685e-17,False,False,True,True,True,True,3.68,3.68,0.0,3.85,3.85,0.0,3.46,3.46,0.0,True,ok,per_row,,
001229_2026-07-01,001229,2026-07-02,post,TRAIN_PRIMARY,-0.035990402559317514,-0.0359904025593175,-1.3877787807814457e-17,-0.05918421754198877,-0.0591842175419887,-6.938893903907228e-17,False,False,True,True,True,True,37.51,37.51,0.0,36.16,36.16,0.0,35.29,35.29,0.0,True,ok,per_row,,
001331_2026-07-02,001331,2026-07-02,d0,EXCLUDED_QUALITY,,0.0531830449277663,,,0.0504842038418795,,False,False,,False,False,,62.99,62.99,0.0,,66.34,,,66.17,,False,d3_high_invalid|d3_close_invalid,per_row,,
002053_2026-07-02,002053,2026-07-02,d0,EXCLUDED_QUALITY,,0.0306122448979591,,,-0.0255102040816326,,False,False,,False,False,,9.8,9.8,0.0,,10.1,,,9.55,,False,d3_high_invalid|d3_close_invalid,per_row,,
002167_2026-07-02,002167,2026-07-02,d0,TRAIN_PRIMARY,0.00766283524904221,0.0076628352490422,1.0408340855860843e-17,-0.08275862068965523,-0.0827586206896552,-2.7755575615628914e-17,False,False,True,True,True,True,26.1,26.1,0.0,26.3,26.3,0.0,23.94,23.94,0.0,True,ok,per_row,,
002180_2026-06-30,002180,2026-07-02,post,EXCLUDED_QUALITY,,0.0305250305250304,,,0.0054945054945054,,False,False,,False,False,,16.38,16.38,0.0,,16.88,,,16.47,,False,d3_high_invalid|d3_close_invalid,per_row,,
002208_2026-07-01,002208,2026-07-02,post,TRAIN_PRIMARY,0.014210526315789451,0.0142105263157894,5.204170427930421e-17,-0.02894736842105272,-0.0289473684210527,-2.0816681711721685e-17,False,False,True,False,False,True,19.0,19.0,0.0,19.27,19.27,0.0,18.45,18.45,0.0,True,ok,per_row,,
002273_2026-07-02,002273,2026-07-02,d0,TRAIN_PRIMARY,-0.029306829765545328,-0.0293068297655453,-2.7755575615628914e-17,-0.09403669724770658,-0.0940366972477065,-8.326672684688674e-17,False,False,True,True,True,True,39.24,39.24,0.0,38.09,38.09,0.0,35.55,35.55,0.0,True,ok,per_row,,
002396_2026-07-02,002396,2026-07-02,d0,TRAIN_PRIMARY,0.10000000000000009,0.1,8.326672684688674e-17,0.10000000000000009,0.1,8.326672684688674e-17,True,True,True,False,False,True,23.4,23.4,0.0,25.74,25.74,0.0,25.74,25.74,0.0,True,ok,per_row,,
002407_2026-07-02,002407,2026-07-02,d0,TRAIN_PRIMARY,-0.06725306945207998,-0.0672530694520799,-8.326672684688674e-17,-0.15961150815466374,-0.1596115081546637,-2.7755575615628914e-17,False,False,True,True,True,True,54.57,54.57,0.0,50.9,50.9,0.0,45.86,45.86,0.0,True,ok,per_row,,
002568_2026-06-30,002568,2026-07-02,post,TRAIN_PRIMARY,0.0035087719298245723,0.0035087719298245,7.24247051220317e-17,-0.01754385964912286,-0.0175438596491228,-6.245004513516506e-17,False,False,True,False,False,True,17.1,17.1,0.0,17.16,17.16,0.0,16.8,16.8,0.0,True,ok,per_row,,
002628_2026-07-01,002628,2026-07-02,post,TRAIN_PRIMARY,0.007339449541284404,0.0073394495412844,4.336808689942018e-18,-0.029357798165137616,-0.0293577981651376,-1.734723475976807e-17,False,False,True,False,False,True,5.45,5.45,0.0,5.49,5.49,0.0,5.29,5.29,0.0,True,ok,per_row,,
002638_2026-07-01,002638,2026-07-02,post,EXCLUDED_QUALITY,,-0.0191387559808612,,,-0.0669856459330142,,False,False,,False,True,,4.18,4.18,0.0,,4.1,,,3.9,,False,d3_high_invalid|d3_close_invalid,per_row,,
002738_2026-07-02,002738,2026-07-02,d0,EXCLUDED_QUALITY,,0.0322482967448904,,,-0.0390613171839515,,False,False,,False,False,,66.05,66.05,0.0,,68.18,,,63.47,,False,d3_high_invalid|d3_close_invalid,per_row,,
002747_2026-07-02,002747,2026-07-02,d0,TRAIN_PRIMARY,0.14945264159923832,0.1494526415992383,2.7755575615628914e-17,0.09543074726320788,0.0954307472632078,8.326672684688674e-17,True,True,True,False,False,True,42.02,42.02,0.0,48.3,48.3,0.0,46.03,46.03,0.0,True,ok,per_row,,
002929_2026-07-02,002929,2026-07-02,d0,TRAIN_PRIMARY,0.004881550610193575,0.0048815506101935,7.45931094670027e-17,-0.08470926058865769,-0.0847092605886576,-8.326672684688674e-17,False,False,True,True,True,True,69.65,69.65,0.0,69.99,69.99,0.0,63.75,63.75,0.0,True,ok,per_row,,
003043_2026-07-01,003043,2026-07-02,post,EXCLUDED_QUALITY,,-0.0110784313725489,,,-0.0798039215686274,,False,False,,False,True,,102.0,102.0,0.0,,100.87,,,93.86,,False,d3_high_invalid|d3_close_invalid,per_row,,
600076_2026-07-02,600076,2026-07-02,d0,TRAIN_PRIMARY,0.014577259475218707,0.0145772594752187,6.938893903907228e-18,-0.029154518950437303,-0.0291545189504373,-3.469446951953614e-18,False,False,True,False,False,True,3.43,3.43,0.0,3.48,3.48,0.0,3.33,3.33,0.0,True,ok,per_row,,
600113_2026-07-02,600113,2026-07-02,d0,TRAIN_PRIMARY,-0.02356164383561643,-0.0235616438356164,-3.122502256758253e-17,-0.07260273972602738,-0.0726027397260273,-8.326672684688674e-17,False,False,True,True,True,True,36.5,36.5,0.0,35.64,35.64,0.0,33.85,33.85,0.0,True,ok,per_row,,
600363_2026-07-01,600363,2026-07-02,post,EXCLUDED_QUALITY,,0.0385474860335195,,,-0.042458100558659,,False,False,,False,False,,35.8,35.8,0.0,,37.18,,,34.28,,False,d3_high_invalid|d3_close_invalid,per_row,,
600378_2026-07-01,600378,2026-07-02,post,EXCLUDED_QUALITY,,-0.0268292682926829,,,-0.1657317073170732,,False,False,,False,True,,82.0,82.0,0.0,,79.8,,,68.41,,False,d3_high_invalid|d3_close_invalid,per_row,,
600707_2026-07-01,600707,2026-07-02,post,EXCLUDED_QUALITY,,-0.0506329113924051,,,-0.1443037974683545,,False,False,,False,True,,15.8,15.8,0.0,,15.0,,,13.52,,False,d3_high_invalid|d3_close_invalid,per_row,,
600783_2026-07-02,600783,2026-07-02,d0,EXCLUDED_QUALITY,,0.0390153274500697,,,-0.0687412912215513,,False,False,,False,True,,21.53,21.53,0.0,,22.37,,,20.05,,False,d3_high_invalid|d3_close_invalid,per_row,,
601133_2026-06-30,601133,2026-07-02,post,EXCLUDED_QUALITY,,0.0036890645586298,,,-0.0540184453227932,,False,False,,False,True,,37.95,37.95,0.0,,38.09,,,35.9,,False,d3_high_invalid|d3_close_invalid,per_row,,
603033_2026-07-01,603033,2026-07-02,post,EXCLUDED_QUALITY,,0.0488505747126437,,,-0.022030651340996,,False,False,,False,False,,10.44,10.44,0.0,,10.95,,,10.21,,False,d3_high_invalid|d3_close_invalid,per_row,,
603061_2026-07-01,603061,2026-07-02,post,TRAIN_PRIMARY,0.08742093856428856,0.0874209385642885,6.938893903907228e-17,0.021717015347870294,0.0217170153478702,9.367506770274758e-17,True,True,True,False,False,True,452.18,452.18,0.0,491.71,491.71,0.0,462.0,462.0,0.0,True,ok,per_row,,
603120_2026-07-02,603120,2026-07-02,d0,TRAIN_PRIMARY,-0.019457841343755278,-0.0194578413437552,-7.632783294297951e-17,-0.06668884084483628,-0.0666888408448362,-8.326672684688674e-17,False,False,True,True,True,True,60.13,60.13,0.0,58.96,58.96,0.0,56.12,56.12,0.0,True,ok,per_row,,
603155_2026-06-30,603155,2026-07-02,post,TRAIN_PRIMARY,0.038272471910112404,0.0382724719101124,6.938893903907228e-18,0.038272471910112404,0.0382724719101124,6.938893903907228e-18,False,False,True,False,False,True,28.48,28.48,0.0,29.57,29.57,0.0,29.57,29.57,0.0,True,ok,per_row,,
603163_2026-06-30,603163,2026-07-02,post,TRAIN_PRIMARY,-0.01628086419753083,-0.0162808641975308,-3.122502256758253e-17,-0.08086419753086416,-0.0808641975308641,-5.551115123125783e-17,False,False,True,True,True,True,129.6,129.6,0.0,127.49,127.49,0.0,119.12,119.12,0.0,True,ok,per_row,,
603212_2026-07-02,603212,2026-07-02,d0,TRAIN_PRIMARY,-0.010077519379845024,-0.010077519379845,-2.42861286636753e-17,-0.09069767441860466,-0.0906976744186046,-5.551115123125783e-17,False,False,True,True,True,True,12.9,12.9,0.0,12.77,12.77,0.0,11.73,11.73,0.0,True,ok,per_row,,
603222_2026-07-01,603222,2026-07-02,post,TRAIN_PRIMARY,0.08454106280193252,0.0845410628019325,1.3877787807814457e-17,0.048309178743961345,0.0483091787439613,4.85722573273506e-17,True,True,True,False,False,True,8.28,8.28,0.0,8.98,8.98,0.0,8.68,8.68,0.0,True,ok,per_row,,
603379_2026-07-02,603379,2026-07-02,d0,EXCLUDED_QUALITY,,-0.049125,,,-0.1068749999999999,,False,False,,False,True,,80.0,80.0,0.0,,76.07,,,71.45,,False,d3_high_invalid|d3_close_invalid,per_row,,
603650_2026-06-30,603650,2026-07-02,post,EXCLUDED_QUALITY,,-0.0265766715882724,,,-0.1173802995148702,,False,False,,False,True,,94.82,94.82,0.0,,92.3,,,83.69,,False,d3_high_invalid|d3_close_invalid,per_row,,
603950_2026-07-01,603950,2026-07-02,post,TRAIN_PRIMARY,0.13063228974831187,0.1306322897483118,8.326672684688674e-17,0.08606507059545732,0.0860650705954573,1.3877787807814457e-17,True,True,True,False,False,True,81.45,81.45,0.0,92.09,92.09,0.0,88.46,88.46,0.0,True,ok,per_row,,
603956_2026-06-30,603956,2026-07-02,post,TRAIN_PRIMARY,0.06473594548551964,0.0647359454855196,4.163336342344337e-17,0.02555366269165238,0.0255536626916523,7.979727989493313e-17,False,False,True,False,False,True,5.87,5.87,0.0,6.25,6.25,0.0,6.02,6.02,0.0,True,ok,per_row,,
603983_2026-07-01,603983,2026-07-02,post,EXCLUDED_QUALITY,,0.1373546511627907,,,0.1308139534883721,,False,True,,False,False,,27.52,27.52,0.0,,31.3,,,31.12,,False,d3_high_invalid|d3_close_invalid,per_row,,
603991_2026-07-02,603991,2026-07-02,d0,TRAIN_PRIMARY,0.03566053785251588,0.0356605378525158,8.326672684688674e-17,0.0049728456454884995,0.0049728456454884,9.974659986866641e-17,False,False,True,False,False,True,152.83,152.83,0.0,158.28,158.28,0.0,153.59,153.59,0.0,True,ok,per_row,,
000017_2026-07-01,000017,2026-07-03,post,TRAIN_PRIMARY,0.02348993288590595,0.0234899328859059,5.204170427930421e-17,0.011744966442952975,0.0117449664429529,7.45931094670027e-17,False,False,True,False,False,True,5.96,5.96,0.0,6.1,6.1,0.0,6.03,6.03,0.0,True,ok,per_row,,
000520_2026-07-03,000520,2026-07-03,d0,EXCLUDED_QUALITY,,0.0278969957081545,,,-0.0150214592274678,,False,False,,False,False,,4.66,4.66,0.0,,4.79,,,4.59,,False,d3_high_invalid|d3_close_invalid,per_row,,
000536_2026-07-03,000536,2026-07-03,d0,EXCLUDED_QUALITY,,-0.0332480818414323,,,-0.1048593350383632,,False,False,,False,True,,3.91,3.91,0.0,,3.78,,,3.5,,False,d3_high_invalid|d3_close_invalid,per_row,,
000601_2026-07-03,000601,2026-07-03,d0,EXCLUDED_QUALITY,,0.0510510510510511,,,-0.0105105105105105,,False,False,,False,False,,6.66,6.66,0.0,,7.0,,,6.59,,False,d3_high_invalid|d3_close_invalid,per_row,,
000603_2026-07-02,000603,2026-07-03,post,TRAIN_PRIMARY,-0.0211985324092947,-0.0211985324092947,0.0,-0.08887077048512027,-0.0888707704851202,-6.938893903907228e-17,False,False,True,True,True,True,24.53,24.53,0.0,24.01,24.01,0.0,22.35,22.35,0.0,True,ok,per_row,,
000620_2026-07-02,000620,2026-07-03,post,TRAIN_PRIMARY,-0.04533333333333334,-0.0453333333333333,-3.469446951953614e-17,-0.11199999999999999,-0.1119999999999999,-8.326672684688674e-17,False,False,True,True,True,True,3.75,3.75,0.0,3.58,3.58,0.0,3.33,3.33,0.0,True,ok,per_row,,
001229_2026-07-01,001229,2026-07-03,post,TRAIN_PRIMARY,0.07953281423804226,0.0795328142380422,5.551115123125783e-17,0.07953281423804226,0.0795328142380422,5.551115123125783e-17,True,True,True,False,False,True,35.96,35.96,0.0,38.82,38.82,0.0,38.82,38.82,0.0,True,ok,per_row,,
001313_2026-07-03,001313,2026-07-03,d0,EXCLUDED_QUALITY,,0.0278833967046894,,,0.0228136882129277,,False,False,,False,False,,7.89,7.89,0.0,,8.11,,,8.07,,False,d3_high_invalid|d3_close_invalid,per_row,,
001331_2026-07-02,001331,2026-07-03,post,EXCLUDED_QUALITY,,0.0817690104995227,,,-0.0295895641107222,,False,True,,False,False,,,62.86,,,68.0,,,61.0,,False,d2_no_bar_without_proof(exp=2026-07-06)|d3_no_bar_without_proof(exp=2026-07-07)|d2_open_invalid|d3_high_invalid|d3_close_invalid,per_row,,
002053_2026-07-02,002053,2026-07-03,post,EXCLUDED_QUALITY,,-0.0175257731958763,,,-0.0546391752577318,,False,False,,False,True,,,9.7,,,9.53,,,9.17,,False,d2_no_bar_without_proof(exp=2026-07-06)|d3_no_bar_without_proof(exp=2026-07-07)|d2_open_invalid|d3_high_invalid|d3_close_invalid,per_row,,
002167_2026-07-02,002167,2026-07-03,post,TRAIN_PRIMARY,-0.03664302600472813,-0.0366430260047281,-2.7755575615628914e-17,-0.12017336485421592,-0.1201733648542159,-2.7755575615628914e-17,False,False,True,True,True,True,25.38,25.38,0.0,24.45,24.45,0.0,22.33,22.33,0.0,True,ok,per_row,,
002208_2026-07-01,002208,2026-07-03,post,TRAIN_PRIMARY,-0.026371308016877593,-0.0263713080168775,-9.367506770274758e-17,-0.06856540084388185,-0.0685654008438818,-5.551115123125783e-17,False,False,True,True,True,True,18.96,18.96,0.0,18.46,18.46,0.0,17.66,17.66,0.0,True,ok,per_row,,
002273_2026-07-02,002273,2026-07-03,post,TRAIN_PRIMARY,-0.004991680532445919,-0.0049916805324459,-1.9081958235744878e-17,-0.05241264559068226,-0.0524126455906822,-6.245004513516506e-17,False,False,True,True,True,True,36.06,36.06,0.0,35.88,35.88,0.0,34.17,34.17,0.0,True,ok,per_row,,
002407_2026-07-02,002407,2026-07-03,post,TRAIN_PRIMARY,-0.027623170480313264,-0.0276231704803132,-6.245004513516506e-17,-0.06514120799835077,-0.0651412079983507,-6.938893903907228e-17,False,False,True,True,True,True,48.51,48.51,0.0,47.17,47.17,0.0,45.35,45.35,0.0,True,ok,per_row,,
002458_2026-07-03,002458,2026-07-03,d0,EXCLUDED_QUALITY,,0.0244444444444444,,,-0.0366666666666666,,False,False,,False,False,,9.0,9.0,0.0,,9.22,,,8.67,,False,d3_high_invalid|d3_close_invalid,per_row,,
002559_2026-07-03,002559,2026-07-03,d0,EXCLUDED_QUALITY,,-0.0370111731843576,,,-0.081703910614525,,False,False,,False,True,,14.32,14.32,0.0,,13.79,,,13.15,,False,d3_high_invalid|d3_close_invalid,per_row,,
002628_2026-07-01,002628,2026-07-03,post,TRAIN_PRIMARY,0.010968921389396868,0.0109689213893968,6.765421556309548e-17,-0.027422303473491727,-0.0274223034734917,-2.7755575615628914e-17,False,False,True,False,False,True,5.47,5.47,0.0,5.53,5.53,0.0,5.32,5.32,0.0,True,ok,per_row,,
002638_2026-07-01,002638,2026-07-03,post,EXCLUDED_QUALITY,,-0.0246305418719211,,,-0.0467980295566501,,False,False,,False,False,,,4.06,,,3.96,,,3.87,,False,d2_no_bar_without_proof(exp=2026-07-06)|d3_no_bar_without_proof(exp=2026-07-07)|d2_open_invalid|d3_high_invalid|d3_close_invalid,per_row,,
002738_2026-07-02,002738,2026-07-03,post,EXCLUDED_QUALITY,,0.018704591126913,,,-0.0562683567784819,,False,False,,False,True,,,64.69,,,65.9,,,61.05,,False,d2_no_bar_without_proof(exp=2026-07-06)|d3_no_bar_without_proof(exp=2026-07-07)|d2_open_invalid|d3_high_invalid|d3_close_invalid,per_row,,
002826_2026-07-03,002826,2026-07-03,d0,EXCLUDED_QUALITY,,0.0318080357142855,,,-0.0385044642857143,,False,False,,False,False,,17.92,17.92,0.0,,18.49,,,17.23,,False,d3_high_invalid|d3_close_invalid,per_row,,
002929_2026-07-02,002929,2026-07-03,post,TRAIN_PRIMARY,-0.06696622698941868,-0.0669662269894186,-6.938893903907228e-17,-0.13567183649804304,-0.135671836498043,-2.7755575615628914e-17,False,False,True,True,True,True,68.99,68.99,0.0,64.37,64.37,0.0,59.63,59.63,0.0,True,ok,per_row,,
002971_2026-07-03,002971,2026-07-03,d0,EXCLUDED_QUALITY,,-0.0669655770899623,,,-0.1185999421463697,,False,False,,False,True,,69.14,69.14,0.0,,64.51,,,60.94,,False,d3_high_invalid|d3_close_invalid,per_row,,
003043_2026-07-01,003043,2026-07-03,post,EXCLUDED_QUALITY,,0.0113624937154348,,,-0.0273504273504273,,False,False,,False,False,,,99.45,,,100.58,,,96.73,,False,d2_no_bar_without_proof(exp=2026-07-06)|d3_no_bar_without_proof(exp=2026-07-07)|d2_open_invalid|d3_high_invalid|d3_close_invalid,per_row,,
600076_2026-07-02,600076,2026-07-03,post,TRAIN_PRIMARY,0.08284023668639051,0.0828402366863905,1.3877787807814457e-17,0.03254437869822491,0.0325443786982249,6.938893903907228e-18,True,True,True,False,False,True,3.38,3.38,0.0,3.66,3.66,0.0,3.49,3.49,0.0,True,ok,per_row,,
600113_2026-07-02,600113,2026-07-03,post,TRAIN_PRIMARY,-0.013666763594068043,-0.013666763594068,-4.336808689942018e-17,-0.08170979936027922,-0.0817097993602792,-2.7755575615628914e-17,False,False,True,True,True,True,34.39,34.39,0.0,33.92,33.92,0.0,31.58,31.58,0.0,True,ok,per_row,,
600363_2026-07-01,600363,2026-07-03,post,EXCLUDED_QUALITY,,-0.0681756938830504,,,-0.1096739423336028,,False,False,,False,True,,,37.11,,,34.58,,,33.04,,False,d2_no_bar_without_proof(exp=2026-07-06)|d3_no_bar_without_proof(exp=2026-07-07)|d2_open_invalid|d3_high_invalid|d3_close_invalid,per_row,,
600378_2026-07-01,600378,2026-07-03,post,EXCLUDED_QUALITY,,-0.1101716961498439,,,-0.1471123829344433,,False,False,,False,True,,,76.88,,,68.41,,,65.57,,False,d2_no_bar_without_proof(exp=2026-07-06)|d3_no_bar_without_proof(exp=2026-07-07)|d2_open_invalid|d3_high_invalid|d3_close_invalid,per_row,,
600641_2026-07-03,600641,2026-07-03,d0,TRAIN_PRIMARY,-0.010353753235547769,-0.0103537532355477,-6.938893903907228e-17,-0.04335634167385671,-0.0433563416738567,-1.3877787807814457e-17,False,False,True,False,False,True,46.36,46.36,0.0,45.88,45.88,0.0,44.35,44.35,0.0,True,ok,per_row,,
600707_2026-07-01,600707,2026-07-03,post,EXCLUDED_QUALITY,,-0.0825503355704698,,,-0.1308724832214766,,False,False,,False,True,,,14.9,,,13.67,,,12.95,,False,d2_no_bar_without_proof(exp=2026-07-06)|d3_no_bar_without_proof(exp=2026-07-07)|d2_open_invalid|d3_high_invalid|d3_close_invalid,per_row,,
600783_2026-07-02,600783,2026-07-03,post,EXCLUDED_QUALITY,,-0.0834845735027223,,,-0.1361161524500908,,False,False,,False,True,,,22.04,,,20.2,,,19.04,,False,d2_no_bar_without_proof(exp=2026-07-06)|d3_no_bar_without_proof(exp=2026-07-07)|d2_open_invalid|d3_high_invalid|d3_close_invalid,per_row,,
603033_2026-07-01,603033,2026-07-03,post,EXCLUDED_QUALITY,,0.0207100591715976,,,-0.0936883629191323,,False,False,,False,True,,,10.14,,,10.35,,,9.19,,False,d2_no_bar_without_proof(exp=2026-07-06)|d3_no_bar_without_proof(exp=2026-07-07)|d2_open_invalid|d3_high_invalid|d3_close_invalid,per_row,,
603061_2026-07-01,603061,2026-07-03,post,TRAIN_PRIMARY,-0.023755632179045194,-0.0237556321790451,-9.367506770274758e-17,-0.05127662725022741,-0.0512766272502274,-1.3877787807814457e-17,False,False,True,True,True,True,472.73,472.73,0.0,461.5,461.5,0.0,448.49,448.49,0.0,True,ok,per_row,,
603120_2026-07-02,603120,2026-07-03,post,TRAIN_PRIMARY,-0.004829251466022644,-0.0048292514660226,-4.336808689942018e-17,-0.0472576750603656,-0.0472576750603656,0.0,False,False,True,False,False,True,57.98,57.98,0.0,57.7,57.7,0.0,55.24,55.24,0.0,True,ok,per_row,,
603212_2026-07-02,603212,2026-07-03,post,TRAIN_PRIMARY,-0.03508771929824561,-0.0350877192982456,-1.3877787807814457e-17,-0.07575757575757569,-0.0757575757575756,-9.71445146547012e-17,False,False,True,True,True,True,12.54,12.54,0.0,12.1,12.1,0.0,11.59,11.59,0.0,True,ok,per_row,,
603222_2026-07-01,603222,2026-07-03,post,TRAIN_PRIMARY,0.06748466257668695,0.0674846625766869,5.551115123125783e-17,0.06257668711656428,0.0625766871165642,8.326672684688674e-17,False,False,True,False,False,True,8.15,8.15,0.0,8.7,8.7,0.0,8.66,8.66,0.0,True,ok,per_row,,
603379_2026-07-02,603379,2026-07-03,post,EXCLUDED_QUALITY,,-0.0246174318030606,,,-0.0646706586826346,,False,False,,False,True,,,75.15,,,73.3,,,70.29,,False,d2_no_bar_without_proof(exp=2026-07-06)|d3_no_bar_without_proof(exp=2026-07-07)|d2_open_invalid|d3_high_invalid|d3_close_invalid,per_row,,
603505_2026-07-03,603505,2026-07-03,d0,EXCLUDED_QUALITY,,-0.0742417383431417,,,-0.1244907197827071,,False,False,,False,True,,22.09,22.09,0.0,,20.45,,,19.34,,False,d3_high_invalid|d3_close_invalid,per_row,,
603538_2026-07-03,603538,2026-07-03,d0,TRAIN_PRIMARY,0.21616591332092527,0.2161659133209252,8.326672684688674e-17,0.161925019941505,0.161925019941505,0.0,True,True,True,False,False,True,37.61,37.61,0.0,45.74,45.74,0.0,43.7,43.7,0.0,True,ok,per_row,,
603928_2026-07-01,603928,2026-07-03,post,TRAIN_PRIMARY,0.07702794819359249,0.0770279481935924,8.326672684688674e-17,0.013633265167007469,0.0136332651670074,6.938893903907228e-17,True,True,True,False,False,True,14.67,14.67,0.0,15.8,15.8,0.0,14.87,14.87,0.0,True,ok,per_row,,
603950_2026-07-01,603950,2026-07-03,post,TRAIN_PRIMARY,0.043836251884495026,0.043836251884495,2.7755575615628914e-17,-0.03154354632958367,-0.0315435463295836,-6.938893903907228e-17,False,False,True,False,False,True,86.23,86.23,0.0,90.01,90.01,0.0,83.51,83.51,0.0,True,ok,per_row,,
603983_2026-07-01,603983,2026-07-03,post,EXCLUDED_QUALITY,,0.1217971217971218,,,0.0863460863460863,,False,True,,False,False,,,28.49,,,31.96,,,30.95,,False,d2_no_bar_without_proof(exp=2026-07-06)|d3_no_bar_without_proof(exp=2026-07-07)|d2_open_invalid|d3_high_invalid|d3_close_invalid,per_row,,
603991_2026-07-02,603991,2026-07-03,post,TRAIN_PRIMARY,0.028501418622646213,0.0285014186226462,1.3877787807814457e-17,-0.002514831054939437,-0.0025148310549394,-3.686287386450715e-17,False,False,True,False,False,True,155.08,155.08,0.0,159.5,159.5,0.0,154.69,154.69,0.0,True,ok,per_row,,
605488_2026-07-03,605488,2026-07-03,d0,EXCLUDED_QUALITY,,-0.0088757396449703,,,-0.0695266272189348,,False,False,,False,True,,33.8,33.8,0.0,,33.5,,,31.45,,False,d3_high_invalid|d3_close_invalid,per_row,,
000506_2026-07-06,000506,2026-07-06,d0,TRAIN_PRIMARY,0.13728813559322028,0.1372881355932202,8.326672684688674e-17,0.13728813559322028,0.1372881355932202,8.326672684688674e-17,True,True,True,False,False,True,11.8,11.8,0.0,13.42,13.42,0.0,13.42,13.42,0.0,True,ok,per_row,,
000520_2026-07-03,000520,2026-07-06,post,EXCLUDED_QUALITY,,-0.0334029227557411,,,-0.0814196242171189,,False,False,,False,True,,,4.79,,,4.63,,,4.4,,False,d2_no_bar_without_proof(exp=2026-07-07)|d3_no_bar_without_proof(exp=2026-07-08)|d2_open_invalid|d3_high_invalid|d3_close_invalid,per_row,,
000536_2026-07-03,000536,2026-07-06,post,EXCLUDED_QUALITY,,-0.0536193029490617,,,-0.0804289544235924,,False,False,,False,True,,,3.73,,,3.53,,,3.43,,False,d2_no_bar_without_proof(exp=2026-07-07)|d3_no_bar_without_proof(exp=2026-07-08)|d2_open_invalid|d3_high_invalid|d3_close_invalid,per_row,,
000576_2026-07-06,000576,2026-07-06,d0,EXCLUDED_QUALITY,,-0.0225165562913907,,,-0.0768211920529801,,False,False,,False,True,,7.55,7.55,0.0,,7.38,,,6.97,,False,d3_high_invalid|d3_close_invalid,per_row,,
000595_2026-07-06,000595,2026-07-06,d0,TRAIN_PRIMARY,-0.042553191489361764,-0.0425531914893617,-6.245004513516506e-17,-0.08674304418985279,-0.0867430441898527,-9.71445146547012e-17,False,False,True,True,True,True,6.11,6.11,0.0,5.85,5.85,0.0,5.58,5.58,0.0,True,ok,per_row,,
000601_2026-07-03,000601,2026-07-06,post,EXCLUDED_QUALITY,,-0.055072463768116,,,-0.1115942028985508,,False,False,,False,True,,,6.9,,,6.52,,,6.13,,False,d2_no_bar_without_proof(exp=2026-07-07)|d3_no_bar_without_proof(exp=2026-07-08)|d2_open_invalid|d3_high_invalid|d3_close_invalid,per_row,,
000603_2026-07-02,000603,2026-07-06,post,TRAIN_PRIMARY,-0.0345833333333333,-0.0345833333333333,0.0,-0.08041666666666669,-0.0804166666666666,-9.71445146547012e-17,False,False,True,True,True,True,24.0,24.0,0.0,23.17,23.17,0.0,22.07,22.07,0.0,True,ok,per_row,,
000620_2026-07-02,000620,2026-07-06,post,TRAIN_PRIMARY,-0.02011494252873558,-0.0201149425287355,-7.979727989493313e-17,-0.08908045977011492,-0.0890804597701149,-1.3877787807814457e-17,False,False,True,True,True,True,3.48,3.48,0.0,3.41,3.41,0.0,3.17,3.17,0.0,True,ok,per_row,,
000908_2026-07-06,000908,2026-07-06,d0,TRAIN_PRIMARY,0.0405209840810421,0.0405209840810421,0.0,0.00868306801736618,0.0086830680173661,7.979727989493313e-17,False,False,True,False,False,True,6.91,6.91,0.0,7.19,7.19,0.0,6.97,6.97,0.0,True,ok,per_row,,
001313_2026-07-03,001313,2026-07-06,post,EXCLUDED_QUALITY,,0.0124533001245332,,,-0.0249066002490658,,False,False,,False,False,,,8.03,,,8.13,,,7.83,,False,d2_no_bar_without_proof(exp=2026-07-07)|d3_no_bar_without_proof(exp=2026-07-08)|d2_open_invalid|d3_high_invalid|d3_close_invalid,per_row,,
001317_2026-07-06,001317,2026-07-06,d0,TRAIN_PRIMARY,0.10219494925654948,0.1021949492565494,8.326672684688674e-17,0.030918102430965266,0.0309181024309652,6.591949208711867e-17,True,True,True,False,False,True,42.37,42.37,0.0,46.7,46.7,0.0,43.68,43.68,0.0,True,ok,per_row,,
002167_2026-07-02,002167,2026-07-06,post,TRAIN_PRIMARY,-0.05388471177944876,-0.0538847117794487,-5.551115123125783e-17,-0.16040100250626566,-0.1604010025062656,-5.551115123125783e-17,False,False,True,True,True,True,23.94,23.94,0.0,22.65,22.65,0.0,20.1,20.1,0.0,True,ok,per_row,,
002273_2026-07-02,002273,2026-07-06,post,TRAIN_PRIMARY,-0.014743407995463698,-0.0147434079954636,-9.71445146547012e-17,-0.09157924581797572,-0.0915792458179757,-1.3877787807814457e-17,False,False,True,True,True,True,35.27,35.27,0.0,34.75,34.75,0.0,32.04,32.04,0.0,True,ok,per_row,,
002407_2026-07-02,002407,2026-07-06,post,TRAIN_PRIMARY,-0.0015138408304498085,-0.0015138408304498,-8.456776945386935e-18,-0.08910034602076133,-0.0891003460207613,-2.7755575615628914e-17,False,False,True,True,True,True,46.24,46.24,0.0,46.17,46.17,0.0,42.12,42.12,0.0,True,ok,per_row,,
002458_2026-07-03,002458,2026-07-06,post,EXCLUDED_QUALITY,,-0.012141280353201,,,-0.0684326710816778,,False,False,,False,True,,,9.06,,,8.95,,,8.44,,False,d2_no_bar_without_proof(exp=2026-07-07)|d3_no_bar_without_proof(exp=2026-07-08)|d2_open_invalid|d3_high_invalid|d3_close_invalid,per_row,,
002559_2026-07-03,002559,2026-07-06,post,EXCLUDED_QUALITY,,0.0154440154440156,,,-0.0694980694980693,,False,False,,False,True,,,12.95,,,13.15,,,12.05,,False,d2_no_bar_without_proof(exp=2026-07-07)|d3_no_bar_without_proof(exp=2026-07-08)|d2_open_invalid|d3_high_invalid|d3_close_invalid,per_row,,
002747_2026-07-02,002747,2026-07-06,post,EXCLUDED_QUALITY,,0.0133508426351498,,,-0.0347997373604727,,False,False,,False,False,,45.69,45.69,0.0,,46.3,,,44.1,,False,d3_high_invalid|d3_close_invalid,per_row,,
002826_2026-07-03,002826,2026-07-06,post,EXCLUDED_QUALITY,,-0.0530590146182999,,,-0.0942068218733079,,False,False,,False,True,,,18.47,,,17.49,,,16.73,,False,d2_no_bar_without_proof(exp=2026-07-07)|d3_no_bar_without_proof(exp=2026-07-08)|d2_open_invalid|d3_high_invalid|d3_close_invalid,per_row,,
002929_2026-07-02,002929,2026-07-06,post,TRAIN_PRIMARY,-0.055054432348367044,-0.055054432348367,-4.163336342344337e-17,-0.09580093312597193,-0.0958009331259719,-2.7755575615628914e-17,False,False,True,True,True,True,64.3,64.3,0.0,60.76,60.76,0.0,58.14,58.14,0.0,True,ok,per_row,,
002971_2026-07-03,002971,2026-07-06,post,EXCLUDED_QUALITY,,0.0035853976531943,,,-0.0656779661016949,,False,False,,False,True,,,61.36,,,61.58,,,57.33,,False,d2_no_bar_without_proof(exp=2026-07-07)|d3_no_bar_without_proof(exp=2026-07-08)|d2_open_invalid|d3_high_invalid|d3_close_invalid,per_row,,
002979_2026-07-06,002979,2026-07-06,d0,TRAIN_PRIMARY,-0.05861358956760465,-0.0586135895676046,-4.85722573273506e-17,-0.11983527796842819,-0.1198352779684281,-8.326672684688674e-17,False,False,True,True,True,True,72.85,72.85,0.0,68.58,68.58,0.0,64.12,64.12,0.0,True,ok,per_row,,
600076_2026-07-02,600076,2026-07-06,post,TRAIN_PRIMARY,0.017910447761193993,0.0179104477611939,9.367506770274758e-17,-0.05671641791044779,-0.0567164179104477,-9.020562075079397e-17,False,False,True,True,True,True,3.35,3.35,0.0,3.41,3.41,0.0,3.16,3.16,0.0,True,ok,per_row,,
600113_2026-07-02,600113,2026-07-06,post,TRAIN_PRIMARY,-0.030464359656906304,-0.0304643596569063,-3.469446951953614e-18,-0.11298432416444848,-0.1129843241644484,-8.326672684688674e-17,False,False,True,True,True,True,33.81,33.81,0.0,32.78,32.78,0.0,29.99,29.99,0.0,True,ok,per_row,,
600641_2026-07-03,600641,2026-07-06,post,TRAIN_PRIMARY,0.04281060958585403,0.042810609585854,3.469446951953614e-17,-0.032573289902280145,-0.0325732899022801,-4.163336342344337e-17,False,False,True,False,False,True,42.98,42.98,0.0,44.82,44.82,0.0,41.58,41.58,0.0,True,ok,per_row,,
600988_2026-07-06,600988,2026-07-06,d0,TRAIN_PRIMARY,0.05740679643681945,0.0574067964368194,4.85722573273506e-17,0.033322335862751684,0.0333223358627516,8.326672684688674e-17,False,False,True,False,False,True,30.31,30.31,0.0,32.05,32.05,0.0,31.32,31.32,0.0,True,ok,per_row,,
603120_2026-07-02,603120,2026-07-06,post,TRAIN_PRIMARY,0.0,0.0,0.0,-0.08181818181818179,-0.0818181818181817,-8.326672684688674e-17,False,False,True,True,True,True,55.0,55.0,0.0,55.0,55.0,0.0,50.5,50.5,0.0,True,ok,per_row,,
603212_2026-07-02,603212,2026-07-06,post,TRAIN_PRIMARY,-0.01016949152542379,-0.0101694915254237,-9.020562075079397e-17,-0.05677966101694909,-0.056779661016949,-9.020562075079397e-17,False,False,True,True,True,True,11.8,11.8,0.0,11.68,11.68,0.0,11.13,11.13,0.0,True,ok,per_row,,
603286_2026-07-06,603286,2026-07-06,d0,TRAIN_PRIMARY,-0.0067802822063404156,-0.0067802822063404,-1.5612511283791264e-17,-0.10591900311526481,-0.1059190031152648,-1.3877787807814457e-17,False,False,True,True,True,True,54.57,54.57,0.0,54.2,54.2,0.0,48.79,48.79,0.0,True,ok,per_row,,
603338_2026-07-06,603338,2026-07-06,d0,EXCLUDED_QUALITY,,0.0037735849056603,,,-0.0192452830188679,,False,False,,False,False,,53.0,53.0,0.0,,53.2,,,51.98,,False,d3_high_invalid|d3_close_invalid,per_row,,
603505_2026-07-03,603505,2026-07-06,post,EXCLUDED_QUALITY,,-0.0285142571285641,,,-0.105552776388194,,False,False,,False,True,,,19.99,,,19.42,,,17.88,,False,d2_no_bar_without_proof(exp=2026-07-07)|d3_no_bar_without_proof(exp=2026-07-08)|d2_open_invalid|d3_high_invalid|d3_close_invalid,per_row,,
603538_2026-07-03,603538,2026-07-06,post,TRAIN_PRIMARY,0.023185011709601744,0.0231850117096017,4.5102810375396984e-17,-0.07892271662763473,-0.0789227166276347,-2.7755575615628914e-17,False,False,True,True,True,True,42.7,42.7,0.0,43.69,43.69,0.0,39.33,39.33,0.0,True,ok,per_row,,
603559_2026-07-06,603559,2026-07-06,d0,TRAIN_PRIMARY,-0.03628117913832207,-0.036281179138322,-6.938893903907228e-17,-0.08730158730158721,-0.0873015873015872,-1.3877787807814457e-17,False,False,True,True,True,True,8.82,8.82,0.0,8.5,8.5,0.0,8.05,8.05,0.0,True,ok,per_row,,
603580_2026-07-06,603580,2026-07-06,d0,TRAIN_PRIMARY,0.10014814814814832,0.1001481481481483,1.3877787807814457e-17,0.10014814814814832,0.1001481481481483,1.3877787807814457e-17,True,True,True,False,False,True,33.75,33.75,0.0,37.13,37.13,0.0,37.13,37.13,0.0,True,ok,per_row,,
603717_2026-07-06,603717,2026-07-06,d0,EXCLUDED_QUALITY,,-0.014641288433382,,,-0.0790629575402636,,False,False,,False,True,,6.83,6.83,0.0,,6.73,,,6.29,,False,d3_high_invalid|d3_close_invalid,per_row,,
603991_2026-07-02,603991,2026-07-06,post,TRAIN_PRIMARY,0.05089226701916716,0.0508922670191671,5.551115123125783e-17,0.003767349636483841,0.0037673496364838,4.119968255444917e-17,False,False,True,False,False,True,151.3,151.3,0.0,159.0,159.0,0.0,151.87,151.87,0.0,True,ok,per_row,,
605189_2026-07-06,605189,2026-07-06,d0,TRAIN_PRIMARY,-0.04245591116917047,-0.0424559111691704,-6.938893903907228e-17,-0.09862834748530369,-0.0986283474853036,-9.71445146547012e-17,False,False,True,True,True,True,15.31,15.31,0.0,14.66,14.66,0.0,13.8,13.8,0.0,True,ok,per_row,,
605488_2026-07-03,605488,2026-07-06,post,EXCLUDED_QUALITY,,-0.0340490797546013,,,-0.0745398773006135,,False,False,,False,True,,,32.6,,,31.49,,,30.17,,False,d2_no_bar_without_proof(exp=2026-07-07)|d3_no_bar_without_proof(exp=2026-07-08)|d2_open_invalid|d3_high_invalid|d3_close_invalid,per_row,,
000506_2026-07-06,000506,2026-07-07,post,TRAIN_PRIMARY,0.10728910728910712,0.1072891072891071,2.7755575615628914e-17,0.0982800982800982,0.0982800982800982,0.0,True,True,True,False,False,True,12.21,12.21,0.0,13.52,13.52,0.0,13.41,13.41,0.0,True,ok,per_row,,
000576_2026-07-06,000576,2026-07-07,post,EXCLUDED_QUALITY,,-0.0122448979591837,,,-0.0503401360544216,,False,False,,False,True,,,7.35,,,7.26,,,6.98,,False,d2_no_bar_without_proof(exp=2026-07-08)|d3_no_bar_without_proof(exp=2026-07-09)|d2_open_invalid|d3_high_invalid|d3_close_invalid,per_row,,
000595_2026-07-06,000595,2026-07-07,post,TRAIN_PRIMARY,-0.018803418803418737,-0.0188034188034187,-3.8163916471489756e-17,-0.05982905982905973,-0.0598290598290597,-2.7755575615628914e-17,False,False,True,True,True,True,5.85,5.85,0.0,5.74,5.74,0.0,5.5,5.5,0.0,True,ok,per_row,,
000656_2026-07-07,000656,2026-07-07,d0,TRAIN_PRIMARY,0.03816793893129766,0.0381679389312976,6.245004513516506e-17,-0.022900763358778664,-0.0229007633587786,-6.245004513516506e-17,False,False,True,False,False,True,1.31,1.31,0.0,1.36,1.36,0.0,1.28,1.28,0.0,True,ok,per_row,,
000908_2026-07-06,000908,2026-07-07,post,TRAIN_PRIMARY,0.08157099697885206,0.081570996978852,5.551115123125783e-17,0.010574018126888296,0.0105740181268882,9.540979117872439e-17,True,True,True,False,False,True,6.62,6.62,0.0,7.16,7.16,0.0,6.69,6.69,0.0,True,ok,per_row,,
001317_2026-07-06,001317,2026-07-07,post,TRAIN_PRIMARY,-0.00883392226148405,-0.008833922261484,-5.0306980803327406e-17,-0.047482332155477036,-0.047482332155477,-3.469446951953614e-17,False,False,True,False,False,True,45.28,45.28,0.0,44.88,44.88,0.0,43.13,43.13,0.0,True,ok,per_row,,
002141_2026-07-07,002141,2026-07-07,d0,TRAIN_PRIMARY,-0.025862068965517127,-0.0258620689655171,-2.7755575615628914e-17,-0.07758620689655171,-0.0775862068965517,-1.3877787807814457e-17,False,False,True,True,True,True,5.8,5.8,0.0,5.65,5.65,0.0,5.35,5.35,0.0,True,ok,per_row,,
002396_2026-07-07,002396,2026-07-07,d0,TRAIN_PRIMARY,0.05567606652205348,0.0556760665220534,8.326672684688674e-17,0.04699927693420114,0.0469992769342011,4.163336342344337e-17,False,False,True,False,False,True,27.66,27.66,0.0,29.2,29.2,0.0,28.96,28.96,0.0,True,ok,per_row,,
002767_2026-07-07,002767,2026-07-07,d0,TRAIN_PRIMARY,0.02109248242293127,0.0210924824229312,6.938893903907228e-17,0.009194159004867641,0.0091941590048676,4.163336342344337e-17,False,False,True,False,False,True,18.49,18.49,0.0,18.88,18.88,0.0,18.66,18.66,0.0,True,ok,per_row,,
002979_2026-07-06,002979,2026-07-07,post,TRAIN_PRIMARY,-0.0277204364494249,-0.0277204364494249,0.0,-0.039516366853435514,-0.0395163668534355,-1.3877787807814457e-17,False,False,True,False,False,True,67.82,67.82,0.0,65.94,65.94,0.0,65.14,65.14,0.0,True,ok,per_row,,
600641_2026-07-03,600641,2026-07-07,post,TRAIN_PRIMARY,-0.015653357531760337,-0.0156533575317603,-3.8163916471489756e-17,-0.019056261343012637,-0.0190562613430126,-3.8163916471489756e-17,False,False,True,False,False,True,44.08,44.08,0.0,43.39,43.39,0.0,43.24,43.24,0.0,True,ok,per_row,,
600988_2026-07-06,600988,2026-07-07,post,TRAIN_PRIMARY,0.048618048618048526,0.0486180486180485,2.7755575615628914e-17,0.04395604395604402,0.043956043956044,2.0816681711721685e-17,False,False,True,False,False,True,30.03,30.03,0.0,31.49,31.49,0.0,31.35,31.35,0.0,True,ok,per_row,,
603211_2026-07-07,603211,2026-07-07,d0,TRAIN_PRIMARY,-0.00736698499317856,-0.0073669849931785,-5.984795992119984e-17,-0.06030013642564802,-0.060300136425648,-2.0816681711721685e-17,False,False,True,True,True,True,36.65,36.65,0.0,36.38,36.38,0.0,34.44,34.44,0.0,True,ok,per_row,,
603286_2026-07-06,603286,2026-07-07,post,TRAIN_PRIMARY,-0.07643901536183606,-0.076439015361836,-5.551115123125783e-17,-0.09698315750508979,-0.0969831575050897,-8.326672684688674e-17,False,False,True,True,True,True,54.03,54.03,0.0,49.9,49.9,0.0,48.79,48.79,0.0,True,ok,per_row,,
603338_2026-07-06,603338,2026-07-07,post,EXCLUDED_QUALITY,,-0.0079245283018868,,,-0.0222641509433961,,False,False,,False,False,,,53.0,,,52.58,,,51.82,,False,d2_no_bar_without_proof(exp=2026-07-08)|d3_no_bar_without_proof(exp=2026-07-09)|d2_open_invalid|d3_high_invalid|d3_close_invalid,per_row,,
603538_2026-07-03,603538,2026-07-07,post,TRAIN_PRIMARY,-0.3156443831840111,-0.3156443831840111,0.0,-0.3551573627383414,-0.3551573627383414,0.0,False,False,True,True,True,True,43.53,43.53,0.0,29.79,29.79,0.0,28.07,28.07,0.0,True,ok,per_row,,
603559_2026-07-06,603559,2026-07-07,post,TRAIN_PRIMARY,-0.014457831325301318,-0.0144578313253013,-1.734723475976807e-17,-0.03855421686746996,-0.0385542168674699,-6.245004513516506e-17,False,False,True,False,False,True,8.3,8.3,0.0,8.18,8.18,0.0,7.98,7.98,0.0,True,ok,per_row,,
603717_2026-07-06,603717,2026-07-07,post,EXCLUDED_QUALITY,,-0.028443113772455,,,-0.0464071856287424,,False,False,,False,False,,,6.68,,,6.49,,,6.37,,False,d2_no_bar_without_proof(exp=2026-07-08)|d3_no_bar_without_proof(exp=2026-07-09)|d2_open_invalid|d3_high_invalid|d3_close_invalid,per_row,,
603722_2026-07-07,603722,2026-07-07,d0,TRAIN_PRIMARY,0.02097560975609758,0.0209756097560975,7.979727989493313e-17,-0.06951219512195128,-0.0695121951219512,-8.326672684688674e-17,False,False,True,True,True,True,41.0,41.0,0.0,41.86,41.86,0.0,38.15,38.15,0.0,True,ok,per_row,,
605189_2026-07-06,605189,2026-07-07,post,TRAIN_PRIMARY,-0.044229440221147276,-0.0442294402211472,-7.632783294297951e-17,-0.05321354526606781,-0.0532135452660678,-6.938893903907228e-18,False,False,True,True,True,True,14.47,14.47,0.0,13.83,13.83,0.0,13.7,13.7,0.0,True,ok,per_row,,
000595_2026-07-06,000595,2026-07-08,post,TRAIN_PRIMARY,0.04007285974499086,0.0400728597449908,6.245004513516506e-17,0.027322404371584508,0.0273224043715845,6.938893903907228e-18,False,False,True,False,False,True,5.49,5.49,0.0,5.71,5.71,0.0,5.64,5.64,0.0,True,ok,per_row,,
000656_2026-07-07,000656,2026-07-08,post,TRAIN_PRIMARY,-0.007407407407407418,-0.0074074074074074,-1.8214596497756474e-17,-0.029629629629629672,-0.0296296296296296,-7.28583859910259e-17,False,False,True,False,False,True,1.35,1.35,0.0,1.34,1.34,0.0,1.31,1.31,0.0,True,ok,per_row,,
000908_2026-07-06,000908,2026-07-08,post,TRAIN_PRIMARY,0.05373134328358198,0.0537313432835819,7.632783294297951e-17,0.00746268656716409,0.007462686567164,8.933825901280557e-17,False,False,True,False,False,True,6.7,6.7,0.0,7.06,7.06,0.0,6.75,6.75,0.0,True,ok,per_row,,
001317_2026-07-06,001317,2026-07-08,post,TRAIN_PRIMARY,0.0653925857702049,0.0653925857702049,0.0,0.03131475938291506,0.031314759382915,5.551115123125783e-17,False,False,True,False,False,True,43.43,43.43,0.0,46.27,46.27,0.0,44.79,44.79,0.0,True,ok,per_row,,
002141_2026-07-07,002141,2026-07-08,post,TRAIN_PRIMARY,-0.012612612612612484,-0.0126126126126124,-8.326672684688674e-17,-0.072072072072072,-0.072072072072072,0.0,False,False,True,True,True,True,5.55,5.55,0.0,5.48,5.48,0.0,5.15,5.15,0.0,True,ok,per_row,,
002767_2026-07-07,002767,2026-07-08,post,TRAIN_PRIMARY,0.060948081264108556,0.0609480812641085,5.551115123125783e-17,0.02708803611738153,0.0270880361173815,3.122502256758253e-17,False,False,True,False,False,True,17.72,17.72,0.0,18.8,18.8,0.0,18.2,18.2,0.0,True,ok,per_row,,
002979_2026-07-06,002979,2026-07-08,post,TRAIN_PRIMARY,0.08779509334979174,0.0877950933497917,4.163336342344337e-17,0.018515661163400754,0.0185156611634007,5.551115123125783e-17,True,True,True,False,False,True,64.81,64.81,0.0,70.5,70.5,0.0,66.01,66.01,0.0,True,ok,per_row,,
600246_2026-07-08,600246,2026-07-08,d0,TRAIN_PRIMARY,0.10072314049586772,0.1007231404958677,2.7755575615628914e-17,0.022727272727272707,0.0227272727272727,6.938893903907228e-18,True,True,True,False,False,True,19.36,19.36,0.0,21.31,21.31,0.0,19.8,19.8,0.0,True,ok,per_row,,
600988_2026-07-06,600988,2026-07-08,post,TRAIN_PRIMARY,0.12508361204013396,0.1250836120401339,5.551115123125783e-17,0.09832775919732462,0.0983277591973246,1.3877787807814457e-17,True,True,True,False,False,True,29.9,29.9,0.0,33.64,33.64,0.0,32.84,32.84,0.0,True,ok,per_row,,
603211_2026-07-07,603211,2026-07-08,post,TRAIN_PRIMARY,0.0822857142857143,0.0822857142857143,0.0,0.0822857142857143,0.0822857142857143,0.0,True,True,True,False,False,True,35.0,35.0,0.0,37.88,37.88,0.0,37.88,37.88,0.0,True,ok,per_row,,
603286_2026-07-06,603286,2026-07-08,post,TRAIN_PRIMARY,0.07555110220440886,0.0755511022044088,5.551115123125783e-17,0.07555110220440886,0.0755511022044088,5.551115123125783e-17,True,True,True,False,False,True,49.9,49.9,0.0,53.67,53.67,0.0,53.67,53.67,0.0,True,ok,per_row,,
603559_2026-07-06,603559,2026-07-08,post,TRAIN_PRIMARY,0.09887359198998746,0.0988735919899874,6.938893903907228e-17,0.09887359198998746,0.0988735919899874,6.938893903907228e-17,True,True,True,False,False,True,7.99,7.99,0.0,8.78,8.78,0.0,8.78,8.78,0.0,True,ok,per_row,,
603722_2026-07-07,603722,2026-07-08,post,TRAIN_PRIMARY,0.03579474342928668,0.0357947434292866,7.632783294297951e-17,-0.062327909887359256,-0.0623279098873592,-5.551115123125783e-17,False,False,True,True,True,True,39.95,39.95,0.0,41.38,41.38,0.0,37.46,37.46,0.0,True,ok,per_row,,
603823_2026-07-08,603823,2026-07-08,d0,TRAIN_PRIMARY,0.05013077593722759,0.0501307759372275,9.020562075079397e-17,-0.038651554780587016,-0.038651554780587,-1.3877787807814457e-17,False,False,True,False,False,True,68.82,68.82,0.0,72.27,72.27,0.0,66.16,66.16,0.0,True,ok,per_row,,
603861_2026-07-08,603861,2026-07-08,d0,TRAIN_PRIMARY,0.042977743668457524,0.0429777436684575,2.0816681711721685e-17,0.0007674597083653367,0.0007674597083653,3.67544536472586e-17,False,False,True,False,False,True,13.03,13.03,0.0,13.59,13.59,0.0,13.04,13.04,0.0,True,ok,per_row,,
605189_2026-07-06,605189,2026-07-08,post,TRAIN_PRIMARY,0.02629656683710757,0.0262965668371075,7.28583859910259e-17,0.020452885317750358,0.0204528853177503,5.898059818321144e-17,False,False,True,False,False,True,13.69,13.69,0.0,14.05,14.05,0.0,13.97,13.97,0.0,True,ok,per_row,,
000656_2026-07-07,000656,2026-07-09,post,EXCLUDED_QUALITY,,0.0396825396825397,,,-0.0158730158730159,,False,False,,False,False,,1.26,1.26,0.0,,1.31,,,1.24,,False,d3_high_invalid|d3_close_invalid,per_row,,
001229_2026-07-09,001229,2026-07-09,d0,TRAIN_PRIMARY,0.07592190889370931,0.0759219088937093,1.3877787807814457e-17,0.0138828633405641,0.0138828633405641,0.0,True,True,True,False,False,True,46.1,46.1,0.0,49.6,49.6,0.0,46.74,46.74,0.0,True,ok,per_row,,
002141_2026-07-07,002141,2026-07-09,post,TRAIN_PRIMARY,-0.007662835249042099,-0.007662835249042,-9.8879238130678e-17,-0.11111111111111116,-0.1111111111111111,-5.551115123125783e-17,False,False,True,True,True,True,5.22,5.22,0.0,5.18,5.18,0.0,4.64,4.64,0.0,True,ok,per_row,,
002396_2026-07-07,002396,2026-07-09,post,TRAIN_PRIMARY,0.056643356643356624,0.0566433566433566,2.0816681711721685e-17,0.013636363636363447,0.0136363636363634,4.683753385137379e-17,False,False,True,False,False,True,28.6,28.6,0.0,30.22,30.22,0.0,28.99,28.99,0.0,True,ok,per_row,,
002767_2026-07-07,002767,2026-07-09,post,EXCLUDED_QUALITY,,-0.0043360433604334,,,-0.0655826558265583,,False,False,,False,True,,18.45,18.45,0.0,,18.37,,,17.24,,False,d3_high_invalid|d3_close_invalid,per_row,,
002951_2026-07-09,002951,2026-07-09,d0,TRAIN_PRIMARY,-0.036838580040187474,-0.0368385800401874,-7.632783294297951e-17,-0.1252511721366376,-0.1252511721366376,0.0,False,False,True,True,True,True,14.93,14.93,0.0,14.38,14.38,0.0,13.06,13.06,0.0,True,ok,per_row,,
600094_2026-07-09,600094,2026-07-09,d0,EXCLUDED_QUALITY,,0.0281329923273656,,,-0.0383631713554988,,False,False,,False,False,,3.91,3.91,0.0,,4.02,,,3.76,,False,d3_high_invalid|d3_close_invalid,per_row,,
600246_2026-07-08,600246,2026-07-09,post,EXCLUDED_QUALITY,,0.0487684729064039,,,-0.0192118226600985,,False,False,,False,False,,20.3,20.3,0.0,,21.29,,,19.91,,False,d3_high_invalid|d3_close_invalid,per_row,,
600288_2026-07-09,600288,2026-07-09,d0,EXCLUDED_QUALITY,,0.0496067755595885,,,0.0066545674531155,,False,False,,False,False,,16.53,16.53,0.0,,17.35,,,16.64,,False,d3_high_invalid|d3_close_invalid,per_row,,
603211_2026-07-07,603211,2026-07-09,post,TRAIN_PRIMARY,0.11114386792452824,0.1111438679245282,4.163336342344337e-17,0.002948113207547287,0.0029481132075472,8.716985466783456e-17,True,True,True,False,False,True,33.92,33.92,0.0,37.69,37.69,0.0,34.02,34.02,0.0,True,ok,per_row,,
603722_2026-07-07,603722,2026-07-09,post,EXCLUDED_QUALITY,,-0.0233841303205465,,,-0.1142932212296374,,False,False,,False,True,,38.06,38.06,0.0,,37.17,,,33.71,,False,d3_high_invalid|d3_close_invalid,per_row,,
603823_2026-07-08,603823,2026-07-09,post,TRAIN_PRIMARY,0.028049866429207482,0.0280498664292074,8.326672684688674e-17,-0.02048085485307205,-0.020480854853072,-4.85722573273506e-17,False,False,True,False,False,True,67.38,67.38,0.0,69.27,69.27,0.0,66.0,66.0,0.0,True,ok,per_row,,
603861_2026-07-08,603861,2026-07-09,post,TRAIN_PRIMARY,-0.004477611940298498,-0.0044776119402984,-9.80118763926896e-17,-0.0582089552238807,-0.0582089552238807,0.0,False,False,True,True,True,True,13.4,13.4,0.0,13.34,13.34,0.0,12.62,12.62,0.0,True,ok,per_row,,
000977_2026-07-10,000977,2026-07-10,d0,EXCLUDED_QUALITY,,-0.0287912087912088,,,-0.0664835164835164,,False,False,,False,True,,91.0,91.0,0.0,,88.38,,,84.95,,False,d3_high_invalid|d3_close_invalid,per_row,,
001229_2026-07-09,001229,2026-07-10,post,TRAIN_PRIMARY,0.04959785522788196,0.0495978552278819,6.245004513516506e-17,-0.06009830205540656,-0.0600983020554065,-6.245004513516506e-17,False,False,True,True,True,True,44.76,44.76,0.0,46.98,46.98,0.0,42.07,42.07,0.0,True,ok,per_row,,
002490_2026-07-10,002490,2026-07-10,d0,TRAIN_PRIMARY,0.17792207792207804,0.177922077922078,2.7755575615628914e-17,0.17532467532467533,0.1753246753246753,2.7755575615628914e-17,True,True,True,False,False,True,7.7,7.7,0.0,9.07,9.07,0.0,9.05,9.05,0.0,True,ok,per_row,,
002841_2026-07-10,002841,2026-07-10,d0,EXCLUDED_QUALITY,,0.0153368278004271,,,0.0017472335468842,,False,False,,False,False,,51.51,51.51,0.0,,52.3,,,51.6,,False,d3_high_invalid|d3_close_invalid,per_row,,
002951_2026-07-09,002951,2026-07-10,post,TRAIN_PRIMARY,-0.11335187760778864,-0.1133518776077886,-4.163336342344337e-17,-0.11752433936022266,-0.1175243393602226,-6.938893903907228e-17,False,False,True,True,True,True,14.38,14.38,0.0,12.75,12.75,0.0,12.69,12.69,0.0,True,ok,per_row,,
600094_2026-07-09,600094,2026-07-10,post,EXCLUDED_QUALITY,,-0.0177215189873418,,,-0.0253164556962025,,False,False,,False,False,,,3.95,,,3.88,,,3.85,,False,d2_no_bar_without_proof(exp=2026-07-13)|d3_no_bar_without_proof(exp=2026-07-14)|d2_open_invalid|d3_high_invalid|d3_close_invalid,per_row,,
600246_2026-07-08,600246,2026-07-10,post,EXCLUDED_QUALITY,,0.0616899948159668,,,-0.0062208398133746,,False,False,,False,False,,,19.29,,,20.48,,,19.17,,False,d2_no_bar_without_proof(exp=2026-07-13)|d3_no_bar_without_proof(exp=2026-07-14)|d2_open_invalid|d3_high_invalid|d3_close_invalid,per_row,,
600288_2026-07-09,600288,2026-07-10,post,EXCLUDED_QUALITY,,0.050878255602665,,,0.0405814657783161,,False,False,,False,False,,,16.51,,,17.35,,,17.18,,False,d2_no_bar_without_proof(exp=2026-07-13)|d3_no_bar_without_proof(exp=2026-07-14)|d2_open_invalid|d3_high_invalid|d3_close_invalid,per_row,,
603823_2026-07-08,603823,2026-07-10,post,TRAIN_PRIMARY,0.04976671850699854,0.0497667185069985,4.163336342344337e-17,0.033903576982892814,0.0339035769828928,1.3877787807814457e-17,False,False,True,False,False,True,64.3,64.3,0.0,67.5,67.5,0.0,66.48,66.48,0.0,True,ok,per_row,,
603861_2026-07-08,603861,2026-07-10,post,TRAIN_PRIMARY,-0.005426356589147363,-0.0054263565891473,-6.331740687315346e-17,-0.041860465116279166,-0.0418604651162791,-6.938893903907228e-17,False,False,True,False,False,True,12.9,12.9,0.0,12.83,12.83,0.0,12.36,12.36,0.0,True,ok,per_row,,
603928_2026-07-10,603928,2026-07-10,d0,TRAIN_PRIMARY,-0.037780401416765086,-0.037780401416765,-8.326672684688674e-17,-0.10094451003541915,-0.1009445100354191,-5.551115123125783e-17,False,False,True,True,True,True,16.94,16.94,0.0,16.3,16.3,0.0,15.23,15.23,0.0,True,ok,per_row,,
000887_2026-07-13,000887,2026-07-13,d0,EXCLUDED_QUALITY,,-0.0155466399197593,,,-0.034603811434303,,False,False,,False,False,,19.94,19.94,0.0,,19.63,,,19.25,,False,d3_high_invalid|d3_close_invalid,per_row,,
000892_2026-07-13,000892,2026-07-13,d0,TRAIN_PRIMARY,-0.1308641975308642,-0.1308641975308642,0.0,-0.1308641975308642,-0.1308641975308642,0.0,False,False,True,True,True,True,4.05,4.05,0.0,3.52,3.52,0.0,3.52,3.52,0.0,True,ok,per_row,,
000977_2026-07-10,000977,2026-07-13,post,EXCLUDED_QUALITY,,0.0097727272727272,,,-0.0374999999999999,,False,False,,False,False,,,88.0,,,88.86,,,84.7,,False,d2_no_bar_without_proof(exp=2026-07-14)|d3_no_bar_without_proof(exp=2026-07-15)|d2_open_invalid|d3_high_invalid|d3_close_invalid,per_row,,
001229_2026-07-09,001229,2026-07-13,post,TRAIN_PRIMARY,-0.05643931139681857,-0.0564393113968185,-6.938893903907228e-17,-0.12660710394421448,-0.1266071039442144,-8.326672684688674e-17,False,False,True,True,True,True,45.89,45.89,0.0,43.3,43.3,0.0,40.08,40.08,0.0,True,ok,per_row,,
002346_2026-07-13,002346,2026-07-13,d0,TRAIN_PRIMARY,0.0417895771878074,0.0417895771878074,0.0,-0.008849557522123908,-0.0088495575221239,-6.938893903907228e-18,False,False,True,False,False,True,20.34,20.34,0.0,21.19,21.19,0.0,20.16,20.16,0.0,True,ok,per_row,,
002414_2026-07-13,002414,2026-07-13,d0,EXCLUDED_QUALITY,,-0.0014503263234227,,,-0.0340826686004349,,False,False,,False,False,,13.79,13.79,0.0,,13.77,,,13.32,,False,d3_high_invalid|d3_close_invalid,per_row,,
002490_2026-07-10,002490,2026-07-13,post,TRAIN_PRIMARY,0.025059665871121517,0.0250596658711215,1.734723475976807e-17,-0.027446300715990524,-0.0274463007159905,-2.42861286636753e-17,False,False,True,False,False,True,8.38,8.38,0.0,8.59,8.59,0.0,8.15,8.15,0.0,True,ok,per_row,,
002829_2026-07-13,002829,2026-07-13,d0,TRAIN_PRIMARY,-0.04421052631578948,-0.0442105263157894,-7.632783294297951e-17,-0.09842105263157896,-0.0984210526315789,-6.938893903907228e-17,False,False,True,True,True,True,19.0,19.0,0.0,18.16,18.16,0.0,17.13,17.13,0.0,True,ok,per_row,,
002841_2026-07-10,002841,2026-07-13,post,EXCLUDED_QUALITY,,0.0215686274509803,,,-0.0550980392156863,,False,False,,False,True,,,51.0,,,52.1,,,48.19,,False,d2_no_bar_without_proof(exp=2026-07-14)|d3_no_bar_without_proof(exp=2026-07-15)|d2_open_invalid|d3_high_invalid|d3_close_invalid,per_row,,
002951_2026-07-09,002951,2026-07-13,post,TRAIN_PRIMARY,0.07084019769357486,0.0708401976935748,5.551115123125783e-17,0.045304777594728174,0.0453047775947281,7.632783294297951e-17,True,True,True,False,False,True,12.14,12.14,0.0,13.0,13.0,0.0,12.69,12.69,0.0,True,ok,per_row,,
603898_2026-07-13,603898,2026-07-13,d0,EXCLUDED_QUALITY,,-0.0357383681726229,,,-0.0667565745111261,,False,False,,False,True,,14.83,14.83,0.0,,14.3,,,13.84,,False,d3_high_invalid|d3_close_invalid,per_row,,
603928_2026-07-10,603928,2026-07-13,post,TRAIN_PRIMARY,-0.03874999999999995,-0.0387499999999999,-4.85722573273506e-17,-0.14312499999999995,-0.1431249999999999,-5.551115123125783e-17,False,False,True,True,True,True,16.0,16.0,0.0,15.38,15.38,0.0,13.71,13.71,0.0,True,ok,per_row,,
000887_2026-07-13,000887,2026-07-14,post,EXCLUDED_QUALITY,,-0.0071979434447301,,,-0.0339331619537275,,False,False,,False,False,,,19.45,,,19.31,,,18.79,,False,d2_no_bar_without_proof(exp=2026-07-15)|d3_no_bar_without_proof(exp=2026-07-16)|d2_open_invalid|d3_high_invalid|d3_close_invalid,per_row,,
000892_2026-07-13,000892,2026-07-14,post,TRAIN_PRIMARY,0.09943181818181812,0.0994318181818181,2.7755575615628914e-17,0.09943181818181812,0.0994318181818181,2.7755575615628914e-17,True,True,True,False,False,True,3.52,3.52,0.0,3.87,3.87,0.0,3.87,3.87,0.0,True,ok,per_row,,
000920_2026-07-14,000920,2026-07-14,d0,TRAIN_PRIMARY,0.017985611510791477,0.0179856115107914,7.632783294297951e-17,0.017985611510791477,0.0179856115107914,7.632783294297951e-17,False,False,True,False,False,True,13.9,13.9,0.0,14.15,14.15,0.0,14.15,14.15,0.0,True,ok,per_row,,
001395_2026-07-14,001395,2026-07-14,d0,TRAIN_PRIMARY,0.1338418862690709,0.1338418862690709,0.0,0.1244798890429959,0.1244798890429959,0.0,True,True,True,False,False,True,28.84,28.84,0.0,32.7,32.7,0.0,32.43,32.43,0.0,True,ok,per_row,,
002346_2026-07-13,002346,2026-07-14,post,TRAIN_PRIMARY,0.01490384615384599,0.0149038461538459,9.020562075079397e-17,-0.014903846153846212,-0.0149038461538462,-1.214306433183765e-17,False,False,True,False,False,True,20.8,20.8,0.0,21.11,21.11,0.0,20.49,20.49,0.0,True,ok,per_row,,
002414_2026-07-13,002414,2026-07-14,post,EXCLUDED_QUALITY,,0.0162721893491124,,,-0.0022189349112425,,False,False,,False,False,,,13.52,,,13.74,,,13.49,,False,d2_no_bar_without_proof(exp=2026-07-15)|d3_no_bar_without_proof(exp=2026-07-16)|d2_open_invalid|d3_high_invalid|d3_close_invalid,per_row,,
002490_2026-07-10,002490,2026-07-14,post,TRAIN_PRIMARY,-0.019631901840490795,-0.0196319018404907,-9.367506770274758e-17,-0.07239263803680995,-0.0723926380368099,-5.551115123125783e-17,False,False,True,True,True,True,8.15,8.15,0.0,7.99,7.99,0.0,7.56,7.56,0.0,True,ok,per_row,,
002829_2026-07-13,002829,2026-07-14,post,TRAIN_PRIMARY,0.13493975903614452,0.1349397590361445,2.7755575615628914e-17,0.13493975903614452,0.1349397590361445,2.7755575615628914e-17,True,True,True,False,False,True,16.6,16.6,0.0,18.84,18.84,0.0,18.84,18.84,0.0,True,ok,per_row,,
003020_2026-07-14,003020,2026-07-14,d0,TRAIN_PRIMARY,0.16987179487179493,0.1698717948717949,2.7755575615628914e-17,0.05341880341880345,0.0534188034188034,4.85722573273506e-17,True,True,True,False,False,True,18.72,18.72,0.0,21.9,21.9,0.0,19.72,19.72,0.0,True,ok,per_row,,
600513_2026-07-14,600513,2026-07-14,d0,TRAIN_PRIMARY,0.11830488522660398,0.1183048852266039,8.326672684688674e-17,0.017068864037669274,0.0170688640376692,7.28583859910259e-17,True,True,True,False,False,True,16.99,16.99,0.0,19.0,19.0,0.0,17.28,17.28,0.0,True,ok,per_row,,
600629_2026-07-14,600629,2026-07-14,d0,TRAIN_PRIMARY,0.029261155815654805,0.0292611558156548,3.469446951953614e-18,-0.007315288953913646,-0.0073152889539136,-4.597017211338539e-17,False,False,True,False,False,True,13.67,13.67,0.0,14.07,14.07,0.0,13.57,13.57,0.0,True,ok,per_row,,
600992_2026-07-14,600992,2026-07-14,d0,TRAIN_PRIMARY,0.12451361867704303,0.124513618677043,2.7755575615628914e-17,0.03599221789883278,0.0359922178988327,7.632783294297951e-17,True,True,True,False,False,True,10.28,10.28,0.0,11.56,11.56,0.0,10.65,10.65,0.0,True,ok,per_row,,
601608_2026-07-14,601608,2026-07-14,d0,TRAIN_PRIMARY,0.02244897959183656,0.0224489795918365,5.898059818321144e-17,-0.020408163265306256,-0.0204081632653062,-5.551115123125783e-17,False,False,True,False,False,True,4.9,4.9,0.0,5.01,5.01,0.0,4.8,4.8,0.0,True,ok,per_row,,
603898_2026-07-13,603898,2026-07-14,post,EXCLUDED_QUALITY,,-0.0163120567375887,,,-0.0574468085106383,,False,False,,False,True,,,14.1,,,13.87,,,13.29,,False,d2_no_bar_without_proof(exp=2026-07-15)|d3_no_bar_without_proof(exp=2026-07-16)|d2_open_invalid|d3_high_invalid|d3_close_invalid,per_row,,
603928_2026-07-10,603928,2026-07-14,post,TRAIN_PRIMARY,-0.12916111850865508,-0.129161118508655,-8.326672684688674e-17,-0.17842876165113186,-0.1784287616511318,-5.551115123125783e-17,False,False,True,True,True,True,15.02,15.02,0.0,13.08,13.08,0.0,12.34,12.34,0.0,True,ok,per_row,,
605090_2026-07-14,605090,2026-07-14,d0,TRAIN_PRIMARY,0.030633437175493272,0.0306334371754932,7.28583859910259e-17,-0.018172377985462118,-0.0181723779854621,-1.734723475976807e-17,False,False,True,False,False,True,38.52,38.52,0.0,39.7,39.7,0.0,37.82,37.82,0.0,True,ok,per_row,,
000892_2026-07-13,000892,2026-07-15,post,TRAIN_PRIMARY,0.1637931034482758,0.1637931034482758,0.0,0.031609195402298784,0.0316091954022987,8.326672684688674e-17,True,True,True,False,False,True,3.48,3.48,0.0,4.05,4.05,0.0,3.59,3.59,0.0,True,ok,per_row,,
000920_2026-07-14,000920,2026-07-15,post,TRAIN_PRIMARY,0.19905586152635713,0.1990558615263571,2.7755575615628914e-17,0.10149488591660094,0.1014948859166009,4.163336342344337e-17,True,True,True,False,False,True,12.71,12.71,0.0,15.24,15.24,0.0,14.0,14.0,0.0,True,ok,per_row,,
001395_2026-07-14,001395,2026-07-15,post,TRAIN_PRIMARY,0.17084745762711862,0.1708474576271186,2.7755575615628914e-17,0.14745762711864407,0.147457627118644,8.326672684688674e-17,True,True,True,False,False,True,29.5,29.5,0.0,34.54,34.54,0.0,33.85,33.85,0.0,True,ok,per_row,,
002346_2026-07-13,002346,2026-07-15,post,TRAIN_PRIMARY,0.041474654377880116,0.0414746543778801,1.3877787807814457e-17,-0.055811571940604154,-0.0558115719406041,-5.551115123125783e-17,False,False,True,True,True,True,19.53,19.53,0.0,20.34,20.34,0.0,18.44,18.44,0.0,True,ok,per_row,,
002379_2026-07-15,002379,2026-07-15,d0,TRAIN_PRIMARY,0.03683342495876851,0.0368334249587685,1.3877787807814457e-17,-0.005497526113249163,-0.0054975261132491,-6.245004513516506e-17,False,False,True,False,False,True,18.19,18.19,0.0,18.86,18.86,0.0,18.09,18.09,0.0,True,ok,per_row,,
002829_2026-07-13,002829,2026-07-15,post,TRAIN_PRIMARY,0.23259964306960135,0.2325996430696013,5.551115123125783e-17,0.23259964306960135,0.2325996430696013,5.551115123125783e-17,True,True,True,False,False,True,16.81,16.81,0.0,20.72,20.72,0.0,20.72,20.72,0.0,True,ok,per_row,,
003020_2026-07-14,003020,2026-07-15,post,TRAIN_PRIMARY,-0.08001939864209517,-0.0800193986420951,-6.938893903907228e-17,-0.1391852570320078,-0.1391852570320078,0.0,False,False,True,True,True,True,20.62,20.62,0.0,18.97,18.97,0.0,17.75,17.75,0.0,True,ok,per_row,,
600513_2026-07-14,600513,2026-07-15,post,TRAIN_PRIMARY,-0.023155627355950448,-0.0231556273559504,-4.85722573273506e-17,-0.0904684975767367,-0.0904684975767367,0.0,False,False,True,True,True,True,18.57,18.57,0.0,18.14,18.14,0.0,16.89,16.89,0.0,True,ok,per_row,,
600629_2026-07-14,600629,2026-07-15,post,TRAIN_PRIMARY,0.01982378854625555,0.0198237885462555,4.85722573273506e-17,-0.08883994126284867,-0.0888399412628486,-6.938893903907228e-17,False,False,True,True,True,True,13.62,13.62,0.0,13.89,13.89,0.0,12.41,12.41,0.0,True,ok,per_row,,
600992_2026-07-14,600992,2026-07-15,post,TRAIN_PRIMARY,0.06934306569343063,0.0693430656934306,2.7755575615628914e-17,0.06934306569343063,0.0693430656934306,2.7755575615628914e-17,False,False,True,False,False,True,10.96,10.96,0.0,11.72,11.72,0.0,11.72,11.72,0.0,True,ok,per_row,,
601608_2026-07-14,601608,2026-07-15,post,TRAIN_PRIMARY,-0.028571428571428692,-0.0285714285714286,-9.367506770274758e-17,-0.08163265306122458,-0.0816326530612245,-8.326672684688674e-17,False,False,True,True,True,True,4.9,4.9,0.0,4.76,4.76,0.0,4.5,4.5,0.0,True,ok,per_row,,
603065_2026-07-15,603065,2026-07-15,d0,TRAIN_PRIMARY,-0.10015731515469328,-0.1001573151546932,-8.326672684688674e-17,-0.10015731515469328,-0.1001573151546932,-8.326672684688674e-17,False,False,True,True,True,True,19.07,19.07,0.0,17.16,17.16,0.0,17.16,17.16,0.0,True,ok,per_row,,
605090_2026-07-14,605090,2026-07-15,post,TRAIN_PRIMARY,0.0037783375314861534,0.0037783375314861,5.334274688628682e-17,-0.03778337531486142,-0.0377833753148614,-2.0816681711721685e-17,False,False,True,False,False,True,39.7,39.7,0.0,39.85,39.85,0.0,38.2,38.2,0.0,True,ok,per_row,,
001388_2026-07-16,001388,2026-07-16,d0,TRAIN_PRIMARY,0.2799043062200959,0.2799043062200959,0.0,0.2784688995215312,0.2784688995215312,0.0,True,True,True,False,False,True,20.9,20.9,0.0,26.75,26.75,0.0,26.72,26.72,0.0,True,ok,per_row,,
001395_2026-07-14,001395,2026-07-16,post,EXCLUDED_QUALITY,,0.0823151125401928,,,-0.0202572347266881,,False,True,,False,False,,31.1,31.1,0.0,,33.66,,,30.47,,False,d3_high_invalid|d3_close_invalid,per_row,,
002141_2026-07-16,002141,2026-07-16,d0,TRAIN_PRIMARY,-0.08571428571428563,-0.0857142857142856,-2.7755575615628914e-17,-0.08571428571428563,-0.0857142857142856,-2.7755575615628914e-17,False,False,True,True,True,True,5.95,5.95,0.0,5.44,5.44,0.0,5.44,5.44,0.0,True,ok,per_row,,
002379_2026-07-15,002379,2026-07-16,post,TRAIN_PRIMARY,0.03973870440936311,0.0397387044093631,1.3877787807814457e-17,0.023407729994556314,0.0234077299945563,1.3877787807814457e-17,False,False,True,False,False,True,18.37,18.37,0.0,19.1,19.1,0.0,18.8,18.8,0.0,True,ok,per_row,,
002432_2026-07-16,002432,2026-07-16,d0,TRAIN_PRIMARY,0.10000000000000009,0.1,8.326672684688674e-17,-0.08459595959595967,-0.0845959595959596,-6.938893903907228e-17,True,True,True,True,True,True,79.2,79.2,0.0,87.12,87.12,0.0,72.5,72.5,0.0,True,ok,per_row,,
003020_2026-07-14,003020,2026-07-16,post,TRAIN_PRIMARY,-0.0887700534759358,-0.0887700534759358,0.0,-0.1454545454545454,-0.1454545454545454,0.0,False,False,True,True,True,True,18.7,18.7,0.0,17.04,17.04,0.0,15.98,15.98,0.0,True,ok,per_row,,
600227_2026-07-16,600227,2026-07-16,d0,TRAIN_PRIMARY,0.20357142857142874,0.2035714285714287,2.7755575615628914e-17,0.20357142857142874,0.2035714285714287,2.7755575615628914e-17,True,True,True,False,False,True,2.8,2.8,0.0,3.37,3.37,0.0,3.37,3.37,0.0,True,ok,per_row,,
600403_2026-07-16,600403,2026-07-16,d0,TRAIN_PRIMARY,0.03937007874015741,0.0393700787401574,6.938893903907228e-18,0.03937007874015741,0.0393700787401574,6.938893903907228e-18,False,False,True,False,False,True,5.08,5.08,0.0,5.28,5.28,0.0,5.28,5.28,0.0,True,ok,per_row,,
600513_2026-07-14,600513,2026-07-16,post,TRAIN_PRIMARY,-0.0005810575246950611,-0.000581057524695,-6.114900252818245e-17,-0.03544450900639162,-0.0354445090063916,-2.0816681711721685e-17,False,False,True,False,False,True,17.21,17.21,0.0,17.2,17.2,0.0,16.6,16.6,0.0,True,ok,per_row,,
600629_2026-07-14,600629,2026-07-16,post,TRAIN_PRIMARY,-0.06273062730627321,-0.0627306273062732,-1.3877787807814457e-17,-0.11217712177121786,-0.1121771217712178,-5.551115123125783e-17,False,False,True,True,True,True,13.55,13.55,0.0,12.7,12.7,0.0,12.03,12.03,0.0,True,ok,per_row,,
600746_2026-07-16,600746,2026-07-16,d0,TRAIN_PRIMARY,0.08496732026143783,0.0849673202614378,2.7755575615628914e-17,0.08496732026143783,0.0849673202614378,2.7755575615628914e-17,True,True,True,False,False,True,6.12,6.12,0.0,6.64,6.64,0.0,6.64,6.64,0.0,True,ok,per_row,,
600829_2026-07-16,600829,2026-07-16,d0,TRAIN_PRIMARY,-0.05312499999999998,-0.0531249999999999,-7.632783294297951e-17,-0.08854166666666663,-0.0885416666666666,-2.7755575615628914e-17,False,False,True,True,True,True,9.6,9.6,0.0,9.09,9.09,0.0,8.75,8.75,0.0,True,ok,per_row,,
600844_2026-07-16,600844,2026-07-16,d0,TRAIN_PRIMARY,0.05673758865248235,0.0567375886524823,4.85722573273506e-17,0.03546099290780136,0.0354609929078013,5.551115123125783e-17,False,False,True,False,False,True,2.82,2.82,0.0,2.98,2.98,0.0,2.92,2.92,0.0,True,ok,per_row,,
600992_2026-07-14,600992,2026-07-16,post,TRAIN_PRIMARY,0.10140845070422544,0.1014084507042254,4.163336342344337e-17,0.035680751173708725,0.0356807511737087,2.7755575615628914e-17,True,True,True,False,False,True,10.65,10.65,0.0,11.73,11.73,0.0,11.03,11.03,0.0,True,ok,per_row,,
601608_2026-07-14,601608,2026-07-16,post,EXCLUDED_QUALITY,,-0.0191489361702127,,,-0.0297872340425533,,False,False,,False,False,,4.7,4.7,0.0,,4.61,,,4.56,,False,d3_high_invalid|d3_close_invalid,per_row,,
603065_2026-07-15,603065,2026-07-16,post,EXCLUDED_QUALITY,,-0.0582750582750583,,,-0.1002331002331002,,False,False,,False,True,,17.16,17.16,0.0,,16.16,,,15.44,,False,d3_high_invalid|d3_close_invalid,per_row,,
603137_2026-07-16,603137,2026-07-16,d0,TRAIN_PRIMARY,0.10017331022530329,0.1001733102253032,9.71445146547012e-17,-0.09982668977469678,-0.0998266897746967,-6.938893903907228e-17,True,True,True,True,True,True,28.85,28.85,0.0,31.74,31.74,0.0,25.97,25.97,0.0,True,ok,per_row,,
605028_2026-07-16,605028,2026-07-16,d0,TRAIN_PRIMARY,0.01931150293870698,0.0193115029387069,7.979727989493313e-17,-0.015533165407220828,-0.0155331654072208,-2.7755575615628914e-17,False,False,True,False,False,True,23.82,23.82,0.0,24.28,24.28,0.0,23.45,23.45,0.0,True,ok,per_row,,
605090_2026-07-14,605090,2026-07-16,post,EXCLUDED_QUALITY,,0.0554371002132194,,,-0.0836886993603411,,False,False,,False,True,,37.52,37.52,0.0,,39.6,,,34.38,,False,d3_high_invalid|d3_close_invalid,per_row,,
605189_2026-07-16,605189,2026-07-16,d0,TRAIN_PRIMARY,-0.014379084967320321,-0.0143790849673203,-2.0816681711721685e-17,-0.06797385620915042,-0.0679738562091504,-1.3877787807814457e-17,False,False,True,True,True,True,15.3,15.3,0.0,15.08,15.08,0.0,14.26,14.26,0.0,True,ok,per_row,,
605255_2026-07-16,605255,2026-07-16,d0,EXCLUDED_QUALITY,,-0.0986986213116866,,,-0.1753639994846024,,False,False,,False,True,,77.61,77.61,0.0,,69.95,,,64.0,,False,d3_high_invalid|d3_close_invalid,per_row,,
000504_2026-07-17,000504,2026-07-17,d0,EXCLUDED_QUALITY,,-0.0404761904761904,,,-0.05,,False,False,,False,True,,8.4,8.4,0.0,,8.06,,,7.98,,False,d3_high_invalid|d3_close_invalid,per_row,,
000566_2026-07-17,000566,2026-07-17,d0,TRAIN_PRIMARY,0.04139433551198257,0.0413943355119825,6.938893903907228e-17,0.03267973856209161,0.0326797385620916,6.938893903907228e-18,False,False,True,False,False,True,4.59,4.59,0.0,4.78,4.78,0.0,4.74,4.74,0.0,True,ok,per_row,,
001388_2026-07-16,001388,2026-07-17,post,TRAIN_PRIMARY,0.056397306397306446,0.0563973063973064,4.85722573273506e-17,0.012205387205387108,0.0122053872053871,8.673617379884035e-18,False,False,True,False,False,True,23.76,23.76,0.0,25.1,25.1,0.0,24.05,24.05,0.0,True,ok,per_row,,
002141_2026-07-16,002141,2026-07-17,post,TRAIN_PRIMARY,-0.02757352941176472,-0.0275735294117647,-1.734723475976807e-17,-0.09926470588235292,-0.0992647058823529,-2.7755575615628914e-17,False,False,True,True,True,True,5.44,5.44,0.0,5.29,5.29,0.0,4.9,4.9,0.0,True,ok,per_row,,
002365_2026-07-17,002365,2026-07-17,d0,TRAIN_PRIMARY,0.058020477815699634,0.0580204778156996,3.469446951953614e-17,0.03839590443686003,0.03839590443686,2.7755575615628914e-17,False,False,True,False,False,True,11.72,11.72,0.0,12.4,12.4,0.0,12.17,12.17,0.0,True,ok,per_row,,
002379_2026-07-15,002379,2026-07-17,post,TRAIN_PRIMARY,0.02586681342872854,0.0258668134287285,4.163336342344337e-17,-0.007154650522840034,-0.00715465052284,-3.382710778154774e-17,False,False,True,False,False,True,18.17,18.17,0.0,18.64,18.64,0.0,18.04,18.04,0.0,True,ok,per_row,,
002739_2026-07-17,002739,2026-07-17,d0,EXCLUDED_QUALITY,,-0.0010427528675703,,,-0.0417101147028154,,False,False,,False,False,,9.59,9.59,0.0,,9.58,,,9.19,,False,d3_high_invalid|d3_close_invalid,per_row,,
600403_2026-07-16,600403,2026-07-17,post,TRAIN_PRIMARY,0.17584745762711873,0.1758474576271187,2.7755575615628914e-17,0.09745762711864403,0.097457627118644,2.7755575615628914e-17,True,True,True,False,False,True,4.72,4.72,0.0,5.55,5.55,0.0,5.18,5.18,0.0,True,ok,per_row,,
600746_2026-07-16,600746,2026-07-17,post,TRAIN_PRIMARY,0.1270627062706271,0.1270627062706271,0.0,0.07920792079207928,0.0792079207920792,8.326672684688674e-17,True,True,True,False,False,True,6.06,6.06,0.0,6.83,6.83,0.0,6.54,6.54,0.0,True,ok,per_row,,
600785_2026-07-17,600785,2026-07-17,d0,EXCLUDED_QUALITY,,-0.0253623188405796,,,-0.039855072463768,,False,False,,False,False,,8.28,8.28,0.0,,8.07,,,7.95,,False,d3_high_invalid|d3_close_invalid,per_row,,
600829_2026-07-16,600829,2026-07-17,post,TRAIN_PRIMARY,0.07244655581947734,0.0724465558194773,4.163336342344337e-17,0.07007125890736332,0.0700712589073633,1.3877787807814457e-17,True,True,True,False,False,True,8.42,8.42,0.0,9.03,9.03,0.0,9.01,9.01,0.0,True,ok,per_row,,
600844_2026-07-16,600844,2026-07-17,post,TRAIN_PRIMARY,0.010869565217391353,0.0108695652173913,5.204170427930421e-17,-0.0253623188405796,-0.0253623188405796,0.0,False,False,True,False,False,True,2.76,2.76,0.0,2.79,2.79,0.0,2.69,2.69,0.0,True,ok,per_row,,
603065_2026-07-15,603065,2026-07-17,post,EXCLUDED_QUALITY,,-0.0427461139896373,,,-0.0997409326424869,,False,False,,False,True,,,15.44,,,14.78,,,13.9,,False,d2_no_bar_without_proof(exp=2026-07-20)|d3_no_bar_without_proof(exp=2026-07-21)|d2_open_invalid|d3_high_invalid|d3_close_invalid,per_row,,
603137_2026-07-16,603137,2026-07-17,post,TRAIN_PRIMARY,-0.06557971014492758,-0.0655797101449275,-8.326672684688674e-17,-0.15217391304347838,-0.1521739130434783,-8.326672684688674e-17,False,False,True,True,True,True,27.6,27.6,0.0,25.79,25.79,0.0,23.4,23.4,0.0,True,ok,per_row,,
605028_2026-07-16,605028,2026-07-17,post,TRAIN_PRIMARY,-0.03138075313807531,-0.0313807531380753,-1.3877787807814457e-17,-0.07322175732217573,-0.0732217573221757,-2.7755575615628914e-17,False,False,True,True,True,True,23.9,23.9,0.0,23.15,23.15,0.0,22.15,22.15,0.0,True,ok,per_row,,
605189_2026-07-16,605189,2026-07-17,post,TRAIN_PRIMARY,-0.035016835016834946,-0.0350168350168349,-4.85722573273506e-17,-0.04511784511784511,-0.0451178451178451,-1.3877787807814457e-17,False,False,True,False,False,True,14.85,14.85,0.0,14.33,14.33,0.0,14.18,14.18,0.0,True,ok,per_row,,
605255_2026-07-16,605255,2026-07-17,post,EXCLUDED_QUALITY,,-0.0280200142959258,,,-0.0450321658327377,,False,False,,False,False,,,69.95,,,67.99,,,66.8,,False,d2_no_bar_without_proof(exp=2026-07-20)|d3_no_bar_without_proof(exp=2026-07-21)|d2_open_invalid|d3_high_invalid|d3_close_invalid,per_row,,
000504_2026-07-17,000504,2026-07-20,post,EXCLUDED_QUALITY,,0.0099255583126551,,,-0.0272952853598015,,False,False,,False,False,,,8.06,,,8.14,,,7.84,,False,d2_no_bar_without_proof(exp=2026-07-21)|d3_no_bar_without_proof(exp=2026-07-22)|d2_open_invalid|d3_high_invalid|d3_close_invalid,per_row,,
000566_2026-07-17,000566,2026-07-20,post,TRAIN_PRIMARY,0.09915611814345993,0.0991561181434599,2.7755575615628914e-17,0.09915611814345993,0.0991561181434599,2.7755575615628914e-17,True,True,True,False,False,True,4.74,4.74,0.0,5.21,5.21,0.0,5.21,5.21,0.0,True,ok,per_row,,
000676_2026-07-20,000676,2026-07-20,d0,TRAIN_PRIMARY,0.1367924528301887,0.1367924528301887,0.0,0.08805031446540879,0.0880503144654087,8.326672684688674e-17,True,True,True,False,False,True,6.36,6.36,0.0,7.23,7.23,0.0,6.92,6.92,0.0,True,ok,per_row,,
001388_2026-07-16,001388,2026-07-20,post,TRAIN_PRIMARY,-0.12560581583198716,-0.1256058158319871,-5.551115123125783e-17,-0.12560581583198716,-0.1256058158319871,-5.551115123125783e-17,False,False,True,True,True,True,24.76,24.76,0.0,21.65,21.65,0.0,21.65,21.65,0.0,True,ok,per_row,,
002141_2026-07-16,002141,2026-07-20,post,TRAIN_PRIMARY,0.09999999999999987,0.0999999999999998,6.938893903907228e-17,0.055102040816326525,0.0551020408163265,2.7755575615628914e-17,True,True,True,False,False,True,4.9,4.9,0.0,5.39,5.39,0.0,5.17,5.17,0.0,True,ok,per_row,,
002365_2026-07-17,002365,2026-07-20,post,TRAIN_PRIMARY,0.08949096880131369,0.0894909688013136,8.326672684688674e-17,0.024630541871921263,0.0246305418719212,6.245004513516506e-17,True,True,True,False,False,True,12.18,12.18,0.0,13.27,13.27,0.0,12.48,12.48,0.0,True,ok,per_row,,
002432_2026-07-16,002432,2026-07-20,post,TRAIN_PRIMARY,0.13337774816788817,0.1333777481678881,5.551115123125783e-17,0.08780812791472359,0.0878081279147235,8.326672684688674e-17,True,True,True,False,False,True,75.05,75.05,0.0,85.06,85.06,0.0,81.64,81.64,0.0,True,ok,per_row,,
002632_2026-07-20,002632,2026-07-20,d0,EXCLUDED_QUALITY,,-0.0268065268065268,,,-0.0722610722610722,,False,False,,False,True,,8.58,8.58,0.0,,8.35,,,7.96,,False,d3_high_invalid|d3_close_invalid,per_row,,
002677_2026-07-20,002677,2026-07-20,d0,EXCLUDED_QUALITY,,-0.0138674884437596,,,-0.0354391371340524,,False,False,,False,False,,6.49,6.49,0.0,,6.4,,,6.26,,False,d3_high_invalid|d3_close_invalid,per_row,,
002739_2026-07-17,002739,2026-07-20,post,EXCLUDED_QUALITY,,0.0277777777777776,,,0.011111111111111,,False,False,,False,False,,,9.0,,,9.25,,,9.1,,False,d2_no_bar_without_proof(exp=2026-07-21)|d3_no_bar_without_proof(exp=2026-07-22)|d2_open_invalid|d3_high_invalid|d3_close_invalid,per_row,,
002829_2026-07-20,002829,2026-07-20,d0,EXCLUDED_QUALITY,,0.1690991444388525,,,0.1001509813789631,,False,True,,False,False,,19.87,19.87,0.0,,23.23,,,21.86,,False,d3_high_invalid|d3_close_invalid,per_row,,
600162_2026-07-20,600162,2026-07-20,d0,TRAIN_PRIMARY,0.07392996108949412,0.0739299610894941,2.7755575615628914e-17,-0.0077821011673151474,-0.0077821011673151,-4.7704895589362195e-17,True,True,True,False,False,True,2.57,2.57,0.0,2.76,2.76,0.0,2.55,2.55,0.0,True,ok,per_row,,
600785_2026-07-17,600785,2026-07-20,post,EXCLUDED_QUALITY,,0.0112640801001251,,,-0.0087609511889862,,False,False,,False,False,,,7.99,,,8.08,,,7.92,,False,d2_no_bar_without_proof(exp=2026-07-21)|d3_no_bar_without_proof(exp=2026-07-22)|d2_open_invalid|d3_high_invalid|d3_close_invalid,per_row,,
600829_2026-07-16,600829,2026-07-20,post,TRAIN_PRIMARY,0.10093896713615047,0.1009389671361504,6.938893903907228e-17,0.05516431924882648,0.0551643192488264,7.632783294297951e-17,True,True,True,False,False,True,8.52,8.52,0.0,9.38,9.38,0.0,8.99,8.99,0.0,True,ok,per_row,,
600844_2026-07-16,600844,2026-07-20,post,TRAIN_PRIMARY,0.021582733812949728,0.0215827338129497,2.7755575615628914e-17,0.003597122302158251,0.0035971223021582,5.117434254131581e-17,False,False,True,False,False,True,2.78,2.78,0.0,2.84,2.84,0.0,2.79,2.79,0.0,True,ok,per_row,,
603137_2026-07-16,603137,2026-07-20,post,TRAIN_PRIMARY,0.08686350021394951,0.0868635002139495,1.3877787807814457e-17,0.05562687205819428,0.0556268720581942,7.632783294297951e-17,True,True,True,False,False,True,23.37,23.37,0.0,25.4,25.4,0.0,24.67,24.67,0.0,True,ok,per_row,,
603567_2026-07-20,603567,2026-07-20,d0,TRAIN_PRIMARY,0.12208258527827653,0.1220825852782765,2.7755575615628914e-17,0.061041292639138156,0.0610412926391381,5.551115123125783e-17,True,True,True,False,False,True,5.57,5.57,0.0,6.25,6.25,0.0,5.91,5.91,0.0,True,ok,per_row,,
605028_2026-07-16,605028,2026-07-20,post,TRAIN_PRIMARY,0.07309555261999123,0.0730955526199912,2.7755575615628914e-17,0.07309555261999123,0.0730955526199912,2.7755575615628914e-17,True,True,True,False,False,True,22.71,22.71,0.0,24.37,24.37,0.0,24.37,24.37,0.0,True,ok,per_row,,
605189_2026-07-16,605189,2026-07-20,post,TRAIN_PRIMARY,-0.01473684210526327,-0.0147368421052632,-7.112366251504909e-17,-0.04210526315789476,-0.0421052631578947,-5.551115123125783e-17,False,False,True,False,False,True,14.25,14.25,0.0,14.04,14.04,0.0,13.65,13.65,0.0,True,ok,per_row,,
000037_2026-07-21,000037,2026-07-21,d0,TRAIN_PRIMARY,0.1431623931623931,0.1431623931623931,0.0,0.06517094017094038,0.0651709401709403,8.326672684688674e-17,True,True,True,False,False,True,9.36,9.36,0.0,10.7,10.7,0.0,9.97,9.97,0.0,True,ok,per_row,,
000566_2026-07-17,000566,2026-07-21,post,TRAIN_PRIMARY,0.13062098501070674,0.1306209850107067,2.7755575615628914e-17,0.08993576017130622,0.0899357601713062,2.7755575615628914e-17,True,True,True,False,False,True,4.67,4.67,0.0,5.28,5.28,0.0,5.09,5.09,0.0,True,ok,per_row,,
000676_2026-07-20,000676,2026-07-21,post,TRAIN_PRIMARY,0.06933744221879823,0.0693374422187982,2.7755575615628914e-17,0.06317411402157158,0.0631741140215715,8.326672684688674e-17,False,False,True,False,False,True,6.49,6.49,0.0,6.94,6.94,0.0,6.9,6.9,0.0,True,ok,per_row,,
000722_2026-07-21,000722,2026-07-21,d0,TRAIN_PRIMARY,0.0816473988439308,0.0816473988439308,0.0,0.0252890173410405,0.0252890173410405,0.0,True,True,True,False,False,True,13.84,13.84,0.0,14.97,14.97,0.0,14.19,14.19,0.0,True,ok,per_row,,
000899_2026-07-21,000899,2026-07-21,d0,EXCLUDED_QUALITY,,0.0845070422535212,,,0.0507042253521126,,False,True,,False,False,,,10.65,,,11.55,,,11.19,,False,d2_no_bar_without_proof(exp=2026-07-22)|d3_no_bar_without_proof(exp=2026-07-23)|d2_open_invalid|d3_high_invalid|d3_close_invalid,per_row,,
002365_2026-07-17,002365,2026-07-21,post,TRAIN_PRIMARY,0.03749999999999987,0.0374999999999998,6.938893903907228e-17,0.03333333333333344,0.0333333333333334,3.469446951953614e-17,False,False,True,False,False,True,12.0,12.0,0.0,12.45,12.45,0.0,12.4,12.4,0.0,True,ok,per_row,,
002632_2026-07-20,002632,2026-07-21,post,EXCLUDED_QUALITY,,-0.0234567901234566,,,-0.0271604938271604,,False,False,,False,False,,,8.1,,,7.91,,,7.88,,False,d2_no_bar_without_proof(exp=2026-07-22)|d3_no_bar_without_proof(exp=2026-07-23)|d2_open_invalid|d3_high_invalid|d3_close_invalid,per_row,,
002677_2026-07-20,002677,2026-07-21,post,EXCLUDED_QUALITY,,0.0762711864406777,,,0.0694915254237287,,False,True,,False,False,,,5.9,,,6.35,,,6.31,,False,d2_no_bar_without_proof(exp=2026-07-22)|d3_no_bar_without_proof(exp=2026-07-23)|d2_open_invalid|d3_high_invalid|d3_close_invalid,per_row,,
002829_2026-07-20,002829,2026-07-21,post,EXCLUDED_QUALITY,,0.0536491058482357,,,0.0188496858385691,,False,False,,False,False,,,20.69,,,21.8,,,21.08,,False,d2_no_bar_without_proof(exp=2026-07-22)|d3_no_bar_without_proof(exp=2026-07-23)|d2_open_invalid|d3_high_invalid|d3_close_invalid,per_row,,
600162_2026-07-20,600162,2026-07-21,post,TRAIN_PRIMARY,0.07539682539682535,0.0753968253968253,5.551115123125783e-17,0.051587301587301626,0.0515873015873016,2.7755575615628914e-17,True,True,True,False,False,True,2.52,2.52,0.0,2.71,2.71,0.0,2.65,2.65,0.0,True,ok,per_row,,
600227_2026-07-21,600227,2026-07-21,d0,TRAIN_PRIMARY,0.23571428571428577,0.2357142857142857,5.551115123125783e-17,0.19285714285714284,0.1928571428571428,2.7755575615628914e-17,True,True,True,False,False,True,2.8,2.8,0.0,3.46,3.46,0.0,3.34,3.34,0.0,True,ok,per_row,,
600236_2026-07-21,600236,2026-07-21,d0,TRAIN_PRIMARY,0.13320999074930606,0.133209990749306,5.551115123125783e-17,0.050878815911193254,0.0508788159111932,5.551115123125783e-17,True,True,True,False,False,True,10.81,10.81,0.0,12.25,12.25,0.0,11.36,11.36,0.0,True,ok,per_row,,
600644_2026-07-21,600644,2026-07-21,d0,TRAIN_PRIMARY,0.23655913978494625,0.2365591397849462,5.551115123125783e-17,0.12150537634408587,0.1215053763440858,6.938893903907228e-17,True,True,True,False,False,True,9.3,9.3,0.0,11.5,11.5,0.0,10.43,10.43,0.0,True,ok,per_row,,
600722_2026-07-21,600722,2026-07-21,d0,TRAIN_PRIMARY,0.2428734321550743,0.2428734321550743,0.0,0.2428734321550743,0.2428734321550743,0.0,True,True,True,False,False,True,8.77,8.77,0.0,10.9,10.9,0.0,10.9,10.9,0.0,True,ok,per_row,,
603567_2026-07-20,603567,2026-07-21,post,TRAIN_PRIMARY,0.10356536502546687,0.1035653650254668,6.938893903907228e-17,0.10356536502546687,0.1035653650254668,6.938893903907228e-17,True,True,True,False,False,True,5.89,5.89,0.0,6.5,6.5,0.0,6.5,6.5,0.0,True,ok,per_row,,
000037_2026-07-21,000037,2026-07-22,post,TRAIN_PRIMARY,-0.018329938900203624,-0.0183299389002036,-2.42861286636753e-17,-0.0865580448065173,-0.0865580448065173,0.0,False,False,True,True,True,True,9.82,9.82,0.0,9.64,9.64,0.0,8.97,8.97,0.0,True,ok,per_row,,
000676_2026-07-20,000676,2026-07-22,post,TRAIN_PRIMARY,0.0795795795795795,0.0795795795795795,0.0,-0.028528528528528607,-0.0285285285285286,-6.938893903907228e-18,True,True,True,False,False,True,6.66,6.66,0.0,7.19,7.19,0.0,6.47,6.47,0.0,True,ok,per_row,,
000722_2026-07-21,000722,2026-07-22,post,TRAIN_PRIMARY,-0.049620951068228836,-0.0496209510682288,-3.469446951953614e-17,-0.1199172984148863,-0.1199172984148863,0.0,False,False,True,True,True,True,14.51,14.51,0.0,13.79,13.79,0.0,12.77,12.77,0.0,True,ok,per_row,,
000889_2026-07-22,000889,2026-07-22,d0,TRAIN_PRIMARY,-0.028350515463917536,-0.0283505154639175,-3.469446951953614e-17,-0.07731958762886593,-0.0773195876288659,-2.7755575615628914e-17,False,False,True,True,True,True,3.88,3.88,0.0,3.77,3.77,0.0,3.58,3.58,0.0,True,ok,per_row,,
600162_2026-07-20,600162,2026-07-22,post,TRAIN_PRIMARY,0.1693548387096775,0.1693548387096775,0.0,0.09677419354838723,0.0967741935483872,2.7755575615628914e-17,True,True,True,False,False,True,2.48,2.48,0.0,2.9,2.9,0.0,2.72,2.72,0.0,True,ok,per_row,,
600227_2026-07-21,600227,2026-07-22,post,TRAIN_PRIMARY,0.1551155115511551,0.1551155115511551,0.0,0.03300330033003296,0.0330033003300329,5.551115123125783e-17,True,True,True,False,False,True,3.03,3.03,0.0,3.5,3.5,0.0,3.13,3.13,0.0,True,ok,per_row,,
600236_2026-07-21,600236,2026-07-22,post,TRAIN_PRIMARY,-0.051038062283736974,-0.0510380622837369,-7.632783294297951e-17,-0.07439446366782021,-0.0743944636678202,-1.3877787807814457e-17,False,False,True,True,True,True,11.56,11.56,0.0,10.97,10.97,0.0,10.7,10.7,0.0,True,ok,per_row,,
603567_2026-07-20,603567,2026-07-22,post,TRAIN_PRIMARY,0.17132867132867147,0.1713286713286714,5.551115123125783e-17,0.022727272727272707,0.0227272727272727,6.938893903907228e-18,True,True,True,False,False,True,5.72,5.72,0.0,6.7,6.7,0.0,5.85,5.85,0.0,True,ok,per_row,,
000037_2026-07-21,000037,2026-07-23,post,EXCLUDED_QUALITY,,-0.0285110876451955,,,-0.0316789862724393,,False,False,,False,False,,9.47,9.47,0.0,,9.2,,,9.17,,False,d3_high_invalid|d3_close_invalid,per_row,,
000722_2026-07-21,000722,2026-07-23,post,EXCLUDED_QUALITY,,-0.0464259395725866,,,-0.0508474576271186,,False,False,,False,True,,13.57,13.57,0.0,,12.94,,,12.88,,False,d3_high_invalid|d3_close_invalid,per_row,,
000889_2026-07-22,000889,2026-07-23,post,EXCLUDED_QUALITY,,0.0164835164835164,,,0.0137362637362636,,False,False,,False,False,,3.64,3.64,0.0,,3.7,,,3.69,,False,d3_high_invalid|d3_close_invalid,per_row,,
002213_2026-07-23,002213,2026-07-23,d0,EXCLUDED_QUALITY,,0.0235640648011781,,,0.0150957290132547,,False,False,,False,False,,27.16,27.16,0.0,,27.8,,,27.57,,False,d3_high_invalid|d3_close_invalid,per_row,,
600227_2026-07-21,600227,2026-07-23,post,TRAIN_PRIMARY,0.01238390092879249,0.0123839009287924,9.020562075079397e-17,-0.024767801857585203,-0.0247678018575852,-3.469446951953614e-18,False,False,True,False,False,True,3.23,3.23,0.0,3.27,3.27,0.0,3.15,3.15,0.0,True,ok,per_row,,
600236_2026-07-21,600236,2026-07-23,post,TRAIN_PRIMARY,-0.023853211009174258,-0.0238532110091742,-5.898059818321144e-17,-0.031192660550458662,-0.0311926605504586,-6.245004513516506e-17,False,False,True,False,False,True,10.9,10.9,0.0,10.64,10.64,0.0,10.56,10.56,0.0,True,ok,per_row,,
600644_2026-07-21,600644,2026-07-23,post,EXCLUDED_QUALITY,,0.0020408163265306,,,-0.0428571428571428,,False,False,,False,False,,9.8,9.8,0.0,,9.82,,,9.38,,False,d3_high_invalid|d3_close_invalid,per_row,,
603118_2026-07-23,603118,2026-07-23,d0,EXCLUDED_QUALITY,,0.0641269841269842,,,0.0285714285714284,,False,False,,False,False,,15.75,15.75,0.0,,16.76,,,16.2,,False,d3_high_invalid|d3_close_invalid,per_row,,
603629_2026-07-23,603629,2026-07-23,d0,TRAIN_PRIMARY,0.03508771929824572,0.0350877192982457,2.0816681711721685e-17,0.009298245614035139,0.0092982456140351,3.8163916471489756e-17,False,False,True,False,False,True,114.0,114.0,0.0,118.0,118.0,0.0,115.06,115.06,0.0,True,ok,per_row,,
000603_2026-07-24,000603,2026-07-24,d0,EXCLUDED_QUALITY,,-0.0238663484486874,,,-0.0425616547334924,,False,False,,False,False,,25.14,25.14,0.0,,24.54,,,24.07,,False,d3_high_invalid|d3_close_invalid,per_row,,
000889_2026-07-22,000889,2026-07-24,post,EXCLUDED_QUALITY,,0.0704225352112675,,,0.0338028169014084,,False,True,,False,False,,,3.55,,,3.8,,,3.67,,False,d2_no_bar_without_proof(exp=2026-07-27)|d3_no_bar_without_proof(exp=2026-07-28)|d2_open_invalid|d3_high_invalid|d3_close_invalid,per_row,,
002197_2026-07-24,002197,2026-07-24,d0,TRAIN_PRIMARY,0.04580152671755733,0.0458015267175573,2.7755575615628914e-17,0.016793893129771087,0.016793893129771,8.673617379884035e-17,False,False,True,False,False,True,6.55,6.55,0.0,6.85,6.85,0.0,6.66,6.66,0.0,True,ok,per_row,,
002213_2026-07-23,002213,2026-07-24,post,EXCLUDED_QUALITY,,0.0496268656716416,,,0.0033582089552239,,False,False,,False,False,,,26.8,,,28.13,,,26.89,,False,d2_no_bar_without_proof(exp=2026-07-27)|d3_no_bar_without_proof(exp=2026-07-28)|d2_open_invalid|d3_high_invalid|d3_close_invalid,per_row,,
002412_2026-07-24,002412,2026-07-24,d0,EXCLUDED_QUALITY,,0.0734870317002882,,,0.0086455331412103,,False,True,,False,False,,6.94,6.94,0.0,,7.45,,,7.0,,False,d3_high_invalid|d3_close_invalid,per_row,,
002900_2026-07-24,002900,2026-07-24,d0,TRAIN_PRIMARY,0.25091911764705865,0.2509191176470586,5.551115123125783e-17,0.1930147058823528,0.1930147058823528,0.0,True,True,True,False,False,True,10.88,10.88,0.0,13.61,13.61,0.0,12.98,12.98,0.0,True,ok,per_row,,
600396_2026-07-24,600396,2026-07-24,d0,EXCLUDED_QUALITY,,0.2292857142857143,,,0.1842857142857141,,False,True,,False,False,,14.0,14.0,0.0,,17.21,,,16.58,,False,d3_high_invalid|d3_close_invalid,per_row,,
600722_2026-07-24,600722,2026-07-24,d0,TRAIN_PRIMARY,-0.10009718172983473,-0.1000971817298347,-2.7755575615628914e-17,-0.10009718172983473,-0.1000971817298347,-2.7755575615628914e-17,False,False,True,True,True,True,10.29,10.29,0.0,9.26,9.26,0.0,9.26,9.26,0.0,True,ok,per_row,,
603118_2026-07-23,603118,2026-07-24,post,EXCLUDED_QUALITY,,0.1935699933020764,,,0.159410582719357,,False,True,,False,False,,,14.93,,,17.82,,,17.31,,False,d2_no_bar_without_proof(exp=2026-07-27)|d3_no_bar_without_proof(exp=2026-07-28)|d2_open_invalid|d3_high_invalid|d3_close_invalid,per_row,,
603619_2026-07-24,603619,2026-07-24,d0,EXCLUDED_QUALITY,,0.0430739109153206,,,0.0283896231032796,,False,False,,False,False,,20.43,20.43,0.0,,21.31,,,21.01,,False,d3_high_invalid|d3_close_invalid,per_row,,
603629_2026-07-23,603629,2026-07-24,post,TRAIN_PRIMARY,0.0652380952380951,0.0652380952380951,0.0,-0.013809523809523827,-0.0138095238095238,-2.7755575615628914e-17,False,False,True,False,False,True,105.0,105.0,0.0,111.85,111.85,0.0,103.55,103.55,0.0,True,ok,per_row,,
603988_2026-07-24,603988,2026-07-24,d0,TRAIN_PRIMARY,0.1734693877551019,0.1734693877551019,0.0,0.12627551020408156,0.1262755102040815,5.551115123125783e-17,True,True,True,False,False,True,15.68,15.68,0.0,18.4,18.4,0.0,17.66,17.66,0.0,True,ok,per_row,,
605162_2026-07-24,605162,2026-07-24,d0,TRAIN_PRIMARY,0.18637532133676094,0.1863753213367609,2.7755575615628914e-17,0.18637532133676094,0.1863753213367609,2.7755575615628914e-17,True,True,True,False,False,True,7.78,7.78,0.0,9.23,9.23,0.0,9.23,9.23,0.0,True,ok,per_row,,
000011_2026-07-27,000011,2026-07-27,d0,EXCLUDED_QUALITY,,-0.0277777777777775,,,-0.0555555555555554,,False,False,,False,True,,8.28,8.28,0.0,,8.05,,,7.82,,False,d3_high_invalid|d3_close_invalid,per_row,,
000595_2026-07-27,000595,2026-07-27,d0,TRAIN_PRIMARY,-0.07191780821917804,-0.071917808219178,-4.163336342344337e-17,-0.08219178082191769,-0.0821917808219176,-9.71445146547012e-17,False,False,True,True,True,True,5.84,5.84,0.0,5.42,5.42,0.0,5.36,5.36,0.0,True,ok,per_row,,
000603_2026-07-24,000603,2026-07-27,post,EXCLUDED_QUALITY,,0.0663865546218487,,,0.0504201680672269,,False,False,,False,False,,,23.8,,,25.38,,,25.0,,False,d2_no_bar_without_proof(exp=2026-07-28)|d3_no_bar_without_proof(exp=2026-07-29)|d2_open_invalid|d3_high_invalid|d3_close_invalid,per_row,,
000668_2026-07-27,000668,2026-07-27,d0,TRAIN_PRIMARY,0.0712401055408971,0.0712401055408971,0.0,0.0712401055408971,0.0712401055408971,0.0,True,True,True,False,False,True,18.95,18.95,0.0,20.3,20.3,0.0,20.3,20.3,0.0,True,ok,per_row,,
002083_2026-07-27,002083,2026-07-27,d0,TRAIN_PRIMARY,0.006779661016949268,0.0067796610169492,6.765421556309548e-17,0.006779661016949268,0.0067796610169492,6.765421556309548e-17,False,False,True,False,False,True,11.8,11.8,0.0,11.88,11.88,0.0,11.88,11.88,0.0,True,ok,per_row,,
002197_2026-07-24,002197,2026-07-27,post,TRAIN_PRIMARY,0.0365296803652968,0.0365296803652968,0.0,0.007610350076103556,0.0076103500761035,5.551115123125783e-17,False,False,True,False,False,True,6.57,6.57,0.0,6.81,6.81,0.0,6.62,6.62,0.0,True,ok,per_row,,
002199_2026-07-27,002199,2026-07-27,d0,TRAIN_PRIMARY,0.24906716417910446,0.2490671641791044,5.551115123125783e-17,0.24906716417910446,0.2490671641791044,5.551115123125783e-17,True,True,True,False,False,True,10.72,10.72,0.0,13.39,13.39,0.0,13.39,13.39,0.0,True,ok,per_row,,
002218_2026-07-27,002218,2026-07-27,d0,EXCLUDED_QUALITY,,-0.0097087378640776,,,-0.0145631067961166,,False,False,,False,False,,,4.12,,,4.08,,,4.06,,False,d2_no_bar_without_proof(exp=2026-07-28)|d3_no_bar_without_proof(exp=2026-07-29)|d2_open_invalid|d3_high_invalid|d3_close_invalid,per_row,,
002298_2026-07-27,002298,2026-07-27,d0,TRAIN_PRIMARY,0.056626506024096246,0.0566265060240962,4.85722573273506e-17,0.056626506024096246,0.0566265060240962,4.85722573273506e-17,False,False,True,False,False,True,8.3,8.3,0.0,8.77,8.77,0.0,8.77,8.77,0.0,True,ok,per_row,,
002300_2026-07-27,002300,2026-07-27,d0,EXCLUDED_QUALITY,,0.0109289617486338,,,-0.0068306010928962,,False,False,,False,False,,7.32,7.32,0.0,,7.4,,,7.27,,False,d3_high_invalid|d3_close_invalid,per_row,,
002412_2026-07-24,002412,2026-07-27,post,EXCLUDED_QUALITY,,0.0197740112994349,,,-0.0240112994350282,,False,False,,False,False,,,7.08,,,7.22,,,6.91,,False,d2_no_bar_without_proof(exp=2026-07-28)|d3_no_bar_without_proof(exp=2026-07-29)|d2_open_invalid|d3_high_invalid|d3_close_invalid,per_row,,
002498_2026-07-27,002498,2026-07-27,d0,TRAIN_PRIMARY,0.06360946745562135,0.0636094674556213,5.551115123125783e-17,0.06360946745562135,0.0636094674556213,5.551115123125783e-17,False,False,True,False,False,True,6.76,6.76,0.0,7.19,7.19,0.0,7.19,7.19,0.0,True,ok,per_row,,
003001_2026-07-27,003001,2026-07-27,d0,TRAIN_PRIMARY,0.011979166666666652,0.0119791666666666,5.204170427930421e-17,0.011979166666666652,0.0119791666666666,5.204170427930421e-17,False,False,True,False,False,True,19.2,19.2,0.0,19.43,19.43,0.0,19.43,19.43,0.0,True,ok,per_row,,
600396_2026-07-24,600396,2026-07-27,post,EXCLUDED_QUALITY,,0.1585445094217021,,,0.0500324886289798,,False,True,,False,False,,,15.39,,,17.83,,,16.16,,False,d2_no_bar_without_proof(exp=2026-07-28)|d3_no_bar_without_proof(exp=2026-07-29)|d2_open_invalid|d3_high_invalid|d3_close_invalid,per_row,,
600698_2026-07-27,600698,2026-07-27,d0,EXCLUDED_QUALITY,,-0.0221893491124259,,,-0.0325443786982247,,False,False,,False,False,,6.76,6.76,0.0,,6.61,,,6.54,,False,d3_high_invalid|d3_close_invalid,per_row,,
600722_2026-07-24,600722,2026-07-27,post,TRAIN_PRIMARY,0.10043196544276456,0.1004319654427645,5.551115123125783e-17,0.10043196544276456,0.1004319654427645,5.551115123125783e-17,True,True,True,False,False,True,9.26,9.26,0.0,10.19,10.19,0.0,10.19,10.19,0.0,True,ok,per_row,,
600984_2026-07-27,600984,2026-07-27,d0,EXCLUDED_QUALITY,,0.0124999999999999,,,-0.0074999999999999,,False,False,,False,False,,4.0,4.0,0.0,,4.05,,,3.97,,False,d3_high_invalid|d3_close_invalid,per_row,,
603619_2026-07-24,603619,2026-07-27,post,EXCLUDED_QUALITY,,0.1090723751274209,,,0.0866462793068296,,False,True,,False,False,,,19.62,,,21.76,,,21.32,,False,d2_no_bar_without_proof(exp=2026-07-28)|d3_no_bar_without_proof(exp=2026-07-29)|d2_open_invalid|d3_high_invalid|d3_close_invalid,per_row,,
603629_2026-07-23,603629,2026-07-27,post,TRAIN_PRIMARY,-0.07081110906750032,-0.0708111090675003,-2.7755575615628914e-17,-0.10842376310465318,-0.1084237631046531,-8.326672684688674e-17,False,False,True,True,True,True,108.74,108.74,0.0,101.04,101.04,0.0,96.95,96.95,0.0,True,ok,per_row,,
603956_2026-07-27,603956,2026-07-27,d0,TRAIN_PRIMARY,0.06115702479338836,0.0611570247933883,6.245004513516506e-17,0.024793388429752206,0.0247933884297522,6.938893903907228e-18,False,False,True,False,False,True,6.05,6.05,0.0,6.42,6.42,0.0,6.2,6.2,0.0,True,ok,per_row,,
605162_2026-07-24,605162,2026-07-27,post,TRAIN_PRIMARY,0.12792127921279195,0.1279212792127919,5.551115123125783e-17,0.07503075030750295,0.0750307503075029,4.163336342344337e-17,True,True,True,False,False,True,8.13,8.13,0.0,9.17,9.17,0.0,8.74,8.74,0.0,True,ok,per_row,,
000011_2026-07-27,000011,2026-07-28,post,EXCLUDED_QUALITY,,0.1345108695652173,,,0.0855978260869565,,False,True,,False,False,,,7.36,,,8.35,,,7.99,,False,d2_no_bar_without_proof(exp=2026-07-29)|d3_no_bar_without_proof(exp=2026-07-30)|d2_open_invalid|d3_high_invalid|d3_close_invalid,per_row,,
000595_2026-07-27,000595,2026-07-28,post,TRAIN_PRIMARY,0.020872865275142427,0.0208728652751424,2.7755575615628914e-17,-0.06451612903225801,-0.064516129032258,-1.3877787807814457e-17,False,False,True,True,True,True,5.27,5.27,0.0,5.38,5.38,0.0,4.93,4.93,0.0,True,ok,per_row,,
000668_2026-07-27,000668,2026-07-28,post,TRAIN_PRIMARY,0.12325080731969873,0.1232508073196987,2.7755575615628914e-17,0.023143164693218754,0.0231431646932187,5.551115123125783e-17,True,True,True,False,False,True,18.58,18.58,0.0,20.87,20.87,0.0,19.01,19.01,0.0,True,ok,per_row,,
002083_2026-07-27,002083,2026-07-28,post,TRAIN_PRIMARY,0.10287303058387409,0.102873030583874,9.71445146547012e-17,0.043558850787766445,0.0435588507877664,4.85722573273506e-17,True,True,True,False,False,True,10.79,10.79,0.0,11.9,11.9,0.0,11.26,11.26,0.0,True,ok,per_row,,
002197_2026-07-24,002197,2026-07-28,post,TRAIN_PRIMARY,-0.01195814648729443,-0.0119581464872944,-2.949029909160572e-17,-0.0866965620328849,-0.0866965620328849,0.0,False,False,True,True,True,True,6.69,6.69,0.0,6.61,6.61,0.0,6.11,6.11,0.0,True,ok,per_row,,
002298_2026-07-27,002298,2026-07-28,post,TRAIN_PRIMARY,0.13985148514851486,0.1398514851485148,5.551115123125783e-17,0.09034653465346532,0.0903465346534653,1.3877787807814457e-17,True,True,True,False,False,True,8.08,8.08,0.0,9.21,9.21,0.0,8.81,8.81,0.0,True,ok,per_row,,
002300_2026-07-27,002300,2026-07-28,post,EXCLUDED_QUALITY,,0.021186440677966,,,-0.0155367231638418,,False,False,,False,False,,,7.08,,,7.23,,,6.97,,False,d2_no_bar_without_proof(exp=2026-07-29)|d3_no_bar_without_proof(exp=2026-07-30)|d2_open_invalid|d3_high_invalid|d3_close_invalid,per_row,,
002498_2026-07-27,002498,2026-07-28,post,TRAIN_PRIMARY,0.14196567862714504,0.141965678627145,5.551115123125783e-17,0.08580343213728536,0.0858034321372853,6.938893903907228e-17,True,True,True,False,False,True,6.41,6.41,0.0,7.32,7.32,0.0,6.96,6.96,0.0,True,ok,per_row,,
002900_2026-07-24,002900,2026-07-28,post,TRAIN_PRIMARY,0.046128500823723106,0.0461285008237231,6.938893903907228e-18,-0.047775947281713305,-0.0477759472817133,-6.938893903907228e-18,False,False,True,False,False,True,12.14,12.14,0.0,12.7,12.7,0.0,11.56,11.56,0.0,True,ok,per_row,,
003001_2026-07-27,003001,2026-07-28,post,TRAIN_PRIMARY,0.16520210896309306,0.165202108963093,5.551115123125783e-17,0.024604569420034972,0.0246045694200349,7.28583859910259e-17,True,True,True,False,False,True,17.07,17.07,0.0,19.89,19.89,0.0,17.49,17.49,0.0,True,ok,per_row,,
600617_2026-07-28,600617,2026-07-28,d0,TRAIN_PRIMARY,0.06686930091185395,0.0668693009118539,4.163336342344337e-17,-0.01823708206686936,-0.0182370820668693,-5.898059818321144e-17,False,False,True,False,False,True,3.29,3.29,0.0,3.51,3.51,0.0,3.23,3.23,0.0,True,ok,per_row,,
600698_2026-07-27,600698,2026-07-28,post,EXCLUDED_QUALITY,,0.084375,,,0.0171874999999999,,False,True,,False,False,,,6.4,,,6.94,,,6.51,,False,d2_no_bar_without_proof(exp=2026-07-29)|d3_no_bar_without_proof(exp=2026-07-30)|d2_open_invalid|d3_high_invalid|d3_close_invalid,per_row,,
600722_2026-07-24,600722,2026-07-28,post,TRAIN_PRIMARY,0.19022316684378304,0.190223166843783,5.551115123125783e-17,0.15621679064824656,0.1562167906482465,5.551115123125783e-17,True,True,True,False,False,True,9.41,9.41,0.0,11.2,11.2,0.0,10.88,10.88,0.0,True,ok,per_row,,
600984_2026-07-27,600984,2026-07-28,post,EXCLUDED_QUALITY,,0.0277777777777779,,,0.0126262626262625,,False,False,,False,False,,,3.96,,,4.07,,,4.01,,False,d2_no_bar_without_proof(exp=2026-07-29)|d3_no_bar_without_proof(exp=2026-07-30)|d2_open_invalid|d3_high_invalid|d3_close_invalid,per_row,,
601606_2026-07-28,601606,2026-07-28,d0,TRAIN_PRIMARY,0.0972727272727274,0.0972727272727274,0.0,0.08030303030303032,0.0803030303030303,1.3877787807814457e-17,True,True,True,False,False,True,33.0,33.0,0.0,36.21,36.21,0.0,35.65,35.65,0.0,True,ok,per_row,,
603690_2026-07-28,603690,2026-07-28,d0,TRAIN_PRIMARY,-0.04501992031872515,-0.0450199203187251,-4.85722573273506e-17,-0.11195219123505984,-0.1119521912350598,-4.163336342344337e-17,False,False,True,True,True,True,25.1,25.1,0.0,23.97,23.97,0.0,22.29,22.29,0.0,True,ok,per_row,,
603956_2026-07-27,603956,2026-07-28,post,TRAIN_PRIMARY,-0.006349206349206327,-0.0063492063492063,-2.688821387764051e-17,-0.04920634920634914,-0.0492063492063491,-4.163336342344337e-17,False,False,True,False,False,True,6.3,6.3,0.0,6.26,6.26,0.0,5.99,5.99,0.0,True,ok,per_row,,
603988_2026-07-24,603988,2026-07-28,post,TRAIN_PRIMARY,0.14109050028105696,0.1410905002810569,5.551115123125783e-17,0.11916807195053414,0.1191680719505341,4.163336342344337e-17,True,True,True,False,False,True,17.79,17.79,0.0,20.3,20.3,0.0,19.91,19.91,0.0,True,ok,per_row,,
000566_2026-07-29,000566,2026-07-29,d0,TRAIN_PRIMARY,0.10275229357798166,0.1027522935779816,5.551115123125783e-17,0.07522935779816509,0.075229357798165,8.326672684688674e-17,True,True,True,False,False,True,5.45,5.45,0.0,6.01,6.01,0.0,5.86,5.86,0.0,True,ok,per_row,,
000595_2026-07-27,000595,2026-07-29,post,TRAIN_PRIMARY,0.02264150943396226,0.0226415094339622,5.898059818321144e-17,0.02264150943396226,0.0226415094339622,5.898059818321144e-17,False,False,True,False,False,True,5.3,5.3,0.0,5.42,5.42,0.0,5.42,5.42,0.0,True,ok,per_row,,
002173_2026-07-29,002173,2026-07-29,d0,TRAIN_PRIMARY,0.015361744301288338,0.0153617443012883,3.8163916471489756e-17,-0.031714568880079286,-0.0317145688800792,-8.326672684688674e-17,False,False,True,False,False,True,20.18,20.18,0.0,20.49,20.49,0.0,19.54,19.54,0.0,True,ok,per_row,,
002309_2026-07-29,002309,2026-07-29,d0,TRAIN_PRIMARY,0.012461059190031154,0.0124610591900311,5.377642775528102e-17,-0.0031152647975076775,-0.0031152647975076,-7.762887554996212e-17,False,False,True,False,False,True,3.21,3.21,0.0,3.25,3.25,0.0,3.2,3.2,0.0,True,ok,per_row,,
002310_2026-07-29,002310,2026-07-29,d0,TRAIN_PRIMARY,-0.019379844961240456,-0.0193798449612404,-5.551115123125783e-17,-0.03488372093023251,-0.0348837209302325,-6.938893903907228e-18,False,False,True,False,False,True,2.58,2.58,0.0,2.53,2.53,0.0,2.49,2.49,0.0,True,ok,per_row,,
002388_2026-07-29,002388,2026-07-29,d0,TRAIN_PRIMARY,-0.04609218436873752,-0.0460921843687375,-2.0816681711721685e-17,-0.06813627254509014,-0.0681362725450901,-4.163336342344337e-17,False,False,True,True,True,True,4.99,4.99,0.0,4.76,4.76,0.0,4.65,4.65,0.0,True,ok,per_row,,
002969_2026-07-29,002969,2026-07-29,d0,TRAIN_PRIMARY,0.04337349397590362,0.0433734939759036,2.0816681711721685e-17,-0.003212851405622441,-0.0032128514056224,-4.119968255444917e-17,False,False,True,False,False,True,12.45,12.45,0.0,12.99,12.99,0.0,12.41,12.41,0.0,True,ok,per_row,,
600617_2026-07-28,600617,2026-07-29,post,TRAIN_PRIMARY,-0.01807228915662651,-0.0180722891566265,-1.0408340855860843e-17,-0.027108433734939763,-0.0271084337349397,-6.245004513516506e-17,False,False,True,False,False,True,3.32,3.32,0.0,3.26,3.26,0.0,3.23,3.23,0.0,True,ok,per_row,,
600775_2026-07-29,600775,2026-07-29,d0,TRAIN_PRIMARY,0.04772004241781569,0.0477200424178156,9.020562075079397e-17,0.03711558854718988,0.0371155885471898,8.326672684688674e-17,False,False,True,False,False,True,9.43,9.43,0.0,9.88,9.88,0.0,9.78,9.78,0.0,True,ok,per_row,,
601606_2026-07-28,601606,2026-07-29,post,TRAIN_PRIMARY,0.08185162477007979,0.0818516247700797,8.326672684688674e-17,0.040465971796443956,0.0404659717964439,5.551115123125783e-17,True,True,True,False,False,True,32.62,32.62,0.0,35.29,35.29,0.0,33.94,33.94,0.0,True,ok,per_row,,
603358_2026-07-29,603358,2026-07-29,d0,TRAIN_PRIMARY,-0.047524259766110855,-0.0475242597661108,-5.551115123125783e-17,-0.06593680019905446,-0.0659368001990544,-5.551115123125783e-17,False,False,True,True,True,True,40.19,40.19,0.0,38.28,38.28,0.0,37.54,37.54,0.0,True,ok,per_row,,
603389_2026-07-29,603389,2026-07-29,d0,TRAIN_PRIMARY,-0.004378889144964204,-0.0043788891449642,-4.336808689942018e-18,-0.04563263424752251,-0.0456326342475225,-6.938893903907228e-18,False,False,True,False,False,True,43.39,43.39,0.0,43.2,43.2,0.0,41.41,41.41,0.0,True,ok,per_row,,
603690_2026-07-28,603690,2026-07-29,post,TRAIN_PRIMARY,-0.010989010989011061,-0.010989010989011,-6.071532165918825e-17,-0.08284023668639062,-0.0828402366863906,-2.7755575615628914e-17,False,False,True,True,True,True,23.66,23.66,0.0,23.4,23.4,0.0,21.7,21.7,0.0,True,ok,per_row,,
603716_2026-07-29,603716,2026-07-29,d0,TRAIN_PRIMARY,0.017879948914431676,0.0178799489144316,7.632783294297951e-17,0.014687100893997496,0.0146871008939974,9.540979117872439e-17,False,False,True,False,False,True,15.66,15.66,0.0,15.94,15.94,0.0,15.89,15.89,0.0,True,ok,per_row,,
603956_2026-07-27,603956,2026-07-29,post,TRAIN_PRIMARY,0.06290322580645147,0.0629032258064514,6.938893903907228e-17,0.06290322580645147,0.0629032258064514,6.938893903907228e-17,False,False,True,False,False,True,6.2,6.2,0.0,6.59,6.59,0.0,6.59,6.59,0.0,True,ok,per_row,,
,,,,,,,,,,,,,,,,,,,,,,,,,,,,overall,v021_rows,1020.0
,,,,,,,,,,,,,,,,,,,,,,,,,,,,overall,v02_rows,1020.0
,,,,,,,,,,,,,,,,,,,,,,,,,,,,overall,target7_daily_positive,284.0
,,,,,,,,,,,,,,,,,,,,,,,,,,,,overall,tail_daily_positive,264.0
,,,,,,,,,,,,,,,,,,,,,,,,,,,,overall,target7_label_disagreement_daily_vs_minute,0.0
,,,,,,,,,,,,,,,,,,,,,,,,,,,,overall,tail_label_disagreement_daily_vs_minute,0.0
,,,,,,,,,,,,,,,,,,,,,,,,,,,,overall,excluded_by_daily_label_quality,154.0
,,,,,,,,,,,,,,,,,,,,,,,,,,,,overall,target_training_eligible,866.0
,,,,,,,,,,,,,,,,,,,,,,,,,,,,overall,d0_rows,382.0
,,,,,,,,,,,,,,,,,,,,,,,,,,,,overall,post_rows,638.0
,,,,,,,,,,,,,,,,,,,,,,,,,,,,overall,d0_target7_daily,112.0
,,,,,,,,,,,,,,,,,,,,,,,,,,,,overall,post_target7_daily,172.0
,,,,,,,,,,,,,,,,,,,,,,,,,,,,overall,d0_tail_daily,84.0
,,,,,,,,,,,,,,,,,,,,,,,,,,,,overall,post_tail_daily,180.0
,,,,,,,,,,,,,,,,,,,,,,,,,,,,daily_label_quality_failure_reason,d3_high_invalid|d3_close_invalid,89.0
,,,,,,,,,,,,,,,,,,,,,,,,,,,,daily_label_quality_failure_reason,d2_no_bar_without_proof(exp=2026-07-06)|d3_no_bar_without_proof(exp=2026-07-07)|d2_open_invalid|d3_high_invalid|d3_close_invalid,12.0
,,,,,,,,,,,,,,,,,,,,,,,,,,,,daily_label_quality_failure_reason,d2_no_bar_without_proof(exp=2026-07-07)|d3_no_bar_without_proof(exp=2026-07-08)|d2_open_invalid|d3_high_invalid|d3_close_invalid,10.0
,,,,,,,,,,,,,,,,,,,,,,,,,,,,daily_label_quality_failure_reason,d2_no_bar_without_proof(exp=2026-07-28)|d3_no_bar_without_proof(exp=2026-07-29)|d2_open_invalid|d3_high_invalid|d3_close_invalid,5.0
,,,,,,,,,,,,,,,,,,,,,,,,,,,,daily_label_quality_failure_reason,d2_no_bar_without_proof(exp=2026-07-22)|d3_no_bar_without_proof(exp=2026-07-23)|d2_open_invalid|d3_high_invalid|d3_close_invalid,4.0
,,,,,,,,,,,,,,,,,,,,,,,,,,,,daily_label_quality_failure_reason,d2_no_bar_without_proof(exp=2026-07-29)|d3_no_bar_without_proof(exp=2026-07-30)|d2_open_invalid|d3_high_invalid|d3_close_invalid,4.0
,,,,,,,,,,,,,,,,,,,,,,,,,,,,daily_label_quality_failure_reason,d2_no_bar_without_proof(exp=2026-06-30)|d3_no_bar_without_proof(exp=2026-07-01)|d2_open_invalid|d3_high_invalid|d3_close_invalid,3.0
,,,,,,,,,,,,,,,,,,,,,,,,,,,,daily_label_quality_failure_reason,d2_no_bar_without_proof(exp=2026-07-08)|d3_no_bar_without_proof(exp=2026-07-09)|d2_open_invalid|d3_high_invalid|d3_close_invalid,3.0
,,,,,,,,,,,,,,,,,,,,,,,,,,,,daily_label_quality_failure_reason,d2_no_bar_without_proof(exp=2026-07-13)|d3_no_bar_without_proof(exp=2026-07-14)|d2_open_invalid|d3_high_invalid|d3_close_invalid,3.0
,,,,,,,,,,,,,,,,,,,,,,,,,,,,daily_label_quality_failure_reason,d2_no_bar_without_proof(exp=2026-07-15)|d3_no_bar_without_proof(exp=2026-07-16)|d2_open_invalid|d3_high_invalid|d3_close_invalid,3.0
,,,,,,,,,,,,,,,,,,,,,,,,,,,,daily_label_quality_failure_reason,d2_no_bar_without_proof(exp=2026-07-21)|d3_no_bar_without_proof(exp=2026-07-22)|d2_open_invalid|d3_high_invalid|d3_close_invalid,3.0
,,,,,,,,,,,,,,,,,,,,,,,,,,,,daily_label_quality_failure_reason,d2_no_bar_without_proof(exp=2026-07-27)|d3_no_bar_without_proof(exp=2026-07-28)|d2_open_invalid|d3_high_invalid|d3_close_invalid,3.0
,,,,,,,,,,,,,,,,,,,,,,,,,,,,daily_label_quality_failure_reason,d2_no_bar_without_proof(exp=2026-06-08)|d3_no_bar_without_proof(exp=2026-06-09)|d2_open_invalid|d3_high_invalid|d3_close_invalid,2.0
,,,,,,,,,,,,,,,,,,,,,,,,,,,,daily_label_quality_failure_reason,d2_no_bar_without_proof(exp=2026-06-09)|d3_no_bar_without_proof(exp=2026-06-10)|d2_open_invalid|d3_high_invalid|d3_close_invalid,2.0
,,,,,,,,,,,,,,,,,,,,,,,,,,,,daily_label_quality_failure_reason,d2_no_bar_without_proof(exp=2026-07-01)|d3_no_bar_without_proof(exp=2026-07-02)|d2_open_invalid|d3_high_invalid|d3_close_invalid,2.0
,,,,,,,,,,,,,,,,,,,,,,,,,,,,daily_label_quality_failure_reason,d2_no_bar_without_proof(exp=2026-07-14)|d3_no_bar_without_proof(exp=2026-07-15)|d2_open_invalid|d3_high_invalid|d3_close_invalid,2.0
,,,,,,,,,,,,,,,,,,,,,,,,,,,,daily_label_quality_failure_reason,d2_no_bar_without_proof(exp=2026-07-20)|d3_no_bar_without_proof(exp=2026-07-21)|d2_open_invalid|d3_high_invalid|d3_close_invalid,2.0
,,,,,,,,,,,,,,,,,,,,,,,,,,,,daily_label_quality_failure_reason,d2_no_bar_without_proof(exp=2026-05-25)|d3_no_bar_without_proof(exp=2026-05-26)|d2_open_invalid|d3_high_invalid|d3_close_invalid,1.0
,,,,,,,,,,,,,,,,,,,,,,,,,,,,daily_label_quality_failure_reason,d2_no_bar_without_proof(exp=2026-06-03)|d3_no_bar_without_proof(exp=2026-06-04)|d2_open_invalid|d3_high_invalid|d3_close_invalid,1.0
