record_type,summary_dimension,summary_value,rows,signal_dates,d2_dates,auction_price_equivalent_coverage,independent_auction_price_coverage,auction_volume_coverage,auction_amount_coverage,historical_core_three_coverage,coverage_gate,gate_pass,event_id,code,signal_date,d1_date,d2_date,month,board_group,history_scope,in_primary_history_gate,daily_row_available,official_d2_open,official_d2_volume,official_d2_amount,daily_source,daily_cache_kind,daily_cache_path,daily_error,minute_row_available,minute_cache_kind,minute_cache_path,minute_source,minute_bar_count,minute_first_time,minute_last_time,preopen_bar_count,bar_0925_count,minute_error,auction_price_equivalent_available,independent_auction_price_snapshot_available,auction_volume_available,auction_amount_available,historical_core_fields_complete,historical_auction_source,missing_reason
SUMMARY,OVERALL,ALL,492.0,61.0,61.0,1.0,0.0,0.0,0.0,0.0,0.9,0.0,,,,,,,,,,,,,,,,,,,,,,,,,,,,,,,,,,
SUMMARY,MONTH,2026-05,146.0,18.0,18.0,1.0,0.0,0.0,0.0,0.0,0.85,0.0,,,,,,,,,,,,,,,,,,,,,,,,,,,,,,,,,,
SUMMARY,MONTH,2026-06,173.0,21.0,21.0,1.0,0.0,0.0,0.0,0.0,0.85,0.0,,,,,,,,,,,,,,,,,,,,,,,,,,,,,,,,,,
SUMMARY,MONTH,2026-07,173.0,22.0,22.0,1.0,0.0,0.0,0.0,0.0,0.85,0.0,,,,,,,,,,,,,,,,,,,,,,,,,,,,,,,,,,
SUMMARY,BOARD,BOARD2,411.0,61.0,61.0,1.0,0.0,0.0,0.0,0.0,0.9,0.0,,,,,,,,,,,,,,,,,,,,,,,,,,,,,,,,,,
SUMMARY,BOARD,BOARD3,81.0,45.0,45.0,1.0,0.0,0.0,0.0,0.0,0.9,0.0,,,,,,,,,,,,,,,,,,,,,,,,,,,,,,,,,,
CANDIDATE,,,,,,,,,,,,,000980_2026-05-06,000980,2026-05-06,2026-05-06,2026-05-07,2026-05,BOARD2,PRIMARY_MAY_JULY_D2,1.0,1.0,2.55,304903900.0,,sina_daily,daily_unadjusted,data/cache/daily_unadjusted/000980_daily.pkl,,1.0,minute_5m,data/cache/minute_5m/000980_5min.pkl,sina_5m,48.0,09:35:00,15:00:00,0.0,0.0,,1.0,0.0,0.0,0.0,0.0,NONE,NO_HISTORICAL_0925_AUCTION_VOLUME_AMOUNT
CANDIDATE,,,,,,,,,,,,,002192_2026-05-06,002192,2026-05-06,2026-05-06,2026-05-07,2026-05,BOARD2,PRIMARY_MAY_JULY_D2,1.0,1.0,111.18,41303984.0,,sina_daily,daily_unadjusted,data/cache/daily_unadjusted/002192_daily.pkl,,1.0,baostock_5m,data/cache/baostock_5m/002192_5min.pkl,baostock_5m,48.0,09:35:00,15:00:00,0.0,0.0,,1.0,0.0,0.0,0.0,0.0,NONE,NO_HISTORICAL_0925_AUCTION_VOLUME_AMOUNT
CANDIDATE,,,,,,,,,,,,,002645_2026-05-06,002645,2026-05-06,2026-05-06,2026-05-07,2026-05,BOARD2,PRIMARY_MAY_JULY_D2,1.0,1.0,26.23,54306060.0,,sina_daily,daily_unadjusted,data/cache/daily_unadjusted/002645_daily.pkl,,1.0,baostock_5m,data/cache/baostock_5m/002645_5min.pkl,baostock_5m,48.0,09:35:00,15:00:00,0.0,0.0,,1.0,0.0,0.0,0.0,0.0,NONE,NO_HISTORICAL_0925_AUCTION_VOLUME_AMOUNT
CANDIDATE,,,,,,,,,,,,,002842_2026-05-06,002842,2026-05-06,2026-05-06,2026-05-07,2026-05,BOARD2,PRIMARY_MAY_JULY_D2,1.0,1.0,39.5,60810236.0,,sina_daily,daily_unadjusted,data/cache/daily_unadjusted/002842_daily.pkl,,1.0,baostock_5m,data/cache/baostock_5m/002842_5min.pkl,baostock_5m,48.0,09:35:00,15:00:00,0.0,0.0,,1.0,0.0,0.0,0.0,0.0,NONE,NO_HISTORICAL_0925_AUCTION_VOLUME_AMOUNT
CANDIDATE,,,,,,,,,,,,,600714_2026-05-06,600714,2026-05-06,2026-05-06,2026-05-07,2026-05,BOARD2,PRIMARY_MAY_JULY_D2,1.0,1.0,21.44,330844.0,,tencent_daily,daily_unadjusted,data/cache/daily_unadjusted/600714_daily.pkl,,1.0,baostock_5m,data/cache/baostock_5m/600714_5min.pkl,baostock_5m,48.0,09:35:00,15:00:00,0.0,0.0,,1.0,0.0,0.0,0.0,0.0,NONE,NO_HISTORICAL_0925_AUCTION_VOLUME_AMOUNT
CANDIDATE,,,,,,,,,,,,,605099_2026-05-06,605099,2026-05-06,2026-05-06,2026-05-07,2026-05,BOARD2,PRIMARY_MAY_JULY_D2,1.0,1.0,49.29,101574.0,,tencent_daily,daily_unadjusted,data/cache/daily_unadjusted/605099_daily.pkl,,1.0,minute_5m,data/cache/minute_5m/605099_5min.pkl,sina_5m,48.0,09:35:00,15:00:00,0.0,0.0,,1.0,0.0,0.0,0.0,0.0,NONE,NO_HISTORICAL_0925_AUCTION_VOLUME_AMOUNT
CANDIDATE,,,,,,,,,,,,,000402_2026-05-07,000402,2026-05-07,2026-05-07,2026-05-08,2026-05,BOARD3,PRIMARY_MAY_JULY_D2,1.0,1.0,3.33,178447367.0,,sina_daily,daily_unadjusted,data/cache/daily_unadjusted/000402_daily.pkl,,1.0,baostock_5m,data/cache/baostock_5m/000402_5min.pkl,baostock_5m,48.0,09:35:00,15:00:00,0.0,0.0,,1.0,0.0,0.0,0.0,0.0,NONE,NO_HISTORICAL_0925_AUCTION_VOLUME_AMOUNT
CANDIDATE,,,,,,,,,,,,,000553_2026-05-07,000553,2026-05-07,2026-05-07,2026-05-08,2026-05,BOARD2,PRIMARY_MAY_JULY_D2,1.0,1.0,7.31,35552868.0,,sina_daily,daily_unadjusted,data/cache/daily_unadjusted/000553_daily.pkl,,1.0,baostock_5m,data/cache/baostock_5m/000553_5min.pkl,baostock_5m,48.0,09:35:00,15:00:00,0.0,0.0,,1.0,0.0,0.0,0.0,0.0,NONE,NO_HISTORICAL_0925_AUCTION_VOLUME_AMOUNT
CANDIDATE,,,,,,,,,,,,,000783_2026-05-07,000783,2026-05-07,2026-05-07,2026-05-08,2026-05,BOARD2,PRIMARY_MAY_JULY_D2,1.0,1.0,8.33,193372728.0,,sina_daily,daily_unadjusted,data/cache/daily_unadjusted/000783_daily.pkl,,1.0,baostock_5m,data/cache/baostock_5m/000783_5min.pkl,baostock_5m,48.0,09:35:00,15:00:00,0.0,0.0,,1.0,0.0,0.0,0.0,0.0,NONE,NO_HISTORICAL_0925_AUCTION_VOLUME_AMOUNT
CANDIDATE,,,,,,,,,,,,,001316_2026-05-07,001316,2026-05-07,2026-05-07,2026-05-08,2026-05,BOARD2,PRIMARY_MAY_JULY_D2,1.0,1.0,59.27,7676174.0,,sina_daily,daily_unadjusted,data/cache/daily_unadjusted/001316_daily.pkl,,1.0,baostock_5m,data/cache/baostock_5m/001316_5min.pkl,baostock_5m,48.0,09:35:00,15:00:00,0.0,0.0,,1.0,0.0,0.0,0.0,0.0,NONE,NO_HISTORICAL_0925_AUCTION_VOLUME_AMOUNT
CANDIDATE,,,,,,,,,,,,,002149_2026-05-07,002149,2026-05-07,2026-05-07,2026-05-08,2026-05,BOARD2,PRIMARY_MAY_JULY_D2,1.0,1.0,72.78,93968182.0,,sina_daily,daily_unadjusted,data/cache/daily_unadjusted/002149_daily.pkl,,1.0,baostock_5m,data/cache/baostock_5m/002149_5min.pkl,baostock_5m,48.0,09:35:00,15:00:00,0.0,0.0,,1.0,0.0,0.0,0.0,0.0,NONE,NO_HISTORICAL_0925_AUCTION_VOLUME_AMOUNT
CANDIDATE,,,,,,,,,,,,,002158_2026-05-07,002158,2026-05-07,2026-05-07,2026-05-08,2026-05,BOARD2,PRIMARY_MAY_JULY_D2,1.0,1.0,31.66,21512954.0,,sina_daily,daily_unadjusted,data/cache/daily_unadjusted/002158_daily.pkl,,1.0,baostock_5m,data/cache/baostock_5m/002158_5min.pkl,baostock_5m,48.0,09:35:00,15:00:00,0.0,0.0,,1.0,0.0,0.0,0.0,0.0,NONE,NO_HISTORICAL_0925_AUCTION_VOLUME_AMOUNT
CANDIDATE,,,,,,,,,,,,,002181_2026-05-07,002181,2026-05-07,2026-05-07,2026-05-08,2026-05,BOARD2,PRIMARY_MAY_JULY_D2,1.0,1.0,18.6,113614013.0,,sina_daily,daily_unadjusted,data/cache/daily_unadjusted/002181_daily.pkl,,1.0,baostock_5m,data/cache/baostock_5m/002181_5min.pkl,baostock_5m,48.0,09:35:00,15:00:00,0.0,0.0,,1.0,0.0,0.0,0.0,0.0,NONE,NO_HISTORICAL_0925_AUCTION_VOLUME_AMOUNT
CANDIDATE,,,,,,,,,,,,,002453_2026-05-07,002453,2026-05-07,2026-05-07,2026-05-08,2026-05,BOARD2,PRIMARY_MAY_JULY_D2,1.0,1.0,6.05,70162959.0,,sina_daily,daily_unadjusted,data/cache/daily_unadjusted/002453_daily.pkl,,1.0,baostock_5m,data/cache/baostock_5m/002453_5min.pkl,baostock_5m,48.0,09:35:00,15:00:00,0.0,0.0,,1.0,0.0,0.0,0.0,0.0,NONE,NO_HISTORICAL_0925_AUCTION_VOLUME_AMOUNT
CANDIDATE,,,,,,,,,,,,,002640_2026-05-07,002640,2026-05-07,2026-05-07,2026-05-08,2026-05,BOARD2,PRIMARY_MAY_JULY_D2,1.0,1.0,4.04,255151678.0,,sina_daily,daily_unadjusted,data/cache/daily_unadjusted/002640_daily.pkl,,1.0,baostock_5m,data/cache/baostock_5m/002640_5min.pkl,baostock_5m,48.0,09:35:00,15:00:00,0.0,0.0,,1.0,0.0,0.0,0.0,0.0,NONE,NO_HISTORICAL_0925_AUCTION_VOLUME_AMOUNT
CANDIDATE,,,,,,,,,,,,,002805_2026-05-07,002805,2026-05-07,2026-05-07,2026-05-08,2026-05,BOARD3,PRIMARY_MAY_JULY_D2,1.0,1.0,24.78,55639529.0,,sina_daily,daily_unadjusted,data/cache/daily_unadjusted/002805_daily.pkl,,1.0,baostock_5m,data/cache/baostock_5m/002805_5min.pkl,baostock_5m,48.0,09:35:00,15:00:00,0.0,0.0,,1.0,0.0,0.0,0.0,0.0,NONE,NO_HISTORICAL_0925_AUCTION_VOLUME_AMOUNT
CANDIDATE,,,,,,,,,,,,,002989_2026-05-07,002989,2026-05-07,2026-05-07,2026-05-08,2026-05,BOARD2,PRIMARY_MAY_JULY_D2,1.0,1.0,32.11,13814675.0,,sina_daily,daily_unadjusted,data/cache/daily_unadjusted/002989_daily.pkl,,1.0,baostock_5m,data/cache/baostock_5m/002989_5min.pkl,baostock_5m,48.0,09:35:00,15:00:00,0.0,0.0,,1.0,0.0,0.0,0.0,0.0,NONE,NO_HISTORICAL_0925_AUCTION_VOLUME_AMOUNT
CANDIDATE,,,,,,,,,,,,,603937_2026-05-07,603937,2026-05-07,2026-05-07,2026-05-08,2026-05,BOARD3,PRIMARY_MAY_JULY_D2,1.0,1.0,16.94,400947.0,,tencent_daily,daily_unadjusted,data/cache/daily_unadjusted/603937_daily.pkl,,1.0,baostock_5m,data/cache/baostock_5m/603937_5min.pkl,baostock_5m,48.0,09:35:00,15:00:00,0.0,0.0,,1.0,0.0,0.0,0.0,0.0,NONE,NO_HISTORICAL_0925_AUCTION_VOLUME_AMOUNT
CANDIDATE,,,,,,,,,,,,,000066_2026-05-08,000066,2026-05-08,2026-05-08,2026-05-11,2026-05,BOARD3,PRIMARY_MAY_JULY_D2,1.0,1.0,24.52,572864632.0,,sina_daily,daily_unadjusted,data/cache/daily_unadjusted/000066_daily.pkl,,1.0,baostock_5m,data/cache/baostock_5m/000066_5min.pkl,baostock_5m,48.0,09:35:00,15:00:00,0.0,0.0,,1.0,0.0,0.0,0.0,0.0,NONE,NO_HISTORICAL_0925_AUCTION_VOLUME_AMOUNT
CANDIDATE,,,,,,,,,,,,,000818_2026-05-08,000818,2026-05-08,2026-05-08,2026-05-11,2026-05,BOARD2,PRIMARY_MAY_JULY_D2,1.0,1.0,18.49,74828796.0,,sina_daily,daily_unadjusted,data/cache/daily_unadjusted/000818_daily.pkl,,1.0,baostock_5m,data/cache/baostock_5m/000818_5min.pkl,baostock_5m,48.0,09:35:00,15:00:00,0.0,0.0,,1.0,0.0,0.0,0.0,0.0,NONE,NO_HISTORICAL_0925_AUCTION_VOLUME_AMOUNT
CANDIDATE,,,,,,,,,,,,,000889_2026-05-08,000889,2026-05-08,2026-05-08,2026-05-11,2026-05,BOARD2,PRIMARY_MAY_JULY_D2,1.0,1.0,5.46,193448480.0,,sina_daily,daily_unadjusted,data/cache/daily_unadjusted/000889_daily.pkl,,1.0,baostock_5m,data/cache/baostock_5m/000889_5min.pkl,baostock_5m,48.0,09:35:00,15:00:00,0.0,0.0,,1.0,0.0,0.0,0.0,0.0,NONE,NO_HISTORICAL_0925_AUCTION_VOLUME_AMOUNT
CANDIDATE,,,,,,,,,,,,,000967_2026-05-08,000967,2026-05-08,2026-05-08,2026-05-11,2026-05,BOARD2,PRIMARY_MAY_JULY_D2,1.0,1.0,15.9,335970198.0,,sina_daily,daily_unadjusted,data/cache/daily_unadjusted/000967_daily.pkl,,1.0,baostock_5m,data/cache/baostock_5m/000967_5min.pkl,baostock_5m,48.0,09:35:00,15:00:00,0.0,0.0,,1.0,0.0,0.0,0.0,0.0,NONE,NO_HISTORICAL_0925_AUCTION_VOLUME_AMOUNT
CANDIDATE,,,,,,,,,,,,,002217_2026-05-08,002217,2026-05-08,2026-05-08,2026-05-11,2026-05,BOARD2,PRIMARY_MAY_JULY_D2,1.0,1.0,3.56,1244401353.0,,sina_daily,daily_unadjusted,data/cache/daily_unadjusted/002217_daily.pkl,,1.0,minute_5m,data/cache/minute_5m/002217_5min.pkl,sina_5m,48.0,09:35:00,15:00:00,0.0,0.0,,1.0,0.0,0.0,0.0,0.0,NONE,NO_HISTORICAL_0925_AUCTION_VOLUME_AMOUNT
CANDIDATE,,,,,,,,,,,,,002903_2026-05-08,002903,2026-05-08,2026-05-08,2026-05-11,2026-05,BOARD2,PRIMARY_MAY_JULY_D2,1.0,1.0,45.65,20859388.0,,sina_daily,daily_unadjusted,data/cache/daily_unadjusted/002903_daily.pkl,,1.0,baostock_5m,data/cache/baostock_5m/002903_5min.pkl,baostock_5m,48.0,09:35:00,15:00:00,0.0,0.0,,1.0,0.0,0.0,0.0,0.0,NONE,NO_HISTORICAL_0925_AUCTION_VOLUME_AMOUNT
CANDIDATE,,,,,,,,,,,,,003041_2026-05-08,003041,2026-05-08,2026-05-08,2026-05-11,2026-05,BOARD2,PRIMARY_MAY_JULY_D2,1.0,1.0,64.24,8458228.0,,sina_daily,daily_unadjusted,data/cache/daily_unadjusted/003041_daily.pkl,,1.0,baostock_5m,data/cache/baostock_5m/003041_5min.pkl,baostock_5m,48.0,09:35:00,15:00:00,0.0,0.0,,1.0,0.0,0.0,0.0,0.0,NONE,NO_HISTORICAL_0925_AUCTION_VOLUME_AMOUNT
CANDIDATE,,,,,,,,,,,,,600396_2026-05-08,600396,2026-05-08,2026-05-08,2026-05-11,2026-05,BOARD2,PRIMARY_MAY_JULY_D2,1.0,1.0,12.67,2386658.0,,tencent_daily,daily_unadjusted,data/cache/daily_unadjusted/600396_daily.pkl,,1.0,baostock_5m,data/cache/baostock_5m/600396_5min.pkl,baostock_5m,48.0,09:35:00,15:00:00,0.0,0.0,,1.0,0.0,0.0,0.0,0.0,NONE,NO_HISTORICAL_0925_AUCTION_VOLUME_AMOUNT
CANDIDATE,,,,,,,,,,,,,600673_2026-05-08,600673,2026-05-08,2026-05-08,2026-05-11,2026-05,BOARD2,PRIMARY_MAY_JULY_D2,1.0,1.0,40.16,1562270.0,,tencent_daily,daily_unadjusted,data/cache/daily_unadjusted/600673_daily.pkl,,1.0,baostock_5m,data/cache/baostock_5m/600673_5min.pkl,baostock_5m,48.0,09:35:00,15:00:00,0.0,0.0,,1.0,0.0,0.0,0.0,0.0,NONE,NO_HISTORICAL_0925_AUCTION_VOLUME_AMOUNT
CANDIDATE,,,,,,,,,,,,,600719_2026-05-08,600719,2026-05-08,2026-05-08,2026-05-11,2026-05,BOARD2,PRIMARY_MAY_JULY_D2,1.0,1.0,9.06,982456.0,,tencent_daily,daily_unadjusted,data/cache/daily_unadjusted/600719_daily.pkl,,1.0,baostock_5m,data/cache/baostock_5m/600719_5min.pkl,baostock_5m,48.0,09:35:00,15:00:00,0.0,0.0,,1.0,0.0,0.0,0.0,0.0,NONE,NO_HISTORICAL_0925_AUCTION_VOLUME_AMOUNT
CANDIDATE,,,,,,,,,,,,,603158_2026-05-08,603158,2026-05-08,2026-05-08,2026-05-11,2026-05,BOARD2,PRIMARY_MAY_JULY_D2,1.0,1.0,15.81,602079.0,,tencent_daily,daily_unadjusted,data/cache/daily_unadjusted/603158_daily.pkl,,1.0,baostock_5m,data/cache/baostock_5m/603158_5min.pkl,baostock_5m,48.0,09:35:00,15:00:00,0.0,0.0,,1.0,0.0,0.0,0.0,0.0,NONE,NO_HISTORICAL_0925_AUCTION_VOLUME_AMOUNT
CANDIDATE,,,,,,,,,,,,,603256_2026-05-08,603256,2026-05-08,2026-05-08,2026-05-11,2026-05,BOARD2,PRIMARY_MAY_JULY_D2,1.0,1.0,147.93,281994.0,,tencent_daily,daily_unadjusted,data/cache/daily_unadjusted/603256_daily.pkl,,1.0,baostock_5m,data/cache/baostock_5m/603256_5min.pkl,baostock_5m,48.0,09:35:00,15:00:00,0.0,0.0,,1.0,0.0,0.0,0.0,0.0,NONE,NO_HISTORICAL_0925_AUCTION_VOLUME_AMOUNT
CANDIDATE,,,,,,,,,,,,,603316_2026-05-08,603316,2026-05-08,2026-05-08,2026-05-11,2026-05,BOARD2,PRIMARY_MAY_JULY_D2,1.0,1.0,19.86,396741.0,,tencent_daily,daily_unadjusted,data/cache/daily_unadjusted/603316_daily.pkl,,1.0,baostock_5m,data/cache/baostock_5m/603316_5min.pkl,baostock_5m,48.0,09:35:00,15:00:00,0.0,0.0,,1.0,0.0,0.0,0.0,0.0,NONE,NO_HISTORICAL_0925_AUCTION_VOLUME_AMOUNT
CANDIDATE,,,,,,,,,,,,,000720_2026-05-11,000720,2026-05-11,2026-05-11,2026-05-12,2026-05,BOARD2,PRIMARY_MAY_JULY_D2,1.0,1.0,5.61,261633397.0,,sina_daily,daily_unadjusted,data/cache/daily_unadjusted/000720_daily.pkl,,1.0,baostock_5m,data/cache/baostock_5m/000720_5min.pkl,baostock_5m,48.0,09:35:00,15:00:00,0.0,0.0,,1.0,0.0,0.0,0.0,0.0,NONE,NO_HISTORICAL_0925_AUCTION_VOLUME_AMOUNT
CANDIDATE,,,,,,,,,,,,,002031_2026-05-11,002031,2026-05-11,2026-05-11,2026-05-12,2026-05,BOARD2,PRIMARY_MAY_JULY_D2,1.0,1.0,7.2,247037768.0,,sina_daily,daily_unadjusted,data/cache/daily_unadjusted/002031_daily.pkl,,1.0,baostock_5m,data/cache/baostock_5m/002031_5min.pkl,baostock_5m,48.0,09:35:00,15:00:00,0.0,0.0,,1.0,0.0,0.0,0.0,0.0,NONE,NO_HISTORICAL_0925_AUCTION_VOLUME_AMOUNT
CANDIDATE,,,,,,,,,,,,,002317_2026-05-11,002317,2026-05-11,2026-05-11,2026-05-12,2026-05,BOARD2,PRIMARY_MAY_JULY_D2,1.0,1.0,22.28,114484949.0,,sina_daily,daily_unadjusted,data/cache/daily_unadjusted/002317_daily.pkl,,1.0,baostock_5m,data/cache/baostock_5m/002317_5min.pkl,baostock_5m,48.0,09:35:00,15:00:00,0.0,0.0,,1.0,0.0,0.0,0.0,0.0,NONE,NO_HISTORICAL_0925_AUCTION_VOLUME_AMOUNT
CANDIDATE,,,,,,,,,,,,,002655_2026-05-11,002655,2026-05-11,2026-05-11,2026-05-12,2026-05,BOARD2,PRIMARY_MAY_JULY_D2,1.0,1.0,37.85,66886171.0,,sina_daily,daily_unadjusted,data/cache/daily_unadjusted/002655_daily.pkl,,1.0,baostock_5m,data/cache/baostock_5m/002655_5min.pkl,baostock_5m,48.0,09:35:00,15:00:00,0.0,0.0,,1.0,0.0,0.0,0.0,0.0,NONE,NO_HISTORICAL_0925_AUCTION_VOLUME_AMOUNT
CANDIDATE,,,,,,,,,,,,,002929_2026-05-11,002929,2026-05-11,2026-05-11,2026-05-12,2026-05,BOARD2,PRIMARY_MAY_JULY_D2,1.0,1.0,77.4,36225816.0,,sina_daily,daily_unadjusted,data/cache/daily_unadjusted/002929_daily.pkl,,1.0,baostock_5m,data/cache/baostock_5m/002929_5min.pkl,baostock_5m,48.0,09:35:00,15:00:00,0.0,0.0,,1.0,0.0,0.0,0.0,0.0,NONE,NO_HISTORICAL_0925_AUCTION_VOLUME_AMOUNT
CANDIDATE,,,,,,,,,,,,,002930_2026-05-11,002930,2026-05-11,2026-05-11,2026-05-12,2026-05,BOARD2,PRIMARY_MAY_JULY_D2,1.0,1.0,16.25,30848732.0,,sina_daily,daily_unadjusted,data/cache/daily_unadjusted/002930_daily.pkl,,1.0,baostock_5m,data/cache/baostock_5m/002930_5min.pkl,baostock_5m,48.0,09:35:00,15:00:00,0.0,0.0,,1.0,0.0,0.0,0.0,0.0,NONE,NO_HISTORICAL_0925_AUCTION_VOLUME_AMOUNT
CANDIDATE,,,,,,,,,,,,,600130_2026-05-11,600130,2026-05-11,2026-05-11,2026-05-12,2026-05,BOARD3,PRIMARY_MAY_JULY_D2,1.0,1.0,6.27,179417163.0,,sina_daily,daily_unadjusted,data/cache/daily_unadjusted/600130_daily.pkl,,1.0,baostock_5m,data/cache/baostock_5m/600130_5min.pkl,baostock_5m,48.0,09:35:00,15:00:00,0.0,0.0,,1.0,0.0,0.0,0.0,0.0,NONE,NO_HISTORICAL_0925_AUCTION_VOLUME_AMOUNT
CANDIDATE,,,,,,,,,,,,,600936_2026-05-11,600936,2026-05-11,2026-05-11,2026-05-12,2026-05,BOARD2,PRIMARY_MAY_JULY_D2,1.0,1.0,5.1,1599336.0,,tencent_daily,daily_unadjusted,data/cache/daily_unadjusted/600936_daily.pkl,,1.0,baostock_5m,data/cache/baostock_5m/600936_5min.pkl,baostock_5m,48.0,09:35:00,15:00:00,0.0,0.0,,1.0,0.0,0.0,0.0,0.0,NONE,NO_HISTORICAL_0925_AUCTION_VOLUME_AMOUNT
CANDIDATE,,,,,,,,,,,,,603278_2026-05-11,603278,2026-05-11,2026-05-11,2026-05-12,2026-05,BOARD3,PRIMARY_MAY_JULY_D2,1.0,1.0,14.9,971085.0,,tencent_daily,daily_unadjusted,data/cache/daily_unadjusted/603278_daily.pkl,,1.0,baostock_5m,data/cache/baostock_5m/603278_5min.pkl,baostock_5m,48.0,09:35:00,15:00:00,0.0,0.0,,1.0,0.0,0.0,0.0,0.0,NONE,NO_HISTORICAL_0925_AUCTION_VOLUME_AMOUNT
CANDIDATE,,,,,,,,,,,,,603618_2026-05-11,603618,2026-05-11,2026-05-11,2026-05-12,2026-05,BOARD3,PRIMARY_MAY_JULY_D2,1.0,1.0,37.5,1200177.0,,tencent_daily,daily_unadjusted,data/cache/daily_unadjusted/603618_daily.pkl,,1.0,baostock_5m,data/cache/baostock_5m/603618_5min.pkl,baostock_5m,48.0,09:35:00,15:00:00,0.0,0.0,,1.0,0.0,0.0,0.0,0.0,NONE,NO_HISTORICAL_0925_AUCTION_VOLUME_AMOUNT
CANDIDATE,,,,,,,,,,,,,603636_2026-05-11,603636,2026-05-11,2026-05-11,2026-05-12,2026-05,BOARD2,PRIMARY_MAY_JULY_D2,1.0,1.0,11.0,582136.0,,tencent_daily,daily_unadjusted,data/cache/daily_unadjusted/603636_daily.pkl,,1.0,minute_5m,data/cache/minute_5m/603636_5min.pkl,sina_5m,48.0,09:35:00,15:00:00,0.0,0.0,,1.0,0.0,0.0,0.0,0.0,NONE,NO_HISTORICAL_0925_AUCTION_VOLUME_AMOUNT
CANDIDATE,,,,,,,,,,,,,002030_2026-05-12,002030,2026-05-12,2026-05-12,2026-05-13,2026-05,BOARD2,PRIMARY_MAY_JULY_D2,1.0,1.0,6.78,165836823.0,,sina_daily,daily_unadjusted,data/cache/daily_unadjusted/002030_daily.pkl,,1.0,baostock_5m,data/cache/baostock_5m/002030_5min.pkl,baostock_5m,48.0,09:35:00,15:00:00,0.0,0.0,,1.0,0.0,0.0,0.0,0.0,NONE,NO_HISTORICAL_0925_AUCTION_VOLUME_AMOUNT
CANDIDATE,,,,,,,,,,,,,002281_2026-05-12,002281,2026-05-12,2026-05-12,2026-05-13,2026-05,BOARD2,PRIMARY_MAY_JULY_D2,1.0,1.0,196.01,79220081.0,,sina_daily,daily_unadjusted,data/cache/daily_unadjusted/002281_daily.pkl,,1.0,baostock_5m,data/cache/baostock_5m/002281_5min.pkl,baostock_5m,48.0,09:35:00,15:00:00,0.0,0.0,,1.0,0.0,0.0,0.0,0.0,NONE,NO_HISTORICAL_0925_AUCTION_VOLUME_AMOUNT
CANDIDATE,,,,,,,,,,,,,002865_2026-05-12,002865,2026-05-12,2026-05-12,2026-05-13,2026-05,BOARD2,PRIMARY_MAY_JULY_D2,1.0,1.0,103.0,26592103.0,,sina_daily,daily_unadjusted,data/cache/daily_unadjusted/002865_daily.pkl,,1.0,baostock_5m,data/cache/baostock_5m/002865_5min.pkl,baostock_5m,48.0,09:35:00,15:00:00,0.0,0.0,,1.0,0.0,0.0,0.0,0.0,NONE,NO_HISTORICAL_0925_AUCTION_VOLUME_AMOUNT
CANDIDATE,,,,,,,,,,,,,600078_2026-05-12,600078,2026-05-12,2026-05-12,2026-05-13,2026-05,BOARD2,PRIMARY_MAY_JULY_D2,1.0,1.0,15.3,74802510.0,,sina_daily,daily_unadjusted,data/cache/daily_unadjusted/600078_daily.pkl,,1.0,baostock_5m,data/cache/baostock_5m/600078_5min.pkl,baostock_5m,48.0,09:35:00,15:00:00,0.0,0.0,,1.0,0.0,0.0,0.0,0.0,NONE,NO_HISTORICAL_0925_AUCTION_VOLUME_AMOUNT
CANDIDATE,,,,,,,,,,,,,600234_2026-05-12,600234,2026-05-12,2026-05-12,2026-05-13,2026-05,BOARD2,PRIMARY_MAY_JULY_D2,1.0,1.0,29.93,9492200.0,,sina_daily,daily_unadjusted,data/cache/daily_unadjusted/600234_daily.pkl,,1.0,baostock_5m,data/cache/baostock_5m/600234_5min.pkl,baostock_5m,48.0,09:35:00,15:00:00,0.0,0.0,,1.0,0.0,0.0,0.0,0.0,NONE,NO_HISTORICAL_0925_AUCTION_VOLUME_AMOUNT
CANDIDATE,,,,,,,,,,,,,600545_2026-05-12,600545,2026-05-12,2026-05-12,2026-05-13,2026-05,BOARD2,PRIMARY_MAY_JULY_D2,1.0,1.0,6.12,2427366.0,,tencent_daily,daily_unadjusted,data/cache/daily_unadjusted/600545_daily.pkl,,1.0,baostock_5m,data/cache/baostock_5m/600545_5min.pkl,baostock_5m,48.0,09:35:00,15:00:00,0.0,0.0,,1.0,0.0,0.0,0.0,0.0,NONE,NO_HISTORICAL_0925_AUCTION_VOLUME_AMOUNT
CANDIDATE,,,,,,,,,,,,,600748_2026-05-12,600748,2026-05-12,2026-05-12,2026-05-13,2026-05,BOARD2,PRIMARY_MAY_JULY_D2,1.0,1.0,5.85,548815.0,,tencent_daily,daily_unadjusted,data/cache/daily_unadjusted/600748_daily.pkl,,1.0,minute_5m,data/cache/minute_5m/600748_5min.pkl,sina_5m,48.0,09:35:00,15:00:00,0.0,0.0,,1.0,0.0,0.0,0.0,0.0,NONE,NO_HISTORICAL_0925_AUCTION_VOLUME_AMOUNT
CANDIDATE,,,,,,,,,,,,,603459_2026-05-12,603459,2026-05-12,2026-05-12,2026-05-13,2026-05,BOARD3,PRIMARY_MAY_JULY_D2,1.0,1.0,90.37,385212.0,,tencent_daily,daily_unadjusted,data/cache/daily_unadjusted/603459_daily.pkl,,1.0,baostock_5m,data/cache/baostock_5m/603459_5min.pkl,baostock_5m,48.0,09:35:00,15:00:00,0.0,0.0,,1.0,0.0,0.0,0.0,0.0,NONE,NO_HISTORICAL_0925_AUCTION_VOLUME_AMOUNT
CANDIDATE,,,,,,,,,,,,,603738_2026-05-12,603738,2026-05-12,2026-05-12,2026-05-13,2026-05,BOARD3,PRIMARY_MAY_JULY_D2,1.0,1.0,53.32,571388.0,,tencent_daily,daily_unadjusted,data/cache/daily_unadjusted/603738_daily.pkl,,1.0,baostock_5m,data/cache/baostock_5m/603738_5min.pkl,baostock_5m,48.0,09:35:00,15:00:00,0.0,0.0,,1.0,0.0,0.0,0.0,0.0,NONE,NO_HISTORICAL_0925_AUCTION_VOLUME_AMOUNT
CANDIDATE,,,,,,,,,,,,,605006_2026-05-12,605006,2026-05-12,2026-05-12,2026-05-13,2026-05,BOARD3,PRIMARY_MAY_JULY_D2,1.0,1.0,16.49,854658.0,,tencent_daily,daily_unadjusted,data/cache/daily_unadjusted/605006_daily.pkl,,1.0,baostock_5m,data/cache/baostock_5m/605006_5min.pkl,baostock_5m,48.0,09:35:00,15:00:00,0.0,0.0,,1.0,0.0,0.0,0.0,0.0,NONE,NO_HISTORICAL_0925_AUCTION_VOLUME_AMOUNT
CANDIDATE,,,,,,,,,,,,,605189_2026-05-12,605189,2026-05-12,2026-05-12,2026-05-13,2026-05,BOARD2,PRIMARY_MAY_JULY_D2,1.0,1.0,19.0,227359.0,,tencent_daily,daily_unadjusted,data/cache/daily_unadjusted/605189_daily.pkl,,1.0,baostock_5m,data/cache/baostock_5m/605189_5min.pkl,baostock_5m,48.0,09:35:00,15:00:00,0.0,0.0,,1.0,0.0,0.0,0.0,0.0,NONE,NO_HISTORICAL_0925_AUCTION_VOLUME_AMOUNT
CANDIDATE,,,,,,,,,,,,,000029_2026-05-13,000029,2026-05-13,2026-05-13,2026-05-14,2026-05,BOARD2,PRIMARY_MAY_JULY_D2,1.0,1.0,26.59,19213904.0,,sina_daily,daily_unadjusted,data/cache/daily_unadjusted/000029_daily.pkl,,1.0,baostock_5m,data/cache/baostock_5m/000029_5min.pkl,baostock_5m,48.0,09:35:00,15:00:00,0.0,0.0,,1.0,0.0,0.0,0.0,0.0,NONE,NO_HISTORICAL_0925_AUCTION_VOLUME_AMOUNT
CANDIDATE,,,,,,,,,,,,,000672_2026-05-13,000672,2026-05-13,2026-05-13,2026-05-14,2026-05,BOARD2,PRIMARY_MAY_JULY_D2,1.0,1.0,17.12,39204736.0,,sina_daily,daily_unadjusted,data/cache/daily_unadjusted/000672_daily.pkl,,1.0,baostock_5m,data/cache/baostock_5m/000672_5min.pkl,baostock_5m,48.0,09:35:00,15:00:00,0.0,0.0,,1.0,0.0,0.0,0.0,0.0,NONE,NO_HISTORICAL_0925_AUCTION_VOLUME_AMOUNT
CANDIDATE,,,,,,,,,,,,,001211_2026-05-13,001211,2026-05-13,2026-05-13,2026-05-14,2026-05,BOARD2,PRIMARY_MAY_JULY_D2,1.0,1.0,51.98,11598410.0,,sina_daily,daily_unadjusted,data/cache/daily_unadjusted/001211_daily.pkl,,1.0,baostock_5m,data/cache/baostock_5m/001211_5min.pkl,baostock_5m,48.0,09:35:00,15:00:00,0.0,0.0,,1.0,0.0,0.0,0.0,0.0,NONE,NO_HISTORICAL_0925_AUCTION_VOLUME_AMOUNT
CANDIDATE,,,,,,,,,,,,,600076_2026-05-13,600076,2026-05-13,2026-05-13,2026-05-14,2026-05,BOARD3,PRIMARY_MAY_JULY_D2,1.0,1.0,4.25,170549886.0,,sina_daily,daily_unadjusted,data/cache/daily_unadjusted/600076_daily.pkl,,1.0,baostock_5m,data/cache/baostock_5m/600076_5min.pkl,baostock_5m,48.0,09:35:00,15:00:00,0.0,0.0,,1.0,0.0,0.0,0.0,0.0,NONE,NO_HISTORICAL_0925_AUCTION_VOLUME_AMOUNT
CANDIDATE,,,,,,,,,,,,,600488_2026-05-13,600488,2026-05-13,2026-05-13,2026-05-14,2026-05,BOARD2,PRIMARY_MAY_JULY_D2,1.0,1.0,7.06,2493668.0,,tencent_daily,daily_unadjusted,data/cache/daily_unadjusted/600488_daily.pkl,,1.0,baostock_5m,data/cache/baostock_5m/600488_5min.pkl,baostock_5m,48.0,09:35:00,15:00:00,0.0,0.0,,1.0,0.0,0.0,0.0,0.0,NONE,NO_HISTORICAL_0925_AUCTION_VOLUME_AMOUNT
CANDIDATE,,,,,,,,,,,,,600683_2026-05-13,600683,2026-05-13,2026-05-13,2026-05-14,2026-05,BOARD3,PRIMARY_MAY_JULY_D2,1.0,1.0,18.69,598116.0,,tencent_daily,daily_unadjusted,data/cache/daily_unadjusted/600683_daily.pkl,,1.0,baostock_5m,data/cache/baostock_5m/600683_5min.pkl,baostock_5m,48.0,09:35:00,15:00:00,0.0,0.0,,1.0,0.0,0.0,0.0,0.0,NONE,NO_HISTORICAL_0925_AUCTION_VOLUME_AMOUNT
CANDIDATE,,,,,,,,,,,,,600869_2026-05-13,600869,2026-05-13,2026-05-13,2026-05-14,2026-05,BOARD2,PRIMARY_MAY_JULY_D2,1.0,1.0,23.1,1145118.0,,tencent_daily,daily_unadjusted,data/cache/daily_unadjusted/600869_daily.pkl,,1.0,baostock_5m,data/cache/baostock_5m/600869_5min.pkl,baostock_5m,48.0,09:35:00,15:00:00,0.0,0.0,,1.0,0.0,0.0,0.0,0.0,NONE,NO_HISTORICAL_0925_AUCTION_VOLUME_AMOUNT
CANDIDATE,,,,,,,,,,,,,603061_2026-05-13,603061,2026-05-13,2026-05-13,2026-05-14,2026-05,BOARD2,PRIMARY_MAY_JULY_D2,1.0,1.0,322.21,28138.0,,tencent_daily,daily_unadjusted,data/cache/daily_unadjusted/603061_daily.pkl,,1.0,baostock_5m,data/cache/baostock_5m/603061_5min.pkl,baostock_5m,48.0,09:35:00,15:00:00,0.0,0.0,,1.0,0.0,0.0,0.0,0.0,NONE,NO_HISTORICAL_0925_AUCTION_VOLUME_AMOUNT
CANDIDATE,,,,,,,,,,,,,603269_2026-05-13,603269,2026-05-13,2026-05-13,2026-05-14,2026-05,BOARD2,PRIMARY_MAY_JULY_D2,1.0,1.0,20.92,409147.0,,tencent_daily,daily_unadjusted,data/cache/daily_unadjusted/603269_daily.pkl,,1.0,baostock_5m,data/cache/baostock_5m/603269_5min.pkl,baostock_5m,48.0,09:35:00,15:00:00,0.0,0.0,,1.0,0.0,0.0,0.0,0.0,NONE,NO_HISTORICAL_0925_AUCTION_VOLUME_AMOUNT
CANDIDATE,,,,,,,,,,,,,000601_2026-05-14,000601,2026-05-14,2026-05-14,2026-05-15,2026-05,BOARD2,PRIMARY_MAY_JULY_D2,1.0,1.0,8.17,273467511.0,,sina_daily,daily_unadjusted,data/cache/daily_unadjusted/000601_daily.pkl,,1.0,minute_5m,data/cache/minute_5m/000601_5min.pkl,sina_5m,2.0,14:55:00,15:00:00,0.0,0.0,,1.0,0.0,0.0,0.0,0.0,NONE,NO_HISTORICAL_0925_AUCTION_VOLUME_AMOUNT
CANDIDATE,,,,,,,,,,,,,000767_2026-05-14,000767,2026-05-14,2026-05-14,2026-05-15,2026-05,BOARD2,PRIMARY_MAY_JULY_D2,1.0,1.0,4.7,485349972.0,,sina_daily,daily_unadjusted,data/cache/daily_unadjusted/000767_daily.pkl,,1.0,baostock_5m,data/cache/baostock_5m/000767_5min.pkl,baostock_5m,48.0,09:35:00,15:00:00,0.0,0.0,,1.0,0.0,0.0,0.0,0.0,NONE,NO_HISTORICAL_0925_AUCTION_VOLUME_AMOUNT
CANDIDATE,,,,,,,,,,,,,000925_2026-05-14,000925,2026-05-14,2026-05-14,2026-05-15,2026-05,BOARD2,PRIMARY_MAY_JULY_D2,1.0,1.0,9.7,128471580.0,,sina_daily,daily_unadjusted,data/cache/daily_unadjusted/000925_daily.pkl,,1.0,baostock_5m,data/cache/baostock_5m/000925_5min.pkl,baostock_5m,48.0,09:35:00,15:00:00,0.0,0.0,,1.0,0.0,0.0,0.0,0.0,NONE,NO_HISTORICAL_0925_AUCTION_VOLUME_AMOUNT
CANDIDATE,,,,,,,,,,,,,002498_2026-05-14,002498,2026-05-14,2026-05-14,2026-05-15,2026-05,BOARD2,PRIMARY_MAY_JULY_D2,1.0,1.0,10.36,302607614.0,,sina_daily,daily_unadjusted,data/cache/daily_unadjusted/002498_daily.pkl,,1.0,baostock_5m,data/cache/baostock_5m/002498_5min.pkl,baostock_5m,48.0,09:35:00,15:00:00,0.0,0.0,,1.0,0.0,0.0,0.0,0.0,NONE,NO_HISTORICAL_0925_AUCTION_VOLUME_AMOUNT
CANDIDATE,,,,,,,,,,,,,600172_2026-05-14,600172,2026-05-14,2026-05-14,2026-05-15,2026-05,BOARD3,PRIMARY_MAY_JULY_D2,1.0,1.0,11.59,282680954.0,,sina_daily,daily_unadjusted,data/cache/daily_unadjusted/600172_daily.pkl,,1.0,baostock_5m,data/cache/baostock_5m/600172_5min.pkl,baostock_5m,48.0,09:35:00,15:00:00,0.0,0.0,,1.0,0.0,0.0,0.0,0.0,NONE,NO_HISTORICAL_0925_AUCTION_VOLUME_AMOUNT
CANDIDATE,,,,,,,,,,,,,600396_2026-05-14,600396,2026-05-14,2026-05-14,2026-05-15,2026-05,BOARD3,PRIMARY_MAY_JULY_D2,1.0,1.0,15.8,3439004.0,,tencent_daily,daily_unadjusted,data/cache/daily_unadjusted/600396_daily.pkl,,1.0,baostock_5m,data/cache/baostock_5m/600396_5min.pkl,baostock_5m,48.0,09:35:00,15:00:00,0.0,0.0,,1.0,0.0,0.0,0.0,0.0,NONE,NO_HISTORICAL_0925_AUCTION_VOLUME_AMOUNT
CANDIDATE,,,,,,,,,,,,,603070_2026-05-14,603070,2026-05-14,2026-05-14,2026-05-15,2026-05,BOARD2,PRIMARY_MAY_JULY_D2,1.0,1.0,16.1,192432.0,,tencent_daily,daily_unadjusted,data/cache/daily_unadjusted/603070_daily.pkl,,1.0,minute_5m,data/cache/minute_5m/603070_5min.pkl,sina_5m,48.0,09:35:00,15:00:00,0.0,0.0,,1.0,0.0,0.0,0.0,0.0,NONE,NO_HISTORICAL_0925_AUCTION_VOLUME_AMOUNT
CANDIDATE,,,,,,,,,,,,,603203_2026-05-14,603203,2026-05-14,2026-05-14,2026-05-15,2026-05,BOARD2,PRIMARY_MAY_JULY_D2,1.0,1.0,64.63,203197.0,,tencent_daily,daily_unadjusted,data/cache/daily_unadjusted/603203_daily.pkl,,1.0,baostock_5m,data/cache/baostock_5m/603203_5min.pkl,baostock_5m,48.0,09:35:00,15:00:00,0.0,0.0,,1.0,0.0,0.0,0.0,0.0,NONE,NO_HISTORICAL_0925_AUCTION_VOLUME_AMOUNT
CANDIDATE,,,,,,,,,,,,,001210_2026-05-15,001210,2026-05-15,2026-05-15,2026-05-18,2026-05,BOARD2,PRIMARY_MAY_JULY_D2,1.0,1.0,28.7,13228883.0,,sina_daily,daily_unadjusted,data/cache/daily_unadjusted/001210_daily.pkl,,1.0,baostock_5m,data/cache/baostock_5m/001210_5min.pkl,baostock_5m,48.0,09:35:00,15:00:00,0.0,0.0,,1.0,0.0,0.0,0.0,0.0,NONE,NO_HISTORICAL_0925_AUCTION_VOLUME_AMOUNT
CANDIDATE,,,,,,,,,,,,,001223_2026-05-15,001223,2026-05-15,2026-05-15,2026-05-18,2026-05,BOARD2,PRIMARY_MAY_JULY_D2,1.0,1.0,68.35,3896462.0,,sina_daily,daily_unadjusted,data/cache/daily_unadjusted/001223_daily.pkl,,1.0,baostock_5m,data/cache/baostock_5m/001223_5min.pkl,baostock_5m,48.0,09:35:00,15:00:00,0.0,0.0,,1.0,0.0,0.0,0.0,0.0,NONE,NO_HISTORICAL_0925_AUCTION_VOLUME_AMOUNT
CANDIDATE,,,,,,,,,,,,,002208_2026-05-15,002208,2026-05-15,2026-05-15,2026-05-18,2026-05,BOARD3,PRIMARY_MAY_JULY_D2,1.0,1.0,22.84,6293821.0,,sina_daily,daily_unadjusted,data/cache/daily_unadjusted/002208_daily.pkl,,1.0,baostock_5m,data/cache/baostock_5m/002208_5min.pkl,baostock_5m,48.0,09:35:00,15:00:00,0.0,0.0,,1.0,0.0,0.0,0.0,0.0,NONE,NO_HISTORICAL_0925_AUCTION_VOLUME_AMOUNT
CANDIDATE,,,,,,,,,,,,,002782_2026-05-15,002782,2026-05-15,2026-05-15,2026-05-18,2026-05,BOARD2,PRIMARY_MAY_JULY_D2,1.0,1.0,25.43,26836125.0,,sina_daily,daily_unadjusted,data/cache/daily_unadjusted/002782_daily.pkl,,1.0,minute_5m,data/cache/minute_5m/002782_5min.pkl,sina_5m,48.0,09:35:00,15:00:00,0.0,0.0,,1.0,0.0,0.0,0.0,0.0,NONE,NO_HISTORICAL_0925_AUCTION_VOLUME_AMOUNT
CANDIDATE,,,,,,,,,,,,,002940_2026-05-15,002940,2026-05-15,2026-05-15,2026-05-18,2026-05,BOARD2,PRIMARY_MAY_JULY_D2,1.0,1.0,41.91,27719488.0,,sina_daily,daily_unadjusted,data/cache/daily_unadjusted/002940_daily.pkl,,1.0,baostock_5m,data/cache/baostock_5m/002940_5min.pkl,baostock_5m,48.0,09:35:00,15:00:00,0.0,0.0,,1.0,0.0,0.0,0.0,0.0,NONE,NO_HISTORICAL_0925_AUCTION_VOLUME_AMOUNT
CANDIDATE,,,,,,,,,,,,,600156_2026-05-15,600156,2026-05-15,2026-05-15,2026-05-18,2026-05,BOARD2,PRIMARY_MAY_JULY_D2,1.0,1.0,12.6,92432497.0,,sina_daily,daily_unadjusted,data/cache/daily_unadjusted/600156_daily.pkl,,1.0,baostock_5m,data/cache/baostock_5m/600156_5min.pkl,baostock_5m,48.0,09:35:00,15:00:00,0.0,0.0,,1.0,0.0,0.0,0.0,0.0,NONE,NO_HISTORICAL_0925_AUCTION_VOLUME_AMOUNT
CANDIDATE,,,,,,,,,,,,,600857_2026-05-15,600857,2026-05-15,2026-05-15,2026-05-18,2026-05,BOARD2,PRIMARY_MAY_JULY_D2,1.0,1.0,13.15,284874.0,,tencent_daily,daily_unadjusted,data/cache/daily_unadjusted/600857_daily.pkl,,1.0,baostock_5m,data/cache/baostock_5m/600857_5min.pkl,baostock_5m,48.0,09:35:00,15:00:00,0.0,0.0,,1.0,0.0,0.0,0.0,0.0,NONE,NO_HISTORICAL_0925_AUCTION_VOLUME_AMOUNT
CANDIDATE,,,,,,,,,,,,,600903_2026-05-15,600903,2026-05-15,2026-05-15,2026-05-18,2026-05,BOARD2,PRIMARY_MAY_JULY_D2,1.0,1.0,7.62,924622.0,,tencent_daily,daily_unadjusted,data/cache/daily_unadjusted/600903_daily.pkl,,1.0,baostock_5m,data/cache/baostock_5m/600903_5min.pkl,baostock_5m,48.0,09:35:00,15:00:00,0.0,0.0,,1.0,0.0,0.0,0.0,0.0,NONE,NO_HISTORICAL_0925_AUCTION_VOLUME_AMOUNT
CANDIDATE,,,,,,,,,,,,,603007_2026-05-15,603007,2026-05-15,2026-05-15,2026-05-18,2026-05,BOARD3,PRIMARY_MAY_JULY_D2,1.0,1.0,8.41,1729567.0,,tencent_daily,daily_unadjusted,data/cache/daily_unadjusted/603007_daily.pkl,,1.0,baostock_5m,data/cache/baostock_5m/603007_5min.pkl,baostock_5m,48.0,09:35:00,15:00:00,0.0,0.0,,1.0,0.0,0.0,0.0,0.0,NONE,NO_HISTORICAL_0925_AUCTION_VOLUME_AMOUNT
CANDIDATE,,,,,,,,,,,,,603052_2026-05-15,603052,2026-05-15,2026-05-15,2026-05-18,2026-05,BOARD3,PRIMARY_MAY_JULY_D2,1.0,1.0,110.0,147639.0,,tencent_daily,daily_unadjusted,data/cache/daily_unadjusted/603052_daily.pkl,,1.0,baostock_5m,data/cache/baostock_5m/603052_5min.pkl,baostock_5m,48.0,09:35:00,15:00:00,0.0,0.0,,1.0,0.0,0.0,0.0,0.0,NONE,NO_HISTORICAL_0925_AUCTION_VOLUME_AMOUNT
CANDIDATE,,,,,,,,,,,,,603093_2026-05-15,603093,2026-05-15,2026-05-15,2026-05-18,2026-05,BOARD2,PRIMARY_MAY_JULY_D2,1.0,1.0,22.45,399061.0,,tencent_daily,daily_unadjusted,data/cache/daily_unadjusted/603093_daily.pkl,,1.0,baostock_5m,data/cache/baostock_5m/603093_5min.pkl,baostock_5m,48.0,09:35:00,15:00:00,0.0,0.0,,1.0,0.0,0.0,0.0,0.0,NONE,NO_HISTORICAL_0925_AUCTION_VOLUME_AMOUNT
CANDIDATE,,,,,,,,,,,,,002971_2026-05-18,002971,2026-05-18,2026-05-18,2026-05-19,2026-05,BOARD2,PRIMARY_MAY_JULY_D2,1.0,1.0,37.93,27335448.0,,sina_daily,daily_unadjusted,data/cache/daily_unadjusted/002971_daily.pkl,,1.0,baostock_5m,data/cache/baostock_5m/002971_5min.pkl,baostock_5m,48.0,09:35:00,15:00:00,0.0,0.0,,1.0,0.0,0.0,0.0,0.0,NONE,NO_HISTORICAL_0925_AUCTION_VOLUME_AMOUNT
CANDIDATE,,,,,,,,,,,,,002374_2026-05-19,002374,2026-05-19,2026-05-19,2026-05-20,2026-05,BOARD2,PRIMARY_MAY_JULY_D2,1.0,1.0,3.8,82050699.0,,sina_daily,daily_unadjusted,data/cache/daily_unadjusted/002374_daily.pkl,,1.0,baostock_5m,data/cache/baostock_5m/002374_5min.pkl,baostock_5m,48.0,09:35:00,15:00:00,0.0,0.0,,1.0,0.0,0.0,0.0,0.0,NONE,NO_HISTORICAL_0925_AUCTION_VOLUME_AMOUNT
CANDIDATE,,,,,,,,,,,,,003018_2026-05-19,003018,2026-05-19,2026-05-19,2026-05-20,2026-05,BOARD3,PRIMARY_MAY_JULY_D2,1.0,1.0,66.29,22656172.0,,sina_daily,daily_unadjusted,data/cache/daily_unadjusted/003018_daily.pkl,,1.0,baostock_5m,data/cache/baostock_5m/003018_5min.pkl,baostock_5m,48.0,09:35:00,15:00:00,0.0,0.0,,1.0,0.0,0.0,0.0,0.0,NONE,NO_HISTORICAL_0925_AUCTION_VOLUME_AMOUNT
CANDIDATE,,,,,,,,,,,,,601133_2026-05-19,601133,2026-05-19,2026-05-19,2026-05-20,2026-05,BOARD2,PRIMARY_MAY_JULY_D2,1.0,1.0,29.95,448608.0,,tencent_daily,daily_unadjusted,data/cache/daily_unadjusted/601133_daily.pkl,,1.0,minute_5m,data/cache/minute_5m/601133_5min.pkl,sina_5m,48.0,09:35:00,15:00:00,0.0,0.0,,1.0,0.0,0.0,0.0,0.0,NONE,NO_HISTORICAL_0925_AUCTION_VOLUME_AMOUNT
CANDIDATE,,,,,,,,,,,,,601678_2026-05-19,601678,2026-05-19,2026-05-19,2026-05-20,2026-05,BOARD2,PRIMARY_MAY_JULY_D2,1.0,1.0,6.21,3745742.0,,tencent_daily,daily_unadjusted,data/cache/daily_unadjusted/601678_daily.pkl,,1.0,baostock_5m,data/cache/baostock_5m/601678_5min.pkl,baostock_5m,48.0,09:35:00,15:00:00,0.0,0.0,,1.0,0.0,0.0,0.0,0.0,NONE,NO_HISTORICAL_0925_AUCTION_VOLUME_AMOUNT
CANDIDATE,,,,,,,,,,,,,002208_2026-05-20,002208,2026-05-20,2026-05-20,2026-05-21,2026-05,BOARD2,PRIMARY_MAY_JULY_D2,1.0,1.0,25.5,135446794.0,,sina_daily,daily_unadjusted,data/cache/daily_unadjusted/002208_daily.pkl,,1.0,baostock_5m,data/cache/baostock_5m/002208_5min.pkl,baostock_5m,48.0,09:35:00,15:00:00,0.0,0.0,,1.0,0.0,0.0,0.0,0.0,NONE,NO_HISTORICAL_0925_AUCTION_VOLUME_AMOUNT
CANDIDATE,,,,,,,,,,,,,002552_2026-05-20,002552,2026-05-20,2026-05-20,2026-05-21,2026-05,BOARD2,PRIMARY_MAY_JULY_D2,1.0,1.0,36.72,34996805.0,,sina_daily,daily_unadjusted,data/cache/daily_unadjusted/002552_daily.pkl,,1.0,baostock_5m,data/cache/baostock_5m/002552_5min.pkl,baostock_5m,48.0,09:35:00,15:00:00,0.0,0.0,,1.0,0.0,0.0,0.0,0.0,NONE,NO_HISTORICAL_0925_AUCTION_VOLUME_AMOUNT
CANDIDATE,,,,,,,,,,,,,600758_2026-05-20,600758,2026-05-20,2026-05-20,2026-05-21,2026-05,BOARD2,PRIMARY_MAY_JULY_D2,1.0,1.0,4.76,2239232.0,,tencent_daily,daily_unadjusted,data/cache/daily_unadjusted/600758_daily.pkl,,1.0,baostock_5m,data/cache/baostock_5m/600758_5min.pkl,baostock_5m,48.0,09:35:00,15:00:00,0.0,0.0,,1.0,0.0,0.0,0.0,0.0,NONE,NO_HISTORICAL_0925_AUCTION_VOLUME_AMOUNT
CANDIDATE,,,,,,,,,,,,,600850_2026-05-20,600850,2026-05-20,2026-05-20,2026-05-21,2026-05,BOARD2,PRIMARY_MAY_JULY_D2,1.0,1.0,21.91,404232.0,,tencent_daily,daily_unadjusted,data/cache/daily_unadjusted/600850_daily.pkl,,1.0,baostock_5m,data/cache/baostock_5m/600850_5min.pkl,baostock_5m,48.0,09:35:00,15:00:00,0.0,0.0,,1.0,0.0,0.0,0.0,0.0,NONE,NO_HISTORICAL_0925_AUCTION_VOLUME_AMOUNT
CANDIDATE,,,,,,,,,,,,,600903_2026-05-20,600903,2026-05-20,2026-05-20,2026-05-21,2026-05,BOARD2,PRIMARY_MAY_JULY_D2,1.0,1.0,9.29,1623165.0,,tencent_daily,daily_unadjusted,data/cache/daily_unadjusted/600903_daily.pkl,,1.0,baostock_5m,data/cache/baostock_5m/600903_5min.pkl,baostock_5m,48.0,09:35:00,15:00:00,0.0,0.0,,1.0,0.0,0.0,0.0,0.0,NONE,NO_HISTORICAL_0925_AUCTION_VOLUME_AMOUNT
CANDIDATE,,,,,,,,,,,,,603115_2026-05-20,603115,2026-05-20,2026-05-20,2026-05-21,2026-05,BOARD2,PRIMARY_MAY_JULY_D2,1.0,1.0,96.49,118116.0,,tencent_daily,daily_unadjusted,data/cache/daily_unadjusted/603115_daily.pkl,,1.0,baostock_5m,data/cache/baostock_5m/603115_5min.pkl,baostock_5m,48.0,09:35:00,15:00:00,0.0,0.0,,1.0,0.0,0.0,0.0,0.0,NONE,NO_HISTORICAL_0925_AUCTION_VOLUME_AMOUNT
CANDIDATE,,,,,,,,,,,,,603206_2026-05-20,603206,2026-05-20,2026-05-20,2026-05-21,2026-05,BOARD2,PRIMARY_MAY_JULY_D2,1.0,1.0,19.47,353574.0,,tencent_daily,daily_unadjusted,data/cache/daily_unadjusted/603206_daily.pkl,,1.0,baostock_5m,data/cache/baostock_5m/603206_5min.pkl,baostock_5m,48.0,09:35:00,15:00:00,0.0,0.0,,1.0,0.0,0.0,0.0,0.0,NONE,NO_HISTORICAL_0925_AUCTION_VOLUME_AMOUNT
CANDIDATE,,,,,,,,,,,,,603311_2026-05-20,603311,2026-05-20,2026-05-20,2026-05-21,2026-05,BOARD3,PRIMARY_MAY_JULY_D2,1.0,1.0,28.14,332819.0,,tencent_daily,daily_unadjusted,data/cache/daily_unadjusted/603311_daily.pkl,,1.0,baostock_5m,data/cache/baostock_5m/603311_5min.pkl,baostock_5m,48.0,09:35:00,15:00:00,0.0,0.0,,1.0,0.0,0.0,0.0,0.0,NONE,NO_HISTORICAL_0925_AUCTION_VOLUME_AMOUNT
CANDIDATE,,,,,,,,,,,,,603989_2026-05-20,603989,2026-05-20,2026-05-20,2026-05-21,2026-05,BOARD2,PRIMARY_MAY_JULY_D2,1.0,1.0,25.6,401253.0,,tencent_daily,daily_unadjusted,data/cache/daily_unadjusted/603989_daily.pkl,,1.0,baostock_5m,data/cache/baostock_5m/603989_5min.pkl,baostock_5m,48.0,09:35:00,15:00:00,0.0,0.0,,1.0,0.0,0.0,0.0,0.0,NONE,NO_HISTORICAL_0925_AUCTION_VOLUME_AMOUNT
CANDIDATE,,,,,,,,,,,,,605218_2026-05-20,605218,2026-05-20,2026-05-20,2026-05-21,2026-05,BOARD2,PRIMARY_MAY_JULY_D2,1.0,1.0,21.34,161750.0,,tencent_daily,daily_unadjusted,data/cache/daily_unadjusted/605218_daily.pkl,,1.0,minute_5m,data/cache/minute_5m/605218_5min.pkl,sina_5m,48.0,09:35:00,15:00:00,0.0,0.0,,1.0,0.0,0.0,0.0,0.0,NONE,NO_HISTORICAL_0925_AUCTION_VOLUME_AMOUNT
CANDIDATE,,,,,,,,,,,,,000417_2026-05-21,000417,2026-05-21,2026-05-21,2026-05-22,2026-05,BOARD3,PRIMARY_MAY_JULY_D2,1.0,1.0,9.8,259571689.0,,sina_daily,daily_unadjusted,data/cache/daily_unadjusted/000417_daily.pkl,,1.0,baostock_5m,data/cache/baostock_5m/000417_5min.pkl,baostock_5m,48.0,09:35:00,15:00:00,0.0,0.0,,1.0,0.0,0.0,0.0,0.0,NONE,NO_HISTORICAL_0925_AUCTION_VOLUME_AMOUNT
CANDIDATE,,,,,,,,,,,,,002272_2026-05-21,002272,2026-05-21,2026-05-21,2026-05-22,2026-05,BOARD3,PRIMARY_MAY_JULY_D2,1.0,1.0,22.89,132324465.0,,sina_daily,daily_unadjusted,data/cache/daily_unadjusted/002272_daily.pkl,,1.0,baostock_5m,data/cache/baostock_5m/002272_5min.pkl,baostock_5m,48.0,09:35:00,15:00:00,0.0,0.0,,1.0,0.0,0.0,0.0,0.0,NONE,NO_HISTORICAL_0925_AUCTION_VOLUME_AMOUNT
CANDIDATE,,,,,,,,,,,,,002782_2026-05-21,002782,2026-05-21,2026-05-21,2026-05-22,2026-05,BOARD2,PRIMARY_MAY_JULY_D2,1.0,1.0,28.75,39592746.0,,sina_daily,daily_unadjusted,data/cache/daily_unadjusted/002782_daily.pkl,,1.0,minute_5m,data/cache/minute_5m/002782_5min.pkl,sina_5m,48.0,09:35:00,15:00:00,0.0,0.0,,1.0,0.0,0.0,0.0,0.0,NONE,NO_HISTORICAL_0925_AUCTION_VOLUME_AMOUNT
CANDIDATE,,,,,,,,,,,,,600563_2026-05-21,600563,2026-05-21,2026-05-21,2026-05-22,2026-05,BOARD2,PRIMARY_MAY_JULY_D2,1.0,1.0,160.0,170911.0,,tencent_daily,daily_unadjusted,data/cache/daily_unadjusted/600563_daily.pkl,,1.0,minute_5m,data/cache/minute_5m/600563_5min.pkl,sina_5m,48.0,09:35:00,15:00:00,0.0,0.0,,1.0,0.0,0.0,0.0,0.0,NONE,NO_HISTORICAL_0925_AUCTION_VOLUME_AMOUNT
CANDIDATE,,,,,,,,,,,,,603938_2026-05-21,603938,2026-05-21,2026-05-21,2026-05-22,2026-05,BOARD3,PRIMARY_MAY_JULY_D2,1.0,1.0,51.84,381637.0,,tencent_daily,daily_unadjusted,data/cache/daily_unadjusted/603938_daily.pkl,,1.0,baostock_5m,data/cache/baostock_5m/603938_5min.pkl,baostock_5m,48.0,09:35:00,15:00:00,0.0,0.0,,1.0,0.0,0.0,0.0,0.0,NONE,NO_HISTORICAL_0925_AUCTION_VOLUME_AMOUNT
CANDIDATE,,,,,,,,,,,,,605288_2026-05-21,605288,2026-05-21,2026-05-21,2026-05-22,2026-05,BOARD2,PRIMARY_MAY_JULY_D2,1.0,1.0,108.8,35299.0,,tencent_daily,daily_unadjusted,data/cache/daily_unadjusted/605288_daily.pkl,,1.0,baostock_5m,data/cache/baostock_5m/605288_5min.pkl,baostock_5m,48.0,09:35:00,15:00:00,0.0,0.0,,1.0,0.0,0.0,0.0,0.0,NONE,NO_HISTORICAL_0925_AUCTION_VOLUME_AMOUNT
CANDIDATE,,,,,,,,,,,,,003004_2026-05-22,003004,2026-05-22,2026-05-22,2026-05-25,2026-05,BOARD2,PRIMARY_MAY_JULY_D2,1.0,1.0,48.58,5683382.0,,sina_daily,daily_unadjusted,data/cache/daily_unadjusted/003004_daily.pkl,,1.0,minute_5m,data/cache/minute_5m/003004_5min.pkl,sina_5m,48.0,09:35:00,15:00:00,0.0,0.0,,1.0,0.0,0.0,0.0,0.0,NONE,NO_HISTORICAL_0925_AUCTION_VOLUME_AMOUNT
CANDIDATE,,,,,,,,,,,,,000012_2026-05-25,000012,2026-05-25,2026-05-25,2026-05-26,2026-05,BOARD2,PRIMARY_MAY_JULY_D2,1.0,1.0,4.37,160211028.0,,sina_daily,daily_unadjusted,data/cache/daily_unadjusted/000012_daily.pkl,,1.0,minute_5m,data/cache/minute_5m/000012_5min.pkl,sina_5m,48.0,09:35:00,15:00:00,0.0,0.0,,1.0,0.0,0.0,0.0,0.0,NONE,NO_HISTORICAL_0925_AUCTION_VOLUME_AMOUNT
CANDIDATE,,,,,,,,,,,,,000725_2026-05-25,000725,2026-05-25,2026-05-25,2026-05-26,2026-05,BOARD2,PRIMARY_MAY_JULY_D2,1.0,1.0,5.22,5137725121.0,,sina_daily,daily_unadjusted,data/cache/daily_unadjusted/000725_daily.pkl,,1.0,minute_5m,data/cache/minute_5m/000725_5min.pkl,sina_5m,48.0,09:35:00,15:00:00,0.0,0.0,,1.0,0.0,0.0,0.0,0.0,NONE,NO_HISTORICAL_0925_AUCTION_VOLUME_AMOUNT
CANDIDATE,,,,,,,,,,,,,001225_2026-05-25,001225,2026-05-25,2026-05-25,2026-05-26,2026-05,BOARD2,PRIMARY_MAY_JULY_D2,1.0,1.0,57.47,6587065.0,,sina_daily,daily_unadjusted,data/cache/daily_unadjusted/001225_daily.pkl,,1.0,baostock_5m,data/cache/baostock_5m/001225_5min.pkl,baostock_5m,48.0,09:35:00,15:00:00,0.0,0.0,,1.0,0.0,0.0,0.0,0.0,NONE,NO_HISTORICAL_0925_AUCTION_VOLUME_AMOUNT
CANDIDATE,,,,,,,,,,,,,002036_2026-05-25,002036,2026-05-25,2026-05-25,2026-05-26,2026-05,BOARD2,PRIMARY_MAY_JULY_D2,1.0,1.0,10.44,177639784.0,,sina_daily,daily_unadjusted,data/cache/daily_unadjusted/002036_daily.pkl,,1.0,baostock_5m,data/cache/baostock_5m/002036_5min.pkl,baostock_5m,48.0,09:35:00,15:00:00,0.0,0.0,,1.0,0.0,0.0,0.0,0.0,NONE,NO_HISTORICAL_0925_AUCTION_VOLUME_AMOUNT
CANDIDATE,,,,,,,,,,,,,002442_2026-05-25,002442,2026-05-25,2026-05-25,2026-05-26,2026-05,BOARD3,PRIMARY_MAY_JULY_D2,1.0,1.0,7.96,145254164.0,,sina_daily,daily_unadjusted,data/cache/daily_unadjusted/002442_daily.pkl,,1.0,minute_5m,data/cache/minute_5m/002442_5min.pkl,sina_5m,48.0,09:35:00,15:00:00,0.0,0.0,,1.0,0.0,0.0,0.0,0.0,NONE,NO_HISTORICAL_0925_AUCTION_VOLUME_AMOUNT
CANDIDATE,,,,,,,,,,,,,002931_2026-05-25,002931,2026-05-25,2026-05-25,2026-05-26,2026-05,BOARD2,PRIMARY_MAY_JULY_D2,1.0,1.0,64.51,31162391.0,,sina_daily,daily_unadjusted,data/cache/daily_unadjusted/002931_daily.pkl,,1.0,baostock_5m,data/cache/baostock_5m/002931_5min.pkl,baostock_5m,48.0,09:35:00,15:00:00,0.0,0.0,,1.0,0.0,0.0,0.0,0.0,NONE,NO_HISTORICAL_0925_AUCTION_VOLUME_AMOUNT
CANDIDATE,,,,,,,,,,,,,600303_2026-05-25,600303,2026-05-25,2026-05-25,2026-05-26,2026-05,BOARD2,PRIMARY_MAY_JULY_D2,1.0,1.0,3.66,1180047.0,,tencent_daily,daily_unadjusted,data/cache/daily_unadjusted/600303_daily.pkl,,1.0,baostock_5m,data/cache/baostock_5m/600303_5min.pkl,baostock_5m,48.0,09:35:00,15:00:00,0.0,0.0,,1.0,0.0,0.0,0.0,0.0,NONE,NO_HISTORICAL_0925_AUCTION_VOLUME_AMOUNT
CANDIDATE,,,,,,,,,,,,,600611_2026-05-25,600611,2026-05-25,2026-05-25,2026-05-26,2026-05,BOARD3,PRIMARY_MAY_JULY_D2,1.0,1.0,5.89,2716316.0,,tencent_daily,daily_unadjusted,data/cache/daily_unadjusted/600611_daily.pkl,,1.0,baostock_5m,data/cache/baostock_5m/600611_5min.pkl,baostock_5m,48.0,09:35:00,15:00:00,0.0,0.0,,1.0,0.0,0.0,0.0,0.0,NONE,NO_HISTORICAL_0925_AUCTION_VOLUME_AMOUNT
CANDIDATE,,,,,,,,,,,,,000636_2026-05-26,000636,2026-05-26,2026-05-26,2026-05-27,2026-05,BOARD2,PRIMARY_MAY_JULY_D2,1.0,1.0,42.0,209107905.0,,sina_daily,daily_unadjusted,data/cache/daily_unadjusted/000636_daily.pkl,,1.0,baostock_5m,data/cache/baostock_5m/000636_5min.pkl,baostock_5m,48.0,09:35:00,15:00:00,0.0,0.0,,1.0,0.0,0.0,0.0,0.0,NONE,NO_HISTORICAL_0925_AUCTION_VOLUME_AMOUNT
CANDIDATE,,,,,,,,,,,,,002421_2026-05-26,002421,2026-05-26,2026-05-26,2026-05-27,2026-05,BOARD2,PRIMARY_MAY_JULY_D2,1.0,1.0,4.7,634431368.0,,sina_daily,daily_unadjusted,data/cache/daily_unadjusted/002421_daily.pkl,,1.0,baostock_5m,data/cache/baostock_5m/002421_5min.pkl,baostock_5m,48.0,09:35:00,15:00:00,0.0,0.0,,1.0,0.0,0.0,0.0,0.0,NONE,NO_HISTORICAL_0925_AUCTION_VOLUME_AMOUNT
CANDIDATE,,,,,,,,,,,,,002432_2026-05-26,002432,2026-05-26,2026-05-26,2026-05-27,2026-05,BOARD2,PRIMARY_MAY_JULY_D2,1.0,1.0,91.0,32671540.0,,sina_daily,daily_unadjusted,data/cache/daily_unadjusted/002432_daily.pkl,,1.0,baostock_5m,data/cache/baostock_5m/002432_5min.pkl,baostock_5m,48.0,09:35:00,15:00:00,0.0,0.0,,1.0,0.0,0.0,0.0,0.0,NONE,NO_HISTORICAL_0925_AUCTION_VOLUME_AMOUNT
CANDIDATE,,,,,,,,,,,,,002741_2026-05-26,002741,2026-05-26,2026-05-26,2026-05-27,2026-05,BOARD2,PRIMARY_MAY_JULY_D2,1.0,1.0,27.81,85966687.0,,sina_daily,daily_unadjusted,data/cache/daily_unadjusted/002741_daily.pkl,,1.0,baostock_5m,data/cache/baostock_5m/002741_5min.pkl,baostock_5m,48.0,09:35:00,15:00:00,0.0,0.0,,1.0,0.0,0.0,0.0,0.0,NONE,NO_HISTORICAL_0925_AUCTION_VOLUME_AMOUNT
CANDIDATE,,,,,,,,,,,,,002897_2026-05-26,002897,2026-05-26,2026-05-26,2026-05-27,2026-05,BOARD2,PRIMARY_MAY_JULY_D2,1.0,1.0,81.58,26058732.0,,sina_daily,daily_unadjusted,data/cache/daily_unadjusted/002897_daily.pkl,,1.0,minute_5m,data/cache/minute_5m/002897_5min.pkl,sina_5m,48.0,09:35:00,15:00:00,0.0,0.0,,1.0,0.0,0.0,0.0,0.0,NONE,NO_HISTORICAL_0925_AUCTION_VOLUME_AMOUNT
CANDIDATE,,,,,,,,,,,,,002938_2026-05-26,002938,2026-05-26,2026-05-26,2026-05-27,2026-05,BOARD2,PRIMARY_MAY_JULY_D2,1.0,1.0,110.2,72541910.0,,sina_daily,daily_unadjusted,data/cache/daily_unadjusted/002938_daily.pkl,,1.0,baostock_5m,data/cache/baostock_5m/002938_5min.pkl,baostock_5m,48.0,09:35:00,15:00:00,0.0,0.0,,1.0,0.0,0.0,0.0,0.0,NONE,NO_HISTORICAL_0925_AUCTION_VOLUME_AMOUNT
CANDIDATE,,,,,,,,,,,,,002975_2026-05-26,002975,2026-05-26,2026-05-26,2026-05-27,2026-05,BOARD2,PRIMARY_MAY_JULY_D2,1.0,1.0,126.06,14743941.0,,sina_daily,daily_unadjusted,data/cache/daily_unadjusted/002975_daily.pkl,,1.0,baostock_5m,data/cache/baostock_5m/002975_5min.pkl,baostock_5m,48.0,09:35:00,15:00:00,0.0,0.0,,1.0,0.0,0.0,0.0,0.0,NONE,NO_HISTORICAL_0925_AUCTION_VOLUME_AMOUNT
CANDIDATE,,,,,,,,,,,,,002980_2026-05-26,002980,2026-05-26,2026-05-26,2026-05-27,2026-05,BOARD2,PRIMARY_MAY_JULY_D2,1.0,1.0,111.01,18137430.0,,sina_daily,daily_unadjusted,data/cache/daily_unadjusted/002980_daily.pkl,,1.0,baostock_5m,data/cache/baostock_5m/002980_5min.pkl,baostock_5m,48.0,09:35:00,15:00:00,0.0,0.0,,1.0,0.0,0.0,0.0,0.0,NONE,NO_HISTORICAL_0925_AUCTION_VOLUME_AMOUNT
CANDIDATE,,,,,,,,,,,,,600186_2026-05-26,600186,2026-05-26,2026-05-26,2026-05-27,2026-05,BOARD2,PRIMARY_MAY_JULY_D2,1.0,1.0,13.19,210158010.0,,sina_daily,daily_unadjusted,data/cache/daily_unadjusted/600186_daily.pkl,,1.0,baostock_5m,data/cache/baostock_5m/600186_5min.pkl,baostock_5m,48.0,09:35:00,15:00:00,0.0,0.0,,1.0,0.0,0.0,0.0,0.0,NONE,NO_HISTORICAL_0925_AUCTION_VOLUME_AMOUNT
CANDIDATE,,,,,,,,,,,,,600234_2026-05-26,600234,2026-05-26,2026-05-26,2026-05-27,2026-05,BOARD2,PRIMARY_MAY_JULY_D2,1.0,1.0,29.74,9062809.0,,sina_daily,daily_unadjusted,data/cache/daily_unadjusted/600234_daily.pkl,,1.0,baostock_5m,data/cache/baostock_5m/600234_5min.pkl,baostock_5m,48.0,09:35:00,15:00:00,0.0,0.0,,1.0,0.0,0.0,0.0,0.0,NONE,NO_HISTORICAL_0925_AUCTION_VOLUME_AMOUNT
CANDIDATE,,,,,,,,,,,,,600503_2026-05-26,600503,2026-05-26,2026-05-26,2026-05-27,2026-05,BOARD2,PRIMARY_MAY_JULY_D2,1.0,1.0,2.8,1143813.0,,tencent_daily,daily_unadjusted,data/cache/daily_unadjusted/600503_daily.pkl,,1.0,minute_5m,data/cache/minute_5m/600503_5min.pkl,sina_5m,48.0,09:35:00,15:00:00,0.0,0.0,,1.0,0.0,0.0,0.0,0.0,NONE,NO_HISTORICAL_0925_AUCTION_VOLUME_AMOUNT
CANDIDATE,,,,,,,,,,,,,600539_2026-05-26,600539,2026-05-26,2026-05-26,2026-05-27,2026-05,BOARD2,PRIMARY_MAY_JULY_D2,1.0,1.0,16.1,278973.0,,tencent_daily,daily_unadjusted,data/cache/daily_unadjusted/600539_daily.pkl,,1.0,baostock_5m,data/cache/baostock_5m/600539_5min.pkl,baostock_5m,48.0,09:35:00,15:00:00,0.0,0.0,,1.0,0.0,0.0,0.0,0.0,NONE,NO_HISTORICAL_0925_AUCTION_VOLUME_AMOUNT
CANDIDATE,,,,,,,,,,,,,603001_2026-05-26,603001,2026-05-26,2026-05-26,2026-05-27,2026-05,BOARD2,PRIMARY_MAY_JULY_D2,1.0,1.0,10.6,360789.0,,tencent_daily,daily_unadjusted,data/cache/daily_unadjusted/603001_daily.pkl,,1.0,baostock_5m,data/cache/baostock_5m/603001_5min.pkl,baostock_5m,48.0,09:35:00,15:00:00,0.0,0.0,,1.0,0.0,0.0,0.0,0.0,NONE,NO_HISTORICAL_0925_AUCTION_VOLUME_AMOUNT
CANDIDATE,,,,,,,,,,,,,603256_2026-05-26,603256,2026-05-26,2026-05-26,2026-05-27,2026-05,BOARD2,PRIMARY_MAY_JULY_D2,1.0,1.0,183.5,212829.0,,tencent_daily,daily_unadjusted,data/cache/daily_unadjusted/603256_daily.pkl,,1.0,baostock_5m,data/cache/baostock_5m/603256_5min.pkl,baostock_5m,48.0,09:35:00,15:00:00,0.0,0.0,,1.0,0.0,0.0,0.0,0.0,NONE,NO_HISTORICAL_0925_AUCTION_VOLUME_AMOUNT
CANDIDATE,,,,,,,,,,,,,603661_2026-05-26,603661,2026-05-26,2026-05-26,2026-05-27,2026-05,BOARD3,PRIMARY_MAY_JULY_D2,1.0,1.0,34.7,47763.0,,tencent_daily,daily_unadjusted,data/cache/daily_unadjusted/603661_daily.pkl,,1.0,baostock_5m,data/cache/baostock_5m/603661_5min.pkl,baostock_5m,48.0,09:35:00,15:00:00,0.0,0.0,,1.0,0.0,0.0,0.0,0.0,NONE,NO_HISTORICAL_0925_AUCTION_VOLUME_AMOUNT
CANDIDATE,,,,,,,,,,,,,603663_2026-05-26,603663,2026-05-26,2026-05-26,2026-05-27,2026-05,BOARD2,PRIMARY_MAY_JULY_D2,1.0,1.0,58.8,211408.0,,tencent_daily,daily_unadjusted,data/cache/daily_unadjusted/603663_daily.pkl,,1.0,baostock_5m,data/cache/baostock_5m/603663_5min.pkl,baostock_5m,48.0,09:35:00,15:00:00,0.0,0.0,,1.0,0.0,0.0,0.0,0.0,NONE,NO_HISTORICAL_0925_AUCTION_VOLUME_AMOUNT
CANDIDATE,,,,,,,,,,,,,603936_2026-05-26,603936,2026-05-26,2026-05-26,2026-05-27,2026-05,BOARD2,PRIMARY_MAY_JULY_D2,1.0,1.0,25.92,918512.0,,tencent_daily,daily_unadjusted,data/cache/daily_unadjusted/603936_daily.pkl,,1.0,baostock_5m,data/cache/baostock_5m/603936_5min.pkl,baostock_5m,48.0,09:35:00,15:00:00,0.0,0.0,,1.0,0.0,0.0,0.0,0.0,NONE,NO_HISTORICAL_0925_AUCTION_VOLUME_AMOUNT
CANDIDATE,,,,,,,,,,,,,605580_2026-05-26,605580,2026-05-26,2026-05-26,2026-05-27,2026-05,BOARD2,PRIMARY_MAY_JULY_D2,1.0,1.0,25.0,248973.0,,tencent_daily,daily_unadjusted,data/cache/daily_unadjusted/605580_daily.pkl,,1.0,baostock_5m,data/cache/baostock_5m/605580_5min.pkl,baostock_5m,48.0,09:35:00,15:00:00,0.0,0.0,,1.0,0.0,0.0,0.0,0.0,NONE,NO_HISTORICAL_0925_AUCTION_VOLUME_AMOUNT
CANDIDATE,,,,,,,,,,,,,000510_2026-05-27,000510,2026-05-27,2026-05-27,2026-05-28,2026-05,BOARD3,PRIMARY_MAY_JULY_D2,1.0,1.0,17.92,72061500.0,,sina_daily,daily_unadjusted,data/cache/daily_unadjusted/000510_daily.pkl,,1.0,baostock_5m,data/cache/baostock_5m/000510_5min.pkl,baostock_5m,48.0,09:35:00,15:00:00,0.0,0.0,,1.0,0.0,0.0,0.0,0.0,NONE,NO_HISTORICAL_0925_AUCTION_VOLUME_AMOUNT
CANDIDATE,,,,,,,,,,,,,002185_2026-05-27,002185,2026-05-27,2026-05-27,2026-05-28,2026-05,BOARD2,PRIMARY_MAY_JULY_D2,1.0,1.0,20.15,923732498.0,,sina_daily,daily_unadjusted,data/cache/daily_unadjusted/002185_daily.pkl,,1.0,minute_5m,data/cache/minute_5m/002185_5min.pkl,sina_5m,48.0,09:35:00,15:00:00,0.0,0.0,,1.0,0.0,0.0,0.0,0.0,NONE,NO_HISTORICAL_0925_AUCTION_VOLUME_AMOUNT
CANDIDATE,,,,,,,,,,,,,002388_2026-05-27,002388,2026-05-27,2026-05-27,2026-05-28,2026-05,BOARD2,PRIMARY_MAY_JULY_D2,1.0,1.0,5.88,155111718.0,,sina_daily,daily_unadjusted,data/cache/daily_unadjusted/002388_daily.pkl,,1.0,baostock_5m,data/cache/baostock_5m/002388_5min.pkl,baostock_5m,48.0,09:35:00,15:00:00,0.0,0.0,,1.0,0.0,0.0,0.0,0.0,NONE,NO_HISTORICAL_0925_AUCTION_VOLUME_AMOUNT
CANDIDATE,,,,,,,,,,,,,002552_2026-05-27,002552,2026-05-27,2026-05-27,2026-05-28,2026-05,BOARD3,PRIMARY_MAY_JULY_D2,1.0,1.0,48.79,34183304.0,,sina_daily,daily_unadjusted,data/cache/daily_unadjusted/002552_daily.pkl,,1.0,baostock_5m,data/cache/baostock_5m/002552_5min.pkl,baostock_5m,48.0,09:35:00,15:00:00,0.0,0.0,,1.0,0.0,0.0,0.0,0.0,NONE,NO_HISTORICAL_0925_AUCTION_VOLUME_AMOUNT
CANDIDATE,,,,,,,,,,,,,002585_2026-05-27,002585,2026-05-27,2026-05-27,2026-05-28,2026-05,BOARD3,PRIMARY_MAY_JULY_D2,1.0,1.0,10.44,228748855.0,,sina_daily,daily_unadjusted,data/cache/daily_unadjusted/002585_daily.pkl,,1.0,baostock_5m,data/cache/baostock_5m/002585_5min.pkl,baostock_5m,48.0,09:35:00,15:00:00,0.0,0.0,,1.0,0.0,0.0,0.0,0.0,NONE,NO_HISTORICAL_0925_AUCTION_VOLUME_AMOUNT
CANDIDATE,,,,,,,,,,,,,002957_2026-05-27,002957,2026-05-27,2026-05-27,2026-05-28,2026-05,BOARD2,PRIMARY_MAY_JULY_D2,1.0,1.0,56.05,40683739.0,,sina_daily,daily_unadjusted,data/cache/daily_unadjusted/002957_daily.pkl,,1.0,baostock_5m,data/cache/baostock_5m/002957_5min.pkl,baostock_5m,48.0,09:35:00,15:00:00,0.0,0.0,,1.0,0.0,0.0,0.0,0.0,NONE,NO_HISTORICAL_0925_AUCTION_VOLUME_AMOUNT
CANDIDATE,,,,,,,,,,,,,003036_2026-05-27,003036,2026-05-27,2026-05-27,2026-05-28,2026-05,BOARD2,PRIMARY_MAY_JULY_D2,1.0,1.0,63.0,13624800.0,,sina_daily,daily_unadjusted,data/cache/daily_unadjusted/003036_daily.pkl,,1.0,baostock_5m,data/cache/baostock_5m/003036_5min.pkl,baostock_5m,48.0,09:35:00,15:00:00,0.0,0.0,,1.0,0.0,0.0,0.0,0.0,NONE,NO_HISTORICAL_0925_AUCTION_VOLUME_AMOUNT
CANDIDATE,,,,,,,,,,,,,600172_2026-05-27,600172,2026-05-27,2026-05-27,2026-05-28,2026-05,BOARD3,PRIMARY_MAY_JULY_D2,1.0,1.0,13.22,167491776.0,,sina_daily,daily_unadjusted,data/cache/daily_unadjusted/600172_daily.pkl,,1.0,baostock_5m,data/cache/baostock_5m/600172_5min.pkl,baostock_5m,48.0,09:35:00,15:00:00,0.0,0.0,,1.0,0.0,0.0,0.0,0.0,NONE,NO_HISTORICAL_0925_AUCTION_VOLUME_AMOUNT
CANDIDATE,,,,,,,,,,,,,600520_2026-05-27,600520,2026-05-27,2026-05-27,2026-05-28,2026-05,BOARD2,PRIMARY_MAY_JULY_D2,1.0,1.0,32.33,343541.0,,tencent_daily,daily_unadjusted,data/cache/daily_unadjusted/600520_daily.pkl,,1.0,minute_5m,data/cache/minute_5m/600520_5min.pkl,sina_5m,48.0,09:35:00,15:00:00,0.0,0.0,,1.0,0.0,0.0,0.0,0.0,NONE,NO_HISTORICAL_0925_AUCTION_VOLUME_AMOUNT
CANDIDATE,,,,,,,,,,,,,600584_2026-05-27,600584,2026-05-27,2026-05-27,2026-05-28,2026-05,BOARD2,PRIMARY_MAY_JULY_D2,1.0,1.0,83.01,2722646.0,,tencent_daily,daily_unadjusted,data/cache/daily_unadjusted/600584_daily.pkl,,1.0,baostock_5m,data/cache/baostock_5m/600584_5min.pkl,baostock_5m,48.0,09:35:00,15:00:00,0.0,0.0,,1.0,0.0,0.0,0.0,0.0,NONE,NO_HISTORICAL_0925_AUCTION_VOLUME_AMOUNT
CANDIDATE,,,,,,,,,,,,,000759_2026-05-28,000759,2026-05-28,2026-05-28,2026-05-29,2026-05,BOARD2,PRIMARY_MAY_JULY_D2,1.0,1.0,5.7,147519635.0,,sina_daily,daily_unadjusted,data/cache/daily_unadjusted/000759_daily.pkl,,1.0,minute_5m,data/cache/minute_5m/000759_5min.pkl,sina_5m,48.0,09:35:00,15:00:00,0.0,0.0,,1.0,0.0,0.0,0.0,0.0,NONE,NO_HISTORICAL_0925_AUCTION_VOLUME_AMOUNT
CANDIDATE,,,,,,,,,,,,,001257_2026-05-28,001257,2026-05-28,2026-05-28,2026-05-29,2026-05,BOARD2,PRIMARY_MAY_JULY_D2,1.0,1.0,28.37,42716795.0,,sina_daily,daily_unadjusted,data/cache/daily_unadjusted/001257_daily.pkl,,1.0,minute_5m,data/cache/minute_5m/001257_5min.pkl,sina_5m,48.0,09:35:00,15:00:00,0.0,0.0,,1.0,0.0,0.0,0.0,0.0,NONE,NO_HISTORICAL_0925_AUCTION_VOLUME_AMOUNT
CANDIDATE,,,,,,,,,,,,,002251_2026-05-28,002251,2026-05-28,2026-05-28,2026-05-29,2026-05,BOARD2,PRIMARY_MAY_JULY_D2,1.0,1.0,4.45,336428558.0,,sina_daily,daily_unadjusted,data/cache/daily_unadjusted/002251_daily.pkl,,1.0,minute_5m,data/cache/minute_5m/002251_5min.pkl,sina_5m,48.0,09:35:00,15:00:00,0.0,0.0,,1.0,0.0,0.0,0.0,0.0,NONE,NO_HISTORICAL_0925_AUCTION_VOLUME_AMOUNT
CANDIDATE,,,,,,,,,,,,,002771_2026-05-28,002771,2026-05-28,2026-05-28,2026-05-29,2026-05,BOARD2,PRIMARY_MAY_JULY_D2,1.0,1.0,16.43,47031730.0,,sina_daily,daily_unadjusted,data/cache/daily_unadjusted/002771_daily.pkl,,1.0,minute_5m,data/cache/minute_5m/002771_5min.pkl,sina_5m,48.0,09:35:00,15:00:00,0.0,0.0,,1.0,0.0,0.0,0.0,0.0,NONE,NO_HISTORICAL_0925_AUCTION_VOLUME_AMOUNT
CANDIDATE,,,,,,,,,,,,,002579_2026-05-29,002579,2026-05-29,2026-05-29,2026-06-01,2026-05,BOARD3,PRIMARY_MAY_JULY_D2,1.0,1.0,17.36,208073189.0,,sina_daily,daily_unadjusted,data/cache/daily_unadjusted/002579_daily.pkl,,1.0,baostock_5m,data/cache/baostock_5m/002579_5min.pkl,baostock_5m,48.0,09:35:00,15:00:00,0.0,0.0,,1.0,0.0,0.0,0.0,0.0,NONE,NO_HISTORICAL_0925_AUCTION_VOLUME_AMOUNT
CANDIDATE,,,,,,,,,,,,,603032_2026-05-29,603032,2026-05-29,2026-05-29,2026-06-01,2026-05,BOARD2,PRIMARY_MAY_JULY_D2,1.0,1.0,25.23,259324.0,,tencent_daily,daily_unadjusted,data/cache/daily_unadjusted/603032_daily.pkl,,1.0,baostock_5m,data/cache/baostock_5m/603032_5min.pkl,baostock_5m,48.0,09:35:00,15:00:00,0.0,0.0,,1.0,0.0,0.0,0.0,0.0,NONE,NO_HISTORICAL_0925_AUCTION_VOLUME_AMOUNT
CANDIDATE,,,,,,,,,,,,,603989_2026-05-29,603989,2026-05-29,2026-05-29,2026-06-01,2026-05,BOARD2,PRIMARY_MAY_JULY_D2,1.0,1.0,34.47,276949.0,,tencent_daily,daily_unadjusted,data/cache/daily_unadjusted/603989_daily.pkl,,1.0,baostock_5m,data/cache/baostock_5m/603989_5min.pkl,baostock_5m,48.0,09:35:00,15:00:00,0.0,0.0,,1.0,0.0,0.0,0.0,0.0,NONE,NO_HISTORICAL_0925_AUCTION_VOLUME_AMOUNT
CANDIDATE,,,,,,,,,,,,,000090_2026-06-01,000090,2026-06-01,2026-06-01,2026-06-02,2026-06,BOARD2,PRIMARY_MAY_JULY_D2,1.0,1.0,3.79,90801464.0,,sina_daily,daily_unadjusted,data/cache/daily_unadjusted/000090_daily.pkl,,1.0,minute_5m,data/cache/minute_5m/000090_5min.pkl,sina_5m,48.0,09:35:00,15:00:00,0.0,0.0,,1.0,0.0,0.0,0.0,0.0,NONE,NO_HISTORICAL_0925_AUCTION_VOLUME_AMOUNT
CANDIDATE,,,,,,,,,,,,,002806_2026-06-01,002806,2026-06-01,2026-06-01,2026-06-02,2026-06,BOARD2,PRIMARY_MAY_JULY_D2,1.0,1.0,17.68,72999319.0,,sina_daily,daily_unadjusted,data/cache/daily_unadjusted/002806_daily.pkl,,1.0,minute_5m,data/cache/minute_5m/002806_5min.pkl,sina_5m,48.0,09:35:00,15:00:00,0.0,0.0,,1.0,0.0,0.0,0.0,0.0,NONE,NO_HISTORICAL_0925_AUCTION_VOLUME_AMOUNT
CANDIDATE,,,,,,,,,,,,,600110_2026-06-01,600110,2026-06-01,2026-06-01,2026-06-02,2026-06,BOARD2,PRIMARY_MAY_JULY_D2,1.0,1.0,12.18,211983717.0,,sina_daily,daily_unadjusted,data/cache/daily_unadjusted/600110_daily.pkl,,1.0,baostock_5m,data/cache/baostock_5m/600110_5min.pkl,baostock_5m,48.0,09:35:00,15:00:00,0.0,0.0,,1.0,0.0,0.0,0.0,0.0,NONE,NO_HISTORICAL_0925_AUCTION_VOLUME_AMOUNT
CANDIDATE,,,,,,,,,,,,,603324_2026-06-01,603324,2026-06-01,2026-06-01,2026-06-02,2026-06,BOARD2,PRIMARY_MAY_JULY_D2,1.0,1.0,33.03,164628.0,,tencent_daily,daily_unadjusted,data/cache/daily_unadjusted/603324_daily.pkl,,1.0,minute_5m,data/cache/minute_5m/603324_5min.pkl,sina_5m,48.0,09:35:00,15:00:00,0.0,0.0,,1.0,0.0,0.0,0.0,0.0,NONE,NO_HISTORICAL_0925_AUCTION_VOLUME_AMOUNT
CANDIDATE,,,,,,,,,,,,,002608_2026-06-02,002608,2026-06-02,2026-06-02,2026-06-03,2026-06,BOARD2,PRIMARY_MAY_JULY_D2,1.0,1.0,10.0,178341172.0,,sina_daily,daily_unadjusted,data/cache/daily_unadjusted/002608_daily.pkl,,1.0,minute_5m,data/cache/minute_5m/002608_5min.pkl,sina_5m,48.0,09:35:00,15:00:00,0.0,0.0,,1.0,0.0,0.0,0.0,0.0,NONE,NO_HISTORICAL_0925_AUCTION_VOLUME_AMOUNT
CANDIDATE,,,,,,,,,,,,,600011_2026-06-02,600011,2026-06-02,2026-06-02,2026-06-03,2026-06,BOARD2,PRIMARY_MAY_JULY_D2,1.0,1.0,8.83,563625763.0,,sina_daily,daily_unadjusted,data/cache/daily_unadjusted/600011_daily.pkl,,1.0,minute_5m,data/cache/minute_5m/600011_5min.pkl,sina_5m,48.0,09:35:00,15:00:00,0.0,0.0,,1.0,0.0,0.0,0.0,0.0,NONE,NO_HISTORICAL_0925_AUCTION_VOLUME_AMOUNT
CANDIDATE,,,,,,,,,,,,,000055_2026-06-03,000055,2026-06-03,2026-06-03,2026-06-04,2026-06,BOARD2,PRIMARY_MAY_JULY_D2,1.0,1.0,3.89,71061915.0,,sina_daily,daily_unadjusted,data/cache/daily_unadjusted/000055_daily.pkl,,1.0,minute_5m,data/cache/minute_5m/000055_5min.pkl,sina_5m,48.0,09:35:00,15:00:00,0.0,0.0,,1.0,0.0,0.0,0.0,0.0,NONE,NO_HISTORICAL_0925_AUCTION_VOLUME_AMOUNT
CANDIDATE,,,,,,,,,,,,,001210_2026-06-03,001210,2026-06-03,2026-06-03,2026-06-04,2026-06,BOARD2,PRIMARY_MAY_JULY_D2,1.0,1.0,35.37,12839661.0,,sina_daily,daily_unadjusted,data/cache/daily_unadjusted/001210_daily.pkl,,1.0,baostock_5m,data/cache/baostock_5m/001210_5min.pkl,baostock_5m,48.0,09:35:00,15:00:00,0.0,0.0,,1.0,0.0,0.0,0.0,0.0,NONE,NO_HISTORICAL_0925_AUCTION_VOLUME_AMOUNT
CANDIDATE,,,,,,,,,,,,,002404_2026-06-03,002404,2026-06-03,2026-06-03,2026-06-04,2026-06,BOARD2,PRIMARY_MAY_JULY_D2,1.0,1.0,7.35,53157974.0,,sina_daily,daily_unadjusted,data/cache/daily_unadjusted/002404_daily.pkl,,1.0,minute_5m,data/cache/minute_5m/002404_5min.pkl,sina_5m,48.0,09:35:00,15:00:00,0.0,0.0,,1.0,0.0,0.0,0.0,0.0,NONE,NO_HISTORICAL_0925_AUCTION_VOLUME_AMOUNT
CANDIDATE,,,,,,,,,,,,,002421_2026-06-03,002421,2026-06-03,2026-06-03,2026-06-04,2026-06,BOARD2,PRIMARY_MAY_JULY_D2,1.0,1.0,4.87,488352354.0,,sina_daily,daily_unadjusted,data/cache/daily_unadjusted/002421_daily.pkl,,1.0,baostock_5m,data/cache/baostock_5m/002421_5min.pkl,baostock_5m,48.0,09:35:00,15:00:00,0.0,0.0,,1.0,0.0,0.0,0.0,0.0,NONE,NO_HISTORICAL_0925_AUCTION_VOLUME_AMOUNT
CANDIDATE,,,,,,,,,,,,,002579_2026-06-03,002579,2026-06-03,2026-06-03,2026-06-04,2026-06,BOARD2,PRIMARY_MAY_JULY_D2,1.0,1.0,18.88,239211180.0,,sina_daily,daily_unadjusted,data/cache/daily_unadjusted/002579_daily.pkl,,1.0,baostock_5m,data/cache/baostock_5m/002579_5min.pkl,baostock_5m,48.0,09:35:00,15:00:00,0.0,0.0,,1.0,0.0,0.0,0.0,0.0,NONE,NO_HISTORICAL_0925_AUCTION_VOLUME_AMOUNT
CANDIDATE,,,,,,,,,,,,,600280_2026-06-03,600280,2026-06-03,2026-06-03,2026-06-04,2026-06,BOARD3,PRIMARY_MAY_JULY_D2,1.0,1.0,3.99,1566642.0,,tencent_daily,daily_unadjusted,data/cache/daily_unadjusted/600280_daily.pkl,,1.0,minute_5m,data/cache/minute_5m/600280_5min.pkl,sina_5m,48.0,09:35:00,15:00:00,0.0,0.0,,1.0,0.0,0.0,0.0,0.0,NONE,NO_HISTORICAL_0925_AUCTION_VOLUME_AMOUNT
CANDIDATE,,,,,,,,,,,,,603045_2026-06-03,603045,2026-06-03,2026-06-03,2026-06-04,2026-06,BOARD2,PRIMARY_MAY_JULY_D2,1.0,1.0,73.83,180521.0,,tencent_daily,daily_unadjusted,data/cache/daily_unadjusted/603045_daily.pkl,,1.0,baostock_5m,data/cache/baostock_5m/603045_5min.pkl,baostock_5m,48.0,09:35:00,15:00:00,0.0,0.0,,1.0,0.0,0.0,0.0,0.0,NONE,NO_HISTORICAL_0925_AUCTION_VOLUME_AMOUNT
CANDIDATE,,,,,,,,,,,,,000700_2026-06-04,000700,2026-06-04,2026-06-04,2026-06-05,2026-06,BOARD2,PRIMARY_MAY_JULY_D2,1.0,1.0,18.27,149865292.0,,sina_daily,daily_unadjusted,data/cache/daily_unadjusted/000700_daily.pkl,,1.0,minute_5m,data/cache/minute_5m/000700_5min.pkl,sina_5m,48.0,09:35:00,15:00:00,0.0,0.0,,1.0,0.0,0.0,0.0,0.0,NONE,NO_HISTORICAL_0925_AUCTION_VOLUME_AMOUNT
CANDIDATE,,,,,,,,,,,,,002137_2026-06-04,002137,2026-06-04,2026-06-04,2026-06-05,2026-06,BOARD2,PRIMARY_MAY_JULY_D2,1.0,1.0,10.24,115147496.0,,sina_daily,daily_unadjusted,data/cache/daily_unadjusted/002137_daily.pkl,,1.0,minute_5m,data/cache/minute_5m/002137_5min.pkl,sina_5m,48.0,09:35:00,15:00:00,0.0,0.0,,1.0,0.0,0.0,0.0,0.0,NONE,NO_HISTORICAL_0925_AUCTION_VOLUME_AMOUNT
CANDIDATE,,,,,,,,,,,,,600121_2026-06-04,600121,2026-06-04,2026-06-04,2026-06-05,2026-06,BOARD3,PRIMARY_MAY_JULY_D2,1.0,1.0,5.64,233200248.0,,sina_daily,daily_unadjusted,data/cache/daily_unadjusted/600121_daily.pkl,,1.0,baostock_5m,data/cache/baostock_5m/600121_5min.pkl,baostock_5m,48.0,09:35:00,15:00:00,0.0,0.0,,1.0,0.0,0.0,0.0,0.0,NONE,NO_HISTORICAL_0925_AUCTION_VOLUME_AMOUNT
CANDIDATE,,,,,,,,,,,,,600487_2026-06-04,600487,2026-06-04,2026-06-04,2026-06-05,2026-06,BOARD2,PRIMARY_MAY_JULY_D2,1.0,1.0,96.0,2509906.0,,tencent_daily,daily_unadjusted,data/cache/daily_unadjusted/600487_daily.pkl,,1.0,baostock_5m,data/cache/baostock_5m/600487_5min.pkl,baostock_5m,48.0,09:35:00,15:00:00,0.0,0.0,,1.0,0.0,0.0,0.0,0.0,NONE,NO_HISTORICAL_0925_AUCTION_VOLUME_AMOUNT
CANDIDATE,,,,,,,,,,,,,600936_2026-06-04,600936,2026-06-04,2026-06-04,2026-06-05,2026-06,BOARD2,PRIMARY_MAY_JULY_D2,1.0,1.0,6.15,1476681.0,,tencent_daily,daily_unadjusted,data/cache/daily_unadjusted/600936_daily.pkl,,1.0,baostock_5m,data/cache/baostock_5m/600936_5min.pkl,baostock_5m,48.0,09:35:00,15:00:00,0.0,0.0,,1.0,0.0,0.0,0.0,0.0,NONE,NO_HISTORICAL_0925_AUCTION_VOLUME_AMOUNT
CANDIDATE,,,,,,,,,,,,,603311_2026-06-04,603311,2026-06-04,2026-06-04,2026-06-05,2026-06,BOARD2,PRIMARY_MAY_JULY_D2,1.0,1.0,38.14,197259.0,,tencent_daily,daily_unadjusted,data/cache/daily_unadjusted/603311_daily.pkl,,1.0,minute_5m,data/cache/minute_5m/603311_5min.pkl,sina_5m,48.0,09:35:00,15:00:00,0.0,0.0,,1.0,0.0,0.0,0.0,0.0,NONE,NO_HISTORICAL_0925_AUCTION_VOLUME_AMOUNT
CANDIDATE,,,,,,,,,,,,,001896_2026-06-05,001896,2026-06-05,2026-06-05,2026-06-08,2026-06,BOARD2,PRIMARY_MAY_JULY_D2,1.0,1.0,19.87,265467874.0,,sina_daily,daily_unadjusted,data/cache/daily_unadjusted/001896_daily.pkl,,1.0,minute_5m,data/cache/minute_5m/001896_5min.pkl,sina_5m,48.0,09:35:00,15:00:00,0.0,0.0,,1.0,0.0,0.0,0.0,0.0,NONE,NO_HISTORICAL_0925_AUCTION_VOLUME_AMOUNT
CANDIDATE,,,,,,,,,,,,,002787_2026-06-05,002787,2026-06-05,2026-06-05,2026-06-08,2026-06,BOARD2,PRIMARY_MAY_JULY_D2,1.0,1.0,26.1,25766829.0,,sina_daily,daily_unadjusted,data/cache/daily_unadjusted/002787_daily.pkl,,1.0,baostock_5m,data/cache/baostock_5m/002787_5min.pkl,baostock_5m,48.0,09:35:00,15:00:00,0.0,0.0,,1.0,0.0,0.0,0.0,0.0,NONE,NO_HISTORICAL_0925_AUCTION_VOLUME_AMOUNT
CANDIDATE,,,,,,,,,,,,,600255_2026-06-05,600255,2026-06-05,2026-06-05,2026-06-08,2026-06,BOARD3,PRIMARY_MAY_JULY_D2,1.0,1.0,4.35,496590402.0,,sina_daily,daily_unadjusted,data/cache/daily_unadjusted/600255_daily.pkl,,1.0,minute_5m,data/cache/minute_5m/600255_5min.pkl,sina_5m,48.0,09:35:00,15:00:00,0.0,0.0,,1.0,0.0,0.0,0.0,0.0,NONE,NO_HISTORICAL_0925_AUCTION_VOLUME_AMOUNT
CANDIDATE,,,,,,,,,,,,,600439_2026-06-05,600439,2026-06-05,2026-06-05,2026-06-08,2026-06,BOARD2,PRIMARY_MAY_JULY_D2,1.0,1.0,2.64,822065.0,,tencent_daily,daily_unadjusted,data/cache/daily_unadjusted/600439_daily.pkl,,1.0,minute_5m,data/cache/minute_5m/600439_5min.pkl,sina_5m,48.0,09:35:00,15:00:00,0.0,0.0,,1.0,0.0,0.0,0.0,0.0,NONE,NO_HISTORICAL_0925_AUCTION_VOLUME_AMOUNT
CANDIDATE,,,,,,,,,,,,,600688_2026-06-05,600688,2026-06-05,2026-06-05,2026-06-08,2026-06,BOARD2,PRIMARY_MAY_JULY_D2,1.0,1.0,3.31,5246012.0,,tencent_daily,daily_unadjusted,data/cache/daily_unadjusted/600688_daily.pkl,,1.0,minute_5m,data/cache/minute_5m/600688_5min.pkl,sina_5m,48.0,09:35:00,15:00:00,0.0,0.0,,1.0,0.0,0.0,0.0,0.0,NONE,NO_HISTORICAL_0925_AUCTION_VOLUME_AMOUNT
CANDIDATE,,,,,,,,,,,,,605162_2026-06-05,605162,2026-06-05,2026-06-05,2026-06-08,2026-06,BOARD2,PRIMARY_MAY_JULY_D2,1.0,1.0,11.78,407389.0,,tencent_daily,daily_unadjusted,data/cache/daily_unadjusted/605162_daily.pkl,,1.0,baostock_5m,data/cache/baostock_5m/605162_5min.pkl,baostock_5m,48.0,09:35:00,15:00:00,0.0,0.0,,1.0,0.0,0.0,0.0,0.0,NONE,NO_HISTORICAL_0925_AUCTION_VOLUME_AMOUNT
CANDIDATE,,,,,,,,,,,,,000520_2026-06-08,000520,2026-06-08,2026-06-08,2026-06-09,2026-06,BOARD2,PRIMARY_MAY_JULY_D2,1.0,1.0,4.57,91932588.0,,sina_daily,daily_unadjusted,data/cache/daily_unadjusted/000520_daily.pkl,,1.0,baostock_5m,data/cache/baostock_5m/000520_5min.pkl,baostock_5m,48.0,09:35:00,15:00:00,0.0,0.0,,1.0,0.0,0.0,0.0,0.0,NONE,NO_HISTORICAL_0925_AUCTION_VOLUME_AMOUNT
CANDIDATE,,,,,,,,,,,,,003036_2026-06-08,003036,2026-06-08,2026-06-08,2026-06-09,2026-06,BOARD2,PRIMARY_MAY_JULY_D2,1.0,1.0,78.6,9334306.0,,sina_daily,daily_unadjusted,data/cache/daily_unadjusted/003036_daily.pkl,,1.0,baostock_5m,data/cache/baostock_5m/003036_5min.pkl,baostock_5m,48.0,09:35:00,15:00:00,0.0,0.0,,1.0,0.0,0.0,0.0,0.0,NONE,NO_HISTORICAL_0925_AUCTION_VOLUME_AMOUNT
CANDIDATE,,,,,,,,,,,,,600293_2026-06-08,600293,2026-06-08,2026-06-08,2026-06-09,2026-06,BOARD2,PRIMARY_MAY_JULY_D2,1.0,1.0,4.05,2295235.0,,tencent_daily,daily_unadjusted,data/cache/daily_unadjusted/600293_daily.pkl,,1.0,minute_5m,data/cache/minute_5m/600293_5min.pkl,sina_5m,48.0,09:35:00,15:00:00,0.0,0.0,,1.0,0.0,0.0,0.0,0.0,NONE,NO_HISTORICAL_0925_AUCTION_VOLUME_AMOUNT
CANDIDATE,,,,,,,,,,,,,000068_2026-06-09,000068,2026-06-09,2026-06-09,2026-06-10,2026-06,BOARD2,PRIMARY_MAY_JULY_D2,1.0,1.0,3.77,82448913.0,,sina_daily,daily_unadjusted,data/cache/daily_unadjusted/000068_daily.pkl,,1.0,minute_5m,data/cache/minute_5m/000068_5min.pkl,sina_5m,48.0,09:35:00,15:00:00,0.0,0.0,,1.0,0.0,0.0,0.0,0.0,NONE,NO_HISTORICAL_0925_AUCTION_VOLUME_AMOUNT
CANDIDATE,,,,,,,,,,,,,000517_2026-06-09,000517,2026-06-09,2026-06-09,2026-06-10,2026-06,BOARD2,PRIMARY_MAY_JULY_D2,1.0,1.0,2.03,130531660.0,,sina_daily,daily_unadjusted,data/cache/daily_unadjusted/000517_daily.pkl,,1.0,minute_5m,data/cache/minute_5m/000517_5min.pkl,sina_5m,48.0,09:35:00,15:00:00,0.0,0.0,,1.0,0.0,0.0,0.0,0.0,NONE,NO_HISTORICAL_0925_AUCTION_VOLUME_AMOUNT
CANDIDATE,,,,,,,,,,,,,000759_2026-06-09,000759,2026-06-09,2026-06-09,2026-06-10,2026-06,BOARD2,PRIMARY_MAY_JULY_D2,1.0,1.0,6.16,82922600.0,,sina_daily,daily_unadjusted,data/cache/daily_unadjusted/000759_daily.pkl,,1.0,minute_5m,data/cache/minute_5m/000759_5min.pkl,sina_5m,48.0,09:35:00,15:00:00,0.0,0.0,,1.0,0.0,0.0,0.0,0.0,NONE,NO_HISTORICAL_0925_AUCTION_VOLUME_AMOUNT
CANDIDATE,,,,,,,,,,,,,002361_2026-06-09,002361,2026-06-09,2026-06-09,2026-06-10,2026-06,BOARD2,PRIMARY_MAY_JULY_D2,1.0,1.0,17.75,351814204.0,,sina_daily,daily_unadjusted,data/cache/daily_unadjusted/002361_daily.pkl,,1.0,minute_5m,data/cache/minute_5m/002361_5min.pkl,sina_5m,2.0,14:55:00,15:00:00,0.0,0.0,,1.0,0.0,0.0,0.0,0.0,NONE,NO_HISTORICAL_0925_AUCTION_VOLUME_AMOUNT
CANDIDATE,,,,,,,,,,,,,002421_2026-06-09,002421,2026-06-09,2026-06-09,2026-06-10,2026-06,BOARD2,PRIMARY_MAY_JULY_D2,1.0,1.0,5.7,744161783.0,,sina_daily,daily_unadjusted,data/cache/daily_unadjusted/002421_daily.pkl,,1.0,baostock_5m,data/cache/baostock_5m/002421_5min.pkl,baostock_5m,48.0,09:35:00,15:00:00,0.0,0.0,,1.0,0.0,0.0,0.0,0.0,NONE,NO_HISTORICAL_0925_AUCTION_VOLUME_AMOUNT
CANDIDATE,,,,,,,,,,,,,002613_2026-06-09,002613,2026-06-09,2026-06-09,2026-06-10,2026-06,BOARD2,PRIMARY_MAY_JULY_D2,1.0,1.0,5.11,179958020.0,,sina_daily,daily_unadjusted,data/cache/daily_unadjusted/002613_daily.pkl,,1.0,minute_5m,data/cache/minute_5m/002613_5min.pkl,sina_5m,48.0,09:35:00,15:00:00,0.0,0.0,,1.0,0.0,0.0,0.0,0.0,NONE,NO_HISTORICAL_0925_AUCTION_VOLUME_AMOUNT
CANDIDATE,,,,,,,,,,,,,003009_2026-06-09,003009,2026-06-09,2026-06-09,2026-06-10,2026-06,BOARD2,PRIMARY_MAY_JULY_D2,1.0,1.0,57.25,10502964.0,,sina_daily,daily_unadjusted,data/cache/daily_unadjusted/003009_daily.pkl,,1.0,minute_5m,data/cache/minute_5m/003009_5min.pkl,sina_5m,48.0,09:35:00,15:00:00,0.0,0.0,,1.0,0.0,0.0,0.0,0.0,NONE,NO_HISTORICAL_0925_AUCTION_VOLUME_AMOUNT
CANDIDATE,,,,,,,,,,,,,603500_2026-06-09,603500,2026-06-09,2026-06-09,2026-06-10,2026-06,BOARD3,PRIMARY_MAY_JULY_D2,1.0,1.0,12.71,541861.0,,tencent_daily,daily_unadjusted,data/cache/daily_unadjusted/603500_daily.pkl,,1.0,minute_5m,data/cache/minute_5m/603500_5min.pkl,sina_5m,48.0,09:35:00,15:00:00,0.0,0.0,,1.0,0.0,0.0,0.0,0.0,NONE,NO_HISTORICAL_0925_AUCTION_VOLUME_AMOUNT
CANDIDATE,,,,,,,,,,,,,603859_2026-06-09,603859,2026-06-09,2026-06-09,2026-06-10,2026-06,BOARD2,PRIMARY_MAY_JULY_D2,1.0,1.0,52.31,455581.0,,tencent_daily,daily_unadjusted,data/cache/daily_unadjusted/603859_daily.pkl,,1.0,minute_5m,data/cache/minute_5m/603859_5min.pkl,sina_5m,48.0,09:35:00,15:00:00,0.0,0.0,,1.0,0.0,0.0,0.0,0.0,NONE,NO_HISTORICAL_0925_AUCTION_VOLUME_AMOUNT
CANDIDATE,,,,,,,,,,,,,001696_2026-06-10,001696,2026-06-10,2026-06-10,2026-06-11,2026-06,BOARD2,PRIMARY_MAY_JULY_D2,1.0,1.0,19.0,146819703.0,,sina_daily,daily_unadjusted,data/cache/daily_unadjusted/001696_daily.pkl,,1.0,baostock_5m,data/cache/baostock_5m/001696_5min.pkl,baostock_5m,48.0,09:35:00,15:00:00,0.0,0.0,,1.0,0.0,0.0,0.0,0.0,NONE,NO_HISTORICAL_0925_AUCTION_VOLUME_AMOUNT
CANDIDATE,,,,,,,,,,,,,002254_2026-06-10,002254,2026-06-10,2026-06-10,2026-06-11,2026-06,BOARD3,PRIMARY_MAY_JULY_D2,1.0,1.0,17.37,85504108.0,,sina_daily,daily_unadjusted,data/cache/daily_unadjusted/002254_daily.pkl,,1.0,minute_5m,data/cache/minute_5m/002254_5min.pkl,sina_5m,48.0,09:35:00,15:00:00,0.0,0.0,,1.0,0.0,0.0,0.0,0.0,NONE,NO_HISTORICAL_0925_AUCTION_VOLUME_AMOUNT
CANDIDATE,,,,,,,,,,,,,002362_2026-06-10,002362,2026-06-10,2026-06-10,2026-06-11,2026-06,BOARD2,PRIMARY_MAY_JULY_D2,1.0,1.0,19.46,23066170.0,,sina_daily,daily_unadjusted,data/cache/daily_unadjusted/002362_daily.pkl,,1.0,minute_5m,data/cache/minute_5m/002362_5min.pkl,sina_5m,48.0,09:35:00,15:00:00,0.0,0.0,,1.0,0.0,0.0,0.0,0.0,NONE,NO_HISTORICAL_0925_AUCTION_VOLUME_AMOUNT
CANDIDATE,,,,,,,,,,,,,002747_2026-06-10,002747,2026-06-10,2026-06-10,2026-06-11,2026-06,BOARD2,PRIMARY_MAY_JULY_D2,1.0,1.0,35.0,116570759.0,,sina_daily,daily_unadjusted,data/cache/daily_unadjusted/002747_daily.pkl,,1.0,minute_5m,data/cache/minute_5m/002747_5min.pkl,sina_5m,48.0,09:35:00,15:00:00,0.0,0.0,,1.0,0.0,0.0,0.0,0.0,NONE,NO_HISTORICAL_0925_AUCTION_VOLUME_AMOUNT
CANDIDATE,,,,,,,,,,,,,603186_2026-06-10,603186,2026-06-10,2026-06-10,2026-06-11,2026-06,BOARD2,PRIMARY_MAY_JULY_D2,1.0,1.0,166.01,197396.0,,tencent_daily,daily_unadjusted,data/cache/daily_unadjusted/603186_daily.pkl,,1.0,baostock_5m,data/cache/baostock_5m/603186_5min.pkl,baostock_5m,48.0,09:35:00,15:00:00,0.0,0.0,,1.0,0.0,0.0,0.0,0.0,NONE,NO_HISTORICAL_0925_AUCTION_VOLUME_AMOUNT
CANDIDATE,,,,,,,,,,,,,603616_2026-06-10,603616,2026-06-10,2026-06-10,2026-06-11,2026-06,BOARD2,PRIMARY_MAY_JULY_D2,1.0,1.0,6.85,326938.0,,tencent_daily,daily_unadjusted,data/cache/daily_unadjusted/603616_daily.pkl,,1.0,minute_5m,data/cache/minute_5m/603616_5min.pkl,sina_5m,48.0,09:35:00,15:00:00,0.0,0.0,,1.0,0.0,0.0,0.0,0.0,NONE,NO_HISTORICAL_0925_AUCTION_VOLUME_AMOUNT
CANDIDATE,,,,,,,,,,,,,603929_2026-06-10,603929,2026-06-10,2026-06-10,2026-06-11,2026-06,BOARD2,PRIMARY_MAY_JULY_D2,1.0,1.0,227.62,105580.0,,tencent_daily,daily_unadjusted,data/cache/daily_unadjusted/603929_daily.pkl,,1.0,baostock_5m,data/cache/baostock_5m/603929_5min.pkl,baostock_5m,48.0,09:35:00,15:00:00,0.0,0.0,,1.0,0.0,0.0,0.0,0.0,NONE,NO_HISTORICAL_0925_AUCTION_VOLUME_AMOUNT
CANDIDATE,,,,,,,,,,,,,000029_2026-06-11,000029,2026-06-11,2026-06-11,2026-06-12,2026-06,BOARD2,PRIMARY_MAY_JULY_D2,1.0,1.0,25.43,9495887.0,,sina_daily,daily_unadjusted,data/cache/daily_unadjusted/000029_daily.pkl,,1.0,baostock_5m,data/cache/baostock_5m/000029_5min.pkl,baostock_5m,48.0,09:35:00,15:00:00,0.0,0.0,,1.0,0.0,0.0,0.0,0.0,NONE,NO_HISTORICAL_0925_AUCTION_VOLUME_AMOUNT
CANDIDATE,,,,,,,,,,,,,002585_2026-06-11,002585,2026-06-11,2026-06-11,2026-06-12,2026-06,BOARD2,PRIMARY_MAY_JULY_D2,1.0,1.0,12.42,202636071.0,,sina_daily,daily_unadjusted,data/cache/daily_unadjusted/002585_daily.pkl,,1.0,baostock_5m,data/cache/baostock_5m/002585_5min.pkl,baostock_5m,48.0,09:35:00,15:00:00,0.0,0.0,,1.0,0.0,0.0,0.0,0.0,NONE,NO_HISTORICAL_0925_AUCTION_VOLUME_AMOUNT
CANDIDATE,,,,,,,,,,,,,002636_2026-06-11,002636,2026-06-11,2026-06-11,2026-06-12,2026-06,BOARD3,PRIMARY_MAY_JULY_D2,1.0,1.0,89.99,84377190.0,,sina_daily,daily_unadjusted,data/cache/daily_unadjusted/002636_daily.pkl,,1.0,baostock_5m,data/cache/baostock_5m/002636_5min.pkl,baostock_5m,48.0,09:35:00,15:00:00,0.0,0.0,,1.0,0.0,0.0,0.0,0.0,NONE,NO_HISTORICAL_0925_AUCTION_VOLUME_AMOUNT
CANDIDATE,,,,,,,,,,,,,002669_2026-06-11,002669,2026-06-11,2026-06-11,2026-06-12,2026-06,BOARD2,PRIMARY_MAY_JULY_D2,1.0,1.0,16.6,65006849.0,,sina_daily,daily_unadjusted,data/cache/daily_unadjusted/002669_daily.pkl,,1.0,minute_5m,data/cache/minute_5m/002669_5min.pkl,sina_5m,48.0,09:35:00,15:00:00,0.0,0.0,,1.0,0.0,0.0,0.0,0.0,NONE,NO_HISTORICAL_0925_AUCTION_VOLUME_AMOUNT
CANDIDATE,,,,,,,,,,,,,003026_2026-06-11,003026,2026-06-11,2026-06-11,2026-06-12,2026-06,BOARD2,PRIMARY_MAY_JULY_D2,1.0,1.0,36.34,33627336.0,,sina_daily,daily_unadjusted,data/cache/daily_unadjusted/003026_daily.pkl,,1.0,minute_5m,data/cache/minute_5m/003026_5min.pkl,sina_5m,48.0,09:35:00,15:00:00,0.0,0.0,,1.0,0.0,0.0,0.0,0.0,NONE,NO_HISTORICAL_0925_AUCTION_VOLUME_AMOUNT
CANDIDATE,,,,,,,,,,,,,603002_2026-06-11,603002,2026-06-11,2026-06-11,2026-06-12,2026-06,BOARD2,PRIMARY_MAY_JULY_D2,1.0,1.0,17.96,1001368.0,,tencent_daily,daily_unadjusted,data/cache/daily_unadjusted/603002_daily.pkl,,1.0,baostock_5m,data/cache/baostock_5m/603002_5min.pkl,baostock_5m,48.0,09:35:00,15:00:00,0.0,0.0,,1.0,0.0,0.0,0.0,0.0,NONE,NO_HISTORICAL_0925_AUCTION_VOLUME_AMOUNT
CANDIDATE,,,,,,,,,,,,,603065_2026-06-11,603065,2026-06-11,2026-06-11,2026-06-12,2026-06,BOARD2,PRIMARY_MAY_JULY_D2,1.0,1.0,13.6,98637.0,,tencent_daily,daily_unadjusted,data/cache/daily_unadjusted/603065_daily.pkl,,1.0,baostock_5m,data/cache/baostock_5m/603065_5min.pkl,baostock_5m,48.0,09:35:00,15:00:00,0.0,0.0,,1.0,0.0,0.0,0.0,0.0,NONE,NO_HISTORICAL_0925_AUCTION_VOLUME_AMOUNT
CANDIDATE,,,,,,,,,,,,,605006_2026-06-11,605006,2026-06-11,2026-06-11,2026-06-12,2026-06,BOARD2,PRIMARY_MAY_JULY_D2,1.0,1.0,21.6,886663.0,,tencent_daily,daily_unadjusted,data/cache/daily_unadjusted/605006_daily.pkl,,1.0,baostock_5m,data/cache/baostock_5m/605006_5min.pkl,baostock_5m,48.0,09:35:00,15:00:00,0.0,0.0,,1.0,0.0,0.0,0.0,0.0,NONE,NO_HISTORICAL_0925_AUCTION_VOLUME_AMOUNT
CANDIDATE,,,,,,,,,,,,,605318_2026-06-11,605318,2026-06-11,2026-06-11,2026-06-12,2026-06,BOARD2,PRIMARY_MAY_JULY_D2,1.0,1.0,130.05,82739.0,,tencent_daily,daily_unadjusted,data/cache/daily_unadjusted/605318_daily.pkl,,1.0,minute_5m,data/cache/minute_5m/605318_5min.pkl,sina_5m,48.0,09:35:00,15:00:00,0.0,0.0,,1.0,0.0,0.0,0.0,0.0,NONE,NO_HISTORICAL_0925_AUCTION_VOLUME_AMOUNT
CANDIDATE,,,,,,,,,,,,,605589_2026-06-11,605589,2026-06-11,2026-06-11,2026-06-12,2026-06,BOARD2,PRIMARY_MAY_JULY_D2,1.0,1.0,59.0,1077546.0,,tencent_daily,daily_unadjusted,data/cache/daily_unadjusted/605589_daily.pkl,,1.0,minute_5m,data/cache/minute_5m/605589_5min.pkl,sina_5m,48.0,09:35:00,15:00:00,0.0,0.0,,1.0,0.0,0.0,0.0,0.0,NONE,NO_HISTORICAL_0925_AUCTION_VOLUME_AMOUNT
CANDIDATE,,,,,,,,,,,,,000048_2026-06-12,000048,2026-06-12,2026-06-12,2026-06-15,2026-06,BOARD3,PRIMARY_MAY_JULY_D2,1.0,1.0,19.53,48985598.0,,sina_daily,daily_unadjusted,data/cache/daily_unadjusted/000048_daily.pkl,,1.0,baostock_5m,data/cache/baostock_5m/000048_5min.pkl,baostock_5m,48.0,09:35:00,15:00:00,0.0,0.0,,1.0,0.0,0.0,0.0,0.0,NONE,NO_HISTORICAL_0925_AUCTION_VOLUME_AMOUNT
CANDIDATE,,,,,,,,,,,,,002119_2026-06-12,002119,2026-06-12,2026-06-12,2026-06-15,2026-06,BOARD2,PRIMARY_MAY_JULY_D2,1.0,1.0,32.01,88359756.0,,sina_daily,daily_unadjusted,data/cache/daily_unadjusted/002119_daily.pkl,,1.0,minute_5m,data/cache/minute_5m/002119_5min.pkl,sina_5m,48.0,09:35:00,15:00:00,0.0,0.0,,1.0,0.0,0.0,0.0,0.0,NONE,NO_HISTORICAL_0925_AUCTION_VOLUME_AMOUNT
CANDIDATE,,,,,,,,,,,,,002165_2026-06-12,002165,2026-06-12,2026-06-12,2026-06-15,2026-06,BOARD2,PRIMARY_MAY_JULY_D2,1.0,1.0,7.51,131883567.0,,sina_daily,daily_unadjusted,data/cache/daily_unadjusted/002165_daily.pkl,,1.0,baostock_5m,data/cache/baostock_5m/002165_5min.pkl,baostock_5m,48.0,09:35:00,15:00:00,0.0,0.0,,1.0,0.0,0.0,0.0,0.0,NONE,NO_HISTORICAL_0925_AUCTION_VOLUME_AMOUNT
CANDIDATE,,,,,,,,,,,,,002409_2026-06-12,002409,2026-06-12,2026-06-12,2026-06-15,2026-06,BOARD2,PRIMARY_MAY_JULY_D2,1.0,1.0,133.32,40658898.0,,sina_daily,daily_unadjusted,data/cache/daily_unadjusted/002409_daily.pkl,,1.0,minute_5m,data/cache/minute_5m/002409_5min.pkl,sina_5m,48.0,09:35:00,15:00:00,0.0,0.0,,1.0,0.0,0.0,0.0,0.0,NONE,NO_HISTORICAL_0925_AUCTION_VOLUME_AMOUNT
CANDIDATE,,,,,,,,,,,,,600178_2026-06-12,600178,2026-06-12,2026-06-12,2026-06-15,2026-06,BOARD2,PRIMARY_MAY_JULY_D2,1.0,1.0,10.03,21076301.0,,sina_daily,daily_unadjusted,data/cache/daily_unadjusted/600178_daily.pkl,,1.0,minute_5m,data/cache/minute_5m/600178_5min.pkl,sina_5m,48.0,09:35:00,15:00:00,0.0,0.0,,1.0,0.0,0.0,0.0,0.0,NONE,NO_HISTORICAL_0925_AUCTION_VOLUME_AMOUNT
CANDIDATE,,,,,,,,,,,,,600378_2026-06-12,600378,2026-06-12,2026-06-12,2026-06-15,2026-06,BOARD2,PRIMARY_MAY_JULY_D2,1.0,1.0,57.1,1078692.0,,tencent_daily,daily_unadjusted,data/cache/daily_unadjusted/600378_daily.pkl,,1.0,baostock_5m,data/cache/baostock_5m/600378_5min.pkl,baostock_5m,48.0,09:35:00,15:00:00,0.0,0.0,,1.0,0.0,0.0,0.0,0.0,NONE,NO_HISTORICAL_0925_AUCTION_VOLUME_AMOUNT
CANDIDATE,,,,,,,,,,,,,600665_2026-06-12,600665,2026-06-12,2026-06-12,2026-06-15,2026-06,BOARD2,PRIMARY_MAY_JULY_D2,1.0,1.0,3.85,580363.0,,tencent_daily,daily_unadjusted,data/cache/daily_unadjusted/600665_daily.pkl,,1.0,minute_5m,data/cache/minute_5m/600665_5min.pkl,sina_5m,48.0,09:35:00,15:00:00,0.0,0.0,,1.0,0.0,0.0,0.0,0.0,NONE,NO_HISTORICAL_0925_AUCTION_VOLUME_AMOUNT
CANDIDATE,,,,,,,,,,,,,603155_2026-06-12,603155,2026-06-12,2026-06-12,2026-06-15,2026-06,BOARD2,PRIMARY_MAY_JULY_D2,1.0,1.0,21.6,249359.0,,tencent_daily,daily_unadjusted,data/cache/daily_unadjusted/603155_daily.pkl,,1.0,minute_5m,data/cache/minute_5m/603155_5min.pkl,sina_5m,48.0,09:35:00,15:00:00,0.0,0.0,,1.0,0.0,0.0,0.0,0.0,NONE,NO_HISTORICAL_0925_AUCTION_VOLUME_AMOUNT
CANDIDATE,,,,,,,,,,,,,002203_2026-06-15,002203,2026-06-15,2026-06-15,2026-06-16,2026-06,BOARD2,PRIMARY_MAY_JULY_D2,1.0,1.0,24.0,108707279.0,,sina_daily,daily_unadjusted,data/cache/daily_unadjusted/002203_daily.pkl,,1.0,minute_5m,data/cache/minute_5m/002203_5min.pkl,sina_5m,48.0,09:35:00,15:00:00,0.0,0.0,,1.0,0.0,0.0,0.0,0.0,NONE,NO_HISTORICAL_0925_AUCTION_VOLUME_AMOUNT
CANDIDATE,,,,,,,,,,,,,600067_2026-06-15,600067,2026-06-15,2026-06-15,2026-06-16,2026-06,BOARD2,PRIMARY_MAY_JULY_D2,1.0,1.0,3.5,113598863.0,,sina_daily,daily_unadjusted,data/cache/daily_unadjusted/600067_daily.pkl,,1.0,minute_5m,data/cache/minute_5m/600067_5min.pkl,sina_5m,48.0,09:35:00,15:00:00,0.0,0.0,,1.0,0.0,0.0,0.0,0.0,NONE,NO_HISTORICAL_0925_AUCTION_VOLUME_AMOUNT
CANDIDATE,,,,,,,,,,,,,603014_2026-06-15,603014,2026-06-15,2026-06-15,2026-06-16,2026-06,BOARD2,PRIMARY_MAY_JULY_D2,1.0,1.0,34.51,50505.0,,tencent_daily,daily_unadjusted,data/cache/daily_unadjusted/603014_daily.pkl,,1.0,minute_5m,data/cache/minute_5m/603014_5min.pkl,sina_5m,48.0,09:35:00,15:00:00,0.0,0.0,,1.0,0.0,0.0,0.0,0.0,NONE,NO_HISTORICAL_0925_AUCTION_VOLUME_AMOUNT
CANDIDATE,,,,,,,,,,,,,000506_2026-06-16,000506,2026-06-16,2026-06-16,2026-06-17,2026-06,BOARD2,PRIMARY_MAY_JULY_D2,1.0,1.0,15.27,65735346.0,,sina_daily,daily_unadjusted,data/cache/daily_unadjusted/000506_daily.pkl,,1.0,minute_5m,data/cache/minute_5m/000506_5min.pkl,sina_5m,2.0,14:55:00,15:00:00,0.0,0.0,,1.0,0.0,0.0,0.0,0.0,NONE,NO_HISTORICAL_0925_AUCTION_VOLUME_AMOUNT
CANDIDATE,,,,,,,,,,,,,000510_2026-06-16,000510,2026-06-16,2026-06-16,2026-06-17,2026-06,BOARD3,PRIMARY_MAY_JULY_D2,1.0,1.0,22.71,85710212.0,,sina_daily,daily_unadjusted,data/cache/daily_unadjusted/000510_daily.pkl,,1.0,minute_5m,data/cache/minute_5m/000510_5min.pkl,sina_5m,48.0,09:35:00,15:00:00,0.0,0.0,,1.0,0.0,0.0,0.0,0.0,NONE,NO_HISTORICAL_0925_AUCTION_VOLUME_AMOUNT
CANDIDATE,,,,,,,,,,,,,001359_2026-06-16,001359,2026-06-16,2026-06-16,2026-06-17,2026-06,BOARD2,PRIMARY_MAY_JULY_D2,1.0,1.0,119.33,5373946.0,,sina_daily,daily_unadjusted,data/cache/daily_unadjusted/001359_daily.pkl,,1.0,minute_5m,data/cache/minute_5m/001359_5min.pkl,sina_5m,48.0,09:35:00,15:00:00,0.0,0.0,,1.0,0.0,0.0,0.0,0.0,NONE,NO_HISTORICAL_0925_AUCTION_VOLUME_AMOUNT
CANDIDATE,,,,,,,,,,,,,601696_2026-06-16,601696,2026-06-16,2026-06-16,2026-06-17,2026-06,BOARD2,PRIMARY_MAY_JULY_D2,1.0,1.0,13.35,1319666.0,,tencent_daily,daily_unadjusted,data/cache/daily_unadjusted/601696_daily.pkl,,1.0,minute_5m,data/cache/minute_5m/601696_5min.pkl,sina_5m,48.0,09:35:00,15:00:00,0.0,0.0,,1.0,0.0,0.0,0.0,0.0,NONE,NO_HISTORICAL_0925_AUCTION_VOLUME_AMOUNT
CANDIDATE,,,,,,,,,,,,,601958_2026-06-16,601958,2026-06-16,2026-06-16,2026-06-17,2026-06,BOARD3,PRIMARY_MAY_JULY_D2,1.0,1.0,28.0,1916008.0,,tencent_daily,daily_unadjusted,data/cache/daily_unadjusted/601958_daily.pkl,,1.0,minute_5m,data/cache/minute_5m/601958_5min.pkl,sina_5m,48.0,09:35:00,15:00:00,0.0,0.0,,1.0,0.0,0.0,0.0,0.0,NONE,NO_HISTORICAL_0925_AUCTION_VOLUME_AMOUNT
CANDIDATE,,,,,,,,,,,,,603335_2026-06-16,603335,2026-06-16,2026-06-16,2026-06-17,2026-06,BOARD2,PRIMARY_MAY_JULY_D2,1.0,1.0,8.22,902349.0,,tencent_daily,daily_unadjusted,data/cache/daily_unadjusted/603335_daily.pkl,,1.0,minute_5m,data/cache/minute_5m/603335_5min.pkl,sina_5m,48.0,09:35:00,15:00:00,0.0,0.0,,1.0,0.0,0.0,0.0,0.0,NONE,NO_HISTORICAL_0925_AUCTION_VOLUME_AMOUNT
CANDIDATE,,,,,,,,,,,,,603738_2026-06-16,603738,2026-06-16,2026-06-16,2026-06-17,2026-06,BOARD2,PRIMARY_MAY_JULY_D2,1.0,1.0,54.77,636772.0,,tencent_daily,daily_unadjusted,data/cache/daily_unadjusted/603738_daily.pkl,,1.0,minute_5m,data/cache/minute_5m/603738_5min.pkl,sina_5m,48.0,09:35:00,15:00:00,0.0,0.0,,1.0,0.0,0.0,0.0,0.0,NONE,NO_HISTORICAL_0925_AUCTION_VOLUME_AMOUNT
CANDIDATE,,,,,,,,,,,,,002051_2026-06-17,002051,2026-06-17,2026-06-17,2026-06-18,2026-06,BOARD2,PRIMARY_MAY_JULY_D2,1.0,1.0,12.44,98148512.0,,sina_daily,daily_unadjusted,data/cache/daily_unadjusted/002051_daily.pkl,,1.0,minute_5m,data/cache/minute_5m/002051_5min.pkl,sina_5m,48.0,09:35:00,15:00:00,0.0,0.0,,1.0,0.0,0.0,0.0,0.0,NONE,NO_HISTORICAL_0925_AUCTION_VOLUME_AMOUNT
CANDIDATE,,,,,,,,,,,,,002515_2026-06-17,002515,2026-06-17,2026-06-17,2026-06-18,2026-06,BOARD2,PRIMARY_MAY_JULY_D2,1.0,1.0,9.01,124349490.0,,sina_daily,daily_unadjusted,data/cache/daily_unadjusted/002515_daily.pkl,,1.0,baostock_5m,data/cache/baostock_5m/002515_5min.pkl,baostock_5m,48.0,09:35:00,15:00:00,0.0,0.0,,1.0,0.0,0.0,0.0,0.0,NONE,NO_HISTORICAL_0925_AUCTION_VOLUME_AMOUNT
CANDIDATE,,,,,,,,,,,,,002552_2026-06-17,002552,2026-06-17,2026-06-17,2026-06-18,2026-06,BOARD2,PRIMARY_MAY_JULY_D2,1.0,1.0,69.5,17453401.0,,sina_daily,daily_unadjusted,data/cache/daily_unadjusted/002552_daily.pkl,,1.0,baostock_5m,data/cache/baostock_5m/002552_5min.pkl,baostock_5m,48.0,09:35:00,15:00:00,0.0,0.0,,1.0,0.0,0.0,0.0,0.0,NONE,NO_HISTORICAL_0925_AUCTION_VOLUME_AMOUNT
CANDIDATE,,,,,,,,,,,,,002585_2026-06-17,002585,2026-06-17,2026-06-17,2026-06-18,2026-06,BOARD2,PRIMARY_MAY_JULY_D2,1.0,1.0,14.79,189769732.0,,sina_daily,daily_unadjusted,data/cache/daily_unadjusted/002585_daily.pkl,,1.0,minute_5m,data/cache/minute_5m/002585_5min.pkl,sina_5m,48.0,09:35:00,15:00:00,0.0,0.0,,1.0,0.0,0.0,0.0,0.0,NONE,NO_HISTORICAL_0925_AUCTION_VOLUME_AMOUNT
CANDIDATE,,,,,,,,,,,,,002806_2026-06-17,002806,2026-06-17,2026-06-17,2026-06-18,2026-06,BOARD2,PRIMARY_MAY_JULY_D2,1.0,1.0,20.95,30734657.0,,sina_daily,daily_unadjusted,data/cache/daily_unadjusted/002806_daily.pkl,,1.0,minute_5m,data/cache/minute_5m/002806_5min.pkl,sina_5m,48.0,09:35:00,15:00:00,0.0,0.0,,1.0,0.0,0.0,0.0,0.0,NONE,NO_HISTORICAL_0925_AUCTION_VOLUME_AMOUNT
CANDIDATE,,,,,,,,,,,,,002824_2026-06-17,002824,2026-06-17,2026-06-17,2026-06-18,2026-06,BOARD2,PRIMARY_MAY_JULY_D2,1.0,1.0,35.6,31359899.0,,sina_daily,daily_unadjusted,data/cache/daily_unadjusted/002824_daily.pkl,,1.0,baostock_5m,data/cache/baostock_5m/002824_5min.pkl,baostock_5m,48.0,09:35:00,15:00:00,0.0,0.0,,1.0,0.0,0.0,0.0,0.0,NONE,NO_HISTORICAL_0925_AUCTION_VOLUME_AMOUNT
CANDIDATE,,,,,,,,,,,,,002851_2026-06-17,002851,2026-06-17,2026-06-17,2026-06-18,2026-06,BOARD2,PRIMARY_MAY_JULY_D2,1.0,1.0,176.75,32183715.0,,sina_daily,daily_unadjusted,data/cache/daily_unadjusted/002851_daily.pkl,,1.0,minute_5m,data/cache/minute_5m/002851_5min.pkl,sina_5m,48.0,09:35:00,15:00:00,0.0,0.0,,1.0,0.0,0.0,0.0,0.0,NONE,NO_HISTORICAL_0925_AUCTION_VOLUME_AMOUNT
CANDIDATE,,,,,,,,,,,,,002990_2026-06-17,002990,2026-06-17,2026-06-17,2026-06-18,2026-06,BOARD2,PRIMARY_MAY_JULY_D2,1.0,1.0,55.02,17596600.0,,sina_daily,daily_unadjusted,data/cache/daily_unadjusted/002990_daily.pkl,,1.0,minute_5m,data/cache/minute_5m/002990_5min.pkl,sina_5m,48.0,09:35:00,15:00:00,0.0,0.0,,1.0,0.0,0.0,0.0,0.0,NONE,NO_HISTORICAL_0925_AUCTION_VOLUME_AMOUNT
CANDIDATE,,,,,,,,,,,,,600545_2026-06-17,600545,2026-06-17,2026-06-17,2026-06-18,2026-06,BOARD2,PRIMARY_MAY_JULY_D2,1.0,1.0,6.65,1727931.0,,tencent_daily,daily_unadjusted,data/cache/daily_unadjusted/600545_daily.pkl,,1.0,baostock_5m,data/cache/baostock_5m/600545_5min.pkl,baostock_5m,48.0,09:35:00,15:00:00,0.0,0.0,,1.0,0.0,0.0,0.0,0.0,NONE,NO_HISTORICAL_0925_AUCTION_VOLUME_AMOUNT
CANDIDATE,,,,,,,,,,,,,600549_2026-06-17,600549,2026-06-17,2026-06-17,2026-06-18,2026-06,BOARD2,PRIMARY_MAY_JULY_D2,1.0,1.0,78.12,1555385.0,,tencent_daily,daily_unadjusted,data/cache/daily_unadjusted/600549_daily.pkl,,1.0,minute_5m,data/cache/minute_5m/600549_5min.pkl,sina_5m,48.0,09:35:00,15:00:00,0.0,0.0,,1.0,0.0,0.0,0.0,0.0,NONE,NO_HISTORICAL_0925_AUCTION_VOLUME_AMOUNT
CANDIDATE,,,,,,,,,,,,,600703_2026-06-17,600703,2026-06-17,2026-06-17,2026-06-18,2026-06,BOARD2,PRIMARY_MAY_JULY_D2,1.0,1.0,17.71,3017996.0,,tencent_daily,daily_unadjusted,data/cache/daily_unadjusted/600703_daily.pkl,,1.0,baostock_5m,data/cache/baostock_5m/600703_5min.pkl,baostock_5m,48.0,09:35:00,15:00:00,0.0,0.0,,1.0,0.0,0.0,0.0,0.0,NONE,NO_HISTORICAL_0925_AUCTION_VOLUME_AMOUNT
CANDIDATE,,,,,,,,,,,,,601179_2026-06-17,601179,2026-06-17,2026-06-17,2026-06-18,2026-06,BOARD2,PRIMARY_MAY_JULY_D2,1.0,1.0,15.68,2379121.0,,tencent_daily,daily_unadjusted,data/cache/daily_unadjusted/601179_daily.pkl,,1.0,minute_5m,data/cache/minute_5m/601179_5min.pkl,sina_5m,48.0,09:35:00,15:00:00,0.0,0.0,,1.0,0.0,0.0,0.0,0.0,NONE,NO_HISTORICAL_0925_AUCTION_VOLUME_AMOUNT
CANDIDATE,,,,,,,,,,,,,603045_2026-06-17,603045,2026-06-17,2026-06-17,2026-06-18,2026-06,BOARD2,PRIMARY_MAY_JULY_D2,1.0,1.0,84.49,126326.0,,tencent_daily,daily_unadjusted,data/cache/daily_unadjusted/603045_daily.pkl,,1.0,baostock_5m,data/cache/baostock_5m/603045_5min.pkl,baostock_5m,48.0,09:35:00,15:00:00,0.0,0.0,,1.0,0.0,0.0,0.0,0.0,NONE,NO_HISTORICAL_0925_AUCTION_VOLUME_AMOUNT
CANDIDATE,,,,,,,,,,,,,603256_2026-06-17,603256,2026-06-17,2026-06-17,2026-06-18,2026-06,BOARD2,PRIMARY_MAY_JULY_D2,1.0,1.0,244.7,187693.0,,tencent_daily,daily_unadjusted,data/cache/daily_unadjusted/603256_daily.pkl,,1.0,minute_5m,data/cache/minute_5m/603256_5min.pkl,sina_5m,48.0,09:35:00,15:00:00,0.0,0.0,,1.0,0.0,0.0,0.0,0.0,NONE,NO_HISTORICAL_0925_AUCTION_VOLUME_AMOUNT
CANDIDATE,,,,,,,,,,,,,603516_2026-06-17,603516,2026-06-17,2026-06-17,2026-06-18,2026-06,BOARD2,PRIMARY_MAY_JULY_D2,1.0,1.0,135.65,99446.0,,tencent_daily,daily_unadjusted,data/cache/daily_unadjusted/603516_daily.pkl,,1.0,minute_5m,data/cache/minute_5m/603516_5min.pkl,sina_5m,48.0,09:35:00,15:00:00,0.0,0.0,,1.0,0.0,0.0,0.0,0.0,NONE,NO_HISTORICAL_0925_AUCTION_VOLUME_AMOUNT
CANDIDATE,,,,,,,,,,,,,605198_2026-06-17,605198,2026-06-17,2026-06-17,2026-06-18,2026-06,BOARD3,PRIMARY_MAY_JULY_D2,1.0,1.0,84.6,155804.0,,tencent_daily,daily_unadjusted,data/cache/daily_unadjusted/605198_daily.pkl,,1.0,baostock_5m,data/cache/baostock_5m/605198_5min.pkl,baostock_5m,48.0,09:35:00,15:00:00,0.0,0.0,,1.0,0.0,0.0,0.0,0.0,NONE,NO_HISTORICAL_0925_AUCTION_VOLUME_AMOUNT
CANDIDATE,,,,,,,,,,,,,605289_2026-06-17,605289,2026-06-17,2026-06-17,2026-06-18,2026-06,BOARD2,PRIMARY_MAY_JULY_D2,1.0,1.0,133.5,46232.0,,tencent_daily,daily_unadjusted,data/cache/daily_unadjusted/605289_daily.pkl,,1.0,minute_5m,data/cache/minute_5m/605289_5min.pkl,sina_5m,48.0,09:35:00,15:00:00,0.0,0.0,,1.0,0.0,0.0,0.0,0.0,NONE,NO_HISTORICAL_0925_AUCTION_VOLUME_AMOUNT
CANDIDATE,,,,,,,,,,,,,000679_2026-06-18,000679,2026-06-18,2026-06-18,2026-06-22,2026-06,BOARD2,PRIMARY_MAY_JULY_D2,1.0,1.0,7.58,32868207.0,,sina_daily,daily_unadjusted,data/cache/daily_unadjusted/000679_daily.pkl,,1.0,minute_5m,data/cache/minute_5m/000679_5min.pkl,sina_5m,48.0,09:35:00,15:00:00,0.0,0.0,,1.0,0.0,0.0,0.0,0.0,NONE,NO_HISTORICAL_0925_AUCTION_VOLUME_AMOUNT
CANDIDATE,,,,,,,,,,,,,000777_2026-06-18,000777,2026-06-18,2026-06-18,2026-06-22,2026-06,BOARD3,PRIMARY_MAY_JULY_D2,1.0,1.0,18.82,43541315.0,,sina_daily,daily_unadjusted,data/cache/daily_unadjusted/000777_daily.pkl,,1.0,minute_5m,data/cache/minute_5m/000777_5min.pkl,sina_5m,48.0,09:35:00,15:00:00,0.0,0.0,,1.0,0.0,0.0,0.0,0.0,NONE,NO_HISTORICAL_0925_AUCTION_VOLUME_AMOUNT
CANDIDATE,,,,,,,,,,,,,002080_2026-06-18,002080,2026-06-18,2026-06-18,2026-06-22,2026-06,BOARD3,PRIMARY_MAY_JULY_D2,1.0,1.0,81.95,74231022.0,,sina_daily,daily_unadjusted,data/cache/daily_unadjusted/002080_daily.pkl,,1.0,minute_5m,data/cache/minute_5m/002080_5min.pkl,sina_5m,48.0,09:35:00,15:00:00,0.0,0.0,,1.0,0.0,0.0,0.0,0.0,NONE,NO_HISTORICAL_0925_AUCTION_VOLUME_AMOUNT
CANDIDATE,,,,,,,,,,,,,002484_2026-06-18,002484,2026-06-18,2026-06-18,2026-06-22,2026-06,BOARD2,PRIMARY_MAY_JULY_D2,1.0,1.0,108.44,65425070.0,,sina_daily,daily_unadjusted,data/cache/daily_unadjusted/002484_daily.pkl,,1.0,minute_5m,data/cache/minute_5m/002484_5min.pkl,sina_5m,48.0,09:35:00,15:00:00,0.0,0.0,,1.0,0.0,0.0,0.0,0.0,NONE,NO_HISTORICAL_0925_AUCTION_VOLUME_AMOUNT
CANDIDATE,,,,,,,,,,,,,002741_2026-06-18,002741,2026-06-18,2026-06-18,2026-06-22,2026-06,BOARD3,PRIMARY_MAY_JULY_D2,1.0,1.0,41.15,87419849.0,,sina_daily,daily_unadjusted,data/cache/daily_unadjusted/002741_daily.pkl,,1.0,minute_5m,data/cache/minute_5m/002741_5min.pkl,sina_5m,48.0,09:35:00,15:00:00,0.0,0.0,,1.0,0.0,0.0,0.0,0.0,NONE,NO_HISTORICAL_0925_AUCTION_VOLUME_AMOUNT
CANDIDATE,,,,,,,,,,,,,600110_2026-06-18,600110,2026-06-18,2026-06-18,2026-06-22,2026-06,BOARD3,PRIMARY_MAY_JULY_D2,1.0,1.0,17.32,351885367.0,,sina_daily,daily_unadjusted,data/cache/daily_unadjusted/600110_daily.pkl,,1.0,baostock_5m,data/cache/baostock_5m/600110_5min.pkl,baostock_5m,48.0,09:35:00,15:00:00,0.0,0.0,,1.0,0.0,0.0,0.0,0.0,NONE,NO_HISTORICAL_0925_AUCTION_VOLUME_AMOUNT
CANDIDATE,,,,,,,,,,,,,600186_2026-06-18,600186,2026-06-18,2026-06-18,2026-06-22,2026-06,BOARD2,PRIMARY_MAY_JULY_D2,1.0,1.0,14.55,293168183.0,,sina_daily,daily_unadjusted,data/cache/daily_unadjusted/600186_daily.pkl,,1.0,minute_5m,data/cache/minute_5m/600186_5min.pkl,sina_5m,2.0,14:55:00,15:00:00,0.0,0.0,,1.0,0.0,0.0,0.0,0.0,NONE,NO_HISTORICAL_0925_AUCTION_VOLUME_AMOUNT
CANDIDATE,,,,,,,,,,,,,600192_2026-06-18,600192,2026-06-18,2026-06-18,2026-06-22,2026-06,BOARD2,PRIMARY_MAY_JULY_D2,1.0,1.0,7.89,23619926.0,,sina_daily,daily_unadjusted,data/cache/daily_unadjusted/600192_daily.pkl,,1.0,minute_5m,data/cache/minute_5m/600192_5min.pkl,sina_5m,48.0,09:35:00,15:00:00,0.0,0.0,,1.0,0.0,0.0,0.0,0.0,NONE,NO_HISTORICAL_0925_AUCTION_VOLUME_AMOUNT
CANDIDATE,,,,,,,,,,,,,600615_2026-06-18,600615,2026-06-18,2026-06-18,2026-06-22,2026-06,BOARD2,PRIMARY_MAY_JULY_D2,1.0,1.0,10.52,66201.0,,tencent_daily,daily_unadjusted,data/cache/daily_unadjusted/600615_daily.pkl,,1.0,minute_5m,data/cache/minute_5m/600615_5min.pkl,sina_5m,48.0,09:35:00,15:00:00,0.0,0.0,,1.0,0.0,0.0,0.0,0.0,NONE,NO_HISTORICAL_0925_AUCTION_VOLUME_AMOUNT
CANDIDATE,,,,,,,,,,,,,600707_2026-06-18,600707,2026-06-18,2026-06-18,2026-06-22,2026-06,BOARD2,PRIMARY_MAY_JULY_D2,1.0,1.0,12.29,2687536.0,,tencent_daily,daily_unadjusted,data/cache/daily_unadjusted/600707_daily.pkl,,1.0,baostock_5m,data/cache/baostock_5m/600707_5min.pkl,baostock_5m,48.0,09:35:00,15:00:00,0.0,0.0,,1.0,0.0,0.0,0.0,0.0,NONE,NO_HISTORICAL_0925_AUCTION_VOLUME_AMOUNT
CANDIDATE,,,,,,,,,,,,,601636_2026-06-18,601636,2026-06-18,2026-06-18,2026-06-22,2026-06,BOARD3,PRIMARY_MAY_JULY_D2,1.0,1.0,8.28,3139229.0,,tencent_daily,daily_unadjusted,data/cache/daily_unadjusted/601636_daily.pkl,,1.0,minute_5m,data/cache/minute_5m/601636_5min.pkl,sina_5m,48.0,09:35:00,15:00:00,0.0,0.0,,1.0,0.0,0.0,0.0,0.0,NONE,NO_HISTORICAL_0925_AUCTION_VOLUME_AMOUNT
CANDIDATE,,,,,,,,,,,,,603002_2026-06-18,603002,2026-06-18,2026-06-18,2026-06-22,2026-06,BOARD3,PRIMARY_MAY_JULY_D2,1.0,1.0,23.66,1504556.0,,tencent_daily,daily_unadjusted,data/cache/daily_unadjusted/603002_daily.pkl,,1.0,baostock_5m,data/cache/baostock_5m/603002_5min.pkl,baostock_5m,48.0,09:35:00,15:00:00,0.0,0.0,,1.0,0.0,0.0,0.0,0.0,NONE,NO_HISTORICAL_0925_AUCTION_VOLUME_AMOUNT
CANDIDATE,,,,,,,,,,,,,603115_2026-06-18,603115,2026-06-18,2026-06-18,2026-06-22,2026-06,BOARD3,PRIMARY_MAY_JULY_D2,1.0,1.0,114.88,111309.0,,tencent_daily,daily_unadjusted,data/cache/daily_unadjusted/603115_daily.pkl,,1.0,minute_5m,data/cache/minute_5m/603115_5min.pkl,sina_5m,2.0,14:55:00,15:00:00,0.0,0.0,,1.0,0.0,0.0,0.0,0.0,NONE,NO_HISTORICAL_0925_AUCTION_VOLUME_AMOUNT
CANDIDATE,,,,,,,,,,,,,603186_2026-06-18,603186,2026-06-18,2026-06-18,2026-06-22,2026-06,BOARD3,PRIMARY_MAY_JULY_D2,1.0,1.0,238.11,195105.0,,tencent_daily,daily_unadjusted,data/cache/daily_unadjusted/603186_daily.pkl,,1.0,baostock_5m,data/cache/baostock_5m/603186_5min.pkl,baostock_5m,48.0,09:35:00,15:00:00,0.0,0.0,,1.0,0.0,0.0,0.0,0.0,NONE,NO_HISTORICAL_0925_AUCTION_VOLUME_AMOUNT
CANDIDATE,,,,,,,,,,,,,603773_2026-06-18,603773,2026-06-18,2026-06-18,2026-06-22,2026-06,BOARD2,PRIMARY_MAY_JULY_D2,1.0,1.0,172.7,308238.0,,tencent_daily,daily_unadjusted,data/cache/daily_unadjusted/603773_daily.pkl,,1.0,baostock_5m,data/cache/baostock_5m/603773_5min.pkl,baostock_5m,48.0,09:35:00,15:00:00,0.0,0.0,,1.0,0.0,0.0,0.0,0.0,NONE,NO_HISTORICAL_0925_AUCTION_VOLUME_AMOUNT
CANDIDATE,,,,,,,,,,,,,001339_2026-06-22,001339,2026-06-22,2026-06-22,2026-06-23,2026-06,BOARD2,PRIMARY_MAY_JULY_D2,1.0,1.0,128.87,10190785.0,,sina_daily,daily_unadjusted,data/cache/daily_unadjusted/001339_daily.pkl,,1.0,minute_5m,data/cache/minute_5m/001339_5min.pkl,sina_5m,48.0,09:35:00,15:00:00,0.0,0.0,,1.0,0.0,0.0,0.0,0.0,NONE,NO_HISTORICAL_0925_AUCTION_VOLUME_AMOUNT
CANDIDATE,,,,,,,,,,,,,002141_2026-06-22,002141,2026-06-22,2026-06-22,2026-06-23,2026-06,BOARD3,PRIMARY_MAY_JULY_D2,1.0,1.0,4.69,210544278.0,,sina_daily,daily_unadjusted,data/cache/daily_unadjusted/002141_daily.pkl,,1.0,baostock_5m,data/cache/baostock_5m/002141_5min.pkl,baostock_5m,48.0,09:35:00,15:00:00,0.0,0.0,,1.0,0.0,0.0,0.0,0.0,NONE,NO_HISTORICAL_0925_AUCTION_VOLUME_AMOUNT
CANDIDATE,,,,,,,,,,,,,002491_2026-06-22,002491,2026-06-22,2026-06-22,2026-06-23,2026-06,BOARD2,PRIMARY_MAY_JULY_D2,1.0,1.0,34.59,172621898.0,,sina_daily,daily_unadjusted,data/cache/daily_unadjusted/002491_daily.pkl,,1.0,baostock_5m,data/cache/baostock_5m/002491_5min.pkl,baostock_5m,48.0,09:35:00,15:00:00,0.0,0.0,,1.0,0.0,0.0,0.0,0.0,NONE,NO_HISTORICAL_0925_AUCTION_VOLUME_AMOUNT
CANDIDATE,,,,,,,,,,,,,002579_2026-06-22,002579,2026-06-22,2026-06-22,2026-06-23,2026-06,BOARD2,PRIMARY_MAY_JULY_D2,1.0,1.0,20.61,119467350.0,,sina_daily,daily_unadjusted,data/cache/daily_unadjusted/002579_daily.pkl,,1.0,baostock_5m,data/cache/baostock_5m/002579_5min.pkl,baostock_5m,48.0,09:35:00,15:00:00,0.0,0.0,,1.0,0.0,0.0,0.0,0.0,NONE,NO_HISTORICAL_0925_AUCTION_VOLUME_AMOUNT
CANDIDATE,,,,,,,,,,,,,002989_2026-06-22,002989,2026-06-22,2026-06-22,2026-06-23,2026-06,BOARD3,PRIMARY_MAY_JULY_D2,1.0,1.0,37.35,12946117.0,,sina_daily,daily_unadjusted,data/cache/daily_unadjusted/002989_daily.pkl,,1.0,minute_5m,data/cache/minute_5m/002989_5min.pkl,sina_5m,48.0,09:35:00,15:00:00,0.0,0.0,,1.0,0.0,0.0,0.0,0.0,NONE,NO_HISTORICAL_0925_AUCTION_VOLUME_AMOUNT
CANDIDATE,,,,,,,,,,,,,603261_2026-06-22,603261,2026-06-22,2026-06-22,2026-06-23,2026-06,BOARD2,PRIMARY_MAY_JULY_D2,1.0,1.0,44.39,49423.0,,tencent_daily,daily_unadjusted,data/cache/daily_unadjusted/603261_daily.pkl,,1.0,baostock_5m,data/cache/baostock_5m/603261_5min.pkl,baostock_5m,48.0,09:35:00,15:00:00,0.0,0.0,,1.0,0.0,0.0,0.0,0.0,NONE,NO_HISTORICAL_0925_AUCTION_VOLUME_AMOUNT
CANDIDATE,,,,,,,,,,,,,603324_2026-06-22,603324,2026-06-22,2026-06-22,2026-06-23,2026-06,BOARD2,PRIMARY_MAY_JULY_D2,1.0,1.0,40.93,102119.0,,tencent_daily,daily_unadjusted,data/cache/daily_unadjusted/603324_daily.pkl,,1.0,minute_5m,data/cache/minute_5m/603324_5min.pkl,sina_5m,48.0,09:35:00,15:00:00,0.0,0.0,,1.0,0.0,0.0,0.0,0.0,NONE,NO_HISTORICAL_0925_AUCTION_VOLUME_AMOUNT
CANDIDATE,,,,,,,,,,,,,000657_2026-06-23,000657,2026-06-23,2026-06-23,2026-06-24,2026-06,BOARD2,PRIMARY_MAY_JULY_D2,1.0,1.0,99.86,119890241.0,,sina_daily,daily_unadjusted,data/cache/daily_unadjusted/000657_daily.pkl,,1.0,minute_5m,data/cache/minute_5m/000657_5min.pkl,sina_5m,48.0,09:35:00,15:00:00,0.0,0.0,,1.0,0.0,0.0,0.0,0.0,NONE,NO_HISTORICAL_0925_AUCTION_VOLUME_AMOUNT
CANDIDATE,,,,,,,,,,,,,000811_2026-06-23,000811,2026-06-23,2026-06-23,2026-06-24,2026-06,BOARD3,PRIMARY_MAY_JULY_D2,1.0,1.0,43.87,90763968.0,,sina_daily,daily_unadjusted,data/cache/daily_unadjusted/000811_daily.pkl,,1.0,baostock_5m,data/cache/baostock_5m/000811_5min.pkl,baostock_5m,48.0,09:35:00,15:00:00,0.0,0.0,,1.0,0.0,0.0,0.0,0.0,NONE,NO_HISTORICAL_0925_AUCTION_VOLUME_AMOUNT
CANDIDATE,,,,,,,,,,,,,001296_2026-06-23,001296,2026-06-23,2026-06-23,2026-06-24,2026-06,BOARD2,PRIMARY_MAY_JULY_D2,1.0,1.0,21.37,8200628.0,,sina_daily,daily_unadjusted,data/cache/daily_unadjusted/001296_daily.pkl,,1.0,minute_5m,data/cache/minute_5m/001296_5min.pkl,sina_5m,48.0,09:35:00,15:00:00,0.0,0.0,,1.0,0.0,0.0,0.0,0.0,NONE,NO_HISTORICAL_0925_AUCTION_VOLUME_AMOUNT
CANDIDATE,,,,,,,,,,,,,002297_2026-06-23,002297,2026-06-23,2026-06-23,2026-06-24,2026-06,BOARD2,PRIMARY_MAY_JULY_D2,1.0,1.0,31.7,140942656.0,,sina_daily,daily_unadjusted,data/cache/daily_unadjusted/002297_daily.pkl,,1.0,baostock_5m,data/cache/baostock_5m/002297_5min.pkl,baostock_5m,48.0,09:35:00,15:00:00,0.0,0.0,,1.0,0.0,0.0,0.0,0.0,NONE,NO_HISTORICAL_0925_AUCTION_VOLUME_AMOUNT
CANDIDATE,,,,,,,,,,,,,002354_2026-06-23,002354,2026-06-23,2026-06-23,2026-06-24,2026-06,BOARD2,PRIMARY_MAY_JULY_D2,1.0,1.0,8.21,176965464.0,,sina_daily,daily_unadjusted,data/cache/daily_unadjusted/002354_daily.pkl,,1.0,baostock_5m,data/cache/baostock_5m/002354_5min.pkl,baostock_5m,48.0,09:35:00,15:00:00,0.0,0.0,,1.0,0.0,0.0,0.0,0.0,NONE,NO_HISTORICAL_0925_AUCTION_VOLUME_AMOUNT
CANDIDATE,,,,,,,,,,,,,002655_2026-06-23,002655,2026-06-23,2026-06-23,2026-06-24,2026-06,BOARD2,PRIMARY_MAY_JULY_D2,1.0,1.0,47.16,43651889.0,,sina_daily,daily_unadjusted,data/cache/daily_unadjusted/002655_daily.pkl,,1.0,baostock_5m,data/cache/baostock_5m/002655_5min.pkl,baostock_5m,48.0,09:35:00,15:00:00,0.0,0.0,,1.0,0.0,0.0,0.0,0.0,NONE,NO_HISTORICAL_0925_AUCTION_VOLUME_AMOUNT
CANDIDATE,,,,,,,,,,,,,002805_2026-06-23,002805,2026-06-23,2026-06-23,2026-06-24,2026-06,BOARD2,PRIMARY_MAY_JULY_D2,1.0,1.0,29.1,39729228.0,,sina_daily,daily_unadjusted,data/cache/daily_unadjusted/002805_daily.pkl,,1.0,minute_5m,data/cache/minute_5m/002805_5min.pkl,sina_5m,48.0,09:35:00,15:00:00,0.0,0.0,,1.0,0.0,0.0,0.0,0.0,NONE,NO_HISTORICAL_0925_AUCTION_VOLUME_AMOUNT
CANDIDATE,,,,,,,,,,,,,002842_2026-06-23,002842,2026-06-23,2026-06-23,2026-06-24,2026-06,BOARD2,PRIMARY_MAY_JULY_D2,1.0,1.0,47.22,53877822.0,,sina_daily,daily_unadjusted,data/cache/daily_unadjusted/002842_daily.pkl,,1.0,minute_5m,data/cache/minute_5m/002842_5min.pkl,sina_5m,48.0,09:35:00,15:00:00,0.0,0.0,,1.0,0.0,0.0,0.0,0.0,NONE,NO_HISTORICAL_0925_AUCTION_VOLUME_AMOUNT
CANDIDATE,,,,,,,,,,,,,003031_2026-06-23,003031,2026-06-23,2026-06-23,2026-06-24,2026-06,BOARD2,PRIMARY_MAY_JULY_D2,1.0,1.0,186.0,17573510.0,,sina_daily,daily_unadjusted,data/cache/daily_unadjusted/003031_daily.pkl,,1.0,baostock_5m,data/cache/baostock_5m/003031_5min.pkl,baostock_5m,48.0,09:35:00,15:00:00,0.0,0.0,,1.0,0.0,0.0,0.0,0.0,NONE,NO_HISTORICAL_0925_AUCTION_VOLUME_AMOUNT
CANDIDATE,,,,,,,,,,,,,600162_2026-06-23,600162,2026-06-23,2026-06-23,2026-06-24,2026-06,BOARD2,PRIMARY_MAY_JULY_D2,1.0,1.0,3.83,223812499.0,,sina_daily,daily_unadjusted,data/cache/daily_unadjusted/600162_daily.pkl,,1.0,baostock_5m,data/cache/baostock_5m/600162_5min.pkl,baostock_5m,48.0,09:35:00,15:00:00,0.0,0.0,,1.0,0.0,0.0,0.0,0.0,NONE,NO_HISTORICAL_0925_AUCTION_VOLUME_AMOUNT
CANDIDATE,,,,,,,,,,,,,600769_2026-06-23,600769,2026-06-23,2026-06-23,2026-06-24,2026-06,BOARD2,PRIMARY_MAY_JULY_D2,1.0,1.0,21.92,521725.0,,tencent_daily,daily_unadjusted,data/cache/daily_unadjusted/600769_daily.pkl,,1.0,minute_5m,data/cache/minute_5m/600769_5min.pkl,sina_5m,48.0,09:35:00,15:00:00,0.0,0.0,,1.0,0.0,0.0,0.0,0.0,NONE,NO_HISTORICAL_0925_AUCTION_VOLUME_AMOUNT
CANDIDATE,,,,,,,,,,,,,603082_2026-06-23,603082,2026-06-23,2026-06-23,2026-06-24,2026-06,BOARD2,PRIMARY_MAY_JULY_D2,1.0,1.0,46.9,102144.0,,tencent_daily,daily_unadjusted,data/cache/daily_unadjusted/603082_daily.pkl,,1.0,baostock_5m,data/cache/baostock_5m/603082_5min.pkl,baostock_5m,48.0,09:35:00,15:00:00,0.0,0.0,,1.0,0.0,0.0,0.0,0.0,NONE,NO_HISTORICAL_0925_AUCTION_VOLUME_AMOUNT
CANDIDATE,,,,,,,,,,,,,603380_2026-06-23,603380,2026-06-23,2026-06-23,2026-06-24,2026-06,BOARD2,PRIMARY_MAY_JULY_D2,1.0,1.0,42.69,79071.0,,tencent_daily,daily_unadjusted,data/cache/daily_unadjusted/603380_daily.pkl,,1.0,minute_5m,data/cache/minute_5m/603380_5min.pkl,sina_5m,48.0,09:35:00,15:00:00,0.0,0.0,,1.0,0.0,0.0,0.0,0.0,NONE,NO_HISTORICAL_0925_AUCTION_VOLUME_AMOUNT
CANDIDATE,,,,,,,,,,,,,603663_2026-06-23,603663,2026-06-23,2026-06-23,2026-06-24,2026-06,BOARD2,PRIMARY_MAY_JULY_D2,1.0,1.0,102.0,304704.0,,tencent_daily,daily_unadjusted,data/cache/daily_unadjusted/603663_daily.pkl,,1.0,minute_5m,data/cache/minute_5m/603663_5min.pkl,sina_5m,48.0,09:35:00,15:00:00,0.0,0.0,,1.0,0.0,0.0,0.0,0.0,NONE,NO_HISTORICAL_0925_AUCTION_VOLUME_AMOUNT
CANDIDATE,,,,,,,,,,,,,000070_2026-06-24,000070,2026-06-24,2026-06-24,2026-06-25,2026-06,BOARD2,PRIMARY_MAY_JULY_D2,1.0,1.0,25.33,115407426.0,,sina_daily,daily_unadjusted,data/cache/daily_unadjusted/000070_daily.pkl,,1.0,baostock_5m,data/cache/baostock_5m/000070_5min.pkl,baostock_5m,48.0,09:35:00,15:00:00,0.0,0.0,,1.0,0.0,0.0,0.0,0.0,NONE,NO_HISTORICAL_0925_AUCTION_VOLUME_AMOUNT
CANDIDATE,,,,,,,,,,,,,000571_2026-06-24,000571,2026-06-24,2026-06-24,2026-06-25,2026-06,BOARD2,PRIMARY_MAY_JULY_D2,1.0,1.0,6.15,60501619.0,,sina_daily,daily_unadjusted,data/cache/daily_unadjusted/000571_daily.pkl,,1.0,minute_5m,data/cache/minute_5m/000571_5min.pkl,sina_5m,48.0,09:35:00,15:00:00,0.0,0.0,,1.0,0.0,0.0,0.0,0.0,NONE,NO_HISTORICAL_0925_AUCTION_VOLUME_AMOUNT
CANDIDATE,,,,,,,,,,,,,000783_2026-06-24,000783,2026-06-24,2026-06-24,2026-06-25,2026-06,BOARD2,PRIMARY_MAY_JULY_D2,1.0,1.0,9.33,536759918.0,,sina_daily,daily_unadjusted,data/cache/daily_unadjusted/000783_daily.pkl,,1.0,minute_5m,data/cache/minute_5m/000783_5min.pkl,sina_5m,48.0,09:35:00,15:00:00,0.0,0.0,,1.0,0.0,0.0,0.0,0.0,NONE,NO_HISTORICAL_0925_AUCTION_VOLUME_AMOUNT
CANDIDATE,,,,,,,,,,,,,002068_2026-06-24,002068,2026-06-24,2026-06-24,2026-06-25,2026-06,BOARD3,PRIMARY_MAY_JULY_D2,1.0,1.0,14.68,78096543.0,,sina_daily,daily_unadjusted,data/cache/daily_unadjusted/002068_daily.pkl,,1.0,minute_5m,data/cache/minute_5m/002068_5min.pkl,sina_5m,48.0,09:35:00,15:00:00,0.0,0.0,,1.0,0.0,0.0,0.0,0.0,NONE,NO_HISTORICAL_0925_AUCTION_VOLUME_AMOUNT
CANDIDATE,,,,,,,,,,,,,002672_2026-06-24,002672,2026-06-24,2026-06-24,2026-06-25,2026-06,BOARD2,PRIMARY_MAY_JULY_D2,1.0,1.0,3.71,44414472.0,,sina_daily,daily_unadjusted,data/cache/daily_unadjusted/002672_daily.pkl,,1.0,minute_5m,data/cache/minute_5m/002672_5min.pkl,sina_5m,48.0,09:35:00,15:00:00,0.0,0.0,,1.0,0.0,0.0,0.0,0.0,NONE,NO_HISTORICAL_0925_AUCTION_VOLUME_AMOUNT
CANDIDATE,,,,,,,,,,,,,002830_2026-06-24,002830,2026-06-24,2026-06-24,2026-06-25,2026-06,BOARD2,PRIMARY_MAY_JULY_D2,1.0,1.0,17.54,13187560.0,,sina_daily,daily_unadjusted,data/cache/daily_unadjusted/002830_daily.pkl,,1.0,baostock_5m,data/cache/baostock_5m/002830_5min.pkl,baostock_5m,48.0,09:35:00,15:00:00,0.0,0.0,,1.0,0.0,0.0,0.0,0.0,NONE,NO_HISTORICAL_0925_AUCTION_VOLUME_AMOUNT
CANDIDATE,,,,,,,,,,,,,600172_2026-06-24,600172,2026-06-24,2026-06-24,2026-06-25,2026-06,BOARD2,PRIMARY_MAY_JULY_D2,1.0,1.0,16.83,401468168.0,,sina_daily,daily_unadjusted,data/cache/daily_unadjusted/600172_daily.pkl,,1.0,baostock_5m,data/cache/baostock_5m/600172_5min.pkl,baostock_5m,48.0,09:35:00,15:00:00,0.0,0.0,,1.0,0.0,0.0,0.0,0.0,NONE,NO_HISTORICAL_0925_AUCTION_VOLUME_AMOUNT
CANDIDATE,,,,,,,,,,,,,600322_2026-06-24,600322,2026-06-24,2026-06-24,2026-06-25,2026-06,BOARD2,PRIMARY_MAY_JULY_D2,1.0,1.0,2.75,766026.0,,tencent_daily,daily_unadjusted,data/cache/daily_unadjusted/600322_daily.pkl,,1.0,minute_5m,data/cache/minute_5m/600322_5min.pkl,sina_5m,48.0,09:35:00,15:00:00,0.0,0.0,,1.0,0.0,0.0,0.0,0.0,NONE,NO_HISTORICAL_0925_AUCTION_VOLUME_AMOUNT
CANDIDATE,,,,,,,,,,,,,600400_2026-06-24,600400,2026-06-24,2026-06-24,2026-06-25,2026-06,BOARD2,PRIMARY_MAY_JULY_D2,1.0,1.0,3.09,1624696.0,,tencent_daily,daily_unadjusted,data/cache/daily_unadjusted/600400_daily.pkl,,1.0,minute_5m,data/cache/minute_5m/600400_5min.pkl,sina_5m,48.0,09:35:00,15:00:00,0.0,0.0,,1.0,0.0,0.0,0.0,0.0,NONE,NO_HISTORICAL_0925_AUCTION_VOLUME_AMOUNT
CANDIDATE,,,,,,,,,,,,,600470_2026-06-24,600470,2026-06-24,2026-06-24,2026-06-25,2026-06,BOARD2,PRIMARY_MAY_JULY_D2,1.0,1.0,6.32,801298.0,,tencent_daily,daily_unadjusted,data/cache/daily_unadjusted/600470_daily.pkl,,1.0,baostock_5m,data/cache/baostock_5m/600470_5min.pkl,baostock_5m,48.0,09:35:00,15:00:00,0.0,0.0,,1.0,0.0,0.0,0.0,0.0,NONE,NO_HISTORICAL_0925_AUCTION_VOLUME_AMOUNT
CANDIDATE,,,,,,,,,,,,,600851_2026-06-24,600851,2026-06-24,2026-06-24,2026-06-25,2026-06,BOARD3,PRIMARY_MAY_JULY_D2,1.0,1.0,10.05,794074.0,,tencent_daily,daily_unadjusted,data/cache/daily_unadjusted/600851_daily.pkl,,1.0,minute_5m,data/cache/minute_5m/600851_5min.pkl,sina_5m,48.0,09:35:00,15:00:00,0.0,0.0,,1.0,0.0,0.0,0.0,0.0,NONE,NO_HISTORICAL_0925_AUCTION_VOLUME_AMOUNT
CANDIDATE,,,,,,,,,,,,,601869_2026-06-24,601869,2026-06-24,2026-06-24,2026-06-25,2026-06,BOARD2,PRIMARY_MAY_JULY_D2,1.0,1.0,598.0,180120.0,,tencent_daily,daily_unadjusted,data/cache/daily_unadjusted/601869_daily.pkl,,1.0,baostock_5m,data/cache/baostock_5m/601869_5min.pkl,baostock_5m,48.0,09:35:00,15:00:00,0.0,0.0,,1.0,0.0,0.0,0.0,0.0,NONE,NO_HISTORICAL_0925_AUCTION_VOLUME_AMOUNT
CANDIDATE,,,,,,,,,,,,,603757_2026-06-24,603757,2026-06-24,2026-06-24,2026-06-25,2026-06,BOARD2,PRIMARY_MAY_JULY_D2,1.0,1.0,72.73,262545.0,,tencent_daily,daily_unadjusted,data/cache/daily_unadjusted/603757_daily.pkl,,1.0,baostock_5m,data/cache/baostock_5m/603757_5min.pkl,baostock_5m,48.0,09:35:00,15:00:00,0.0,0.0,,1.0,0.0,0.0,0.0,0.0,NONE,NO_HISTORICAL_0925_AUCTION_VOLUME_AMOUNT
CANDIDATE,,,,,,,,,,,,,605377_2026-06-24,605377,2026-06-24,2026-06-24,2026-06-25,2026-06,BOARD2,PRIMARY_MAY_JULY_D2,1.0,1.0,9.2,153988.0,,tencent_daily,daily_unadjusted,data/cache/daily_unadjusted/605377_daily.pkl,,1.0,minute_5m,data/cache/minute_5m/605377_5min.pkl,sina_5m,48.0,09:35:00,15:00:00,0.0,0.0,,1.0,0.0,0.0,0.0,0.0,NONE,NO_HISTORICAL_0925_AUCTION_VOLUME_AMOUNT
CANDIDATE,,,,,,,,,,,,,605580_2026-06-24,605580,2026-06-24,2026-06-24,2026-06-25,2026-06,BOARD2,PRIMARY_MAY_JULY_D2,1.0,1.0,29.8,258971.0,,tencent_daily,daily_unadjusted,data/cache/daily_unadjusted/605580_daily.pkl,,1.0,baostock_5m,data/cache/baostock_5m/605580_5min.pkl,baostock_5m,48.0,09:35:00,15:00:00,0.0,0.0,,1.0,0.0,0.0,0.0,0.0,NONE,NO_HISTORICAL_0925_AUCTION_VOLUME_AMOUNT
CANDIDATE,,,,,,,,,,,,,000566_2026-06-25,000566,2026-06-25,2026-06-25,2026-06-26,2026-06,BOARD2,PRIMARY_MAY_JULY_D2,1.0,1.0,4.55,96411987.0,,sina_daily,daily_unadjusted,data/cache/daily_unadjusted/000566_daily.pkl,,1.0,baostock_5m,data/cache/baostock_5m/000566_5min.pkl,baostock_5m,48.0,09:35:00,15:00:00,0.0,0.0,,1.0,0.0,0.0,0.0,0.0,NONE,NO_HISTORICAL_0925_AUCTION_VOLUME_AMOUNT
CANDIDATE,,,,,,,,,,,,,002580_2026-06-25,002580,2026-06-25,2026-06-25,2026-06-26,2026-06,BOARD2,PRIMARY_MAY_JULY_D2,1.0,1.0,24.94,90535478.0,,sina_daily,daily_unadjusted,data/cache/daily_unadjusted/002580_daily.pkl,,1.0,baostock_5m,data/cache/baostock_5m/002580_5min.pkl,baostock_5m,48.0,09:35:00,15:00:00,0.0,0.0,,1.0,0.0,0.0,0.0,0.0,NONE,NO_HISTORICAL_0925_AUCTION_VOLUME_AMOUNT
CANDIDATE,,,,,,,,,,,,,002584_2026-06-25,002584,2026-06-25,2026-06-25,2026-06-26,2026-06,BOARD2,PRIMARY_MAY_JULY_D2,1.0,1.0,9.92,142515196.0,,sina_daily,daily_unadjusted,data/cache/daily_unadjusted/002584_daily.pkl,,1.0,minute_5m,data/cache/minute_5m/002584_5min.pkl,sina_5m,48.0,09:35:00,15:00:00,0.0,0.0,,1.0,0.0,0.0,0.0,0.0,NONE,NO_HISTORICAL_0925_AUCTION_VOLUME_AMOUNT
CANDIDATE,,,,,,,,,,,,,002631_2026-06-25,002631,2026-06-25,2026-06-25,2026-06-26,2026-06,BOARD2,PRIMARY_MAY_JULY_D2,1.0,1.0,9.9,64019101.0,,sina_daily,daily_unadjusted,data/cache/daily_unadjusted/002631_daily.pkl,,1.0,baostock_5m,data/cache/baostock_5m/002631_5min.pkl,baostock_5m,48.0,09:35:00,15:00:00,0.0,0.0,,1.0,0.0,0.0,0.0,0.0,NONE,NO_HISTORICAL_0925_AUCTION_VOLUME_AMOUNT
CANDIDATE,,,,,,,,,,,,,002687_2026-06-25,002687,2026-06-25,2026-06-25,2026-06-26,2026-06,BOARD2,PRIMARY_MAY_JULY_D2,1.0,1.0,4.38,49268843.0,,sina_daily,daily_unadjusted,data/cache/daily_unadjusted/002687_daily.pkl,,1.0,minute_5m,data/cache/minute_5m/002687_5min.pkl,sina_5m,48.0,09:35:00,15:00:00,0.0,0.0,,1.0,0.0,0.0,0.0,0.0,NONE,NO_HISTORICAL_0925_AUCTION_VOLUME_AMOUNT
CANDIDATE,,,,,,,,,,,,,600379_2026-06-25,600379,2026-06-25,2026-06-25,2026-06-26,2026-06,BOARD2,PRIMARY_MAY_JULY_D2,1.0,1.0,15.02,354583.0,,tencent_daily,daily_unadjusted,data/cache/daily_unadjusted/600379_daily.pkl,,1.0,minute_5m,data/cache/minute_5m/600379_5min.pkl,sina_5m,48.0,09:35:00,15:00:00,0.0,0.0,,1.0,0.0,0.0,0.0,0.0,NONE,NO_HISTORICAL_0925_AUCTION_VOLUME_AMOUNT
CANDIDATE,,,,,,,,,,,,,600909_2026-06-25,600909,2026-06-25,2026-06-25,2026-06-26,2026-06,BOARD2,PRIMARY_MAY_JULY_D2,1.0,1.0,12.0,5061190.0,,tencent_daily,daily_unadjusted,data/cache/daily_unadjusted/600909_daily.pkl,,1.0,minute_5m,data/cache/minute_5m/600909_5min.pkl,sina_5m,48.0,09:35:00,15:00:00,0.0,0.0,,1.0,0.0,0.0,0.0,0.0,NONE,NO_HISTORICAL_0925_AUCTION_VOLUME_AMOUNT
CANDIDATE,,,,,,,,,,,,,603938_2026-06-25,603938,2026-06-25,2026-06-25,2026-06-26,2026-06,BOARD3,PRIMARY_MAY_JULY_D2,1.0,1.0,69.68,459256.0,,tencent_daily,daily_unadjusted,data/cache/daily_unadjusted/603938_daily.pkl,,1.0,baostock_5m,data/cache/baostock_5m/603938_5min.pkl,baostock_5m,48.0,09:35:00,15:00:00,0.0,0.0,,1.0,0.0,0.0,0.0,0.0,NONE,NO_HISTORICAL_0925_AUCTION_VOLUME_AMOUNT
CANDIDATE,,,,,,,,,,,,,605069_2026-06-25,605069,2026-06-25,2026-06-25,2026-06-26,2026-06,BOARD3,PRIMARY_MAY_JULY_D2,1.0,1.0,14.4,138578.0,,tencent_daily,daily_unadjusted,data/cache/daily_unadjusted/605069_daily.pkl,,1.0,minute_5m,data/cache/minute_5m/605069_5min.pkl,sina_5m,48.0,09:35:00,15:00:00,0.0,0.0,,1.0,0.0,0.0,0.0,0.0,NONE,NO_HISTORICAL_0925_AUCTION_VOLUME_AMOUNT
CANDIDATE,,,,,,,,,,,,,000818_2026-06-26,000818,2026-06-26,2026-06-26,2026-06-29,2026-06,BOARD2,PRIMARY_MAY_JULY_D2,1.0,1.0,13.47,52999115.0,,sina_daily,daily_unadjusted,data/cache/daily_unadjusted/000818_daily.pkl,,1.0,minute_5m,data/cache/minute_5m/000818_5min.pkl,sina_5m,48.0,09:35:00,15:00:00,0.0,0.0,,1.0,0.0,0.0,0.0,0.0,NONE,NO_HISTORICAL_0925_AUCTION_VOLUME_AMOUNT
CANDIDATE,,,,,,,,,,,,,002025_2026-06-26,002025,2026-06-26,2026-06-26,2026-06-29,2026-06,BOARD2,PRIMARY_MAY_JULY_D2,1.0,1.0,73.0,23960070.0,,sina_daily,daily_unadjusted,data/cache/daily_unadjusted/002025_daily.pkl,,1.0,minute_5m,data/cache/minute_5m/002025_5min.pkl,sina_5m,48.0,09:35:00,15:00:00,0.0,0.0,,1.0,0.0,0.0,0.0,0.0,NONE,NO_HISTORICAL_0925_AUCTION_VOLUME_AMOUNT
CANDIDATE,,,,,,,,,,,,,002080_2026-06-26,002080,2026-06-26,2026-06-26,2026-06-29,2026-06,BOARD2,PRIMARY_MAY_JULY_D2,1.0,1.0,99.0,95229717.0,,sina_daily,daily_unadjusted,data/cache/daily_unadjusted/002080_daily.pkl,,1.0,minute_5m,data/cache/minute_5m/002080_5min.pkl,sina_5m,48.0,09:35:00,15:00:00,0.0,0.0,,1.0,0.0,0.0,0.0,0.0,NONE,NO_HISTORICAL_0925_AUCTION_VOLUME_AMOUNT
CANDIDATE,,,,,,,,,,,,,002254_2026-06-26,002254,2026-06-26,2026-06-26,2026-06-29,2026-06,BOARD2,PRIMARY_MAY_JULY_D2,1.0,1.0,19.25,100282390.0,,sina_daily,daily_unadjusted,data/cache/daily_unadjusted/002254_daily.pkl,,1.0,minute_5m,data/cache/minute_5m/002254_5min.pkl,sina_5m,48.0,09:35:00,15:00:00,0.0,0.0,,1.0,0.0,0.0,0.0,0.0,NONE,NO_HISTORICAL_0925_AUCTION_VOLUME_AMOUNT
CANDIDATE,,,,,,,,,,,,,002990_2026-06-26,002990,2026-06-26,2026-06-26,2026-06-29,2026-06,BOARD2,PRIMARY_MAY_JULY_D2,1.0,1.0,75.13,15699080.0,,sina_daily,daily_unadjusted,data/cache/daily_unadjusted/002990_daily.pkl,,1.0,minute_5m,data/cache/minute_5m/002990_5min.pkl,sina_5m,48.0,09:35:00,15:00:00,0.0,0.0,,1.0,0.0,0.0,0.0,0.0,NONE,NO_HISTORICAL_0925_AUCTION_VOLUME_AMOUNT
CANDIDATE,,,,,,,,,,,,,600141_2026-06-26,600141,2026-06-26,2026-06-26,2026-06-29,2026-06,BOARD2,PRIMARY_MAY_JULY_D2,1.0,1.0,49.8,116452697.0,,sina_daily,daily_unadjusted,data/cache/daily_unadjusted/600141_daily.pkl,,1.0,minute_5m,data/cache/minute_5m/600141_5min.pkl,sina_5m,48.0,09:35:00,15:00:00,0.0,0.0,,1.0,0.0,0.0,0.0,0.0,NONE,NO_HISTORICAL_0925_AUCTION_VOLUME_AMOUNT
CANDIDATE,,,,,,,,,,,,,600584_2026-06-26,600584,2026-06-26,2026-06-26,2026-06-29,2026-06,BOARD2,PRIMARY_MAY_JULY_D2,1.0,1.0,103.0,3261605.0,,tencent_daily,daily_unadjusted,data/cache/daily_unadjusted/600584_daily.pkl,,1.0,minute_5m,data/cache/minute_5m/600584_5min.pkl,sina_5m,48.0,09:35:00,15:00:00,0.0,0.0,,1.0,0.0,0.0,0.0,0.0,NONE,NO_HISTORICAL_0925_AUCTION_VOLUME_AMOUNT
CANDIDATE,,,,,,,,,,,,,600667_2026-06-26,600667,2026-06-26,2026-06-26,2026-06-29,2026-06,BOARD2,PRIMARY_MAY_JULY_D2,1.0,1.0,27.84,5127178.0,,tencent_daily,daily_unadjusted,data/cache/daily_unadjusted/600667_daily.pkl,,1.0,minute_5m,data/cache/minute_5m/600667_5min.pkl,sina_5m,48.0,09:35:00,15:00:00,0.0,0.0,,1.0,0.0,0.0,0.0,0.0,NONE,NO_HISTORICAL_0925_AUCTION_VOLUME_AMOUNT
CANDIDATE,,,,,,,,,,,,,603678_2026-06-26,603678,2026-06-26,2026-06-26,2026-06-29,2026-06,BOARD2,PRIMARY_MAY_JULY_D2,1.0,1.0,81.49,452075.0,,tencent_daily,daily_unadjusted,data/cache/daily_unadjusted/603678_daily.pkl,,1.0,minute_5m,data/cache/minute_5m/603678_5min.pkl,sina_5m,48.0,09:35:00,15:00:00,0.0,0.0,,1.0,0.0,0.0,0.0,0.0,NONE,NO_HISTORICAL_0925_AUCTION_VOLUME_AMOUNT
CANDIDATE,,,,,,,,,,,,,603713_2026-06-26,603713,2026-06-26,2026-06-26,2026-06-29,2026-06,BOARD2,PRIMARY_MAY_JULY_D2,1.0,1.0,76.24,70948.0,,tencent_daily,daily_unadjusted,data/cache/daily_unadjusted/603713_daily.pkl,,1.0,minute_5m,data/cache/minute_5m/603713_5min.pkl,sina_5m,48.0,09:35:00,15:00:00,0.0,0.0,,1.0,0.0,0.0,0.0,0.0,NONE,NO_HISTORICAL_0925_AUCTION_VOLUME_AMOUNT
CANDIDATE,,,,,,,,,,,,,603929_2026-06-26,603929,2026-06-26,2026-06-26,2026-06-29,2026-06,BOARD2,PRIMARY_MAY_JULY_D2,1.0,1.0,272.03,152118.0,,tencent_daily,daily_unadjusted,data/cache/daily_unadjusted/603929_daily.pkl,,1.0,minute_5m,data/cache/minute_5m/603929_5min.pkl,sina_5m,48.0,09:35:00,15:00:00,0.0,0.0,,1.0,0.0,0.0,0.0,0.0,NONE,NO_HISTORICAL_0925_AUCTION_VOLUME_AMOUNT
CANDIDATE,,,,,,,,,,,,,603989_2026-06-26,603989,2026-06-26,2026-06-26,2026-06-29,2026-06,BOARD2,PRIMARY_MAY_JULY_D2,1.0,1.0,56.0,279451.0,,tencent_daily,daily_unadjusted,data/cache/daily_unadjusted/603989_daily.pkl,,1.0,baostock_5m,data/cache/baostock_5m/603989_5min.pkl,baostock_5m,48.0,09:35:00,15:00:00,0.0,0.0,,1.0,0.0,0.0,0.0,0.0,NONE,NO_HISTORICAL_0925_AUCTION_VOLUME_AMOUNT
CANDIDATE,,,,,,,,,,,,,000823_2026-06-29,000823,2026-06-29,2026-06-29,2026-06-30,2026-06,BOARD3,PRIMARY_MAY_JULY_D2,1.0,1.0,25.83,134061598.0,,sina_daily,daily_unadjusted,data/cache/daily_unadjusted/000823_daily.pkl,,1.0,minute_5m,data/cache/minute_5m/000823_5min.pkl,sina_5m,48.0,09:35:00,15:00:00,0.0,0.0,,1.0,0.0,0.0,0.0,0.0,NONE,NO_HISTORICAL_0925_AUCTION_VOLUME_AMOUNT
CANDIDATE,,,,,,,,,,,,,002141_2026-06-29,002141,2026-06-29,2026-06-29,2026-06-30,2026-06,BOARD2,PRIMARY_MAY_JULY_D2,1.0,1.0,5.1,187542796.0,,sina_daily,daily_unadjusted,data/cache/daily_unadjusted/002141_daily.pkl,,1.0,baostock_5m,data/cache/baostock_5m/002141_5min.pkl,baostock_5m,48.0,09:35:00,15:00:00,0.0,0.0,,1.0,0.0,0.0,0.0,0.0,NONE,NO_HISTORICAL_0925_AUCTION_VOLUME_AMOUNT
CANDIDATE,,,,,,,,,,,,,002965_2026-06-29,002965,2026-06-29,2026-06-29,2026-06-30,2026-06,BOARD2,PRIMARY_MAY_JULY_D2,1.0,1.0,49.52,25484418.0,,sina_daily,daily_unadjusted,data/cache/daily_unadjusted/002965_daily.pkl,,1.0,minute_5m,data/cache/minute_5m/002965_5min.pkl,sina_5m,48.0,09:35:00,15:00:00,0.0,0.0,,1.0,0.0,0.0,0.0,0.0,NONE,NO_HISTORICAL_0925_AUCTION_VOLUME_AMOUNT
CANDIDATE,,,,,,,,,,,,,600228_2026-06-29,600228,2026-06-29,2026-06-29,2026-06-30,2026-06,BOARD3,PRIMARY_MAY_JULY_D2,1.0,1.0,9.96,78980369.0,,sina_daily,daily_unadjusted,data/cache/daily_unadjusted/600228_daily.pkl,,1.0,minute_5m,data/cache/minute_5m/600228_5min.pkl,sina_5m,48.0,09:35:00,15:00:00,0.0,0.0,,1.0,0.0,0.0,0.0,0.0,NONE,NO_HISTORICAL_0925_AUCTION_VOLUME_AMOUNT
CANDIDATE,,,,,,,,,,,,,600962_2026-06-29,600962,2026-06-29,2026-06-29,2026-06-30,2026-06,BOARD2,PRIMARY_MAY_JULY_D2,1.0,1.0,29.16,323060.0,,tencent_daily,daily_unadjusted,data/cache/daily_unadjusted/600962_daily.pkl,,1.0,minute_5m,data/cache/minute_5m/600962_5min.pkl,sina_5m,48.0,09:35:00,15:00:00,0.0,0.0,,1.0,0.0,0.0,0.0,0.0,NONE,NO_HISTORICAL_0925_AUCTION_VOLUME_AMOUNT
CANDIDATE,,,,,,,,,,,,,002180_2026-06-30,002180,2026-06-30,2026-06-30,2026-07-01,2026-06,BOARD2,PRIMARY_MAY_JULY_D2,1.0,1.0,16.45,33072885.0,,sina_daily,daily_unadjusted,data/cache/daily_unadjusted/002180_daily.pkl,,1.0,minute_5m,data/cache/minute_5m/002180_5min.pkl,sina_5m,48.0,09:35:00,15:00:00,0.0,0.0,,1.0,0.0,0.0,0.0,0.0,NONE,NO_HISTORICAL_0925_AUCTION_VOLUME_AMOUNT
CANDIDATE,,,,,,,,,,,,,002568_2026-06-30,002568,2026-06-30,2026-06-30,2026-07-01,2026-06,BOARD2,PRIMARY_MAY_JULY_D2,1.0,1.0,16.95,24282880.0,,sina_daily,daily_unadjusted,data/cache/daily_unadjusted/002568_daily.pkl,,1.0,minute_5m,data/cache/minute_5m/002568_5min.pkl,sina_5m,48.0,09:35:00,15:00:00,0.0,0.0,,1.0,0.0,0.0,0.0,0.0,NONE,NO_HISTORICAL_0925_AUCTION_VOLUME_AMOUNT
CANDIDATE,,,,,,,,,,,,,601133_2026-06-30,601133,2026-06-30,2026-06-30,2026-07-01,2026-06,BOARD2,PRIMARY_MAY_JULY_D2,1.0,1.0,43.0,444189.0,,tencent_daily,daily_unadjusted,data/cache/daily_unadjusted/601133_daily.pkl,,1.0,minute_5m,data/cache/minute_5m/601133_5min.pkl,sina_5m,48.0,09:35:00,15:00:00,0.0,0.0,,1.0,0.0,0.0,0.0,0.0,NONE,NO_HISTORICAL_0925_AUCTION_VOLUME_AMOUNT
CANDIDATE,,,,,,,,,,,,,603155_2026-06-30,603155,2026-06-30,2026-06-30,2026-07-01,2026-06,BOARD2,PRIMARY_MAY_JULY_D2,1.0,1.0,27.85,298860.0,,tencent_daily,daily_unadjusted,data/cache/daily_unadjusted/603155_daily.pkl,,1.0,minute_5m,data/cache/minute_5m/603155_5min.pkl,sina_5m,48.0,09:35:00,15:00:00,0.0,0.0,,1.0,0.0,0.0,0.0,0.0,NONE,NO_HISTORICAL_0925_AUCTION_VOLUME_AMOUNT
CANDIDATE,,,,,,,,,,,,,603163_2026-06-30,603163,2026-06-30,2026-06-30,2026-07-01,2026-06,BOARD2,PRIMARY_MAY_JULY_D2,1.0,1.0,148.0,55752.0,,tencent_daily,daily_unadjusted,data/cache/daily_unadjusted/603163_daily.pkl,,1.0,minute_5m,data/cache/minute_5m/603163_5min.pkl,sina_5m,48.0,09:35:00,15:00:00,0.0,0.0,,1.0,0.0,0.0,0.0,0.0,NONE,NO_HISTORICAL_0925_AUCTION_VOLUME_AMOUNT
CANDIDATE,,,,,,,,,,,,,603650_2026-06-30,603650,2026-06-30,2026-06-30,2026-07-01,2026-06,BOARD2,PRIMARY_MAY_JULY_D2,1.0,1.0,96.12,481794.0,,tencent_daily,daily_unadjusted,data/cache/daily_unadjusted/603650_daily.pkl,,1.0,minute_5m,data/cache/minute_5m/603650_5min.pkl,sina_5m,48.0,09:35:00,15:00:00,0.0,0.0,,1.0,0.0,0.0,0.0,0.0,NONE,NO_HISTORICAL_0925_AUCTION_VOLUME_AMOUNT
CANDIDATE,,,,,,,,,,,,,603956_2026-06-30,603956,2026-06-30,2026-06-30,2026-07-01,2026-06,BOARD3,PRIMARY_MAY_JULY_D2,1.0,1.0,6.07,520266.0,,tencent_daily,daily_unadjusted,data/cache/daily_unadjusted/603956_daily.pkl,,1.0,minute_5m,data/cache/minute_5m/603956_5min.pkl,sina_5m,48.0,09:35:00,15:00:00,0.0,0.0,,1.0,0.0,0.0,0.0,0.0,NONE,NO_HISTORICAL_0925_AUCTION_VOLUME_AMOUNT
CANDIDATE,,,,,,,,,,,,,000017_2026-07-01,000017,2026-07-01,2026-07-01,2026-07-02,2026-07,BOARD2,PRIMARY_MAY_JULY_D2,1.0,1.0,6.08,20442700.0,,sina_daily,daily_unadjusted,data/cache/daily_unadjusted/000017_daily.pkl,,0.0,,,,0.0,,,0.0,0.0,minute_5m:DATE_MISSING,1.0,0.0,0.0,0.0,0.0,NONE,NO_HISTORICAL_0925_AUCTION_VOLUME_AMOUNT
CANDIDATE,,,,,,,,,,,,,001229_2026-07-01,001229,2026-07-01,2026-07-01,2026-07-02,2026-07,BOARD2,PRIMARY_MAY_JULY_D2,1.0,1.0,36.17,10011738.0,,sina_daily,daily_unadjusted,data/cache/daily_unadjusted/001229_daily.pkl,,1.0,minute_5m,data/cache/minute_5m/001229_5min.pkl,sina_5m,48.0,09:35:00,15:00:00,0.0,0.0,,1.0,0.0,0.0,0.0,0.0,NONE,NO_HISTORICAL_0925_AUCTION_VOLUME_AMOUNT
CANDIDATE,,,,,,,,,,,,,001237_2026-07-01,001237,2026-07-01,2026-07-01,2026-07-02,2026-07,BOARD2,PRIMARY_MAY_JULY_D2,1.0,1.0,72.01,9383443.0,,sina_daily,daily_unadjusted,data/cache/daily_unadjusted/001237_daily.pkl,,1.0,minute_5m,data/cache/minute_5m/001237_5min.pkl,sina_5m,48.0,09:35:00,15:00:00,0.0,0.0,,1.0,0.0,0.0,0.0,0.0,NONE,NO_HISTORICAL_0925_AUCTION_VOLUME_AMOUNT
CANDIDATE,,,,,,,,,,,,,002208_2026-07-01,002208,2026-07-01,2026-07-01,2026-07-02,2026-07,BOARD2,PRIMARY_MAY_JULY_D2,1.0,1.0,19.2,90207923.0,,sina_daily,daily_unadjusted,data/cache/daily_unadjusted/002208_daily.pkl,,1.0,minute_5m,data/cache/minute_5m/002208_5min.pkl,sina_5m,48.0,09:35:00,15:00:00,0.0,0.0,,1.0,0.0,0.0,0.0,0.0,NONE,NO_HISTORICAL_0925_AUCTION_VOLUME_AMOUNT
CANDIDATE,,,,,,,,,,,,,002628_2026-07-01,002628,2026-07-01,2026-07-01,2026-07-02,2026-07,BOARD2,PRIMARY_MAY_JULY_D2,1.0,1.0,5.47,51336302.0,,sina_daily,daily_unadjusted,data/cache/daily_unadjusted/002628_daily.pkl,,0.0,,,,0.0,,,0.0,0.0,minute_5m:DATE_MISSING,1.0,0.0,0.0,0.0,0.0,NONE,NO_HISTORICAL_0925_AUCTION_VOLUME_AMOUNT
CANDIDATE,,,,,,,,,,,,,002638_2026-07-01,002638,2026-07-01,2026-07-01,2026-07-02,2026-07,BOARD2,PRIMARY_MAY_JULY_D2,1.0,1.0,4.32,84239600.0,,sina_daily,daily_unadjusted,data/cache/daily_unadjusted/002638_daily.pkl,,1.0,minute_5m,data/cache/minute_5m/002638_5min.pkl,sina_5m,48.0,09:35:00,15:00:00,0.0,0.0,,1.0,0.0,0.0,0.0,0.0,NONE,NO_HISTORICAL_0925_AUCTION_VOLUME_AMOUNT
CANDIDATE,,,,,,,,,,,,,003043_2026-07-01,003043,2026-07-01,2026-07-01,2026-07-02,2026-07,BOARD2,PRIMARY_MAY_JULY_D2,1.0,1.0,97.08,11945583.0,,sina_daily,daily_unadjusted,data/cache/daily_unadjusted/003043_daily.pkl,,1.0,minute_5m,data/cache/minute_5m/003043_5min.pkl,sina_5m,48.0,09:35:00,15:00:00,0.0,0.0,,1.0,0.0,0.0,0.0,0.0,NONE,NO_HISTORICAL_0925_AUCTION_VOLUME_AMOUNT
CANDIDATE,,,,,,,,,,,,,600363_2026-07-01,600363,2026-07-01,2026-07-01,2026-07-02,2026-07,BOARD2,PRIMARY_MAY_JULY_D2,1.0,1.0,35.22,357565.0,,tencent_daily,daily_unadjusted,data/cache/daily_unadjusted/600363_daily.pkl,,1.0,minute_5m,data/cache/minute_5m/600363_5min.pkl,sina_5m,48.0,09:35:00,15:00:00,0.0,0.0,,1.0,0.0,0.0,0.0,0.0,NONE,NO_HISTORICAL_0925_AUCTION_VOLUME_AMOUNT
CANDIDATE,,,,,,,,,,,,,600378_2026-07-01,600378,2026-07-01,2026-07-01,2026-07-02,2026-07,BOARD2,PRIMARY_MAY_JULY_D2,1.0,1.0,76.81,1161193.0,,tencent_daily,daily_unadjusted,data/cache/daily_unadjusted/600378_daily.pkl,,0.0,,,,0.0,,,0.0,0.0,minute_5m:DATE_MISSING|baostock_5m:DATE_MISSING,1.0,0.0,0.0,0.0,0.0,NONE,NO_HISTORICAL_0925_AUCTION_VOLUME_AMOUNT
CANDIDATE,,,,,,,,,,,,,600707_2026-07-01,600707,2026-07-01,2026-07-01,2026-07-02,2026-07,BOARD2,PRIMARY_MAY_JULY_D2,1.0,1.0,16.4,4116631.0,,tencent_daily,daily_unadjusted,data/cache/daily_unadjusted/600707_daily.pkl,,1.0,minute_5m,data/cache/minute_5m/600707_5min.pkl,sina_5m,48.0,09:35:00,15:00:00,0.0,0.0,,1.0,0.0,0.0,0.0,0.0,NONE,NO_HISTORICAL_0925_AUCTION_VOLUME_AMOUNT
CANDIDATE,,,,,,,,,,,,,603033_2026-07-01,603033,2026-07-01,2026-07-01,2026-07-02,2026-07,BOARD2,PRIMARY_MAY_JULY_D2,1.0,1.0,10.1,408854.0,,tencent_daily,daily_unadjusted,data/cache/daily_unadjusted/603033_daily.pkl,,1.0,minute_5m,data/cache/minute_5m/603033_5min.pkl,sina_5m,48.0,09:35:00,15:00:00,0.0,0.0,,1.0,0.0,0.0,0.0,0.0,NONE,NO_HISTORICAL_0925_AUCTION_VOLUME_AMOUNT
CANDIDATE,,,,,,,,,,,,,603061_2026-07-01,603061,2026-07-01,2026-07-01,2026-07-02,2026-07,BOARD2,PRIMARY_MAY_JULY_D2,1.0,1.0,485.0,28580.0,,tencent_daily,daily_unadjusted,data/cache/daily_unadjusted/603061_daily.pkl,,1.0,minute_5m,data/cache/minute_5m/603061_5min.pkl,sina_5m,48.0,09:35:00,15:00:00,0.0,0.0,,1.0,0.0,0.0,0.0,0.0,NONE,NO_HISTORICAL_0925_AUCTION_VOLUME_AMOUNT
CANDIDATE,,,,,,,,,,,,,603222_2026-07-01,603222,2026-07-01,2026-07-01,2026-07-02,2026-07,BOARD2,PRIMARY_MAY_JULY_D2,1.0,1.0,8.24,374167.0,,tencent_daily,daily_unadjusted,data/cache/daily_unadjusted/603222_daily.pkl,,1.0,minute_5m,data/cache/minute_5m/603222_5min.pkl,sina_5m,48.0,09:35:00,15:00:00,0.0,0.0,,1.0,0.0,0.0,0.0,0.0,NONE,NO_HISTORICAL_0925_AUCTION_VOLUME_AMOUNT
CANDIDATE,,,,,,,,,,,,,603459_2026-07-01,603459,2026-07-01,2026-07-01,2026-07-02,2026-07,BOARD2,PRIMARY_MAY_JULY_D2,1.0,1.0,99.63,225675.0,,tencent_daily,daily_unadjusted,data/cache/daily_unadjusted/603459_daily.pkl,,0.0,,,,0.0,,,0.0,0.0,minute_5m:DATE_MISSING|baostock_5m:DATE_MISSING,1.0,0.0,0.0,0.0,0.0,NONE,NO_HISTORICAL_0925_AUCTION_VOLUME_AMOUNT
CANDIDATE,,,,,,,,,,,,,603928_2026-07-01,603928,2026-07-01,2026-07-01,2026-07-02,2026-07,BOARD3,PRIMARY_MAY_JULY_D2,1.0,1.0,13.42,539613.0,,tencent_daily,daily_unadjusted,data/cache/daily_unadjusted/603928_daily.pkl,,1.0,minute_5m,data/cache/minute_5m/603928_5min.pkl,sina_5m,48.0,09:35:00,15:00:00,0.0,0.0,,1.0,0.0,0.0,0.0,0.0,NONE,NO_HISTORICAL_0925_AUCTION_VOLUME_AMOUNT
CANDIDATE,,,,,,,,,,,,,603950_2026-07-01,603950,2026-07-01,2026-07-01,2026-07-02,2026-07,BOARD2,PRIMARY_MAY_JULY_D2,1.0,1.0,82.79,98935.0,,tencent_daily,daily_unadjusted,data/cache/daily_unadjusted/603950_daily.pkl,,0.0,,,,0.0,,,0.0,0.0,minute_5m:DATE_MISSING|baostock_5m:DATE_MISSING,1.0,0.0,0.0,0.0,0.0,NONE,NO_HISTORICAL_0925_AUCTION_VOLUME_AMOUNT
CANDIDATE,,,,,,,,,,,,,603983_2026-07-01,603983,2026-07-01,2026-07-01,2026-07-02,2026-07,BOARD2,PRIMARY_MAY_JULY_D2,1.0,1.0,28.5,121375.0,,tencent_daily,daily_unadjusted,data/cache/daily_unadjusted/603983_daily.pkl,,1.0,minute_5m,data/cache/minute_5m/603983_5min.pkl,sina_5m,48.0,09:35:00,15:00:00,0.0,0.0,,1.0,0.0,0.0,0.0,0.0,NONE,NO_HISTORICAL_0925_AUCTION_VOLUME_AMOUNT
CANDIDATE,,,,,,,,,,,,,000603_2026-07-02,000603,2026-07-02,2026-07-02,2026-07-03,2026-07,BOARD2,PRIMARY_MAY_JULY_D2,1.0,1.0,25.45,74894679.0,,sina_daily,daily_unadjusted,data/cache/daily_unadjusted/000603_daily.pkl,,1.0,minute_5m,data/cache/minute_5m/000603_5min.pkl,sina_5m,48.0,09:35:00,15:00:00,0.0,0.0,,1.0,0.0,0.0,0.0,0.0,NONE,NO_HISTORICAL_0925_AUCTION_VOLUME_AMOUNT
CANDIDATE,,,,,,,,,,,,,000620_2026-07-02,000620,2026-07-02,2026-07-02,2026-07-03,2026-07,BOARD2,PRIMARY_MAY_JULY_D2,1.0,1.0,3.68,427003126.0,,sina_daily,daily_unadjusted,data/cache/daily_unadjusted/000620_daily.pkl,,1.0,minute_5m,data/cache/minute_5m/000620_5min.pkl,sina_5m,48.0,09:35:00,15:00:00,0.0,0.0,,1.0,0.0,0.0,0.0,0.0,NONE,NO_HISTORICAL_0925_AUCTION_VOLUME_AMOUNT
CANDIDATE,,,,,,,,,,,,,001331_2026-07-02,001331,2026-07-02,2026-07-02,2026-07-03,2026-07,BOARD2,PRIMARY_MAY_JULY_D2,1.0,1.0,62.99,20104452.0,,sina_daily,daily_unadjusted,data/cache/daily_unadjusted/001331_daily.pkl,,1.0,minute_5m,data/cache/minute_5m/001331_5min.pkl,sina_5m,48.0,09:35:00,15:00:00,0.0,0.0,,1.0,0.0,0.0,0.0,0.0,NONE,NO_HISTORICAL_0925_AUCTION_VOLUME_AMOUNT
CANDIDATE,,,,,,,,,,,,,001399_2026-07-02,001399,2026-07-02,2026-07-02,2026-07-03,2026-07,BOARD2,PRIMARY_MAY_JULY_D2,1.0,1.0,46.0,26486700.0,,sina_daily,daily_unadjusted,data/cache/daily_unadjusted/001399_daily.pkl,,1.0,minute_5m,data/cache/minute_5m/001399_5min.pkl,sina_5m,48.0,09:35:00,15:00:00,0.0,0.0,,1.0,0.0,0.0,0.0,0.0,NONE,NO_HISTORICAL_0925_AUCTION_VOLUME_AMOUNT
CANDIDATE,,,,,,,,,,,,,002053_2026-07-02,002053,2026-07-02,2026-07-02,2026-07-03,2026-07,BOARD2,PRIMARY_MAY_JULY_D2,1.0,1.0,9.8,21669315.0,,sina_daily,daily_unadjusted,data/cache/daily_unadjusted/002053_daily.pkl,,1.0,minute_5m,data/cache/minute_5m/002053_5min.pkl,sina_5m,48.0,09:35:00,15:00:00,0.0,0.0,,1.0,0.0,0.0,0.0,0.0,NONE,NO_HISTORICAL_0925_AUCTION_VOLUME_AMOUNT
CANDIDATE,,,,,,,,,,,,,002167_2026-07-02,002167,2026-07-02,2026-07-02,2026-07-03,2026-07,BOARD2,PRIMARY_MAY_JULY_D2,1.0,1.0,26.1,166261020.0,,sina_daily,daily_unadjusted,data/cache/daily_unadjusted/002167_daily.pkl,,1.0,minute_5m,data/cache/minute_5m/002167_5min.pkl,sina_5m,48.0,09:35:00,15:00:00,0.0,0.0,,1.0,0.0,0.0,0.0,0.0,NONE,NO_HISTORICAL_0925_AUCTION_VOLUME_AMOUNT
CANDIDATE,,,,,,,,,,,,,002273_2026-07-02,002273,2026-07-02,2026-07-02,2026-07-03,2026-07,BOARD2,PRIMARY_MAY_JULY_D2,1.0,1.0,39.24,158133372.0,,sina_daily,daily_unadjusted,data/cache/daily_unadjusted/002273_daily.pkl,,1.0,minute_5m,data/cache/minute_5m/002273_5min.pkl,sina_5m,48.0,09:35:00,15:00:00,0.0,0.0,,1.0,0.0,0.0,0.0,0.0,NONE,NO_HISTORICAL_0925_AUCTION_VOLUME_AMOUNT
CANDIDATE,,,,,,,,,,,,,002396_2026-07-02,002396,2026-07-02,2026-07-02,2026-07-03,2026-07,BOARD2,PRIMARY_MAY_JULY_D2,1.0,1.0,23.4,7858217.0,,sina_daily,daily_unadjusted,data/cache/daily_unadjusted/002396_daily.pkl,,0.0,,,,0.0,,,0.0,0.0,minute_5m:DATE_MISSING,1.0,0.0,0.0,0.0,0.0,NONE,NO_HISTORICAL_0925_AUCTION_VOLUME_AMOUNT
CANDIDATE,,,,,,,,,,,,,002407_2026-07-02,002407,2026-07-02,2026-07-02,2026-07-03,2026-07,BOARD3,PRIMARY_MAY_JULY_D2,1.0,1.0,54.57,238669933.0,,sina_daily,daily_unadjusted,data/cache/daily_unadjusted/002407_daily.pkl,,1.0,minute_5m,data/cache/minute_5m/002407_5min.pkl,sina_5m,48.0,09:35:00,15:00:00,0.0,0.0,,1.0,0.0,0.0,0.0,0.0,NONE,NO_HISTORICAL_0925_AUCTION_VOLUME_AMOUNT
CANDIDATE,,,,,,,,,,,,,002738_2026-07-02,002738,2026-07-02,2026-07-02,2026-07-03,2026-07,BOARD2,PRIMARY_MAY_JULY_D2,1.0,1.0,66.05,53433248.0,,sina_daily,daily_unadjusted,data/cache/daily_unadjusted/002738_daily.pkl,,1.0,minute_5m,data/cache/minute_5m/002738_5min.pkl,sina_5m,48.0,09:35:00,15:00:00,0.0,0.0,,1.0,0.0,0.0,0.0,0.0,NONE,NO_HISTORICAL_0925_AUCTION_VOLUME_AMOUNT
CANDIDATE,,,,,,,,,,,,,002747_2026-07-02,002747,2026-07-02,2026-07-02,2026-07-03,2026-07,BOARD2,PRIMARY_MAY_JULY_D2,1.0,1.0,42.02,126742836.0,,sina_daily,daily_unadjusted,data/cache/daily_unadjusted/002747_daily.pkl,,1.0,minute_5m,data/cache/minute_5m/002747_5min.pkl,sina_5m,48.0,09:35:00,15:00:00,0.0,0.0,,1.0,0.0,0.0,0.0,0.0,NONE,NO_HISTORICAL_0925_AUCTION_VOLUME_AMOUNT
CANDIDATE,,,,,,,,,,,,,002929_2026-07-02,002929,2026-07-02,2026-07-02,2026-07-03,2026-07,BOARD2,PRIMARY_MAY_JULY_D2,1.0,1.0,69.65,22688572.0,,sina_daily,daily_unadjusted,data/cache/daily_unadjusted/002929_daily.pkl,,1.0,minute_5m,data/cache/minute_5m/002929_5min.pkl,sina_5m,48.0,09:35:00,15:00:00,0.0,0.0,,1.0,0.0,0.0,0.0,0.0,NONE,NO_HISTORICAL_0925_AUCTION_VOLUME_AMOUNT
CANDIDATE,,,,,,,,,,,,,600076_2026-07-02,600076,2026-07-02,2026-07-02,2026-07-03,2026-07,BOARD2,PRIMARY_MAY_JULY_D2,1.0,1.0,3.43,65987221.0,,sina_daily,daily_unadjusted,data/cache/daily_unadjusted/600076_daily.pkl,,1.0,minute_5m,data/cache/minute_5m/600076_5min.pkl,sina_5m,48.0,09:35:00,15:00:00,0.0,0.0,,1.0,0.0,0.0,0.0,0.0,NONE,NO_HISTORICAL_0925_AUCTION_VOLUME_AMOUNT
CANDIDATE,,,,,,,,,,,,,600113_2026-07-02,600113,2026-07-02,2026-07-02,2026-07-03,2026-07,BOARD3,PRIMARY_MAY_JULY_D2,1.0,1.0,36.5,20130095.0,,sina_daily,daily_unadjusted,data/cache/daily_unadjusted/600113_daily.pkl,,1.0,minute_5m,data/cache/minute_5m/600113_5min.pkl,sina_5m,48.0,09:35:00,15:00:00,0.0,0.0,,1.0,0.0,0.0,0.0,0.0,NONE,NO_HISTORICAL_0925_AUCTION_VOLUME_AMOUNT
CANDIDATE,,,,,,,,,,,,,600783_2026-07-02,600783,2026-07-02,2026-07-02,2026-07-03,2026-07,BOARD2,PRIMARY_MAY_JULY_D2,1.0,1.0,21.53,616798.0,,tencent_daily,daily_unadjusted,data/cache/daily_unadjusted/600783_daily.pkl,,1.0,minute_5m,data/cache/minute_5m/600783_5min.pkl,sina_5m,48.0,09:35:00,15:00:00,0.0,0.0,,1.0,0.0,0.0,0.0,0.0,NONE,NO_HISTORICAL_0925_AUCTION_VOLUME_AMOUNT
CANDIDATE,,,,,,,,,,,,,603120_2026-07-02,603120,2026-07-02,2026-07-02,2026-07-03,2026-07,BOARD2,PRIMARY_MAY_JULY_D2,1.0,1.0,60.13,70423.0,,tencent_daily,daily_unadjusted,data/cache/daily_unadjusted/603120_daily.pkl,,1.0,minute_5m,data/cache/minute_5m/603120_5min.pkl,sina_5m,48.0,09:35:00,15:00:00,0.0,0.0,,1.0,0.0,0.0,0.0,0.0,NONE,NO_HISTORICAL_0925_AUCTION_VOLUME_AMOUNT
CANDIDATE,,,,,,,,,,,,,603212_2026-07-02,603212,2026-07-02,2026-07-02,2026-07-03,2026-07,BOARD2,PRIMARY_MAY_JULY_D2,1.0,1.0,12.9,154886.0,,tencent_daily,daily_unadjusted,data/cache/daily_unadjusted/603212_daily.pkl,,1.0,minute_5m,data/cache/minute_5m/603212_5min.pkl,sina_5m,48.0,09:35:00,15:00:00,0.0,0.0,,1.0,0.0,0.0,0.0,0.0,NONE,NO_HISTORICAL_0925_AUCTION_VOLUME_AMOUNT
CANDIDATE,,,,,,,,,,,,,603379_2026-07-02,603379,2026-07-02,2026-07-02,2026-07-03,2026-07,BOARD2,PRIMARY_MAY_JULY_D2,1.0,1.0,80.0,399059.0,,tencent_daily,daily_unadjusted,data/cache/daily_unadjusted/603379_daily.pkl,,1.0,minute_5m,data/cache/minute_5m/603379_5min.pkl,sina_5m,48.0,09:35:00,15:00:00,0.0,0.0,,1.0,0.0,0.0,0.0,0.0,NONE,NO_HISTORICAL_0925_AUCTION_VOLUME_AMOUNT
CANDIDATE,,,,,,,,,,,,,603991_2026-07-02,603991,2026-07-02,2026-07-02,2026-07-03,2026-07,BOARD2,PRIMARY_MAY_JULY_D2,1.0,1.0,152.83,72133.0,,tencent_daily,daily_unadjusted,data/cache/daily_unadjusted/603991_daily.pkl,,1.0,minute_5m,data/cache/minute_5m/603991_5min.pkl,sina_5m,48.0,09:35:00,15:00:00,0.0,0.0,,1.0,0.0,0.0,0.0,0.0,NONE,NO_HISTORICAL_0925_AUCTION_VOLUME_AMOUNT
CANDIDATE,,,,,,,,,,,,,000520_2026-07-03,000520,2026-07-03,2026-07-03,2026-07-06,2026-07,BOARD2,PRIMARY_MAY_JULY_D2,1.0,1.0,4.66,74422935.0,,sina_daily,daily_unadjusted,data/cache/daily_unadjusted/000520_daily.pkl,,1.0,minute_5m,data/cache/minute_5m/000520_5min.pkl,sina_5m,48.0,09:35:00,15:00:00,0.0,0.0,,1.0,0.0,0.0,0.0,0.0,NONE,NO_HISTORICAL_0925_AUCTION_VOLUME_AMOUNT
CANDIDATE,,,,,,,,,,,,,000536_2026-07-03,000536,2026-07-03,2026-07-03,2026-07-06,2026-07,BOARD2,PRIMARY_MAY_JULY_D2,1.0,1.0,3.91,165770163.0,,sina_daily,daily_unadjusted,data/cache/daily_unadjusted/000536_daily.pkl,,0.0,,,,0.0,,,0.0,0.0,minute_5m:DATE_MISSING,1.0,0.0,0.0,0.0,0.0,NONE,NO_HISTORICAL_0925_AUCTION_VOLUME_AMOUNT
CANDIDATE,,,,,,,,,,,,,000601_2026-07-03,000601,2026-07-03,2026-07-03,2026-07-06,2026-07,BOARD2,PRIMARY_MAY_JULY_D2,1.0,1.0,6.66,175462893.0,,sina_daily,daily_unadjusted,data/cache/daily_unadjusted/000601_daily.pkl,,1.0,minute_5m,data/cache/minute_5m/000601_5min.pkl,sina_5m,48.0,09:35:00,15:00:00,0.0,0.0,,1.0,0.0,0.0,0.0,0.0,NONE,NO_HISTORICAL_0925_AUCTION_VOLUME_AMOUNT
CANDIDATE,,,,,,,,,,,,,001313_2026-07-03,001313,2026-07-03,2026-07-03,2026-07-06,2026-07,BOARD2,PRIMARY_MAY_JULY_D2,1.0,1.0,7.89,30105367.0,,sina_daily,daily_unadjusted,data/cache/daily_unadjusted/001313_daily.pkl,,1.0,minute_5m,data/cache/minute_5m/001313_5min.pkl,sina_5m,48.0,09:35:00,15:00:00,0.0,0.0,,1.0,0.0,0.0,0.0,0.0,NONE,NO_HISTORICAL_0925_AUCTION_VOLUME_AMOUNT
CANDIDATE,,,,,,,,,,,,,002458_2026-07-03,002458,2026-07-03,2026-07-03,2026-07-06,2026-07,BOARD2,PRIMARY_MAY_JULY_D2,1.0,1.0,9.0,137885087.0,,sina_daily,daily_unadjusted,data/cache/daily_unadjusted/002458_daily.pkl,,1.0,minute_5m,data/cache/minute_5m/002458_5min.pkl,sina_5m,48.0,09:35:00,15:00:00,0.0,0.0,,1.0,0.0,0.0,0.0,0.0,NONE,NO_HISTORICAL_0925_AUCTION_VOLUME_AMOUNT
CANDIDATE,,,,,,,,,,,,,002559_2026-07-03,002559,2026-07-03,2026-07-03,2026-07-06,2026-07,BOARD2,PRIMARY_MAY_JULY_D2,1.0,1.0,14.32,124350729.0,,sina_daily,daily_unadjusted,data/cache/daily_unadjusted/002559_daily.pkl,,1.0,minute_5m,data/cache/minute_5m/002559_5min.pkl,sina_5m,48.0,09:35:00,15:00:00,0.0,0.0,,1.0,0.0,0.0,0.0,0.0,NONE,NO_HISTORICAL_0925_AUCTION_VOLUME_AMOUNT
CANDIDATE,,,,,,,,,,,,,002826_2026-07-03,002826,2026-07-03,2026-07-03,2026-07-06,2026-07,BOARD2,PRIMARY_MAY_JULY_D2,1.0,1.0,17.92,10800350.0,,sina_daily,daily_unadjusted,data/cache/daily_unadjusted/002826_daily.pkl,,1.0,minute_5m,data/cache/minute_5m/002826_5min.pkl,sina_5m,48.0,09:35:00,15:00:00,0.0,0.0,,1.0,0.0,0.0,0.0,0.0,NONE,NO_HISTORICAL_0925_AUCTION_VOLUME_AMOUNT
CANDIDATE,,,,,,,,,,,,,002971_2026-07-03,002971,2026-07-03,2026-07-03,2026-07-06,2026-07,BOARD2,PRIMARY_MAY_JULY_D2,1.0,1.0,69.14,24855231.0,,sina_daily,daily_unadjusted,data/cache/daily_unadjusted/002971_daily.pkl,,1.0,minute_5m,data/cache/minute_5m/002971_5min.pkl,sina_5m,2.0,14:55:00,15:00:00,0.0,0.0,,1.0,0.0,0.0,0.0,0.0,NONE,NO_HISTORICAL_0925_AUCTION_VOLUME_AMOUNT
CANDIDATE,,,,,,,,,,,,,600641_2026-07-03,600641,2026-07-03,2026-07-03,2026-07-06,2026-07,BOARD3,PRIMARY_MAY_JULY_D2,1.0,1.0,46.36,1478709.0,,tencent_daily,daily_unadjusted,data/cache/daily_unadjusted/600641_daily.pkl,,1.0,minute_5m,data/cache/minute_5m/600641_5min.pkl,sina_5m,48.0,09:35:00,15:00:00,0.0,0.0,,1.0,0.0,0.0,0.0,0.0,NONE,NO_HISTORICAL_0925_AUCTION_VOLUME_AMOUNT
CANDIDATE,,,,,,,,,,,,,603505_2026-07-03,603505,2026-07-03,2026-07-03,2026-07-06,2026-07,BOARD2,PRIMARY_MAY_JULY_D2,1.0,1.0,22.09,619081.0,,tencent_daily,daily_unadjusted,data/cache/daily_unadjusted/603505_daily.pkl,,1.0,minute_5m,data/cache/minute_5m/603505_5min.pkl,sina_5m,48.0,09:35:00,15:00:00,0.0,0.0,,1.0,0.0,0.0,0.0,0.0,NONE,NO_HISTORICAL_0925_AUCTION_VOLUME_AMOUNT
CANDIDATE,,,,,,,,,,,,,603538_2026-07-03,603538,2026-07-03,2026-07-03,2026-07-06,2026-07,BOARD2,PRIMARY_MAY_JULY_D2,1.0,1.0,37.61,719400.0,,tencent_daily,daily_unadjusted,data/cache/daily_unadjusted/603538_daily.pkl,,0.0,,,,0.0,,,0.0,0.0,minute_5m:DATE_MISSING,1.0,0.0,0.0,0.0,0.0,NONE,NO_HISTORICAL_0925_AUCTION_VOLUME_AMOUNT
CANDIDATE,,,,,,,,,,,,,605488_2026-07-03,605488,2026-07-03,2026-07-03,2026-07-06,2026-07,BOARD2,PRIMARY_MAY_JULY_D2,1.0,1.0,33.8,180742.0,,tencent_daily,daily_unadjusted,data/cache/daily_unadjusted/605488_daily.pkl,,1.0,minute_5m,data/cache/minute_5m/605488_5min.pkl,sina_5m,48.0,09:35:00,15:00:00,0.0,0.0,,1.0,0.0,0.0,0.0,0.0,NONE,NO_HISTORICAL_0925_AUCTION_VOLUME_AMOUNT
CANDIDATE,,,,,,,,,,,,,000506_2026-07-06,000506,2026-07-06,2026-07-06,2026-07-07,2026-07,BOARD2,PRIMARY_MAY_JULY_D2,1.0,1.0,11.8,73925558.0,,sina_daily,daily_unadjusted,data/cache/daily_unadjusted/000506_daily.pkl,,1.0,minute_5m,data/cache/minute_5m/000506_5min.pkl,sina_5m,48.0,09:35:00,15:00:00,0.0,0.0,,1.0,0.0,0.0,0.0,0.0,NONE,NO_HISTORICAL_0925_AUCTION_VOLUME_AMOUNT
CANDIDATE,,,,,,,,,,,,,000576_2026-07-06,000576,2026-07-06,2026-07-06,2026-07-07,2026-07,BOARD2,PRIMARY_MAY_JULY_D2,1.0,1.0,7.55,21300782.0,,sina_daily,daily_unadjusted,data/cache/daily_unadjusted/000576_daily.pkl,,1.0,minute_5m,data/cache/minute_5m/000576_5min.pkl,sina_5m,48.0,09:35:00,15:00:00,0.0,0.0,,1.0,0.0,0.0,0.0,0.0,NONE,NO_HISTORICAL_0925_AUCTION_VOLUME_AMOUNT
CANDIDATE,,,,,,,,,,,,,000595_2026-07-06,000595,2026-07-06,2026-07-06,2026-07-07,2026-07,BOARD2,PRIMARY_MAY_JULY_D2,1.0,1.0,6.11,499829.0,,tencent_daily,daily,data/cache/daily/000595_daily.pkl,,1.0,minute_5m,data/cache/minute_5m/000595_5min.pkl,sina_5m,48.0,09:35:00,15:00:00,0.0,0.0,,1.0,0.0,0.0,0.0,0.0,NONE,NO_HISTORICAL_0925_AUCTION_VOLUME_AMOUNT
CANDIDATE,,,,,,,,,,,,,000908_2026-07-06,000908,2026-07-06,2026-07-06,2026-07-07,2026-07,BOARD2,PRIMARY_MAY_JULY_D2,1.0,1.0,6.91,61441600.0,,sina_daily,daily_unadjusted,data/cache/daily_unadjusted/000908_daily.pkl,,1.0,minute_5m,data/cache/minute_5m/000908_5min.pkl,sina_5m,48.0,09:35:00,15:00:00,0.0,0.0,,1.0,0.0,0.0,0.0,0.0,NONE,NO_HISTORICAL_0925_AUCTION_VOLUME_AMOUNT
CANDIDATE,,,,,,,,,,,,,001317_2026-07-06,001317,2026-07-06,2026-07-06,2026-07-07,2026-07,BOARD2,PRIMARY_MAY_JULY_D2,1.0,1.0,42.37,9988289.0,,sina_daily,daily_unadjusted,data/cache/daily_unadjusted/001317_daily.pkl,,1.0,minute_5m,data/cache/minute_5m/001317_5min.pkl,sina_5m,48.0,09:35:00,15:00:00,0.0,0.0,,1.0,0.0,0.0,0.0,0.0,NONE,NO_HISTORICAL_0925_AUCTION_VOLUME_AMOUNT
CANDIDATE,,,,,,,,,,,,,002979_2026-07-06,002979,2026-07-06,2026-07-06,2026-07-07,2026-07,BOARD2,PRIMARY_MAY_JULY_D2,1.0,1.0,72.85,40410444.0,,sina_daily,daily_unadjusted,data/cache/daily_unadjusted/002979_daily.pkl,,1.0,minute_5m,data/cache/minute_5m/002979_5min.pkl,sina_5m,48.0,09:35:00,15:00:00,0.0,0.0,,1.0,0.0,0.0,0.0,0.0,NONE,NO_HISTORICAL_0925_AUCTION_VOLUME_AMOUNT
CANDIDATE,,,,,,,,,,,,,600988_2026-07-06,600988,2026-07-06,2026-07-06,2026-07-07,2026-07,BOARD2,PRIMARY_MAY_JULY_D2,1.0,1.0,30.31,714000.0,,tencent_daily,daily_unadjusted,data/cache/daily_unadjusted/600988_daily.pkl,,1.0,minute_5m,data/cache/minute_5m/600988_5min.pkl,sina_5m,48.0,09:35:00,15:00:00,0.0,0.0,,1.0,0.0,0.0,0.0,0.0,NONE,NO_HISTORICAL_0925_AUCTION_VOLUME_AMOUNT
CANDIDATE,,,,,,,,,,,,,603286_2026-07-06,603286,2026-07-06,2026-07-06,2026-07-07,2026-07,BOARD2,PRIMARY_MAY_JULY_D2,1.0,1.0,54.57,80010.0,,tencent_daily,daily_unadjusted,data/cache/daily_unadjusted/603286_daily.pkl,,1.0,minute_5m,data/cache/minute_5m/603286_5min.pkl,sina_5m,48.0,09:35:00,15:00:00,0.0,0.0,,1.0,0.0,0.0,0.0,0.0,NONE,NO_HISTORICAL_0925_AUCTION_VOLUME_AMOUNT
CANDIDATE,,,,,,,,,,,,,603338_2026-07-06,603338,2026-07-06,2026-07-06,2026-07-07,2026-07,BOARD2,PRIMARY_MAY_JULY_D2,1.0,1.0,53.0,109367.0,,tencent_daily,daily_unadjusted,data/cache/daily_unadjusted/603338_daily.pkl,,1.0,minute_5m,data/cache/minute_5m/603338_5min.pkl,sina_5m,48.0,09:35:00,15:00:00,0.0,0.0,,1.0,0.0,0.0,0.0,0.0,NONE,NO_HISTORICAL_0925_AUCTION_VOLUME_AMOUNT
CANDIDATE,,,,,,,,,,,,,603559_2026-07-06,603559,2026-07-06,2026-07-06,2026-07-07,2026-07,BOARD2,PRIMARY_MAY_JULY_D2,1.0,1.0,8.82,197268.0,,tencent_daily,daily,data/cache/daily/603559_daily.pkl,,0.0,,,,0.0,,,0.0,0.0,minute_5m:DATE_MISSING,1.0,0.0,0.0,0.0,0.0,NONE,NO_HISTORICAL_0925_AUCTION_VOLUME_AMOUNT
CANDIDATE,,,,,,,,,,,,,603580_2026-07-06,603580,2026-07-06,2026-07-06,2026-07-14,2026-07,BOARD2,PRIMARY_MAY_JULY_D2,1.0,1.0,33.75,6149.0,,tencent_daily,daily,data/cache/daily/603580_daily.pkl,,1.0,minute_5m,data/cache/minute_5m/603580_5min.pkl,sina_5m,43.0,09:35:00,15:00:00,0.0,0.0,,1.0,0.0,0.0,0.0,0.0,NONE,NO_HISTORICAL_0925_AUCTION_VOLUME_AMOUNT
CANDIDATE,,,,,,,,,,,,,603717_2026-07-06,603717,2026-07-06,2026-07-06,2026-07-07,2026-07,BOARD2,PRIMARY_MAY_JULY_D2,1.0,1.0,6.83,236306.0,,tencent_daily,daily_unadjusted,data/cache/daily_unadjusted/603717_daily.pkl,,1.0,minute_5m,data/cache/minute_5m/603717_5min.pkl,sina_5m,48.0,09:35:00,15:00:00,0.0,0.0,,1.0,0.0,0.0,0.0,0.0,NONE,NO_HISTORICAL_0925_AUCTION_VOLUME_AMOUNT
CANDIDATE,,,,,,,,,,,,,605189_2026-07-06,605189,2026-07-06,2026-07-06,2026-07-07,2026-07,BOARD3,PRIMARY_MAY_JULY_D2,1.0,1.0,15.31,282244.0,,tencent_daily,daily_unadjusted,data/cache/daily_unadjusted/605189_daily.pkl,,1.0,minute_5m,data/cache/minute_5m/605189_5min.pkl,sina_5m,48.0,09:35:00,15:00:00,0.0,0.0,,1.0,0.0,0.0,0.0,0.0,NONE,NO_HISTORICAL_0925_AUCTION_VOLUME_AMOUNT
CANDIDATE,,,,,,,,,,,,,000656_2026-07-07,000656,2026-07-07,2026-07-07,2026-07-08,2026-07,BOARD3,PRIMARY_MAY_JULY_D2,1.0,1.0,1.31,5900336.0,,tencent_daily,daily,data/cache/daily/000656_daily.pkl,,1.0,minute_5m,data/cache/minute_5m/000656_5min.pkl,sina_5m,48.0,09:35:00,15:00:00,0.0,0.0,,1.0,0.0,0.0,0.0,0.0,NONE,NO_HISTORICAL_0925_AUCTION_VOLUME_AMOUNT
CANDIDATE,,,,,,,,,,,,,002141_2026-07-07,002141,2026-07-07,2026-07-07,2026-07-08,2026-07,BOARD2,PRIMARY_MAY_JULY_D2,1.0,1.0,5.8,188436400.0,,sina_daily,daily_unadjusted,data/cache/daily_unadjusted/002141_daily.pkl,,0.0,,,,0.0,,,0.0,0.0,minute_5m:DATE_MISSING|baostock_5m:DATE_MISSING,1.0,0.0,0.0,0.0,0.0,NONE,NO_HISTORICAL_0925_AUCTION_VOLUME_AMOUNT
CANDIDATE,,,,,,,,,,,,,002396_2026-07-07,002396,2026-07-07,2026-07-07,2026-07-08,2026-07,BOARD2,PRIMARY_MAY_JULY_D2,1.0,1.0,27.66,55269841.0,,sina_daily,daily_unadjusted,data/cache/daily_unadjusted/002396_daily.pkl,,0.0,,,,0.0,,,0.0,0.0,minute_5m:DATE_MISSING,1.0,0.0,0.0,0.0,0.0,NONE,NO_HISTORICAL_0925_AUCTION_VOLUME_AMOUNT
CANDIDATE,,,,,,,,,,,,,002767_2026-07-07,002767,2026-07-07,2026-07-07,2026-07-08,2026-07,BOARD2,PRIMARY_MAY_JULY_D2,1.0,1.0,18.49,10785187.0,,sina_daily,daily_unadjusted,data/cache/daily_unadjusted/002767_daily.pkl,,1.0,minute_5m,data/cache/minute_5m/002767_5min.pkl,sina_5m,48.0,09:35:00,15:00:00,0.0,0.0,,1.0,0.0,0.0,0.0,0.0,NONE,NO_HISTORICAL_0925_AUCTION_VOLUME_AMOUNT
CANDIDATE,,,,,,,,,,,,,603211_2026-07-07,603211,2026-07-07,2026-07-07,2026-07-08,2026-07,BOARD2,PRIMARY_MAY_JULY_D2,1.0,1.0,36.65,192537.0,,tencent_daily,daily_unadjusted,data/cache/daily_unadjusted/603211_daily.pkl,,1.0,minute_5m,data/cache/minute_5m/603211_5min.pkl,sina_5m,48.0,09:35:00,15:00:00,0.0,0.0,,1.0,0.0,0.0,0.0,0.0,NONE,NO_HISTORICAL_0925_AUCTION_VOLUME_AMOUNT
CANDIDATE,,,,,,,,,,,,,603722_2026-07-07,603722,2026-07-07,2026-07-07,2026-07-08,2026-07,BOARD2,PRIMARY_MAY_JULY_D2,1.0,1.0,41.0,118666.0,,tencent_daily,daily_unadjusted,data/cache/daily_unadjusted/603722_daily.pkl,,1.0,minute_5m,data/cache/minute_5m/603722_5min.pkl,sina_5m,48.0,09:35:00,15:00:00,0.0,0.0,,1.0,0.0,0.0,0.0,0.0,NONE,NO_HISTORICAL_0925_AUCTION_VOLUME_AMOUNT
CANDIDATE,,,,,,,,,,,,,600246_2026-07-08,600246,2026-07-08,2026-07-08,2026-07-09,2026-07,BOARD2,PRIMARY_MAY_JULY_D2,1.0,1.0,19.36,200671222.0,,sina_daily,daily_unadjusted,data/cache/daily_unadjusted/600246_daily.pkl,,1.0,minute_5m,data/cache/minute_5m/600246_5min.pkl,sina_5m,2.0,14:55:00,15:00:00,0.0,0.0,,1.0,0.0,0.0,0.0,0.0,NONE,NO_HISTORICAL_0925_AUCTION_VOLUME_AMOUNT
CANDIDATE,,,,,,,,,,,,,603823_2026-07-08,603823,2026-07-08,2026-07-08,2026-07-09,2026-07,BOARD2,PRIMARY_MAY_JULY_D2,1.0,1.0,68.82,279684.0,,tencent_daily,daily_unadjusted,data/cache/daily_unadjusted/603823_daily.pkl,,1.0,minute_5m,data/cache/minute_5m/603823_5min.pkl,sina_5m,48.0,09:35:00,15:00:00,0.0,0.0,,1.0,0.0,0.0,0.0,0.0,NONE,NO_HISTORICAL_0925_AUCTION_VOLUME_AMOUNT
CANDIDATE,,,,,,,,,,,,,603861_2026-07-08,603861,2026-07-08,2026-07-08,2026-07-09,2026-07,BOARD2,PRIMARY_MAY_JULY_D2,1.0,1.0,13.03,407556.0,,tencent_daily,daily_unadjusted,data/cache/daily_unadjusted/603861_daily.pkl,,1.0,minute_5m,data/cache/minute_5m/603861_5min.pkl,sina_5m,48.0,09:35:00,15:00:00,0.0,0.0,,1.0,0.0,0.0,0.0,0.0,NONE,NO_HISTORICAL_0925_AUCTION_VOLUME_AMOUNT
CANDIDATE,,,,,,,,,,,,,001229_2026-07-09,001229,2026-07-09,2026-07-09,2026-07-10,2026-07,BOARD2,PRIMARY_MAY_JULY_D2,1.0,1.0,46.1,12291760.0,,sina_daily,daily_unadjusted,data/cache/daily_unadjusted/001229_daily.pkl,,1.0,minute_5m,data/cache/minute_5m/001229_5min.pkl,sina_5m,48.0,09:35:00,15:00:00,0.0,0.0,,1.0,0.0,0.0,0.0,0.0,NONE,NO_HISTORICAL_0925_AUCTION_VOLUME_AMOUNT
CANDIDATE,,,,,,,,,,,,,001365_2026-07-09,001365,2026-07-09,2026-07-09,2026-07-10,2026-07,BOARD2,PRIMARY_MAY_JULY_D2,1.0,1.0,44.97,22515295.0,,sina_daily,daily_unadjusted,data/cache/daily_unadjusted/001365_daily.pkl,,1.0,minute_5m,data/cache/minute_5m/001365_5min.pkl,sina_5m,48.0,09:35:00,15:00:00,0.0,0.0,,1.0,0.0,0.0,0.0,0.0,NONE,NO_HISTORICAL_0925_AUCTION_VOLUME_AMOUNT
CANDIDATE,,,,,,,,,,,,,002951_2026-07-09,002951,2026-07-09,2026-07-09,2026-07-10,2026-07,BOARD2,PRIMARY_MAY_JULY_D2,1.0,1.0,14.93,22217122.0,,sina_daily,daily_unadjusted,data/cache/daily_unadjusted/002951_daily.pkl,,1.0,minute_5m,data/cache/minute_5m/002951_5min.pkl,sina_5m,48.0,09:35:00,15:00:00,0.0,0.0,,1.0,0.0,0.0,0.0,0.0,NONE,NO_HISTORICAL_0925_AUCTION_VOLUME_AMOUNT
CANDIDATE,,,,,,,,,,,,,600094_2026-07-09,600094,2026-07-09,2026-07-09,2026-07-10,2026-07,BOARD2,PRIMARY_MAY_JULY_D2,1.0,1.0,3.91,59857151.0,,sina_daily,daily_unadjusted,data/cache/daily_unadjusted/600094_daily.pkl,,1.0,minute_5m,data/cache/minute_5m/600094_5min.pkl,sina_5m,48.0,09:35:00,15:00:00,0.0,0.0,,1.0,0.0,0.0,0.0,0.0,NONE,NO_HISTORICAL_0925_AUCTION_VOLUME_AMOUNT
CANDIDATE,,,,,,,,,,,,,600288_2026-07-09,600288,2026-07-09,2026-07-09,2026-07-10,2026-07,BOARD3,PRIMARY_MAY_JULY_D2,1.0,1.0,16.53,1075089.0,,tencent_daily,daily_unadjusted,data/cache/daily_unadjusted/600288_daily.pkl,,1.0,minute_5m,data/cache/minute_5m/600288_5min.pkl,sina_5m,48.0,09:35:00,15:00:00,0.0,0.0,,1.0,0.0,0.0,0.0,0.0,NONE,NO_HISTORICAL_0925_AUCTION_VOLUME_AMOUNT
CANDIDATE,,,,,,,,,,,,,000977_2026-07-10,000977,2026-07-10,2026-07-10,2026-07-13,2026-07,BOARD2,PRIMARY_MAY_JULY_D2,1.0,1.0,91.0,168585956.0,,sina_daily,daily_unadjusted,data/cache/daily_unadjusted/000977_daily.pkl,,1.0,minute_5m,data/cache/minute_5m/000977_5min.pkl,sina_5m,48.0,09:35:00,15:00:00,0.0,0.0,,1.0,0.0,0.0,0.0,0.0,NONE,NO_HISTORICAL_0925_AUCTION_VOLUME_AMOUNT
CANDIDATE,,,,,,,,,,,,,002490_2026-07-10,002490,2026-07-10,2026-07-10,2026-07-13,2026-07,BOARD2,PRIMARY_MAY_JULY_D2,1.0,1.0,7.7,107290144.0,,sina_daily,daily_unadjusted,data/cache/daily_unadjusted/002490_daily.pkl,,1.0,minute_5m,data/cache/minute_5m/002490_5min.pkl,sina_5m,48.0,09:35:00,15:00:00,0.0,0.0,,1.0,0.0,0.0,0.0,0.0,NONE,NO_HISTORICAL_0925_AUCTION_VOLUME_AMOUNT
CANDIDATE,,,,,,,,,,,,,002841_2026-07-10,002841,2026-07-10,2026-07-10,2026-07-13,2026-07,BOARD3,PRIMARY_MAY_JULY_D2,1.0,1.0,51.51,32849689.0,,sina_daily,daily_unadjusted,data/cache/daily_unadjusted/002841_daily.pkl,,1.0,minute_5m,data/cache/minute_5m/002841_5min.pkl,sina_5m,48.0,09:35:00,15:00:00,0.0,0.0,,1.0,0.0,0.0,0.0,0.0,NONE,NO_HISTORICAL_0925_AUCTION_VOLUME_AMOUNT
CANDIDATE,,,,,,,,,,,,,603928_2026-07-10,603928,2026-07-10,2026-07-10,2026-07-13,2026-07,BOARD2,PRIMARY_MAY_JULY_D2,1.0,1.0,16.94,533759.0,,tencent_daily,daily_unadjusted,data/cache/daily_unadjusted/603928_daily.pkl,,1.0,minute_5m,data/cache/minute_5m/603928_5min.pkl,sina_5m,48.0,09:35:00,15:00:00,0.0,0.0,,1.0,0.0,0.0,0.0,0.0,NONE,NO_HISTORICAL_0925_AUCTION_VOLUME_AMOUNT
CANDIDATE,,,,,,,,,,,,,000887_2026-07-13,000887,2026-07-13,2026-07-13,2026-07-14,2026-07,BOARD2,PRIMARY_MAY_JULY_D2,1.0,1.0,19.94,49311615.0,,sina_daily,daily_unadjusted,data/cache/daily_unadjusted/000887_daily.pkl,,1.0,minute_5m,data/cache/minute_5m/000887_5min.pkl,sina_5m,48.0,09:35:00,15:00:00,0.0,0.0,,1.0,0.0,0.0,0.0,0.0,NONE,NO_HISTORICAL_0925_AUCTION_VOLUME_AMOUNT
CANDIDATE,,,,,,,,,,,,,000892_2026-07-13,000892,2026-07-13,2026-07-13,2026-07-14,2026-07,BOARD2,PRIMARY_MAY_JULY_D2,1.0,1.0,4.05,124754699.0,,sina_daily,daily_unadjusted,data/cache/daily_unadjusted/000892_daily.pkl,,1.0,minute_5m,data/cache/minute_5m/000892_5min.pkl,sina_5m,48.0,09:35:00,15:00:00,0.0,0.0,,1.0,0.0,0.0,0.0,0.0,NONE,NO_HISTORICAL_0925_AUCTION_VOLUME_AMOUNT
CANDIDATE,,,,,,,,,,,,,002346_2026-07-13,002346,2026-07-13,2026-07-13,2026-07-14,2026-07,BOARD2,PRIMARY_MAY_JULY_D2,1.0,1.0,20.34,10549010.0,,sina_daily,daily_unadjusted,data/cache/daily_unadjusted/002346_daily.pkl,,1.0,minute_5m,data/cache/minute_5m/002346_5min.pkl,sina_5m,48.0,09:35:00,15:00:00,0.0,0.0,,1.0,0.0,0.0,0.0,0.0,NONE,NO_HISTORICAL_0925_AUCTION_VOLUME_AMOUNT
CANDIDATE,,,,,,,,,,,,,002414_2026-07-13,002414,2026-07-13,2026-07-13,2026-07-14,2026-07,BOARD2,PRIMARY_MAY_JULY_D2,1.0,1.0,13.79,196652357.0,,sina_daily,daily_unadjusted,data/cache/daily_unadjusted/002414_daily.pkl,,1.0,minute_5m,data/cache/minute_5m/002414_5min.pkl,sina_5m,48.0,09:35:00,15:00:00,0.0,0.0,,1.0,0.0,0.0,0.0,0.0,NONE,NO_HISTORICAL_0925_AUCTION_VOLUME_AMOUNT
CANDIDATE,,,,,,,,,,,,,002829_2026-07-13,002829,2026-07-13,2026-07-13,2026-07-14,2026-07,BOARD2,PRIMARY_MAY_JULY_D2,1.0,1.0,19.0,5778000.0,,sina_daily,daily_unadjusted,data/cache/daily_unadjusted/002829_daily.pkl,,1.0,minute_5m,data/cache/minute_5m/002829_5min.pkl,sina_5m,48.0,09:35:00,15:00:00,0.0,0.0,,1.0,0.0,0.0,0.0,0.0,NONE,NO_HISTORICAL_0925_AUCTION_VOLUME_AMOUNT
CANDIDATE,,,,,,,,,,,,,603898_2026-07-13,603898,2026-07-13,2026-07-13,2026-07-14,2026-07,BOARD2,PRIMARY_MAY_JULY_D2,1.0,1.0,14.83,77938.0,,tencent_daily,daily_unadjusted,data/cache/daily_unadjusted/603898_daily.pkl,,1.0,minute_5m,data/cache/minute_5m/603898_5min.pkl,sina_5m,48.0,09:35:00,15:00:00,0.0,0.0,,1.0,0.0,0.0,0.0,0.0,NONE,NO_HISTORICAL_0925_AUCTION_VOLUME_AMOUNT
CANDIDATE,,,,,,,,,,,,,000920_2026-07-14,000920,2026-07-14,2026-07-14,2026-07-15,2026-07,BOARD2,PRIMARY_MAY_JULY_D2,1.0,1.0,13.9,30057400.0,,sina_daily,daily_unadjusted,data/cache/daily_unadjusted/000920_daily.pkl,,1.0,minute_5m,data/cache/minute_5m/000920_5min.pkl,sina_5m,48.0,09:35:00,15:00:00,0.0,0.0,,1.0,0.0,0.0,0.0,0.0,NONE,NO_HISTORICAL_0925_AUCTION_VOLUME_AMOUNT
CANDIDATE,,,,,,,,,,,,,001395_2026-07-14,001395,2026-07-14,2026-07-14,2026-07-15,2026-07,BOARD3,PRIMARY_MAY_JULY_D2,1.0,1.0,28.84,5867277.0,,sina_daily,daily_unadjusted,data/cache/daily_unadjusted/001395_daily.pkl,,1.0,minute_5m,data/cache/minute_5m/001395_5min.pkl,sina_5m,48.0,09:35:00,15:00:00,0.0,0.0,,1.0,0.0,0.0,0.0,0.0,NONE,NO_HISTORICAL_0925_AUCTION_VOLUME_AMOUNT
CANDIDATE,,,,,,,,,,,,,003020_2026-07-14,003020,2026-07-14,2026-07-14,2026-07-15,2026-07,BOARD3,PRIMARY_MAY_JULY_D2,1.0,1.0,18.72,46313287.0,,sina_daily,daily_unadjusted,data/cache/daily_unadjusted/003020_daily.pkl,,1.0,minute_5m,data/cache/minute_5m/003020_5min.pkl,sina_5m,48.0,09:35:00,15:00:00,0.0,0.0,,1.0,0.0,0.0,0.0,0.0,NONE,NO_HISTORICAL_0925_AUCTION_VOLUME_AMOUNT
CANDIDATE,,,,,,,,,,,,,600513_2026-07-14,600513,2026-07-14,2026-07-14,2026-07-15,2026-07,BOARD2,PRIMARY_MAY_JULY_D2,1.0,1.0,16.99,523555.0,,tencent_daily,daily_unadjusted,data/cache/daily_unadjusted/600513_daily.pkl,,1.0,minute_5m,data/cache/minute_5m/600513_5min.pkl,sina_5m,48.0,09:35:00,15:00:00,0.0,0.0,,1.0,0.0,0.0,0.0,0.0,NONE,NO_HISTORICAL_0925_AUCTION_VOLUME_AMOUNT
CANDIDATE,,,,,,,,,,,,,600629_2026-07-14,600629,2026-07-14,2026-07-14,2026-07-15,2026-07,BOARD2,PRIMARY_MAY_JULY_D2,1.0,1.0,13.67,456350.0,,tencent_daily,daily_unadjusted,data/cache/daily_unadjusted/600629_daily.pkl,,1.0,minute_5m,data/cache/minute_5m/600629_5min.pkl,sina_5m,48.0,09:35:00,15:00:00,0.0,0.0,,1.0,0.0,0.0,0.0,0.0,NONE,NO_HISTORICAL_0925_AUCTION_VOLUME_AMOUNT
CANDIDATE,,,,,,,,,,,,,600992_2026-07-14,600992,2026-07-14,2026-07-14,2026-07-15,2026-07,BOARD3,PRIMARY_MAY_JULY_D2,1.0,1.0,10.28,382382.0,,tencent_daily,daily_unadjusted,data/cache/daily_unadjusted/600992_daily.pkl,,1.0,minute_5m,data/cache/minute_5m/600992_5min.pkl,sina_5m,48.0,09:35:00,15:00:00,0.0,0.0,,1.0,0.0,0.0,0.0,0.0,NONE,NO_HISTORICAL_0925_AUCTION_VOLUME_AMOUNT
CANDIDATE,,,,,,,,,,,,,601608_2026-07-14,601608,2026-07-14,2026-07-14,2026-07-15,2026-07,BOARD2,PRIMARY_MAY_JULY_D2,1.0,1.0,4.9,1669679.0,,tencent_daily,daily_unadjusted,data/cache/daily_unadjusted/601608_daily.pkl,,1.0,minute_5m,data/cache/minute_5m/601608_5min.pkl,sina_5m,48.0,09:35:00,15:00:00,0.0,0.0,,1.0,0.0,0.0,0.0,0.0,NONE,NO_HISTORICAL_0925_AUCTION_VOLUME_AMOUNT
CANDIDATE,,,,,,,,,,,,,605090_2026-07-14,605090,2026-07-14,2026-07-14,2026-07-15,2026-07,BOARD2,PRIMARY_MAY_JULY_D2,1.0,1.0,38.52,638996.0,,tencent_daily,daily_unadjusted,data/cache/daily_unadjusted/605090_daily.pkl,,1.0,minute_5m,data/cache/minute_5m/605090_5min.pkl,sina_5m,48.0,09:35:00,15:00:00,0.0,0.0,,1.0,0.0,0.0,0.0,0.0,NONE,NO_HISTORICAL_0925_AUCTION_VOLUME_AMOUNT
CANDIDATE,,,,,,,,,,,,,002379_2026-07-15,002379,2026-07-15,2026-07-15,2026-07-16,2026-07,BOARD2,PRIMARY_MAY_JULY_D2,1.0,1.0,18.19,91834203.0,,sina_daily,daily_unadjusted,data/cache/daily_unadjusted/002379_daily.pkl,,1.0,minute_5m,data/cache/minute_5m/002379_5min.pkl,sina_5m,48.0,09:35:00,15:00:00,0.0,0.0,,1.0,0.0,0.0,0.0,0.0,NONE,NO_HISTORICAL_0925_AUCTION_VOLUME_AMOUNT
CANDIDATE,,,,,,,,,,,,,603065_2026-07-15,603065,2026-07-15,2026-07-15,2026-07-16,2026-07,BOARD2,PRIMARY_MAY_JULY_D2,1.0,1.0,19.07,74379.0,,tencent_daily,daily_unadjusted,data/cache/daily_unadjusted/603065_daily.pkl,,1.0,minute_5m,data/cache/minute_5m/603065_5min.pkl,sina_5m,48.0,09:35:00,15:00:00,0.0,0.0,,1.0,0.0,0.0,0.0,0.0,NONE,NO_HISTORICAL_0925_AUCTION_VOLUME_AMOUNT
CANDIDATE,,,,,,,,,,,,,001388_2026-07-16,001388,2026-07-16,2026-07-16,2026-07-17,2026-07,BOARD3,PRIMARY_MAY_JULY_D2,1.0,1.0,20.9,19143967.0,,sina_daily,daily_unadjusted,data/cache/daily_unadjusted/001388_daily.pkl,,1.0,minute_5m,data/cache/minute_5m/001388_5min.pkl,sina_5m,48.0,09:35:00,15:00:00,0.0,0.0,,1.0,0.0,0.0,0.0,0.0,NONE,NO_HISTORICAL_0925_AUCTION_VOLUME_AMOUNT
CANDIDATE,,,,,,,,,,,,,002141_2026-07-16,002141,2026-07-16,2026-07-16,2026-07-17,2026-07,BOARD2,PRIMARY_MAY_JULY_D2,1.0,1.0,5.95,380005792.0,,sina_daily,daily_unadjusted,data/cache/daily_unadjusted/002141_daily.pkl,,1.0,minute_5m,data/cache/minute_5m/002141_5min.pkl,sina_5m,48.0,09:35:00,15:00:00,0.0,0.0,,1.0,0.0,0.0,0.0,0.0,NONE,NO_HISTORICAL_0925_AUCTION_VOLUME_AMOUNT
CANDIDATE,,,,,,,,,,,,,002432_2026-07-16,002432,2026-07-16,2026-07-16,2026-07-17,2026-07,BOARD2,PRIMARY_MAY_JULY_D2,1.0,1.0,79.2,45645583.0,,sina_daily,daily_unadjusted,data/cache/daily_unadjusted/002432_daily.pkl,,1.0,minute_5m,data/cache/minute_5m/002432_5min.pkl,sina_5m,48.0,09:35:00,15:00:00,0.0,0.0,,1.0,0.0,0.0,0.0,0.0,NONE,NO_HISTORICAL_0925_AUCTION_VOLUME_AMOUNT
CANDIDATE,,,,,,,,,,,,,600227_2026-07-16,600227,2026-07-16,2026-07-16,2026-07-17,2026-07,BOARD2,PRIMARY_MAY_JULY_D2,1.0,1.0,2.8,253049850.0,,sina_daily,daily_unadjusted,data/cache/daily_unadjusted/600227_daily.pkl,,1.0,minute_5m,data/cache/minute_5m/600227_5min.pkl,sina_5m,48.0,09:35:00,15:00:00,0.0,0.0,,1.0,0.0,0.0,0.0,0.0,NONE,NO_HISTORICAL_0925_AUCTION_VOLUME_AMOUNT
CANDIDATE,,,,,,,,,,,,,600403_2026-07-16,600403,2026-07-16,2026-07-16,2026-07-17,2026-07,BOARD2,PRIMARY_MAY_JULY_D2,1.0,1.0,5.08,1045647.0,,tencent_daily,daily_unadjusted,data/cache/daily_unadjusted/600403_daily.pkl,,1.0,minute_5m,data/cache/minute_5m/600403_5min.pkl,sina_5m,48.0,09:35:00,15:00:00,0.0,0.0,,1.0,0.0,0.0,0.0,0.0,NONE,NO_HISTORICAL_0925_AUCTION_VOLUME_AMOUNT
CANDIDATE,,,,,,,,,,,,,600746_2026-07-16,600746,2026-07-16,2026-07-16,2026-07-17,2026-07,BOARD2,PRIMARY_MAY_JULY_D2,1.0,1.0,6.12,396254.0,,tencent_daily,daily_unadjusted,data/cache/daily_unadjusted/600746_daily.pkl,,1.0,minute_5m,data/cache/minute_5m/600746_5min.pkl,sina_5m,48.0,09:35:00,15:00:00,0.0,0.0,,1.0,0.0,0.0,0.0,0.0,NONE,NO_HISTORICAL_0925_AUCTION_VOLUME_AMOUNT
CANDIDATE,,,,,,,,,,,,,600829_2026-07-16,600829,2026-07-16,2026-07-16,2026-07-17,2026-07,BOARD2,PRIMARY_MAY_JULY_D2,1.0,1.0,9.6,242547.0,,tencent_daily,daily_unadjusted,data/cache/daily_unadjusted/600829_daily.pkl,,1.0,minute_5m,data/cache/minute_5m/600829_5min.pkl,sina_5m,48.0,09:35:00,15:00:00,0.0,0.0,,1.0,0.0,0.0,0.0,0.0,NONE,NO_HISTORICAL_0925_AUCTION_VOLUME_AMOUNT
CANDIDATE,,,,,,,,,,,,,600844_2026-07-16,600844,2026-07-16,2026-07-16,2026-07-17,2026-07,BOARD2,PRIMARY_MAY_JULY_D2,1.0,1.0,2.82,1063420.0,,tencent_daily,daily_unadjusted,data/cache/daily_unadjusted/600844_daily.pkl,,1.0,minute_5m,data/cache/minute_5m/600844_5min.pkl,sina_5m,48.0,09:35:00,15:00:00,0.0,0.0,,1.0,0.0,0.0,0.0,0.0,NONE,NO_HISTORICAL_0925_AUCTION_VOLUME_AMOUNT
CANDIDATE,,,,,,,,,,,,,603137_2026-07-16,603137,2026-07-16,2026-07-16,2026-07-17,2026-07,BOARD3,PRIMARY_MAY_JULY_D2,1.0,1.0,28.85,23094.0,,tencent_daily,daily_unadjusted,data/cache/daily_unadjusted/603137_daily.pkl,,1.0,minute_5m,data/cache/minute_5m/603137_5min.pkl,sina_5m,48.0,09:35:00,15:00:00,0.0,0.0,,1.0,0.0,0.0,0.0,0.0,NONE,NO_HISTORICAL_0925_AUCTION_VOLUME_AMOUNT
CANDIDATE,,,,,,,,,,,,,605028_2026-07-16,605028,2026-07-16,2026-07-16,2026-07-17,2026-07,BOARD2,PRIMARY_MAY_JULY_D2,1.0,1.0,23.82,58236.0,,tencent_daily,daily_unadjusted,data/cache/daily_unadjusted/605028_daily.pkl,,1.0,minute_5m,data/cache/minute_5m/605028_5min.pkl,sina_5m,48.0,09:35:00,15:00:00,0.0,0.0,,1.0,0.0,0.0,0.0,0.0,NONE,NO_HISTORICAL_0925_AUCTION_VOLUME_AMOUNT
CANDIDATE,,,,,,,,,,,,,605189_2026-07-16,605189,2026-07-16,2026-07-16,2026-07-17,2026-07,BOARD2,PRIMARY_MAY_JULY_D2,1.0,1.0,15.3,295712.0,,tencent_daily,daily_unadjusted,data/cache/daily_unadjusted/605189_daily.pkl,,1.0,minute_5m,data/cache/minute_5m/605189_5min.pkl,sina_5m,48.0,09:35:00,15:00:00,0.0,0.0,,1.0,0.0,0.0,0.0,0.0,NONE,NO_HISTORICAL_0925_AUCTION_VOLUME_AMOUNT
CANDIDATE,,,,,,,,,,,,,605255_2026-07-16,605255,2026-07-16,2026-07-16,2026-07-17,2026-07,BOARD2,PRIMARY_MAY_JULY_D2,1.0,1.0,77.61,15784.0,,tencent_daily,daily_unadjusted,data/cache/daily_unadjusted/605255_daily.pkl,,1.0,minute_5m,data/cache/minute_5m/605255_5min.pkl,sina_5m,48.0,09:35:00,15:00:00,0.0,0.0,,1.0,0.0,0.0,0.0,0.0,NONE,NO_HISTORICAL_0925_AUCTION_VOLUME_AMOUNT
CANDIDATE,,,,,,,,,,,,,000504_2026-07-17,000504,2026-07-17,2026-07-17,2026-07-20,2026-07,BOARD2,PRIMARY_MAY_JULY_D2,1.0,1.0,8.4,17623900.0,,sina_daily,daily_unadjusted,data/cache/daily_unadjusted/000504_daily.pkl,,1.0,minute_5m,data/cache/minute_5m/000504_5min.pkl,sina_5m,48.0,09:35:00,15:00:00,0.0,0.0,,1.0,0.0,0.0,0.0,0.0,NONE,NO_HISTORICAL_0925_AUCTION_VOLUME_AMOUNT
CANDIDATE,,,,,,,,,,,,,000566_2026-07-17,000566,2026-07-17,2026-07-17,2026-07-20,2026-07,BOARD2,PRIMARY_MAY_JULY_D2,1.0,1.0,4.59,224570445.0,,sina_daily,daily_unadjusted,data/cache/daily_unadjusted/000566_daily.pkl,,1.0,minute_5m,data/cache/minute_5m/000566_5min.pkl,sina_5m,48.0,09:35:00,15:00:00,0.0,0.0,,1.0,0.0,0.0,0.0,0.0,NONE,NO_HISTORICAL_0925_AUCTION_VOLUME_AMOUNT
CANDIDATE,,,,,,,,,,,,,002365_2026-07-17,002365,2026-07-17,2026-07-17,2026-07-20,2026-07,BOARD2,PRIMARY_MAY_JULY_D2,1.0,1.0,11.72,44649476.0,,sina_daily,daily_unadjusted,data/cache/daily_unadjusted/002365_daily.pkl,,1.0,minute_5m,data/cache/minute_5m/002365_5min.pkl,sina_5m,48.0,09:35:00,15:00:00,0.0,0.0,,1.0,0.0,0.0,0.0,0.0,NONE,NO_HISTORICAL_0925_AUCTION_VOLUME_AMOUNT
CANDIDATE,,,,,,,,,,,,,002739_2026-07-17,002739,2026-07-17,2026-07-17,2026-07-20,2026-07,BOARD2,PRIMARY_MAY_JULY_D2,1.0,1.0,9.59,231097219.0,,sina_daily,daily_unadjusted,data/cache/daily_unadjusted/002739_daily.pkl,,1.0,minute_5m,data/cache/minute_5m/002739_5min.pkl,sina_5m,48.0,09:35:00,15:00:00,0.0,0.0,,1.0,0.0,0.0,0.0,0.0,NONE,NO_HISTORICAL_0925_AUCTION_VOLUME_AMOUNT
CANDIDATE,,,,,,,,,,,,,600785_2026-07-17,600785,2026-07-17,2026-07-17,2026-07-20,2026-07,BOARD2,PRIMARY_MAY_JULY_D2,1.0,1.0,8.28,363836.0,,tencent_daily,daily_unadjusted,data/cache/daily_unadjusted/600785_daily.pkl,,1.0,minute_5m,data/cache/minute_5m/600785_5min.pkl,sina_5m,48.0,09:35:00,15:00:00,0.0,0.0,,1.0,0.0,0.0,0.0,0.0,NONE,NO_HISTORICAL_0925_AUCTION_VOLUME_AMOUNT
CANDIDATE,,,,,,,,,,,,,000676_2026-07-20,000676,2026-07-20,2026-07-20,2026-07-21,2026-07,BOARD3,PRIMARY_MAY_JULY_D2,1.0,1.0,6.36,283041322.0,,sina_daily,daily_unadjusted,data/cache/daily_unadjusted/000676_daily.pkl,,1.0,minute_5m,data/cache/minute_5m/000676_5min.pkl,sina_5m,48.0,09:35:00,15:00:00,0.0,0.0,,1.0,0.0,0.0,0.0,0.0,NONE,NO_HISTORICAL_0925_AUCTION_VOLUME_AMOUNT
CANDIDATE,,,,,,,,,,,,,002632_2026-07-20,002632,2026-07-20,2026-07-20,2026-07-21,2026-07,BOARD2,PRIMARY_MAY_JULY_D2,1.0,1.0,8.58,11422700.0,,sina_daily,daily_unadjusted,data/cache/daily_unadjusted/002632_daily.pkl,,1.0,minute_5m,data/cache/minute_5m/002632_5min.pkl,sina_5m,48.0,09:35:00,15:00:00,0.0,0.0,,1.0,0.0,0.0,0.0,0.0,NONE,NO_HISTORICAL_0925_AUCTION_VOLUME_AMOUNT
CANDIDATE,,,,,,,,,,,,,002677_2026-07-20,002677,2026-07-20,2026-07-20,2026-07-21,2026-07,BOARD3,PRIMARY_MAY_JULY_D2,1.0,1.0,6.49,9320600.0,,sina_daily,daily_unadjusted,data/cache/daily_unadjusted/002677_daily.pkl,,1.0,minute_5m,data/cache/minute_5m/002677_5min.pkl,sina_5m,48.0,09:35:00,15:00:00,0.0,0.0,,1.0,0.0,0.0,0.0,0.0,NONE,NO_HISTORICAL_0925_AUCTION_VOLUME_AMOUNT
CANDIDATE,,,,,,,,,,,,,002829_2026-07-20,002829,2026-07-20,2026-07-20,2026-07-21,2026-07,BOARD2,PRIMARY_MAY_JULY_D2,1.0,1.0,19.87,32012547.0,,sina_daily,daily_unadjusted,data/cache/daily_unadjusted/002829_daily.pkl,,1.0,minute_5m,data/cache/minute_5m/002829_5min.pkl,sina_5m,48.0,09:35:00,15:00:00,0.0,0.0,,1.0,0.0,0.0,0.0,0.0,NONE,NO_HISTORICAL_0925_AUCTION_VOLUME_AMOUNT
CANDIDATE,,,,,,,,,,,,,600162_2026-07-20,600162,2026-07-20,2026-07-20,2026-07-21,2026-07,BOARD3,PRIMARY_MAY_JULY_D2,1.0,1.0,2.57,262437617.0,,sina_daily,daily_unadjusted,data/cache/daily_unadjusted/600162_daily.pkl,,1.0,minute_5m,data/cache/minute_5m/600162_5min.pkl,sina_5m,48.0,09:35:00,15:00:00,0.0,0.0,,1.0,0.0,0.0,0.0,0.0,NONE,NO_HISTORICAL_0925_AUCTION_VOLUME_AMOUNT
CANDIDATE,,,,,,,,,,,,,603567_2026-07-20,603567,2026-07-20,2026-07-20,2026-07-21,2026-07,BOARD2,PRIMARY_MAY_JULY_D2,1.0,1.0,5.57,1050251.0,,tencent_daily,daily_unadjusted,data/cache/daily_unadjusted/603567_daily.pkl,,1.0,minute_5m,data/cache/minute_5m/603567_5min.pkl,sina_5m,48.0,09:35:00,15:00:00,0.0,0.0,,1.0,0.0,0.0,0.0,0.0,NONE,NO_HISTORICAL_0925_AUCTION_VOLUME_AMOUNT
CANDIDATE,,,,,,,,,,,,,000037_2026-07-21,000037,2026-07-21,2026-07-21,2026-07-22,2026-07,BOARD2,PRIMARY_MAY_JULY_D2,1.0,1.0,9.36,63608777.0,,sina_daily,daily_unadjusted,data/cache/daily_unadjusted/000037_daily.pkl,,1.0,minute_5m,data/cache/minute_5m/000037_5min.pkl,sina_5m,48.0,09:35:00,15:00:00,0.0,0.0,,1.0,0.0,0.0,0.0,0.0,NONE,NO_HISTORICAL_0925_AUCTION_VOLUME_AMOUNT
CANDIDATE,,,,,,,,,,,,,000722_2026-07-21,000722,2026-07-21,2026-07-21,2026-07-22,2026-07,BOARD2,PRIMARY_MAY_JULY_D2,1.0,1.0,13.84,66438052.0,,sina_daily,daily_unadjusted,data/cache/daily_unadjusted/000722_daily.pkl,,1.0,minute_5m,data/cache/minute_5m/000722_5min.pkl,sina_5m,48.0,09:35:00,15:00:00,0.0,0.0,,1.0,0.0,0.0,0.0,0.0,NONE,NO_HISTORICAL_0925_AUCTION_VOLUME_AMOUNT
CANDIDATE,,,,,,,,,,,,,000899_2026-07-21,000899,2026-07-21,2026-07-21,2026-07-22,2026-07,BOARD2,PRIMARY_MAY_JULY_D2,1.0,1.0,10.65,47871002.0,,sina_daily,daily_unadjusted,data/cache/daily_unadjusted/000899_daily.pkl,,1.0,minute_5m,data/cache/minute_5m/000899_5min.pkl,sina_5m,48.0,09:35:00,15:00:00,0.0,0.0,,1.0,0.0,0.0,0.0,0.0,NONE,NO_HISTORICAL_0925_AUCTION_VOLUME_AMOUNT
CANDIDATE,,,,,,,,,,,,,600227_2026-07-21,600227,2026-07-21,2026-07-21,2026-07-22,2026-07,BOARD2,PRIMARY_MAY_JULY_D2,1.0,1.0,2.8,206065438.0,,sina_daily,daily_unadjusted,data/cache/daily_unadjusted/600227_daily.pkl,,1.0,minute_5m,data/cache/minute_5m/600227_5min.pkl,sina_5m,48.0,09:35:00,15:00:00,0.0,0.0,,1.0,0.0,0.0,0.0,0.0,NONE,NO_HISTORICAL_0925_AUCTION_VOLUME_AMOUNT
CANDIDATE,,,,,,,,,,,,,600236_2026-07-21,600236,2026-07-21,2026-07-21,2026-07-22,2026-07,BOARD2,PRIMARY_MAY_JULY_D2,1.0,1.0,10.81,78875416.0,,sina_daily,daily_unadjusted,data/cache/daily_unadjusted/600236_daily.pkl,,1.0,minute_5m,data/cache/minute_5m/600236_5min.pkl,sina_5m,48.0,09:35:00,15:00:00,0.0,0.0,,1.0,0.0,0.0,0.0,0.0,NONE,NO_HISTORICAL_0925_AUCTION_VOLUME_AMOUNT
CANDIDATE,,,,,,,,,,,,,600644_2026-07-21,600644,2026-07-21,2026-07-21,2026-07-22,2026-07,BOARD2,PRIMARY_MAY_JULY_D2,1.0,1.0,9.3,902125.0,,tencent_daily,daily_unadjusted,data/cache/daily_unadjusted/600644_daily.pkl,,1.0,minute_5m,data/cache/minute_5m/600644_5min.pkl,sina_5m,48.0,09:35:00,15:00:00,0.0,0.0,,1.0,0.0,0.0,0.0,0.0,NONE,NO_HISTORICAL_0925_AUCTION_VOLUME_AMOUNT
CANDIDATE,,,,,,,,,,,,,600722_2026-07-21,600722,2026-07-21,2026-07-21,2026-07-22,2026-07,BOARD2,PRIMARY_MAY_JULY_D2,1.0,1.0,8.77,1384875.0,,tencent_daily,daily_unadjusted,data/cache/daily_unadjusted/600722_daily.pkl,,1.0,minute_5m,data/cache/minute_5m/600722_5min.pkl,sina_5m,48.0,09:35:00,15:00:00,0.0,0.0,,1.0,0.0,0.0,0.0,0.0,NONE,NO_HISTORICAL_0925_AUCTION_VOLUME_AMOUNT
CANDIDATE,,,,,,,,,,,,,000889_2026-07-22,000889,2026-07-22,2026-07-22,2026-07-23,2026-07,BOARD2,PRIMARY_MAY_JULY_D2,1.0,1.0,3.88,151677899.0,,sina_daily,daily_unadjusted,data/cache/daily_unadjusted/000889_daily.pkl,,1.0,minute_5m,data/cache/minute_5m/000889_5min.pkl,sina_5m,48.0,09:35:00,15:00:00,0.0,0.0,,1.0,0.0,0.0,0.0,0.0,NONE,NO_HISTORICAL_0925_AUCTION_VOLUME_AMOUNT
CANDIDATE,,,,,,,,,,,,,002036_2026-07-22,002036,2026-07-22,2026-07-22,2026-07-30,2026-07,BOARD2,PRIMARY_MAY_JULY_D2,1.0,1.0,7.25,115051656.0,,sina_daily,daily_unadjusted,data/cache/daily_unadjusted/002036_daily.pkl,,1.0,minute_5m,data/cache/minute_5m/002036_5min.pkl,sina_5m,48.0,09:35:00,15:00:00,0.0,0.0,,1.0,0.0,0.0,0.0,0.0,NONE,NO_HISTORICAL_0925_AUCTION_VOLUME_AMOUNT
CANDIDATE,,,,,,,,,,,,,002213_2026-07-23,002213,2026-07-23,2026-07-23,2026-07-24,2026-07,BOARD2,PRIMARY_MAY_JULY_D2,1.0,1.0,27.16,17970223.0,,sina_daily,daily_unadjusted,data/cache/daily_unadjusted/002213_daily.pkl,,1.0,minute_5m,data/cache/minute_5m/002213_5min.pkl,sina_5m,48.0,09:35:00,15:00:00,0.0,0.0,,1.0,0.0,0.0,0.0,0.0,NONE,NO_HISTORICAL_0925_AUCTION_VOLUME_AMOUNT
CANDIDATE,,,,,,,,,,,,,603118_2026-07-23,603118,2026-07-23,2026-07-23,2026-07-24,2026-07,BOARD2,PRIMARY_MAY_JULY_D2,1.0,1.0,15.75,1700669.0,,tencent_daily,daily_unadjusted,data/cache/daily_unadjusted/603118_daily.pkl,,1.0,minute_5m,data/cache/minute_5m/603118_5min.pkl,sina_5m,48.0,09:35:00,15:00:00,0.0,0.0,,1.0,0.0,0.0,0.0,0.0,NONE,NO_HISTORICAL_0925_AUCTION_VOLUME_AMOUNT
CANDIDATE,,,,,,,,,,,,,603407_2026-07-23,603407,2026-07-23,2026-07-23,2026-07-24,2026-07,BOARD2,PRIMARY_MAY_JULY_D2,1.0,1.0,59.62,82549.0,,tencent_daily,daily_unadjusted,data/cache/daily_unadjusted/603407_daily.pkl,,1.0,minute_5m,data/cache/minute_5m/603407_5min.pkl,sina_5m,48.0,09:35:00,15:00:00,0.0,0.0,,1.0,0.0,0.0,0.0,0.0,NONE,NO_HISTORICAL_0925_AUCTION_VOLUME_AMOUNT
CANDIDATE,,,,,,,,,,,,,603629_2026-07-23,603629,2026-07-23,2026-07-23,2026-07-24,2026-07,BOARD2,PRIMARY_MAY_JULY_D2,1.0,1.0,114.0,435395.0,,tencent_daily,daily_unadjusted,data/cache/daily_unadjusted/603629_daily.pkl,,1.0,minute_5m,data/cache/minute_5m/603629_5min.pkl,sina_5m,48.0,09:35:00,15:00:00,0.0,0.0,,1.0,0.0,0.0,0.0,0.0,NONE,NO_HISTORICAL_0925_AUCTION_VOLUME_AMOUNT
CANDIDATE,,,,,,,,,,,,,000603_2026-07-24,000603,2026-07-24,2026-07-24,2026-07-27,2026-07,BOARD3,PRIMARY_MAY_JULY_D2,1.0,1.0,25.14,73609035.0,,sina_daily,daily_unadjusted,data/cache/daily_unadjusted/000603_daily.pkl,,1.0,minute_5m,data/cache/minute_5m/000603_5min.pkl,sina_5m,48.0,09:35:00,15:00:00,0.0,0.0,,1.0,0.0,0.0,0.0,0.0,NONE,NO_HISTORICAL_0925_AUCTION_VOLUME_AMOUNT
CANDIDATE,,,,,,,,,,,,,002197_2026-07-24,002197,2026-07-24,2026-07-24,2026-07-27,2026-07,BOARD3,PRIMARY_MAY_JULY_D2,1.0,1.0,6.55,103480102.0,,sina_daily,daily_unadjusted,data/cache/daily_unadjusted/002197_daily.pkl,,1.0,minute_5m,data/cache/minute_5m/002197_5min.pkl,sina_5m,48.0,09:35:00,15:00:00,0.0,0.0,,1.0,0.0,0.0,0.0,0.0,NONE,NO_HISTORICAL_0925_AUCTION_VOLUME_AMOUNT
CANDIDATE,,,,,,,,,,,,,002412_2026-07-24,002412,2026-07-24,2026-07-24,2026-07-27,2026-07,BOARD2,PRIMARY_MAY_JULY_D2,1.0,1.0,6.94,92434027.0,,sina_daily,daily_unadjusted,data/cache/daily_unadjusted/002412_daily.pkl,,1.0,minute_5m,data/cache/minute_5m/002412_5min.pkl,sina_5m,48.0,09:35:00,15:00:00,0.0,0.0,,1.0,0.0,0.0,0.0,0.0,NONE,NO_HISTORICAL_0925_AUCTION_VOLUME_AMOUNT
CANDIDATE,,,,,,,,,,,,,002900_2026-07-24,002900,2026-07-24,2026-07-24,2026-07-27,2026-07,BOARD2,PRIMARY_MAY_JULY_D2,1.0,1.0,10.88,24885871.0,,sina_daily,daily_unadjusted,data/cache/daily_unadjusted/002900_daily.pkl,,1.0,minute_5m,data/cache/minute_5m/002900_5min.pkl,sina_5m,48.0,09:35:00,15:00:00,0.0,0.0,,1.0,0.0,0.0,0.0,0.0,NONE,NO_HISTORICAL_0925_AUCTION_VOLUME_AMOUNT
CANDIDATE,,,,,,,,,,,,,600396_2026-07-24,600396,2026-07-24,2026-07-24,2026-07-27,2026-07,BOARD2,PRIMARY_MAY_JULY_D2,1.0,1.0,14.0,2987290.0,,tencent_daily,daily_unadjusted,data/cache/daily_unadjusted/600396_daily.pkl,,1.0,minute_5m,data/cache/minute_5m/600396_5min.pkl,sina_5m,48.0,09:35:00,15:00:00,0.0,0.0,,1.0,0.0,0.0,0.0,0.0,NONE,NO_HISTORICAL_0925_AUCTION_VOLUME_AMOUNT
CANDIDATE,,,,,,,,,,,,,600722_2026-07-24,600722,2026-07-24,2026-07-24,2026-07-27,2026-07,BOARD2,PRIMARY_MAY_JULY_D2,1.0,1.0,10.29,147986.0,,tencent_daily,daily_unadjusted,data/cache/daily_unadjusted/600722_daily.pkl,,1.0,minute_5m,data/cache/minute_5m/600722_5min.pkl,sina_5m,48.0,09:35:00,15:00:00,0.0,0.0,,1.0,0.0,0.0,0.0,0.0,NONE,NO_HISTORICAL_0925_AUCTION_VOLUME_AMOUNT
CANDIDATE,,,,,,,,,,,,,603619_2026-07-24,603619,2026-07-24,2026-07-24,2026-07-27,2026-07,BOARD2,PRIMARY_MAY_JULY_D2,1.0,1.0,20.43,399879.0,,tencent_daily,daily_unadjusted,data/cache/daily_unadjusted/603619_daily.pkl,,1.0,minute_5m,data/cache/minute_5m/603619_5min.pkl,sina_5m,48.0,09:35:00,15:00:00,0.0,0.0,,1.0,0.0,0.0,0.0,0.0,NONE,NO_HISTORICAL_0925_AUCTION_VOLUME_AMOUNT
CANDIDATE,,,,,,,,,,,,,603988_2026-07-24,603988,2026-07-24,2026-07-24,2026-07-27,2026-07,BOARD2,PRIMARY_MAY_JULY_D2,1.0,1.0,15.68,213685.0,,tencent_daily,daily_unadjusted,data/cache/daily_unadjusted/603988_daily.pkl,,1.0,minute_5m,data/cache/minute_5m/603988_5min.pkl,sina_5m,48.0,09:35:00,15:00:00,0.0,0.0,,1.0,0.0,0.0,0.0,0.0,NONE,NO_HISTORICAL_0925_AUCTION_VOLUME_AMOUNT
CANDIDATE,,,,,,,,,,,,,605162_2026-07-24,605162,2026-07-24,2026-07-24,2026-07-27,2026-07,BOARD2,PRIMARY_MAY_JULY_D2,1.0,1.0,7.78,453030.0,,tencent_daily,daily_unadjusted,data/cache/daily_unadjusted/605162_daily.pkl,,1.0,minute_5m,data/cache/minute_5m/605162_5min.pkl,sina_5m,48.0,09:35:00,15:00:00,0.0,0.0,,1.0,0.0,0.0,0.0,0.0,NONE,NO_HISTORICAL_0925_AUCTION_VOLUME_AMOUNT
CANDIDATE,,,,,,,,,,,,,000011_2026-07-27,000011,2026-07-27,2026-07-27,2026-07-28,2026-07,BOARD2,PRIMARY_MAY_JULY_D2,1.0,1.0,8.28,46028795.0,,sina_daily,daily_unadjusted,data/cache/daily_unadjusted/000011_daily.pkl,,1.0,minute_5m,data/cache/minute_5m/000011_5min.pkl,sina_5m,48.0,09:35:00,15:00:00,0.0,0.0,,1.0,0.0,0.0,0.0,0.0,NONE,NO_HISTORICAL_0925_AUCTION_VOLUME_AMOUNT
CANDIDATE,,,,,,,,,,,,,000595_2026-07-27,000595,2026-07-27,2026-07-27,2026-07-28,2026-07,BOARD3,PRIMARY_MAY_JULY_D2,1.0,1.0,5.84,769334.0,,tencent_daily,daily,data/cache/daily/000595_daily.pkl,,1.0,minute_5m,data/cache/minute_5m/000595_5min.pkl,sina_5m,48.0,09:35:00,15:00:00,0.0,0.0,,1.0,0.0,0.0,0.0,0.0,NONE,NO_HISTORICAL_0925_AUCTION_VOLUME_AMOUNT
CANDIDATE,,,,,,,,,,,,,000668_2026-07-27,000668,2026-07-27,2026-07-27,2026-07-28,2026-07,BOARD2,PRIMARY_MAY_JULY_D2,1.0,1.0,18.95,7288103.0,,sina_daily,daily_unadjusted,data/cache/daily_unadjusted/000668_daily.pkl,,1.0,minute_5m,data/cache/minute_5m/000668_5min.pkl,sina_5m,48.0,09:35:00,15:00:00,0.0,0.0,,1.0,0.0,0.0,0.0,0.0,NONE,NO_HISTORICAL_0925_AUCTION_VOLUME_AMOUNT
CANDIDATE,,,,,,,,,,,,,002083_2026-07-27,002083,2026-07-27,2026-07-27,2026-07-28,2026-07,BOARD2,PRIMARY_MAY_JULY_D2,1.0,1.0,11.8,147083058.0,,sina_daily,daily_unadjusted,data/cache/daily_unadjusted/002083_daily.pkl,,1.0,minute_5m,data/cache/minute_5m/002083_5min.pkl,sina_5m,48.0,09:35:00,15:00:00,0.0,0.0,,1.0,0.0,0.0,0.0,0.0,NONE,NO_HISTORICAL_0925_AUCTION_VOLUME_AMOUNT
CANDIDATE,,,,,,,,,,,,,002199_2026-07-27,002199,2026-07-27,2026-07-27,2026-07-28,2026-07,BOARD2,PRIMARY_MAY_JULY_D2,1.0,1.0,10.72,81298.0,,tencent_daily,daily,data/cache/daily/002199_daily.pkl,,1.0,minute_5m,data/cache/minute_5m/002199_5min.pkl,sina_5m,48.0,09:35:00,15:00:00,0.0,0.0,,1.0,0.0,0.0,0.0,0.0,NONE,NO_HISTORICAL_0925_AUCTION_VOLUME_AMOUNT
CANDIDATE,,,,,,,,,,,,,002218_2026-07-27,002218,2026-07-27,2026-07-27,2026-07-28,2026-07,BOARD2,PRIMARY_MAY_JULY_D2,1.0,1.0,4.12,147278107.0,,sina_daily,daily_unadjusted,data/cache/daily_unadjusted/002218_daily.pkl,,1.0,minute_5m,data/cache/minute_5m/002218_5min.pkl,sina_5m,48.0,09:35:00,15:00:00,0.0,0.0,,1.0,0.0,0.0,0.0,0.0,NONE,NO_HISTORICAL_0925_AUCTION_VOLUME_AMOUNT
CANDIDATE,,,,,,,,,,,,,002298_2026-07-27,002298,2026-07-27,2026-07-27,2026-07-28,2026-07,BOARD2,PRIMARY_MAY_JULY_D2,1.0,1.0,8.3,93116147.0,,sina_daily,daily_unadjusted,data/cache/daily_unadjusted/002298_daily.pkl,,1.0,minute_5m,data/cache/minute_5m/002298_5min.pkl,sina_5m,48.0,09:35:00,15:00:00,0.0,0.0,,1.0,0.0,0.0,0.0,0.0,NONE,NO_HISTORICAL_0925_AUCTION_VOLUME_AMOUNT
CANDIDATE,,,,,,,,,,,,,002300_2026-07-27,002300,2026-07-27,2026-07-27,2026-07-28,2026-07,BOARD2,PRIMARY_MAY_JULY_D2,1.0,1.0,7.32,75005567.0,,sina_daily,daily_unadjusted,data/cache/daily_unadjusted/002300_daily.pkl,,1.0,minute_5m,data/cache/minute_5m/002300_5min.pkl,sina_5m,48.0,09:35:00,15:00:00,0.0,0.0,,1.0,0.0,0.0,0.0,0.0,NONE,NO_HISTORICAL_0925_AUCTION_VOLUME_AMOUNT
CANDIDATE,,,,,,,,,,,,,002498_2026-07-27,002498,2026-07-27,2026-07-27,2026-07-28,2026-07,BOARD2,PRIMARY_MAY_JULY_D2,1.0,1.0,6.76,255466985.0,,sina_daily,daily_unadjusted,data/cache/daily_unadjusted/002498_daily.pkl,,1.0,minute_5m,data/cache/minute_5m/002498_5min.pkl,sina_5m,48.0,09:35:00,15:00:00,0.0,0.0,,1.0,0.0,0.0,0.0,0.0,NONE,NO_HISTORICAL_0925_AUCTION_VOLUME_AMOUNT
CANDIDATE,,,,,,,,,,,,,003001_2026-07-27,003001,2026-07-27,2026-07-27,2026-07-28,2026-07,BOARD2,PRIMARY_MAY_JULY_D2,1.0,1.0,19.2,20410416.0,,sina_daily,daily_unadjusted,data/cache/daily_unadjusted/003001_daily.pkl,,1.0,minute_5m,data/cache/minute_5m/003001_5min.pkl,sina_5m,48.0,09:35:00,15:00:00,0.0,0.0,,1.0,0.0,0.0,0.0,0.0,NONE,NO_HISTORICAL_0925_AUCTION_VOLUME_AMOUNT
CANDIDATE,,,,,,,,,,,,,600698_2026-07-27,600698,2026-07-27,2026-07-27,2026-07-28,2026-07,BOARD2,PRIMARY_MAY_JULY_D2,1.0,1.0,6.76,635505.0,,tencent_daily,daily_unadjusted,data/cache/daily_unadjusted/600698_daily.pkl,,1.0,minute_5m,data/cache/minute_5m/600698_5min.pkl,sina_5m,48.0,09:35:00,15:00:00,0.0,0.0,,1.0,0.0,0.0,0.0,0.0,NONE,NO_HISTORICAL_0925_AUCTION_VOLUME_AMOUNT
CANDIDATE,,,,,,,,,,,,,600984_2026-07-27,600984,2026-07-27,2026-07-27,2026-07-28,2026-07,BOARD2,PRIMARY_MAY_JULY_D2,1.0,1.0,4.0,434039.0,,tencent_daily,daily_unadjusted,data/cache/daily_unadjusted/600984_daily.pkl,,1.0,minute_5m,data/cache/minute_5m/600984_5min.pkl,sina_5m,48.0,09:35:00,15:00:00,0.0,0.0,,1.0,0.0,0.0,0.0,0.0,NONE,NO_HISTORICAL_0925_AUCTION_VOLUME_AMOUNT
CANDIDATE,,,,,,,,,,,,,603956_2026-07-27,603956,2026-07-27,2026-07-27,2026-07-28,2026-07,BOARD2,PRIMARY_MAY_JULY_D2,1.0,1.0,6.05,378878.0,,tencent_daily,daily_unadjusted,data/cache/daily_unadjusted/603956_daily.pkl,,1.0,minute_5m,data/cache/minute_5m/603956_5min.pkl,sina_5m,48.0,09:35:00,15:00:00,0.0,0.0,,1.0,0.0,0.0,0.0,0.0,NONE,NO_HISTORICAL_0925_AUCTION_VOLUME_AMOUNT
CANDIDATE,,,,,,,,,,,,,600617_2026-07-28,600617,2026-07-28,2026-07-28,2026-07-29,2026-07,BOARD2,PRIMARY_MAY_JULY_D2,1.0,1.0,3.29,1951222.0,,tencent_daily,daily_unadjusted,data/cache/daily_unadjusted/600617_daily.pkl,,1.0,minute_5m,data/cache/minute_5m/600617_5min.pkl,sina_5m,48.0,09:35:00,15:00:00,0.0,0.0,,1.0,0.0,0.0,0.0,0.0,NONE,NO_HISTORICAL_0925_AUCTION_VOLUME_AMOUNT
CANDIDATE,,,,,,,,,,,,,601606_2026-07-28,601606,2026-07-28,2026-07-28,2026-07-29,2026-07,BOARD3,PRIMARY_MAY_JULY_D2,1.0,1.0,33.0,674932.0,,tencent_daily,daily_unadjusted,data/cache/daily_unadjusted/601606_daily.pkl,,1.0,minute_5m,data/cache/minute_5m/601606_5min.pkl,sina_5m,48.0,09:35:00,15:00:00,0.0,0.0,,1.0,0.0,0.0,0.0,0.0,NONE,NO_HISTORICAL_0925_AUCTION_VOLUME_AMOUNT
CANDIDATE,,,,,,,,,,,,,603690_2026-07-28,603690,2026-07-28,2026-07-28,2026-07-29,2026-07,BOARD2,PRIMARY_MAY_JULY_D2,1.0,1.0,25.1,847606.0,,tencent_daily,daily_unadjusted,data/cache/daily_unadjusted/603690_daily.pkl,,1.0,minute_5m,data/cache/minute_5m/603690_5min.pkl,sina_5m,48.0,09:35:00,15:00:00,0.0,0.0,,1.0,0.0,0.0,0.0,0.0,NONE,NO_HISTORICAL_0925_AUCTION_VOLUME_AMOUNT
CANDIDATE,,,,,,,,,,,,,000566_2026-07-29,000566,2026-07-29,2026-07-29,2026-07-30,2026-07,BOARD2,PRIMARY_MAY_JULY_D2,1.0,1.0,5.45,365539447.0,,sina_daily,daily_unadjusted,data/cache/daily_unadjusted/000566_daily.pkl,,1.0,minute_5m,data/cache/minute_5m/000566_5min.pkl,sina_5m,48.0,09:35:00,15:00:00,0.0,0.0,,1.0,0.0,0.0,0.0,0.0,NONE,NO_HISTORICAL_0925_AUCTION_VOLUME_AMOUNT
CANDIDATE,,,,,,,,,,,,,002173_2026-07-29,002173,2026-07-29,2026-07-29,2026-07-30,2026-07,BOARD2,PRIMARY_MAY_JULY_D2,1.0,1.0,20.18,97350789.0,,sina_daily,daily_unadjusted,data/cache/daily_unadjusted/002173_daily.pkl,,1.0,minute_5m,data/cache/minute_5m/002173_5min.pkl,sina_5m,48.0,09:35:00,15:00:00,0.0,0.0,,1.0,0.0,0.0,0.0,0.0,NONE,NO_HISTORICAL_0925_AUCTION_VOLUME_AMOUNT
CANDIDATE,,,,,,,,,,,,,002309_2026-07-29,002309,2026-07-29,2026-07-29,2026-07-30,2026-07,BOARD2,PRIMARY_MAY_JULY_D2,1.0,1.0,3.21,293270662.0,,sina_daily,daily_unadjusted,data/cache/daily_unadjusted/002309_daily.pkl,,1.0,minute_5m,data/cache/minute_5m/002309_5min.pkl,sina_5m,48.0,09:35:00,15:00:00,0.0,0.0,,1.0,0.0,0.0,0.0,0.0,NONE,NO_HISTORICAL_0925_AUCTION_VOLUME_AMOUNT
CANDIDATE,,,,,,,,,,,,,002310_2026-07-29,002310,2026-07-29,2026-07-29,2026-07-30,2026-07,BOARD2,PRIMARY_MAY_JULY_D2,1.0,1.0,2.58,340987817.0,,sina_daily,daily_unadjusted,data/cache/daily_unadjusted/002310_daily.pkl,,1.0,minute_5m,data/cache/minute_5m/002310_5min.pkl,sina_5m,48.0,09:35:00,15:00:00,0.0,0.0,,1.0,0.0,0.0,0.0,0.0,NONE,NO_HISTORICAL_0925_AUCTION_VOLUME_AMOUNT
CANDIDATE,,,,,,,,,,,,,002388_2026-07-29,002388,2026-07-29,2026-07-29,2026-07-30,2026-07,BOARD3,PRIMARY_MAY_JULY_D2,1.0,1.0,4.99,105589899.0,,sina_daily,daily_unadjusted,data/cache/daily_unadjusted/002388_daily.pkl,,1.0,minute_5m,data/cache/minute_5m/002388_5min.pkl,sina_5m,48.0,09:35:00,15:00:00,0.0,0.0,,1.0,0.0,0.0,0.0,0.0,NONE,NO_HISTORICAL_0925_AUCTION_VOLUME_AMOUNT
CANDIDATE,,,,,,,,,,,,,002969_2026-07-29,002969,2026-07-29,2026-07-29,2026-07-30,2026-07,BOARD2,PRIMARY_MAY_JULY_D2,1.0,1.0,12.45,126016668.0,,sina_daily,daily_unadjusted,data/cache/daily_unadjusted/002969_daily.pkl,,1.0,minute_5m,data/cache/minute_5m/002969_5min.pkl,sina_5m,48.0,09:35:00,15:00:00,0.0,0.0,,1.0,0.0,0.0,0.0,0.0,NONE,NO_HISTORICAL_0925_AUCTION_VOLUME_AMOUNT
CANDIDATE,,,,,,,,,,,,,600775_2026-07-29,600775,2026-07-29,2026-07-29,2026-07-30,2026-07,BOARD2,PRIMARY_MAY_JULY_D2,1.0,1.0,9.43,465333.0,,tencent_daily,daily_unadjusted,data/cache/daily_unadjusted/600775_daily.pkl,,1.0,minute_5m,data/cache/minute_5m/600775_5min.pkl,sina_5m,48.0,09:35:00,15:00:00,0.0,0.0,,1.0,0.0,0.0,0.0,0.0,NONE,NO_HISTORICAL_0925_AUCTION_VOLUME_AMOUNT
CANDIDATE,,,,,,,,,,,,,603358_2026-07-29,603358,2026-07-29,2026-07-29,2026-07-30,2026-07,BOARD2,PRIMARY_MAY_JULY_D2,1.0,1.0,40.19,170333.0,,tencent_daily,daily_unadjusted,data/cache/daily_unadjusted/603358_daily.pkl,,1.0,minute_5m,data/cache/minute_5m/603358_5min.pkl,sina_5m,48.0,09:35:00,15:00:00,0.0,0.0,,1.0,0.0,0.0,0.0,0.0,NONE,NO_HISTORICAL_0925_AUCTION_VOLUME_AMOUNT
CANDIDATE,,,,,,,,,,,,,603389_2026-07-29,603389,2026-07-29,2026-07-29,2026-07-30,2026-07,BOARD2,PRIMARY_MAY_JULY_D2,1.0,1.0,43.39,44143.0,,tencent_daily,daily,data/cache/daily/603389_daily.pkl,,1.0,minute_5m,data/cache/minute_5m/603389_5min.pkl,sina_5m,48.0,09:35:00,15:00:00,0.0,0.0,,1.0,0.0,0.0,0.0,0.0,NONE,NO_HISTORICAL_0925_AUCTION_VOLUME_AMOUNT
CANDIDATE,,,,,,,,,,,,,603716_2026-07-29,603716,2026-07-29,2026-07-29,2026-07-30,2026-07,BOARD2,PRIMARY_MAY_JULY_D2,1.0,1.0,15.66,307895.0,,tencent_daily,daily_unadjusted,data/cache/daily_unadjusted/603716_daily.pkl,,1.0,minute_5m,data/cache/minute_5m/603716_5min.pkl,sina_5m,48.0,09:35:00,15:00:00,0.0,0.0,,1.0,0.0,0.0,0.0,0.0,NONE,NO_HISTORICAL_0925_AUCTION_VOLUME_AMOUNT
CANDIDATE,,,,,,,,,,,,,000428_2026-07-30,000428,2026-07-30,2026-07-30,2026-07-31,2026-07,BOARD3,PRIMARY_MAY_JULY_D2,1.0,1.0,3.78,119706899.0,,sina_daily,daily_unadjusted,data/cache/daily_unadjusted/000428_daily.pkl,,1.0,minute_5m,data/cache/minute_5m/000428_5min.pkl,sina_5m,48.0,09:35:00,15:00:00,0.0,0.0,,1.0,0.0,0.0,0.0,0.0,NONE,NO_HISTORICAL_0925_AUCTION_VOLUME_AMOUNT
CANDIDATE,,,,,,,,,,,,,001358_2026-07-30,001358,2026-07-30,2026-07-30,2026-07-31,2026-07,BOARD3,PRIMARY_MAY_JULY_D2,1.0,1.0,24.77,10219830.0,,sina_daily,daily_unadjusted,data/cache/daily_unadjusted/001358_daily.pkl,,1.0,minute_5m,data/cache/minute_5m/001358_5min.pkl,sina_5m,48.0,09:35:00,15:00:00,0.0,0.0,,1.0,0.0,0.0,0.0,0.0,NONE,NO_HISTORICAL_0925_AUCTION_VOLUME_AMOUNT
CANDIDATE,,,,,,,,,,,,,002199_2026-07-30,002199,2026-07-30,2026-07-30,2026-07-31,2026-07,BOARD2,PRIMARY_MAY_JULY_D2,1.0,1.0,13.17,303771.0,,tencent_daily,daily,data/cache/daily/002199_daily.pkl,,1.0,minute_5m,data/cache/minute_5m/002199_5min.pkl,sina_5m,48.0,09:35:00,15:00:00,0.0,0.0,,1.0,0.0,0.0,0.0,0.0,NONE,NO_HISTORICAL_0925_AUCTION_VOLUME_AMOUNT
CANDIDATE,,,,,,,,,,,,,002212_2026-07-30,002212,2026-07-30,2026-07-30,2026-07-31,2026-07,BOARD2,PRIMARY_MAY_JULY_D2,1.0,1.0,6.11,141292626.0,,sina_daily,daily_unadjusted,data/cache/daily_unadjusted/002212_daily.pkl,,1.0,minute_5m,data/cache/minute_5m/002212_5min.pkl,sina_5m,48.0,09:35:00,15:00:00,0.0,0.0,,1.0,0.0,0.0,0.0,0.0,NONE,NO_HISTORICAL_0925_AUCTION_VOLUME_AMOUNT
CANDIDATE,,,,,,,,,,,,,600693_2026-07-30,600693,2026-07-30,2026-07-30,2026-07-31,2026-07,BOARD2,PRIMARY_MAY_JULY_D2,1.0,1.0,8.27,1537132.0,,tencent_daily,daily_unadjusted,data/cache/daily_unadjusted/600693_daily.pkl,,1.0,minute_5m,data/cache/minute_5m/600693_5min.pkl,sina_5m,48.0,09:35:00,15:00:00,0.0,0.0,,1.0,0.0,0.0,0.0,0.0,NONE,NO_HISTORICAL_0925_AUCTION_VOLUME_AMOUNT
CANDIDATE,,,,,,,,,,,,,603400_2026-07-30,603400,2026-07-30,2026-07-30,2026-07-31,2026-07,BOARD2,PRIMARY_MAY_JULY_D2,1.0,1.0,43.9,78936.0,,tencent_daily,daily_unadjusted,data/cache/daily_unadjusted/603400_daily.pkl,,1.0,minute_5m,data/cache/minute_5m/603400_5min.pkl,sina_5m,48.0,09:35:00,15:00:00,0.0,0.0,,1.0,0.0,0.0,0.0,0.0,NONE,NO_HISTORICAL_0925_AUCTION_VOLUME_AMOUNT
CANDIDATE,,,,,,,,,,,,,603580_2026-07-30,603580,2026-07-30,2026-07-30,2026-07-31,2026-07,BOARD2,PRIMARY_MAY_JULY_D2,1.0,1.0,50.6,150160.0,,tencent_daily,daily,data/cache/daily/603580_daily.pkl,,1.0,minute_5m,data/cache/minute_5m/603580_5min.pkl,sina_5m,48.0,09:35:00,15:00:00,0.0,0.0,,1.0,0.0,0.0,0.0,0.0,NONE,NO_HISTORICAL_0925_AUCTION_VOLUME_AMOUNT
CANDIDATE,,,,,,,,,,,,,002882_2026-07-31,002882,2026-07-31,2026-07-31,2026-08-03,2026-07,BOARD2,AUGUST_AVAILABILITY_ONLY,0.0,1.0,21.63,28381281.0,,sina_daily,daily_unadjusted,data/cache/daily_unadjusted/002882_daily.pkl,,1.0,minute_5m,data/cache/minute_5m/002882_5min.pkl,sina_5m,48.0,09:35:00,15:00:00,0.0,0.0,,1.0,0.0,0.0,0.0,0.0,NONE,NO_HISTORICAL_0925_AUCTION_VOLUME_AMOUNT
CANDIDATE,,,,,,,,,,,,,600228_2026-07-31,600228,2026-07-31,2026-07-31,2026-08-03,2026-07,BOARD2,AUGUST_AVAILABILITY_ONLY,0.0,1.0,7.35,63021637.0,,sina_daily,daily_unadjusted,data/cache/daily_unadjusted/600228_daily.pkl,,1.0,minute_5m,data/cache/minute_5m/600228_5min.pkl,sina_5m,48.0,09:35:00,15:00:00,0.0,0.0,,1.0,0.0,0.0,0.0,0.0,NONE,NO_HISTORICAL_0925_AUCTION_VOLUME_AMOUNT
CANDIDATE,,,,,,,,,,,,,601003_2026-07-31,601003,2026-07-31,2026-07-31,2026-08-03,2026-07,BOARD2,AUGUST_AVAILABILITY_ONLY,0.0,1.0,4.02,515415.0,,tencent_daily,daily_unadjusted,data/cache/daily_unadjusted/601003_daily.pkl,,1.0,minute_5m,data/cache/minute_5m/601003_5min.pkl,sina_5m,48.0,09:35:00,15:00:00,0.0,0.0,,1.0,0.0,0.0,0.0,0.0,NONE,NO_HISTORICAL_0925_AUCTION_VOLUME_AMOUNT
CANDIDATE,,,,,,,,,,,,,603556_2026-07-31,603556,2026-07-31,2026-07-31,2026-08-03,2026-07,BOARD2,AUGUST_AVAILABILITY_ONLY,0.0,1.0,26.53,156544.0,,tencent_daily,daily_unadjusted,data/cache/daily_unadjusted/603556_daily.pkl,,1.0,minute_5m,data/cache/minute_5m/603556_5min.pkl,sina_5m,48.0,09:35:00,15:00:00,0.0,0.0,,1.0,0.0,0.0,0.0,0.0,NONE,NO_HISTORICAL_0925_AUCTION_VOLUME_AMOUNT
CANDIDATE,,,,,,,,,,,,,605388_2026-07-31,605388,2026-07-31,2026-07-31,2026-08-03,2026-07,BOARD2,AUGUST_AVAILABILITY_ONLY,0.0,1.0,5.9,426478.0,,tencent_daily,daily_unadjusted,data/cache/daily_unadjusted/605388_daily.pkl,,1.0,minute_5m,data/cache/minute_5m/605388_5min.pkl,sina_5m,48.0,09:35:00,15:00:00,0.0,0.0,,1.0,0.0,0.0,0.0,0.0,NONE,NO_HISTORICAL_0925_AUCTION_VOLUME_AMOUNT
