signal_date,month,population_scope,model,candidate_count,outcome_evaluation_eligible,top1_selected_rows,top1_event_ids,top1_codes,top2_selected_rows,top2_event_ids,top2_codes,top3_selected_rows,top3_event_ids,top3_codes,top5_selected_rows,top5_event_ids,top5_codes,universe_target7_rate,universe_loss_rate,universe_severe_loss_rate,universe_capped_return,target7_within_date_auc,top1_target7_rate,top1_loss_rate,top1_severe_loss_rate,top1_capped_return,top1_excess_vs_universe,top1_negative_date,recall_at_1,top2_target7_rate,top2_loss_rate,top2_severe_loss_rate,top2_capped_return,top2_excess_vs_universe,top2_negative_date,recall_at_2,top3_target7_rate,top3_loss_rate,top3_severe_loss_rate,top3_capped_return,top3_excess_vs_universe,top3_negative_date,recall_at_3,top5_target7_rate,top5_loss_rate,top5_severe_loss_rate,top5_capped_return,top5_excess_vs_universe,top5_negative_date,recall_at_5
2026-05-06,2026-05,ALL_CANDIDATES,A0_ORIGINAL_18F,6,YES,1,002192_2026-05-06,002192,2,002192_2026-05-06|605099_2026-05-06,002192|605099,3,002192_2026-05-06|605099_2026-05-06|002842_2026-05-06,002192|605099|002842,5,002192_2026-05-06|605099_2026-05-06|002842_2026-05-06|002645_2026-05-06|600714_2026-05-06,002192|605099|002842|002645|600714,0.166666666667,0.333333333333,0,0.0359427612385,0.2,0,1,0,-0.0226659471128,-0.0586087083513,1,0,0,0.5,0,0.0212294123231,-0.0147133489154,0,0,0,0.666666666667,0,0.00917403859513,-0.0267687226434,0,0,0.2,0.4,0,0.0297979801529,-0.00614478108564,0,1
2026-05-06,2026-05,ALL_CANDIDATES,A1_REMOVE_D0_TIMING,6,YES,1,002192_2026-05-06,002192,2,002192_2026-05-06|605099_2026-05-06,002192|605099,3,002192_2026-05-06|605099_2026-05-06|002842_2026-05-06,002192|605099|002842,5,002192_2026-05-06|605099_2026-05-06|002842_2026-05-06|002645_2026-05-06|600714_2026-05-06,002192|605099|002842|002645|600714,0.166666666667,0.333333333333,0,0.0359427612385,0.2,0,1,0,-0.0226659471128,-0.0586087083513,1,0,0,0.5,0,0.0212294123231,-0.0147133489154,0,0,0,0.666666666667,0,0.00917403859513,-0.0267687226434,0,0,0.2,0.4,0,0.0297979801529,-0.00614478108564,0,1
2026-05-06,2026-05,ALL_CANDIDATES,A2_REMOVE_D0_TIMING_AND_TOTAL_FAMILY,6,YES,1,002192_2026-05-06,002192,2,002192_2026-05-06|605099_2026-05-06,002192|605099,3,002192_2026-05-06|605099_2026-05-06|002842_2026-05-06,002192|605099|002842,5,002192_2026-05-06|605099_2026-05-06|002842_2026-05-06|600714_2026-05-06|002645_2026-05-06,002192|605099|002842|600714|002645,0.166666666667,0.333333333333,0,0.0359427612385,0.4,0,1,0,-0.0226659471128,-0.0586087083513,1,0,0,0.5,0,0.0212294123231,-0.0147133489154,0,0,0,0.666666666667,0,0.00917403859513,-0.0267687226434,0,0,0.2,0.4,0,0.0297979801529,-0.00614478108564,0,1
2026-05-06,2026-05,ALL_CANDIDATES,A3_REDUCED_BASE_ONLY,6,YES,1,002192_2026-05-06,002192,2,002192_2026-05-06|605099_2026-05-06,002192|605099,3,002192_2026-05-06|605099_2026-05-06|002842_2026-05-06,002192|605099|002842,5,002192_2026-05-06|605099_2026-05-06|002842_2026-05-06|600714_2026-05-06|002645_2026-05-06,002192|605099|002842|600714|002645,0.166666666667,0.333333333333,0,0.0359427612385,0.4,0,1,0,-0.0226659471128,-0.0586087083513,1,0,0,0.5,0,0.0212294123231,-0.0147133489154,0,0,0,0.666666666667,0,0.00917403859513,-0.0267687226434,0,0,0.2,0.4,0,0.0297979801529,-0.00614478108564,0,1
2026-05-06,2026-05,BOARD2_ONLY,A0_ORIGINAL_18F,6,YES,1,002192_2026-05-06,002192,2,002192_2026-05-06|605099_2026-05-06,002192|605099,3,002192_2026-05-06|605099_2026-05-06|002842_2026-05-06,002192|605099|002842,5,002192_2026-05-06|605099_2026-05-06|002842_2026-05-06|002645_2026-05-06|600714_2026-05-06,002192|605099|002842|002645|600714,0.166666666667,0.333333333333,0,0.0359427612385,0.2,0,1,0,-0.0226659471128,-0.0586087083513,1,0,0,0.5,0,0.0212294123231,-0.0147133489154,0,0,0,0.666666666667,0,0.00917403859513,-0.0267687226434,0,0,0.2,0.4,0,0.0297979801529,-0.00614478108564,0,1
2026-05-06,2026-05,BOARD2_ONLY,A1_REMOVE_D0_TIMING,6,YES,1,002192_2026-05-06,002192,2,002192_2026-05-06|605099_2026-05-06,002192|605099,3,002192_2026-05-06|605099_2026-05-06|002842_2026-05-06,002192|605099|002842,5,002192_2026-05-06|605099_2026-05-06|002842_2026-05-06|002645_2026-05-06|600714_2026-05-06,002192|605099|002842|002645|600714,0.166666666667,0.333333333333,0,0.0359427612385,0.2,0,1,0,-0.0226659471128,-0.0586087083513,1,0,0,0.5,0,0.0212294123231,-0.0147133489154,0,0,0,0.666666666667,0,0.00917403859513,-0.0267687226434,0,0,0.2,0.4,0,0.0297979801529,-0.00614478108564,0,1
2026-05-06,2026-05,BOARD2_ONLY,A2_REMOVE_D0_TIMING_AND_TOTAL_FAMILY,6,YES,1,002192_2026-05-06,002192,2,002192_2026-05-06|605099_2026-05-06,002192|605099,3,002192_2026-05-06|605099_2026-05-06|002842_2026-05-06,002192|605099|002842,5,002192_2026-05-06|605099_2026-05-06|002842_2026-05-06|600714_2026-05-06|002645_2026-05-06,002192|605099|002842|600714|002645,0.166666666667,0.333333333333,0,0.0359427612385,0.4,0,1,0,-0.0226659471128,-0.0586087083513,1,0,0,0.5,0,0.0212294123231,-0.0147133489154,0,0,0,0.666666666667,0,0.00917403859513,-0.0267687226434,0,0,0.2,0.4,0,0.0297979801529,-0.00614478108564,0,1
2026-05-06,2026-05,BOARD2_ONLY,A3_REDUCED_BASE_ONLY,6,YES,1,002192_2026-05-06,002192,2,002192_2026-05-06|605099_2026-05-06,002192|605099,3,002192_2026-05-06|605099_2026-05-06|002842_2026-05-06,002192|605099|002842,5,002192_2026-05-06|605099_2026-05-06|002842_2026-05-06|600714_2026-05-06|002645_2026-05-06,002192|605099|002842|600714|002645,0.166666666667,0.333333333333,0,0.0359427612385,0.4,0,1,0,-0.0226659471128,-0.0586087083513,1,0,0,0.5,0,0.0212294123231,-0.0147133489154,0,0,0,0.666666666667,0,0.00917403859513,-0.0267687226434,0,0,0.2,0.4,0,0.0297979801529,-0.00614478108564,0,1
2026-05-07,2026-05,ALL_CANDIDATES,A0_ORIGINAL_18F,12,YES,1,002181_2026-05-07,002181,2,002181_2026-05-07|002805_2026-05-07,002181|002805,3,002181_2026-05-07|002805_2026-05-07|002158_2026-05-07,002181|002805|002158,5,002181_2026-05-07|002805_2026-05-07|002158_2026-05-07|002453_2026-05-07|603937_2026-05-07,002181|002805|002158|002453|603937,0.5,0,0,0.0523140634276,0.416666666667,0,0,0,0.0322580645161,-0.0200559989115,0,0,0,0,0,0.036911921685,-0.0154021417426,0,0,0.333333333333,0,0,0.0479412811233,-0.00437278230427,0,0.166666666667,0.6,0,0,0.056764768674,0.0044507052464,0,0.5
2026-05-07,2026-05,ALL_CANDIDATES,A1_REMOVE_D0_TIMING,12,YES,1,002181_2026-05-07,002181,2,002181_2026-05-07|002805_2026-05-07,002181|002805,3,002181_2026-05-07|002805_2026-05-07|002158_2026-05-07,002181|002805|002158,5,002181_2026-05-07|002805_2026-05-07|002158_2026-05-07|002453_2026-05-07|603937_2026-05-07,002181|002805|002158|002453|603937,0.5,0,0,0.0523140634276,0.416666666667,0,0,0,0.0322580645161,-0.0200559989115,0,0,0,0,0,0.036911921685,-0.0154021417426,0,0,0.333333333333,0,0,0.0479412811233,-0.00437278230427,0,0.166666666667,0.6,0,0,0.056764768674,0.0044507052464,0,0.5
2026-05-07,2026-05,ALL_CANDIDATES,A2_REMOVE_D0_TIMING_AND_TOTAL_FAMILY,12,YES,1,002181_2026-05-07,002181,2,002181_2026-05-07|002805_2026-05-07,002181|002805,3,002181_2026-05-07|002805_2026-05-07|002453_2026-05-07,002181|002805|002453,5,002181_2026-05-07|002805_2026-05-07|002453_2026-05-07|002158_2026-05-07|603937_2026-05-07,002181|002805|002453|002158|603937,0.5,0,0,0.0523140634276,0.444444444444,0,0,0,0.0322580645161,-0.0200559989115,0,0,0,0,0,0.036911921685,-0.0154021417426,0,0,0.333333333333,0,0,0.0479412811233,-0.00437278230427,0,0.166666666667,0.6,0,0,0.056764768674,0.0044507052464,0,0.5
2026-05-07,2026-05,ALL_CANDIDATES,A3_REDUCED_BASE_ONLY,12,YES,1,002158_2026-05-07,002158,2,002158_2026-05-07|002805_2026-05-07,002158|002805,3,002158_2026-05-07|002805_2026-05-07|002181_2026-05-07,002158|002805|002181,5,002158_2026-05-07|002805_2026-05-07|002181_2026-05-07|002453_2026-05-07|002149_2026-05-07,002158|002805|002181|002453|002149,0.5,0,0,0.0523140634276,0.444444444444,1,0,0,0.07,0.0176859365724,0,0.166666666667,0.5,0,0,0.055782889427,0.00346882599935,0,0.166666666667,0.333333333333,0,0,0.0479412811233,-0.00437278230427,0,0.166666666667,0.4,0,0,0.0529323971434,0.00061833371576,0,0.333333333333
2026-05-07,2026-05,BOARD2_ONLY,A0_ORIGINAL_18F,9,YES,1,002181_2026-05-07,002181,2,002181_2026-05-07|002158_2026-05-07,002181|002158,3,002181_2026-05-07|002158_2026-05-07|002453_2026-05-07,002181|002158|002453,5,002181_2026-05-07|002158_2026-05-07|002453_2026-05-07|002989_2026-05-07|002149_2026-05-07,002181|002158|002453|002989|002149,0.555555555556,0,0,0.0553538849177,0.4,0,0,0,0.0322580645161,-0.0230958204016,0,0,0.5,0,0,0.0511290322581,-0.00422485265965,0,0.2,0.666666666667,0,0,0.0574193548387,0.002065469921,0,0.4,0.4,0,0,0.0576369928519,0.00228310793416,0,0.4
2026-05-07,2026-05,BOARD2_ONLY,A1_REMOVE_D0_TIMING,9,YES,1,002181_2026-05-07,002181,2,002181_2026-05-07|002158_2026-05-07,002181|002158,3,002181_2026-05-07|002158_2026-05-07|002453_2026-05-07,002181|002158|002453,5,002181_2026-05-07|002158_2026-05-07|002453_2026-05-07|002989_2026-05-07|002149_2026-05-07,002181|002158|002453|002989|002149,0.555555555556,0,0,0.0553538849177,0.4,0,0,0,0.0322580645161,-0.0230958204016,0,0,0.5,0,0,0.0511290322581,-0.00422485265965,0,0.2,0.666666666667,0,0,0.0574193548387,0.002065469921,0,0.4,0.4,0,0,0.0576369928519,0.00228310793416,0,0.4
2026-05-07,2026-05,BOARD2_ONLY,A2_REMOVE_D0_TIMING_AND_TOTAL_FAMILY,9,YES,1,002181_2026-05-07,002181,2,002181_2026-05-07|002453_2026-05-07,002181|002453,3,002181_2026-05-07|002453_2026-05-07|002158_2026-05-07,002181|002453|002158,5,002181_2026-05-07|002453_2026-05-07|002158_2026-05-07|002149_2026-05-07|002989_2026-05-07,002181|002453|002158|002149|002989,0.555555555556,0,0,0.0553538849177,0.4,0,0,0,0.0322580645161,-0.0230958204016,0,0,0.5,0,0,0.0511290322581,-0.00422485265965,0,0.2,0.666666666667,0,0,0.0574193548387,0.002065469921,0,0.4,0.4,0,0,0.0576369928519,0.00228310793416,0,0.4
2026-05-07,2026-05,BOARD2_ONLY,A3_REDUCED_BASE_ONLY,9,YES,1,002158_2026-05-07,002158,2,002158_2026-05-07|002181_2026-05-07,002158|002181,3,002158_2026-05-07|002181_2026-05-07|002453_2026-05-07,002158|002181|002453,5,002158_2026-05-07|002181_2026-05-07|002453_2026-05-07|002149_2026-05-07|002989_2026-05-07,002158|002181|002453|002149|002989,0.555555555556,0,0,0.0553538849177,0.45,1,0,0,0.07,0.0146461150823,0,0.2,0.5,0,0,0.0511290322581,-0.00422485265965,0,0.2,0.666666666667,0,0,0.0574193548387,0.002065469921,0,0.4,0.4,0,0,0.0576369928519,0.00228310793416,0,0.4
2026-05-07,2026-05,BOARD3_ONLY,A0_ORIGINAL_18F,3,YES,1,002805_2026-05-07,002805,2,002805_2026-05-07|603937_2026-05-07,002805|603937,3,002805_2026-05-07|603937_2026-05-07|000402_2026-05-07,002805|603937|000402,3,002805_2026-05-07|603937_2026-05-07|000402_2026-05-07,002805|603937|000402,0.333333333333,0,0,0.0431945989573,0.5,0,0,0,0.0415657788539,-0.0016288201034,0,0,0.5,0,0,0.055782889427,0.0125882904696,0,1,0.333333333333,0,0,0.0431945989573,0,0,1,0.333333333333,0,0,0.0431945989573,0,0,1
2026-05-07,2026-05,BOARD3_ONLY,A1_REMOVE_D0_TIMING,3,YES,1,002805_2026-05-07,002805,2,002805_2026-05-07|603937_2026-05-07,002805|603937,3,002805_2026-05-07|603937_2026-05-07|000402_2026-05-07,002805|603937|000402,3,002805_2026-05-07|603937_2026-05-07|000402_2026-05-07,002805|603937|000402,0.333333333333,0,0,0.0431945989573,0.5,0,0,0,0.0415657788539,-0.0016288201034,0,0,0.5,0,0,0.055782889427,0.0125882904696,0,1,0.333333333333,0,0,0.0431945989573,0,0,1,0.333333333333,0,0,0.0431945989573,0,0,1
2026-05-07,2026-05,BOARD3_ONLY,A2_REMOVE_D0_TIMING_AND_TOTAL_FAMILY,3,YES,1,002805_2026-05-07,002805,2,002805_2026-05-07|603937_2026-05-07,002805|603937,3,002805_2026-05-07|603937_2026-05-07|000402_2026-05-07,002805|603937|000402,3,002805_2026-05-07|603937_2026-05-07|000402_2026-05-07,002805|603937|000402,0.333333333333,0,0,0.0431945989573,0.5,0,0,0,0.0415657788539,-0.0016288201034,0,0,0.5,0,0,0.055782889427,0.0125882904696,0,1,0.333333333333,0,0,0.0431945989573,0,0,1,0.333333333333,0,0,0.0431945989573,0,0,1
2026-05-07,2026-05,BOARD3_ONLY,A3_REDUCED_BASE_ONLY,3,YES,1,002805_2026-05-07,002805,2,002805_2026-05-07|603937_2026-05-07,002805|603937,3,002805_2026-05-07|603937_2026-05-07|000402_2026-05-07,002805|603937|000402,3,002805_2026-05-07|603937_2026-05-07|000402_2026-05-07,002805|603937|000402,0.333333333333,0,0,0.0431945989573,0.5,0,0,0,0.0415657788539,-0.0016288201034,0,0,0.5,0,0,0.055782889427,0.0125882904696,0,1,0.333333333333,0,0,0.0431945989573,0,0,1,0.333333333333,0,0,0.0431945989573,0,0,1
2026-05-08,2026-05,ALL_CANDIDATES,A0_ORIGINAL_18F,13,YES,1,603256_2026-05-08,603256,2,603256_2026-05-08|002903_2026-05-08,603256|002903,3,603256_2026-05-08|002903_2026-05-08|600396_2026-05-08,603256|002903|600396,5,603256_2026-05-08|002903_2026-05-08|600396_2026-05-08|000066_2026-05-08|000818_2026-05-08,603256|002903|600396|000066|000818,0.307692307692,0.461538461538,0,0.0203014033265,0.611111111111,0,0,0,0.0207530588792,0.000451655552692,0,0,0.5,0,0,0.0453765294396,0.0250751261131,0,0.25,0.666666666667,0,0,0.0535843529597,0.0332829496332,0,0.5,0.4,0.2,0,0.0383158419563,0.0180144386298,0,0.5
2026-05-08,2026-05,ALL_CANDIDATES,A1_REMOVE_D0_TIMING,13,YES,1,603256_2026-05-08,603256,2,603256_2026-05-08|002903_2026-05-08,603256|002903,3,603256_2026-05-08|002903_2026-05-08|600396_2026-05-08,603256|002903|600396,5,603256_2026-05-08|002903_2026-05-08|600396_2026-05-08|000066_2026-05-08|000818_2026-05-08,603256|002903|600396|000066|000818,0.307692307692,0.461538461538,0,0.0203014033265,0.611111111111,0,0,0,0.0207530588792,0.000451655552692,0,0,0.5,0,0,0.0453765294396,0.0250751261131,0,0.25,0.666666666667,0,0,0.0535843529597,0.0332829496332,0,0.5,0.4,0.2,0,0.0383158419563,0.0180144386298,0,0.5
2026-05-08,2026-05,ALL_CANDIDATES,A2_REMOVE_D0_TIMING_AND_TOTAL_FAMILY,13,YES,1,002903_2026-05-08,002903,2,002903_2026-05-08|603256_2026-05-08,002903|603256,3,002903_2026-05-08|603256_2026-05-08|000066_2026-05-08,002903|603256|000066,5,002903_2026-05-08|603256_2026-05-08|000066_2026-05-08|600396_2026-05-08|000818_2026-05-08,002903|603256|000066|600396|000818,0.307692307692,0.461538461538,0,0.0203014033265,0.666666666667,1,0,0,0.07,0.0496985966735,0,0.25,0.5,0,0,0.0453765294396,0.0250751261131,0,0.25,0.333333333333,0,0,0.0468361202246,0.0265347168981,0,0.25,0.4,0.2,0,0.0383158419563,0.0180144386298,0,0.5
2026-05-08,2026-05,ALL_CANDIDATES,A3_REDUCED_BASE_ONLY,13,YES,1,603256_2026-05-08,603256,2,603256_2026-05-08|002903_2026-05-08,603256|002903,3,603256_2026-05-08|002903_2026-05-08|000066_2026-05-08,603256|002903|000066,5,603256_2026-05-08|002903_2026-05-08|000066_2026-05-08|600396_2026-05-08|000818_2026-05-08,603256|002903|000066|600396|000818,0.307692307692,0.461538461538,0,0.0203014033265,0.611111111111,0,0,0,0.0207530588792,0.000451655552692,0,0,0.5,0,0,0.0453765294396,0.0250751261131,0,0.25,0.333333333333,0,0,0.0468361202246,0.0265347168981,0,0.25,0.4,0.2,0,0.0383158419563,0.0180144386298,0,0.5
2026-05-08,2026-05,BOARD2_ONLY,A0_ORIGINAL_18F,12,YES,1,603256_2026-05-08,603256,2,603256_2026-05-08|002903_2026-05-08,603256|002903,3,603256_2026-05-08|002903_2026-05-08|600396_2026-05-08,603256|002903|600396,5,603256_2026-05-08|002903_2026-05-08|600396_2026-05-08|000818_2026-05-08|603316_2026-05-08,603256|002903|600396|000818|603316,0.333333333333,0.5,0,0.0178469117875,0.625,0,0,0,0.0207530588792,0.00290614709169,0,0,0.5,0,0,0.0453765294396,0.0275296176521,0,0.25,0.666666666667,0,0,0.0535843529597,0.0357374411722,0,0.5,0.4,0.4,0,0.0215168460485,0.00366993426101,0,0.5
2026-05-08,2026-05,BOARD2_ONLY,A1_REMOVE_D0_TIMING,12,YES,1,603256_2026-05-08,603256,2,603256_2026-05-08|002903_2026-05-08,603256|002903,3,603256_2026-05-08|002903_2026-05-08|600396_2026-05-08,603256|002903|600396,5,603256_2026-05-08|002903_2026-05-08|600396_2026-05-08|000818_2026-05-08|603316_2026-05-08,603256|002903|600396|000818|603316,0.333333333333,0.5,0,0.0178469117875,0.625,0,0,0,0.0207530588792,0.00290614709169,0,0,0.5,0,0,0.0453765294396,0.0275296176521,0,0.25,0.666666666667,0,0,0.0535843529597,0.0357374411722,0,0.5,0.4,0.4,0,0.0215168460485,0.00366993426101,0,0.5
2026-05-08,2026-05,BOARD2_ONLY,A2_REMOVE_D0_TIMING_AND_TOTAL_FAMILY,12,YES,1,002903_2026-05-08,002903,2,002903_2026-05-08|603256_2026-05-08,002903|603256,3,002903_2026-05-08|603256_2026-05-08|600396_2026-05-08,002903|603256|600396,5,002903_2026-05-08|603256_2026-05-08|600396_2026-05-08|000818_2026-05-08|603316_2026-05-08,002903|603256|600396|000818|603316,0.333333333333,0.5,0,0.0178469117875,0.71875,1,0,0,0.07,0.0521530882125,0,0.25,0.5,0,0,0.0453765294396,0.0275296176521,0,0.25,0.666666666667,0,0,0.0535843529597,0.0357374411722,0,0.5,0.4,0.4,0,0.0215168460485,0.00366993426101,0,0.5
2026-05-08,2026-05,BOARD2_ONLY,A3_REDUCED_BASE_ONLY,12,YES,1,603256_2026-05-08,603256,2,603256_2026-05-08|002903_2026-05-08,603256|002903,3,603256_2026-05-08|002903_2026-05-08|600396_2026-05-08,603256|002903|600396,5,603256_2026-05-08|002903_2026-05-08|600396_2026-05-08|000818_2026-05-08|603316_2026-05-08,603256|002903|600396|000818|603316,0.333333333333,0.5,0,0.0178469117875,0.65625,0,0,0,0.0207530588792,0.00290614709169,0,0,0.5,0,0,0.0453765294396,0.0275296176521,0,0.25,0.666666666667,0,0,0.0535843529597,0.0357374411722,0,0.5,0.4,0.4,0,0.0215168460485,0.00366993426101,0,0.5
2026-05-08,2026-05,BOARD3_ONLY,A0_ORIGINAL_18F,1,YES,1,000066_2026-05-08,000066,1,000066_2026-05-08,000066,1,000066_2026-05-08,000066,1,000066_2026-05-08,000066,0,0,0,0.0497553017945,,0,0,0,0.0497553017945,0,0,,0,0,0,0.0497553017945,0,0,,0,0,0,0.0497553017945,0,0,,0,0,0,0.0497553017945,0,0,
2026-05-08,2026-05,BOARD3_ONLY,A1_REMOVE_D0_TIMING,1,YES,1,000066_2026-05-08,000066,1,000066_2026-05-08,000066,1,000066_2026-05-08,000066,1,000066_2026-05-08,000066,0,0,0,0.0497553017945,,0,0,0,0.0497553017945,0,0,,0,0,0,0.0497553017945,0,0,,0,0,0,0.0497553017945,0,0,,0,0,0,0.0497553017945,0,0,
2026-05-08,2026-05,BOARD3_ONLY,A2_REMOVE_D0_TIMING_AND_TOTAL_FAMILY,1,YES,1,000066_2026-05-08,000066,1,000066_2026-05-08,000066,1,000066_2026-05-08,000066,1,000066_2026-05-08,000066,0,0,0,0.0497553017945,,0,0,0,0.0497553017945,0,0,,0,0,0,0.0497553017945,0,0,,0,0,0,0.0497553017945,0,0,,0,0,0,0.0497553017945,0,0,
2026-05-08,2026-05,BOARD3_ONLY,A3_REDUCED_BASE_ONLY,1,YES,1,000066_2026-05-08,000066,1,000066_2026-05-08,000066,1,000066_2026-05-08,000066,1,000066_2026-05-08,000066,0,0,0,0.0497553017945,,0,0,0,0.0497553017945,0,0,,0,0,0,0.0497553017945,0,0,,0,0,0,0.0497553017945,0,0,,0,0,0,0.0497553017945,0,0,
2026-05-11,2026-05,ALL_CANDIDATES,A0_ORIGINAL_18F,11,YES,1,002929_2026-05-11,002929,2,002929_2026-05-11|002655_2026-05-11,002929|002655,3,002929_2026-05-11|002655_2026-05-11|603278_2026-05-11,002929|002655|603278,5,002929_2026-05-11|002655_2026-05-11|603278_2026-05-11|002031_2026-05-11|603618_2026-05-11,002929|002655|603278|002031|603618,0.545454545455,0.0909090909091,0,0.051111073694,0.633333333333,1,0,0,0.07,0.018888926306,0,0.166666666667,0.5,0,0,0.036321003963,-0.014790069731,0,0.166666666667,0.666666666667,0,0,0.0475473359753,-0.00356373771866,0,0.333333333333,0.6,0,0,0.0514172904741,0.000306216780087,0,0.5
2026-05-11,2026-05,ALL_CANDIDATES,A1_REMOVE_D0_TIMING,11,YES,1,002929_2026-05-11,002929,2,002929_2026-05-11|002655_2026-05-11,002929|002655,3,002929_2026-05-11|002655_2026-05-11|603278_2026-05-11,002929|002655|603278,5,002929_2026-05-11|002655_2026-05-11|603278_2026-05-11|002031_2026-05-11|603618_2026-05-11,002929|002655|603278|002031|603618,0.545454545455,0.0909090909091,0,0.051111073694,0.633333333333,1,0,0,0.07,0.018888926306,0,0.166666666667,0.5,0,0,0.036321003963,-0.014790069731,0,0.166666666667,0.666666666667,0,0,0.0475473359753,-0.00356373771866,0,0.333333333333,0.6,0,0,0.0514172904741,0.000306216780087,0,0.5
2026-05-11,2026-05,ALL_CANDIDATES,A2_REMOVE_D0_TIMING_AND_TOTAL_FAMILY,11,YES,1,002929_2026-05-11,002929,2,002929_2026-05-11|002655_2026-05-11,002929|002655,3,002929_2026-05-11|002655_2026-05-11|002031_2026-05-11,002929|002655|002031,5,002929_2026-05-11|002655_2026-05-11|002031_2026-05-11|603278_2026-05-11|603618_2026-05-11,002929|002655|002031|603278|603618,0.545454545455,0.0909090909091,0,0.051111073694,0.6,1,0,0,0.07,0.018888926306,0,0.166666666667,0.5,0,0,0.036321003963,-0.014790069731,0,0.166666666667,0.333333333333,0,0,0.0390288174568,-0.0120822562372,0,0.166666666667,0.6,0,0,0.0514172904741,0.000306216780087,0,0.5
2026-05-11,2026-05,ALL_CANDIDATES,A3_REDUCED_BASE_ONLY,11,YES,1,002929_2026-05-11,002929,2,002929_2026-05-11|002655_2026-05-11,002929|002655,3,002929_2026-05-11|002655_2026-05-11|603618_2026-05-11,002929|002655|603618,5,002929_2026-05-11|002655_2026-05-11|603618_2026-05-11|603278_2026-05-11|002031_2026-05-11,002929|002655|603618|603278|002031,0.545454545455,0.0909090909091,0,0.051111073694,0.6,1,0,0,0.07,0.018888926306,0,0.166666666667,0.5,0,0,0.036321003963,-0.014790069731,0,0.166666666667,0.666666666667,0,0,0.0475473359753,-0.00356373771866,0,0.333333333333,0.6,0,0,0.0514172904741,0.000306216780087,0,0.5
2026-05-11,2026-05,BOARD2_ONLY,A0_ORIGINAL_18F,8,YES,1,002929_2026-05-11,002929,2,002929_2026-05-11|002655_2026-05-11,002929|002655,3,002929_2026-05-11|002655_2026-05-11|002031_2026-05-11,002929|002655|002031,5,002929_2026-05-11|002655_2026-05-11|002031_2026-05-11|000720_2026-05-11|600936_2026-05-11,002929|002655|002031|000720|600936,0.5,0.125,0,0.045002606712,0.5625,1,0,0,0.07,0.024997393288,0,0.25,0.5,0,0,0.036321003963,-0.00868160274901,0,0.25,0.333333333333,0,0,0.0390288174568,-0.00597378925521,0,0.25,0.6,0,0,0.0514172904741,0.00641468376206,0,0.75
2026-05-11,2026-05,BOARD2_ONLY,A1_REMOVE_D0_TIMING,8,YES,1,002929_2026-05-11,002929,2,002929_2026-05-11|002655_2026-05-11,002929|002655,3,002929_2026-05-11|002655_2026-05-11|002031_2026-05-11,002929|002655|002031,5,002929_2026-05-11|002655_2026-05-11|002031_2026-05-11|000720_2026-05-11|600936_2026-05-11,002929|002655|002031|000720|600936,0.5,0.125,0,0.045002606712,0.5625,1,0,0,0.07,0.024997393288,0,0.25,0.5,0,0,0.036321003963,-0.00868160274901,0,0.25,0.333333333333,0,0,0.0390288174568,-0.00597378925521,0,0.25,0.6,0,0,0.0514172904741,0.00641468376206,0,0.75
2026-05-11,2026-05,BOARD2_ONLY,A2_REMOVE_D0_TIMING_AND_TOTAL_FAMILY,8,YES,1,002929_2026-05-11,002929,2,002929_2026-05-11|002655_2026-05-11,002929|002655,3,002929_2026-05-11|002655_2026-05-11|002031_2026-05-11,002929|002655|002031,5,002929_2026-05-11|002655_2026-05-11|002031_2026-05-11|600936_2026-05-11|000720_2026-05-11,002929|002655|002031|600936|000720,0.5,0.125,0,0.045002606712,0.5625,1,0,0,0.07,0.024997393288,0,0.25,0.5,0,0,0.036321003963,-0.00868160274901,0,0.25,0.333333333333,0,0,0.0390288174568,-0.00597378925521,0,0.25,0.6,0,0,0.0514172904741,0.00641468376206,0,0.75
2026-05-11,2026-05,BOARD2_ONLY,A3_REDUCED_BASE_ONLY,8,YES,1,002929_2026-05-11,002929,2,002929_2026-05-11|002655_2026-05-11,002929|002655,3,002929_2026-05-11|002655_2026-05-11|002031_2026-05-11,002929|002655|002031,5,002929_2026-05-11|002655_2026-05-11|002031_2026-05-11|000720_2026-05-11|600936_2026-05-11,002929|002655|002031|000720|600936,0.5,0.125,0,0.045002606712,0.5625,1,0,0,0.07,0.024997393288,0,0.25,0.5,0,0,0.036321003963,-0.00868160274901,0,0.25,0.333333333333,0,0,0.0390288174568,-0.00597378925521,0,0.25,0.6,0,0,0.0514172904741,0.00641468376206,0,0.75
2026-05-11,2026-05,BOARD3_ONLY,A0_ORIGINAL_18F,3,YES,1,603278_2026-05-11,603278,2,603278_2026-05-11|603618_2026-05-11,603278|603618,3,603278_2026-05-11|603618_2026-05-11|600130_2026-05-11,603278|603618|600130,3,603278_2026-05-11|603618_2026-05-11|600130_2026-05-11,603278|603618|600130,0.666666666667,0,0,0.0674003189793,1,1,0,0,0.07,0.00259968102073,0,0.5,1,0,0,0.07,0.00259968102073,0,1,0.666666666667,0,0,0.0674003189793,0,0,1,0.666666666667,0,0,0.0674003189793,0,0,1
2026-05-11,2026-05,BOARD3_ONLY,A1_REMOVE_D0_TIMING,3,YES,1,603278_2026-05-11,603278,2,603278_2026-05-11|603618_2026-05-11,603278|603618,3,603278_2026-05-11|603618_2026-05-11|600130_2026-05-11,603278|603618|600130,3,603278_2026-05-11|603618_2026-05-11|600130_2026-05-11,603278|603618|600130,0.666666666667,0,0,0.0674003189793,1,1,0,0,0.07,0.00259968102073,0,0.5,1,0,0,0.07,0.00259968102073,0,1,0.666666666667,0,0,0.0674003189793,0,0,1,0.666666666667,0,0,0.0674003189793,0,0,1
2026-05-11,2026-05,BOARD3_ONLY,A2_REMOVE_D0_TIMING_AND_TOTAL_FAMILY,3,YES,1,603278_2026-05-11,603278,2,603278_2026-05-11|603618_2026-05-11,603278|603618,3,603278_2026-05-11|603618_2026-05-11|600130_2026-05-11,603278|603618|600130,3,603278_2026-05-11|603618_2026-05-11|600130_2026-05-11,603278|603618|600130,0.666666666667,0,0,0.0674003189793,1,1,0,0,0.07,0.00259968102073,0,0.5,1,0,0,0.07,0.00259968102073,0,1,0.666666666667,0,0,0.0674003189793,0,0,1,0.666666666667,0,0,0.0674003189793,0,0,1
2026-05-11,2026-05,BOARD3_ONLY,A3_REDUCED_BASE_ONLY,3,YES,1,603618_2026-05-11,603618,2,603618_2026-05-11|603278_2026-05-11,603618|603278,3,603618_2026-05-11|603278_2026-05-11|600130_2026-05-11,603618|603278|600130,3,603618_2026-05-11|603278_2026-05-11|600130_2026-05-11,603618|603278|600130,0.666666666667,0,0,0.0674003189793,1,1,0,0,0.07,0.00259968102073,0,0.5,1,0,0,0.07,0.00259968102073,0,1,0.666666666667,0,0,0.0674003189793,0,0,1,0.666666666667,0,0,0.0674003189793,0,0,1
2026-05-12,2026-05,ALL_CANDIDATES,A0_ORIGINAL_18F,11,YES,1,603459_2026-05-12,603459,2,603459_2026-05-12|605006_2026-05-12,603459|605006,3,603459_2026-05-12|605006_2026-05-12|002865_2026-05-12,603459|605006|002865,5,603459_2026-05-12|605006_2026-05-12|002865_2026-05-12|002281_2026-05-12|603738_2026-05-12,603459|605006|002865|002281|603738,0.363636363636,0,0,0.0360710762802,0.642857142857,0,0,0,0.0457010069713,0.00962993069108,0,0,0,0,0,0.0264890723152,-0.00958200396497,0,0,0.333333333333,0,0,0.0409927148768,0.00492163859661,0,0.25,0.6,0,0,0.0525956289261,0.0165245526459,0,0.75
2026-05-12,2026-05,ALL_CANDIDATES,A1_REMOVE_D0_TIMING,11,YES,1,603459_2026-05-12,603459,2,603459_2026-05-12|605006_2026-05-12,603459|605006,3,603459_2026-05-12|605006_2026-05-12|002865_2026-05-12,603459|605006|002865,5,603459_2026-05-12|605006_2026-05-12|002865_2026-05-12|002281_2026-05-12|603738_2026-05-12,603459|605006|002865|002281|603738,0.363636363636,0,0,0.0360710762802,0.642857142857,0,0,0,0.0457010069713,0.00962993069108,0,0,0,0,0,0.0264890723152,-0.00958200396497,0,0,0.333333333333,0,0,0.0409927148768,0.00492163859661,0,0.25,0.6,0,0,0.0525956289261,0.0165245526459,0,0.75
2026-05-12,2026-05,ALL_CANDIDATES,A2_REMOVE_D0_TIMING_AND_TOTAL_FAMILY,11,YES,1,603459_2026-05-12,603459,2,603459_2026-05-12|002281_2026-05-12,603459|002281,3,603459_2026-05-12|002281_2026-05-12|002865_2026-05-12,603459|002281|002865,5,603459_2026-05-12|002281_2026-05-12|002865_2026-05-12|605006_2026-05-12|603738_2026-05-12,603459|002281|002865|605006|603738,0.363636363636,0,0,0.0360710762802,0.714285714286,0,0,0,0.0457010069713,0.00962993069108,0,0,0.5,0,0,0.0578505034857,0.0217794272054,0,0.25,0.666666666667,0,0,0.0619003356571,0.0258292593769,0,0.5,0.6,0,0,0.0525956289261,0.0165245526459,0,0.75
2026-05-12,2026-05,ALL_CANDIDATES,A3_REDUCED_BASE_ONLY,11,YES,1,603459_2026-05-12,603459,2,603459_2026-05-12|002281_2026-05-12,603459|002281,3,603459_2026-05-12|002281_2026-05-12|603738_2026-05-12,603459|002281|603738,5,603459_2026-05-12|002281_2026-05-12|603738_2026-05-12|002865_2026-05-12|605006_2026-05-12,603459|002281|603738|002865|605006,0.363636363636,0,0,0.0360710762802,0.821428571429,0,0,0,0.0457010069713,0.00962993069108,0,0,0.5,0,0,0.0578505034857,0.0217794272054,0,0.25,0.666666666667,0,0,0.0619003356571,0.0258292593769,0,0.5,0.6,0,0,0.0525956289261,0.0165245526459,0,0.75
2026-05-12,2026-05,BOARD2_ONLY,A0_ORIGINAL_18F,8,YES,1,002865_2026-05-12,002865,2,002865_2026-05-12|002281_2026-05-12,002865|002281,3,002865_2026-05-12|002281_2026-05-12|002030_2026-05-12,002865|002281|002030,5,002865_2026-05-12|002281_2026-05-12|002030_2026-05-12|600234_2026-05-12|600545_2026-05-12,002865|002281|002030|600234|600545,0.375,0,0,0.0342254618065,0.866666666667,1,0,0,0.07,0.0357745381935,0,0.333333333333,1,0,0,0.07,0.0357745381935,0,0.666666666667,0.666666666667,0,0,0.0476499508358,0.0134244890293,0,0.666666666667,0.6,0,0,0.0433918415339,0.00916637972739,0,1
2026-05-12,2026-05,BOARD2_ONLY,A1_REMOVE_D0_TIMING,8,YES,1,002865_2026-05-12,002865,2,002865_2026-05-12|002281_2026-05-12,002865|002281,3,002865_2026-05-12|002281_2026-05-12|002030_2026-05-12,002865|002281|002030,5,002865_2026-05-12|002281_2026-05-12|002030_2026-05-12|600234_2026-05-12|600545_2026-05-12,002865|002281|002030|600234|600545,0.375,0,0,0.0342254618065,0.866666666667,1,0,0,0.07,0.0357745381935,0,0.333333333333,1,0,0,0.07,0.0357745381935,0,0.666666666667,0.666666666667,0,0,0.0476499508358,0.0134244890293,0,0.666666666667,0.6,0,0,0.0433918415339,0.00916637972739,0,1
2026-05-12,2026-05,BOARD2_ONLY,A2_REMOVE_D0_TIMING_AND_TOTAL_FAMILY,8,YES,1,002281_2026-05-12,002281,2,002281_2026-05-12|002865_2026-05-12,002281|002865,3,002281_2026-05-12|002865_2026-05-12|002030_2026-05-12,002281|002865|002030,5,002281_2026-05-12|002865_2026-05-12|002030_2026-05-12|600234_2026-05-12|600545_2026-05-12,002281|002865|002030|600234|600545,0.375,0,0,0.0342254618065,0.866666666667,1,0,0,0.07,0.0357745381935,0,0.333333333333,1,0,0,0.07,0.0357745381935,0,0.666666666667,0.666666666667,0,0,0.0476499508358,0.0134244890293,0,0.666666666667,0.6,0,0,0.0433918415339,0.00916637972739,0,1
2026-05-12,2026-05,BOARD2_ONLY,A3_REDUCED_BASE_ONLY,8,YES,1,002281_2026-05-12,002281,2,002281_2026-05-12|002865_2026-05-12,002281|002865,3,002281_2026-05-12|002865_2026-05-12|600545_2026-05-12,002281|002865|600545,5,002281_2026-05-12|002865_2026-05-12|600545_2026-05-12|600234_2026-05-12|002030_2026-05-12,002281|002865|600545|600234|002030,0.375,0,0,0.0342254618065,1,1,0,0,0.07,0.0357745381935,0,0.333333333333,1,0,0,0.07,0.0357745381935,0,0.666666666667,1,0,0,0.07,0.0357745381935,0,1,0.6,0,0,0.0433918415339,0.00916637972739,0,1
2026-05-12,2026-05,BOARD3_ONLY,A0_ORIGINAL_18F,3,YES,1,603459_2026-05-12,603459,2,603459_2026-05-12|605006_2026-05-12,603459|605006,3,603459_2026-05-12|605006_2026-05-12|603738_2026-05-12,603459|605006|603738,3,603459_2026-05-12|605006_2026-05-12|603738_2026-05-12,603459|605006|603738,0.333333333333,0,0,0.0409927148768,0,0,0,0,0.0457010069713,0.00470829209447,0,0,0,0,0,0.0264890723152,-0.0145036425616,0,0,0.333333333333,0,0,0.0409927148768,0,0,1,0.333333333333,0,0,0.0409927148768,0,0,1
2026-05-12,2026-05,BOARD3_ONLY,A1_REMOVE_D0_TIMING,3,YES,1,603459_2026-05-12,603459,2,603459_2026-05-12|605006_2026-05-12,603459|605006,3,603459_2026-05-12|605006_2026-05-12|603738_2026-05-12,603459|605006|603738,3,603459_2026-05-12|605006_2026-05-12|603738_2026-05-12,603459|605006|603738,0.333333333333,0,0,0.0409927148768,0,0,0,0,0.0457010069713,0.00470829209447,0,0,0,0,0,0.0264890723152,-0.0145036425616,0,0,0.333333333333,0,0,0.0409927148768,0,0,1,0.333333333333,0,0,0.0409927148768,0,0,1
2026-05-12,2026-05,BOARD3_ONLY,A2_REMOVE_D0_TIMING_AND_TOTAL_FAMILY,3,YES,1,603459_2026-05-12,603459,2,603459_2026-05-12|605006_2026-05-12,603459|605006,3,603459_2026-05-12|605006_2026-05-12|603738_2026-05-12,603459|605006|603738,3,603459_2026-05-12|605006_2026-05-12|603738_2026-05-12,603459|605006|603738,0.333333333333,0,0,0.0409927148768,0,0,0,0,0.0457010069713,0.00470829209447,0,0,0,0,0,0.0264890723152,-0.0145036425616,0,0,0.333333333333,0,0,0.0409927148768,0,0,1,0.333333333333,0,0,0.0409927148768,0,0,1
2026-05-12,2026-05,BOARD3_ONLY,A3_REDUCED_BASE_ONLY,3,YES,1,603459_2026-05-12,603459,2,603459_2026-05-12|603738_2026-05-12,603459|603738,3,603459_2026-05-12|603738_2026-05-12|605006_2026-05-12,603459|603738|605006,3,603459_2026-05-12|603738_2026-05-12|605006_2026-05-12,603459|603738|605006,0.333333333333,0,0,0.0409927148768,0.5,0,0,0,0.0457010069713,0.00470829209447,0,0,0.5,0,0,0.0578505034857,0.0168577886088,0,1,0.333333333333,0,0,0.0409927148768,0,0,1,0.333333333333,0,0,0.0409927148768,0,0,1
2026-05-13,2026-05,ALL_CANDIDATES,A0_ORIGINAL_18F,9,YES,1,600869_2026-05-13,600869,2,600869_2026-05-13|000029_2026-05-13,600869|000029,3,600869_2026-05-13|000029_2026-05-13|001211_2026-05-13,600869|000029|001211,5,600869_2026-05-13|000029_2026-05-13|001211_2026-05-13|603269_2026-05-13|603061_2026-05-13,600869|000029|001211|603269|603061,0.222222222222,0.333333333333,0,0.0268722153176,0.857142857143,0,1,0,-0.00606060606061,-0.0329328213782,1,0,0.5,0.5,0,0.0319696969697,0.00509748165211,0,0.5,0.666666666667,0.333333333333,0,0.0446464646465,0.0177742493289,0,1,0.4,0.4,0,0.0357411504182,0.00886893510061,0,1
2026-05-13,2026-05,ALL_CANDIDATES,A1_REMOVE_D0_TIMING,9,YES,1,600869_2026-05-13,600869,2,600869_2026-05-13|000029_2026-05-13,600869|000029,3,600869_2026-05-13|000029_2026-05-13|001211_2026-05-13,600869|000029|001211,5,600869_2026-05-13|000029_2026-05-13|001211_2026-05-13|603269_2026-05-13|603061_2026-05-13,600869|000029|001211|603269|603061,0.222222222222,0.333333333333,0,0.0268722153176,0.857142857143,0,1,0,-0.00606060606061,-0.0329328213782,1,0,0.5,0.5,0,0.0319696969697,0.00509748165211,0,0.5,0.666666666667,0.333333333333,0,0.0446464646465,0.0177742493289,0,1,0.4,0.4,0,0.0357411504182,0.00886893510061,0,1
2026-05-13,2026-05,ALL_CANDIDATES,A2_REMOVE_D0_TIMING_AND_TOTAL_FAMILY,9,YES,1,600869_2026-05-13,600869,2,600869_2026-05-13|000029_2026-05-13,600869|000029,3,600869_2026-05-13|000029_2026-05-13|001211_2026-05-13,600869|000029|001211,5,600869_2026-05-13|000029_2026-05-13|001211_2026-05-13|603269_2026-05-13|600683_2026-05-13,600869|000029|001211|603269|600683,0.222222222222,0.333333333333,0,0.0268722153176,0.857142857143,0,1,0,-0.00606060606061,-0.0329328213782,1,0,0.5,0.5,0,0.0319696969697,0.00509748165211,0,0.5,0.666666666667,0.333333333333,0,0.0446464646465,0.0177742493289,0,1,0.4,0.4,0,0.0275891170652,0.00071690174763,0,1
2026-05-13,2026-05,ALL_CANDIDATES,A3_REDUCED_BASE_ONLY,9,YES,1,001211_2026-05-13,001211,2,001211_2026-05-13|600869_2026-05-13,001211|600869,3,001211_2026-05-13|600869_2026-05-13|000029_2026-05-13,001211|600869|000029,5,001211_2026-05-13|600869_2026-05-13|000029_2026-05-13|603269_2026-05-13|603061_2026-05-13,001211|600869|000029|603269|603061,0.222222222222,0.333333333333,0,0.0268722153176,0.928571428571,1,0,0,0.07,0.0431277846824,0,0.5,0.5,0.5,0,0.0319696969697,0.00509748165211,0,0.5,0.666666666667,0.333333333333,0,0.0446464646465,0.0177742493289,0,1,0.4,0.4,0,0.0357411504182,0.00886893510061,0,1
2026-05-13,2026-05,BOARD2_ONLY,A0_ORIGINAL_18F,7,YES,1,600869_2026-05-13,600869,2,600869_2026-05-13|000029_2026-05-13,600869|000029,3,600869_2026-05-13|000029_2026-05-13|001211_2026-05-13,600869|000029|001211,5,600869_2026-05-13|000029_2026-05-13|001211_2026-05-13|603269_2026-05-13|603061_2026-05-13,600869|000029|001211|603269|603061,0.285714285714,0.285714285714,0,0.0332854853203,0.8,0,1,0,-0.00606060606061,-0.0393460913809,1,0,0.5,0.5,0,0.0319696969697,-0.00131578835059,0,0.5,0.666666666667,0.333333333333,0,0.0446464646465,0.0113609793262,0,1,0.4,0.4,0,0.0357411504182,0.00245566509791,0,1
2026-05-13,2026-05,BOARD2_ONLY,A1_REMOVE_D0_TIMING,7,YES,1,600869_2026-05-13,600869,2,600869_2026-05-13|000029_2026-05-13,600869|000029,3,600869_2026-05-13|000029_2026-05-13|001211_2026-05-13,600869|000029|001211,5,600869_2026-05-13|000029_2026-05-13|001211_2026-05-13|603269_2026-05-13|603061_2026-05-13,600869|000029|001211|603269|603061,0.285714285714,0.285714285714,0,0.0332854853203,0.8,0,1,0,-0.00606060606061,-0.0393460913809,1,0,0.5,0.5,0,0.0319696969697,-0.00131578835059,0,0.5,0.666666666667,0.333333333333,0,0.0446464646465,0.0113609793262,0,1,0.4,0.4,0,0.0357411504182,0.00245566509791,0,1
2026-05-13,2026-05,BOARD2_ONLY,A2_REMOVE_D0_TIMING_AND_TOTAL_FAMILY,7,YES,1,600869_2026-05-13,600869,2,600869_2026-05-13|000029_2026-05-13,600869|000029,3,600869_2026-05-13|000029_2026-05-13|001211_2026-05-13,600869|000029|001211,5,600869_2026-05-13|000029_2026-05-13|001211_2026-05-13|603269_2026-05-13|603061_2026-05-13,600869|000029|001211|603269|603061,0.285714285714,0.285714285714,0,0.0332854853203,0.8,0,1,0,-0.00606060606061,-0.0393460913809,1,0,0.5,0.5,0,0.0319696969697,-0.00131578835059,0,0.5,0.666666666667,0.333333333333,0,0.0446464646465,0.0113609793262,0,1,0.4,0.4,0,0.0357411504182,0.00245566509791,0,1
2026-05-13,2026-05,BOARD2_ONLY,A3_REDUCED_BASE_ONLY,7,YES,1,001211_2026-05-13,001211,2,001211_2026-05-13|600869_2026-05-13,001211|600869,3,001211_2026-05-13|600869_2026-05-13|000029_2026-05-13,001211|600869|000029,5,001211_2026-05-13|600869_2026-05-13|000029_2026-05-13|603269_2026-05-13|603061_2026-05-13,001211|600869|000029|603269|603061,0.285714285714,0.285714285714,0,0.0332854853203,0.9,1,0,0,0.07,0.0367145146797,0,0.5,0.5,0.5,0,0.0319696969697,-0.00131578835059,0,0.5,0.666666666667,0.333333333333,0,0.0446464646465,0.0113609793262,0,1,0.4,0.4,0,0.0357411504182,0.00245566509791,0,1
2026-05-13,2026-05,BOARD3_ONLY,A0_ORIGINAL_18F,2,YES,1,600683_2026-05-13,600683,2,600683_2026-05-13|600076_2026-05-13,600683|600076,2,600683_2026-05-13|600076_2026-05-13,600683|600076,2,600683_2026-05-13|600076_2026-05-13,600683|600076,0,0.5,0,0.00442577030815,,0,1,0,-0.047619047619,-0.0520448179272,1,,0,0.5,0,0.00442577030815,0,0,,0,0.5,0,0.00442577030815,0,0,,0,0.5,0,0.00442577030815,0,0,
2026-05-13,2026-05,BOARD3_ONLY,A1_REMOVE_D0_TIMING,2,YES,1,600683_2026-05-13,600683,2,600683_2026-05-13|600076_2026-05-13,600683|600076,2,600683_2026-05-13|600076_2026-05-13,600683|600076,2,600683_2026-05-13|600076_2026-05-13,600683|600076,0,0.5,0,0.00442577030815,,0,1,0,-0.047619047619,-0.0520448179272,1,,0,0.5,0,0.00442577030815,0,0,,0,0.5,0,0.00442577030815,0,0,,0,0.5,0,0.00442577030815,0,0,
2026-05-13,2026-05,BOARD3_ONLY,A2_REMOVE_D0_TIMING_AND_TOTAL_FAMILY,2,YES,1,600683_2026-05-13,600683,2,600683_2026-05-13|600076_2026-05-13,600683|600076,2,600683_2026-05-13|600076_2026-05-13,600683|600076,2,600683_2026-05-13|600076_2026-05-13,600683|600076,0,0.5,0,0.00442577030815,,0,1,0,-0.047619047619,-0.0520448179272,1,,0,0.5,0,0.00442577030815,0,0,,0,0.5,0,0.00442577030815,0,0,,0,0.5,0,0.00442577030815,0,0,
2026-05-13,2026-05,BOARD3_ONLY,A3_REDUCED_BASE_ONLY,2,YES,1,600683_2026-05-13,600683,2,600683_2026-05-13|600076_2026-05-13,600683|600076,2,600683_2026-05-13|600076_2026-05-13,600683|600076,2,600683_2026-05-13|600076_2026-05-13,600683|600076,0,0.5,0,0.00442577030815,,0,1,0,-0.047619047619,-0.0520448179272,1,,0,0.5,0,0.00442577030815,0,0,,0,0.5,0,0.00442577030815,0,0,,0,0.5,0,0.00442577030815,0,0,
2026-05-14,2026-05,ALL_CANDIDATES,A0_ORIGINAL_18F,8,YES,1,600396_2026-05-14,600396,2,600396_2026-05-14|603203_2026-05-14,600396|603203,3,600396_2026-05-14|603203_2026-05-14|600172_2026-05-14,600396|603203|600172,5,600396_2026-05-14|603203_2026-05-14|600172_2026-05-14|603070_2026-05-14|000601_2026-05-14,600396|603203|600172|603070|000601,0.25,0.5,0,0.016975283611,0.666666666667,1,0,0,0.07,0.053024716389,0,0.5,0.5,0.5,0,0.0323696425808,0.0153943589699,0,0.5,0.333333333333,0.333333333333,0,0.0327963277257,0.0158210441148,0,0.5,0.2,0.4,0,0.0299152203261,0.0129399367152,0,0.5
2026-05-14,2026-05,ALL_CANDIDATES,A1_REMOVE_D0_TIMING,8,YES,1,600396_2026-05-14,600396,2,600396_2026-05-14|603203_2026-05-14,600396|603203,3,600396_2026-05-14|603203_2026-05-14|600172_2026-05-14,600396|603203|600172,5,600396_2026-05-14|603203_2026-05-14|600172_2026-05-14|603070_2026-05-14|000601_2026-05-14,600396|603203|600172|603070|000601,0.25,0.5,0,0.016975283611,0.666666666667,1,0,0,0.07,0.053024716389,0,0.5,0.5,0.5,0,0.0323696425808,0.0153943589699,0,0.5,0.333333333333,0.333333333333,0,0.0327963277257,0.0158210441148,0,0.5,0.2,0.4,0,0.0299152203261,0.0129399367152,0,0.5
2026-05-14,2026-05,ALL_CANDIDATES,A2_REMOVE_D0_TIMING_AND_TOTAL_FAMILY,8,YES,1,600396_2026-05-14,600396,2,600396_2026-05-14|603203_2026-05-14,600396|603203,3,600396_2026-05-14|603203_2026-05-14|600172_2026-05-14,600396|603203|600172,5,600396_2026-05-14|603203_2026-05-14|600172_2026-05-14|603070_2026-05-14|000601_2026-05-14,600396|603203|600172|603070|000601,0.25,0.5,0,0.016975283611,0.666666666667,1,0,0,0.07,0.053024716389,0,0.5,0.5,0.5,0,0.0323696425808,0.0153943589699,0,0.5,0.333333333333,0.333333333333,0,0.0327963277257,0.0158210441148,0,0.5,0.2,0.4,0,0.0299152203261,0.0129399367152,0,0.5
2026-05-14,2026-05,ALL_CANDIDATES,A3_REDUCED_BASE_ONLY,8,YES,1,600396_2026-05-14,600396,2,600396_2026-05-14|603203_2026-05-14,600396|603203,3,600396_2026-05-14|603203_2026-05-14|600172_2026-05-14,600396|603203|600172,5,600396_2026-05-14|603203_2026-05-14|600172_2026-05-14|603070_2026-05-14|000601_2026-05-14,600396|603203|600172|603070|000601,0.25,0.5,0,0.016975283611,0.666666666667,1,0,0,0.07,0.053024716389,0,0.5,0.5,0.5,0,0.0323696425808,0.0153943589699,0,0.5,0.333333333333,0.333333333333,0,0.0327963277257,0.0158210441148,0,0.5,0.2,0.4,0,0.0299152203261,0.0129399367152,0,0.5
2026-05-14,2026-05,BOARD2_ONLY,A0_ORIGINAL_18F,6,YES,1,603203_2026-05-14,603203,2,603203_2026-05-14|603070_2026-05-14,603203|603070,3,603203_2026-05-14|603070_2026-05-14|000601_2026-05-14,603203|603070|000601,5,603203_2026-05-14|603070_2026-05-14|000601_2026-05-14|000767_2026-05-14|002498_2026-05-14,603203|603070|000601|000767|002498,0.166666666667,0.666666666667,0,0.00535876181203,0.4,0,1,0,-0.00526071483831,-0.0106194766503,1,0,0,0.5,0,0.0315311332641,0.0261723714521,0,0,0,0.666666666667,0,0.015308801205,0.009950039393,0,0,0.2,0.6,0,0.0148841224219,0.00952536060983,0,1
2026-05-14,2026-05,BOARD2_ONLY,A1_REMOVE_D0_TIMING,6,YES,1,603203_2026-05-14,603203,2,603203_2026-05-14|603070_2026-05-14,603203|603070,3,603203_2026-05-14|603070_2026-05-14|000601_2026-05-14,603203|603070|000601,5,603203_2026-05-14|603070_2026-05-14|000601_2026-05-14|000767_2026-05-14|002498_2026-05-14,603203|603070|000601|000767|002498,0.166666666667,0.666666666667,0,0.00535876181203,0.4,0,1,0,-0.00526071483831,-0.0106194766503,1,0,0,0.5,0,0.0315311332641,0.0261723714521,0,0,0,0.666666666667,0,0.015308801205,0.009950039393,0,0,0.2,0.6,0,0.0148841224219,0.00952536060983,0,1
2026-05-14,2026-05,BOARD2_ONLY,A2_REMOVE_D0_TIMING_AND_TOTAL_FAMILY,6,YES,1,603203_2026-05-14,603203,2,603203_2026-05-14|603070_2026-05-14,603203|603070,3,603203_2026-05-14|603070_2026-05-14|000601_2026-05-14,603203|603070|000601,5,603203_2026-05-14|603070_2026-05-14|000601_2026-05-14|000767_2026-05-14|002498_2026-05-14,603203|603070|000601|000767|002498,0.166666666667,0.666666666667,0,0.00535876181203,0.4,0,1,0,-0.00526071483831,-0.0106194766503,1,0,0,0.5,0,0.0315311332641,0.0261723714521,0,0,0,0.666666666667,0,0.015308801205,0.009950039393,0,0,0.2,0.6,0,0.0148841224219,0.00952536060983,0,1
2026-05-14,2026-05,BOARD2_ONLY,A3_REDUCED_BASE_ONLY,6,YES,1,603203_2026-05-14,603203,2,603203_2026-05-14|603070_2026-05-14,603203|603070,3,603203_2026-05-14|603070_2026-05-14|000601_2026-05-14,603203|603070|000601,5,603203_2026-05-14|603070_2026-05-14|000601_2026-05-14|000767_2026-05-14|002498_2026-05-14,603203|603070|000601|000767|002498,0.166666666667,0.666666666667,0,0.00535876181203,0.4,0,1,0,-0.00526071483831,-0.0106194766503,1,0,0,0.5,0,0.0315311332641,0.0261723714521,0,0,0,0.666666666667,0,0.015308801205,0.009950039393,0,0,0.2,0.6,0,0.0148841224219,0.00952536060983,0,1
2026-05-14,2026-05,BOARD3_ONLY,A0_ORIGINAL_18F,2,YES,1,600396_2026-05-14,600396,2,600396_2026-05-14|600172_2026-05-14,600396|600172,2,600396_2026-05-14|600172_2026-05-14,600396|600172,2,600396_2026-05-14|600172_2026-05-14,600396|600172,0.5,0,0,0.0518248490078,1,1,0,0,0.07,0.0181751509923,0,1,0.5,0,0,0.0518248490078,0,0,1,0.5,0,0,0.0518248490078,0,0,1,0.5,0,0,0.0518248490078,0,0,1
2026-05-14,2026-05,BOARD3_ONLY,A1_REMOVE_D0_TIMING,2,YES,1,600396_2026-05-14,600396,2,600396_2026-05-14|600172_2026-05-14,600396|600172,2,600396_2026-05-14|600172_2026-05-14,600396|600172,2,600396_2026-05-14|600172_2026-05-14,600396|600172,0.5,0,0,0.0518248490078,1,1,0,0,0.07,0.0181751509923,0,1,0.5,0,0,0.0518248490078,0,0,1,0.5,0,0,0.0518248490078,0,0,1,0.5,0,0,0.0518248490078,0,0,1
2026-05-14,2026-05,BOARD3_ONLY,A2_REMOVE_D0_TIMING_AND_TOTAL_FAMILY,2,YES,1,600396_2026-05-14,600396,2,600396_2026-05-14|600172_2026-05-14,600396|600172,2,600396_2026-05-14|600172_2026-05-14,600396|600172,2,600396_2026-05-14|600172_2026-05-14,600396|600172,0.5,0,0,0.0518248490078,1,1,0,0,0.07,0.0181751509923,0,1,0.5,0,0,0.0518248490078,0,0,1,0.5,0,0,0.0518248490078,0,0,1,0.5,0,0,0.0518248490078,0,0,1
2026-05-14,2026-05,BOARD3_ONLY,A3_REDUCED_BASE_ONLY,2,YES,1,600396_2026-05-14,600396,2,600396_2026-05-14|600172_2026-05-14,600396|600172,2,600396_2026-05-14|600172_2026-05-14,600396|600172,2,600396_2026-05-14|600172_2026-05-14,600396|600172,0.5,0,0,0.0518248490078,1,1,0,0,0.07,0.0181751509923,0,1,0.5,0,0,0.0518248490078,0,0,1,0.5,0,0,0.0518248490078,0,0,1,0.5,0,0,0.0518248490078,0,0,1
2026-05-15,2026-05,ALL_CANDIDATES,A0_ORIGINAL_18F,11,YES,1,002208_2026-05-15,002208,2,002208_2026-05-15|001210_2026-05-15,002208|001210,3,002208_2026-05-15|001210_2026-05-15|002940_2026-05-15,002208|001210|002940,5,002208_2026-05-15|001210_2026-05-15|002940_2026-05-15|603052_2026-05-15|603007_2026-05-15,002208|001210|002940|603052|603007,0.545454545455,0.181818181818,0,0.0457964778589,0.166666666667,1,0,0,0.07,0.0242035221411,0,0.166666666667,0.5,0,0,0.0663588850174,0.0205624071585,0,0.166666666667,0.333333333333,0,0,0.0599077526617,0.0141112748029,0,0.166666666667,0.2,0.2,0,0.0336783668711,-0.0121181109878,0,0.166666666667
2026-05-15,2026-05,ALL_CANDIDATES,A1_REMOVE_D0_TIMING,11,YES,1,002208_2026-05-15,002208,2,002208_2026-05-15|001210_2026-05-15,002208|001210,3,002208_2026-05-15|001210_2026-05-15|002940_2026-05-15,002208|001210|002940,5,002208_2026-05-15|001210_2026-05-15|002940_2026-05-15|603052_2026-05-15|603007_2026-05-15,002208|001210|002940|603052|603007,0.545454545455,0.181818181818,0,0.0457964778589,0.166666666667,1,0,0,0.07,0.0242035221411,0,0.166666666667,0.5,0,0,0.0663588850174,0.0205624071585,0,0.166666666667,0.333333333333,0,0,0.0599077526617,0.0141112748029,0,0.166666666667,0.2,0.2,0,0.0336783668711,-0.0121181109878,0,0.166666666667
2026-05-15,2026-05,ALL_CANDIDATES,A2_REMOVE_D0_TIMING_AND_TOTAL_FAMILY,11,YES,1,002208_2026-05-15,002208,2,002208_2026-05-15|002940_2026-05-15,002208|002940,3,002208_2026-05-15|002940_2026-05-15|001210_2026-05-15,002208|002940|001210,5,002208_2026-05-15|002940_2026-05-15|001210_2026-05-15|603052_2026-05-15|603007_2026-05-15,002208|002940|001210|603052|603007,0.545454545455,0.181818181818,0,0.0457964778589,0.166666666667,1,0,0,0.07,0.0242035221411,0,0.166666666667,0.5,0,0,0.0585027439752,0.0127062661163,0,0.166666666667,0.333333333333,0,0,0.0599077526617,0.0141112748029,0,0.166666666667,0.2,0.2,0,0.0336783668711,-0.0121181109878,0,0.166666666667
2026-05-15,2026-05,ALL_CANDIDATES,A3_REDUCED_BASE_ONLY,11,YES,1,002940_2026-05-15,002940,2,002940_2026-05-15|002208_2026-05-15,002940|002208,3,002940_2026-05-15|002208_2026-05-15|001210_2026-05-15,002940|002208|001210,5,002940_2026-05-15|002208_2026-05-15|001210_2026-05-15|603052_2026-05-15|001223_2026-05-15,002940|002208|001210|603052|001223,0.545454545455,0.181818181818,0,0.0457964778589,0.133333333333,0,0,0,0.0470054879504,0.00120901009154,0,0,0.5,0,0,0.0585027439752,0.0127062661163,0,0.166666666667,0.333333333333,0,0,0.0599077526617,0.0141112748029,0,0.166666666667,0.2,0.4,0,0.0267094451064,-0.0190870327525,0,0.166666666667
2026-05-15,2026-05,BOARD2_ONLY,A0_ORIGINAL_18F,8,YES,1,001210_2026-05-15,001210,2,001210_2026-05-15|002940_2026-05-15,001210|002940,3,001210_2026-05-15|002940_2026-05-15|001223_2026-05-15,001210|002940|001223,5,001210_2026-05-15|002940_2026-05-15|001223_2026-05-15|002782_2026-05-15|600903_2026-05-15,001210|002940|001223|002782|600903,0.625,0.125,0,0.0556365850097,0,0,0,0,0.0627177700348,0.00708118502513,0,0,0,0,0,0.0548616289926,-0.000774956017075,0,0,0,0.333333333333,0,0.0316975600258,-0.0239390249839,0,0,0.4,0.2,0,0.0470185360155,-0.0086180489942,0,0.4
2026-05-15,2026-05,BOARD2_ONLY,A1_REMOVE_D0_TIMING,8,YES,1,001210_2026-05-15,001210,2,001210_2026-05-15|002940_2026-05-15,001210|002940,3,001210_2026-05-15|002940_2026-05-15|001223_2026-05-15,001210|002940|001223,5,001210_2026-05-15|002940_2026-05-15|001223_2026-05-15|002782_2026-05-15|600903_2026-05-15,001210|002940|001223|002782|600903,0.625,0.125,0,0.0556365850097,0,0,0,0,0.0627177700348,0.00708118502513,0,0,0,0,0,0.0548616289926,-0.000774956017075,0,0,0,0.333333333333,0,0.0316975600258,-0.0239390249839,0,0,0.4,0.2,0,0.0470185360155,-0.0086180489942,0,0.4
2026-05-15,2026-05,BOARD2_ONLY,A2_REMOVE_D0_TIMING_AND_TOTAL_FAMILY,8,YES,1,002940_2026-05-15,002940,2,002940_2026-05-15|001210_2026-05-15,002940|001210,3,002940_2026-05-15|001210_2026-05-15|001223_2026-05-15,002940|001210|001223,5,002940_2026-05-15|001210_2026-05-15|001223_2026-05-15|002782_2026-05-15|600903_2026-05-15,002940|001210|001223|002782|600903,0.625,0.125,0,0.0556365850097,0,0,0,0,0.0470054879504,-0.00863109705927,0,0,0,0,0,0.0548616289926,-0.000774956017075,0,0,0,0.333333333333,0,0.0316975600258,-0.0239390249839,0,0,0.4,0.2,0,0.0470185360155,-0.0086180489942,0,0.4
2026-05-15,2026-05,BOARD2_ONLY,A3_REDUCED_BASE_ONLY,8,YES,1,002940_2026-05-15,002940,2,002940_2026-05-15|001210_2026-05-15,002940|001210,3,002940_2026-05-15|001210_2026-05-15|001223_2026-05-15,002940|001210|001223,5,002940_2026-05-15|001210_2026-05-15|001223_2026-05-15|002782_2026-05-15|600903_2026-05-15,002940|001210|001223|002782|600903,0.625,0.125,0,0.0556365850097,0,0,0,0,0.0470054879504,-0.00863109705927,0,0,0,0,0,0.0548616289926,-0.000774956017075,0,0,0,0.333333333333,0,0.0316975600258,-0.0239390249839,0,0,0.4,0.2,0,0.0470185360155,-0.0086180489942,0,0.4
2026-05-15,2026-05,BOARD3_ONLY,A0_ORIGINAL_18F,3,YES,1,002208_2026-05-15,002208,2,002208_2026-05-15|603052_2026-05-15,002208|603052,3,002208_2026-05-15|603052_2026-05-15|603007_2026-05-15,002208|603052|603007,3,002208_2026-05-15|603052_2026-05-15|603007_2026-05-15,002208|603052|603007,0.333333333333,0.333333333333,0,0.0195561921234,1,1,0,0,0.07,0.0504438078766,0,1,0.5,0.5,0,0.0192272727273,-0.000328919396117,0,1,0.333333333333,0.333333333333,0,0.0195561921234,0,0,1,0.333333333333,0.333333333333,0,0.0195561921234,0,0,1
2026-05-15,2026-05,BOARD3_ONLY,A1_REMOVE_D0_TIMING,3,YES,1,002208_2026-05-15,002208,2,002208_2026-05-15|603052_2026-05-15,002208|603052,3,002208_2026-05-15|603052_2026-05-15|603007_2026-05-15,002208|603052|603007,3,002208_2026-05-15|603052_2026-05-15|603007_2026-05-15,002208|603052|603007,0.333333333333,0.333333333333,0,0.0195561921234,1,1,0,0,0.07,0.0504438078766,0,1,0.5,0.5,0,0.0192272727273,-0.000328919396117,0,1,0.333333333333,0.333333333333,0,0.0195561921234,0,0,1,0.333333333333,0.333333333333,0,0.0195561921234,0,0,1
2026-05-15,2026-05,BOARD3_ONLY,A2_REMOVE_D0_TIMING_AND_TOTAL_FAMILY,3,YES,1,002208_2026-05-15,002208,2,002208_2026-05-15|603052_2026-05-15,002208|603052,3,002208_2026-05-15|603052_2026-05-15|603007_2026-05-15,002208|603052|603007,3,002208_2026-05-15|603052_2026-05-15|603007_2026-05-15,002208|603052|603007,0.333333333333,0.333333333333,0,0.0195561921234,1,1,0,0,0.07,0.0504438078766,0,1,0.5,0.5,0,0.0192272727273,-0.000328919396117,0,1,0.333333333333,0.333333333333,0,0.0195561921234,0,0,1,0.333333333333,0.333333333333,0,0.0195561921234,0,0,1
2026-05-15,2026-05,BOARD3_ONLY,A3_REDUCED_BASE_ONLY,3,YES,1,002208_2026-05-15,002208,2,002208_2026-05-15|603052_2026-05-15,002208|603052,3,002208_2026-05-15|603052_2026-05-15|603007_2026-05-15,002208|603052|603007,3,002208_2026-05-15|603052_2026-05-15|603007_2026-05-15,002208|603052|603007,0.333333333333,0.333333333333,0,0.0195561921234,1,1,0,0,0.07,0.0504438078766,0,1,0.5,0.5,0,0.0192272727273,-0.000328919396117,0,1,0.333333333333,0.333333333333,0,0.0195561921234,0,0,1,0.333333333333,0.333333333333,0,0.0195561921234,0,0,1
2026-05-18,2026-05,ALL_CANDIDATES,A0_ORIGINAL_18F,1,YES,1,002971_2026-05-18,002971,1,002971_2026-05-18,002971,1,002971_2026-05-18,002971,1,002971_2026-05-18,002971,0,0,0,0.046664909043,,0,0,0,0.046664909043,0,0,,0,0,0,0.046664909043,0,0,,0,0,0,0.046664909043,0,0,,0,0,0,0.046664909043,0,0,
2026-05-18,2026-05,ALL_CANDIDATES,A1_REMOVE_D0_TIMING,1,YES,1,002971_2026-05-18,002971,1,002971_2026-05-18,002971,1,002971_2026-05-18,002971,1,002971_2026-05-18,002971,0,0,0,0.046664909043,,0,0,0,0.046664909043,0,0,,0,0,0,0.046664909043,0,0,,0,0,0,0.046664909043,0,0,,0,0,0,0.046664909043,0,0,
2026-05-18,2026-05,ALL_CANDIDATES,A2_REMOVE_D0_TIMING_AND_TOTAL_FAMILY,1,YES,1,002971_2026-05-18,002971,1,002971_2026-05-18,002971,1,002971_2026-05-18,002971,1,002971_2026-05-18,002971,0,0,0,0.046664909043,,0,0,0,0.046664909043,0,0,,0,0,0,0.046664909043,0,0,,0,0,0,0.046664909043,0,0,,0,0,0,0.046664909043,0,0,
2026-05-18,2026-05,ALL_CANDIDATES,A3_REDUCED_BASE_ONLY,1,YES,1,002971_2026-05-18,002971,1,002971_2026-05-18,002971,1,002971_2026-05-18,002971,1,002971_2026-05-18,002971,0,0,0,0.046664909043,,0,0,0,0.046664909043,0,0,,0,0,0,0.046664909043,0,0,,0,0,0,0.046664909043,0,0,,0,0,0,0.046664909043,0,0,
2026-05-18,2026-05,BOARD2_ONLY,A0_ORIGINAL_18F,1,YES,1,002971_2026-05-18,002971,1,002971_2026-05-18,002971,1,002971_2026-05-18,002971,1,002971_2026-05-18,002971,0,0,0,0.046664909043,,0,0,0,0.046664909043,0,0,,0,0,0,0.046664909043,0,0,,0,0,0,0.046664909043,0,0,,0,0,0,0.046664909043,0,0,
2026-05-18,2026-05,BOARD2_ONLY,A1_REMOVE_D0_TIMING,1,YES,1,002971_2026-05-18,002971,1,002971_2026-05-18,002971,1,002971_2026-05-18,002971,1,002971_2026-05-18,002971,0,0,0,0.046664909043,,0,0,0,0.046664909043,0,0,,0,0,0,0.046664909043,0,0,,0,0,0,0.046664909043,0,0,,0,0,0,0.046664909043,0,0,
2026-05-18,2026-05,BOARD2_ONLY,A2_REMOVE_D0_TIMING_AND_TOTAL_FAMILY,1,YES,1,002971_2026-05-18,002971,1,002971_2026-05-18,002971,1,002971_2026-05-18,002971,1,002971_2026-05-18,002971,0,0,0,0.046664909043,,0,0,0,0.046664909043,0,0,,0,0,0,0.046664909043,0,0,,0,0,0,0.046664909043,0,0,,0,0,0,0.046664909043,0,0,
2026-05-18,2026-05,BOARD2_ONLY,A3_REDUCED_BASE_ONLY,1,YES,1,002971_2026-05-18,002971,1,002971_2026-05-18,002971,1,002971_2026-05-18,002971,1,002971_2026-05-18,002971,0,0,0,0.046664909043,,0,0,0,0.046664909043,0,0,,0,0,0,0.046664909043,0,0,,0,0,0,0.046664909043,0,0,,0,0,0,0.046664909043,0,0,
2026-05-19,2026-05,ALL_CANDIDATES,A0_ORIGINAL_18F,4,YES,1,003018_2026-05-19,003018,2,003018_2026-05-19|601678_2026-05-19,003018|601678,3,003018_2026-05-19|601678_2026-05-19|601133_2026-05-19,003018|601678|601133,4,003018_2026-05-19|601678_2026-05-19|601133_2026-05-19|002374_2026-05-19,003018|601678|601133|002374,0.5,0,0,0.0509854648699,0.75,1,0,0,0.07,0.0190145351301,0,0.5,0.5,0,0,0.0551288244767,0.00414335960675,0,0.5,0.666666666667,0,0,0.0600858829844,0.00910041811453,0,1,0.5,0,0,0.0509854648699,0,0,1
2026-05-19,2026-05,ALL_CANDIDATES,A1_REMOVE_D0_TIMING,4,YES,1,003018_2026-05-19,003018,2,003018_2026-05-19|601678_2026-05-19,003018|601678,3,003018_2026-05-19|601678_2026-05-19|601133_2026-05-19,003018|601678|601133,4,003018_2026-05-19|601678_2026-05-19|601133_2026-05-19|002374_2026-05-19,003018|601678|601133|002374,0.5,0,0,0.0509854648699,0.75,1,0,0,0.07,0.0190145351301,0,0.5,0.5,0,0,0.0551288244767,0.00414335960675,0,0.5,0.666666666667,0,0,0.0600858829844,0.00910041811453,0,1,0.5,0,0,0.0509854648699,0,0,1
2026-05-19,2026-05,ALL_CANDIDATES,A2_REMOVE_D0_TIMING_AND_TOTAL_FAMILY,4,YES,1,003018_2026-05-19,003018,2,003018_2026-05-19|601678_2026-05-19,003018|601678,3,003018_2026-05-19|601678_2026-05-19|002374_2026-05-19,003018|601678|002374,4,003018_2026-05-19|601678_2026-05-19|002374_2026-05-19|601133_2026-05-19,003018|601678|002374|601133,0.5,0,0,0.0509854648699,0.5,1,0,0,0.07,0.0190145351301,0,0.5,0.5,0,0,0.0551288244767,0.00414335960675,0,0.5,0.333333333333,0,0,0.0446472864932,-0.0063381783767,0,0.5,0.5,0,0,0.0509854648699,0,0,1
2026-05-19,2026-05,ALL_CANDIDATES,A3_REDUCED_BASE_ONLY,4,YES,1,003018_2026-05-19,003018,2,003018_2026-05-19|601678_2026-05-19,003018|601678,3,003018_2026-05-19|601678_2026-05-19|601133_2026-05-19,003018|601678|601133,4,003018_2026-05-19|601678_2026-05-19|601133_2026-05-19|002374_2026-05-19,003018|601678|601133|002374,0.5,0,0,0.0509854648699,0.75,1,0,0,0.07,0.0190145351301,0,0.5,0.5,0,0,0.0551288244767,0.00414335960675,0,0.5,0.666666666667,0,0,0.0600858829844,0.00910041811453,0,1,0.5,0,0,0.0509854648699,0,0,1
2026-05-19,2026-05,BOARD2_ONLY,A0_ORIGINAL_18F,3,YES,1,601678_2026-05-19,601678,2,601678_2026-05-19|601133_2026-05-19,601678|601133,3,601678_2026-05-19|601133_2026-05-19|002374_2026-05-19,601678|601133|002374,3,601678_2026-05-19|601133_2026-05-19|002374_2026-05-19,601678|601133|002374,0.333333333333,0,0,0.0446472864932,0.5,0,0,0,0.0402576489533,-0.0043896375399,0,0,0.5,0,0,0.0551288244767,0.0104815379834,0,1,0.333333333333,0,0,0.0446472864932,0,0,1,0.333333333333,0,0,0.0446472864932,0,0,1
2026-05-19,2026-05,BOARD2_ONLY,A1_REMOVE_D0_TIMING,3,YES,1,601678_2026-05-19,601678,2,601678_2026-05-19|601133_2026-05-19,601678|601133,3,601678_2026-05-19|601133_2026-05-19|002374_2026-05-19,601678|601133|002374,3,601678_2026-05-19|601133_2026-05-19|002374_2026-05-19,601678|601133|002374,0.333333333333,0,0,0.0446472864932,0.5,0,0,0,0.0402576489533,-0.0043896375399,0,0,0.5,0,0,0.0551288244767,0.0104815379834,0,1,0.333333333333,0,0,0.0446472864932,0,0,1,0.333333333333,0,0,0.0446472864932,0,0,1
2026-05-19,2026-05,BOARD2_ONLY,A2_REMOVE_D0_TIMING_AND_TOTAL_FAMILY,3,YES,1,601678_2026-05-19,601678,2,601678_2026-05-19|002374_2026-05-19,601678|002374,3,601678_2026-05-19|002374_2026-05-19|601133_2026-05-19,601678|002374|601133,3,601678_2026-05-19|002374_2026-05-19|601133_2026-05-19,601678|002374|601133,0.333333333333,0,0,0.0446472864932,0,0,0,0,0.0402576489533,-0.0043896375399,0,0,0,0,0,0.0319709297398,-0.0126763567534,0,0,0.333333333333,0,0,0.0446472864932,0,0,1,0.333333333333,0,0,0.0446472864932,0,0,1
2026-05-19,2026-05,BOARD2_ONLY,A3_REDUCED_BASE_ONLY,3,YES,1,601678_2026-05-19,601678,2,601678_2026-05-19|601133_2026-05-19,601678|601133,3,601678_2026-05-19|601133_2026-05-19|002374_2026-05-19,601678|601133|002374,3,601678_2026-05-19|601133_2026-05-19|002374_2026-05-19,601678|601133|002374,0.333333333333,0,0,0.0446472864932,0.5,0,0,0,0.0402576489533,-0.0043896375399,0,0,0.5,0,0,0.0551288244767,0.0104815379834,0,1,0.333333333333,0,0,0.0446472864932,0,0,1,0.333333333333,0,0,0.0446472864932,0,0,1
2026-05-19,2026-05,BOARD3_ONLY,A0_ORIGINAL_18F,1,YES,1,003018_2026-05-19,003018,1,003018_2026-05-19,003018,1,003018_2026-05-19,003018,1,003018_2026-05-19,003018,1,0,0,0.07,,1,0,0,0.07,0,0,1,1,0,0,0.07,0,0,1,1,0,0,0.07,0,0,1,1,0,0,0.07,0,0,1
2026-05-19,2026-05,BOARD3_ONLY,A1_REMOVE_D0_TIMING,1,YES,1,003018_2026-05-19,003018,1,003018_2026-05-19,003018,1,003018_2026-05-19,003018,1,003018_2026-05-19,003018,1,0,0,0.07,,1,0,0,0.07,0,0,1,1,0,0,0.07,0,0,1,1,0,0,0.07,0,0,1,1,0,0,0.07,0,0,1
2026-05-19,2026-05,BOARD3_ONLY,A2_REMOVE_D0_TIMING_AND_TOTAL_FAMILY,1,YES,1,003018_2026-05-19,003018,1,003018_2026-05-19,003018,1,003018_2026-05-19,003018,1,003018_2026-05-19,003018,1,0,0,0.07,,1,0,0,0.07,0,0,1,1,0,0,0.07,0,0,1,1,0,0,0.07,0,0,1,1,0,0,0.07,0,0,1
2026-05-19,2026-05,BOARD3_ONLY,A3_REDUCED_BASE_ONLY,1,YES,1,003018_2026-05-19,003018,1,003018_2026-05-19,003018,1,003018_2026-05-19,003018,1,003018_2026-05-19,003018,1,0,0,0.07,,1,0,0,0.07,0,0,1,1,0,0,0.07,0,0,1,1,0,0,0.07,0,0,1,1,0,0,0.07,0,0,1
2026-05-20,2026-05,ALL_CANDIDATES,A0_ORIGINAL_18F,10,YES,1,603115_2026-05-20,603115,2,603115_2026-05-20|002208_2026-05-20,603115|002208,3,603115_2026-05-20|002208_2026-05-20|603311_2026-05-20,603115|002208|603311,5,603115_2026-05-20|002208_2026-05-20|603311_2026-05-20|603989_2026-05-20|600903_2026-05-20,603115|002208|603311|603989|600903,0.5,0.3,0.1,0.0308337522624,0.8,1,0,0,0.07,0.0391662477376,0,0.2,0.5,0.5,0.5,-0.0012745098039,-0.0321082620663,1,0.2,0.666666666667,0.333333333333,0.333333333333,0.0224836601307,-0.00835009213165,0,0.4,0.8,0.2,0.2,0.0414901960784,0.0106564438161,0,0.8
2026-05-20,2026-05,ALL_CANDIDATES,A1_REMOVE_D0_TIMING,10,YES,1,603115_2026-05-20,603115,2,603115_2026-05-20|002208_2026-05-20,603115|002208,3,603115_2026-05-20|002208_2026-05-20|603311_2026-05-20,603115|002208|603311,5,603115_2026-05-20|002208_2026-05-20|603311_2026-05-20|603989_2026-05-20|600903_2026-05-20,603115|002208|603311|603989|600903,0.5,0.3,0.1,0.0308337522624,0.8,1,0,0,0.07,0.0391662477376,0,0.2,0.5,0.5,0.5,-0.0012745098039,-0.0321082620663,1,0.2,0.666666666667,0.333333333333,0.333333333333,0.0224836601307,-0.00835009213165,0,0.4,0.8,0.2,0.2,0.0414901960784,0.0106564438161,0,0.8
2026-05-20,2026-05,ALL_CANDIDATES,A2_REMOVE_D0_TIMING_AND_TOTAL_FAMILY,10,YES,1,603115_2026-05-20,603115,2,603115_2026-05-20|002208_2026-05-20,603115|002208,3,603115_2026-05-20|002208_2026-05-20|603311_2026-05-20,603115|002208|603311,5,603115_2026-05-20|002208_2026-05-20|603311_2026-05-20|603989_2026-05-20|600903_2026-05-20,603115|002208|603311|603989|600903,0.5,0.3,0.1,0.0308337522624,0.84,1,0,0,0.07,0.0391662477376,0,0.2,0.5,0.5,0.5,-0.0012745098039,-0.0321082620663,1,0.2,0.666666666667,0.333333333333,0.333333333333,0.0224836601307,-0.00835009213165,0,0.4,0.8,0.2,0.2,0.0414901960784,0.0106564438161,0,0.8
2026-05-20,2026-05,ALL_CANDIDATES,A3_REDUCED_BASE_ONLY,10,YES,1,603115_2026-05-20,603115,2,603115_2026-05-20|002208_2026-05-20,603115|002208,3,603115_2026-05-20|002208_2026-05-20|603989_2026-05-20,603115|002208|603989,5,603115_2026-05-20|002208_2026-05-20|603989_2026-05-20|603311_2026-05-20|002552_2026-05-20,603115|002208|603989|603311|002552,0.5,0.3,0.1,0.0308337522624,0.84,1,0,0,0.07,0.0391662477376,0,0.2,0.5,0.5,0.5,-0.0012745098039,-0.0321082620663,1,0.2,0.666666666667,0.333333333333,0.333333333333,0.0224836601307,-0.00835009213165,0,0.4,0.8,0.2,0.2,0.0414901960784,0.0106564438161,0,0.8
2026-05-20,2026-05,BOARD2_ONLY,A0_ORIGINAL_18F,9,YES,1,603115_2026-05-20,603115,2,603115_2026-05-20|002208_2026-05-20,603115|002208,3,603115_2026-05-20|002208_2026-05-20|603989_2026-05-20,603115|002208|603989,5,603115_2026-05-20|002208_2026-05-20|603989_2026-05-20|600903_2026-05-20|605218_2026-05-20,603115|002208|603989|600903|605218,0.444444444444,0.333333333333,0.111111111111,0.0264819469582,0.8,1,0,0,0.07,0.0435180530418,0,0.25,0.5,0.5,0.5,-0.0012745098039,-0.0277564567621,1,0.25,0.666666666667,0.333333333333,0.333333333333,0.0224836601307,-0.00399828682748,0,0.5,0.6,0.4,0.2,0.0234602054505,-0.00302174150769,0,0.75
2026-05-20,2026-05,BOARD2_ONLY,A1_REMOVE_D0_TIMING,9,YES,1,603115_2026-05-20,603115,2,603115_2026-05-20|002208_2026-05-20,603115|002208,3,603115_2026-05-20|002208_2026-05-20|603989_2026-05-20,603115|002208|603989,5,603115_2026-05-20|002208_2026-05-20|603989_2026-05-20|600903_2026-05-20|605218_2026-05-20,603115|002208|603989|600903|605218,0.444444444444,0.333333333333,0.111111111111,0.0264819469582,0.8,1,0,0,0.07,0.0435180530418,0,0.25,0.5,0.5,0.5,-0.0012745098039,-0.0277564567621,1,0.25,0.666666666667,0.333333333333,0.333333333333,0.0224836601307,-0.00399828682748,0,0.5,0.6,0.4,0.2,0.0234602054505,-0.00302174150769,0,0.75
2026-05-20,2026-05,BOARD2_ONLY,A2_REMOVE_D0_TIMING_AND_TOTAL_FAMILY,9,YES,1,603115_2026-05-20,603115,2,603115_2026-05-20|002208_2026-05-20,603115|002208,3,603115_2026-05-20|002208_2026-05-20|603989_2026-05-20,603115|002208|603989,5,603115_2026-05-20|002208_2026-05-20|603989_2026-05-20|600903_2026-05-20|002552_2026-05-20,603115|002208|603989|600903|002552,0.444444444444,0.333333333333,0.111111111111,0.0264819469582,0.85,1,0,0,0.07,0.0435180530418,0,0.25,0.5,0.5,0.5,-0.0012745098039,-0.0277564567621,1,0.25,0.666666666667,0.333333333333,0.333333333333,0.0224836601307,-0.00399828682748,0,0.5,0.8,0.2,0.2,0.0414901960784,0.0150082491202,0,1
2026-05-20,2026-05,BOARD2_ONLY,A3_REDUCED_BASE_ONLY,9,YES,1,603115_2026-05-20,603115,2,603115_2026-05-20|002208_2026-05-20,603115|002208,3,603115_2026-05-20|002208_2026-05-20|603989_2026-05-20,603115|002208|603989,5,603115_2026-05-20|002208_2026-05-20|603989_2026-05-20|002552_2026-05-20|600903_2026-05-20,603115|002208|603989|002552|600903,0.444444444444,0.333333333333,0.111111111111,0.0264819469582,0.85,1,0,0,0.07,0.0435180530418,0,0.25,0.5,0.5,0.5,-0.0012745098039,-0.0277564567621,1,0.25,0.666666666667,0.333333333333,0.333333333333,0.0224836601307,-0.00399828682748,0,0.5,0.8,0.2,0.2,0.0414901960784,0.0150082491202,0,1
2026-05-20,2026-05,BOARD3_ONLY,A0_ORIGINAL_18F,1,YES,1,603311_2026-05-20,603311,1,603311_2026-05-20,603311,1,603311_2026-05-20,603311,1,603311_2026-05-20,603311,1,0,0,0.07,,1,0,0,0.07,0,0,1,1,0,0,0.07,0,0,1,1,0,0,0.07,0,0,1,1,0,0,0.07,0,0,1
2026-05-20,2026-05,BOARD3_ONLY,A1_REMOVE_D0_TIMING,1,YES,1,603311_2026-05-20,603311,1,603311_2026-05-20,603311,1,603311_2026-05-20,603311,1,603311_2026-05-20,603311,1,0,0,0.07,,1,0,0,0.07,0,0,1,1,0,0,0.07,0,0,1,1,0,0,0.07,0,0,1,1,0,0,0.07,0,0,1
2026-05-20,2026-05,BOARD3_ONLY,A2_REMOVE_D0_TIMING_AND_TOTAL_FAMILY,1,YES,1,603311_2026-05-20,603311,1,603311_2026-05-20,603311,1,603311_2026-05-20,603311,1,603311_2026-05-20,603311,1,0,0,0.07,,1,0,0,0.07,0,0,1,1,0,0,0.07,0,0,1,1,0,0,0.07,0,0,1,1,0,0,0.07,0,0,1
2026-05-20,2026-05,BOARD3_ONLY,A3_REDUCED_BASE_ONLY,1,YES,1,603311_2026-05-20,603311,1,603311_2026-05-20,603311,1,603311_2026-05-20,603311,1,603311_2026-05-20,603311,1,0,0,0.07,,1,0,0,0.07,0,0,1,1,0,0,0.07,0,0,1,1,0,0,0.07,0,0,1,1,0,0,0.07,0,0,1
2026-05-21,2026-05,ALL_CANDIDATES,A0_ORIGINAL_18F,6,YES,1,603938_2026-05-21,603938,2,603938_2026-05-21|605288_2026-05-21,603938|605288,3,603938_2026-05-21|605288_2026-05-21|600563_2026-05-21,603938|605288|600563,5,603938_2026-05-21|605288_2026-05-21|600563_2026-05-21|000417_2026-05-21|002782_2026-05-21,603938|605288|600563|000417|002782,0.5,0.166666666667,0,0.0417108198352,0.222222222222,0,1,0,-0.0416666666667,-0.0833774865019,1,0,0,0.5,0,0.000306372549,-0.0414044472862,0,0,0.333333333333,0.333333333333,0,0.0235375816993,-0.0181732381358,0,0.333333333333,0.4,0.2,0,0.0360529838022,-0.00565783603297,0,0.666666666667
2026-05-21,2026-05,ALL_CANDIDATES,A1_REMOVE_D0_TIMING,6,YES,1,603938_2026-05-21,603938,2,603938_2026-05-21|605288_2026-05-21,603938|605288,3,603938_2026-05-21|605288_2026-05-21|600563_2026-05-21,603938|605288|600563,5,603938_2026-05-21|605288_2026-05-21|600563_2026-05-21|000417_2026-05-21|002782_2026-05-21,603938|605288|600563|000417|002782,0.5,0.166666666667,0,0.0417108198352,0.222222222222,0,1,0,-0.0416666666667,-0.0833774865019,1,0,0,0.5,0,0.000306372549,-0.0414044472862,0,0,0.333333333333,0.333333333333,0,0.0235375816993,-0.0181732381358,0,0.333333333333,0.4,0.2,0,0.0360529838022,-0.00565783603297,0,0.666666666667
2026-05-21,2026-05,ALL_CANDIDATES,A2_REMOVE_D0_TIMING_AND_TOTAL_FAMILY,6,YES,1,605288_2026-05-21,605288,2,605288_2026-05-21|603938_2026-05-21,605288|603938,3,605288_2026-05-21|603938_2026-05-21|600563_2026-05-21,605288|603938|600563,5,605288_2026-05-21|603938_2026-05-21|600563_2026-05-21|000417_2026-05-21|002782_2026-05-21,605288|603938|600563|000417|002782,0.5,0.166666666667,0,0.0417108198352,0.222222222222,0,0,0,0.0422794117647,0.000568591929533,0,0,0,0.5,0,0.000306372549,-0.0414044472862,0,0,0.333333333333,0.333333333333,0,0.0235375816993,-0.0181732381358,0,0.333333333333,0.4,0.2,0,0.0360529838022,-0.00565783603297,0,0.666666666667
2026-05-21,2026-05,ALL_CANDIDATES,A3_REDUCED_BASE_ONLY,6,YES,1,605288_2026-05-21,605288,2,605288_2026-05-21|600563_2026-05-21,605288|600563,3,605288_2026-05-21|600563_2026-05-21|603938_2026-05-21,605288|600563|603938,5,605288_2026-05-21|600563_2026-05-21|603938_2026-05-21|000417_2026-05-21|002782_2026-05-21,605288|600563|603938|000417|002782,0.5,0.166666666667,0,0.0417108198352,0.333333333333,0,0,0,0.0422794117647,0.000568591929533,0,0,0.5,0,0,0.0561397058824,0.0144288860472,0,0.333333333333,0.333333333333,0.333333333333,0,0.0235375816993,-0.0181732381358,0,0.333333333333,0.4,0.2,0,0.0360529838022,-0.00565783603297,0,0.666666666667
2026-05-21,2026-05,BOARD2_ONLY,A0_ORIGINAL_18F,3,YES,1,605288_2026-05-21,605288,2,605288_2026-05-21|600563_2026-05-21,605288|600563,3,605288_2026-05-21|600563_2026-05-21|002782_2026-05-21,605288|600563|002782,3,605288_2026-05-21|600563_2026-05-21|002782_2026-05-21,605288|600563|002782,0.333333333333,0,0,0.0506438618926,0.5,0,0,0,0.0422794117647,-0.00836445012787,0,0,0.5,0,0,0.0561397058824,0.00549584398978,0,1,0.333333333333,0,0,0.0506438618926,0,0,1,0.333333333333,0,0,0.0506438618926,0,0,1
2026-05-21,2026-05,BOARD2_ONLY,A1_REMOVE_D0_TIMING,3,YES,1,605288_2026-05-21,605288,2,605288_2026-05-21|600563_2026-05-21,605288|600563,3,605288_2026-05-21|600563_2026-05-21|002782_2026-05-21,605288|600563|002782,3,605288_2026-05-21|600563_2026-05-21|002782_2026-05-21,605288|600563|002782,0.333333333333,0,0,0.0506438618926,0.5,0,0,0,0.0422794117647,-0.00836445012787,0,0,0.5,0,0,0.0561397058824,0.00549584398978,0,1,0.333333333333,0,0,0.0506438618926,0,0,1,0.333333333333,0,0,0.0506438618926,0,0,1
2026-05-21,2026-05,BOARD2_ONLY,A2_REMOVE_D0_TIMING_AND_TOTAL_FAMILY,3,YES,1,605288_2026-05-21,605288,2,605288_2026-05-21|600563_2026-05-21,605288|600563,3,605288_2026-05-21|600563_2026-05-21|002782_2026-05-21,605288|600563|002782,3,605288_2026-05-21|600563_2026-05-21|002782_2026-05-21,605288|600563|002782,0.333333333333,0,0,0.0506438618926,0.5,0,0,0,0.0422794117647,-0.00836445012787,0,0,0.5,0,0,0.0561397058824,0.00549584398978,0,1,0.333333333333,0,0,0.0506438618926,0,0,1,0.333333333333,0,0,0.0506438618926,0,0,1
2026-05-21,2026-05,BOARD2_ONLY,A3_REDUCED_BASE_ONLY,3,YES,1,605288_2026-05-21,605288,2,605288_2026-05-21|600563_2026-05-21,605288|600563,3,605288_2026-05-21|600563_2026-05-21|002782_2026-05-21,605288|600563|002782,3,605288_2026-05-21|600563_2026-05-21|002782_2026-05-21,605288|600563|002782,0.333333333333,0,0,0.0506438618926,0.5,0,0,0,0.0422794117647,-0.00836445012787,0,0,0.5,0,0,0.0561397058824,0.00549584398978,0,1,0.333333333333,0,0,0.0506438618926,0,0,1,0.333333333333,0,0,0.0506438618926,0,0,1
2026-05-21,2026-05,BOARD3_ONLY,A0_ORIGINAL_18F,3,YES,1,603938_2026-05-21,603938,2,603938_2026-05-21|000417_2026-05-21,603938|000417,3,603938_2026-05-21|000417_2026-05-21|002272_2026-05-21,603938|000417|002272,3,603938_2026-05-21|000417_2026-05-21|002272_2026-05-21,603938|000417|002272,0.666666666667,0.333333333333,0,0.0327777777778,0,0,1,0,-0.0416666666667,-0.0744444444445,1,0,0.5,0.5,0,0.0141666666667,-0.0186111111111,0,0.5,0.666666666667,0.333333333333,0,0.0327777777778,0,0,1,0.666666666667,0.333333333333,0,0.0327777777778,0,0,1
2026-05-21,2026-05,BOARD3_ONLY,A1_REMOVE_D0_TIMING,3,YES,1,603938_2026-05-21,603938,2,603938_2026-05-21|000417_2026-05-21,603938|000417,3,603938_2026-05-21|000417_2026-05-21|002272_2026-05-21,603938|000417|002272,3,603938_2026-05-21|000417_2026-05-21|002272_2026-05-21,603938|000417|002272,0.666666666667,0.333333333333,0,0.0327777777778,0,0,1,0,-0.0416666666667,-0.0744444444445,1,0,0.5,0.5,0,0.0141666666667,-0.0186111111111,0,0.5,0.666666666667,0.333333333333,0,0.0327777777778,0,0,1,0.666666666667,0.333333333333,0,0.0327777777778,0,0,1
2026-05-21,2026-05,BOARD3_ONLY,A2_REMOVE_D0_TIMING_AND_TOTAL_FAMILY,3,YES,1,603938_2026-05-21,603938,2,603938_2026-05-21|000417_2026-05-21,603938|000417,3,603938_2026-05-21|000417_2026-05-21|002272_2026-05-21,603938|000417|002272,3,603938_2026-05-21|000417_2026-05-21|002272_2026-05-21,603938|000417|002272,0.666666666667,0.333333333333,0,0.0327777777778,0,0,1,0,-0.0416666666667,-0.0744444444445,1,0,0.5,0.5,0,0.0141666666667,-0.0186111111111,0,0.5,0.666666666667,0.333333333333,0,0.0327777777778,0,0,1,0.666666666667,0.333333333333,0,0.0327777777778,0,0,1
2026-05-21,2026-05,BOARD3_ONLY,A3_REDUCED_BASE_ONLY,3,YES,1,603938_2026-05-21,603938,2,603938_2026-05-21|000417_2026-05-21,603938|000417,3,603938_2026-05-21|000417_2026-05-21|002272_2026-05-21,603938|000417|002272,3,603938_2026-05-21|000417_2026-05-21|002272_2026-05-21,603938|000417|002272,0.666666666667,0.333333333333,0,0.0327777777778,0,0,1,0,-0.0416666666667,-0.0744444444445,1,0,0.5,0.5,0,0.0141666666667,-0.0186111111111,0,0.5,0.666666666667,0.333333333333,0,0.0327777777778,0,0,1,0.666666666667,0.333333333333,0,0.0327777777778,0,0,1
2026-05-22,2026-05,ALL_CANDIDATES,A0_ORIGINAL_18F,1,YES,1,003004_2026-05-22,003004,1,003004_2026-05-22,003004,1,003004_2026-05-22,003004,1,003004_2026-05-22,003004,1,0,0,0.07,,1,0,0,0.07,0,0,1,1,0,0,0.07,0,0,1,1,0,0,0.07,0,0,1,1,0,0,0.07,0,0,1
2026-05-22,2026-05,ALL_CANDIDATES,A1_REMOVE_D0_TIMING,1,YES,1,003004_2026-05-22,003004,1,003004_2026-05-22,003004,1,003004_2026-05-22,003004,1,003004_2026-05-22,003004,1,0,0,0.07,,1,0,0,0.07,0,0,1,1,0,0,0.07,0,0,1,1,0,0,0.07,0,0,1,1,0,0,0.07,0,0,1
2026-05-22,2026-05,ALL_CANDIDATES,A2_REMOVE_D0_TIMING_AND_TOTAL_FAMILY,1,YES,1,003004_2026-05-22,003004,1,003004_2026-05-22,003004,1,003004_2026-05-22,003004,1,003004_2026-05-22,003004,1,0,0,0.07,,1,0,0,0.07,0,0,1,1,0,0,0.07,0,0,1,1,0,0,0.07,0,0,1,1,0,0,0.07,0,0,1
2026-05-22,2026-05,ALL_CANDIDATES,A3_REDUCED_BASE_ONLY,1,YES,1,003004_2026-05-22,003004,1,003004_2026-05-22,003004,1,003004_2026-05-22,003004,1,003004_2026-05-22,003004,1,0,0,0.07,,1,0,0,0.07,0,0,1,1,0,0,0.07,0,0,1,1,0,0,0.07,0,0,1,1,0,0,0.07,0,0,1
2026-05-22,2026-05,BOARD2_ONLY,A0_ORIGINAL_18F,1,YES,1,003004_2026-05-22,003004,1,003004_2026-05-22,003004,1,003004_2026-05-22,003004,1,003004_2026-05-22,003004,1,0,0,0.07,,1,0,0,0.07,0,0,1,1,0,0,0.07,0,0,1,1,0,0,0.07,0,0,1,1,0,0,0.07,0,0,1
2026-05-22,2026-05,BOARD2_ONLY,A1_REMOVE_D0_TIMING,1,YES,1,003004_2026-05-22,003004,1,003004_2026-05-22,003004,1,003004_2026-05-22,003004,1,003004_2026-05-22,003004,1,0,0,0.07,,1,0,0,0.07,0,0,1,1,0,0,0.07,0,0,1,1,0,0,0.07,0,0,1,1,0,0,0.07,0,0,1
2026-05-22,2026-05,BOARD2_ONLY,A2_REMOVE_D0_TIMING_AND_TOTAL_FAMILY,1,YES,1,003004_2026-05-22,003004,1,003004_2026-05-22,003004,1,003004_2026-05-22,003004,1,003004_2026-05-22,003004,1,0,0,0.07,,1,0,0,0.07,0,0,1,1,0,0,0.07,0,0,1,1,0,0,0.07,0,0,1,1,0,0,0.07,0,0,1
2026-05-22,2026-05,BOARD2_ONLY,A3_REDUCED_BASE_ONLY,1,YES,1,003004_2026-05-22,003004,1,003004_2026-05-22,003004,1,003004_2026-05-22,003004,1,003004_2026-05-22,003004,1,0,0,0.07,,1,0,0,0.07,0,0,1,1,0,0,0.07,0,0,1,1,0,0,0.07,0,0,1,1,0,0,0.07,0,0,1
2026-05-25,2026-05,ALL_CANDIDATES,A0_ORIGINAL_18F,8,YES,1,000725_2026-05-25,000725,2,000725_2026-05-25|600611_2026-05-25,000725|600611,3,000725_2026-05-25|600611_2026-05-25|002036_2026-05-25,000725|600611|002036,5,000725_2026-05-25|600611_2026-05-25|002036_2026-05-25|002442_2026-05-25|001225_2026-05-25,000725|600611|002036|002442|001225,0.125,0.125,0.125,0.0268547682417,1,1,0,0,0.07,0.0431452317583,0,1,0.5,0.5,0.5,0.0052886247878,-0.0215661434539,0,1,0.333333333333,0.333333333333,0.333333333333,0.0159778571382,-0.0108769111034,0,1,0.2,0.2,0.2,0.0199378435153,-0.00691692472636,0,1
2026-05-25,2026-05,ALL_CANDIDATES,A1_REMOVE_D0_TIMING,8,YES,1,000725_2026-05-25,000725,2,000725_2026-05-25|600611_2026-05-25,000725|600611,3,000725_2026-05-25|600611_2026-05-25|002036_2026-05-25,000725|600611|002036,5,000725_2026-05-25|600611_2026-05-25|002036_2026-05-25|002442_2026-05-25|001225_2026-05-25,000725|600611|002036|002442|001225,0.125,0.125,0.125,0.0268547682417,1,1,0,0,0.07,0.0431452317583,0,1,0.5,0.5,0.5,0.0052886247878,-0.0215661434539,0,1,0.333333333333,0.333333333333,0.333333333333,0.0159778571382,-0.0108769111034,0,1,0.2,0.2,0.2,0.0199378435153,-0.00691692472636,0,1
2026-05-25,2026-05,ALL_CANDIDATES,A2_REMOVE_D0_TIMING_AND_TOTAL_FAMILY,8,YES,1,600611_2026-05-25,600611,2,600611_2026-05-25|000725_2026-05-25,600611|000725,3,600611_2026-05-25|000725_2026-05-25|002036_2026-05-25,600611|000725|002036,5,600611_2026-05-25|000725_2026-05-25|002036_2026-05-25|002442_2026-05-25|000012_2026-05-25,600611|000725|002036|002442|000012,0.125,0.125,0.125,0.0268547682417,0.857142857143,0,1,1,-0.0594227504244,-0.0862775186661,1,0,0.5,0.5,0.5,0.0052886247878,-0.0215661434539,0,1,0.333333333333,0.333333333333,0.333333333333,0.0159778571382,-0.0108769111034,0,1,0.2,0.2,0.2,0.0224462062508,-0.00440856199088,0,1
2026-05-25,2026-05,ALL_CANDIDATES,A3_REDUCED_BASE_ONLY,8,YES,1,000725_2026-05-25,000725,2,000725_2026-05-25|600611_2026-05-25,000725|600611,3,000725_2026-05-25|600611_2026-05-25|002036_2026-05-25,000725|600611|002036,5,000725_2026-05-25|600611_2026-05-25|002036_2026-05-25|002931_2026-05-25|000012_2026-05-25,000725|600611|002036|002931|000012,0.125,0.125,0.125,0.0268547682417,1,1,0,0,0.07,0.0431452317583,0,1,0.5,0.5,0.5,0.0052886247878,-0.0215661434539,0,1,0.333333333333,0.333333333333,0.333333333333,0.0159778571382,-0.0108769111034,0,1,0.2,0.2,0.2,0.0315236037794,0.00466883553777,0,1
2026-05-25,2026-05,BOARD2_ONLY,A0_ORIGINAL_18F,6,YES,1,000725_2026-05-25,000725,2,000725_2026-05-25|002036_2026-05-25,000725|002036,3,000725_2026-05-25|002036_2026-05-25|001225_2026-05-25,000725|002036|001225,5,000725_2026-05-25|002036_2026-05-25|001225_2026-05-25|000012_2026-05-25|002931_2026-05-25,000725|002036|001225|000012|002931,0.166666666667,0,0,0.045291388924,1,1,0,0,0.07,0.024708611076,0,1,0.5,0,0,0.0536781609196,0.0083867719956,0,1,0.333333333333,0,0,0.052199801729,0.00690841280501,0,1,0.2,0,0,0.0532567705339,0.00796538160993,0,1
2026-05-25,2026-05,BOARD2_ONLY,A1_REMOVE_D0_TIMING,6,YES,1,000725_2026-05-25,000725,2,000725_2026-05-25|002036_2026-05-25,000725|002036,3,000725_2026-05-25|002036_2026-05-25|001225_2026-05-25,000725|002036|001225,5,000725_2026-05-25|002036_2026-05-25|001225_2026-05-25|000012_2026-05-25|002931_2026-05-25,000725|002036|001225|000012|002931,0.166666666667,0,0,0.045291388924,1,1,0,0,0.07,0.024708611076,0,1,0.5,0,0,0.0536781609196,0.0083867719956,0,1,0.333333333333,0,0,0.052199801729,0.00690841280501,0,1,0.2,0,0,0.0532567705339,0.00796538160993,0,1
2026-05-25,2026-05,BOARD2_ONLY,A2_REMOVE_D0_TIMING_AND_TOTAL_FAMILY,6,YES,1,000725_2026-05-25,000725,2,000725_2026-05-25|002036_2026-05-25,000725|002036,3,000725_2026-05-25|002036_2026-05-25|000012_2026-05-25,000725|002036|000012,5,000725_2026-05-25|002036_2026-05-25|000012_2026-05-25|002931_2026-05-25|001225_2026-05-25,000725|002036|000012|002931|001225,0.166666666667,0,0,0.045291388924,1,1,0,0,0.07,0.024708611076,0,1,0.5,0,0,0.0536781609196,0.0083867719956,0,1,0.333333333333,0,0,0.0563804062881,0.0110890173641,0,1,0.2,0,0,0.0532567705339,0.00796538160993,0,1
2026-05-25,2026-05,BOARD2_ONLY,A3_REDUCED_BASE_ONLY,6,YES,1,000725_2026-05-25,000725,2,000725_2026-05-25|002036_2026-05-25,000725|002036,3,000725_2026-05-25|002036_2026-05-25|002931_2026-05-25,000725|002036|002931,5,000725_2026-05-25|002036_2026-05-25|002931_2026-05-25|000012_2026-05-25|001225_2026-05-25,000725|002036|002931|000012|001225,0.166666666667,0,0,0.045291388924,1,1,0,0,0.07,0.024708611076,0,1,0.5,0,0,0.0536781609196,0.0083867719956,0,1,0.333333333333,0,0,0.0517519574321,0.00646056850818,0,1,0.2,0,0,0.0532567705339,0.00796538160993,0,1
2026-05-25,2026-05,BOARD3_ONLY,A0_ORIGINAL_18F,2,YES,1,600611_2026-05-25,600611,2,600611_2026-05-25|002442_2026-05-25,600611|002442,2,600611_2026-05-25|002442_2026-05-25,600611|002442,2,600611_2026-05-25|002442_2026-05-25,600611|002442,0,0.5,0.5,-0.0284550938052,,0,1,1,-0.0594227504244,-0.0309676566192,1,,0,0.5,0.5,-0.0284550938052,0,1,,0,0.5,0.5,-0.0284550938052,0,1,,0,0.5,0.5,-0.0284550938052,0,1,
2026-05-25,2026-05,BOARD3_ONLY,A1_REMOVE_D0_TIMING,2,YES,1,600611_2026-05-25,600611,2,600611_2026-05-25|002442_2026-05-25,600611|002442,2,600611_2026-05-25|002442_2026-05-25,600611|002442,2,600611_2026-05-25|002442_2026-05-25,600611|002442,0,0.5,0.5,-0.0284550938052,,0,1,1,-0.0594227504244,-0.0309676566192,1,,0,0.5,0.5,-0.0284550938052,0,1,,0,0.5,0.5,-0.0284550938052,0,1,,0,0.5,0.5,-0.0284550938052,0,1,
2026-05-25,2026-05,BOARD3_ONLY,A2_REMOVE_D0_TIMING_AND_TOTAL_FAMILY,2,YES,1,600611_2026-05-25,600611,2,600611_2026-05-25|002442_2026-05-25,600611|002442,2,600611_2026-05-25|002442_2026-05-25,600611|002442,2,600611_2026-05-25|002442_2026-05-25,600611|002442,0,0.5,0.5,-0.0284550938052,,0,1,1,-0.0594227504244,-0.0309676566192,1,,0,0.5,0.5,-0.0284550938052,0,1,,0,0.5,0.5,-0.0284550938052,0,1,,0,0.5,0.5,-0.0284550938052,0,1,
2026-05-25,2026-05,BOARD3_ONLY,A3_REDUCED_BASE_ONLY,2,YES,1,600611_2026-05-25,600611,2,600611_2026-05-25|002442_2026-05-25,600611|002442,2,600611_2026-05-25|002442_2026-05-25,600611|002442,2,600611_2026-05-25|002442_2026-05-25,600611|002442,0,0.5,0.5,-0.0284550938052,,0,1,1,-0.0594227504244,-0.0309676566192,1,,0,0.5,0.5,-0.0284550938052,0,1,,0,0.5,0.5,-0.0284550938052,0,1,,0,0.5,0.5,-0.0284550938052,0,1,
2026-05-26,2026-05,ALL_CANDIDATES,A0_ORIGINAL_18F,18,YES,1,000636_2026-05-26,000636,2,000636_2026-05-26|002938_2026-05-26,000636|002938,3,000636_2026-05-26|002938_2026-05-26|603256_2026-05-26,000636|002938|603256,5,000636_2026-05-26|002938_2026-05-26|603256_2026-05-26|603663_2026-05-26|603661_2026-05-26,000636|002938|603256|603663|603661,0.277777777778,0.277777777778,0.166666666667,0.0174682367415,0.784615384615,1,0,0,0.07,0.0525317632585,0,0.2,0.5,0.5,0,0.0237931034483,0.00632486670678,0,0.2,0.666666666667,0.333333333333,0,0.0391954022989,0.0217271655573,0,0.4,0.6,0.4,0,0.0359610454139,0.0184928086724,0,0.6
2026-05-26,2026-05,ALL_CANDIDATES,A1_REMOVE_D0_TIMING,18,YES,1,000636_2026-05-26,000636,2,000636_2026-05-26|002938_2026-05-26,000636|002938,3,000636_2026-05-26|002938_2026-05-26|603256_2026-05-26,000636|002938|603256,5,000636_2026-05-26|002938_2026-05-26|603256_2026-05-26|603663_2026-05-26|603661_2026-05-26,000636|002938|603256|603663|603661,0.277777777778,0.277777777778,0.166666666667,0.0174682367415,0.784615384615,1,0,0,0.07,0.0525317632585,0,0.2,0.5,0.5,0,0.0237931034483,0.00632486670678,0,0.2,0.666666666667,0.333333333333,0,0.0391954022989,0.0217271655573,0,0.4,0.6,0.4,0,0.0359610454139,0.0184928086724,0,0.6
2026-05-26,2026-05,ALL_CANDIDATES,A2_REMOVE_D0_TIMING_AND_TOTAL_FAMILY,18,YES,1,000636_2026-05-26,000636,2,000636_2026-05-26|603663_2026-05-26,000636|603663,3,000636_2026-05-26|603663_2026-05-26|002938_2026-05-26,000636|603663|002938,5,000636_2026-05-26|603663_2026-05-26|002938_2026-05-26|603256_2026-05-26|603661_2026-05-26,000636|603663|002938|603256|603661,0.277777777778,0.277777777778,0.166666666667,0.0174682367415,0.8,1,0,0,0.07,0.0525317632585,0,0.2,1,0,0,0.07,0.0525317632585,0,0.4,0.666666666667,0.333333333333,0,0.0391954022989,0.0217271655573,0,0.4,0.6,0.4,0,0.0359610454139,0.0184928086724,0,0.6
2026-05-26,2026-05,ALL_CANDIDATES,A3_REDUCED_BASE_ONLY,18,YES,1,603256_2026-05-26,603256,2,603256_2026-05-26|002938_2026-05-26,603256|002938,3,603256_2026-05-26|002938_2026-05-26|000636_2026-05-26,603256|002938|000636,5,603256_2026-05-26|002938_2026-05-26|000636_2026-05-26|603663_2026-05-26|603936_2026-05-26,603256|002938|000636|603663|603936,0.277777777778,0.277777777778,0.166666666667,0.0174682367415,0.815384615385,1,0,0,0.07,0.0525317632585,0,0.2,0.5,0.5,0,0.0237931034483,0.00632486670678,0,0.2,0.666666666667,0.333333333333,0,0.0391954022989,0.0217271655573,0,0.4,0.6,0.2,0,0.0381345253299,0.0206662885884,0,0.6
2026-05-26,2026-05,BOARD2_ONLY,A0_ORIGINAL_18F,17,YES,1,000636_2026-05-26,000636,2,000636_2026-05-26|002938_2026-05-26,000636|002938,3,000636_2026-05-26|002938_2026-05-26|603256_2026-05-26,000636|002938|603256,5,000636_2026-05-26|002938_2026-05-26|603256_2026-05-26|603663_2026-05-26|002421_2026-05-26,000636|002938|603256|603663|002421,0.294117647059,0.235294117647,0.176470588235,0.018953484775,0.8,1,0,0,0.07,0.051046515225,0,0.2,0.5,0.5,0,0.0237931034483,0.00483961867334,0,0.2,0.666666666667,0.333333333333,0,0.0391954022989,0.0202419175239,0,0.4,0.6,0.2,0,0.0485810711666,0.0296275863916,0,0.6
2026-05-26,2026-05,BOARD2_ONLY,A1_REMOVE_D0_TIMING,17,YES,1,000636_2026-05-26,000636,2,000636_2026-05-26|002938_2026-05-26,000636|002938,3,000636_2026-05-26|002938_2026-05-26|603256_2026-05-26,000636|002938|603256,5,000636_2026-05-26|002938_2026-05-26|603256_2026-05-26|603663_2026-05-26|002421_2026-05-26,000636|002938|603256|603663|002421,0.294117647059,0.235294117647,0.176470588235,0.018953484775,0.8,1,0,0,0.07,0.051046515225,0,0.2,0.5,0.5,0,0.0237931034483,0.00483961867334,0,0.2,0.666666666667,0.333333333333,0,0.0391954022989,0.0202419175239,0,0.4,0.6,0.2,0,0.0485810711666,0.0296275863916,0,0.6
2026-05-26,2026-05,BOARD2_ONLY,A2_REMOVE_D0_TIMING_AND_TOTAL_FAMILY,17,YES,1,000636_2026-05-26,000636,2,000636_2026-05-26|603663_2026-05-26,000636|603663,3,000636_2026-05-26|603663_2026-05-26|002938_2026-05-26,000636|603663|002938,5,000636_2026-05-26|603663_2026-05-26|002938_2026-05-26|603256_2026-05-26|002421_2026-05-26,000636|603663|002938|603256|002421,0.294117647059,0.235294117647,0.176470588235,0.018953484775,0.816666666667,1,0,0,0.07,0.051046515225,0,0.2,1,0,0,0.07,0.051046515225,0,0.4,0.666666666667,0.333333333333,0,0.0391954022989,0.0202419175239,0,0.4,0.6,0.2,0,0.0485810711666,0.0296275863916,0,0.6
2026-05-26,2026-05,BOARD2_ONLY,A3_REDUCED_BASE_ONLY,17,YES,1,603256_2026-05-26,603256,2,603256_2026-05-26|002938_2026-05-26,603256|002938,3,603256_2026-05-26|002938_2026-05-26|000636_2026-05-26,603256|002938|000636,5,603256_2026-05-26|002938_2026-05-26|000636_2026-05-26|603663_2026-05-26|603936_2026-05-26,603256|002938|000636|603663|603936,0.294117647059,0.235294117647,0.176470588235,0.018953484775,0.833333333333,1,0,0,0.07,0.051046515225,0,0.2,0.5,0.5,0,0.0237931034483,0.00483961867334,0,0.2,0.666666666667,0.333333333333,0,0.0391954022989,0.0202419175239,0,0.4,0.6,0.2,0,0.0381345253299,0.019181040555,0,0.6
2026-05-26,2026-05,BOARD3_ONLY,A0_ORIGINAL_18F,1,YES,1,603661_2026-05-26,603661,1,603661_2026-05-26,603661,1,603661_2026-05-26,603661,1,603661_2026-05-26,603661,0,1,0,-0.00778097982709,,0,1,0,-0.00778097982709,0,1,,0,1,0,-0.00778097982709,0,1,,0,1,0,-0.00778097982709,0,1,,0,1,0,-0.00778097982709,0,1,
2026-05-26,2026-05,BOARD3_ONLY,A1_REMOVE_D0_TIMING,1,YES,1,603661_2026-05-26,603661,1,603661_2026-05-26,603661,1,603661_2026-05-26,603661,1,603661_2026-05-26,603661,0,1,0,-0.00778097982709,,0,1,0,-0.00778097982709,0,1,,0,1,0,-0.00778097982709,0,1,,0,1,0,-0.00778097982709,0,1,,0,1,0,-0.00778097982709,0,1,
2026-05-26,2026-05,BOARD3_ONLY,A2_REMOVE_D0_TIMING_AND_TOTAL_FAMILY,1,YES,1,603661_2026-05-26,603661,1,603661_2026-05-26,603661,1,603661_2026-05-26,603661,1,603661_2026-05-26,603661,0,1,0,-0.00778097982709,,0,1,0,-0.00778097982709,0,1,,0,1,0,-0.00778097982709,0,1,,0,1,0,-0.00778097982709,0,1,,0,1,0,-0.00778097982709,0,1,
2026-05-26,2026-05,BOARD3_ONLY,A3_REDUCED_BASE_ONLY,1,YES,1,603661_2026-05-26,603661,1,603661_2026-05-26,603661,1,603661_2026-05-26,603661,1,603661_2026-05-26,603661,0,1,0,-0.00778097982709,,0,1,0,-0.00778097982709,0,1,,0,1,0,-0.00778097982709,0,1,,0,1,0,-0.00778097982709,0,1,,0,1,0,-0.00778097982709,0,1,
2026-05-27,2026-05,ALL_CANDIDATES,A0_ORIGINAL_18F,10,YES,1,003036_2026-05-27,003036,2,003036_2026-05-27|600584_2026-05-27,003036|600584,3,003036_2026-05-27|600584_2026-05-27|002552_2026-05-27,003036|600584|002552,5,003036_2026-05-27|600584_2026-05-27|002552_2026-05-27|000510_2026-05-27|002185_2026-05-27,003036|600584|002552|000510|002185,0.6,0,0,0.0542149411373,0.75,1,0,0,0.07,0.0157850588627,0,0.166666666667,1,0,0,0.07,0.0157850588627,0,0.333333333333,1,0,0,0.07,0.0157850588627,0,0.5,0.6,0,0,0.0560691465792,0.00185420544188,0,0.5
2026-05-27,2026-05,ALL_CANDIDATES,A1_REMOVE_D0_TIMING,10,YES,1,003036_2026-05-27,003036,2,003036_2026-05-27|600584_2026-05-27,003036|600584,3,003036_2026-05-27|600584_2026-05-27|002552_2026-05-27,003036|600584|002552,5,003036_2026-05-27|600584_2026-05-27|002552_2026-05-27|000510_2026-05-27|002185_2026-05-27,003036|600584|002552|000510|002185,0.6,0,0,0.0542149411373,0.75,1,0,0,0.07,0.0157850588627,0,0.166666666667,1,0,0,0.07,0.0157850588627,0,0.333333333333,1,0,0,0.07,0.0157850588627,0,0.5,0.6,0,0,0.0560691465792,0.00185420544188,0,0.5
2026-05-27,2026-05,ALL_CANDIDATES,A2_REMOVE_D0_TIMING_AND_TOTAL_FAMILY,10,YES,1,003036_2026-05-27,003036,2,003036_2026-05-27|600584_2026-05-27,003036|600584,3,003036_2026-05-27|600584_2026-05-27|002552_2026-05-27,003036|600584|002552,5,003036_2026-05-27|600584_2026-05-27|002552_2026-05-27|000510_2026-05-27|002185_2026-05-27,003036|600584|002552|000510|002185,0.6,0,0,0.0542149411373,0.75,1,0,0,0.07,0.0157850588627,0,0.166666666667,1,0,0,0.07,0.0157850588627,0,0.333333333333,1,0,0,0.07,0.0157850588627,0,0.5,0.6,0,0,0.0560691465792,0.00185420544188,0,0.5
2026-05-27,2026-05,ALL_CANDIDATES,A3_REDUCED_BASE_ONLY,10,YES,1,003036_2026-05-27,003036,2,003036_2026-05-27|600584_2026-05-27,003036|600584,3,003036_2026-05-27|600584_2026-05-27|002552_2026-05-27,003036|600584|002552,5,003036_2026-05-27|600584_2026-05-27|002552_2026-05-27|002957_2026-05-27|002185_2026-05-27,003036|600584|002552|002957|002185,0.6,0,0,0.0542149411373,0.833333333333,1,0,0,0.07,0.0157850588627,0,0.166666666667,1,0,0,0.07,0.0157850588627,0,0.333333333333,1,0,0,0.07,0.0157850588627,0,0.5,0.8,0,0,0.0693995037221,0.0151845625847,0,0.666666666667
2026-05-27,2026-05,BOARD2_ONLY,A0_ORIGINAL_18F,6,YES,1,003036_2026-05-27,003036,2,003036_2026-05-27|600584_2026-05-27,003036|600584,3,003036_2026-05-27|600584_2026-05-27|002185_2026-05-27,003036|600584|002185,5,003036_2026-05-27|600584_2026-05-27|002185_2026-05-27|002957_2026-05-27|002388_2026-05-27,003036|600584|002185|002957|002388,0.5,0,0,0.0548001995146,0.888888888889,1,0,0,0.07,0.0151998004854,0,0.333333333333,1,0,0,0.07,0.0151998004854,0,0.666666666667,0.666666666667,0,0,0.0689991728701,0.0141989733555,0,0.666666666667,0.6,0,0,0.0591410003207,0.0043408008061,0,1
2026-05-27,2026-05,BOARD2_ONLY,A1_REMOVE_D0_TIMING,6,YES,1,003036_2026-05-27,003036,2,003036_2026-05-27|600584_2026-05-27,003036|600584,3,003036_2026-05-27|600584_2026-05-27|002185_2026-05-27,003036|600584|002185,5,003036_2026-05-27|600584_2026-05-27|002185_2026-05-27|002957_2026-05-27|002388_2026-05-27,003036|600584|002185|002957|002388,0.5,0,0,0.0548001995146,0.888888888889,1,0,0,0.07,0.0151998004854,0,0.333333333333,1,0,0,0.07,0.0151998004854,0,0.666666666667,0.666666666667,0,0,0.0689991728701,0.0141989733555,0,0.666666666667,0.6,0,0,0.0591410003207,0.0043408008061,0,1
2026-05-27,2026-05,BOARD2_ONLY,A2_REMOVE_D0_TIMING_AND_TOTAL_FAMILY,6,YES,1,003036_2026-05-27,003036,2,003036_2026-05-27|600584_2026-05-27,003036|600584,3,003036_2026-05-27|600584_2026-05-27|002185_2026-05-27,003036|600584|002185,5,003036_2026-05-27|600584_2026-05-27|002185_2026-05-27|002957_2026-05-27|600520_2026-05-27,003036|600584|002185|002957|600520,0.5,0,0,0.0548001995146,0.888888888889,1,0,0,0.07,0.0151998004854,0,0.333333333333,1,0,0,0.07,0.0151998004854,0,0.666666666667,0.666666666667,0,0,0.0689991728701,0.0141989733555,0,0.666666666667,0.6,0,0,0.0620187428189,0.00721854330428,0,1
2026-05-27,2026-05,BOARD2_ONLY,A3_REDUCED_BASE_ONLY,6,YES,1,003036_2026-05-27,003036,2,003036_2026-05-27|600584_2026-05-27,003036|600584,3,003036_2026-05-27|600584_2026-05-27|002957_2026-05-27,003036|600584|002957,5,003036_2026-05-27|600584_2026-05-27|002957_2026-05-27|002185_2026-05-27|600520_2026-05-27,003036|600584|002957|002185|600520,0.5,0,0,0.0548001995146,1,1,0,0,0.07,0.0151998004854,0,0.333333333333,1,0,0,0.07,0.0151998004854,0,0.666666666667,1,0,0,0.07,0.0151998004854,0,1,0.6,0,0,0.0620187428189,0.00721854330428,0,1
2026-05-27,2026-05,BOARD3_ONLY,A0_ORIGINAL_18F,4,YES,1,002552_2026-05-27,002552,2,002552_2026-05-27|000510_2026-05-27,002552|000510,3,002552_2026-05-27|000510_2026-05-27|002585_2026-05-27,002552|000510|002585,4,002552_2026-05-27|000510_2026-05-27|002585_2026-05-27|600172_2026-05-27,002552|000510|002585|600172,0.75,0,0,0.0533370535714,0.333333333333,1,0,0,0.07,0.0166629464286,0,0.333333333333,0.5,0,0,0.0366741071429,-0.0166629464286,0,0.333333333333,0.666666666667,0,0,0.0477827380952,-0.00555431547619,0,0.666666666667,0.75,0,0,0.0533370535714,0,0,1
2026-05-27,2026-05,BOARD3_ONLY,A1_REMOVE_D0_TIMING,4,YES,1,002552_2026-05-27,002552,2,002552_2026-05-27|000510_2026-05-27,002552|000510,3,002552_2026-05-27|000510_2026-05-27|002585_2026-05-27,002552|000510|002585,4,002552_2026-05-27|000510_2026-05-27|002585_2026-05-27|600172_2026-05-27,002552|000510|002585|600172,0.75,0,0,0.0533370535714,0.333333333333,1,0,0,0.07,0.0166629464286,0,0.333333333333,0.5,0,0,0.0366741071429,-0.0166629464286,0,0.333333333333,0.666666666667,0,0,0.0477827380952,-0.00555431547619,0,0.666666666667,0.75,0,0,0.0533370535714,0,0,1
2026-05-27,2026-05,BOARD3_ONLY,A2_REMOVE_D0_TIMING_AND_TOTAL_FAMILY,4,YES,1,002552_2026-05-27,002552,2,002552_2026-05-27|000510_2026-05-27,002552|000510,3,002552_2026-05-27|000510_2026-05-27|002585_2026-05-27,002552|000510|002585,4,002552_2026-05-27|000510_2026-05-27|002585_2026-05-27|600172_2026-05-27,002552|000510|002585|600172,0.75,0,0,0.0533370535714,0.333333333333,1,0,0,0.07,0.0166629464286,0,0.333333333333,0.5,0,0,0.0366741071429,-0.0166629464286,0,0.333333333333,0.666666666667,0,0,0.0477827380952,-0.00555431547619,0,0.666666666667,0.75,0,0,0.0533370535714,0,0,1
2026-05-27,2026-05,BOARD3_ONLY,A3_REDUCED_BASE_ONLY,4,YES,1,002552_2026-05-27,002552,2,002552_2026-05-27|000510_2026-05-27,002552|000510,3,002552_2026-05-27|000510_2026-05-27|002585_2026-05-27,002552|000510|002585,4,002552_2026-05-27|000510_2026-05-27|002585_2026-05-27|600172_2026-05-27,002552|000510|002585|600172,0.75,0,0,0.0533370535714,0.333333333333,1,0,0,0.07,0.0166629464286,0,0.333333333333,0.5,0,0,0.0366741071429,-0.0166629464286,0,0.333333333333,0.666666666667,0,0,0.0477827380952,-0.00555431547619,0,0.666666666667,0.75,0,0,0.0533370535714,0,0,1
2026-05-28,2026-05,ALL_CANDIDATES,A0_ORIGINAL_18F,4,YES,1,002771_2026-05-28,002771,2,002771_2026-05-28|002251_2026-05-28,002771|002251,3,002771_2026-05-28|002251_2026-05-28|001257_2026-05-28,002771|002251|001257,4,002771_2026-05-28|002251_2026-05-28|001257_2026-05-28|000759_2026-05-28,002771|002251|001257|000759,0.75,0.25,0.25,0.0355807190695,0.666666666667,1,0,0,0.07,0.0344192809306,0,0.333333333333,1,0,0,0.07,0.0344192809306,0,0.666666666667,0.666666666667,0.333333333333,0.333333333333,0.0241076254259,-0.0114730936435,0,0.666666666667,0.75,0.25,0.25,0.0355807190695,0,0,1
2026-05-28,2026-05,ALL_CANDIDATES,A1_REMOVE_D0_TIMING,4,YES,1,002771_2026-05-28,002771,2,002771_2026-05-28|002251_2026-05-28,002771|002251,3,002771_2026-05-28|002251_2026-05-28|001257_2026-05-28,002771|002251|001257,4,002771_2026-05-28|002251_2026-05-28|001257_2026-05-28|000759_2026-05-28,002771|002251|001257|000759,0.75,0.25,0.25,0.0355807190695,0.666666666667,1,0,0,0.07,0.0344192809306,0,0.333333333333,1,0,0,0.07,0.0344192809306,0,0.666666666667,0.666666666667,0.333333333333,0.333333333333,0.0241076254259,-0.0114730936435,0,0.666666666667,0.75,0.25,0.25,0.0355807190695,0,0,1
2026-05-28,2026-05,ALL_CANDIDATES,A2_REMOVE_D0_TIMING_AND_TOTAL_FAMILY,4,YES,1,002771_2026-05-28,002771,2,002771_2026-05-28|002251_2026-05-28,002771|002251,3,002771_2026-05-28|002251_2026-05-28|001257_2026-05-28,002771|002251|001257,4,002771_2026-05-28|002251_2026-05-28|001257_2026-05-28|000759_2026-05-28,002771|002251|001257|000759,0.75,0.25,0.25,0.0355807190695,0.666666666667,1,0,0,0.07,0.0344192809306,0,0.333333333333,1,0,0,0.07,0.0344192809306,0,0.666666666667,0.666666666667,0.333333333333,0.333333333333,0.0241076254259,-0.0114730936435,0,0.666666666667,0.75,0.25,0.25,0.0355807190695,0,0,1
2026-05-28,2026-05,ALL_CANDIDATES,A3_REDUCED_BASE_ONLY,4,YES,1,002771_2026-05-28,002771,2,002771_2026-05-28|001257_2026-05-28,002771|001257,3,002771_2026-05-28|001257_2026-05-28|002251_2026-05-28,002771|001257|002251,4,002771_2026-05-28|001257_2026-05-28|002251_2026-05-28|000759_2026-05-28,002771|001257|002251|000759,0.75,0.25,0.25,0.0355807190695,0.333333333333,1,0,0,0.07,0.0344192809306,0,0.333333333333,0.5,0.5,0.5,0.0011614381389,-0.0344192809306,0,0.333333333333,0.666666666667,0.333333333333,0.333333333333,0.0241076254259,-0.0114730936435,0,0.666666666667,0.75,0.25,0.25,0.0355807190695,0,0,1
2026-05-28,2026-05,BOARD2_ONLY,A0_ORIGINAL_18F,4,YES,1,002771_2026-05-28,002771,2,002771_2026-05-28|002251_2026-05-28,002771|002251,3,002771_2026-05-28|002251_2026-05-28|001257_2026-05-28,002771|002251|001257,4,002771_2026-05-28|002251_2026-05-28|001257_2026-05-28|000759_2026-05-28,002771|002251|001257|000759,0.75,0.25,0.25,0.0355807190695,0.666666666667,1,0,0,0.07,0.0344192809306,0,0.333333333333,1,0,0,0.07,0.0344192809306,0,0.666666666667,0.666666666667,0.333333333333,0.333333333333,0.0241076254259,-0.0114730936435,0,0.666666666667,0.75,0.25,0.25,0.0355807190695,0,0,1
2026-05-28,2026-05,BOARD2_ONLY,A1_REMOVE_D0_TIMING,4,YES,1,002771_2026-05-28,002771,2,002771_2026-05-28|002251_2026-05-28,002771|002251,3,002771_2026-05-28|002251_2026-05-28|001257_2026-05-28,002771|002251|001257,4,002771_2026-05-28|002251_2026-05-28|001257_2026-05-28|000759_2026-05-28,002771|002251|001257|000759,0.75,0.25,0.25,0.0355807190695,0.666666666667,1,0,0,0.07,0.0344192809306,0,0.333333333333,1,0,0,0.07,0.0344192809306,0,0.666666666667,0.666666666667,0.333333333333,0.333333333333,0.0241076254259,-0.0114730936435,0,0.666666666667,0.75,0.25,0.25,0.0355807190695,0,0,1
2026-05-28,2026-05,BOARD2_ONLY,A2_REMOVE_D0_TIMING_AND_TOTAL_FAMILY,4,YES,1,002771_2026-05-28,002771,2,002771_2026-05-28|002251_2026-05-28,002771|002251,3,002771_2026-05-28|002251_2026-05-28|001257_2026-05-28,002771|002251|001257,4,002771_2026-05-28|002251_2026-05-28|001257_2026-05-28|000759_2026-05-28,002771|002251|001257|000759,0.75,0.25,0.25,0.0355807190695,0.666666666667,1,0,0,0.07,0.0344192809306,0,0.333333333333,1,0,0,0.07,0.0344192809306,0,0.666666666667,0.666666666667,0.333333333333,0.333333333333,0.0241076254259,-0.0114730936435,0,0.666666666667,0.75,0.25,0.25,0.0355807190695,0,0,1
2026-05-28,2026-05,BOARD2_ONLY,A3_REDUCED_BASE_ONLY,4,YES,1,002771_2026-05-28,002771,2,002771_2026-05-28|001257_2026-05-28,002771|001257,3,002771_2026-05-28|001257_2026-05-28|002251_2026-05-28,002771|001257|002251,4,002771_2026-05-28|001257_2026-05-28|002251_2026-05-28|000759_2026-05-28,002771|001257|002251|000759,0.75,0.25,0.25,0.0355807190695,0.333333333333,1,0,0,0.07,0.0344192809306,0,0.333333333333,0.5,0.5,0.5,0.0011614381389,-0.0344192809306,0,0.333333333333,0.666666666667,0.333333333333,0.333333333333,0.0241076254259,-0.0114730936435,0,0.666666666667,0.75,0.25,0.25,0.0355807190695,0,0,1
2026-05-29,2026-05,ALL_CANDIDATES,A0_ORIGINAL_18F,3,YES,1,603989_2026-05-29,603989,2,603989_2026-05-29|002579_2026-05-29,603989|002579,3,603989_2026-05-29|002579_2026-05-29|603032_2026-05-29,603989|002579|603032,3,603989_2026-05-29|002579_2026-05-29|603032_2026-05-29,603989|002579|603032,0.333333333333,0.333333333333,0,0.0133920688586,0.5,0,1,0,-0.0322019147084,-0.045593983567,1,0,0.5,0.5,0,0.0188990426458,0.0055069737872,0,1,0.333333333333,0.333333333333,0,0.0133920688586,0,0,1,0.333333333333,0.333333333333,0,0.0133920688586,0,0,1
2026-05-29,2026-05,ALL_CANDIDATES,A1_REMOVE_D0_TIMING,3,YES,1,603989_2026-05-29,603989,2,603989_2026-05-29|002579_2026-05-29,603989|002579,3,603989_2026-05-29|002579_2026-05-29|603032_2026-05-29,603989|002579|603032,3,603989_2026-05-29|002579_2026-05-29|603032_2026-05-29,603989|002579|603032,0.333333333333,0.333333333333,0,0.0133920688586,0.5,0,1,0,-0.0322019147084,-0.045593983567,1,0,0.5,0.5,0,0.0188990426458,0.0055069737872,0,1,0.333333333333,0.333333333333,0,0.0133920688586,0,0,1,0.333333333333,0.333333333333,0,0.0133920688586,0,0,1
2026-05-29,2026-05,ALL_CANDIDATES,A2_REMOVE_D0_TIMING_AND_TOTAL_FAMILY,3,YES,1,603989_2026-05-29,603989,2,603989_2026-05-29|002579_2026-05-29,603989|002579,3,603989_2026-05-29|002579_2026-05-29|603032_2026-05-29,603989|002579|603032,3,603989_2026-05-29|002579_2026-05-29|603032_2026-05-29,603989|002579|603032,0.333333333333,0.333333333333,0,0.0133920688586,0.5,0,1,0,-0.0322019147084,-0.045593983567,1,0,0.5,0.5,0,0.0188990426458,0.0055069737872,0,1,0.333333333333,0.333333333333,0,0.0133920688586,0,0,1,0.333333333333,0.333333333333,0,0.0133920688586,0,0,1
2026-05-29,2026-05,ALL_CANDIDATES,A3_REDUCED_BASE_ONLY,3,YES,1,603989_2026-05-29,603989,2,603989_2026-05-29|002579_2026-05-29,603989|002579,3,603989_2026-05-29|002579_2026-05-29|603032_2026-05-29,603989|002579|603032,3,603989_2026-05-29|002579_2026-05-29|603032_2026-05-29,603989|002579|603032,0.333333333333,0.333333333333,0,0.0133920688586,0.5,0,1,0,-0.0322019147084,-0.045593983567,1,0,0.5,0.5,0,0.0188990426458,0.0055069737872,0,1,0.333333333333,0.333333333333,0,0.0133920688586,0,0,1,0.333333333333,0.333333333333,0,0.0133920688586,0,0,1
2026-05-29,2026-05,BOARD2_ONLY,A0_ORIGINAL_18F,2,YES,1,603989_2026-05-29,603989,2,603989_2026-05-29|603032_2026-05-29,603989|603032,2,603989_2026-05-29|603032_2026-05-29,603989|603032,2,603989_2026-05-29|603032_2026-05-29,603989|603032,0,0.5,0,-0.0149118967121,,0,1,0,-0.0322019147084,-0.0172900179963,1,,0,0.5,0,-0.0149118967121,0,1,,0,0.5,0,-0.0149118967121,0,1,,0,0.5,0,-0.0149118967121,0,1,
2026-05-29,2026-05,BOARD2_ONLY,A1_REMOVE_D0_TIMING,2,YES,1,603989_2026-05-29,603989,2,603989_2026-05-29|603032_2026-05-29,603989|603032,2,603989_2026-05-29|603032_2026-05-29,603989|603032,2,603989_2026-05-29|603032_2026-05-29,603989|603032,0,0.5,0,-0.0149118967121,,0,1,0,-0.0322019147084,-0.0172900179963,1,,0,0.5,0,-0.0149118967121,0,1,,0,0.5,0,-0.0149118967121,0,1,,0,0.5,0,-0.0149118967121,0,1,
2026-05-29,2026-05,BOARD2_ONLY,A2_REMOVE_D0_TIMING_AND_TOTAL_FAMILY,2,YES,1,603989_2026-05-29,603989,2,603989_2026-05-29|603032_2026-05-29,603989|603032,2,603989_2026-05-29|603032_2026-05-29,603989|603032,2,603989_2026-05-29|603032_2026-05-29,603989|603032,0,0.5,0,-0.0149118967121,,0,1,0,-0.0322019147084,-0.0172900179963,1,,0,0.5,0,-0.0149118967121,0,1,,0,0.5,0,-0.0149118967121,0,1,,0,0.5,0,-0.0149118967121,0,1,
2026-05-29,2026-05,BOARD2_ONLY,A3_REDUCED_BASE_ONLY,2,YES,1,603989_2026-05-29,603989,2,603989_2026-05-29|603032_2026-05-29,603989|603032,2,603989_2026-05-29|603032_2026-05-29,603989|603032,2,603989_2026-05-29|603032_2026-05-29,603989|603032,0,0.5,0,-0.0149118967121,,0,1,0,-0.0322019147084,-0.0172900179963,1,,0,0.5,0,-0.0149118967121,0,1,,0,0.5,0,-0.0149118967121,0,1,,0,0.5,0,-0.0149118967121,0,1,
2026-05-29,2026-05,BOARD3_ONLY,A0_ORIGINAL_18F,1,YES,1,002579_2026-05-29,002579,1,002579_2026-05-29,002579,1,002579_2026-05-29,002579,1,002579_2026-05-29,002579,1,0,0,0.07,,1,0,0,0.07,0,0,1,1,0,0,0.07,0,0,1,1,0,0,0.07,0,0,1,1,0,0,0.07,0,0,1
2026-05-29,2026-05,BOARD3_ONLY,A1_REMOVE_D0_TIMING,1,YES,1,002579_2026-05-29,002579,1,002579_2026-05-29,002579,1,002579_2026-05-29,002579,1,002579_2026-05-29,002579,1,0,0,0.07,,1,0,0,0.07,0,0,1,1,0,0,0.07,0,0,1,1,0,0,0.07,0,0,1,1,0,0,0.07,0,0,1
2026-05-29,2026-05,BOARD3_ONLY,A2_REMOVE_D0_TIMING_AND_TOTAL_FAMILY,1,YES,1,002579_2026-05-29,002579,1,002579_2026-05-29,002579,1,002579_2026-05-29,002579,1,002579_2026-05-29,002579,1,0,0,0.07,,1,0,0,0.07,0,0,1,1,0,0,0.07,0,0,1,1,0,0,0.07,0,0,1,1,0,0,0.07,0,0,1
2026-05-29,2026-05,BOARD3_ONLY,A3_REDUCED_BASE_ONLY,1,YES,1,002579_2026-05-29,002579,1,002579_2026-05-29,002579,1,002579_2026-05-29,002579,1,002579_2026-05-29,002579,1,0,0,0.07,,1,0,0,0.07,0,0,1,1,0,0,0.07,0,0,1,1,0,0,0.07,0,0,1,1,0,0,0.07,0,0,1
2026-06-01,2026-06,ALL_CANDIDATES,A0_ORIGINAL_18F,4,YES,1,002806_2026-06-01,002806,2,002806_2026-06-01|600110_2026-06-01,002806|600110,3,002806_2026-06-01|600110_2026-06-01|000090_2026-06-01,002806|600110|000090,4,002806_2026-06-01|600110_2026-06-01|000090_2026-06-01|603324_2026-06-01,002806|600110|000090|603324,0.25,0.25,0,0.0277936611056,1,1,0,0,0.07,0.0422063388944,0,1,0.5,0,0,0.057577996716,0.0297843356104,0,1,0.333333333333,0.333333333333,0,0.0295902563858,0.00179659528023,0,1,0.25,0.25,0,0.0277936611056,0,0,1
2026-06-01,2026-06,ALL_CANDIDATES,A1_REMOVE_D0_TIMING,4,YES,1,002806_2026-06-01,002806,2,002806_2026-06-01|600110_2026-06-01,002806|600110,3,002806_2026-06-01|600110_2026-06-01|000090_2026-06-01,002806|600110|000090,4,002806_2026-06-01|600110_2026-06-01|000090_2026-06-01|603324_2026-06-01,002806|600110|000090|603324,0.25,0.25,0,0.0277936611056,1,1,0,0,0.07,0.0422063388944,0,1,0.5,0,0,0.057577996716,0.0297843356104,0,1,0.333333333333,0.333333333333,0,0.0295902563858,0.00179659528023,0,1,0.25,0.25,0,0.0277936611056,0,0,1
2026-06-01,2026-06,ALL_CANDIDATES,A2_REMOVE_D0_TIMING_AND_TOTAL_FAMILY,4,YES,1,002806_2026-06-01,002806,2,002806_2026-06-01|600110_2026-06-01,002806|600110,3,002806_2026-06-01|600110_2026-06-01|000090_2026-06-01,002806|600110|000090,4,002806_2026-06-01|600110_2026-06-01|000090_2026-06-01|603324_2026-06-01,002806|600110|000090|603324,0.25,0.25,0,0.0277936611056,1,1,0,0,0.07,0.0422063388944,0,1,0.5,0,0,0.057577996716,0.0297843356104,0,1,0.333333333333,0.333333333333,0,0.0295902563858,0.00179659528023,0,1,0.25,0.25,0,0.0277936611056,0,0,1
2026-06-01,2026-06,ALL_CANDIDATES,A3_REDUCED_BASE_ONLY,4,YES,1,002806_2026-06-01,002806,2,002806_2026-06-01|600110_2026-06-01,002806|600110,3,002806_2026-06-01|600110_2026-06-01|000090_2026-06-01,002806|600110|000090,4,002806_2026-06-01|600110_2026-06-01|000090_2026-06-01|603324_2026-06-01,002806|600110|000090|603324,0.25,0.25,0,0.0277936611056,1,1,0,0,0.07,0.0422063388944,0,1,0.5,0,0,0.057577996716,0.0297843356104,0,1,0.333333333333,0.333333333333,0,0.0295902563858,0.00179659528023,0,1,0.25,0.25,0,0.0277936611056,0,0,1
2026-06-01,2026-06,BOARD2_ONLY,A0_ORIGINAL_18F,4,YES,1,002806_2026-06-01,002806,2,002806_2026-06-01|600110_2026-06-01,002806|600110,3,002806_2026-06-01|600110_2026-06-01|000090_2026-06-01,002806|600110|000090,4,002806_2026-06-01|600110_2026-06-01|000090_2026-06-01|603324_2026-06-01,002806|600110|000090|603324,0.25,0.25,0,0.0277936611056,1,1,0,0,0.07,0.0422063388944,0,1,0.5,0,0,0.057577996716,0.0297843356104,0,1,0.333333333333,0.333333333333,0,0.0295902563858,0.00179659528023,0,1,0.25,0.25,0,0.0277936611056,0,0,1
2026-06-01,2026-06,BOARD2_ONLY,A1_REMOVE_D0_TIMING,4,YES,1,002806_2026-06-01,002806,2,002806_2026-06-01|600110_2026-06-01,002806|600110,3,002806_2026-06-01|600110_2026-06-01|000090_2026-06-01,002806|600110|000090,4,002806_2026-06-01|600110_2026-06-01|000090_2026-06-01|603324_2026-06-01,002806|600110|000090|603324,0.25,0.25,0,0.0277936611056,1,1,0,0,0.07,0.0422063388944,0,1,0.5,0,0,0.057577996716,0.0297843356104,0,1,0.333333333333,0.333333333333,0,0.0295902563858,0.00179659528023,0,1,0.25,0.25,0,0.0277936611056,0,0,1
2026-06-01,2026-06,BOARD2_ONLY,A2_REMOVE_D0_TIMING_AND_TOTAL_FAMILY,4,YES,1,002806_2026-06-01,002806,2,002806_2026-06-01|600110_2026-06-01,002806|600110,3,002806_2026-06-01|600110_2026-06-01|000090_2026-06-01,002806|600110|000090,4,002806_2026-06-01|600110_2026-06-01|000090_2026-06-01|603324_2026-06-01,002806|600110|000090|603324,0.25,0.25,0,0.0277936611056,1,1,0,0,0.07,0.0422063388944,0,1,0.5,0,0,0.057577996716,0.0297843356104,0,1,0.333333333333,0.333333333333,0,0.0295902563858,0.00179659528023,0,1,0.25,0.25,0,0.0277936611056,0,0,1
2026-06-01,2026-06,BOARD2_ONLY,A3_REDUCED_BASE_ONLY,4,YES,1,002806_2026-06-01,002806,2,002806_2026-06-01|600110_2026-06-01,002806|600110,3,002806_2026-06-01|600110_2026-06-01|000090_2026-06-01,002806|600110|000090,4,002806_2026-06-01|600110_2026-06-01|000090_2026-06-01|603324_2026-06-01,002806|600110|000090|603324,0.25,0.25,0,0.0277936611056,1,1,0,0,0.07,0.0422063388944,0,1,0.5,0,0,0.057577996716,0.0297843356104,0,1,0.333333333333,0.333333333333,0,0.0295902563858,0.00179659528023,0,1,0.25,0.25,0,0.0277936611056,0,0,1
2026-06-02,2026-06,ALL_CANDIDATES,A0_ORIGINAL_18F,2,YES,1,002608_2026-06-02,002608,2,002608_2026-06-02|600011_2026-06-02,002608|600011,2,002608_2026-06-02|600011_2026-06-02,002608|600011,2,002608_2026-06-02|600011_2026-06-02,002608|600011,0.5,0,0,0.0480237825595,1,1,0,0,0.07,0.0219762174406,0,1,0.5,0,0,0.0480237825595,0,0,1,0.5,0,0,0.0480237825595,0,0,1,0.5,0,0,0.0480237825595,0,0,1
2026-06-02,2026-06,ALL_CANDIDATES,A1_REMOVE_D0_TIMING,2,YES,1,002608_2026-06-02,002608,2,002608_2026-06-02|600011_2026-06-02,002608|600011,2,002608_2026-06-02|600011_2026-06-02,002608|600011,2,002608_2026-06-02|600011_2026-06-02,002608|600011,0.5,0,0,0.0480237825595,1,1,0,0,0.07,0.0219762174406,0,1,0.5,0,0,0.0480237825595,0,0,1,0.5,0,0,0.0480237825595,0,0,1,0.5,0,0,0.0480237825595,0,0,1
2026-06-02,2026-06,ALL_CANDIDATES,A2_REMOVE_D0_TIMING_AND_TOTAL_FAMILY,2,YES,1,002608_2026-06-02,002608,2,002608_2026-06-02|600011_2026-06-02,002608|600011,2,002608_2026-06-02|600011_2026-06-02,002608|600011,2,002608_2026-06-02|600011_2026-06-02,002608|600011,0.5,0,0,0.0480237825595,1,1,0,0,0.07,0.0219762174406,0,1,0.5,0,0,0.0480237825595,0,0,1,0.5,0,0,0.0480237825595,0,0,1,0.5,0,0,0.0480237825595,0,0,1
2026-06-02,2026-06,ALL_CANDIDATES,A3_REDUCED_BASE_ONLY,2,YES,1,002608_2026-06-02,002608,2,002608_2026-06-02|600011_2026-06-02,002608|600011,2,002608_2026-06-02|600011_2026-06-02,002608|600011,2,002608_2026-06-02|600011_2026-06-02,002608|600011,0.5,0,0,0.0480237825595,1,1,0,0,0.07,0.0219762174406,0,1,0.5,0,0,0.0480237825595,0,0,1,0.5,0,0,0.0480237825595,0,0,1,0.5,0,0,0.0480237825595,0,0,1
2026-06-02,2026-06,BOARD2_ONLY,A0_ORIGINAL_18F,2,YES,1,002608_2026-06-02,002608,2,002608_2026-06-02|600011_2026-06-02,002608|600011,2,002608_2026-06-02|600011_2026-06-02,002608|600011,2,002608_2026-06-02|600011_2026-06-02,002608|600011,0.5,0,0,0.0480237825595,1,1,0,0,0.07,0.0219762174406,0,1,0.5,0,0,0.0480237825595,0,0,1,0.5,0,0,0.0480237825595,0,0,1,0.5,0,0,0.0480237825595,0,0,1
2026-06-02,2026-06,BOARD2_ONLY,A1_REMOVE_D0_TIMING,2,YES,1,002608_2026-06-02,002608,2,002608_2026-06-02|600011_2026-06-02,002608|600011,2,002608_2026-06-02|600011_2026-06-02,002608|600011,2,002608_2026-06-02|600011_2026-06-02,002608|600011,0.5,0,0,0.0480237825595,1,1,0,0,0.07,0.0219762174406,0,1,0.5,0,0,0.0480237825595,0,0,1,0.5,0,0,0.0480237825595,0,0,1,0.5,0,0,0.0480237825595,0,0,1
2026-06-02,2026-06,BOARD2_ONLY,A2_REMOVE_D0_TIMING_AND_TOTAL_FAMILY,2,YES,1,002608_2026-06-02,002608,2,002608_2026-06-02|600011_2026-06-02,002608|600011,2,002608_2026-06-02|600011_2026-06-02,002608|600011,2,002608_2026-06-02|600011_2026-06-02,002608|600011,0.5,0,0,0.0480237825595,1,1,0,0,0.07,0.0219762174406,0,1,0.5,0,0,0.0480237825595,0,0,1,0.5,0,0,0.0480237825595,0,0,1,0.5,0,0,0.0480237825595,0,0,1
2026-06-02,2026-06,BOARD2_ONLY,A3_REDUCED_BASE_ONLY,2,YES,1,002608_2026-06-02,002608,2,002608_2026-06-02|600011_2026-06-02,002608|600011,2,002608_2026-06-02|600011_2026-06-02,002608|600011,2,002608_2026-06-02|600011_2026-06-02,002608|600011,0.5,0,0,0.0480237825595,1,1,0,0,0.07,0.0219762174406,0,1,0.5,0,0,0.0480237825595,0,0,1,0.5,0,0,0.0480237825595,0,0,1,0.5,0,0,0.0480237825595,0,0,1
2026-06-03,2026-06,ALL_CANDIDATES,A0_ORIGINAL_18F,7,YES,1,002579_2026-06-03,002579,2,002579_2026-06-03|600280_2026-06-03,002579|600280,3,002579_2026-06-03|600280_2026-06-03|001210_2026-06-03,002579|600280|001210,5,002579_2026-06-03|600280_2026-06-03|001210_2026-06-03|002404_2026-06-03|000055_2026-06-03,002579|600280|001210|002404|000055,0.142857142857,0.285714285714,0.142857142857,-0.00475946733786,0.166666666667,0,0,0,0.0540254237288,0.0587848910667,0,0,0,0.5,0,0.020747047704,0.0255065150419,0,0,0,0.666666666667,0.333333333333,-0.0676878130753,-0.0629283457375,1,0,0,0.4,0.2,-0.0346262932874,-0.0298668259495,1,0
2026-06-03,2026-06,ALL_CANDIDATES,A1_REMOVE_D0_TIMING,7,YES,1,002579_2026-06-03,002579,2,002579_2026-06-03|600280_2026-06-03,002579|600280,3,002579_2026-06-03|600280_2026-06-03|001210_2026-06-03,002579|600280|001210,5,002579_2026-06-03|600280_2026-06-03|001210_2026-06-03|002404_2026-06-03|000055_2026-06-03,002579|600280|001210|002404|000055,0.142857142857,0.285714285714,0.142857142857,-0.00475946733786,0.166666666667,0,0,0,0.0540254237288,0.0587848910667,0,0,0,0.5,0,0.020747047704,0.0255065150419,0,0,0,0.666666666667,0.333333333333,-0.0676878130753,-0.0629283457375,1,0,0,0.4,0.2,-0.0346262932874,-0.0298668259495,1,0
2026-06-03,2026-06,ALL_CANDIDATES,A2_REMOVE_D0_TIMING_AND_TOTAL_FAMILY,7,YES,1,002579_2026-06-03,002579,2,002579_2026-06-03|600280_2026-06-03,002579|600280,3,002579_2026-06-03|600280_2026-06-03|001210_2026-06-03,002579|600280|001210,5,002579_2026-06-03|600280_2026-06-03|001210_2026-06-03|002404_2026-06-03|603045_2026-06-03,002579|600280|001210|002404|603045,0.142857142857,0.285714285714,0.142857142857,-0.00475946733786,0.333333333333,0,0,0,0.0540254237288,0.0587848910667,0,0,0,0.5,0,0.020747047704,0.0255065150419,0,0,0,0.666666666667,0.333333333333,-0.0676878130753,-0.0629283457375,1,0,0.2,0.4,0.2,-0.0206262932874,-0.0158668259495,1,1
2026-06-03,2026-06,ALL_CANDIDATES,A3_REDUCED_BASE_ONLY,7,YES,1,001210_2026-06-03,001210,2,001210_2026-06-03|002579_2026-06-03,001210|002579,3,001210_2026-06-03|002579_2026-06-03|002404_2026-06-03,001210|002579|002404,5,001210_2026-06-03|002579_2026-06-03|002404_2026-06-03|600280_2026-06-03|603045_2026-06-03,001210|002579|002404|600280|603045,0.142857142857,0.285714285714,0.142857142857,-0.00475946733786,0.333333333333,0,1,1,-0.244557534634,-0.239798067296,1,0,0,0.5,0.5,-0.0952660554526,-0.0905065881147,1,0,0,0.333333333333,0.333333333333,-0.053533379372,-0.0487739120342,1,0,0.2,0.4,0.2,-0.0206262932874,-0.0158668259495,1,1
2026-06-03,2026-06,BOARD2_ONLY,A0_ORIGINAL_18F,6,YES,1,002579_2026-06-03,002579,2,002579_2026-06-03|001210_2026-06-03,002579|001210,3,002579_2026-06-03|001210_2026-06-03|002404_2026-06-03,002579|001210|002404,5,002579_2026-06-03|001210_2026-06-03|002404_2026-06-03|000055_2026-06-03|603045_2026-06-03,002579|001210|002404|000055|603045,0.166666666667,0.166666666667,0.166666666667,-0.00346415717403,0.2,0,0,0,0.0540254237288,0.0574895809028,0,0,0,0.5,0.5,-0.0952660554526,-0.0918018982786,1,0,0,0.333333333333,0.333333333333,-0.053533379372,-0.050069222198,1,0,0.2,0.2,0.2,-0.0181200276232,-0.0146558704492,1,1
2026-06-03,2026-06,BOARD2_ONLY,A1_REMOVE_D0_TIMING,6,YES,1,002579_2026-06-03,002579,2,002579_2026-06-03|001210_2026-06-03,002579|001210,3,002579_2026-06-03|001210_2026-06-03|002404_2026-06-03,002579|001210|002404,5,002579_2026-06-03|001210_2026-06-03|002404_2026-06-03|000055_2026-06-03|603045_2026-06-03,002579|001210|002404|000055|603045,0.166666666667,0.166666666667,0.166666666667,-0.00346415717403,0.2,0,0,0,0.0540254237288,0.0574895809028,0,0,0,0.5,0.5,-0.0952660554526,-0.0918018982786,1,0,0,0.333333333333,0.333333333333,-0.053533379372,-0.050069222198,1,0,0.2,0.2,0.2,-0.0181200276232,-0.0146558704492,1,1
2026-06-03,2026-06,BOARD2_ONLY,A2_REMOVE_D0_TIMING_AND_TOTAL_FAMILY,6,YES,1,002579_2026-06-03,002579,2,002579_2026-06-03|001210_2026-06-03,002579|001210,3,002579_2026-06-03|001210_2026-06-03|002404_2026-06-03,002579|001210|002404,5,002579_2026-06-03|001210_2026-06-03|002404_2026-06-03|603045_2026-06-03|002421_2026-06-03,002579|001210|002404|603045|002421,0.166666666667,0.166666666667,0.166666666667,-0.00346415717403,0.4,0,0,0,0.0540254237288,0.0574895809028,0,0,0,0.5,0.5,-0.0952660554526,-0.0918018982786,1,0,0,0.333333333333,0.333333333333,-0.053533379372,-0.050069222198,1,0,0.2,0.2,0.2,-0.00415698860884,-0.000692831434807,1,1
2026-06-03,2026-06,BOARD2_ONLY,A3_REDUCED_BASE_ONLY,6,YES,1,001210_2026-06-03,001210,2,001210_2026-06-03|002579_2026-06-03,001210|002579,3,001210_2026-06-03|002579_2026-06-03|002404_2026-06-03,001210|002579|002404,5,001210_2026-06-03|002579_2026-06-03|002404_2026-06-03|603045_2026-06-03|002421_2026-06-03,001210|002579|002404|603045|002421,0.166666666667,0.166666666667,0.166666666667,-0.00346415717403,0.4,0,1,1,-0.244557534634,-0.24109337746,1,0,0,0.5,0.5,-0.0952660554526,-0.0918018982786,1,0,0,0.333333333333,0.333333333333,-0.053533379372,-0.050069222198,1,0,0.2,0.2,0.2,-0.00415698860884,-0.000692831434807,1,1
2026-06-03,2026-06,BOARD3_ONLY,A0_ORIGINAL_18F,1,YES,1,600280_2026-06-03,600280,1,600280_2026-06-03,600280,1,600280_2026-06-03,600280,1,600280_2026-06-03,600280,0,1,0,-0.0125313283208,,0,1,0,-0.0125313283208,0,1,,0,1,0,-0.0125313283208,0,1,,0,1,0,-0.0125313283208,0,1,,0,1,0,-0.0125313283208,0,1,
2026-06-03,2026-06,BOARD3_ONLY,A1_REMOVE_D0_TIMING,1,YES,1,600280_2026-06-03,600280,1,600280_2026-06-03,600280,1,600280_2026-06-03,600280,1,600280_2026-06-03,600280,0,1,0,-0.0125313283208,,0,1,0,-0.0125313283208,0,1,,0,1,0,-0.0125313283208,0,1,,0,1,0,-0.0125313283208,0,1,,0,1,0,-0.0125313283208,0,1,
2026-06-03,2026-06,BOARD3_ONLY,A2_REMOVE_D0_TIMING_AND_TOTAL_FAMILY,1,YES,1,600280_2026-06-03,600280,1,600280_2026-06-03,600280,1,600280_2026-06-03,600280,1,600280_2026-06-03,600280,0,1,0,-0.0125313283208,,0,1,0,-0.0125313283208,0,1,,0,1,0,-0.0125313283208,0,1,,0,1,0,-0.0125313283208,0,1,,0,1,0,-0.0125313283208,0,1,
2026-06-03,2026-06,BOARD3_ONLY,A3_REDUCED_BASE_ONLY,1,YES,1,600280_2026-06-03,600280,1,600280_2026-06-03,600280,1,600280_2026-06-03,600280,1,600280_2026-06-03,600280,0,1,0,-0.0125313283208,,0,1,0,-0.0125313283208,0,1,,0,1,0,-0.0125313283208,0,1,,0,1,0,-0.0125313283208,0,1,,0,1,0,-0.0125313283208,0,1,
2026-06-04,2026-06,ALL_CANDIDATES,A0_ORIGINAL_18F,6,YES,1,600487_2026-06-04,600487,2,600487_2026-06-04|600121_2026-06-04,600487|600121,3,600487_2026-06-04|600121_2026-06-04|603311_2026-06-04,600487|600121|603311,5,600487_2026-06-04|600121_2026-06-04|603311_2026-06-04|002137_2026-06-04|000700_2026-06-04,600487|600121|603311|002137|000700,0,0.5,0.166666666667,-0.00286482866454,,0,0,0,0.0659375,0.0688023286645,0,,0,0.5,0,0.0294226507092,0.0322874793738,0,,0,0.333333333333,0,0.0288792151381,0.0317440438026,0,,0,0.4,0.2,0.00566789665947,0.00853272532401,0,
2026-06-04,2026-06,ALL_CANDIDATES,A1_REMOVE_D0_TIMING,6,YES,1,600487_2026-06-04,600487,2,600487_2026-06-04|600121_2026-06-04,600487|600121,3,600487_2026-06-04|600121_2026-06-04|603311_2026-06-04,600487|600121|603311,5,600487_2026-06-04|600121_2026-06-04|603311_2026-06-04|002137_2026-06-04|000700_2026-06-04,600487|600121|603311|002137|000700,0,0.5,0.166666666667,-0.00286482866454,,0,0,0,0.0659375,0.0688023286645,0,,0,0.5,0,0.0294226507092,0.0322874793738,0,,0,0.333333333333,0,0.0288792151381,0.0317440438026,0,,0,0.4,0.2,0.00566789665947,0.00853272532401,0,
2026-06-04,2026-06,ALL_CANDIDATES,A2_REMOVE_D0_TIMING_AND_TOTAL_FAMILY,6,YES,1,600487_2026-06-04,600487,2,600487_2026-06-04|600121_2026-06-04,600487|600121,3,600487_2026-06-04|600121_2026-06-04|002137_2026-06-04,600487|600121|002137,5,600487_2026-06-04|600121_2026-06-04|002137_2026-06-04|603311_2026-06-04|000700_2026-06-04,600487|600121|002137|603311|000700,0,0.5,0.166666666667,-0.00286482866454,,0,0,0,0.0659375,0.0688023286645,0,,0,0.5,0,0.0294226507092,0.0322874793738,0,,0,0.333333333333,0,0.0218937463061,0.0247585749707,0,,0,0.4,0.2,0.00566789665947,0.00853272532401,0,
2026-06-04,2026-06,ALL_CANDIDATES,A3_REDUCED_BASE_ONLY,6,YES,1,600487_2026-06-04,600487,2,600487_2026-06-04|600121_2026-06-04,600487|600121,3,600487_2026-06-04|600121_2026-06-04|000700_2026-06-04,600487|600121|000700,5,600487_2026-06-04|600121_2026-06-04|000700_2026-06-04|002137_2026-06-04|603311_2026-06-04,600487|600121|000700|002137|603311,0,0.5,0.166666666667,-0.00286482866454,,0,0,0,0.0659375,0.0688023286645,0,,0,0.5,0,0.0294226507092,0.0322874793738,0,,0,0.666666666667,0.333333333333,-0.00209626606615,0.00076856259839,1,,0,0.4,0.2,0.00566789665947,0.00853272532401,0,
2026-06-04,2026-06,BOARD2_ONLY,A0_ORIGINAL_18F,5,YES,1,600487_2026-06-04,600487,2,600487_2026-06-04|603311_2026-06-04,600487|603311,3,600487_2026-06-04|603311_2026-06-04|002137_2026-06-04,600487|603311|002137,5,600487_2026-06-04|603311_2026-06-04|002137_2026-06-04|000700_2026-06-04|600936_2026-06-04,600487|603311|002137|000700|600936,0,0.4,0.2,-0.00201935468114,,0,0,0,0.0659375,0.0679568546811,0,,0,0,0,0.0468649219979,0.048884276679,0,,0,0,0,0.0335219271653,0.0355412818464,0,,0,0.4,0.2,-0.00201935468114,0,1,
2026-06-04,2026-06,BOARD2_ONLY,A1_REMOVE_D0_TIMING,5,YES,1,600487_2026-06-04,600487,2,600487_2026-06-04|603311_2026-06-04,600487|603311,3,600487_2026-06-04|603311_2026-06-04|002137_2026-06-04,600487|603311|002137,5,600487_2026-06-04|603311_2026-06-04|002137_2026-06-04|000700_2026-06-04|600936_2026-06-04,600487|603311|002137|000700|600936,0,0.4,0.2,-0.00201935468114,,0,0,0,0.0659375,0.0679568546811,0,,0,0,0,0.0468649219979,0.048884276679,0,,0,0,0,0.0335219271653,0.0355412818464,0,,0,0.4,0.2,-0.00201935468114,0,1,
2026-06-04,2026-06,BOARD2_ONLY,A2_REMOVE_D0_TIMING_AND_TOTAL_FAMILY,5,YES,1,600487_2026-06-04,600487,2,600487_2026-06-04|002137_2026-06-04,600487|002137,3,600487_2026-06-04|002137_2026-06-04|603311_2026-06-04,600487|002137|603311,5,600487_2026-06-04|002137_2026-06-04|603311_2026-06-04|000700_2026-06-04|600936_2026-06-04,600487|002137|603311|000700|600936,0,0.4,0.2,-0.00201935468114,,0,0,0,0.0659375,0.0679568546811,0,,0,0,0,0.03638671875,0.0384060734311,0,,0,0,0,0.0335219271653,0.0355412818464,0,,0,0.4,0.2,-0.00201935468114,0,1,
2026-06-04,2026-06,BOARD2_ONLY,A3_REDUCED_BASE_ONLY,5,YES,1,600487_2026-06-04,600487,2,600487_2026-06-04|000700_2026-06-04,600487|000700,3,600487_2026-06-04|000700_2026-06-04|002137_2026-06-04,600487|000700|002137,5,600487_2026-06-04|000700_2026-06-04|002137_2026-06-04|603311_2026-06-04|600936_2026-06-04,600487|000700|002137|603311|600936,0,0.4,0.2,-0.00201935468114,,0,0,0,0.0659375,0.0679568546811,0,,0,0.5,0.5,0.00040170019155,0.00242105487269,0,,0,0.333333333333,0.333333333333,0.00254644596103,0.00456580064217,0,,0,0.4,0.2,-0.00201935468114,0,1,
2026-06-04,2026-06,BOARD3_ONLY,A0_ORIGINAL_18F,1,YES,1,600121_2026-06-04,600121,1,600121_2026-06-04,600121,1,600121_2026-06-04,600121,1,600121_2026-06-04,600121,0,1,0,-0.00709219858156,,0,1,0,-0.00709219858156,0,1,,0,1,0,-0.00709219858156,0,1,,0,1,0,-0.00709219858156,0,1,,0,1,0,-0.00709219858156,0,1,
2026-06-04,2026-06,BOARD3_ONLY,A1_REMOVE_D0_TIMING,1,YES,1,600121_2026-06-04,600121,1,600121_2026-06-04,600121,1,600121_2026-06-04,600121,1,600121_2026-06-04,600121,0,1,0,-0.00709219858156,,0,1,0,-0.00709219858156,0,1,,0,1,0,-0.00709219858156,0,1,,0,1,0,-0.00709219858156,0,1,,0,1,0,-0.00709219858156,0,1,
2026-06-04,2026-06,BOARD3_ONLY,A2_REMOVE_D0_TIMING_AND_TOTAL_FAMILY,1,YES,1,600121_2026-06-04,600121,1,600121_2026-06-04,600121,1,600121_2026-06-04,600121,1,600121_2026-06-04,600121,0,1,0,-0.00709219858156,,0,1,0,-0.00709219858156,0,1,,0,1,0,-0.00709219858156,0,1,,0,1,0,-0.00709219858156,0,1,,0,1,0,-0.00709219858156,0,1,
2026-06-04,2026-06,BOARD3_ONLY,A3_REDUCED_BASE_ONLY,1,YES,1,600121_2026-06-04,600121,1,600121_2026-06-04,600121,1,600121_2026-06-04,600121,1,600121_2026-06-04,600121,0,1,0,-0.00709219858156,,0,1,0,-0.00709219858156,0,1,,0,1,0,-0.00709219858156,0,1,,0,1,0,-0.00709219858156,0,1,,0,1,0,-0.00709219858156,0,1,
2026-06-05,2026-06,ALL_CANDIDATES,A0_ORIGINAL_18F,6,YES,1,600688_2026-06-05,600688,2,600688_2026-06-05|600255_2026-06-05,600688|600255,3,600688_2026-06-05|600255_2026-06-05|001896_2026-06-05,600688|600255|001896,5,600688_2026-06-05|600255_2026-06-05|001896_2026-06-05|605162_2026-06-05|002787_2026-06-05,600688|600255|001896|605162|002787,0.333333333333,0.333333333333,0,0.025619301511,0.75,0,0,0,0.00302114803625,-0.0225981534748,0,0,0.5,0,0,0.0365105740181,0.0108912725071,0,0.5,0.666666666667,0,0,0.0476737160121,0.0220544145011,0,1,0.4,0.2,0,0.0330158890859,0.00739658757492,0,1
2026-06-05,2026-06,ALL_CANDIDATES,A1_REMOVE_D0_TIMING,6,YES,1,600688_2026-06-05,600688,2,600688_2026-06-05|600255_2026-06-05,600688|600255,3,600688_2026-06-05|600255_2026-06-05|001896_2026-06-05,600688|600255|001896,5,600688_2026-06-05|600255_2026-06-05|001896_2026-06-05|605162_2026-06-05|002787_2026-06-05,600688|600255|001896|605162|002787,0.333333333333,0.333333333333,0,0.025619301511,0.75,0,0,0,0.00302114803625,-0.0225981534748,0,0,0.5,0,0,0.0365105740181,0.0108912725071,0,0.5,0.666666666667,0,0,0.0476737160121,0.0220544145011,0,1,0.4,0.2,0,0.0330158890859,0.00739658757492,0,1
2026-06-05,2026-06,ALL_CANDIDATES,A2_REMOVE_D0_TIMING_AND_TOTAL_FAMILY,6,YES,1,600688_2026-06-05,600688,2,600688_2026-06-05|600255_2026-06-05,600688|600255,3,600688_2026-06-05|600255_2026-06-05|605162_2026-06-05,600688|600255|605162,5,600688_2026-06-05|600255_2026-06-05|605162_2026-06-05|001896_2026-06-05|002787_2026-06-05,600688|600255|605162|001896|002787,0.333333333333,0.333333333333,0,0.025619301511,0.625,0,0,0,0.00302114803625,-0.0225981534748,0,0,0.5,0,0,0.0365105740181,0.0108912725071,0,0.5,0.333333333333,0.333333333333,0,0.00934321233352,-0.0162760891775,0,0.5,0.4,0.2,0,0.0330158890859,0.00739658757492,0,1
2026-06-05,2026-06,ALL_CANDIDATES,A3_REDUCED_BASE_ONLY,6,YES,1,600255_2026-06-05,600255,2,600255_2026-06-05|605162_2026-06-05,600255|605162,3,600255_2026-06-05|605162_2026-06-05|001896_2026-06-05,600255|605162|001896,5,600255_2026-06-05|605162_2026-06-05|001896_2026-06-05|600688_2026-06-05|002787_2026-06-05,600255|605162|001896|600688|002787,0.333333333333,0.333333333333,0,0.025619301511,0.875,1,0,0,0.07,0.044380698489,0,0.5,0.5,0.5,0,0.0125042444822,-0.0131150570289,0,0.5,0.666666666667,0.333333333333,0,0.0316694963214,0.00605019481043,0,1,0.4,0.2,0,0.0330158890859,0.00739658757492,0,1
2026-06-05,2026-06,BOARD2_ONLY,A0_ORIGINAL_18F,5,YES,1,600688_2026-06-05,600688,2,600688_2026-06-05|001896_2026-06-05,600688|001896,3,600688_2026-06-05|001896_2026-06-05|605162_2026-06-05,600688|001896|605162,5,600688_2026-06-05|001896_2026-06-05|605162_2026-06-05|002787_2026-06-05|600439_2026-06-05,600688|001896|605162|002787|600439,0.2,0.4,0,0.0167431618132,0.75,0,0,0,0.00302114803625,-0.013722013777,0,0,0.5,0,0,0.0365105740181,0.0197674122049,0,1,0.333333333333,0.333333333333,0,0.00934321233352,-0.00739994947969,0,1,0.2,0.4,0,0.0167431618132,0,0,1
2026-06-05,2026-06,BOARD2_ONLY,A1_REMOVE_D0_TIMING,5,YES,1,600688_2026-06-05,600688,2,600688_2026-06-05|001896_2026-06-05,600688|001896,3,600688_2026-06-05|001896_2026-06-05|605162_2026-06-05,600688|001896|605162,5,600688_2026-06-05|001896_2026-06-05|605162_2026-06-05|002787_2026-06-05|600439_2026-06-05,600688|001896|605162|002787|600439,0.2,0.4,0,0.0167431618132,0.75,0,0,0,0.00302114803625,-0.013722013777,0,0,0.5,0,0,0.0365105740181,0.0197674122049,0,1,0.333333333333,0.333333333333,0,0.00934321233352,-0.00739994947969,0,1,0.2,0.4,0,0.0167431618132,0,0,1
2026-06-05,2026-06,BOARD2_ONLY,A2_REMOVE_D0_TIMING_AND_TOTAL_FAMILY,5,YES,1,600688_2026-06-05,600688,2,600688_2026-06-05|605162_2026-06-05,600688|605162,3,600688_2026-06-05|605162_2026-06-05|001896_2026-06-05,600688|605162|001896,5,600688_2026-06-05|605162_2026-06-05|001896_2026-06-05|002787_2026-06-05|600439_2026-06-05,600688|605162|001896|002787|600439,0.2,0.4,0,0.0167431618132,0.5,0,0,0,0.00302114803625,-0.013722013777,0,0,0,0.5,0,-0.0209851814997,-0.0377283433129,1,0,0.333333333333,0.333333333333,0,0.00934321233352,-0.00739994947969,0,1,0.2,0.4,0,0.0167431618132,0,0,1
2026-06-05,2026-06,BOARD2_ONLY,A3_REDUCED_BASE_ONLY,5,YES,1,605162_2026-06-05,605162,2,605162_2026-06-05|001896_2026-06-05,605162|001896,3,605162_2026-06-05|001896_2026-06-05|600688_2026-06-05,605162|001896|600688,5,605162_2026-06-05|001896_2026-06-05|600688_2026-06-05|002787_2026-06-05|600439_2026-06-05,605162|001896|600688|002787|600439,0.2,0.4,0,0.0167431618132,0.75,0,1,0,-0.0449915110357,-0.0617346728489,1,0,0.5,0.5,0,0.0125042444822,-0.00423891733106,0,1,0.333333333333,0.333333333333,0,0.00934321233352,-0.00739994947969,0,1,0.2,0.4,0,0.0167431618132,0,0,1
2026-06-05,2026-06,BOARD3_ONLY,A0_ORIGINAL_18F,1,YES,1,600255_2026-06-05,600255,1,600255_2026-06-05,600255,1,600255_2026-06-05,600255,1,600255_2026-06-05,600255,1,0,0,0.07,,1,0,0,0.07,0,0,1,1,0,0,0.07,0,0,1,1,0,0,0.07,0,0,1,1,0,0,0.07,0,0,1
2026-06-05,2026-06,BOARD3_ONLY,A1_REMOVE_D0_TIMING,1,YES,1,600255_2026-06-05,600255,1,600255_2026-06-05,600255,1,600255_2026-06-05,600255,1,600255_2026-06-05,600255,1,0,0,0.07,,1,0,0,0.07,0,0,1,1,0,0,0.07,0,0,1,1,0,0,0.07,0,0,1,1,0,0,0.07,0,0,1
2026-06-05,2026-06,BOARD3_ONLY,A2_REMOVE_D0_TIMING_AND_TOTAL_FAMILY,1,YES,1,600255_2026-06-05,600255,1,600255_2026-06-05,600255,1,600255_2026-06-05,600255,1,600255_2026-06-05,600255,1,0,0,0.07,,1,0,0,0.07,0,0,1,1,0,0,0.07,0,0,1,1,0,0,0.07,0,0,1,1,0,0,0.07,0,0,1
2026-06-05,2026-06,BOARD3_ONLY,A3_REDUCED_BASE_ONLY,1,YES,1,600255_2026-06-05,600255,1,600255_2026-06-05,600255,1,600255_2026-06-05,600255,1,600255_2026-06-05,600255,1,0,0,0.07,,1,0,0,0.07,0,0,1,1,0,0,0.07,0,0,1,1,0,0,0.07,0,0,1,1,0,0,0.07,0,0,1
2026-06-08,2026-06,ALL_CANDIDATES,A0_ORIGINAL_18F,3,YES,1,000520_2026-06-08,000520,2,000520_2026-06-08|600293_2026-06-08,000520|600293,3,000520_2026-06-08|600293_2026-06-08|003036_2026-06-08,000520|600293|003036,3,000520_2026-06-08|600293_2026-06-08|003036_2026-06-08,000520|600293|003036,0,0.666666666667,0,0.0133228381898,,0,1,0,-0.0109409190372,-0.024263757227,1,,0,1,0,-0.0141124348272,-0.0274352730171,1,,0,0.666666666667,0,0.0133228381898,0,0,,0,0.666666666667,0,0.0133228381898,0,0,
2026-06-08,2026-06,ALL_CANDIDATES,A1_REMOVE_D0_TIMING,3,YES,1,000520_2026-06-08,000520,2,000520_2026-06-08|600293_2026-06-08,000520|600293,3,000520_2026-06-08|600293_2026-06-08|003036_2026-06-08,000520|600293|003036,3,000520_2026-06-08|600293_2026-06-08|003036_2026-06-08,000520|600293|003036,0,0.666666666667,0,0.0133228381898,,0,1,0,-0.0109409190372,-0.024263757227,1,,0,1,0,-0.0141124348272,-0.0274352730171,1,,0,0.666666666667,0,0.0133228381898,0,0,,0,0.666666666667,0,0.0133228381898,0,0,
2026-06-08,2026-06,ALL_CANDIDATES,A2_REMOVE_D0_TIMING_AND_TOTAL_FAMILY,3,YES,1,000520_2026-06-08,000520,2,000520_2026-06-08|600293_2026-06-08,000520|600293,3,000520_2026-06-08|600293_2026-06-08|003036_2026-06-08,000520|600293|003036,3,000520_2026-06-08|600293_2026-06-08|003036_2026-06-08,000520|600293|003036,0,0.666666666667,0,0.0133228381898,,0,1,0,-0.0109409190372,-0.024263757227,1,,0,1,0,-0.0141124348272,-0.0274352730171,1,,0,0.666666666667,0,0.0133228381898,0,0,,0,0.666666666667,0,0.0133228381898,0,0,
2026-06-08,2026-06,ALL_CANDIDATES,A3_REDUCED_BASE_ONLY,3,YES,1,000520_2026-06-08,000520,2,000520_2026-06-08|600293_2026-06-08,000520|600293,3,000520_2026-06-08|600293_2026-06-08|003036_2026-06-08,000520|600293|003036,3,000520_2026-06-08|600293_2026-06-08|003036_2026-06-08,000520|600293|003036,0,0.666666666667,0,0.0133228381898,,0,1,0,-0.0109409190372,-0.024263757227,1,,0,1,0,-0.0141124348272,-0.0274352730171,1,,0,0.666666666667,0,0.0133228381898,0,0,,0,0.666666666667,0,0.0133228381898,0,0,
2026-06-08,2026-06,BOARD2_ONLY,A0_ORIGINAL_18F,3,YES,1,000520_2026-06-08,000520,2,000520_2026-06-08|600293_2026-06-08,000520|600293,3,000520_2026-06-08|600293_2026-06-08|003036_2026-06-08,000520|600293|003036,3,000520_2026-06-08|600293_2026-06-08|003036_2026-06-08,000520|600293|003036,0,0.666666666667,0,0.0133228381898,,0,1,0,-0.0109409190372,-0.024263757227,1,,0,1,0,-0.0141124348272,-0.0274352730171,1,,0,0.666666666667,0,0.0133228381898,0,0,,0,0.666666666667,0,0.0133228381898,0,0,
2026-06-08,2026-06,BOARD2_ONLY,A1_REMOVE_D0_TIMING,3,YES,1,000520_2026-06-08,000520,2,000520_2026-06-08|600293_2026-06-08,000520|600293,3,000520_2026-06-08|600293_2026-06-08|003036_2026-06-08,000520|600293|003036,3,000520_2026-06-08|600293_2026-06-08|003036_2026-06-08,000520|600293|003036,0,0.666666666667,0,0.0133228381898,,0,1,0,-0.0109409190372,-0.024263757227,1,,0,1,0,-0.0141124348272,-0.0274352730171,1,,0,0.666666666667,0,0.0133228381898,0,0,,0,0.666666666667,0,0.0133228381898,0,0,
2026-06-08,2026-06,BOARD2_ONLY,A2_REMOVE_D0_TIMING_AND_TOTAL_FAMILY,3,YES,1,000520_2026-06-08,000520,2,000520_2026-06-08|600293_2026-06-08,000520|600293,3,000520_2026-06-08|600293_2026-06-08|003036_2026-06-08,000520|600293|003036,3,000520_2026-06-08|600293_2026-06-08|003036_2026-06-08,000520|600293|003036,0,0.666666666667,0,0.0133228381898,,0,1,0,-0.0109409190372,-0.024263757227,1,,0,1,0,-0.0141124348272,-0.0274352730171,1,,0,0.666666666667,0,0.0133228381898,0,0,,0,0.666666666667,0,0.0133228381898,0,0,
2026-06-08,2026-06,BOARD2_ONLY,A3_REDUCED_BASE_ONLY,3,YES,1,000520_2026-06-08,000520,2,000520_2026-06-08|600293_2026-06-08,000520|600293,3,000520_2026-06-08|600293_2026-06-08|003036_2026-06-08,000520|600293|003036,3,000520_2026-06-08|600293_2026-06-08|003036_2026-06-08,000520|600293|003036,0,0.666666666667,0,0.0133228381898,,0,1,0,-0.0109409190372,-0.024263757227,1,,0,1,0,-0.0141124348272,-0.0274352730171,1,,0,0.666666666667,0,0.0133228381898,0,0,,0,0.666666666667,0,0.0133228381898,0,0,
2026-06-09,2026-06,ALL_CANDIDATES,A0_ORIGINAL_18F,9,YES,1,603859_2026-06-09,603859,2,603859_2026-06-09|002421_2026-06-09,603859|002421,3,603859_2026-06-09|002421_2026-06-09|603500_2026-06-09,603859|002421|603500,5,603859_2026-06-09|002421_2026-06-09|603500_2026-06-09|003009_2026-06-09|000068_2026-06-09,603859|002421|603500|003009|000068,0.111111111111,0.444444444444,0.222222222222,-0.00185168226508,0.75,0,0,0,0.0640412922959,0.065892974561,0,0,0,0.5,0.5,-0.0390319854311,-0.037180303166,1,0,0.333333333333,0.333333333333,0.333333333333,-0.00268799028737,-0.00083630802229,1,1,0.2,0.6,0.4,-0.0143124571055,-0.0124607748404,1,1
2026-06-09,2026-06,ALL_CANDIDATES,A1_REMOVE_D0_TIMING,9,YES,1,603859_2026-06-09,603859,2,603859_2026-06-09|002421_2026-06-09,603859|002421,3,603859_2026-06-09|002421_2026-06-09|603500_2026-06-09,603859|002421|603500,5,603859_2026-06-09|002421_2026-06-09|603500_2026-06-09|003009_2026-06-09|000068_2026-06-09,603859|002421|603500|003009|000068,0.111111111111,0.444444444444,0.222222222222,-0.00185168226508,0.75,0,0,0,0.0640412922959,0.065892974561,0,0,0,0.5,0.5,-0.0390319854311,-0.037180303166,1,0,0.333333333333,0.333333333333,0.333333333333,-0.00268799028737,-0.00083630802229,1,1,0.2,0.6,0.4,-0.0143124571055,-0.0124607748404,1,1
2026-06-09,2026-06,ALL_CANDIDATES,A2_REMOVE_D0_TIMING_AND_TOTAL_FAMILY,9,YES,1,603859_2026-06-09,603859,2,603859_2026-06-09|603500_2026-06-09,603859|603500,3,603859_2026-06-09|603500_2026-06-09|002421_2026-06-09,603859|603500|002421,5,603859_2026-06-09|603500_2026-06-09|002421_2026-06-09|003009_2026-06-09|002361_2026-06-09,603859|603500|002421|003009|002361,0.111111111111,0.444444444444,0.222222222222,-0.00185168226508,0.875,0,0,0,0.0640412922959,0.065892974561,0,0,0.5,0,0,0.067020646148,0.068872328413,0,1,0.333333333333,0.333333333333,0.333333333333,-0.00268799028737,-0.00083630802229,1,1,0.2,0.4,0.2,0.00523190722374,0.00708358948882,0,1
2026-06-09,2026-06,ALL_CANDIDATES,A3_REDUCED_BASE_ONLY,9,YES,1,603859_2026-06-09,603859,2,603859_2026-06-09|603500_2026-06-09,603859|603500,3,603859_2026-06-09|603500_2026-06-09|003009_2026-06-09,603859|603500|003009,5,603859_2026-06-09|603500_2026-06-09|003009_2026-06-09|002421_2026-06-09|002361_2026-06-09,603859|603500|003009|002421|002361,0.111111111111,0.444444444444,0.222222222222,-0.00185168226508,0.875,0,0,0,0.0640412922959,0.065892974561,0,0,0.5,0,0,0.067020646148,0.068872328413,0,1,0.333333333333,0.333333333333,0,0.0403136185382,0.0421653008033,0,1,0.2,0.4,0.2,0.00523190722374,0.00708358948882,0,1
2026-06-09,2026-06,BOARD2_ONLY,A0_ORIGINAL_18F,8,YES,1,603859_2026-06-09,603859,2,603859_2026-06-09|002421_2026-06-09,603859|002421,3,603859_2026-06-09|002421_2026-06-09|003009_2026-06-09,603859|002421|003009,5,603859_2026-06-09|002421_2026-06-09|003009_2026-06-09|000068_2026-06-09|002361_2026-06-09,603859|002421|003009|000068|002361,0,0.5,0.25,-0.0108331425482,,0,0,0,0.0640412922959,0.0748744348441,0,,0,0.5,0.5,-0.0390319854311,-0.0281988428828,1,,0,0.666666666667,0.333333333333,-0.0303881358478,-0.0195549932996,1,,0,0.6,0.4,-0.0188476683731,-0.00801452582487,1,
2026-06-09,2026-06,BOARD2_ONLY,A1_REMOVE_D0_TIMING,8,YES,1,603859_2026-06-09,603859,2,603859_2026-06-09|002421_2026-06-09,603859|002421,3,603859_2026-06-09|002421_2026-06-09|003009_2026-06-09,603859|002421|003009,5,603859_2026-06-09|002421_2026-06-09|003009_2026-06-09|000068_2026-06-09|002361_2026-06-09,603859|002421|003009|000068|002361,0,0.5,0.25,-0.0108331425482,,0,0,0,0.0640412922959,0.0748744348441,0,,0,0.5,0.5,-0.0390319854311,-0.0281988428828,1,,0,0.666666666667,0.333333333333,-0.0303881358478,-0.0195549932996,1,,0,0.6,0.4,-0.0188476683731,-0.00801452582487,1,
2026-06-09,2026-06,BOARD2_ONLY,A2_REMOVE_D0_TIMING_AND_TOTAL_FAMILY,8,YES,1,603859_2026-06-09,603859,2,603859_2026-06-09|002421_2026-06-09,603859|002421,3,603859_2026-06-09|002421_2026-06-09|003009_2026-06-09,603859|002421|003009,5,603859_2026-06-09|002421_2026-06-09|003009_2026-06-09|002361_2026-06-09|000068_2026-06-09,603859|002421|003009|002361|000068,0,0.5,0.25,-0.0108331425482,,0,0,0,0.0640412922959,0.0748744348441,0,,0,0.5,0.5,-0.0390319854311,-0.0281988428828,1,,0,0.666666666667,0.333333333333,-0.0303881358478,-0.0195549932996,1,,0,0.6,0.4,-0.0188476683731,-0.00801452582487,1,
2026-06-09,2026-06,BOARD2_ONLY,A3_REDUCED_BASE_ONLY,8,YES,1,603859_2026-06-09,603859,2,603859_2026-06-09|003009_2026-06-09,603859|003009,3,603859_2026-06-09|003009_2026-06-09|002421_2026-06-09,603859|003009|002421,5,603859_2026-06-09|003009_2026-06-09|002421_2026-06-09|002361_2026-06-09|002613_2026-06-09,603859|003009|002421|002361|002613,0,0.5,0.25,-0.0108331425482,,0,0,0,0.0640412922959,0.0748744348441,0,,0,0.5,0,0.0254704278073,0.0363035703556,0,,0,0.666666666667,0.333333333333,-0.0303881358478,-0.0195549932996,1,,0,0.6,0.2,-0.0115078188037,-0.000674676255449,1,
2026-06-09,2026-06,BOARD3_ONLY,A0_ORIGINAL_18F,1,YES,1,603500_2026-06-09,603500,1,603500_2026-06-09,603500,1,603500_2026-06-09,603500,1,603500_2026-06-09,603500,1,0,0,0.07,,1,0,0,0.07,0,0,1,1,0,0,0.07,0,0,1,1,0,0,0.07,0,0,1,1,0,0,0.07,0,0,1
2026-06-09,2026-06,BOARD3_ONLY,A1_REMOVE_D0_TIMING,1,YES,1,603500_2026-06-09,603500,1,603500_2026-06-09,603500,1,603500_2026-06-09,603500,1,603500_2026-06-09,603500,1,0,0,0.07,,1,0,0,0.07,0,0,1,1,0,0,0.07,0,0,1,1,0,0,0.07,0,0,1,1,0,0,0.07,0,0,1
2026-06-09,2026-06,BOARD3_ONLY,A2_REMOVE_D0_TIMING_AND_TOTAL_FAMILY,1,YES,1,603500_2026-06-09,603500,1,603500_2026-06-09,603500,1,603500_2026-06-09,603500,1,603500_2026-06-09,603500,1,0,0,0.07,,1,0,0,0.07,0,0,1,1,0,0,0.07,0,0,1,1,0,0,0.07,0,0,1,1,0,0,0.07,0,0,1
2026-06-09,2026-06,BOARD3_ONLY,A3_REDUCED_BASE_ONLY,1,YES,1,603500_2026-06-09,603500,1,603500_2026-06-09,603500,1,603500_2026-06-09,603500,1,603500_2026-06-09,603500,1,0,0,0.07,,1,0,0,0.07,0,0,1,1,0,0,0.07,0,0,1,1,0,0,0.07,0,0,1,1,0,0,0.07,0,0,1
2026-06-10,2026-06,ALL_CANDIDATES,A0_ORIGINAL_18F,7,YES,1,603929_2026-06-10,603929,2,603929_2026-06-10|603186_2026-06-10,603929|603186,3,603929_2026-06-10|603186_2026-06-10|001696_2026-06-10,603929|603186|001696,5,603929_2026-06-10|603186_2026-06-10|001696_2026-06-10|603616_2026-06-10|002747_2026-06-10,603929|603186|001696|603616|002747,0.571428571429,0.142857142857,0,0.0438949959651,0.75,1,0,0,0.07,0.0261050040349,0,0.25,1,0,0,0.07,0.0261050040349,0,0.5,1,0,0,0.07,0.0261050040349,0,0.75,0.6,0,0,0.0490973931178,0.00520239715274,0,0.75
2026-06-10,2026-06,ALL_CANDIDATES,A1_REMOVE_D0_TIMING,7,YES,1,603929_2026-06-10,603929,2,603929_2026-06-10|603186_2026-06-10,603929|603186,3,603929_2026-06-10|603186_2026-06-10|001696_2026-06-10,603929|603186|001696,5,603929_2026-06-10|603186_2026-06-10|001696_2026-06-10|603616_2026-06-10|002747_2026-06-10,603929|603186|001696|603616|002747,0.571428571429,0.142857142857,0,0.0438949959651,0.75,1,0,0,0.07,0.0261050040349,0,0.25,1,0,0,0.07,0.0261050040349,0,0.5,1,0,0,0.07,0.0261050040349,0,0.75,0.6,0,0,0.0490973931178,0.00520239715274,0,0.75
2026-06-10,2026-06,ALL_CANDIDATES,A2_REMOVE_D0_TIMING_AND_TOTAL_FAMILY,7,YES,1,603929_2026-06-10,603929,2,603929_2026-06-10|603186_2026-06-10,603929|603186,3,603929_2026-06-10|603186_2026-06-10|603616_2026-06-10,603929|603186|603616,5,603929_2026-06-10|603186_2026-06-10|603616_2026-06-10|001696_2026-06-10|002747_2026-06-10,603929|603186|603616|001696|002747,0.571428571429,0.142857142857,0,0.0438949959651,0.666666666667,1,0,0,0.07,0.0261050040349,0,0.25,1,0,0,0.07,0.0261050040349,0,0.5,0.666666666667,0,0,0.0520194647202,0.0081244687551,0,0.5,0.6,0,0,0.0490973931178,0.00520239715274,0,0.75
2026-06-10,2026-06,ALL_CANDIDATES,A3_REDUCED_BASE_ONLY,7,YES,1,603929_2026-06-10,603929,2,603929_2026-06-10|603186_2026-06-10,603929|603186,3,603929_2026-06-10|603186_2026-06-10|001696_2026-06-10,603929|603186|001696,5,603929_2026-06-10|603186_2026-06-10|001696_2026-06-10|603616_2026-06-10|002747_2026-06-10,603929|603186|001696|603616|002747,0.571428571429,0.142857142857,0,0.0438949959651,0.75,1,0,0,0.07,0.0261050040349,0,0.25,1,0,0,0.07,0.0261050040349,0,0.5,1,0,0,0.07,0.0261050040349,0,0.75,0.6,0,0,0.0490973931178,0.00520239715274,0,0.75
2026-06-10,2026-06,BOARD2_ONLY,A0_ORIGINAL_18F,6,YES,1,603929_2026-06-10,603929,2,603929_2026-06-10|603186_2026-06-10,603929|603186,3,603929_2026-06-10|603186_2026-06-10|001696_2026-06-10,603929|603186|001696,5,603929_2026-06-10|603186_2026-06-10|001696_2026-06-10|603616_2026-06-10|002747_2026-06-10,603929|603186|001696|603616|002747,0.5,0.166666666667,0,0.0395441619593,1,1,0,0,0.07,0.0304558380407,0,0.333333333333,1,0,0,0.07,0.0304558380407,0,0.666666666667,1,0,0,0.07,0.0304558380407,0,1,0.6,0,0,0.0490973931178,0.00955323115856,0,1
2026-06-10,2026-06,BOARD2_ONLY,A1_REMOVE_D0_TIMING,6,YES,1,603929_2026-06-10,603929,2,603929_2026-06-10|603186_2026-06-10,603929|603186,3,603929_2026-06-10|603186_2026-06-10|001696_2026-06-10,603929|603186|001696,5,603929_2026-06-10|603186_2026-06-10|001696_2026-06-10|603616_2026-06-10|002747_2026-06-10,603929|603186|001696|603616|002747,0.5,0.166666666667,0,0.0395441619593,1,1,0,0,0.07,0.0304558380407,0,0.333333333333,1,0,0,0.07,0.0304558380407,0,0.666666666667,1,0,0,0.07,0.0304558380407,0,1,0.6,0,0,0.0490973931178,0.00955323115856,0,1
2026-06-10,2026-06,BOARD2_ONLY,A2_REMOVE_D0_TIMING_AND_TOTAL_FAMILY,6,YES,1,603929_2026-06-10,603929,2,603929_2026-06-10|603186_2026-06-10,603929|603186,3,603929_2026-06-10|603186_2026-06-10|603616_2026-06-10,603929|603186|603616,5,603929_2026-06-10|603186_2026-06-10|603616_2026-06-10|001696_2026-06-10|002747_2026-06-10,603929|603186|603616|001696|002747,0.5,0.166666666667,0,0.0395441619593,0.888888888889,1,0,0,0.07,0.0304558380407,0,0.333333333333,1,0,0,0.07,0.0304558380407,0,0.666666666667,0.666666666667,0,0,0.0520194647202,0.0124753027609,0,0.666666666667,0.6,0,0,0.0490973931178,0.00955323115856,0,1
2026-06-10,2026-06,BOARD2_ONLY,A3_REDUCED_BASE_ONLY,6,YES,1,603929_2026-06-10,603929,2,603929_2026-06-10|603186_2026-06-10,603929|603186,3,603929_2026-06-10|603186_2026-06-10|001696_2026-06-10,603929|603186|001696,5,603929_2026-06-10|603186_2026-06-10|001696_2026-06-10|603616_2026-06-10|002747_2026-06-10,603929|603186|001696|603616|002747,0.5,0.166666666667,0,0.0395441619593,1,1,0,0,0.07,0.0304558380407,0,0.333333333333,1,0,0,0.07,0.0304558380407,0,0.666666666667,1,0,0,0.07,0.0304558380407,0,1,0.6,0,0,0.0490973931178,0.00955323115856,0,1
2026-06-10,2026-06,BOARD3_ONLY,A0_ORIGINAL_18F,1,YES,1,002254_2026-06-10,002254,1,002254_2026-06-10,002254,1,002254_2026-06-10,002254,1,002254_2026-06-10,002254,1,0,0,0.07,,1,0,0,0.07,0,0,1,1,0,0,0.07,0,0,1,1,0,0,0.07,0,0,1,1,0,0,0.07,0,0,1
2026-06-10,2026-06,BOARD3_ONLY,A1_REMOVE_D0_TIMING,1,YES,1,002254_2026-06-10,002254,1,002254_2026-06-10,002254,1,002254_2026-06-10,002254,1,002254_2026-06-10,002254,1,0,0,0.07,,1,0,0,0.07,0,0,1,1,0,0,0.07,0,0,1,1,0,0,0.07,0,0,1,1,0,0,0.07,0,0,1
2026-06-10,2026-06,BOARD3_ONLY,A2_REMOVE_D0_TIMING_AND_TOTAL_FAMILY,1,YES,1,002254_2026-06-10,002254,1,002254_2026-06-10,002254,1,002254_2026-06-10,002254,1,002254_2026-06-10,002254,1,0,0,0.07,,1,0,0,0.07,0,0,1,1,0,0,0.07,0,0,1,1,0,0,0.07,0,0,1,1,0,0,0.07,0,0,1
2026-06-10,2026-06,BOARD3_ONLY,A3_REDUCED_BASE_ONLY,1,YES,1,002254_2026-06-10,002254,1,002254_2026-06-10,002254,1,002254_2026-06-10,002254,1,002254_2026-06-10,002254,1,0,0,0.07,,1,0,0,0.07,0,0,1,1,0,0,0.07,0,0,1,1,0,0,0.07,0,0,1,1,0,0,0.07,0,0,1
2026-06-11,2026-06,ALL_CANDIDATES,A0_ORIGINAL_18F,10,YES,1,002636_2026-06-11,002636,2,002636_2026-06-11|605318_2026-06-11,002636|605318,3,002636_2026-06-11|605318_2026-06-11|605589_2026-06-11,002636|605318|605589,5,002636_2026-06-11|605318_2026-06-11|605589_2026-06-11|605006_2026-06-11|603065_2026-06-11,002636|605318|605589|605006|603065,0.2,0.2,0,0.0284162481187,0.9375,1,0,0,0.07,0.0415837518813,0,0.5,0.5,0,0,0.0578373702422,0.0294211221235,0,0.5,0.666666666667,0,0,0.0618915801615,0.0334753320428,0,1,0.4,0,0,0.0452776496219,0.0168614015032,0,1
2026-06-11,2026-06,ALL_CANDIDATES,A1_REMOVE_D0_TIMING,10,YES,1,002636_2026-06-11,002636,2,002636_2026-06-11|605318_2026-06-11,002636|605318,3,002636_2026-06-11|605318_2026-06-11|605589_2026-06-11,002636|605318|605589,5,002636_2026-06-11|605318_2026-06-11|605589_2026-06-11|605006_2026-06-11|603065_2026-06-11,002636|605318|605589|605006|603065,0.2,0.2,0,0.0284162481187,0.9375,1,0,0,0.07,0.0415837518813,0,0.5,0.5,0,0,0.0578373702422,0.0294211221235,0,0.5,0.666666666667,0,0,0.0618915801615,0.0334753320428,0,1,0.4,0,0,0.0452776496219,0.0168614015032,0,1
2026-06-11,2026-06,ALL_CANDIDATES,A2_REMOVE_D0_TIMING_AND_TOTAL_FAMILY,10,YES,1,002636_2026-06-11,002636,2,002636_2026-06-11|605318_2026-06-11,002636|605318,3,002636_2026-06-11|605318_2026-06-11|605589_2026-06-11,002636|605318|605589,5,002636_2026-06-11|605318_2026-06-11|605589_2026-06-11|605006_2026-06-11|603065_2026-06-11,002636|605318|605589|605006|603065,0.2,0.2,0,0.0284162481187,0.9375,1,0,0,0.07,0.0415837518813,0,0.5,0.5,0,0,0.0578373702422,0.0294211221235,0,0.5,0.666666666667,0,0,0.0618915801615,0.0334753320428,0,1,0.4,0,0,0.0452776496219,0.0168614015032,0,1
2026-06-11,2026-06,ALL_CANDIDATES,A3_REDUCED_BASE_ONLY,10,YES,1,002636_2026-06-11,002636,2,002636_2026-06-11|605589_2026-06-11,002636|605589,3,002636_2026-06-11|605589_2026-06-11|605318_2026-06-11,002636|605589|605318,5,002636_2026-06-11|605589_2026-06-11|605318_2026-06-11|605006_2026-06-11|603065_2026-06-11,002636|605589|605318|605006|603065,0.2,0.2,0,0.0284162481187,1,1,0,0,0.07,0.0415837518813,0,0.5,1,0,0,0.07,0.0415837518813,0,1,0.666666666667,0,0,0.0618915801615,0.0334753320428,0,1,0.4,0,0,0.0452776496219,0.0168614015032,0,1
2026-06-11,2026-06,BOARD2_ONLY,A0_ORIGINAL_18F,9,YES,1,605318_2026-06-11,605318,2,605318_2026-06-11|605589_2026-06-11,605318|605589,3,605318_2026-06-11|605589_2026-06-11|605006_2026-06-11,605318|605589|605006,5,605318_2026-06-11|605589_2026-06-11|605006_2026-06-11|603065_2026-06-11|000029_2026-06-11,605318|605589|605006|603065|000029,0.111111111111,0.222222222222,0,0.023795831243,0.875,0,0,0,0.0456747404844,0.0218789092414,0,0,0.5,0,0,0.0578373702422,0.0340415389992,0,1,0.333333333333,0,0,0.0425705925071,0.0187747612641,0,1,0.2,0,0,0.0336370676321,0.00984123638914,0,1
2026-06-11,2026-06,BOARD2_ONLY,A1_REMOVE_D0_TIMING,9,YES,1,605318_2026-06-11,605318,2,605318_2026-06-11|605589_2026-06-11,605318|605589,3,605318_2026-06-11|605589_2026-06-11|605006_2026-06-11,605318|605589|605006,5,605318_2026-06-11|605589_2026-06-11|605006_2026-06-11|603065_2026-06-11|000029_2026-06-11,605318|605589|605006|603065|000029,0.111111111111,0.222222222222,0,0.023795831243,0.875,0,0,0,0.0456747404844,0.0218789092414,0,0,0.5,0,0,0.0578373702422,0.0340415389992,0,1,0.333333333333,0,0,0.0425705925071,0.0187747612641,0,1,0.2,0,0,0.0336370676321,0.00984123638914,0,1
2026-06-11,2026-06,BOARD2_ONLY,A2_REMOVE_D0_TIMING_AND_TOTAL_FAMILY,9,YES,1,605318_2026-06-11,605318,2,605318_2026-06-11|605589_2026-06-11,605318|605589,3,605318_2026-06-11|605589_2026-06-11|605006_2026-06-11,605318|605589|605006,5,605318_2026-06-11|605589_2026-06-11|605006_2026-06-11|603065_2026-06-11|000029_2026-06-11,605318|605589|605006|603065|000029,0.111111111111,0.222222222222,0,0.023795831243,0.875,0,0,0,0.0456747404844,0.0218789092414,0,0,0.5,0,0,0.0578373702422,0.0340415389992,0,1,0.333333333333,0,0,0.0425705925071,0.0187747612641,0,1,0.2,0,0,0.0336370676321,0.00984123638914,0,1
2026-06-11,2026-06,BOARD2_ONLY,A3_REDUCED_BASE_ONLY,9,YES,1,605589_2026-06-11,605589,2,605589_2026-06-11|605318_2026-06-11,605589|605318,3,605589_2026-06-11|605318_2026-06-11|605006_2026-06-11,605589|605318|605006,5,605589_2026-06-11|605318_2026-06-11|605006_2026-06-11|603065_2026-06-11|000029_2026-06-11,605589|605318|605006|603065|000029,0.111111111111,0.222222222222,0,0.023795831243,1,1,0,0,0.07,0.046204168757,0,1,0.5,0,0,0.0578373702422,0.0340415389992,0,1,0.333333333333,0,0,0.0425705925071,0.0187747612641,0,1,0.2,0,0,0.0336370676321,0.00984123638914,0,1
2026-06-11,2026-06,BOARD3_ONLY,A0_ORIGINAL_18F,1,YES,1,002636_2026-06-11,002636,1,002636_2026-06-11,002636,1,002636_2026-06-11,002636,1,002636_2026-06-11,002636,1,0,0,0.07,,1,0,0,0.07,0,0,1,1,0,0,0.07,0,0,1,1,0,0,0.07,0,0,1,1,0,0,0.07,0,0,1
2026-06-11,2026-06,BOARD3_ONLY,A1_REMOVE_D0_TIMING,1,YES,1,002636_2026-06-11,002636,1,002636_2026-06-11,002636,1,002636_2026-06-11,002636,1,002636_2026-06-11,002636,1,0,0,0.07,,1,0,0,0.07,0,0,1,1,0,0,0.07,0,0,1,1,0,0,0.07,0,0,1,1,0,0,0.07,0,0,1
2026-06-11,2026-06,BOARD3_ONLY,A2_REMOVE_D0_TIMING_AND_TOTAL_FAMILY,1,YES,1,002636_2026-06-11,002636,1,002636_2026-06-11,002636,1,002636_2026-06-11,002636,1,002636_2026-06-11,002636,1,0,0,0.07,,1,0,0,0.07,0,0,1,1,0,0,0.07,0,0,1,1,0,0,0.07,0,0,1,1,0,0,0.07,0,0,1
2026-06-11,2026-06,BOARD3_ONLY,A3_REDUCED_BASE_ONLY,1,YES,1,002636_2026-06-11,002636,1,002636_2026-06-11,002636,1,002636_2026-06-11,002636,1,002636_2026-06-11,002636,1,0,0,0.07,,1,0,0,0.07,0,0,1,1,0,0,0.07,0,0,1,1,0,0,0.07,0,0,1,1,0,0,0.07,0,0,1
2026-06-12,2026-06,ALL_CANDIDATES,A0_ORIGINAL_18F,8,YES,1,002119_2026-06-12,002119,2,002119_2026-06-12|002409_2026-06-12,002119|002409,3,002119_2026-06-12|002409_2026-06-12|000048_2026-06-12,002119|002409|000048,5,002119_2026-06-12|002409_2026-06-12|000048_2026-06-12|600378_2026-06-12|603155_2026-06-12,002119|002409|000048|600378|603155,0.5,0.25,0,0.0402314517339,0.5625,0,0,0,0.0543580131209,0.014126561387,0,0,0.5,0,0,0.0621790065605,0.0219475548265,0,0.25,0.333333333333,0.333333333333,0,0.0342842122589,-0.005947239475,0,0.25,0.6,0.2,0,0.0485705273554,0.00833907562143,0,0.75
2026-06-12,2026-06,ALL_CANDIDATES,A1_REMOVE_D0_TIMING,8,YES,1,002119_2026-06-12,002119,2,002119_2026-06-12|002409_2026-06-12,002119|002409,3,002119_2026-06-12|002409_2026-06-12|000048_2026-06-12,002119|002409|000048,5,002119_2026-06-12|002409_2026-06-12|000048_2026-06-12|600378_2026-06-12|603155_2026-06-12,002119|002409|000048|600378|603155,0.5,0.25,0,0.0402314517339,0.5625,0,0,0,0.0543580131209,0.014126561387,0,0,0.5,0,0,0.0621790065605,0.0219475548265,0,0.25,0.333333333333,0.333333333333,0,0.0342842122589,-0.005947239475,0,0.25,0.6,0.2,0,0.0485705273554,0.00833907562143,0,0.75
2026-06-12,2026-06,ALL_CANDIDATES,A2_REMOVE_D0_TIMING_AND_TOTAL_FAMILY,8,YES,1,002119_2026-06-12,002119,2,002119_2026-06-12|002409_2026-06-12,002119|002409,3,002119_2026-06-12|002409_2026-06-12|000048_2026-06-12,002119|002409|000048,5,002119_2026-06-12|002409_2026-06-12|000048_2026-06-12|600378_2026-06-12|002165_2026-06-12,002119|002409|000048|600378|002165,0.5,0.25,0,0.0402314517339,0.5625,0,0,0,0.0543580131209,0.014126561387,0,0,0.5,0,0,0.0621790065605,0.0219475548265,0,0.25,0.333333333333,0.333333333333,0,0.0342842122589,-0.005947239475,0,0.25,0.6,0.2,0,0.0485705273554,0.00833907562143,0,0.75
2026-06-12,2026-06,ALL_CANDIDATES,A3_REDUCED_BASE_ONLY,8,YES,1,002119_2026-06-12,002119,2,002119_2026-06-12|002409_2026-06-12,002119|002409,3,002119_2026-06-12|002409_2026-06-12|600378_2026-06-12,002119|002409|600378,5,002119_2026-06-12|002409_2026-06-12|600378_2026-06-12|000048_2026-06-12|002165_2026-06-12,002119|002409|600378|000048|002165,0.5,0.25,0,0.0402314517339,0.625,0,0,0,0.0543580131209,0.014126561387,0,0,0.5,0,0,0.0621790065605,0.0219475548265,0,0.25,0.666666666667,0,0,0.0647860043736,0.0245545526397,0,0.5,0.6,0.2,0,0.0485705273554,0.00833907562143,0,0.75
2026-06-12,2026-06,BOARD2_ONLY,A0_ORIGINAL_18F,7,YES,1,002119_2026-06-12,002119,2,002119_2026-06-12|002409_2026-06-12,002119|002409,3,002119_2026-06-12|002409_2026-06-12|600378_2026-06-12,002119|002409|600378,5,002119_2026-06-12|002409_2026-06-12|600378_2026-06-12|603155_2026-06-12|002165_2026-06-12,002119|002409|600378|603155|002165,0.571428571429,0.142857142857,0,0.0490509986022,0.666666666667,0,0,0,0.0543580131209,0.00530701451867,0,0,0.5,0,0,0.0621790065605,0.0131280079582,0,0.25,0.666666666667,0,0,0.0647860043736,0.0157350057714,0,0.5,0.8,0,0,0.0668716026242,0.017820604022,0,1
2026-06-12,2026-06,BOARD2_ONLY,A1_REMOVE_D0_TIMING,7,YES,1,002119_2026-06-12,002119,2,002119_2026-06-12|002409_2026-06-12,002119|002409,3,002119_2026-06-12|002409_2026-06-12|600378_2026-06-12,002119|002409|600378,5,002119_2026-06-12|002409_2026-06-12|600378_2026-06-12|603155_2026-06-12|002165_2026-06-12,002119|002409|600378|603155|002165,0.571428571429,0.142857142857,0,0.0490509986022,0.666666666667,0,0,0,0.0543580131209,0.00530701451867,0,0,0.5,0,0,0.0621790065605,0.0131280079582,0,0.25,0.666666666667,0,0,0.0647860043736,0.0157350057714,0,0.5,0.8,0,0,0.0668716026242,0.017820604022,0,1
2026-06-12,2026-06,BOARD2_ONLY,A2_REMOVE_D0_TIMING_AND_TOTAL_FAMILY,7,YES,1,002119_2026-06-12,002119,2,002119_2026-06-12|002409_2026-06-12,002119|002409,3,002119_2026-06-12|002409_2026-06-12|600378_2026-06-12,002119|002409|600378,5,002119_2026-06-12|002409_2026-06-12|600378_2026-06-12|002165_2026-06-12|603155_2026-06-12,002119|002409|600378|002165|603155,0.571428571429,0.142857142857,0,0.0490509986022,0.666666666667,0,0,0,0.0543580131209,0.00530701451867,0,0,0.5,0,0,0.0621790065605,0.0131280079582,0,0.25,0.666666666667,0,0,0.0647860043736,0.0157350057714,0,0.5,0.8,0,0,0.0668716026242,0.017820604022,0,1
2026-06-12,2026-06,BOARD2_ONLY,A3_REDUCED_BASE_ONLY,7,YES,1,002119_2026-06-12,002119,2,002119_2026-06-12|002409_2026-06-12,002119|002409,3,002119_2026-06-12|002409_2026-06-12|600378_2026-06-12,002119|002409|600378,5,002119_2026-06-12|002409_2026-06-12|600378_2026-06-12|002165_2026-06-12|603155_2026-06-12,002119|002409|600378|002165|603155,0.571428571429,0.142857142857,0,0.0490509986022,0.666666666667,0,0,0,0.0543580131209,0.00530701451867,0,0,0.5,0,0,0.0621790065605,0.0131280079582,0,0.25,0.666666666667,0,0,0.0647860043736,0.0157350057714,0,0.5,0.8,0,0,0.0668716026242,0.017820604022,0,1
2026-06-12,2026-06,BOARD3_ONLY,A0_ORIGINAL_18F,1,YES,1,000048_2026-06-12,000048,1,000048_2026-06-12,000048,1,000048_2026-06-12,000048,1,000048_2026-06-12,000048,0,1,0,-0.0215053763441,,0,1,0,-0.0215053763441,0,1,,0,1,0,-0.0215053763441,0,1,,0,1,0,-0.0215053763441,0,1,,0,1,0,-0.0215053763441,0,1,
2026-06-12,2026-06,BOARD3_ONLY,A1_REMOVE_D0_TIMING,1,YES,1,000048_2026-06-12,000048,1,000048_2026-06-12,000048,1,000048_2026-06-12,000048,1,000048_2026-06-12,000048,0,1,0,-0.0215053763441,,0,1,0,-0.0215053763441,0,1,,0,1,0,-0.0215053763441,0,1,,0,1,0,-0.0215053763441,0,1,,0,1,0,-0.0215053763441,0,1,
2026-06-12,2026-06,BOARD3_ONLY,A2_REMOVE_D0_TIMING_AND_TOTAL_FAMILY,1,YES,1,000048_2026-06-12,000048,1,000048_2026-06-12,000048,1,000048_2026-06-12,000048,1,000048_2026-06-12,000048,0,1,0,-0.0215053763441,,0,1,0,-0.0215053763441,0,1,,0,1,0,-0.0215053763441,0,1,,0,1,0,-0.0215053763441,0,1,,0,1,0,-0.0215053763441,0,1,
2026-06-12,2026-06,BOARD3_ONLY,A3_REDUCED_BASE_ONLY,1,YES,1,000048_2026-06-12,000048,1,000048_2026-06-12,000048,1,000048_2026-06-12,000048,1,000048_2026-06-12,000048,0,1,0,-0.0215053763441,,0,1,0,-0.0215053763441,0,1,,0,1,0,-0.0215053763441,0,1,,0,1,0,-0.0215053763441,0,1,,0,1,0,-0.0215053763441,0,1,
2026-06-15,2026-06,ALL_CANDIDATES,A0_ORIGINAL_18F,3,YES,1,002203_2026-06-15,002203,2,002203_2026-06-15|600067_2026-06-15,002203|600067,3,002203_2026-06-15|600067_2026-06-15|603014_2026-06-15,002203|600067|603014,3,002203_2026-06-15|600067_2026-06-15|603014_2026-06-15,002203|600067|603014,0.333333333333,0,0,0.0449404761905,0,0,0,0,0.03625,-0.00869047619047,0,0,0,0,0,0.0324107142857,-0.0125297619048,0,0,0.333333333333,0,0,0.0449404761905,0,0,1,0.333333333333,0,0,0.0449404761905,0,0,1
2026-06-15,2026-06,ALL_CANDIDATES,A1_REMOVE_D0_TIMING,3,YES,1,002203_2026-06-15,002203,2,002203_2026-06-15|600067_2026-06-15,002203|600067,3,002203_2026-06-15|600067_2026-06-15|603014_2026-06-15,002203|600067|603014,3,002203_2026-06-15|600067_2026-06-15|603014_2026-06-15,002203|600067|603014,0.333333333333,0,0,0.0449404761905,0,0,0,0,0.03625,-0.00869047619047,0,0,0,0,0,0.0324107142857,-0.0125297619048,0,0,0.333333333333,0,0,0.0449404761905,0,0,1,0.333333333333,0,0,0.0449404761905,0,0,1
2026-06-15,2026-06,ALL_CANDIDATES,A2_REMOVE_D0_TIMING_AND_TOTAL_FAMILY,3,YES,1,002203_2026-06-15,002203,2,002203_2026-06-15|600067_2026-06-15,002203|600067,3,002203_2026-06-15|600067_2026-06-15|603014_2026-06-15,002203|600067|603014,3,002203_2026-06-15|600067_2026-06-15|603014_2026-06-15,002203|600067|603014,0.333333333333,0,0,0.0449404761905,0,0,0,0,0.03625,-0.00869047619047,0,0,0,0,0,0.0324107142857,-0.0125297619048,0,0,0.333333333333,0,0,0.0449404761905,0,0,1,0.333333333333,0,0,0.0449404761905,0,0,1
2026-06-15,2026-06,ALL_CANDIDATES,A3_REDUCED_BASE_ONLY,3,YES,1,002203_2026-06-15,002203,2,002203_2026-06-15|600067_2026-06-15,002203|600067,3,002203_2026-06-15|600067_2026-06-15|603014_2026-06-15,002203|600067|603014,3,002203_2026-06-15|600067_2026-06-15|603014_2026-06-15,002203|600067|603014,0.333333333333,0,0,0.0449404761905,0,0,0,0,0.03625,-0.00869047619047,0,0,0,0,0,0.0324107142857,-0.0125297619048,0,0,0.333333333333,0,0,0.0449404761905,0,0,1,0.333333333333,0,0,0.0449404761905,0,0,1
2026-06-15,2026-06,BOARD2_ONLY,A0_ORIGINAL_18F,3,YES,1,002203_2026-06-15,002203,2,002203_2026-06-15|600067_2026-06-15,002203|600067,3,002203_2026-06-15|600067_2026-06-15|603014_2026-06-15,002203|600067|603014,3,002203_2026-06-15|600067_2026-06-15|603014_2026-06-15,002203|600067|603014,0.333333333333,0,0,0.0449404761905,0,0,0,0,0.03625,-0.00869047619047,0,0,0,0,0,0.0324107142857,-0.0125297619048,0,0,0.333333333333,0,0,0.0449404761905,0,0,1,0.333333333333,0,0,0.0449404761905,0,0,1
2026-06-15,2026-06,BOARD2_ONLY,A1_REMOVE_D0_TIMING,3,YES,1,002203_2026-06-15,002203,2,002203_2026-06-15|600067_2026-06-15,002203|600067,3,002203_2026-06-15|600067_2026-06-15|603014_2026-06-15,002203|600067|603014,3,002203_2026-06-15|600067_2026-06-15|603014_2026-06-15,002203|600067|603014,0.333333333333,0,0,0.0449404761905,0,0,0,0,0.03625,-0.00869047619047,0,0,0,0,0,0.0324107142857,-0.0125297619048,0,0,0.333333333333,0,0,0.0449404761905,0,0,1,0.333333333333,0,0,0.0449404761905,0,0,1
2026-06-15,2026-06,BOARD2_ONLY,A2_REMOVE_D0_TIMING_AND_TOTAL_FAMILY,3,YES,1,002203_2026-06-15,002203,2,002203_2026-06-15|600067_2026-06-15,002203|600067,3,002203_2026-06-15|600067_2026-06-15|603014_2026-06-15,002203|600067|603014,3,002203_2026-06-15|600067_2026-06-15|603014_2026-06-15,002203|600067|603014,0.333333333333,0,0,0.0449404761905,0,0,0,0,0.03625,-0.00869047619047,0,0,0,0,0,0.0324107142857,-0.0125297619048,0,0,0.333333333333,0,0,0.0449404761905,0,0,1,0.333333333333,0,0,0.0449404761905,0,0,1
2026-06-15,2026-06,BOARD2_ONLY,A3_REDUCED_BASE_ONLY,3,YES,1,002203_2026-06-15,002203,2,002203_2026-06-15|600067_2026-06-15,002203|600067,3,002203_2026-06-15|600067_2026-06-15|603014_2026-06-15,002203|600067|603014,3,002203_2026-06-15|600067_2026-06-15|603014_2026-06-15,002203|600067|603014,0.333333333333,0,0,0.0449404761905,0,0,0,0,0.03625,-0.00869047619047,0,0,0,0,0,0.0324107142857,-0.0125297619048,0,0,0.333333333333,0,0,0.0449404761905,0,0,1,0.333333333333,0,0,0.0449404761905,0,0,1
2026-06-16,2026-06,ALL_CANDIDATES,A0_ORIGINAL_18F,7,YES,1,001359_2026-06-16,001359,2,001359_2026-06-16|601958_2026-06-16,001359|601958,3,001359_2026-06-16|601958_2026-06-16|000510_2026-06-16,001359|601958|000510,5,001359_2026-06-16|601958_2026-06-16|000510_2026-06-16|603738_2026-06-16|601696_2026-06-16,001359|601958|000510|603738|601696,0.428571428571,0.428571428571,0,0.0313373111972,0.583333333333,1,0,0,0.07,0.0386626888028,0,0.333333333333,0.5,0,0,0.0569642857143,0.0256269745171,0,0.333333333333,0.333333333333,0.333333333333,0,0.0331325092785,0.0017951980813,0,0.333333333333,0.4,0.4,0,0.030134187215,-0.00120312398216,0,0.666666666667
2026-06-16,2026-06,ALL_CANDIDATES,A1_REMOVE_D0_TIMING,7,YES,1,001359_2026-06-16,001359,2,001359_2026-06-16|601958_2026-06-16,001359|601958,3,001359_2026-06-16|601958_2026-06-16|000510_2026-06-16,001359|601958|000510,5,001359_2026-06-16|601958_2026-06-16|000510_2026-06-16|603738_2026-06-16|601696_2026-06-16,001359|601958|000510|603738|601696,0.428571428571,0.428571428571,0,0.0313373111972,0.583333333333,1,0,0,0.07,0.0386626888028,0,0.333333333333,0.5,0,0,0.0569642857143,0.0256269745171,0,0.333333333333,0.333333333333,0.333333333333,0,0.0331325092785,0.0017951980813,0,0.333333333333,0.4,0.4,0,0.030134187215,-0.00120312398216,0,0.666666666667
2026-06-16,2026-06,ALL_CANDIDATES,A2_REMOVE_D0_TIMING_AND_TOTAL_FAMILY,7,YES,1,601958_2026-06-16,601958,2,601958_2026-06-16|001359_2026-06-16,601958|001359,3,601958_2026-06-16|001359_2026-06-16|000510_2026-06-16,601958|001359|000510,5,601958_2026-06-16|001359_2026-06-16|000510_2026-06-16|603738_2026-06-16|601696_2026-06-16,601958|001359|000510|603738|601696,0.428571428571,0.428571428571,0,0.0313373111972,0.5,0,0,0,0.0439285714286,0.0125912602314,0,0,0.5,0,0,0.0569642857143,0.0256269745171,0,0.333333333333,0.333333333333,0.333333333333,0,0.0331325092785,0.0017951980813,0,0.333333333333,0.4,0.4,0,0.030134187215,-0.00120312398216,0,0.666666666667
2026-06-16,2026-06,ALL_CANDIDATES,A3_REDUCED_BASE_ONLY,7,YES,1,001359_2026-06-16,001359,2,001359_2026-06-16|601958_2026-06-16,001359|601958,3,001359_2026-06-16|601958_2026-06-16|000510_2026-06-16,001359|601958|000510,5,001359_2026-06-16|601958_2026-06-16|000510_2026-06-16|603738_2026-06-16|601696_2026-06-16,001359|601958|000510|603738|601696,0.428571428571,0.428571428571,0,0.0313373111972,0.583333333333,1,0,0,0.07,0.0386626888028,0,0.333333333333,0.5,0,0,0.0569642857143,0.0256269745171,0,0.333333333333,0.333333333333,0.333333333333,0,0.0331325092785,0.0017951980813,0,0.333333333333,0.4,0.4,0,0.030134187215,-0.00120312398216,0,0.666666666667
2026-06-16,2026-06,BOARD2_ONLY,A0_ORIGINAL_18F,5,YES,1,001359_2026-06-16,001359,2,001359_2026-06-16|603738_2026-06-16,001359|603738,3,001359_2026-06-16|603738_2026-06-16|601696_2026-06-16,001359|603738|601696,5,001359_2026-06-16|603738_2026-06-16|601696_2026-06-16|603335_2026-06-16|000506_2026-06-16,001359|603738|601696|603335|000506,0.6,0.4,0,0.037992730109,0.833333333333,1,0,0,0.07,0.032007269891,0,0.333333333333,1,0,0,0.07,0.032007269891,0,0.666666666667,0.666666666667,0.333333333333,0,0.0404244694132,0.00243173930426,0,0.666666666667,0.6,0.4,0,0.037992730109,0,0,1
2026-06-16,2026-06,BOARD2_ONLY,A1_REMOVE_D0_TIMING,5,YES,1,001359_2026-06-16,001359,2,001359_2026-06-16|603738_2026-06-16,001359|603738,3,001359_2026-06-16|603738_2026-06-16|601696_2026-06-16,001359|603738|601696,5,001359_2026-06-16|603738_2026-06-16|601696_2026-06-16|603335_2026-06-16|000506_2026-06-16,001359|603738|601696|603335|000506,0.6,0.4,0,0.037992730109,0.833333333333,1,0,0,0.07,0.032007269891,0,0.333333333333,1,0,0,0.07,0.032007269891,0,0.666666666667,0.666666666667,0.333333333333,0,0.0404244694132,0.00243173930426,0,0.666666666667,0.6,0.4,0,0.037992730109,0,0,1
2026-06-16,2026-06,BOARD2_ONLY,A2_REMOVE_D0_TIMING_AND_TOTAL_FAMILY,5,YES,1,001359_2026-06-16,001359,2,001359_2026-06-16|603738_2026-06-16,001359|603738,3,001359_2026-06-16|603738_2026-06-16|601696_2026-06-16,001359|603738|601696,5,001359_2026-06-16|603738_2026-06-16|601696_2026-06-16|603335_2026-06-16|000506_2026-06-16,001359|603738|601696|603335|000506,0.6,0.4,0,0.037992730109,0.833333333333,1,0,0,0.07,0.032007269891,0,0.333333333333,1,0,0,0.07,0.032007269891,0,0.666666666667,0.666666666667,0.333333333333,0,0.0404244694132,0.00243173930426,0,0.666666666667,0.6,0.4,0,0.037992730109,0,0,1
2026-06-16,2026-06,BOARD2_ONLY,A3_REDUCED_BASE_ONLY,5,YES,1,001359_2026-06-16,001359,2,001359_2026-06-16|603738_2026-06-16,001359|603738,3,001359_2026-06-16|603738_2026-06-16|601696_2026-06-16,001359|603738|601696,5,001359_2026-06-16|603738_2026-06-16|601696_2026-06-16|603335_2026-06-16|000506_2026-06-16,001359|603738|601696|603335|000506,0.6,0.4,0,0.037992730109,0.833333333333,1,0,0,0.07,0.032007269891,0,0.333333333333,1,0,0,0.07,0.032007269891,0,0.666666666667,0.666666666667,0.333333333333,0,0.0404244694132,0.00243173930426,0,0.666666666667,0.6,0.4,0,0.037992730109,0,0,1
2026-06-16,2026-06,BOARD3_ONLY,A0_ORIGINAL_18F,2,YES,1,601958_2026-06-16,601958,2,601958_2026-06-16|000510_2026-06-16,601958|000510,2,601958_2026-06-16|000510_2026-06-16,601958|000510,2,601958_2026-06-16|000510_2026-06-16,601958|000510,0,0.5,0,0.0146987639178,,0,0,0,0.0439285714286,0.0292298075109,0,,0,0.5,0,0.0146987639178,0,0,,0,0.5,0,0.0146987639178,0,0,,0,0.5,0,0.0146987639178,0,0,
2026-06-16,2026-06,BOARD3_ONLY,A1_REMOVE_D0_TIMING,2,YES,1,601958_2026-06-16,601958,2,601958_2026-06-16|000510_2026-06-16,601958|000510,2,601958_2026-06-16|000510_2026-06-16,601958|000510,2,601958_2026-06-16|000510_2026-06-16,601958|000510,0,0.5,0,0.0146987639178,,0,0,0,0.0439285714286,0.0292298075109,0,,0,0.5,0,0.0146987639178,0,0,,0,0.5,0,0.0146987639178,0,0,,0,0.5,0,0.0146987639178,0,0,
2026-06-16,2026-06,BOARD3_ONLY,A2_REMOVE_D0_TIMING_AND_TOTAL_FAMILY,2,YES,1,601958_2026-06-16,601958,2,601958_2026-06-16|000510_2026-06-16,601958|000510,2,601958_2026-06-16|000510_2026-06-16,601958|000510,2,601958_2026-06-16|000510_2026-06-16,601958|000510,0,0.5,0,0.0146987639178,,0,0,0,0.0439285714286,0.0292298075109,0,,0,0.5,0,0.0146987639178,0,0,,0,0.5,0,0.0146987639178,0,0,,0,0.5,0,0.0146987639178,0,0,
2026-06-16,2026-06,BOARD3_ONLY,A3_REDUCED_BASE_ONLY,2,YES,1,601958_2026-06-16,601958,2,601958_2026-06-16|000510_2026-06-16,601958|000510,2,601958_2026-06-16|000510_2026-06-16,601958|000510,2,601958_2026-06-16|000510_2026-06-16,601958|000510,0,0.5,0,0.0146987639178,,0,0,0,0.0439285714286,0.0292298075109,0,,0,0.5,0,0.0146987639178,0,0,,0,0.5,0,0.0146987639178,0,0,,0,0.5,0,0.0146987639178,0,0,
2026-06-17,2026-06,ALL_CANDIDATES,A0_ORIGINAL_18F,17,YES,1,603256_2026-06-17,603256,2,603256_2026-06-17|605198_2026-06-17,603256|605198,3,603256_2026-06-17|605198_2026-06-17|600549_2026-06-17,603256|605198|600549,5,603256_2026-06-17|605198_2026-06-17|600549_2026-06-17|002824_2026-06-17|605289_2026-06-17,603256|605198|600549|002824|605289,0.705882352941,0.0588235294118,0,0.0600758531775,0.5,1,0,0,0.07,0.00992414682251,0,0.0833333333333,0.5,0.5,0,0.0243617021277,-0.0357141510498,0,0.0833333333333,0.666666666667,0.333333333333,0,0.0395744680851,-0.0205013850924,0,0.166666666667,0.6,0.2,0,0.0508532950833,-0.00922255809423,0,0.25
2026-06-17,2026-06,ALL_CANDIDATES,A1_REMOVE_D0_TIMING,17,YES,1,603256_2026-06-17,603256,2,603256_2026-06-17|605198_2026-06-17,603256|605198,3,603256_2026-06-17|605198_2026-06-17|600549_2026-06-17,603256|605198|600549,5,603256_2026-06-17|605198_2026-06-17|600549_2026-06-17|002824_2026-06-17|605289_2026-06-17,603256|605198|600549|002824|605289,0.705882352941,0.0588235294118,0,0.0600758531775,0.533333333333,1,0,0,0.07,0.00992414682251,0,0.0833333333333,0.5,0.5,0,0.0243617021277,-0.0357141510498,0,0.0833333333333,0.666666666667,0.333333333333,0,0.0395744680851,-0.0205013850924,0,0.166666666667,0.6,0.2,0,0.0508532950833,-0.00922255809423,0,0.25
2026-06-17,2026-06,ALL_CANDIDATES,A2_REMOVE_D0_TIMING_AND_TOTAL_FAMILY,17,YES,1,605198_2026-06-17,605198,2,605198_2026-06-17|603256_2026-06-17,605198|603256,3,605198_2026-06-17|603256_2026-06-17|600549_2026-06-17,605198|603256|600549,5,605198_2026-06-17|603256_2026-06-17|600549_2026-06-17|002515_2026-06-17|002824_2026-06-17,605198|603256|600549|002515|002824,0.705882352941,0.0588235294118,0,0.0600758531775,0.516666666667,0,1,0,-0.0212765957447,-0.0813524489222,1,0,0.5,0.5,0,0.0243617021277,-0.0357141510498,0,0.0833333333333,0.666666666667,0.333333333333,0,0.0395744680851,-0.0205013850924,0,0.166666666667,0.8,0.2,0,0.0517446808511,-0.00833117232643,0,0.333333333333
2026-06-17,2026-06,ALL_CANDIDATES,A3_REDUCED_BASE_ONLY,17,YES,1,603256_2026-06-17,603256,2,603256_2026-06-17|605198_2026-06-17,603256|605198,3,603256_2026-06-17|605198_2026-06-17|600549_2026-06-17,603256|605198|600549,5,603256_2026-06-17|605198_2026-06-17|600549_2026-06-17|605289_2026-06-17|002824_2026-06-17,603256|605198|600549|605289|002824,0.705882352941,0.0588235294118,0,0.0600758531775,0.5,1,0,0,0.07,0.00992414682251,0,0.0833333333333,0.5,0.5,0,0.0243617021277,-0.0357141510498,0,0.0833333333333,0.666666666667,0.333333333333,0,0.0395744680851,-0.0205013850924,0,0.166666666667,0.6,0.2,0,0.0508532950833,-0.00922255809423,0,0.25
2026-06-17,2026-06,BOARD2_ONLY,A0_ORIGINAL_18F,16,YES,1,603256_2026-06-17,603256,2,603256_2026-06-17|600549_2026-06-17,603256|600549,3,603256_2026-06-17|600549_2026-06-17|002824_2026-06-17,603256|600549|002824,5,603256_2026-06-17|600549_2026-06-17|002824_2026-06-17|605289_2026-06-17|002515_2026-06-17,603256|600549|002824|605289|002515,0.75,0,0,0.0651603812351,0.604166666667,1,0,0,0.07,0.00483961876487,0,0.0833333333333,1,0,0,0.07,0.00483961876487,0,0.166666666667,1,0,0,0.07,0.00483961876487,0,0.25,0.8,0,0,0.0691086142322,0.00394823299707,0,0.333333333333
2026-06-17,2026-06,BOARD2_ONLY,A1_REMOVE_D0_TIMING,16,YES,1,603256_2026-06-17,603256,2,603256_2026-06-17|600549_2026-06-17,603256|600549,3,603256_2026-06-17|600549_2026-06-17|002824_2026-06-17,603256|600549|002824,5,603256_2026-06-17|600549_2026-06-17|002824_2026-06-17|605289_2026-06-17|002515_2026-06-17,603256|600549|002824|605289|002515,0.75,0,0,0.0651603812351,0.645833333333,1,0,0,0.07,0.00483961876487,0,0.0833333333333,1,0,0,0.07,0.00483961876487,0,0.166666666667,1,0,0,0.07,0.00483961876487,0,0.25,0.8,0,0,0.0691086142322,0.00394823299707,0,0.333333333333
2026-06-17,2026-06,BOARD2_ONLY,A2_REMOVE_D0_TIMING_AND_TOTAL_FAMILY,16,YES,1,603256_2026-06-17,603256,2,603256_2026-06-17|600549_2026-06-17,603256|600549,3,603256_2026-06-17|600549_2026-06-17|002515_2026-06-17,603256|600549|002515,5,603256_2026-06-17|600549_2026-06-17|002515_2026-06-17|002824_2026-06-17|605289_2026-06-17,603256|600549|002515|002824|605289,0.75,0,0,0.0651603812351,0.645833333333,1,0,0,0.07,0.00483961876487,0,0.0833333333333,1,0,0,0.07,0.00483961876487,0,0.166666666667,1,0,0,0.07,0.00483961876487,0,0.25,0.8,0,0,0.0691086142322,0.00394823299707,0,0.333333333333
2026-06-17,2026-06,BOARD2_ONLY,A3_REDUCED_BASE_ONLY,16,YES,1,603256_2026-06-17,603256,2,603256_2026-06-17|600549_2026-06-17,603256|600549,3,603256_2026-06-17|600549_2026-06-17|605289_2026-06-17,603256|600549|605289,5,603256_2026-06-17|600549_2026-06-17|605289_2026-06-17|002824_2026-06-17|002851_2026-06-17,603256|600549|605289|002824|002851,0.75,0,0,0.0651603812351,0.604166666667,1,0,0,0.07,0.00483961876487,0,0.0833333333333,1,0,0,0.07,0.00483961876487,0,0.166666666667,0.666666666667,0,0,0.0685143570537,0.00335397581854,0,0.166666666667,0.8,0,0,0.0691086142322,0.00394823299707,0,0.333333333333
2026-06-17,2026-06,BOARD3_ONLY,A0_ORIGINAL_18F,1,YES,1,605198_2026-06-17,605198,1,605198_2026-06-17,605198,1,605198_2026-06-17,605198,1,605198_2026-06-17,605198,0,1,0,-0.0212765957447,,0,1,0,-0.0212765957447,0,1,,0,1,0,-0.0212765957447,0,1,,0,1,0,-0.0212765957447,0,1,,0,1,0,-0.0212765957447,0,1,
2026-06-17,2026-06,BOARD3_ONLY,A1_REMOVE_D0_TIMING,1,YES,1,605198_2026-06-17,605198,1,605198_2026-06-17,605198,1,605198_2026-06-17,605198,1,605198_2026-06-17,605198,0,1,0,-0.0212765957447,,0,1,0,-0.0212765957447,0,1,,0,1,0,-0.0212765957447,0,1,,0,1,0,-0.0212765957447,0,1,,0,1,0,-0.0212765957447,0,1,
2026-06-17,2026-06,BOARD3_ONLY,A2_REMOVE_D0_TIMING_AND_TOTAL_FAMILY,1,YES,1,605198_2026-06-17,605198,1,605198_2026-06-17,605198,1,605198_2026-06-17,605198,1,605198_2026-06-17,605198,0,1,0,-0.0212765957447,,0,1,0,-0.0212765957447,0,1,,0,1,0,-0.0212765957447,0,1,,0,1,0,-0.0212765957447,0,1,,0,1,0,-0.0212765957447,0,1,
2026-06-17,2026-06,BOARD3_ONLY,A3_REDUCED_BASE_ONLY,1,YES,1,605198_2026-06-17,605198,1,605198_2026-06-17,605198,1,605198_2026-06-17,605198,1,605198_2026-06-17,605198,0,1,0,-0.0212765957447,,0,1,0,-0.0212765957447,0,1,,0,1,0,-0.0212765957447,0,1,,0,1,0,-0.0212765957447,0,1,,0,1,0,-0.0212765957447,0,1,
2026-06-18,2026-06,ALL_CANDIDATES,A0_ORIGINAL_18F,15,YES,1,603186_2026-06-18,603186,2,603186_2026-06-18|002741_2026-06-18,603186|002741,3,603186_2026-06-18|002741_2026-06-18|600110_2026-06-18,603186|002741|600110,5,603186_2026-06-18|002741_2026-06-18|600110_2026-06-18|603002_2026-06-18|002080_2026-06-18,603186|002741|600110|603002|002080,0.133333333333,0.266666666667,0.0666666666667,0.0173110111058,0.384615384615,0,0,0,0.0454831800428,0.028172168937,0,0,0,0.5,0,0.0125350286605,-0.00477598244528,0,0,0,0.666666666667,0,-0.00646240583523,-0.0237734169411,1,0,0.2,0.4,0,0.0140761867612,-0.00323482434461,0,0.5
2026-06-18,2026-06,ALL_CANDIDATES,A1_REMOVE_D0_TIMING,15,YES,1,603186_2026-06-18,603186,2,603186_2026-06-18|002741_2026-06-18,603186|002741,3,603186_2026-06-18|002741_2026-06-18|600110_2026-06-18,603186|002741|600110,5,603186_2026-06-18|002741_2026-06-18|600110_2026-06-18|603002_2026-06-18|002080_2026-06-18,603186|002741|600110|603002|002080,0.133333333333,0.266666666667,0.0666666666667,0.0173110111058,0.384615384615,0,0,0,0.0454831800428,0.028172168937,0,0,0,0.5,0,0.0125350286605,-0.00477598244528,0,0,0,0.666666666667,0,-0.00646240583523,-0.0237734169411,1,0,0.2,0.4,0,0.0140761867612,-0.00323482434461,0,0.5
2026-06-18,2026-06,ALL_CANDIDATES,A2_REMOVE_D0_TIMING_AND_TOTAL_FAMILY,15,YES,1,603186_2026-06-18,603186,2,603186_2026-06-18|002741_2026-06-18,603186|002741,3,603186_2026-06-18|002741_2026-06-18|600110_2026-06-18,603186|002741|600110,5,603186_2026-06-18|002741_2026-06-18|600110_2026-06-18|603002_2026-06-18|002080_2026-06-18,603186|002741|600110|603002|002080,0.133333333333,0.266666666667,0.0666666666667,0.0173110111058,0.384615384615,0,0,0,0.0454831800428,0.028172168937,0,0,0,0.5,0,0.0125350286605,-0.00477598244528,0,0,0,0.666666666667,0,-0.00646240583523,-0.0237734169411,1,0,0.2,0.4,0,0.0140761867612,-0.00323482434461,0,0.5
2026-06-18,2026-06,ALL_CANDIDATES,A3_REDUCED_BASE_ONLY,15,YES,1,603186_2026-06-18,603186,2,603186_2026-06-18|002741_2026-06-18,603186|002741,3,603186_2026-06-18|002741_2026-06-18|600110_2026-06-18,603186|002741|600110,5,603186_2026-06-18|002741_2026-06-18|600110_2026-06-18|603002_2026-06-18|002080_2026-06-18,603186|002741|600110|603002|002080,0.133333333333,0.266666666667,0.0666666666667,0.0173110111058,0.384615384615,0,0,0,0.0454831800428,0.028172168937,0,0,0,0.5,0,0.0125350286605,-0.00477598244528,0,0,0,0.666666666667,0,-0.00646240583523,-0.0237734169411,1,0,0.2,0.4,0,0.0140761867612,-0.00323482434461,0,0.5
2026-06-18,2026-06,BOARD2_ONLY,A0_ORIGINAL_18F,7,YES,1,600186_2026-06-18,600186,2,600186_2026-06-18|000679_2026-06-18,600186|000679,3,600186_2026-06-18|000679_2026-06-18|603773_2026-06-18,600186|000679|603773,5,600186_2026-06-18|000679_2026-06-18|603773_2026-06-18|002484_2026-06-18|600192_2026-06-18,600186|000679|603773|002484|600192,0.142857142857,0.285714285714,0.142857142857,0.0196874723863,0,0,0,0,0.0350515463918,0.0153640740055,0,0,0,0,0,0.0274202322988,0.00773275991247,0,0,0,0,0,0.0408047640147,0.0211172916283,0,0,0,0.2,0.2,0.0147031457515,-0.00498432663482,0,0
2026-06-18,2026-06,BOARD2_ONLY,A1_REMOVE_D0_TIMING,7,YES,1,002484_2026-06-18,002484,2,002484_2026-06-18|600186_2026-06-18,002484|600186,3,002484_2026-06-18|600186_2026-06-18|000679_2026-06-18,002484|600186|000679,5,002484_2026-06-18|600186_2026-06-18|000679_2026-06-18|603773_2026-06-18|600192_2026-06-18,002484|600186|000679|603773|600192,0.142857142857,0.285714285714,0.142857142857,0.0196874723863,0,0,1,1,-0.0501659904094,-0.0698534627957,1,0,0,0.5,0.5,-0.0075572220088,-0.0272446943951,1,0,0,0.333333333333,0.333333333333,0.00155815806273,-0.0181293143236,0,0,0,0.2,0.2,0.0147031457515,-0.00498432663482,0,0
2026-06-18,2026-06,BOARD2_ONLY,A2_REMOVE_D0_TIMING_AND_TOTAL_FAMILY,7,YES,1,002484_2026-06-18,002484,2,002484_2026-06-18|600186_2026-06-18,002484|600186,3,002484_2026-06-18|600186_2026-06-18|000679_2026-06-18,002484|600186|000679,5,002484_2026-06-18|600186_2026-06-18|000679_2026-06-18|603773_2026-06-18|600192_2026-06-18,002484|600186|000679|603773|600192,0.142857142857,0.285714285714,0.142857142857,0.0196874723863,0,0,1,1,-0.0501659904094,-0.0698534627957,1,0,0,0.5,0.5,-0.0075572220088,-0.0272446943951,1,0,0,0.333333333333,0.333333333333,0.00155815806273,-0.0181293143236,0,0,0,0.2,0.2,0.0147031457515,-0.00498432663482,0,0
2026-06-18,2026-06,BOARD2_ONLY,A3_REDUCED_BASE_ONLY,7,YES,1,002484_2026-06-18,002484,2,002484_2026-06-18|603773_2026-06-18,002484|603773,3,002484_2026-06-18|603773_2026-06-18|600186_2026-06-18,002484|603773|600186,5,002484_2026-06-18|603773_2026-06-18|600186_2026-06-18|000679_2026-06-18|600192_2026-06-18,002484|603773|600186|000679|600192,0.142857142857,0.285714285714,0.142857142857,0.0196874723863,0,0,1,1,-0.0501659904094,-0.0698534627957,1,0,0,0.5,0.5,0.0087039185185,-0.0109835538678,0,0,0,0.333333333333,0.333333333333,0.0174864611429,-0.0022010112434,0,0,0,0.2,0.2,0.0147031457515,-0.00498432663482,0,0
2026-06-18,2026-06,BOARD3_ONLY,A0_ORIGINAL_18F,8,YES,1,603186_2026-06-18,603186,2,603186_2026-06-18|002741_2026-06-18,603186|002741,3,603186_2026-06-18|002741_2026-06-18|600110_2026-06-18,603186|002741|600110,5,603186_2026-06-18|002741_2026-06-18|600110_2026-06-18|603002_2026-06-18|002080_2026-06-18,603186|002741|600110|603002|002080,0.125,0.25,0,0.0152316074854,0.571428571429,0,0,0,0.0454831800428,0.0302515725574,0,0,0,0.5,0,0.0125350286605,-0.00269657882484,0,0,0,0.666666666667,0,-0.00646240583523,-0.0216940133206,1,0,0.2,0.4,0,0.0140761867612,-0.00115542072417,0,1
2026-06-18,2026-06,BOARD3_ONLY,A1_REMOVE_D0_TIMING,8,YES,1,603186_2026-06-18,603186,2,603186_2026-06-18|002741_2026-06-18,603186|002741,3,603186_2026-06-18|002741_2026-06-18|600110_2026-06-18,603186|002741|600110,5,603186_2026-06-18|002741_2026-06-18|600110_2026-06-18|603002_2026-06-18|002080_2026-06-18,603186|002741|600110|603002|002080,0.125,0.25,0,0.0152316074854,0.571428571429,0,0,0,0.0454831800428,0.0302515725574,0,0,0,0.5,0,0.0125350286605,-0.00269657882484,0,0,0,0.666666666667,0,-0.00646240583523,-0.0216940133206,1,0,0.2,0.4,0,0.0140761867612,-0.00115542072417,0,1
2026-06-18,2026-06,BOARD3_ONLY,A2_REMOVE_D0_TIMING_AND_TOTAL_FAMILY,8,YES,1,603186_2026-06-18,603186,2,603186_2026-06-18|002741_2026-06-18,603186|002741,3,603186_2026-06-18|002741_2026-06-18|600110_2026-06-18,603186|002741|600110,5,603186_2026-06-18|002741_2026-06-18|600110_2026-06-18|603002_2026-06-18|002080_2026-06-18,603186|002741|600110|603002|002080,0.125,0.25,0,0.0152316074854,0.571428571429,0,0,0,0.0454831800428,0.0302515725574,0,0,0,0.5,0,0.0125350286605,-0.00269657882484,0,0,0,0.666666666667,0,-0.00646240583523,-0.0216940133206,1,0,0.2,0.4,0,0.0140761867612,-0.00115542072417,0,1
2026-06-18,2026-06,BOARD3_ONLY,A3_REDUCED_BASE_ONLY,8,YES,1,603186_2026-06-18,603186,2,603186_2026-06-18|002741_2026-06-18,603186|002741,3,603186_2026-06-18|002741_2026-06-18|600110_2026-06-18,603186|002741|600110,5,603186_2026-06-18|002741_2026-06-18|600110_2026-06-18|603002_2026-06-18|002080_2026-06-18,603186|002741|600110|603002|002080,0.125,0.25,0,0.0152316074854,0.571428571429,0,0,0,0.0454831800428,0.0302515725574,0,0,0,0.5,0,0.0125350286605,-0.00269657882484,0,0,0,0.666666666667,0,-0.00646240583523,-0.0216940133206,1,0,0.2,0.4,0,0.0140761867612,-0.00115542072417,0,1
2026-06-22,2026-06,ALL_CANDIDATES,A0_ORIGINAL_18F,7,YES,1,002491_2026-06-22,002491,2,002491_2026-06-22|001339_2026-06-22,002491|001339,3,002491_2026-06-22|001339_2026-06-22|002989_2026-06-22,002491|001339|002989,5,002491_2026-06-22|001339_2026-06-22|002989_2026-06-22|002141_2026-06-22|002579_2026-06-22,002491|001339|002989|002141|002579,0.571428571429,0.142857142857,0,0.0465409922629,0.333333333333,1,0,0,0.07,0.0234590077371,0,0.25,0.5,0,0,0.0663494218981,0.0198084296351,0,0.25,0.333333333333,0,0,0.0513726177223,0.00483162545939,0,0.25,0.4,0.2,0,0.0371573891681,-0.00938360309483,0,0.5
2026-06-22,2026-06,ALL_CANDIDATES,A1_REMOVE_D0_TIMING,7,YES,1,002491_2026-06-22,002491,2,002491_2026-06-22|001339_2026-06-22,002491|001339,3,002491_2026-06-22|001339_2026-06-22|002989_2026-06-22,002491|001339|002989,5,002491_2026-06-22|001339_2026-06-22|002989_2026-06-22|002141_2026-06-22|002579_2026-06-22,002491|001339|002989|002141|002579,0.571428571429,0.142857142857,0,0.0465409922629,0.333333333333,1,0,0,0.07,0.0234590077371,0,0.25,0.5,0,0,0.0663494218981,0.0198084296351,0,0.25,0.333333333333,0,0,0.0513726177223,0.00483162545939,0,0.25,0.4,0.2,0,0.0371573891681,-0.00938360309483,0,0.5
2026-06-22,2026-06,ALL_CANDIDATES,A2_REMOVE_D0_TIMING_AND_TOTAL_FAMILY,7,YES,1,002491_2026-06-22,002491,2,002491_2026-06-22|001339_2026-06-22,002491|001339,3,002491_2026-06-22|001339_2026-06-22|002989_2026-06-22,002491|001339|002989,5,002491_2026-06-22|001339_2026-06-22|002989_2026-06-22|002579_2026-06-22|002141_2026-06-22,002491|001339|002989|002579|002141,0.571428571429,0.142857142857,0,0.0465409922629,0.25,1,0,0,0.07,0.0234590077371,0,0.25,0.5,0,0,0.0663494218981,0.0198084296351,0,0.25,0.333333333333,0,0,0.0513726177223,0.00483162545939,0,0.25,0.4,0.2,0,0.0371573891681,-0.00938360309483,0,0.5
2026-06-22,2026-06,ALL_CANDIDATES,A3_REDUCED_BASE_ONLY,7,YES,1,001339_2026-06-22,001339,2,001339_2026-06-22|002491_2026-06-22,001339|002491,3,001339_2026-06-22|002491_2026-06-22|002989_2026-06-22,001339|002491|002989,5,001339_2026-06-22|002491_2026-06-22|002989_2026-06-22|603261_2026-06-22|002579_2026-06-22,001339|002491|002989|603261|002579,0.571428571429,0.142857142857,0,0.0465409922629,0.25,0,0,0,0.0626988437961,0.0161578515332,0,0,0.5,0,0,0.0663494218981,0.0198084296351,0,0.25,0.333333333333,0,0,0.0513726177223,0.00483162545939,0,0.25,0.4,0.2,0,0.0371573891681,-0.00938360309483,0,0.5
2026-06-22,2026-06,BOARD2_ONLY,A0_ORIGINAL_18F,5,YES,1,002491_2026-06-22,002491,2,002491_2026-06-22|001339_2026-06-22,002491|001339,3,002491_2026-06-22|001339_2026-06-22|002579_2026-06-22,002491|001339|002579,5,002491_2026-06-22|001339_2026-06-22|002579_2026-06-22|603261_2026-06-22|603324_2026-06-22,002491|001339|002579|603261|603324,0.6,0.2,0,0.0468735872939,0.333333333333,1,0,0,0.07,0.0231264127061,0,0.333333333333,0.5,0,0,0.0663494218981,0.0194758346041,0,0.333333333333,0.333333333333,0.333333333333,0,0.0314559788232,-0.0154176084707,0,0.333333333333,0.6,0.2,0,0.0468735872939,0,0,1
2026-06-22,2026-06,BOARD2_ONLY,A1_REMOVE_D0_TIMING,5,YES,1,002491_2026-06-22,002491,2,002491_2026-06-22|001339_2026-06-22,002491|001339,3,002491_2026-06-22|001339_2026-06-22|002579_2026-06-22,002491|001339|002579,5,002491_2026-06-22|001339_2026-06-22|002579_2026-06-22|603261_2026-06-22|603324_2026-06-22,002491|001339|002579|603261|603324,0.6,0.2,0,0.0468735872939,0.333333333333,1,0,0,0.07,0.0231264127061,0,0.333333333333,0.5,0,0,0.0663494218981,0.0194758346041,0,0.333333333333,0.333333333333,0.333333333333,0,0.0314559788232,-0.0154176084707,0,0.333333333333,0.6,0.2,0,0.0468735872939,0,0,1
2026-06-22,2026-06,BOARD2_ONLY,A2_REMOVE_D0_TIMING_AND_TOTAL_FAMILY,5,YES,1,002491_2026-06-22,002491,2,002491_2026-06-22|001339_2026-06-22,002491|001339,3,002491_2026-06-22|001339_2026-06-22|002579_2026-06-22,002491|001339|002579,5,002491_2026-06-22|001339_2026-06-22|002579_2026-06-22|603261_2026-06-22|603324_2026-06-22,002491|001339|002579|603261|603324,0.6,0.2,0,0.0468735872939,0.333333333333,1,0,0,0.07,0.0231264127061,0,0.333333333333,0.5,0,0,0.0663494218981,0.0194758346041,0,0.333333333333,0.333333333333,0.333333333333,0,0.0314559788232,-0.0154176084707,0,0.333333333333,0.6,0.2,0,0.0468735872939,0,0,1
2026-06-22,2026-06,BOARD2_ONLY,A3_REDUCED_BASE_ONLY,5,YES,1,001339_2026-06-22,001339,2,001339_2026-06-22|002491_2026-06-22,001339|002491,3,001339_2026-06-22|002491_2026-06-22|603261_2026-06-22,001339|002491|603261,5,001339_2026-06-22|002491_2026-06-22|603261_2026-06-22|002579_2026-06-22|603324_2026-06-22,001339|002491|603261|002579|603324,0.6,0.2,0,0.0468735872939,0.333333333333,0,0,0,0.0626988437961,0.0158252565022,0,0,0.5,0,0,0.0663494218981,0.0194758346041,0,0.333333333333,0.666666666667,0,0,0.0675662812654,0.0206926939714,0,0.666666666667,0.6,0.2,0,0.0468735872939,0,0,1
2026-06-22,2026-06,BOARD3_ONLY,A0_ORIGINAL_18F,2,YES,1,002989_2026-06-22,002989,2,002989_2026-06-22|002141_2026-06-22,002989|002141,2,002989_2026-06-22|002141_2026-06-22,002989|002141,2,002989_2026-06-22|002141_2026-06-22,002989|002141,0.5,0,0,0.0457095046854,0,0,0,0,0.0214190093708,-0.0242904953146,0,0,0.5,0,0,0.0457095046854,0,0,1,0.5,0,0,0.0457095046854,0,0,1,0.5,0,0,0.0457095046854,0,0,1
2026-06-22,2026-06,BOARD3_ONLY,A1_REMOVE_D0_TIMING,2,YES,1,002989_2026-06-22,002989,2,002989_2026-06-22|002141_2026-06-22,002989|002141,2,002989_2026-06-22|002141_2026-06-22,002989|002141,2,002989_2026-06-22|002141_2026-06-22,002989|002141,0.5,0,0,0.0457095046854,0,0,0,0,0.0214190093708,-0.0242904953146,0,0,0.5,0,0,0.0457095046854,0,0,1,0.5,0,0,0.0457095046854,0,0,1,0.5,0,0,0.0457095046854,0,0,1
2026-06-22,2026-06,BOARD3_ONLY,A2_REMOVE_D0_TIMING_AND_TOTAL_FAMILY,2,YES,1,002989_2026-06-22,002989,2,002989_2026-06-22|002141_2026-06-22,002989|002141,2,002989_2026-06-22|002141_2026-06-22,002989|002141,2,002989_2026-06-22|002141_2026-06-22,002989|002141,0.5,0,0,0.0457095046854,0,0,0,0,0.0214190093708,-0.0242904953146,0,0,0.5,0,0,0.0457095046854,0,0,1,0.5,0,0,0.0457095046854,0,0,1,0.5,0,0,0.0457095046854,0,0,1
2026-06-22,2026-06,BOARD3_ONLY,A3_REDUCED_BASE_ONLY,2,YES,1,002989_2026-06-22,002989,2,002989_2026-06-22|002141_2026-06-22,002989|002141,2,002989_2026-06-22|002141_2026-06-22,002989|002141,2,002989_2026-06-22|002141_2026-06-22,002989|002141,0.5,0,0,0.0457095046854,0,0,0,0,0.0214190093708,-0.0242904953146,0,0,0.5,0,0,0.0457095046854,0,0,1,0.5,0,0,0.0457095046854,0,0,1,0.5,0,0,0.0457095046854,0,0,1
2026-06-23,2026-06,ALL_CANDIDATES,A0_ORIGINAL_18F,14,YES,1,603663_2026-06-23,603663,2,603663_2026-06-23|600769_2026-06-23,603663|600769,3,603663_2026-06-23|600769_2026-06-23|002297_2026-06-23,603663|600769|002297,5,603663_2026-06-23|600769_2026-06-23|002297_2026-06-23|003031_2026-06-23|000811_2026-06-23,603663|600769|002297|003031|000811,0.5,0,0,0.0506855532343,0.448979591837,0,0,0,0.0294117647059,-0.0212737885284,0,0,0,0,0,0.0185836195792,-0.0321019336551,0,0,0.333333333333,0,0,0.0357224130528,-0.0149631401815,0,0.142857142857,0.4,0,0,0.0483366736382,-0.00234887959619,0,0.285714285714
2026-06-23,2026-06,ALL_CANDIDATES,A1_REMOVE_D0_TIMING,14,YES,1,603663_2026-06-23,603663,2,603663_2026-06-23|600769_2026-06-23,603663|600769,3,603663_2026-06-23|600769_2026-06-23|002297_2026-06-23,603663|600769|002297,5,603663_2026-06-23|600769_2026-06-23|002297_2026-06-23|003031_2026-06-23|000811_2026-06-23,603663|600769|002297|003031|000811,0.5,0,0,0.0506855532343,0.448979591837,0,0,0,0.0294117647059,-0.0212737885284,0,0,0,0,0,0.0185836195792,-0.0321019336551,0,0,0.333333333333,0,0,0.0357224130528,-0.0149631401815,0,0.142857142857,0.4,0,0,0.0483366736382,-0.00234887959619,0,0.285714285714
2026-06-23,2026-06,ALL_CANDIDATES,A2_REMOVE_D0_TIMING_AND_TOTAL_FAMILY,14,YES,1,002297_2026-06-23,002297,2,002297_2026-06-23|603663_2026-06-23,002297|603663,3,002297_2026-06-23|603663_2026-06-23|003031_2026-06-23,002297|603663|003031,5,002297_2026-06-23|603663_2026-06-23|003031_2026-06-23|600769_2026-06-23|000811_2026-06-23,002297|603663|003031|600769|000811,0.5,0,0,0.0506855532343,0.448979591837,1,0,0,0.07,0.0193144467657,0,0.142857142857,0.5,0,0,0.049705882353,-0.000979670881389,0,0.142857142857,0.333333333333,0,0,0.0546426312461,0.00395707801173,0,0.142857142857,0.4,0,0,0.0483366736382,-0.00234887959619,0,0.285714285714
2026-06-23,2026-06,ALL_CANDIDATES,A3_REDUCED_BASE_ONLY,14,YES,1,603663_2026-06-23,603663,2,603663_2026-06-23|003031_2026-06-23,603663|003031,3,603663_2026-06-23|003031_2026-06-23|000811_2026-06-23,603663|003031|000811,5,603663_2026-06-23|003031_2026-06-23|000811_2026-06-23|600769_2026-06-23|603082_2026-06-23,603663|003031|000811|600769|603082,0.5,0,0,0.0506855532343,0.387755102041,0,0,0,0.0294117647059,-0.0212737885284,0,0,0,0,0,0.0469639468691,-0.00372160636524,0,0,0.333333333333,0,0,0.0546426312461,0.00395707801173,0,0.142857142857,0.2,0,0,0.0385157781158,-0.0121697751186,0,0.142857142857
2026-06-23,2026-06,BOARD2_ONLY,A0_ORIGINAL_18F,13,YES,1,603663_2026-06-23,603663,2,603663_2026-06-23|600769_2026-06-23,603663|600769,3,603663_2026-06-23|600769_2026-06-23|002297_2026-06-23,603663|600769|002297,5,603663_2026-06-23|600769_2026-06-23|002297_2026-06-23|003031_2026-06-23|000657_2026-06-23,603663|600769|002297|003031|000657,0.461538461538,0,0,0.0491998265601,0.428571428571,0,0,0,0.0294117647059,-0.0197880618542,0,0,0,0,0,0.0185836195792,-0.0306162069808,0,0,0.333333333333,0,0,0.0357224130528,-0.0134774135072,0,0.166666666667,0.4,0,0,0.0483366736382,-0.000863152921908,0,0.333333333333
2026-06-23,2026-06,BOARD2_ONLY,A1_REMOVE_D0_TIMING,13,YES,1,603663_2026-06-23,603663,2,603663_2026-06-23|600769_2026-06-23,603663|600769,3,603663_2026-06-23|600769_2026-06-23|002297_2026-06-23,603663|600769|002297,5,603663_2026-06-23|600769_2026-06-23|002297_2026-06-23|003031_2026-06-23|000657_2026-06-23,603663|600769|002297|003031|000657,0.461538461538,0,0,0.0491998265601,0.428571428571,0,0,0,0.0294117647059,-0.0197880618542,0,0,0,0,0,0.0185836195792,-0.0306162069808,0,0,0.333333333333,0,0,0.0357224130528,-0.0134774135072,0,0.166666666667,0.4,0,0,0.0483366736382,-0.000863152921908,0,0.333333333333
2026-06-23,2026-06,BOARD2_ONLY,A2_REMOVE_D0_TIMING_AND_TOTAL_FAMILY,13,YES,1,002297_2026-06-23,002297,2,002297_2026-06-23|603663_2026-06-23,002297|603663,3,002297_2026-06-23|603663_2026-06-23|003031_2026-06-23,002297|603663|003031,5,002297_2026-06-23|603663_2026-06-23|003031_2026-06-23|600769_2026-06-23|603082_2026-06-23,002297|603663|003031|600769|603082,0.461538461538,0,0,0.0491998265601,0.428571428571,1,0,0,0.07,0.0208001734399,0,0.166666666667,0.5,0,0,0.049705882353,0.000506055792892,0,0.166666666667,0.333333333333,0,0,0.0546426312461,0.00544280468601,0,0.166666666667,0.2,0,0,0.0385157781158,-0.0106840484443,0,0.166666666667
2026-06-23,2026-06,BOARD2_ONLY,A3_REDUCED_BASE_ONLY,13,YES,1,603663_2026-06-23,603663,2,603663_2026-06-23|003031_2026-06-23,603663|003031,3,603663_2026-06-23|003031_2026-06-23|600769_2026-06-23,603663|003031|600769,5,603663_2026-06-23|003031_2026-06-23|600769_2026-06-23|603082_2026-06-23|000657_2026-06-23,603663|003031|600769|603082|000657,0.461538461538,0,0,0.0491998265601,0.333333333333,0,0,0,0.0294117647059,-0.0197880618542,0,0,0,0,0,0.0469639468691,-0.00223587969096,0,0,0,0,0,0.0338944560636,-0.0153053704965,0,0,0.2,0,0,0.0385157781158,-0.0106840484443,0,0.166666666667
2026-06-23,2026-06,BOARD3_ONLY,A0_ORIGINAL_18F,1,YES,1,000811_2026-06-23,000811,1,000811_2026-06-23,000811,1,000811_2026-06-23,000811,1,000811_2026-06-23,000811,1,0,0,0.07,,1,0,0,0.07,0,0,1,1,0,0,0.07,0,0,1,1,0,0,0.07,0,0,1,1,0,0,0.07,0,0,1
2026-06-23,2026-06,BOARD3_ONLY,A1_REMOVE_D0_TIMING,1,YES,1,000811_2026-06-23,000811,1,000811_2026-06-23,000811,1,000811_2026-06-23,000811,1,000811_2026-06-23,000811,1,0,0,0.07,,1,0,0,0.07,0,0,1,1,0,0,0.07,0,0,1,1,0,0,0.07,0,0,1,1,0,0,0.07,0,0,1
2026-06-23,2026-06,BOARD3_ONLY,A2_REMOVE_D0_TIMING_AND_TOTAL_FAMILY,1,YES,1,000811_2026-06-23,000811,1,000811_2026-06-23,000811,1,000811_2026-06-23,000811,1,000811_2026-06-23,000811,1,0,0,0.07,,1,0,0,0.07,0,0,1,1,0,0,0.07,0,0,1,1,0,0,0.07,0,0,1,1,0,0,0.07,0,0,1
2026-06-23,2026-06,BOARD3_ONLY,A3_REDUCED_BASE_ONLY,1,YES,1,000811_2026-06-23,000811,1,000811_2026-06-23,000811,1,000811_2026-06-23,000811,1,000811_2026-06-23,000811,1,0,0,0.07,,1,0,0,0.07,0,0,1,1,0,0,0.07,0,0,1,1,0,0,0.07,0,0,1,1,0,0,0.07,0,0,1
2026-06-24,2026-06,ALL_CANDIDATES,A0_ORIGINAL_18F,15,YES,1,603757_2026-06-24,603757,2,603757_2026-06-24|600851_2026-06-24,603757|600851,3,603757_2026-06-24|600851_2026-06-24|000070_2026-06-24,603757|600851|000070,5,603757_2026-06-24|600851_2026-06-24|000070_2026-06-24|600172_2026-06-24|601869_2026-06-24,603757|600851|000070|600172|601869,0.2,0.4,0,0.0219491613706,0.444444444444,0,0,0,0.0516980613227,0.0297488999521,0,0,0,0.5,0,0.00744107046235,-0.0145080909082,0,0,0,0.666666666667,0,-0.0025402733304,-0.024489434701,1,0,0,0.6,0,0.00441402966374,-0.0175351317068,0,0
2026-06-24,2026-06,ALL_CANDIDATES,A1_REMOVE_D0_TIMING,15,YES,1,603757_2026-06-24,603757,2,603757_2026-06-24|600851_2026-06-24,603757|600851,3,603757_2026-06-24|600851_2026-06-24|000070_2026-06-24,603757|600851|000070,5,603757_2026-06-24|600851_2026-06-24|000070_2026-06-24|600172_2026-06-24|601869_2026-06-24,603757|600851|000070|600172|601869,0.2,0.4,0,0.0219491613706,0.444444444444,0,0,0,0.0516980613227,0.0297488999521,0,0,0,0.5,0,0.00744107046235,-0.0145080909082,0,0,0,0.666666666667,0,-0.0025402733304,-0.024489434701,1,0,0,0.6,0,0.00441402966374,-0.0175351317068,0,0
2026-06-24,2026-06,ALL_CANDIDATES,A2_REMOVE_D0_TIMING_AND_TOTAL_FAMILY,15,YES,1,603757_2026-06-24,603757,2,603757_2026-06-24|600851_2026-06-24,603757|600851,3,603757_2026-06-24|600851_2026-06-24|000070_2026-06-24,603757|600851|000070,5,603757_2026-06-24|600851_2026-06-24|000070_2026-06-24|600172_2026-06-24|601869_2026-06-24,603757|600851|000070|600172|601869,0.2,0.4,0,0.0219491613706,0.333333333333,0,0,0,0.0516980613227,0.0297488999521,0,0,0,0.5,0,0.00744107046235,-0.0145080909082,0,0,0,0.666666666667,0,-0.0025402733304,-0.024489434701,1,0,0,0.6,0,0.00441402966374,-0.0175351317068,0,0
2026-06-24,2026-06,ALL_CANDIDATES,A3_REDUCED_BASE_ONLY,15,YES,1,603757_2026-06-24,603757,2,603757_2026-06-24|600851_2026-06-24,603757|600851,3,603757_2026-06-24|600851_2026-06-24|000070_2026-06-24,603757|600851|000070,5,603757_2026-06-24|600851_2026-06-24|000070_2026-06-24|601869_2026-06-24|600172_2026-06-24,603757|600851|000070|601869|600172,0.2,0.4,0,0.0219491613706,0.25,0,0,0,0.0516980613227,0.0297488999521,0,0,0,0.5,0,0.00744107046235,-0.0145080909082,0,0,0,0.666666666667,0,-0.0025402733304,-0.024489434701,1,0,0,0.6,0,0.00441402966374,-0.0175351317068,0,0
2026-06-24,2026-06,BOARD2_ONLY,A0_ORIGINAL_18F,13,YES,1,603757_2026-06-24,603757,2,603757_2026-06-24|000070_2026-06-24,603757|000070,3,603757_2026-06-24|000070_2026-06-24|600172_2026-06-24,603757|000070|600172,5,603757_2026-06-24|000070_2026-06-24|600172_2026-06-24|601869_2026-06-24|000783_2026-06-24,603757|000070|600172|601869|000783,0.230769230769,0.384615384615,0,0.0231799572692,0.5,0,0,0,0.0516980613227,0.0285181040535,0,0,0,0.5,0,0.0145975502034,-0.00858240706576,0,0,0,0.333333333333,0,0.0285473071865,0.00536734991734,0,0,0.2,0.4,0,0.0257772137433,0.00259725647418,0,0.333333333333
2026-06-24,2026-06,BOARD2_ONLY,A1_REMOVE_D0_TIMING,13,YES,1,603757_2026-06-24,603757,2,603757_2026-06-24|000070_2026-06-24,603757|000070,3,603757_2026-06-24|000070_2026-06-24|600172_2026-06-24,603757|000070|600172,5,603757_2026-06-24|000070_2026-06-24|600172_2026-06-24|601869_2026-06-24|000783_2026-06-24,603757|000070|600172|601869|000783,0.230769230769,0.384615384615,0,0.0231799572692,0.5,0,0,0,0.0516980613227,0.0285181040535,0,0,0,0.5,0,0.0145975502034,-0.00858240706576,0,0,0,0.333333333333,0,0.0285473071865,0.00536734991734,0,0,0.2,0.4,0,0.0257772137433,0.00259725647418,0,0.333333333333
2026-06-24,2026-06,BOARD2_ONLY,A2_REMOVE_D0_TIMING_AND_TOTAL_FAMILY,13,YES,1,603757_2026-06-24,603757,2,603757_2026-06-24|000070_2026-06-24,603757|000070,3,603757_2026-06-24|000070_2026-06-24|600172_2026-06-24,603757|000070|600172,5,603757_2026-06-24|000070_2026-06-24|600172_2026-06-24|601869_2026-06-24|000783_2026-06-24,603757|000070|600172|601869|000783,0.230769230769,0.384615384615,0,0.0231799572692,0.4,0,0,0,0.0516980613227,0.0285181040535,0,0,0,0.5,0,0.0145975502034,-0.00858240706576,0,0,0,0.333333333333,0,0.0285473071865,0.00536734991734,0,0,0.2,0.4,0,0.0257772137433,0.00259725647418,0,0.333333333333
2026-06-24,2026-06,BOARD2_ONLY,A3_REDUCED_BASE_ONLY,13,YES,1,603757_2026-06-24,603757,2,603757_2026-06-24|000070_2026-06-24,603757|000070,3,603757_2026-06-24|000070_2026-06-24|601869_2026-06-24,603757|000070|601869,5,603757_2026-06-24|000070_2026-06-24|601869_2026-06-24|600172_2026-06-24|605580_2026-06-24,603757|000070|601869|600172|605580,0.230769230769,0.384615384615,0,0.0231799572692,0.3,0,0,0,0.0516980613227,0.0285181040535,0,0,0,0.5,0,0.0145975502034,-0.00858240706576,0,0,0,0.666666666667,0,0.000813082521333,-0.0223668747478,0,0,0,0.6,0,0.0105691600521,-0.0126107972171,0,0
2026-06-24,2026-06,BOARD3_ONLY,A0_ORIGINAL_18F,2,YES,1,600851_2026-06-24,600851,2,600851_2026-06-24|002068_2026-06-24,600851|002068,2,600851_2026-06-24|002068_2026-06-24,600851|002068,2,600851_2026-06-24|002068_2026-06-24,600851|002068,0,0.5,0,0.0139489880299,,0,1,0,-0.036815920398,-0.0507649084279,1,,0,0.5,0,0.0139489880299,0,0,,0,0.5,0,0.0139489880299,0,0,,0,0.5,0,0.0139489880299,0,0,
2026-06-24,2026-06,BOARD3_ONLY,A1_REMOVE_D0_TIMING,2,YES,1,600851_2026-06-24,600851,2,600851_2026-06-24|002068_2026-06-24,600851|002068,2,600851_2026-06-24|002068_2026-06-24,600851|002068,2,600851_2026-06-24|002068_2026-06-24,600851|002068,0,0.5,0,0.0139489880299,,0,1,0,-0.036815920398,-0.0507649084279,1,,0,0.5,0,0.0139489880299,0,0,,0,0.5,0,0.0139489880299,0,0,,0,0.5,0,0.0139489880299,0,0,
2026-06-24,2026-06,BOARD3_ONLY,A2_REMOVE_D0_TIMING_AND_TOTAL_FAMILY,2,YES,1,600851_2026-06-24,600851,2,600851_2026-06-24|002068_2026-06-24,600851|002068,2,600851_2026-06-24|002068_2026-06-24,600851|002068,2,600851_2026-06-24|002068_2026-06-24,600851|002068,0,0.5,0,0.0139489880299,,0,1,0,-0.036815920398,-0.0507649084279,1,,0,0.5,0,0.0139489880299,0,0,,0,0.5,0,0.0139489880299,0,0,,0,0.5,0,0.0139489880299,0,0,
2026-06-24,2026-06,BOARD3_ONLY,A3_REDUCED_BASE_ONLY,2,YES,1,600851_2026-06-24,600851,2,600851_2026-06-24|002068_2026-06-24,600851|002068,2,600851_2026-06-24|002068_2026-06-24,600851|002068,2,600851_2026-06-24|002068_2026-06-24,600851|002068,0,0.5,0,0.0139489880299,,0,1,0,-0.036815920398,-0.0507649084279,1,,0,0.5,0,0.0139489880299,0,0,,0,0.5,0,0.0139489880299,0,0,,0,0.5,0,0.0139489880299,0,0,
2026-06-25,2026-06,ALL_CANDIDATES,A0_ORIGINAL_18F,9,YES,1,605069_2026-06-25,605069,2,605069_2026-06-25|600909_2026-06-25,605069|600909,3,605069_2026-06-25|600909_2026-06-25|600379_2026-06-25,605069|600909|600379,5,605069_2026-06-25|600909_2026-06-25|600379_2026-06-25|002631_2026-06-25|603938_2026-06-25,605069|600909|600379|002631|603938,0.444444444444,0.333333333333,0.111111111111,0.0244977531928,0.65,1,0,0,0.07,0.0455022468072,0,0.25,1,0,0,0.07,0.0455022468072,0,0.5,0.666666666667,0.333333333333,0,0.0428939192188,0.018396166026,0,0.5,0.6,0.2,0,0.0474131192081,0.0229153660152,0,0.75
2026-06-25,2026-06,ALL_CANDIDATES,A1_REMOVE_D0_TIMING,9,YES,1,605069_2026-06-25,605069,2,605069_2026-06-25|600909_2026-06-25,605069|600909,3,605069_2026-06-25|600909_2026-06-25|600379_2026-06-25,605069|600909|600379,5,605069_2026-06-25|600909_2026-06-25|600379_2026-06-25|002631_2026-06-25|603938_2026-06-25,605069|600909|600379|002631|603938,0.444444444444,0.333333333333,0.111111111111,0.0244977531928,0.65,1,0,0,0.07,0.0455022468072,0,0.25,1,0,0,0.07,0.0455022468072,0,0.5,0.666666666667,0.333333333333,0,0.0428939192188,0.018396166026,0,0.5,0.6,0.2,0,0.0474131192081,0.0229153660152,0,0.75
2026-06-25,2026-06,ALL_CANDIDATES,A2_REMOVE_D0_TIMING_AND_TOTAL_FAMILY,9,YES,1,600909_2026-06-25,600909,2,600909_2026-06-25|605069_2026-06-25,600909|605069,3,600909_2026-06-25|605069_2026-06-25|600379_2026-06-25,600909|605069|600379,5,600909_2026-06-25|605069_2026-06-25|600379_2026-06-25|002580_2026-06-25|603938_2026-06-25,600909|605069|600379|002580|603938,0.444444444444,0.333333333333,0.111111111111,0.0244977531928,0.65,1,0,0,0.07,0.0455022468072,0,0.25,1,0,0,0.07,0.0455022468072,0,0.5,0.666666666667,0.333333333333,0,0.0428939192188,0.018396166026,0,0.5,0.6,0.4,0.2,0.0151974581873,-0.00930029500552,0,0.75
2026-06-25,2026-06,ALL_CANDIDATES,A3_REDUCED_BASE_ONLY,9,YES,1,600909_2026-06-25,600909,2,600909_2026-06-25|600379_2026-06-25,600909|600379,3,600909_2026-06-25|600379_2026-06-25|605069_2026-06-25,600909|600379|605069,5,600909_2026-06-25|600379_2026-06-25|605069_2026-06-25|002580_2026-06-25|603938_2026-06-25,600909|600379|605069|002580|603938,0.444444444444,0.333333333333,0.111111111111,0.0244977531928,0.6,1,0,0,0.07,0.0455022468072,0,0.25,0.5,0.5,0,0.0293408788283,0.00484312563543,0,0.25,0.666666666667,0.333333333333,0,0.0428939192188,0.018396166026,0,0.5,0.6,0.4,0.2,0.0151974581873,-0.00930029500552,0,0.75
2026-06-25,2026-06,BOARD2_ONLY,A0_ORIGINAL_18F,7,YES,1,600909_2026-06-25,600909,2,600909_2026-06-25|600379_2026-06-25,600909|600379,3,600909_2026-06-25|600379_2026-06-25|002631_2026-06-25,600909|600379|002631,5,600909_2026-06-25|600379_2026-06-25|002631_2026-06-25|002580_2026-06-25|002584_2026-06-25,600909|600379|002631|002580|002584,0.285714285714,0.428571428571,0.142857142857,0.0114971112479,0.5,1,0,0,0.07,0.0585028887521,0,0.5,0.5,0.5,0,0.0293408788283,0.0178437675803,0,0.5,0.333333333333,0.333333333333,0,0.0323551986801,0.0208580874322,0,0.5,0.2,0.4,0.2,0.00253551618664,-0.00896159506127,0,0.5
2026-06-25,2026-06,BOARD2_ONLY,A1_REMOVE_D0_TIMING,7,YES,1,600909_2026-06-25,600909,2,600909_2026-06-25|600379_2026-06-25,600909|600379,3,600909_2026-06-25|600379_2026-06-25|002631_2026-06-25,600909|600379|002631,5,600909_2026-06-25|600379_2026-06-25|002631_2026-06-25|002580_2026-06-25|002584_2026-06-25,600909|600379|002631|002580|002584,0.285714285714,0.428571428571,0.142857142857,0.0114971112479,0.5,1,0,0,0.07,0.0585028887521,0,0.5,0.5,0.5,0,0.0293408788283,0.0178437675803,0,0.5,0.333333333333,0.333333333333,0,0.0323551986801,0.0208580874322,0,0.5,0.2,0.4,0.2,0.00253551618664,-0.00896159506127,0,0.5
2026-06-25,2026-06,BOARD2_ONLY,A2_REMOVE_D0_TIMING_AND_TOTAL_FAMILY,7,YES,1,600909_2026-06-25,600909,2,600909_2026-06-25|600379_2026-06-25,600909|600379,3,600909_2026-06-25|600379_2026-06-25|002580_2026-06-25,600909|600379|002580,5,600909_2026-06-25|600379_2026-06-25|002580_2026-06-25|002631_2026-06-25|000566_2026-06-25,600909|600379|002580|002631|000566,0.285714285714,0.428571428571,0.142857142857,0.0114971112479,0.5,1,0,0,0.07,0.0585028887521,0,0.5,0.5,0.5,0,0.0293408788283,0.0178437675803,0,0.5,0.333333333333,0.666666666667,0.333333333333,-0.0213375696878,-0.0328346809357,1,0.5,0.2,0.6,0.2,-0.0055653345755,-0.0170624458234,1,0.5
2026-06-25,2026-06,BOARD2_ONLY,A3_REDUCED_BASE_ONLY,7,YES,1,600909_2026-06-25,600909,2,600909_2026-06-25|600379_2026-06-25,600909|600379,3,600909_2026-06-25|600379_2026-06-25|002580_2026-06-25,600909|600379|002580,5,600909_2026-06-25|600379_2026-06-25|002580_2026-06-25|002631_2026-06-25|000566_2026-06-25,600909|600379|002580|002631|000566,0.285714285714,0.428571428571,0.142857142857,0.0114971112479,0.5,1,0,0,0.07,0.0585028887521,0,0.5,0.5,0.5,0,0.0293408788283,0.0178437675803,0,0.5,0.333333333333,0.666666666667,0.333333333333,-0.0213375696878,-0.0328346809357,1,0.5,0.2,0.6,0.2,-0.0055653345755,-0.0170624458234,1,0.5
2026-06-25,2026-06,BOARD3_ONLY,A0_ORIGINAL_18F,2,YES,1,605069_2026-06-25,605069,2,605069_2026-06-25|603938_2026-06-25,605069|603938,2,605069_2026-06-25|603938_2026-06-25,605069|603938,2,605069_2026-06-25|603938_2026-06-25,605069|603938,1,0,0,0.07,,1,0,0,0.07,0,0,0.5,1,0,0,0.07,0,0,1,1,0,0,0.07,0,0,1,1,0,0,0.07,0,0,1
2026-06-25,2026-06,BOARD3_ONLY,A1_REMOVE_D0_TIMING,2,YES,1,605069_2026-06-25,605069,2,605069_2026-06-25|603938_2026-06-25,605069|603938,2,605069_2026-06-25|603938_2026-06-25,605069|603938,2,605069_2026-06-25|603938_2026-06-25,605069|603938,1,0,0,0.07,,1,0,0,0.07,0,0,0.5,1,0,0,0.07,0,0,1,1,0,0,0.07,0,0,1,1,0,0,0.07,0,0,1
2026-06-25,2026-06,BOARD3_ONLY,A2_REMOVE_D0_TIMING_AND_TOTAL_FAMILY,2,YES,1,605069_2026-06-25,605069,2,605069_2026-06-25|603938_2026-06-25,605069|603938,2,605069_2026-06-25|603938_2026-06-25,605069|603938,2,605069_2026-06-25|603938_2026-06-25,605069|603938,1,0,0,0.07,,1,0,0,0.07,0,0,0.5,1,0,0,0.07,0,0,1,1,0,0,0.07,0,0,1,1,0,0,0.07,0,0,1
2026-06-25,2026-06,BOARD3_ONLY,A3_REDUCED_BASE_ONLY,2,YES,1,605069_2026-06-25,605069,2,605069_2026-06-25|603938_2026-06-25,605069|603938,2,605069_2026-06-25|603938_2026-06-25,605069|603938,2,605069_2026-06-25|603938_2026-06-25,605069|603938,1,0,0,0.07,,1,0,0,0.07,0,0,0.5,1,0,0,0.07,0,0,1,1,0,0,0.07,0,0,1,1,0,0,0.07,0,0,1
2026-06-26,2026-06,ALL_CANDIDATES,A0_ORIGINAL_18F,12,YES,1,603989_2026-06-26,603989,2,603989_2026-06-26|002990_2026-06-26,603989|002990,3,603989_2026-06-26|002990_2026-06-26|600667_2026-06-26,603989|002990|600667,5,603989_2026-06-26|002990_2026-06-26|600667_2026-06-26|002080_2026-06-26|600141_2026-06-26,603989|002990|600667|002080|600141,0.25,0.416666666667,0.0833333333333,0.0160137516633,0.407407407407,0,1,0,-0.0419642857143,-0.0579780373776,1,0,0.5,0.5,0,0.0140178571429,-0.00199589452042,0,0.333333333333,0.333333333333,0.333333333333,0,0.0316153530378,0.0156016013745,0,0.333333333333,0.2,0.6,0.2,-0.00037118004786,-0.0163849317111,1,0.333333333333
2026-06-26,2026-06,ALL_CANDIDATES,A1_REMOVE_D0_TIMING,12,YES,1,603989_2026-06-26,603989,2,603989_2026-06-26|002990_2026-06-26,603989|002990,3,603989_2026-06-26|002990_2026-06-26|600667_2026-06-26,603989|002990|600667,5,603989_2026-06-26|002990_2026-06-26|600667_2026-06-26|002080_2026-06-26|603713_2026-06-26,603989|002990|600667|002080|603713,0.25,0.416666666667,0.0833333333333,0.0160137516633,0.37037037037,0,1,0,-0.0419642857143,-0.0579780373776,1,0,0.5,0.5,0,0.0140178571429,-0.00199589452042,0,0.333333333333,0.333333333333,0.333333333333,0,0.0316153530378,0.0156016013745,0,0.333333333333,0.2,0.6,0.2,0.00258798083492,-0.0134257708283,0,0.333333333333
2026-06-26,2026-06,ALL_CANDIDATES,A2_REMOVE_D0_TIMING_AND_TOTAL_FAMILY,12,YES,1,603989_2026-06-26,603989,2,603989_2026-06-26|002990_2026-06-26,603989|002990,3,603989_2026-06-26|002990_2026-06-26|600667_2026-06-26,603989|002990|600667,5,603989_2026-06-26|002990_2026-06-26|600667_2026-06-26|600141_2026-06-26|002080_2026-06-26,603989|002990|600667|600141|002080,0.25,0.416666666667,0.0833333333333,0.0160137516633,0.37037037037,0,1,0,-0.0419642857143,-0.0579780373776,1,0,0.5,0.5,0,0.0140178571429,-0.00199589452042,0,0.333333333333,0.333333333333,0.333333333333,0,0.0316153530378,0.0156016013745,0,0.333333333333,0.2,0.6,0.2,-0.00037118004786,-0.0163849317111,1,0.333333333333
2026-06-26,2026-06,ALL_CANDIDATES,A3_REDUCED_BASE_ONLY,12,YES,1,603989_2026-06-26,603989,2,603989_2026-06-26|002990_2026-06-26,603989|002990,3,603989_2026-06-26|002990_2026-06-26|603678_2026-06-26,603989|002990|603678,5,603989_2026-06-26|002990_2026-06-26|603678_2026-06-26|600141_2026-06-26|603929_2026-06-26,603989|002990|603678|600141|603929,0.25,0.416666666667,0.0833333333333,0.0160137516633,0.37037037037,0,1,0,-0.0419642857143,-0.0579780373776,1,0,0.5,0.5,0,0.0140178571429,-0.00199589452042,0,0.333333333333,0.333333333333,0.333333333333,0,0.0232119702096,0.00719821854633,0,0.333333333333,0.2,0.4,0,0.0146275537331,-0.00138619793013,0,0.333333333333
2026-06-26,2026-06,BOARD2_ONLY,A0_ORIGINAL_18F,12,YES,1,603989_2026-06-26,603989,2,603989_2026-06-26|002990_2026-06-26,603989|002990,3,603989_2026-06-26|002990_2026-06-26|600667_2026-06-26,603989|002990|600667,5,603989_2026-06-26|002990_2026-06-26|600667_2026-06-26|002080_2026-06-26|600141_2026-06-26,603989|002990|600667|002080|600141,0.25,0.416666666667,0.0833333333333,0.0160137516633,0.407407407407,0,1,0,-0.0419642857143,-0.0579780373776,1,0,0.5,0.5,0,0.0140178571429,-0.00199589452042,0,0.333333333333,0.333333333333,0.333333333333,0,0.0316153530378,0.0156016013745,0,0.333333333333,0.2,0.6,0.2,-0.00037118004786,-0.0163849317111,1,0.333333333333
2026-06-26,2026-06,BOARD2_ONLY,A1_REMOVE_D0_TIMING,12,YES,1,603989_2026-06-26,603989,2,603989_2026-06-26|002990_2026-06-26,603989|002990,3,603989_2026-06-26|002990_2026-06-26|600667_2026-06-26,603989|002990|600667,5,603989_2026-06-26|002990_2026-06-26|600667_2026-06-26|002080_2026-06-26|603713_2026-06-26,603989|002990|600667|002080|603713,0.25,0.416666666667,0.0833333333333,0.0160137516633,0.37037037037,0,1,0,-0.0419642857143,-0.0579780373776,1,0,0.5,0.5,0,0.0140178571429,-0.00199589452042,0,0.333333333333,0.333333333333,0.333333333333,0,0.0316153530378,0.0156016013745,0,0.333333333333,0.2,0.6,0.2,0.00258798083492,-0.0134257708283,0,0.333333333333
2026-06-26,2026-06,BOARD2_ONLY,A2_REMOVE_D0_TIMING_AND_TOTAL_FAMILY,12,YES,1,603989_2026-06-26,603989,2,603989_2026-06-26|002990_2026-06-26,603989|002990,3,603989_2026-06-26|002990_2026-06-26|600667_2026-06-26,603989|002990|600667,5,603989_2026-06-26|002990_2026-06-26|600667_2026-06-26|600141_2026-06-26|002080_2026-06-26,603989|002990|600667|600141|002080,0.25,0.416666666667,0.0833333333333,0.0160137516633,0.37037037037,0,1,0,-0.0419642857143,-0.0579780373776,1,0,0.5,0.5,0,0.0140178571429,-0.00199589452042,0,0.333333333333,0.333333333333,0.333333333333,0,0.0316153530378,0.0156016013745,0,0.333333333333,0.2,0.6,0.2,-0.00037118004786,-0.0163849317111,1,0.333333333333
2026-06-26,2026-06,BOARD2_ONLY,A3_REDUCED_BASE_ONLY,12,YES,1,603989_2026-06-26,603989,2,603989_2026-06-26|002990_2026-06-26,603989|002990,3,603989_2026-06-26|002990_2026-06-26|603678_2026-06-26,603989|002990|603678,5,603989_2026-06-26|002990_2026-06-26|603678_2026-06-26|600141_2026-06-26|603929_2026-06-26,603989|002990|603678|600141|603929,0.25,0.416666666667,0.0833333333333,0.0160137516633,0.37037037037,0,1,0,-0.0419642857143,-0.0579780373776,1,0,0.5,0.5,0,0.0140178571429,-0.00199589452042,0,0.333333333333,0.333333333333,0.333333333333,0,0.0232119702096,0.00719821854633,0,0.333333333333,0.2,0.4,0,0.0146275537331,-0.00138619793013,0,0.333333333333
2026-06-29,2026-06,ALL_CANDIDATES,A0_ORIGINAL_18F,5,YES,1,600228_2026-06-29,600228,2,600228_2026-06-29|002141_2026-06-29,600228|002141,3,600228_2026-06-29|002141_2026-06-29|000823_2026-06-29,600228|002141|000823,5,600228_2026-06-29|002141_2026-06-29|000823_2026-06-29|002965_2026-06-29|600962_2026-06-29,600228|002141|000823|002965|600962,0.6,0.2,0.2,0.0300581148122,0,0,1,1,-0.0793172690763,-0.109375383889,1,0,0,0.5,0.5,-0.0298547129695,-0.0599128277817,1,0,0.333333333333,0.333333333333,0.333333333333,0.00343019135367,-0.0266279234585,0,0.333333333333,0.6,0.2,0.2,0.0300581148122,0,0,1
2026-06-29,2026-06,ALL_CANDIDATES,A1_REMOVE_D0_TIMING,5,YES,1,600228_2026-06-29,600228,2,600228_2026-06-29|002141_2026-06-29,600228|002141,3,600228_2026-06-29|002141_2026-06-29|000823_2026-06-29,600228|002141|000823,5,600228_2026-06-29|002141_2026-06-29|000823_2026-06-29|002965_2026-06-29|600962_2026-06-29,600228|002141|000823|002965|600962,0.6,0.2,0.2,0.0300581148122,0,0,1,1,-0.0793172690763,-0.109375383889,1,0,0,0.5,0.5,-0.0298547129695,-0.0599128277817,1,0,0.333333333333,0.333333333333,0.333333333333,0.00343019135367,-0.0266279234585,0,0.333333333333,0.6,0.2,0.2,0.0300581148122,0,0,1
2026-06-29,2026-06,ALL_CANDIDATES,A2_REMOVE_D0_TIMING_AND_TOTAL_FAMILY,5,YES,1,600228_2026-06-29,600228,2,600228_2026-06-29|002141_2026-06-29,600228|002141,3,600228_2026-06-29|002141_2026-06-29|000823_2026-06-29,600228|002141|000823,5,600228_2026-06-29|002141_2026-06-29|000823_2026-06-29|600962_2026-06-29|002965_2026-06-29,600228|002141|000823|600962|002965,0.6,0.2,0.2,0.0300581148122,0,0,1,1,-0.0793172690763,-0.109375383889,1,0,0,0.5,0.5,-0.0298547129695,-0.0599128277817,1,0,0.333333333333,0.333333333333,0.333333333333,0.00343019135367,-0.0266279234585,0,0.333333333333,0.6,0.2,0.2,0.0300581148122,0,0,1
2026-06-29,2026-06,ALL_CANDIDATES,A3_REDUCED_BASE_ONLY,5,YES,1,600228_2026-06-29,600228,2,600228_2026-06-29|000823_2026-06-29,600228|000823,3,600228_2026-06-29|000823_2026-06-29|002141_2026-06-29,600228|000823|002141,5,600228_2026-06-29|000823_2026-06-29|002141_2026-06-29|600962_2026-06-29|002965_2026-06-29,600228|000823|002141|600962|002965,0.6,0.2,0.2,0.0300581148122,0.166666666667,0,1,1,-0.0793172690763,-0.109375383889,1,0,0.5,0.5,0.5,-0.00465863453815,-0.0347167493504,1,0.333333333333,0.333333333333,0.333333333333,0.333333333333,0.00343019135367,-0.0266279234585,0,0.333333333333,0.6,0.2,0.2,0.0300581148122,0,0,1
2026-06-29,2026-06,BOARD2_ONLY,A0_ORIGINAL_18F,3,YES,1,002141_2026-06-29,002141,2,002141_2026-06-29|002965_2026-06-29,002141|002965,3,002141_2026-06-29|002965_2026-06-29|600962_2026-06-29,002141|002965|600962,3,002141_2026-06-29|002965_2026-06-29|600962_2026-06-29,002141|002965|600962,0.666666666667,0,0,0.0532026143791,0,0,0,0,0.0196078431373,-0.0335947712418,0,0,0.5,0,0,0.0448039215687,-0.00839869281045,0,0.5,0.666666666667,0,0,0.0532026143791,0,0,1,0.666666666667,0,0,0.0532026143791,0,0,1
2026-06-29,2026-06,BOARD2_ONLY,A1_REMOVE_D0_TIMING,3,YES,1,002141_2026-06-29,002141,2,002141_2026-06-29|002965_2026-06-29,002141|002965,3,002141_2026-06-29|002965_2026-06-29|600962_2026-06-29,002141|002965|600962,3,002141_2026-06-29|002965_2026-06-29|600962_2026-06-29,002141|002965|600962,0.666666666667,0,0,0.0532026143791,0,0,0,0,0.0196078431373,-0.0335947712418,0,0,0.5,0,0,0.0448039215687,-0.00839869281045,0,0.5,0.666666666667,0,0,0.0532026143791,0,0,1,0.666666666667,0,0,0.0532026143791,0,0,1
2026-06-29,2026-06,BOARD2_ONLY,A2_REMOVE_D0_TIMING_AND_TOTAL_FAMILY,3,YES,1,002141_2026-06-29,002141,2,002141_2026-06-29|600962_2026-06-29,002141|600962,3,002141_2026-06-29|600962_2026-06-29|002965_2026-06-29,002141|600962|002965,3,002141_2026-06-29|600962_2026-06-29|002965_2026-06-29,002141|600962|002965,0.666666666667,0,0,0.0532026143791,0,0,0,0,0.0196078431373,-0.0335947712418,0,0,0.5,0,0,0.0448039215687,-0.00839869281045,0,0.5,0.666666666667,0,0,0.0532026143791,0,0,1,0.666666666667,0,0,0.0532026143791,0,0,1
2026-06-29,2026-06,BOARD2_ONLY,A3_REDUCED_BASE_ONLY,3,YES,1,002141_2026-06-29,002141,2,002141_2026-06-29|600962_2026-06-29,002141|600962,3,002141_2026-06-29|600962_2026-06-29|002965_2026-06-29,002141|600962|002965,3,002141_2026-06-29|600962_2026-06-29|002965_2026-06-29,002141|600962|002965,0.666666666667,0,0,0.0532026143791,0,0,0,0,0.0196078431373,-0.0335947712418,0,0,0.5,0,0,0.0448039215687,-0.00839869281045,0,0.5,0.666666666667,0,0,0.0532026143791,0,0,1,0.666666666667,0,0,0.0532026143791,0,0,1
2026-06-29,2026-06,BOARD3_ONLY,A0_ORIGINAL_18F,2,YES,1,600228_2026-06-29,600228,2,600228_2026-06-29|000823_2026-06-29,600228|000823,2,600228_2026-06-29|000823_2026-06-29,600228|000823,2,600228_2026-06-29|000823_2026-06-29,600228|000823,0.5,0.5,0.5,-0.00465863453815,0,0,1,1,-0.0793172690763,-0.0746586345381,1,0,0.5,0.5,0.5,-0.00465863453815,0,1,1,0.5,0.5,0.5,-0.00465863453815,0,1,1,0.5,0.5,0.5,-0.00465863453815,0,1,1
2026-06-29,2026-06,BOARD3_ONLY,A1_REMOVE_D0_TIMING,2,YES,1,600228_2026-06-29,600228,2,600228_2026-06-29|000823_2026-06-29,600228|000823,2,600228_2026-06-29|000823_2026-06-29,600228|000823,2,600228_2026-06-29|000823_2026-06-29,600228|000823,0.5,0.5,0.5,-0.00465863453815,0,0,1,1,-0.0793172690763,-0.0746586345381,1,0,0.5,0.5,0.5,-0.00465863453815,0,1,1,0.5,0.5,0.5,-0.00465863453815,0,1,1,0.5,0.5,0.5,-0.00465863453815,0,1,1
2026-06-29,2026-06,BOARD3_ONLY,A2_REMOVE_D0_TIMING_AND_TOTAL_FAMILY,2,YES,1,600228_2026-06-29,600228,2,600228_2026-06-29|000823_2026-06-29,600228|000823,2,600228_2026-06-29|000823_2026-06-29,600228|000823,2,600228_2026-06-29|000823_2026-06-29,600228|000823,0.5,0.5,0.5,-0.00465863453815,0,0,1,1,-0.0793172690763,-0.0746586345381,1,0,0.5,0.5,0.5,-0.00465863453815,0,1,1,0.5,0.5,0.5,-0.00465863453815,0,1,1,0.5,0.5,0.5,-0.00465863453815,0,1,1
2026-06-29,2026-06,BOARD3_ONLY,A3_REDUCED_BASE_ONLY,2,YES,1,600228_2026-06-29,600228,2,600228_2026-06-29|000823_2026-06-29,600228|000823,2,600228_2026-06-29|000823_2026-06-29,600228|000823,2,600228_2026-06-29|000823_2026-06-29,600228|000823,0.5,0.5,0.5,-0.00465863453815,0,0,1,1,-0.0793172690763,-0.0746586345381,1,0,0.5,0.5,0.5,-0.00465863453815,0,1,1,0.5,0.5,0.5,-0.00465863453815,0,1,1,0.5,0.5,0.5,-0.00465863453815,0,1,1
2026-06-30,2026-06,ALL_CANDIDATES,A0_ORIGINAL_18F,7,YES,1,601133_2026-06-30,601133,2,601133_2026-06-30|603650_2026-06-30,601133|603650,3,601133_2026-06-30|603650_2026-06-30|603956_2026-06-30,601133|603650|603956,5,601133_2026-06-30|603650_2026-06-30|603956_2026-06-30|603163_2026-06-30|603155_2026-06-30,601133|603650|603956|603163|603155,0.142857142857,0.285714285714,0.142857142857,0.0182847477676,0.333333333333,0,1,1,-0.0627906976744,-0.081075445442,1,0,0,0.5,0.5,-0.00767499927415,-0.0259597470417,1,0,0,0.333333333333,0.333333333333,0.00806290548117,-0.0102218422864,0,0,0.2,0.4,0.2,0.0130945000455,-0.00519024772211,0,1
2026-06-30,2026-06,ALL_CANDIDATES,A1_REMOVE_D0_TIMING,7,YES,1,601133_2026-06-30,601133,2,601133_2026-06-30|603650_2026-06-30,601133|603650,3,601133_2026-06-30|603650_2026-06-30|603956_2026-06-30,601133|603650|603956,5,601133_2026-06-30|603650_2026-06-30|603956_2026-06-30|603163_2026-06-30|603155_2026-06-30,601133|603650|603956|603163|603155,0.142857142857,0.285714285714,0.142857142857,0.0182847477676,0.333333333333,0,1,1,-0.0627906976744,-0.081075445442,1,0,0,0.5,0.5,-0.00767499927415,-0.0259597470417,1,0,0,0.333333333333,0.333333333333,0.00806290548117,-0.0102218422864,0,0,0.2,0.4,0.2,0.0130945000455,-0.00519024772211,0,1
2026-06-30,2026-06,ALL_CANDIDATES,A2_REMOVE_D0_TIMING_AND_TOTAL_FAMILY,7,YES,1,601133_2026-06-30,601133,2,601133_2026-06-30|603650_2026-06-30,601133|603650,3,601133_2026-06-30|603650_2026-06-30|603956_2026-06-30,601133|603650|603956,5,601133_2026-06-30|603650_2026-06-30|603956_2026-06-30|603163_2026-06-30|603155_2026-06-30,601133|603650|603956|603163|603155,0.142857142857,0.285714285714,0.142857142857,0.0182847477676,0.333333333333,0,1,1,-0.0627906976744,-0.081075445442,1,0,0,0.5,0.5,-0.00767499927415,-0.0259597470417,1,0,0,0.333333333333,0.333333333333,0.00806290548117,-0.0102218422864,0,0,0.2,0.4,0.2,0.0130945000455,-0.00519024772211,0,1
2026-06-30,2026-06,ALL_CANDIDATES,A3_REDUCED_BASE_ONLY,7,YES,1,601133_2026-06-30,601133,2,601133_2026-06-30|603650_2026-06-30,601133|603650,3,601133_2026-06-30|603650_2026-06-30|603163_2026-06-30,601133|603650|603163,5,601133_2026-06-30|603650_2026-06-30|603163_2026-06-30|603155_2026-06-30|603956_2026-06-30,601133|603650|603163|603155|603956,0.142857142857,0.285714285714,0.142857142857,0.0182847477676,0.5,0,1,1,-0.0627906976744,-0.081075445442,1,0,0,0.5,0.5,-0.00767499927415,-0.0259597470417,1,0,0,0.666666666667,0.333333333333,-0.0146887382548,-0.0329734860224,1,0,0.2,0.4,0.2,0.0130945000455,-0.00519024772211,0,1
2026-06-30,2026-06,BOARD2_ONLY,A0_ORIGINAL_18F,6,YES,1,601133_2026-06-30,601133,2,601133_2026-06-30|603650_2026-06-30,601133|603650,3,601133_2026-06-30|603650_2026-06-30|603163_2026-06-30,601133|603650|603163,5,601133_2026-06-30|603650_2026-06-30|603163_2026-06-30|603155_2026-06-30|002180_2026-06-30,601133|603650|603163|603155|002180,0.166666666667,0.333333333333,0.166666666667,0.0147424198969,0.4,0,1,1,-0.0627906976744,-0.0775331175713,1,0,0,0.5,0.5,-0.00767499927415,-0.022417419171,1,0,0,0.666666666667,0.333333333333,-0.0146887382548,-0.0294311581517,1,0,0.2,0.4,0.2,0.0090773345547,-0.00566508534217,0,1
2026-06-30,2026-06,BOARD2_ONLY,A1_REMOVE_D0_TIMING,6,YES,1,601133_2026-06-30,601133,2,601133_2026-06-30|603650_2026-06-30,601133|603650,3,601133_2026-06-30|603650_2026-06-30|603163_2026-06-30,601133|603650|603163,5,601133_2026-06-30|603650_2026-06-30|603163_2026-06-30|603155_2026-06-30|002180_2026-06-30,601133|603650|603163|603155|002180,0.166666666667,0.333333333333,0.166666666667,0.0147424198969,0.4,0,1,1,-0.0627906976744,-0.0775331175713,1,0,0,0.5,0.5,-0.00767499927415,-0.022417419171,1,0,0,0.666666666667,0.333333333333,-0.0146887382548,-0.0294311581517,1,0,0.2,0.4,0.2,0.0090773345547,-0.00566508534217,0,1
2026-06-30,2026-06,BOARD2_ONLY,A2_REMOVE_D0_TIMING_AND_TOTAL_FAMILY,6,YES,1,601133_2026-06-30,601133,2,601133_2026-06-30|603650_2026-06-30,601133|603650,3,601133_2026-06-30|603650_2026-06-30|603163_2026-06-30,601133|603650|603163,5,601133_2026-06-30|603650_2026-06-30|603163_2026-06-30|603155_2026-06-30|002180_2026-06-30,601133|603650|603163|603155|002180,0.166666666667,0.333333333333,0.166666666667,0.0147424198969,0.4,0,1,1,-0.0627906976744,-0.0775331175713,1,0,0,0.5,0.5,-0.00767499927415,-0.022417419171,1,0,0,0.666666666667,0.333333333333,-0.0146887382548,-0.0294311581517,1,0,0.2,0.4,0.2,0.0090773345547,-0.00566508534217,0,1
2026-06-30,2026-06,BOARD2_ONLY,A3_REDUCED_BASE_ONLY,6,YES,1,601133_2026-06-30,601133,2,601133_2026-06-30|603650_2026-06-30,601133|603650,3,601133_2026-06-30|603650_2026-06-30|603163_2026-06-30,601133|603650|603163,5,601133_2026-06-30|603650_2026-06-30|603163_2026-06-30|603155_2026-06-30|002180_2026-06-30,601133|603650|603163|603155|002180,0.166666666667,0.333333333333,0.166666666667,0.0147424198969,0.4,0,1,1,-0.0627906976744,-0.0775331175713,1,0,0,0.5,0.5,-0.00767499927415,-0.022417419171,1,0,0,0.666666666667,0.333333333333,-0.0146887382548,-0.0294311581517,1,0,0.2,0.4,0.2,0.0090773345547,-0.00566508534217,0,1
2026-06-30,2026-06,BOARD3_ONLY,A0_ORIGINAL_18F,1,YES,1,603956_2026-06-30,603956,1,603956_2026-06-30,603956,1,603956_2026-06-30,603956,1,603956_2026-06-30,603956,0,0,0,0.0395387149918,,0,0,0,0.0395387149918,0,0,,0,0,0,0.0395387149918,0,0,,0,0,0,0.0395387149918,0,0,,0,0,0,0.0395387149918,0,0,
2026-06-30,2026-06,BOARD3_ONLY,A1_REMOVE_D0_TIMING,1,YES,1,603956_2026-06-30,603956,1,603956_2026-06-30,603956,1,603956_2026-06-30,603956,1,603956_2026-06-30,603956,0,0,0,0.0395387149918,,0,0,0,0.0395387149918,0,0,,0,0,0,0.0395387149918,0,0,,0,0,0,0.0395387149918,0,0,,0,0,0,0.0395387149918,0,0,
2026-06-30,2026-06,BOARD3_ONLY,A2_REMOVE_D0_TIMING_AND_TOTAL_FAMILY,1,YES,1,603956_2026-06-30,603956,1,603956_2026-06-30,603956,1,603956_2026-06-30,603956,1,603956_2026-06-30,603956,0,0,0,0.0395387149918,,0,0,0,0.0395387149918,0,0,,0,0,0,0.0395387149918,0,0,,0,0,0,0.0395387149918,0,0,,0,0,0,0.0395387149918,0,0,
2026-06-30,2026-06,BOARD3_ONLY,A3_REDUCED_BASE_ONLY,1,YES,1,603956_2026-06-30,603956,1,603956_2026-06-30,603956,1,603956_2026-06-30,603956,1,603956_2026-06-30,603956,0,0,0,0.0395387149918,,0,0,0,0.0395387149918,0,0,,0,0,0,0.0395387149918,0,0,,0,0,0,0.0395387149918,0,0,,0,0,0,0.0395387149918,0,0,
2026-07-01,2026-07,ALL_CANDIDATES,A0_ORIGINAL_18F,17,YES,1,603061_2026-07-01,603061,2,603061_2026-07-01|003043_2026-07-01,603061|003043,3,603061_2026-07-01|003043_2026-07-01|600707_2026-07-01,603061|003043|600707,5,603061_2026-07-01|003043_2026-07-01|600707_2026-07-01|600378_2026-07-01|001229_2026-07-01,603061|003043|600707|600378|001229,0.176470588235,0.176470588235,0,0.0323661027256,0.690476190476,0,0,0,0.00845360824742,-0.0239124944782,0,0,0.5,0,0,0.0392268041237,0.0068607013981,0,0.333333333333,0.333333333333,0.333333333333,0,0.0186308775459,-0.0137352251797,0,0.333333333333,0.4,0.2,0,0.038780959483,0.00641485675739,0,0.666666666667
2026-07-01,2026-07,ALL_CANDIDATES,A1_REMOVE_D0_TIMING,17,YES,1,603061_2026-07-01,603061,2,603061_2026-07-01|003043_2026-07-01,603061|003043,3,603061_2026-07-01|003043_2026-07-01|600707_2026-07-01,603061|003043|600707,5,603061_2026-07-01|003043_2026-07-01|600707_2026-07-01|600378_2026-07-01|001229_2026-07-01,603061|003043|600707|600378|001229,0.176470588235,0.176470588235,0,0.0323661027256,0.690476190476,0,0,0,0.00845360824742,-0.0239124944782,0,0,0.5,0,0,0.0392268041237,0.0068607013981,0,0.333333333333,0.333333333333,0.333333333333,0,0.0186308775459,-0.0137352251797,0,0.333333333333,0.4,0.2,0,0.038780959483,0.00641485675739,0,0.666666666667
2026-07-01,2026-07,ALL_CANDIDATES,A2_REMOVE_D0_TIMING_AND_TOTAL_FAMILY,17,YES,1,603061_2026-07-01,603061,2,603061_2026-07-01|003043_2026-07-01,603061|003043,3,603061_2026-07-01|003043_2026-07-01|600707_2026-07-01,603061|003043|600707,5,603061_2026-07-01|003043_2026-07-01|600707_2026-07-01|001229_2026-07-01|600378_2026-07-01,603061|003043|600707|001229|600378,0.176470588235,0.176470588235,0,0.0323661027256,0.714285714286,0,0,0,0.00845360824742,-0.0239124944782,0,0,0.5,0,0,0.0392268041237,0.0068607013981,0,0.333333333333,0.333333333333,0.333333333333,0,0.0186308775459,-0.0137352251797,0,0.333333333333,0.4,0.2,0,0.038780959483,0.00641485675739,0,0.666666666667
2026-07-01,2026-07,ALL_CANDIDATES,A3_REDUCED_BASE_ONLY,17,YES,1,603061_2026-07-01,603061,2,603061_2026-07-01|003043_2026-07-01,603061|003043,3,603061_2026-07-01|003043_2026-07-01|600707_2026-07-01,603061|003043|600707,5,603061_2026-07-01|003043_2026-07-01|600707_2026-07-01|600378_2026-07-01|603950_2026-07-01,603061|003043|600707|600378|603950,0.176470588235,0.176470588235,0,0.0323661027256,0.714285714286,0,0,0,0.00845360824742,-0.0239124944782,0,0,0.5,0,0,0.0392268041237,0.0068607013981,0,0.333333333333,0.333333333333,0.333333333333,0,0.0186308775459,-0.0137352251797,0,0.333333333333,0.4,0.2,0,0.0352038919098,0.00283778918421,0,0.666666666667
2026-07-01,2026-07,BOARD2_ONLY,A0_ORIGINAL_18F,16,YES,1,603061_2026-07-01,603061,2,603061_2026-07-01|003043_2026-07-01,603061|003043,3,603061_2026-07-01|003043_2026-07-01|600707_2026-07-01,603061|003043|600707,5,603061_2026-07-01|003043_2026-07-01|600707_2026-07-01|600378_2026-07-01|001229_2026-07-01,603061|003043|600707|600378|001229,0.125,0.1875,0,0.030013984146,0.892857142857,0,0,0,0.00845360824742,-0.0215603758985,0,0,0.5,0,0,0.0392268041237,0.00921281997775,0,0.5,0.333333333333,0.333333333333,0,0.0186308775459,-0.0113831066001,0,0.5,0.4,0.2,0,0.038780959483,0.00876697533704,0,1
2026-07-01,2026-07,BOARD2_ONLY,A1_REMOVE_D0_TIMING,16,YES,1,603061_2026-07-01,603061,2,603061_2026-07-01|003043_2026-07-01,603061|003043,3,603061_2026-07-01|003043_2026-07-01|600707_2026-07-01,603061|003043|600707,5,603061_2026-07-01|003043_2026-07-01|600707_2026-07-01|600378_2026-07-01|001229_2026-07-01,603061|003043|600707|600378|001229,0.125,0.1875,0,0.030013984146,0.892857142857,0,0,0,0.00845360824742,-0.0215603758985,0,0,0.5,0,0,0.0392268041237,0.00921281997775,0,0.5,0.333333333333,0.333333333333,0,0.0186308775459,-0.0113831066001,0,0.5,0.4,0.2,0,0.038780959483,0.00876697533704,0,1
2026-07-01,2026-07,BOARD2_ONLY,A2_REMOVE_D0_TIMING_AND_TOTAL_FAMILY,16,YES,1,603061_2026-07-01,603061,2,603061_2026-07-01|003043_2026-07-01,603061|003043,3,603061_2026-07-01|003043_2026-07-01|600707_2026-07-01,603061|003043|600707,5,603061_2026-07-01|003043_2026-07-01|600707_2026-07-01|001229_2026-07-01|600378_2026-07-01,603061|003043|600707|001229|600378,0.125,0.1875,0,0.030013984146,0.857142857143,0,0,0,0.00845360824742,-0.0215603758985,0,0,0.5,0,0,0.0392268041237,0.00921281997775,0,0.5,0.333333333333,0.333333333333,0,0.0186308775459,-0.0113831066001,0,0.5,0.4,0.2,0,0.038780959483,0.00876697533704,0,1
2026-07-01,2026-07,BOARD2_ONLY,A3_REDUCED_BASE_ONLY,16,YES,1,603061_2026-07-01,603061,2,603061_2026-07-01|003043_2026-07-01,603061|003043,3,603061_2026-07-01|003043_2026-07-01|600707_2026-07-01,603061|003043|600707,5,603061_2026-07-01|003043_2026-07-01|600707_2026-07-01|600378_2026-07-01|603950_2026-07-01,603061|003043|600707|600378|603950,0.125,0.1875,0,0.030013984146,0.892857142857,0,0,0,0.00845360824742,-0.0215603758985,0,0,0.5,0,0,0.0392268041237,0.00921281997775,0,0.5,0.333333333333,0.333333333333,0,0.0186308775459,-0.0113831066001,0,0.5,0.4,0.2,0,0.0352038919098,0.00518990776386,0,1
2026-07-01,2026-07,BOARD3_ONLY,A0_ORIGINAL_18F,1,YES,1,603928_2026-07-01,603928,1,603928_2026-07-01,603928,1,603928_2026-07-01,603928,1,603928_2026-07-01,603928,1,0,0,0.07,,1,0,0,0.07,0,0,1,1,0,0,0.07,0,0,1,1,0,0,0.07,0,0,1,1,0,0,0.07,0,0,1
2026-07-01,2026-07,BOARD3_ONLY,A1_REMOVE_D0_TIMING,1,YES,1,603928_2026-07-01,603928,1,603928_2026-07-01,603928,1,603928_2026-07-01,603928,1,603928_2026-07-01,603928,1,0,0,0.07,,1,0,0,0.07,0,0,1,1,0,0,0.07,0,0,1,1,0,0,0.07,0,0,1,1,0,0,0.07,0,0,1
2026-07-01,2026-07,BOARD3_ONLY,A2_REMOVE_D0_TIMING_AND_TOTAL_FAMILY,1,YES,1,603928_2026-07-01,603928,1,603928_2026-07-01,603928,1,603928_2026-07-01,603928,1,603928_2026-07-01,603928,1,0,0,0.07,,1,0,0,0.07,0,0,1,1,0,0,0.07,0,0,1,1,0,0,0.07,0,0,1,1,0,0,0.07,0,0,1
2026-07-01,2026-07,BOARD3_ONLY,A3_REDUCED_BASE_ONLY,1,YES,1,603928_2026-07-01,603928,1,603928_2026-07-01,603928,1,603928_2026-07-01,603928,1,603928_2026-07-01,603928,1,0,0,0.07,,1,0,0,0.07,0,0,1,1,0,0,0.07,0,0,1,1,0,0,0.07,0,0,1,1,0,0,0.07,0,0,1
2026-07-02,2026-07,ALL_CANDIDATES,A0_ORIGINAL_18F,19,YES,1,002407_2026-07-02,002407,2,002407_2026-07-02|603379_2026-07-02,002407|603379,3,002407_2026-07-02|603379_2026-07-02|002167_2026-07-02,002407|603379|002167,5,002407_2026-07-02|603379_2026-07-02|002167_2026-07-02|600113_2026-07-02|603991_2026-07-02,002407|603379|002167|600113|603991,0.105263157895,0.368421052632,0.105263157895,0.00829042218329,0.558823529412,0,1,1,-0.0672530694521,-0.0755434916354,1,0,0,1,0.5,-0.058189034726,-0.0664794569093,1,0,0,0.666666666667,0.333333333333,-0.036238411401,-0.0445288335843,1,0,0,0.6,0.2,-0.0193232680372,-0.0276136902205,1,0
2026-07-02,2026-07,ALL_CANDIDATES,A1_REMOVE_D0_TIMING,19,YES,1,002407_2026-07-02,002407,2,002407_2026-07-02|603379_2026-07-02,002407|603379,3,002407_2026-07-02|603379_2026-07-02|002167_2026-07-02,002407|603379|002167,5,002407_2026-07-02|603379_2026-07-02|002167_2026-07-02|600113_2026-07-02|603991_2026-07-02,002407|603379|002167|600113|603991,0.105263157895,0.368421052632,0.105263157895,0.00829042218329,0.558823529412,0,1,1,-0.0672530694521,-0.0755434916354,1,0,0,1,0.5,-0.058189034726,-0.0664794569093,1,0,0,0.666666666667,0.333333333333,-0.036238411401,-0.0445288335843,1,0,0,0.6,0.2,-0.0193232680372,-0.0276136902205,1,0
2026-07-02,2026-07,ALL_CANDIDATES,A2_REMOVE_D0_TIMING_AND_TOTAL_FAMILY,19,YES,1,002407_2026-07-02,002407,2,002407_2026-07-02|603379_2026-07-02,002407|603379,3,002407_2026-07-02|603379_2026-07-02|002167_2026-07-02,002407|603379|002167,5,002407_2026-07-02|603379_2026-07-02|002167_2026-07-02|600113_2026-07-02|603991_2026-07-02,002407|603379|002167|600113|603991,0.105263157895,0.368421052632,0.105263157895,0.00829042218329,0.529411764706,0,1,1,-0.0672530694521,-0.0755434916354,1,0,0,1,0.5,-0.058189034726,-0.0664794569093,1,0,0,0.666666666667,0.333333333333,-0.036238411401,-0.0445288335843,1,0,0,0.6,0.2,-0.0193232680372,-0.0276136902205,1,0
2026-07-02,2026-07,ALL_CANDIDATES,A3_REDUCED_BASE_ONLY,19,YES,1,603379_2026-07-02,603379,2,603379_2026-07-02|002407_2026-07-02,603379|002407,3,603379_2026-07-02|002407_2026-07-02|603991_2026-07-02,603379|002407|603991,5,603379_2026-07-02|002407_2026-07-02|603991_2026-07-02|603120_2026-07-02|002167_2026-07-02,603379|002407|603991|603120|002167,0.105263157895,0.368421052632,0.105263157895,0.00829042218329,0.529411764706,0,1,0,-0.049125,-0.0574154221833,1,0,0,1,0.5,-0.058189034726,-0.0664794569093,1,0,0,0.666666666667,0.333333333333,-0.0269058438665,-0.0351962660498,1,0,0,0.6,0.2,-0.0185025075389,-0.0267929297222,1,0
2026-07-02,2026-07,BOARD2_ONLY,A0_ORIGINAL_18F,17,YES,1,603379_2026-07-02,603379,2,603379_2026-07-02|002167_2026-07-02,603379|002167,3,603379_2026-07-02|002167_2026-07-02|603991_2026-07-02,603379|002167|603991,5,603379_2026-07-02|002167_2026-07-02|603991_2026-07-02|002396_2026-07-02|603120_2026-07-02,603379|002167|603991|002396|603120,0.117647058824,0.294117647059,0.0588235294118,0.0146078079277,0.633333333333,0,1,0,-0.049125,-0.0637328079277,1,0,0,0.5,0,-0.0207310823755,-0.0353388903031,1,0,0,0.333333333333,0,-0.00193387563282,-0.0165416835605,1,0,0.2,0.4,0,0.00894810635155,-0.00565970157611,0,0.5
2026-07-02,2026-07,BOARD2_ONLY,A1_REMOVE_D0_TIMING,17,YES,1,603379_2026-07-02,603379,2,603379_2026-07-02|002167_2026-07-02,603379|002167,3,603379_2026-07-02|002167_2026-07-02|603991_2026-07-02,603379|002167|603991,5,603379_2026-07-02|002167_2026-07-02|603991_2026-07-02|002396_2026-07-02|603120_2026-07-02,603379|002167|603991|002396|603120,0.117647058824,0.294117647059,0.0588235294118,0.0146078079277,0.633333333333,0,1,0,-0.049125,-0.0637328079277,1,0,0,0.5,0,-0.0207310823755,-0.0353388903031,1,0,0,0.333333333333,0,-0.00193387563282,-0.0165416835605,1,0,0.2,0.4,0,0.00894810635155,-0.00565970157611,0,0.5
2026-07-02,2026-07,BOARD2_ONLY,A2_REMOVE_D0_TIMING_AND_TOTAL_FAMILY,17,YES,1,603379_2026-07-02,603379,2,603379_2026-07-02|002167_2026-07-02,603379|002167,3,603379_2026-07-02|002167_2026-07-02|603991_2026-07-02,603379|002167|603991,5,603379_2026-07-02|002167_2026-07-02|603991_2026-07-02|603120_2026-07-02|002396_2026-07-02,603379|002167|603991|603120|002396,0.117647058824,0.294117647059,0.0588235294118,0.0146078079277,0.6,0,1,0,-0.049125,-0.0637328079277,1,0,0,0.5,0,-0.0207310823755,-0.0353388903031,1,0,0,0.333333333333,0,-0.00193387563282,-0.0165416835605,1,0,0.2,0.4,0,0.00894810635155,-0.00565970157611,0,0.5
2026-07-02,2026-07,BOARD2_ONLY,A3_REDUCED_BASE_ONLY,17,YES,1,603379_2026-07-02,603379,2,603379_2026-07-02|603991_2026-07-02,603379|603991,3,603379_2026-07-02|603991_2026-07-02|603120_2026-07-02,603379|603991|603120,5,603379_2026-07-02|603991_2026-07-02|603120_2026-07-02|002167_2026-07-02|002396_2026-07-02,603379|603991|603120|002167|002396,0.117647058824,0.294117647059,0.0588235294118,0.0146078079277,0.6,0,1,0,-0.049125,-0.0637328079277,1,0,0,0.5,0,-0.00673223107375,-0.0213400390014,1,0,0,0.666666666667,0,-0.0109741011638,-0.0255819090914,1,0,0.2,0.4,0,0.00894810635155,-0.00565970157611,0,0.5
2026-07-02,2026-07,BOARD3_ONLY,A0_ORIGINAL_18F,2,YES,1,002407_2026-07-02,002407,2,002407_2026-07-02|600113_2026-07-02,002407|600113,2,002407_2026-07-02|600113_2026-07-02,002407|600113,2,002407_2026-07-02|600113_2026-07-02,002407|600113,0,1,0.5,-0.0454073566438,,0,1,1,-0.0672530694521,-0.0218457128082,1,,0,1,0.5,-0.0454073566438,0,1,,0,1,0.5,-0.0454073566438,0,1,,0,1,0.5,-0.0454073566438,0,1,
2026-07-02,2026-07,BOARD3_ONLY,A1_REMOVE_D0_TIMING,2,YES,1,002407_2026-07-02,002407,2,002407_2026-07-02|600113_2026-07-02,002407|600113,2,002407_2026-07-02|600113_2026-07-02,002407|600113,2,002407_2026-07-02|600113_2026-07-02,002407|600113,0,1,0.5,-0.0454073566438,,0,1,1,-0.0672530694521,-0.0218457128082,1,,0,1,0.5,-0.0454073566438,0,1,,0,1,0.5,-0.0454073566438,0,1,,0,1,0.5,-0.0454073566438,0,1,
2026-07-02,2026-07,BOARD3_ONLY,A2_REMOVE_D0_TIMING_AND_TOTAL_FAMILY,2,YES,1,002407_2026-07-02,002407,2,002407_2026-07-02|600113_2026-07-02,002407|600113,2,002407_2026-07-02|600113_2026-07-02,002407|600113,2,002407_2026-07-02|600113_2026-07-02,002407|600113,0,1,0.5,-0.0454073566438,,0,1,1,-0.0672530694521,-0.0218457128082,1,,0,1,0.5,-0.0454073566438,0,1,,0,1,0.5,-0.0454073566438,0,1,,0,1,0.5,-0.0454073566438,0,1,
2026-07-02,2026-07,BOARD3_ONLY,A3_REDUCED_BASE_ONLY,2,YES,1,002407_2026-07-02,002407,2,002407_2026-07-02|600113_2026-07-02,002407|600113,2,002407_2026-07-02|600113_2026-07-02,002407|600113,2,002407_2026-07-02|600113_2026-07-02,002407|600113,0,1,0.5,-0.0454073566438,,0,1,1,-0.0672530694521,-0.0218457128082,1,,0,1,0.5,-0.0454073566438,0,1,,0,1,0.5,-0.0454073566438,0,1,,0,1,0.5,-0.0454073566438,0,1,
2026-07-03,2026-07,ALL_CANDIDATES,A0_ORIGINAL_18F,12,YES,1,600641_2026-07-03,600641,2,600641_2026-07-03|002559_2026-07-03,600641|002559,3,600641_2026-07-03|002559_2026-07-03|605488_2026-07-03,600641|002559|605488,5,600641_2026-07-03|002559_2026-07-03|605488_2026-07-03|000536_2026-07-03|002826_2026-07-03,600641|002559|605488|000536|002826,0.0833333333333,0.5,0.166666666667,0.000198988356944,0.545454545455,0,1,0,-0.0103537532355,-0.0105527415924,1,0,0,1,0,-0.0236824632099,-0.0238814515669,1,0,0,1,0,-0.0187468886883,-0.0189458770452,1,0,0,0.8,0,-0.0115361424384,-0.0117351307953,1,0
2026-07-03,2026-07,ALL_CANDIDATES,A1_REMOVE_D0_TIMING,12,YES,1,600641_2026-07-03,600641,2,600641_2026-07-03|002559_2026-07-03,600641|002559,3,600641_2026-07-03|002559_2026-07-03|605488_2026-07-03,600641|002559|605488,5,600641_2026-07-03|002559_2026-07-03|605488_2026-07-03|000536_2026-07-03|002826_2026-07-03,600641|002559|605488|000536|002826,0.0833333333333,0.5,0.166666666667,0.000198988356944,0.545454545455,0,1,0,-0.0103537532355,-0.0105527415924,1,0,0,1,0,-0.0236824632099,-0.0238814515669,1,0,0,1,0,-0.0187468886883,-0.0189458770452,1,0,0,0.8,0,-0.0115361424384,-0.0117351307953,1,0
2026-07-03,2026-07,ALL_CANDIDATES,A2_REMOVE_D0_TIMING_AND_TOTAL_FAMILY,12,YES,1,600641_2026-07-03,600641,2,600641_2026-07-03|002559_2026-07-03,600641|002559,3,600641_2026-07-03|002559_2026-07-03|605488_2026-07-03,600641|002559|605488,5,600641_2026-07-03|002559_2026-07-03|605488_2026-07-03|000536_2026-07-03|603538_2026-07-03,600641|002559|605488|000536|603538,0.0833333333333,0.5,0.166666666667,0.000198988356944,0.636363636364,0,1,0,-0.0103537532355,-0.0105527415924,1,0,0,1,0,-0.0236824632099,-0.0238814515669,1,0,0,1,0,-0.0187468886883,-0.0189458770452,1,0,0.2,0.8,0,-0.00389774958125,-0.0040967379382,1,1
2026-07-03,2026-07,ALL_CANDIDATES,A3_REDUCED_BASE_ONLY,12,YES,1,600641_2026-07-03,600641,2,600641_2026-07-03|605488_2026-07-03,600641|605488,3,600641_2026-07-03|605488_2026-07-03|002559_2026-07-03,600641|605488|002559,5,600641_2026-07-03|605488_2026-07-03|002559_2026-07-03|603538_2026-07-03|002826_2026-07-03,600641|605488|002559|603538|002826,0.0833333333333,0.5,0.166666666667,0.000198988356944,0.727272727273,0,1,0,-0.0103537532355,-0.0105527415924,1,0,0,1,0,-0.00961474644023,-0.00981373479718,1,0,0,1,0,-0.0187468886883,-0.0189458770452,1,0,0.2,0.6,0,0.00911347392989,0.00891448557294,0,1
2026-07-03,2026-07,BOARD2_ONLY,A0_ORIGINAL_18F,11,YES,1,002559_2026-07-03,002559,2,002559_2026-07-03|605488_2026-07-03,002559|605488,3,002559_2026-07-03|605488_2026-07-03|000536_2026-07-03,002559|605488|000536,5,002559_2026-07-03|605488_2026-07-03|000536_2026-07-03|002826_2026-07-03|603538_2026-07-03,002559|605488|000536|002826|603538,0.0909090909091,0.454545454545,0.181818181818,0.00115832850171,0.6,0,1,0,-0.0370111731844,-0.0381695016861,1,0,0,1,0,-0.0229434564147,-0.0241017849164,1,0,0,1,0,-0.0263783315569,-0.0275366600586,1,0,0.2,0.6,0,0.00453460820871,0.00337627970699,0,1
2026-07-03,2026-07,BOARD2_ONLY,A1_REMOVE_D0_TIMING,11,YES,1,002559_2026-07-03,002559,2,002559_2026-07-03|605488_2026-07-03,002559|605488,3,002559_2026-07-03|605488_2026-07-03|000536_2026-07-03,002559|605488|000536,5,002559_2026-07-03|605488_2026-07-03|000536_2026-07-03|002826_2026-07-03|603538_2026-07-03,002559|605488|000536|002826|603538,0.0909090909091,0.454545454545,0.181818181818,0.00115832850171,0.6,0,1,0,-0.0370111731844,-0.0381695016861,1,0,0,1,0,-0.0229434564147,-0.0241017849164,1,0,0,1,0,-0.0263783315569,-0.0275366600586,1,0,0.2,0.6,0,0.00453460820871,0.00337627970699,0,1
2026-07-03,2026-07,BOARD2_ONLY,A2_REMOVE_D0_TIMING_AND_TOTAL_FAMILY,11,YES,1,002559_2026-07-03,002559,2,002559_2026-07-03|605488_2026-07-03,002559|605488,3,002559_2026-07-03|605488_2026-07-03|000536_2026-07-03,002559|605488|000536,5,002559_2026-07-03|605488_2026-07-03|000536_2026-07-03|603538_2026-07-03|002826_2026-07-03,002559|605488|000536|603538|002826,0.0909090909091,0.454545454545,0.181818181818,0.00115832850171,0.7,0,1,0,-0.0370111731844,-0.0381695016861,1,0,0,1,0,-0.0229434564147,-0.0241017849164,1,0,0,1,0,-0.0263783315569,-0.0275366600586,1,0,0.2,0.6,0,0.00453460820871,0.00337627970699,0,1
2026-07-03,2026-07,BOARD2_ONLY,A3_REDUCED_BASE_ONLY,11,YES,1,605488_2026-07-03,605488,2,605488_2026-07-03|002559_2026-07-03,605488|002559,3,605488_2026-07-03|002559_2026-07-03|603538_2026-07-03,605488|002559|603538,5,605488_2026-07-03|002559_2026-07-03|603538_2026-07-03|002826_2026-07-03|000536_2026-07-03,605488|002559|603538|002826|000536,0.0909090909091,0.454545454545,0.181818181818,0.00115832850171,0.8,0,1,0,-0.00887573964497,-0.0100340681467,1,0,0,1,0,-0.0229434564147,-0.0241017849164,1,0,0.333333333333,0.666666666667,0,0.00803769572354,0.00687936722183,0,1,0.2,0.6,0,0.00453460820871,0.00337627970699,0,1
2026-07-03,2026-07,BOARD3_ONLY,A0_ORIGINAL_18F,1,YES,1,600641_2026-07-03,600641,1,600641_2026-07-03,600641,1,600641_2026-07-03,600641,1,600641_2026-07-03,600641,0,1,0,-0.0103537532355,,0,1,0,-0.0103537532355,0,1,,0,1,0,-0.0103537532355,0,1,,0,1,0,-0.0103537532355,0,1,,0,1,0,-0.0103537532355,0,1,
2026-07-03,2026-07,BOARD3_ONLY,A1_REMOVE_D0_TIMING,1,YES,1,600641_2026-07-03,600641,1,600641_2026-07-03,600641,1,600641_2026-07-03,600641,1,600641_2026-07-03,600641,0,1,0,-0.0103537532355,,0,1,0,-0.0103537532355,0,1,,0,1,0,-0.0103537532355,0,1,,0,1,0,-0.0103537532355,0,1,,0,1,0,-0.0103537532355,0,1,
2026-07-03,2026-07,BOARD3_ONLY,A2_REMOVE_D0_TIMING_AND_TOTAL_FAMILY,1,YES,1,600641_2026-07-03,600641,1,600641_2026-07-03,600641,1,600641_2026-07-03,600641,1,600641_2026-07-03,600641,0,1,0,-0.0103537532355,,0,1,0,-0.0103537532355,0,1,,0,1,0,-0.0103537532355,0,1,,0,1,0,-0.0103537532355,0,1,,0,1,0,-0.0103537532355,0,1,
2026-07-03,2026-07,BOARD3_ONLY,A3_REDUCED_BASE_ONLY,1,YES,1,600641_2026-07-03,600641,1,600641_2026-07-03,600641,1,600641_2026-07-03,600641,1,600641_2026-07-03,600641,0,1,0,-0.0103537532355,,0,1,0,-0.0103537532355,0,1,,0,1,0,-0.0103537532355,0,1,,0,1,0,-0.0103537532355,0,1,,0,1,0,-0.0103537532355,0,1,
2026-07-06,2026-07,ALL_CANDIDATES,A0_ORIGINAL_18F,13,YES,1,002979_2026-07-06,002979,2,002979_2026-07-06|603580_2026-07-06,002979|603580,3,002979_2026-07-06|603580_2026-07-06|603338_2026-07-06,002979|603580|603338,5,002979_2026-07-06|603580_2026-07-06|603338_2026-07-06|600988_2026-07-06|605189_2026-07-06,002979|603580|603338|600988|605189,0.230769230769,0.538461538462,0.0769230769231,0.00675841285599,0.4,0,1,1,-0.0586135895676,-0.0653720024236,1,0,0.5,0.5,0.5,0.0056932052162,-0.00106520763979,0,0.333333333333,0.333333333333,0.333333333333,0.333333333333,0.00505333177935,-0.00170508107663,0,0.333333333333,0.2,0.4,0.2,0.00602217612113,-0.000736236734854,0,0.333333333333
2026-07-06,2026-07,ALL_CANDIDATES,A1_REMOVE_D0_TIMING,13,YES,1,002979_2026-07-06,002979,2,002979_2026-07-06|603580_2026-07-06,002979|603580,3,002979_2026-07-06|603580_2026-07-06|603338_2026-07-06,002979|603580|603338,5,002979_2026-07-06|603580_2026-07-06|603338_2026-07-06|600988_2026-07-06|605189_2026-07-06,002979|603580|603338|600988|605189,0.230769230769,0.538461538462,0.0769230769231,0.00675841285599,0.4,0,1,1,-0.0586135895676,-0.0653720024236,1,0,0.5,0.5,0.5,0.0056932052162,-0.00106520763979,0,0.333333333333,0.333333333333,0.333333333333,0.333333333333,0.00505333177935,-0.00170508107663,0,0.333333333333,0.2,0.4,0.2,0.00602217612113,-0.000736236734854,0,0.333333333333
2026-07-06,2026-07,ALL_CANDIDATES,A2_REMOVE_D0_TIMING_AND_TOTAL_FAMILY,13,YES,1,002979_2026-07-06,002979,2,002979_2026-07-06|603580_2026-07-06,002979|603580,3,002979_2026-07-06|603580_2026-07-06|603338_2026-07-06,002979|603580|603338,5,002979_2026-07-06|603580_2026-07-06|603338_2026-07-06|600988_2026-07-06|000908_2026-07-06,002979|603580|603338|600988|000908,0.230769230769,0.538461538462,0.0769230769231,0.00675841285599,0.466666666667,0,1,1,-0.0586135895676,-0.0653720024236,1,0,0.5,0.5,0.5,0.0056932052162,-0.00106520763979,0,0.333333333333,0.333333333333,0.333333333333,0.333333333333,0.00505333177935,-0.00170508107663,0,0.333333333333,0.2,0.2,0.2,0.0226175551712,0.0158591423152,0,0.333333333333
2026-07-06,2026-07,ALL_CANDIDATES,A3_REDUCED_BASE_ONLY,13,YES,1,002979_2026-07-06,002979,2,002979_2026-07-06|603580_2026-07-06,002979|603580,3,002979_2026-07-06|603580_2026-07-06|603338_2026-07-06,002979|603580|603338,5,002979_2026-07-06|603580_2026-07-06|603338_2026-07-06|603286_2026-07-06|600988_2026-07-06,002979|603580|603338|603286|600988,0.230769230769,0.538461538462,0.0769230769231,0.00675841285599,0.5,0,1,1,-0.0586135895676,-0.0653720024236,1,0,0.5,0.5,0.5,0.0056932052162,-0.00106520763979,0,0.333333333333,0.333333333333,0.333333333333,0.333333333333,0.00505333177935,-0.00170508107663,0,0.333333333333,0.2,0.4,0.2,0.0131573019137,0.00639888905772,0,0.333333333333
2026-07-06,2026-07,BOARD2_ONLY,A0_ORIGINAL_18F,12,YES,1,002979_2026-07-06,002979,2,002979_2026-07-06|603580_2026-07-06,002979|603580,3,002979_2026-07-06|603580_2026-07-06|603338_2026-07-06,002979|603580|603338,5,002979_2026-07-06|603580_2026-07-06|603338_2026-07-06|600988_2026-07-06|000908_2026-07-06,002979|603580|603338|600988|000908,0.25,0.5,0.0833333333333,0.0108596065248,0.407407407407,0,1,1,-0.0586135895676,-0.0694731960924,1,0,0.5,0.5,0.5,0.0056932052162,-0.00516640130855,0,0.333333333333,0.333333333333,0.333333333333,0.333333333333,0.00505333177935,-0.0058062747454,0,0.333333333333,0.2,0.2,0.2,0.0226175551712,0.0117579486464,0,0.333333333333
2026-07-06,2026-07,BOARD2_ONLY,A1_REMOVE_D0_TIMING,12,YES,1,002979_2026-07-06,002979,2,002979_2026-07-06|603580_2026-07-06,002979|603580,3,002979_2026-07-06|603580_2026-07-06|603338_2026-07-06,002979|603580|603338,5,002979_2026-07-06|603580_2026-07-06|603338_2026-07-06|600988_2026-07-06|000908_2026-07-06,002979|603580|603338|600988|000908,0.25,0.5,0.0833333333333,0.0108596065248,0.407407407407,0,1,1,-0.0586135895676,-0.0694731960924,1,0,0.5,0.5,0.5,0.0056932052162,-0.00516640130855,0,0.333333333333,0.333333333333,0.333333333333,0.333333333333,0.00505333177935,-0.0058062747454,0,0.333333333333,0.2,0.2,0.2,0.0226175551712,0.0117579486464,0,0.333333333333
2026-07-06,2026-07,BOARD2_ONLY,A2_REMOVE_D0_TIMING_AND_TOTAL_FAMILY,12,YES,1,002979_2026-07-06,002979,2,002979_2026-07-06|603580_2026-07-06,002979|603580,3,002979_2026-07-06|603580_2026-07-06|603338_2026-07-06,002979|603580|603338,5,002979_2026-07-06|603580_2026-07-06|603338_2026-07-06|600988_2026-07-06|000908_2026-07-06,002979|603580|603338|600988|000908,0.25,0.5,0.0833333333333,0.0108596065248,0.481481481481,0,1,1,-0.0586135895676,-0.0694731960924,1,0,0.5,0.5,0.5,0.0056932052162,-0.00516640130855,0,0.333333333333,0.333333333333,0.333333333333,0.333333333333,0.00505333177935,-0.0058062747454,0,0.333333333333,0.2,0.2,0.2,0.0226175551712,0.0117579486464,0,0.333333333333
2026-07-06,2026-07,BOARD2_ONLY,A3_REDUCED_BASE_ONLY,12,YES,1,002979_2026-07-06,002979,2,002979_2026-07-06|603580_2026-07-06,002979|603580,3,002979_2026-07-06|603580_2026-07-06|603338_2026-07-06,002979|603580|603338,5,002979_2026-07-06|603580_2026-07-06|603338_2026-07-06|603286_2026-07-06|600988_2026-07-06,002979|603580|603338|603286|600988,0.25,0.5,0.0833333333333,0.0108596065248,0.518518518519,0,1,1,-0.0586135895676,-0.0694731960924,1,0,0.5,0.5,0.5,0.0056932052162,-0.00516640130855,0,0.333333333333,0.333333333333,0.333333333333,0.333333333333,0.00505333177935,-0.0058062747454,0,0.333333333333,0.2,0.4,0.2,0.0131573019137,0.00229769538895,0,0.333333333333
2026-07-06,2026-07,BOARD3_ONLY,A0_ORIGINAL_18F,1,YES,1,605189_2026-07-06,605189,1,605189_2026-07-06,605189,1,605189_2026-07-06,605189,1,605189_2026-07-06,605189,0,1,0,-0.0424559111692,,0,1,0,-0.0424559111692,0,1,,0,1,0,-0.0424559111692,0,1,,0,1,0,-0.0424559111692,0,1,,0,1,0,-0.0424559111692,0,1,
2026-07-06,2026-07,BOARD3_ONLY,A1_REMOVE_D0_TIMING,1,YES,1,605189_2026-07-06,605189,1,605189_2026-07-06,605189,1,605189_2026-07-06,605189,1,605189_2026-07-06,605189,0,1,0,-0.0424559111692,,0,1,0,-0.0424559111692,0,1,,0,1,0,-0.0424559111692,0,1,,0,1,0,-0.0424559111692,0,1,,0,1,0,-0.0424559111692,0,1,
2026-07-06,2026-07,BOARD3_ONLY,A2_REMOVE_D0_TIMING_AND_TOTAL_FAMILY,1,YES,1,605189_2026-07-06,605189,1,605189_2026-07-06,605189,1,605189_2026-07-06,605189,1,605189_2026-07-06,605189,0,1,0,-0.0424559111692,,0,1,0,-0.0424559111692,0,1,,0,1,0,-0.0424559111692,0,1,,0,1,0,-0.0424559111692,0,1,,0,1,0,-0.0424559111692,0,1,
2026-07-06,2026-07,BOARD3_ONLY,A3_REDUCED_BASE_ONLY,1,YES,1,605189_2026-07-06,605189,1,605189_2026-07-06,605189,1,605189_2026-07-06,605189,1,605189_2026-07-06,605189,0,1,0,-0.0424559111692,,0,1,0,-0.0424559111692,0,1,,0,1,0,-0.0424559111692,0,1,,0,1,0,-0.0424559111692,0,1,,0,1,0,-0.0424559111692,0,1,
2026-07-07,2026-07,ALL_CANDIDATES,A0_ORIGINAL_18F,6,YES,1,603722_2026-07-07,603722,2,603722_2026-07-07|002396_2026-07-07,603722|002396,3,603722_2026-07-07|002396_2026-07-07|000656_2026-07-07,603722|002396|000656,5,603722_2026-07-07|002396_2026-07-07|000656_2026-07-07|002767_2026-07-07|603211_2026-07-07,603722|002396|000656|002767|603211,0,0.333333333333,0,0.0171138406123,,0,0,0,0.0209756097561,0.00386176914381,0,,0,0,0,0.0383258381391,0.0212119975268,0,,0,0,0,0.0382732050698,0.0211593644575,0,,0,0.2,0,0.0257090225278,0.00859518191556,0,
2026-07-07,2026-07,ALL_CANDIDATES,A1_REMOVE_D0_TIMING,6,YES,1,603722_2026-07-07,603722,2,603722_2026-07-07|002396_2026-07-07,603722|002396,3,603722_2026-07-07|002396_2026-07-07|000656_2026-07-07,603722|002396|000656,5,603722_2026-07-07|002396_2026-07-07|000656_2026-07-07|002767_2026-07-07|603211_2026-07-07,603722|002396|000656|002767|603211,0,0.333333333333,0,0.0171138406123,,0,0,0,0.0209756097561,0.00386176914381,0,,0,0,0,0.0383258381391,0.0212119975268,0,,0,0,0,0.0382732050698,0.0211593644575,0,,0,0.2,0,0.0257090225278,0.00859518191556,0,
2026-07-07,2026-07,ALL_CANDIDATES,A2_REMOVE_D0_TIMING_AND_TOTAL_FAMILY,6,YES,1,603722_2026-07-07,603722,2,603722_2026-07-07|002396_2026-07-07,603722|002396,3,603722_2026-07-07|002396_2026-07-07|000656_2026-07-07,603722|002396|000656,5,603722_2026-07-07|002396_2026-07-07|000656_2026-07-07|603211_2026-07-07|002767_2026-07-07,603722|002396|000656|603211|002767,0,0.333333333333,0,0.0171138406123,,0,0,0,0.0209756097561,0.00386176914381,0,,0,0,0,0.0383258381391,0.0212119975268,0,,0,0,0,0.0382732050698,0.0211593644575,0,,0,0.2,0,0.0257090225278,0.00859518191556,0,
2026-07-07,2026-07,ALL_CANDIDATES,A3_REDUCED_BASE_ONLY,6,YES,1,603722_2026-07-07,603722,2,603722_2026-07-07|002396_2026-07-07,603722|002396,3,603722_2026-07-07|002396_2026-07-07|603211_2026-07-07,603722|002396|603211,5,603722_2026-07-07|002396_2026-07-07|603211_2026-07-07|002767_2026-07-07|000656_2026-07-07,603722|002396|603211|002767|000656,0,0.333333333333,0,0.0171138406123,,0,0,0,0.0209756097561,0.00386176914381,0,,0,0,0,0.0383258381391,0.0212119975268,0,,0,0.333333333333,0,0.023094897095,0.00598105648272,0,,0,0.2,0,0.0257090225278,0.00859518191556,0,
2026-07-07,2026-07,BOARD2_ONLY,A0_ORIGINAL_18F,5,YES,1,603722_2026-07-07,603722,2,603722_2026-07-07|002396_2026-07-07,603722|002396,3,603722_2026-07-07|002396_2026-07-07|002767_2026-07-07,603722|002396|002767,5,603722_2026-07-07|002396_2026-07-07|002767_2026-07-07|603211_2026-07-07|002141_2026-07-07,603722|002396|002767|603211|002141,0,0.4,0,0.0129030209485,,0,0,0,0.0209756097561,0.00807258880762,0,,0,0,0,0.0383258381391,0.0254228171906,0,,0,0,0,0.0325813862337,0.0196783652852,0,,0,0.4,0,0.0129030209485,0,0,
2026-07-07,2026-07,BOARD2_ONLY,A1_REMOVE_D0_TIMING,5,YES,1,603722_2026-07-07,603722,2,603722_2026-07-07|002396_2026-07-07,603722|002396,3,603722_2026-07-07|002396_2026-07-07|002767_2026-07-07,603722|002396|002767,5,603722_2026-07-07|002396_2026-07-07|002767_2026-07-07|603211_2026-07-07|002141_2026-07-07,603722|002396|002767|603211|002141,0,0.4,0,0.0129030209485,,0,0,0,0.0209756097561,0.00807258880762,0,,0,0,0,0.0383258381391,0.0254228171906,0,,0,0,0,0.0325813862337,0.0196783652852,0,,0,0.4,0,0.0129030209485,0,0,
2026-07-07,2026-07,BOARD2_ONLY,A2_REMOVE_D0_TIMING_AND_TOTAL_FAMILY,5,YES,1,603722_2026-07-07,603722,2,603722_2026-07-07|002396_2026-07-07,603722|002396,3,603722_2026-07-07|002396_2026-07-07|603211_2026-07-07,603722|002396|603211,5,603722_2026-07-07|002396_2026-07-07|603211_2026-07-07|002767_2026-07-07|002141_2026-07-07,603722|002396|603211|002767|002141,0,0.4,0,0.0129030209485,,0,0,0,0.0209756097561,0.00807258880762,0,,0,0,0,0.0383258381391,0.0254228171906,0,,0,0.333333333333,0,0.023094897095,0.0101918761465,0,,0,0.4,0,0.0129030209485,0,0,
2026-07-07,2026-07,BOARD2_ONLY,A3_REDUCED_BASE_ONLY,5,YES,1,603722_2026-07-07,603722,2,603722_2026-07-07|002396_2026-07-07,603722|002396,3,603722_2026-07-07|002396_2026-07-07|603211_2026-07-07,603722|002396|603211,5,603722_2026-07-07|002396_2026-07-07|603211_2026-07-07|002767_2026-07-07|002141_2026-07-07,603722|002396|603211|002767|002141,0,0.4,0,0.0129030209485,,0,0,0,0.0209756097561,0.00807258880762,0,,0,0,0,0.0383258381391,0.0254228171906,0,,0,0.333333333333,0,0.023094897095,0.0101918761465,0,,0,0.4,0,0.0129030209485,0,0,
2026-07-07,2026-07,BOARD3_ONLY,A0_ORIGINAL_18F,1,YES,1,000656_2026-07-07,000656,1,000656_2026-07-07,000656,1,000656_2026-07-07,000656,1,000656_2026-07-07,000656,0,0,0,0.0381679389313,,0,0,0,0.0381679389313,0,0,,0,0,0,0.0381679389313,0,0,,0,0,0,0.0381679389313,0,0,,0,0,0,0.0381679389313,0,0,
2026-07-07,2026-07,BOARD3_ONLY,A1_REMOVE_D0_TIMING,1,YES,1,000656_2026-07-07,000656,1,000656_2026-07-07,000656,1,000656_2026-07-07,000656,1,000656_2026-07-07,000656,0,0,0,0.0381679389313,,0,0,0,0.0381679389313,0,0,,0,0,0,0.0381679389313,0,0,,0,0,0,0.0381679389313,0,0,,0,0,0,0.0381679389313,0,0,
2026-07-07,2026-07,BOARD3_ONLY,A2_REMOVE_D0_TIMING_AND_TOTAL_FAMILY,1,YES,1,000656_2026-07-07,000656,1,000656_2026-07-07,000656,1,000656_2026-07-07,000656,1,000656_2026-07-07,000656,0,0,0,0.0381679389313,,0,0,0,0.0381679389313,0,0,,0,0,0,0.0381679389313,0,0,,0,0,0,0.0381679389313,0,0,,0,0,0,0.0381679389313,0,0,
2026-07-07,2026-07,BOARD3_ONLY,A3_REDUCED_BASE_ONLY,1,YES,1,000656_2026-07-07,000656,1,000656_2026-07-07,000656,1,000656_2026-07-07,000656,1,000656_2026-07-07,000656,0,0,0,0.0381679389313,,0,0,0,0.0381679389313,0,0,,0,0,0,0.0381679389313,0,0,,0,0,0,0.0381679389313,0,0,,0,0,0,0.0381679389313,0,0,
2026-07-08,2026-07,ALL_CANDIDATES,A0_ORIGINAL_18F,3,YES,1,603823_2026-07-08,603823,2,603823_2026-07-08|603861_2026-07-08,603823|603861,3,603823_2026-07-08|603861_2026-07-08|600246_2026-07-08,603823|603861|600246,3,603823_2026-07-08|603861_2026-07-08|600246_2026-07-08,603823|603861|600246,0.333333333333,0,0,0.0543695065352,0,0,0,0,0.0501307759372,-0.00423873059803,0,0,0,0,0,0.0465542598028,-0.00781524673238,0,0,0.333333333333,0,0,0.0543695065352,0,0,1,0.333333333333,0,0,0.0543695065352,0,0,1
2026-07-08,2026-07,ALL_CANDIDATES,A1_REMOVE_D0_TIMING,3,YES,1,603823_2026-07-08,603823,2,603823_2026-07-08|603861_2026-07-08,603823|603861,3,603823_2026-07-08|603861_2026-07-08|600246_2026-07-08,603823|603861|600246,3,603823_2026-07-08|603861_2026-07-08|600246_2026-07-08,603823|603861|600246,0.333333333333,0,0,0.0543695065352,0,0,0,0,0.0501307759372,-0.00423873059803,0,0,0,0,0,0.0465542598028,-0.00781524673238,0,0,0.333333333333,0,0,0.0543695065352,0,0,1,0.333333333333,0,0,0.0543695065352,0,0,1
2026-07-08,2026-07,ALL_CANDIDATES,A2_REMOVE_D0_TIMING_AND_TOTAL_FAMILY,3,YES,1,603823_2026-07-08,603823,2,603823_2026-07-08|603861_2026-07-08,603823|603861,3,603823_2026-07-08|603861_2026-07-08|600246_2026-07-08,603823|603861|600246,3,603823_2026-07-08|603861_2026-07-08|600246_2026-07-08,603823|603861|600246,0.333333333333,0,0,0.0543695065352,0,0,0,0,0.0501307759372,-0.00423873059803,0,0,0,0,0,0.0465542598028,-0.00781524673238,0,0,0.333333333333,0,0,0.0543695065352,0,0,1,0.333333333333,0,0,0.0543695065352,0,0,1
2026-07-08,2026-07,ALL_CANDIDATES,A3_REDUCED_BASE_ONLY,3,YES,1,603823_2026-07-08,603823,2,603823_2026-07-08|603861_2026-07-08,603823|603861,3,603823_2026-07-08|603861_2026-07-08|600246_2026-07-08,603823|603861|600246,3,603823_2026-07-08|603861_2026-07-08|600246_2026-07-08,603823|603861|600246,0.333333333333,0,0,0.0543695065352,0,0,0,0,0.0501307759372,-0.00423873059803,0,0,0,0,0,0.0465542598028,-0.00781524673238,0,0,0.333333333333,0,0,0.0543695065352,0,0,1,0.333333333333,0,0,0.0543695065352,0,0,1
2026-07-08,2026-07,BOARD2_ONLY,A0_ORIGINAL_18F,3,YES,1,603823_2026-07-08,603823,2,603823_2026-07-08|603861_2026-07-08,603823|603861,3,603823_2026-07-08|603861_2026-07-08|600246_2026-07-08,603823|603861|600246,3,603823_2026-07-08|603861_2026-07-08|600246_2026-07-08,603823|603861|600246,0.333333333333,0,0,0.0543695065352,0,0,0,0,0.0501307759372,-0.00423873059803,0,0,0,0,0,0.0465542598028,-0.00781524673238,0,0,0.333333333333,0,0,0.0543695065352,0,0,1,0.333333333333,0,0,0.0543695065352,0,0,1
2026-07-08,2026-07,BOARD2_ONLY,A1_REMOVE_D0_TIMING,3,YES,1,603823_2026-07-08,603823,2,603823_2026-07-08|603861_2026-07-08,603823|603861,3,603823_2026-07-08|603861_2026-07-08|600246_2026-07-08,603823|603861|600246,3,603823_2026-07-08|603861_2026-07-08|600246_2026-07-08,603823|603861|600246,0.333333333333,0,0,0.0543695065352,0,0,0,0,0.0501307759372,-0.00423873059803,0,0,0,0,0,0.0465542598028,-0.00781524673238,0,0,0.333333333333,0,0,0.0543695065352,0,0,1,0.333333333333,0,0,0.0543695065352,0,0,1
2026-07-08,2026-07,BOARD2_ONLY,A2_REMOVE_D0_TIMING_AND_TOTAL_FAMILY,3,YES,1,603823_2026-07-08,603823,2,603823_2026-07-08|603861_2026-07-08,603823|603861,3,603823_2026-07-08|603861_2026-07-08|600246_2026-07-08,603823|603861|600246,3,603823_2026-07-08|603861_2026-07-08|600246_2026-07-08,603823|603861|600246,0.333333333333,0,0,0.0543695065352,0,0,0,0,0.0501307759372,-0.00423873059803,0,0,0,0,0,0.0465542598028,-0.00781524673238,0,0,0.333333333333,0,0,0.0543695065352,0,0,1,0.333333333333,0,0,0.0543695065352,0,0,1
2026-07-08,2026-07,BOARD2_ONLY,A3_REDUCED_BASE_ONLY,3,YES,1,603823_2026-07-08,603823,2,603823_2026-07-08|603861_2026-07-08,603823|603861,3,603823_2026-07-08|603861_2026-07-08|600246_2026-07-08,603823|603861|600246,3,603823_2026-07-08|603861_2026-07-08|600246_2026-07-08,603823|603861|600246,0.333333333333,0,0,0.0543695065352,0,0,0,0,0.0501307759372,-0.00423873059803,0,0,0,0,0,0.0465542598028,-0.00781524673238,0,0,0.333333333333,0,0,0.0543695065352,0,0,1,0.333333333333,0,0,0.0543695065352,0,0,1
2026-07-09,2026-07,ALL_CANDIDATES,A0_ORIGINAL_18F,5,YES,1,600288_2026-07-09,600288,2,600288_2026-07-09|001229_2026-07-09,600288|001229,3,600288_2026-07-09|001229_2026-07-09|001365_2026-07-09,600288|001229|001365,5,600288_2026-07-09|001229_2026-07-09|001365_2026-07-09|600094_2026-07-09|002951_2026-07-09,600288|001229|001365|600094|002951,0.4,0.2,0,0.0361802375694,0.666666666667,0,0,0,0.0496067755596,0.0134265379902,0,0,0.5,0,0,0.0598033877798,0.0236231502104,0,0.5,0.666666666667,0,0,0.0632022585199,0.0270220209505,0,1,0.4,0.2,0,0.0361802375694,0,0,1
2026-07-09,2026-07,ALL_CANDIDATES,A1_REMOVE_D0_TIMING,5,YES,1,600288_2026-07-09,600288,2,600288_2026-07-09|001229_2026-07-09,600288|001229,3,600288_2026-07-09|001229_2026-07-09|001365_2026-07-09,600288|001229|001365,5,600288_2026-07-09|001229_2026-07-09|001365_2026-07-09|600094_2026-07-09|002951_2026-07-09,600288|001229|001365|600094|002951,0.4,0.2,0,0.0361802375694,0.666666666667,0,0,0,0.0496067755596,0.0134265379902,0,0,0.5,0,0,0.0598033877798,0.0236231502104,0,0.5,0.666666666667,0,0,0.0632022585199,0.0270220209505,0,1,0.4,0.2,0,0.0361802375694,0,0,1
2026-07-09,2026-07,ALL_CANDIDATES,A2_REMOVE_D0_TIMING_AND_TOTAL_FAMILY,5,YES,1,600288_2026-07-09,600288,2,600288_2026-07-09|001229_2026-07-09,600288|001229,3,600288_2026-07-09|001229_2026-07-09|001365_2026-07-09,600288|001229|001365,5,600288_2026-07-09|001229_2026-07-09|001365_2026-07-09|600094_2026-07-09|002951_2026-07-09,600288|001229|001365|600094|002951,0.4,0.2,0,0.0361802375694,0.666666666667,0,0,0,0.0496067755596,0.0134265379902,0,0,0.5,0,0,0.0598033877798,0.0236231502104,0,0.5,0.666666666667,0,0,0.0632022585199,0.0270220209505,0,1,0.4,0.2,0,0.0361802375694,0,0,1
2026-07-09,2026-07,ALL_CANDIDATES,A3_REDUCED_BASE_ONLY,5,YES,1,600288_2026-07-09,600288,2,600288_2026-07-09|001229_2026-07-09,600288|001229,3,600288_2026-07-09|001229_2026-07-09|001365_2026-07-09,600288|001229|001365,5,600288_2026-07-09|001229_2026-07-09|001365_2026-07-09|600094_2026-07-09|002951_2026-07-09,600288|001229|001365|600094|002951,0.4,0.2,0,0.0361802375694,0.666666666667,0,0,0,0.0496067755596,0.0134265379902,0,0,0.5,0,0,0.0598033877798,0.0236231502104,0,0.5,0.666666666667,0,0,0.0632022585199,0.0270220209505,0,1,0.4,0.2,0,0.0361802375694,0,0,1
2026-07-09,2026-07,BOARD2_ONLY,A0_ORIGINAL_18F,4,YES,1,001229_2026-07-09,001229,2,001229_2026-07-09|001365_2026-07-09,001229|001365,3,001229_2026-07-09|001365_2026-07-09|600094_2026-07-09,001229|001365|600094,4,001229_2026-07-09|001365_2026-07-09|600094_2026-07-09|002951_2026-07-09,001229|001365|600094|002951,0.5,0.25,0,0.0328236030718,1,1,0,0,0.07,0.0371763969282,0,0.5,1,0,0,0.07,0.0371763969282,0,1,0.666666666667,0,0,0.0560443307758,0.023220727704,0,1,0.5,0.25,0,0.0328236030718,0,0,1
2026-07-09,2026-07,BOARD2_ONLY,A1_REMOVE_D0_TIMING,4,YES,1,001229_2026-07-09,001229,2,001229_2026-07-09|001365_2026-07-09,001229|001365,3,001229_2026-07-09|001365_2026-07-09|600094_2026-07-09,001229|001365|600094,4,001229_2026-07-09|001365_2026-07-09|600094_2026-07-09|002951_2026-07-09,001229|001365|600094|002951,0.5,0.25,0,0.0328236030718,1,1,0,0,0.07,0.0371763969282,0,0.5,1,0,0,0.07,0.0371763969282,0,1,0.666666666667,0,0,0.0560443307758,0.023220727704,0,1,0.5,0.25,0,0.0328236030718,0,0,1
2026-07-09,2026-07,BOARD2_ONLY,A2_REMOVE_D0_TIMING_AND_TOTAL_FAMILY,4,YES,1,001229_2026-07-09,001229,2,001229_2026-07-09|001365_2026-07-09,001229|001365,3,001229_2026-07-09|001365_2026-07-09|600094_2026-07-09,001229|001365|600094,4,001229_2026-07-09|001365_2026-07-09|600094_2026-07-09|002951_2026-07-09,001229|001365|600094|002951,0.5,0.25,0,0.0328236030718,1,1,0,0,0.07,0.0371763969282,0,0.5,1,0,0,0.07,0.0371763969282,0,1,0.666666666667,0,0,0.0560443307758,0.023220727704,0,1,0.5,0.25,0,0.0328236030718,0,0,1
2026-07-09,2026-07,BOARD2_ONLY,A3_REDUCED_BASE_ONLY,4,YES,1,001229_2026-07-09,001229,2,001229_2026-07-09|001365_2026-07-09,001229|001365,3,001229_2026-07-09|001365_2026-07-09|600094_2026-07-09,001229|001365|600094,4,001229_2026-07-09|001365_2026-07-09|600094_2026-07-09|002951_2026-07-09,001229|001365|600094|002951,0.5,0.25,0,0.0328236030718,1,1,0,0,0.07,0.0371763969282,0,0.5,1,0,0,0.07,0.0371763969282,0,1,0.666666666667,0,0,0.0560443307758,0.023220727704,0,1,0.5,0.25,0,0.0328236030718,0,0,1
2026-07-09,2026-07,BOARD3_ONLY,A0_ORIGINAL_18F,1,YES,1,600288_2026-07-09,600288,1,600288_2026-07-09,600288,1,600288_2026-07-09,600288,1,600288_2026-07-09,600288,0,0,0,0.0496067755596,,0,0,0,0.0496067755596,0,0,,0,0,0,0.0496067755596,0,0,,0,0,0,0.0496067755596,0,0,,0,0,0,0.0496067755596,0,0,
2026-07-09,2026-07,BOARD3_ONLY,A1_REMOVE_D0_TIMING,1,YES,1,600288_2026-07-09,600288,1,600288_2026-07-09,600288,1,600288_2026-07-09,600288,1,600288_2026-07-09,600288,0,0,0,0.0496067755596,,0,0,0,0.0496067755596,0,0,,0,0,0,0.0496067755596,0,0,,0,0,0,0.0496067755596,0,0,,0,0,0,0.0496067755596,0,0,
2026-07-09,2026-07,BOARD3_ONLY,A2_REMOVE_D0_TIMING_AND_TOTAL_FAMILY,1,YES,1,600288_2026-07-09,600288,1,600288_2026-07-09,600288,1,600288_2026-07-09,600288,1,600288_2026-07-09,600288,0,0,0,0.0496067755596,,0,0,0,0.0496067755596,0,0,,0,0,0,0.0496067755596,0,0,,0,0,0,0.0496067755596,0,0,,0,0,0,0.0496067755596,0,0,
2026-07-09,2026-07,BOARD3_ONLY,A3_REDUCED_BASE_ONLY,1,YES,1,600288_2026-07-09,600288,1,600288_2026-07-09,600288,1,600288_2026-07-09,600288,1,600288_2026-07-09,600288,0,0,0,0.0496067755596,,0,0,0,0.0496067755596,0,0,,0,0,0,0.0496067755596,0,0,,0,0,0,0.0496067755596,0,0,,0,0,0,0.0496067755596,0,0,
2026-07-10,2026-07,ALL_CANDIDATES,A0_ORIGINAL_18F,4,YES,1,002841_2026-07-10,002841,2,002841_2026-07-10|000977_2026-07-10,002841|000977,3,002841_2026-07-10|000977_2026-07-10|603928_2026-07-10,002841|000977|603928,4,002841_2026-07-10|000977_2026-07-10|603928_2026-07-10|002490_2026-07-10,002841|000977|603928|002490,0.25,0.5,0,0.0046913043981,0,0,0,0,0.0153368278004,0.0106455234023,0,0,0,0.5,0,-0.0067271904954,-0.0114184948935,1,0,0,0.666666666667,0,-0.0170782608025,-0.0217695652006,1,0,0.25,0.5,0,0.0046913043981,0,0,1
2026-07-10,2026-07,ALL_CANDIDATES,A1_REMOVE_D0_TIMING,4,YES,1,002841_2026-07-10,002841,2,002841_2026-07-10|000977_2026-07-10,002841|000977,3,002841_2026-07-10|000977_2026-07-10|603928_2026-07-10,002841|000977|603928,4,002841_2026-07-10|000977_2026-07-10|603928_2026-07-10|002490_2026-07-10,002841|000977|603928|002490,0.25,0.5,0,0.0046913043981,0,0,0,0,0.0153368278004,0.0106455234023,0,0,0,0.5,0,-0.0067271904954,-0.0114184948935,1,0,0,0.666666666667,0,-0.0170782608025,-0.0217695652006,1,0,0.25,0.5,0,0.0046913043981,0,0,1
2026-07-10,2026-07,ALL_CANDIDATES,A2_REMOVE_D0_TIMING_AND_TOTAL_FAMILY,4,YES,1,002841_2026-07-10,002841,2,002841_2026-07-10|000977_2026-07-10,002841|000977,3,002841_2026-07-10|000977_2026-07-10|002490_2026-07-10,002841|000977|002490,4,002841_2026-07-10|000977_2026-07-10|002490_2026-07-10|603928_2026-07-10,002841|000977|002490|603928,0.25,0.5,0,0.0046913043981,0.333333333333,0,0,0,0.0153368278004,0.0106455234023,0,0,0,0.5,0,-0.0067271904954,-0.0114184948935,1,0,0.333333333333,0.333333333333,0,0.0188485396697,0.0141572352716,0,1,0.25,0.5,0,0.0046913043981,0,0,1
2026-07-10,2026-07,ALL_CANDIDATES,A3_REDUCED_BASE_ONLY,4,YES,1,002841_2026-07-10,002841,2,002841_2026-07-10|000977_2026-07-10,002841|000977,3,002841_2026-07-10|000977_2026-07-10|603928_2026-07-10,002841|000977|603928,4,002841_2026-07-10|000977_2026-07-10|603928_2026-07-10|002490_2026-07-10,002841|000977|603928|002490,0.25,0.5,0,0.0046913043981,0,0,0,0,0.0153368278004,0.0106455234023,0,0,0,0.5,0,-0.0067271904954,-0.0114184948935,1,0,0,0.666666666667,0,-0.0170782608025,-0.0217695652006,1,0,0.25,0.5,0,0.0046913043981,0,0,1
2026-07-10,2026-07,BOARD2_ONLY,A0_ORIGINAL_18F,3,YES,1,000977_2026-07-10,000977,2,000977_2026-07-10|603928_2026-07-10,000977|603928,3,000977_2026-07-10|603928_2026-07-10|002490_2026-07-10,000977|603928|002490,3,000977_2026-07-10|603928_2026-07-10|002490_2026-07-10,000977|603928|002490,0.333333333333,0.666666666667,0,0.00114279659733,0,0,1,0,-0.0287912087912,-0.0299340053885,1,0,0,1,0,-0.033285805104,-0.0344286017013,1,0,0.333333333333,0.666666666667,0,0.00114279659733,0,0,1,0.333333333333,0.666666666667,0,0.00114279659733,0,0,1
2026-07-10,2026-07,BOARD2_ONLY,A1_REMOVE_D0_TIMING,3,YES,1,000977_2026-07-10,000977,2,000977_2026-07-10|603928_2026-07-10,000977|603928,3,000977_2026-07-10|603928_2026-07-10|002490_2026-07-10,000977|603928|002490,3,000977_2026-07-10|603928_2026-07-10|002490_2026-07-10,000977|603928|002490,0.333333333333,0.666666666667,0,0.00114279659733,0,0,1,0,-0.0287912087912,-0.0299340053885,1,0,0,1,0,-0.033285805104,-0.0344286017013,1,0,0.333333333333,0.666666666667,0,0.00114279659733,0,0,1,0.333333333333,0.666666666667,0,0.00114279659733,0,0,1
2026-07-10,2026-07,BOARD2_ONLY,A2_REMOVE_D0_TIMING_AND_TOTAL_FAMILY,3,YES,1,000977_2026-07-10,000977,2,000977_2026-07-10|002490_2026-07-10,000977|002490,3,000977_2026-07-10|002490_2026-07-10|603928_2026-07-10,000977|002490|603928,3,000977_2026-07-10|002490_2026-07-10|603928_2026-07-10,000977|002490|603928,0.333333333333,0.666666666667,0,0.00114279659733,0.5,0,1,0,-0.0287912087912,-0.0299340053885,1,0,0.5,0.5,0,0.0206043956044,0.0194615990071,0,1,0.333333333333,0.666666666667,0,0.00114279659733,0,0,1,0.333333333333,0.666666666667,0,0.00114279659733,0,0,1
2026-07-10,2026-07,BOARD2_ONLY,A3_REDUCED_BASE_ONLY,3,YES,1,000977_2026-07-10,000977,2,000977_2026-07-10|603928_2026-07-10,000977|603928,3,000977_2026-07-10|603928_2026-07-10|002490_2026-07-10,000977|603928|002490,3,000977_2026-07-10|603928_2026-07-10|002490_2026-07-10,000977|603928|002490,0.333333333333,0.666666666667,0,0.00114279659733,0,0,1,0,-0.0287912087912,-0.0299340053885,1,0,0,1,0,-0.033285805104,-0.0344286017013,1,0,0.333333333333,0.666666666667,0,0.00114279659733,0,0,1,0.333333333333,0.666666666667,0,0.00114279659733,0,0,1
2026-07-10,2026-07,BOARD3_ONLY,A0_ORIGINAL_18F,1,YES,1,002841_2026-07-10,002841,1,002841_2026-07-10,002841,1,002841_2026-07-10,002841,1,002841_2026-07-10,002841,0,0,0,0.0153368278004,,0,0,0,0.0153368278004,0,0,,0,0,0,0.0153368278004,0,0,,0,0,0,0.0153368278004,0,0,,0,0,0,0.0153368278004,0,0,
2026-07-10,2026-07,BOARD3_ONLY,A1_REMOVE_D0_TIMING,1,YES,1,002841_2026-07-10,002841,1,002841_2026-07-10,002841,1,002841_2026-07-10,002841,1,002841_2026-07-10,002841,0,0,0,0.0153368278004,,0,0,0,0.0153368278004,0,0,,0,0,0,0.0153368278004,0,0,,0,0,0,0.0153368278004,0,0,,0,0,0,0.0153368278004,0,0,
2026-07-10,2026-07,BOARD3_ONLY,A2_REMOVE_D0_TIMING_AND_TOTAL_FAMILY,1,YES,1,002841_2026-07-10,002841,1,002841_2026-07-10,002841,1,002841_2026-07-10,002841,1,002841_2026-07-10,002841,0,0,0,0.0153368278004,,0,0,0,0.0153368278004,0,0,,0,0,0,0.0153368278004,0,0,,0,0,0,0.0153368278004,0,0,,0,0,0,0.0153368278004,0,0,
2026-07-10,2026-07,BOARD3_ONLY,A3_REDUCED_BASE_ONLY,1,YES,1,002841_2026-07-10,002841,1,002841_2026-07-10,002841,1,002841_2026-07-10,002841,1,002841_2026-07-10,002841,0,0,0,0.0153368278004,,0,0,0,0.0153368278004,0,0,,0,0,0,0.0153368278004,0,0,,0,0,0,0.0153368278004,0,0,,0,0,0,0.0153368278004,0,0,
2026-07-13,2026-07,ALL_CANDIDATES,A0_ORIGINAL_18F,6,YES,1,002829_2026-07-13,002829,2,002829_2026-07-13|000892_2026-07-13,002829|000892,3,002829_2026-07-13|000892_2026-07-13|000887_2026-07-13,002829|000892|000887,5,002829_2026-07-13|000892_2026-07-13|000887_2026-07-13|002414_2026-07-13|002346_2026-07-13,002829|000892|000887|002414|002346,0,0.833333333333,0.166666666667,-0.0310034135125,,0,1,0,-0.0442105263158,-0.0132071128033,1,,0,1,0.5,-0.0875373619234,-0.0565339484109,1,,0,1,0.333333333333,-0.0635404545889,-0.0325370410764,1,,0,0.8,0.2,-0.0300564225804,0.000946990932026,1,
2026-07-13,2026-07,ALL_CANDIDATES,A1_REMOVE_D0_TIMING,6,YES,1,002829_2026-07-13,002829,2,002829_2026-07-13|000892_2026-07-13,002829|000892,3,002829_2026-07-13|000892_2026-07-13|000887_2026-07-13,002829|000892|000887,5,002829_2026-07-13|000892_2026-07-13|000887_2026-07-13|002414_2026-07-13|002346_2026-07-13,002829|000892|000887|002414|002346,0,0.833333333333,0.166666666667,-0.0310034135125,,0,1,0,-0.0442105263158,-0.0132071128033,1,,0,1,0.5,-0.0875373619234,-0.0565339484109,1,,0,1,0.333333333333,-0.0635404545889,-0.0325370410764,1,,0,0.8,0.2,-0.0300564225804,0.000946990932026,1,
2026-07-13,2026-07,ALL_CANDIDATES,A2_REMOVE_D0_TIMING_AND_TOTAL_FAMILY,6,YES,1,002829_2026-07-13,002829,2,002829_2026-07-13|000892_2026-07-13,002829|000892,3,002829_2026-07-13|000892_2026-07-13|000887_2026-07-13,002829|000892|000887,5,002829_2026-07-13|000892_2026-07-13|000887_2026-07-13|002414_2026-07-13|002346_2026-07-13,002829|000892|000887|002414|002346,0,0.833333333333,0.166666666667,-0.0310034135125,,0,1,0,-0.0442105263158,-0.0132071128033,1,,0,1,0.5,-0.0875373619234,-0.0565339484109,1,,0,1,0.333333333333,-0.0635404545889,-0.0325370410764,1,,0,0.8,0.2,-0.0300564225804,0.000946990932026,1,
2026-07-13,2026-07,ALL_CANDIDATES,A3_REDUCED_BASE_ONLY,6,YES,1,002829_2026-07-13,002829,2,002829_2026-07-13|000887_2026-07-13,002829|000887,3,002829_2026-07-13|000887_2026-07-13|000892_2026-07-13,002829|000887|000892,5,002829_2026-07-13|000887_2026-07-13|000892_2026-07-13|002346_2026-07-13|002414_2026-07-13,002829|000887|000892|002346|002414,0,0.833333333333,0.166666666667,-0.0310034135125,,0,1,0,-0.0442105263158,-0.0132071128033,1,,0,1,0,-0.0298785831178,0.00112483039467,1,,0,1,0.333333333333,-0.0635404545889,-0.0325370410764,1,,0,0.8,0.2,-0.0300564225804,0.000946990932026,1,
2026-07-13,2026-07,BOARD2_ONLY,A0_ORIGINAL_18F,6,YES,1,002829_2026-07-13,002829,2,002829_2026-07-13|000892_2026-07-13,002829|000892,3,002829_2026-07-13|000892_2026-07-13|000887_2026-07-13,002829|000892|000887,5,002829_2026-07-13|000892_2026-07-13|000887_2026-07-13|002414_2026-07-13|002346_2026-07-13,002829|000892|000887|002414|002346,0,0.833333333333,0.166666666667,-0.0310034135125,,0,1,0,-0.0442105263158,-0.0132071128033,1,,0,1,0.5,-0.0875373619234,-0.0565339484109,1,,0,1,0.333333333333,-0.0635404545889,-0.0325370410764,1,,0,0.8,0.2,-0.0300564225804,0.000946990932026,1,
2026-07-13,2026-07,BOARD2_ONLY,A1_REMOVE_D0_TIMING,6,YES,1,002829_2026-07-13,002829,2,002829_2026-07-13|000892_2026-07-13,002829|000892,3,002829_2026-07-13|000892_2026-07-13|000887_2026-07-13,002829|000892|000887,5,002829_2026-07-13|000892_2026-07-13|000887_2026-07-13|002414_2026-07-13|002346_2026-07-13,002829|000892|000887|002414|002346,0,0.833333333333,0.166666666667,-0.0310034135125,,0,1,0,-0.0442105263158,-0.0132071128033,1,,0,1,0.5,-0.0875373619234,-0.0565339484109,1,,0,1,0.333333333333,-0.0635404545889,-0.0325370410764,1,,0,0.8,0.2,-0.0300564225804,0.000946990932026,1,
2026-07-13,2026-07,BOARD2_ONLY,A2_REMOVE_D0_TIMING_AND_TOTAL_FAMILY,6,YES,1,002829_2026-07-13,002829,2,002829_2026-07-13|000892_2026-07-13,002829|000892,3,002829_2026-07-13|000892_2026-07-13|000887_2026-07-13,002829|000892|000887,5,002829_2026-07-13|000892_2026-07-13|000887_2026-07-13|002414_2026-07-13|002346_2026-07-13,002829|000892|000887|002414|002346,0,0.833333333333,0.166666666667,-0.0310034135125,,0,1,0,-0.0442105263158,-0.0132071128033,1,,0,1,0.5,-0.0875373619234,-0.0565339484109,1,,0,1,0.333333333333,-0.0635404545889,-0.0325370410764,1,,0,0.8,0.2,-0.0300564225804,0.000946990932026,1,
2026-07-13,2026-07,BOARD2_ONLY,A3_REDUCED_BASE_ONLY,6,YES,1,002829_2026-07-13,002829,2,002829_2026-07-13|000887_2026-07-13,002829|000887,3,002829_2026-07-13|000887_2026-07-13|000892_2026-07-13,002829|000887|000892,5,002829_2026-07-13|000887_2026-07-13|000892_2026-07-13|002346_2026-07-13|002414_2026-07-13,002829|000887|000892|002346|002414,0,0.833333333333,0.166666666667,-0.0310034135125,,0,1,0,-0.0442105263158,-0.0132071128033,1,,0,1,0,-0.0298785831178,0.00112483039467,1,,0,1,0.333333333333,-0.0635404545889,-0.0325370410764,1,,0,0.8,0.2,-0.0300564225804,0.000946990932026,1,
2026-07-14,2026-07,ALL_CANDIDATES,A0_ORIGINAL_18F,8,YES,1,003020_2026-07-14,003020,2,003020_2026-07-14|001395_2026-07-14,003020|001395,3,003020_2026-07-14|001395_2026-07-14|600513_2026-07-14,003020|001395|600513,5,003020_2026-07-14|001395_2026-07-14|600513_2026-07-14|600629_2026-07-14|605090_2026-07-14,003020|001395|600513|600629|605090,0.5,0,0,0.0475411480117,0.875,1,0,0,0.07,0.0224588519883,0,0.25,1,0,0,0.07,0.0224588519883,0,0.5,1,0,0,0.07,0.0224588519883,0,0.75,0.6,0,0,0.0539789185982,0.00643777058651,0,0.75
2026-07-14,2026-07,ALL_CANDIDATES,A1_REMOVE_D0_TIMING,8,YES,1,003020_2026-07-14,003020,2,003020_2026-07-14|001395_2026-07-14,003020|001395,3,003020_2026-07-14|001395_2026-07-14|600513_2026-07-14,003020|001395|600513,5,003020_2026-07-14|001395_2026-07-14|600513_2026-07-14|600629_2026-07-14|605090_2026-07-14,003020|001395|600513|600629|605090,0.5,0,0,0.0475411480117,0.875,1,0,0,0.07,0.0224588519883,0,0.25,1,0,0,0.07,0.0224588519883,0,0.5,1,0,0,0.07,0.0224588519883,0,0.75,0.6,0,0,0.0539789185982,0.00643777058651,0,0.75
2026-07-14,2026-07,ALL_CANDIDATES,A2_REMOVE_D0_TIMING_AND_TOTAL_FAMILY,8,YES,1,003020_2026-07-14,003020,2,003020_2026-07-14|001395_2026-07-14,003020|001395,3,003020_2026-07-14|001395_2026-07-14|600513_2026-07-14,003020|001395|600513,5,003020_2026-07-14|001395_2026-07-14|600513_2026-07-14|600629_2026-07-14|605090_2026-07-14,003020|001395|600513|600629|605090,0.5,0,0,0.0475411480117,0.875,1,0,0,0.07,0.0224588519883,0,0.25,1,0,0,0.07,0.0224588519883,0,0.5,1,0,0,0.07,0.0224588519883,0,0.75,0.6,0,0,0.0539789185982,0.00643777058651,0,0.75
2026-07-14,2026-07,ALL_CANDIDATES,A3_REDUCED_BASE_ONLY,8,YES,1,003020_2026-07-14,003020,2,003020_2026-07-14|001395_2026-07-14,003020|001395,3,003020_2026-07-14|001395_2026-07-14|600513_2026-07-14,003020|001395|600513,5,003020_2026-07-14|001395_2026-07-14|600513_2026-07-14|605090_2026-07-14|600629_2026-07-14,003020|001395|600513|605090|600629,0.5,0,0,0.0475411480117,0.875,1,0,0,0.07,0.0224588519883,0,0.25,1,0,0,0.07,0.0224588519883,0,0.5,1,0,0,0.07,0.0224588519883,0,0.75,0.6,0,0,0.0539789185982,0.00643777058651,0,0.75
2026-07-14,2026-07,BOARD2_ONLY,A0_ORIGINAL_18F,5,YES,1,600513_2026-07-14,600513,2,600513_2026-07-14|600629_2026-07-14,600513|600629,3,600513_2026-07-14|600629_2026-07-14|605090_2026-07-14,600513|600629|605090,5,600513_2026-07-14|600629_2026-07-14|605090_2026-07-14|601608_2026-07-14|000920_2026-07-14,600513|600629|605090|601608|000920,0.2,0,0,0.0340658368188,1,1,0,0,0.07,0.0359341631812,0,1,0.5,0,0,0.0496305779079,0.0155647410891,0,1,0.333333333333,0,0,0.0432981976637,0.00923236084497,0,1,0.2,0,0,0.0340658368188,0,0,1
2026-07-14,2026-07,BOARD2_ONLY,A1_REMOVE_D0_TIMING,5,YES,1,600513_2026-07-14,600513,2,600513_2026-07-14|600629_2026-07-14,600513|600629,3,600513_2026-07-14|600629_2026-07-14|605090_2026-07-14,600513|600629|605090,5,600513_2026-07-14|600629_2026-07-14|605090_2026-07-14|601608_2026-07-14|000920_2026-07-14,600513|600629|605090|601608|000920,0.2,0,0,0.0340658368188,1,1,0,0,0.07,0.0359341631812,0,1,0.5,0,0,0.0496305779079,0.0155647410891,0,1,0.333333333333,0,0,0.0432981976637,0.00923236084497,0,1,0.2,0,0,0.0340658368188,0,0,1
2026-07-14,2026-07,BOARD2_ONLY,A2_REMOVE_D0_TIMING_AND_TOTAL_FAMILY,5,YES,1,600513_2026-07-14,600513,2,600513_2026-07-14|600629_2026-07-14,600513|600629,3,600513_2026-07-14|600629_2026-07-14|605090_2026-07-14,600513|600629|605090,5,600513_2026-07-14|600629_2026-07-14|605090_2026-07-14|000920_2026-07-14|601608_2026-07-14,600513|600629|605090|000920|601608,0.2,0,0,0.0340658368188,1,1,0,0,0.07,0.0359341631812,0,1,0.5,0,0,0.0496305779079,0.0155647410891,0,1,0.333333333333,0,0,0.0432981976637,0.00923236084497,0,1,0.2,0,0,0.0340658368188,0,0,1
2026-07-14,2026-07,BOARD2_ONLY,A3_REDUCED_BASE_ONLY,5,YES,1,600513_2026-07-14,600513,2,600513_2026-07-14|605090_2026-07-14,600513|605090,3,600513_2026-07-14|605090_2026-07-14|600629_2026-07-14,600513|605090|600629,5,600513_2026-07-14|605090_2026-07-14|600629_2026-07-14|000920_2026-07-14|601608_2026-07-14,600513|605090|600629|000920|601608,0.2,0,0,0.0340658368188,1,1,0,0,0.07,0.0359341631812,0,1,0.5,0,0,0.0503167185878,0.016250881769,0,1,0.333333333333,0,0,0.0432981976637,0.00923236084497,0,1,0.2,0,0,0.0340658368188,0,0,1
2026-07-14,2026-07,BOARD3_ONLY,A0_ORIGINAL_18F,3,YES,1,003020_2026-07-14,003020,2,003020_2026-07-14|001395_2026-07-14,003020|001395,3,003020_2026-07-14|001395_2026-07-14|600992_2026-07-14,003020|001395|600992,3,003020_2026-07-14|001395_2026-07-14|600992_2026-07-14,003020|001395|600992,1,0,0,0.07,,1,0,0,0.07,0,0,0.333333333333,1,0,0,0.07,0,0,0.666666666667,1,0,0,0.07,0,0,1,1,0,0,0.07,0,0,1
2026-07-14,2026-07,BOARD3_ONLY,A1_REMOVE_D0_TIMING,3,YES,1,003020_2026-07-14,003020,2,003020_2026-07-14|001395_2026-07-14,003020|001395,3,003020_2026-07-14|001395_2026-07-14|600992_2026-07-14,003020|001395|600992,3,003020_2026-07-14|001395_2026-07-14|600992_2026-07-14,003020|001395|600992,1,0,0,0.07,,1,0,0,0.07,0,0,0.333333333333,1,0,0,0.07,0,0,0.666666666667,1,0,0,0.07,0,0,1,1,0,0,0.07,0,0,1
2026-07-14,2026-07,BOARD3_ONLY,A2_REMOVE_D0_TIMING_AND_TOTAL_FAMILY,3,YES,1,003020_2026-07-14,003020,2,003020_2026-07-14|001395_2026-07-14,003020|001395,3,003020_2026-07-14|001395_2026-07-14|600992_2026-07-14,003020|001395|600992,3,003020_2026-07-14|001395_2026-07-14|600992_2026-07-14,003020|001395|600992,1,0,0,0.07,,1,0,0,0.07,0,0,0.333333333333,1,0,0,0.07,0,0,0.666666666667,1,0,0,0.07,0,0,1,1,0,0,0.07,0,0,1
2026-07-14,2026-07,BOARD3_ONLY,A3_REDUCED_BASE_ONLY,3,YES,1,003020_2026-07-14,003020,2,003020_2026-07-14|001395_2026-07-14,003020|001395,3,003020_2026-07-14|001395_2026-07-14|600992_2026-07-14,003020|001395|600992,3,003020_2026-07-14|001395_2026-07-14|600992_2026-07-14,003020|001395|600992,1,0,0,0.07,,1,0,0,0.07,0,0,0.333333333333,1,0,0,0.07,0,0,0.666666666667,1,0,0,0.07,0,0,1,1,0,0,0.07,0,0,1
2026-07-15,2026-07,ALL_CANDIDATES,A0_ORIGINAL_18F,2,YES,1,002379_2026-07-15,002379,2,002379_2026-07-15|603065_2026-07-15,002379|603065,2,002379_2026-07-15|603065_2026-07-15,002379|603065,2,002379_2026-07-15|603065_2026-07-15,002379|603065,0,0.5,0.5,-0.0316619450981,,0,0,0,0.0368334249588,0.0684953700569,0,,0,0.5,0.5,-0.0316619450981,0,1,,0,0.5,0.5,-0.0316619450981,0,1,,0,0.5,0.5,-0.0316619450981,0,1,
2026-07-15,2026-07,ALL_CANDIDATES,A1_REMOVE_D0_TIMING,2,YES,1,002379_2026-07-15,002379,2,002379_2026-07-15|603065_2026-07-15,002379|603065,2,002379_2026-07-15|603065_2026-07-15,002379|603065,2,002379_2026-07-15|603065_2026-07-15,002379|603065,0,0.5,0.5,-0.0316619450981,,0,0,0,0.0368334249588,0.0684953700569,0,,0,0.5,0.5,-0.0316619450981,0,1,,0,0.5,0.5,-0.0316619450981,0,1,,0,0.5,0.5,-0.0316619450981,0,1,
2026-07-15,2026-07,ALL_CANDIDATES,A2_REMOVE_D0_TIMING_AND_TOTAL_FAMILY,2,YES,1,002379_2026-07-15,002379,2,002379_2026-07-15|603065_2026-07-15,002379|603065,2,002379_2026-07-15|603065_2026-07-15,002379|603065,2,002379_2026-07-15|603065_2026-07-15,002379|603065,0,0.5,0.5,-0.0316619450981,,0,0,0,0.0368334249588,0.0684953700569,0,,0,0.5,0.5,-0.0316619450981,0,1,,0,0.5,0.5,-0.0316619450981,0,1,,0,0.5,0.5,-0.0316619450981,0,1,
2026-07-15,2026-07,ALL_CANDIDATES,A3_REDUCED_BASE_ONLY,2,YES,1,002379_2026-07-15,002379,2,002379_2026-07-15|603065_2026-07-15,002379|603065,2,002379_2026-07-15|603065_2026-07-15,002379|603065,2,002379_2026-07-15|603065_2026-07-15,002379|603065,0,0.5,0.5,-0.0316619450981,,0,0,0,0.0368334249588,0.0684953700569,0,,0,0.5,0.5,-0.0316619450981,0,1,,0,0.5,0.5,-0.0316619450981,0,1,,0,0.5,0.5,-0.0316619450981,0,1,
2026-07-15,2026-07,BOARD2_ONLY,A0_ORIGINAL_18F,2,YES,1,002379_2026-07-15,002379,2,002379_2026-07-15|603065_2026-07-15,002379|603065,2,002379_2026-07-15|603065_2026-07-15,002379|603065,2,002379_2026-07-15|603065_2026-07-15,002379|603065,0,0.5,0.5,-0.0316619450981,,0,0,0,0.0368334249588,0.0684953700569,0,,0,0.5,0.5,-0.0316619450981,0,1,,0,0.5,0.5,-0.0316619450981,0,1,,0,0.5,0.5,-0.0316619450981,0,1,
2026-07-15,2026-07,BOARD2_ONLY,A1_REMOVE_D0_TIMING,2,YES,1,002379_2026-07-15,002379,2,002379_2026-07-15|603065_2026-07-15,002379|603065,2,002379_2026-07-15|603065_2026-07-15,002379|603065,2,002379_2026-07-15|603065_2026-07-15,002379|603065,0,0.5,0.5,-0.0316619450981,,0,0,0,0.0368334249588,0.0684953700569,0,,0,0.5,0.5,-0.0316619450981,0,1,,0,0.5,0.5,-0.0316619450981,0,1,,0,0.5,0.5,-0.0316619450981,0,1,
2026-07-15,2026-07,BOARD2_ONLY,A2_REMOVE_D0_TIMING_AND_TOTAL_FAMILY,2,YES,1,002379_2026-07-15,002379,2,002379_2026-07-15|603065_2026-07-15,002379|603065,2,002379_2026-07-15|603065_2026-07-15,002379|603065,2,002379_2026-07-15|603065_2026-07-15,002379|603065,0,0.5,0.5,-0.0316619450981,,0,0,0,0.0368334249588,0.0684953700569,0,,0,0.5,0.5,-0.0316619450981,0,1,,0,0.5,0.5,-0.0316619450981,0,1,,0,0.5,0.5,-0.0316619450981,0,1,
2026-07-15,2026-07,BOARD2_ONLY,A3_REDUCED_BASE_ONLY,2,YES,1,002379_2026-07-15,002379,2,002379_2026-07-15|603065_2026-07-15,002379|603065,2,002379_2026-07-15|603065_2026-07-15,002379|603065,2,002379_2026-07-15|603065_2026-07-15,002379|603065,0,0.5,0.5,-0.0316619450981,,0,0,0,0.0368334249588,0.0684953700569,0,,0,0.5,0.5,-0.0316619450981,0,1,,0,0.5,0.5,-0.0316619450981,0,1,,0,0.5,0.5,-0.0316619450981,0,1,
2026-07-16,2026-07,ALL_CANDIDATES,A0_ORIGINAL_18F,12,YES,1,001388_2026-07-16,001388,2,001388_2026-07-16|600829_2026-07-16,001388|600829,3,001388_2026-07-16|600829_2026-07-16|002432_2026-07-16,001388|600829|002432,5,001388_2026-07-16|600829_2026-07-16|002432_2026-07-16|603137_2026-07-16|600746_2026-07-16,001388|600829|002432|603137|600746,0.416666666667,0.333333333333,0.25,0.0177918481948,0.8,1,0,0,0.07,0.0522081518052,0,0.2,0.5,0.5,0.5,0.0084375,-0.00935434819484,0,0.2,0.666666666667,0.333333333333,0.333333333333,0.0289583333333,0.0111664851385,0,0.4,0.8,0.2,0.2,0.045375,0.0275831518052,0,0.8
2026-07-16,2026-07,ALL_CANDIDATES,A1_REMOVE_D0_TIMING,12,YES,1,001388_2026-07-16,001388,2,001388_2026-07-16|600829_2026-07-16,001388|600829,3,001388_2026-07-16|600829_2026-07-16|002432_2026-07-16,001388|600829|002432,5,001388_2026-07-16|600829_2026-07-16|002432_2026-07-16|603137_2026-07-16|600746_2026-07-16,001388|600829|002432|603137|600746,0.416666666667,0.333333333333,0.25,0.0177918481948,0.8,1,0,0,0.07,0.0522081518052,0,0.2,0.5,0.5,0.5,0.0084375,-0.00935434819484,0,0.2,0.666666666667,0.333333333333,0.333333333333,0.0289583333333,0.0111664851385,0,0.4,0.8,0.2,0.2,0.045375,0.0275831518052,0,0.8
2026-07-16,2026-07,ALL_CANDIDATES,A2_REMOVE_D0_TIMING_AND_TOTAL_FAMILY,12,YES,1,001388_2026-07-16,001388,2,001388_2026-07-16|600829_2026-07-16,001388|600829,3,001388_2026-07-16|600829_2026-07-16|002432_2026-07-16,001388|600829|002432,5,001388_2026-07-16|600829_2026-07-16|002432_2026-07-16|603137_2026-07-16|605028_2026-07-16,001388|600829|002432|603137|605028,0.416666666667,0.333333333333,0.25,0.0177918481948,0.771428571429,1,0,0,0.07,0.0522081518052,0,0.2,0.5,0.5,0.5,0.0084375,-0.00935434819484,0,0.2,0.666666666667,0.333333333333,0.333333333333,0.0289583333333,0.0111664851385,0,0.4,0.6,0.2,0.2,0.0352373005877,0.0174454523929,0,0.6
2026-07-16,2026-07,ALL_CANDIDATES,A3_REDUCED_BASE_ONLY,12,YES,1,001388_2026-07-16,001388,2,001388_2026-07-16|002432_2026-07-16,001388|002432,3,001388_2026-07-16|002432_2026-07-16|600829_2026-07-16,001388|002432|600829,5,001388_2026-07-16|002432_2026-07-16|600829_2026-07-16|605028_2026-07-16|603137_2026-07-16,001388|002432|600829|605028|603137,0.416666666667,0.333333333333,0.25,0.0177918481948,0.685714285714,1,0,0,0.07,0.0522081518052,0,0.2,1,0,0,0.07,0.0522081518052,0,0.4,0.666666666667,0.333333333333,0.333333333333,0.0289583333333,0.0111664851385,0,0.4,0.6,0.2,0.2,0.0352373005877,0.0174454523929,0,0.6
2026-07-16,2026-07,BOARD2_ONLY,A0_ORIGINAL_18F,10,YES,1,600829_2026-07-16,600829,2,600829_2026-07-16|002432_2026-07-16,600829|002432,3,600829_2026-07-16|002432_2026-07-16|600746_2026-07-16,600829|002432|600746,5,600829_2026-07-16|002432_2026-07-16|600746_2026-07-16|605028_2026-07-16|600844_2026-07-16,600829|002432|600746|605028|600844,0.3,0.4,0.3,0.00735021783381,0.714285714286,0,1,1,-0.053125,-0.0604752178338,1,0,0.5,0.5,0.5,0.0084375,0.00108728216619,0,0.333333333333,0.666666666667,0.333333333333,0.333333333333,0.0289583333333,0.0216081154995,0,0.666666666667,0.4,0.2,0.2,0.0325848183182,0.0252346004844,0,0.666666666667
2026-07-16,2026-07,BOARD2_ONLY,A1_REMOVE_D0_TIMING,10,YES,1,600829_2026-07-16,600829,2,600829_2026-07-16|002432_2026-07-16,600829|002432,3,600829_2026-07-16|002432_2026-07-16|600746_2026-07-16,600829|002432|600746,5,600829_2026-07-16|002432_2026-07-16|600746_2026-07-16|605028_2026-07-16|600844_2026-07-16,600829|002432|600746|605028|600844,0.3,0.4,0.3,0.00735021783381,0.714285714286,0,1,1,-0.053125,-0.0604752178338,1,0,0.5,0.5,0.5,0.0084375,0.00108728216619,0,0.333333333333,0.666666666667,0.333333333333,0.333333333333,0.0289583333333,0.0216081154995,0,0.666666666667,0.4,0.2,0.2,0.0325848183182,0.0252346004844,0,0.666666666667
2026-07-16,2026-07,BOARD2_ONLY,A2_REMOVE_D0_TIMING_AND_TOTAL_FAMILY,10,YES,1,600829_2026-07-16,600829,2,600829_2026-07-16|002432_2026-07-16,600829|002432,3,600829_2026-07-16|002432_2026-07-16|605028_2026-07-16,600829|002432|605028,5,600829_2026-07-16|002432_2026-07-16|605028_2026-07-16|600746_2026-07-16|600844_2026-07-16,600829|002432|605028|600746|600844,0.3,0.4,0.3,0.00735021783381,0.666666666667,0,1,1,-0.053125,-0.0604752178338,1,0,0.5,0.5,0.5,0.0084375,0.00108728216619,0,0.333333333333,0.333333333333,0.333333333333,0.333333333333,0.0120621676462,0.00471194981242,0,0.333333333333,0.4,0.2,0.2,0.0325848183182,0.0252346004844,0,0.666666666667
2026-07-16,2026-07,BOARD2_ONLY,A3_REDUCED_BASE_ONLY,10,YES,1,002432_2026-07-16,002432,2,002432_2026-07-16|600829_2026-07-16,002432|600829,3,002432_2026-07-16|600829_2026-07-16|605028_2026-07-16,002432|600829|605028,5,002432_2026-07-16|600829_2026-07-16|605028_2026-07-16|600746_2026-07-16|605255_2026-07-16,002432|600829|605028|600746|605255,0.3,0.4,0.3,0.00735021783381,0.571428571429,1,0,0,0.07,0.0626497821662,0,0.333333333333,0.5,0.5,0.5,0.0084375,0.00108728216619,0,0.333333333333,0.333333333333,0.333333333333,0.333333333333,0.0120621676462,0.00471194981242,0,0.333333333333,0.4,0.4,0.4,0.0014975763254,-0.00585264150841,0,0.666666666667
2026-07-16,2026-07,BOARD3_ONLY,A0_ORIGINAL_18F,2,YES,1,001388_2026-07-16,001388,2,001388_2026-07-16|603137_2026-07-16,001388|603137,2,001388_2026-07-16|603137_2026-07-16,001388|603137,2,001388_2026-07-16|603137_2026-07-16,001388|603137,1,0,0,0.07,,1,0,0,0.07,0,0,0.5,1,0,0,0.07,0,0,1,1,0,0,0.07,0,0,1,1,0,0,0.07,0,0,1
2026-07-16,2026-07,BOARD3_ONLY,A1_REMOVE_D0_TIMING,2,YES,1,001388_2026-07-16,001388,2,001388_2026-07-16|603137_2026-07-16,001388|603137,2,001388_2026-07-16|603137_2026-07-16,001388|603137,2,001388_2026-07-16|603137_2026-07-16,001388|603137,1,0,0,0.07,,1,0,0,0.07,0,0,0.5,1,0,0,0.07,0,0,1,1,0,0,0.07,0,0,1,1,0,0,0.07,0,0,1
2026-07-16,2026-07,BOARD3_ONLY,A2_REMOVE_D0_TIMING_AND_TOTAL_FAMILY,2,YES,1,001388_2026-07-16,001388,2,001388_2026-07-16|603137_2026-07-16,001388|603137,2,001388_2026-07-16|603137_2026-07-16,001388|603137,2,001388_2026-07-16|603137_2026-07-16,001388|603137,1,0,0,0.07,,1,0,0,0.07,0,0,0.5,1,0,0,0.07,0,0,1,1,0,0,0.07,0,0,1,1,0,0,0.07,0,0,1
2026-07-16,2026-07,BOARD3_ONLY,A3_REDUCED_BASE_ONLY,2,YES,1,001388_2026-07-16,001388,2,001388_2026-07-16|603137_2026-07-16,001388|603137,2,001388_2026-07-16|603137_2026-07-16,001388|603137,2,001388_2026-07-16|603137_2026-07-16,001388|603137,1,0,0,0.07,,1,0,0,0.07,0,0,0.5,1,0,0,0.07,0,0,1,1,0,0,0.07,0,0,1,1,0,0,0.07,0,0,1
2026-07-17,2026-07,ALL_CANDIDATES,A0_ORIGINAL_18F,5,YES,1,002365_2026-07-17,002365,2,002365_2026-07-17|000504_2026-07-17,002365|000504,3,002365_2026-07-17|000504_2026-07-17|002739_2026-07-17,002365|000504|002739,5,002365_2026-07-17|000504_2026-07-17|002739_2026-07-17|000566_2026-07-17|600785_2026-07-17,002365|000504|002739|000566|600785,0,0.6,0,0.00650671022867,,0,0,0,0.0580204778157,0.051513767587,0,,0,0.5,0,0.00877214366975,0.00226543344108,0,,0,0.666666666667,0,0.00550051149064,-0.00100619873802,0,,0,0.6,0,0.00650671022867,0,0,
2026-07-17,2026-07,ALL_CANDIDATES,A1_REMOVE_D0_TIMING,5,YES,1,002365_2026-07-17,002365,2,002365_2026-07-17|000504_2026-07-17,002365|000504,3,002365_2026-07-17|000504_2026-07-17|002739_2026-07-17,002365|000504|002739,5,002365_2026-07-17|000504_2026-07-17|002739_2026-07-17|000566_2026-07-17|600785_2026-07-17,002365|000504|002739|000566|600785,0,0.6,0,0.00650671022867,,0,0,0,0.0580204778157,0.051513767587,0,,0,0.5,0,0.00877214366975,0.00226543344108,0,,0,0.666666666667,0,0.00550051149064,-0.00100619873802,0,,0,0.6,0,0.00650671022867,0,0,
2026-07-17,2026-07,ALL_CANDIDATES,A2_REMOVE_D0_TIMING_AND_TOTAL_FAMILY,5,YES,1,002365_2026-07-17,002365,2,002365_2026-07-17|000504_2026-07-17,002365|000504,3,002365_2026-07-17|000504_2026-07-17|002739_2026-07-17,002365|000504|002739,5,002365_2026-07-17|000504_2026-07-17|002739_2026-07-17|000566_2026-07-17|600785_2026-07-17,002365|000504|002739|000566|600785,0,0.6,0,0.00650671022867,,0,0,0,0.0580204778157,0.051513767587,0,,0,0.5,0,0.00877214366975,0.00226543344108,0,,0,0.666666666667,0,0.00550051149064,-0.00100619873802,0,,0,0.6,0,0.00650671022867,0,0,
2026-07-17,2026-07,ALL_CANDIDATES,A3_REDUCED_BASE_ONLY,5,YES,1,002365_2026-07-17,002365,2,002365_2026-07-17|000504_2026-07-17,002365|000504,3,002365_2026-07-17|000504_2026-07-17|002739_2026-07-17,002365|000504|002739,5,002365_2026-07-17|000504_2026-07-17|002739_2026-07-17|600785_2026-07-17|000566_2026-07-17,002365|000504|002739|600785|000566,0,0.6,0,0.00650671022867,,0,0,0,0.0580204778157,0.051513767587,0,,0,0.5,0,0.00877214366975,0.00226543344108,0,,0,0.666666666667,0,0.00550051149064,-0.00100619873802,0,,0,0.6,0,0.00650671022867,0,0,
2026-07-17,2026-07,BOARD2_ONLY,A0_ORIGINAL_18F,5,YES,1,002365_2026-07-17,002365,2,002365_2026-07-17|000504_2026-07-17,002365|000504,3,002365_2026-07-17|000504_2026-07-17|002739_2026-07-17,002365|000504|002739,5,002365_2026-07-17|000504_2026-07-17|002739_2026-07-17|000566_2026-07-17|600785_2026-07-17,002365|000504|002739|000566|600785,0,0.6,0,0.00650671022867,,0,0,0,0.0580204778157,0.051513767587,0,,0,0.5,0,0.00877214366975,0.00226543344108,0,,0,0.666666666667,0,0.00550051149064,-0.00100619873802,0,,0,0.6,0,0.00650671022867,0,0,
2026-07-17,2026-07,BOARD2_ONLY,A1_REMOVE_D0_TIMING,5,YES,1,002365_2026-07-17,002365,2,002365_2026-07-17|000504_2026-07-17,002365|000504,3,002365_2026-07-17|000504_2026-07-17|002739_2026-07-17,002365|000504|002739,5,002365_2026-07-17|000504_2026-07-17|002739_2026-07-17|000566_2026-07-17|600785_2026-07-17,002365|000504|002739|000566|600785,0,0.6,0,0.00650671022867,,0,0,0,0.0580204778157,0.051513767587,0,,0,0.5,0,0.00877214366975,0.00226543344108,0,,0,0.666666666667,0,0.00550051149064,-0.00100619873802,0,,0,0.6,0,0.00650671022867,0,0,
2026-07-17,2026-07,BOARD2_ONLY,A2_REMOVE_D0_TIMING_AND_TOTAL_FAMILY,5,YES,1,002365_2026-07-17,002365,2,002365_2026-07-17|000504_2026-07-17,002365|000504,3,002365_2026-07-17|000504_2026-07-17|002739_2026-07-17,002365|000504|002739,5,002365_2026-07-17|000504_2026-07-17|002739_2026-07-17|000566_2026-07-17|600785_2026-07-17,002365|000504|002739|000566|600785,0,0.6,0,0.00650671022867,,0,0,0,0.0580204778157,0.051513767587,0,,0,0.5,0,0.00877214366975,0.00226543344108,0,,0,0.666666666667,0,0.00550051149064,-0.00100619873802,0,,0,0.6,0,0.00650671022867,0,0,
2026-07-17,2026-07,BOARD2_ONLY,A3_REDUCED_BASE_ONLY,5,YES,1,002365_2026-07-17,002365,2,002365_2026-07-17|000504_2026-07-17,002365|000504,3,002365_2026-07-17|000504_2026-07-17|002739_2026-07-17,002365|000504|002739,5,002365_2026-07-17|000504_2026-07-17|002739_2026-07-17|600785_2026-07-17|000566_2026-07-17,002365|000504|002739|600785|000566,0,0.6,0,0.00650671022867,,0,0,0,0.0580204778157,0.051513767587,0,,0,0.5,0,0.00877214366975,0.00226543344108,0,,0,0.666666666667,0,0.00550051149064,-0.00100619873802,0,,0,0.6,0,0.00650671022867,0,0,
2026-07-20,2026-07,ALL_CANDIDATES,A0_ORIGINAL_18F,6,YES,1,000676_2026-07-20,000676,2,000676_2026-07-20|603567_2026-07-20,000676|603567,3,000676_2026-07-20|603567_2026-07-20|002677_2026-07-20,000676|603567|002677,5,000676_2026-07-20|603567_2026-07-20|002677_2026-07-20|002632_2026-07-20|600162_2026-07-20,000676|603567|002677|002632|600162,0.666666666667,0.333333333333,0,0.0401444694665,0.5,1,0,0,0.07,0.0298555305335,0,0.25,1,0,0,0.07,0.0298555305335,0,0.5,0.666666666667,0.333333333333,0,0.0425577812018,0.00241331173533,0,0.5,0.6,0.4,0,0.0341733633598,-0.0059711061067,0,0.75
2026-07-20,2026-07,ALL_CANDIDATES,A1_REMOVE_D0_TIMING,6,YES,1,000676_2026-07-20,000676,2,000676_2026-07-20|603567_2026-07-20,000676|603567,3,000676_2026-07-20|603567_2026-07-20|002677_2026-07-20,000676|603567|002677,5,000676_2026-07-20|603567_2026-07-20|002677_2026-07-20|002632_2026-07-20|600162_2026-07-20,000676|603567|002677|002632|600162,0.666666666667,0.333333333333,0,0.0401444694665,0.5,1,0,0,0.07,0.0298555305335,0,0.25,1,0,0,0.07,0.0298555305335,0,0.5,0.666666666667,0.333333333333,0,0.0425577812018,0.00241331173533,0,0.5,0.6,0.4,0,0.0341733633598,-0.0059711061067,0,0.75
2026-07-20,2026-07,ALL_CANDIDATES,A2_REMOVE_D0_TIMING_AND_TOTAL_FAMILY,6,YES,1,000676_2026-07-20,000676,2,000676_2026-07-20|603567_2026-07-20,000676|603567,3,000676_2026-07-20|603567_2026-07-20|002677_2026-07-20,000676|603567|002677,5,000676_2026-07-20|603567_2026-07-20|002677_2026-07-20|002829_2026-07-20|600162_2026-07-20,000676|603567|002677|002829|600162,0.666666666667,0.333333333333,0,0.0401444694665,0.75,1,0,0,0.07,0.0298555305335,0,0.25,1,0,0,0.07,0.0298555305335,0,0.5,0.666666666667,0.333333333333,0,0.0425577812018,0.00241331173533,0,0.5,0.8,0.2,0,0.0535346687211,0.0133901992546,0,1
2026-07-20,2026-07,ALL_CANDIDATES,A3_REDUCED_BASE_ONLY,6,YES,1,603567_2026-07-20,603567,2,603567_2026-07-20|000676_2026-07-20,603567|000676,3,603567_2026-07-20|000676_2026-07-20|002829_2026-07-20,603567|000676|002829,5,603567_2026-07-20|000676_2026-07-20|002829_2026-07-20|002632_2026-07-20|002677_2026-07-20,603567|000676|002829|002632|002677,0.666666666667,0.333333333333,0,0.0401444694665,0.75,1,0,0,0.07,0.0298555305335,0,0.25,1,0,0,0.07,0.0298555305335,0,0.5,1,0,0,0.07,0.0298555305335,0,0.75,0.6,0.4,0,0.0341733633598,-0.0059711061067,0,0.75
2026-07-20,2026-07,BOARD2_ONLY,A0_ORIGINAL_18F,3,YES,1,603567_2026-07-20,603567,2,603567_2026-07-20|002632_2026-07-20,603567|002632,3,603567_2026-07-20|002632_2026-07-20|002829_2026-07-20,603567|002632|002829,3,603567_2026-07-20|002632_2026-07-20|002829_2026-07-20,603567|002632|002829,0.666666666667,0.333333333333,0,0.0377311577312,0.5,1,0,0,0.07,0.0322688422688,0,0.5,0.5,0.5,0,0.0215967365968,-0.0161344211344,0,0.5,0.666666666667,0.333333333333,0,0.0377311577312,0,0,1,0.666666666667,0.333333333333,0,0.0377311577312,0,0,1
2026-07-20,2026-07,BOARD2_ONLY,A1_REMOVE_D0_TIMING,3,YES,1,603567_2026-07-20,603567,2,603567_2026-07-20|002632_2026-07-20,603567|002632,3,603567_2026-07-20|002632_2026-07-20|002829_2026-07-20,603567|002632|002829,3,603567_2026-07-20|002632_2026-07-20|002829_2026-07-20,603567|002632|002829,0.666666666667,0.333333333333,0,0.0377311577312,0.5,1,0,0,0.07,0.0322688422688,0,0.5,0.5,0.5,0,0.0215967365968,-0.0161344211344,0,0.5,0.666666666667,0.333333333333,0,0.0377311577312,0,0,1,0.666666666667,0.333333333333,0,0.0377311577312,0,0,1
2026-07-20,2026-07,BOARD2_ONLY,A2_REMOVE_D0_TIMING_AND_TOTAL_FAMILY,3,YES,1,603567_2026-07-20,603567,2,603567_2026-07-20|002829_2026-07-20,603567|002829,3,603567_2026-07-20|002829_2026-07-20|002632_2026-07-20,603567|002829|002632,3,603567_2026-07-20|002829_2026-07-20|002632_2026-07-20,603567|002829|002632,0.666666666667,0.333333333333,0,0.0377311577312,1,1,0,0,0.07,0.0322688422688,0,0.5,1,0,0,0.07,0.0322688422688,0,1,0.666666666667,0.333333333333,0,0.0377311577312,0,0,1,0.666666666667,0.333333333333,0,0.0377311577312,0,0,1
2026-07-20,2026-07,BOARD2_ONLY,A3_REDUCED_BASE_ONLY,3,YES,1,603567_2026-07-20,603567,2,603567_2026-07-20|002829_2026-07-20,603567|002829,3,603567_2026-07-20|002829_2026-07-20|002632_2026-07-20,603567|002829|002632,3,603567_2026-07-20|002829_2026-07-20|002632_2026-07-20,603567|002829|002632,0.666666666667,0.333333333333,0,0.0377311577312,1,1,0,0,0.07,0.0322688422688,0,0.5,1,0,0,0.07,0.0322688422688,0,1,0.666666666667,0.333333333333,0,0.0377311577312,0,0,1,0.666666666667,0.333333333333,0,0.0377311577312,0,0,1
2026-07-20,2026-07,BOARD3_ONLY,A0_ORIGINAL_18F,3,YES,1,000676_2026-07-20,000676,2,000676_2026-07-20|002677_2026-07-20,000676|002677,3,000676_2026-07-20|002677_2026-07-20|600162_2026-07-20,000676|002677|600162,3,000676_2026-07-20|002677_2026-07-20|600162_2026-07-20,000676|002677|600162,0.666666666667,0.333333333333,0,0.0425577812018,0.5,1,0,0,0.07,0.0274422187982,0,0.5,0.5,0.5,0,0.0288366718028,-0.0137211093991,0,0.5,0.666666666667,0.333333333333,0,0.0425577812018,0,0,1,0.666666666667,0.333333333333,0,0.0425577812018,0,0,1
2026-07-20,2026-07,BOARD3_ONLY,A1_REMOVE_D0_TIMING,3,YES,1,000676_2026-07-20,000676,2,000676_2026-07-20|002677_2026-07-20,000676|002677,3,000676_2026-07-20|002677_2026-07-20|600162_2026-07-20,000676|002677|600162,3,000676_2026-07-20|002677_2026-07-20|600162_2026-07-20,000676|002677|600162,0.666666666667,0.333333333333,0,0.0425577812018,0.5,1,0,0,0.07,0.0274422187982,0,0.5,0.5,0.5,0,0.0288366718028,-0.0137211093991,0,0.5,0.666666666667,0.333333333333,0,0.0425577812018,0,0,1,0.666666666667,0.333333333333,0,0.0425577812018,0,0,1
2026-07-20,2026-07,BOARD3_ONLY,A2_REMOVE_D0_TIMING_AND_TOTAL_FAMILY,3,YES,1,000676_2026-07-20,000676,2,000676_2026-07-20|002677_2026-07-20,000676|002677,3,000676_2026-07-20|002677_2026-07-20|600162_2026-07-20,000676|002677|600162,3,000676_2026-07-20|002677_2026-07-20|600162_2026-07-20,000676|002677|600162,0.666666666667,0.333333333333,0,0.0425577812018,0.5,1,0,0,0.07,0.0274422187982,0,0.5,0.5,0.5,0,0.0288366718028,-0.0137211093991,0,0.5,0.666666666667,0.333333333333,0,0.0425577812018,0,0,1,0.666666666667,0.333333333333,0,0.0425577812018,0,0,1
2026-07-20,2026-07,BOARD3_ONLY,A3_REDUCED_BASE_ONLY,3,YES,1,000676_2026-07-20,000676,2,000676_2026-07-20|002677_2026-07-20,000676|002677,3,000676_2026-07-20|002677_2026-07-20|600162_2026-07-20,000676|002677|600162,3,000676_2026-07-20|002677_2026-07-20|600162_2026-07-20,000676|002677|600162,0.666666666667,0.333333333333,0,0.0425577812018,0.5,1,0,0,0.07,0.0274422187982,0,0.5,0.5,0.5,0,0.0288366718028,-0.0137211093991,0,0.5,0.666666666667,0.333333333333,0,0.0425577812018,0,0,1,0.666666666667,0.333333333333,0,0.0425577812018,0,0,1
2026-07-21,2026-07,ALL_CANDIDATES,A0_ORIGINAL_18F,7,YES,1,000722_2026-07-21,000722,2,000722_2026-07-21|600644_2026-07-21,000722|600644,3,000722_2026-07-21|600644_2026-07-21|600236_2026-07-21,000722|600644|600236,5,000722_2026-07-21|600644_2026-07-21|600236_2026-07-21|000037_2026-07-21|000899_2026-07-21,000722|600644|600236|000037|000899,1,0,0,0.07,,1,0,0,0.07,0,0,0.142857142857,1,0,0,0.07,0,0,0.285714285714,1,0,0,0.07,0,0,0.428571428571,1,0,0,0.07,0,0,0.714285714286
2026-07-21,2026-07,ALL_CANDIDATES,A1_REMOVE_D0_TIMING,7,YES,1,000722_2026-07-21,000722,2,000722_2026-07-21|600644_2026-07-21,000722|600644,3,000722_2026-07-21|600644_2026-07-21|600236_2026-07-21,000722|600644|600236,5,000722_2026-07-21|600644_2026-07-21|600236_2026-07-21|000037_2026-07-21|000899_2026-07-21,000722|600644|600236|000037|000899,1,0,0,0.07,,1,0,0,0.07,0,0,0.142857142857,1,0,0,0.07,0,0,0.285714285714,1,0,0,0.07,0,0,0.428571428571,1,0,0,0.07,0,0,0.714285714286
2026-07-21,2026-07,ALL_CANDIDATES,A2_REMOVE_D0_TIMING_AND_TOTAL_FAMILY,7,YES,1,000722_2026-07-21,000722,2,000722_2026-07-21|600644_2026-07-21,000722|600644,3,000722_2026-07-21|600644_2026-07-21|600236_2026-07-21,000722|600644|600236,5,000722_2026-07-21|600644_2026-07-21|600236_2026-07-21|000037_2026-07-21|000899_2026-07-21,000722|600644|600236|000037|000899,1,0,0,0.07,,1,0,0,0.07,0,0,0.142857142857,1,0,0,0.07,0,0,0.285714285714,1,0,0,0.07,0,0,0.428571428571,1,0,0,0.07,0,0,0.714285714286
2026-07-21,2026-07,ALL_CANDIDATES,A3_REDUCED_BASE_ONLY,7,YES,1,000722_2026-07-21,000722,2,000722_2026-07-21|600644_2026-07-21,000722|600644,3,000722_2026-07-21|600644_2026-07-21|600236_2026-07-21,000722|600644|600236,5,000722_2026-07-21|600644_2026-07-21|600236_2026-07-21|000037_2026-07-21|000899_2026-07-21,000722|600644|600236|000037|000899,1,0,0,0.07,,1,0,0,0.07,0,0,0.142857142857,1,0,0,0.07,0,0,0.285714285714,1,0,0,0.07,0,0,0.428571428571,1,0,0,0.07,0,0,0.714285714286
2026-07-21,2026-07,BOARD2_ONLY,A0_ORIGINAL_18F,7,YES,1,000722_2026-07-21,000722,2,000722_2026-07-21|600644_2026-07-21,000722|600644,3,000722_2026-07-21|600644_2026-07-21|600236_2026-07-21,000722|600644|600236,5,000722_2026-07-21|600644_2026-07-21|600236_2026-07-21|000037_2026-07-21|000899_2026-07-21,000722|600644|600236|000037|000899,1,0,0,0.07,,1,0,0,0.07,0,0,0.142857142857,1,0,0,0.07,0,0,0.285714285714,1,0,0,0.07,0,0,0.428571428571,1,0,0,0.07,0,0,0.714285714286
2026-07-21,2026-07,BOARD2_ONLY,A1_REMOVE_D0_TIMING,7,YES,1,000722_2026-07-21,000722,2,000722_2026-07-21|600644_2026-07-21,000722|600644,3,000722_2026-07-21|600644_2026-07-21|600236_2026-07-21,000722|600644|600236,5,000722_2026-07-21|600644_2026-07-21|600236_2026-07-21|000037_2026-07-21|000899_2026-07-21,000722|600644|600236|000037|000899,1,0,0,0.07,,1,0,0,0.07,0,0,0.142857142857,1,0,0,0.07,0,0,0.285714285714,1,0,0,0.07,0,0,0.428571428571,1,0,0,0.07,0,0,0.714285714286
2026-07-21,2026-07,BOARD2_ONLY,A2_REMOVE_D0_TIMING_AND_TOTAL_FAMILY,7,YES,1,000722_2026-07-21,000722,2,000722_2026-07-21|600644_2026-07-21,000722|600644,3,000722_2026-07-21|600644_2026-07-21|600236_2026-07-21,000722|600644|600236,5,000722_2026-07-21|600644_2026-07-21|600236_2026-07-21|000037_2026-07-21|000899_2026-07-21,000722|600644|600236|000037|000899,1,0,0,0.07,,1,0,0,0.07,0,0,0.142857142857,1,0,0,0.07,0,0,0.285714285714,1,0,0,0.07,0,0,0.428571428571,1,0,0,0.07,0,0,0.714285714286
2026-07-21,2026-07,BOARD2_ONLY,A3_REDUCED_BASE_ONLY,7,YES,1,000722_2026-07-21,000722,2,000722_2026-07-21|600644_2026-07-21,000722|600644,3,000722_2026-07-21|600644_2026-07-21|600236_2026-07-21,000722|600644|600236,5,000722_2026-07-21|600644_2026-07-21|600236_2026-07-21|000037_2026-07-21|000899_2026-07-21,000722|600644|600236|000037|000899,1,0,0,0.07,,1,0,0,0.07,0,0,0.142857142857,1,0,0,0.07,0,0,0.285714285714,1,0,0,0.07,0,0,0.428571428571,1,0,0,0.07,0,0,0.714285714286
2026-07-22,2026-07,ALL_CANDIDATES,A0_ORIGINAL_18F,2,YES,1,000889_2026-07-22,000889,2,000889_2026-07-22|002036_2026-07-22,000889|002036,2,000889_2026-07-22|002036_2026-07-22,000889|002036,2,000889_2026-07-22|002036_2026-07-22,000889|002036,0,1,0,-0.0245200853181,,0,1,0,-0.0283505154639,-0.00383043014575,1,,0,1,0,-0.0245200853181,0,1,,0,1,0,-0.0245200853181,0,1,,0,1,0,-0.0245200853181,0,1,
2026-07-22,2026-07,ALL_CANDIDATES,A1_REMOVE_D0_TIMING,2,YES,1,000889_2026-07-22,000889,2,000889_2026-07-22|002036_2026-07-22,000889|002036,2,000889_2026-07-22|002036_2026-07-22,000889|002036,2,000889_2026-07-22|002036_2026-07-22,000889|002036,0,1,0,-0.0245200853181,,0,1,0,-0.0283505154639,-0.00383043014575,1,,0,1,0,-0.0245200853181,0,1,,0,1,0,-0.0245200853181,0,1,,0,1,0,-0.0245200853181,0,1,
2026-07-22,2026-07,ALL_CANDIDATES,A2_REMOVE_D0_TIMING_AND_TOTAL_FAMILY,2,YES,1,000889_2026-07-22,000889,2,000889_2026-07-22|002036_2026-07-22,000889|002036,2,000889_2026-07-22|002036_2026-07-22,000889|002036,2,000889_2026-07-22|002036_2026-07-22,000889|002036,0,1,0,-0.0245200853181,,0,1,0,-0.0283505154639,-0.00383043014575,1,,0,1,0,-0.0245200853181,0,1,,0,1,0,-0.0245200853181,0,1,,0,1,0,-0.0245200853181,0,1,
2026-07-22,2026-07,ALL_CANDIDATES,A3_REDUCED_BASE_ONLY,2,YES,1,002036_2026-07-22,002036,2,002036_2026-07-22|000889_2026-07-22,002036|000889,2,002036_2026-07-22|000889_2026-07-22,002036|000889,2,002036_2026-07-22|000889_2026-07-22,002036|000889,0,1,0,-0.0245200853181,,0,1,0,-0.0206896551724,0.00383043014575,1,,0,1,0,-0.0245200853181,0,1,,0,1,0,-0.0245200853181,0,1,,0,1,0,-0.0245200853181,0,1,
2026-07-22,2026-07,BOARD2_ONLY,A0_ORIGINAL_18F,2,YES,1,000889_2026-07-22,000889,2,000889_2026-07-22|002036_2026-07-22,000889|002036,2,000889_2026-07-22|002036_2026-07-22,000889|002036,2,000889_2026-07-22|002036_2026-07-22,000889|002036,0,1,0,-0.0245200853181,,0,1,0,-0.0283505154639,-0.00383043014575,1,,0,1,0,-0.0245200853181,0,1,,0,1,0,-0.0245200853181,0,1,,0,1,0,-0.0245200853181,0,1,
2026-07-22,2026-07,BOARD2_ONLY,A1_REMOVE_D0_TIMING,2,YES,1,000889_2026-07-22,000889,2,000889_2026-07-22|002036_2026-07-22,000889|002036,2,000889_2026-07-22|002036_2026-07-22,000889|002036,2,000889_2026-07-22|002036_2026-07-22,000889|002036,0,1,0,-0.0245200853181,,0,1,0,-0.0283505154639,-0.00383043014575,1,,0,1,0,-0.0245200853181,0,1,,0,1,0,-0.0245200853181,0,1,,0,1,0,-0.0245200853181,0,1,
2026-07-22,2026-07,BOARD2_ONLY,A2_REMOVE_D0_TIMING_AND_TOTAL_FAMILY,2,YES,1,000889_2026-07-22,000889,2,000889_2026-07-22|002036_2026-07-22,000889|002036,2,000889_2026-07-22|002036_2026-07-22,000889|002036,2,000889_2026-07-22|002036_2026-07-22,000889|002036,0,1,0,-0.0245200853181,,0,1,0,-0.0283505154639,-0.00383043014575,1,,0,1,0,-0.0245200853181,0,1,,0,1,0,-0.0245200853181,0,1,,0,1,0,-0.0245200853181,0,1,
2026-07-22,2026-07,BOARD2_ONLY,A3_REDUCED_BASE_ONLY,2,YES,1,002036_2026-07-22,002036,2,002036_2026-07-22|000889_2026-07-22,002036|000889,2,002036_2026-07-22|000889_2026-07-22,002036|000889,2,002036_2026-07-22|000889_2026-07-22,002036|000889,0,1,0,-0.0245200853181,,0,1,0,-0.0206896551724,0.00383043014575,1,,0,1,0,-0.0245200853181,0,1,,0,1,0,-0.0245200853181,0,1,,0,1,0,-0.0245200853181,0,1,
2026-07-23,2026-07,ALL_CANDIDATES,A0_ORIGINAL_18F,4,YES,1,603629_2026-07-23,603629,2,603629_2026-07-23|603118_2026-07-23,603629|603118,3,603629_2026-07-23|603118_2026-07-23|603407_2026-07-23,603629|603118|603407,4,603629_2026-07-23|603118_2026-07-23|603407_2026-07-23|002213_2026-07-23,603629|603118|603407|002213,0,0,0,0.0379489691448,,0,0,0,0.0350877192982,-0.00286124984662,0,,0,0,0,0.0496073517126,0.0116583825678,0,,0,0,0,0.0427439372594,0.00479496811454,0,,0,0,0,0.0379489691448,0,0,
2026-07-23,2026-07,ALL_CANDIDATES,A1_REMOVE_D0_TIMING,4,YES,1,603629_2026-07-23,603629,2,603629_2026-07-23|603118_2026-07-23,603629|603118,3,603629_2026-07-23|603118_2026-07-23|603407_2026-07-23,603629|603118|603407,4,603629_2026-07-23|603118_2026-07-23|603407_2026-07-23|002213_2026-07-23,603629|603118|603407|002213,0,0,0,0.0379489691448,,0,0,0,0.0350877192982,-0.00286124984662,0,,0,0,0,0.0496073517126,0.0116583825678,0,,0,0,0,0.0427439372594,0.00479496811454,0,,0,0,0,0.0379489691448,0,0,
2026-07-23,2026-07,ALL_CANDIDATES,A2_REMOVE_D0_TIMING_AND_TOTAL_FAMILY,4,YES,1,603629_2026-07-23,603629,2,603629_2026-07-23|603118_2026-07-23,603629|603118,3,603629_2026-07-23|603118_2026-07-23|603407_2026-07-23,603629|603118|603407,4,603629_2026-07-23|603118_2026-07-23|603407_2026-07-23|002213_2026-07-23,603629|603118|603407|002213,0,0,0,0.0379489691448,,0,0,0,0.0350877192982,-0.00286124984662,0,,0,0,0,0.0496073517126,0.0116583825678,0,,0,0,0,0.0427439372594,0.00479496811454,0,,0,0,0,0.0379489691448,0,0,
2026-07-23,2026-07,ALL_CANDIDATES,A3_REDUCED_BASE_ONLY,4,YES,1,603629_2026-07-23,603629,2,603629_2026-07-23|603407_2026-07-23,603629|603407,3,603629_2026-07-23|603407_2026-07-23|603118_2026-07-23,603629|603407|603118,4,603629_2026-07-23|603407_2026-07-23|603118_2026-07-23|002213_2026-07-23,603629|603407|603118|002213,0,0,0,0.0379489691448,,0,0,0,0.0350877192982,-0.00286124984662,0,,0,0,0,0.0320524138256,-0.00589655531927,0,,0,0,0,0.0427439372594,0.00479496811454,0,,0,0,0,0.0379489691448,0,0,
2026-07-23,2026-07,BOARD2_ONLY,A0_ORIGINAL_18F,4,YES,1,603629_2026-07-23,603629,2,603629_2026-07-23|603118_2026-07-23,603629|603118,3,603629_2026-07-23|603118_2026-07-23|603407_2026-07-23,603629|603118|603407,4,603629_2026-07-23|603118_2026-07-23|603407_2026-07-23|002213_2026-07-23,603629|603118|603407|002213,0,0,0,0.0379489691448,,0,0,0,0.0350877192982,-0.00286124984662,0,,0,0,0,0.0496073517126,0.0116583825678,0,,0,0,0,0.0427439372594,0.00479496811454,0,,0,0,0,0.0379489691448,0,0,
2026-07-23,2026-07,BOARD2_ONLY,A1_REMOVE_D0_TIMING,4,YES,1,603629_2026-07-23,603629,2,603629_2026-07-23|603118_2026-07-23,603629|603118,3,603629_2026-07-23|603118_2026-07-23|603407_2026-07-23,603629|603118|603407,4,603629_2026-07-23|603118_2026-07-23|603407_2026-07-23|002213_2026-07-23,603629|603118|603407|002213,0,0,0,0.0379489691448,,0,0,0,0.0350877192982,-0.00286124984662,0,,0,0,0,0.0496073517126,0.0116583825678,0,,0,0,0,0.0427439372594,0.00479496811454,0,,0,0,0,0.0379489691448,0,0,
2026-07-23,2026-07,BOARD2_ONLY,A2_REMOVE_D0_TIMING_AND_TOTAL_FAMILY,4,YES,1,603629_2026-07-23,603629,2,603629_2026-07-23|603118_2026-07-23,603629|603118,3,603629_2026-07-23|603118_2026-07-23|603407_2026-07-23,603629|603118|603407,4,603629_2026-07-23|603118_2026-07-23|603407_2026-07-23|002213_2026-07-23,603629|603118|603407|002213,0,0,0,0.0379489691448,,0,0,0,0.0350877192982,-0.00286124984662,0,,0,0,0,0.0496073517126,0.0116583825678,0,,0,0,0,0.0427439372594,0.00479496811454,0,,0,0,0,0.0379489691448,0,0,
2026-07-23,2026-07,BOARD2_ONLY,A3_REDUCED_BASE_ONLY,4,YES,1,603629_2026-07-23,603629,2,603629_2026-07-23|603407_2026-07-23,603629|603407,3,603629_2026-07-23|603407_2026-07-23|603118_2026-07-23,603629|603407|603118,4,603629_2026-07-23|603407_2026-07-23|603118_2026-07-23|002213_2026-07-23,603629|603407|603118|002213,0,0,0,0.0379489691448,,0,0,0,0.0350877192982,-0.00286124984662,0,,0,0,0,0.0320524138256,-0.00589655531927,0,,0,0,0,0.0427439372594,0.00479496811454,0,,0,0,0,0.0379489691448,0,0,
2026-07-24,2026-07,ALL_CANDIDATES,A0_ORIGINAL_18F,9,YES,1,600722_2026-07-24,600722,2,600722_2026-07-24|603619_2026-07-24,600722|603619,3,600722_2026-07-24|603619_2026-07-24|000603_2026-07-24,600722|603619|000603,5,600722_2026-07-24|603619_2026-07-24|000603_2026-07-24|600396_2026-07-24|002197_2026-07-24,600722|603619|000603|600396|002197,0.555555555556,0.222222222222,0.111111111111,0.0349902119394,0.05,0,1,1,-0.10009718173,-0.135087393669,1,0,0,0.5,0.5,-0.0285116354073,-0.0635018473467,1,0,0,0.666666666667,0.333333333333,-0.0269632064211,-0.0619534183605,1,0,0.2,0.4,0.2,0.00698238149084,-0.0280078304485,0,0.2
2026-07-24,2026-07,ALL_CANDIDATES,A1_REMOVE_D0_TIMING,9,YES,1,600722_2026-07-24,600722,2,600722_2026-07-24|603619_2026-07-24,600722|603619,3,600722_2026-07-24|603619_2026-07-24|000603_2026-07-24,600722|603619|000603,5,600722_2026-07-24|603619_2026-07-24|000603_2026-07-24|600396_2026-07-24|002197_2026-07-24,600722|603619|000603|600396|002197,0.555555555556,0.222222222222,0.111111111111,0.0349902119394,0.05,0,1,1,-0.10009718173,-0.135087393669,1,0,0,0.5,0.5,-0.0285116354073,-0.0635018473467,1,0,0,0.666666666667,0.333333333333,-0.0269632064211,-0.0619534183605,1,0,0.2,0.4,0.2,0.00698238149084,-0.0280078304485,0,0.2
2026-07-24,2026-07,ALL_CANDIDATES,A2_REMOVE_D0_TIMING_AND_TOTAL_FAMILY,9,YES,1,600722_2026-07-24,600722,2,600722_2026-07-24|603619_2026-07-24,600722|603619,3,600722_2026-07-24|603619_2026-07-24|000603_2026-07-24,600722|603619|000603,5,600722_2026-07-24|603619_2026-07-24|000603_2026-07-24|605162_2026-07-24|600396_2026-07-24,600722|603619|000603|605162|600396,0.555555555556,0.222222222222,0.111111111111,0.0349902119394,0.1,0,1,1,-0.10009718173,-0.135087393669,1,0,0,0.5,0.5,-0.0285116354073,-0.0635018473467,1,0,0,0.666666666667,0.333333333333,-0.0269632064211,-0.0619534183605,1,0,0.4,0.4,0.2,0.0118220761473,-0.023168135792,0,0.4
2026-07-24,2026-07,ALL_CANDIDATES,A3_REDUCED_BASE_ONLY,9,YES,1,600722_2026-07-24,600722,2,600722_2026-07-24|000603_2026-07-24,600722|000603,3,600722_2026-07-24|000603_2026-07-24|603619_2026-07-24,600722|000603|603619,5,600722_2026-07-24|000603_2026-07-24|603619_2026-07-24|605162_2026-07-24|600396_2026-07-24,600722|000603|603619|605162|600396,0.555555555556,0.222222222222,0.111111111111,0.0349902119394,0.1,0,1,1,-0.10009718173,-0.135087393669,1,0,0,1,0.5,-0.0619817650894,-0.0969719770287,1,0,0,0.666666666667,0.333333333333,-0.0269632064211,-0.0619534183605,1,0,0.4,0.4,0.2,0.0118220761473,-0.023168135792,0,0.4
2026-07-24,2026-07,BOARD2_ONLY,A0_ORIGINAL_18F,7,YES,1,600722_2026-07-24,600722,2,600722_2026-07-24|603619_2026-07-24,600722|603619,3,600722_2026-07-24|603619_2026-07-24|600396_2026-07-24,600722|603619|600396,5,600722_2026-07-24|603619_2026-07-24|600396_2026-07-24|605162_2026-07-24|002412_2026-07-24,600722|603619|600396|605162|002412,0.714285714286,0.142857142857,0.142857142857,0.041853818455,0,0,1,1,-0.10009718173,-0.141951000185,1,0,0,0.5,0.5,-0.0285116354073,-0.0703654538624,1,0,0.333333333333,0.333333333333,0.333333333333,0.0043255763951,-0.0375282420599,0,0.2,0.6,0.2,0.2,0.0305953458371,-0.011258472618,0,0.6
2026-07-24,2026-07,BOARD2_ONLY,A1_REMOVE_D0_TIMING,7,YES,1,600722_2026-07-24,600722,2,600722_2026-07-24|603619_2026-07-24,600722|603619,3,600722_2026-07-24|603619_2026-07-24|600396_2026-07-24,600722|603619|600396,5,600722_2026-07-24|603619_2026-07-24|600396_2026-07-24|605162_2026-07-24|002412_2026-07-24,600722|603619|600396|605162|002412,0.714285714286,0.142857142857,0.142857142857,0.041853818455,0,0,1,1,-0.10009718173,-0.141951000185,1,0,0,0.5,0.5,-0.0285116354073,-0.0703654538624,1,0,0.333333333333,0.333333333333,0.333333333333,0.0043255763951,-0.0375282420599,0,0.2,0.6,0.2,0.2,0.0305953458371,-0.011258472618,0,0.6
2026-07-24,2026-07,BOARD2_ONLY,A2_REMOVE_D0_TIMING_AND_TOTAL_FAMILY,7,YES,1,600722_2026-07-24,600722,2,600722_2026-07-24|603619_2026-07-24,600722|603619,3,600722_2026-07-24|603619_2026-07-24|605162_2026-07-24,600722|603619|605162,5,600722_2026-07-24|603619_2026-07-24|605162_2026-07-24|600396_2026-07-24|002412_2026-07-24,600722|603619|605162|600396|002412,0.714285714286,0.142857142857,0.142857142857,0.041853818455,0,0,1,1,-0.10009718173,-0.141951000185,1,0,0,0.5,0.5,-0.0285116354073,-0.0703654538624,1,0,0.333333333333,0.333333333333,0.333333333333,0.0043255763951,-0.0375282420599,0,0.2,0.6,0.2,0.2,0.0305953458371,-0.011258472618,0,0.6
2026-07-24,2026-07,BOARD2_ONLY,A3_REDUCED_BASE_ONLY,7,YES,1,600722_2026-07-24,600722,2,600722_2026-07-24|603619_2026-07-24,600722|603619,3,600722_2026-07-24|603619_2026-07-24|605162_2026-07-24,600722|603619|605162,5,600722_2026-07-24|603619_2026-07-24|605162_2026-07-24|600396_2026-07-24|002412_2026-07-24,600722|603619|605162|600396|002412,0.714285714286,0.142857142857,0.142857142857,0.041853818455,0,0,1,1,-0.10009718173,-0.141951000185,1,0,0,0.5,0.5,-0.0285116354073,-0.0703654538624,1,0,0.333333333333,0.333333333333,0.333333333333,0.0043255763951,-0.0375282420599,0,0.2,0.6,0.2,0.2,0.0305953458371,-0.011258472618,0,0.6
2026-07-24,2026-07,BOARD3_ONLY,A0_ORIGINAL_18F,2,YES,1,000603_2026-07-24,000603,2,000603_2026-07-24|002197_2026-07-24,000603|002197,2,000603_2026-07-24|002197_2026-07-24,000603|002197,2,000603_2026-07-24|002197_2026-07-24,000603|002197,0,0.5,0,0.0109675891345,,0,1,0,-0.0238663484487,-0.0348339375832,1,,0,0.5,0,0.0109675891345,0,0,,0,0.5,0,0.0109675891345,0,0,,0,0.5,0,0.0109675891345,0,0,
2026-07-24,2026-07,BOARD3_ONLY,A1_REMOVE_D0_TIMING,2,YES,1,000603_2026-07-24,000603,2,000603_2026-07-24|002197_2026-07-24,000603|002197,2,000603_2026-07-24|002197_2026-07-24,000603|002197,2,000603_2026-07-24|002197_2026-07-24,000603|002197,0,0.5,0,0.0109675891345,,0,1,0,-0.0238663484487,-0.0348339375832,1,,0,0.5,0,0.0109675891345,0,0,,0,0.5,0,0.0109675891345,0,0,,0,0.5,0,0.0109675891345,0,0,
2026-07-24,2026-07,BOARD3_ONLY,A2_REMOVE_D0_TIMING_AND_TOTAL_FAMILY,2,YES,1,000603_2026-07-24,000603,2,000603_2026-07-24|002197_2026-07-24,000603|002197,2,000603_2026-07-24|002197_2026-07-24,000603|002197,2,000603_2026-07-24|002197_2026-07-24,000603|002197,0,0.5,0,0.0109675891345,,0,1,0,-0.0238663484487,-0.0348339375832,1,,0,0.5,0,0.0109675891345,0,0,,0,0.5,0,0.0109675891345,0,0,,0,0.5,0,0.0109675891345,0,0,
2026-07-24,2026-07,BOARD3_ONLY,A3_REDUCED_BASE_ONLY,2,YES,1,000603_2026-07-24,000603,2,000603_2026-07-24|002197_2026-07-24,000603|002197,2,000603_2026-07-24|002197_2026-07-24,000603|002197,2,000603_2026-07-24|002197_2026-07-24,000603|002197,0,0.5,0,0.0109675891345,,0,1,0,-0.0238663484487,-0.0348339375832,1,,0,0.5,0,0.0109675891345,0,0,,0,0.5,0,0.0109675891345,0,0,,0,0.5,0,0.0109675891345,0,0,
2026-07-27,2026-07,ALL_CANDIDATES,A0_ORIGINAL_18F,13,YES,1,002300_2026-07-27,002300,2,002300_2026-07-27|600698_2026-07-27,002300|600698,3,002300_2026-07-27|600698_2026-07-27|002083_2026-07-27,002300|600698|002083,5,002300_2026-07-27|600698_2026-07-27|002083_2026-07-27|002498_2026-07-27|000011_2026-07-27,002300|600698|002083|002498|000011,0.153846153846,0.307692307692,0.0769230769231,0.0178451626717,0.0454545454545,0,0,0,0.0109289617486,-0.00691620092308,0,0,0,0.5,0,-0.0056301936819,-0.0234753563536,1,0,0,0.333333333333,0,-0.00149357544895,-0.0193387381206,1,0,0,0.4,0,0.00627019266619,-0.0115749700055,0,0
2026-07-27,2026-07,ALL_CANDIDATES,A1_REMOVE_D0_TIMING,13,YES,1,002300_2026-07-27,002300,2,002300_2026-07-27|600698_2026-07-27,002300|600698,3,002300_2026-07-27|600698_2026-07-27|002083_2026-07-27,002300|600698|002083,5,002300_2026-07-27|600698_2026-07-27|002083_2026-07-27|002498_2026-07-27|000011_2026-07-27,002300|600698|002083|002498|000011,0.153846153846,0.307692307692,0.0769230769231,0.0178451626717,0.0454545454545,0,0,0,0.0109289617486,-0.00691620092308,0,0,0,0.5,0,-0.0056301936819,-0.0234753563536,1,0,0,0.333333333333,0,-0.00149357544895,-0.0193387381206,1,0,0,0.4,0,0.00627019266619,-0.0115749700055,0,0
2026-07-27,2026-07,ALL_CANDIDATES,A2_REMOVE_D0_TIMING_AND_TOTAL_FAMILY,13,YES,1,002300_2026-07-27,002300,2,002300_2026-07-27|002498_2026-07-27,002300|002498,3,002300_2026-07-27|002498_2026-07-27|002083_2026-07-27,002300|002498|002083,5,002300_2026-07-27|002498_2026-07-27|002083_2026-07-27|600698_2026-07-27|002298_2026-07-27,002300|002498|002083|600698|002298,0.153846153846,0.307692307692,0.0769230769231,0.0178451626717,0.136363636364,0,0,0,0.0109289617486,-0.00691620092308,0,0,0,0,0,0.0372692146021,0.0194240519304,0,0,0,0,0,0.0271060300737,0.00926086740203,0,0,0,0.2,0,0.0231510494266,0.00530588675489,0,0
2026-07-27,2026-07,ALL_CANDIDATES,A3_REDUCED_BASE_ONLY,13,YES,1,002300_2026-07-27,002300,2,002300_2026-07-27|002298_2026-07-27,002300|002298,3,002300_2026-07-27|002298_2026-07-27|002498_2026-07-27,002300|002298|002498,5,002300_2026-07-27|002298_2026-07-27|002498_2026-07-27|600698_2026-07-27|002083_2026-07-27,002300|002298|002498|600698|002083,0.153846153846,0.307692307692,0.0769230769231,0.0178451626717,0.272727272727,0,0,0,0.0109289617486,-0.00691620092308,0,0,0,0,0,0.0337777338863,0.0159325712147,0,0,0,0,0,0.0437216450761,0.0258764824044,0,0,0,0.2,0,0.0231510494266,0.00530588675489,0,0
2026-07-27,2026-07,BOARD2_ONLY,A0_ORIGINAL_18F,12,YES,1,002300_2026-07-27,002300,2,002300_2026-07-27|600698_2026-07-27,002300|600698,3,002300_2026-07-27|600698_2026-07-27|002083_2026-07-27,002300|600698|002083,5,002300_2026-07-27|600698_2026-07-27|002083_2026-07-27|002498_2026-07-27|000011_2026-07-27,002300|600698|002083|002498|000011,0.166666666667,0.25,0,0.0253254102459,0.05,0,0,0,0.0109289617486,-0.0143964484973,0,0,0,0.5,0,-0.0056301936819,-0.0309556039278,1,0,0,0.333333333333,0,-0.00149357544895,-0.0268189856949,1,0,0,0.4,0,0.00627019266619,-0.0190552175797,0,0
2026-07-27,2026-07,BOARD2_ONLY,A1_REMOVE_D0_TIMING,12,YES,1,002300_2026-07-27,002300,2,002300_2026-07-27|600698_2026-07-27,002300|600698,3,002300_2026-07-27|600698_2026-07-27|002083_2026-07-27,002300|600698|002083,5,002300_2026-07-27|600698_2026-07-27|002083_2026-07-27|002498_2026-07-27|000011_2026-07-27,002300|600698|002083|002498|000011,0.166666666667,0.25,0,0.0253254102459,0.05,0,0,0,0.0109289617486,-0.0143964484973,0,0,0,0.5,0,-0.0056301936819,-0.0309556039278,1,0,0,0.333333333333,0,-0.00149357544895,-0.0268189856949,1,0,0,0.4,0,0.00627019266619,-0.0190552175797,0,0
2026-07-27,2026-07,BOARD2_ONLY,A2_REMOVE_D0_TIMING_AND_TOTAL_FAMILY,12,YES,1,002300_2026-07-27,002300,2,002300_2026-07-27|002498_2026-07-27,002300|002498,3,002300_2026-07-27|002498_2026-07-27|002083_2026-07-27,002300|002498|002083,5,002300_2026-07-27|002498_2026-07-27|002083_2026-07-27|600698_2026-07-27|002298_2026-07-27,002300|002498|002083|600698|002298,0.166666666667,0.25,0,0.0253254102459,0.15,0,0,0,0.0109289617486,-0.0143964484973,0,0,0,0,0,0.0372692146021,0.0119438043562,0,0,0,0,0,0.0271060300737,0.00178061982779,0,0,0,0.2,0,0.0231510494266,-0.00217436081935,0,0
2026-07-27,2026-07,BOARD2_ONLY,A3_REDUCED_BASE_ONLY,12,YES,1,002300_2026-07-27,002300,2,002300_2026-07-27|002298_2026-07-27,002300|002298,3,002300_2026-07-27|002298_2026-07-27|002498_2026-07-27,002300|002298|002498,5,002300_2026-07-27|002298_2026-07-27|002498_2026-07-27|600698_2026-07-27|002083_2026-07-27,002300|002298|002498|600698|002083,0.166666666667,0.25,0,0.0253254102459,0.3,0,0,0,0.0109289617486,-0.0143964484973,0,0,0,0,0,0.0337777338863,0.00845232364043,0,0,0,0,0,0.0437216450761,0.0183962348302,0,0,0,0.2,0,0.0231510494266,-0.00217436081935,0,0
2026-07-27,2026-07,BOARD3_ONLY,A0_ORIGINAL_18F,1,YES,1,000595_2026-07-27,000595,1,000595_2026-07-27,000595,1,000595_2026-07-27,000595,1,000595_2026-07-27,000595,0,1,1,-0.0719178082192,,0,1,1,-0.0719178082192,0,1,,0,1,1,-0.0719178082192,0,1,,0,1,1,-0.0719178082192,0,1,,0,1,1,-0.0719178082192,0,1,
2026-07-27,2026-07,BOARD3_ONLY,A1_REMOVE_D0_TIMING,1,YES,1,000595_2026-07-27,000595,1,000595_2026-07-27,000595,1,000595_2026-07-27,000595,1,000595_2026-07-27,000595,0,1,1,-0.0719178082192,,0,1,1,-0.0719178082192,0,1,,0,1,1,-0.0719178082192,0,1,,0,1,1,-0.0719178082192,0,1,,0,1,1,-0.0719178082192,0,1,
2026-07-27,2026-07,BOARD3_ONLY,A2_REMOVE_D0_TIMING_AND_TOTAL_FAMILY,1,YES,1,000595_2026-07-27,000595,1,000595_2026-07-27,000595,1,000595_2026-07-27,000595,1,000595_2026-07-27,000595,0,1,1,-0.0719178082192,,0,1,1,-0.0719178082192,0,1,,0,1,1,-0.0719178082192,0,1,,0,1,1,-0.0719178082192,0,1,,0,1,1,-0.0719178082192,0,1,
2026-07-27,2026-07,BOARD3_ONLY,A3_REDUCED_BASE_ONLY,1,YES,1,000595_2026-07-27,000595,1,000595_2026-07-27,000595,1,000595_2026-07-27,000595,1,000595_2026-07-27,000595,0,1,1,-0.0719178082192,,0,1,1,-0.0719178082192,0,1,,0,1,1,-0.0719178082192,0,1,,0,1,1,-0.0719178082192,0,1,,0,1,1,-0.0719178082192,0,1,
2026-07-28,2026-07,ALL_CANDIDATES,A0_ORIGINAL_18F,3,YES,1,601606_2026-07-28,601606,2,601606_2026-07-28|600617_2026-07-28,601606|600617,3,601606_2026-07-28|600617_2026-07-28|603690_2026-07-28,601606|600617|603690,3,601606_2026-07-28|600617_2026-07-28|603690_2026-07-28,601606|600617|603690,0.333333333333,0.333333333333,0,0.0306164601977,1,1,0,0,0.07,0.0393835398023,0,1,0.5,0,0,0.068434650456,0.0378181902582,0,1,0.333333333333,0.333333333333,0,0.0306164601977,0,0,1,0.333333333333,0.333333333333,0,0.0306164601977,0,0,1
2026-07-28,2026-07,ALL_CANDIDATES,A1_REMOVE_D0_TIMING,3,YES,1,601606_2026-07-28,601606,2,601606_2026-07-28|600617_2026-07-28,601606|600617,3,601606_2026-07-28|600617_2026-07-28|603690_2026-07-28,601606|600617|603690,3,601606_2026-07-28|600617_2026-07-28|603690_2026-07-28,601606|600617|603690,0.333333333333,0.333333333333,0,0.0306164601977,1,1,0,0,0.07,0.0393835398023,0,1,0.5,0,0,0.068434650456,0.0378181902582,0,1,0.333333333333,0.333333333333,0,0.0306164601977,0,0,1,0.333333333333,0.333333333333,0,0.0306164601977,0,0,1
2026-07-28,2026-07,ALL_CANDIDATES,A2_REMOVE_D0_TIMING_AND_TOTAL_FAMILY,3,YES,1,601606_2026-07-28,601606,2,601606_2026-07-28|600617_2026-07-28,601606|600617,3,601606_2026-07-28|600617_2026-07-28|603690_2026-07-28,601606|600617|603690,3,601606_2026-07-28|600617_2026-07-28|603690_2026-07-28,601606|600617|603690,0.333333333333,0.333333333333,0,0.0306164601977,1,1,0,0,0.07,0.0393835398023,0,1,0.5,0,0,0.068434650456,0.0378181902582,0,1,0.333333333333,0.333333333333,0,0.0306164601977,0,0,1,0.333333333333,0.333333333333,0,0.0306164601977,0,0,1
2026-07-28,2026-07,ALL_CANDIDATES,A3_REDUCED_BASE_ONLY,3,YES,1,601606_2026-07-28,601606,2,601606_2026-07-28|603690_2026-07-28,601606|603690,3,601606_2026-07-28|603690_2026-07-28|600617_2026-07-28,601606|603690|600617,3,601606_2026-07-28|603690_2026-07-28|600617_2026-07-28,601606|603690|600617,0.333333333333,0.333333333333,0,0.0306164601977,1,1,0,0,0.07,0.0393835398023,0,1,0.5,0.5,0,0.0124900398407,-0.0181264203571,0,1,0.333333333333,0.333333333333,0,0.0306164601977,0,0,1,0.333333333333,0.333333333333,0,0.0306164601977,0,0,1
2026-07-28,2026-07,BOARD2_ONLY,A0_ORIGINAL_18F,2,YES,1,600617_2026-07-28,600617,2,600617_2026-07-28|603690_2026-07-28,600617|603690,2,600617_2026-07-28|603690_2026-07-28,600617|603690,2,600617_2026-07-28|603690_2026-07-28,600617|603690,0,0.5,0,0.0109246902966,,0,0,0,0.0668693009119,0.0559446106153,0,,0,0.5,0,0.0109246902966,0,0,,0,0.5,0,0.0109246902966,0,0,,0,0.5,0,0.0109246902966,0,0,
2026-07-28,2026-07,BOARD2_ONLY,A1_REMOVE_D0_TIMING,2,YES,1,600617_2026-07-28,600617,2,600617_2026-07-28|603690_2026-07-28,600617|603690,2,600617_2026-07-28|603690_2026-07-28,600617|603690,2,600617_2026-07-28|603690_2026-07-28,600617|603690,0,0.5,0,0.0109246902966,,0,0,0,0.0668693009119,0.0559446106153,0,,0,0.5,0,0.0109246902966,0,0,,0,0.5,0,0.0109246902966,0,0,,0,0.5,0,0.0109246902966,0,0,
2026-07-28,2026-07,BOARD2_ONLY,A2_REMOVE_D0_TIMING_AND_TOTAL_FAMILY,2,YES,1,600617_2026-07-28,600617,2,600617_2026-07-28|603690_2026-07-28,600617|603690,2,600617_2026-07-28|603690_2026-07-28,600617|603690,2,600617_2026-07-28|603690_2026-07-28,600617|603690,0,0.5,0,0.0109246902966,,0,0,0,0.0668693009119,0.0559446106153,0,,0,0.5,0,0.0109246902966,0,0,,0,0.5,0,0.0109246902966,0,0,,0,0.5,0,0.0109246902966,0,0,
2026-07-28,2026-07,BOARD2_ONLY,A3_REDUCED_BASE_ONLY,2,YES,1,603690_2026-07-28,603690,2,603690_2026-07-28|600617_2026-07-28,603690|600617,2,603690_2026-07-28|600617_2026-07-28,603690|600617,2,603690_2026-07-28|600617_2026-07-28,603690|600617,0,0.5,0,0.0109246902966,,0,1,0,-0.0450199203187,-0.0559446106153,1,,0,0.5,0,0.0109246902966,0,0,,0,0.5,0,0.0109246902966,0,0,,0,0.5,0,0.0109246902966,0,0,
2026-07-28,2026-07,BOARD3_ONLY,A0_ORIGINAL_18F,1,YES,1,601606_2026-07-28,601606,1,601606_2026-07-28,601606,1,601606_2026-07-28,601606,1,601606_2026-07-28,601606,1,0,0,0.07,,1,0,0,0.07,0,0,1,1,0,0,0.07,0,0,1,1,0,0,0.07,0,0,1,1,0,0,0.07,0,0,1
2026-07-28,2026-07,BOARD3_ONLY,A1_REMOVE_D0_TIMING,1,YES,1,601606_2026-07-28,601606,1,601606_2026-07-28,601606,1,601606_2026-07-28,601606,1,601606_2026-07-28,601606,1,0,0,0.07,,1,0,0,0.07,0,0,1,1,0,0,0.07,0,0,1,1,0,0,0.07,0,0,1,1,0,0,0.07,0,0,1
2026-07-28,2026-07,BOARD3_ONLY,A2_REMOVE_D0_TIMING_AND_TOTAL_FAMILY,1,YES,1,601606_2026-07-28,601606,1,601606_2026-07-28,601606,1,601606_2026-07-28,601606,1,601606_2026-07-28,601606,1,0,0,0.07,,1,0,0,0.07,0,0,1,1,0,0,0.07,0,0,1,1,0,0,0.07,0,0,1,1,0,0,0.07,0,0,1
2026-07-28,2026-07,BOARD3_ONLY,A3_REDUCED_BASE_ONLY,1,YES,1,601606_2026-07-28,601606,1,601606_2026-07-28,601606,1,601606_2026-07-28,601606,1,601606_2026-07-28,601606,1,0,0,0.07,,1,0,0,0.07,0,0,1,1,0,0,0.07,0,0,1,1,0,0,0.07,0,0,1,1,0,0,0.07,0,0,1
2026-07-29,2026-07,ALL_CANDIDATES,A0_ORIGINAL_18F,10,YES,1,002388_2026-07-29,002388,2,002388_2026-07-29|002969_2026-07-29,002388|002969,3,002388_2026-07-29|002969_2026-07-29|002173_2026-07-29,002388|002969|002173,5,002388_2026-07-29|002969_2026-07-29|002173_2026-07-29|002309_2026-07-29|603358_2026-07-29,002388|002969|002173|002309|603358,0.1,0.4,0,0.00894211105584,0.111111111111,0,1,0,-0.0460921843687,-0.0550342954245,1,0,0,0.5,0,-0.0013593451964,-0.0103014562522,1,0,0,0.333333333333,0,0.00421435130283,-0.00472775975301,0,0,0,0.4,0,-0.00448402933352,-0.0134261403894,1,0
2026-07-29,2026-07,ALL_CANDIDATES,A1_REMOVE_D0_TIMING,10,YES,1,002388_2026-07-29,002388,2,002388_2026-07-29|002969_2026-07-29,002388|002969,3,002388_2026-07-29|002969_2026-07-29|002173_2026-07-29,002388|002969|002173,5,002388_2026-07-29|002969_2026-07-29|002173_2026-07-29|002309_2026-07-29|603358_2026-07-29,002388|002969|002173|002309|603358,0.1,0.4,0,0.00894211105584,0.111111111111,0,1,0,-0.0460921843687,-0.0550342954245,1,0,0,0.5,0,-0.0013593451964,-0.0103014562522,1,0,0,0.333333333333,0,0.00421435130283,-0.00472775975301,0,0,0,0.4,0,-0.00448402933352,-0.0134261403894,1,0
2026-07-29,2026-07,ALL_CANDIDATES,A2_REMOVE_D0_TIMING_AND_TOTAL_FAMILY,10,YES,1,002388_2026-07-29,002388,2,002388_2026-07-29|002969_2026-07-29,002388|002969,3,002388_2026-07-29|002969_2026-07-29|002173_2026-07-29,002388|002969|002173,5,002388_2026-07-29|002969_2026-07-29|002173_2026-07-29|002309_2026-07-29|603358_2026-07-29,002388|002969|002173|002309|603358,0.1,0.4,0,0.00894211105584,0.111111111111,0,1,0,-0.0460921843687,-0.0550342954245,1,0,0,0.5,0,-0.0013593451964,-0.0103014562522,1,0,0,0.333333333333,0,0.00421435130283,-0.00472775975301,0,0,0,0.4,0,-0.00448402933352,-0.0134261403894,1,0
2026-07-29,2026-07,ALL_CANDIDATES,A3_REDUCED_BASE_ONLY,10,YES,1,002969_2026-07-29,002969,2,002969_2026-07-29|603358_2026-07-29,002969|603358,3,002969_2026-07-29|603358_2026-07-29|002388_2026-07-29,002969|603358|002388,5,002969_2026-07-29|603358_2026-07-29|002388_2026-07-29|002173_2026-07-29|002309_2026-07-29,002969|603358|002388|002173|002309,0.1,0.4,0,0.00894211105584,0.222222222222,0,0,0,0.0433734939759,0.0344313829201,0,0,0,0.5,0,-0.0020753828951,-0.0110174939509,1,0,0,0.666666666667,0,-0.016747650053,-0.0256897611088,1,0,0,0.4,0,-0.00448402933352,-0.0134261403894,1,0
2026-07-29,2026-07,BOARD2_ONLY,A0_ORIGINAL_18F,9,YES,1,002969_2026-07-29,002969,2,002969_2026-07-29|002173_2026-07-29,002969|002173,3,002969_2026-07-29|002173_2026-07-29|002309_2026-07-29,002969|002173|002309,5,002969_2026-07-29|002173_2026-07-29|002309_2026-07-29|603358_2026-07-29|002310_2026-07-29,002969|002173|002309|603358|002310,0.111111111111,0.333333333333,0,0.0150570327697,0.125,0,0,0,0.0433734939759,0.0283164612062,0,0,0,0,0,0.0293676191386,0.0143105863689,0,0,0,0,0,0.0237320991557,0.00867506638605,0,0,0,0.4,0,0.00085843854798,-0.0141985942217,0,0
2026-07-29,2026-07,BOARD2_ONLY,A1_REMOVE_D0_TIMING,9,YES,1,002969_2026-07-29,002969,2,002969_2026-07-29|002173_2026-07-29,002969|002173,3,002969_2026-07-29|002173_2026-07-29|002309_2026-07-29,002969|002173|002309,5,002969_2026-07-29|002173_2026-07-29|002309_2026-07-29|603358_2026-07-29|002310_2026-07-29,002969|002173|002309|603358|002310,0.111111111111,0.333333333333,0,0.0150570327697,0.125,0,0,0,0.0433734939759,0.0283164612062,0,0,0,0,0,0.0293676191386,0.0143105863689,0,0,0,0,0,0.0237320991557,0.00867506638605,0,0,0,0.4,0,0.00085843854798,-0.0141985942217,0,0
2026-07-29,2026-07,BOARD2_ONLY,A2_REMOVE_D0_TIMING_AND_TOTAL_FAMILY,9,YES,1,002969_2026-07-29,002969,2,002969_2026-07-29|002173_2026-07-29,002969|002173,3,002969_2026-07-29|002173_2026-07-29|002309_2026-07-29,002969|002173|002309,5,002969_2026-07-29|002173_2026-07-29|002309_2026-07-29|603358_2026-07-29|002310_2026-07-29,002969|002173|002309|603358|002310,0.111111111111,0.333333333333,0,0.0150570327697,0.125,0,0,0,0.0433734939759,0.0283164612062,0,0,0,0,0,0.0293676191386,0.0143105863689,0,0,0,0,0,0.0237320991557,0.00867506638605,0,0,0,0.4,0,0.00085843854798,-0.0141985942217,0,0
2026-07-29,2026-07,BOARD2_ONLY,A3_REDUCED_BASE_ONLY,9,YES,1,002969_2026-07-29,002969,2,002969_2026-07-29|603358_2026-07-29,002969|603358,3,002969_2026-07-29|603358_2026-07-29|002173_2026-07-29,002969|603358|002173,5,002969_2026-07-29|603358_2026-07-29|002173_2026-07-29|002309_2026-07-29|603389_2026-07-29,002969|603358|002173|002309|603389,0.111111111111,0.333333333333,0,0.0150570327697,0.25,0,0,0,0.0433734939759,0.0283164612062,0,0,0,0.5,0,-0.0020753828951,-0.0171324156648,1,0,0,0.333333333333,0,0.00373699283703,-0.0113200399326,0,0,0,0.4,0,0.00385862971123,-0.0111984030585,0,0
2026-07-29,2026-07,BOARD3_ONLY,A0_ORIGINAL_18F,1,YES,1,002388_2026-07-29,002388,1,002388_2026-07-29,002388,1,002388_2026-07-29,002388,1,002388_2026-07-29,002388,0,1,0,-0.0460921843687,,0,1,0,-0.0460921843687,0,1,,0,1,0,-0.0460921843687,0,1,,0,1,0,-0.0460921843687,0,1,,0,1,0,-0.0460921843687,0,1,
2026-07-29,2026-07,BOARD3_ONLY,A1_REMOVE_D0_TIMING,1,YES,1,002388_2026-07-29,002388,1,002388_2026-07-29,002388,1,002388_2026-07-29,002388,1,002388_2026-07-29,002388,0,1,0,-0.0460921843687,,0,1,0,-0.0460921843687,0,1,,0,1,0,-0.0460921843687,0,1,,0,1,0,-0.0460921843687,0,1,,0,1,0,-0.0460921843687,0,1,
2026-07-29,2026-07,BOARD3_ONLY,A2_REMOVE_D0_TIMING_AND_TOTAL_FAMILY,1,YES,1,002388_2026-07-29,002388,1,002388_2026-07-29,002388,1,002388_2026-07-29,002388,1,002388_2026-07-29,002388,0,1,0,-0.0460921843687,,0,1,0,-0.0460921843687,0,1,,0,1,0,-0.0460921843687,0,1,,0,1,0,-0.0460921843687,0,1,,0,1,0,-0.0460921843687,0,1,
2026-07-29,2026-07,BOARD3_ONLY,A3_REDUCED_BASE_ONLY,1,YES,1,002388_2026-07-29,002388,1,002388_2026-07-29,002388,1,002388_2026-07-29,002388,1,002388_2026-07-29,002388,0,1,0,-0.0460921843687,,0,1,0,-0.0460921843687,0,1,,0,1,0,-0.0460921843687,0,1,,0,1,0,-0.0460921843687,0,1,,0,1,0,-0.0460921843687,0,1,
2026-07-30,2026-07,ALL_CANDIDATES,A0_ORIGINAL_18F,7,NO,1,603580_2026-07-30,603580,2,603580_2026-07-30|002199_2026-07-30,603580|002199,3,603580_2026-07-30|002199_2026-07-30|600693_2026-07-30,603580|002199|600693,5,603580_2026-07-30|002199_2026-07-30|600693_2026-07-30|001358_2026-07-30|603400_2026-07-30,603580|002199|600693|001358|603400,,,,,,,,,,,,,,,,,,,,,,,,,,,,,,,,,
2026-07-30,2026-07,ALL_CANDIDATES,A1_REMOVE_D0_TIMING,7,NO,1,603580_2026-07-30,603580,2,603580_2026-07-30|002199_2026-07-30,603580|002199,3,603580_2026-07-30|002199_2026-07-30|600693_2026-07-30,603580|002199|600693,5,603580_2026-07-30|002199_2026-07-30|600693_2026-07-30|001358_2026-07-30|603400_2026-07-30,603580|002199|600693|001358|603400,,,,,,,,,,,,,,,,,,,,,,,,,,,,,,,,,
2026-07-30,2026-07,ALL_CANDIDATES,A2_REMOVE_D0_TIMING_AND_TOTAL_FAMILY,7,NO,1,603580_2026-07-30,603580,2,603580_2026-07-30|002199_2026-07-30,603580|002199,3,603580_2026-07-30|002199_2026-07-30|600693_2026-07-30,603580|002199|600693,5,603580_2026-07-30|002199_2026-07-30|600693_2026-07-30|001358_2026-07-30|603400_2026-07-30,603580|002199|600693|001358|603400,,,,,,,,,,,,,,,,,,,,,,,,,,,,,,,,,
2026-07-30,2026-07,ALL_CANDIDATES,A3_REDUCED_BASE_ONLY,7,NO,1,603580_2026-07-30,603580,2,603580_2026-07-30|002199_2026-07-30,603580|002199,3,603580_2026-07-30|002199_2026-07-30|603400_2026-07-30,603580|002199|603400,5,603580_2026-07-30|002199_2026-07-30|603400_2026-07-30|600693_2026-07-30|001358_2026-07-30,603580|002199|603400|600693|001358,,,,,,,,,,,,,,,,,,,,,,,,,,,,,,,,,
2026-07-30,2026-07,BOARD2_ONLY,A0_ORIGINAL_18F,5,NO,1,603580_2026-07-30,603580,2,603580_2026-07-30|002199_2026-07-30,603580|002199,3,603580_2026-07-30|002199_2026-07-30|600693_2026-07-30,603580|002199|600693,5,603580_2026-07-30|002199_2026-07-30|600693_2026-07-30|603400_2026-07-30|002212_2026-07-30,603580|002199|600693|603400|002212,,,,,,,,,,,,,,,,,,,,,,,,,,,,,,,,,
2026-07-30,2026-07,BOARD2_ONLY,A1_REMOVE_D0_TIMING,5,NO,1,603580_2026-07-30,603580,2,603580_2026-07-30|002199_2026-07-30,603580|002199,3,603580_2026-07-30|002199_2026-07-30|600693_2026-07-30,603580|002199|600693,5,603580_2026-07-30|002199_2026-07-30|600693_2026-07-30|603400_2026-07-30|002212_2026-07-30,603580|002199|600693|603400|002212,,,,,,,,,,,,,,,,,,,,,,,,,,,,,,,,,
2026-07-30,2026-07,BOARD2_ONLY,A2_REMOVE_D0_TIMING_AND_TOTAL_FAMILY,5,NO,1,603580_2026-07-30,603580,2,603580_2026-07-30|002199_2026-07-30,603580|002199,3,603580_2026-07-30|002199_2026-07-30|600693_2026-07-30,603580|002199|600693,5,603580_2026-07-30|002199_2026-07-30|600693_2026-07-30|603400_2026-07-30|002212_2026-07-30,603580|002199|600693|603400|002212,,,,,,,,,,,,,,,,,,,,,,,,,,,,,,,,,
2026-07-30,2026-07,BOARD2_ONLY,A3_REDUCED_BASE_ONLY,5,NO,1,603580_2026-07-30,603580,2,603580_2026-07-30|002199_2026-07-30,603580|002199,3,603580_2026-07-30|002199_2026-07-30|603400_2026-07-30,603580|002199|603400,5,603580_2026-07-30|002199_2026-07-30|603400_2026-07-30|600693_2026-07-30|002212_2026-07-30,603580|002199|603400|600693|002212,,,,,,,,,,,,,,,,,,,,,,,,,,,,,,,,,
2026-07-30,2026-07,BOARD3_ONLY,A0_ORIGINAL_18F,2,NO,1,001358_2026-07-30,001358,2,001358_2026-07-30|000428_2026-07-30,001358|000428,2,001358_2026-07-30|000428_2026-07-30,001358|000428,2,001358_2026-07-30|000428_2026-07-30,001358|000428,,,,,,,,,,,,,,,,,,,,,,,,,,,,,,,,,
2026-07-30,2026-07,BOARD3_ONLY,A1_REMOVE_D0_TIMING,2,NO,1,001358_2026-07-30,001358,2,001358_2026-07-30|000428_2026-07-30,001358|000428,2,001358_2026-07-30|000428_2026-07-30,001358|000428,2,001358_2026-07-30|000428_2026-07-30,001358|000428,,,,,,,,,,,,,,,,,,,,,,,,,,,,,,,,,
2026-07-30,2026-07,BOARD3_ONLY,A2_REMOVE_D0_TIMING_AND_TOTAL_FAMILY,2,NO,1,001358_2026-07-30,001358,2,001358_2026-07-30|000428_2026-07-30,001358|000428,2,001358_2026-07-30|000428_2026-07-30,001358|000428,2,001358_2026-07-30|000428_2026-07-30,001358|000428,,,,,,,,,,,,,,,,,,,,,,,,,,,,,,,,,
2026-07-30,2026-07,BOARD3_ONLY,A3_REDUCED_BASE_ONLY,2,NO,1,001358_2026-07-30,001358,2,001358_2026-07-30|000428_2026-07-30,001358|000428,2,001358_2026-07-30|000428_2026-07-30,001358|000428,2,001358_2026-07-30|000428_2026-07-30,001358|000428,,,,,,,,,,,,,,,,,,,,,,,,,,,,,,,,,
2026-07-31,2026-07,ALL_CANDIDATES,A0_ORIGINAL_18F,5,NO,1,002882_2026-07-31,002882,2,002882_2026-07-31|600228_2026-07-31,002882|600228,3,002882_2026-07-31|600228_2026-07-31|605388_2026-07-31,002882|600228|605388,5,002882_2026-07-31|600228_2026-07-31|605388_2026-07-31|603556_2026-07-31|601003_2026-07-31,002882|600228|605388|603556|601003,,,,,,,,,,,,,,,,,,,,,,,,,,,,,,,,,
2026-07-31,2026-07,ALL_CANDIDATES,A1_REMOVE_D0_TIMING,5,NO,1,002882_2026-07-31,002882,2,002882_2026-07-31|600228_2026-07-31,002882|600228,3,002882_2026-07-31|600228_2026-07-31|605388_2026-07-31,002882|600228|605388,5,002882_2026-07-31|600228_2026-07-31|605388_2026-07-31|603556_2026-07-31|601003_2026-07-31,002882|600228|605388|603556|601003,,,,,,,,,,,,,,,,,,,,,,,,,,,,,,,,,
2026-07-31,2026-07,ALL_CANDIDATES,A2_REMOVE_D0_TIMING_AND_TOTAL_FAMILY,5,NO,1,002882_2026-07-31,002882,2,002882_2026-07-31|600228_2026-07-31,002882|600228,3,002882_2026-07-31|600228_2026-07-31|605388_2026-07-31,002882|600228|605388,5,002882_2026-07-31|600228_2026-07-31|605388_2026-07-31|603556_2026-07-31|601003_2026-07-31,002882|600228|605388|603556|601003,,,,,,,,,,,,,,,,,,,,,,,,,,,,,,,,,
2026-07-31,2026-07,ALL_CANDIDATES,A3_REDUCED_BASE_ONLY,5,NO,1,002882_2026-07-31,002882,2,002882_2026-07-31|600228_2026-07-31,002882|600228,3,002882_2026-07-31|600228_2026-07-31|603556_2026-07-31,002882|600228|603556,5,002882_2026-07-31|600228_2026-07-31|603556_2026-07-31|605388_2026-07-31|601003_2026-07-31,002882|600228|603556|605388|601003,,,,,,,,,,,,,,,,,,,,,,,,,,,,,,,,,
2026-07-31,2026-07,BOARD2_ONLY,A0_ORIGINAL_18F,5,NO,1,002882_2026-07-31,002882,2,002882_2026-07-31|600228_2026-07-31,002882|600228,3,002882_2026-07-31|600228_2026-07-31|605388_2026-07-31,002882|600228|605388,5,002882_2026-07-31|600228_2026-07-31|605388_2026-07-31|603556_2026-07-31|601003_2026-07-31,002882|600228|605388|603556|601003,,,,,,,,,,,,,,,,,,,,,,,,,,,,,,,,,
2026-07-31,2026-07,BOARD2_ONLY,A1_REMOVE_D0_TIMING,5,NO,1,002882_2026-07-31,002882,2,002882_2026-07-31|600228_2026-07-31,002882|600228,3,002882_2026-07-31|600228_2026-07-31|605388_2026-07-31,002882|600228|605388,5,002882_2026-07-31|600228_2026-07-31|605388_2026-07-31|603556_2026-07-31|601003_2026-07-31,002882|600228|605388|603556|601003,,,,,,,,,,,,,,,,,,,,,,,,,,,,,,,,,
2026-07-31,2026-07,BOARD2_ONLY,A2_REMOVE_D0_TIMING_AND_TOTAL_FAMILY,5,NO,1,002882_2026-07-31,002882,2,002882_2026-07-31|600228_2026-07-31,002882|600228,3,002882_2026-07-31|600228_2026-07-31|605388_2026-07-31,002882|600228|605388,5,002882_2026-07-31|600228_2026-07-31|605388_2026-07-31|603556_2026-07-31|601003_2026-07-31,002882|600228|605388|603556|601003,,,,,,,,,,,,,,,,,,,,,,,,,,,,,,,,,
2026-07-31,2026-07,BOARD2_ONLY,A3_REDUCED_BASE_ONLY,5,NO,1,002882_2026-07-31,002882,2,002882_2026-07-31|600228_2026-07-31,002882|600228,3,002882_2026-07-31|600228_2026-07-31|603556_2026-07-31,002882|600228|603556,5,002882_2026-07-31|600228_2026-07-31|603556_2026-07-31|605388_2026-07-31|601003_2026-07-31,002882|600228|603556|605388|601003,,,,,,,,,,,,,,,,,,,,,,,,,,,,,,,,,
