case_id,loss_case_id,signal_date,pair_type,feature_order,feature_name,target_event_id,loss_event_id,target_value,loss_value,difference,target_value_provenance,loss_value_provenance
LOSSCASE_001_A,LOSSCASE_001,2026-05-14,HIGHEST_RANKED_OUTSIDE_TARGET7,1,board_streak_is_3,000767_2026-05-14,603203_2026-05-14,0.0,0.0,0.0,reports/research/v004c_pairwise_v1_feature_contract_v002_20260506_20260630/v004c_pairwise_v1_input_table_v002.csv,reports/research/v004c_pairwise_v1_feature_contract_v002_20260506_20260630/v004c_pairwise_v1_input_table_v002.csv
LOSSCASE_001_A,LOSSCASE_001,2026-05-14,HIGHEST_RANKED_OUTSIDE_TARGET7,2,max_board_streak_20d,000767_2026-05-14,603203_2026-05-14,2.0,2.0,0.0,reports/research/v004c_pairwise_v1_feature_contract_v002_20260506_20260630/v004c_pairwise_v1_input_table_v002.csv,reports/research/v004c_pairwise_v1_feature_contract_v002_20260506_20260630/v004c_pairwise_v1_input_table_v002.csv
LOSSCASE_001_A,LOSSCASE_001,2026-05-14,HIGHEST_RANKED_OUTSIDE_TARGET7,3,recent_limit_up_count_10d,000767_2026-05-14,603203_2026-05-14,2.0,2.0,0.0,reports/research/v004c_pairwise_v1_feature_contract_v002_20260506_20260630/v004c_pairwise_v1_input_table_v002.csv,reports/research/v004c_pairwise_v1_feature_contract_v002_20260506_20260630/v004c_pairwise_v1_input_table_v002.csv
LOSSCASE_001_A,LOSSCASE_001,2026-05-14,HIGHEST_RANKED_OUTSIDE_TARGET7,4,recent_limit_up_count_20d,000767_2026-05-14,603203_2026-05-14,2.0,3.0,-1.0,reports/research/v004c_pairwise_v1_feature_contract_v002_20260506_20260630/v004c_pairwise_v1_input_table_v002.csv,reports/research/v004c_pairwise_v1_feature_contract_v002_20260506_20260630/v004c_pairwise_v1_input_table_v002.csv
LOSSCASE_001_A,LOSSCASE_001,2026-05-14,HIGHEST_RANKED_OUTSIDE_TARGET7,5,recent_pool_appearance_count_10d,000767_2026-05-14,603203_2026-05-14,2.0,2.0,0.0,reports/research/v004c_pairwise_v1_feature_contract_v002_20260506_20260630/v004c_pairwise_v1_input_table_v002.csv,reports/research/v004c_pairwise_v1_feature_contract_v002_20260506_20260630/v004c_pairwise_v1_input_table_v002.csv
LOSSCASE_001_A,LOSSCASE_001,2026-05-14,HIGHEST_RANKED_OUTSIDE_TARGET7,6,recent_pool_appearance_count_20d,000767_2026-05-14,603203_2026-05-14,2.0,3.0,-1.0,reports/research/v004c_pairwise_v1_feature_contract_v002_20260506_20260630/v004c_pairwise_v1_input_table_v002.csv,reports/research/v004c_pairwise_v1_feature_contract_v002_20260506_20260630/v004c_pairwise_v1_input_table_v002.csv
LOSSCASE_001_A,LOSSCASE_001,2026-05-14,HIGHEST_RANKED_OUTSIDE_TARGET7,7,board_day_volume_rank,000767_2026-05-14,603203_2026-05-14,13.0,83.0,-70.0,reports/research/v004c_pairwise_v1_feature_contract_v002_20260506_20260630/v004c_pairwise_v1_input_table_v002.csv,reports/research/v004c_pairwise_v1_feature_contract_v002_20260506_20260630/v004c_pairwise_v1_input_table_v002.csv
LOSSCASE_001_A,LOSSCASE_001,2026-05-14,HIGHEST_RANKED_OUTSIDE_TARGET7,8,break_open_return,000767_2026-05-14,603203_2026-05-14,0.09765625,0.023890784982935,0.073765465017065,reports/research/v004c_pairwise_v1_feature_contract_v002_20260506_20260630/v004c_pairwise_v1_input_table_v002.csv,reports/research/v004c_pairwise_v1_feature_contract_v002_20260506_20260630/v004c_pairwise_v1_input_table_v002.csv
LOSSCASE_001_A,LOSSCASE_001,2026-05-14,HIGHEST_RANKED_OUTSIDE_TARGET7,9,break_high_return,000767_2026-05-14,603203_2026-05-14,0.09765625,0.0999512432959532,-0.0022949932959532016,reports/research/v004c_pairwise_v1_feature_contract_v002_20260506_20260630/v004c_pairwise_v1_input_table_v002.csv,reports/research/v004c_pairwise_v1_feature_contract_v002_20260506_20260630/v004c_pairwise_v1_input_table_v002.csv
LOSSCASE_001_A,LOSSCASE_001,2026-05-14,HIGHEST_RANKED_OUTSIDE_TARGET7,10,break_close_return,000767_2026-05-14,603203_2026-05-14,-0.08203125,0.0503819275150332,-0.1324131775150332,reports/research/v004c_pairwise_v1_feature_contract_v002_20260506_20260630/v004c_pairwise_v1_input_table_v002.csv,reports/research/v004c_pairwise_v1_feature_contract_v002_20260506_20260630/v004c_pairwise_v1_input_table_v002.csv
LOSSCASE_001_A,LOSSCASE_001,2026-05-14,HIGHEST_RANKED_OUTSIDE_TARGET7,11,break_touched_limit_up,000767_2026-05-14,603203_2026-05-14,1.0,1.0,0.0,reports/research/v004c_pairwise_v1_feature_contract_v002_20260506_20260630/v004c_pairwise_v1_input_table_v002.csv,reports/research/v004c_pairwise_v1_feature_contract_v002_20260506_20260630/v004c_pairwise_v1_input_table_v002.csv
LOSSCASE_001_A,LOSSCASE_001,2026-05-14,HIGHEST_RANKED_OUTSIDE_TARGET7,12,break_opened_from_limit_up,000767_2026-05-14,603203_2026-05-14,1.0,0.0,1.0,reports/research/v004c_pairwise_v1_feature_contract_v002_20260506_20260630/v004c_pairwise_v1_input_table_v002.csv,reports/research/v004c_pairwise_v1_feature_contract_v002_20260506_20260630/v004c_pairwise_v1_input_table_v002.csv
LOSSCASE_001_A,LOSSCASE_001,2026-05-14,HIGHEST_RANKED_OUTSIDE_TARGET7,13,break_upper_shadow_ratio,000767_2026-05-14,603203_2026-05-14,0.0,0.4565868263473066,-0.4565868263473066,reports/research/v004c_pairwise_v1_feature_contract_v002_20260506_20260630/v004c_pairwise_v1_input_table_v002.csv,reports/research/v004c_pairwise_v1_feature_contract_v002_20260506_20260630/v004c_pairwise_v1_input_table_v002.csv
LOSSCASE_001_A,LOSSCASE_001,2026-05-14,HIGHEST_RANKED_OUTSIDE_TARGET7,14,break_lower_shadow_ratio,000767_2026-05-14,603203_2026-05-14,0.0212765957446813,0.2994011976047901,-0.2781246018601088,reports/research/v004c_pairwise_v1_feature_contract_v002_20260506_20260630/v004c_pairwise_v1_input_table_v002.csv,reports/research/v004c_pairwise_v1_feature_contract_v002_20260506_20260630/v004c_pairwise_v1_input_table_v002.csv
LOSSCASE_001_A,LOSSCASE_001,2026-05-14,HIGHEST_RANKED_OUTSIDE_TARGET7,15,d1_high_to_close_drawdown_raw,000767_2026-05-14,603203_2026-05-14,0.1637010676156583,0.0450650118203311,0.11863605579532721,reports/research/v004c_pairwise_v1_feature_contract_v002_20260506_20260630/v004c_pairwise_v1_input_table_v002.csv,reports/research/v004c_pairwise_v1_feature_contract_v002_20260506_20260630/v004c_pairwise_v1_input_table_v002.csv
LOSSCASE_001_A,LOSSCASE_001,2026-05-14,HIGHEST_RANKED_OUTSIDE_TARGET7,16,d1_low_to_close_recovery,000767_2026-05-14,603203_2026-05-14,0.0021321961620468,0.0579472908823046,-0.0558150947202578,reports/research/v004c_pairwise_v1_feature_contract_v002_20260506_20260630/v004c_pairwise_v1_input_table_v002.csv,reports/research/v004c_pairwise_v1_feature_contract_v002_20260506_20260630/v004c_pairwise_v1_input_table_v002.csv
LOSSCASE_001_A,LOSSCASE_001,2026-05-14,HIGHEST_RANKED_OUTSIDE_TARGET7,17,d1_open_to_close_return_raw,000767_2026-05-14,603203_2026-05-14,-0.1637010676156584,0.0258730158730158,-0.1895740834886742,reports/research/v004c_pairwise_v1_feature_contract_v002_20260506_20260630/v004c_pairwise_v1_input_table_v002.csv,reports/research/v004c_pairwise_v1_feature_contract_v002_20260506_20260630/v004c_pairwise_v1_input_table_v002.csv
LOSSCASE_001_A,LOSSCASE_001,2026-05-14,HIGHEST_RANKED_OUTSIDE_TARGET7,18,d1_close_location,000767_2026-05-14,603203_2026-05-14,0.0107526881720427,0.5371775417298923,-0.5264248535578496,reports/research/v004c_pairwise_v1_feature_contract_v002_20260506_20260630/v004c_pairwise_v1_input_table_v002.csv,reports/research/v004c_pairwise_v1_feature_contract_v002_20260506_20260630/v004c_pairwise_v1_input_table_v002.csv
LOSSCASE_001_A,LOSSCASE_001,2026-05-14,HIGHEST_RANKED_OUTSIDE_TARGET7,19,d1_intraday_range,000767_2026-05-14,603203_2026-05-14,0.1816406249999999,0.1071022265561515,0.0745383984438484,reports/research/v004c_pairwise_v1_feature_contract_v002_20260506_20260630/v004c_pairwise_v1_input_table_v002.csv,reports/research/v004c_pairwise_v1_feature_contract_v002_20260506_20260630/v004c_pairwise_v1_input_table_v002.csv
LOSSCASE_001_A,LOSSCASE_001,2026-05-14,HIGHEST_RANKED_OUTSIDE_TARGET7,20,d1_afternoon_return,000767_2026-05-14,603203_2026-05-14,-0.0349075975359343,0.0390675241157554,-0.07397512165168971,reports/research/v004c_pairwise_v1_feature_contract_v002_20260506_20260630/v004c_pairwise_v1_input_table_v002.csv,reports/research/v004c_pairwise_v1_feature_contract_v002_20260506_20260630/v004c_pairwise_v1_input_table_v002.csv
LOSSCASE_001_A,LOSSCASE_001,2026-05-14,HIGHEST_RANKED_OUTSIDE_TARGET7,21,d1_last_hour_return,000767_2026-05-14,603203_2026-05-14,-0.004237288135593,-0.0004639653572533,-0.0037733227783397,reports/research/v004c_pairwise_v1_feature_contract_v002_20260506_20260630/v004c_pairwise_v1_input_table_v002.csv,reports/research/v004c_pairwise_v1_feature_contract_v002_20260506_20260630/v004c_pairwise_v1_input_table_v002.csv
LOSSCASE_001_A,LOSSCASE_001,2026-05-14,HIGHEST_RANKED_OUTSIDE_TARGET7,22,break_volume_ratio_vs_board_days,000767_2026-05-14,603203_2026-05-14,3.064248801258439,1.5897917390565048,1.474457062201934,reports/research/v004c_pairwise_v1_feature_contract_v002_20260506_20260630/v004c_pairwise_v1_input_table_v002.csv,reports/research/v004c_pairwise_v1_feature_contract_v002_20260506_20260630/v004c_pairwise_v1_input_table_v002.csv
LOSSCASE_001_A,LOSSCASE_001,2026-05-14,HIGHEST_RANKED_OUTSIDE_TARGET7,23,d1_up_bar_volume_ratio,000767_2026-05-14,603203_2026-05-14,0.2546377258498548,0.5288177986590589,-0.2741800728092041,reports/research/v004c_pairwise_v1_feature_contract_v002_20260506_20260630/v004c_pairwise_v1_input_table_v002.csv,reports/research/v004c_pairwise_v1_feature_contract_v002_20260506_20260630/v004c_pairwise_v1_input_table_v002.csv
LOSSCASE_001_A,LOSSCASE_001,2026-05-14,HIGHEST_RANKED_OUTSIDE_TARGET7,24,down_bar_volume_ratio,000767_2026-05-14,603203_2026-05-14,0.724878547753374,0.4711822013409411,0.25369634641243294,reports/research/v004c_pairwise_v1_feature_contract_v002_20260506_20260630/v004c_pairwise_v1_input_table_v002.csv,reports/research/v004c_pairwise_v1_feature_contract_v002_20260506_20260630/v004c_pairwise_v1_input_table_v002.csv
LOSSCASE_001_A,LOSSCASE_001,2026-05-14,HIGHEST_RANKED_OUTSIDE_TARGET7,25,volume_above_d1_close_ratio,000767_2026-05-14,603203_2026-05-14,0.9870212933330826,0.5690371494571104,0.41798414387597227,reports/research/v004c_pairwise_v1_feature_contract_v002_20260506_20260630/v004c_pairwise_v1_input_table_v002.csv,reports/research/v004c_pairwise_v1_feature_contract_v002_20260506_20260630/v004c_pairwise_v1_input_table_v002.csv
LOSSCASE_001_A,LOSSCASE_001,2026-05-14,HIGHEST_RANKED_OUTSIDE_TARGET7,26,amount_above_d1_close_ratio,000767_2026-05-14,603203_2026-05-14,0.9881029592880995,0.5797185563773958,0.40838440291070377,reports/research/v004c_pairwise_v1_feature_contract_v002_20260506_20260630/v004c_pairwise_v1_input_table_v002.csv,reports/research/v004c_pairwise_v1_feature_contract_v002_20260506_20260630/v004c_pairwise_v1_input_table_v002.csv
LOSSCASE_001_A,LOSSCASE_001,2026-05-14,HIGHEST_RANKED_OUTSIDE_TARGET7,27,high_zone_volume_ratio,000767_2026-05-14,603203_2026-05-14,0.3058009854085584,0.1112013010415456,0.19459968436701278,reports/research/v004c_pairwise_v1_feature_contract_v002_20260506_20260630/v004c_pairwise_v1_input_table_v002.csv,reports/research/v004c_pairwise_v1_feature_contract_v002_20260506_20260630/v004c_pairwise_v1_input_table_v002.csv
LOSSCASE_001_A,LOSSCASE_001,2026-05-14,HIGHEST_RANKED_OUTSIDE_TARGET7,28,high_zone_amount_ratio,000767_2026-05-14,603203_2026-05-14,0.3214172751121446,0.1157645878995758,0.20565268721256877,reports/research/v004c_pairwise_v1_feature_contract_v002_20260506_20260630/v004c_pairwise_v1_input_table_v002.csv,reports/research/v004c_pairwise_v1_feature_contract_v002_20260506_20260630/v004c_pairwise_v1_input_table_v002.csv
LOSSCASE_001_A,LOSSCASE_001,2026-05-14,HIGHEST_RANKED_OUTSIDE_TARGET7,29,late_day_sell_volume_ratio,000767_2026-05-14,603203_2026-05-14,0.0485606337033357,0.1036264784573587,-0.055065844754023,reports/research/v004c_pairwise_v1_feature_contract_v002_20260506_20260630/v004c_pairwise_v1_input_table_v002.csv,reports/research/v004c_pairwise_v1_feature_contract_v002_20260506_20260630/v004c_pairwise_v1_input_table_v002.csv
LOSSCASE_001_A,LOSSCASE_001,2026-05-14,HIGHEST_RANKED_OUTSIDE_TARGET7,30,late_day_sell_amount_ratio,000767_2026-05-14,603203_2026-05-14,0.044782951342359,0.1060175460829726,-0.06123459474061361,reports/research/v004c_pairwise_v1_feature_contract_v002_20260506_20260630/v004c_pairwise_v1_input_table_v002.csv,reports/research/v004c_pairwise_v1_feature_contract_v002_20260506_20260630/v004c_pairwise_v1_input_table_v002.csv
LOSSCASE_001_A,LOSSCASE_001,2026-05-14,HIGHEST_RANKED_OUTSIDE_TARGET7,31,d1_close_to_vwap_raw,000767_2026-05-14,603203_2026-05-14,-0.0848647591773866,0.0059802926705301,-0.0908450518479167,reports/research/v004c_pairwise_v1_feature_contract_v002_20260506_20260630/v004c_pairwise_v1_input_table_v002.csv,reports/research/v004c_pairwise_v1_feature_contract_v002_20260506_20260630/v004c_pairwise_v1_input_table_v002.csv
LOSSCASE_001_A,LOSSCASE_001,2026-05-14,HIGHEST_RANKED_OUTSIDE_TARGET7,32,d1_close_to_ma5_raw,000767_2026-05-14,603203_2026-05-14,0.0275470048097945,0.1478350442226406,-0.1202880394128461,reports/research/v004c_pairwise_v1_feature_contract_v002_20260506_20260630/v004c_pairwise_v1_input_table_v002.csv,reports/research/v004c_pairwise_v1_feature_contract_v002_20260506_20260630/v004c_pairwise_v1_input_table_v002.csv
LOSSCASE_001_A,LOSSCASE_001,2026-05-14,HIGHEST_RANKED_OUTSIDE_TARGET7,33,d1_low_to_ma5_raw,000767_2026-05-14,603203_2026-05-14,0.0231744643637954,0.0833658935104606,-0.0601914291466652,reports/research/v004c_pairwise_v1_feature_contract_v002_20260506_20260630/v004c_pairwise_v1_input_table_v002.csv,reports/research/v004c_pairwise_v1_feature_contract_v002_20260506_20260630/v004c_pairwise_v1_input_table_v002.csv
LOSSCASE_001_A,LOSSCASE_001,2026-05-14,HIGHEST_RANKED_OUTSIDE_TARGET7,34,d1_high_to_ma5_raw,000767_2026-05-14,603203_2026-05-14,0.2286838653257543,0.2020033388981637,0.026680526427590612,reports/research/v004c_pairwise_v1_feature_contract_v002_20260506_20260630/v004c_pairwise_v1_input_table_v002.csv,reports/research/v004c_pairwise_v1_feature_contract_v002_20260506_20260630/v004c_pairwise_v1_input_table_v002.csv
LOSSCASE_001_A,LOSSCASE_001,2026-05-14,HIGHEST_RANKED_OUTSIDE_TARGET7,35,d1_close_to_ma10_raw,000767_2026-05-14,603203_2026-05-14,0.0973616623861781,0.2467447288720847,-0.1493830664859066,reports/research/v004c_pairwise_v1_feature_contract_v002_20260506_20260630/v004c_pairwise_v1_input_table_v002.csv,reports/research/v004c_pairwise_v1_feature_contract_v002_20260506_20260630/v004c_pairwise_v1_input_table_v002.csv
LOSSCASE_001_A,LOSSCASE_001,2026-05-14,HIGHEST_RANKED_OUTSIDE_TARGET7,36,d1_low_to_ma10_raw,000767_2026-05-14,603203_2026-05-14,0.0926920382909175,0.1767202299427073,-0.0840281916517898,reports/research/v004c_pairwise_v1_feature_contract_v002_20260506_20260630/v004c_pairwise_v1_input_table_v002.csv,reports/research/v004c_pairwise_v1_feature_contract_v002_20260506_20260630/v004c_pairwise_v1_input_table_v002.csv
LOSSCASE_001_A,LOSSCASE_001,2026-05-14,HIGHEST_RANKED_OUTSIDE_TARGET7,37,d1_close_to_ma20,000767_2026-05-14,603203_2026-05-14,0.1436914466480106,0.323639342583585,-0.17994789593557442,reports/research/v004c_pairwise_v1_feature_contract_v002_20260506_20260630/v004c_pairwise_v1_input_table_v002.csv,reports/research/v004c_pairwise_v1_feature_contract_v002_20260506_20260630/v004c_pairwise_v1_input_table_v002.csv
LOSSCASE_001_A,LOSSCASE_001,2026-05-14,HIGHEST_RANKED_OUTSIDE_TARGET7,38,d1_ma5_slope,000767_2026-05-14,603203_2026-05-14,0.0182546749777381,0.0596582354712436,-0.04140356049350549,reports/research/v004c_pairwise_v1_feature_contract_v002_20260506_20260630/v004c_pairwise_v1_input_table_v002.csv,reports/research/v004c_pairwise_v1_feature_contract_v002_20260506_20260630/v004c_pairwise_v1_input_table_v002.csv
LOSSCASE_001_A,LOSSCASE_001,2026-05-14,HIGHEST_RANKED_OUTSIDE_TARGET7,39,d1_ma10_slope,000767_2026-05-14,603203_2026-05-14,0.0200047630388187,0.0326288320949781,-0.012624069056159398,reports/research/v004c_pairwise_v1_feature_contract_v002_20260506_20260630/v004c_pairwise_v1_input_table_v002.csv,reports/research/v004c_pairwise_v1_feature_contract_v002_20260506_20260630/v004c_pairwise_v1_input_table_v002.csv
LOSSCASE_001_A,LOSSCASE_001,2026-05-14,HIGHEST_RANKED_OUTSIDE_TARGET7,40,d1_ma20_slope,000767_2026-05-14,603203_2026-05-14,0.0120674793744612,0.0213142014495331,-0.009246722075071899,reports/research/v004c_pairwise_v1_feature_contract_v002_20260506_20260630/v004c_pairwise_v1_input_table_v002.csv,reports/research/v004c_pairwise_v1_feature_contract_v002_20260506_20260630/v004c_pairwise_v1_input_table_v002.csv
LOSSCASE_001_A,LOSSCASE_001,2026-05-14,HIGHEST_RANKED_OUTSIDE_TARGET7,41,d1_close_above_ma5,000767_2026-05-14,603203_2026-05-14,1.0,1.0,0.0,reports/research/v004c_pairwise_v1_feature_contract_v002_20260506_20260630/v004c_pairwise_v1_input_table_v002.csv,reports/research/v004c_pairwise_v1_feature_contract_v002_20260506_20260630/v004c_pairwise_v1_input_table_v002.csv
LOSSCASE_001_A,LOSSCASE_001,2026-05-14,HIGHEST_RANKED_OUTSIDE_TARGET7,42,d1_close_above_ma10,000767_2026-05-14,603203_2026-05-14,1.0,1.0,0.0,reports/research/v004c_pairwise_v1_feature_contract_v002_20260506_20260630/v004c_pairwise_v1_input_table_v002.csv,reports/research/v004c_pairwise_v1_feature_contract_v002_20260506_20260630/v004c_pairwise_v1_input_table_v002.csv
LOSSCASE_001_A,LOSSCASE_001,2026-05-14,HIGHEST_RANKED_OUTSIDE_TARGET7,43,d1_true_reclaim_ma5,000767_2026-05-14,603203_2026-05-14,0.0,0.0,0.0,reports/research/v004c_pairwise_v1_feature_contract_v002_20260506_20260630/v004c_pairwise_v1_input_table_v002.csv,reports/research/v004c_pairwise_v1_feature_contract_v002_20260506_20260630/v004c_pairwise_v1_input_table_v002.csv
LOSSCASE_001_A,LOSSCASE_001,2026-05-14,HIGHEST_RANKED_OUTSIDE_TARGET7,44,d1_true_reclaim_ma10,000767_2026-05-14,603203_2026-05-14,0.0,0.0,0.0,reports/research/v004c_pairwise_v1_feature_contract_v002_20260506_20260630/v004c_pairwise_v1_input_table_v002.csv,reports/research/v004c_pairwise_v1_feature_contract_v002_20260506_20260630/v004c_pairwise_v1_input_table_v002.csv
LOSSCASE_001_A,LOSSCASE_001,2026-05-14,HIGHEST_RANKED_OUTSIDE_TARGET7,45,consecutive_days_below_ma5,000767_2026-05-14,603203_2026-05-14,0.0,0.0,0.0,reports/research/v004c_pairwise_v1_feature_contract_v002_20260506_20260630/v004c_pairwise_v1_input_table_v002.csv,reports/research/v004c_pairwise_v1_feature_contract_v002_20260506_20260630/v004c_pairwise_v1_input_table_v002.csv
LOSSCASE_001_A,LOSSCASE_001,2026-05-14,HIGHEST_RANKED_OUTSIDE_TARGET7,46,consecutive_days_below_ma10,000767_2026-05-14,603203_2026-05-14,0.0,0.0,0.0,reports/research/v004c_pairwise_v1_feature_contract_v002_20260506_20260630/v004c_pairwise_v1_input_table_v002.csv,reports/research/v004c_pairwise_v1_feature_contract_v002_20260506_20260630/v004c_pairwise_v1_input_table_v002.csv
LOSSCASE_001_A,LOSSCASE_001,2026-05-14,HIGHEST_RANKED_OUTSIDE_TARGET7,47,break_day_in_pool,000767_2026-05-14,603203_2026-05-14,0.0,0.0,0.0,reports/research/v004c_pairwise_v1_feature_contract_v002_20260506_20260630/v004c_pairwise_v1_input_table_v002.csv,reports/research/v004c_pairwise_v1_feature_contract_v002_20260506_20260630/v004c_pairwise_v1_input_table_v002.csv
LOSSCASE_001_A,LOSSCASE_001,2026-05-14,HIGHEST_RANKED_OUTSIDE_TARGET7,48,last_board_day_in_pool,000767_2026-05-14,603203_2026-05-14,1.0,1.0,0.0,reports/research/v004c_pairwise_v1_feature_contract_v002_20260506_20260630/v004c_pairwise_v1_input_table_v002.csv,reports/research/v004c_pairwise_v1_feature_contract_v002_20260506_20260630/v004c_pairwise_v1_input_table_v002.csv
LOSSCASE_001_A,LOSSCASE_001,2026-05-14,HIGHEST_RANKED_OUTSIDE_TARGET7,49,pool_consecutive_count_last_board,000767_2026-05-14,603203_2026-05-14,2.0,2.0,0.0,reports/research/v004c_pairwise_v1_feature_contract_v002_20260506_20260630/v004c_pairwise_v1_input_table_v002.csv,reports/research/v004c_pairwise_v1_feature_contract_v002_20260506_20260630/v004c_pairwise_v1_input_table_v002.csv
LOSSCASE_001_A,LOSSCASE_001,2026-05-14,HIGHEST_RANKED_OUTSIDE_TARGET7,50,recent_7d_cumulative_return,000767_2026-05-14,603203_2026-05-14,0.1576354679802958,0.3557793161317388,-0.198143848151443,reports/research/v004c_pairwise_v1_feature_contract_v002_20260506_20260630/v004c_pairwise_v1_input_table_v002.csv,reports/research/v004c_pairwise_v1_feature_contract_v002_20260506_20260630/v004c_pairwise_v1_input_table_v002.csv
LOSSCASE_001_A,LOSSCASE_001,2026-05-14,HIGHEST_RANKED_OUTSIDE_TARGET7,51,recent_7d_max_drawdown,000767_2026-05-14,603203_2026-05-14,0.0859375,0.0534954407294832,0.0324420592705168,reports/research/v004c_pairwise_v1_feature_contract_v002_20260506_20260630/v004c_pairwise_v1_input_table_v002.csv,reports/research/v004c_pairwise_v1_feature_contract_v002_20260506_20260630/v004c_pairwise_v1_input_table_v002.csv
LOSSCASE_001_A,LOSSCASE_001,2026-05-14,HIGHEST_RANKED_OUTSIDE_TARGET7,52,recent_7d_close_position,000767_2026-05-14,603203_2026-05-14,0.488888888888889,0.8545541249403905,-0.36566523605150153,reports/research/v004c_pairwise_v1_feature_contract_v002_20260506_20260630/v004c_pairwise_v1_input_table_v002.csv,reports/research/v004c_pairwise_v1_feature_contract_v002_20260506_20260630/v004c_pairwise_v1_input_table_v002.csv
LOSSCASE_001_A,LOSSCASE_001,2026-05-14,HIGHEST_RANKED_OUTSIDE_TARGET7,53,recent_7d_limit_up_count,000767_2026-05-14,603203_2026-05-14,2.0,2.0,0.0,reports/research/v004c_pairwise_v1_feature_contract_v002_20260506_20260630/v004c_pairwise_v1_input_table_v002.csv,reports/research/v004c_pairwise_v1_feature_contract_v002_20260506_20260630/v004c_pairwise_v1_input_table_v002.csv
LOSSCASE_002_A,LOSSCASE_002,2026-05-15,HIGHEST_RANKED_OUTSIDE_TARGET7,1,board_streak_is_3,002208_2026-05-15,603052_2026-05-15,1.0,1.0,0.0,reports/research/v004c_pairwise_v1_feature_contract_v002_20260506_20260630/v004c_pairwise_v1_input_table_v002.csv,reports/research/v004c_pairwise_v1_feature_contract_v002_20260506_20260630/v004c_pairwise_v1_input_table_v002.csv
LOSSCASE_002_A,LOSSCASE_002,2026-05-15,HIGHEST_RANKED_OUTSIDE_TARGET7,2,max_board_streak_20d,002208_2026-05-15,603052_2026-05-15,3.0,3.0,0.0,reports/research/v004c_pairwise_v1_feature_contract_v002_20260506_20260630/v004c_pairwise_v1_input_table_v002.csv,reports/research/v004c_pairwise_v1_feature_contract_v002_20260506_20260630/v004c_pairwise_v1_input_table_v002.csv
LOSSCASE_002_A,LOSSCASE_002,2026-05-15,HIGHEST_RANKED_OUTSIDE_TARGET7,3,recent_limit_up_count_10d,002208_2026-05-15,603052_2026-05-15,3.0,3.0,0.0,reports/research/v004c_pairwise_v1_feature_contract_v002_20260506_20260630/v004c_pairwise_v1_input_table_v002.csv,reports/research/v004c_pairwise_v1_feature_contract_v002_20260506_20260630/v004c_pairwise_v1_input_table_v002.csv
LOSSCASE_002_A,LOSSCASE_002,2026-05-15,HIGHEST_RANKED_OUTSIDE_TARGET7,4,recent_limit_up_count_20d,002208_2026-05-15,603052_2026-05-15,3.0,6.0,-3.0,reports/research/v004c_pairwise_v1_feature_contract_v002_20260506_20260630/v004c_pairwise_v1_input_table_v002.csv,reports/research/v004c_pairwise_v1_feature_contract_v002_20260506_20260630/v004c_pairwise_v1_input_table_v002.csv
LOSSCASE_002_A,LOSSCASE_002,2026-05-15,HIGHEST_RANKED_OUTSIDE_TARGET7,5,recent_pool_appearance_count_10d,002208_2026-05-15,603052_2026-05-15,3.0,3.0,0.0,reports/research/v004c_pairwise_v1_feature_contract_v002_20260506_20260630/v004c_pairwise_v1_input_table_v002.csv,reports/research/v004c_pairwise_v1_feature_contract_v002_20260506_20260630/v004c_pairwise_v1_input_table_v002.csv
LOSSCASE_002_A,LOSSCASE_002,2026-05-15,HIGHEST_RANKED_OUTSIDE_TARGET7,6,recent_pool_appearance_count_20d,002208_2026-05-15,603052_2026-05-15,3.0,6.0,-3.0,reports/research/v004c_pairwise_v1_feature_contract_v002_20260506_20260630/v004c_pairwise_v1_input_table_v002.csv,reports/research/v004c_pairwise_v1_feature_contract_v002_20260506_20260630/v004c_pairwise_v1_input_table_v002.csv
LOSSCASE_002_A,LOSSCASE_002,2026-05-15,HIGHEST_RANKED_OUTSIDE_TARGET7,7,board_day_volume_rank,002208_2026-05-15,603052_2026-05-15,8.0,43.0,-35.0,reports/research/v004c_pairwise_v1_feature_contract_v002_20260506_20260630/v004c_pairwise_v1_input_table_v002.csv,reports/research/v004c_pairwise_v1_feature_contract_v002_20260506_20260630/v004c_pairwise_v1_input_table_v002.csv
LOSSCASE_002_A,LOSSCASE_002,2026-05-15,HIGHEST_RANKED_OUTSIDE_TARGET7,8,break_open_return,002208_2026-05-15,603052_2026-05-15,-0.0095959595959597,-0.0042468365401282,-0.005349123055831499,reports/research/v004c_pairwise_v1_feature_contract_v002_20260506_20260630/v004c_pairwise_v1_input_table_v002.csv,reports/research/v004c_pairwise_v1_feature_contract_v002_20260506_20260630/v004c_pairwise_v1_input_table_v002.csv
LOSSCASE_002_A,LOSSCASE_002,2026-05-15,HIGHEST_RANKED_OUTSIDE_TARGET7,9,break_high_return,002208_2026-05-15,603052_2026-05-15,0.0984848484848484,0.0441150979372508,0.0543697505475976,reports/research/v004c_pairwise_v1_feature_contract_v002_20260506_20260630/v004c_pairwise_v1_input_table_v002.csv,reports/research/v004c_pairwise_v1_feature_contract_v002_20260506_20260630/v004c_pairwise_v1_input_table_v002.csv
LOSSCASE_002_A,LOSSCASE_002,2026-05-15,HIGHEST_RANKED_OUTSIDE_TARGET7,10,break_close_return,002208_2026-05-15,603052_2026-05-15,0.0484848484848485,-0.016553995493153,0.0650388439780015,reports/research/v004c_pairwise_v1_feature_contract_v002_20260506_20260630/v004c_pairwise_v1_input_table_v002.csv,reports/research/v004c_pairwise_v1_feature_contract_v002_20260506_20260630/v004c_pairwise_v1_input_table_v002.csv
LOSSCASE_002_A,LOSSCASE_002,2026-05-15,HIGHEST_RANKED_OUTSIDE_TARGET7,11,break_touched_limit_up,002208_2026-05-15,603052_2026-05-15,0.0,0.0,0.0,reports/research/v004c_pairwise_v1_feature_contract_v002_20260506_20260630/v004c_pairwise_v1_input_table_v002.csv,reports/research/v004c_pairwise_v1_feature_contract_v002_20260506_20260630/v004c_pairwise_v1_input_table_v002.csv
LOSSCASE_002_A,LOSSCASE_002,2026-05-15,HIGHEST_RANKED_OUTSIDE_TARGET7,12,break_opened_from_limit_up,002208_2026-05-15,603052_2026-05-15,0.0,0.0,0.0,reports/research/v004c_pairwise_v1_feature_contract_v002_20260506_20260630/v004c_pairwise_v1_input_table_v002.csv,reports/research/v004c_pairwise_v1_feature_contract_v002_20260506_20260630/v004c_pairwise_v1_input_table_v002.csv
LOSSCASE_002_A,LOSSCASE_002,2026-05-15,HIGHEST_RANKED_OUTSIDE_TARGET7,13,break_upper_shadow_ratio,002208_2026-05-15,603052_2026-05-15,0.3256578947368417,0.4899034240561895,-0.16424552931934777,reports/research/v004c_pairwise_v1_feature_contract_v002_20260506_20260630/v004c_pairwise_v1_input_table_v002.csv,reports/research/v004c_pairwise_v1_feature_contract_v002_20260506_20260630/v004c_pairwise_v1_input_table_v002.csv
LOSSCASE_002_A,LOSSCASE_002,2026-05-15,HIGHEST_RANKED_OUTSIDE_TARGET7,14,break_lower_shadow_ratio,002208_2026-05-15,603052_2026-05-15,0.2960526315789469,0.3854258121158911,-0.08937318053694421,reports/research/v004c_pairwise_v1_feature_contract_v002_20260506_20260630/v004c_pairwise_v1_input_table_v002.csv,reports/research/v004c_pairwise_v1_feature_contract_v002_20260506_20260630/v004c_pairwise_v1_input_table_v002.csv
LOSSCASE_002_A,LOSSCASE_002,2026-05-15,HIGHEST_RANKED_OUTSIDE_TARGET7,15,d1_high_to_close_drawdown_raw,002208_2026-05-15,603052_2026-05-15,0.0455172413793102,0.0577146653379837,-0.0121974239586735,reports/research/v004c_pairwise_v1_feature_contract_v002_20260506_20260630/v004c_pairwise_v1_input_table_v002.csv,reports/research/v004c_pairwise_v1_feature_contract_v002_20260506_20260630/v004c_pairwise_v1_input_table_v002.csv
LOSSCASE_002_A,LOSSCASE_002,2026-05-15,HIGHEST_RANKED_OUTSIDE_TARGET7,16,d1_low_to_close_recovery,002208_2026-05-15,603052_2026-05-15,0.1095670764297167,0.0402456912357902,0.0693213851939265,reports/research/v004c_pairwise_v1_feature_contract_v002_20260506_20260630/v004c_pairwise_v1_input_table_v002.csv,reports/research/v004c_pairwise_v1_feature_contract_v002_20260506_20260630/v004c_pairwise_v1_input_table_v002.csv
LOSSCASE_002_A,LOSSCASE_002,2026-05-15,HIGHEST_RANKED_OUTSIDE_TARGET7,17,d1_open_to_close_return_raw,002208_2026-05-15,603052_2026-05-15,0.0586435492095871,-0.0123596483593002,0.0710031975688873,reports/research/v004c_pairwise_v1_feature_contract_v002_20260506_20260630/v004c_pairwise_v1_input_table_v002.csv,reports/research/v004c_pairwise_v1_feature_contract_v002_20260506_20260630/v004c_pairwise_v1_input_table_v002.csv
LOSSCASE_002_A,LOSSCASE_002,2026-05-15,HIGHEST_RANKED_OUTSIDE_TARGET7,18,d1_close_location,002208_2026-05-15,603052_2026-05-15,0.6743421052631583,0.3871252204585537,0.2872168848046046,reports/research/v004c_pairwise_v1_feature_contract_v002_20260506_20260630/v004c_pairwise_v1_input_table_v002.csv,reports/research/v004c_pairwise_v1_feature_contract_v002_20260506_20260630/v004c_pairwise_v1_input_table_v002.csv
LOSSCASE_002_A,LOSSCASE_002,2026-05-15,HIGHEST_RANKED_OUTSIDE_TARGET7,19,d1_intraday_range,002208_2026-05-15,603052_2026-05-15,0.1535353535353535,0.0982839313572543,0.0552514221780992,reports/research/v004c_pairwise_v1_feature_contract_v002_20260506_20260630/v004c_pairwise_v1_input_table_v002.csv,reports/research/v004c_pairwise_v1_feature_contract_v002_20260506_20260630/v004c_pairwise_v1_input_table_v002.csv
LOSSCASE_002_A,LOSSCASE_002,2026-05-15,HIGHEST_RANKED_OUTSIDE_TARGET7,20,d1_afternoon_return,002208_2026-05-15,603052_2026-05-15,0.0176470588235295,-0.0226528854435831,0.0402999442671126,reports/research/v004c_pairwise_v1_feature_contract_v002_20260506_20260630/v004c_pairwise_v1_input_table_v002.csv,reports/research/v004c_pairwise_v1_feature_contract_v002_20260506_20260630/v004c_pairwise_v1_input_table_v002.csv
LOSSCASE_002_A,LOSSCASE_002,2026-05-15,HIGHEST_RANKED_OUTSIDE_TARGET7,21,d1_last_hour_return,002208_2026-05-15,603052_2026-05-15,0.0338645418326695,0.022989542012261,0.010874999820408501,reports/research/v004c_pairwise_v1_feature_contract_v002_20260506_20260630/v004c_pairwise_v1_input_table_v002.csv,reports/research/v004c_pairwise_v1_feature_contract_v002_20260506_20260630/v004c_pairwise_v1_input_table_v002.csv
LOSSCASE_002_A,LOSSCASE_002,2026-05-15,HIGHEST_RANKED_OUTSIDE_TARGET7,22,break_volume_ratio_vs_board_days,002208_2026-05-15,603052_2026-05-15,1.7061749155482613,4.353098581543489,-2.646923665995228,reports/research/v004c_pairwise_v1_feature_contract_v002_20260506_20260630/v004c_pairwise_v1_input_table_v002.csv,reports/research/v004c_pairwise_v1_feature_contract_v002_20260506_20260630/v004c_pairwise_v1_input_table_v002.csv
LOSSCASE_002_A,LOSSCASE_002,2026-05-15,HIGHEST_RANKED_OUTSIDE_TARGET7,23,d1_up_bar_volume_ratio,002208_2026-05-15,603052_2026-05-15,0.5024642853117802,0.5768472595285217,-0.07438297421674145,reports/research/v004c_pairwise_v1_feature_contract_v002_20260506_20260630/v004c_pairwise_v1_input_table_v002.csv,reports/research/v004c_pairwise_v1_feature_contract_v002_20260506_20260630/v004c_pairwise_v1_input_table_v002.csv
LOSSCASE_002_A,LOSSCASE_002,2026-05-15,HIGHEST_RANKED_OUTSIDE_TARGET7,24,down_bar_volume_ratio,002208_2026-05-15,603052_2026-05-15,0.4821433894780293,0.4231527404714784,0.05899064900655093,reports/research/v004c_pairwise_v1_feature_contract_v002_20260506_20260630/v004c_pairwise_v1_input_table_v002.csv,reports/research/v004c_pairwise_v1_feature_contract_v002_20260506_20260630/v004c_pairwise_v1_input_table_v002.csv
LOSSCASE_002_A,LOSSCASE_002,2026-05-15,HIGHEST_RANKED_OUTSIDE_TARGET7,25,volume_above_d1_close_ratio,002208_2026-05-15,603052_2026-05-15,0.1384727818733026,0.7904676405263179,-0.6519948586530153,reports/research/v004c_pairwise_v1_feature_contract_v002_20260506_20260630/v004c_pairwise_v1_input_table_v002.csv,reports/research/v004c_pairwise_v1_feature_contract_v002_20260506_20260630/v004c_pairwise_v1_input_table_v002.csv
LOSSCASE_002_A,LOSSCASE_002,2026-05-15,HIGHEST_RANKED_OUTSIDE_TARGET7,26,amount_above_d1_close_ratio,002208_2026-05-15,603052_2026-05-15,0.1436621642617708,0.7974585194537495,-0.6537963551919787,reports/research/v004c_pairwise_v1_feature_contract_v002_20260506_20260630/v004c_pairwise_v1_input_table_v002.csv,reports/research/v004c_pairwise_v1_feature_contract_v002_20260506_20260630/v004c_pairwise_v1_input_table_v002.csv
LOSSCASE_002_A,LOSSCASE_002,2026-05-15,HIGHEST_RANKED_OUTSIDE_TARGET7,27,high_zone_volume_ratio,002208_2026-05-15,603052_2026-05-15,0.092476184761755,0.3571549298088516,-0.2646787450470966,reports/research/v004c_pairwise_v1_feature_contract_v002_20260506_20260630/v004c_pairwise_v1_input_table_v002.csv,reports/research/v004c_pairwise_v1_feature_contract_v002_20260506_20260630/v004c_pairwise_v1_input_table_v002.csv
LOSSCASE_002_A,LOSSCASE_002,2026-05-15,HIGHEST_RANKED_OUTSIDE_TARGET7,28,high_zone_amount_ratio,002208_2026-05-15,603052_2026-05-15,0.0966376153620178,0.3666338962516133,-0.2699962808895955,reports/research/v004c_pairwise_v1_feature_contract_v002_20260506_20260630/v004c_pairwise_v1_input_table_v002.csv,reports/research/v004c_pairwise_v1_feature_contract_v002_20260506_20260630/v004c_pairwise_v1_input_table_v002.csv
LOSSCASE_002_A,LOSSCASE_002,2026-05-15,HIGHEST_RANKED_OUTSIDE_TARGET7,29,late_day_sell_volume_ratio,002208_2026-05-15,603052_2026-05-15,0.0798491152658858,0.052006364016315,0.0278427512495708,reports/research/v004c_pairwise_v1_feature_contract_v002_20260506_20260630/v004c_pairwise_v1_input_table_v002.csv,reports/research/v004c_pairwise_v1_feature_contract_v002_20260506_20260630/v004c_pairwise_v1_input_table_v002.csv
LOSSCASE_002_A,LOSSCASE_002,2026-05-15,HIGHEST_RANKED_OUTSIDE_TARGET7,30,late_day_sell_amount_ratio,002208_2026-05-15,603052_2026-05-15,0.0817557776566807,0.0497675625543892,0.031988215102291495,reports/research/v004c_pairwise_v1_feature_contract_v002_20260506_20260630/v004c_pairwise_v1_input_table_v002.csv,reports/research/v004c_pairwise_v1_feature_contract_v002_20260506_20260630/v004c_pairwise_v1_input_table_v002.csv
LOSSCASE_002_A,LOSSCASE_002,2026-05-15,HIGHEST_RANKED_OUTSIDE_TARGET7,31,d1_close_to_vwap_raw,002208_2026-05-15,603052_2026-05-15,0.02705065740332,-0.0146055786052703,0.0416562360085903,reports/research/v004c_pairwise_v1_feature_contract_v002_20260506_20260630/v004c_pairwise_v1_input_table_v002.csv,reports/research/v004c_pairwise_v1_feature_contract_v002_20260506_20260630/v004c_pairwise_v1_input_table_v002.csv
LOSSCASE_002_A,LOSSCASE_002,2026-05-15,HIGHEST_RANKED_OUTSIDE_TARGET7,32,d1_close_to_ma5_raw,002208_2026-05-15,603052_2026-05-15,0.1560307383895756,0.1000058165461348,0.056024921843440795,reports/research/v004c_pairwise_v1_feature_contract_v002_20260506_20260630/v004c_pairwise_v1_input_table_v002.csv,reports/research/v004c_pairwise_v1_feature_contract_v002_20260506_20260630/v004c_pairwise_v1_input_table_v002.csv
LOSSCASE_002_A,LOSSCASE_002,2026-05-15,HIGHEST_RANKED_OUTSIDE_TARGET7,33,d1_low_to_ma5_raw,002208_2026-05-15,603052_2026-05-15,0.0418754872480231,0.0574480873257459,-0.0155726000777228,reports/research/v004c_pairwise_v1_feature_contract_v002_20260506_20260630/v004c_pairwise_v1_input_table_v002.csv,reports/research/v004c_pairwise_v1_feature_contract_v002_20260506_20260630/v004c_pairwise_v1_input_table_v002.csv
LOSSCASE_002_A,LOSSCASE_002,2026-05-15,HIGHEST_RANKED_OUTSIDE_TARGET7,34,d1_high_to_ma5_raw,002208_2026-05-15,603052_2026-05-15,0.2111593718676911,0.1678655214533611,0.04329385041433001,reports/research/v004c_pairwise_v1_feature_contract_v002_20260506_20260630/v004c_pairwise_v1_input_table_v002.csv,reports/research/v004c_pairwise_v1_feature_contract_v002_20260506_20260630/v004c_pairwise_v1_input_table_v002.csv
LOSSCASE_002_A,LOSSCASE_002,2026-05-15,HIGHEST_RANKED_OUTSIDE_TARGET7,35,d1_close_to_ma10_raw,002208_2026-05-15,603052_2026-05-15,0.3040201005025127,0.2029939675370802,0.1010261329654325,reports/research/v004c_pairwise_v1_feature_contract_v002_20260506_20260630/v004c_pairwise_v1_input_table_v002.csv,reports/research/v004c_pairwise_v1_feature_contract_v002_20260506_20260630/v004c_pairwise_v1_input_table_v002.csv
LOSSCASE_002_A,LOSSCASE_002,2026-05-15,HIGHEST_RANKED_OUTSIDE_TARGET7,36,d1_low_to_ma10_raw,002208_2026-05-15,603052_2026-05-15,0.1752512562814072,0.1564517668013105,0.018799489480096687,reports/research/v004c_pairwise_v1_feature_contract_v002_20260506_20260630/v004c_pairwise_v1_input_table_v002.csv,reports/research/v004c_pairwise_v1_feature_contract_v002_20260506_20260630/v004c_pairwise_v1_input_table_v002.csv
LOSSCASE_002_A,LOSSCASE_002,2026-05-15,HIGHEST_RANKED_OUTSIDE_TARGET7,37,d1_close_to_ma20,002208_2026-05-15,603052_2026-05-15,0.4566887696032,0.2578637268106665,0.1988250427925335,reports/research/v004c_pairwise_v1_feature_contract_v002_20260506_20260630/v004c_pairwise_v1_input_table_v002.csv,reports/research/v004c_pairwise_v1_feature_contract_v002_20260506_20260630/v004c_pairwise_v1_input_table_v002.csv
LOSSCASE_002_A,LOSSCASE_002,2026-05-15,HIGHEST_RANKED_OUTSIDE_TARGET7,38,d1_ma5_slope,002208_2026-05-15,603052_2026-05-15,0.07972582972583,0.0492513630075677,0.030474466718262302,reports/research/v004c_pairwise_v1_feature_contract_v002_20260506_20260630/v004c_pairwise_v1_input_table_v002.csv,reports/research/v004c_pairwise_v1_feature_contract_v002_20260506_20260630/v004c_pairwise_v1_input_table_v002.csv
LOSSCASE_002_A,LOSSCASE_002,2026-05-15,HIGHEST_RANKED_OUTSIDE_TARGET7,39,d1_ma10_slope,002208_2026-05-15,603052_2026-05-15,0.052701183627587,0.0311905542800918,0.021510629347495203,reports/research/v004c_pairwise_v1_feature_contract_v002_20260506_20260630/v004c_pairwise_v1_input_table_v002.csv,reports/research/v004c_pairwise_v1_feature_contract_v002_20260506_20260630/v004c_pairwise_v1_input_table_v002.csv
LOSSCASE_002_A,LOSSCASE_002,2026-05-15,HIGHEST_RANKED_OUTSIDE_TARGET7,40,d1_ma20_slope,002208_2026-05-15,603052_2026-05-15,0.0296954589790829,0.0246657655304016,0.005029693448681299,reports/research/v004c_pairwise_v1_feature_contract_v002_20260506_20260630/v004c_pairwise_v1_input_table_v002.csv,reports/research/v004c_pairwise_v1_feature_contract_v002_20260506_20260630/v004c_pairwise_v1_input_table_v002.csv
LOSSCASE_002_A,LOSSCASE_002,2026-05-15,HIGHEST_RANKED_OUTSIDE_TARGET7,41,d1_close_above_ma5,002208_2026-05-15,603052_2026-05-15,1.0,1.0,0.0,reports/research/v004c_pairwise_v1_feature_contract_v002_20260506_20260630/v004c_pairwise_v1_input_table_v002.csv,reports/research/v004c_pairwise_v1_feature_contract_v002_20260506_20260630/v004c_pairwise_v1_input_table_v002.csv
LOSSCASE_002_A,LOSSCASE_002,2026-05-15,HIGHEST_RANKED_OUTSIDE_TARGET7,42,d1_close_above_ma10,002208_2026-05-15,603052_2026-05-15,1.0,1.0,0.0,reports/research/v004c_pairwise_v1_feature_contract_v002_20260506_20260630/v004c_pairwise_v1_input_table_v002.csv,reports/research/v004c_pairwise_v1_feature_contract_v002_20260506_20260630/v004c_pairwise_v1_input_table_v002.csv
LOSSCASE_002_A,LOSSCASE_002,2026-05-15,HIGHEST_RANKED_OUTSIDE_TARGET7,43,d1_true_reclaim_ma5,002208_2026-05-15,603052_2026-05-15,0.0,0.0,0.0,reports/research/v004c_pairwise_v1_feature_contract_v002_20260506_20260630/v004c_pairwise_v1_input_table_v002.csv,reports/research/v004c_pairwise_v1_feature_contract_v002_20260506_20260630/v004c_pairwise_v1_input_table_v002.csv
LOSSCASE_002_A,LOSSCASE_002,2026-05-15,HIGHEST_RANKED_OUTSIDE_TARGET7,44,d1_true_reclaim_ma10,002208_2026-05-15,603052_2026-05-15,0.0,0.0,0.0,reports/research/v004c_pairwise_v1_feature_contract_v002_20260506_20260630/v004c_pairwise_v1_input_table_v002.csv,reports/research/v004c_pairwise_v1_feature_contract_v002_20260506_20260630/v004c_pairwise_v1_input_table_v002.csv
LOSSCASE_002_A,LOSSCASE_002,2026-05-15,HIGHEST_RANKED_OUTSIDE_TARGET7,45,consecutive_days_below_ma5,002208_2026-05-15,603052_2026-05-15,0.0,0.0,0.0,reports/research/v004c_pairwise_v1_feature_contract_v002_20260506_20260630/v004c_pairwise_v1_input_table_v002.csv,reports/research/v004c_pairwise_v1_feature_contract_v002_20260506_20260630/v004c_pairwise_v1_input_table_v002.csv
LOSSCASE_002_A,LOSSCASE_002,2026-05-15,HIGHEST_RANKED_OUTSIDE_TARGET7,46,consecutive_days_below_ma10,002208_2026-05-15,603052_2026-05-15,0.0,0.0,0.0,reports/research/v004c_pairwise_v1_feature_contract_v002_20260506_20260630/v004c_pairwise_v1_input_table_v002.csv,reports/research/v004c_pairwise_v1_feature_contract_v002_20260506_20260630/v004c_pairwise_v1_input_table_v002.csv
LOSSCASE_002_A,LOSSCASE_002,2026-05-15,HIGHEST_RANKED_OUTSIDE_TARGET7,47,break_day_in_pool,002208_2026-05-15,603052_2026-05-15,0.0,0.0,0.0,reports/research/v004c_pairwise_v1_feature_contract_v002_20260506_20260630/v004c_pairwise_v1_input_table_v002.csv,reports/research/v004c_pairwise_v1_feature_contract_v002_20260506_20260630/v004c_pairwise_v1_input_table_v002.csv
LOSSCASE_002_A,LOSSCASE_002,2026-05-15,HIGHEST_RANKED_OUTSIDE_TARGET7,48,last_board_day_in_pool,002208_2026-05-15,603052_2026-05-15,1.0,1.0,0.0,reports/research/v004c_pairwise_v1_feature_contract_v002_20260506_20260630/v004c_pairwise_v1_input_table_v002.csv,reports/research/v004c_pairwise_v1_feature_contract_v002_20260506_20260630/v004c_pairwise_v1_input_table_v002.csv
LOSSCASE_002_A,LOSSCASE_002,2026-05-15,HIGHEST_RANKED_OUTSIDE_TARGET7,49,pool_consecutive_count_last_board,002208_2026-05-15,603052_2026-05-15,3.0,3.0,0.0,reports/research/v004c_pairwise_v1_feature_contract_v002_20260506_20260630/v004c_pairwise_v1_input_table_v002.csv,reports/research/v004c_pairwise_v1_feature_contract_v002_20260506_20260630/v004c_pairwise_v1_input_table_v002.csv
LOSSCASE_002_A,LOSSCASE_002,2026-05-15,HIGHEST_RANKED_OUTSIDE_TARGET7,50,recent_7d_cumulative_return,002208_2026-05-15,603052_2026-05-15,0.418032786885246,0.324191854358735,0.09384093252651099,reports/research/v004c_pairwise_v1_feature_contract_v002_20260506_20260630/v004c_pairwise_v1_input_table_v002.csv,reports/research/v004c_pairwise_v1_feature_contract_v002_20260506_20260630/v004c_pairwise_v1_input_table_v002.csv
LOSSCASE_002_A,LOSSCASE_002,2026-05-15,HIGHEST_RANKED_OUTSIDE_TARGET7,51,recent_7d_max_drawdown,002208_2026-05-15,603052_2026-05-15,0.0594522378089512,0.0751769861782222,-0.015724748369271,reports/research/v004c_pairwise_v1_feature_contract_v002_20260506_20260630/v004c_pairwise_v1_input_table_v002.csv,reports/research/v004c_pairwise_v1_feature_contract_v002_20260506_20260630/v004c_pairwise_v1_input_table_v002.csv
LOSSCASE_002_A,LOSSCASE_002,2026-05-15,HIGHEST_RANKED_OUTSIDE_TARGET7,52,recent_7d_close_position,002208_2026-05-15,603052_2026-05-15,0.8740458015267177,0.8166099030652345,0.057435898461483226,reports/research/v004c_pairwise_v1_feature_contract_v002_20260506_20260630/v004c_pairwise_v1_input_table_v002.csv,reports/research/v004c_pairwise_v1_feature_contract_v002_20260506_20260630/v004c_pairwise_v1_input_table_v002.csv
LOSSCASE_002_A,LOSSCASE_002,2026-05-15,HIGHEST_RANKED_OUTSIDE_TARGET7,53,recent_7d_limit_up_count,002208_2026-05-15,603052_2026-05-15,3.0,3.0,0.0,reports/research/v004c_pairwise_v1_feature_contract_v002_20260506_20260630/v004c_pairwise_v1_input_table_v002.csv,reports/research/v004c_pairwise_v1_feature_contract_v002_20260506_20260630/v004c_pairwise_v1_input_table_v002.csv
LOSSCASE_003_A,LOSSCASE_003,2026-05-20,HIGHEST_RANKED_OUTSIDE_TARGET7,1,board_streak_is_3,603989_2026-05-20,002208_2026-05-20,0.0,0.0,0.0,reports/research/v004c_pairwise_v1_feature_contract_v002_20260506_20260630/v004c_pairwise_v1_input_table_v002.csv,reports/research/v004c_pairwise_v1_feature_contract_v002_20260506_20260630/v004c_pairwise_v1_input_table_v002.csv
LOSSCASE_003_A,LOSSCASE_003,2026-05-20,HIGHEST_RANKED_OUTSIDE_TARGET7,2,max_board_streak_20d,603989_2026-05-20,002208_2026-05-20,2.0,3.0,-1.0,reports/research/v004c_pairwise_v1_feature_contract_v002_20260506_20260630/v004c_pairwise_v1_input_table_v002.csv,reports/research/v004c_pairwise_v1_feature_contract_v002_20260506_20260630/v004c_pairwise_v1_input_table_v002.csv
LOSSCASE_003_A,LOSSCASE_003,2026-05-20,HIGHEST_RANKED_OUTSIDE_TARGET7,3,recent_limit_up_count_10d,603989_2026-05-20,002208_2026-05-20,2.0,5.0,-3.0,reports/research/v004c_pairwise_v1_feature_contract_v002_20260506_20260630/v004c_pairwise_v1_input_table_v002.csv,reports/research/v004c_pairwise_v1_feature_contract_v002_20260506_20260630/v004c_pairwise_v1_input_table_v002.csv
LOSSCASE_003_A,LOSSCASE_003,2026-05-20,HIGHEST_RANKED_OUTSIDE_TARGET7,4,recent_limit_up_count_20d,603989_2026-05-20,002208_2026-05-20,2.0,5.0,-3.0,reports/research/v004c_pairwise_v1_feature_contract_v002_20260506_20260630/v004c_pairwise_v1_input_table_v002.csv,reports/research/v004c_pairwise_v1_feature_contract_v002_20260506_20260630/v004c_pairwise_v1_input_table_v002.csv
LOSSCASE_003_A,LOSSCASE_003,2026-05-20,HIGHEST_RANKED_OUTSIDE_TARGET7,5,recent_pool_appearance_count_10d,603989_2026-05-20,002208_2026-05-20,2.0,5.0,-3.0,reports/research/v004c_pairwise_v1_feature_contract_v002_20260506_20260630/v004c_pairwise_v1_input_table_v002.csv,reports/research/v004c_pairwise_v1_feature_contract_v002_20260506_20260630/v004c_pairwise_v1_input_table_v002.csv
LOSSCASE_003_A,LOSSCASE_003,2026-05-20,HIGHEST_RANKED_OUTSIDE_TARGET7,6,recent_pool_appearance_count_20d,603989_2026-05-20,002208_2026-05-20,2.0,5.0,-3.0,reports/research/v004c_pairwise_v1_feature_contract_v002_20260506_20260630/v004c_pairwise_v1_input_table_v002.csv,reports/research/v004c_pairwise_v1_feature_contract_v002_20260506_20260630/v004c_pairwise_v1_input_table_v002.csv
LOSSCASE_003_A,LOSSCASE_003,2026-05-20,HIGHEST_RANKED_OUTSIDE_TARGET7,7,board_day_volume_rank,603989_2026-05-20,002208_2026-05-20,46.0,5.0,41.0,reports/research/v004c_pairwise_v1_feature_contract_v002_20260506_20260630/v004c_pairwise_v1_input_table_v002.csv,reports/research/v004c_pairwise_v1_feature_contract_v002_20260506_20260630/v004c_pairwise_v1_input_table_v002.csv
LOSSCASE_003_A,LOSSCASE_003,2026-05-20,HIGHEST_RANKED_OUTSIDE_TARGET7,8,break_open_return,603989_2026-05-20,002208_2026-05-20,0.0231404958677687,-0.0433917197452229,0.06653221561299161,reports/research/v004c_pairwise_v1_feature_contract_v002_20260506_20260630/v004c_pairwise_v1_input_table_v002.csv,reports/research/v004c_pairwise_v1_feature_contract_v002_20260506_20260630/v004c_pairwise_v1_input_table_v002.csv
LOSSCASE_003_A,LOSSCASE_003,2026-05-20,HIGHEST_RANKED_OUTSIDE_TARGET7,9,break_high_return,603989_2026-05-20,002208_2026-05-20,0.0876033057851239,0.0493630573248407,0.038240248460283205,reports/research/v004c_pairwise_v1_feature_contract_v002_20260506_20260630/v004c_pairwise_v1_input_table_v002.csv,reports/research/v004c_pairwise_v1_feature_contract_v002_20260506_20260630/v004c_pairwise_v1_input_table_v002.csv
LOSSCASE_003_A,LOSSCASE_003,2026-05-20,HIGHEST_RANKED_OUTSIDE_TARGET7,10,break_close_return,603989_2026-05-20,002208_2026-05-20,0.0623966942148761,0.0302547770700636,0.0321419171448125,reports/research/v004c_pairwise_v1_feature_contract_v002_20260506_20260630/v004c_pairwise_v1_input_table_v002.csv,reports/research/v004c_pairwise_v1_feature_contract_v002_20260506_20260630/v004c_pairwise_v1_input_table_v002.csv
LOSSCASE_003_A,LOSSCASE_003,2026-05-20,HIGHEST_RANKED_OUTSIDE_TARGET7,11,break_touched_limit_up,603989_2026-05-20,002208_2026-05-20,0.0,0.0,0.0,reports/research/v004c_pairwise_v1_feature_contract_v002_20260506_20260630/v004c_pairwise_v1_input_table_v002.csv,reports/research/v004c_pairwise_v1_feature_contract_v002_20260506_20260630/v004c_pairwise_v1_input_table_v002.csv
LOSSCASE_003_A,LOSSCASE_003,2026-05-20,HIGHEST_RANKED_OUTSIDE_TARGET7,12,break_opened_from_limit_up,603989_2026-05-20,002208_2026-05-20,0.0,0.0,0.0,reports/research/v004c_pairwise_v1_feature_contract_v002_20260506_20260630/v004c_pairwise_v1_input_table_v002.csv,reports/research/v004c_pairwise_v1_feature_contract_v002_20260506_20260630/v004c_pairwise_v1_input_table_v002.csv
LOSSCASE_003_A,LOSSCASE_003,2026-05-20,HIGHEST_RANKED_OUTSIDE_TARGET7,13,break_upper_shadow_ratio,603989_2026-05-20,002208_2026-05-20,0.3112244897959179,0.1732851985559568,0.13793929123996107,reports/research/v004c_pairwise_v1_feature_contract_v002_20260506_20260630/v004c_pairwise_v1_input_table_v002.csv,reports/research/v004c_pairwise_v1_feature_contract_v002_20260506_20260630/v004c_pairwise_v1_input_table_v002.csv
LOSSCASE_003_A,LOSSCASE_003,2026-05-20,HIGHEST_RANKED_OUTSIDE_TARGET7,14,break_lower_shadow_ratio,603989_2026-05-20,002208_2026-05-20,0.2040816326530622,0.1588447653429607,0.045236867310101514,reports/research/v004c_pairwise_v1_feature_contract_v002_20260506_20260630/v004c_pairwise_v1_input_table_v002.csv,reports/research/v004c_pairwise_v1_feature_contract_v002_20260506_20260630/v004c_pairwise_v1_input_table_v002.csv
LOSSCASE_003_A,LOSSCASE_003,2026-05-20,HIGHEST_RANKED_OUTSIDE_TARGET7,15,d1_high_to_close_drawdown_raw,603989_2026-05-20,002208_2026-05-20,0.0224334600760456,0.015220700152207,0.0072127599238385985,reports/research/v004c_pairwise_v1_feature_contract_v002_20260506_20260630/v004c_pairwise_v1_input_table_v002.csv,reports/research/v004c_pairwise_v1_feature_contract_v002_20260506_20260630/v004c_pairwise_v1_input_table_v002.csv
LOSSCASE_003_A,LOSSCASE_003,2026-05-20,HIGHEST_RANKED_OUTSIDE_TARGET7,16,d1_low_to_close_recovery,603989_2026-05-20,002208_2026-05-20,0.0519639934533551,0.0961457009741634,-0.0441817075208083,reports/research/v004c_pairwise_v1_feature_contract_v002_20260506_20260630/v004c_pairwise_v1_input_table_v002.csv,reports/research/v004c_pairwise_v1_feature_contract_v002_20260506_20260630/v004c_pairwise_v1_input_table_v002.csv
LOSSCASE_003_A,LOSSCASE_003,2026-05-20,HIGHEST_RANKED_OUTSIDE_TARGET7,17,d1_open_to_close_return_raw,603989_2026-05-20,002208_2026-05-20,0.0383683360258482,0.0769870994590093,-0.038618763433161105,reports/research/v004c_pairwise_v1_feature_contract_v002_20260506_20260630/v004c_pairwise_v1_input_table_v002.csv,reports/research/v004c_pairwise_v1_feature_contract_v002_20260506_20260630/v004c_pairwise_v1_input_table_v002.csv
LOSSCASE_003_A,LOSSCASE_003,2026-05-20,HIGHEST_RANKED_OUTSIDE_TARGET7,18,d1_close_location,603989_2026-05-20,002208_2026-05-20,0.6827956989247311,0.8501872659176023,-0.16739156699287117,reports/research/v004c_pairwise_v1_feature_contract_v002_20260506_20260630/v004c_pairwise_v1_input_table_v002.csv,reports/research/v004c_pairwise_v1_feature_contract_v002_20260506_20260630/v004c_pairwise_v1_input_table_v002.csv
LOSSCASE_003_A,LOSSCASE_003,2026-05-20,HIGHEST_RANKED_OUTSIDE_TARGET7,19,d1_intraday_range,603989_2026-05-20,002208_2026-05-20,0.0768595041322313,0.1062898089171975,-0.029430304784966194,reports/research/v004c_pairwise_v1_feature_contract_v002_20260506_20260630/v004c_pairwise_v1_input_table_v002.csv,reports/research/v004c_pairwise_v1_feature_contract_v002_20260506_20260630/v004c_pairwise_v1_input_table_v002.csv
LOSSCASE_003_A,LOSSCASE_003,2026-05-20,HIGHEST_RANKED_OUTSIDE_TARGET7,20,d1_afternoon_return,603989_2026-05-20,002208_2026-05-20,-0.0007773027594247,0.0443906376109766,-0.0451679403704013,reports/research/v004c_pairwise_v1_feature_contract_v002_20260506_20260630/v004c_pairwise_v1_input_table_v002.csv,reports/research/v004c_pairwise_v1_feature_contract_v002_20260506_20260630/v004c_pairwise_v1_input_table_v002.csv
LOSSCASE_003_A,LOSSCASE_003,2026-05-20,HIGHEST_RANKED_OUTSIDE_TARGET7,21,d1_last_hour_return,603989_2026-05-20,002208_2026-05-20,-0.0034883720930232,0.0149019607843137,-0.0183903328773369,reports/research/v004c_pairwise_v1_feature_contract_v002_20260506_20260630/v004c_pairwise_v1_input_table_v002.csv,reports/research/v004c_pairwise_v1_feature_contract_v002_20260506_20260630/v004c_pairwise_v1_input_table_v002.csv
LOSSCASE_003_A,LOSSCASE_003,2026-05-20,HIGHEST_RANKED_OUTSIDE_TARGET7,22,break_volume_ratio_vs_board_days,603989_2026-05-20,002208_2026-05-20,1.9385027379366144,1.8317236596534527,0.10677907828316169,reports/research/v004c_pairwise_v1_feature_contract_v002_20260506_20260630/v004c_pairwise_v1_input_table_v002.csv,reports/research/v004c_pairwise_v1_feature_contract_v002_20260506_20260630/v004c_pairwise_v1_input_table_v002.csv
LOSSCASE_003_A,LOSSCASE_003,2026-05-20,HIGHEST_RANKED_OUTSIDE_TARGET7,23,d1_up_bar_volume_ratio,603989_2026-05-20,002208_2026-05-20,0.7211714144990249,0.6654198631457381,0.0557515513532868,reports/research/v004c_pairwise_v1_feature_contract_v002_20260506_20260630/v004c_pairwise_v1_input_table_v002.csv,reports/research/v004c_pairwise_v1_feature_contract_v002_20260506_20260630/v004c_pairwise_v1_input_table_v002.csv
LOSSCASE_003_A,LOSSCASE_003,2026-05-20,HIGHEST_RANKED_OUTSIDE_TARGET7,24,down_bar_volume_ratio,603989_2026-05-20,002208_2026-05-20,0.2620980396934674,0.3345801368542619,-0.07248209716079451,reports/research/v004c_pairwise_v1_feature_contract_v002_20260506_20260630/v004c_pairwise_v1_input_table_v002.csv,reports/research/v004c_pairwise_v1_feature_contract_v002_20260506_20260630/v004c_pairwise_v1_input_table_v002.csv
LOSSCASE_003_A,LOSSCASE_003,2026-05-20,HIGHEST_RANKED_OUTSIDE_TARGET7,25,volume_above_d1_close_ratio,603989_2026-05-20,002208_2026-05-20,0.244077491406302,0.1868307293067882,0.05724676209951379,reports/research/v004c_pairwise_v1_feature_contract_v002_20260506_20260630/v004c_pairwise_v1_input_table_v002.csv,reports/research/v004c_pairwise_v1_feature_contract_v002_20260506_20260630/v004c_pairwise_v1_input_table_v002.csv
LOSSCASE_003_A,LOSSCASE_003,2026-05-20,HIGHEST_RANKED_OUTSIDE_TARGET7,26,amount_above_d1_close_ratio,603989_2026-05-20,002208_2026-05-20,0.2470780161785423,0.1905812251641029,0.05649679101443941,reports/research/v004c_pairwise_v1_feature_contract_v002_20260506_20260630/v004c_pairwise_v1_input_table_v002.csv,reports/research/v004c_pairwise_v1_feature_contract_v002_20260506_20260630/v004c_pairwise_v1_input_table_v002.csv
LOSSCASE_003_A,LOSSCASE_003,2026-05-20,HIGHEST_RANKED_OUTSIDE_TARGET7,27,high_zone_volume_ratio,603989_2026-05-20,002208_2026-05-20,0.1906305973558582,0.3379231830802578,-0.14729258572439963,reports/research/v004c_pairwise_v1_feature_contract_v002_20260506_20260630/v004c_pairwise_v1_input_table_v002.csv,reports/research/v004c_pairwise_v1_feature_contract_v002_20260506_20260630/v004c_pairwise_v1_input_table_v002.csv
LOSSCASE_003_A,LOSSCASE_003,2026-05-20,HIGHEST_RANKED_OUTSIDE_TARGET7,28,high_zone_amount_ratio,603989_2026-05-20,002208_2026-05-20,0.1932650523756353,0.3451719597359134,-0.15190690736027812,reports/research/v004c_pairwise_v1_feature_contract_v002_20260506_20260630/v004c_pairwise_v1_input_table_v002.csv,reports/research/v004c_pairwise_v1_feature_contract_v002_20260506_20260630/v004c_pairwise_v1_input_table_v002.csv
LOSSCASE_003_A,LOSSCASE_003,2026-05-20,HIGHEST_RANKED_OUTSIDE_TARGET7,29,late_day_sell_volume_ratio,603989_2026-05-20,002208_2026-05-20,0.0550578053182301,0.0781644251967774,-0.023106619878547292,reports/research/v004c_pairwise_v1_feature_contract_v002_20260506_20260630/v004c_pairwise_v1_input_table_v002.csv,reports/research/v004c_pairwise_v1_feature_contract_v002_20260506_20260630/v004c_pairwise_v1_input_table_v002.csv
LOSSCASE_003_A,LOSSCASE_003,2026-05-20,HIGHEST_RANKED_OUTSIDE_TARGET7,30,late_day_sell_amount_ratio,603989_2026-05-20,002208_2026-05-20,0.055484099510175,0.0798554370873575,-0.024371337577182496,reports/research/v004c_pairwise_v1_feature_contract_v002_20260506_20260630/v004c_pairwise_v1_input_table_v002.csv,reports/research/v004c_pairwise_v1_feature_contract_v002_20260506_20260630/v004c_pairwise_v1_input_table_v002.csv
LOSSCASE_003_A,LOSSCASE_003,2026-05-20,HIGHEST_RANKED_OUTSIDE_TARGET7,31,d1_close_to_vwap_raw,603989_2026-05-20,002208_2026-05-20,0.0079033455675041,0.0323077271103087,-0.024404381542804603,reports/research/v004c_pairwise_v1_feature_contract_v002_20260506_20260630/v004c_pairwise_v1_input_table_v002.csv,reports/research/v004c_pairwise_v1_feature_contract_v002_20260506_20260630/v004c_pairwise_v1_input_table_v002.csv
LOSSCASE_003_A,LOSSCASE_003,2026-05-20,HIGHEST_RANKED_OUTSIDE_TARGET7,32,d1_close_to_ma5_raw,603989_2026-05-20,002208_2026-05-20,0.1435815318921804,0.131118881118881,0.012462650773299389,reports/research/v004c_pairwise_v1_feature_contract_v002_20260506_20260630/v004c_pairwise_v1_input_table_v002.csv,reports/research/v004c_pairwise_v1_feature_contract_v002_20260506_20260630/v004c_pairwise_v1_input_table_v002.csv
LOSSCASE_003_A,LOSSCASE_003,2026-05-20,HIGHEST_RANKED_OUTSIDE_TARGET7,33,d1_low_to_ma5_raw,603989_2026-05-20,002208_2026-05-20,0.0835334934614357,0.0310314685314683,0.052502024929967396,reports/research/v004c_pairwise_v1_feature_contract_v002_20260506_20260630/v004c_pairwise_v1_input_table_v002.csv,reports/research/v004c_pairwise_v1_feature_contract_v002_20260506_20260630/v004c_pairwise_v1_input_table_v002.csv
LOSSCASE_003_A,LOSSCASE_003,2026-05-20,HIGHEST_RANKED_OUTSIDE_TARGET7,34,d1_high_to_ma5_raw,603989_2026-05-20,002208_2026-05-20,0.1707143492571836,0.1520979020979018,0.01861644715928179,reports/research/v004c_pairwise_v1_feature_contract_v002_20260506_20260630/v004c_pairwise_v1_input_table_v002.csv,reports/research/v004c_pairwise_v1_feature_contract_v002_20260506_20260630/v004c_pairwise_v1_input_table_v002.csv
LOSSCASE_003_A,LOSSCASE_003,2026-05-20,HIGHEST_RANKED_OUTSIDE_TARGET7,35,d1_close_to_ma10_raw,603989_2026-05-20,002208_2026-05-20,0.1793577981651375,0.345114345114345,-0.16575654694920752,reports/research/v004c_pairwise_v1_feature_contract_v002_20260506_20260630/v004c_pairwise_v1_input_table_v002.csv,reports/research/v004c_pairwise_v1_feature_contract_v002_20260506_20260630/v004c_pairwise_v1_input_table_v002.csv
LOSSCASE_003_A,LOSSCASE_003,2026-05-20,HIGHEST_RANKED_OUTSIDE_TARGET7,36,d1_low_to_ma10_raw,603989_2026-05-20,002208_2026-05-20,0.1174311926605504,0.226091476091476,-0.10866028343092561,reports/research/v004c_pairwise_v1_feature_contract_v002_20260506_20260630/v004c_pairwise_v1_input_table_v002.csv,reports/research/v004c_pairwise_v1_feature_contract_v002_20260506_20260630/v004c_pairwise_v1_input_table_v002.csv
LOSSCASE_003_A,LOSSCASE_003,2026-05-20,HIGHEST_RANKED_OUTSIDE_TARGET7,37,d1_close_to_ma20,603989_2026-05-20,002208_2026-05-20,0.2379622496147921,0.6098031287904706,-0.37184087917567854,reports/research/v004c_pairwise_v1_feature_contract_v002_20260506_20260630/v004c_pairwise_v1_input_table_v002.csv,reports/research/v004c_pairwise_v1_feature_contract_v002_20260506_20260630/v004c_pairwise_v1_input_table_v002.csv
LOSSCASE_003_A,LOSSCASE_003,2026-05-20,HIGHEST_RANKED_OUTSIDE_TARGET7,38,d1_ma5_slope,603989_2026-05-20,002208_2026-05-20,0.044314381270903,0.0739767179872323,-0.029662336716329292,reports/research/v004c_pairwise_v1_feature_contract_v002_20260506_20260630/v004c_pairwise_v1_input_table_v002.csv,reports/research/v004c_pairwise_v1_feature_contract_v002_20260506_20260630/v004c_pairwise_v1_input_table_v002.csv
LOSSCASE_003_A,LOSSCASE_003,2026-05-20,HIGHEST_RANKED_OUTSIDE_TARGET7,39,d1_ma10_slope,603989_2026-05-20,002208_2026-05-20,0.0255445265089149,0.0662824207492795,-0.04073789424036459,reports/research/v004c_pairwise_v1_feature_contract_v002_20260506_20260630/v004c_pairwise_v1_input_table_v002.csv,reports/research/v004c_pairwise_v1_feature_contract_v002_20260506_20260630/v004c_pairwise_v1_input_table_v002.csv
LOSSCASE_003_A,LOSSCASE_003,2026-05-20,HIGHEST_RANKED_OUTSIDE_TARGET7,40,d1_ma20_slope,603989_2026-05-20,002208_2026-05-20,0.0151778076500057,0.04270981969127,-0.027532012041264303,reports/research/v004c_pairwise_v1_feature_contract_v002_20260506_20260630/v004c_pairwise_v1_input_table_v002.csv,reports/research/v004c_pairwise_v1_feature_contract_v002_20260506_20260630/v004c_pairwise_v1_input_table_v002.csv
LOSSCASE_003_A,LOSSCASE_003,2026-05-20,HIGHEST_RANKED_OUTSIDE_TARGET7,41,d1_close_above_ma5,603989_2026-05-20,002208_2026-05-20,1.0,1.0,0.0,reports/research/v004c_pairwise_v1_feature_contract_v002_20260506_20260630/v004c_pairwise_v1_input_table_v002.csv,reports/research/v004c_pairwise_v1_feature_contract_v002_20260506_20260630/v004c_pairwise_v1_input_table_v002.csv
LOSSCASE_003_A,LOSSCASE_003,2026-05-20,HIGHEST_RANKED_OUTSIDE_TARGET7,42,d1_close_above_ma10,603989_2026-05-20,002208_2026-05-20,1.0,1.0,0.0,reports/research/v004c_pairwise_v1_feature_contract_v002_20260506_20260630/v004c_pairwise_v1_input_table_v002.csv,reports/research/v004c_pairwise_v1_feature_contract_v002_20260506_20260630/v004c_pairwise_v1_input_table_v002.csv
LOSSCASE_003_A,LOSSCASE_003,2026-05-20,HIGHEST_RANKED_OUTSIDE_TARGET7,43,d1_true_reclaim_ma5,603989_2026-05-20,002208_2026-05-20,0.0,0.0,0.0,reports/research/v004c_pairwise_v1_feature_contract_v002_20260506_20260630/v004c_pairwise_v1_input_table_v002.csv,reports/research/v004c_pairwise_v1_feature_contract_v002_20260506_20260630/v004c_pairwise_v1_input_table_v002.csv
LOSSCASE_003_A,LOSSCASE_003,2026-05-20,HIGHEST_RANKED_OUTSIDE_TARGET7,44,d1_true_reclaim_ma10,603989_2026-05-20,002208_2026-05-20,0.0,0.0,0.0,reports/research/v004c_pairwise_v1_feature_contract_v002_20260506_20260630/v004c_pairwise_v1_input_table_v002.csv,reports/research/v004c_pairwise_v1_feature_contract_v002_20260506_20260630/v004c_pairwise_v1_input_table_v002.csv
LOSSCASE_003_A,LOSSCASE_003,2026-05-20,HIGHEST_RANKED_OUTSIDE_TARGET7,45,consecutive_days_below_ma5,603989_2026-05-20,002208_2026-05-20,0.0,0.0,0.0,reports/research/v004c_pairwise_v1_feature_contract_v002_20260506_20260630/v004c_pairwise_v1_input_table_v002.csv,reports/research/v004c_pairwise_v1_feature_contract_v002_20260506_20260630/v004c_pairwise_v1_input_table_v002.csv
LOSSCASE_003_A,LOSSCASE_003,2026-05-20,HIGHEST_RANKED_OUTSIDE_TARGET7,46,consecutive_days_below_ma10,603989_2026-05-20,002208_2026-05-20,0.0,0.0,0.0,reports/research/v004c_pairwise_v1_feature_contract_v002_20260506_20260630/v004c_pairwise_v1_input_table_v002.csv,reports/research/v004c_pairwise_v1_feature_contract_v002_20260506_20260630/v004c_pairwise_v1_input_table_v002.csv
LOSSCASE_003_A,LOSSCASE_003,2026-05-20,HIGHEST_RANKED_OUTSIDE_TARGET7,47,break_day_in_pool,603989_2026-05-20,002208_2026-05-20,0.0,0.0,0.0,reports/research/v004c_pairwise_v1_feature_contract_v002_20260506_20260630/v004c_pairwise_v1_input_table_v002.csv,reports/research/v004c_pairwise_v1_feature_contract_v002_20260506_20260630/v004c_pairwise_v1_input_table_v002.csv
LOSSCASE_003_A,LOSSCASE_003,2026-05-20,HIGHEST_RANKED_OUTSIDE_TARGET7,48,last_board_day_in_pool,603989_2026-05-20,002208_2026-05-20,1.0,1.0,0.0,reports/research/v004c_pairwise_v1_feature_contract_v002_20260506_20260630/v004c_pairwise_v1_input_table_v002.csv,reports/research/v004c_pairwise_v1_feature_contract_v002_20260506_20260630/v004c_pairwise_v1_input_table_v002.csv
LOSSCASE_003_A,LOSSCASE_003,2026-05-20,HIGHEST_RANKED_OUTSIDE_TARGET7,49,pool_consecutive_count_last_board,603989_2026-05-20,002208_2026-05-20,2.0,2.0,0.0,reports/research/v004c_pairwise_v1_feature_contract_v002_20260506_20260630/v004c_pairwise_v1_input_table_v002.csv,reports/research/v004c_pairwise_v1_feature_contract_v002_20260506_20260630/v004c_pairwise_v1_input_table_v002.csv
LOSSCASE_003_A,LOSSCASE_003,2026-05-20,HIGHEST_RANKED_OUTSIDE_TARGET7,50,recent_7d_cumulative_return,603989_2026-05-20,002208_2026-05-20,0.2213776722090261,0.5819070904645476,-0.3605294182555215,reports/research/v004c_pairwise_v1_feature_contract_v002_20260506_20260630/v004c_pairwise_v1_input_table_v002.csv,reports/research/v004c_pairwise_v1_feature_contract_v002_20260506_20260630/v004c_pairwise_v1_input_table_v002.csv
LOSSCASE_003_A,LOSSCASE_003,2026-05-20,HIGHEST_RANKED_OUTSIDE_TARGET7,51,recent_7d_max_drawdown,603989_2026-05-20,002208_2026-05-20,0.0848317196864914,0.0609076433121019,0.023924076374389508,reports/research/v004c_pairwise_v1_feature_contract_v002_20260506_20260630/v004c_pairwise_v1_input_table_v002.csv,reports/research/v004c_pairwise_v1_feature_contract_v002_20260506_20260630/v004c_pairwise_v1_input_table_v002.csv
LOSSCASE_003_A,LOSSCASE_003,2026-05-20,HIGHEST_RANKED_OUTSIDE_TARGET7,52,recent_7d_close_position,603989_2026-05-20,002208_2026-05-20,0.9057187017001548,0.9587274290627686,-0.05300872736261386,reports/research/v004c_pairwise_v1_feature_contract_v002_20260506_20260630/v004c_pairwise_v1_input_table_v002.csv,reports/research/v004c_pairwise_v1_feature_contract_v002_20260506_20260630/v004c_pairwise_v1_input_table_v002.csv
LOSSCASE_003_A,LOSSCASE_003,2026-05-20,HIGHEST_RANKED_OUTSIDE_TARGET7,53,recent_7d_limit_up_count,603989_2026-05-20,002208_2026-05-20,2.0,5.0,-3.0,reports/research/v004c_pairwise_v1_feature_contract_v002_20260506_20260630/v004c_pairwise_v1_input_table_v002.csv,reports/research/v004c_pairwise_v1_feature_contract_v002_20260506_20260630/v004c_pairwise_v1_input_table_v002.csv
LOSSCASE_004_A,LOSSCASE_004,2026-05-21,HIGHEST_RANKED_OUTSIDE_TARGET7,1,board_streak_is_3,002272_2026-05-21,603938_2026-05-21,1.0,1.0,0.0,reports/research/v004c_pairwise_v1_feature_contract_v002_20260506_20260630/v004c_pairwise_v1_input_table_v002.csv,reports/research/v004c_pairwise_v1_feature_contract_v002_20260506_20260630/v004c_pairwise_v1_input_table_v002.csv
LOSSCASE_004_A,LOSSCASE_004,2026-05-21,HIGHEST_RANKED_OUTSIDE_TARGET7,2,max_board_streak_20d,002272_2026-05-21,603938_2026-05-21,3.0,3.0,0.0,reports/research/v004c_pairwise_v1_feature_contract_v002_20260506_20260630/v004c_pairwise_v1_input_table_v002.csv,reports/research/v004c_pairwise_v1_feature_contract_v002_20260506_20260630/v004c_pairwise_v1_input_table_v002.csv
LOSSCASE_004_A,LOSSCASE_004,2026-05-21,HIGHEST_RANKED_OUTSIDE_TARGET7,3,recent_limit_up_count_10d,002272_2026-05-21,603938_2026-05-21,3.0,4.0,-1.0,reports/research/v004c_pairwise_v1_feature_contract_v002_20260506_20260630/v004c_pairwise_v1_input_table_v002.csv,reports/research/v004c_pairwise_v1_feature_contract_v002_20260506_20260630/v004c_pairwise_v1_input_table_v002.csv
LOSSCASE_004_A,LOSSCASE_004,2026-05-21,HIGHEST_RANKED_OUTSIDE_TARGET7,4,recent_limit_up_count_20d,002272_2026-05-21,603938_2026-05-21,4.0,5.0,-1.0,reports/research/v004c_pairwise_v1_feature_contract_v002_20260506_20260630/v004c_pairwise_v1_input_table_v002.csv,reports/research/v004c_pairwise_v1_feature_contract_v002_20260506_20260630/v004c_pairwise_v1_input_table_v002.csv
LOSSCASE_004_A,LOSSCASE_004,2026-05-21,HIGHEST_RANKED_OUTSIDE_TARGET7,5,recent_pool_appearance_count_10d,002272_2026-05-21,603938_2026-05-21,3.0,4.0,-1.0,reports/research/v004c_pairwise_v1_feature_contract_v002_20260506_20260630/v004c_pairwise_v1_input_table_v002.csv,reports/research/v004c_pairwise_v1_feature_contract_v002_20260506_20260630/v004c_pairwise_v1_input_table_v002.csv
LOSSCASE_004_A,LOSSCASE_004,2026-05-21,HIGHEST_RANKED_OUTSIDE_TARGET7,6,recent_pool_appearance_count_20d,002272_2026-05-21,603938_2026-05-21,4.0,5.0,-1.0,reports/research/v004c_pairwise_v1_feature_contract_v002_20260506_20260630/v004c_pairwise_v1_input_table_v002.csv,reports/research/v004c_pairwise_v1_feature_contract_v002_20260506_20260630/v004c_pairwise_v1_input_table_v002.csv
LOSSCASE_004_A,LOSSCASE_004,2026-05-21,HIGHEST_RANKED_OUTSIDE_TARGET7,7,board_day_volume_rank,002272_2026-05-21,603938_2026-05-21,13.0,45.0,-32.0,reports/research/v004c_pairwise_v1_feature_contract_v002_20260506_20260630/v004c_pairwise_v1_input_table_v002.csv,reports/research/v004c_pairwise_v1_feature_contract_v002_20260506_20260630/v004c_pairwise_v1_input_table_v002.csv
LOSSCASE_004_A,LOSSCASE_004,2026-05-21,HIGHEST_RANKED_OUTSIDE_TARGET7,8,break_open_return,002272_2026-05-21,603938_2026-05-21,-0.0152365677626303,0.0561755952380953,-0.0714121630007256,reports/research/v004c_pairwise_v1_feature_contract_v002_20260506_20260630/v004c_pairwise_v1_input_table_v002.csv,reports/research/v004c_pairwise_v1_feature_contract_v002_20260506_20260630/v004c_pairwise_v1_input_table_v002.csv
LOSSCASE_004_A,LOSSCASE_004,2026-05-21,HIGHEST_RANKED_OUTSIDE_TARGET7,9,break_high_return,002272_2026-05-21,603938_2026-05-21,-0.0036086607858861,0.0561755952380953,-0.0597842560239814,reports/research/v004c_pairwise_v1_feature_contract_v002_20260506_20260630/v004c_pairwise_v1_input_table_v002.csv,reports/research/v004c_pairwise_v1_feature_contract_v002_20260506_20260630/v004c_pairwise_v1_input_table_v002.csv
LOSSCASE_004_A,LOSSCASE_004,2026-05-21,HIGHEST_RANKED_OUTSIDE_TARGET7,10,break_close_return,002272_2026-05-21,603938_2026-05-21,-0.0998396150761828,-0.0591517857142857,-0.040687829361897104,reports/research/v004c_pairwise_v1_feature_contract_v002_20260506_20260630/v004c_pairwise_v1_input_table_v002.csv,reports/research/v004c_pairwise_v1_feature_contract_v002_20260506_20260630/v004c_pairwise_v1_input_table_v002.csv
LOSSCASE_004_A,LOSSCASE_004,2026-05-21,HIGHEST_RANKED_OUTSIDE_TARGET7,11,break_touched_limit_up,002272_2026-05-21,603938_2026-05-21,0.0,0.0,0.0,reports/research/v004c_pairwise_v1_feature_contract_v002_20260506_20260630/v004c_pairwise_v1_input_table_v002.csv,reports/research/v004c_pairwise_v1_feature_contract_v002_20260506_20260630/v004c_pairwise_v1_input_table_v002.csv
LOSSCASE_004_A,LOSSCASE_004,2026-05-21,HIGHEST_RANKED_OUTSIDE_TARGET7,12,break_opened_from_limit_up,002272_2026-05-21,603938_2026-05-21,0.0,0.0,0.0,reports/research/v004c_pairwise_v1_feature_contract_v002_20260506_20260630/v004c_pairwise_v1_input_table_v002.csv,reports/research/v004c_pairwise_v1_feature_contract_v002_20260506_20260630/v004c_pairwise_v1_input_table_v002.csv
LOSSCASE_004_A,LOSSCASE_004,2026-05-21,HIGHEST_RANKED_OUTSIDE_TARGET7,13,break_upper_shadow_ratio,002272_2026-05-21,603938_2026-05-21,0.1208333333333343,0.0,0.1208333333333343,reports/research/v004c_pairwise_v1_feature_contract_v002_20260506_20260630/v004c_pairwise_v1_input_table_v002.csv,reports/research/v004c_pairwise_v1_feature_contract_v002_20260506_20260630/v004c_pairwise_v1_input_table_v002.csv
LOSSCASE_004_A,LOSSCASE_004,2026-05-21,HIGHEST_RANKED_OUTSIDE_TARGET7,14,break_lower_shadow_ratio,002272_2026-05-21,603938_2026-05-21,0.0,0.085545722713864,-0.085545722713864,reports/research/v004c_pairwise_v1_feature_contract_v002_20260506_20260630/v004c_pairwise_v1_input_table_v002.csv,reports/research/v004c_pairwise_v1_feature_contract_v002_20260506_20260630/v004c_pairwise_v1_input_table_v002.csv
LOSSCASE_004_A,LOSSCASE_004,2026-05-21,HIGHEST_RANKED_OUTSIDE_TARGET7,15,d1_high_to_close_drawdown_raw,002272_2026-05-21,603938_2026-05-21,0.0954875100725222,0.1091933779499824,-0.013705867877460212,reports/research/v004c_pairwise_v1_feature_contract_v002_20260506_20260630/v004c_pairwise_v1_input_table_v002.csv,reports/research/v004c_pairwise_v1_feature_contract_v002_20260506_20260630/v004c_pairwise_v1_input_table_v002.csv
LOSSCASE_004_A,LOSSCASE_004,2026-05-21,HIGHEST_RANKED_OUTSIDE_TARGET7,16,d1_low_to_close_recovery,002272_2026-05-21,603938_2026-05-21,0.0,0.0055666003976143,-0.0055666003976143,reports/research/v004c_pairwise_v1_feature_contract_v002_20260506_20260630/v004c_pairwise_v1_input_table_v002.csv,reports/research/v004c_pairwise_v1_feature_contract_v002_20260506_20260630/v004c_pairwise_v1_input_table_v002.csv
LOSSCASE_004_A,LOSSCASE_004,2026-05-21,HIGHEST_RANKED_OUTSIDE_TARGET7,17,d1_open_to_close_return_raw,002272_2026-05-21,603938_2026-05-21,-0.0859120521172638,-0.1091933779499824,0.023281325832718608,reports/research/v004c_pairwise_v1_feature_contract_v002_20260506_20260630/v004c_pairwise_v1_input_table_v002.csv,reports/research/v004c_pairwise_v1_feature_contract_v002_20260506_20260630/v004c_pairwise_v1_input_table_v002.csv
LOSSCASE_004_A,LOSSCASE_004,2026-05-21,HIGHEST_RANKED_OUTSIDE_TARGET7,18,d1_close_location,002272_2026-05-21,603938_2026-05-21,0.0,0.04320987654321,-0.04320987654321,reports/research/v004c_pairwise_v1_feature_contract_v002_20260506_20260630/v004c_pairwise_v1_input_table_v002.csv,reports/research/v004c_pairwise_v1_feature_contract_v002_20260506_20260630/v004c_pairwise_v1_input_table_v002.csv
LOSSCASE_004_A,LOSSCASE_004,2026-05-21,HIGHEST_RANKED_OUTSIDE_TARGET7,19,d1_intraday_range,002272_2026-05-21,603938_2026-05-21,0.095028067361668,0.1205357142857143,-0.025507646924046307,reports/research/v004c_pairwise_v1_feature_contract_v002_20260506_20260630/v004c_pairwise_v1_input_table_v002.csv,reports/research/v004c_pairwise_v1_feature_contract_v002_20260506_20260630/v004c_pairwise_v1_input_table_v002.csv
LOSSCASE_004_A,LOSSCASE_004,2026-05-21,HIGHEST_RANKED_OUTSIDE_TARGET7,20,d1_afternoon_return,002272_2026-05-21,603938_2026-05-21,-0.0543386689132265,-0.0402277039848197,-0.0141109649284068,reports/research/v004c_pairwise_v1_feature_contract_v002_20260506_20260630/v004c_pairwise_v1_input_table_v002.csv,reports/research/v004c_pairwise_v1_feature_contract_v002_20260506_20260630/v004c_pairwise_v1_input_table_v002.csv
LOSSCASE_004_A,LOSSCASE_004,2026-05-21,HIGHEST_RANKED_OUTSIDE_TARGET7,21,d1_last_hour_return,002272_2026-05-21,603938_2026-05-21,-0.0310746655157532,-0.0330720703498376,0.0019974048340844,reports/research/v004c_pairwise_v1_feature_contract_v002_20260506_20260630/v004c_pairwise_v1_input_table_v002.csv,reports/research/v004c_pairwise_v1_feature_contract_v002_20260506_20260630/v004c_pairwise_v1_input_table_v002.csv
LOSSCASE_004_A,LOSSCASE_004,2026-05-21,HIGHEST_RANKED_OUTSIDE_TARGET7,22,break_volume_ratio_vs_board_days,002272_2026-05-21,603938_2026-05-21,2.6319463375777463,2.7887871735386,-0.15684083596085374,reports/research/v004c_pairwise_v1_feature_contract_v002_20260506_20260630/v004c_pairwise_v1_input_table_v002.csv,reports/research/v004c_pairwise_v1_feature_contract_v002_20260506_20260630/v004c_pairwise_v1_input_table_v002.csv
LOSSCASE_004_A,LOSSCASE_004,2026-05-21,HIGHEST_RANKED_OUTSIDE_TARGET7,23,d1_up_bar_volume_ratio,002272_2026-05-21,603938_2026-05-21,0.248114733591128,0.2681569240833625,-0.02004219049223449,reports/research/v004c_pairwise_v1_feature_contract_v002_20260506_20260630/v004c_pairwise_v1_input_table_v002.csv,reports/research/v004c_pairwise_v1_feature_contract_v002_20260506_20260630/v004c_pairwise_v1_input_table_v002.csv
LOSSCASE_004_A,LOSSCASE_004,2026-05-21,HIGHEST_RANKED_OUTSIDE_TARGET7,24,down_bar_volume_ratio,002272_2026-05-21,603938_2026-05-21,0.751885266408872,0.7318430759166376,0.020042190492234435,reports/research/v004c_pairwise_v1_feature_contract_v002_20260506_20260630/v004c_pairwise_v1_input_table_v002.csv,reports/research/v004c_pairwise_v1_feature_contract_v002_20260506_20260630/v004c_pairwise_v1_input_table_v002.csv
LOSSCASE_004_A,LOSSCASE_004,2026-05-21,HIGHEST_RANKED_OUTSIDE_TARGET7,25,volume_above_d1_close_ratio,002272_2026-05-21,603938_2026-05-21,1.0,1.0,0.0,reports/research/v004c_pairwise_v1_feature_contract_v002_20260506_20260630/v004c_pairwise_v1_input_table_v002.csv,reports/research/v004c_pairwise_v1_feature_contract_v002_20260506_20260630/v004c_pairwise_v1_input_table_v002.csv
LOSSCASE_004_A,LOSSCASE_004,2026-05-21,HIGHEST_RANKED_OUTSIDE_TARGET7,26,amount_above_d1_close_ratio,002272_2026-05-21,603938_2026-05-21,1.0,1.0,0.0,reports/research/v004c_pairwise_v1_feature_contract_v002_20260506_20260630/v004c_pairwise_v1_input_table_v002.csv,reports/research/v004c_pairwise_v1_feature_contract_v002_20260506_20260630/v004c_pairwise_v1_input_table_v002.csv
LOSSCASE_004_A,LOSSCASE_004,2026-05-21,HIGHEST_RANKED_OUTSIDE_TARGET7,27,high_zone_volume_ratio,002272_2026-05-21,603938_2026-05-21,0.3719963414109617,0.0,0.3719963414109617,reports/research/v004c_pairwise_v1_feature_contract_v002_20260506_20260630/v004c_pairwise_v1_input_table_v002.csv,reports/research/v004c_pairwise_v1_feature_contract_v002_20260506_20260630/v004c_pairwise_v1_input_table_v002.csv
LOSSCASE_004_A,LOSSCASE_004,2026-05-21,HIGHEST_RANKED_OUTSIDE_TARGET7,28,high_zone_amount_ratio,002272_2026-05-21,603938_2026-05-21,0.3804074964541691,0.0,0.3804074964541691,reports/research/v004c_pairwise_v1_feature_contract_v002_20260506_20260630/v004c_pairwise_v1_input_table_v002.csv,reports/research/v004c_pairwise_v1_feature_contract_v002_20260506_20260630/v004c_pairwise_v1_input_table_v002.csv
LOSSCASE_004_A,LOSSCASE_004,2026-05-21,HIGHEST_RANKED_OUTSIDE_TARGET7,29,late_day_sell_volume_ratio,002272_2026-05-21,603938_2026-05-21,0.1390955104683879,0.1464263642833065,-0.007330853814918603,reports/research/v004c_pairwise_v1_feature_contract_v002_20260506_20260630/v004c_pairwise_v1_input_table_v002.csv,reports/research/v004c_pairwise_v1_feature_contract_v002_20260506_20260630/v004c_pairwise_v1_input_table_v002.csv
LOSSCASE_004_A,LOSSCASE_004,2026-05-21,HIGHEST_RANKED_OUTSIDE_TARGET7,30,late_day_sell_amount_ratio,002272_2026-05-21,603938_2026-05-21,0.1330127935682466,0.1407913757593556,-0.007778582191108996,reports/research/v004c_pairwise_v1_feature_contract_v002_20260506_20260630/v004c_pairwise_v1_input_table_v002.csv,reports/research/v004c_pairwise_v1_feature_contract_v002_20260506_20260630/v004c_pairwise_v1_input_table_v002.csv
LOSSCASE_004_A,LOSSCASE_004,2026-05-21,HIGHEST_RANKED_OUTSIDE_TARGET7,31,d1_close_to_vwap_raw,002272_2026-05-21,603938_2026-05-21,-0.0567901156502176,-0.053166018417989,-0.003624097232228597,reports/research/v004c_pairwise_v1_feature_contract_v002_20260506_20260630/v004c_pairwise_v1_input_table_v002.csv,reports/research/v004c_pairwise_v1_feature_contract_v002_20260506_20260630/v004c_pairwise_v1_input_table_v002.csv
LOSSCASE_004_A,LOSSCASE_004,2026-05-21,HIGHEST_RANKED_OUTSIDE_TARGET7,32,d1_close_to_ma5_raw,002272_2026-05-21,603938_2026-05-21,0.0259574079151814,0.0624711170860816,-0.0365137091709002,reports/research/v004c_pairwise_v1_feature_contract_v002_20260506_20260630/v004c_pairwise_v1_input_table_v002.csv,reports/research/v004c_pairwise_v1_feature_contract_v002_20260506_20260630/v004c_pairwise_v1_input_table_v002.csv
LOSSCASE_004_A,LOSSCASE_004,2026-05-21,HIGHEST_RANKED_OUTSIDE_TARGET7,33,d1_low_to_ma5_raw,002272_2026-05-21,603938_2026-05-21,0.0259574079151814,0.0502877788514053,-0.024330370936223897,reports/research/v004c_pairwise_v1_feature_contract_v002_20260506_20260630/v004c_pairwise_v1_input_table_v002.csv,reports/research/v004c_pairwise_v1_feature_contract_v002_20260506_20260630/v004c_pairwise_v1_input_table_v002.csv
LOSSCASE_004_A,LOSSCASE_004,2026-05-21,HIGHEST_RANKED_OUTSIDE_TARGET7,34,d1_high_to_ma5_raw,002272_2026-05-21,603938_2026-05-21,0.1356365962891876,0.1927068016636559,-0.0570702053744683,reports/research/v004c_pairwise_v1_feature_contract_v002_20260506_20260630/v004c_pairwise_v1_input_table_v002.csv,reports/research/v004c_pairwise_v1_feature_contract_v002_20260506_20260630/v004c_pairwise_v1_input_table_v002.csv
LOSSCASE_004_A,LOSSCASE_004,2026-05-21,HIGHEST_RANKED_OUTSIDE_TARGET7,35,d1_close_to_ma10_raw,002272_2026-05-21,603938_2026-05-21,0.081979854450817,0.1739039617518043,-0.09192410730098731,reports/research/v004c_pairwise_v1_feature_contract_v002_20260506_20260630/v004c_pairwise_v1_input_table_v002.csv,reports/research/v004c_pairwise_v1_feature_contract_v002_20260506_20260630/v004c_pairwise_v1_input_table_v002.csv
LOSSCASE_004_A,LOSSCASE_004,2026-05-21,HIGHEST_RANKED_OUTSIDE_TARGET7,36,d1_low_to_ma10_raw,002272_2026-05-21,603938_2026-05-21,0.081979854450817,0.1604428249820131,-0.0784629705311961,reports/research/v004c_pairwise_v1_feature_contract_v002_20260506_20260630/v004c_pairwise_v1_input_table_v002.csv,reports/research/v004c_pairwise_v1_feature_contract_v002_20260506_20260630/v004c_pairwise_v1_input_table_v002.csv
LOSSCASE_004_A,LOSSCASE_004,2026-05-21,HIGHEST_RANKED_OUTSIDE_TARGET7,37,d1_close_to_ma20,002272_2026-05-21,603938_2026-05-21,0.1393336547489152,0.3857534246575342,-0.246419769908619,reports/research/v004c_pairwise_v1_feature_contract_v002_20260506_20260630/v004c_pairwise_v1_input_table_v002.csv,reports/research/v004c_pairwise_v1_feature_contract_v002_20260506_20260630/v004c_pairwise_v1_input_table_v002.csv
LOSSCASE_004_A,LOSSCASE_004,2026-05-21,HIGHEST_RANKED_OUTSIDE_TARGET7,38,d1_ma5_slope,002272_2026-05-21,603938_2026-05-21,0.0308083663086489,0.0342385400825546,-0.0034301737739057016,reports/research/v004c_pairwise_v1_feature_contract_v002_20260506_20260630/v004c_pairwise_v1_input_table_v002.csv,reports/research/v004c_pairwise_v1_feature_contract_v002_20260506_20260630/v004c_pairwise_v1_input_table_v002.csv
LOSSCASE_004_A,LOSSCASE_004,2026-05-21,HIGHEST_RANKED_OUTSIDE_TARGET7,39,d1_ma10_slope,002272_2026-05-21,603938_2026-05-21,0.0126403123474865,0.0434708902450837,-0.030830577897597203,reports/research/v004c_pairwise_v1_feature_contract_v002_20260506_20260630/v004c_pairwise_v1_input_table_v002.csv,reports/research/v004c_pairwise_v1_feature_contract_v002_20260506_20260630/v004c_pairwise_v1_input_table_v002.csv
LOSSCASE_004_A,LOSSCASE_004,2026-05-21,HIGHEST_RANKED_OUTSIDE_TARGET7,40,d1_ma20_slope,002272_2026-05-21,603938_2026-05-21,0.0046140511879271,0.0309715141158362,-0.026357462927909102,reports/research/v004c_pairwise_v1_feature_contract_v002_20260506_20260630/v004c_pairwise_v1_input_table_v002.csv,reports/research/v004c_pairwise_v1_feature_contract_v002_20260506_20260630/v004c_pairwise_v1_input_table_v002.csv
LOSSCASE_004_A,LOSSCASE_004,2026-05-21,HIGHEST_RANKED_OUTSIDE_TARGET7,41,d1_close_above_ma5,002272_2026-05-21,603938_2026-05-21,1.0,1.0,0.0,reports/research/v004c_pairwise_v1_feature_contract_v002_20260506_20260630/v004c_pairwise_v1_input_table_v002.csv,reports/research/v004c_pairwise_v1_feature_contract_v002_20260506_20260630/v004c_pairwise_v1_input_table_v002.csv
LOSSCASE_004_A,LOSSCASE_004,2026-05-21,HIGHEST_RANKED_OUTSIDE_TARGET7,42,d1_close_above_ma10,002272_2026-05-21,603938_2026-05-21,1.0,1.0,0.0,reports/research/v004c_pairwise_v1_feature_contract_v002_20260506_20260630/v004c_pairwise_v1_input_table_v002.csv,reports/research/v004c_pairwise_v1_feature_contract_v002_20260506_20260630/v004c_pairwise_v1_input_table_v002.csv
LOSSCASE_004_A,LOSSCASE_004,2026-05-21,HIGHEST_RANKED_OUTSIDE_TARGET7,43,d1_true_reclaim_ma5,002272_2026-05-21,603938_2026-05-21,0.0,0.0,0.0,reports/research/v004c_pairwise_v1_feature_contract_v002_20260506_20260630/v004c_pairwise_v1_input_table_v002.csv,reports/research/v004c_pairwise_v1_feature_contract_v002_20260506_20260630/v004c_pairwise_v1_input_table_v002.csv
LOSSCASE_004_A,LOSSCASE_004,2026-05-21,HIGHEST_RANKED_OUTSIDE_TARGET7,44,d1_true_reclaim_ma10,002272_2026-05-21,603938_2026-05-21,0.0,0.0,0.0,reports/research/v004c_pairwise_v1_feature_contract_v002_20260506_20260630/v004c_pairwise_v1_input_table_v002.csv,reports/research/v004c_pairwise_v1_feature_contract_v002_20260506_20260630/v004c_pairwise_v1_input_table_v002.csv
LOSSCASE_004_A,LOSSCASE_004,2026-05-21,HIGHEST_RANKED_OUTSIDE_TARGET7,45,consecutive_days_below_ma5,002272_2026-05-21,603938_2026-05-21,0.0,0.0,0.0,reports/research/v004c_pairwise_v1_feature_contract_v002_20260506_20260630/v004c_pairwise_v1_input_table_v002.csv,reports/research/v004c_pairwise_v1_feature_contract_v002_20260506_20260630/v004c_pairwise_v1_input_table_v002.csv
LOSSCASE_004_A,LOSSCASE_004,2026-05-21,HIGHEST_RANKED_OUTSIDE_TARGET7,46,consecutive_days_below_ma10,002272_2026-05-21,603938_2026-05-21,0.0,0.0,0.0,reports/research/v004c_pairwise_v1_feature_contract_v002_20260506_20260630/v004c_pairwise_v1_input_table_v002.csv,reports/research/v004c_pairwise_v1_feature_contract_v002_20260506_20260630/v004c_pairwise_v1_input_table_v002.csv
LOSSCASE_004_A,LOSSCASE_004,2026-05-21,HIGHEST_RANKED_OUTSIDE_TARGET7,47,break_day_in_pool,002272_2026-05-21,603938_2026-05-21,0.0,0.0,0.0,reports/research/v004c_pairwise_v1_feature_contract_v002_20260506_20260630/v004c_pairwise_v1_input_table_v002.csv,reports/research/v004c_pairwise_v1_feature_contract_v002_20260506_20260630/v004c_pairwise_v1_input_table_v002.csv
LOSSCASE_004_A,LOSSCASE_004,2026-05-21,HIGHEST_RANKED_OUTSIDE_TARGET7,48,last_board_day_in_pool,002272_2026-05-21,603938_2026-05-21,1.0,1.0,0.0,reports/research/v004c_pairwise_v1_feature_contract_v002_20260506_20260630/v004c_pairwise_v1_input_table_v002.csv,reports/research/v004c_pairwise_v1_feature_contract_v002_20260506_20260630/v004c_pairwise_v1_input_table_v002.csv
LOSSCASE_004_A,LOSSCASE_004,2026-05-21,HIGHEST_RANKED_OUTSIDE_TARGET7,49,pool_consecutive_count_last_board,002272_2026-05-21,603938_2026-05-21,3.0,3.0,0.0,reports/research/v004c_pairwise_v1_feature_contract_v002_20260506_20260630/v004c_pairwise_v1_input_table_v002.csv,reports/research/v004c_pairwise_v1_feature_contract_v002_20260506_20260630/v004c_pairwise_v1_input_table_v002.csv
LOSSCASE_004_A,LOSSCASE_004,2026-05-21,HIGHEST_RANKED_OUTSIDE_TARGET7,50,recent_7d_cumulative_return,002272_2026-05-21,603938_2026-05-21,0.103194103194103,0.1974431818181816,-0.0942490786240786,reports/research/v004c_pairwise_v1_feature_contract_v002_20260506_20260630/v004c_pairwise_v1_input_table_v002.csv,reports/research/v004c_pairwise_v1_feature_contract_v002_20260506_20260630/v004c_pairwise_v1_input_table_v002.csv
LOSSCASE_004_A,LOSSCASE_004,2026-05-21,HIGHEST_RANKED_OUTSIDE_TARGET7,51,recent_7d_max_drawdown,002272_2026-05-21,603938_2026-05-21,0.0998396150761829,0.1122222222222221,-0.012382607146039198,reports/research/v004c_pairwise_v1_feature_contract_v002_20260506_20260630/v004c_pairwise_v1_input_table_v002.csv,reports/research/v004c_pairwise_v1_feature_contract_v002_20260506_20260630/v004c_pairwise_v1_input_table_v002.csv
LOSSCASE_004_A,LOSSCASE_004,2026-05-21,HIGHEST_RANKED_OUTSIDE_TARGET7,52,recent_7d_close_position,002272_2026-05-21,603938_2026-05-21,0.6084905660377358,0.6784232365145227,-0.06993267047678697,reports/research/v004c_pairwise_v1_feature_contract_v002_20260506_20260630/v004c_pairwise_v1_input_table_v002.csv,reports/research/v004c_pairwise_v1_feature_contract_v002_20260506_20260630/v004c_pairwise_v1_input_table_v002.csv
LOSSCASE_004_A,LOSSCASE_004,2026-05-21,HIGHEST_RANKED_OUTSIDE_TARGET7,53,recent_7d_limit_up_count,002272_2026-05-21,603938_2026-05-21,3.0,4.0,-1.0,reports/research/v004c_pairwise_v1_feature_contract_v002_20260506_20260630/v004c_pairwise_v1_input_table_v002.csv,reports/research/v004c_pairwise_v1_feature_contract_v002_20260506_20260630/v004c_pairwise_v1_input_table_v002.csv
LOSSCASE_005_A,LOSSCASE_005,2026-05-26,HIGHEST_RANKED_OUTSIDE_TARGET7,1,board_streak_is_3,603663_2026-05-26,002938_2026-05-26,0.0,0.0,0.0,reports/research/v004c_pairwise_v1_feature_contract_v002_20260506_20260630/v004c_pairwise_v1_input_table_v002.csv,reports/research/v004c_pairwise_v1_feature_contract_v002_20260506_20260630/v004c_pairwise_v1_input_table_v002.csv
LOSSCASE_005_A,LOSSCASE_005,2026-05-26,HIGHEST_RANKED_OUTSIDE_TARGET7,2,max_board_streak_20d,603663_2026-05-26,002938_2026-05-26,2.0,2.0,0.0,reports/research/v004c_pairwise_v1_feature_contract_v002_20260506_20260630/v004c_pairwise_v1_input_table_v002.csv,reports/research/v004c_pairwise_v1_feature_contract_v002_20260506_20260630/v004c_pairwise_v1_input_table_v002.csv
LOSSCASE_005_A,LOSSCASE_005,2026-05-26,HIGHEST_RANKED_OUTSIDE_TARGET7,3,recent_limit_up_count_10d,603663_2026-05-26,002938_2026-05-26,3.0,3.0,0.0,reports/research/v004c_pairwise_v1_feature_contract_v002_20260506_20260630/v004c_pairwise_v1_input_table_v002.csv,reports/research/v004c_pairwise_v1_feature_contract_v002_20260506_20260630/v004c_pairwise_v1_input_table_v002.csv
LOSSCASE_005_A,LOSSCASE_005,2026-05-26,HIGHEST_RANKED_OUTSIDE_TARGET7,4,recent_limit_up_count_20d,603663_2026-05-26,002938_2026-05-26,3.0,3.0,0.0,reports/research/v004c_pairwise_v1_feature_contract_v002_20260506_20260630/v004c_pairwise_v1_input_table_v002.csv,reports/research/v004c_pairwise_v1_feature_contract_v002_20260506_20260630/v004c_pairwise_v1_input_table_v002.csv
LOSSCASE_005_A,LOSSCASE_005,2026-05-26,HIGHEST_RANKED_OUTSIDE_TARGET7,5,recent_pool_appearance_count_10d,603663_2026-05-26,002938_2026-05-26,3.0,3.0,0.0,reports/research/v004c_pairwise_v1_feature_contract_v002_20260506_20260630/v004c_pairwise_v1_input_table_v002.csv,reports/research/v004c_pairwise_v1_feature_contract_v002_20260506_20260630/v004c_pairwise_v1_input_table_v002.csv
LOSSCASE_005_A,LOSSCASE_005,2026-05-26,HIGHEST_RANKED_OUTSIDE_TARGET7,6,recent_pool_appearance_count_20d,603663_2026-05-26,002938_2026-05-26,3.0,3.0,0.0,reports/research/v004c_pairwise_v1_feature_contract_v002_20260506_20260630/v004c_pairwise_v1_input_table_v002.csv,reports/research/v004c_pairwise_v1_feature_contract_v002_20260506_20260630/v004c_pairwise_v1_input_table_v002.csv
LOSSCASE_005_A,LOSSCASE_005,2026-05-26,HIGHEST_RANKED_OUTSIDE_TARGET7,7,board_day_volume_rank,603663_2026-05-26,002938_2026-05-26,56.0,65.0,-9.0,reports/research/v004c_pairwise_v1_feature_contract_v002_20260506_20260630/v004c_pairwise_v1_input_table_v002.csv,reports/research/v004c_pairwise_v1_feature_contract_v002_20260506_20260630/v004c_pairwise_v1_input_table_v002.csv
LOSSCASE_005_A,LOSSCASE_005,2026-05-26,HIGHEST_RANKED_OUTSIDE_TARGET7,8,break_open_return,603663_2026-05-26,002938_2026-05-26,0.0,0.0146955913226032,-0.0146955913226032,reports/research/v004c_pairwise_v1_feature_contract_v002_20260506_20260630/v004c_pairwise_v1_input_table_v002.csv,reports/research/v004c_pairwise_v1_feature_contract_v002_20260506_20260630/v004c_pairwise_v1_input_table_v002.csv
LOSSCASE_005_A,LOSSCASE_005,2026-05-26,HIGHEST_RANKED_OUTSIDE_TARGET7,9,break_high_return,603663_2026-05-26,002938_2026-05-26,0.0849837954627295,0.0756648005598321,0.009318994902897393,reports/research/v004c_pairwise_v1_feature_contract_v002_20260506_20260630/v004c_pairwise_v1_input_table_v002.csv,reports/research/v004c_pairwise_v1_feature_contract_v002_20260506_20260630/v004c_pairwise_v1_input_table_v002.csv
LOSSCASE_005_A,LOSSCASE_005,2026-05-26,HIGHEST_RANKED_OUTSIDE_TARGET7,10,break_close_return,603663_2026-05-26,002938_2026-05-26,0.0496939142960028,0.0146955913226032,0.034998322973399595,reports/research/v004c_pairwise_v1_feature_contract_v002_20260506_20260630/v004c_pairwise_v1_input_table_v002.csv,reports/research/v004c_pairwise_v1_feature_contract_v002_20260506_20260630/v004c_pairwise_v1_input_table_v002.csv
LOSSCASE_005_A,LOSSCASE_005,2026-05-26,HIGHEST_RANKED_OUTSIDE_TARGET7,11,break_touched_limit_up,603663_2026-05-26,002938_2026-05-26,0.0,0.0,0.0,reports/research/v004c_pairwise_v1_feature_contract_v002_20260506_20260630/v004c_pairwise_v1_input_table_v002.csv,reports/research/v004c_pairwise_v1_feature_contract_v002_20260506_20260630/v004c_pairwise_v1_input_table_v002.csv
LOSSCASE_005_A,LOSSCASE_005,2026-05-26,HIGHEST_RANKED_OUTSIDE_TARGET7,12,break_opened_from_limit_up,603663_2026-05-26,002938_2026-05-26,0.0,0.0,0.0,reports/research/v004c_pairwise_v1_feature_contract_v002_20260506_20260630/v004c_pairwise_v1_input_table_v002.csv,reports/research/v004c_pairwise_v1_feature_contract_v002_20260506_20260630/v004c_pairwise_v1_input_table_v002.csv
LOSSCASE_005_A,LOSSCASE_005,2026-05-26,HIGHEST_RANKED_OUTSIDE_TARGET7,13,break_upper_shadow_ratio,603663_2026-05-26,002938_2026-05-26,0.4152542372881359,0.6307692307692309,-0.21551499348109499,reports/research/v004c_pairwise_v1_feature_contract_v002_20260506_20260630/v004c_pairwise_v1_input_table_v002.csv,reports/research/v004c_pairwise_v1_feature_contract_v002_20260506_20260630/v004c_pairwise_v1_input_table_v002.csv
LOSSCASE_005_A,LOSSCASE_005,2026-05-26,HIGHEST_RANKED_OUTSIDE_TARGET7,14,break_lower_shadow_ratio,603663_2026-05-26,002938_2026-05-26,0.0,0.3692307692307692,-0.3692307692307692,reports/research/v004c_pairwise_v1_feature_contract_v002_20260506_20260630/v004c_pairwise_v1_input_table_v002.csv,reports/research/v004c_pairwise_v1_feature_contract_v002_20260506_20260630/v004c_pairwise_v1_input_table_v002.csv
LOSSCASE_005_A,LOSSCASE_005,2026-05-26,HIGHEST_RANKED_OUTSIDE_TARGET7,15,d1_high_to_close_drawdown_raw,603663_2026-05-26,002938_2026-05-26,0.03156146179402,0.0558359107927722,-0.024274448998752196,reports/research/v004c_pairwise_v1_feature_contract_v002_20260506_20260630/v004c_pairwise_v1_input_table_v002.csv,reports/research/v004c_pairwise_v1_feature_contract_v002_20260506_20260630/v004c_pairwise_v1_input_table_v002.csv
LOSSCASE_005_A,LOSSCASE_005,2026-05-26,HIGHEST_RANKED_OUTSIDE_TARGET7,16,d1_low_to_close_recovery,603663_2026-05-26,002938_2026-05-26,0.0496939142960028,0.0364546104360257,0.013239303859977097,reports/research/v004c_pairwise_v1_feature_contract_v002_20260506_20260630/v004c_pairwise_v1_input_table_v002.csv,reports/research/v004c_pairwise_v1_feature_contract_v002_20260506_20260630/v004c_pairwise_v1_input_table_v002.csv
LOSSCASE_005_A,LOSSCASE_005,2026-05-26,HIGHEST_RANKED_OUTSIDE_TARGET7,17,d1_open_to_close_return_raw,603663_2026-05-26,002938_2026-05-26,0.0496939142960028,0.0,0.0496939142960028,reports/research/v004c_pairwise_v1_feature_contract_v002_20260506_20260630/v004c_pairwise_v1_input_table_v002.csv,reports/research/v004c_pairwise_v1_feature_contract_v002_20260506_20260630/v004c_pairwise_v1_input_table_v002.csv
LOSSCASE_005_A,LOSSCASE_005,2026-05-26,HIGHEST_RANKED_OUTSIDE_TARGET7,18,d1_close_location,603663_2026-05-26,002938_2026-05-26,0.5922746781115871,0.372943327239488,0.2193313508720991,reports/research/v004c_pairwise_v1_feature_contract_v002_20260506_20260630/v004c_pairwise_v1_input_table_v002.csv,reports/research/v004c_pairwise_v1_feature_contract_v002_20260506_20260630/v004c_pairwise_v1_input_table_v002.csv
LOSSCASE_005_A,LOSSCASE_005,2026-05-26,HIGHEST_RANKED_OUTSIDE_TARGET7,19,d1_intraday_range,603663_2026-05-26,002938_2026-05-26,0.0839034929780339,0.0956962911126661,-0.011792798134632201,reports/research/v004c_pairwise_v1_feature_contract_v002_20260506_20260630/v004c_pairwise_v1_input_table_v002.csv,reports/research/v004c_pairwise_v1_feature_contract_v002_20260506_20260630/v004c_pairwise_v1_input_table_v002.csv
LOSSCASE_005_A,LOSSCASE_005,2026-05-26,HIGHEST_RANKED_OUTSIDE_TARGET7,20,d1_afternoon_return,603663_2026-05-26,002938_2026-05-26,-0.0046098685333789,-0.0048897658059534,0.0002798972725745006,reports/research/v004c_pairwise_v1_feature_contract_v002_20260506_20260630/v004c_pairwise_v1_input_table_v002.csv,reports/research/v004c_pairwise_v1_feature_contract_v002_20260506_20260630/v004c_pairwise_v1_input_table_v002.csv
LOSSCASE_005_A,LOSSCASE_005,2026-05-26,HIGHEST_RANKED_OUTSIDE_TARGET7,21,d1_last_hour_return,603663_2026-05-26,002938_2026-05-26,0.0037878787878786,0.0220264317180616,-0.018238552930182998,reports/research/v004c_pairwise_v1_feature_contract_v002_20260506_20260630/v004c_pairwise_v1_input_table_v002.csv,reports/research/v004c_pairwise_v1_feature_contract_v002_20260506_20260630/v004c_pairwise_v1_input_table_v002.csv
LOSSCASE_005_A,LOSSCASE_005,2026-05-26,HIGHEST_RANKED_OUTSIDE_TARGET7,22,break_volume_ratio_vs_board_days,603663_2026-05-26,002938_2026-05-26,1.375575944010854,5.63646219525896,-4.260886251248106,reports/research/v004c_pairwise_v1_feature_contract_v002_20260506_20260630/v004c_pairwise_v1_input_table_v002.csv,reports/research/v004c_pairwise_v1_feature_contract_v002_20260506_20260630/v004c_pairwise_v1_input_table_v002.csv
LOSSCASE_005_A,LOSSCASE_005,2026-05-26,HIGHEST_RANKED_OUTSIDE_TARGET7,23,d1_up_bar_volume_ratio,603663_2026-05-26,002938_2026-05-26,0.6153548254610957,0.4796908791721803,0.13566394628891537,reports/research/v004c_pairwise_v1_feature_contract_v002_20260506_20260630/v004c_pairwise_v1_input_table_v002.csv,reports/research/v004c_pairwise_v1_feature_contract_v002_20260506_20260630/v004c_pairwise_v1_input_table_v002.csv
LOSSCASE_005_A,LOSSCASE_005,2026-05-26,HIGHEST_RANKED_OUTSIDE_TARGET7,24,down_bar_volume_ratio,603663_2026-05-26,002938_2026-05-26,0.3846451745389043,0.5203091208278197,-0.13566394628891537,reports/research/v004c_pairwise_v1_feature_contract_v002_20260506_20260630/v004c_pairwise_v1_input_table_v002.csv,reports/research/v004c_pairwise_v1_feature_contract_v002_20260506_20260630/v004c_pairwise_v1_input_table_v002.csv
LOSSCASE_005_A,LOSSCASE_005,2026-05-26,HIGHEST_RANKED_OUTSIDE_TARGET7,25,volume_above_d1_close_ratio,603663_2026-05-26,002938_2026-05-26,0.4660081326491209,0.4908659093153498,-0.024857776666228903,reports/research/v004c_pairwise_v1_feature_contract_v002_20260506_20260630/v004c_pairwise_v1_input_table_v002.csv,reports/research/v004c_pairwise_v1_feature_contract_v002_20260506_20260630/v004c_pairwise_v1_input_table_v002.csv
LOSSCASE_005_A,LOSSCASE_005,2026-05-26,HIGHEST_RANKED_OUTSIDE_TARGET7,26,amount_above_d1_close_ratio,603663_2026-05-26,002938_2026-05-26,0.4716496751166689,0.4971538963968623,-0.025504221280193418,reports/research/v004c_pairwise_v1_feature_contract_v002_20260506_20260630/v004c_pairwise_v1_input_table_v002.csv,reports/research/v004c_pairwise_v1_feature_contract_v002_20260506_20260630/v004c_pairwise_v1_input_table_v002.csv
LOSSCASE_005_A,LOSSCASE_005,2026-05-26,HIGHEST_RANKED_OUTSIDE_TARGET7,27,high_zone_volume_ratio,603663_2026-05-26,002938_2026-05-26,0.2469008993122906,0.0695871871475463,0.17731371216474429,reports/research/v004c_pairwise_v1_feature_contract_v002_20260506_20260630/v004c_pairwise_v1_input_table_v002.csv,reports/research/v004c_pairwise_v1_feature_contract_v002_20260506_20260630/v004c_pairwise_v1_input_table_v002.csv
LOSSCASE_005_A,LOSSCASE_005,2026-05-26,HIGHEST_RANKED_OUTSIDE_TARGET7,28,high_zone_amount_ratio,603663_2026-05-26,002938_2026-05-26,0.2512622253250171,0.0726197185742481,0.17864250675076898,reports/research/v004c_pairwise_v1_feature_contract_v002_20260506_20260630/v004c_pairwise_v1_input_table_v002.csv,reports/research/v004c_pairwise_v1_feature_contract_v002_20260506_20260630/v004c_pairwise_v1_input_table_v002.csv
LOSSCASE_005_A,LOSSCASE_005,2026-05-26,HIGHEST_RANKED_OUTSIDE_TARGET7,29,late_day_sell_volume_ratio,603663_2026-05-26,002938_2026-05-26,0.0941086283980902,0.0766591205801624,0.017449507817927798,reports/research/v004c_pairwise_v1_feature_contract_v002_20260506_20260630/v004c_pairwise_v1_input_table_v002.csv,reports/research/v004c_pairwise_v1_feature_contract_v002_20260506_20260630/v004c_pairwise_v1_input_table_v002.csv
LOSSCASE_005_A,LOSSCASE_005,2026-05-26,HIGHEST_RANKED_OUTSIDE_TARGET7,30,late_day_sell_amount_ratio,603663_2026-05-26,002938_2026-05-26,0.0940458362447009,0.0749500832826505,0.019095752962050405,reports/research/v004c_pairwise_v1_feature_contract_v002_20260506_20260630/v004c_pairwise_v1_input_table_v002.csv,reports/research/v004c_pairwise_v1_feature_contract_v002_20260506_20260630/v004c_pairwise_v1_input_table_v002.csv
LOSSCASE_005_A,LOSSCASE_005,2026-05-26,HIGHEST_RANKED_OUTSIDE_TARGET7,31,d1_close_to_vwap_raw,603663_2026-05-26,002938_2026-05-26,0.0011447322298736,-0.0029853896456402,0.0041301218755138,reports/research/v004c_pairwise_v1_feature_contract_v002_20260506_20260630/v004c_pairwise_v1_input_table_v002.csv,reports/research/v004c_pairwise_v1_feature_contract_v002_20260506_20260630/v004c_pairwise_v1_input_table_v002.csv
LOSSCASE_005_A,LOSSCASE_005,2026-05-26,HIGHEST_RANKED_OUTSIDE_TARGET7,32,d1_close_to_ma5_raw,603663_2026-05-26,002938_2026-05-26,0.1388498202844195,0.1176413912708351,0.0212084290135844,reports/research/v004c_pairwise_v1_feature_contract_v002_20260506_20260630/v004c_pairwise_v1_input_table_v002.csv,reports/research/v004c_pairwise_v1_feature_contract_v002_20260506_20260630/v004c_pairwise_v1_input_table_v002.csv
LOSSCASE_005_A,LOSSCASE_005,2026-05-26,HIGHEST_RANKED_OUTSIDE_TARGET7,33,d1_low_to_ma5_raw,603663_2026-05-26,002938_2026-05-26,0.0849351461165808,0.0783312457847575,0.006603900331823301,reports/research/v004c_pairwise_v1_feature_contract_v002_20260506_20260630/v004c_pairwise_v1_input_table_v002.csv,reports/research/v004c_pairwise_v1_feature_contract_v002_20260506_20260630/v004c_pairwise_v1_input_table_v002.csv
LOSSCASE_005_A,LOSSCASE_005,2026-05-26,HIGHEST_RANKED_OUTSIDE_TARGET7,34,d1_high_to_ma5_raw,603663_2026-05-26,002938_2026-05-26,0.1771370526644788,0.1847962231428845,-0.007659170478405697,reports/research/v004c_pairwise_v1_feature_contract_v002_20260506_20260630/v004c_pairwise_v1_input_table_v002.csv,reports/research/v004c_pairwise_v1_feature_contract_v002_20260506_20260630/v004c_pairwise_v1_input_table_v002.csv
LOSSCASE_005_A,LOSSCASE_005,2026-05-26,HIGHEST_RANKED_OUTSIDE_TARGET7,35,d1_close_to_ma10_raw,603663_2026-05-26,002938_2026-05-26,0.2427523874488404,0.2088244182532488,0.0339279691955916,reports/research/v004c_pairwise_v1_feature_contract_v002_20260506_20260630/v004c_pairwise_v1_input_table_v002.csv,reports/research/v004c_pairwise_v1_feature_contract_v002_20260506_20260630/v004c_pairwise_v1_input_table_v002.csv
LOSSCASE_005_A,LOSSCASE_005,2026-05-26,HIGHEST_RANKED_OUTSIDE_TARGET7,36,d1_low_to_ma10_raw,603663_2026-05-26,002938_2026-05-26,0.1839188267394269,0.1663071456112379,0.017611681128188977,reports/research/v004c_pairwise_v1_feature_contract_v002_20260506_20260630/v004c_pairwise_v1_input_table_v002.csv,reports/research/v004c_pairwise_v1_feature_contract_v002_20260506_20260630/v004c_pairwise_v1_input_table_v002.csv
LOSSCASE_005_A,LOSSCASE_005,2026-05-26,HIGHEST_RANKED_OUTSIDE_TARGET7,37,d1_close_to_ma20,603663_2026-05-26,002938_2026-05-26,0.2489823899910022,0.353740583625574,-0.10475819363457178,reports/research/v004c_pairwise_v1_feature_contract_v002_20260506_20260630/v004c_pairwise_v1_input_table_v002.csv,reports/research/v004c_pairwise_v1_feature_contract_v002_20260506_20260630/v004c_pairwise_v1_input_table_v002.csv
LOSSCASE_005_A,LOSSCASE_005,2026-05-26,HIGHEST_RANKED_OUTSIDE_TARGET7,38,d1_ma5_slope,603663_2026-05-26,002938_2026-05-26,0.0699327007482337,0.0440179451586295,0.025914755589604196,reports/research/v004c_pairwise_v1_feature_contract_v002_20260506_20260630/v004c_pairwise_v1_input_table_v002.csv,reports/research/v004c_pairwise_v1_feature_contract_v002_20260506_20260630/v004c_pairwise_v1_input_table_v002.csv
LOSSCASE_005_A,LOSSCASE_005,2026-05-26,HIGHEST_RANKED_OUTSIDE_TARGET7,39,d1_ma10_slope,603663_2026-05-26,002938_2026-05-26,0.0312822880256766,0.039765524265638,-0.008483236239961403,reports/research/v004c_pairwise_v1_feature_contract_v002_20260506_20260630/v004c_pairwise_v1_input_table_v002.csv,reports/research/v004c_pairwise_v1_feature_contract_v002_20260506_20260630/v004c_pairwise_v1_input_table_v002.csv
LOSSCASE_005_A,LOSSCASE_005,2026-05-26,HIGHEST_RANKED_OUTSIDE_TARGET7,40,d1_ma20_slope,603663_2026-05-26,002938_2026-05-26,0.0103572549486465,0.0242530734704367,-0.0138958185217902,reports/research/v004c_pairwise_v1_feature_contract_v002_20260506_20260630/v004c_pairwise_v1_input_table_v002.csv,reports/research/v004c_pairwise_v1_feature_contract_v002_20260506_20260630/v004c_pairwise_v1_input_table_v002.csv
LOSSCASE_005_A,LOSSCASE_005,2026-05-26,HIGHEST_RANKED_OUTSIDE_TARGET7,41,d1_close_above_ma5,603663_2026-05-26,002938_2026-05-26,1.0,1.0,0.0,reports/research/v004c_pairwise_v1_feature_contract_v002_20260506_20260630/v004c_pairwise_v1_input_table_v002.csv,reports/research/v004c_pairwise_v1_feature_contract_v002_20260506_20260630/v004c_pairwise_v1_input_table_v002.csv
LOSSCASE_005_A,LOSSCASE_005,2026-05-26,HIGHEST_RANKED_OUTSIDE_TARGET7,42,d1_close_above_ma10,603663_2026-05-26,002938_2026-05-26,1.0,1.0,0.0,reports/research/v004c_pairwise_v1_feature_contract_v002_20260506_20260630/v004c_pairwise_v1_input_table_v002.csv,reports/research/v004c_pairwise_v1_feature_contract_v002_20260506_20260630/v004c_pairwise_v1_input_table_v002.csv
LOSSCASE_005_A,LOSSCASE_005,2026-05-26,HIGHEST_RANKED_OUTSIDE_TARGET7,43,d1_true_reclaim_ma5,603663_2026-05-26,002938_2026-05-26,0.0,0.0,0.0,reports/research/v004c_pairwise_v1_feature_contract_v002_20260506_20260630/v004c_pairwise_v1_input_table_v002.csv,reports/research/v004c_pairwise_v1_feature_contract_v002_20260506_20260630/v004c_pairwise_v1_input_table_v002.csv
LOSSCASE_005_A,LOSSCASE_005,2026-05-26,HIGHEST_RANKED_OUTSIDE_TARGET7,44,d1_true_reclaim_ma10,603663_2026-05-26,002938_2026-05-26,0.0,0.0,0.0,reports/research/v004c_pairwise_v1_feature_contract_v002_20260506_20260630/v004c_pairwise_v1_input_table_v002.csv,reports/research/v004c_pairwise_v1_feature_contract_v002_20260506_20260630/v004c_pairwise_v1_input_table_v002.csv
LOSSCASE_005_A,LOSSCASE_005,2026-05-26,HIGHEST_RANKED_OUTSIDE_TARGET7,45,consecutive_days_below_ma5,603663_2026-05-26,002938_2026-05-26,0.0,0.0,0.0,reports/research/v004c_pairwise_v1_feature_contract_v002_20260506_20260630/v004c_pairwise_v1_input_table_v002.csv,reports/research/v004c_pairwise_v1_feature_contract_v002_20260506_20260630/v004c_pairwise_v1_input_table_v002.csv
LOSSCASE_005_A,LOSSCASE_005,2026-05-26,HIGHEST_RANKED_OUTSIDE_TARGET7,46,consecutive_days_below_ma10,603663_2026-05-26,002938_2026-05-26,0.0,0.0,0.0,reports/research/v004c_pairwise_v1_feature_contract_v002_20260506_20260630/v004c_pairwise_v1_input_table_v002.csv,reports/research/v004c_pairwise_v1_feature_contract_v002_20260506_20260630/v004c_pairwise_v1_input_table_v002.csv
LOSSCASE_005_A,LOSSCASE_005,2026-05-26,HIGHEST_RANKED_OUTSIDE_TARGET7,47,break_day_in_pool,603663_2026-05-26,002938_2026-05-26,0.0,0.0,0.0,reports/research/v004c_pairwise_v1_feature_contract_v002_20260506_20260630/v004c_pairwise_v1_input_table_v002.csv,reports/research/v004c_pairwise_v1_feature_contract_v002_20260506_20260630/v004c_pairwise_v1_input_table_v002.csv
LOSSCASE_005_A,LOSSCASE_005,2026-05-26,HIGHEST_RANKED_OUTSIDE_TARGET7,48,last_board_day_in_pool,603663_2026-05-26,002938_2026-05-26,1.0,1.0,0.0,reports/research/v004c_pairwise_v1_feature_contract_v002_20260506_20260630/v004c_pairwise_v1_input_table_v002.csv,reports/research/v004c_pairwise_v1_feature_contract_v002_20260506_20260630/v004c_pairwise_v1_input_table_v002.csv
LOSSCASE_005_A,LOSSCASE_005,2026-05-26,HIGHEST_RANKED_OUTSIDE_TARGET7,49,pool_consecutive_count_last_board,603663_2026-05-26,002938_2026-05-26,2.0,2.0,0.0,reports/research/v004c_pairwise_v1_feature_contract_v002_20260506_20260630/v004c_pairwise_v1_input_table_v002.csv,reports/research/v004c_pairwise_v1_feature_contract_v002_20260506_20260630/v004c_pairwise_v1_input_table_v002.csv
LOSSCASE_005_A,LOSSCASE_005,2026-05-26,HIGHEST_RANKED_OUTSIDE_TARGET7,50,recent_7d_cumulative_return,603663_2026-05-26,002938_2026-05-26,0.3599253557266153,0.3000112069931637,0.05991414873345163,reports/research/v004c_pairwise_v1_feature_contract_v002_20260506_20260630/v004c_pairwise_v1_input_table_v002.csv,reports/research/v004c_pairwise_v1_feature_contract_v002_20260506_20260630/v004c_pairwise_v1_input_table_v002.csv
LOSSCASE_005_A,LOSSCASE_005,2026-05-26,HIGHEST_RANKED_OUTSIDE_TARGET7,51,recent_7d_max_drawdown,603663_2026-05-26,002938_2026-05-26,0.0709911544567929,0.0821458507963118,-0.011154696339518905,reports/research/v004c_pairwise_v1_feature_contract_v002_20260506_20260630/v004c_pairwise_v1_input_table_v002.csv,reports/research/v004c_pairwise_v1_feature_contract_v002_20260506_20260630/v004c_pairwise_v1_input_table_v002.csv
LOSSCASE_005_A,LOSSCASE_005,2026-05-26,HIGHEST_RANKED_OUTSIDE_TARGET7,52,recent_7d_close_position,603663_2026-05-26,002938_2026-05-26,0.8984455958549222,0.831886155330439,0.06655944052448326,reports/research/v004c_pairwise_v1_feature_contract_v002_20260506_20260630/v004c_pairwise_v1_input_table_v002.csv,reports/research/v004c_pairwise_v1_feature_contract_v002_20260506_20260630/v004c_pairwise_v1_input_table_v002.csv
LOSSCASE_005_A,LOSSCASE_005,2026-05-26,HIGHEST_RANKED_OUTSIDE_TARGET7,53,recent_7d_limit_up_count,603663_2026-05-26,002938_2026-05-26,3.0,2.0,1.0,reports/research/v004c_pairwise_v1_feature_contract_v002_20260506_20260630/v004c_pairwise_v1_input_table_v002.csv,reports/research/v004c_pairwise_v1_feature_contract_v002_20260506_20260630/v004c_pairwise_v1_input_table_v002.csv
LOSSCASE_006_A,LOSSCASE_006,2026-05-28,HIGHEST_RANKED_OUTSIDE_TARGET7,1,board_streak_is_3,002251_2026-05-28,001257_2026-05-28,0.0,0.0,0.0,reports/research/v004c_pairwise_v1_feature_contract_v002_20260506_20260630/v004c_pairwise_v1_input_table_v002.csv,reports/research/v004c_pairwise_v1_feature_contract_v002_20260506_20260630/v004c_pairwise_v1_input_table_v002.csv
LOSSCASE_006_A,LOSSCASE_006,2026-05-28,HIGHEST_RANKED_OUTSIDE_TARGET7,2,max_board_streak_20d,002251_2026-05-28,001257_2026-05-28,2.0,2.0,0.0,reports/research/v004c_pairwise_v1_feature_contract_v002_20260506_20260630/v004c_pairwise_v1_input_table_v002.csv,reports/research/v004c_pairwise_v1_feature_contract_v002_20260506_20260630/v004c_pairwise_v1_input_table_v002.csv
LOSSCASE_006_A,LOSSCASE_006,2026-05-28,HIGHEST_RANKED_OUTSIDE_TARGET7,3,recent_limit_up_count_10d,002251_2026-05-28,001257_2026-05-28,2.0,2.0,0.0,reports/research/v004c_pairwise_v1_feature_contract_v002_20260506_20260630/v004c_pairwise_v1_input_table_v002.csv,reports/research/v004c_pairwise_v1_feature_contract_v002_20260506_20260630/v004c_pairwise_v1_input_table_v002.csv
LOSSCASE_006_A,LOSSCASE_006,2026-05-28,HIGHEST_RANKED_OUTSIDE_TARGET7,4,recent_limit_up_count_20d,002251_2026-05-28,001257_2026-05-28,2.0,2.0,0.0,reports/research/v004c_pairwise_v1_feature_contract_v002_20260506_20260630/v004c_pairwise_v1_input_table_v002.csv,reports/research/v004c_pairwise_v1_feature_contract_v002_20260506_20260630/v004c_pairwise_v1_input_table_v002.csv
LOSSCASE_006_A,LOSSCASE_006,2026-05-28,HIGHEST_RANKED_OUTSIDE_TARGET7,5,recent_pool_appearance_count_10d,002251_2026-05-28,001257_2026-05-28,2.0,2.0,0.0,reports/research/v004c_pairwise_v1_feature_contract_v002_20260506_20260630/v004c_pairwise_v1_input_table_v002.csv,reports/research/v004c_pairwise_v1_feature_contract_v002_20260506_20260630/v004c_pairwise_v1_input_table_v002.csv
LOSSCASE_006_A,LOSSCASE_006,2026-05-28,HIGHEST_RANKED_OUTSIDE_TARGET7,6,recent_pool_appearance_count_20d,002251_2026-05-28,001257_2026-05-28,2.0,2.0,0.0,reports/research/v004c_pairwise_v1_feature_contract_v002_20260506_20260630/v004c_pairwise_v1_input_table_v002.csv,reports/research/v004c_pairwise_v1_feature_contract_v002_20260506_20260630/v004c_pairwise_v1_input_table_v002.csv
LOSSCASE_006_A,LOSSCASE_006,2026-05-28,HIGHEST_RANKED_OUTSIDE_TARGET7,7,board_day_volume_rank,002251_2026-05-28,001257_2026-05-28,3.0,22.0,-19.0,reports/research/v004c_pairwise_v1_feature_contract_v002_20260506_20260630/v004c_pairwise_v1_input_table_v002.csv,reports/research/v004c_pairwise_v1_feature_contract_v002_20260506_20260630/v004c_pairwise_v1_input_table_v002.csv
LOSSCASE_006_A,LOSSCASE_006,2026-05-28,HIGHEST_RANKED_OUTSIDE_TARGET7,8,break_open_return,002251_2026-05-28,001257_2026-05-28,-0.0087527352297592,0.0003519887363605,-0.0091047239661197,reports/research/v004c_pairwise_v1_feature_contract_v002_20260506_20260630/v004c_pairwise_v1_input_table_v002.csv,reports/research/v004c_pairwise_v1_feature_contract_v002_20260506_20260630/v004c_pairwise_v1_input_table_v002.csv
LOSSCASE_006_A,LOSSCASE_006,2026-05-28,HIGHEST_RANKED_OUTSIDE_TARGET7,9,break_high_return,002251_2026-05-28,001257_2026-05-28,0.0503282275711158,0.0376627947905667,0.012665432780549095,reports/research/v004c_pairwise_v1_feature_contract_v002_20260506_20260630/v004c_pairwise_v1_input_table_v002.csv,reports/research/v004c_pairwise_v1_feature_contract_v002_20260506_20260630/v004c_pairwise_v1_input_table_v002.csv
LOSSCASE_006_A,LOSSCASE_006,2026-05-28,HIGHEST_RANKED_OUTSIDE_TARGET7,10,break_close_return,002251_2026-05-28,001257_2026-05-28,-0.0284463894967177,-0.0144315381907779,-0.014014851305939801,reports/research/v004c_pairwise_v1_feature_contract_v002_20260506_20260630/v004c_pairwise_v1_input_table_v002.csv,reports/research/v004c_pairwise_v1_feature_contract_v002_20260506_20260630/v004c_pairwise_v1_input_table_v002.csv
LOSSCASE_006_A,LOSSCASE_006,2026-05-28,HIGHEST_RANKED_OUTSIDE_TARGET7,11,break_touched_limit_up,002251_2026-05-28,001257_2026-05-28,0.0,0.0,0.0,reports/research/v004c_pairwise_v1_feature_contract_v002_20260506_20260630/v004c_pairwise_v1_input_table_v002.csv,reports/research/v004c_pairwise_v1_feature_contract_v002_20260506_20260630/v004c_pairwise_v1_input_table_v002.csv
LOSSCASE_006_A,LOSSCASE_006,2026-05-28,HIGHEST_RANKED_OUTSIDE_TARGET7,12,break_opened_from_limit_up,002251_2026-05-28,001257_2026-05-28,0.0,0.0,0.0,reports/research/v004c_pairwise_v1_feature_contract_v002_20260506_20260630/v004c_pairwise_v1_input_table_v002.csv,reports/research/v004c_pairwise_v1_feature_contract_v002_20260506_20260630/v004c_pairwise_v1_input_table_v002.csv
LOSSCASE_006_A,LOSSCASE_006,2026-05-28,HIGHEST_RANKED_OUTSIDE_TARGET7,13,break_upper_shadow_ratio,002251_2026-05-28,001257_2026-05-28,0.6923076923076917,0.4862385321100912,0.20606916019760052,reports/research/v004c_pairwise_v1_feature_contract_v002_20260506_20260630/v004c_pairwise_v1_input_table_v002.csv,reports/research/v004c_pairwise_v1_feature_contract_v002_20260506_20260630/v004c_pairwise_v1_input_table_v002.csv
LOSSCASE_006_A,LOSSCASE_006,2026-05-28,HIGHEST_RANKED_OUTSIDE_TARGET7,14,break_lower_shadow_ratio,002251_2026-05-28,001257_2026-05-28,0.0769230769230776,0.3211009174311924,-0.2441778405081148,reports/research/v004c_pairwise_v1_feature_contract_v002_20260506_20260630/v004c_pairwise_v1_input_table_v002.csv,reports/research/v004c_pairwise_v1_feature_contract_v002_20260506_20260630/v004c_pairwise_v1_input_table_v002.csv
LOSSCASE_006_A,LOSSCASE_006,2026-05-28,HIGHEST_RANKED_OUTSIDE_TARGET7,15,d1_high_to_close_drawdown_raw,002251_2026-05-28,001257_2026-05-28,0.0749999999999998,0.0492359932088285,0.0257640067911713,reports/research/v004c_pairwise_v1_feature_contract_v002_20260506_20260630/v004c_pairwise_v1_input_table_v002.csv,reports/research/v004c_pairwise_v1_feature_contract_v002_20260506_20260630/v004c_pairwise_v1_input_table_v002.csv
LOSSCASE_006_A,LOSSCASE_006,2026-05-28,HIGHEST_RANKED_OUTSIDE_TARGET7,16,d1_low_to_close_recovery,002251_2026-05-28,001257_2026-05-28,0.0045248868778281,0.0248901903367496,-0.0203653034589215,reports/research/v004c_pairwise_v1_feature_contract_v002_20260506_20260630/v004c_pairwise_v1_input_table_v002.csv,reports/research/v004c_pairwise_v1_feature_contract_v002_20260506_20260630/v004c_pairwise_v1_input_table_v002.csv
LOSSCASE_006_A,LOSSCASE_006,2026-05-28,HIGHEST_RANKED_OUTSIDE_TARGET7,17,d1_open_to_close_return_raw,002251_2026-05-28,001257_2026-05-28,-0.0198675496688741,-0.0147783251231528,-0.0050892245457213,reports/research/v004c_pairwise_v1_feature_contract_v002_20260506_20260630/v004c_pairwise_v1_input_table_v002.csv,reports/research/v004c_pairwise_v1_feature_contract_v002_20260506_20260630/v004c_pairwise_v1_input_table_v002.csv
LOSSCASE_006_A,LOSSCASE_006,2026-05-28,HIGHEST_RANKED_OUTSIDE_TARGET7,18,d1_close_location,002251_2026-05-28,001257_2026-05-28,0.0526315789473696,0.3192488262910798,-0.26661724734371023,reports/research/v004c_pairwise_v1_feature_contract_v002_20260506_20260630/v004c_pairwise_v1_input_table_v002.csv,reports/research/v004c_pairwise_v1_feature_contract_v002_20260506_20260630/v004c_pairwise_v1_input_table_v002.csv
LOSSCASE_006_A,LOSSCASE_006,2026-05-28,HIGHEST_RANKED_OUTSIDE_TARGET7,19,d1_intraday_range,002251_2026-05-28,001257_2026-05-28,0.0831509846827133,0.0749736008447729,0.008177383837940394,reports/research/v004c_pairwise_v1_feature_contract_v002_20260506_20260630/v004c_pairwise_v1_input_table_v002.csv,reports/research/v004c_pairwise_v1_feature_contract_v002_20260506_20260630/v004c_pairwise_v1_input_table_v002.csv
LOSSCASE_006_A,LOSSCASE_006,2026-05-28,HIGHEST_RANKED_OUTSIDE_TARGET7,20,d1_afternoon_return,002251_2026-05-28,001257_2026-05-28,-0.0133333333333331,-0.0223463687150837,0.009013035381750599,reports/research/v004c_pairwise_v1_feature_contract_v002_20260506_20260630/v004c_pairwise_v1_input_table_v002.csv,reports/research/v004c_pairwise_v1_feature_contract_v002_20260506_20260630/v004c_pairwise_v1_input_table_v002.csv
LOSSCASE_006_A,LOSSCASE_006,2026-05-28,HIGHEST_RANKED_OUTSIDE_TARGET7,21,d1_last_hour_return,002251_2026-05-28,001257_2026-05-28,-0.026315789473684,-0.024390243902439,-0.001925545571245,reports/research/v004c_pairwise_v1_feature_contract_v002_20260506_20260630/v004c_pairwise_v1_input_table_v002.csv,reports/research/v004c_pairwise_v1_feature_contract_v002_20260506_20260630/v004c_pairwise_v1_input_table_v002.csv
LOSSCASE_006_A,LOSSCASE_006,2026-05-28,HIGHEST_RANKED_OUTSIDE_TARGET7,22,break_volume_ratio_vs_board_days,002251_2026-05-28,001257_2026-05-28,2.071565764900249,1.6718358152857826,0.3997299496144664,reports/research/v004c_pairwise_v1_feature_contract_v002_20260506_20260630/v004c_pairwise_v1_input_table_v002.csv,reports/research/v004c_pairwise_v1_feature_contract_v002_20260506_20260630/v004c_pairwise_v1_input_table_v002.csv
LOSSCASE_006_A,LOSSCASE_006,2026-05-28,HIGHEST_RANKED_OUTSIDE_TARGET7,23,d1_up_bar_volume_ratio,002251_2026-05-28,001257_2026-05-28,0.5713882378701245,0.4054605809928389,0.1659276568772856,reports/research/v004c_pairwise_v1_feature_contract_v002_20260506_20260630/v004c_pairwise_v1_input_table_v002.csv,reports/research/v004c_pairwise_v1_feature_contract_v002_20260506_20260630/v004c_pairwise_v1_input_table_v002.csv
LOSSCASE_006_A,LOSSCASE_006,2026-05-28,HIGHEST_RANKED_OUTSIDE_TARGET7,24,down_bar_volume_ratio,002251_2026-05-28,001257_2026-05-28,0.3097483688222681,0.5945394190071611,-0.28479105018489304,reports/research/v004c_pairwise_v1_feature_contract_v002_20260506_20260630/v004c_pairwise_v1_input_table_v002.csv,reports/research/v004c_pairwise_v1_feature_contract_v002_20260506_20260630/v004c_pairwise_v1_input_table_v002.csv
LOSSCASE_006_A,LOSSCASE_006,2026-05-28,HIGHEST_RANKED_OUTSIDE_TARGET7,25,volume_above_d1_close_ratio,002251_2026-05-28,001257_2026-05-28,1.0,1.0,0.0,reports/research/v004c_pairwise_v1_feature_contract_v002_20260506_20260630/v004c_pairwise_v1_input_table_v002.csv,reports/research/v004c_pairwise_v1_feature_contract_v002_20260506_20260630/v004c_pairwise_v1_input_table_v002.csv
LOSSCASE_006_A,LOSSCASE_006,2026-05-28,HIGHEST_RANKED_OUTSIDE_TARGET7,26,amount_above_d1_close_ratio,002251_2026-05-28,001257_2026-05-28,1.0,1.0,0.0,reports/research/v004c_pairwise_v1_feature_contract_v002_20260506_20260630/v004c_pairwise_v1_input_table_v002.csv,reports/research/v004c_pairwise_v1_feature_contract_v002_20260506_20260630/v004c_pairwise_v1_input_table_v002.csv
LOSSCASE_006_A,LOSSCASE_006,2026-05-28,HIGHEST_RANKED_OUTSIDE_TARGET7,27,high_zone_volume_ratio,002251_2026-05-28,001257_2026-05-28,0.1108634459105789,0.2054954893378699,-0.09463204342729101,reports/research/v004c_pairwise_v1_feature_contract_v002_20260506_20260630/v004c_pairwise_v1_input_table_v002.csv,reports/research/v004c_pairwise_v1_feature_contract_v002_20260506_20260630/v004c_pairwise_v1_input_table_v002.csv
LOSSCASE_006_A,LOSSCASE_006,2026-05-28,HIGHEST_RANKED_OUTSIDE_TARGET7,28,high_zone_amount_ratio,002251_2026-05-28,001257_2026-05-28,0.1145417574680475,0.209939952055499,-0.09539819458745151,reports/research/v004c_pairwise_v1_feature_contract_v002_20260506_20260630/v004c_pairwise_v1_input_table_v002.csv,reports/research/v004c_pairwise_v1_feature_contract_v002_20260506_20260630/v004c_pairwise_v1_input_table_v002.csv
LOSSCASE_006_A,LOSSCASE_006,2026-05-28,HIGHEST_RANKED_OUTSIDE_TARGET7,29,late_day_sell_volume_ratio,002251_2026-05-28,001257_2026-05-28,0.0881220903951671,0.1355709652065327,-0.0474488748113656,reports/research/v004c_pairwise_v1_feature_contract_v002_20260506_20260630/v004c_pairwise_v1_input_table_v002.csv,reports/research/v004c_pairwise_v1_feature_contract_v002_20260506_20260630/v004c_pairwise_v1_input_table_v002.csv
LOSSCASE_006_A,LOSSCASE_006,2026-05-28,HIGHEST_RANKED_OUTSIDE_TARGET7,30,late_day_sell_amount_ratio,002251_2026-05-28,001257_2026-05-28,0.085879875031411,0.1351084620418302,-0.0492285870104192,reports/research/v004c_pairwise_v1_feature_contract_v002_20260506_20260630/v004c_pairwise_v1_input_table_v002.csv,reports/research/v004c_pairwise_v1_feature_contract_v002_20260506_20260630/v004c_pairwise_v1_input_table_v002.csv
LOSSCASE_006_A,LOSSCASE_006,2026-05-28,HIGHEST_RANKED_OUTSIDE_TARGET7,31,d1_close_to_vwap_raw,002251_2026-05-28,001257_2026-05-28,-0.0326966070026507,-0.0146799218901167,-0.018016685112534,reports/research/v004c_pairwise_v1_feature_contract_v002_20260506_20260630/v004c_pairwise_v1_input_table_v002.csv,reports/research/v004c_pairwise_v1_feature_contract_v002_20260506_20260630/v004c_pairwise_v1_input_table_v002.csv
LOSSCASE_006_A,LOSSCASE_006,2026-05-28,HIGHEST_RANKED_OUTSIDE_TARGET7,32,d1_close_to_ma5_raw,002251_2026-05-28,001257_2026-05-28,0.0761027629665536,0.0737843227488879,0.00231844021766571,reports/research/v004c_pairwise_v1_feature_contract_v002_20260506_20260630/v004c_pairwise_v1_input_table_v002.csv,reports/research/v004c_pairwise_v1_feature_contract_v002_20260506_20260630/v004c_pairwise_v1_input_table_v002.csv
LOSSCASE_006_A,LOSSCASE_006,2026-05-28,HIGHEST_RANKED_OUTSIDE_TARGET7,33,d1_low_to_ma5_raw,002251_2026-05-28,001257_2026-05-28,0.0688317983519146,0.0469397146801657,0.021892083671748892,reports/research/v004c_pairwise_v1_feature_contract_v002_20260506_20260630/v004c_pairwise_v1_input_table_v002.csv,reports/research/v004c_pairwise_v1_feature_contract_v002_20260506_20260630/v004c_pairwise_v1_input_table_v002.csv
LOSSCASE_006_A,LOSSCASE_006,2026-05-28,HIGHEST_RANKED_OUTSIDE_TARGET7,34,d1_high_to_ma5_raw,002251_2026-05-28,001257_2026-05-28,0.16335433834222,0.1305414940941862,0.032812844248033796,reports/research/v004c_pairwise_v1_feature_contract_v002_20260506_20260630/v004c_pairwise_v1_input_table_v002.csv,reports/research/v004c_pairwise_v1_feature_contract_v002_20260506_20260630/v004c_pairwise_v1_input_table_v002.csv
LOSSCASE_006_A,LOSSCASE_006,2026-05-28,HIGHEST_RANKED_OUTSIDE_TARGET7,35,d1_close_to_ma10_raw,002251_2026-05-28,001257_2026-05-28,0.1223458038422649,0.1050595942852632,0.017286209557001705,reports/research/v004c_pairwise_v1_feature_contract_v002_20260506_20260630/v004c_pairwise_v1_input_table_v002.csv,reports/research/v004c_pairwise_v1_feature_contract_v002_20260506_20260630/v004c_pairwise_v1_input_table_v002.csv
LOSSCASE_006_A,LOSSCASE_006,2026-05-28,HIGHEST_RANKED_OUTSIDE_TARGET7,36,d1_low_to_ma10_raw,002251_2026-05-28,001257_2026-05-28,0.1147623862487359,0.0774331044281315,0.037329281820604396,reports/research/v004c_pairwise_v1_feature_contract_v002_20260506_20260630/v004c_pairwise_v1_input_table_v002.csv,reports/research/v004c_pairwise_v1_feature_contract_v002_20260506_20260630/v004c_pairwise_v1_input_table_v002.csv
LOSSCASE_006_A,LOSSCASE_006,2026-05-28,HIGHEST_RANKED_OUTSIDE_TARGET7,37,d1_close_to_ma20,002251_2026-05-28,001257_2026-05-28,0.1057153530070975,0.1160936721474839,-0.010378319140386394,reports/research/v004c_pairwise_v1_feature_contract_v002_20260506_20260630/v004c_pairwise_v1_input_table_v002.csv,reports/research/v004c_pairwise_v1_feature_contract_v002_20260506_20260630/v004c_pairwise_v1_input_table_v002.csv
LOSSCASE_006_A,LOSSCASE_006,2026-05-28,HIGHEST_RANKED_OUTSIDE_TARGET7,38,d1_ma5_slope,002251_2026-05-28,001257_2026-05-28,0.0392947103274559,0.0324675324675325,0.0068271778599234,reports/research/v004c_pairwise_v1_feature_contract_v002_20260506_20260630/v004c_pairwise_v1_input_table_v002.csv,reports/research/v004c_pairwise_v1_feature_contract_v002_20260506_20260630/v004c_pairwise_v1_input_table_v002.csv
LOSSCASE_006_A,LOSSCASE_006,2026-05-28,HIGHEST_RANKED_OUTSIDE_TARGET7,39,d1_ma10_slope,002251_2026-05-28,001257_2026-05-28,0.0133196721311477,0.0119817876827224,0.0013378844484252996,reports/research/v004c_pairwise_v1_feature_contract_v002_20260506_20260630/v004c_pairwise_v1_input_table_v002.csv,reports/research/v004c_pairwise_v1_feature_contract_v002_20260506_20260630/v004c_pairwise_v1_input_table_v002.csv
LOSSCASE_006_A,LOSSCASE_006,2026-05-28,HIGHEST_RANKED_OUTSIDE_TARGET7,40,d1_ma20_slope,002251_2026-05-28,001257_2026-05-28,0.0033733133433282,0.0115519535502601,-0.0081786402069319,reports/research/v004c_pairwise_v1_feature_contract_v002_20260506_20260630/v004c_pairwise_v1_input_table_v002.csv,reports/research/v004c_pairwise_v1_feature_contract_v002_20260506_20260630/v004c_pairwise_v1_input_table_v002.csv
LOSSCASE_006_A,LOSSCASE_006,2026-05-28,HIGHEST_RANKED_OUTSIDE_TARGET7,41,d1_close_above_ma5,002251_2026-05-28,001257_2026-05-28,1.0,1.0,0.0,reports/research/v004c_pairwise_v1_feature_contract_v002_20260506_20260630/v004c_pairwise_v1_input_table_v002.csv,reports/research/v004c_pairwise_v1_feature_contract_v002_20260506_20260630/v004c_pairwise_v1_input_table_v002.csv
LOSSCASE_006_A,LOSSCASE_006,2026-05-28,HIGHEST_RANKED_OUTSIDE_TARGET7,42,d1_close_above_ma10,002251_2026-05-28,001257_2026-05-28,1.0,1.0,0.0,reports/research/v004c_pairwise_v1_feature_contract_v002_20260506_20260630/v004c_pairwise_v1_input_table_v002.csv,reports/research/v004c_pairwise_v1_feature_contract_v002_20260506_20260630/v004c_pairwise_v1_input_table_v002.csv
LOSSCASE_006_A,LOSSCASE_006,2026-05-28,HIGHEST_RANKED_OUTSIDE_TARGET7,43,d1_true_reclaim_ma5,002251_2026-05-28,001257_2026-05-28,0.0,0.0,0.0,reports/research/v004c_pairwise_v1_feature_contract_v002_20260506_20260630/v004c_pairwise_v1_input_table_v002.csv,reports/research/v004c_pairwise_v1_feature_contract_v002_20260506_20260630/v004c_pairwise_v1_input_table_v002.csv
LOSSCASE_006_A,LOSSCASE_006,2026-05-28,HIGHEST_RANKED_OUTSIDE_TARGET7,44,d1_true_reclaim_ma10,002251_2026-05-28,001257_2026-05-28,0.0,0.0,0.0,reports/research/v004c_pairwise_v1_feature_contract_v002_20260506_20260630/v004c_pairwise_v1_input_table_v002.csv,reports/research/v004c_pairwise_v1_feature_contract_v002_20260506_20260630/v004c_pairwise_v1_input_table_v002.csv
LOSSCASE_006_A,LOSSCASE_006,2026-05-28,HIGHEST_RANKED_OUTSIDE_TARGET7,45,consecutive_days_below_ma5,002251_2026-05-28,001257_2026-05-28,0.0,0.0,0.0,reports/research/v004c_pairwise_v1_feature_contract_v002_20260506_20260630/v004c_pairwise_v1_input_table_v002.csv,reports/research/v004c_pairwise_v1_feature_contract_v002_20260506_20260630/v004c_pairwise_v1_input_table_v002.csv
LOSSCASE_006_A,LOSSCASE_006,2026-05-28,HIGHEST_RANKED_OUTSIDE_TARGET7,46,consecutive_days_below_ma10,002251_2026-05-28,001257_2026-05-28,0.0,0.0,0.0,reports/research/v004c_pairwise_v1_feature_contract_v002_20260506_20260630/v004c_pairwise_v1_input_table_v002.csv,reports/research/v004c_pairwise_v1_feature_contract_v002_20260506_20260630/v004c_pairwise_v1_input_table_v002.csv
LOSSCASE_006_A,LOSSCASE_006,2026-05-28,HIGHEST_RANKED_OUTSIDE_TARGET7,47,break_day_in_pool,002251_2026-05-28,001257_2026-05-28,0.0,0.0,0.0,reports/research/v004c_pairwise_v1_feature_contract_v002_20260506_20260630/v004c_pairwise_v1_input_table_v002.csv,reports/research/v004c_pairwise_v1_feature_contract_v002_20260506_20260630/v004c_pairwise_v1_input_table_v002.csv
LOSSCASE_006_A,LOSSCASE_006,2026-05-28,HIGHEST_RANKED_OUTSIDE_TARGET7,48,last_board_day_in_pool,002251_2026-05-28,001257_2026-05-28,1.0,1.0,0.0,reports/research/v004c_pairwise_v1_feature_contract_v002_20260506_20260630/v004c_pairwise_v1_input_table_v002.csv,reports/research/v004c_pairwise_v1_feature_contract_v002_20260506_20260630/v004c_pairwise_v1_input_table_v002.csv
LOSSCASE_006_A,LOSSCASE_006,2026-05-28,HIGHEST_RANKED_OUTSIDE_TARGET7,49,pool_consecutive_count_last_board,002251_2026-05-28,001257_2026-05-28,2.0,2.0,0.0,reports/research/v004c_pairwise_v1_feature_contract_v002_20260506_20260630/v004c_pairwise_v1_input_table_v002.csv,reports/research/v004c_pairwise_v1_feature_contract_v002_20260506_20260630/v004c_pairwise_v1_input_table_v002.csv
LOSSCASE_006_A,LOSSCASE_006,2026-05-28,HIGHEST_RANKED_OUTSIDE_TARGET7,50,recent_7d_cumulative_return,002251_2026-05-28,001257_2026-05-28,0.1715039577836412,0.129032258064516,0.042471699719125205,reports/research/v004c_pairwise_v1_feature_contract_v002_20260506_20260630/v004c_pairwise_v1_input_table_v002.csv,reports/research/v004c_pairwise_v1_feature_contract_v002_20260506_20260630/v004c_pairwise_v1_input_table_v002.csv
LOSSCASE_006_A,LOSSCASE_006,2026-05-28,HIGHEST_RANKED_OUTSIDE_TARGET7,51,recent_7d_max_drawdown,002251_2026-05-28,001257_2026-05-28,0.0469973890339426,0.1214590609235544,-0.0744616718896118,reports/research/v004c_pairwise_v1_feature_contract_v002_20260506_20260630/v004c_pairwise_v1_input_table_v002.csv,reports/research/v004c_pairwise_v1_feature_contract_v002_20260506_20260630/v004c_pairwise_v1_input_table_v002.csv
LOSSCASE_006_A,LOSSCASE_006,2026-05-28,HIGHEST_RANKED_OUTSIDE_TARGET7,52,recent_7d_close_position,002251_2026-05-28,001257_2026-05-28,0.6869565217391309,0.783625730994152,-0.0966692092550211,reports/research/v004c_pairwise_v1_feature_contract_v002_20260506_20260630/v004c_pairwise_v1_input_table_v002.csv,reports/research/v004c_pairwise_v1_feature_contract_v002_20260506_20260630/v004c_pairwise_v1_input_table_v002.csv
LOSSCASE_006_A,LOSSCASE_006,2026-05-28,HIGHEST_RANKED_OUTSIDE_TARGET7,53,recent_7d_limit_up_count,002251_2026-05-28,001257_2026-05-28,2.0,2.0,0.0,reports/research/v004c_pairwise_v1_feature_contract_v002_20260506_20260630/v004c_pairwise_v1_input_table_v002.csv,reports/research/v004c_pairwise_v1_feature_contract_v002_20260506_20260630/v004c_pairwise_v1_input_table_v002.csv
LOSSCASE_007_A,LOSSCASE_007,2026-06-05,HIGHEST_RANKED_OUTSIDE_TARGET7,1,board_streak_is_3,600255_2026-06-05,605162_2026-06-05,1.0,0.0,1.0,reports/research/v004c_pairwise_v1_feature_contract_v002_20260506_20260630/v004c_pairwise_v1_input_table_v002.csv,reports/research/v004c_pairwise_v1_feature_contract_v002_20260506_20260630/v004c_pairwise_v1_input_table_v002.csv
LOSSCASE_007_A,LOSSCASE_007,2026-06-05,HIGHEST_RANKED_OUTSIDE_TARGET7,2,max_board_streak_20d,600255_2026-06-05,605162_2026-06-05,3.0,2.0,1.0,reports/research/v004c_pairwise_v1_feature_contract_v002_20260506_20260630/v004c_pairwise_v1_input_table_v002.csv,reports/research/v004c_pairwise_v1_feature_contract_v002_20260506_20260630/v004c_pairwise_v1_input_table_v002.csv
LOSSCASE_007_A,LOSSCASE_007,2026-06-05,HIGHEST_RANKED_OUTSIDE_TARGET7,3,recent_limit_up_count_10d,600255_2026-06-05,605162_2026-06-05,3.0,2.0,1.0,reports/research/v004c_pairwise_v1_feature_contract_v002_20260506_20260630/v004c_pairwise_v1_input_table_v002.csv,reports/research/v004c_pairwise_v1_feature_contract_v002_20260506_20260630/v004c_pairwise_v1_input_table_v002.csv
LOSSCASE_007_A,LOSSCASE_007,2026-06-05,HIGHEST_RANKED_OUTSIDE_TARGET7,4,recent_limit_up_count_20d,600255_2026-06-05,605162_2026-06-05,3.0,2.0,1.0,reports/research/v004c_pairwise_v1_feature_contract_v002_20260506_20260630/v004c_pairwise_v1_input_table_v002.csv,reports/research/v004c_pairwise_v1_feature_contract_v002_20260506_20260630/v004c_pairwise_v1_input_table_v002.csv
LOSSCASE_007_A,LOSSCASE_007,2026-06-05,HIGHEST_RANKED_OUTSIDE_TARGET7,5,recent_pool_appearance_count_10d,600255_2026-06-05,605162_2026-06-05,3.0,2.0,1.0,reports/research/v004c_pairwise_v1_feature_contract_v002_20260506_20260630/v004c_pairwise_v1_input_table_v002.csv,reports/research/v004c_pairwise_v1_feature_contract_v002_20260506_20260630/v004c_pairwise_v1_input_table_v002.csv
LOSSCASE_007_A,LOSSCASE_007,2026-06-05,HIGHEST_RANKED_OUTSIDE_TARGET7,6,recent_pool_appearance_count_20d,600255_2026-06-05,605162_2026-06-05,3.0,2.0,1.0,reports/research/v004c_pairwise_v1_feature_contract_v002_20260506_20260630/v004c_pairwise_v1_input_table_v002.csv,reports/research/v004c_pairwise_v1_feature_contract_v002_20260506_20260630/v004c_pairwise_v1_input_table_v002.csv
LOSSCASE_007_A,LOSSCASE_007,2026-06-05,HIGHEST_RANKED_OUTSIDE_TARGET7,7,board_day_volume_rank,600255_2026-06-05,605162_2026-06-05,2.0,37.0,-35.0,reports/research/v004c_pairwise_v1_feature_contract_v002_20260506_20260630/v004c_pairwise_v1_input_table_v002.csv,reports/research/v004c_pairwise_v1_feature_contract_v002_20260506_20260630/v004c_pairwise_v1_input_table_v002.csv
LOSSCASE_007_A,LOSSCASE_007,2026-06-05,HIGHEST_RANKED_OUTSIDE_TARGET7,8,break_open_return,600255_2026-06-05,605162_2026-06-05,-0.0683229813664596,0.035405192761605,-0.1037281741280646,reports/research/v004c_pairwise_v1_feature_contract_v002_20260506_20260630/v004c_pairwise_v1_input_table_v002.csv,reports/research/v004c_pairwise_v1_feature_contract_v002_20260506_20260630/v004c_pairwise_v1_input_table_v002.csv
LOSSCASE_007_A,LOSSCASE_007,2026-06-05,HIGHEST_RANKED_OUTSIDE_TARGET7,9,break_high_return,600255_2026-06-05,605162_2026-06-05,-0.0124223602484473,0.0621557828481509,-0.0745781430965982,reports/research/v004c_pairwise_v1_feature_contract_v002_20260506_20260630/v004c_pairwise_v1_input_table_v002.csv,reports/research/v004c_pairwise_v1_feature_contract_v002_20260506_20260630/v004c_pairwise_v1_input_table_v002.csv
LOSSCASE_007_A,LOSSCASE_007,2026-06-05,HIGHEST_RANKED_OUTSIDE_TARGET7,10,break_close_return,600255_2026-06-05,605162_2026-06-05,-0.0703933747412007,-0.032258064516129,-0.03813531022507171,reports/research/v004c_pairwise_v1_feature_contract_v002_20260506_20260630/v004c_pairwise_v1_input_table_v002.csv,reports/research/v004c_pairwise_v1_feature_contract_v002_20260506_20260630/v004c_pairwise_v1_input_table_v002.csv
LOSSCASE_007_A,LOSSCASE_007,2026-06-05,HIGHEST_RANKED_OUTSIDE_TARGET7,11,break_touched_limit_up,600255_2026-06-05,605162_2026-06-05,0.0,0.0,0.0,reports/research/v004c_pairwise_v1_feature_contract_v002_20260506_20260630/v004c_pairwise_v1_input_table_v002.csv,reports/research/v004c_pairwise_v1_feature_contract_v002_20260506_20260630/v004c_pairwise_v1_input_table_v002.csv
LOSSCASE_007_A,LOSSCASE_007,2026-06-05,HIGHEST_RANKED_OUTSIDE_TARGET7,12,break_opened_from_limit_up,600255_2026-06-05,605162_2026-06-05,0.0,0.0,0.0,reports/research/v004c_pairwise_v1_feature_contract_v002_20260506_20260630/v004c_pairwise_v1_input_table_v002.csv,reports/research/v004c_pairwise_v1_feature_contract_v002_20260506_20260630/v004c_pairwise_v1_input_table_v002.csv
LOSSCASE_007_A,LOSSCASE_007,2026-06-05,HIGHEST_RANKED_OUTSIDE_TARGET7,13,break_upper_shadow_ratio,600255_2026-06-05,605162_2026-06-05,0.8709677419354835,0.2266666666666665,0.6443010752688171,reports/research/v004c_pairwise_v1_feature_contract_v002_20260506_20260630/v004c_pairwise_v1_input_table_v002.csv,reports/research/v004c_pairwise_v1_feature_contract_v002_20260506_20260630/v004c_pairwise_v1_input_table_v002.csv
LOSSCASE_007_A,LOSSCASE_007,2026-06-05,HIGHEST_RANKED_OUTSIDE_TARGET7,14,break_lower_shadow_ratio,600255_2026-06-05,605162_2026-06-05,0.096774193548388,0.2000000000000004,-0.1032258064516124,reports/research/v004c_pairwise_v1_feature_contract_v002_20260506_20260630/v004c_pairwise_v1_input_table_v002.csv,reports/research/v004c_pairwise_v1_feature_contract_v002_20260506_20260630/v004c_pairwise_v1_input_table_v002.csv
LOSSCASE_007_A,LOSSCASE_007,2026-06-05,HIGHEST_RANKED_OUTSIDE_TARGET7,15,d1_high_to_close_drawdown_raw,600255_2026-06-05,605162_2026-06-05,0.0567226890756301,0.0861812778603269,-0.029458588784696794,reports/research/v004c_pairwise_v1_feature_contract_v002_20260506_20260630/v004c_pairwise_v1_input_table_v002.csv,reports/research/v004c_pairwise_v1_feature_contract_v002_20260506_20260630/v004c_pairwise_v1_input_table_v002.csv
LOSSCASE_007_A,LOSSCASE_007,2026-06-05,HIGHEST_RANKED_OUTSIDE_TARGET7,16,d1_low_to_close_recovery,600255_2026-06-05,605162_2026-06-05,0.0044742729306488,0.025,-0.020525727069351202,reports/research/v004c_pairwise_v1_feature_contract_v002_20260506_20260630/v004c_pairwise_v1_input_table_v002.csv,reports/research/v004c_pairwise_v1_feature_contract_v002_20260506_20260630/v004c_pairwise_v1_input_table_v002.csv
LOSSCASE_007_A,LOSSCASE_007,2026-06-05,HIGHEST_RANKED_OUTSIDE_TARGET7,17,d1_open_to_close_return_raw,600255_2026-06-05,605162_2026-06-05,-0.0022222222222221,-0.0653495440729482,0.0631273218507261,reports/research/v004c_pairwise_v1_feature_contract_v002_20260506_20260630/v004c_pairwise_v1_input_table_v002.csv,reports/research/v004c_pairwise_v1_feature_contract_v002_20260506_20260630/v004c_pairwise_v1_input_table_v002.csv
LOSSCASE_007_A,LOSSCASE_007,2026-06-05,HIGHEST_RANKED_OUTSIDE_TARGET7,18,d1_close_location,600255_2026-06-05,605162_2026-06-05,0.0689655172413808,0.2054794520547949,-0.13651393481341412,reports/research/v004c_pairwise_v1_feature_contract_v002_20260506_20260630/v004c_pairwise_v1_input_table_v002.csv,reports/research/v004c_pairwise_v1_feature_contract_v002_20260506_20260630/v004c_pairwise_v1_input_table_v002.csv
LOSSCASE_007_A,LOSSCASE_007,2026-06-05,HIGHEST_RANKED_OUTSIDE_TARGET7,19,d1_intraday_range,600255_2026-06-05,605162_2026-06-05,0.0600414078674948,0.1148701809598741,-0.054828773092379296,reports/research/v004c_pairwise_v1_feature_contract_v002_20260506_20260630/v004c_pairwise_v1_input_table_v002.csv,reports/research/v004c_pairwise_v1_feature_contract_v002_20260506_20260630/v004c_pairwise_v1_input_table_v002.csv
LOSSCASE_007_A,LOSSCASE_007,2026-06-05,HIGHEST_RANKED_OUTSIDE_TARGET7,20,d1_afternoon_return,600255_2026-06-05,605162_2026-06-05,-0.0344086021505376,-0.0428015564202334,0.008392954269695801,reports/research/v004c_pairwise_v1_feature_contract_v002_20260506_20260630/v004c_pairwise_v1_input_table_v002.csv,reports/research/v004c_pairwise_v1_feature_contract_v002_20260506_20260630/v004c_pairwise_v1_input_table_v002.csv
LOSSCASE_007_A,LOSSCASE_007,2026-06-05,HIGHEST_RANKED_OUTSIDE_TARGET7,21,d1_last_hour_return,600255_2026-06-05,605162_2026-06-05,-0.0088300220750552,-0.0457719162141194,0.0369418941390642,reports/research/v004c_pairwise_v1_feature_contract_v002_20260506_20260630/v004c_pairwise_v1_input_table_v002.csv,reports/research/v004c_pairwise_v1_feature_contract_v002_20260506_20260630/v004c_pairwise_v1_input_table_v002.csv
LOSSCASE_007_A,LOSSCASE_007,2026-06-05,HIGHEST_RANKED_OUTSIDE_TARGET7,22,break_volume_ratio_vs_board_days,600255_2026-06-05,605162_2026-06-05,1.9816378292183263,2.568081679518522,-0.5864438503001959,reports/research/v004c_pairwise_v1_feature_contract_v002_20260506_20260630/v004c_pairwise_v1_input_table_v002.csv,reports/research/v004c_pairwise_v1_feature_contract_v002_20260506_20260630/v004c_pairwise_v1_input_table_v002.csv
LOSSCASE_007_A,LOSSCASE_007,2026-06-05,HIGHEST_RANKED_OUTSIDE_TARGET7,23,d1_up_bar_volume_ratio,600255_2026-06-05,605162_2026-06-05,0.5183791441776886,0.554925088108714,-0.03654594393102539,reports/research/v004c_pairwise_v1_feature_contract_v002_20260506_20260630/v004c_pairwise_v1_input_table_v002.csv,reports/research/v004c_pairwise_v1_feature_contract_v002_20260506_20260630/v004c_pairwise_v1_input_table_v002.csv
LOSSCASE_007_A,LOSSCASE_007,2026-06-05,HIGHEST_RANKED_OUTSIDE_TARGET7,24,down_bar_volume_ratio,600255_2026-06-05,605162_2026-06-05,0.3796630445717968,0.438030889681083,-0.05836784510928622,reports/research/v004c_pairwise_v1_feature_contract_v002_20260506_20260630/v004c_pairwise_v1_input_table_v002.csv,reports/research/v004c_pairwise_v1_feature_contract_v002_20260506_20260630/v004c_pairwise_v1_input_table_v002.csv
LOSSCASE_007_A,LOSSCASE_007,2026-06-05,HIGHEST_RANKED_OUTSIDE_TARGET7,25,volume_above_d1_close_ratio,600255_2026-06-05,605162_2026-06-05,0.9740706486450704,0.9380318205851816,0.03603882805988878,reports/research/v004c_pairwise_v1_feature_contract_v002_20260506_20260630/v004c_pairwise_v1_input_table_v002.csv,reports/research/v004c_pairwise_v1_feature_contract_v002_20260506_20260630/v004c_pairwise_v1_input_table_v002.csv
LOSSCASE_007_A,LOSSCASE_007,2026-06-05,HIGHEST_RANKED_OUTSIDE_TARGET7,26,amount_above_d1_close_ratio,600255_2026-06-05,605162_2026-06-05,0.9746381892208184,0.940851997959933,0.033786191260885334,reports/research/v004c_pairwise_v1_feature_contract_v002_20260506_20260630/v004c_pairwise_v1_input_table_v002.csv,reports/research/v004c_pairwise_v1_feature_contract_v002_20260506_20260630/v004c_pairwise_v1_input_table_v002.csv
LOSSCASE_007_A,LOSSCASE_007,2026-06-05,HIGHEST_RANKED_OUTSIDE_TARGET7,27,high_zone_volume_ratio,600255_2026-06-05,605162_2026-06-05,0.1311403311008719,0.2358668950647799,-0.104726563963908,reports/research/v004c_pairwise_v1_feature_contract_v002_20260506_20260630/v004c_pairwise_v1_input_table_v002.csv,reports/research/v004c_pairwise_v1_feature_contract_v002_20260506_20260630/v004c_pairwise_v1_input_table_v002.csv
LOSSCASE_007_A,LOSSCASE_007,2026-06-05,HIGHEST_RANKED_OUTSIDE_TARGET7,28,high_zone_amount_ratio,600255_2026-06-05,605162_2026-06-05,0.1339315453139276,0.2414455365176072,-0.1075139912036796,reports/research/v004c_pairwise_v1_feature_contract_v002_20260506_20260630/v004c_pairwise_v1_input_table_v002.csv,reports/research/v004c_pairwise_v1_feature_contract_v002_20260506_20260630/v004c_pairwise_v1_input_table_v002.csv
LOSSCASE_007_A,LOSSCASE_007,2026-06-05,HIGHEST_RANKED_OUTSIDE_TARGET7,29,late_day_sell_volume_ratio,600255_2026-06-05,605162_2026-06-05,0.1495584782070567,0.1405596424208458,0.008998835786210913,reports/research/v004c_pairwise_v1_feature_contract_v002_20260506_20260630/v004c_pairwise_v1_input_table_v002.csv,reports/research/v004c_pairwise_v1_feature_contract_v002_20260506_20260630/v004c_pairwise_v1_input_table_v002.csv
LOSSCASE_007_A,LOSSCASE_007,2026-06-05,HIGHEST_RANKED_OUTSIDE_TARGET7,30,late_day_sell_amount_ratio,600255_2026-06-05,605162_2026-06-05,0.1468634536757792,0.1391616437927395,0.007701809883039701,reports/research/v004c_pairwise_v1_feature_contract_v002_20260506_20260630/v004c_pairwise_v1_input_table_v002.csv,reports/research/v004c_pairwise_v1_feature_contract_v002_20260506_20260630/v004c_pairwise_v1_input_table_v002.csv
LOSSCASE_007_A,LOSSCASE_007,2026-06-05,HIGHEST_RANKED_OUTSIDE_TARGET7,31,d1_close_to_vwap_raw,600255_2026-06-05,605162_2026-06-05,-0.0205892263462509,-0.0331257042908679,0.012536477944616996,reports/research/v004c_pairwise_v1_feature_contract_v002_20260506_20260630/v004c_pairwise_v1_input_table_v002.csv,reports/research/v004c_pairwise_v1_feature_contract_v002_20260506_20260630/v004c_pairwise_v1_input_table_v002.csv
LOSSCASE_007_A,LOSSCASE_007,2026-06-05,HIGHEST_RANKED_OUTSIDE_TARGET7,32,d1_close_to_ma5_raw,600255_2026-06-05,605162_2026-06-05,0.0525082044069387,0.0740482011875656,-0.021539996780626895,reports/research/v004c_pairwise_v1_feature_contract_v002_20260506_20260630/v004c_pairwise_v1_input_table_v002.csv,reports/research/v004c_pairwise_v1_feature_contract_v002_20260506_20260630/v004c_pairwise_v1_input_table_v002.csv
LOSSCASE_007_A,LOSSCASE_007,2026-06-05,HIGHEST_RANKED_OUTSIDE_TARGET7,33,d1_low_to_ma5_raw,600255_2026-06-05,605162_2026-06-05,0.0454758556024379,0.0478519035976248,-0.0023760479951868974,reports/research/v004c_pairwise_v1_feature_contract_v002_20260506_20260630/v004c_pairwise_v1_input_table_v002.csv,reports/research/v004c_pairwise_v1_feature_contract_v002_20260506_20260630/v004c_pairwise_v1_input_table_v002.csv
LOSSCASE_007_A,LOSSCASE_007,2026-06-05,HIGHEST_RANKED_OUTSIDE_TARGET7,34,d1_high_to_ma5_raw,600255_2026-06-05,605162_2026-06-05,0.1181434599156117,0.1788333915473279,-0.06068993163171621,reports/research/v004c_pairwise_v1_feature_contract_v002_20260506_20260630/v004c_pairwise_v1_input_table_v002.csv,reports/research/v004c_pairwise_v1_feature_contract_v002_20260506_20260630/v004c_pairwise_v1_input_table_v002.csv
LOSSCASE_007_A,LOSSCASE_007,2026-06-05,HIGHEST_RANKED_OUTSIDE_TARGET7,35,d1_close_to_ma10_raw,600255_2026-06-05,605162_2026-06-05,0.1287078934137757,0.1238008222932847,0.004907071120490991,reports/research/v004c_pairwise_v1_feature_contract_v002_20260506_20260630/v004c_pairwise_v1_input_table_v002.csv,reports/research/v004c_pairwise_v1_feature_contract_v002_20260506_20260630/v004c_pairwise_v1_input_table_v002.csv
LOSSCASE_007_A,LOSSCASE_007,2026-06-05,HIGHEST_RANKED_OUTSIDE_TARGET7,36,d1_low_to_ma10_raw,600255_2026-06-05,605162_2026-06-05,0.1211664152840623,0.0963910461397898,0.024775369144272502,reports/research/v004c_pairwise_v1_feature_contract_v002_20260506_20260630/v004c_pairwise_v1_input_table_v002.csv,reports/research/v004c_pairwise_v1_feature_contract_v002_20260506_20260630/v004c_pairwise_v1_input_table_v002.csv
LOSSCASE_007_A,LOSSCASE_007,2026-06-05,HIGHEST_RANKED_OUTSIDE_TARGET7,37,d1_close_to_ma20,600255_2026-06-05,605162_2026-06-05,0.1839156229400134,0.1072602061484451,0.0766554167915683,reports/research/v004c_pairwise_v1_feature_contract_v002_20260506_20260630/v004c_pairwise_v1_input_table_v002.csv,reports/research/v004c_pairwise_v1_feature_contract_v002_20260506_20260630/v004c_pairwise_v1_input_table_v002.csv
LOSSCASE_007_A,LOSSCASE_007,2026-06-05,HIGHEST_RANKED_OUTSIDE_TARGET7,38,d1_ma5_slope,600255_2026-06-05,605162_2026-06-05,0.0466143277723258,0.0456537618699779,0.0009605659023478944,reports/research/v004c_pairwise_v1_feature_contract_v002_20260506_20260630/v004c_pairwise_v1_input_table_v002.csv,reports/research/v004c_pairwise_v1_feature_contract_v002_20260506_20260630/v004c_pairwise_v1_input_table_v002.csv
LOSSCASE_007_A,LOSSCASE_007,2026-06-05,HIGHEST_RANKED_OUTSIDE_TARGET7,39,d1_ma10_slope,600255_2026-06-05,605162_2026-06-05,0.0223592906707787,0.0148354195642095,0.007523871106569201,reports/research/v004c_pairwise_v1_feature_contract_v002_20260506_20260630/v004c_pairwise_v1_input_table_v002.csv,reports/research/v004c_pairwise_v1_feature_contract_v002_20260506_20260630/v004c_pairwise_v1_input_table_v002.csv
LOSSCASE_007_A,LOSSCASE_007,2026-06-05,HIGHEST_RANKED_OUTSIDE_TARGET7,40,d1_ma20_slope,600255_2026-06-05,605162_2026-06-05,0.0094490284801702,0.0023912651146003,0.007057763365569901,reports/research/v004c_pairwise_v1_feature_contract_v002_20260506_20260630/v004c_pairwise_v1_input_table_v002.csv,reports/research/v004c_pairwise_v1_feature_contract_v002_20260506_20260630/v004c_pairwise_v1_input_table_v002.csv
LOSSCASE_007_A,LOSSCASE_007,2026-06-05,HIGHEST_RANKED_OUTSIDE_TARGET7,41,d1_close_above_ma5,600255_2026-06-05,605162_2026-06-05,1.0,1.0,0.0,reports/research/v004c_pairwise_v1_feature_contract_v002_20260506_20260630/v004c_pairwise_v1_input_table_v002.csv,reports/research/v004c_pairwise_v1_feature_contract_v002_20260506_20260630/v004c_pairwise_v1_input_table_v002.csv
LOSSCASE_007_A,LOSSCASE_007,2026-06-05,HIGHEST_RANKED_OUTSIDE_TARGET7,42,d1_close_above_ma10,600255_2026-06-05,605162_2026-06-05,1.0,1.0,0.0,reports/research/v004c_pairwise_v1_feature_contract_v002_20260506_20260630/v004c_pairwise_v1_input_table_v002.csv,reports/research/v004c_pairwise_v1_feature_contract_v002_20260506_20260630/v004c_pairwise_v1_input_table_v002.csv
LOSSCASE_007_A,LOSSCASE_007,2026-06-05,HIGHEST_RANKED_OUTSIDE_TARGET7,43,d1_true_reclaim_ma5,600255_2026-06-05,605162_2026-06-05,0.0,0.0,0.0,reports/research/v004c_pairwise_v1_feature_contract_v002_20260506_20260630/v004c_pairwise_v1_input_table_v002.csv,reports/research/v004c_pairwise_v1_feature_contract_v002_20260506_20260630/v004c_pairwise_v1_input_table_v002.csv
LOSSCASE_007_A,LOSSCASE_007,2026-06-05,HIGHEST_RANKED_OUTSIDE_TARGET7,44,d1_true_reclaim_ma10,600255_2026-06-05,605162_2026-06-05,0.0,0.0,0.0,reports/research/v004c_pairwise_v1_feature_contract_v002_20260506_20260630/v004c_pairwise_v1_input_table_v002.csv,reports/research/v004c_pairwise_v1_feature_contract_v002_20260506_20260630/v004c_pairwise_v1_input_table_v002.csv
LOSSCASE_007_A,LOSSCASE_007,2026-06-05,HIGHEST_RANKED_OUTSIDE_TARGET7,45,consecutive_days_below_ma5,600255_2026-06-05,605162_2026-06-05,0.0,0.0,0.0,reports/research/v004c_pairwise_v1_feature_contract_v002_20260506_20260630/v004c_pairwise_v1_input_table_v002.csv,reports/research/v004c_pairwise_v1_feature_contract_v002_20260506_20260630/v004c_pairwise_v1_input_table_v002.csv
LOSSCASE_007_A,LOSSCASE_007,2026-06-05,HIGHEST_RANKED_OUTSIDE_TARGET7,46,consecutive_days_below_ma10,600255_2026-06-05,605162_2026-06-05,0.0,0.0,0.0,reports/research/v004c_pairwise_v1_feature_contract_v002_20260506_20260630/v004c_pairwise_v1_input_table_v002.csv,reports/research/v004c_pairwise_v1_feature_contract_v002_20260506_20260630/v004c_pairwise_v1_input_table_v002.csv
LOSSCASE_007_A,LOSSCASE_007,2026-06-05,HIGHEST_RANKED_OUTSIDE_TARGET7,47,break_day_in_pool,600255_2026-06-05,605162_2026-06-05,0.0,0.0,0.0,reports/research/v004c_pairwise_v1_feature_contract_v002_20260506_20260630/v004c_pairwise_v1_input_table_v002.csv,reports/research/v004c_pairwise_v1_feature_contract_v002_20260506_20260630/v004c_pairwise_v1_input_table_v002.csv
LOSSCASE_007_A,LOSSCASE_007,2026-06-05,HIGHEST_RANKED_OUTSIDE_TARGET7,48,last_board_day_in_pool,600255_2026-06-05,605162_2026-06-05,1.0,1.0,0.0,reports/research/v004c_pairwise_v1_feature_contract_v002_20260506_20260630/v004c_pairwise_v1_input_table_v002.csv,reports/research/v004c_pairwise_v1_feature_contract_v002_20260506_20260630/v004c_pairwise_v1_input_table_v002.csv
LOSSCASE_007_A,LOSSCASE_007,2026-06-05,HIGHEST_RANKED_OUTSIDE_TARGET7,49,pool_consecutive_count_last_board,600255_2026-06-05,605162_2026-06-05,3.0,2.0,1.0,reports/research/v004c_pairwise_v1_feature_contract_v002_20260506_20260630/v004c_pairwise_v1_input_table_v002.csv,reports/research/v004c_pairwise_v1_feature_contract_v002_20260506_20260630/v004c_pairwise_v1_input_table_v002.csv
LOSSCASE_007_A,LOSSCASE_007,2026-06-05,HIGHEST_RANKED_OUTSIDE_TARGET7,50,recent_7d_cumulative_return,600255_2026-06-05,605162_2026-06-05,0.2005347593582886,0.2424242424242424,-0.0418894830659538,reports/research/v004c_pairwise_v1_feature_contract_v002_20260506_20260630/v004c_pairwise_v1_input_table_v002.csv,reports/research/v004c_pairwise_v1_feature_contract_v002_20260506_20260630/v004c_pairwise_v1_input_table_v002.csv
LOSSCASE_007_A,LOSSCASE_007,2026-06-05,HIGHEST_RANKED_OUTSIDE_TARGET7,51,recent_7d_max_drawdown,600255_2026-06-05,605162_2026-06-05,0.0890052356020942,0.1132776230269265,-0.0242723874248323,reports/research/v004c_pairwise_v1_feature_contract_v002_20260506_20260630/v004c_pairwise_v1_input_table_v002.csv,reports/research/v004c_pairwise_v1_feature_contract_v002_20260506_20260630/v004c_pairwise_v1_input_table_v002.csv
LOSSCASE_007_A,LOSSCASE_007,2026-06-05,HIGHEST_RANKED_OUTSIDE_TARGET7,52,recent_7d_close_position,600255_2026-06-05,605162_2026-06-05,0.7481481481481482,0.6962025316455698,0.05194561650257845,reports/research/v004c_pairwise_v1_feature_contract_v002_20260506_20260630/v004c_pairwise_v1_input_table_v002.csv,reports/research/v004c_pairwise_v1_feature_contract_v002_20260506_20260630/v004c_pairwise_v1_input_table_v002.csv
LOSSCASE_007_A,LOSSCASE_007,2026-06-05,HIGHEST_RANKED_OUTSIDE_TARGET7,53,recent_7d_limit_up_count,600255_2026-06-05,605162_2026-06-05,3.0,2.0,1.0,reports/research/v004c_pairwise_v1_feature_contract_v002_20260506_20260630/v004c_pairwise_v1_input_table_v002.csv,reports/research/v004c_pairwise_v1_feature_contract_v002_20260506_20260630/v004c_pairwise_v1_input_table_v002.csv
LOSSCASE_008_A,LOSSCASE_008,2026-06-09,HIGHEST_RANKED_OUTSIDE_TARGET7,1,board_streak_is_3,603500_2026-06-09,003009_2026-06-09,1.0,0.0,1.0,reports/research/v004c_pairwise_v1_feature_contract_v002_20260506_20260630/v004c_pairwise_v1_input_table_v002.csv,reports/research/v004c_pairwise_v1_feature_contract_v002_20260506_20260630/v004c_pairwise_v1_input_table_v002.csv
LOSSCASE_008_A,LOSSCASE_008,2026-06-09,HIGHEST_RANKED_OUTSIDE_TARGET7,2,max_board_streak_20d,603500_2026-06-09,003009_2026-06-09,3.0,2.0,1.0,reports/research/v004c_pairwise_v1_feature_contract_v002_20260506_20260630/v004c_pairwise_v1_input_table_v002.csv,reports/research/v004c_pairwise_v1_feature_contract_v002_20260506_20260630/v004c_pairwise_v1_input_table_v002.csv
LOSSCASE_008_A,LOSSCASE_008,2026-06-09,HIGHEST_RANKED_OUTSIDE_TARGET7,3,recent_limit_up_count_10d,603500_2026-06-09,003009_2026-06-09,3.0,2.0,1.0,reports/research/v004c_pairwise_v1_feature_contract_v002_20260506_20260630/v004c_pairwise_v1_input_table_v002.csv,reports/research/v004c_pairwise_v1_feature_contract_v002_20260506_20260630/v004c_pairwise_v1_input_table_v002.csv
LOSSCASE_008_A,LOSSCASE_008,2026-06-09,HIGHEST_RANKED_OUTSIDE_TARGET7,4,recent_limit_up_count_20d,603500_2026-06-09,003009_2026-06-09,3.0,2.0,1.0,reports/research/v004c_pairwise_v1_feature_contract_v002_20260506_20260630/v004c_pairwise_v1_input_table_v002.csv,reports/research/v004c_pairwise_v1_feature_contract_v002_20260506_20260630/v004c_pairwise_v1_input_table_v002.csv
LOSSCASE_008_A,LOSSCASE_008,2026-06-09,HIGHEST_RANKED_OUTSIDE_TARGET7,5,recent_pool_appearance_count_10d,603500_2026-06-09,003009_2026-06-09,3.0,2.0,1.0,reports/research/v004c_pairwise_v1_feature_contract_v002_20260506_20260630/v004c_pairwise_v1_input_table_v002.csv,reports/research/v004c_pairwise_v1_feature_contract_v002_20260506_20260630/v004c_pairwise_v1_input_table_v002.csv
LOSSCASE_008_A,LOSSCASE_008,2026-06-09,HIGHEST_RANKED_OUTSIDE_TARGET7,6,recent_pool_appearance_count_20d,603500_2026-06-09,003009_2026-06-09,3.0,2.0,1.0,reports/research/v004c_pairwise_v1_feature_contract_v002_20260506_20260630/v004c_pairwise_v1_input_table_v002.csv,reports/research/v004c_pairwise_v1_feature_contract_v002_20260506_20260630/v004c_pairwise_v1_input_table_v002.csv
LOSSCASE_008_A,LOSSCASE_008,2026-06-09,HIGHEST_RANKED_OUTSIDE_TARGET7,7,board_day_volume_rank,603500_2026-06-09,003009_2026-06-09,18.0,36.0,-18.0,reports/research/v004c_pairwise_v1_feature_contract_v002_20260506_20260630/v004c_pairwise_v1_input_table_v002.csv,reports/research/v004c_pairwise_v1_feature_contract_v002_20260506_20260630/v004c_pairwise_v1_input_table_v002.csv
LOSSCASE_008_A,LOSSCASE_008,2026-06-09,HIGHEST_RANKED_OUTSIDE_TARGET7,8,break_open_return,603500_2026-06-09,003009_2026-06-09,-0.0327137546468401,0.017394158188382,-0.050107912835222104,reports/research/v004c_pairwise_v1_feature_contract_v002_20260506_20260630/v004c_pairwise_v1_input_table_v002.csv,reports/research/v004c_pairwise_v1_feature_contract_v002_20260506_20260630/v004c_pairwise_v1_input_table_v002.csv
LOSSCASE_008_A,LOSSCASE_008,2026-06-09,HIGHEST_RANKED_OUTSIDE_TARGET7,9,break_high_return,603500_2026-06-09,003009_2026-06-09,0.0185873605947954,0.017394158188382,0.0011932024064134003,reports/research/v004c_pairwise_v1_feature_contract_v002_20260506_20260630/v004c_pairwise_v1_input_table_v002.csv,reports/research/v004c_pairwise_v1_feature_contract_v002_20260506_20260630/v004c_pairwise_v1_input_table_v002.csv
LOSSCASE_008_A,LOSSCASE_008,2026-06-09,HIGHEST_RANKED_OUTSIDE_TARGET7,10,break_close_return,603500_2026-06-09,003009_2026-06-09,-0.0059479553903345,-0.029701345585822,0.0237533901954875,reports/research/v004c_pairwise_v1_feature_contract_v002_20260506_20260630/v004c_pairwise_v1_input_table_v002.csv,reports/research/v004c_pairwise_v1_feature_contract_v002_20260506_20260630/v004c_pairwise_v1_input_table_v002.csv
LOSSCASE_008_A,LOSSCASE_008,2026-06-09,HIGHEST_RANKED_OUTSIDE_TARGET7,11,break_touched_limit_up,603500_2026-06-09,003009_2026-06-09,0.0,0.0,0.0,reports/research/v004c_pairwise_v1_feature_contract_v002_20260506_20260630/v004c_pairwise_v1_input_table_v002.csv,reports/research/v004c_pairwise_v1_feature_contract_v002_20260506_20260630/v004c_pairwise_v1_input_table_v002.csv
LOSSCASE_008_A,LOSSCASE_008,2026-06-09,HIGHEST_RANKED_OUTSIDE_TARGET7,12,break_opened_from_limit_up,603500_2026-06-09,003009_2026-06-09,0.0,0.0,0.0,reports/research/v004c_pairwise_v1_feature_contract_v002_20260506_20260630/v004c_pairwise_v1_input_table_v002.csv,reports/research/v004c_pairwise_v1_feature_contract_v002_20260506_20260630/v004c_pairwise_v1_input_table_v002.csv
LOSSCASE_008_A,LOSSCASE_008,2026-06-09,HIGHEST_RANKED_OUTSIDE_TARGET7,13,break_upper_shadow_ratio,603500_2026-06-09,003009_2026-06-09,0.2075471698113208,0.0,0.2075471698113208,reports/research/v004c_pairwise_v1_feature_contract_v002_20260506_20260630/v004c_pairwise_v1_input_table_v002.csv,reports/research/v004c_pairwise_v1_feature_contract_v002_20260506_20260630/v004c_pairwise_v1_input_table_v002.csv
LOSSCASE_008_A,LOSSCASE_008,2026-06-09,HIGHEST_RANKED_OUTSIDE_TARGET7,14,break_lower_shadow_ratio,603500_2026-06-09,003009_2026-06-09,0.5660377358490569,0.3608017817371946,0.2052359541118623,reports/research/v004c_pairwise_v1_feature_contract_v002_20260506_20260630/v004c_pairwise_v1_input_table_v002.csv,reports/research/v004c_pairwise_v1_feature_contract_v002_20260506_20260630/v004c_pairwise_v1_input_table_v002.csv
LOSSCASE_008_A,LOSSCASE_008,2026-06-09,HIGHEST_RANKED_OUTSIDE_TARGET7,15,d1_high_to_close_drawdown_raw,603500_2026-06-09,003009_2026-06-09,0.0240875912408759,0.0462903225806451,-0.022202731339769202,reports/research/v004c_pairwise_v1_feature_contract_v002_20260506_20260630/v004c_pairwise_v1_input_table_v002.csv,reports/research/v004c_pairwise_v1_feature_contract_v002_20260506_20260630/v004c_pairwise_v1_input_table_v002.csv
LOSSCASE_008_A,LOSSCASE_008,2026-06-09,HIGHEST_RANKED_OUTSIDE_TARGET7,16,d1_low_to_close_recovery,603500_2026-06-09,003009_2026-06-09,0.1040462427745664,0.0279902642559109,0.07605597851865549,reports/research/v004c_pairwise_v1_feature_contract_v002_20260506_20260630/v004c_pairwise_v1_input_table_v002.csv,reports/research/v004c_pairwise_v1_feature_contract_v002_20260506_20260630/v004c_pairwise_v1_input_table_v002.csv
LOSSCASE_008_A,LOSSCASE_008,2026-06-09,HIGHEST_RANKED_OUTSIDE_TARGET7,17,d1_open_to_close_return_raw,603500_2026-06-09,003009_2026-06-09,0.0276710222905456,-0.0462903225806451,0.0739613448711907,reports/research/v004c_pairwise_v1_feature_contract_v002_20260506_20260630/v004c_pairwise_v1_input_table_v002.csv,reports/research/v004c_pairwise_v1_feature_contract_v002_20260506_20260630/v004c_pairwise_v1_input_table_v002.csv
LOSSCASE_008_A,LOSSCASE_008,2026-06-09,HIGHEST_RANKED_OUTSIDE_TARGET7,18,d1_close_location,603500_2026-06-09,003009_2026-06-09,0.7924528301886792,0.3593750000000001,0.43307783018867907,reports/research/v004c_pairwise_v1_feature_contract_v002_20260506_20260630/v004c_pairwise_v1_input_table_v002.csv,reports/research/v004c_pairwise_v1_feature_contract_v002_20260506_20260630/v004c_pairwise_v1_input_table_v002.csv
LOSSCASE_008_A,LOSSCASE_008,2026-06-09,HIGHEST_RANKED_OUTSIDE_TARGET7,19,d1_intraday_range,603500_2026-06-09,003009_2026-06-09,0.1182156133828996,0.0735149327207088,0.044700680662190795,reports/research/v004c_pairwise_v1_feature_contract_v002_20260506_20260630/v004c_pairwise_v1_input_table_v002.csv,reports/research/v004c_pairwise_v1_feature_contract_v002_20260506_20260630/v004c_pairwise_v1_input_table_v002.csv
LOSSCASE_008_A,LOSSCASE_008,2026-06-09,HIGHEST_RANKED_OUTSIDE_TARGET7,20,d1_afternoon_return,603500_2026-06-09,003009_2026-06-09,0.034029389017788,0.0237188365650971,0.0103105524526909,reports/research/v004c_pairwise_v1_feature_contract_v002_20260506_20260630/v004c_pairwise_v1_input_table_v002.csv,reports/research/v004c_pairwise_v1_feature_contract_v002_20260506_20260630/v004c_pairwise_v1_input_table_v002.csv
LOSSCASE_008_A,LOSSCASE_008,2026-06-09,HIGHEST_RANKED_OUTSIDE_TARGET7,21,d1_last_hour_return,603500_2026-06-09,003009_2026-06-09,-0.0066864784546806,0.0173778389538885,-0.024064317408569097,reports/research/v004c_pairwise_v1_feature_contract_v002_20260506_20260630/v004c_pairwise_v1_input_table_v002.csv,reports/research/v004c_pairwise_v1_feature_contract_v002_20260506_20260630/v004c_pairwise_v1_input_table_v002.csv
LOSSCASE_008_A,LOSSCASE_008,2026-06-09,HIGHEST_RANKED_OUTSIDE_TARGET7,22,break_volume_ratio_vs_board_days,603500_2026-06-09,003009_2026-06-09,2.732115527761364,1.0875134856687434,1.6446020420926204,reports/research/v004c_pairwise_v1_feature_contract_v002_20260506_20260630/v004c_pairwise_v1_input_table_v002.csv,reports/research/v004c_pairwise_v1_feature_contract_v002_20260506_20260630/v004c_pairwise_v1_input_table_v002.csv
LOSSCASE_008_A,LOSSCASE_008,2026-06-09,HIGHEST_RANKED_OUTSIDE_TARGET7,23,d1_up_bar_volume_ratio,603500_2026-06-09,003009_2026-06-09,0.4471695733879947,0.3064425632118635,0.1407270101761312,reports/research/v004c_pairwise_v1_feature_contract_v002_20260506_20260630/v004c_pairwise_v1_input_table_v002.csv,reports/research/v004c_pairwise_v1_feature_contract_v002_20260506_20260630/v004c_pairwise_v1_input_table_v002.csv
LOSSCASE_008_A,LOSSCASE_008,2026-06-09,HIGHEST_RANKED_OUTSIDE_TARGET7,24,down_bar_volume_ratio,603500_2026-06-09,003009_2026-06-09,0.4874207350867476,0.6817291586343088,-0.19430842354756123,reports/research/v004c_pairwise_v1_feature_contract_v002_20260506_20260630/v004c_pairwise_v1_input_table_v002.csv,reports/research/v004c_pairwise_v1_feature_contract_v002_20260506_20260630/v004c_pairwise_v1_input_table_v002.csv
LOSSCASE_008_A,LOSSCASE_008,2026-06-09,HIGHEST_RANKED_OUTSIDE_TARGET7,25,volume_above_d1_close_ratio,603500_2026-06-09,003009_2026-06-09,0.1985848702019263,0.2534615328929411,-0.054876662691014794,reports/research/v004c_pairwise_v1_feature_contract_v002_20260506_20260630/v004c_pairwise_v1_input_table_v002.csv,reports/research/v004c_pairwise_v1_feature_contract_v002_20260506_20260630/v004c_pairwise_v1_input_table_v002.csv
LOSSCASE_008_A,LOSSCASE_008,2026-06-09,HIGHEST_RANKED_OUTSIDE_TARGET7,26,amount_above_d1_close_ratio,603500_2026-06-09,003009_2026-06-09,0.2079464246056143,0.2581659598343793,-0.05021953522876499,reports/research/v004c_pairwise_v1_feature_contract_v002_20260506_20260630/v004c_pairwise_v1_input_table_v002.csv,reports/research/v004c_pairwise_v1_feature_contract_v002_20260506_20260630/v004c_pairwise_v1_input_table_v002.csv
LOSSCASE_008_A,LOSSCASE_008,2026-06-09,HIGHEST_RANKED_OUTSIDE_TARGET7,27,high_zone_volume_ratio,603500_2026-06-09,003009_2026-06-09,0.2347488286941402,0.0,0.2347488286941402,reports/research/v004c_pairwise_v1_feature_contract_v002_20260506_20260630/v004c_pairwise_v1_input_table_v002.csv,reports/research/v004c_pairwise_v1_feature_contract_v002_20260506_20260630/v004c_pairwise_v1_input_table_v002.csv
LOSSCASE_008_A,LOSSCASE_008,2026-06-09,HIGHEST_RANKED_OUTSIDE_TARGET7,28,high_zone_amount_ratio,603500_2026-06-09,003009_2026-06-09,0.2455441801021539,0.0,0.2455441801021539,reports/research/v004c_pairwise_v1_feature_contract_v002_20260506_20260630/v004c_pairwise_v1_input_table_v002.csv,reports/research/v004c_pairwise_v1_feature_contract_v002_20260506_20260630/v004c_pairwise_v1_input_table_v002.csv
LOSSCASE_008_A,LOSSCASE_008,2026-06-09,HIGHEST_RANKED_OUTSIDE_TARGET7,29,late_day_sell_volume_ratio,603500_2026-06-09,003009_2026-06-09,0.075831481058495,0.0834501879415339,-0.007618706883038895,reports/research/v004c_pairwise_v1_feature_contract_v002_20260506_20260630/v004c_pairwise_v1_input_table_v002.csv,reports/research/v004c_pairwise_v1_feature_contract_v002_20260506_20260630/v004c_pairwise_v1_input_table_v002.csv
LOSSCASE_008_A,LOSSCASE_008,2026-06-09,HIGHEST_RANKED_OUTSIDE_TARGET7,30,late_day_sell_amount_ratio,603500_2026-06-09,003009_2026-06-09,0.0792025121523497,0.0836936929728339,-0.004491180820484192,reports/research/v004c_pairwise_v1_feature_contract_v002_20260506_20260630/v004c_pairwise_v1_input_table_v002.csv,reports/research/v004c_pairwise_v1_feature_contract_v002_20260506_20260630/v004c_pairwise_v1_input_table_v002.csv
LOSSCASE_008_A,LOSSCASE_008,2026-06-09,HIGHEST_RANKED_OUTSIDE_TARGET7,31,d1_close_to_vwap_raw,603500_2026-06-09,003009_2026-06-09,0.0422379486314972,0.00808945665112,0.0341484919803772,reports/research/v004c_pairwise_v1_feature_contract_v002_20260506_20260630/v004c_pairwise_v1_input_table_v002.csv,reports/research/v004c_pairwise_v1_feature_contract_v002_20260506_20260630/v004c_pairwise_v1_input_table_v002.csv
LOSSCASE_008_A,LOSSCASE_008,2026-06-09,HIGHEST_RANKED_OUTSIDE_TARGET7,32,d1_close_to_ma5_raw,603500_2026-06-09,003009_2026-06-09,0.1089913735899137,0.0668278425287771,0.0421635310611366,reports/research/v004c_pairwise_v1_feature_contract_v002_20260506_20260630/v004c_pairwise_v1_input_table_v002.csv,reports/research/v004c_pairwise_v1_feature_contract_v002_20260506_20260630/v004c_pairwise_v1_input_table_v002.csv
LOSSCASE_008_A,LOSSCASE_008,2026-06-09,HIGHEST_RANKED_OUTSIDE_TARGET7,33,d1_low_to_ma5_raw,603500_2026-06-09,003009_2026-06-09,0.004479097544791,0.0375996824594955,-0.0331205849147045,reports/research/v004c_pairwise_v1_feature_contract_v002_20260506_20260630/v004c_pairwise_v1_input_table_v002.csv,reports/research/v004c_pairwise_v1_feature_contract_v002_20260506_20260630/v004c_pairwise_v1_input_table_v002.csv
LOSSCASE_008_A,LOSSCASE_008,2026-06-09,HIGHEST_RANKED_OUTSIDE_TARGET7,34,d1_high_to_ma5_raw,603500_2026-06-09,003009_2026-06-09,0.1363636363636364,0.1186085952441091,0.017755041119527304,reports/research/v004c_pairwise_v1_feature_contract_v002_20260506_20260630/v004c_pairwise_v1_input_table_v002.csv,reports/research/v004c_pairwise_v1_feature_contract_v002_20260506_20260630/v004c_pairwise_v1_input_table_v002.csv
LOSSCASE_008_A,LOSSCASE_008,2026-06-09,HIGHEST_RANKED_OUTSIDE_TARGET7,35,d1_close_to_ma10_raw,603500_2026-06-09,003009_2026-06-09,0.1920470756062766,0.1064124394214396,0.08563463618483699,reports/research/v004c_pairwise_v1_feature_contract_v002_20260506_20260630/v004c_pairwise_v1_input_table_v002.csv,reports/research/v004c_pairwise_v1_feature_contract_v002_20260506_20260630/v004c_pairwise_v1_input_table_v002.csv
LOSSCASE_008_A,LOSSCASE_008,2026-06-09,HIGHEST_RANKED_OUTSIDE_TARGET7,36,d1_low_to_ma10_raw,603500_2026-06-09,003009_2026-06-09,0.0797075606276747,0.0760997698482495,0.0036077907794252045,reports/research/v004c_pairwise_v1_feature_contract_v002_20260506_20260630/v004c_pairwise_v1_input_table_v002.csv,reports/research/v004c_pairwise_v1_feature_contract_v002_20260506_20260630/v004c_pairwise_v1_input_table_v002.csv
LOSSCASE_008_A,LOSSCASE_008,2026-06-09,HIGHEST_RANKED_OUTSIDE_TARGET7,37,d1_close_to_ma20,603500_2026-06-09,003009_2026-06-09,0.2446471792962203,0.0497443544951001,0.1949028248011202,reports/research/v004c_pairwise_v1_feature_contract_v002_20260506_20260630/v004c_pairwise_v1_input_table_v002.csv,reports/research/v004c_pairwise_v1_feature_contract_v002_20260506_20260630/v004c_pairwise_v1_input_table_v002.csv
LOSSCASE_008_A,LOSSCASE_008,2026-06-09,HIGHEST_RANKED_OUTSIDE_TARGET7,38,d1_ma5_slope,603500_2026-06-09,003009_2026-06-09,0.0531097134870719,0.0327954384526516,0.0203142750344203,reports/research/v004c_pairwise_v1_feature_contract_v002_20260506_20260630/v004c_pairwise_v1_input_table_v002.csv,reports/research/v004c_pairwise_v1_feature_contract_v002_20260506_20260630/v004c_pairwise_v1_input_table_v002.csv
LOSSCASE_008_A,LOSSCASE_008,2026-06-09,HIGHEST_RANKED_OUTSIDE_TARGET7,39,d1_ma10_slope,603500_2026-06-09,003009_2026-06-09,0.0263543191800876,0.0100737100737102,0.016280609106377398,reports/research/v004c_pairwise_v1_feature_contract_v002_20260506_20260630/v004c_pairwise_v1_input_table_v002.csv,reports/research/v004c_pairwise_v1_feature_contract_v002_20260506_20260630/v004c_pairwise_v1_input_table_v002.csv
LOSSCASE_008_A,LOSSCASE_008,2026-06-09,HIGHEST_RANKED_OUTSIDE_TARGET7,40,d1_ma20_slope,603500_2026-06-09,003009_2026-06-09,0.0152159531235234,-0.0053592082145097,0.0205751613380331,reports/research/v004c_pairwise_v1_feature_contract_v002_20260506_20260630/v004c_pairwise_v1_input_table_v002.csv,reports/research/v004c_pairwise_v1_feature_contract_v002_20260506_20260630/v004c_pairwise_v1_input_table_v002.csv
LOSSCASE_008_A,LOSSCASE_008,2026-06-09,HIGHEST_RANKED_OUTSIDE_TARGET7,41,d1_close_above_ma5,603500_2026-06-09,003009_2026-06-09,1.0,1.0,0.0,reports/research/v004c_pairwise_v1_feature_contract_v002_20260506_20260630/v004c_pairwise_v1_input_table_v002.csv,reports/research/v004c_pairwise_v1_feature_contract_v002_20260506_20260630/v004c_pairwise_v1_input_table_v002.csv
LOSSCASE_008_A,LOSSCASE_008,2026-06-09,HIGHEST_RANKED_OUTSIDE_TARGET7,42,d1_close_above_ma10,603500_2026-06-09,003009_2026-06-09,1.0,1.0,0.0,reports/research/v004c_pairwise_v1_feature_contract_v002_20260506_20260630/v004c_pairwise_v1_input_table_v002.csv,reports/research/v004c_pairwise_v1_feature_contract_v002_20260506_20260630/v004c_pairwise_v1_input_table_v002.csv
LOSSCASE_008_A,LOSSCASE_008,2026-06-09,HIGHEST_RANKED_OUTSIDE_TARGET7,43,d1_true_reclaim_ma5,603500_2026-06-09,003009_2026-06-09,0.0,0.0,0.0,reports/research/v004c_pairwise_v1_feature_contract_v002_20260506_20260630/v004c_pairwise_v1_input_table_v002.csv,reports/research/v004c_pairwise_v1_feature_contract_v002_20260506_20260630/v004c_pairwise_v1_input_table_v002.csv
LOSSCASE_008_A,LOSSCASE_008,2026-06-09,HIGHEST_RANKED_OUTSIDE_TARGET7,44,d1_true_reclaim_ma10,603500_2026-06-09,003009_2026-06-09,0.0,0.0,0.0,reports/research/v004c_pairwise_v1_feature_contract_v002_20260506_20260630/v004c_pairwise_v1_input_table_v002.csv,reports/research/v004c_pairwise_v1_feature_contract_v002_20260506_20260630/v004c_pairwise_v1_input_table_v002.csv
LOSSCASE_008_A,LOSSCASE_008,2026-06-09,HIGHEST_RANKED_OUTSIDE_TARGET7,45,consecutive_days_below_ma5,603500_2026-06-09,003009_2026-06-09,0.0,0.0,0.0,reports/research/v004c_pairwise_v1_feature_contract_v002_20260506_20260630/v004c_pairwise_v1_input_table_v002.csv,reports/research/v004c_pairwise_v1_feature_contract_v002_20260506_20260630/v004c_pairwise_v1_input_table_v002.csv
LOSSCASE_008_A,LOSSCASE_008,2026-06-09,HIGHEST_RANKED_OUTSIDE_TARGET7,46,consecutive_days_below_ma10,603500_2026-06-09,003009_2026-06-09,0.0,0.0,0.0,reports/research/v004c_pairwise_v1_feature_contract_v002_20260506_20260630/v004c_pairwise_v1_input_table_v002.csv,reports/research/v004c_pairwise_v1_feature_contract_v002_20260506_20260630/v004c_pairwise_v1_input_table_v002.csv
LOSSCASE_008_A,LOSSCASE_008,2026-06-09,HIGHEST_RANKED_OUTSIDE_TARGET7,47,break_day_in_pool,603500_2026-06-09,003009_2026-06-09,0.0,0.0,0.0,reports/research/v004c_pairwise_v1_feature_contract_v002_20260506_20260630/v004c_pairwise_v1_input_table_v002.csv,reports/research/v004c_pairwise_v1_feature_contract_v002_20260506_20260630/v004c_pairwise_v1_input_table_v002.csv
LOSSCASE_008_A,LOSSCASE_008,2026-06-09,HIGHEST_RANKED_OUTSIDE_TARGET7,48,last_board_day_in_pool,603500_2026-06-09,003009_2026-06-09,1.0,1.0,0.0,reports/research/v004c_pairwise_v1_feature_contract_v002_20260506_20260630/v004c_pairwise_v1_input_table_v002.csv,reports/research/v004c_pairwise_v1_feature_contract_v002_20260506_20260630/v004c_pairwise_v1_input_table_v002.csv
LOSSCASE_008_A,LOSSCASE_008,2026-06-09,HIGHEST_RANKED_OUTSIDE_TARGET7,49,pool_consecutive_count_last_board,603500_2026-06-09,003009_2026-06-09,3.0,2.0,1.0,reports/research/v004c_pairwise_v1_feature_contract_v002_20260506_20260630/v004c_pairwise_v1_input_table_v002.csv,reports/research/v004c_pairwise_v1_feature_contract_v002_20260506_20260630/v004c_pairwise_v1_input_table_v002.csv
LOSSCASE_008_A,LOSSCASE_008,2026-06-09,HIGHEST_RANKED_OUTSIDE_TARGET7,50,recent_7d_cumulative_return,603500_2026-06-09,003009_2026-06-09,0.243720930232558,0.1632893960259689,0.0804315342065891,reports/research/v004c_pairwise_v1_feature_contract_v002_20260506_20260630/v004c_pairwise_v1_input_table_v002.csv,reports/research/v004c_pairwise_v1_feature_contract_v002_20260506_20260630/v004c_pairwise_v1_input_table_v002.csv
LOSSCASE_008_A,LOSSCASE_008,2026-06-09,HIGHEST_RANKED_OUTSIDE_TARGET7,51,recent_7d_max_drawdown,603500_2026-06-09,003009_2026-06-09,0.1111111111111111,0.0562848703642927,0.054826240746818404,reports/research/v004c_pairwise_v1_feature_contract_v002_20260506_20260630/v004c_pairwise_v1_input_table_v002.csv,reports/research/v004c_pairwise_v1_feature_contract_v002_20260506_20260630/v004c_pairwise_v1_input_table_v002.csv
LOSSCASE_008_A,LOSSCASE_008,2026-06-09,HIGHEST_RANKED_OUTSIDE_TARGET7,52,recent_7d_close_position,603500_2026-06-09,003009_2026-06-09,0.9108108108108108,0.7771739130434785,0.13363689776733234,reports/research/v004c_pairwise_v1_feature_contract_v002_20260506_20260630/v004c_pairwise_v1_input_table_v002.csv,reports/research/v004c_pairwise_v1_feature_contract_v002_20260506_20260630/v004c_pairwise_v1_input_table_v002.csv
LOSSCASE_008_A,LOSSCASE_008,2026-06-09,HIGHEST_RANKED_OUTSIDE_TARGET7,53,recent_7d_limit_up_count,603500_2026-06-09,003009_2026-06-09,3.0,2.0,1.0,reports/research/v004c_pairwise_v1_feature_contract_v002_20260506_20260630/v004c_pairwise_v1_input_table_v002.csv,reports/research/v004c_pairwise_v1_feature_contract_v002_20260506_20260630/v004c_pairwise_v1_input_table_v002.csv
LOSSCASE_009_A,LOSSCASE_009,2026-06-17,HIGHEST_RANKED_OUTSIDE_TARGET7,1,board_streak_is_3,002552_2026-06-17,605198_2026-06-17,0.0,1.0,-1.0,reports/research/v004c_pairwise_v1_feature_contract_v002_20260506_20260630/v004c_pairwise_v1_input_table_v002.csv,reports/research/v004c_pairwise_v1_feature_contract_v002_20260506_20260630/v004c_pairwise_v1_input_table_v002.csv
LOSSCASE_009_A,LOSSCASE_009,2026-06-17,HIGHEST_RANKED_OUTSIDE_TARGET7,2,max_board_streak_20d,002552_2026-06-17,605198_2026-06-17,3.0,3.0,0.0,reports/research/v004c_pairwise_v1_feature_contract_v002_20260506_20260630/v004c_pairwise_v1_input_table_v002.csv,reports/research/v004c_pairwise_v1_feature_contract_v002_20260506_20260630/v004c_pairwise_v1_input_table_v002.csv
LOSSCASE_009_A,LOSSCASE_009,2026-06-17,HIGHEST_RANKED_OUTSIDE_TARGET7,3,recent_limit_up_count_10d,002552_2026-06-17,605198_2026-06-17,2.0,3.0,-1.0,reports/research/v004c_pairwise_v1_feature_contract_v002_20260506_20260630/v004c_pairwise_v1_input_table_v002.csv,reports/research/v004c_pairwise_v1_feature_contract_v002_20260506_20260630/v004c_pairwise_v1_input_table_v002.csv
LOSSCASE_009_A,LOSSCASE_009,2026-06-17,HIGHEST_RANKED_OUTSIDE_TARGET7,4,recent_limit_up_count_20d,002552_2026-06-17,605198_2026-06-17,6.0,4.0,2.0,reports/research/v004c_pairwise_v1_feature_contract_v002_20260506_20260630/v004c_pairwise_v1_input_table_v002.csv,reports/research/v004c_pairwise_v1_feature_contract_v002_20260506_20260630/v004c_pairwise_v1_input_table_v002.csv
LOSSCASE_009_A,LOSSCASE_009,2026-06-17,HIGHEST_RANKED_OUTSIDE_TARGET7,5,recent_pool_appearance_count_10d,002552_2026-06-17,605198_2026-06-17,2.0,3.0,-1.0,reports/research/v004c_pairwise_v1_feature_contract_v002_20260506_20260630/v004c_pairwise_v1_input_table_v002.csv,reports/research/v004c_pairwise_v1_feature_contract_v002_20260506_20260630/v004c_pairwise_v1_input_table_v002.csv
LOSSCASE_009_A,LOSSCASE_009,2026-06-17,HIGHEST_RANKED_OUTSIDE_TARGET7,6,recent_pool_appearance_count_20d,002552_2026-06-17,605198_2026-06-17,6.0,4.0,2.0,reports/research/v004c_pairwise_v1_feature_contract_v002_20260506_20260630/v004c_pairwise_v1_input_table_v002.csv,reports/research/v004c_pairwise_v1_feature_contract_v002_20260506_20260630/v004c_pairwise_v1_input_table_v002.csv
LOSSCASE_009_A,LOSSCASE_009,2026-06-17,HIGHEST_RANKED_OUTSIDE_TARGET7,7,board_day_volume_rank,002552_2026-06-17,605198_2026-06-17,106.0,74.0,32.0,reports/research/v004c_pairwise_v1_feature_contract_v002_20260506_20260630/v004c_pairwise_v1_input_table_v002.csv,reports/research/v004c_pairwise_v1_feature_contract_v002_20260506_20260630/v004c_pairwise_v1_input_table_v002.csv
LOSSCASE_009_A,LOSSCASE_009,2026-06-17,HIGHEST_RANKED_OUTSIDE_TARGET7,8,break_open_return,002552_2026-06-17,605198_2026-06-17,0.0009868884816015,0.0001275347532203,0.0008593537283812,reports/research/v004c_pairwise_v1_feature_contract_v002_20260506_20260630/v004c_pairwise_v1_input_table_v002.csv,reports/research/v004c_pairwise_v1_feature_contract_v002_20260506_20260630/v004c_pairwise_v1_input_table_v002.csv
LOSSCASE_009_A,LOSSCASE_009,2026-06-17,HIGHEST_RANKED_OUTSIDE_TARGET7,9,break_high_return,002552_2026-06-17,605198_2026-06-17,0.0854363456929365,0.099987246524678,-0.0145509008317415,reports/research/v004c_pairwise_v1_feature_contract_v002_20260506_20260630/v004c_pairwise_v1_input_table_v002.csv,reports/research/v004c_pairwise_v1_feature_contract_v002_20260506_20260630/v004c_pairwise_v1_input_table_v002.csv
LOSSCASE_009_A,LOSSCASE_009,2026-06-17,HIGHEST_RANKED_OUTSIDE_TARGET7,10,break_close_return,002552_2026-06-17,605198_2026-06-17,0.0173410404624276,0.0980742252263742,-0.0807331847639466,reports/research/v004c_pairwise_v1_feature_contract_v002_20260506_20260630/v004c_pairwise_v1_input_table_v002.csv,reports/research/v004c_pairwise_v1_feature_contract_v002_20260506_20260630/v004c_pairwise_v1_input_table_v002.csv
LOSSCASE_009_A,LOSSCASE_009,2026-06-17,HIGHEST_RANKED_OUTSIDE_TARGET7,11,break_touched_limit_up,002552_2026-06-17,605198_2026-06-17,0.0,1.0,-1.0,reports/research/v004c_pairwise_v1_feature_contract_v002_20260506_20260630/v004c_pairwise_v1_input_table_v002.csv,reports/research/v004c_pairwise_v1_feature_contract_v002_20260506_20260630/v004c_pairwise_v1_input_table_v002.csv
LOSSCASE_009_A,LOSSCASE_009,2026-06-17,HIGHEST_RANKED_OUTSIDE_TARGET7,12,break_opened_from_limit_up,002552_2026-06-17,605198_2026-06-17,0.0,0.0,0.0,reports/research/v004c_pairwise_v1_feature_contract_v002_20260506_20260630/v004c_pairwise_v1_input_table_v002.csv,reports/research/v004c_pairwise_v1_feature_contract_v002_20260506_20260630/v004c_pairwise_v1_input_table_v002.csv
LOSSCASE_009_A,LOSSCASE_009,2026-06-17,HIGHEST_RANKED_OUTSIDE_TARGET7,13,break_upper_shadow_ratio,002552_2026-06-17,605198_2026-06-17,0.4777448071216615,0.019157088122606,0.4585877189990555,reports/research/v004c_pairwise_v1_feature_contract_v002_20260506_20260630/v004c_pairwise_v1_input_table_v002.csv,reports/research/v004c_pairwise_v1_feature_contract_v002_20260506_20260630/v004c_pairwise_v1_input_table_v002.csv
LOSSCASE_009_A,LOSSCASE_009,2026-06-17,HIGHEST_RANKED_OUTSIDE_TARGET7,14,break_lower_shadow_ratio,002552_2026-06-17,605198_2026-06-17,0.4075173095944614,0.0,0.4075173095944614,reports/research/v004c_pairwise_v1_feature_contract_v002_20260506_20260630/v004c_pairwise_v1_input_table_v002.csv,reports/research/v004c_pairwise_v1_feature_contract_v002_20260506_20260630/v004c_pairwise_v1_input_table_v002.csv
LOSSCASE_009_A,LOSSCASE_009,2026-06-17,HIGHEST_RANKED_OUTSIDE_TARGET7,15,d1_high_to_close_drawdown_raw,002552_2026-06-17,605198_2026-06-17,0.0616384915474643,0.0023188405797101,0.0593196509677542,reports/research/v004c_pairwise_v1_feature_contract_v002_20260506_20260630/v004c_pairwise_v1_input_table_v002.csv,reports/research/v004c_pairwise_v1_feature_contract_v002_20260506_20260630/v004c_pairwise_v1_input_table_v002.csv
LOSSCASE_009_A,LOSSCASE_009,2026-06-17,HIGHEST_RANKED_OUTSIDE_TARGET7,16,d1_low_to_close_recovery,002552_2026-06-17,605198_2026-06-17,0.0770149253731342,0.0972966080081611,-0.0202816826350269,reports/research/v004c_pairwise_v1_feature_contract_v002_20260506_20260630/v004c_pairwise_v1_input_table_v002.csv,reports/research/v004c_pairwise_v1_feature_contract_v002_20260506_20260630/v004c_pairwise_v1_input_table_v002.csv
LOSSCASE_009_A,LOSSCASE_009,2026-06-17,HIGHEST_RANKED_OUTSIDE_TARGET7,17,d1_open_to_close_return_raw,002552_2026-06-17,605198_2026-06-17,0.0163380281690139,0.0972966080081612,-0.0809585798391473,reports/research/v004c_pairwise_v1_feature_contract_v002_20260506_20260630/v004c_pairwise_v1_input_table_v002.csv,reports/research/v004c_pairwise_v1_feature_contract_v002_20260506_20260630/v004c_pairwise_v1_input_table_v002.csv
LOSSCASE_009_A,LOSSCASE_009,2026-06-17,HIGHEST_RANKED_OUTSIDE_TARGET7,18,d1_close_location,002552_2026-06-17,605198_2026-06-17,0.5212121212121206,0.9744572158365258,-0.4532450946244052,reports/research/v004c_pairwise_v1_feature_contract_v002_20260506_20260630/v004c_pairwise_v1_input_table_v002.csv,reports/research/v004c_pairwise_v1_feature_contract_v002_20260506_20260630/v004c_pairwise_v1_input_table_v002.csv
LOSSCASE_009_A,LOSSCASE_009,2026-06-17,HIGHEST_RANKED_OUTSIDE_TARGET7,19,d1_intraday_range,002552_2026-06-17,605198_2026-06-17,0.1395742281122234,0.0998597117714577,0.0397145163407657,reports/research/v004c_pairwise_v1_feature_contract_v002_20260506_20260630/v004c_pairwise_v1_input_table_v002.csv,reports/research/v004c_pairwise_v1_feature_contract_v002_20260506_20260630/v004c_pairwise_v1_input_table_v002.csv
LOSSCASE_009_A,LOSSCASE_009,2026-06-17,HIGHEST_RANKED_OUTSIDE_TARGET7,20,d1_afternoon_return,002552_2026-06-17,605198_2026-06-17,0.0006933851060879,0.0484951870354575,-0.0478018019293696,reports/research/v004c_pairwise_v1_feature_contract_v002_20260506_20260630/v004c_pairwise_v1_input_table_v002.csv,reports/research/v004c_pairwise_v1_feature_contract_v002_20260506_20260630/v004c_pairwise_v1_input_table_v002.csv
LOSSCASE_009_A,LOSSCASE_009,2026-06-17,HIGHEST_RANKED_OUTSIDE_TARGET7,21,d1_last_hour_return,002552_2026-06-17,605198_2026-06-17,0.0249999999999999,0.0172597233715567,0.007740276628443201,reports/research/v004c_pairwise_v1_feature_contract_v002_20260506_20260630/v004c_pairwise_v1_input_table_v002.csv,reports/research/v004c_pairwise_v1_feature_contract_v002_20260506_20260630/v004c_pairwise_v1_input_table_v002.csv
LOSSCASE_009_A,LOSSCASE_009,2026-06-17,HIGHEST_RANKED_OUTSIDE_TARGET7,22,break_volume_ratio_vs_board_days,002552_2026-06-17,605198_2026-06-17,4.155569337862981,2.804328149782773,1.3512411880802082,reports/research/v004c_pairwise_v1_feature_contract_v002_20260506_20260630/v004c_pairwise_v1_input_table_v002.csv,reports/research/v004c_pairwise_v1_feature_contract_v002_20260506_20260630/v004c_pairwise_v1_input_table_v002.csv
LOSSCASE_009_A,LOSSCASE_009,2026-06-17,HIGHEST_RANKED_OUTSIDE_TARGET7,23,d1_up_bar_volume_ratio,002552_2026-06-17,605198_2026-06-17,0.5277709713491431,0.7137832541457914,-0.18601228279664828,reports/research/v004c_pairwise_v1_feature_contract_v002_20260506_20260630/v004c_pairwise_v1_input_table_v002.csv,reports/research/v004c_pairwise_v1_feature_contract_v002_20260506_20260630/v004c_pairwise_v1_input_table_v002.csv
LOSSCASE_009_A,LOSSCASE_009,2026-06-17,HIGHEST_RANKED_OUTSIDE_TARGET7,24,down_bar_volume_ratio,002552_2026-06-17,605198_2026-06-17,0.4722290286508569,0.2693608918304339,0.20286813682042304,reports/research/v004c_pairwise_v1_feature_contract_v002_20260506_20260630/v004c_pairwise_v1_input_table_v002.csv,reports/research/v004c_pairwise_v1_feature_contract_v002_20260506_20260630/v004c_pairwise_v1_input_table_v002.csv
LOSSCASE_009_A,LOSSCASE_009,2026-06-17,HIGHEST_RANKED_OUTSIDE_TARGET7,25,volume_above_d1_close_ratio,002552_2026-06-17,605198_2026-06-17,0.6158352675965981,0.1794799504538647,0.43635531714273346,reports/research/v004c_pairwise_v1_feature_contract_v002_20260506_20260630/v004c_pairwise_v1_input_table_v002.csv,reports/research/v004c_pairwise_v1_feature_contract_v002_20260506_20260630/v004c_pairwise_v1_input_table_v002.csv
LOSSCASE_009_A,LOSSCASE_009,2026-06-17,HIGHEST_RANKED_OUTSIDE_TARGET7,26,amount_above_d1_close_ratio,002552_2026-06-17,605198_2026-06-17,0.6256612075828487,0.1840331310044432,0.4416280765784055,reports/research/v004c_pairwise_v1_feature_contract_v002_20260506_20260630/v004c_pairwise_v1_input_table_v002.csv,reports/research/v004c_pairwise_v1_feature_contract_v002_20260506_20260630/v004c_pairwise_v1_input_table_v002.csv
LOSSCASE_009_A,LOSSCASE_009,2026-06-17,HIGHEST_RANKED_OUTSIDE_TARGET7,27,high_zone_volume_ratio,002552_2026-06-17,605198_2026-06-17,0.3522037235867255,0.5856704442513542,-0.23346672066462865,reports/research/v004c_pairwise_v1_feature_contract_v002_20260506_20260630/v004c_pairwise_v1_input_table_v002.csv,reports/research/v004c_pairwise_v1_feature_contract_v002_20260506_20260630/v004c_pairwise_v1_input_table_v002.csv
LOSSCASE_009_A,LOSSCASE_009,2026-06-17,HIGHEST_RANKED_OUTSIDE_TARGET7,28,high_zone_amount_ratio,002552_2026-06-17,605198_2026-06-17,0.3604219218084888,0.5965565927924033,-0.23613467098391444,reports/research/v004c_pairwise_v1_feature_contract_v002_20260506_20260630/v004c_pairwise_v1_input_table_v002.csv,reports/research/v004c_pairwise_v1_feature_contract_v002_20260506_20260630/v004c_pairwise_v1_input_table_v002.csv
LOSSCASE_009_A,LOSSCASE_009,2026-06-17,HIGHEST_RANKED_OUTSIDE_TARGET7,29,late_day_sell_volume_ratio,002552_2026-06-17,605198_2026-06-17,0.0569720352310646,0.0293394464883252,0.0276325887427394,reports/research/v004c_pairwise_v1_feature_contract_v002_20260506_20260630/v004c_pairwise_v1_input_table_v002.csv,reports/research/v004c_pairwise_v1_feature_contract_v002_20260506_20260630/v004c_pairwise_v1_input_table_v002.csv
LOSSCASE_009_A,LOSSCASE_009,2026-06-17,HIGHEST_RANKED_OUTSIDE_TARGET7,30,late_day_sell_amount_ratio,002552_2026-06-17,605198_2026-06-17,0.0559406164979649,0.0297633940597525,0.026177222438212397,reports/research/v004c_pairwise_v1_feature_contract_v002_20260506_20260630/v004c_pairwise_v1_input_table_v002.csv,reports/research/v004c_pairwise_v1_feature_contract_v002_20260506_20260630/v004c_pairwise_v1_input_table_v002.csv
LOSSCASE_009_A,LOSSCASE_009,2026-06-17,HIGHEST_RANKED_OUTSIDE_TARGET7,31,d1_close_to_vwap_raw,002552_2026-06-17,605198_2026-06-17,-0.0076932561036642,0.0262725435837858,-0.03396579968745,reports/research/v004c_pairwise_v1_feature_contract_v002_20260506_20260630/v004c_pairwise_v1_input_table_v002.csv,reports/research/v004c_pairwise_v1_feature_contract_v002_20260506_20260630/v004c_pairwise_v1_input_table_v002.csv
LOSSCASE_009_A,LOSSCASE_009,2026-06-17,HIGHEST_RANKED_OUTSIDE_TARGET7,32,d1_close_to_ma5_raw,002552_2026-06-17,605198_2026-06-17,0.1290524471147827,0.1974965229485394,-0.0684440758337567,reports/research/v004c_pairwise_v1_feature_contract_v002_20260506_20260630/v004c_pairwise_v1_input_table_v002.csv,reports/research/v004c_pairwise_v1_feature_contract_v002_20260506_20260630/v004c_pairwise_v1_input_table_v002.csv
LOSSCASE_009_A,LOSSCASE_009,2026-06-17,HIGHEST_RANKED_OUTSIDE_TARGET7,33,d1_low_to_ma5_raw,002552_2026-06-17,605198_2026-06-17,0.0464388534234572,0.0906815020862308,-0.044242648662773595,reports/research/v004c_pairwise_v1_feature_contract_v002_20260506_20260630/v004c_pairwise_v1_input_table_v002.csv,reports/research/v004c_pairwise_v1_feature_contract_v002_20260506_20260630/v004c_pairwise_v1_input_table_v002.csv
LOSSCASE_009_A,LOSSCASE_009,2026-06-17,HIGHEST_RANKED_OUTSIDE_TARGET7,34,d1_high_to_ma5_raw,002552_2026-06-17,605198_2026-06-17,0.2046251095255975,0.1995827538247565,0.0050423557008410225,reports/research/v004c_pairwise_v1_feature_contract_v002_20260506_20260630/v004c_pairwise_v1_input_table_v002.csv,reports/research/v004c_pairwise_v1_feature_contract_v002_20260506_20260630/v004c_pairwise_v1_input_table_v002.csv
LOSSCASE_009_A,LOSSCASE_009,2026-06-17,HIGHEST_RANKED_OUTSIDE_TARGET7,35,d1_close_to_ma10_raw,002552_2026-06-17,605198_2026-06-17,0.1605017690575745,0.329134441717223,-0.1686326726596485,reports/research/v004c_pairwise_v1_feature_contract_v002_20260506_20260630/v004c_pairwise_v1_input_table_v002.csv,reports/research/v004c_pairwise_v1_feature_contract_v002_20260506_20260630/v004c_pairwise_v1_input_table_v002.csv
LOSSCASE_009_A,LOSSCASE_009,2026-06-17,HIGHEST_RANKED_OUTSIDE_TARGET7,36,d1_low_to_ma10_raw,002552_2026-06-17,605198_2026-06-17,0.0755870054679959,0.2105775019682305,-0.1349904965002346,reports/research/v004c_pairwise_v1_feature_contract_v002_20260506_20260630/v004c_pairwise_v1_input_table_v002.csv,reports/research/v004c_pairwise_v1_feature_contract_v002_20260506_20260630/v004c_pairwise_v1_input_table_v002.csv
LOSSCASE_009_A,LOSSCASE_009,2026-06-17,HIGHEST_RANKED_OUTSIDE_TARGET7,37,d1_close_to_ma20,002552_2026-06-17,605198_2026-06-17,0.2751482165419379,0.4384883342104604,-0.16334011766852252,reports/research/v004c_pairwise_v1_feature_contract_v002_20260506_20260630/v004c_pairwise_v1_input_table_v002.csv,reports/research/v004c_pairwise_v1_feature_contract_v002_20260506_20260630/v004c_pairwise_v1_input_table_v002.csv
LOSSCASE_009_A,LOSSCASE_009,2026-06-17,HIGHEST_RANKED_OUTSIDE_TARGET7,38,d1_ma5_slope,002552_2026-06-17,605198_2026-06-17,0.0419302249755459,0.0738074613937096,-0.031877236418163694,reports/research/v004c_pairwise_v1_feature_contract_v002_20260506_20260630/v004c_pairwise_v1_input_table_v002.csv,reports/research/v004c_pairwise_v1_feature_contract_v002_20260506_20260630/v004c_pairwise_v1_input_table_v002.csv
LOSSCASE_009_A,LOSSCASE_009,2026-06-17,HIGHEST_RANKED_OUTSIDE_TARGET7,39,d1_ma10_slope,002552_2026-06-17,605198_2026-06-17,0.0208336753624143,0.0505838469023676,-0.0297501715399533,reports/research/v004c_pairwise_v1_feature_contract_v002_20260506_20260630/v004c_pairwise_v1_input_table_v002.csv,reports/research/v004c_pairwise_v1_feature_contract_v002_20260506_20260630/v004c_pairwise_v1_input_table_v002.csv
LOSSCASE_009_A,LOSSCASE_009,2026-06-17,HIGHEST_RANKED_OUTSIDE_TARGET7,40,d1_ma20_slope,002552_2026-06-17,605198_2026-06-17,0.0316855509876665,0.023862674159033,0.007822876828633498,reports/research/v004c_pairwise_v1_feature_contract_v002_20260506_20260630/v004c_pairwise_v1_input_table_v002.csv,reports/research/v004c_pairwise_v1_feature_contract_v002_20260506_20260630/v004c_pairwise_v1_input_table_v002.csv
LOSSCASE_009_A,LOSSCASE_009,2026-06-17,HIGHEST_RANKED_OUTSIDE_TARGET7,41,d1_close_above_ma5,002552_2026-06-17,605198_2026-06-17,1.0,1.0,0.0,reports/research/v004c_pairwise_v1_feature_contract_v002_20260506_20260630/v004c_pairwise_v1_input_table_v002.csv,reports/research/v004c_pairwise_v1_feature_contract_v002_20260506_20260630/v004c_pairwise_v1_input_table_v002.csv
LOSSCASE_009_A,LOSSCASE_009,2026-06-17,HIGHEST_RANKED_OUTSIDE_TARGET7,42,d1_close_above_ma10,002552_2026-06-17,605198_2026-06-17,1.0,1.0,0.0,reports/research/v004c_pairwise_v1_feature_contract_v002_20260506_20260630/v004c_pairwise_v1_input_table_v002.csv,reports/research/v004c_pairwise_v1_feature_contract_v002_20260506_20260630/v004c_pairwise_v1_input_table_v002.csv
LOSSCASE_009_A,LOSSCASE_009,2026-06-17,HIGHEST_RANKED_OUTSIDE_TARGET7,43,d1_true_reclaim_ma5,002552_2026-06-17,605198_2026-06-17,0.0,0.0,0.0,reports/research/v004c_pairwise_v1_feature_contract_v002_20260506_20260630/v004c_pairwise_v1_input_table_v002.csv,reports/research/v004c_pairwise_v1_feature_contract_v002_20260506_20260630/v004c_pairwise_v1_input_table_v002.csv
LOSSCASE_009_A,LOSSCASE_009,2026-06-17,HIGHEST_RANKED_OUTSIDE_TARGET7,44,d1_true_reclaim_ma10,002552_2026-06-17,605198_2026-06-17,0.0,0.0,0.0,reports/research/v004c_pairwise_v1_feature_contract_v002_20260506_20260630/v004c_pairwise_v1_input_table_v002.csv,reports/research/v004c_pairwise_v1_feature_contract_v002_20260506_20260630/v004c_pairwise_v1_input_table_v002.csv
LOSSCASE_009_A,LOSSCASE_009,2026-06-17,HIGHEST_RANKED_OUTSIDE_TARGET7,45,consecutive_days_below_ma5,002552_2026-06-17,605198_2026-06-17,0.0,0.0,0.0,reports/research/v004c_pairwise_v1_feature_contract_v002_20260506_20260630/v004c_pairwise_v1_input_table_v002.csv,reports/research/v004c_pairwise_v1_feature_contract_v002_20260506_20260630/v004c_pairwise_v1_input_table_v002.csv
LOSSCASE_009_A,LOSSCASE_009,2026-06-17,HIGHEST_RANKED_OUTSIDE_TARGET7,46,consecutive_days_below_ma10,002552_2026-06-17,605198_2026-06-17,0.0,0.0,0.0,reports/research/v004c_pairwise_v1_feature_contract_v002_20260506_20260630/v004c_pairwise_v1_input_table_v002.csv,reports/research/v004c_pairwise_v1_feature_contract_v002_20260506_20260630/v004c_pairwise_v1_input_table_v002.csv
LOSSCASE_009_A,LOSSCASE_009,2026-06-17,HIGHEST_RANKED_OUTSIDE_TARGET7,47,break_day_in_pool,002552_2026-06-17,605198_2026-06-17,0.0,0.0,0.0,reports/research/v004c_pairwise_v1_feature_contract_v002_20260506_20260630/v004c_pairwise_v1_input_table_v002.csv,reports/research/v004c_pairwise_v1_feature_contract_v002_20260506_20260630/v004c_pairwise_v1_input_table_v002.csv
LOSSCASE_009_A,LOSSCASE_009,2026-06-17,HIGHEST_RANKED_OUTSIDE_TARGET7,48,last_board_day_in_pool,002552_2026-06-17,605198_2026-06-17,1.0,1.0,0.0,reports/research/v004c_pairwise_v1_feature_contract_v002_20260506_20260630/v004c_pairwise_v1_input_table_v002.csv,reports/research/v004c_pairwise_v1_feature_contract_v002_20260506_20260630/v004c_pairwise_v1_input_table_v002.csv
LOSSCASE_009_A,LOSSCASE_009,2026-06-17,HIGHEST_RANKED_OUTSIDE_TARGET7,49,pool_consecutive_count_last_board,002552_2026-06-17,605198_2026-06-17,2.0,3.0,-1.0,reports/research/v004c_pairwise_v1_feature_contract_v002_20260506_20260630/v004c_pairwise_v1_input_table_v002.csv,reports/research/v004c_pairwise_v1_feature_contract_v002_20260506_20260630/v004c_pairwise_v1_input_table_v002.csv
LOSSCASE_009_A,LOSSCASE_009,2026-06-17,HIGHEST_RANKED_OUTSIDE_TARGET7,50,recent_7d_cumulative_return,002552_2026-06-17,605198_2026-06-17,0.1108374384236454,0.4093959731543621,-0.2985585347307167,reports/research/v004c_pairwise_v1_feature_contract_v002_20260506_20260630/v004c_pairwise_v1_input_table_v002.csv,reports/research/v004c_pairwise_v1_feature_contract_v002_20260506_20260630/v004c_pairwise_v1_input_table_v002.csv
LOSSCASE_009_A,LOSSCASE_009,2026-06-17,HIGHEST_RANKED_OUTSIDE_TARGET7,51,recent_7d_max_drawdown,002552_2026-06-17,605198_2026-06-17,0.1996100779844032,0.1060027493508476,0.0936073286335556,reports/research/v004c_pairwise_v1_feature_contract_v002_20260506_20260630/v004c_pairwise_v1_input_table_v002.csv,reports/research/v004c_pairwise_v1_feature_contract_v002_20260506_20260630/v004c_pairwise_v1_input_table_v002.csv
LOSSCASE_009_A,LOSSCASE_009,2026-06-17,HIGHEST_RANKED_OUTSIDE_TARGET7,52,recent_7d_close_position,002552_2026-06-17,605198_2026-06-17,0.7955122777307367,0.9946883852691216,-0.19917610753838488,reports/research/v004c_pairwise_v1_feature_contract_v002_20260506_20260630/v004c_pairwise_v1_input_table_v002.csv,reports/research/v004c_pairwise_v1_feature_contract_v002_20260506_20260630/v004c_pairwise_v1_input_table_v002.csv
LOSSCASE_009_A,LOSSCASE_009,2026-06-17,HIGHEST_RANKED_OUTSIDE_TARGET7,53,recent_7d_limit_up_count,002552_2026-06-17,605198_2026-06-17,2.0,3.0,-1.0,reports/research/v004c_pairwise_v1_feature_contract_v002_20260506_20260630/v004c_pairwise_v1_input_table_v002.csv,reports/research/v004c_pairwise_v1_feature_contract_v002_20260506_20260630/v004c_pairwise_v1_input_table_v002.csv
LOSSCASE_010_A,LOSSCASE_010,2026-06-18,HIGHEST_RANKED_OUTSIDE_TARGET7,1,board_streak_is_3,603002_2026-06-18,002741_2026-06-18,1.0,1.0,0.0,reports/research/v004c_pairwise_v1_feature_contract_v002_20260506_20260630/v004c_pairwise_v1_input_table_v002.csv,reports/research/v004c_pairwise_v1_feature_contract_v002_20260506_20260630/v004c_pairwise_v1_input_table_v002.csv
LOSSCASE_010_A,LOSSCASE_010,2026-06-18,HIGHEST_RANKED_OUTSIDE_TARGET7,2,max_board_streak_20d,603002_2026-06-18,002741_2026-06-18,3.0,3.0,0.0,reports/research/v004c_pairwise_v1_feature_contract_v002_20260506_20260630/v004c_pairwise_v1_input_table_v002.csv,reports/research/v004c_pairwise_v1_feature_contract_v002_20260506_20260630/v004c_pairwise_v1_input_table_v002.csv
LOSSCASE_010_A,LOSSCASE_010,2026-06-18,HIGHEST_RANKED_OUTSIDE_TARGET7,3,recent_limit_up_count_10d,603002_2026-06-18,002741_2026-06-18,5.0,4.0,1.0,reports/research/v004c_pairwise_v1_feature_contract_v002_20260506_20260630/v004c_pairwise_v1_input_table_v002.csv,reports/research/v004c_pairwise_v1_feature_contract_v002_20260506_20260630/v004c_pairwise_v1_input_table_v002.csv
LOSSCASE_010_A,LOSSCASE_010,2026-06-18,HIGHEST_RANKED_OUTSIDE_TARGET7,4,recent_limit_up_count_20d,603002_2026-06-18,002741_2026-06-18,5.0,6.0,-1.0,reports/research/v004c_pairwise_v1_feature_contract_v002_20260506_20260630/v004c_pairwise_v1_input_table_v002.csv,reports/research/v004c_pairwise_v1_feature_contract_v002_20260506_20260630/v004c_pairwise_v1_input_table_v002.csv
LOSSCASE_010_A,LOSSCASE_010,2026-06-18,HIGHEST_RANKED_OUTSIDE_TARGET7,5,recent_pool_appearance_count_10d,603002_2026-06-18,002741_2026-06-18,5.0,4.0,1.0,reports/research/v004c_pairwise_v1_feature_contract_v002_20260506_20260630/v004c_pairwise_v1_input_table_v002.csv,reports/research/v004c_pairwise_v1_feature_contract_v002_20260506_20260630/v004c_pairwise_v1_input_table_v002.csv
LOSSCASE_010_A,LOSSCASE_010,2026-06-18,HIGHEST_RANKED_OUTSIDE_TARGET7,6,recent_pool_appearance_count_20d,603002_2026-06-18,002741_2026-06-18,5.0,6.0,-1.0,reports/research/v004c_pairwise_v1_feature_contract_v002_20260506_20260630/v004c_pairwise_v1_input_table_v002.csv,reports/research/v004c_pairwise_v1_feature_contract_v002_20260506_20260630/v004c_pairwise_v1_input_table_v002.csv
LOSSCASE_010_A,LOSSCASE_010,2026-06-18,HIGHEST_RANKED_OUTSIDE_TARGET7,7,board_day_volume_rank,603002_2026-06-18,002741_2026-06-18,18.0,44.0,-26.0,reports/research/v004c_pairwise_v1_feature_contract_v002_20260506_20260630/v004c_pairwise_v1_input_table_v002.csv,reports/research/v004c_pairwise_v1_feature_contract_v002_20260506_20260630/v004c_pairwise_v1_input_table_v002.csv
LOSSCASE_010_A,LOSSCASE_010,2026-06-18,HIGHEST_RANKED_OUTSIDE_TARGET7,8,break_open_return,603002_2026-06-18,002741_2026-06-18,0.0189655172413794,0.0088742393509129,0.0100912778904665,reports/research/v004c_pairwise_v1_feature_contract_v002_20260506_20260630/v004c_pairwise_v1_input_table_v002.csv,reports/research/v004c_pairwise_v1_feature_contract_v002_20260506_20260630/v004c_pairwise_v1_input_table_v002.csv
LOSSCASE_010_A,LOSSCASE_010,2026-06-18,HIGHEST_RANKED_OUTSIDE_TARGET7,9,break_high_return,603002_2026-06-18,002741_2026-06-18,0.0625,0.0517241379310344,0.010775862068965601,reports/research/v004c_pairwise_v1_feature_contract_v002_20260506_20260630/v004c_pairwise_v1_input_table_v002.csv,reports/research/v004c_pairwise_v1_feature_contract_v002_20260506_20260630/v004c_pairwise_v1_input_table_v002.csv
LOSSCASE_010_A,LOSSCASE_010,2026-06-18,HIGHEST_RANKED_OUTSIDE_TARGET7,10,break_close_return,603002_2026-06-18,002741_2026-06-18,0.0163793103448275,0.0471602434077078,-0.0307809330628803,reports/research/v004c_pairwise_v1_feature_contract_v002_20260506_20260630/v004c_pairwise_v1_input_table_v002.csv,reports/research/v004c_pairwise_v1_feature_contract_v002_20260506_20260630/v004c_pairwise_v1_input_table_v002.csv
LOSSCASE_010_A,LOSSCASE_010,2026-06-18,HIGHEST_RANKED_OUTSIDE_TARGET7,11,break_touched_limit_up,603002_2026-06-18,002741_2026-06-18,0.0,0.0,0.0,reports/research/v004c_pairwise_v1_feature_contract_v002_20260506_20260630/v004c_pairwise_v1_input_table_v002.csv,reports/research/v004c_pairwise_v1_feature_contract_v002_20260506_20260630/v004c_pairwise_v1_input_table_v002.csv
LOSSCASE_010_A,LOSSCASE_010,2026-06-18,HIGHEST_RANKED_OUTSIDE_TARGET7,12,break_opened_from_limit_up,603002_2026-06-18,002741_2026-06-18,0.0,0.0,0.0,reports/research/v004c_pairwise_v1_feature_contract_v002_20260506_20260630/v004c_pairwise_v1_input_table_v002.csv,reports/research/v004c_pairwise_v1_feature_contract_v002_20260506_20260630/v004c_pairwise_v1_input_table_v002.csv
LOSSCASE_010_A,LOSSCASE_010,2026-06-18,HIGHEST_RANKED_OUTSIDE_TARGET7,13,break_upper_shadow_ratio,603002_2026-06-18,002741_2026-06-18,0.5101010101010099,0.0586319218241041,0.45146908827690585,reports/research/v004c_pairwise_v1_feature_contract_v002_20260506_20260630/v004c_pairwise_v1_input_table_v002.csv,reports/research/v004c_pairwise_v1_feature_contract_v002_20260506_20260630/v004c_pairwise_v1_input_table_v002.csv
LOSSCASE_010_A,LOSSCASE_010,2026-06-18,HIGHEST_RANKED_OUTSIDE_TARGET7,14,break_lower_shadow_ratio,603002_2026-06-18,002741_2026-06-18,0.4595959595959586,0.4495114006514666,0.010084558944492006,reports/research/v004c_pairwise_v1_feature_contract_v002_20260506_20260630/v004c_pairwise_v1_input_table_v002.csv,reports/research/v004c_pairwise_v1_feature_contract_v002_20260506_20260630/v004c_pairwise_v1_input_table_v002.csv
LOSSCASE_010_A,LOSSCASE_010,2026-06-18,HIGHEST_RANKED_OUTSIDE_TARGET7,15,d1_high_to_close_drawdown_raw,603002_2026-06-18,002741_2026-06-18,0.0375510204081633,0.0,0.0375510204081633,reports/research/v004c_pairwise_v1_feature_contract_v002_20260506_20260630/v004c_pairwise_v1_input_table_v002.csv,reports/research/v004c_pairwise_v1_feature_contract_v002_20260506_20260630/v004c_pairwise_v1_input_table_v002.csv
LOSSCASE_010_A,LOSSCASE_010,2026-06-18,HIGHEST_RANKED_OUTSIDE_TARGET7,16,d1_low_to_close_recovery,603002_2026-06-18,002741_2026-06-18,0.0396825396825396,0.0713359273670557,-0.0316533876845161,reports/research/v004c_pairwise_v1_feature_contract_v002_20260506_20260630/v004c_pairwise_v1_input_table_v002.csv,reports/research/v004c_pairwise_v1_feature_contract_v002_20260506_20260630/v004c_pairwise_v1_input_table_v002.csv
LOSSCASE_010_A,LOSSCASE_010,2026-06-18,HIGHEST_RANKED_OUTSIDE_TARGET7,17,d1_open_to_close_return_raw,603002_2026-06-18,002741_2026-06-18,-0.0025380710659899,0.0379492334757476,-0.0404873045417375,reports/research/v004c_pairwise_v1_feature_contract_v002_20260506_20260630/v004c_pairwise_v1_input_table_v002.csv,reports/research/v004c_pairwise_v1_feature_contract_v002_20260506_20260630/v004c_pairwise_v1_input_table_v002.csv
LOSSCASE_010_A,LOSSCASE_010,2026-06-18,HIGHEST_RANKED_OUTSIDE_TARGET7,18,d1_close_location,603002_2026-06-18,002741_2026-06-18,0.4945054945054936,1.0,-0.5054945054945064,reports/research/v004c_pairwise_v1_feature_contract_v002_20260506_20260630/v004c_pairwise_v1_input_table_v002.csv,reports/research/v004c_pairwise_v1_feature_contract_v002_20260506_20260630/v004c_pairwise_v1_input_table_v002.csv
LOSSCASE_010_A,LOSSCASE_010,2026-06-18,HIGHEST_RANKED_OUTSIDE_TARGET7,19,d1_intraday_range,603002_2026-06-18,002741_2026-06-18,0.0784482758620689,0.0697261663286004,0.008722109533468497,reports/research/v004c_pairwise_v1_feature_contract_v002_20260506_20260630/v004c_pairwise_v1_input_table_v002.csv,reports/research/v004c_pairwise_v1_feature_contract_v002_20260506_20260630/v004c_pairwise_v1_input_table_v002.csv
LOSSCASE_010_A,LOSSCASE_010,2026-06-18,HIGHEST_RANKED_OUTSIDE_TARGET7,20,d1_afternoon_return,603002_2026-06-18,002741_2026-06-18,0.0081231295425394,0.0299251870324188,-0.0218020574898794,reports/research/v004c_pairwise_v1_feature_contract_v002_20260506_20260630/v004c_pairwise_v1_input_table_v002.csv,reports/research/v004c_pairwise_v1_feature_contract_v002_20260506_20260630/v004c_pairwise_v1_input_table_v002.csv
LOSSCASE_010_A,LOSSCASE_010,2026-06-18,HIGHEST_RANKED_OUTSIDE_TARGET7,21,d1_last_hour_return,603002_2026-06-18,002741_2026-06-18,-0.0021159542953872,0.02405157451029,-0.0261675288056772,reports/research/v004c_pairwise_v1_feature_contract_v002_20260506_20260630/v004c_pairwise_v1_input_table_v002.csv,reports/research/v004c_pairwise_v1_feature_contract_v002_20260506_20260630/v004c_pairwise_v1_input_table_v002.csv
LOSSCASE_010_A,LOSSCASE_010,2026-06-18,HIGHEST_RANKED_OUTSIDE_TARGET7,22,break_volume_ratio_vs_board_days,603002_2026-06-18,002741_2026-06-18,1.9035701471918487,5.8038745983440725,-3.900304451152224,reports/research/v004c_pairwise_v1_feature_contract_v002_20260506_20260630/v004c_pairwise_v1_input_table_v002.csv,reports/research/v004c_pairwise_v1_feature_contract_v002_20260506_20260630/v004c_pairwise_v1_input_table_v002.csv
LOSSCASE_010_A,LOSSCASE_010,2026-06-18,HIGHEST_RANKED_OUTSIDE_TARGET7,23,d1_up_bar_volume_ratio,603002_2026-06-18,002741_2026-06-18,0.3373850624255892,0.4484393105847073,-0.11105424815911813,reports/research/v004c_pairwise_v1_feature_contract_v002_20260506_20260630/v004c_pairwise_v1_input_table_v002.csv,reports/research/v004c_pairwise_v1_feature_contract_v002_20260506_20260630/v004c_pairwise_v1_input_table_v002.csv
LOSSCASE_010_A,LOSSCASE_010,2026-06-18,HIGHEST_RANKED_OUTSIDE_TARGET7,24,down_bar_volume_ratio,603002_2026-06-18,002741_2026-06-18,0.6176510058038477,0.5402699787490687,0.077381027054779,reports/research/v004c_pairwise_v1_feature_contract_v002_20260506_20260630/v004c_pairwise_v1_input_table_v002.csv,reports/research/v004c_pairwise_v1_feature_contract_v002_20260506_20260630/v004c_pairwise_v1_input_table_v002.csv
LOSSCASE_010_A,LOSSCASE_010,2026-06-18,HIGHEST_RANKED_OUTSIDE_TARGET7,25,volume_above_d1_close_ratio,603002_2026-06-18,002741_2026-06-18,0.1127503214877056,0.0251083769374931,0.0876419445502125,reports/research/v004c_pairwise_v1_feature_contract_v002_20260506_20260630/v004c_pairwise_v1_input_table_v002.csv,reports/research/v004c_pairwise_v1_feature_contract_v002_20260506_20260630/v004c_pairwise_v1_input_table_v002.csv
LOSSCASE_010_A,LOSSCASE_010,2026-06-18,HIGHEST_RANKED_OUTSIDE_TARGET7,26,amount_above_d1_close_ratio,603002_2026-06-18,002741_2026-06-18,0.1134091321908938,0.0258165074439035,0.0875926247469903,reports/research/v004c_pairwise_v1_feature_contract_v002_20260506_20260630/v004c_pairwise_v1_input_table_v002.csv,reports/research/v004c_pairwise_v1_feature_contract_v002_20260506_20260630/v004c_pairwise_v1_input_table_v002.csv
LOSSCASE_010_A,LOSSCASE_010,2026-06-18,HIGHEST_RANKED_OUTSIDE_TARGET7,27,high_zone_volume_ratio,603002_2026-06-18,002741_2026-06-18,0.0,0.1148997395789851,-0.1148997395789851,reports/research/v004c_pairwise_v1_feature_contract_v002_20260506_20260630/v004c_pairwise_v1_input_table_v002.csv,reports/research/v004c_pairwise_v1_feature_contract_v002_20260506_20260630/v004c_pairwise_v1_input_table_v002.csv
LOSSCASE_010_A,LOSSCASE_010,2026-06-18,HIGHEST_RANKED_OUTSIDE_TARGET7,28,high_zone_amount_ratio,603002_2026-06-18,002741_2026-06-18,0.0,0.1173663615123881,-0.1173663615123881,reports/research/v004c_pairwise_v1_feature_contract_v002_20260506_20260630/v004c_pairwise_v1_input_table_v002.csv,reports/research/v004c_pairwise_v1_feature_contract_v002_20260506_20260630/v004c_pairwise_v1_input_table_v002.csv
LOSSCASE_010_A,LOSSCASE_010,2026-06-18,HIGHEST_RANKED_OUTSIDE_TARGET7,29,late_day_sell_volume_ratio,603002_2026-06-18,002741_2026-06-18,0.0654453463990986,0.0400275905317618,0.0254177558673368,reports/research/v004c_pairwise_v1_feature_contract_v002_20260506_20260630/v004c_pairwise_v1_input_table_v002.csv,reports/research/v004c_pairwise_v1_feature_contract_v002_20260506_20260630/v004c_pairwise_v1_input_table_v002.csv
LOSSCASE_010_A,LOSSCASE_010,2026-06-18,HIGHEST_RANKED_OUTSIDE_TARGET7,30,late_day_sell_amount_ratio,603002_2026-06-18,002741_2026-06-18,0.0658556187056806,0.0404533440785387,0.025402274627141903,reports/research/v004c_pairwise_v1_feature_contract_v002_20260506_20260630/v004c_pairwise_v1_input_table_v002.csv,reports/research/v004c_pairwise_v1_feature_contract_v002_20260506_20260630/v004c_pairwise_v1_input_table_v002.csv
LOSSCASE_010_A,LOSSCASE_010,2026-06-18,HIGHEST_RANKED_OUTSIDE_TARGET7,31,d1_close_to_vwap_raw,603002_2026-06-18,002741_2026-06-18,0.0060047314623616,0.0333441671967509,-0.0273394357343893,reports/research/v004c_pairwise_v1_feature_contract_v002_20260506_20260630/v004c_pairwise_v1_input_table_v002.csv,reports/research/v004c_pairwise_v1_feature_contract_v002_20260506_20260630/v004c_pairwise_v1_input_table_v002.csv
LOSSCASE_010_A,LOSSCASE_010,2026-06-18,HIGHEST_RANKED_OUTSIDE_TARGET7,32,d1_close_to_ma5_raw,603002_2026-06-18,002741_2026-06-18,0.1285536517660572,0.1548571108998377,-0.026303459133780488,reports/research/v004c_pairwise_v1_feature_contract_v002_20260506_20260630/v004c_pairwise_v1_input_table_v002.csv,reports/research/v004c_pairwise_v1_feature_contract_v002_20260506_20260630/v004c_pairwise_v1_input_table_v002.csv
LOSSCASE_010_A,LOSSCASE_010,2026-06-18,HIGHEST_RANKED_OUTSIDE_TARGET7,33,d1_low_to_ma5_raw,603002_2026-06-18,002741_2026-06-18,0.0850004786062985,0.0740450757787594,0.010955402827539096,reports/research/v004c_pairwise_v1_feature_contract_v002_20260506_20260630/v004c_pairwise_v1_input_table_v002.csv,reports/research/v004c_pairwise_v1_feature_contract_v002_20260506_20260630/v004c_pairwise_v1_input_table_v002.csv
LOSSCASE_010_A,LOSSCASE_010,2026-06-18,HIGHEST_RANKED_OUTSIDE_TARGET7,34,d1_high_to_ma5_raw,603002_2026-06-18,002741_2026-06-18,0.1797645257011582,0.1598903864437111,0.019874139257447104,reports/research/v004c_pairwise_v1_feature_contract_v002_20260506_20260630/v004c_pairwise_v1_input_table_v002.csv,reports/research/v004c_pairwise_v1_feature_contract_v002_20260506_20260630/v004c_pairwise_v1_input_table_v002.csv
LOSSCASE_010_A,LOSSCASE_010,2026-06-18,HIGHEST_RANKED_OUTSIDE_TARGET7,35,d1_close_to_ma10_raw,603002_2026-06-18,002741_2026-06-18,0.2473550571307659,0.3027569238533847,-0.05540186672261882,reports/research/v004c_pairwise_v1_feature_contract_v002_20260506_20260630/v004c_pairwise_v1_input_table_v002.csv,reports/research/v004c_pairwise_v1_feature_contract_v002_20260506_20260630/v004c_pairwise_v1_input_table_v002.csv
LOSSCASE_010_A,LOSSCASE_010,2026-06-18,HIGHEST_RANKED_OUTSIDE_TARGET7,36,d1_low_to_ma10_raw,603002_2026-06-18,002741_2026-06-18,0.1992170969107067,0.2115954829348305,-0.012378386024123805,reports/research/v004c_pairwise_v1_feature_contract_v002_20260506_20260630/v004c_pairwise_v1_input_table_v002.csv,reports/research/v004c_pairwise_v1_feature_contract_v002_20260506_20260630/v004c_pairwise_v1_input_table_v002.csv
LOSSCASE_010_A,LOSSCASE_010,2026-06-18,HIGHEST_RANKED_OUTSIDE_TARGET7,37,d1_close_to_ma20,603002_2026-06-18,002741_2026-06-18,0.3111290277739162,0.3777459009557486,-0.0666168731818324,reports/research/v004c_pairwise_v1_feature_contract_v002_20260506_20260630/v004c_pairwise_v1_input_table_v002.csv,reports/research/v004c_pairwise_v1_feature_contract_v002_20260506_20260630/v004c_pairwise_v1_input_table_v002.csv
LOSSCASE_010_A,LOSSCASE_010,2026-06-18,HIGHEST_RANKED_OUTSIDE_TARGET7,38,d1_ma5_slope,603002_2026-06-18,002741_2026-06-18,0.0574956979451362,0.082778248758629,-0.02528255081349281,reports/research/v004c_pairwise_v1_feature_contract_v002_20260506_20260630/v004c_pairwise_v1_input_table_v002.csv,reports/research/v004c_pairwise_v1_feature_contract_v002_20260506_20260630/v004c_pairwise_v1_input_table_v002.csv
LOSSCASE_010_A,LOSSCASE_010,2026-06-18,HIGHEST_RANKED_OUTSIDE_TARGET7,39,d1_ma10_slope,603002_2026-06-18,002741_2026-06-18,0.0328361470797136,0.0423146473779385,-0.009478500298224897,reports/research/v004c_pairwise_v1_feature_contract_v002_20260506_20260630/v004c_pairwise_v1_input_table_v002.csv,reports/research/v004c_pairwise_v1_feature_contract_v002_20260506_20260630/v004c_pairwise_v1_input_table_v002.csv
LOSSCASE_010_A,LOSSCASE_010,2026-06-18,HIGHEST_RANKED_OUTSIDE_TARGET7,40,d1_ma20_slope,603002_2026-06-18,002741_2026-06-18,0.0240867807419637,0.0313962290118359,-0.007309448269872197,reports/research/v004c_pairwise_v1_feature_contract_v002_20260506_20260630/v004c_pairwise_v1_input_table_v002.csv,reports/research/v004c_pairwise_v1_feature_contract_v002_20260506_20260630/v004c_pairwise_v1_input_table_v002.csv
LOSSCASE_010_A,LOSSCASE_010,2026-06-18,HIGHEST_RANKED_OUTSIDE_TARGET7,41,d1_close_above_ma5,603002_2026-06-18,002741_2026-06-18,1.0,1.0,0.0,reports/research/v004c_pairwise_v1_feature_contract_v002_20260506_20260630/v004c_pairwise_v1_input_table_v002.csv,reports/research/v004c_pairwise_v1_feature_contract_v002_20260506_20260630/v004c_pairwise_v1_input_table_v002.csv
LOSSCASE_010_A,LOSSCASE_010,2026-06-18,HIGHEST_RANKED_OUTSIDE_TARGET7,42,d1_close_above_ma10,603002_2026-06-18,002741_2026-06-18,1.0,1.0,0.0,reports/research/v004c_pairwise_v1_feature_contract_v002_20260506_20260630/v004c_pairwise_v1_input_table_v002.csv,reports/research/v004c_pairwise_v1_feature_contract_v002_20260506_20260630/v004c_pairwise_v1_input_table_v002.csv
LOSSCASE_010_A,LOSSCASE_010,2026-06-18,HIGHEST_RANKED_OUTSIDE_TARGET7,43,d1_true_reclaim_ma5,603002_2026-06-18,002741_2026-06-18,0.0,0.0,0.0,reports/research/v004c_pairwise_v1_feature_contract_v002_20260506_20260630/v004c_pairwise_v1_input_table_v002.csv,reports/research/v004c_pairwise_v1_feature_contract_v002_20260506_20260630/v004c_pairwise_v1_input_table_v002.csv
LOSSCASE_010_A,LOSSCASE_010,2026-06-18,HIGHEST_RANKED_OUTSIDE_TARGET7,44,d1_true_reclaim_ma10,603002_2026-06-18,002741_2026-06-18,0.0,0.0,0.0,reports/research/v004c_pairwise_v1_feature_contract_v002_20260506_20260630/v004c_pairwise_v1_input_table_v002.csv,reports/research/v004c_pairwise_v1_feature_contract_v002_20260506_20260630/v004c_pairwise_v1_input_table_v002.csv
LOSSCASE_010_A,LOSSCASE_010,2026-06-18,HIGHEST_RANKED_OUTSIDE_TARGET7,45,consecutive_days_below_ma5,603002_2026-06-18,002741_2026-06-18,0.0,0.0,0.0,reports/research/v004c_pairwise_v1_feature_contract_v002_20260506_20260630/v004c_pairwise_v1_input_table_v002.csv,reports/research/v004c_pairwise_v1_feature_contract_v002_20260506_20260630/v004c_pairwise_v1_input_table_v002.csv
LOSSCASE_010_A,LOSSCASE_010,2026-06-18,HIGHEST_RANKED_OUTSIDE_TARGET7,46,consecutive_days_below_ma10,603002_2026-06-18,002741_2026-06-18,0.0,0.0,0.0,reports/research/v004c_pairwise_v1_feature_contract_v002_20260506_20260630/v004c_pairwise_v1_input_table_v002.csv,reports/research/v004c_pairwise_v1_feature_contract_v002_20260506_20260630/v004c_pairwise_v1_input_table_v002.csv
LOSSCASE_010_A,LOSSCASE_010,2026-06-18,HIGHEST_RANKED_OUTSIDE_TARGET7,47,break_day_in_pool,603002_2026-06-18,002741_2026-06-18,0.0,0.0,0.0,reports/research/v004c_pairwise_v1_feature_contract_v002_20260506_20260630/v004c_pairwise_v1_input_table_v002.csv,reports/research/v004c_pairwise_v1_feature_contract_v002_20260506_20260630/v004c_pairwise_v1_input_table_v002.csv
LOSSCASE_010_A,LOSSCASE_010,2026-06-18,HIGHEST_RANKED_OUTSIDE_TARGET7,48,last_board_day_in_pool,603002_2026-06-18,002741_2026-06-18,1.0,1.0,0.0,reports/research/v004c_pairwise_v1_feature_contract_v002_20260506_20260630/v004c_pairwise_v1_input_table_v002.csv,reports/research/v004c_pairwise_v1_feature_contract_v002_20260506_20260630/v004c_pairwise_v1_input_table_v002.csv
LOSSCASE_010_A,LOSSCASE_010,2026-06-18,HIGHEST_RANKED_OUTSIDE_TARGET7,49,pool_consecutive_count_last_board,603002_2026-06-18,002741_2026-06-18,3.0,3.0,0.0,reports/research/v004c_pairwise_v1_feature_contract_v002_20260506_20260630/v004c_pairwise_v1_input_table_v002.csv,reports/research/v004c_pairwise_v1_feature_contract_v002_20260506_20260630/v004c_pairwise_v1_input_table_v002.csv
LOSSCASE_010_A,LOSSCASE_010,2026-06-18,HIGHEST_RANKED_OUTSIDE_TARGET7,50,recent_7d_cumulative_return,603002_2026-06-18,002741_2026-06-18,0.2920547945205478,0.4465849387040279,-0.1545301441834801,reports/research/v004c_pairwise_v1_feature_contract_v002_20260506_20260630/v004c_pairwise_v1_input_table_v002.csv,reports/research/v004c_pairwise_v1_feature_contract_v002_20260506_20260630/v004c_pairwise_v1_input_table_v002.csv
LOSSCASE_010_A,LOSSCASE_010,2026-06-18,HIGHEST_RANKED_OUTSIDE_TARGET7,51,recent_7d_max_drawdown,603002_2026-06-18,002741_2026-06-18,0.0638182801514331,0.0545391784604763,0.009279101690956797,reports/research/v004c_pairwise_v1_feature_contract_v002_20260506_20260630/v004c_pairwise_v1_input_table_v002.csv,reports/research/v004c_pairwise_v1_feature_contract_v002_20260506_20260630/v004c_pairwise_v1_input_table_v002.csv
LOSSCASE_010_A,LOSSCASE_010,2026-06-18,HIGHEST_RANKED_OUTSIDE_TARGET7,52,recent_7d_close_position,603002_2026-06-18,002741_2026-06-18,0.8601307189542483,0.9872249822569198,-0.12709426330267148,reports/research/v004c_pairwise_v1_feature_contract_v002_20260506_20260630/v004c_pairwise_v1_input_table_v002.csv,reports/research/v004c_pairwise_v1_feature_contract_v002_20260506_20260630/v004c_pairwise_v1_input_table_v002.csv
LOSSCASE_010_A,LOSSCASE_010,2026-06-18,HIGHEST_RANKED_OUTSIDE_TARGET7,53,recent_7d_limit_up_count,603002_2026-06-18,002741_2026-06-18,4.0,3.0,1.0,reports/research/v004c_pairwise_v1_feature_contract_v002_20260506_20260630/v004c_pairwise_v1_input_table_v002.csv,reports/research/v004c_pairwise_v1_feature_contract_v002_20260506_20260630/v004c_pairwise_v1_input_table_v002.csv
LOSSCASE_011_A,LOSSCASE_011,2026-06-24,HIGHEST_RANKED_OUTSIDE_TARGET7,1,board_streak_is_3,600400_2026-06-24,601869_2026-06-24,0.0,0.0,0.0,reports/research/v004c_pairwise_v1_feature_contract_v002_20260506_20260630/v004c_pairwise_v1_input_table_v002.csv,reports/research/v004c_pairwise_v1_feature_contract_v002_20260506_20260630/v004c_pairwise_v1_input_table_v002.csv
LOSSCASE_011_A,LOSSCASE_011,2026-06-24,HIGHEST_RANKED_OUTSIDE_TARGET7,2,max_board_streak_20d,600400_2026-06-24,601869_2026-06-24,2.0,2.0,0.0,reports/research/v004c_pairwise_v1_feature_contract_v002_20260506_20260630/v004c_pairwise_v1_input_table_v002.csv,reports/research/v004c_pairwise_v1_feature_contract_v002_20260506_20260630/v004c_pairwise_v1_input_table_v002.csv
LOSSCASE_011_A,LOSSCASE_011,2026-06-24,HIGHEST_RANKED_OUTSIDE_TARGET7,3,recent_limit_up_count_10d,600400_2026-06-24,601869_2026-06-24,2.0,2.0,0.0,reports/research/v004c_pairwise_v1_feature_contract_v002_20260506_20260630/v004c_pairwise_v1_input_table_v002.csv,reports/research/v004c_pairwise_v1_feature_contract_v002_20260506_20260630/v004c_pairwise_v1_input_table_v002.csv
LOSSCASE_011_A,LOSSCASE_011,2026-06-24,HIGHEST_RANKED_OUTSIDE_TARGET7,4,recent_limit_up_count_20d,600400_2026-06-24,601869_2026-06-24,2.0,4.0,-2.0,reports/research/v004c_pairwise_v1_feature_contract_v002_20260506_20260630/v004c_pairwise_v1_input_table_v002.csv,reports/research/v004c_pairwise_v1_feature_contract_v002_20260506_20260630/v004c_pairwise_v1_input_table_v002.csv
LOSSCASE_011_A,LOSSCASE_011,2026-06-24,HIGHEST_RANKED_OUTSIDE_TARGET7,5,recent_pool_appearance_count_10d,600400_2026-06-24,601869_2026-06-24,2.0,2.0,0.0,reports/research/v004c_pairwise_v1_feature_contract_v002_20260506_20260630/v004c_pairwise_v1_input_table_v002.csv,reports/research/v004c_pairwise_v1_feature_contract_v002_20260506_20260630/v004c_pairwise_v1_input_table_v002.csv
LOSSCASE_011_A,LOSSCASE_011,2026-06-24,HIGHEST_RANKED_OUTSIDE_TARGET7,6,recent_pool_appearance_count_20d,600400_2026-06-24,601869_2026-06-24,2.0,4.0,-2.0,reports/research/v004c_pairwise_v1_feature_contract_v002_20260506_20260630/v004c_pairwise_v1_input_table_v002.csv,reports/research/v004c_pairwise_v1_feature_contract_v002_20260506_20260630/v004c_pairwise_v1_input_table_v002.csv
LOSSCASE_011_A,LOSSCASE_011,2026-06-24,HIGHEST_RANKED_OUTSIDE_TARGET7,7,board_day_volume_rank,600400_2026-06-24,601869_2026-06-24,15.0,58.0,-43.0,reports/research/v004c_pairwise_v1_feature_contract_v002_20260506_20260630/v004c_pairwise_v1_input_table_v002.csv,reports/research/v004c_pairwise_v1_feature_contract_v002_20260506_20260630/v004c_pairwise_v1_input_table_v002.csv
LOSSCASE_011_A,LOSSCASE_011,2026-06-24,HIGHEST_RANKED_OUTSIDE_TARGET7,8,break_open_return,600400_2026-06-24,601869_2026-06-24,-0.00920245398773,-0.0216972203722527,0.012494766384522701,reports/research/v004c_pairwise_v1_feature_contract_v002_20260506_20260630/v004c_pairwise_v1_input_table_v002.csv,reports/research/v004c_pairwise_v1_feature_contract_v002_20260506_20260630/v004c_pairwise_v1_input_table_v002.csv
LOSSCASE_011_A,LOSSCASE_011,2026-06-24,HIGHEST_RANKED_OUTSIDE_TARGET7,9,break_high_return,600400_2026-06-24,601869_2026-06-24,-0.00920245398773,0.0410459532405622,-0.0502484072282922,reports/research/v004c_pairwise_v1_feature_contract_v002_20260506_20260630/v004c_pairwise_v1_input_table_v002.csv,reports/research/v004c_pairwise_v1_feature_contract_v002_20260506_20260630/v004c_pairwise_v1_input_table_v002.csv
LOSSCASE_011_A,LOSSCASE_011,2026-06-24,HIGHEST_RANKED_OUTSIDE_TARGET7,10,break_close_return,600400_2026-06-24,601869_2026-06-24,-0.0368098159509201,0.0165095166321986,-0.0533193325831187,reports/research/v004c_pairwise_v1_feature_contract_v002_20260506_20260630/v004c_pairwise_v1_input_table_v002.csv,reports/research/v004c_pairwise_v1_feature_contract_v002_20260506_20260630/v004c_pairwise_v1_input_table_v002.csv
LOSSCASE_011_A,LOSSCASE_011,2026-06-24,HIGHEST_RANKED_OUTSIDE_TARGET7,11,break_touched_limit_up,600400_2026-06-24,601869_2026-06-24,0.0,0.0,0.0,reports/research/v004c_pairwise_v1_feature_contract_v002_20260506_20260630/v004c_pairwise_v1_input_table_v002.csv,reports/research/v004c_pairwise_v1_feature_contract_v002_20260506_20260630/v004c_pairwise_v1_input_table_v002.csv
LOSSCASE_011_A,LOSSCASE_011,2026-06-24,HIGHEST_RANKED_OUTSIDE_TARGET7,12,break_opened_from_limit_up,600400_2026-06-24,601869_2026-06-24,0.0,0.0,0.0,reports/research/v004c_pairwise_v1_feature_contract_v002_20260506_20260630/v004c_pairwise_v1_input_table_v002.csv,reports/research/v004c_pairwise_v1_feature_contract_v002_20260506_20260630/v004c_pairwise_v1_input_table_v002.csv
LOSSCASE_011_A,LOSSCASE_011,2026-06-24,HIGHEST_RANKED_OUTSIDE_TARGET7,13,break_upper_shadow_ratio,600400_2026-06-24,601869_2026-06-24,0.0,0.3429691327780496,-0.3429691327780496,reports/research/v004c_pairwise_v1_feature_contract_v002_20260506_20260630/v004c_pairwise_v1_input_table_v002.csv,reports/research/v004c_pairwise_v1_feature_contract_v002_20260506_20260630/v004c_pairwise_v1_input_table_v002.csv
LOSSCASE_011_A,LOSSCASE_011,2026-06-24,HIGHEST_RANKED_OUTSIDE_TARGET7,14,break_lower_shadow_ratio,600400_2026-06-24,601869_2026-06-24,0.6896551724137936,0.1229789318961315,0.5666762405176621,reports/research/v004c_pairwise_v1_feature_contract_v002_20260506_20260630/v004c_pairwise_v1_input_table_v002.csv,reports/research/v004c_pairwise_v1_feature_contract_v002_20260506_20260630/v004c_pairwise_v1_input_table_v002.csv
LOSSCASE_011_A,LOSSCASE_011,2026-06-24,HIGHEST_RANKED_OUTSIDE_TARGET7,15,d1_high_to_close_drawdown_raw,600400_2026-06-24,601869_2026-06-24,0.0278637770897832,0.0232401481980464,0.0046236288917368,reports/research/v004c_pairwise_v1_feature_contract_v002_20260506_20260630/v004c_pairwise_v1_input_table_v002.csv,reports/research/v004c_pairwise_v1_feature_contract_v002_20260506_20260630/v004c_pairwise_v1_input_table_v002.csv
LOSSCASE_011_A,LOSSCASE_011,2026-06-24,HIGHEST_RANKED_OUTSIDE_TARGET7,16,d1_low_to_close_recovery,600400_2026-06-24,601869_2026-06-24,0.0644067796610169,0.0476310893557068,0.016775690305310106,reports/research/v004c_pairwise_v1_feature_contract_v002_20260506_20260630/v004c_pairwise_v1_input_table_v002.csv,reports/research/v004c_pairwise_v1_feature_contract_v002_20260506_20260630/v004c_pairwise_v1_input_table_v002.csv
LOSSCASE_011_A,LOSSCASE_011,2026-06-24,HIGHEST_RANKED_OUTSIDE_TARGET7,17,d1_open_to_close_return_raw,600400_2026-06-24,601869_2026-06-24,-0.0278637770897832,0.0390541024722321,-0.06691787956201531,reports/research/v004c_pairwise_v1_feature_contract_v002_20260506_20260630/v004c_pairwise_v1_input_table_v002.csv,reports/research/v004c_pairwise_v1_feature_contract_v002_20260506_20260630/v004c_pairwise_v1_input_table_v002.csv
LOSSCASE_011_A,LOSSCASE_011,2026-06-24,HIGHEST_RANKED_OUTSIDE_TARGET7,18,d1_close_location,600400_2026-06-24,601869_2026-06-24,0.6785714285714288,0.6564600448095601,0.02211138376186872,reports/research/v004c_pairwise_v1_feature_contract_v002_20260506_20260630/v004c_pairwise_v1_input_table_v002.csv,reports/research/v004c_pairwise_v1_feature_contract_v002_20260506_20260630/v004c_pairwise_v1_input_table_v002.csv
LOSSCASE_011_A,LOSSCASE_011,2026-06-24,HIGHEST_RANKED_OUTSIDE_TARGET7,19,d1_intraday_range,600400_2026-06-24,601869_2026-06-24,0.0858895705521471,0.0704020470398541,0.015487523512293003,reports/research/v004c_pairwise_v1_feature_contract_v002_20260506_20260630/v004c_pairwise_v1_input_table_v002.csv,reports/research/v004c_pairwise_v1_feature_contract_v002_20260506_20260630/v004c_pairwise_v1_input_table_v002.csv
LOSSCASE_011_A,LOSSCASE_011,2026-06-24,HIGHEST_RANKED_OUTSIDE_TARGET7,20,d1_afternoon_return,600400_2026-06-24,601869_2026-06-24,0.0194805194805194,0.0249160629086411,-0.005435543428121699,reports/research/v004c_pairwise_v1_feature_contract_v002_20260506_20260630/v004c_pairwise_v1_input_table_v002.csv,reports/research/v004c_pairwise_v1_feature_contract_v002_20260506_20260630/v004c_pairwise_v1_input_table_v002.csv
LOSSCASE_011_A,LOSSCASE_011,2026-06-24,HIGHEST_RANKED_OUTSIDE_TARGET7,21,d1_last_hour_return,600400_2026-06-24,601869_2026-06-24,0.0129032258064516,0.0175438596491228,-0.004640633842671198,reports/research/v004c_pairwise_v1_feature_contract_v002_20260506_20260630/v004c_pairwise_v1_input_table_v002.csv,reports/research/v004c_pairwise_v1_feature_contract_v002_20260506_20260630/v004c_pairwise_v1_input_table_v002.csv
LOSSCASE_011_A,LOSSCASE_011,2026-06-24,HIGHEST_RANKED_OUTSIDE_TARGET7,22,break_volume_ratio_vs_board_days,600400_2026-06-24,601869_2026-06-24,1.4786224778927026,1.201067181011538,0.27755529688116454,reports/research/v004c_pairwise_v1_feature_contract_v002_20260506_20260630/v004c_pairwise_v1_input_table_v002.csv,reports/research/v004c_pairwise_v1_feature_contract_v002_20260506_20260630/v004c_pairwise_v1_input_table_v002.csv
LOSSCASE_011_A,LOSSCASE_011,2026-06-24,HIGHEST_RANKED_OUTSIDE_TARGET7,23,d1_up_bar_volume_ratio,600400_2026-06-24,601869_2026-06-24,0.3275520266417345,0.5432258637758688,-0.2156738371341343,reports/research/v004c_pairwise_v1_feature_contract_v002_20260506_20260630/v004c_pairwise_v1_input_table_v002.csv,reports/research/v004c_pairwise_v1_feature_contract_v002_20260506_20260630/v004c_pairwise_v1_input_table_v002.csv
LOSSCASE_011_A,LOSSCASE_011,2026-06-24,HIGHEST_RANKED_OUTSIDE_TARGET7,24,down_bar_volume_ratio,600400_2026-06-24,601869_2026-06-24,0.5522439644908553,0.4567741362241312,0.09546982826672412,reports/research/v004c_pairwise_v1_feature_contract_v002_20260506_20260630/v004c_pairwise_v1_input_table_v002.csv,reports/research/v004c_pairwise_v1_feature_contract_v002_20260506_20260630/v004c_pairwise_v1_input_table_v002.csv
LOSSCASE_011_A,LOSSCASE_011,2026-06-24,HIGHEST_RANKED_OUTSIDE_TARGET7,25,volume_above_d1_close_ratio,600400_2026-06-24,601869_2026-06-24,0.0535887486830416,0.1762191572008981,-0.12263040851785649,reports/research/v004c_pairwise_v1_feature_contract_v002_20260506_20260630/v004c_pairwise_v1_input_table_v002.csv,reports/research/v004c_pairwise_v1_feature_contract_v002_20260506_20260630/v004c_pairwise_v1_input_table_v002.csv
LOSSCASE_011_A,LOSSCASE_011,2026-06-24,HIGHEST_RANKED_OUTSIDE_TARGET7,26,amount_above_d1_close_ratio,600400_2026-06-24,601869_2026-06-24,0.0545533162511889,0.1784596737956743,-0.1239063575444854,reports/research/v004c_pairwise_v1_feature_contract_v002_20260506_20260630/v004c_pairwise_v1_input_table_v002.csv,reports/research/v004c_pairwise_v1_feature_contract_v002_20260506_20260630/v004c_pairwise_v1_input_table_v002.csv
LOSSCASE_011_A,LOSSCASE_011,2026-06-24,HIGHEST_RANKED_OUTSIDE_TARGET7,27,high_zone_volume_ratio,600400_2026-06-24,601869_2026-06-24,0.0,0.1530393002641436,-0.1530393002641436,reports/research/v004c_pairwise_v1_feature_contract_v002_20260506_20260630/v004c_pairwise_v1_input_table_v002.csv,reports/research/v004c_pairwise_v1_feature_contract_v002_20260506_20260630/v004c_pairwise_v1_input_table_v002.csv
LOSSCASE_011_A,LOSSCASE_011,2026-06-24,HIGHEST_RANKED_OUTSIDE_TARGET7,28,high_zone_amount_ratio,600400_2026-06-24,601869_2026-06-24,0.0,0.1549362349490382,-0.1549362349490382,reports/research/v004c_pairwise_v1_feature_contract_v002_20260506_20260630/v004c_pairwise_v1_input_table_v002.csv,reports/research/v004c_pairwise_v1_feature_contract_v002_20260506_20260630/v004c_pairwise_v1_input_table_v002.csv
LOSSCASE_011_A,LOSSCASE_011,2026-06-24,HIGHEST_RANKED_OUTSIDE_TARGET7,29,late_day_sell_volume_ratio,600400_2026-06-24,601869_2026-06-24,0.0102775866824775,0.0665806525636853,-0.0563030658812078,reports/research/v004c_pairwise_v1_feature_contract_v002_20260506_20260630/v004c_pairwise_v1_input_table_v002.csv,reports/research/v004c_pairwise_v1_feature_contract_v002_20260506_20260630/v004c_pairwise_v1_input_table_v002.csv
LOSSCASE_011_A,LOSSCASE_011,2026-06-24,HIGHEST_RANKED_OUTSIDE_TARGET7,30,late_day_sell_amount_ratio,600400_2026-06-24,601869_2026-06-24,0.0103013536443481,0.066987903166656,-0.056686549522307894,reports/research/v004c_pairwise_v1_feature_contract_v002_20260506_20260630/v004c_pairwise_v1_input_table_v002.csv,reports/research/v004c_pairwise_v1_feature_contract_v002_20260506_20260630/v004c_pairwise_v1_input_table_v002.csv
LOSSCASE_011_A,LOSSCASE_011,2026-06-24,HIGHEST_RANKED_OUTSIDE_TARGET7,31,d1_close_to_vwap_raw,600400_2026-06-24,601869_2026-06-24,0.0197592474608789,0.0182789831411089,0.0014802643197700006,reports/research/v004c_pairwise_v1_feature_contract_v002_20260506_20260630/v004c_pairwise_v1_input_table_v002.csv,reports/research/v004c_pairwise_v1_feature_contract_v002_20260506_20260630/v004c_pairwise_v1_input_table_v002.csv
LOSSCASE_011_A,LOSSCASE_011,2026-06-24,HIGHEST_RANKED_OUTSIDE_TARGET7,32,d1_close_to_ma5_raw,600400_2026-06-24,601869_2026-06-24,0.0665760869565217,0.1148100594309087,-0.048233972474387,reports/research/v004c_pairwise_v1_feature_contract_v002_20260506_20260630/v004c_pairwise_v1_input_table_v002.csv,reports/research/v004c_pairwise_v1_feature_contract_v002_20260506_20260630/v004c_pairwise_v1_input_table_v002.csv
LOSSCASE_011_A,LOSSCASE_011,2026-06-24,HIGHEST_RANKED_OUTSIDE_TARGET7,33,d1_low_to_ma5_raw,600400_2026-06-24,601869_2026-06-24,-0.0013586956521739,0.0632597046137757,-0.0646184002659496,reports/research/v004c_pairwise_v1_feature_contract_v002_20260506_20260630/v004c_pairwise_v1_input_table_v002.csv,reports/research/v004c_pairwise_v1_feature_contract_v002_20260506_20260630/v004c_pairwise_v1_input_table_v002.csv
LOSSCASE_011_A,LOSSCASE_011,2026-06-24,HIGHEST_RANKED_OUTSIDE_TARGET7,34,d1_high_to_ma5_raw,600400_2026-06-24,601869_2026-06-24,0.0971467391304348,0.1417192677619996,-0.044572528631564814,reports/research/v004c_pairwise_v1_feature_contract_v002_20260506_20260630/v004c_pairwise_v1_input_table_v002.csv,reports/research/v004c_pairwise_v1_feature_contract_v002_20260506_20260630/v004c_pairwise_v1_input_table_v002.csv
LOSSCASE_011_A,LOSSCASE_011,2026-06-24,HIGHEST_RANKED_OUTSIDE_TARGET7,35,d1_close_to_ma10_raw,600400_2026-06-24,601869_2026-06-24,0.1246418338108881,0.1965078474411237,-0.0718660136302356,reports/research/v004c_pairwise_v1_feature_contract_v002_20260506_20260630/v004c_pairwise_v1_input_table_v002.csv,reports/research/v004c_pairwise_v1_feature_contract_v002_20260506_20260630/v004c_pairwise_v1_input_table_v002.csv
LOSSCASE_011_A,LOSSCASE_011,2026-06-24,HIGHEST_RANKED_OUTSIDE_TARGET7,36,d1_low_to_ma10_raw,600400_2026-06-24,601869_2026-06-24,0.0530085959885384,0.1411796742197943,-0.08817107823125589,reports/research/v004c_pairwise_v1_feature_contract_v002_20260506_20260630/v004c_pairwise_v1_input_table_v002.csv,reports/research/v004c_pairwise_v1_feature_contract_v002_20260506_20260630/v004c_pairwise_v1_input_table_v002.csv
LOSSCASE_011_A,LOSSCASE_011,2026-06-24,HIGHEST_RANKED_OUTSIDE_TARGET7,37,d1_close_to_ma20,600400_2026-06-24,601869_2026-06-24,0.1154529307282417,0.2839812273089526,-0.1685282965807109,reports/research/v004c_pairwise_v1_feature_contract_v002_20260506_20260630/v004c_pairwise_v1_input_table_v002.csv,reports/research/v004c_pairwise_v1_feature_contract_v002_20260506_20260630/v004c_pairwise_v1_input_table_v002.csv
LOSSCASE_011_A,LOSSCASE_011,2026-06-24,HIGHEST_RANKED_OUTSIDE_TARGET7,38,d1_ma5_slope,600400_2026-06-24,601869_2026-06-24,0.0293706293706292,0.0466315823355221,-0.0172609529648929,reports/research/v004c_pairwise_v1_feature_contract_v002_20260506_20260630/v004c_pairwise_v1_input_table_v002.csv,reports/research/v004c_pairwise_v1_feature_contract_v002_20260506_20260630/v004c_pairwise_v1_input_table_v002.csv
LOSSCASE_011_A,LOSSCASE_011,2026-06-24,HIGHEST_RANKED_OUTSIDE_TARGET7,39,d1_ma10_slope,600400_2026-06-24,601869_2026-06-24,0.0186063480481577,0.0201335502349651,-0.0015272021868074012,reports/research/v004c_pairwise_v1_feature_contract_v002_20260506_20260630/v004c_pairwise_v1_input_table_v002.csv,reports/research/v004c_pairwise_v1_feature_contract_v002_20260506_20260630/v004c_pairwise_v1_input_table_v002.csv
LOSSCASE_011_A,LOSSCASE_011,2026-06-24,HIGHEST_RANKED_OUTSIDE_TARGET7,40,d1_ma20_slope,600400_2026-06-24,601869_2026-06-24,0.0007109847138286,0.0245023717642682,-0.0237913870504396,reports/research/v004c_pairwise_v1_feature_contract_v002_20260506_20260630/v004c_pairwise_v1_input_table_v002.csv,reports/research/v004c_pairwise_v1_feature_contract_v002_20260506_20260630/v004c_pairwise_v1_input_table_v002.csv
LOSSCASE_011_A,LOSSCASE_011,2026-06-24,HIGHEST_RANKED_OUTSIDE_TARGET7,41,d1_close_above_ma5,600400_2026-06-24,601869_2026-06-24,1.0,1.0,0.0,reports/research/v004c_pairwise_v1_feature_contract_v002_20260506_20260630/v004c_pairwise_v1_input_table_v002.csv,reports/research/v004c_pairwise_v1_feature_contract_v002_20260506_20260630/v004c_pairwise_v1_input_table_v002.csv
LOSSCASE_011_A,LOSSCASE_011,2026-06-24,HIGHEST_RANKED_OUTSIDE_TARGET7,42,d1_close_above_ma10,600400_2026-06-24,601869_2026-06-24,1.0,1.0,0.0,reports/research/v004c_pairwise_v1_feature_contract_v002_20260506_20260630/v004c_pairwise_v1_input_table_v002.csv,reports/research/v004c_pairwise_v1_feature_contract_v002_20260506_20260630/v004c_pairwise_v1_input_table_v002.csv
LOSSCASE_011_A,LOSSCASE_011,2026-06-24,HIGHEST_RANKED_OUTSIDE_TARGET7,43,d1_true_reclaim_ma5,600400_2026-06-24,601869_2026-06-24,1.0,0.0,1.0,reports/research/v004c_pairwise_v1_feature_contract_v002_20260506_20260630/v004c_pairwise_v1_input_table_v002.csv,reports/research/v004c_pairwise_v1_feature_contract_v002_20260506_20260630/v004c_pairwise_v1_input_table_v002.csv
LOSSCASE_011_A,LOSSCASE_011,2026-06-24,HIGHEST_RANKED_OUTSIDE_TARGET7,44,d1_true_reclaim_ma10,600400_2026-06-24,601869_2026-06-24,0.0,0.0,0.0,reports/research/v004c_pairwise_v1_feature_contract_v002_20260506_20260630/v004c_pairwise_v1_input_table_v002.csv,reports/research/v004c_pairwise_v1_feature_contract_v002_20260506_20260630/v004c_pairwise_v1_input_table_v002.csv
LOSSCASE_011_A,LOSSCASE_011,2026-06-24,HIGHEST_RANKED_OUTSIDE_TARGET7,45,consecutive_days_below_ma5,600400_2026-06-24,601869_2026-06-24,0.0,0.0,0.0,reports/research/v004c_pairwise_v1_feature_contract_v002_20260506_20260630/v004c_pairwise_v1_input_table_v002.csv,reports/research/v004c_pairwise_v1_feature_contract_v002_20260506_20260630/v004c_pairwise_v1_input_table_v002.csv
LOSSCASE_011_A,LOSSCASE_011,2026-06-24,HIGHEST_RANKED_OUTSIDE_TARGET7,46,consecutive_days_below_ma10,600400_2026-06-24,601869_2026-06-24,0.0,0.0,0.0,reports/research/v004c_pairwise_v1_feature_contract_v002_20260506_20260630/v004c_pairwise_v1_input_table_v002.csv,reports/research/v004c_pairwise_v1_feature_contract_v002_20260506_20260630/v004c_pairwise_v1_input_table_v002.csv
LOSSCASE_011_A,LOSSCASE_011,2026-06-24,HIGHEST_RANKED_OUTSIDE_TARGET7,47,break_day_in_pool,600400_2026-06-24,601869_2026-06-24,0.0,0.0,0.0,reports/research/v004c_pairwise_v1_feature_contract_v002_20260506_20260630/v004c_pairwise_v1_input_table_v002.csv,reports/research/v004c_pairwise_v1_feature_contract_v002_20260506_20260630/v004c_pairwise_v1_input_table_v002.csv
LOSSCASE_011_A,LOSSCASE_011,2026-06-24,HIGHEST_RANKED_OUTSIDE_TARGET7,48,last_board_day_in_pool,600400_2026-06-24,601869_2026-06-24,1.0,1.0,0.0,reports/research/v004c_pairwise_v1_feature_contract_v002_20260506_20260630/v004c_pairwise_v1_input_table_v002.csv,reports/research/v004c_pairwise_v1_feature_contract_v002_20260506_20260630/v004c_pairwise_v1_input_table_v002.csv
LOSSCASE_011_A,LOSSCASE_011,2026-06-24,HIGHEST_RANKED_OUTSIDE_TARGET7,49,pool_consecutive_count_last_board,600400_2026-06-24,601869_2026-06-24,2.0,2.0,0.0,reports/research/v004c_pairwise_v1_feature_contract_v002_20260506_20260630/v004c_pairwise_v1_input_table_v002.csv,reports/research/v004c_pairwise_v1_feature_contract_v002_20260506_20260630/v004c_pairwise_v1_input_table_v002.csv
LOSSCASE_011_A,LOSSCASE_011,2026-06-24,HIGHEST_RANKED_OUTSIDE_TARGET7,50,recent_7d_cumulative_return,600400_2026-06-24,601869_2026-06-24,0.1893939393939394,0.2880302020874972,-0.0986362626935578,reports/research/v004c_pairwise_v1_feature_contract_v002_20260506_20260630/v004c_pairwise_v1_input_table_v002.csv,reports/research/v004c_pairwise_v1_feature_contract_v002_20260506_20260630/v004c_pairwise_v1_input_table_v002.csv
LOSSCASE_011_A,LOSSCASE_011,2026-06-24,HIGHEST_RANKED_OUTSIDE_TARGET7,51,recent_7d_max_drawdown,600400_2026-06-24,601869_2026-06-24,0.1095406360424028,0.0623381544874629,0.0472024815549399,reports/research/v004c_pairwise_v1_feature_contract_v002_20260506_20260630/v004c_pairwise_v1_input_table_v002.csv,reports/research/v004c_pairwise_v1_feature_contract_v002_20260506_20260630/v004c_pairwise_v1_input_table_v002.csv
LOSSCASE_011_A,LOSSCASE_011,2026-06-24,HIGHEST_RANKED_OUTSIDE_TARGET7,52,recent_7d_close_position,600400_2026-06-24,601869_2026-06-24,0.8378378378378383,0.9190704665009538,-0.08123262866311554,reports/research/v004c_pairwise_v1_feature_contract_v002_20260506_20260630/v004c_pairwise_v1_input_table_v002.csv,reports/research/v004c_pairwise_v1_feature_contract_v002_20260506_20260630/v004c_pairwise_v1_input_table_v002.csv
LOSSCASE_011_A,LOSSCASE_011,2026-06-24,HIGHEST_RANKED_OUTSIDE_TARGET7,53,recent_7d_limit_up_count,600400_2026-06-24,601869_2026-06-24,2.0,2.0,0.0,reports/research/v004c_pairwise_v1_feature_contract_v002_20260506_20260630/v004c_pairwise_v1_input_table_v002.csv,reports/research/v004c_pairwise_v1_feature_contract_v002_20260506_20260630/v004c_pairwise_v1_input_table_v002.csv
LOSSCASE_012_A,LOSSCASE_012,2026-06-24,HIGHEST_RANKED_OUTSIDE_TARGET7,1,board_streak_is_3,600400_2026-06-24,605580_2026-06-24,0.0,0.0,0.0,reports/research/v004c_pairwise_v1_feature_contract_v002_20260506_20260630/v004c_pairwise_v1_input_table_v002.csv,reports/research/v004c_pairwise_v1_feature_contract_v002_20260506_20260630/v004c_pairwise_v1_input_table_v002.csv
LOSSCASE_012_A,LOSSCASE_012,2026-06-24,HIGHEST_RANKED_OUTSIDE_TARGET7,2,max_board_streak_20d,600400_2026-06-24,605580_2026-06-24,2.0,2.0,0.0,reports/research/v004c_pairwise_v1_feature_contract_v002_20260506_20260630/v004c_pairwise_v1_input_table_v002.csv,reports/research/v004c_pairwise_v1_feature_contract_v002_20260506_20260630/v004c_pairwise_v1_input_table_v002.csv
LOSSCASE_012_A,LOSSCASE_012,2026-06-24,HIGHEST_RANKED_OUTSIDE_TARGET7,3,recent_limit_up_count_10d,600400_2026-06-24,605580_2026-06-24,2.0,2.0,0.0,reports/research/v004c_pairwise_v1_feature_contract_v002_20260506_20260630/v004c_pairwise_v1_input_table_v002.csv,reports/research/v004c_pairwise_v1_feature_contract_v002_20260506_20260630/v004c_pairwise_v1_input_table_v002.csv
LOSSCASE_012_A,LOSSCASE_012,2026-06-24,HIGHEST_RANKED_OUTSIDE_TARGET7,4,recent_limit_up_count_20d,600400_2026-06-24,605580_2026-06-24,2.0,4.0,-2.0,reports/research/v004c_pairwise_v1_feature_contract_v002_20260506_20260630/v004c_pairwise_v1_input_table_v002.csv,reports/research/v004c_pairwise_v1_feature_contract_v002_20260506_20260630/v004c_pairwise_v1_input_table_v002.csv
LOSSCASE_012_A,LOSSCASE_012,2026-06-24,HIGHEST_RANKED_OUTSIDE_TARGET7,5,recent_pool_appearance_count_10d,600400_2026-06-24,605580_2026-06-24,2.0,2.0,0.0,reports/research/v004c_pairwise_v1_feature_contract_v002_20260506_20260630/v004c_pairwise_v1_input_table_v002.csv,reports/research/v004c_pairwise_v1_feature_contract_v002_20260506_20260630/v004c_pairwise_v1_input_table_v002.csv
LOSSCASE_012_A,LOSSCASE_012,2026-06-24,HIGHEST_RANKED_OUTSIDE_TARGET7,6,recent_pool_appearance_count_20d,600400_2026-06-24,605580_2026-06-24,2.0,4.0,-2.0,reports/research/v004c_pairwise_v1_feature_contract_v002_20260506_20260630/v004c_pairwise_v1_input_table_v002.csv,reports/research/v004c_pairwise_v1_feature_contract_v002_20260506_20260630/v004c_pairwise_v1_input_table_v002.csv
LOSSCASE_012_A,LOSSCASE_012,2026-06-24,HIGHEST_RANKED_OUTSIDE_TARGET7,7,board_day_volume_rank,600400_2026-06-24,605580_2026-06-24,15.0,49.0,-34.0,reports/research/v004c_pairwise_v1_feature_contract_v002_20260506_20260630/v004c_pairwise_v1_input_table_v002.csv,reports/research/v004c_pairwise_v1_feature_contract_v002_20260506_20260630/v004c_pairwise_v1_input_table_v002.csv
LOSSCASE_012_A,LOSSCASE_012,2026-06-24,HIGHEST_RANKED_OUTSIDE_TARGET7,8,break_open_return,600400_2026-06-24,605580_2026-06-24,-0.00920245398773,-0.0264877880976952,0.017285334109965203,reports/research/v004c_pairwise_v1_feature_contract_v002_20260506_20260630/v004c_pairwise_v1_input_table_v002.csv,reports/research/v004c_pairwise_v1_feature_contract_v002_20260506_20260630/v004c_pairwise_v1_input_table_v002.csv
LOSSCASE_012_A,LOSSCASE_012,2026-06-24,HIGHEST_RANKED_OUTSIDE_TARGET7,9,break_high_return,600400_2026-06-24,605580_2026-06-24,-0.00920245398773,0.0973512211902303,-0.1065536751779603,reports/research/v004c_pairwise_v1_feature_contract_v002_20260506_20260630/v004c_pairwise_v1_input_table_v002.csv,reports/research/v004c_pairwise_v1_feature_contract_v002_20260506_20260630/v004c_pairwise_v1_input_table_v002.csv
LOSSCASE_012_A,LOSSCASE_012,2026-06-24,HIGHEST_RANKED_OUTSIDE_TARGET7,10,break_close_return,600400_2026-06-24,605580_2026-06-24,-0.0368098159509201,0.0495356037151704,-0.0863454196660905,reports/research/v004c_pairwise_v1_feature_contract_v002_20260506_20260630/v004c_pairwise_v1_input_table_v002.csv,reports/research/v004c_pairwise_v1_feature_contract_v002_20260506_20260630/v004c_pairwise_v1_input_table_v002.csv
LOSSCASE_012_A,LOSSCASE_012,2026-06-24,HIGHEST_RANKED_OUTSIDE_TARGET7,11,break_touched_limit_up,600400_2026-06-24,605580_2026-06-24,0.0,0.0,0.0,reports/research/v004c_pairwise_v1_feature_contract_v002_20260506_20260630/v004c_pairwise_v1_input_table_v002.csv,reports/research/v004c_pairwise_v1_feature_contract_v002_20260506_20260630/v004c_pairwise_v1_input_table_v002.csv
LOSSCASE_012_A,LOSSCASE_012,2026-06-24,HIGHEST_RANKED_OUTSIDE_TARGET7,12,break_opened_from_limit_up,600400_2026-06-24,605580_2026-06-24,0.0,0.0,0.0,reports/research/v004c_pairwise_v1_feature_contract_v002_20260506_20260630/v004c_pairwise_v1_input_table_v002.csv,reports/research/v004c_pairwise_v1_feature_contract_v002_20260506_20260630/v004c_pairwise_v1_input_table_v002.csv
LOSSCASE_012_A,LOSSCASE_012,2026-06-24,HIGHEST_RANKED_OUTSIDE_TARGET7,13,break_upper_shadow_ratio,600400_2026-06-24,605580_2026-06-24,0.0,0.2688588007736939,-0.2688588007736939,reports/research/v004c_pairwise_v1_feature_contract_v002_20260506_20260630/v004c_pairwise_v1_input_table_v002.csv,reports/research/v004c_pairwise_v1_feature_contract_v002_20260506_20260630/v004c_pairwise_v1_input_table_v002.csv
LOSSCASE_012_A,LOSSCASE_012,2026-06-24,HIGHEST_RANKED_OUTSIDE_TARGET7,14,break_lower_shadow_ratio,600400_2026-06-24,605580_2026-06-24,0.6896551724137936,0.3036750483558996,0.385980124057894,reports/research/v004c_pairwise_v1_feature_contract_v002_20260506_20260630/v004c_pairwise_v1_input_table_v002.csv,reports/research/v004c_pairwise_v1_feature_contract_v002_20260506_20260630/v004c_pairwise_v1_input_table_v002.csv
LOSSCASE_012_A,LOSSCASE_012,2026-06-24,HIGHEST_RANKED_OUTSIDE_TARGET7,15,d1_high_to_close_drawdown_raw,600400_2026-06-24,605580_2026-06-24,0.0278637770897832,0.0429736511919698,-0.015109874102186602,reports/research/v004c_pairwise_v1_feature_contract_v002_20260506_20260630/v004c_pairwise_v1_input_table_v002.csv,reports/research/v004c_pairwise_v1_feature_contract_v002_20260506_20260630/v004c_pairwise_v1_input_table_v002.csv
LOSSCASE_012_A,LOSSCASE_012,2026-06-24,HIGHEST_RANKED_OUTSIDE_TARGET7,16,d1_low_to_close_recovery,600400_2026-06-24,605580_2026-06-24,0.0644067796610169,0.1405607476635514,-0.07615396800253449,reports/research/v004c_pairwise_v1_feature_contract_v002_20260506_20260630/v004c_pairwise_v1_input_table_v002.csv,reports/research/v004c_pairwise_v1_feature_contract_v002_20260506_20260630/v004c_pairwise_v1_input_table_v002.csv
LOSSCASE_012_A,LOSSCASE_012,2026-06-24,HIGHEST_RANKED_OUTSIDE_TARGET7,17,d1_open_to_close_return_raw,600400_2026-06-24,605580_2026-06-24,-0.0278637770897832,0.0780918727915194,-0.1059556498813026,reports/research/v004c_pairwise_v1_feature_contract_v002_20260506_20260630/v004c_pairwise_v1_input_table_v002.csv,reports/research/v004c_pairwise_v1_feature_contract_v002_20260506_20260630/v004c_pairwise_v1_input_table_v002.csv
LOSSCASE_012_A,LOSSCASE_012,2026-06-24,HIGHEST_RANKED_OUTSIDE_TARGET7,18,d1_close_location,600400_2026-06-24,605580_2026-06-24,0.6785714285714288,0.7329434697855755,-0.05437204121414663,reports/research/v004c_pairwise_v1_feature_contract_v002_20260506_20260630/v004c_pairwise_v1_input_table_v002.csv,reports/research/v004c_pairwise_v1_feature_contract_v002_20260506_20260630/v004c_pairwise_v1_input_table_v002.csv
LOSSCASE_012_A,LOSSCASE_012,2026-06-24,HIGHEST_RANKED_OUTSIDE_TARGET7,19,d1_intraday_range,600400_2026-06-24,605580_2026-06-24,0.0858895705521471,0.176470588235294,-0.09058101768314689,reports/research/v004c_pairwise_v1_feature_contract_v002_20260506_20260630/v004c_pairwise_v1_input_table_v002.csv,reports/research/v004c_pairwise_v1_feature_contract_v002_20260506_20260630/v004c_pairwise_v1_input_table_v002.csv
LOSSCASE_012_A,LOSSCASE_012,2026-06-24,HIGHEST_RANKED_OUTSIDE_TARGET7,20,d1_afternoon_return,600400_2026-06-24,605580_2026-06-24,0.0194805194805194,0.0990634005763688,-0.07958288109584939,reports/research/v004c_pairwise_v1_feature_contract_v002_20260506_20260630/v004c_pairwise_v1_input_table_v002.csv,reports/research/v004c_pairwise_v1_feature_contract_v002_20260506_20260630/v004c_pairwise_v1_input_table_v002.csv
LOSSCASE_012_A,LOSSCASE_012,2026-06-24,HIGHEST_RANKED_OUTSIDE_TARGET7,21,d1_last_hour_return,600400_2026-06-24,605580_2026-06-24,0.0129032258064516,-0.0029411764705882,0.0158444022770398,reports/research/v004c_pairwise_v1_feature_contract_v002_20260506_20260630/v004c_pairwise_v1_input_table_v002.csv,reports/research/v004c_pairwise_v1_feature_contract_v002_20260506_20260630/v004c_pairwise_v1_input_table_v002.csv
LOSSCASE_012_A,LOSSCASE_012,2026-06-24,HIGHEST_RANKED_OUTSIDE_TARGET7,22,break_volume_ratio_vs_board_days,600400_2026-06-24,605580_2026-06-24,1.4786224778927026,1.460844657301955,0.017777820590747728,reports/research/v004c_pairwise_v1_feature_contract_v002_20260506_20260630/v004c_pairwise_v1_input_table_v002.csv,reports/research/v004c_pairwise_v1_feature_contract_v002_20260506_20260630/v004c_pairwise_v1_input_table_v002.csv
LOSSCASE_012_A,LOSSCASE_012,2026-06-24,HIGHEST_RANKED_OUTSIDE_TARGET7,23,d1_up_bar_volume_ratio,600400_2026-06-24,605580_2026-06-24,0.3275520266417345,0.506049595198222,-0.17849756855648752,reports/research/v004c_pairwise_v1_feature_contract_v002_20260506_20260630/v004c_pairwise_v1_input_table_v002.csv,reports/research/v004c_pairwise_v1_feature_contract_v002_20260506_20260630/v004c_pairwise_v1_input_table_v002.csv
LOSSCASE_012_A,LOSSCASE_012,2026-06-24,HIGHEST_RANKED_OUTSIDE_TARGET7,24,down_bar_volume_ratio,600400_2026-06-24,605580_2026-06-24,0.5522439644908553,0.4834656528687499,0.06877831162210546,reports/research/v004c_pairwise_v1_feature_contract_v002_20260506_20260630/v004c_pairwise_v1_input_table_v002.csv,reports/research/v004c_pairwise_v1_feature_contract_v002_20260506_20260630/v004c_pairwise_v1_input_table_v002.csv
LOSSCASE_012_A,LOSSCASE_012,2026-06-24,HIGHEST_RANKED_OUTSIDE_TARGET7,25,volume_above_d1_close_ratio,600400_2026-06-24,605580_2026-06-24,0.0535887486830416,0.2521485584564136,-0.198559809773372,reports/research/v004c_pairwise_v1_feature_contract_v002_20260506_20260630/v004c_pairwise_v1_input_table_v002.csv,reports/research/v004c_pairwise_v1_feature_contract_v002_20260506_20260630/v004c_pairwise_v1_input_table_v002.csv
LOSSCASE_012_A,LOSSCASE_012,2026-06-24,HIGHEST_RANKED_OUTSIDE_TARGET7,26,amount_above_d1_close_ratio,600400_2026-06-24,605580_2026-06-24,0.0545533162511889,0.2671452339481421,-0.2125919176969532,reports/research/v004c_pairwise_v1_feature_contract_v002_20260506_20260630/v004c_pairwise_v1_input_table_v002.csv,reports/research/v004c_pairwise_v1_feature_contract_v002_20260506_20260630/v004c_pairwise_v1_input_table_v002.csv
LOSSCASE_012_A,LOSSCASE_012,2026-06-24,HIGHEST_RANKED_OUTSIDE_TARGET7,27,high_zone_volume_ratio,600400_2026-06-24,605580_2026-06-24,0.0,0.1880353356846116,-0.1880353356846116,reports/research/v004c_pairwise_v1_feature_contract_v002_20260506_20260630/v004c_pairwise_v1_input_table_v002.csv,reports/research/v004c_pairwise_v1_feature_contract_v002_20260506_20260630/v004c_pairwise_v1_input_table_v002.csv
LOSSCASE_012_A,LOSSCASE_012,2026-06-24,HIGHEST_RANKED_OUTSIDE_TARGET7,28,high_zone_amount_ratio,600400_2026-06-24,605580_2026-06-24,0.0,0.2011749160845469,-0.2011749160845469,reports/research/v004c_pairwise_v1_feature_contract_v002_20260506_20260630/v004c_pairwise_v1_input_table_v002.csv,reports/research/v004c_pairwise_v1_feature_contract_v002_20260506_20260630/v004c_pairwise_v1_input_table_v002.csv
LOSSCASE_012_A,LOSSCASE_012,2026-06-24,HIGHEST_RANKED_OUTSIDE_TARGET7,29,late_day_sell_volume_ratio,600400_2026-06-24,605580_2026-06-24,0.0102775866824775,0.1448978913162285,-0.134620304633751,reports/research/v004c_pairwise_v1_feature_contract_v002_20260506_20260630/v004c_pairwise_v1_input_table_v002.csv,reports/research/v004c_pairwise_v1_feature_contract_v002_20260506_20260630/v004c_pairwise_v1_input_table_v002.csv
LOSSCASE_012_A,LOSSCASE_012,2026-06-24,HIGHEST_RANKED_OUTSIDE_TARGET7,30,late_day_sell_amount_ratio,600400_2026-06-24,605580_2026-06-24,0.0103013536443481,0.1543875961080002,-0.14408624246365212,reports/research/v004c_pairwise_v1_feature_contract_v002_20260506_20260630/v004c_pairwise_v1_input_table_v002.csv,reports/research/v004c_pairwise_v1_feature_contract_v002_20260506_20260630/v004c_pairwise_v1_input_table_v002.csv
LOSSCASE_012_A,LOSSCASE_012,2026-06-24,HIGHEST_RANKED_OUTSIDE_TARGET7,31,d1_close_to_vwap_raw,600400_2026-06-24,605580_2026-06-24,0.0197592474608789,0.0589453892749156,-0.03918614181403669,reports/research/v004c_pairwise_v1_feature_contract_v002_20260506_20260630/v004c_pairwise_v1_input_table_v002.csv,reports/research/v004c_pairwise_v1_feature_contract_v002_20260506_20260630/v004c_pairwise_v1_input_table_v002.csv
LOSSCASE_012_A,LOSSCASE_012,2026-06-24,HIGHEST_RANKED_OUTSIDE_TARGET7,32,d1_close_to_ma5_raw,600400_2026-06-24,605580_2026-06-24,0.0665760869565217,0.1361435912713189,-0.06956750431479719,reports/research/v004c_pairwise_v1_feature_contract_v002_20260506_20260630/v004c_pairwise_v1_input_table_v002.csv,reports/research/v004c_pairwise_v1_feature_contract_v002_20260506_20260630/v004c_pairwise_v1_input_table_v002.csv
LOSSCASE_012_A,LOSSCASE_012,2026-06-24,HIGHEST_RANKED_OUTSIDE_TARGET7,33,d1_low_to_ma5_raw,600400_2026-06-24,605580_2026-06-24,-0.0013586956521739,-0.0046175616295525,0.0032588659773785996,reports/research/v004c_pairwise_v1_feature_contract_v002_20260506_20260630/v004c_pairwise_v1_input_table_v002.csv,reports/research/v004c_pairwise_v1_feature_contract_v002_20260506_20260630/v004c_pairwise_v1_input_table_v002.csv
LOSSCASE_012_A,LOSSCASE_012,2026-06-24,HIGHEST_RANKED_OUTSIDE_TARGET7,34,d1_high_to_ma5_raw,600400_2026-06-24,605580_2026-06-24,0.0971467391304348,0.1879049676025916,-0.0907582284721568,reports/research/v004c_pairwise_v1_feature_contract_v002_20260506_20260630/v004c_pairwise_v1_input_table_v002.csv,reports/research/v004c_pairwise_v1_feature_contract_v002_20260506_20260630/v004c_pairwise_v1_input_table_v002.csv
LOSSCASE_012_A,LOSSCASE_012,2026-06-24,HIGHEST_RANKED_OUTSIDE_TARGET7,35,d1_close_to_ma10_raw,600400_2026-06-24,605580_2026-06-24,0.1246418338108881,0.1737775554957104,-0.04913572168482229,reports/research/v004c_pairwise_v1_feature_contract_v002_20260506_20260630/v004c_pairwise_v1_input_table_v002.csv,reports/research/v004c_pairwise_v1_feature_contract_v002_20260506_20260630/v004c_pairwise_v1_input_table_v002.csv
LOSSCASE_012_A,LOSSCASE_012,2026-06-24,HIGHEST_RANKED_OUTSIDE_TARGET7,36,d1_low_to_ma10_raw,600400_2026-06-24,605580_2026-06-24,0.0530085959885384,0.0283537875581887,0.024654808430349704,reports/research/v004c_pairwise_v1_feature_contract_v002_20260506_20260630/v004c_pairwise_v1_input_table_v002.csv,reports/research/v004c_pairwise_v1_feature_contract_v002_20260506_20260630/v004c_pairwise_v1_input_table_v002.csv
LOSSCASE_012_A,LOSSCASE_012,2026-06-24,HIGHEST_RANKED_OUTSIDE_TARGET7,37,d1_close_to_ma20,600400_2026-06-24,605580_2026-06-24,0.1154529307282417,0.146130728775357,-0.03067779804711529,reports/research/v004c_pairwise_v1_feature_contract_v002_20260506_20260630/v004c_pairwise_v1_input_table_v002.csv,reports/research/v004c_pairwise_v1_feature_contract_v002_20260506_20260630/v004c_pairwise_v1_input_table_v002.csv
LOSSCASE_012_A,LOSSCASE_012,2026-06-24,HIGHEST_RANKED_OUTSIDE_TARGET7,38,d1_ma5_slope,600400_2026-06-24,605580_2026-06-24,0.0293706293706292,0.0425498874136192,-0.013179258042990003,reports/research/v004c_pairwise_v1_feature_contract_v002_20260506_20260630/v004c_pairwise_v1_input_table_v002.csv,reports/research/v004c_pairwise_v1_feature_contract_v002_20260506_20260630/v004c_pairwise_v1_input_table_v002.csv
LOSSCASE_012_A,LOSSCASE_012,2026-06-24,HIGHEST_RANKED_OUTSIDE_TARGET7,39,d1_ma10_slope,600400_2026-06-24,605580_2026-06-24,0.0186063480481577,0.0170599053097,0.0015464427384576998,reports/research/v004c_pairwise_v1_feature_contract_v002_20260506_20260630/v004c_pairwise_v1_input_table_v002.csv,reports/research/v004c_pairwise_v1_feature_contract_v002_20260506_20260630/v004c_pairwise_v1_input_table_v002.csv
LOSSCASE_012_A,LOSSCASE_012,2026-06-24,HIGHEST_RANKED_OUTSIDE_TARGET7,40,d1_ma20_slope,600400_2026-06-24,605580_2026-06-24,0.0007109847138286,0.0087345345686729,-0.0080235498548443,reports/research/v004c_pairwise_v1_feature_contract_v002_20260506_20260630/v004c_pairwise_v1_input_table_v002.csv,reports/research/v004c_pairwise_v1_feature_contract_v002_20260506_20260630/v004c_pairwise_v1_input_table_v002.csv
LOSSCASE_012_A,LOSSCASE_012,2026-06-24,HIGHEST_RANKED_OUTSIDE_TARGET7,41,d1_close_above_ma5,600400_2026-06-24,605580_2026-06-24,1.0,1.0,0.0,reports/research/v004c_pairwise_v1_feature_contract_v002_20260506_20260630/v004c_pairwise_v1_input_table_v002.csv,reports/research/v004c_pairwise_v1_feature_contract_v002_20260506_20260630/v004c_pairwise_v1_input_table_v002.csv
LOSSCASE_012_A,LOSSCASE_012,2026-06-24,HIGHEST_RANKED_OUTSIDE_TARGET7,42,d1_close_above_ma10,600400_2026-06-24,605580_2026-06-24,1.0,1.0,0.0,reports/research/v004c_pairwise_v1_feature_contract_v002_20260506_20260630/v004c_pairwise_v1_input_table_v002.csv,reports/research/v004c_pairwise_v1_feature_contract_v002_20260506_20260630/v004c_pairwise_v1_input_table_v002.csv
LOSSCASE_012_A,LOSSCASE_012,2026-06-24,HIGHEST_RANKED_OUTSIDE_TARGET7,43,d1_true_reclaim_ma5,600400_2026-06-24,605580_2026-06-24,1.0,1.0,0.0,reports/research/v004c_pairwise_v1_feature_contract_v002_20260506_20260630/v004c_pairwise_v1_input_table_v002.csv,reports/research/v004c_pairwise_v1_feature_contract_v002_20260506_20260630/v004c_pairwise_v1_input_table_v002.csv
LOSSCASE_012_A,LOSSCASE_012,2026-06-24,HIGHEST_RANKED_OUTSIDE_TARGET7,44,d1_true_reclaim_ma10,600400_2026-06-24,605580_2026-06-24,0.0,0.0,0.0,reports/research/v004c_pairwise_v1_feature_contract_v002_20260506_20260630/v004c_pairwise_v1_input_table_v002.csv,reports/research/v004c_pairwise_v1_feature_contract_v002_20260506_20260630/v004c_pairwise_v1_input_table_v002.csv
LOSSCASE_012_A,LOSSCASE_012,2026-06-24,HIGHEST_RANKED_OUTSIDE_TARGET7,45,consecutive_days_below_ma5,600400_2026-06-24,605580_2026-06-24,0.0,0.0,0.0,reports/research/v004c_pairwise_v1_feature_contract_v002_20260506_20260630/v004c_pairwise_v1_input_table_v002.csv,reports/research/v004c_pairwise_v1_feature_contract_v002_20260506_20260630/v004c_pairwise_v1_input_table_v002.csv
LOSSCASE_012_A,LOSSCASE_012,2026-06-24,HIGHEST_RANKED_OUTSIDE_TARGET7,46,consecutive_days_below_ma10,600400_2026-06-24,605580_2026-06-24,0.0,0.0,0.0,reports/research/v004c_pairwise_v1_feature_contract_v002_20260506_20260630/v004c_pairwise_v1_input_table_v002.csv,reports/research/v004c_pairwise_v1_feature_contract_v002_20260506_20260630/v004c_pairwise_v1_input_table_v002.csv
LOSSCASE_012_A,LOSSCASE_012,2026-06-24,HIGHEST_RANKED_OUTSIDE_TARGET7,47,break_day_in_pool,600400_2026-06-24,605580_2026-06-24,0.0,0.0,0.0,reports/research/v004c_pairwise_v1_feature_contract_v002_20260506_20260630/v004c_pairwise_v1_input_table_v002.csv,reports/research/v004c_pairwise_v1_feature_contract_v002_20260506_20260630/v004c_pairwise_v1_input_table_v002.csv
LOSSCASE_012_A,LOSSCASE_012,2026-06-24,HIGHEST_RANKED_OUTSIDE_TARGET7,48,last_board_day_in_pool,600400_2026-06-24,605580_2026-06-24,1.0,1.0,0.0,reports/research/v004c_pairwise_v1_feature_contract_v002_20260506_20260630/v004c_pairwise_v1_input_table_v002.csv,reports/research/v004c_pairwise_v1_feature_contract_v002_20260506_20260630/v004c_pairwise_v1_input_table_v002.csv
LOSSCASE_012_A,LOSSCASE_012,2026-06-24,HIGHEST_RANKED_OUTSIDE_TARGET7,49,pool_consecutive_count_last_board,600400_2026-06-24,605580_2026-06-24,2.0,2.0,0.0,reports/research/v004c_pairwise_v1_feature_contract_v002_20260506_20260630/v004c_pairwise_v1_input_table_v002.csv,reports/research/v004c_pairwise_v1_feature_contract_v002_20260506_20260630/v004c_pairwise_v1_input_table_v002.csv
LOSSCASE_012_A,LOSSCASE_012,2026-06-24,HIGHEST_RANKED_OUTSIDE_TARGET7,50,recent_7d_cumulative_return,600400_2026-06-24,605580_2026-06-24,0.1893939393939394,0.1834755624515127,0.005918376942426695,reports/research/v004c_pairwise_v1_feature_contract_v002_20260506_20260630/v004c_pairwise_v1_input_table_v002.csv,reports/research/v004c_pairwise_v1_feature_contract_v002_20260506_20260630/v004c_pairwise_v1_input_table_v002.csv
LOSSCASE_012_A,LOSSCASE_012,2026-06-24,HIGHEST_RANKED_OUTSIDE_TARGET7,51,recent_7d_max_drawdown,600400_2026-06-24,605580_2026-06-24,0.1095406360424028,0.1109022556390978,-0.0013616195966949934,reports/research/v004c_pairwise_v1_feature_contract_v002_20260506_20260630/v004c_pairwise_v1_input_table_v002.csv,reports/research/v004c_pairwise_v1_feature_contract_v002_20260506_20260630/v004c_pairwise_v1_input_table_v002.csv
LOSSCASE_012_A,LOSSCASE_012,2026-06-24,HIGHEST_RANKED_OUTSIDE_TARGET7,52,recent_7d_close_position,600400_2026-06-24,605580_2026-06-24,0.8378378378378383,0.8315151515151519,0.006322686322686399,reports/research/v004c_pairwise_v1_feature_contract_v002_20260506_20260630/v004c_pairwise_v1_input_table_v002.csv,reports/research/v004c_pairwise_v1_feature_contract_v002_20260506_20260630/v004c_pairwise_v1_input_table_v002.csv
LOSSCASE_012_A,LOSSCASE_012,2026-06-24,HIGHEST_RANKED_OUTSIDE_TARGET7,53,recent_7d_limit_up_count,600400_2026-06-24,605580_2026-06-24,2.0,2.0,0.0,reports/research/v004c_pairwise_v1_feature_contract_v002_20260506_20260630/v004c_pairwise_v1_input_table_v002.csv,reports/research/v004c_pairwise_v1_feature_contract_v002_20260506_20260630/v004c_pairwise_v1_input_table_v002.csv
LOSSCASE_013_A,LOSSCASE_013,2026-06-25,HIGHEST_RANKED_OUTSIDE_TARGET7,1,board_streak_is_3,603938_2026-06-25,600379_2026-06-25,1.0,0.0,1.0,reports/research/v004c_pairwise_v1_feature_contract_v002_20260506_20260630/v004c_pairwise_v1_input_table_v002.csv,reports/research/v004c_pairwise_v1_feature_contract_v002_20260506_20260630/v004c_pairwise_v1_input_table_v002.csv
LOSSCASE_013_A,LOSSCASE_013,2026-06-25,HIGHEST_RANKED_OUTSIDE_TARGET7,2,max_board_streak_20d,603938_2026-06-25,600379_2026-06-25,3.0,2.0,1.0,reports/research/v004c_pairwise_v1_feature_contract_v002_20260506_20260630/v004c_pairwise_v1_input_table_v002.csv,reports/research/v004c_pairwise_v1_feature_contract_v002_20260506_20260630/v004c_pairwise_v1_input_table_v002.csv
LOSSCASE_013_A,LOSSCASE_013,2026-06-25,HIGHEST_RANKED_OUTSIDE_TARGET7,3,recent_limit_up_count_10d,603938_2026-06-25,600379_2026-06-25,3.0,2.0,1.0,reports/research/v004c_pairwise_v1_feature_contract_v002_20260506_20260630/v004c_pairwise_v1_input_table_v002.csv,reports/research/v004c_pairwise_v1_feature_contract_v002_20260506_20260630/v004c_pairwise_v1_input_table_v002.csv
LOSSCASE_013_A,LOSSCASE_013,2026-06-25,HIGHEST_RANKED_OUTSIDE_TARGET7,4,recent_limit_up_count_20d,603938_2026-06-25,600379_2026-06-25,6.0,2.0,4.0,reports/research/v004c_pairwise_v1_feature_contract_v002_20260506_20260630/v004c_pairwise_v1_input_table_v002.csv,reports/research/v004c_pairwise_v1_feature_contract_v002_20260506_20260630/v004c_pairwise_v1_input_table_v002.csv
LOSSCASE_013_A,LOSSCASE_013,2026-06-25,HIGHEST_RANKED_OUTSIDE_TARGET7,5,recent_pool_appearance_count_10d,603938_2026-06-25,600379_2026-06-25,3.0,2.0,1.0,reports/research/v004c_pairwise_v1_feature_contract_v002_20260506_20260630/v004c_pairwise_v1_input_table_v002.csv,reports/research/v004c_pairwise_v1_feature_contract_v002_20260506_20260630/v004c_pairwise_v1_input_table_v002.csv
LOSSCASE_013_A,LOSSCASE_013,2026-06-25,HIGHEST_RANKED_OUTSIDE_TARGET7,6,recent_pool_appearance_count_20d,603938_2026-06-25,600379_2026-06-25,6.0,2.0,4.0,reports/research/v004c_pairwise_v1_feature_contract_v002_20260506_20260630/v004c_pairwise_v1_input_table_v002.csv,reports/research/v004c_pairwise_v1_feature_contract_v002_20260506_20260630/v004c_pairwise_v1_input_table_v002.csv
LOSSCASE_013_A,LOSSCASE_013,2026-06-25,HIGHEST_RANKED_OUTSIDE_TARGET7,7,board_day_volume_rank,603938_2026-06-25,600379_2026-06-25,41.0,31.0,10.0,reports/research/v004c_pairwise_v1_feature_contract_v002_20260506_20260630/v004c_pairwise_v1_input_table_v002.csv,reports/research/v004c_pairwise_v1_feature_contract_v002_20260506_20260630/v004c_pairwise_v1_input_table_v002.csv
LOSSCASE_013_A,LOSSCASE_013,2026-06-25,HIGHEST_RANKED_OUTSIDE_TARGET7,8,break_open_return,603938_2026-06-25,600379_2026-06-25,0.0364372469635627,-0.0066225165562913,0.043059763519854,reports/research/v004c_pairwise_v1_feature_contract_v002_20260506_20260630/v004c_pairwise_v1_input_table_v002.csv,reports/research/v004c_pairwise_v1_feature_contract_v002_20260506_20260630/v004c_pairwise_v1_input_table_v002.csv
LOSSCASE_013_A,LOSSCASE_013,2026-06-25,HIGHEST_RANKED_OUTSIDE_TARGET7,9,break_high_return,603938_2026-06-25,600379_2026-06-25,0.0470473265391595,0.0417218543046358,0.005325472234523704,reports/research/v004c_pairwise_v1_feature_contract_v002_20260506_20260630/v004c_pairwise_v1_input_table_v002.csv,reports/research/v004c_pairwise_v1_feature_contract_v002_20260506_20260630/v004c_pairwise_v1_input_table_v002.csv
LOSSCASE_013_A,LOSSCASE_013,2026-06-25,HIGHEST_RANKED_OUTSIDE_TARGET7,10,break_close_return,603938_2026-06-25,600379_2026-06-25,-0.0272232304900179,0.0046357615894039,-0.0318589920794218,reports/research/v004c_pairwise_v1_feature_contract_v002_20260506_20260630/v004c_pairwise_v1_input_table_v002.csv,reports/research/v004c_pairwise_v1_feature_contract_v002_20260506_20260630/v004c_pairwise_v1_input_table_v002.csv
LOSSCASE_013_A,LOSSCASE_013,2026-06-25,HIGHEST_RANKED_OUTSIDE_TARGET7,11,break_touched_limit_up,603938_2026-06-25,600379_2026-06-25,0.0,0.0,0.0,reports/research/v004c_pairwise_v1_feature_contract_v002_20260506_20260630/v004c_pairwise_v1_input_table_v002.csv,reports/research/v004c_pairwise_v1_feature_contract_v002_20260506_20260630/v004c_pairwise_v1_input_table_v002.csv
LOSSCASE_013_A,LOSSCASE_013,2026-06-25,HIGHEST_RANKED_OUTSIDE_TARGET7,12,break_opened_from_limit_up,603938_2026-06-25,600379_2026-06-25,0.0,0.0,0.0,reports/research/v004c_pairwise_v1_feature_contract_v002_20260506_20260630/v004c_pairwise_v1_input_table_v002.csv,reports/research/v004c_pairwise_v1_feature_contract_v002_20260506_20260630/v004c_pairwise_v1_input_table_v002.csv
LOSSCASE_013_A,LOSSCASE_013,2026-06-25,HIGHEST_RANKED_OUTSIDE_TARGET7,13,break_upper_shadow_ratio,603938_2026-06-25,600379_2026-06-25,0.1169230769230777,0.4444444444444449,-0.32752136752136723,reports/research/v004c_pairwise_v1_feature_contract_v002_20260506_20260630/v004c_pairwise_v1_input_table_v002.csv,reports/research/v004c_pairwise_v1_feature_contract_v002_20260506_20260630/v004c_pairwise_v1_input_table_v002.csv
LOSSCASE_013_A,LOSSCASE_013,2026-06-25,HIGHEST_RANKED_OUTSIDE_TARGET7,14,break_lower_shadow_ratio,603938_2026-06-25,600379_2026-06-25,0.1815384615384626,0.4206349206349202,-0.2390964590964576,reports/research/v004c_pairwise_v1_feature_contract_v002_20260506_20260630/v004c_pairwise_v1_input_table_v002.csv,reports/research/v004c_pairwise_v1_feature_contract_v002_20260506_20260630/v004c_pairwise_v1_input_table_v002.csv
LOSSCASE_013_A,LOSSCASE_013,2026-06-25,HIGHEST_RANKED_OUTSIDE_TARGET7,15,d1_high_to_close_drawdown_raw,603938_2026-06-25,600379_2026-06-25,0.0684491978609624,0.0349872773536896,0.0334619205072728,reports/research/v004c_pairwise_v1_feature_contract_v002_20260506_20260630/v004c_pairwise_v1_input_table_v002.csv,reports/research/v004c_pairwise_v1_feature_contract_v002_20260506_20260630/v004c_pairwise_v1_input_table_v002.csv
LOSSCASE_013_A,LOSSCASE_013,2026-06-25,HIGHEST_RANKED_OUTSIDE_TARGET7,16,d1_low_to_close_recovery,603938_2026-06-25,600379_2026-06-25,0.0170777988614801,0.0462068965517241,-0.029129097690244,reports/research/v004c_pairwise_v1_feature_contract_v002_20260506_20260630/v004c_pairwise_v1_input_table_v002.csv,reports/research/v004c_pairwise_v1_feature_contract_v002_20260506_20260630/v004c_pairwise_v1_input_table_v002.csv
LOSSCASE_013_A,LOSSCASE_013,2026-06-25,HIGHEST_RANKED_OUTSIDE_TARGET7,17,d1_open_to_close_return_raw,603938_2026-06-25,600379_2026-06-25,-0.0614224137931033,0.0113333333333334,-0.0727557471264367,reports/research/v004c_pairwise_v1_feature_contract_v002_20260506_20260630/v004c_pairwise_v1_input_table_v002.csv,reports/research/v004c_pairwise_v1_feature_contract_v002_20260506_20260630/v004c_pairwise_v1_input_table_v002.csv
LOSSCASE_013_A,LOSSCASE_013,2026-06-25,HIGHEST_RANKED_OUTSIDE_TARGET7,18,d1_close_location,603938_2026-06-25,600379_2026-06-25,0.1860095389507159,0.5491803278688521,-0.36317078891813614,reports/research/v004c_pairwise_v1_feature_contract_v002_20260506_20260630/v004c_pairwise_v1_input_table_v002.csv,reports/research/v004c_pairwise_v1_feature_contract_v002_20260506_20260630/v004c_pairwise_v1_input_table_v002.csv
LOSSCASE_013_A,LOSSCASE_013,2026-06-25,HIGHEST_RANKED_OUTSIDE_TARGET7,19,d1_intraday_range,603938_2026-06-25,600379_2026-06-25,0.087812369119084,0.080794701986755,0.007017667132329,reports/research/v004c_pairwise_v1_feature_contract_v002_20260506_20260630/v004c_pairwise_v1_input_table_v002.csv,reports/research/v004c_pairwise_v1_feature_contract_v002_20260506_20260630/v004c_pairwise_v1_input_table_v002.csv
LOSSCASE_013_A,LOSSCASE_013,2026-06-25,HIGHEST_RANKED_OUTSIDE_TARGET7,20,d1_afternoon_return,603938_2026-06-25,600379_2026-06-25,0.0017251293847038,0.0046357615894039,-0.0029106322047001004,reports/research/v004c_pairwise_v1_feature_contract_v002_20260506_20260630/v004c_pairwise_v1_input_table_v002.csv,reports/research/v004c_pairwise_v1_feature_contract_v002_20260506_20260630/v004c_pairwise_v1_input_table_v002.csv
LOSSCASE_013_A,LOSSCASE_013,2026-06-25,HIGHEST_RANKED_OUTSIDE_TARGET7,21,d1_last_hour_return,603938_2026-06-25,600379_2026-06-25,-0.0100866600369369,0.0053015241882041,-0.015388184225141,reports/research/v004c_pairwise_v1_feature_contract_v002_20260506_20260630/v004c_pairwise_v1_input_table_v002.csv,reports/research/v004c_pairwise_v1_feature_contract_v002_20260506_20260630/v004c_pairwise_v1_input_table_v002.csv
LOSSCASE_013_A,LOSSCASE_013,2026-06-25,HIGHEST_RANKED_OUTSIDE_TARGET7,22,break_volume_ratio_vs_board_days,603938_2026-06-25,600379_2026-06-25,1.2642328081714689,1.1670097734683025,0.0972230347031664,reports/research/v004c_pairwise_v1_feature_contract_v002_20260506_20260630/v004c_pairwise_v1_input_table_v002.csv,reports/research/v004c_pairwise_v1_feature_contract_v002_20260506_20260630/v004c_pairwise_v1_input_table_v002.csv
LOSSCASE_013_A,LOSSCASE_013,2026-06-25,HIGHEST_RANKED_OUTSIDE_TARGET7,23,d1_up_bar_volume_ratio,603938_2026-06-25,600379_2026-06-25,0.3718670270454646,0.4904534631324642,-0.11858643608699959,reports/research/v004c_pairwise_v1_feature_contract_v002_20260506_20260630/v004c_pairwise_v1_input_table_v002.csv,reports/research/v004c_pairwise_v1_feature_contract_v002_20260506_20260630/v004c_pairwise_v1_input_table_v002.csv
LOSSCASE_013_A,LOSSCASE_013,2026-06-25,HIGHEST_RANKED_OUTSIDE_TARGET7,24,down_bar_volume_ratio,603938_2026-06-25,600379_2026-06-25,0.6281329729545353,0.4780497473219857,0.1500832256325496,reports/research/v004c_pairwise_v1_feature_contract_v002_20260506_20260630/v004c_pairwise_v1_input_table_v002.csv,reports/research/v004c_pairwise_v1_feature_contract_v002_20260506_20260630/v004c_pairwise_v1_input_table_v002.csv
LOSSCASE_013_A,LOSSCASE_013,2026-06-25,HIGHEST_RANKED_OUTSIDE_TARGET7,25,volume_above_d1_close_ratio,603938_2026-06-25,600379_2026-06-25,0.7287141677786118,0.3800768827847455,0.34863728499386626,reports/research/v004c_pairwise_v1_feature_contract_v002_20260506_20260630/v004c_pairwise_v1_input_table_v002.csv,reports/research/v004c_pairwise_v1_feature_contract_v002_20260506_20260630/v004c_pairwise_v1_input_table_v002.csv
LOSSCASE_013_A,LOSSCASE_013,2026-06-25,HIGHEST_RANKED_OUTSIDE_TARGET7,26,amount_above_d1_close_ratio,603938_2026-06-25,600379_2026-06-25,0.7314376218522741,0.3864138727314352,0.34502374912083894,reports/research/v004c_pairwise_v1_feature_contract_v002_20260506_20260630/v004c_pairwise_v1_input_table_v002.csv,reports/research/v004c_pairwise_v1_feature_contract_v002_20260506_20260630/v004c_pairwise_v1_input_table_v002.csv
LOSSCASE_013_A,LOSSCASE_013,2026-06-25,HIGHEST_RANKED_OUTSIDE_TARGET7,27,high_zone_volume_ratio,603938_2026-06-25,600379_2026-06-25,0.0,0.0899605196745857,-0.0899605196745857,reports/research/v004c_pairwise_v1_feature_contract_v002_20260506_20260630/v004c_pairwise_v1_input_table_v002.csv,reports/research/v004c_pairwise_v1_feature_contract_v002_20260506_20260630/v004c_pairwise_v1_input_table_v002.csv
LOSSCASE_013_A,LOSSCASE_013,2026-06-25,HIGHEST_RANKED_OUTSIDE_TARGET7,28,high_zone_amount_ratio,603938_2026-06-25,600379_2026-06-25,0.0,0.0927275661506301,-0.0927275661506301,reports/research/v004c_pairwise_v1_feature_contract_v002_20260506_20260630/v004c_pairwise_v1_input_table_v002.csv,reports/research/v004c_pairwise_v1_feature_contract_v002_20260506_20260630/v004c_pairwise_v1_input_table_v002.csv
LOSSCASE_013_A,LOSSCASE_013,2026-06-25,HIGHEST_RANKED_OUTSIDE_TARGET7,29,late_day_sell_volume_ratio,603938_2026-06-25,600379_2026-06-25,0.1468388965918278,0.0414922578699308,0.105346638721897,reports/research/v004c_pairwise_v1_feature_contract_v002_20260506_20260630/v004c_pairwise_v1_input_table_v002.csv,reports/research/v004c_pairwise_v1_feature_contract_v002_20260506_20260630/v004c_pairwise_v1_input_table_v002.csv
LOSSCASE_013_A,LOSSCASE_013,2026-06-25,HIGHEST_RANKED_OUTSIDE_TARGET7,30,late_day_sell_amount_ratio,603938_2026-06-25,600379_2026-06-25,0.1456220694420203,0.0414755515715681,0.1041465178704522,reports/research/v004c_pairwise_v1_feature_contract_v002_20260506_20260630/v004c_pairwise_v1_input_table_v002.csv,reports/research/v004c_pairwise_v1_feature_contract_v002_20260506_20260630/v004c_pairwise_v1_input_table_v002.csv
LOSSCASE_013_A,LOSSCASE_013,2026-06-25,HIGHEST_RANKED_OUTSIDE_TARGET7,31,d1_close_to_vwap_raw,603938_2026-06-25,600379_2026-06-25,-0.0129036078611343,0.0037609059538654,-0.0166645138149997,reports/research/v004c_pairwise_v1_feature_contract_v002_20260506_20260630/v004c_pairwise_v1_input_table_v002.csv,reports/research/v004c_pairwise_v1_feature_contract_v002_20260506_20260630/v004c_pairwise_v1_input_table_v002.csv
LOSSCASE_013_A,LOSSCASE_013,2026-06-25,HIGHEST_RANKED_OUTSIDE_TARGET7,32,d1_close_to_ma5_raw,603938_2026-06-25,600379_2026-06-25,0.0906245108780716,0.1063302217036172,-0.015705710825545588,reports/research/v004c_pairwise_v1_feature_contract_v002_20260506_20260630/v004c_pairwise_v1_input_table_v002.csv,reports/research/v004c_pairwise_v1_feature_contract_v002_20260506_20260630/v004c_pairwise_v1_input_table_v002.csv
LOSSCASE_013_A,LOSSCASE_013,2026-06-25,HIGHEST_RANKED_OUTSIDE_TARGET7,33,d1_low_to_ma5_raw,603938_2026-06-25,600379_2026-06-25,0.0721552668649239,0.0552800466744458,0.01687522019047811,reports/research/v004c_pairwise_v1_feature_contract_v002_20260506_20260630/v004c_pairwise_v1_input_table_v002.csv,reports/research/v004c_pairwise_v1_feature_contract_v002_20260506_20260630/v004c_pairwise_v1_input_table_v002.csv
LOSSCASE_013_A,LOSSCASE_013,2026-06-25,HIGHEST_RANKED_OUTSIDE_TARGET7,34,d1_high_to_ma5_raw,603938_2026-06-25,600379_2026-06-25,0.1738926279542962,0.1471703617269546,0.026722266227341585,reports/research/v004c_pairwise_v1_feature_contract_v002_20260506_20260630/v004c_pairwise_v1_input_table_v002.csv,reports/research/v004c_pairwise_v1_feature_contract_v002_20260506_20260630/v004c_pairwise_v1_input_table_v002.csv
LOSSCASE_013_A,LOSSCASE_013,2026-06-25,HIGHEST_RANKED_OUTSIDE_TARGET7,35,d1_close_to_ma10_raw,603938_2026-06-25,600379_2026-06-25,0.1629420698633108,0.1708860759493671,-0.007944006086056304,reports/research/v004c_pairwise_v1_feature_contract_v002_20260506_20260630/v004c_pairwise_v1_input_table_v002.csv,reports/research/v004c_pairwise_v1_feature_contract_v002_20260506_20260630/v004c_pairwise_v1_input_table_v002.csv
LOSSCASE_013_A,LOSSCASE_013,2026-06-25,HIGHEST_RANKED_OUTSIDE_TARGET7,36,d1_low_to_ma10_raw,603938_2026-06-25,600379_2026-06-25,0.1432481599546036,0.1168570546464959,0.026391105308107704,reports/research/v004c_pairwise_v1_feature_contract_v002_20260506_20260630/v004c_pairwise_v1_input_table_v002.csv,reports/research/v004c_pairwise_v1_feature_contract_v002_20260506_20260630/v004c_pairwise_v1_input_table_v002.csv
LOSSCASE_013_A,LOSSCASE_013,2026-06-25,HIGHEST_RANKED_OUTSIDE_TARGET7,37,d1_close_to_ma20,603938_2026-06-25,600379_2026-06-25,0.2817777123726133,0.1719263007454903,0.10985141162712297,reports/research/v004c_pairwise_v1_feature_contract_v002_20260506_20260630/v004c_pairwise_v1_input_table_v002.csv,reports/research/v004c_pairwise_v1_feature_contract_v002_20260506_20260630/v004c_pairwise_v1_input_table_v002.csv
LOSSCASE_013_A,LOSSCASE_013,2026-06-25,HIGHEST_RANKED_OUTSIDE_TARGET7,38,d1_ma5_slope,603938_2026-06-25,600379_2026-06-25,0.0466564005111234,0.0438489646772228,0.0028074358339005984,reports/research/v004c_pairwise_v1_feature_contract_v002_20260506_20260630/v004c_pairwise_v1_input_table_v002.csv,reports/research/v004c_pairwise_v1_feature_contract_v002_20260506_20260630/v004c_pairwise_v1_input_table_v002.csv
LOSSCASE_013_A,LOSSCASE_013,2026-06-25,HIGHEST_RANKED_OUTSIDE_TARGET7,39,d1_ma10_slope,603938_2026-06-25,600379_2026-06-25,0.0164554599894821,0.0250810981881477,-0.0086256381986656,reports/research/v004c_pairwise_v1_feature_contract_v002_20260506_20260630/v004c_pairwise_v1_input_table_v002.csv,reports/research/v004c_pairwise_v1_feature_contract_v002_20260506_20260630/v004c_pairwise_v1_input_table_v002.csv
LOSSCASE_013_A,LOSSCASE_013,2026-06-25,HIGHEST_RANKED_OUTSIDE_TARGET7,40,d1_ma20_slope,603938_2026-06-25,600379_2026-06-25,0.025543314216722,0.0035274052252112,0.022015908991510798,reports/research/v004c_pairwise_v1_feature_contract_v002_20260506_20260630/v004c_pairwise_v1_input_table_v002.csv,reports/research/v004c_pairwise_v1_feature_contract_v002_20260506_20260630/v004c_pairwise_v1_input_table_v002.csv
LOSSCASE_013_A,LOSSCASE_013,2026-06-25,HIGHEST_RANKED_OUTSIDE_TARGET7,41,d1_close_above_ma5,603938_2026-06-25,600379_2026-06-25,1.0,1.0,0.0,reports/research/v004c_pairwise_v1_feature_contract_v002_20260506_20260630/v004c_pairwise_v1_input_table_v002.csv,reports/research/v004c_pairwise_v1_feature_contract_v002_20260506_20260630/v004c_pairwise_v1_input_table_v002.csv
LOSSCASE_013_A,LOSSCASE_013,2026-06-25,HIGHEST_RANKED_OUTSIDE_TARGET7,42,d1_close_above_ma10,603938_2026-06-25,600379_2026-06-25,1.0,1.0,0.0,reports/research/v004c_pairwise_v1_feature_contract_v002_20260506_20260630/v004c_pairwise_v1_input_table_v002.csv,reports/research/v004c_pairwise_v1_feature_contract_v002_20260506_20260630/v004c_pairwise_v1_input_table_v002.csv
LOSSCASE_013_A,LOSSCASE_013,2026-06-25,HIGHEST_RANKED_OUTSIDE_TARGET7,43,d1_true_reclaim_ma5,603938_2026-06-25,600379_2026-06-25,0.0,0.0,0.0,reports/research/v004c_pairwise_v1_feature_contract_v002_20260506_20260630/v004c_pairwise_v1_input_table_v002.csv,reports/research/v004c_pairwise_v1_feature_contract_v002_20260506_20260630/v004c_pairwise_v1_input_table_v002.csv
LOSSCASE_013_A,LOSSCASE_013,2026-06-25,HIGHEST_RANKED_OUTSIDE_TARGET7,44,d1_true_reclaim_ma10,603938_2026-06-25,600379_2026-06-25,0.0,0.0,0.0,reports/research/v004c_pairwise_v1_feature_contract_v002_20260506_20260630/v004c_pairwise_v1_input_table_v002.csv,reports/research/v004c_pairwise_v1_feature_contract_v002_20260506_20260630/v004c_pairwise_v1_input_table_v002.csv
LOSSCASE_013_A,LOSSCASE_013,2026-06-25,HIGHEST_RANKED_OUTSIDE_TARGET7,45,consecutive_days_below_ma5,603938_2026-06-25,600379_2026-06-25,0.0,0.0,0.0,reports/research/v004c_pairwise_v1_feature_contract_v002_20260506_20260630/v004c_pairwise_v1_input_table_v002.csv,reports/research/v004c_pairwise_v1_feature_contract_v002_20260506_20260630/v004c_pairwise_v1_input_table_v002.csv
LOSSCASE_013_A,LOSSCASE_013,2026-06-25,HIGHEST_RANKED_OUTSIDE_TARGET7,46,consecutive_days_below_ma10,603938_2026-06-25,600379_2026-06-25,0.0,0.0,0.0,reports/research/v004c_pairwise_v1_feature_contract_v002_20260506_20260630/v004c_pairwise_v1_input_table_v002.csv,reports/research/v004c_pairwise_v1_feature_contract_v002_20260506_20260630/v004c_pairwise_v1_input_table_v002.csv
LOSSCASE_013_A,LOSSCASE_013,2026-06-25,HIGHEST_RANKED_OUTSIDE_TARGET7,47,break_day_in_pool,603938_2026-06-25,600379_2026-06-25,0.0,0.0,0.0,reports/research/v004c_pairwise_v1_feature_contract_v002_20260506_20260630/v004c_pairwise_v1_input_table_v002.csv,reports/research/v004c_pairwise_v1_feature_contract_v002_20260506_20260630/v004c_pairwise_v1_input_table_v002.csv
LOSSCASE_013_A,LOSSCASE_013,2026-06-25,HIGHEST_RANKED_OUTSIDE_TARGET7,48,last_board_day_in_pool,603938_2026-06-25,600379_2026-06-25,1.0,1.0,0.0,reports/research/v004c_pairwise_v1_feature_contract_v002_20260506_20260630/v004c_pairwise_v1_input_table_v002.csv,reports/research/v004c_pairwise_v1_feature_contract_v002_20260506_20260630/v004c_pairwise_v1_input_table_v002.csv
LOSSCASE_013_A,LOSSCASE_013,2026-06-25,HIGHEST_RANKED_OUTSIDE_TARGET7,49,pool_consecutive_count_last_board,603938_2026-06-25,600379_2026-06-25,3.0,2.0,1.0,reports/research/v004c_pairwise_v1_feature_contract_v002_20260506_20260630/v004c_pairwise_v1_input_table_v002.csv,reports/research/v004c_pairwise_v1_feature_contract_v002_20260506_20260630/v004c_pairwise_v1_input_table_v002.csv
LOSSCASE_013_A,LOSSCASE_013,2026-06-25,HIGHEST_RANKED_OUTSIDE_TARGET7,50,recent_7d_cumulative_return,603938_2026-06-25,600379_2026-06-25,0.2122477383437719,0.2097288676236044,0.0025188707201674876,reports/research/v004c_pairwise_v1_feature_contract_v002_20260506_20260630/v004c_pairwise_v1_input_table_v002.csv,reports/research/v004c_pairwise_v1_feature_contract_v002_20260506_20260630/v004c_pairwise_v1_input_table_v002.csv
LOSSCASE_013_A,LOSSCASE_013,2026-06-25,HIGHEST_RANKED_OUTSIDE_TARGET7,51,recent_7d_max_drawdown,603938_2026-06-25,600379_2026-06-25,0.0939198369565217,0.0664581704456606,0.0274616665108611,reports/research/v004c_pairwise_v1_feature_contract_v002_20260506_20260630/v004c_pairwise_v1_input_table_v002.csv,reports/research/v004c_pairwise_v1_feature_contract_v002_20260506_20260630/v004c_pairwise_v1_input_table_v002.csv
LOSSCASE_013_A,LOSSCASE_013,2026-06-25,HIGHEST_RANKED_OUTSIDE_TARGET7,52,recent_7d_close_position,603938_2026-06-25,600379_2026-06-25,0.7542725173210164,0.8522427440633245,-0.09797022674230804,reports/research/v004c_pairwise_v1_feature_contract_v002_20260506_20260630/v004c_pairwise_v1_input_table_v002.csv,reports/research/v004c_pairwise_v1_feature_contract_v002_20260506_20260630/v004c_pairwise_v1_input_table_v002.csv
LOSSCASE_013_A,LOSSCASE_013,2026-06-25,HIGHEST_RANKED_OUTSIDE_TARGET7,53,recent_7d_limit_up_count,603938_2026-06-25,600379_2026-06-25,3.0,2.0,1.0,reports/research/v004c_pairwise_v1_feature_contract_v002_20260506_20260630/v004c_pairwise_v1_input_table_v002.csv,reports/research/v004c_pairwise_v1_feature_contract_v002_20260506_20260630/v004c_pairwise_v1_input_table_v002.csv
LOSSCASE_014_A,LOSSCASE_014,2026-06-25,HIGHEST_RANKED_OUTSIDE_TARGET7,1,board_streak_is_3,603938_2026-06-25,002580_2026-06-25,1.0,0.0,1.0,reports/research/v004c_pairwise_v1_feature_contract_v002_20260506_20260630/v004c_pairwise_v1_input_table_v002.csv,reports/research/v004c_pairwise_v1_feature_contract_v002_20260506_20260630/v004c_pairwise_v1_input_table_v002.csv
LOSSCASE_014_A,LOSSCASE_014,2026-06-25,HIGHEST_RANKED_OUTSIDE_TARGET7,2,max_board_streak_20d,603938_2026-06-25,002580_2026-06-25,3.0,2.0,1.0,reports/research/v004c_pairwise_v1_feature_contract_v002_20260506_20260630/v004c_pairwise_v1_input_table_v002.csv,reports/research/v004c_pairwise_v1_feature_contract_v002_20260506_20260630/v004c_pairwise_v1_input_table_v002.csv
LOSSCASE_014_A,LOSSCASE_014,2026-06-25,HIGHEST_RANKED_OUTSIDE_TARGET7,3,recent_limit_up_count_10d,603938_2026-06-25,002580_2026-06-25,3.0,2.0,1.0,reports/research/v004c_pairwise_v1_feature_contract_v002_20260506_20260630/v004c_pairwise_v1_input_table_v002.csv,reports/research/v004c_pairwise_v1_feature_contract_v002_20260506_20260630/v004c_pairwise_v1_input_table_v002.csv
LOSSCASE_014_A,LOSSCASE_014,2026-06-25,HIGHEST_RANKED_OUTSIDE_TARGET7,4,recent_limit_up_count_20d,603938_2026-06-25,002580_2026-06-25,6.0,3.0,3.0,reports/research/v004c_pairwise_v1_feature_contract_v002_20260506_20260630/v004c_pairwise_v1_input_table_v002.csv,reports/research/v004c_pairwise_v1_feature_contract_v002_20260506_20260630/v004c_pairwise_v1_input_table_v002.csv
LOSSCASE_014_A,LOSSCASE_014,2026-06-25,HIGHEST_RANKED_OUTSIDE_TARGET7,5,recent_pool_appearance_count_10d,603938_2026-06-25,002580_2026-06-25,3.0,2.0,1.0,reports/research/v004c_pairwise_v1_feature_contract_v002_20260506_20260630/v004c_pairwise_v1_input_table_v002.csv,reports/research/v004c_pairwise_v1_feature_contract_v002_20260506_20260630/v004c_pairwise_v1_input_table_v002.csv
LOSSCASE_014_A,LOSSCASE_014,2026-06-25,HIGHEST_RANKED_OUTSIDE_TARGET7,6,recent_pool_appearance_count_20d,603938_2026-06-25,002580_2026-06-25,6.0,3.0,3.0,reports/research/v004c_pairwise_v1_feature_contract_v002_20260506_20260630/v004c_pairwise_v1_input_table_v002.csv,reports/research/v004c_pairwise_v1_feature_contract_v002_20260506_20260630/v004c_pairwise_v1_input_table_v002.csv
LOSSCASE_014_A,LOSSCASE_014,2026-06-25,HIGHEST_RANKED_OUTSIDE_TARGET7,7,board_day_volume_rank,603938_2026-06-25,002580_2026-06-25,41.0,16.0,25.0,reports/research/v004c_pairwise_v1_feature_contract_v002_20260506_20260630/v004c_pairwise_v1_input_table_v002.csv,reports/research/v004c_pairwise_v1_feature_contract_v002_20260506_20260630/v004c_pairwise_v1_input_table_v002.csv
LOSSCASE_014_A,LOSSCASE_014,2026-06-25,HIGHEST_RANKED_OUTSIDE_TARGET7,8,break_open_return,603938_2026-06-25,002580_2026-06-25,0.0364372469635627,0.0188161505292041,0.0176210964343586,reports/research/v004c_pairwise_v1_feature_contract_v002_20260506_20260630/v004c_pairwise_v1_input_table_v002.csv,reports/research/v004c_pairwise_v1_feature_contract_v002_20260506_20260630/v004c_pairwise_v1_input_table_v002.csv
LOSSCASE_014_A,LOSSCASE_014,2026-06-25,HIGHEST_RANKED_OUTSIDE_TARGET7,9,break_high_return,603938_2026-06-25,002580_2026-06-25,0.0470473265391595,0.0780086240689925,-0.030961297529833003,reports/research/v004c_pairwise_v1_feature_contract_v002_20260506_20260630/v004c_pairwise_v1_input_table_v002.csv,reports/research/v004c_pairwise_v1_feature_contract_v002_20260506_20260630/v004c_pairwise_v1_input_table_v002.csv
LOSSCASE_014_A,LOSSCASE_014,2026-06-25,HIGHEST_RANKED_OUTSIDE_TARGET7,10,break_close_return,603938_2026-06-25,002580_2026-06-25,-0.0272232304900179,-0.009016072128577,-0.0182071583614409,reports/research/v004c_pairwise_v1_feature_contract_v002_20260506_20260630/v004c_pairwise_v1_input_table_v002.csv,reports/research/v004c_pairwise_v1_feature_contract_v002_20260506_20260630/v004c_pairwise_v1_input_table_v002.csv
LOSSCASE_014_A,LOSSCASE_014,2026-06-25,HIGHEST_RANKED_OUTSIDE_TARGET7,11,break_touched_limit_up,603938_2026-06-25,002580_2026-06-25,0.0,0.0,0.0,reports/research/v004c_pairwise_v1_feature_contract_v002_20260506_20260630/v004c_pairwise_v1_input_table_v002.csv,reports/research/v004c_pairwise_v1_feature_contract_v002_20260506_20260630/v004c_pairwise_v1_input_table_v002.csv
LOSSCASE_014_A,LOSSCASE_014,2026-06-25,HIGHEST_RANKED_OUTSIDE_TARGET7,12,break_opened_from_limit_up,603938_2026-06-25,002580_2026-06-25,0.0,0.0,0.0,reports/research/v004c_pairwise_v1_feature_contract_v002_20260506_20260630/v004c_pairwise_v1_input_table_v002.csv,reports/research/v004c_pairwise_v1_feature_contract_v002_20260506_20260630/v004c_pairwise_v1_input_table_v002.csv
LOSSCASE_014_A,LOSSCASE_014,2026-06-25,HIGHEST_RANKED_OUTSIDE_TARGET7,13,break_upper_shadow_ratio,603938_2026-06-25,002580_2026-06-25,0.1169230769230777,0.5392857142857147,-0.422362637362637,reports/research/v004c_pairwise_v1_feature_contract_v002_20260506_20260630/v004c_pairwise_v1_input_table_v002.csv,reports/research/v004c_pairwise_v1_feature_contract_v002_20260506_20260630/v004c_pairwise_v1_input_table_v002.csv
LOSSCASE_014_A,LOSSCASE_014,2026-06-25,HIGHEST_RANKED_OUTSIDE_TARGET7,14,break_lower_shadow_ratio,603938_2026-06-25,002580_2026-06-25,0.1815384615384626,0.2071428571428577,-0.02560439560439512,reports/research/v004c_pairwise_v1_feature_contract_v002_20260506_20260630/v004c_pairwise_v1_input_table_v002.csv,reports/research/v004c_pairwise_v1_feature_contract_v002_20260506_20260630/v004c_pairwise_v1_input_table_v002.csv
LOSSCASE_014_A,LOSSCASE_014,2026-06-25,HIGHEST_RANKED_OUTSIDE_TARGET7,15,d1_high_to_close_drawdown_raw,603938_2026-06-25,002580_2026-06-25,0.0684491978609624,0.0800582241630276,-0.0116090263020652,reports/research/v004c_pairwise_v1_feature_contract_v002_20260506_20260630/v004c_pairwise_v1_input_table_v002.csv,reports/research/v004c_pairwise_v1_feature_contract_v002_20260506_20260630/v004c_pairwise_v1_input_table_v002.csv
LOSSCASE_014_A,LOSSCASE_014,2026-06-25,HIGHEST_RANKED_OUTSIDE_TARGET7,16,d1_low_to_close_recovery,603938_2026-06-25,002580_2026-06-25,0.0170777988614801,0.0234817813765182,-0.006403982515038098,reports/research/v004c_pairwise_v1_feature_contract_v002_20260506_20260630/v004c_pairwise_v1_input_table_v002.csv,reports/research/v004c_pairwise_v1_feature_contract_v002_20260506_20260630/v004c_pairwise_v1_input_table_v002.csv
LOSSCASE_014_A,LOSSCASE_014,2026-06-25,HIGHEST_RANKED_OUTSIDE_TARGET7,17,d1_open_to_close_return_raw,603938_2026-06-25,002580_2026-06-25,-0.0614224137931033,-0.0273181993074258,-0.0341042144856775,reports/research/v004c_pairwise_v1_feature_contract_v002_20260506_20260630/v004c_pairwise_v1_input_table_v002.csv,reports/research/v004c_pairwise_v1_feature_contract_v002_20260506_20260630/v004c_pairwise_v1_input_table_v002.csv
LOSSCASE_014_A,LOSSCASE_014,2026-06-25,HIGHEST_RANKED_OUTSIDE_TARGET7,18,d1_close_location,603938_2026-06-25,002580_2026-06-25,0.1860095389507159,0.2086330935251804,-0.022623554574464494,reports/research/v004c_pairwise_v1_feature_contract_v002_20260506_20260630/v004c_pairwise_v1_input_table_v002.csv,reports/research/v004c_pairwise_v1_feature_contract_v002_20260506_20260630/v004c_pairwise_v1_input_table_v002.csv
LOSSCASE_014_A,LOSSCASE_014,2026-06-25,HIGHEST_RANKED_OUTSIDE_TARGET7,19,d1_intraday_range,603938_2026-06-25,002580_2026-06-25,0.087812369119084,0.1089768718149745,-0.0211645026958905,reports/research/v004c_pairwise_v1_feature_contract_v002_20260506_20260630/v004c_pairwise_v1_input_table_v002.csv,reports/research/v004c_pairwise_v1_feature_contract_v002_20260506_20260630/v004c_pairwise_v1_input_table_v002.csv
LOSSCASE_014_A,LOSSCASE_014,2026-06-25,HIGHEST_RANKED_OUTSIDE_TARGET7,20,d1_afternoon_return,603938_2026-06-25,002580_2026-06-25,0.0017251293847038,0.0124148978774529,-0.010689768492749099,reports/research/v004c_pairwise_v1_feature_contract_v002_20260506_20260630/v004c_pairwise_v1_input_table_v002.csv,reports/research/v004c_pairwise_v1_feature_contract_v002_20260506_20260630/v004c_pairwise_v1_input_table_v002.csv
LOSSCASE_014_A,LOSSCASE_014,2026-06-25,HIGHEST_RANKED_OUTSIDE_TARGET7,21,d1_last_hour_return,603938_2026-06-25,002580_2026-06-25,-0.0100866600369369,-0.0445956160241874,0.0345089559872505,reports/research/v004c_pairwise_v1_feature_contract_v002_20260506_20260630/v004c_pairwise_v1_input_table_v002.csv,reports/research/v004c_pairwise_v1_feature_contract_v002_20260506_20260630/v004c_pairwise_v1_input_table_v002.csv
LOSSCASE_014_A,LOSSCASE_014,2026-06-25,HIGHEST_RANKED_OUTSIDE_TARGET7,22,break_volume_ratio_vs_board_days,603938_2026-06-25,002580_2026-06-25,1.2642328081714689,1.7884130168236148,-0.5241802086521459,reports/research/v004c_pairwise_v1_feature_contract_v002_20260506_20260630/v004c_pairwise_v1_input_table_v002.csv,reports/research/v004c_pairwise_v1_feature_contract_v002_20260506_20260630/v004c_pairwise_v1_input_table_v002.csv
LOSSCASE_014_A,LOSSCASE_014,2026-06-25,HIGHEST_RANKED_OUTSIDE_TARGET7,23,d1_up_bar_volume_ratio,603938_2026-06-25,002580_2026-06-25,0.3718670270454646,0.4769182029206628,-0.10505117587519819,reports/research/v004c_pairwise_v1_feature_contract_v002_20260506_20260630/v004c_pairwise_v1_input_table_v002.csv,reports/research/v004c_pairwise_v1_feature_contract_v002_20260506_20260630/v004c_pairwise_v1_input_table_v002.csv
LOSSCASE_014_A,LOSSCASE_014,2026-06-25,HIGHEST_RANKED_OUTSIDE_TARGET7,24,down_bar_volume_ratio,603938_2026-06-25,002580_2026-06-25,0.6281329729545353,0.5230817970793372,0.10505117587519808,reports/research/v004c_pairwise_v1_feature_contract_v002_20260506_20260630/v004c_pairwise_v1_input_table_v002.csv,reports/research/v004c_pairwise_v1_feature_contract_v002_20260506_20260630/v004c_pairwise_v1_input_table_v002.csv
LOSSCASE_014_A,LOSSCASE_014,2026-06-25,HIGHEST_RANKED_OUTSIDE_TARGET7,25,volume_above_d1_close_ratio,603938_2026-06-25,002580_2026-06-25,0.7287141677786118,0.781088810451579,-0.05237464267296721,reports/research/v004c_pairwise_v1_feature_contract_v002_20260506_20260630/v004c_pairwise_v1_input_table_v002.csv,reports/research/v004c_pairwise_v1_feature_contract_v002_20260506_20260630/v004c_pairwise_v1_input_table_v002.csv
LOSSCASE_014_A,LOSSCASE_014,2026-06-25,HIGHEST_RANKED_OUTSIDE_TARGET7,26,amount_above_d1_close_ratio,603938_2026-06-25,002580_2026-06-25,0.7314376218522741,0.7899674640832132,-0.058529842230939044,reports/research/v004c_pairwise_v1_feature_contract_v002_20260506_20260630/v004c_pairwise_v1_input_table_v002.csv,reports/research/v004c_pairwise_v1_feature_contract_v002_20260506_20260630/v004c_pairwise_v1_input_table_v002.csv
LOSSCASE_014_A,LOSSCASE_014,2026-06-25,HIGHEST_RANKED_OUTSIDE_TARGET7,27,high_zone_volume_ratio,603938_2026-06-25,002580_2026-06-25,0.0,0.3837790949346589,-0.3837790949346589,reports/research/v004c_pairwise_v1_feature_contract_v002_20260506_20260630/v004c_pairwise_v1_input_table_v002.csv,reports/research/v004c_pairwise_v1_feature_contract_v002_20260506_20260630/v004c_pairwise_v1_input_table_v002.csv
LOSSCASE_014_A,LOSSCASE_014,2026-06-25,HIGHEST_RANKED_OUTSIDE_TARGET7,28,high_zone_amount_ratio,603938_2026-06-25,002580_2026-06-25,0.0,0.3934896891076008,-0.3934896891076008,reports/research/v004c_pairwise_v1_feature_contract_v002_20260506_20260630/v004c_pairwise_v1_input_table_v002.csv,reports/research/v004c_pairwise_v1_feature_contract_v002_20260506_20260630/v004c_pairwise_v1_input_table_v002.csv
LOSSCASE_014_A,LOSSCASE_014,2026-06-25,HIGHEST_RANKED_OUTSIDE_TARGET7,29,late_day_sell_volume_ratio,603938_2026-06-25,002580_2026-06-25,0.1468388965918278,0.0996128774948413,0.04722601909698651,reports/research/v004c_pairwise_v1_feature_contract_v002_20260506_20260630/v004c_pairwise_v1_input_table_v002.csv,reports/research/v004c_pairwise_v1_feature_contract_v002_20260506_20260630/v004c_pairwise_v1_input_table_v002.csv
LOSSCASE_014_A,LOSSCASE_014,2026-06-25,HIGHEST_RANKED_OUTSIDE_TARGET7,30,late_day_sell_amount_ratio,603938_2026-06-25,002580_2026-06-25,0.1456220694420203,0.0985632727712144,0.0470587966708059,reports/research/v004c_pairwise_v1_feature_contract_v002_20260506_20260630/v004c_pairwise_v1_input_table_v002.csv,reports/research/v004c_pairwise_v1_feature_contract_v002_20260506_20260630/v004c_pairwise_v1_input_table_v002.csv
LOSSCASE_014_A,LOSSCASE_014,2026-06-25,HIGHEST_RANKED_OUTSIDE_TARGET7,31,d1_close_to_vwap_raw,603938_2026-06-25,002580_2026-06-25,-0.0129036078611343,-0.0329414055145318,0.0200377976533975,reports/research/v004c_pairwise_v1_feature_contract_v002_20260506_20260630/v004c_pairwise_v1_input_table_v002.csv,reports/research/v004c_pairwise_v1_feature_contract_v002_20260506_20260630/v004c_pairwise_v1_input_table_v002.csv
LOSSCASE_014_A,LOSSCASE_014,2026-06-25,HIGHEST_RANKED_OUTSIDE_TARGET7,32,d1_close_to_ma5_raw,603938_2026-06-25,002580_2026-06-25,0.0906245108780716,0.0928583780044958,-0.002233867126424191,reports/research/v004c_pairwise_v1_feature_contract_v002_20260506_20260630/v004c_pairwise_v1_input_table_v002.csv,reports/research/v004c_pairwise_v1_feature_contract_v002_20260506_20260630/v004c_pairwise_v1_input_table_v002.csv
LOSSCASE_014_A,LOSSCASE_014,2026-06-25,HIGHEST_RANKED_OUTSIDE_TARGET7,33,d1_low_to_ma5_raw,603938_2026-06-25,002580_2026-06-25,0.0721552668649239,0.0677848867369876,0.0043703801279363075,reports/research/v004c_pairwise_v1_feature_contract_v002_20260506_20260630/v004c_pairwise_v1_input_table_v002.csv,reports/research/v004c_pairwise_v1_feature_contract_v002_20260506_20260630/v004c_pairwise_v1_input_table_v002.csv
LOSSCASE_014_A,LOSSCASE_014,2026-06-25,HIGHEST_RANKED_OUTSIDE_TARGET7,34,d1_high_to_ma5_raw,603938_2026-06-25,002580_2026-06-25,0.1738926279542962,0.1888293273387513,-0.014936699384455104,reports/research/v004c_pairwise_v1_feature_contract_v002_20260506_20260630/v004c_pairwise_v1_input_table_v002.csv,reports/research/v004c_pairwise_v1_feature_contract_v002_20260506_20260630/v004c_pairwise_v1_input_table_v002.csv
LOSSCASE_014_A,LOSSCASE_014,2026-06-25,HIGHEST_RANKED_OUTSIDE_TARGET7,35,d1_close_to_ma10_raw,603938_2026-06-25,002580_2026-06-25,0.1629420698633108,0.1417216150302591,0.02122045483305171,reports/research/v004c_pairwise_v1_feature_contract_v002_20260506_20260630/v004c_pairwise_v1_input_table_v002.csv,reports/research/v004c_pairwise_v1_feature_contract_v002_20260506_20260630/v004c_pairwise_v1_input_table_v002.csv
LOSSCASE_014_A,LOSSCASE_014,2026-06-25,HIGHEST_RANKED_OUTSIDE_TARGET7,36,d1_low_to_ma10_raw,603938_2026-06-25,002580_2026-06-25,0.1432481599546036,0.1155270526601028,0.027721107294500807,reports/research/v004c_pairwise_v1_feature_contract_v002_20260506_20260630/v004c_pairwise_v1_input_table_v002.csv,reports/research/v004c_pairwise_v1_feature_contract_v002_20260506_20260630/v004c_pairwise_v1_input_table_v002.csv
LOSSCASE_014_A,LOSSCASE_014,2026-06-25,HIGHEST_RANKED_OUTSIDE_TARGET7,37,d1_close_to_ma20,603938_2026-06-25,002580_2026-06-25,0.2817777123726133,0.1113309154852182,0.17044679688739509,reports/research/v004c_pairwise_v1_feature_contract_v002_20260506_20260630/v004c_pairwise_v1_input_table_v002.csv,reports/research/v004c_pairwise_v1_feature_contract_v002_20260506_20260630/v004c_pairwise_v1_input_table_v002.csv
LOSSCASE_014_A,LOSSCASE_014,2026-06-25,HIGHEST_RANKED_OUTSIDE_TARGET7,38,d1_ma5_slope,603938_2026-06-25,002580_2026-06-25,0.0466564005111234,0.0356375358166187,0.0110188646945047,reports/research/v004c_pairwise_v1_feature_contract_v002_20260506_20260630/v004c_pairwise_v1_input_table_v002.csv,reports/research/v004c_pairwise_v1_feature_contract_v002_20260506_20260630/v004c_pairwise_v1_input_table_v002.csv
LOSSCASE_014_A,LOSSCASE_014,2026-06-25,HIGHEST_RANKED_OUTSIDE_TARGET7,39,d1_ma10_slope,603938_2026-06-25,002580_2026-06-25,0.0164554599894821,0.0211215642870319,-0.0046661042975498015,reports/research/v004c_pairwise_v1_feature_contract_v002_20260506_20260630/v004c_pairwise_v1_input_table_v002.csv,reports/research/v004c_pairwise_v1_feature_contract_v002_20260506_20260630/v004c_pairwise_v1_input_table_v002.csv
LOSSCASE_014_A,LOSSCASE_014,2026-06-25,HIGHEST_RANKED_OUTSIDE_TARGET7,40,d1_ma20_slope,603938_2026-06-25,002580_2026-06-25,0.025543314216722,0.0049701789264413,0.020573135290280698,reports/research/v004c_pairwise_v1_feature_contract_v002_20260506_20260630/v004c_pairwise_v1_input_table_v002.csv,reports/research/v004c_pairwise_v1_feature_contract_v002_20260506_20260630/v004c_pairwise_v1_input_table_v002.csv
LOSSCASE_014_A,LOSSCASE_014,2026-06-25,HIGHEST_RANKED_OUTSIDE_TARGET7,41,d1_close_above_ma5,603938_2026-06-25,002580_2026-06-25,1.0,1.0,0.0,reports/research/v004c_pairwise_v1_feature_contract_v002_20260506_20260630/v004c_pairwise_v1_input_table_v002.csv,reports/research/v004c_pairwise_v1_feature_contract_v002_20260506_20260630/v004c_pairwise_v1_input_table_v002.csv
LOSSCASE_014_A,LOSSCASE_014,2026-06-25,HIGHEST_RANKED_OUTSIDE_TARGET7,42,d1_close_above_ma10,603938_2026-06-25,002580_2026-06-25,1.0,1.0,0.0,reports/research/v004c_pairwise_v1_feature_contract_v002_20260506_20260630/v004c_pairwise_v1_input_table_v002.csv,reports/research/v004c_pairwise_v1_feature_contract_v002_20260506_20260630/v004c_pairwise_v1_input_table_v002.csv
LOSSCASE_014_A,LOSSCASE_014,2026-06-25,HIGHEST_RANKED_OUTSIDE_TARGET7,43,d1_true_reclaim_ma5,603938_2026-06-25,002580_2026-06-25,0.0,0.0,0.0,reports/research/v004c_pairwise_v1_feature_contract_v002_20260506_20260630/v004c_pairwise_v1_input_table_v002.csv,reports/research/v004c_pairwise_v1_feature_contract_v002_20260506_20260630/v004c_pairwise_v1_input_table_v002.csv
LOSSCASE_014_A,LOSSCASE_014,2026-06-25,HIGHEST_RANKED_OUTSIDE_TARGET7,44,d1_true_reclaim_ma10,603938_2026-06-25,002580_2026-06-25,0.0,0.0,0.0,reports/research/v004c_pairwise_v1_feature_contract_v002_20260506_20260630/v004c_pairwise_v1_input_table_v002.csv,reports/research/v004c_pairwise_v1_feature_contract_v002_20260506_20260630/v004c_pairwise_v1_input_table_v002.csv
LOSSCASE_014_A,LOSSCASE_014,2026-06-25,HIGHEST_RANKED_OUTSIDE_TARGET7,45,consecutive_days_below_ma5,603938_2026-06-25,002580_2026-06-25,0.0,0.0,0.0,reports/research/v004c_pairwise_v1_feature_contract_v002_20260506_20260630/v004c_pairwise_v1_input_table_v002.csv,reports/research/v004c_pairwise_v1_feature_contract_v002_20260506_20260630/v004c_pairwise_v1_input_table_v002.csv
LOSSCASE_014_A,LOSSCASE_014,2026-06-25,HIGHEST_RANKED_OUTSIDE_TARGET7,46,consecutive_days_below_ma10,603938_2026-06-25,002580_2026-06-25,0.0,0.0,0.0,reports/research/v004c_pairwise_v1_feature_contract_v002_20260506_20260630/v004c_pairwise_v1_input_table_v002.csv,reports/research/v004c_pairwise_v1_feature_contract_v002_20260506_20260630/v004c_pairwise_v1_input_table_v002.csv
LOSSCASE_014_A,LOSSCASE_014,2026-06-25,HIGHEST_RANKED_OUTSIDE_TARGET7,47,break_day_in_pool,603938_2026-06-25,002580_2026-06-25,0.0,0.0,0.0,reports/research/v004c_pairwise_v1_feature_contract_v002_20260506_20260630/v004c_pairwise_v1_input_table_v002.csv,reports/research/v004c_pairwise_v1_feature_contract_v002_20260506_20260630/v004c_pairwise_v1_input_table_v002.csv
LOSSCASE_014_A,LOSSCASE_014,2026-06-25,HIGHEST_RANKED_OUTSIDE_TARGET7,48,last_board_day_in_pool,603938_2026-06-25,002580_2026-06-25,1.0,1.0,0.0,reports/research/v004c_pairwise_v1_feature_contract_v002_20260506_20260630/v004c_pairwise_v1_input_table_v002.csv,reports/research/v004c_pairwise_v1_feature_contract_v002_20260506_20260630/v004c_pairwise_v1_input_table_v002.csv
LOSSCASE_014_A,LOSSCASE_014,2026-06-25,HIGHEST_RANKED_OUTSIDE_TARGET7,49,pool_consecutive_count_last_board,603938_2026-06-25,002580_2026-06-25,3.0,2.0,1.0,reports/research/v004c_pairwise_v1_feature_contract_v002_20260506_20260630/v004c_pairwise_v1_input_table_v002.csv,reports/research/v004c_pairwise_v1_feature_contract_v002_20260506_20260630/v004c_pairwise_v1_input_table_v002.csv
LOSSCASE_014_A,LOSSCASE_014,2026-06-25,HIGHEST_RANKED_OUTSIDE_TARGET7,50,recent_7d_cumulative_return,603938_2026-06-25,002580_2026-06-25,0.2122477383437719,0.1703703703703702,0.04187736797340169,reports/research/v004c_pairwise_v1_feature_contract_v002_20260506_20260630/v004c_pairwise_v1_input_table_v002.csv,reports/research/v004c_pairwise_v1_feature_contract_v002_20260506_20260630/v004c_pairwise_v1_input_table_v002.csv
LOSSCASE_014_A,LOSSCASE_014,2026-06-25,HIGHEST_RANKED_OUTSIDE_TARGET7,51,recent_7d_max_drawdown,603938_2026-06-25,002580_2026-06-25,0.0939198369565217,0.1053333333333333,-0.011413496376811605,reports/research/v004c_pairwise_v1_feature_contract_v002_20260506_20260630/v004c_pairwise_v1_input_table_v002.csv,reports/research/v004c_pairwise_v1_feature_contract_v002_20260506_20260630/v004c_pairwise_v1_input_table_v002.csv
LOSSCASE_014_A,LOSSCASE_014,2026-06-25,HIGHEST_RANKED_OUTSIDE_TARGET7,52,recent_7d_close_position,603938_2026-06-25,002580_2026-06-25,0.7542725173210164,0.6987788331071915,0.055493684213824945,reports/research/v004c_pairwise_v1_feature_contract_v002_20260506_20260630/v004c_pairwise_v1_input_table_v002.csv,reports/research/v004c_pairwise_v1_feature_contract_v002_20260506_20260630/v004c_pairwise_v1_input_table_v002.csv
LOSSCASE_014_A,LOSSCASE_014,2026-06-25,HIGHEST_RANKED_OUTSIDE_TARGET7,53,recent_7d_limit_up_count,603938_2026-06-25,002580_2026-06-25,3.0,2.0,1.0,reports/research/v004c_pairwise_v1_feature_contract_v002_20260506_20260630/v004c_pairwise_v1_input_table_v002.csv,reports/research/v004c_pairwise_v1_feature_contract_v002_20260506_20260630/v004c_pairwise_v1_input_table_v002.csv
LOSSCASE_015_A,LOSSCASE_015,2026-07-01,HIGHEST_RANKED_OUTSIDE_TARGET7,1,board_streak_is_3,600378_2026-07-01,001237_2026-07-01,0.0,0.0,0.0,reports/research/v004c_model_table_v001_20260601_20260729/v004c_model_table_v001.csv,EXISTING_53F_FORMULA_RECONSTRUCTION_FROM_LOCAL_D1_SAFE_CACHES
LOSSCASE_015_A,LOSSCASE_015,2026-07-01,HIGHEST_RANKED_OUTSIDE_TARGET7,2,max_board_streak_20d,600378_2026-07-01,001237_2026-07-01,2.0,2.0,0.0,reports/research/v004c_d1_dataset_v001_20260601_20260729/v004c_d1_snapshot_v001.csv,EXISTING_53F_FORMULA_RECONSTRUCTION_FROM_LOCAL_D1_SAFE_CACHES
LOSSCASE_015_A,LOSSCASE_015,2026-07-01,HIGHEST_RANKED_OUTSIDE_TARGET7,3,recent_limit_up_count_10d,600378_2026-07-01,001237_2026-07-01,3.0,2.0,1.0,reports/research/v004c_d1_dataset_v001_20260601_20260729/v004c_d1_snapshot_v001.csv,EXISTING_53F_FORMULA_RECONSTRUCTION_FROM_LOCAL_D1_SAFE_CACHES
LOSSCASE_015_A,LOSSCASE_015,2026-07-01,HIGHEST_RANKED_OUTSIDE_TARGET7,4,recent_limit_up_count_20d,600378_2026-07-01,001237_2026-07-01,5.0,2.0,3.0,reports/research/v004c_d1_dataset_v001_20260601_20260729/v004c_d1_snapshot_v001.csv,EXISTING_53F_FORMULA_RECONSTRUCTION_FROM_LOCAL_D1_SAFE_CACHES
LOSSCASE_015_A,LOSSCASE_015,2026-07-01,HIGHEST_RANKED_OUTSIDE_TARGET7,5,recent_pool_appearance_count_10d,600378_2026-07-01,001237_2026-07-01,4.0,3.0,1.0,reports/research/v004c_d1_dataset_v001_20260601_20260729/v004c_d1_snapshot_v001.csv,EXISTING_53F_FORMULA_RECONSTRUCTION_FROM_LOCAL_D1_SAFE_CACHES
LOSSCASE_015_A,LOSSCASE_015,2026-07-01,HIGHEST_RANKED_OUTSIDE_TARGET7,6,recent_pool_appearance_count_20d,600378_2026-07-01,001237_2026-07-01,6.0,3.0,3.0,reports/research/v004c_d1_dataset_v001_20260601_20260729/v004c_d1_snapshot_v001.csv,EXISTING_53F_FORMULA_RECONSTRUCTION_FROM_LOCAL_D1_SAFE_CACHES
LOSSCASE_015_A,LOSSCASE_015,2026-07-01,HIGHEST_RANKED_OUTSIDE_TARGET7,7,board_day_volume_rank,600378_2026-07-01,001237_2026-07-01,18.0,90.0,-72.0,reports/research/v004c_model_table_v001_20260601_20260729/v004c_model_table_v001.csv,EXISTING_53F_FORMULA_RECONSTRUCTION_FROM_LOCAL_D1_SAFE_CACHES
LOSSCASE_015_A,LOSSCASE_015,2026-07-01,HIGHEST_RANKED_OUTSIDE_TARGET7,8,break_open_return,600378_2026-07-01,001237_2026-07-01,0.0189705492172991,0.025655326268823275,-0.006684777051524177,reports/research/v004c_model_table_v001_20260601_20260729/v004c_model_table_v001.csv,EXISTING_53F_FORMULA_RECONSTRUCTION_FROM_LOCAL_D1_SAFE_CACHES
LOSSCASE_015_A,LOSSCASE_015,2026-07-01,HIGHEST_RANKED_OUTSIDE_TARGET7,9,break_high_return,600378_2026-07-01,001237_2026-07-01,0.1000265322366675,0.05953708867819296,0.040489443558474544,reports/research/v004c_model_table_v001_20260601_20260729/v004c_model_table_v001.csv,EXISTING_53F_FORMULA_RECONSTRUCTION_FROM_LOCAL_D1_SAFE_CACHES
LOSSCASE_015_A,LOSSCASE_015,2026-07-01,HIGHEST_RANKED_OUTSIDE_TARGET7,10,break_close_return,600378_2026-07-01,001237_2026-07-01,0.0745555850358186,0.020217512548800887,0.05433807248701772,reports/research/v004c_model_table_v001_20260601_20260729/v004c_model_table_v001.csv,EXISTING_53F_FORMULA_RECONSTRUCTION_FROM_LOCAL_D1_SAFE_CACHES
LOSSCASE_015_A,LOSSCASE_015,2026-07-01,HIGHEST_RANKED_OUTSIDE_TARGET7,11,break_touched_limit_up,600378_2026-07-01,001237_2026-07-01,1.0,0.0,1.0,reports/research/v004c_model_table_v001_20260601_20260729/v004c_model_table_v001.csv,EXISTING_53F_FORMULA_RECONSTRUCTION_FROM_LOCAL_D1_SAFE_CACHES
LOSSCASE_015_A,LOSSCASE_015,2026-07-01,HIGHEST_RANKED_OUTSIDE_TARGET7,12,break_opened_from_limit_up,600378_2026-07-01,001237_2026-07-01,0.0,0.0,0.0,reports/research/v004c_model_table_v001_20260601_20260729/v004c_model_table_v001.csv,EXISTING_53F_FORMULA_RECONSTRUCTION_FROM_LOCAL_D1_SAFE_CACHES
LOSSCASE_015_A,LOSSCASE_015,2026-07-01,HIGHEST_RANKED_OUTSIDE_TARGET7,13,break_upper_shadow_ratio,600378_2026-07-01,001237_2026-07-01,0.3142389525368252,0.4869739478957906,-0.17273499535896542,reports/research/v004c_model_table_v001_20260601_20260729/v004c_model_table_v001.csv,EXISTING_53F_FORMULA_RECONSTRUCTION_FROM_LOCAL_D1_SAFE_CACHES
LOSSCASE_015_A,LOSSCASE_015,2026-07-01,HIGHEST_RANKED_OUTSIDE_TARGET7,14,break_lower_shadow_ratio,600378_2026-07-01,001237_2026-07-01,0.0,0.4348697394789587,-0.4348697394789587,reports/research/v004c_model_table_v001_20260601_20260729/v004c_model_table_v001.csv,EXISTING_53F_FORMULA_RECONSTRUCTION_FROM_LOCAL_D1_SAFE_CACHES
LOSSCASE_015_A,LOSSCASE_015,2026-07-01,HIGHEST_RANKED_OUTSIDE_TARGET7,15,d1_high_to_close_drawdown_raw,600378_2026-07-01,001237_2026-07-01,0.0231548480463097,0.03711014607185147,-0.013955298025541771,reports/research/v004c_model_table_v001_20260601_20260729/v004c_model_table_v001.csv,EXISTING_53F_FORMULA_RECONSTRUCTION_FROM_LOCAL_D1_SAFE_CACHES
LOSSCASE_015_A,LOSSCASE_015,2026-07-01,HIGHEST_RANKED_OUTSIDE_TARGET7,16,d1_low_to_close_recovery,600378_2026-07-01,001237_2026-07-01,0.0545501887775028,0.030563380281690165,0.023986808495812632,reports/research/v004c_model_table_v001_20260601_20260729/v004c_model_table_v001.csv,EXISTING_53F_FORMULA_RECONSTRUCTION_FROM_LOCAL_D1_SAFE_CACHES
LOSSCASE_015_A,LOSSCASE_015,2026-07-01,HIGHEST_RANKED_OUTSIDE_TARGET7,17,d1_open_to_close_return_raw,600378_2026-07-01,001237_2026-07-01,0.0545501887775028,-0.005301794453507314,0.05985198323101011,reports/research/v004c_model_table_v001_20260601_20260729/v004c_model_table_v001.csv,EXISTING_53F_FORMULA_RECONSTRUCTION_FROM_LOCAL_D1_SAFE_CACHES
LOSSCASE_015_A,LOSSCASE_015,2026-07-01,HIGHEST_RANKED_OUTSIDE_TARGET7,18,d1_close_location,600378_2026-07-01,001237_2026-07-01,0.6857610474631748,0.4348697394789587,0.2508913079842161,reports/research/v004c_model_table_v001_20260601_20260729/v004c_model_table_v001.csv,EXISTING_53F_FORMULA_RECONSTRUCTION_FROM_LOCAL_D1_SAFE_CACHES
LOSSCASE_015_A,LOSSCASE_015,2026-07-01,HIGHEST_RANKED_OUTSIDE_TARGET7,19,d1_intraday_range,600378_2026-07-01,001237_2026-07-01,0.0810559830193685,0.06957612939208024,0.011479853627288261,reports/research/v004c_model_table_v001_20260601_20260729/v004c_model_table_v001.csv,EXISTING_53F_FORMULA_RECONSTRUCTION_FROM_LOCAL_D1_SAFE_CACHES
LOSSCASE_015_A,LOSSCASE_015,2026-07-01,HIGHEST_RANKED_OUTSIDE_TARGET7,20,d1_afternoon_return,600378_2026-07-01,001237_2026-07-01,-0.005524861878453,0.015967786725909594,-0.021492648604362594,reports/research/v004c_model_table_v001_20260601_20260729/v004c_model_table_v001.csv,EXISTING_53F_FORMULA_RECONSTRUCTION_FROM_LOCAL_D1_SAFE_CACHES
LOSSCASE_015_A,LOSSCASE_015,2026-07-01,HIGHEST_RANKED_OUTSIDE_TARGET7,21,d1_last_hour_return,600378_2026-07-01,001237_2026-07-01,-0.0101429793474275,0.005220497321060558,-0.015363476668488057,reports/research/v004c_model_table_v001_20260601_20260729/v004c_model_table_v001.csv,EXISTING_53F_FORMULA_RECONSTRUCTION_FROM_LOCAL_D1_SAFE_CACHES
LOSSCASE_015_A,LOSSCASE_015,2026-07-01,HIGHEST_RANKED_OUTSIDE_TARGET7,22,break_volume_ratio_vs_board_days,600378_2026-07-01,001237_2026-07-01,1.416534428414623,1.4526866944655041,-0.036152266050881066,reports/research/v004c_model_table_v001_20260601_20260729/v004c_model_table_v001.csv,EXISTING_53F_FORMULA_RECONSTRUCTION_FROM_LOCAL_D1_SAFE_CACHES
LOSSCASE_015_A,LOSSCASE_015,2026-07-01,HIGHEST_RANKED_OUTSIDE_TARGET7,23,d1_up_bar_volume_ratio,600378_2026-07-01,001237_2026-07-01,0.5429790903092656,0.5377978188479839,0.005181271461281667,reports/research/v004c_model_table_v001_20260601_20260729/v004c_model_table_v001.csv,EXISTING_53F_FORMULA_RECONSTRUCTION_FROM_LOCAL_D1_SAFE_CACHES
LOSSCASE_015_A,LOSSCASE_015,2026-07-01,HIGHEST_RANKED_OUTSIDE_TARGET7,24,down_bar_volume_ratio,600378_2026-07-01,001237_2026-07-01,0.3686099800696674,0.46220218115201606,-0.09359220108234867,reports/research/v004c_model_table_v001_20260601_20260729/v004c_model_table_v001.csv,EXISTING_53F_FORMULA_RECONSTRUCTION_FROM_LOCAL_D1_SAFE_CACHES
LOSSCASE_015_A,LOSSCASE_015,2026-07-01,HIGHEST_RANKED_OUTSIDE_TARGET7,25,volume_above_d1_close_ratio,600378_2026-07-01,001237_2026-07-01,0.7974993784530174,0.5191397675320729,0.2783596109209445,reports/research/v004c_model_table_v001_20260601_20260729/v004c_model_table_v001.csv,EXISTING_53F_FORMULA_RECONSTRUCTION_FROM_LOCAL_D1_SAFE_CACHES
LOSSCASE_015_A,LOSSCASE_015,2026-07-01,HIGHEST_RANKED_OUTSIDE_TARGET7,26,amount_above_d1_close_ratio,600378_2026-07-01,001237_2026-07-01,0.803305659126643,0.526083691908785,0.27722196721785797,reports/research/v004c_model_table_v001_20260601_20260729/v004c_model_table_v001.csv,EXISTING_53F_FORMULA_RECONSTRUCTION_FROM_LOCAL_D1_SAFE_CACHES
LOSSCASE_015_A,LOSSCASE_015,2026-07-01,HIGHEST_RANKED_OUTSIDE_TARGET7,27,high_zone_volume_ratio,600378_2026-07-01,001237_2026-07-01,0.7312809139044784,0.3079235781298625,0.4233573357746159,reports/research/v004c_model_table_v001_20260601_20260729/v004c_model_table_v001.csv,EXISTING_53F_FORMULA_RECONSTRUCTION_FROM_LOCAL_D1_SAFE_CACHES
LOSSCASE_015_A,LOSSCASE_015,2026-07-01,HIGHEST_RANKED_OUTSIDE_TARGET7,28,high_zone_amount_ratio,600378_2026-07-01,001237_2026-07-01,0.7383458575954668,0.3138113011357319,0.42453455645973487,reports/research/v004c_model_table_v001_20260601_20260729/v004c_model_table_v001.csv,EXISTING_53F_FORMULA_RECONSTRUCTION_FROM_LOCAL_D1_SAFE_CACHES
LOSSCASE_015_A,LOSSCASE_015,2026-07-01,HIGHEST_RANKED_OUTSIDE_TARGET7,29,late_day_sell_volume_ratio,600378_2026-07-01,001237_2026-07-01,0.0538618222436068,0.0672561075510236,-0.0133942853074168,reports/research/v004c_model_table_v001_20260601_20260729/v004c_model_table_v001.csv,EXISTING_53F_FORMULA_RECONSTRUCTION_FROM_LOCAL_D1_SAFE_CACHES
LOSSCASE_015_A,LOSSCASE_015,2026-07-01,HIGHEST_RANKED_OUTSIDE_TARGET7,30,late_day_sell_amount_ratio,600378_2026-07-01,001237_2026-07-01,0.0541084478207778,0.06697506968891691,-0.012866621868139111,reports/research/v004c_model_table_v001_20260601_20260729/v004c_model_table_v001.csv,EXISTING_53F_FORMULA_RECONSTRUCTION_FROM_LOCAL_D1_SAFE_CACHES
LOSSCASE_015_A,LOSSCASE_015,2026-07-01,HIGHEST_RANKED_OUTSIDE_TARGET7,31,d1_close_to_vwap_raw,600378_2026-07-01,001237_2026-07-01,-0.0067533471970937,-0.0027027427692573047,-0.004050604427836395,reports/research/v004c_model_table_v001_20260601_20260729/v004c_model_table_v001.csv,EXISTING_53F_FORMULA_RECONSTRUCTION_FROM_LOCAL_D1_SAFE_CACHES
LOSSCASE_015_A,LOSSCASE_015,2026-07-01,HIGHEST_RANKED_OUTSIDE_TARGET7,32,d1_close_to_ma5_raw,600378_2026-07-01,001237_2026-07-01,0.1388881077584995,0.1036532022082115,0.03523490555028799,reports/research/v004c_model_table_v001_20260601_20260729/v004c_model_table_v001.csv,EXISTING_53F_FORMULA_RECONSTRUCTION_FROM_LOCAL_D1_SAFE_CACHES
LOSSCASE_015_A,LOSSCASE_015,2026-07-01,HIGHEST_RANKED_OUTSIDE_TARGET7,33,d1_low_to_ma5_raw,600378_2026-07-01,001237_2026-07-01,0.0799752537892635,0.07092219976469871,0.009053054024564786,reports/research/v004c_model_table_v001_20260601_20260729/v004c_model_table_v001.csv,EXISTING_53F_FORMULA_RECONSTRUCTION_FROM_LOCAL_D1_SAFE_CACHES
LOSSCASE_015_A,LOSSCASE_015,2026-07-01,HIGHEST_RANKED_OUTSIDE_TARGET7,34,d1_high_to_ma5_raw,600378_2026-07-01,001237_2026-07-01,0.1658839740164788,0.14618842197351345,0.01969555204296536,reports/research/v004c_model_table_v001_20260601_20260729/v004c_model_table_v001.csv,EXISTING_53F_FORMULA_RECONSTRUCTION_FROM_LOCAL_D1_SAFE_CACHES
LOSSCASE_015_A,LOSSCASE_015,2026-07-01,HIGHEST_RANKED_OUTSIDE_TARGET7,35,d1_close_to_ma10_raw,600378_2026-07-01,001237_2026-07-01,0.176846632184576,0.1196462181144895,0.0572004140700865,reports/research/v004c_model_table_v001_20260601_20260729/v004c_model_table_v001.csv,EXISTING_53F_FORMULA_RECONSTRUCTION_FROM_LOCAL_D1_SAFE_CACHES
LOSSCASE_015_A,LOSSCASE_015,2026-07-01,HIGHEST_RANKED_OUTSIDE_TARGET7,36,d1_low_to_ma10_raw,600378_2026-07-01,001237_2026-07-01,0.1159702446678676,0.0864409113862068,0.029529333281660797,reports/research/v004c_model_table_v001_20260601_20260729/v004c_model_table_v001.csv,EXISTING_53F_FORMULA_RECONSTRUCTION_FROM_LOCAL_D1_SAFE_CACHES
LOSSCASE_015_A,LOSSCASE_015,2026-07-01,HIGHEST_RANKED_OUTSIDE_TARGET7,37,d1_close_to_ma20,600378_2026-07-01,001237_2026-07-01,0.3316892725030824,0.13279405503734965,0.19889521746573274,reports/research/v004c_model_table_v001_20260601_20260729/v004c_model_table_v001.csv,EXISTING_53F_FORMULA_RECONSTRUCTION_FROM_LOCAL_D1_SAFE_CACHES
LOSSCASE_015_A,LOSSCASE_015,2026-07-01,HIGHEST_RANKED_OUTSIDE_TARGET7,38,d1_ma5_slope,600378_2026-07-01,001237_2026-07-01,0.0405255149812733,0.02991984092462574,0.010605674056647557,reports/research/v004c_model_table_v001_20260601_20260729/v004c_model_table_v001.csv,EXISTING_53F_FORMULA_RECONSTRUCTION_FROM_LOCAL_D1_SAFE_CACHES
LOSSCASE_015_A,LOSSCASE_015,2026-07-01,HIGHEST_RANKED_OUTSIDE_TARGET7,39,d1_ma10_slope,600378_2026-07-01,001237_2026-07-01,0.0345719095719097,0.012440354464894332,0.022131555107015366,reports/research/v004c_model_table_v001_20260601_20260729/v004c_model_table_v001.csv,EXISTING_53F_FORMULA_RECONSTRUCTION_FROM_LOCAL_D1_SAFE_CACHES
LOSSCASE_015_A,LOSSCASE_015,2026-07-01,HIGHEST_RANKED_OUTSIDE_TARGET7,40,d1_ma20_slope,600378_2026-07-01,001237_2026-07-01,0.03188538565284893,0.0018767982752068146,0.030008587377642115,EXISTING_53F_FORMULA_RECONSTRUCTION_FROM_LOCAL_D1_SAFE_CACHES,EXISTING_53F_FORMULA_RECONSTRUCTION_FROM_LOCAL_D1_SAFE_CACHES
LOSSCASE_015_A,LOSSCASE_015,2026-07-01,HIGHEST_RANKED_OUTSIDE_TARGET7,41,d1_close_above_ma5,600378_2026-07-01,001237_2026-07-01,1.0,1.0,0.0,reports/research/v004c_model_table_v001_20260601_20260729/v004c_model_table_v001.csv,EXISTING_53F_FORMULA_RECONSTRUCTION_FROM_LOCAL_D1_SAFE_CACHES
LOSSCASE_015_A,LOSSCASE_015,2026-07-01,HIGHEST_RANKED_OUTSIDE_TARGET7,42,d1_close_above_ma10,600378_2026-07-01,001237_2026-07-01,1.0,1.0,0.0,reports/research/v004c_model_table_v001_20260601_20260729/v004c_model_table_v001.csv,EXISTING_53F_FORMULA_RECONSTRUCTION_FROM_LOCAL_D1_SAFE_CACHES
LOSSCASE_015_A,LOSSCASE_015,2026-07-01,HIGHEST_RANKED_OUTSIDE_TARGET7,43,d1_true_reclaim_ma5,600378_2026-07-01,001237_2026-07-01,0.0,0.0,0.0,reports/research/v004c_model_table_v001_20260601_20260729/v004c_model_table_v001.csv,EXISTING_53F_FORMULA_RECONSTRUCTION_FROM_LOCAL_D1_SAFE_CACHES
LOSSCASE_015_A,LOSSCASE_015,2026-07-01,HIGHEST_RANKED_OUTSIDE_TARGET7,44,d1_true_reclaim_ma10,600378_2026-07-01,001237_2026-07-01,0.0,0.0,0.0,reports/research/v004c_model_table_v001_20260601_20260729/v004c_model_table_v001.csv,EXISTING_53F_FORMULA_RECONSTRUCTION_FROM_LOCAL_D1_SAFE_CACHES
LOSSCASE_015_A,LOSSCASE_015,2026-07-01,HIGHEST_RANKED_OUTSIDE_TARGET7,45,consecutive_days_below_ma5,600378_2026-07-01,001237_2026-07-01,0.0,0.0,0.0,reports/research/v004c_model_table_v001_20260601_20260729/v004c_model_table_v001.csv,EXISTING_53F_FORMULA_RECONSTRUCTION_FROM_LOCAL_D1_SAFE_CACHES
LOSSCASE_015_A,LOSSCASE_015,2026-07-01,HIGHEST_RANKED_OUTSIDE_TARGET7,46,consecutive_days_below_ma10,600378_2026-07-01,001237_2026-07-01,0.0,0.0,0.0,reports/research/v004c_model_table_v001_20260601_20260729/v004c_model_table_v001.csv,EXISTING_53F_FORMULA_RECONSTRUCTION_FROM_LOCAL_D1_SAFE_CACHES
LOSSCASE_015_A,LOSSCASE_015,2026-07-01,HIGHEST_RANKED_OUTSIDE_TARGET7,47,break_day_in_pool,600378_2026-07-01,001237_2026-07-01,1.0,1.0,0.0,reports/research/v004c_model_table_v001_20260601_20260729/v004c_model_table_v001.csv,EXISTING_53F_FORMULA_RECONSTRUCTION_FROM_LOCAL_D1_SAFE_CACHES
LOSSCASE_015_A,LOSSCASE_015,2026-07-01,HIGHEST_RANKED_OUTSIDE_TARGET7,48,last_board_day_in_pool,600378_2026-07-01,001237_2026-07-01,1.0,1.0,0.0,reports/research/v004c_model_table_v001_20260601_20260729/v004c_model_table_v001.csv,EXISTING_53F_FORMULA_RECONSTRUCTION_FROM_LOCAL_D1_SAFE_CACHES
LOSSCASE_015_A,LOSSCASE_015,2026-07-01,HIGHEST_RANKED_OUTSIDE_TARGET7,49,pool_consecutive_count_last_board,600378_2026-07-01,001237_2026-07-01,2.0,2.0,0.0,reports/research/v004c_model_table_v001_20260601_20260729/v004c_model_table_v001.csv,EXISTING_53F_FORMULA_RECONSTRUCTION_FROM_LOCAL_D1_SAFE_CACHES
LOSSCASE_015_A,LOSSCASE_015,2026-07-01,HIGHEST_RANKED_OUTSIDE_TARGET7,50,recent_7d_cumulative_return,600378_2026-07-01,001237_2026-07-01,0.2209828157974072,0.1390099626400998,0.0819728531573074,reports/research/v004c_model_table_v001_20260601_20260729/v004c_model_table_v001.csv,EXISTING_53F_FORMULA_RECONSTRUCTION_FROM_LOCAL_D1_SAFE_CACHES
LOSSCASE_015_A,LOSSCASE_015,2026-07-01,HIGHEST_RANKED_OUTSIDE_TARGET7,51,recent_7d_max_drawdown,600378_2026-07-01,001237_2026-07-01,0.1974531014651513,0.12847838957963292,0.06897471188551837,reports/research/v004c_model_table_v001_20260601_20260729/v004c_model_table_v001.csv,EXISTING_53F_FORMULA_RECONSTRUCTION_FROM_LOCAL_D1_SAFE_CACHES
LOSSCASE_015_A,LOSSCASE_015,2026-07-01,HIGHEST_RANKED_OUTSIDE_TARGET7,52,recent_7d_close_position,600378_2026-07-01,001237_2026-07-01,0.921020156314274,0.8351841028638226,0.08583605345045142,reports/research/v004c_model_table_v001_20260601_20260729/v004c_model_table_v001.csv,EXISTING_53F_FORMULA_RECONSTRUCTION_FROM_LOCAL_D1_SAFE_CACHES
LOSSCASE_015_A,LOSSCASE_015,2026-07-01,HIGHEST_RANKED_OUTSIDE_TARGET7,53,recent_7d_limit_up_count,600378_2026-07-01,001237_2026-07-01,2.0,2.0,0.0,EXISTING_53F_FORMULA_RECONSTRUCTION_FROM_LOCAL_D1_SAFE_CACHES,EXISTING_53F_FORMULA_RECONSTRUCTION_FROM_LOCAL_D1_SAFE_CACHES
LOSSCASE_016_A,LOSSCASE_016,2026-07-02,HIGHEST_RANKED_OUTSIDE_TARGET7,1,board_streak_is_3,002396_2026-07-02,603379_2026-07-02,0.0,0.0,0.0,reports/research/v004c_model_table_v001_20260601_20260729/v004c_model_table_v001.csv,reports/research/v004c_model_table_v001_20260601_20260729/v004c_model_table_v001.csv
LOSSCASE_016_A,LOSSCASE_016,2026-07-02,HIGHEST_RANKED_OUTSIDE_TARGET7,2,max_board_streak_20d,002396_2026-07-02,603379_2026-07-02,2.0,2.0,0.0,reports/research/v004c_d1_dataset_v001_20260601_20260729/v004c_d1_snapshot_v001.csv,reports/research/v004c_d1_dataset_v001_20260601_20260729/v004c_d1_snapshot_v001.csv
LOSSCASE_016_A,LOSSCASE_016,2026-07-02,HIGHEST_RANKED_OUTSIDE_TARGET7,3,recent_limit_up_count_10d,002396_2026-07-02,603379_2026-07-02,2.0,2.0,0.0,reports/research/v004c_d1_dataset_v001_20260601_20260729/v004c_d1_snapshot_v001.csv,reports/research/v004c_d1_dataset_v001_20260601_20260729/v004c_d1_snapshot_v001.csv
LOSSCASE_016_A,LOSSCASE_016,2026-07-02,HIGHEST_RANKED_OUTSIDE_TARGET7,4,recent_limit_up_count_20d,002396_2026-07-02,603379_2026-07-02,2.0,2.0,0.0,reports/research/v004c_d1_dataset_v001_20260601_20260729/v004c_d1_snapshot_v001.csv,reports/research/v004c_d1_dataset_v001_20260601_20260729/v004c_d1_snapshot_v001.csv
LOSSCASE_016_A,LOSSCASE_016,2026-07-02,HIGHEST_RANKED_OUTSIDE_TARGET7,5,recent_pool_appearance_count_10d,002396_2026-07-02,603379_2026-07-02,2.0,2.0,0.0,reports/research/v004c_d1_dataset_v001_20260601_20260729/v004c_d1_snapshot_v001.csv,reports/research/v004c_d1_dataset_v001_20260601_20260729/v004c_d1_snapshot_v001.csv
LOSSCASE_016_A,LOSSCASE_016,2026-07-02,HIGHEST_RANKED_OUTSIDE_TARGET7,6,recent_pool_appearance_count_20d,002396_2026-07-02,603379_2026-07-02,2.0,2.0,0.0,reports/research/v004c_d1_dataset_v001_20260601_20260729/v004c_d1_snapshot_v001.csv,reports/research/v004c_d1_dataset_v001_20260601_20260729/v004c_d1_snapshot_v001.csv
LOSSCASE_016_A,LOSSCASE_016,2026-07-02,HIGHEST_RANKED_OUTSIDE_TARGET7,7,board_day_volume_rank,002396_2026-07-02,603379_2026-07-02,52.0,51.0,1.0,reports/research/v004c_model_table_v001_20260601_20260729/v004c_model_table_v001.csv,reports/research/v004c_model_table_v001_20260601_20260729/v004c_model_table_v001.csv
LOSSCASE_016_A,LOSSCASE_016,2026-07-02,HIGHEST_RANKED_OUTSIDE_TARGET7,8,break_open_return,002396_2026-07-02,603379_2026-07-02,0.0094831673779041,-0.0286296118830857,0.0381127792609898,reports/research/v004c_model_table_v001_20260601_20260729/v004c_model_table_v001.csv,reports/research/v004c_model_table_v001_20260601_20260729/v004c_model_table_v001.csv
LOSSCASE_016_A,LOSSCASE_016,2026-07-02,HIGHEST_RANKED_OUTSIDE_TARGET7,9,break_high_return,002396_2026-07-02,603379_2026-07-02,0.0550023707918445,0.0445615716339242,0.010440799157920302,reports/research/v004c_model_table_v001_20260601_20260729/v004c_model_table_v001.csv,reports/research/v004c_model_table_v001_20260601_20260729/v004c_model_table_v001.csv
LOSSCASE_016_A,LOSSCASE_016,2026-07-02,HIGHEST_RANKED_OUTSIDE_TARGET7,10,break_close_return,002396_2026-07-02,603379_2026-07-02,0.0085348506401137,0.0,0.0085348506401137,reports/research/v004c_model_table_v001_20260601_20260729/v004c_model_table_v001.csv,reports/research/v004c_model_table_v001_20260601_20260729/v004c_model_table_v001.csv
LOSSCASE_016_A,LOSSCASE_016,2026-07-02,HIGHEST_RANKED_OUTSIDE_TARGET7,11,break_touched_limit_up,002396_2026-07-02,603379_2026-07-02,0.0,0.0,0.0,reports/research/v004c_model_table_v001_20260601_20260729/v004c_model_table_v001.csv,reports/research/v004c_model_table_v001_20260601_20260729/v004c_model_table_v001.csv
LOSSCASE_016_A,LOSSCASE_016,2026-07-02,HIGHEST_RANKED_OUTSIDE_TARGET7,12,break_opened_from_limit_up,002396_2026-07-02,603379_2026-07-02,0.0,0.0,0.0,reports/research/v004c_model_table_v001_20260601_20260729/v004c_model_table_v001.csv,reports/research/v004c_model_table_v001_20260601_20260729/v004c_model_table_v001.csv
LOSSCASE_016_A,LOSSCASE_016,2026-07-02,HIGHEST_RANKED_OUTSIDE_TARGET7,13,break_upper_shadow_ratio,002396_2026-07-02,603379_2026-07-02,0.548571428571429,0.3321428571428569,0.21642857142857214,reports/research/v004c_model_table_v001_20260601_20260729/v004c_model_table_v001.csv,reports/research/v004c_model_table_v001_20260601_20260729/v004c_model_table_v001.csv
LOSSCASE_016_A,LOSSCASE_016,2026-07-02,HIGHEST_RANKED_OUTSIDE_TARGET7,14,break_lower_shadow_ratio,002396_2026-07-02,603379_2026-07-02,0.4399999999999998,0.4544642857142859,-0.014464285714286096,reports/research/v004c_model_table_v001_20260601_20260729/v004c_model_table_v001.csv,reports/research/v004c_model_table_v001_20260601_20260729/v004c_model_table_v001.csv
LOSSCASE_016_A,LOSSCASE_016,2026-07-02,HIGHEST_RANKED_OUTSIDE_TARGET7,15,d1_high_to_close_drawdown_raw,002396_2026-07-02,603379_2026-07-02,0.0440449438202247,0.0426605504587155,0.0013843933615091952,reports/research/v004c_model_table_v001_20260601_20260729/v004c_model_table_v001.csv,reports/research/v004c_model_table_v001_20260601_20260729/v004c_model_table_v001.csv
LOSSCASE_016_A,LOSSCASE_016,2026-07-02,HIGHEST_RANKED_OUTSIDE_TARGET7,16,d1_low_to_close_recovery,002396_2026-07-02,603379_2026-07-02,0.037560975609756,0.098421052631579,-0.06086007702182301,reports/research/v004c_model_table_v001_20260601_20260729/v004c_model_table_v001.csv,reports/research/v004c_model_table_v001_20260601_20260729/v004c_model_table_v001.csv
LOSSCASE_016_A,LOSSCASE_016,2026-07-02,HIGHEST_RANKED_OUTSIDE_TARGET7,17,d1_open_to_close_return_raw,002396_2026-07-02,603379_2026-07-02,-0.000939408172851,0.0294734245899617,-0.0304128327628127,reports/research/v004c_model_table_v001_20260601_20260729/v004c_model_table_v001.csv,reports/research/v004c_model_table_v001_20260601_20260729/v004c_model_table_v001.csv
LOSSCASE_016_A,LOSSCASE_016,2026-07-02,HIGHEST_RANKED_OUTSIDE_TARGET7,18,d1_close_location,002396_2026-07-02,603379_2026-07-02,0.4399999999999998,0.667857142857143,-0.22785714285714326,reports/research/v004c_model_table_v001_20260601_20260729/v004c_model_table_v001.csv,reports/research/v004c_model_table_v001_20260601_20260729/v004c_model_table_v001.csv
LOSSCASE_016_A,LOSSCASE_016,2026-07-02,HIGHEST_RANKED_OUTSIDE_TARGET7,19,d1_intraday_range,002396_2026-07-02,603379_2026-07-02,0.0829777145566619,0.1341638715860086,-0.05118615702934669,reports/research/v004c_model_table_v001_20260601_20260729/v004c_model_table_v001.csv,reports/research/v004c_model_table_v001_20260601_20260729/v004c_model_table_v001.csv
LOSSCASE_016_A,LOSSCASE_016,2026-07-02,HIGHEST_RANKED_OUTSIDE_TARGET7,20,d1_afternoon_return,002396_2026-07-02,603379_2026-07-02,-0.0401624548736462,-0.0318914530905717,-0.008271001783074494,reports/research/v004c_model_table_v001_20260601_20260729/v004c_model_table_v001.csv,reports/research/v004c_model_table_v001_20260601_20260729/v004c_model_table_v001.csv
LOSSCASE_016_A,LOSSCASE_016,2026-07-02,HIGHEST_RANKED_OUTSIDE_TARGET7,21,d1_last_hour_return,002396_2026-07-02,603379_2026-07-02,-0.0129930394431555,0.0013194194554395,-0.014312458898595,reports/research/v004c_model_table_v001_20260601_20260729/v004c_model_table_v001.csv,reports/research/v004c_model_table_v001_20260601_20260729/v004c_model_table_v001.csv
LOSSCASE_016_A,LOSSCASE_016,2026-07-02,HIGHEST_RANKED_OUTSIDE_TARGET7,22,break_volume_ratio_vs_board_days,002396_2026-07-02,603379_2026-07-02,2.665922802752613,1.4327671887029914,1.2331556140496216,reports/research/v004c_model_table_v001_20260601_20260729/v004c_model_table_v001.csv,reports/research/v004c_model_table_v001_20260601_20260729/v004c_model_table_v001.csv
LOSSCASE_016_A,LOSSCASE_016,2026-07-02,HIGHEST_RANKED_OUTSIDE_TARGET7,23,d1_up_bar_volume_ratio,002396_2026-07-02,603379_2026-07-02,0.3872558716913797,0.5463808665978585,-0.15912499490647875,reports/research/v004c_model_table_v001_20260601_20260729/v004c_model_table_v001.csv,reports/research/v004c_model_table_v001_20260601_20260729/v004c_model_table_v001.csv
LOSSCASE_016_A,LOSSCASE_016,2026-07-02,HIGHEST_RANKED_OUTSIDE_TARGET7,24,down_bar_volume_ratio,002396_2026-07-02,603379_2026-07-02,0.5901141750484556,0.4234236107566332,0.16669056429182244,reports/research/v004c_model_table_v001_20260601_20260729/v004c_model_table_v001.csv,reports/research/v004c_model_table_v001_20260601_20260729/v004c_model_table_v001.csv
LOSSCASE_016_A,LOSSCASE_016,2026-07-02,HIGHEST_RANKED_OUTSIDE_TARGET7,25,volume_above_d1_close_ratio,002396_2026-07-02,603379_2026-07-02,0.66722508267829,0.5563442092702356,0.1108808734080543,reports/research/v004c_model_table_v001_20260601_20260729/v004c_model_table_v001.csv,reports/research/v004c_model_table_v001_20260601_20260729/v004c_model_table_v001.csv
LOSSCASE_016_A,LOSSCASE_016,2026-07-02,HIGHEST_RANKED_OUTSIDE_TARGET7,26,amount_above_d1_close_ratio,002396_2026-07-02,603379_2026-07-02,0.6748543765668756,0.5667230199886225,0.10813135657825312,reports/research/v004c_model_table_v001_20260601_20260729/v004c_model_table_v001.csv,reports/research/v004c_model_table_v001_20260601_20260729/v004c_model_table_v001.csv
LOSSCASE_016_A,LOSSCASE_016,2026-07-02,HIGHEST_RANKED_OUTSIDE_TARGET7,27,high_zone_volume_ratio,002396_2026-07-02,603379_2026-07-02,0.2907410458274154,0.3900218508295833,-0.0992808050021679,reports/research/v004c_model_table_v001_20260601_20260729/v004c_model_table_v001.csv,reports/research/v004c_model_table_v001_20260601_20260729/v004c_model_table_v001.csv
LOSSCASE_016_A,LOSSCASE_016,2026-07-02,HIGHEST_RANKED_OUTSIDE_TARGET7,28,high_zone_amount_ratio,002396_2026-07-02,603379_2026-07-02,0.2981842201239911,0.3995340261018857,-0.10134980597789461,reports/research/v004c_model_table_v001_20260601_20260729/v004c_model_table_v001.csv,reports/research/v004c_model_table_v001_20260601_20260729/v004c_model_table_v001.csv
LOSSCASE_016_A,LOSSCASE_016,2026-07-02,HIGHEST_RANKED_OUTSIDE_TARGET7,29,late_day_sell_volume_ratio,002396_2026-07-02,603379_2026-07-02,0.153538031297406,0.0837064130257512,0.06983161827165481,reports/research/v004c_model_table_v001_20260601_20260729/v004c_model_table_v001.csv,reports/research/v004c_model_table_v001_20260601_20260729/v004c_model_table_v001.csv
LOSSCASE_016_A,LOSSCASE_016,2026-07-02,HIGHEST_RANKED_OUTSIDE_TARGET7,30,late_day_sell_amount_ratio,002396_2026-07-02,603379_2026-07-02,0.1533595293416537,0.0838979434636063,0.0694615858780474,reports/research/v004c_model_table_v001_20260601_20260729/v004c_model_table_v001.csv,reports/research/v004c_model_table_v001_20260601_20260729/v004c_model_table_v001.csv
LOSSCASE_016_A,LOSSCASE_016,2026-07-02,HIGHEST_RANKED_OUTSIDE_TARGET7,31,d1_close_to_vwap_raw,002396_2026-07-02,603379_2026-07-02,-0.0079625302388158,0.0033711190006582,-0.011333649239473999,reports/research/v004c_model_table_v001_20260601_20260729/v004c_model_table_v001.csv,reports/research/v004c_model_table_v001_20260601_20260729/v004c_model_table_v001.csv
LOSSCASE_016_A,LOSSCASE_016,2026-07-02,HIGHEST_RANKED_OUTSIDE_TARGET7,32,d1_close_to_ma5_raw,002396_2026-07-02,603379_2026-07-02,0.1002482929857231,0.1044373296642235,-0.004189036678500402,reports/research/v004c_model_table_v001_20260601_20260729/v004c_model_table_v001.csv,reports/research/v004c_model_table_v001_20260601_20260729/v004c_model_table_v001.csv
LOSSCASE_016_A,LOSSCASE_016,2026-07-02,HIGHEST_RANKED_OUTSIDE_TARGET7,33,d1_low_to_ma5_raw,002396_2026-07-02,603379_2026-07-02,0.0604179598593006,0.0054772047733706,0.05494075508593001,reports/research/v004c_model_table_v001_20260601_20260729/v004c_model_table_v001.csv,reports/research/v004c_model_table_v001_20260601_20260729/v004c_model_table_v001.csv
LOSSCASE_016_A,LOSSCASE_016,2026-07-02,HIGHEST_RANKED_OUTSIDE_TARGET7,34,d1_high_to_ma5_raw,002396_2026-07-02,603379_2026-07-02,0.1509414442375336,0.153652792845236,-0.0027113486077023907,reports/research/v004c_model_table_v001_20260601_20260729/v004c_model_table_v001.csv,reports/research/v004c_model_table_v001_20260601_20260729/v004c_model_table_v001.csv
LOSSCASE_016_A,LOSSCASE_016,2026-07-02,HIGHEST_RANKED_OUTSIDE_TARGET7,35,d1_close_to_ma10_raw,002396_2026-07-02,603379_2026-07-02,0.1003621314019658,0.1676667645783502,-0.0673046331763844,reports/research/v004c_model_table_v001_20260601_20260729/v004c_model_table_v001.csv,reports/research/v004c_model_table_v001_20260601_20260729/v004c_model_table_v001.csv
LOSSCASE_016_A,LOSSCASE_016,2026-07-02,HIGHEST_RANKED_OUTSIDE_TARGET7,36,d1_low_to_ma10_raw,002396_2026-07-02,603379_2026-07-02,0.0605276771857214,0.0630411368945209,-0.002513459708799501,reports/research/v004c_model_table_v001_20260601_20260729/v004c_model_table_v001.csv,reports/research/v004c_model_table_v001_20260601_20260729/v004c_model_table_v001.csv
LOSSCASE_016_A,LOSSCASE_016,2026-07-02,HIGHEST_RANKED_OUTSIDE_TARGET7,37,d1_close_to_ma20,002396_2026-07-02,603379_2026-07-02,0.1014732917324772,0.2486911777904088,-0.14721788605793162,reports/research/v004c_model_table_v001_20260601_20260729/v004c_model_table_v001.csv,reports/research/v004c_model_table_v001_20260601_20260729/v004c_model_table_v001.csv
LOSSCASE_016_A,LOSSCASE_016,2026-07-02,HIGHEST_RANKED_OUTSIDE_TARGET7,38,d1_ma5_slope,002396_2026-07-02,603379_2026-07-02,0.0273142735678604,0.0445537713164365,-0.0172394977485761,reports/research/v004c_model_table_v001_20260601_20260729/v004c_model_table_v001.csv,reports/research/v004c_model_table_v001_20260601_20260729/v004c_model_table_v001.csv
LOSSCASE_016_A,LOSSCASE_016,2026-07-02,HIGHEST_RANKED_OUTSIDE_TARGET7,39,d1_ma10_slope,002396_2026-07-02,603379_2026-07-02,0.0075054727405401,0.0207452884066248,-0.0132398156660847,reports/research/v004c_model_table_v001_20260601_20260729/v004c_model_table_v001.csv,reports/research/v004c_model_table_v001_20260601_20260729/v004c_model_table_v001.csv
LOSSCASE_016_A,LOSSCASE_016,2026-07-02,HIGHEST_RANKED_OUTSIDE_TARGET7,40,d1_ma20_slope,002396_2026-07-02,603379_2026-07-02,-0.0027886080198301633,0.016845003156061633,-0.019633611175891796,EXISTING_53F_FORMULA_RECONSTRUCTION_FROM_LOCAL_D1_SAFE_CACHES,EXISTING_53F_FORMULA_RECONSTRUCTION_FROM_LOCAL_D1_SAFE_CACHES
LOSSCASE_016_A,LOSSCASE_016,2026-07-02,HIGHEST_RANKED_OUTSIDE_TARGET7,41,d1_close_above_ma5,002396_2026-07-02,603379_2026-07-02,1.0,1.0,0.0,reports/research/v004c_model_table_v001_20260601_20260729/v004c_model_table_v001.csv,reports/research/v004c_model_table_v001_20260601_20260729/v004c_model_table_v001.csv
LOSSCASE_016_A,LOSSCASE_016,2026-07-02,HIGHEST_RANKED_OUTSIDE_TARGET7,42,d1_close_above_ma10,002396_2026-07-02,603379_2026-07-02,1.0,1.0,0.0,reports/research/v004c_model_table_v001_20260601_20260729/v004c_model_table_v001.csv,reports/research/v004c_model_table_v001_20260601_20260729/v004c_model_table_v001.csv
LOSSCASE_016_A,LOSSCASE_016,2026-07-02,HIGHEST_RANKED_OUTSIDE_TARGET7,43,d1_true_reclaim_ma5,002396_2026-07-02,603379_2026-07-02,0.0,0.0,0.0,reports/research/v004c_model_table_v001_20260601_20260729/v004c_model_table_v001.csv,reports/research/v004c_model_table_v001_20260601_20260729/v004c_model_table_v001.csv
LOSSCASE_016_A,LOSSCASE_016,2026-07-02,HIGHEST_RANKED_OUTSIDE_TARGET7,44,d1_true_reclaim_ma10,002396_2026-07-02,603379_2026-07-02,0.0,0.0,0.0,reports/research/v004c_model_table_v001_20260601_20260729/v004c_model_table_v001.csv,reports/research/v004c_model_table_v001_20260601_20260729/v004c_model_table_v001.csv
LOSSCASE_016_A,LOSSCASE_016,2026-07-02,HIGHEST_RANKED_OUTSIDE_TARGET7,45,consecutive_days_below_ma5,002396_2026-07-02,603379_2026-07-02,0.0,0.0,0.0,reports/research/v004c_model_table_v001_20260601_20260729/v004c_model_table_v001.csv,reports/research/v004c_model_table_v001_20260601_20260729/v004c_model_table_v001.csv
LOSSCASE_016_A,LOSSCASE_016,2026-07-02,HIGHEST_RANKED_OUTSIDE_TARGET7,46,consecutive_days_below_ma10,002396_2026-07-02,603379_2026-07-02,0.0,0.0,0.0,reports/research/v004c_model_table_v001_20260601_20260729/v004c_model_table_v001.csv,reports/research/v004c_model_table_v001_20260601_20260729/v004c_model_table_v001.csv
LOSSCASE_016_A,LOSSCASE_016,2026-07-02,HIGHEST_RANKED_OUTSIDE_TARGET7,47,break_day_in_pool,002396_2026-07-02,603379_2026-07-02,0.0,0.0,0.0,reports/research/v004c_model_table_v001_20260601_20260729/v004c_model_table_v001.csv,reports/research/v004c_model_table_v001_20260601_20260729/v004c_model_table_v001.csv
LOSSCASE_016_A,LOSSCASE_016,2026-07-02,HIGHEST_RANKED_OUTSIDE_TARGET7,48,last_board_day_in_pool,002396_2026-07-02,603379_2026-07-02,1.0,1.0,0.0,reports/research/v004c_model_table_v001_20260601_20260729/v004c_model_table_v001.csv,reports/research/v004c_model_table_v001_20260601_20260729/v004c_model_table_v001.csv
LOSSCASE_016_A,LOSSCASE_016,2026-07-02,HIGHEST_RANKED_OUTSIDE_TARGET7,49,pool_consecutive_count_last_board,002396_2026-07-02,603379_2026-07-02,1.0,1.0,0.0,reports/research/v004c_model_table_v001_20260601_20260729/v004c_model_table_v001.csv,reports/research/v004c_model_table_v001_20260601_20260729/v004c_model_table_v001.csv
LOSSCASE_016_A,LOSSCASE_016,2026-07-02,HIGHEST_RANKED_OUTSIDE_TARGET7,50,recent_7d_cumulative_return,002396_2026-07-02,603379_2026-07-02,0.1259925886712545,0.2070561017929439,-0.08106351312168938,reports/research/v004c_model_table_v001_20260601_20260729/v004c_model_table_v001.csv,reports/research/v004c_model_table_v001_20260601_20260729/v004c_model_table_v001.csv
LOSSCASE_016_A,LOSSCASE_016,2026-07-02,HIGHEST_RANKED_OUTSIDE_TARGET7,51,recent_7d_max_drawdown,002396_2026-07-02,603379_2026-07-02,0.1235721703011423,0.0896022999520843,0.033969870349058004,reports/research/v004c_model_table_v001_20260601_20260729/v004c_model_table_v001.csv,reports/research/v004c_model_table_v001_20260601_20260729/v004c_model_table_v001.csv
LOSSCASE_016_A,LOSSCASE_016,2026-07-02,HIGHEST_RANKED_OUTSIDE_TARGET7,52,recent_7d_close_position,002396_2026-07-02,603379_2026-07-02,0.8175046554934823,0.8331838565022421,-0.015679201008759858,reports/research/v004c_model_table_v001_20260601_20260729/v004c_model_table_v001.csv,reports/research/v004c_model_table_v001_20260601_20260729/v004c_model_table_v001.csv
LOSSCASE_016_A,LOSSCASE_016,2026-07-02,HIGHEST_RANKED_OUTSIDE_TARGET7,53,recent_7d_limit_up_count,002396_2026-07-02,603379_2026-07-02,2.0,2.0,0.0,EXISTING_53F_FORMULA_RECONSTRUCTION_FROM_LOCAL_D1_SAFE_CACHES,EXISTING_53F_FORMULA_RECONSTRUCTION_FROM_LOCAL_D1_SAFE_CACHES
LOSSCASE_017_A,LOSSCASE_017,2026-07-02,HIGHEST_RANKED_OUTSIDE_TARGET7,1,board_streak_is_3,002396_2026-07-02,603120_2026-07-02,0.0,0.0,0.0,reports/research/v004c_model_table_v001_20260601_20260729/v004c_model_table_v001.csv,reports/research/v004c_model_table_v001_20260601_20260729/v004c_model_table_v001.csv
LOSSCASE_017_A,LOSSCASE_017,2026-07-02,HIGHEST_RANKED_OUTSIDE_TARGET7,2,max_board_streak_20d,002396_2026-07-02,603120_2026-07-02,2.0,2.0,0.0,reports/research/v004c_d1_dataset_v001_20260601_20260729/v004c_d1_snapshot_v001.csv,reports/research/v004c_d1_dataset_v001_20260601_20260729/v004c_d1_snapshot_v001.csv
LOSSCASE_017_A,LOSSCASE_017,2026-07-02,HIGHEST_RANKED_OUTSIDE_TARGET7,3,recent_limit_up_count_10d,002396_2026-07-02,603120_2026-07-02,2.0,2.0,0.0,reports/research/v004c_d1_dataset_v001_20260601_20260729/v004c_d1_snapshot_v001.csv,reports/research/v004c_d1_dataset_v001_20260601_20260729/v004c_d1_snapshot_v001.csv
LOSSCASE_017_A,LOSSCASE_017,2026-07-02,HIGHEST_RANKED_OUTSIDE_TARGET7,4,recent_limit_up_count_20d,002396_2026-07-02,603120_2026-07-02,2.0,3.0,-1.0,reports/research/v004c_d1_dataset_v001_20260601_20260729/v004c_d1_snapshot_v001.csv,reports/research/v004c_d1_dataset_v001_20260601_20260729/v004c_d1_snapshot_v001.csv
LOSSCASE_017_A,LOSSCASE_017,2026-07-02,HIGHEST_RANKED_OUTSIDE_TARGET7,5,recent_pool_appearance_count_10d,002396_2026-07-02,603120_2026-07-02,2.0,2.0,0.0,reports/research/v004c_d1_dataset_v001_20260601_20260729/v004c_d1_snapshot_v001.csv,reports/research/v004c_d1_dataset_v001_20260601_20260729/v004c_d1_snapshot_v001.csv
LOSSCASE_017_A,LOSSCASE_017,2026-07-02,HIGHEST_RANKED_OUTSIDE_TARGET7,6,recent_pool_appearance_count_20d,002396_2026-07-02,603120_2026-07-02,2.0,3.0,-1.0,reports/research/v004c_d1_dataset_v001_20260601_20260729/v004c_d1_snapshot_v001.csv,reports/research/v004c_d1_dataset_v001_20260601_20260729/v004c_d1_snapshot_v001.csv
LOSSCASE_017_A,LOSSCASE_017,2026-07-02,HIGHEST_RANKED_OUTSIDE_TARGET7,7,board_day_volume_rank,002396_2026-07-02,603120_2026-07-02,52.0,108.0,-56.0,reports/research/v004c_model_table_v001_20260601_20260729/v004c_model_table_v001.csv,reports/research/v004c_model_table_v001_20260601_20260729/v004c_model_table_v001.csv
LOSSCASE_017_A,LOSSCASE_017,2026-07-02,HIGHEST_RANKED_OUTSIDE_TARGET7,8,break_open_return,002396_2026-07-02,603120_2026-07-02,0.0094831673779041,-0.0209575736922814,0.030440741070185497,reports/research/v004c_model_table_v001_20260601_20260729/v004c_model_table_v001.csv,reports/research/v004c_model_table_v001_20260601_20260729/v004c_model_table_v001.csv
LOSSCASE_017_A,LOSSCASE_017,2026-07-02,HIGHEST_RANKED_OUTSIDE_TARGET7,9,break_high_return,002396_2026-07-02,603120_2026-07-02,0.0550023707918445,0.0819560402112795,-0.026953669419435,reports/research/v004c_model_table_v001_20260601_20260729/v004c_model_table_v001.csv,reports/research/v004c_model_table_v001_20260601_20260729/v004c_model_table_v001.csv
LOSSCASE_017_A,LOSSCASE_017,2026-07-02,HIGHEST_RANKED_OUTSIDE_TARGET7,10,break_close_return,002396_2026-07-02,603120_2026-07-02,0.0085348506401137,0.0286249787016528,-0.0200901280615391,reports/research/v004c_model_table_v001_20260601_20260729/v004c_model_table_v001.csv,reports/research/v004c_model_table_v001_20260601_20260729/v004c_model_table_v001.csv
LOSSCASE_017_A,LOSSCASE_017,2026-07-02,HIGHEST_RANKED_OUTSIDE_TARGET7,11,break_touched_limit_up,002396_2026-07-02,603120_2026-07-02,0.0,0.0,0.0,reports/research/v004c_model_table_v001_20260601_20260729/v004c_model_table_v001.csv,reports/research/v004c_model_table_v001_20260601_20260729/v004c_model_table_v001.csv
LOSSCASE_017_A,LOSSCASE_017,2026-07-02,HIGHEST_RANKED_OUTSIDE_TARGET7,12,break_opened_from_limit_up,002396_2026-07-02,603120_2026-07-02,0.0,0.0,0.0,reports/research/v004c_model_table_v001_20260601_20260729/v004c_model_table_v001.csv,reports/research/v004c_model_table_v001_20260601_20260729/v004c_model_table_v001.csv
LOSSCASE_017_A,LOSSCASE_017,2026-07-02,HIGHEST_RANKED_OUTSIDE_TARGET7,13,break_upper_shadow_ratio,002396_2026-07-02,603120_2026-07-02,0.548571428571429,0.3912500000000003,0.15732142857142872,reports/research/v004c_model_table_v001_20260601_20260729/v004c_model_table_v001.csv,reports/research/v004c_model_table_v001_20260601_20260729/v004c_model_table_v001.csv
LOSSCASE_017_A,LOSSCASE_017,2026-07-02,HIGHEST_RANKED_OUTSIDE_TARGET7,14,break_lower_shadow_ratio,002396_2026-07-02,603120_2026-07-02,0.4399999999999998,0.2450000000000001,0.19499999999999967,reports/research/v004c_model_table_v001_20260601_20260729/v004c_model_table_v001.csv,reports/research/v004c_model_table_v001_20260601_20260729/v004c_model_table_v001.csv
LOSSCASE_017_A,LOSSCASE_017,2026-07-02,HIGHEST_RANKED_OUTSIDE_TARGET7,15,d1_high_to_close_drawdown_raw,002396_2026-07-02,603120_2026-07-02,0.0440449438202247,0.0492913385826772,-0.005246394762452505,reports/research/v004c_model_table_v001_20260601_20260729/v004c_model_table_v001.csv,reports/research/v004c_model_table_v001_20260601_20260729/v004c_model_table_v001.csv
LOSSCASE_017_A,LOSSCASE_017,2026-07-02,HIGHEST_RANKED_OUTSIDE_TARGET7,16,d1_low_to_close_recovery,002396_2026-07-02,603120_2026-07-02,0.037560975609756,0.0877477477477477,-0.0501867721379917,reports/research/v004c_model_table_v001_20260601_20260729/v004c_model_table_v001.csv,reports/research/v004c_model_table_v001_20260601_20260729/v004c_model_table_v001.csv
LOSSCASE_017_A,LOSSCASE_017,2026-07-02,HIGHEST_RANKED_OUTSIDE_TARGET7,17,d1_open_to_close_return_raw,002396_2026-07-02,603120_2026-07-02,-0.000939408172851,0.050643926209537,-0.051583334382388,reports/research/v004c_model_table_v001_20260601_20260729/v004c_model_table_v001.csv,reports/research/v004c_model_table_v001_20260601_20260729/v004c_model_table_v001.csv
LOSSCASE_017_A,LOSSCASE_017,2026-07-02,HIGHEST_RANKED_OUTSIDE_TARGET7,18,d1_close_location,002396_2026-07-02,603120_2026-07-02,0.4399999999999998,0.6087499999999997,-0.1687499999999999,reports/research/v004c_model_table_v001_20260601_20260729/v004c_model_table_v001.csv,reports/research/v004c_model_table_v001_20260601_20260729/v004c_model_table_v001.csv
LOSSCASE_017_A,LOSSCASE_017,2026-07-02,HIGHEST_RANKED_OUTSIDE_TARGET7,19,d1_intraday_range,002396_2026-07-02,603120_2026-07-02,0.0829777145566619,0.1363094223888226,-0.053331707832160694,reports/research/v004c_model_table_v001_20260601_20260729/v004c_model_table_v001.csv,reports/research/v004c_model_table_v001_20260601_20260729/v004c_model_table_v001.csv
LOSSCASE_017_A,LOSSCASE_017,2026-07-02,HIGHEST_RANKED_OUTSIDE_TARGET7,20,d1_afternoon_return,002396_2026-07-02,603120_2026-07-02,-0.0401624548736462,-0.0014885874958651,-0.0386738673777811,reports/research/v004c_model_table_v001_20260601_20260729/v004c_model_table_v001.csv,reports/research/v004c_model_table_v001_20260601_20260729/v004c_model_table_v001.csv
LOSSCASE_017_A,LOSSCASE_017,2026-07-02,HIGHEST_RANKED_OUTSIDE_TARGET7,21,d1_last_hour_return,002396_2026-07-02,603120_2026-07-02,-0.0129930394431555,-0.0119476268412439,-0.0010454126019115995,reports/research/v004c_model_table_v001_20260601_20260729/v004c_model_table_v001.csv,reports/research/v004c_model_table_v001_20260601_20260729/v004c_model_table_v001.csv
LOSSCASE_017_A,LOSSCASE_017,2026-07-02,HIGHEST_RANKED_OUTSIDE_TARGET7,22,break_volume_ratio_vs_board_days,002396_2026-07-02,603120_2026-07-02,2.665922802752613,2.153042415035616,0.5128803877169967,reports/research/v004c_model_table_v001_20260601_20260729/v004c_model_table_v001.csv,reports/research/v004c_model_table_v001_20260601_20260729/v004c_model_table_v001.csv
LOSSCASE_017_A,LOSSCASE_017,2026-07-02,HIGHEST_RANKED_OUTSIDE_TARGET7,23,d1_up_bar_volume_ratio,002396_2026-07-02,603120_2026-07-02,0.3872558716913797,0.5362340002774105,-0.14897812858603082,reports/research/v004c_model_table_v001_20260601_20260729/v004c_model_table_v001.csv,reports/research/v004c_model_table_v001_20260601_20260729/v004c_model_table_v001.csv
LOSSCASE_017_A,LOSSCASE_017,2026-07-02,HIGHEST_RANKED_OUTSIDE_TARGET7,24,down_bar_volume_ratio,002396_2026-07-02,603120_2026-07-02,0.5901141750484556,0.4637659997225895,0.12634817532586617,reports/research/v004c_model_table_v001_20260601_20260729/v004c_model_table_v001.csv,reports/research/v004c_model_table_v001_20260601_20260729/v004c_model_table_v001.csv
LOSSCASE_017_A,LOSSCASE_017,2026-07-02,HIGHEST_RANKED_OUTSIDE_TARGET7,25,volume_above_d1_close_ratio,002396_2026-07-02,603120_2026-07-02,0.66722508267829,0.8086809369042428,-0.14145585422595286,reports/research/v004c_model_table_v001_20260601_20260729/v004c_model_table_v001.csv,reports/research/v004c_model_table_v001_20260601_20260729/v004c_model_table_v001.csv
LOSSCASE_017_A,LOSSCASE_017,2026-07-02,HIGHEST_RANKED_OUTSIDE_TARGET7,26,amount_above_d1_close_ratio,002396_2026-07-02,603120_2026-07-02,0.6748543765668756,0.8162129850537263,-0.14135860848685067,reports/research/v004c_model_table_v001_20260601_20260729/v004c_model_table_v001.csv,reports/research/v004c_model_table_v001_20260601_20260729/v004c_model_table_v001.csv
LOSSCASE_017_A,LOSSCASE_017,2026-07-02,HIGHEST_RANKED_OUTSIDE_TARGET7,27,high_zone_volume_ratio,002396_2026-07-02,603120_2026-07-02,0.2907410458274154,0.3273231154926223,-0.036582069665206884,reports/research/v004c_model_table_v001_20260601_20260729/v004c_model_table_v001.csv,reports/research/v004c_model_table_v001_20260601_20260729/v004c_model_table_v001.csv
LOSSCASE_017_A,LOSSCASE_017,2026-07-02,HIGHEST_RANKED_OUTSIDE_TARGET7,28,high_zone_amount_ratio,002396_2026-07-02,603120_2026-07-02,0.2981842201239911,0.3341933491794072,-0.03600912905541609,reports/research/v004c_model_table_v001_20260601_20260729/v004c_model_table_v001.csv,reports/research/v004c_model_table_v001_20260601_20260729/v004c_model_table_v001.csv
LOSSCASE_017_A,LOSSCASE_017,2026-07-02,HIGHEST_RANKED_OUTSIDE_TARGET7,29,late_day_sell_volume_ratio,002396_2026-07-02,603120_2026-07-02,0.153538031297406,0.0932664783074239,0.0602715529899821,reports/research/v004c_model_table_v001_20260601_20260729/v004c_model_table_v001.csv,reports/research/v004c_model_table_v001_20260601_20260729/v004c_model_table_v001.csv
LOSSCASE_017_A,LOSSCASE_017,2026-07-02,HIGHEST_RANKED_OUTSIDE_TARGET7,30,late_day_sell_amount_ratio,002396_2026-07-02,603120_2026-07-02,0.1533595293416537,0.0937888566061912,0.0595706727354625,reports/research/v004c_model_table_v001_20260601_20260729/v004c_model_table_v001.csv,reports/research/v004c_model_table_v001_20260601_20260729/v004c_model_table_v001.csv
LOSSCASE_017_A,LOSSCASE_017,2026-07-02,HIGHEST_RANKED_OUTSIDE_TARGET7,31,d1_close_to_vwap_raw,002396_2026-07-02,603120_2026-07-02,-0.0079625302388158,0.0004945861695879,-0.008457116408403699,reports/research/v004c_model_table_v001_20260601_20260729/v004c_model_table_v001.csv,reports/research/v004c_model_table_v001_20260601_20260729/v004c_model_table_v001.csv
LOSSCASE_017_A,LOSSCASE_017,2026-07-02,HIGHEST_RANKED_OUTSIDE_TARGET7,32,d1_close_to_ma5_raw,002396_2026-07-02,603120_2026-07-02,0.1002482929857231,0.1093755742585171,-0.009127281272793997,reports/research/v004c_model_table_v001_20260601_20260729/v004c_model_table_v001.csv,reports/research/v004c_model_table_v001_20260601_20260729/v004c_model_table_v001.csv
LOSSCASE_017_A,LOSSCASE_017,2026-07-02,HIGHEST_RANKED_OUTSIDE_TARGET7,33,d1_low_to_ma5_raw,002396_2026-07-02,603120_2026-07-02,0.0604179598593006,0.0198831269065382,0.040534832952762404,reports/research/v004c_model_table_v001_20260601_20260729/v004c_model_table_v001.csv,reports/research/v004c_model_table_v001_20260601_20260729/v004c_model_table_v001.csv
LOSSCASE_017_A,LOSSCASE_017,2026-07-02,HIGHEST_RANKED_OUTSIDE_TARGET7,34,d1_high_to_ma5_raw,002396_2026-07-02,603120_2026-07-02,0.1509414442375336,0.1668933073615346,-0.015951863124000987,reports/research/v004c_model_table_v001_20260601_20260729/v004c_model_table_v001.csv,reports/research/v004c_model_table_v001_20260601_20260729/v004c_model_table_v001.csv
LOSSCASE_017_A,LOSSCASE_017,2026-07-02,HIGHEST_RANKED_OUTSIDE_TARGET7,35,d1_close_to_ma10_raw,002396_2026-07-02,603120_2026-07-02,0.1003621314019658,0.1499047619047617,-0.049542630502795906,reports/research/v004c_model_table_v001_20260601_20260729/v004c_model_table_v001.csv,reports/research/v004c_model_table_v001_20260601_20260729/v004c_model_table_v001.csv
LOSSCASE_017_A,LOSSCASE_017,2026-07-02,HIGHEST_RANKED_OUTSIDE_TARGET7,36,d1_low_to_ma10_raw,002396_2026-07-02,603120_2026-07-02,0.0605276771857214,0.0571428571428571,0.003384820042864299,reports/research/v004c_model_table_v001_20260601_20260729/v004c_model_table_v001.csv,reports/research/v004c_model_table_v001_20260601_20260729/v004c_model_table_v001.csv
LOSSCASE_017_A,LOSSCASE_017,2026-07-02,HIGHEST_RANKED_OUTSIDE_TARGET7,37,d1_close_to_ma20,002396_2026-07-02,603120_2026-07-02,0.1014732917324772,0.1482425441265975,-0.04676925239412029,reports/research/v004c_model_table_v001_20260601_20260729/v004c_model_table_v001.csv,reports/research/v004c_model_table_v001_20260601_20260729/v004c_model_table_v001.csv
LOSSCASE_017_A,LOSSCASE_017,2026-07-02,HIGHEST_RANKED_OUTSIDE_TARGET7,38,d1_ma5_slope,002396_2026-07-02,603120_2026-07-02,0.0273142735678604,0.0391460433852737,-0.0118317698174133,reports/research/v004c_model_table_v001_20260601_20260729/v004c_model_table_v001.csv,reports/research/v004c_model_table_v001_20260601_20260729/v004c_model_table_v001.csv
LOSSCASE_017_A,LOSSCASE_017,2026-07-02,HIGHEST_RANKED_OUTSIDE_TARGET7,39,d1_ma10_slope,002396_2026-07-02,603120_2026-07-02,0.0075054727405401,0.0173038541283157,-0.009798381387775598,reports/research/v004c_model_table_v001_20260601_20260729/v004c_model_table_v001.csv,reports/research/v004c_model_table_v001_20260601_20260729/v004c_model_table_v001.csv
LOSSCASE_017_A,LOSSCASE_017,2026-07-02,HIGHEST_RANKED_OUTSIDE_TARGET7,40,d1_ma20_slope,002396_2026-07-02,603120_2026-07-02,-0.0027886080198301633,0.007791909065641978,-0.010580517085472141,EXISTING_53F_FORMULA_RECONSTRUCTION_FROM_LOCAL_D1_SAFE_CACHES,EXISTING_53F_FORMULA_RECONSTRUCTION_FROM_LOCAL_D1_SAFE_CACHES
LOSSCASE_017_A,LOSSCASE_017,2026-07-02,HIGHEST_RANKED_OUTSIDE_TARGET7,41,d1_close_above_ma5,002396_2026-07-02,603120_2026-07-02,1.0,1.0,0.0,reports/research/v004c_model_table_v001_20260601_20260729/v004c_model_table_v001.csv,reports/research/v004c_model_table_v001_20260601_20260729/v004c_model_table_v001.csv
LOSSCASE_017_A,LOSSCASE_017,2026-07-02,HIGHEST_RANKED_OUTSIDE_TARGET7,42,d1_close_above_ma10,002396_2026-07-02,603120_2026-07-02,1.0,1.0,0.0,reports/research/v004c_model_table_v001_20260601_20260729/v004c_model_table_v001.csv,reports/research/v004c_model_table_v001_20260601_20260729/v004c_model_table_v001.csv
LOSSCASE_017_A,LOSSCASE_017,2026-07-02,HIGHEST_RANKED_OUTSIDE_TARGET7,43,d1_true_reclaim_ma5,002396_2026-07-02,603120_2026-07-02,0.0,0.0,0.0,reports/research/v004c_model_table_v001_20260601_20260729/v004c_model_table_v001.csv,reports/research/v004c_model_table_v001_20260601_20260729/v004c_model_table_v001.csv
LOSSCASE_017_A,LOSSCASE_017,2026-07-02,HIGHEST_RANKED_OUTSIDE_TARGET7,44,d1_true_reclaim_ma10,002396_2026-07-02,603120_2026-07-02,0.0,0.0,0.0,reports/research/v004c_model_table_v001_20260601_20260729/v004c_model_table_v001.csv,reports/research/v004c_model_table_v001_20260601_20260729/v004c_model_table_v001.csv
LOSSCASE_017_A,LOSSCASE_017,2026-07-02,HIGHEST_RANKED_OUTSIDE_TARGET7,45,consecutive_days_below_ma5,002396_2026-07-02,603120_2026-07-02,0.0,0.0,0.0,reports/research/v004c_model_table_v001_20260601_20260729/v004c_model_table_v001.csv,reports/research/v004c_model_table_v001_20260601_20260729/v004c_model_table_v001.csv
LOSSCASE_017_A,LOSSCASE_017,2026-07-02,HIGHEST_RANKED_OUTSIDE_TARGET7,46,consecutive_days_below_ma10,002396_2026-07-02,603120_2026-07-02,0.0,0.0,0.0,reports/research/v004c_model_table_v001_20260601_20260729/v004c_model_table_v001.csv,reports/research/v004c_model_table_v001_20260601_20260729/v004c_model_table_v001.csv
LOSSCASE_017_A,LOSSCASE_017,2026-07-02,HIGHEST_RANKED_OUTSIDE_TARGET7,47,break_day_in_pool,002396_2026-07-02,603120_2026-07-02,0.0,0.0,0.0,reports/research/v004c_model_table_v001_20260601_20260729/v004c_model_table_v001.csv,reports/research/v004c_model_table_v001_20260601_20260729/v004c_model_table_v001.csv
LOSSCASE_017_A,LOSSCASE_017,2026-07-02,HIGHEST_RANKED_OUTSIDE_TARGET7,48,last_board_day_in_pool,002396_2026-07-02,603120_2026-07-02,1.0,1.0,0.0,reports/research/v004c_model_table_v001_20260601_20260729/v004c_model_table_v001.csv,reports/research/v004c_model_table_v001_20260601_20260729/v004c_model_table_v001.csv
LOSSCASE_017_A,LOSSCASE_017,2026-07-02,HIGHEST_RANKED_OUTSIDE_TARGET7,49,pool_consecutive_count_last_board,002396_2026-07-02,603120_2026-07-02,1.0,1.0,0.0,reports/research/v004c_model_table_v001_20260601_20260729/v004c_model_table_v001.csv,reports/research/v004c_model_table_v001_20260601_20260729/v004c_model_table_v001.csv
LOSSCASE_017_A,LOSSCASE_017,2026-07-02,HIGHEST_RANKED_OUTSIDE_TARGET7,50,recent_7d_cumulative_return,002396_2026-07-02,603120_2026-07-02,0.1259925886712545,0.2210760517799352,-0.09508346310868068,reports/research/v004c_model_table_v001_20260601_20260729/v004c_model_table_v001.csv,reports/research/v004c_model_table_v001_20260601_20260729/v004c_model_table_v001.csv
LOSSCASE_017_A,LOSSCASE_017,2026-07-02,HIGHEST_RANKED_OUTSIDE_TARGET7,51,recent_7d_max_drawdown,002396_2026-07-02,603120_2026-07-02,0.1235721703011423,0.1382352941176469,-0.0146631238165046,reports/research/v004c_model_table_v001_20260601_20260729/v004c_model_table_v001.csv,reports/research/v004c_model_table_v001_20260601_20260729/v004c_model_table_v001.csv
LOSSCASE_017_A,LOSSCASE_017,2026-07-02,HIGHEST_RANKED_OUTSIDE_TARGET7,52,recent_7d_close_position,002396_2026-07-02,603120_2026-07-02,0.8175046554934823,0.8116726835138386,0.005831971979643691,reports/research/v004c_model_table_v001_20260601_20260729/v004c_model_table_v001.csv,reports/research/v004c_model_table_v001_20260601_20260729/v004c_model_table_v001.csv
LOSSCASE_017_A,LOSSCASE_017,2026-07-02,HIGHEST_RANKED_OUTSIDE_TARGET7,53,recent_7d_limit_up_count,002396_2026-07-02,603120_2026-07-02,2.0,2.0,0.0,EXISTING_53F_FORMULA_RECONSTRUCTION_FROM_LOCAL_D1_SAFE_CACHES,EXISTING_53F_FORMULA_RECONSTRUCTION_FROM_LOCAL_D1_SAFE_CACHES
LOSSCASE_018_A,LOSSCASE_018,2026-07-06,HIGHEST_RANKED_OUTSIDE_TARGET7,1,board_streak_is_3,603580_2026-07-06,002979_2026-07-06,0.0,0.0,0.0,reports/research/v004c_model_table_v001_20260601_20260729/v004c_model_table_v001.csv,reports/research/v004c_model_table_v001_20260601_20260729/v004c_model_table_v001.csv
LOSSCASE_018_A,LOSSCASE_018,2026-07-06,HIGHEST_RANKED_OUTSIDE_TARGET7,2,max_board_streak_20d,603580_2026-07-06,002979_2026-07-06,2.0,2.0,0.0,reports/research/v004c_d1_dataset_v001_20260601_20260729/v004c_d1_snapshot_v001.csv,reports/research/v004c_d1_dataset_v001_20260601_20260729/v004c_d1_snapshot_v001.csv
LOSSCASE_018_A,LOSSCASE_018,2026-07-06,HIGHEST_RANKED_OUTSIDE_TARGET7,3,recent_limit_up_count_10d,603580_2026-07-06,002979_2026-07-06,2.0,2.0,0.0,reports/research/v004c_d1_dataset_v001_20260601_20260729/v004c_d1_snapshot_v001.csv,reports/research/v004c_d1_dataset_v001_20260601_20260729/v004c_d1_snapshot_v001.csv
LOSSCASE_018_A,LOSSCASE_018,2026-07-06,HIGHEST_RANKED_OUTSIDE_TARGET7,4,recent_limit_up_count_20d,603580_2026-07-06,002979_2026-07-06,2.0,2.0,0.0,reports/research/v004c_d1_dataset_v001_20260601_20260729/v004c_d1_snapshot_v001.csv,reports/research/v004c_d1_dataset_v001_20260601_20260729/v004c_d1_snapshot_v001.csv
LOSSCASE_018_A,LOSSCASE_018,2026-07-06,HIGHEST_RANKED_OUTSIDE_TARGET7,5,recent_pool_appearance_count_10d,603580_2026-07-06,002979_2026-07-06,2.0,2.0,0.0,reports/research/v004c_d1_dataset_v001_20260601_20260729/v004c_d1_snapshot_v001.csv,reports/research/v004c_d1_dataset_v001_20260601_20260729/v004c_d1_snapshot_v001.csv
LOSSCASE_018_A,LOSSCASE_018,2026-07-06,HIGHEST_RANKED_OUTSIDE_TARGET7,6,recent_pool_appearance_count_20d,603580_2026-07-06,002979_2026-07-06,2.0,2.0,0.0,reports/research/v004c_d1_dataset_v001_20260601_20260729/v004c_d1_snapshot_v001.csv,reports/research/v004c_d1_dataset_v001_20260601_20260729/v004c_d1_snapshot_v001.csv
LOSSCASE_018_A,LOSSCASE_018,2026-07-06,HIGHEST_RANKED_OUTSIDE_TARGET7,7,board_day_volume_rank,603580_2026-07-06,002979_2026-07-06,71.0,74.0,-3.0,reports/research/v004c_model_table_v001_20260601_20260729/v004c_model_table_v001.csv,reports/research/v004c_model_table_v001_20260601_20260729/v004c_model_table_v001.csv
LOSSCASE_018_A,LOSSCASE_018,2026-07-06,HIGHEST_RANKED_OUTSIDE_TARGET7,8,break_open_return,603580_2026-07-06,002979_2026-07-06,-0.0026551609691336,0.0783608914450035,-0.08101605241413709,reports/research/v004c_model_table_v001_20260601_20260729/v004c_model_table_v001.csv,reports/research/v004c_model_table_v001_20260601_20260729/v004c_model_table_v001.csv
LOSSCASE_018_A,LOSSCASE_018,2026-07-06,HIGHEST_RANKED_OUTSIDE_TARGET7,9,break_high_return,603580_2026-07-06,002979_2026-07-06,0.0999004314636575,0.1000718907260964,-0.00017145926243890275,reports/research/v004c_model_table_v001_20260601_20260729/v004c_model_table_v001.csv,reports/research/v004c_model_table_v001_20260601_20260729/v004c_model_table_v001.csv
LOSSCASE_018_A,LOSSCASE_018,2026-07-06,HIGHEST_RANKED_OUTSIDE_TARGET7,10,break_close_return,603580_2026-07-06,002979_2026-07-06,0.0182542316627944,0.0534867002156722,-0.0352324685528778,reports/research/v004c_model_table_v001_20260601_20260729/v004c_model_table_v001.csv,reports/research/v004c_model_table_v001_20260601_20260729/v004c_model_table_v001.csv
LOSSCASE_018_A,LOSSCASE_018,2026-07-06,HIGHEST_RANKED_OUTSIDE_TARGET7,11,break_touched_limit_up,603580_2026-07-06,002979_2026-07-06,1.0,1.0,0.0,reports/research/v004c_model_table_v001_20260601_20260729/v004c_model_table_v001.csv,reports/research/v004c_model_table_v001_20260601_20260729/v004c_model_table_v001.csv
LOSSCASE_018_A,LOSSCASE_018,2026-07-06,HIGHEST_RANKED_OUTSIDE_TARGET7,12,break_opened_from_limit_up,603580_2026-07-06,002979_2026-07-06,0.0,0.0,0.0,reports/research/v004c_model_table_v001_20260601_20260729/v004c_model_table_v001.csv,reports/research/v004c_model_table_v001_20260601_20260729/v004c_model_table_v001.csv
LOSSCASE_018_A,LOSSCASE_018,2026-07-06,HIGHEST_RANKED_OUTSIDE_TARGET7,13,break_upper_shadow_ratio,603580_2026-07-06,002979_2026-07-06,0.7387387387387386,0.3765586034912726,0.362180135247466,reports/research/v004c_model_table_v001_20260601_20260729/v004c_model_table_v001.csv,reports/research/v004c_model_table_v001_20260601_20260729/v004c_model_table_v001.csv
LOSSCASE_018_A,LOSSCASE_018,2026-07-06,HIGHEST_RANKED_OUTSIDE_TARGET7,14,break_lower_shadow_ratio,603580_2026-07-06,002979_2026-07-06,0.0720720720720726,0.192019950124687,-0.1199478780526144,reports/research/v004c_model_table_v001_20260601_20260729/v004c_model_table_v001.csv,reports/research/v004c_model_table_v001_20260601_20260729/v004c_model_table_v001.csv
LOSSCASE_018_A,LOSSCASE_018,2026-07-06,HIGHEST_RANKED_OUTSIDE_TARGET7,15,d1_high_to_close_drawdown_raw,603580_2026-07-06,002979_2026-07-06,0.0742305371152685,0.0423474055678997,0.031883131547368805,reports/research/v004c_model_table_v001_20260601_20260729/v004c_model_table_v001.csv,reports/research/v004c_model_table_v001_20260601_20260729/v004c_model_table_v001.csv
LOSSCASE_018_A,LOSSCASE_018,2026-07-06,HIGHEST_RANKED_OUTSIDE_TARGET7,16,d1_low_to_close_recovery,603580_2026-07-06,002979_2026-07-06,0.0291848373029185,0.0106206896551723,0.0185641476477462,reports/research/v004c_model_table_v001_20260601_20260729/v004c_model_table_v001.csv,reports/research/v004c_model_table_v001_20260601_20260729/v004c_model_table_v001.csv
LOSSCASE_018_A,LOSSCASE_018,2026-07-06,HIGHEST_RANKED_OUTSIDE_TARGET7,17,d1_open_to_close_return_raw,603580_2026-07-06,002979_2026-07-06,0.0209650582362728,-0.0230666666666666,0.0440317249029394,reports/research/v004c_model_table_v001_20260601_20260729/v004c_model_table_v001.csv,reports/research/v004c_model_table_v001_20260601_20260729/v004c_model_table_v001.csv
LOSSCASE_018_A,LOSSCASE_018,2026-07-06,HIGHEST_RANKED_OUTSIDE_TARGET7,18,d1_close_location,603580_2026-07-06,002979_2026-07-06,0.2612612612612614,0.192019950124687,0.06924131113657442,reports/research/v004c_model_table_v001_20260601_20260729/v004c_model_table_v001.csv,reports/research/v004c_model_table_v001_20260601_20260729/v004c_model_table_v001.csv
LOSSCASE_018_A,LOSSCASE_018,2026-07-06,HIGHEST_RANKED_OUTSIDE_TARGET7,19,d1_intraday_range,603580_2026-07-06,002979_2026-07-06,0.1105210753401925,0.0576563623292596,0.052864713010932894,reports/research/v004c_model_table_v001_20260601_20260729/v004c_model_table_v001.csv,reports/research/v004c_model_table_v001_20260601_20260729/v004c_model_table_v001.csv
LOSSCASE_018_A,LOSSCASE_018,2026-07-06,HIGHEST_RANKED_OUTSIDE_TARGET7,20,d1_afternoon_return,603580_2026-07-06,002979_2026-07-06,-0.0742305371152686,-0.0338871308016878,-0.0403434063135808,reports/research/v004c_model_table_v001_20260601_20260729/v004c_model_table_v001.csv,reports/research/v004c_model_table_v001_20260601_20260729/v004c_model_table_v001.csv
LOSSCASE_018_A,LOSSCASE_018,2026-07-06,HIGHEST_RANKED_OUTSIDE_TARGET7,21,d1_last_hour_return,603580_2026-07-06,002979_2026-07-06,-0.0652041438147471,-0.0213703753172166,-0.0438337684975305,reports/research/v004c_model_table_v001_20260601_20260729/v004c_model_table_v001.csv,reports/research/v004c_model_table_v001_20260601_20260729/v004c_model_table_v001.csv
LOSSCASE_018_A,LOSSCASE_018,2026-07-06,HIGHEST_RANKED_OUTSIDE_TARGET7,22,break_volume_ratio_vs_board_days,603580_2026-07-06,002979_2026-07-06,2.6592471682247614,13.097616895571086,-10.438369727346325,reports/research/v004c_model_table_v001_20260601_20260729/v004c_model_table_v001.csv,reports/research/v004c_model_table_v001_20260601_20260729/v004c_model_table_v001.csv
LOSSCASE_018_A,LOSSCASE_018,2026-07-06,HIGHEST_RANKED_OUTSIDE_TARGET7,23,d1_up_bar_volume_ratio,603580_2026-07-06,002979_2026-07-06,0.3561505387064349,0.5250622251578775,-0.16891168645144256,reports/research/v004c_model_table_v001_20260601_20260729/v004c_model_table_v001.csv,reports/research/v004c_model_table_v001_20260601_20260729/v004c_model_table_v001.csv
LOSSCASE_018_A,LOSSCASE_018,2026-07-06,HIGHEST_RANKED_OUTSIDE_TARGET7,24,down_bar_volume_ratio,603580_2026-07-06,002979_2026-07-06,0.6152568388300164,0.4490058357340663,0.16625100309595003,reports/research/v004c_model_table_v001_20260601_20260729/v004c_model_table_v001.csv,reports/research/v004c_model_table_v001_20260601_20260729/v004c_model_table_v001.csv
LOSSCASE_018_A,LOSSCASE_018,2026-07-06,HIGHEST_RANKED_OUTSIDE_TARGET7,25,volume_above_d1_close_ratio,603580_2026-07-06,002979_2026-07-06,0.9468233023548922,0.9246010359882638,0.022222266366628385,reports/research/v004c_model_table_v001_20260601_20260729/v004c_model_table_v001.csv,reports/research/v004c_model_table_v001_20260601_20260729/v004c_model_table_v001.csv
LOSSCASE_018_A,LOSSCASE_018,2026-07-06,HIGHEST_RANKED_OUTSIDE_TARGET7,26,amount_above_d1_close_ratio,603580_2026-07-06,002979_2026-07-06,0.949904163464036,0.92586634334237,0.02403782012166611,reports/research/v004c_model_table_v001_20260601_20260729/v004c_model_table_v001.csv,reports/research/v004c_model_table_v001_20260601_20260729/v004c_model_table_v001.csv
LOSSCASE_018_A,LOSSCASE_018,2026-07-06,HIGHEST_RANKED_OUTSIDE_TARGET7,27,high_zone_volume_ratio,603580_2026-07-06,002979_2026-07-06,0.5961000049849224,0.2629595104280422,0.3331404945568802,reports/research/v004c_model_table_v001_20260601_20260729/v004c_model_table_v001.csv,reports/research/v004c_model_table_v001_20260601_20260729/v004c_model_table_v001.csv
LOSSCASE_018_A,LOSSCASE_018,2026-07-06,HIGHEST_RANKED_OUTSIDE_TARGET7,28,high_zone_amount_ratio,603580_2026-07-06,002979_2026-07-06,0.6061162073788489,0.26625500537561,0.3398612020032389,reports/research/v004c_model_table_v001_20260601_20260729/v004c_model_table_v001.csv,reports/research/v004c_model_table_v001_20260601_20260729/v004c_model_table_v001.csv
LOSSCASE_018_A,LOSSCASE_018,2026-07-06,HIGHEST_RANKED_OUTSIDE_TARGET7,29,late_day_sell_volume_ratio,603580_2026-07-06,002979_2026-07-06,0.1470163750983034,0.11502221358649,0.031994161511813404,reports/research/v004c_model_table_v001_20260601_20260729/v004c_model_table_v001.csv,reports/research/v004c_model_table_v001_20260601_20260729/v004c_model_table_v001.csv
LOSSCASE_018_A,LOSSCASE_018,2026-07-06,HIGHEST_RANKED_OUTSIDE_TARGET7,30,late_day_sell_amount_ratio,603580_2026-07-06,002979_2026-07-06,0.1435883802281652,0.1133134100233475,0.030274970204817703,reports/research/v004c_model_table_v001_20260601_20260729/v004c_model_table_v001.csv,reports/research/v004c_model_table_v001_20260601_20260729/v004c_model_table_v001.csv
LOSSCASE_018_A,LOSSCASE_018,2026-07-06,HIGHEST_RANKED_OUTSIDE_TARGET7,31,d1_close_to_vwap_raw,603580_2026-07-06,002979_2026-07-06,-0.0546126995098183,-0.0158412575903718,-0.038771441919446495,reports/research/v004c_model_table_v001_20260601_20260729/v004c_model_table_v001.csv,reports/research/v004c_model_table_v001_20260601_20260729/v004c_model_table_v001.csv
LOSSCASE_018_A,LOSSCASE_018,2026-07-06,HIGHEST_RANKED_OUTSIDE_TARGET7,32,d1_close_to_ma5_raw,603580_2026-07-06,002979_2026-07-06,0.1157986616235089,0.1473176536907705,-0.031518992067261595,reports/research/v004c_model_table_v001_20260601_20260729/v004c_model_table_v001.csv,reports/research/v004c_model_table_v001_20260601_20260729/v004c_model_table_v001.csv
LOSSCASE_018_A,LOSSCASE_018,2026-07-06,HIGHEST_RANKED_OUTSIDE_TARGET7,33,d1_low_to_ma5_raw,603580_2026-07-06,002979_2026-07-06,0.084157695664824,0.1352604052488177,-0.05110270958399368,reports/research/v004c_model_table_v001_20260601_20260729/v004c_model_table_v001.csv,reports/research/v004c_model_table_v001_20260601_20260729/v004c_model_table_v001.csv
LOSSCASE_018_A,LOSSCASE_018,2026-07-06,HIGHEST_RANKED_OUTSIDE_TARGET7,34,d1_high_to_ma5_raw,603580_2026-07-06,002979_2026-07-06,0.2052662205411697,0.1980520497322351,0.007214170808934578,reports/research/v004c_model_table_v001_20260601_20260729/v004c_model_table_v001.csv,reports/research/v004c_model_table_v001_20260601_20260729/v004c_model_table_v001.csv
LOSSCASE_018_A,LOSSCASE_018,2026-07-06,HIGHEST_RANKED_OUTSIDE_TARGET7,35,d1_close_to_ma10_raw,603580_2026-07-06,002979_2026-07-06,0.1838246643000465,0.2581132593839073,-0.07428859508386079,reports/research/v004c_model_table_v001_20260601_20260729/v004c_model_table_v001.csv,reports/research/v004c_model_table_v001_20260601_20260729/v004c_model_table_v001.csv
LOSSCASE_018_A,LOSSCASE_018,2026-07-06,HIGHEST_RANKED_OUTSIDE_TARGET7,36,d1_low_to_ma10_raw,603580_2026-07-06,002979_2026-07-06,0.1502546689303905,0.2448916514990213,-0.09463698256863082,reports/research/v004c_model_table_v001_20260601_20260729/v004c_model_table_v001.csv,reports/research/v004c_model_table_v001_20260601_20260729/v004c_model_table_v001.csv
LOSSCASE_018_A,LOSSCASE_018,2026-07-06,HIGHEST_RANKED_OUTSIDE_TARGET7,37,d1_close_to_ma20,603580_2026-07-06,002979_2026-07-06,0.230497733926924,0.314095091199311,-0.08359735727238701,reports/research/v004c_model_table_v001_20260601_20260729/v004c_model_table_v001.csv,reports/research/v004c_model_table_v001_20260601_20260729/v004c_model_table_v001.csv
LOSSCASE_018_A,LOSSCASE_018,2026-07-06,HIGHEST_RANKED_OUTSIDE_TARGET7,38,d1_ma5_slope,603580_2026-07-06,002979_2026-07-06,0.0573757883402552,0.071150620597115,-0.013774832256859791,reports/research/v004c_model_table_v001_20260601_20260729/v004c_model_table_v001.csv,reports/research/v004c_model_table_v001_20260601_20260729/v004c_model_table_v001.csv
LOSSCASE_018_A,LOSSCASE_018,2026-07-06,HIGHEST_RANKED_OUTSIDE_TARGET7,39,d1_ma10_slope,603580_2026-07-06,002979_2026-07-06,0.0130164562404719,0.0352686031215558,-0.0222521468810839,reports/research/v004c_model_table_v001_20260601_20260729/v004c_model_table_v001.csv,reports/research/v004c_model_table_v001_20260601_20260729/v004c_model_table_v001.csv
LOSSCASE_018_A,LOSSCASE_018,2026-07-06,HIGHEST_RANKED_OUTSIDE_TARGET7,40,d1_ma20_slope,603580_2026-07-06,002979_2026-07-06,0.015538765452212555,0.016017347570975504,-0.0004785821187629491,EXISTING_53F_FORMULA_RECONSTRUCTION_FROM_LOCAL_D1_SAFE_CACHES,EXISTING_53F_FORMULA_RECONSTRUCTION_FROM_LOCAL_D1_SAFE_CACHES
LOSSCASE_018_A,LOSSCASE_018,2026-07-06,HIGHEST_RANKED_OUTSIDE_TARGET7,41,d1_close_above_ma5,603580_2026-07-06,002979_2026-07-06,1.0,1.0,0.0,reports/research/v004c_model_table_v001_20260601_20260729/v004c_model_table_v001.csv,reports/research/v004c_model_table_v001_20260601_20260729/v004c_model_table_v001.csv
LOSSCASE_018_A,LOSSCASE_018,2026-07-06,HIGHEST_RANKED_OUTSIDE_TARGET7,42,d1_close_above_ma10,603580_2026-07-06,002979_2026-07-06,1.0,1.0,0.0,reports/research/v004c_model_table_v001_20260601_20260729/v004c_model_table_v001.csv,reports/research/v004c_model_table_v001_20260601_20260729/v004c_model_table_v001.csv
LOSSCASE_018_A,LOSSCASE_018,2026-07-06,HIGHEST_RANKED_OUTSIDE_TARGET7,43,d1_true_reclaim_ma5,603580_2026-07-06,002979_2026-07-06,0.0,0.0,0.0,reports/research/v004c_model_table_v001_20260601_20260729/v004c_model_table_v001.csv,reports/research/v004c_model_table_v001_20260601_20260729/v004c_model_table_v001.csv
LOSSCASE_018_A,LOSSCASE_018,2026-07-06,HIGHEST_RANKED_OUTSIDE_TARGET7,44,d1_true_reclaim_ma10,603580_2026-07-06,002979_2026-07-06,0.0,0.0,0.0,reports/research/v004c_model_table_v001_20260601_20260729/v004c_model_table_v001.csv,reports/research/v004c_model_table_v001_20260601_20260729/v004c_model_table_v001.csv
LOSSCASE_018_A,LOSSCASE_018,2026-07-06,HIGHEST_RANKED_OUTSIDE_TARGET7,45,consecutive_days_below_ma5,603580_2026-07-06,002979_2026-07-06,0.0,0.0,0.0,reports/research/v004c_model_table_v001_20260601_20260729/v004c_model_table_v001.csv,reports/research/v004c_model_table_v001_20260601_20260729/v004c_model_table_v001.csv
LOSSCASE_018_A,LOSSCASE_018,2026-07-06,HIGHEST_RANKED_OUTSIDE_TARGET7,46,consecutive_days_below_ma10,603580_2026-07-06,002979_2026-07-06,0.0,0.0,0.0,reports/research/v004c_model_table_v001_20260601_20260729/v004c_model_table_v001.csv,reports/research/v004c_model_table_v001_20260601_20260729/v004c_model_table_v001.csv
LOSSCASE_018_A,LOSSCASE_018,2026-07-06,HIGHEST_RANKED_OUTSIDE_TARGET7,47,break_day_in_pool,603580_2026-07-06,002979_2026-07-06,0.0,0.0,0.0,reports/research/v004c_model_table_v001_20260601_20260729/v004c_model_table_v001.csv,reports/research/v004c_model_table_v001_20260601_20260729/v004c_model_table_v001.csv
LOSSCASE_018_A,LOSSCASE_018,2026-07-06,HIGHEST_RANKED_OUTSIDE_TARGET7,48,last_board_day_in_pool,603580_2026-07-06,002979_2026-07-06,1.0,1.0,0.0,reports/research/v004c_model_table_v001_20260601_20260729/v004c_model_table_v001.csv,reports/research/v004c_model_table_v001_20260601_20260729/v004c_model_table_v001.csv
LOSSCASE_018_A,LOSSCASE_018,2026-07-06,HIGHEST_RANKED_OUTSIDE_TARGET7,49,pool_consecutive_count_last_board,603580_2026-07-06,002979_2026-07-06,2.0,2.0,0.0,reports/research/v004c_model_table_v001_20260601_20260729/v004c_model_table_v001.csv,reports/research/v004c_model_table_v001_20260601_20260729/v004c_model_table_v001.csv
LOSSCASE_018_A,LOSSCASE_018,2026-07-06,HIGHEST_RANKED_OUTSIDE_TARGET7,50,recent_7d_cumulative_return,603580_2026-07-06,002979_2026-07-06,0.2890756302521007,0.4185866408518877,-0.12951101059978698,reports/research/v004c_model_table_v001_20260601_20260729/v004c_model_table_v001.csv,reports/research/v004c_model_table_v001_20260601_20260729/v004c_model_table_v001.csv
LOSSCASE_018_A,LOSSCASE_018,2026-07-06,HIGHEST_RANKED_OUTSIDE_TARGET7,51,recent_7d_max_drawdown,603580_2026-07-06,002979_2026-07-06,0.1178225205070842,0.0910431256911168,0.02677939481596739,reports/research/v004c_model_table_v001_20260601_20260729/v004c_model_table_v001.csv,reports/research/v004c_model_table_v001_20260601_20260729/v004c_model_table_v001.csv
LOSSCASE_018_A,LOSSCASE_018,2026-07-06,HIGHEST_RANKED_OUTSIDE_TARGET7,52,recent_7d_close_position,603580_2026-07-06,002979_2026-07-06,0.7745187901008248,0.880838543582199,-0.10631975348137424,reports/research/v004c_model_table_v001_20260601_20260729/v004c_model_table_v001.csv,reports/research/v004c_model_table_v001_20260601_20260729/v004c_model_table_v001.csv
LOSSCASE_018_A,LOSSCASE_018,2026-07-06,HIGHEST_RANKED_OUTSIDE_TARGET7,53,recent_7d_limit_up_count,603580_2026-07-06,002979_2026-07-06,2.0,2.0,0.0,EXISTING_53F_FORMULA_RECONSTRUCTION_FROM_LOCAL_D1_SAFE_CACHES,EXISTING_53F_FORMULA_RECONSTRUCTION_FROM_LOCAL_D1_SAFE_CACHES
LOSSCASE_019_A,LOSSCASE_019,2026-07-06,HIGHEST_RANKED_OUTSIDE_TARGET7,1,board_streak_is_3,603580_2026-07-06,603286_2026-07-06,0.0,0.0,0.0,reports/research/v004c_model_table_v001_20260601_20260729/v004c_model_table_v001.csv,reports/research/v004c_model_table_v001_20260601_20260729/v004c_model_table_v001.csv
LOSSCASE_019_A,LOSSCASE_019,2026-07-06,HIGHEST_RANKED_OUTSIDE_TARGET7,2,max_board_streak_20d,603580_2026-07-06,603286_2026-07-06,2.0,2.0,0.0,reports/research/v004c_d1_dataset_v001_20260601_20260729/v004c_d1_snapshot_v001.csv,reports/research/v004c_d1_dataset_v001_20260601_20260729/v004c_d1_snapshot_v001.csv
LOSSCASE_019_A,LOSSCASE_019,2026-07-06,HIGHEST_RANKED_OUTSIDE_TARGET7,3,recent_limit_up_count_10d,603580_2026-07-06,603286_2026-07-06,2.0,2.0,0.0,reports/research/v004c_d1_dataset_v001_20260601_20260729/v004c_d1_snapshot_v001.csv,reports/research/v004c_d1_dataset_v001_20260601_20260729/v004c_d1_snapshot_v001.csv
LOSSCASE_019_A,LOSSCASE_019,2026-07-06,HIGHEST_RANKED_OUTSIDE_TARGET7,4,recent_limit_up_count_20d,603580_2026-07-06,603286_2026-07-06,2.0,2.0,0.0,reports/research/v004c_d1_dataset_v001_20260601_20260729/v004c_d1_snapshot_v001.csv,reports/research/v004c_d1_dataset_v001_20260601_20260729/v004c_d1_snapshot_v001.csv
LOSSCASE_019_A,LOSSCASE_019,2026-07-06,HIGHEST_RANKED_OUTSIDE_TARGET7,5,recent_pool_appearance_count_10d,603580_2026-07-06,603286_2026-07-06,2.0,2.0,0.0,reports/research/v004c_d1_dataset_v001_20260601_20260729/v004c_d1_snapshot_v001.csv,reports/research/v004c_d1_dataset_v001_20260601_20260729/v004c_d1_snapshot_v001.csv
LOSSCASE_019_A,LOSSCASE_019,2026-07-06,HIGHEST_RANKED_OUTSIDE_TARGET7,6,recent_pool_appearance_count_20d,603580_2026-07-06,603286_2026-07-06,2.0,2.0,0.0,reports/research/v004c_d1_dataset_v001_20260601_20260729/v004c_d1_snapshot_v001.csv,reports/research/v004c_d1_dataset_v001_20260601_20260729/v004c_d1_snapshot_v001.csv
LOSSCASE_019_A,LOSSCASE_019,2026-07-06,HIGHEST_RANKED_OUTSIDE_TARGET7,7,board_day_volume_rank,603580_2026-07-06,603286_2026-07-06,71.0,68.0,3.0,reports/research/v004c_model_table_v001_20260601_20260729/v004c_model_table_v001.csv,reports/research/v004c_model_table_v001_20260601_20260729/v004c_model_table_v001.csv
LOSSCASE_019_A,LOSSCASE_019,2026-07-06,HIGHEST_RANKED_OUTSIDE_TARGET7,8,break_open_return,603580_2026-07-06,603286_2026-07-06,-0.0026551609691336,-0.0005266853932583,-0.0021284755758753,reports/research/v004c_model_table_v001_20260601_20260729/v004c_model_table_v001.csv,reports/research/v004c_model_table_v001_20260601_20260729/v004c_model_table_v001.csv
LOSSCASE_019_A,LOSSCASE_019,2026-07-06,HIGHEST_RANKED_OUTSIDE_TARGET7,9,break_high_return,603580_2026-07-06,603286_2026-07-06,0.0999004314636575,0.045997191011236,0.0539032404524215,reports/research/v004c_model_table_v001_20260601_20260729/v004c_model_table_v001.csv,reports/research/v004c_model_table_v001_20260601_20260729/v004c_model_table_v001.csv
LOSSCASE_019_A,LOSSCASE_019,2026-07-06,HIGHEST_RANKED_OUTSIDE_TARGET7,10,break_close_return,603580_2026-07-06,603286_2026-07-06,0.0182542316627944,-0.0419592696629214,0.0602135013257158,reports/research/v004c_model_table_v001_20260601_20260729/v004c_model_table_v001.csv,reports/research/v004c_model_table_v001_20260601_20260729/v004c_model_table_v001.csv
LOSSCASE_019_A,LOSSCASE_019,2026-07-06,HIGHEST_RANKED_OUTSIDE_TARGET7,11,break_touched_limit_up,603580_2026-07-06,603286_2026-07-06,1.0,0.0,1.0,reports/research/v004c_model_table_v001_20260601_20260729/v004c_model_table_v001.csv,reports/research/v004c_model_table_v001_20260601_20260729/v004c_model_table_v001.csv
LOSSCASE_019_A,LOSSCASE_019,2026-07-06,HIGHEST_RANKED_OUTSIDE_TARGET7,12,break_opened_from_limit_up,603580_2026-07-06,603286_2026-07-06,0.0,0.0,0.0,reports/research/v004c_model_table_v001_20260601_20260729/v004c_model_table_v001.csv,reports/research/v004c_model_table_v001_20260601_20260729/v004c_model_table_v001.csv
LOSSCASE_019_A,LOSSCASE_019,2026-07-06,HIGHEST_RANKED_OUTSIDE_TARGET7,13,break_upper_shadow_ratio,603580_2026-07-06,603286_2026-07-06,0.7387387387387386,0.4953271028037379,0.24341163593500076,reports/research/v004c_model_table_v001_20260601_20260729/v004c_model_table_v001.csv,reports/research/v004c_model_table_v001_20260601_20260729/v004c_model_table_v001.csv
LOSSCASE_019_A,LOSSCASE_019,2026-07-06,HIGHEST_RANKED_OUTSIDE_TARGET7,14,break_lower_shadow_ratio,603580_2026-07-06,603286_2026-07-06,0.0720720720720726,0.0635514018691595,0.008520670202913097,reports/research/v004c_model_table_v001_20260601_20260729/v004c_model_table_v001.csv,reports/research/v004c_model_table_v001_20260601_20260729/v004c_model_table_v001.csv
LOSSCASE_019_A,LOSSCASE_019,2026-07-06,HIGHEST_RANKED_OUTSIDE_TARGET7,15,d1_high_to_close_drawdown_raw,603580_2026-07-06,603286_2026-07-06,0.0742305371152685,0.0840886203423967,-0.009858083227128195,reports/research/v004c_model_table_v001_20260601_20260729/v004c_model_table_v001.csv,reports/research/v004c_model_table_v001_20260601_20260729/v004c_model_table_v001.csv
LOSSCASE_019_A,LOSSCASE_019,2026-07-06,HIGHEST_RANKED_OUTSIDE_TARGET7,16,d1_low_to_close_recovery,603580_2026-07-06,603286_2026-07-06,0.0291848373029185,0.006269592476489,0.022915244826429503,reports/research/v004c_model_table_v001_20260601_20260729/v004c_model_table_v001.csv,reports/research/v004c_model_table_v001_20260601_20260729/v004c_model_table_v001.csv
LOSSCASE_019_A,LOSSCASE_019,2026-07-06,HIGHEST_RANKED_OUTSIDE_TARGET7,17,d1_open_to_close_return_raw,603580_2026-07-06,603286_2026-07-06,0.0209650582362728,-0.0414544177059547,0.0624194759422275,reports/research/v004c_model_table_v001_20260601_20260729/v004c_model_table_v001.csv,reports/research/v004c_model_table_v001_20260601_20260729/v004c_model_table_v001.csv
LOSSCASE_019_A,LOSSCASE_019,2026-07-06,HIGHEST_RANKED_OUTSIDE_TARGET7,18,d1_close_location,603580_2026-07-06,603286_2026-07-06,0.2612612612612614,0.0635514018691595,0.19770985939210192,reports/research/v004c_model_table_v001_20260601_20260729/v004c_model_table_v001.csv,reports/research/v004c_model_table_v001_20260601_20260729/v004c_model_table_v001.csv
LOSSCASE_019_A,LOSSCASE_019,2026-07-06,HIGHEST_RANKED_OUTSIDE_TARGET7,19,d1_intraday_range,603580_2026-07-06,603286_2026-07-06,0.1105210753401925,0.0939255617977528,0.016595513542439697,reports/research/v004c_model_table_v001_20260601_20260729/v004c_model_table_v001.csv,reports/research/v004c_model_table_v001_20260601_20260729/v004c_model_table_v001.csv
LOSSCASE_019_A,LOSSCASE_019,2026-07-06,HIGHEST_RANKED_OUTSIDE_TARGET7,20,d1_afternoon_return,603580_2026-07-06,603286_2026-07-06,-0.0742305371152686,-0.0128437047756874,-0.0613868323395812,reports/research/v004c_model_table_v001_20260601_20260729/v004c_model_table_v001.csv,reports/research/v004c_model_table_v001_20260601_20260729/v004c_model_table_v001.csv
LOSSCASE_019_A,LOSSCASE_019,2026-07-06,HIGHEST_RANKED_OUTSIDE_TARGET7,21,d1_last_hour_return,603580_2026-07-06,603286_2026-07-06,-0.0652041438147471,-0.0135574837310195,-0.05164666008372759,reports/research/v004c_model_table_v001_20260601_20260729/v004c_model_table_v001.csv,reports/research/v004c_model_table_v001_20260601_20260729/v004c_model_table_v001.csv
LOSSCASE_019_A,LOSSCASE_019,2026-07-06,HIGHEST_RANKED_OUTSIDE_TARGET7,22,break_volume_ratio_vs_board_days,603580_2026-07-06,603286_2026-07-06,2.6592471682247614,2.0731648952080883,0.586082273016673,reports/research/v004c_model_table_v001_20260601_20260729/v004c_model_table_v001.csv,reports/research/v004c_model_table_v001_20260601_20260729/v004c_model_table_v001.csv
LOSSCASE_019_A,LOSSCASE_019,2026-07-06,HIGHEST_RANKED_OUTSIDE_TARGET7,23,d1_up_bar_volume_ratio,603580_2026-07-06,603286_2026-07-06,0.3561505387064349,0.4627511194127833,-0.10660058070634837,reports/research/v004c_model_table_v001_20260601_20260729/v004c_model_table_v001.csv,reports/research/v004c_model_table_v001_20260601_20260729/v004c_model_table_v001.csv
LOSSCASE_019_A,LOSSCASE_019,2026-07-06,HIGHEST_RANKED_OUTSIDE_TARGET7,24,down_bar_volume_ratio,603580_2026-07-06,603286_2026-07-06,0.6152568388300164,0.5372488805872166,0.07800795824279971,reports/research/v004c_model_table_v001_20260601_20260729/v004c_model_table_v001.csv,reports/research/v004c_model_table_v001_20260601_20260729/v004c_model_table_v001.csv
LOSSCASE_019_A,LOSSCASE_019,2026-07-06,HIGHEST_RANKED_OUTSIDE_TARGET7,25,volume_above_d1_close_ratio,603580_2026-07-06,603286_2026-07-06,0.9468233023548922,0.9746544419316912,-0.027831139576798947,reports/research/v004c_model_table_v001_20260601_20260729/v004c_model_table_v001.csv,reports/research/v004c_model_table_v001_20260601_20260729/v004c_model_table_v001.csv
LOSSCASE_019_A,LOSSCASE_019,2026-07-06,HIGHEST_RANKED_OUTSIDE_TARGET7,26,amount_above_d1_close_ratio,603580_2026-07-06,603286_2026-07-06,0.949904163464036,0.975415177219652,-0.02551101375561593,reports/research/v004c_model_table_v001_20260601_20260729/v004c_model_table_v001.csv,reports/research/v004c_model_table_v001_20260601_20260729/v004c_model_table_v001.csv
LOSSCASE_019_A,LOSSCASE_019,2026-07-06,HIGHEST_RANKED_OUTSIDE_TARGET7,27,high_zone_volume_ratio,603580_2026-07-06,603286_2026-07-06,0.5961000049849224,0.0,0.5961000049849224,reports/research/v004c_model_table_v001_20260601_20260729/v004c_model_table_v001.csv,reports/research/v004c_model_table_v001_20260601_20260729/v004c_model_table_v001.csv
LOSSCASE_019_A,LOSSCASE_019,2026-07-06,HIGHEST_RANKED_OUTSIDE_TARGET7,28,high_zone_amount_ratio,603580_2026-07-06,603286_2026-07-06,0.6061162073788489,0.0,0.6061162073788489,reports/research/v004c_model_table_v001_20260601_20260729/v004c_model_table_v001.csv,reports/research/v004c_model_table_v001_20260601_20260729/v004c_model_table_v001.csv
LOSSCASE_019_A,LOSSCASE_019,2026-07-06,HIGHEST_RANKED_OUTSIDE_TARGET7,29,late_day_sell_volume_ratio,603580_2026-07-06,603286_2026-07-06,0.1470163750983034,0.1297096207025211,0.017306754395782303,reports/research/v004c_model_table_v001_20260601_20260729/v004c_model_table_v001.csv,reports/research/v004c_model_table_v001_20260601_20260729/v004c_model_table_v001.csv
LOSSCASE_019_A,LOSSCASE_019,2026-07-06,HIGHEST_RANKED_OUTSIDE_TARGET7,30,late_day_sell_amount_ratio,603580_2026-07-06,603286_2026-07-06,0.1435883802281652,0.1264474440234373,0.017140936204727897,reports/research/v004c_model_table_v001_20260601_20260729/v004c_model_table_v001.csv,reports/research/v004c_model_table_v001_20260601_20260729/v004c_model_table_v001.csv
LOSSCASE_019_A,LOSSCASE_019,2026-07-06,HIGHEST_RANKED_OUTSIDE_TARGET7,31,d1_close_to_vwap_raw,603580_2026-07-06,603286_2026-07-06,-0.0546126995098183,-0.0299313580133745,-0.0246813414964438,reports/research/v004c_model_table_v001_20260601_20260729/v004c_model_table_v001.csv,reports/research/v004c_model_table_v001_20260601_20260729/v004c_model_table_v001.csv
LOSSCASE_019_A,LOSSCASE_019,2026-07-06,HIGHEST_RANKED_OUTSIDE_TARGET7,32,d1_close_to_ma5_raw,603580_2026-07-06,603286_2026-07-06,0.1157986616235089,0.0657786805202922,0.05001998110321669,reports/research/v004c_model_table_v001_20260601_20260729/v004c_model_table_v001.csv,reports/research/v004c_model_table_v001_20260601_20260729/v004c_model_table_v001.csv
LOSSCASE_019_A,LOSSCASE_019,2026-07-06,HIGHEST_RANKED_OUTSIDE_TARGET7,33,d1_low_to_ma5_raw,603580_2026-07-06,603286_2026-07-06,0.084157695664824,0.0591383149095738,0.025019380755250203,reports/research/v004c_model_table_v001_20260601_20260729/v004c_model_table_v001.csv,reports/research/v004c_model_table_v001_20260601_20260729/v004c_model_table_v001.csv
LOSSCASE_019_A,LOSSCASE_019,2026-07-06,HIGHEST_RANKED_OUTSIDE_TARGET7,34,d1_high_to_ma5_raw,603580_2026-07-06,603286_2026-07-06,0.2052662205411697,0.1636264208429358,0.04163979969823389,reports/research/v004c_model_table_v001_20260601_20260729/v004c_model_table_v001.csv,reports/research/v004c_model_table_v001_20260601_20260729/v004c_model_table_v001.csv
LOSSCASE_019_A,LOSSCASE_019,2026-07-06,HIGHEST_RANKED_OUTSIDE_TARGET7,35,d1_close_to_ma10_raw,603580_2026-07-06,603286_2026-07-06,0.1838246643000465,0.1004012824907747,0.0834233818092718,reports/research/v004c_model_table_v001_20260601_20260729/v004c_model_table_v001.csv,reports/research/v004c_model_table_v001_20260601_20260729/v004c_model_table_v001.csv
LOSSCASE_019_A,LOSSCASE_019,2026-07-06,HIGHEST_RANKED_OUTSIDE_TARGET7,36,d1_low_to_ma10_raw,603580_2026-07-06,603286_2026-07-06,0.1502546689303905,0.0935451997338228,0.05670946919656769,reports/research/v004c_model_table_v001_20260601_20260729/v004c_model_table_v001.csv,reports/research/v004c_model_table_v001_20260601_20260729/v004c_model_table_v001.csv
LOSSCASE_019_A,LOSSCASE_019,2026-07-06,HIGHEST_RANKED_OUTSIDE_TARGET7,37,d1_close_to_ma20,603580_2026-07-06,603286_2026-07-06,0.230497733926924,0.0344729533757333,0.19602478055119069,reports/research/v004c_model_table_v001_20260601_20260729/v004c_model_table_v001.csv,reports/research/v004c_model_table_v001_20260601_20260729/v004c_model_table_v001.csv
LOSSCASE_019_A,LOSSCASE_019,2026-07-06,HIGHEST_RANKED_OUTSIDE_TARGET7,38,d1_ma5_slope,603580_2026-07-06,603286_2026-07-06,0.0573757883402552,0.0430230189447953,0.014352769395459902,reports/research/v004c_model_table_v001_20260601_20260729/v004c_model_table_v001.csv,reports/research/v004c_model_table_v001_20260601_20260729/v004c_model_table_v001.csv
LOSSCASE_019_A,LOSSCASE_019,2026-07-06,HIGHEST_RANKED_OUTSIDE_TARGET7,39,d1_ma10_slope,603580_2026-07-06,603286_2026-07-06,0.0130164562404719,0.0082340503395272,0.004782405900944701,reports/research/v004c_model_table_v001_20260601_20260729/v004c_model_table_v001.csv,reports/research/v004c_model_table_v001_20260601_20260729/v004c_model_table_v001.csv
LOSSCASE_019_A,LOSSCASE_019,2026-07-06,HIGHEST_RANKED_OUTSIDE_TARGET7,40,d1_ma20_slope,603580_2026-07-06,603286_2026-07-06,0.015538765452212555,-0.006020237040945231,0.021559002493157786,EXISTING_53F_FORMULA_RECONSTRUCTION_FROM_LOCAL_D1_SAFE_CACHES,EXISTING_53F_FORMULA_RECONSTRUCTION_FROM_LOCAL_D1_SAFE_CACHES
LOSSCASE_019_A,LOSSCASE_019,2026-07-06,HIGHEST_RANKED_OUTSIDE_TARGET7,41,d1_close_above_ma5,603580_2026-07-06,603286_2026-07-06,1.0,1.0,0.0,reports/research/v004c_model_table_v001_20260601_20260729/v004c_model_table_v001.csv,reports/research/v004c_model_table_v001_20260601_20260729/v004c_model_table_v001.csv
LOSSCASE_019_A,LOSSCASE_019,2026-07-06,HIGHEST_RANKED_OUTSIDE_TARGET7,42,d1_close_above_ma10,603580_2026-07-06,603286_2026-07-06,1.0,1.0,0.0,reports/research/v004c_model_table_v001_20260601_20260729/v004c_model_table_v001.csv,reports/research/v004c_model_table_v001_20260601_20260729/v004c_model_table_v001.csv
LOSSCASE_019_A,LOSSCASE_019,2026-07-06,HIGHEST_RANKED_OUTSIDE_TARGET7,43,d1_true_reclaim_ma5,603580_2026-07-06,603286_2026-07-06,0.0,0.0,0.0,reports/research/v004c_model_table_v001_20260601_20260729/v004c_model_table_v001.csv,reports/research/v004c_model_table_v001_20260601_20260729/v004c_model_table_v001.csv
LOSSCASE_019_A,LOSSCASE_019,2026-07-06,HIGHEST_RANKED_OUTSIDE_TARGET7,44,d1_true_reclaim_ma10,603580_2026-07-06,603286_2026-07-06,0.0,0.0,0.0,reports/research/v004c_model_table_v001_20260601_20260729/v004c_model_table_v001.csv,reports/research/v004c_model_table_v001_20260601_20260729/v004c_model_table_v001.csv
LOSSCASE_019_A,LOSSCASE_019,2026-07-06,HIGHEST_RANKED_OUTSIDE_TARGET7,45,consecutive_days_below_ma5,603580_2026-07-06,603286_2026-07-06,0.0,0.0,0.0,reports/research/v004c_model_table_v001_20260601_20260729/v004c_model_table_v001.csv,reports/research/v004c_model_table_v001_20260601_20260729/v004c_model_table_v001.csv
LOSSCASE_019_A,LOSSCASE_019,2026-07-06,HIGHEST_RANKED_OUTSIDE_TARGET7,46,consecutive_days_below_ma10,603580_2026-07-06,603286_2026-07-06,0.0,0.0,0.0,reports/research/v004c_model_table_v001_20260601_20260729/v004c_model_table_v001.csv,reports/research/v004c_model_table_v001_20260601_20260729/v004c_model_table_v001.csv
LOSSCASE_019_A,LOSSCASE_019,2026-07-06,HIGHEST_RANKED_OUTSIDE_TARGET7,47,break_day_in_pool,603580_2026-07-06,603286_2026-07-06,0.0,0.0,0.0,reports/research/v004c_model_table_v001_20260601_20260729/v004c_model_table_v001.csv,reports/research/v004c_model_table_v001_20260601_20260729/v004c_model_table_v001.csv
LOSSCASE_019_A,LOSSCASE_019,2026-07-06,HIGHEST_RANKED_OUTSIDE_TARGET7,48,last_board_day_in_pool,603580_2026-07-06,603286_2026-07-06,1.0,1.0,0.0,reports/research/v004c_model_table_v001_20260601_20260729/v004c_model_table_v001.csv,reports/research/v004c_model_table_v001_20260601_20260729/v004c_model_table_v001.csv
LOSSCASE_019_A,LOSSCASE_019,2026-07-06,HIGHEST_RANKED_OUTSIDE_TARGET7,49,pool_consecutive_count_last_board,603580_2026-07-06,603286_2026-07-06,2.0,2.0,0.0,reports/research/v004c_model_table_v001_20260601_20260729/v004c_model_table_v001.csv,reports/research/v004c_model_table_v001_20260601_20260729/v004c_model_table_v001.csv
LOSSCASE_019_A,LOSSCASE_019,2026-07-06,HIGHEST_RANKED_OUTSIDE_TARGET7,50,recent_7d_cumulative_return,603580_2026-07-06,603286_2026-07-06,0.2890756302521007,0.2046357615894041,0.0844398686626966,reports/research/v004c_model_table_v001_20260601_20260729/v004c_model_table_v001.csv,reports/research/v004c_model_table_v001_20260601_20260729/v004c_model_table_v001.csv
LOSSCASE_019_A,LOSSCASE_019,2026-07-06,HIGHEST_RANKED_OUTSIDE_TARGET7,51,recent_7d_max_drawdown,603580_2026-07-06,603286_2026-07-06,0.1178225205070842,0.1217063989962358,-0.0038838784891516015,reports/research/v004c_model_table_v001_20260601_20260729/v004c_model_table_v001.csv,reports/research/v004c_model_table_v001_20260601_20260729/v004c_model_table_v001.csv
LOSSCASE_019_A,LOSSCASE_019,2026-07-06,HIGHEST_RANKED_OUTSIDE_TARGET7,52,recent_7d_close_position,603580_2026-07-06,603286_2026-07-06,0.7745187901008248,0.7150170648464165,0.05950172525440833,reports/research/v004c_model_table_v001_20260601_20260729/v004c_model_table_v001.csv,reports/research/v004c_model_table_v001_20260601_20260729/v004c_model_table_v001.csv
LOSSCASE_019_A,LOSSCASE_019,2026-07-06,HIGHEST_RANKED_OUTSIDE_TARGET7,53,recent_7d_limit_up_count,603580_2026-07-06,603286_2026-07-06,2.0,2.0,0.0,EXISTING_53F_FORMULA_RECONSTRUCTION_FROM_LOCAL_D1_SAFE_CACHES,EXISTING_53F_FORMULA_RECONSTRUCTION_FROM_LOCAL_D1_SAFE_CACHES
LOSSCASE_020_A,LOSSCASE_020,2026-07-10,HIGHEST_RANKED_OUTSIDE_TARGET7,1,board_streak_is_3,002490_2026-07-10,603928_2026-07-10,0.0,0.0,0.0,reports/research/v004c_model_table_v001_20260601_20260729/v004c_model_table_v001.csv,reports/research/v004c_model_table_v001_20260601_20260729/v004c_model_table_v001.csv
LOSSCASE_020_A,LOSSCASE_020,2026-07-10,HIGHEST_RANKED_OUTSIDE_TARGET7,2,max_board_streak_20d,002490_2026-07-10,603928_2026-07-10,2.0,3.0,-1.0,reports/research/v004c_d1_dataset_v001_20260601_20260729/v004c_d1_snapshot_v001.csv,reports/research/v004c_d1_dataset_v001_20260601_20260729/v004c_d1_snapshot_v001.csv
LOSSCASE_020_A,LOSSCASE_020,2026-07-10,HIGHEST_RANKED_OUTSIDE_TARGET7,3,recent_limit_up_count_10d,002490_2026-07-10,603928_2026-07-10,2.0,5.0,-3.0,reports/research/v004c_d1_dataset_v001_20260601_20260729/v004c_d1_snapshot_v001.csv,reports/research/v004c_d1_dataset_v001_20260601_20260729/v004c_d1_snapshot_v001.csv
LOSSCASE_020_A,LOSSCASE_020,2026-07-10,HIGHEST_RANKED_OUTSIDE_TARGET7,4,recent_limit_up_count_20d,002490_2026-07-10,603928_2026-07-10,2.0,6.0,-4.0,reports/research/v004c_d1_dataset_v001_20260601_20260729/v004c_d1_snapshot_v001.csv,reports/research/v004c_d1_dataset_v001_20260601_20260729/v004c_d1_snapshot_v001.csv
LOSSCASE_020_A,LOSSCASE_020,2026-07-10,HIGHEST_RANKED_OUTSIDE_TARGET7,5,recent_pool_appearance_count_10d,002490_2026-07-10,603928_2026-07-10,2.0,6.0,-4.0,reports/research/v004c_d1_dataset_v001_20260601_20260729/v004c_d1_snapshot_v001.csv,reports/research/v004c_d1_dataset_v001_20260601_20260729/v004c_d1_snapshot_v001.csv
LOSSCASE_020_A,LOSSCASE_020,2026-07-10,HIGHEST_RANKED_OUTSIDE_TARGET7,6,recent_pool_appearance_count_20d,002490_2026-07-10,603928_2026-07-10,2.0,7.0,-5.0,reports/research/v004c_d1_dataset_v001_20260601_20260729/v004c_d1_snapshot_v001.csv,reports/research/v004c_d1_dataset_v001_20260601_20260729/v004c_d1_snapshot_v001.csv
LOSSCASE_020_A,LOSSCASE_020,2026-07-10,HIGHEST_RANKED_OUTSIDE_TARGET7,7,board_day_volume_rank,002490_2026-07-10,603928_2026-07-10,14.0,19.0,-5.0,reports/research/v004c_model_table_v001_20260601_20260729/v004c_model_table_v001.csv,reports/research/v004c_model_table_v001_20260601_20260729/v004c_model_table_v001.csv
LOSSCASE_020_A,LOSSCASE_020,2026-07-10,HIGHEST_RANKED_OUTSIDE_TARGET7,8,break_open_return,002490_2026-07-10,603928_2026-07-10,-0.0469361147327249,-0.0355555555555555,-0.011380559177169403,reports/research/v004c_model_table_v001_20260601_20260729/v004c_model_table_v001.csv,reports/research/v004c_model_table_v001_20260601_20260729/v004c_model_table_v001.csv
LOSSCASE_020_A,LOSSCASE_020,2026-07-10,HIGHEST_RANKED_OUTSIDE_TARGET7,9,break_high_return,002490_2026-07-10,603928_2026-07-10,0.0273794002607561,0.1,-0.07262059973924391,reports/research/v004c_model_table_v001_20260601_20260729/v004c_model_table_v001.csv,reports/research/v004c_model_table_v001_20260601_20260729/v004c_model_table_v001.csv
LOSSCASE_020_A,LOSSCASE_020,2026-07-10,HIGHEST_RANKED_OUTSIDE_TARGET7,10,break_close_return,002490_2026-07-10,603928_2026-07-10,0.0013037809647979,0.0444444444444445,-0.0431406634796466,reports/research/v004c_model_table_v001_20260601_20260729/v004c_model_table_v001.csv,reports/research/v004c_model_table_v001_20260601_20260729/v004c_model_table_v001.csv
LOSSCASE_020_A,LOSSCASE_020,2026-07-10,HIGHEST_RANKED_OUTSIDE_TARGET7,11,break_touched_limit_up,002490_2026-07-10,603928_2026-07-10,0.0,1.0,-1.0,reports/research/v004c_model_table_v001_20260601_20260729/v004c_model_table_v001.csv,reports/research/v004c_model_table_v001_20260601_20260729/v004c_model_table_v001.csv
LOSSCASE_020_A,LOSSCASE_020,2026-07-10,HIGHEST_RANKED_OUTSIDE_TARGET7,12,break_opened_from_limit_up,002490_2026-07-10,603928_2026-07-10,0.0,0.0,0.0,reports/research/v004c_model_table_v001_20260601_20260729/v004c_model_table_v001.csv,reports/research/v004c_model_table_v001_20260601_20260729/v004c_model_table_v001.csv
LOSSCASE_020_A,LOSSCASE_020,2026-07-10,HIGHEST_RANKED_OUTSIDE_TARGET7,13,break_upper_shadow_ratio,002490_2026-07-10,603928_2026-07-10,0.3508771929824563,0.357142857142857,-0.006265664160400697,reports/research/v004c_model_table_v001_20260601_20260729/v004c_model_table_v001.csv,reports/research/v004c_model_table_v001_20260601_20260729/v004c_model_table_v001.csv
LOSSCASE_020_A,LOSSCASE_020,2026-07-10,HIGHEST_RANKED_OUTSIDE_TARGET7,14,break_lower_shadow_ratio,002490_2026-07-10,603928_2026-07-10,0.0,0.1285714285714283,-0.1285714285714283,reports/research/v004c_model_table_v001_20260601_20260729/v004c_model_table_v001.csv,reports/research/v004c_model_table_v001_20260601_20260729/v004c_model_table_v001.csv
LOSSCASE_020_A,LOSSCASE_020,2026-07-10,HIGHEST_RANKED_OUTSIDE_TARGET7,15,d1_high_to_close_drawdown_raw,002490_2026-07-10,603928_2026-07-10,0.0253807106598985,0.0505050505050505,-0.025124339845151996,reports/research/v004c_model_table_v001_20260601_20260729/v004c_model_table_v001.csv,reports/research/v004c_model_table_v001_20260601_20260729/v004c_model_table_v001.csv
LOSSCASE_020_A,LOSSCASE_020,2026-07-10,HIGHEST_RANKED_OUTSIDE_TARGET7,16,d1_low_to_close_recovery,002490_2026-07-10,603928_2026-07-10,0.0506155950752394,0.1058823529411765,-0.0552667578659371,reports/research/v004c_model_table_v001_20260601_20260729/v004c_model_table_v001.csv,reports/research/v004c_model_table_v001_20260601_20260729/v004c_model_table_v001.csv
LOSSCASE_020_A,LOSSCASE_020,2026-07-10,HIGHEST_RANKED_OUTSIDE_TARGET7,17,d1_open_to_close_return_raw,002490_2026-07-10,603928_2026-07-10,0.0506155950752393,0.0829493087557604,-0.0323337136805211,reports/research/v004c_model_table_v001_20260601_20260729/v004c_model_table_v001.csv,reports/research/v004c_model_table_v001_20260601_20260729/v004c_model_table_v001.csv
LOSSCASE_020_A,LOSSCASE_020,2026-07-10,HIGHEST_RANKED_OUTSIDE_TARGET7,18,d1_close_location,002490_2026-07-10,603928_2026-07-10,0.6491228070175438,0.6428571428571429,0.006265664160400863,reports/research/v004c_model_table_v001_20260601_20260729/v004c_model_table_v001.csv,reports/research/v004c_model_table_v001_20260601_20260729/v004c_model_table_v001.csv
LOSSCASE_020_A,LOSSCASE_020,2026-07-10,HIGHEST_RANKED_OUTSIDE_TARGET7,19,d1_intraday_range,002490_2026-07-10,603928_2026-07-10,0.0743155149934811,0.1555555555555555,-0.0812400405620744,reports/research/v004c_model_table_v001_20260601_20260729/v004c_model_table_v001.csv,reports/research/v004c_model_table_v001_20260601_20260729/v004c_model_table_v001.csv
LOSSCASE_020_A,LOSSCASE_020,2026-07-10,HIGHEST_RANKED_OUTSIDE_TARGET7,20,d1_afternoon_return,002490_2026-07-10,603928_2026-07-10,-0.0025974025974027,0.0591549295774649,-0.0617523321748676,reports/research/v004c_model_table_v001_20260601_20260729/v004c_model_table_v001.csv,reports/research/v004c_model_table_v001_20260601_20260729/v004c_model_table_v001.csv
LOSSCASE_020_A,LOSSCASE_020,2026-07-10,HIGHEST_RANKED_OUTSIDE_TARGET7,21,d1_last_hour_return,002490_2026-07-10,603928_2026-07-10,0.013192612137203,-0.0198123044838373,0.0330049166210403,reports/research/v004c_model_table_v001_20260601_20260729/v004c_model_table_v001.csv,reports/research/v004c_model_table_v001_20260601_20260729/v004c_model_table_v001.csv
LOSSCASE_020_A,LOSSCASE_020,2026-07-10,HIGHEST_RANKED_OUTSIDE_TARGET7,22,break_volume_ratio_vs_board_days,002490_2026-07-10,603928_2026-07-10,1.4362676902275635,1.4281407649791258,0.008126925248437722,reports/research/v004c_model_table_v001_20260601_20260729/v004c_model_table_v001.csv,reports/research/v004c_model_table_v001_20260601_20260729/v004c_model_table_v001.csv
LOSSCASE_020_A,LOSSCASE_020,2026-07-10,HIGHEST_RANKED_OUTSIDE_TARGET7,23,d1_up_bar_volume_ratio,002490_2026-07-10,603928_2026-07-10,0.6665309538297153,0.5795475942172698,0.08698335961244552,reports/research/v004c_model_table_v001_20260601_20260729/v004c_model_table_v001.csv,reports/research/v004c_model_table_v001_20260601_20260729/v004c_model_table_v001.csv
LOSSCASE_020_A,LOSSCASE_020,2026-07-10,HIGHEST_RANKED_OUTSIDE_TARGET7,24,down_bar_volume_ratio,002490_2026-07-10,603928_2026-07-10,0.3013881805451213,0.4204524057827303,-0.11906422523760901,reports/research/v004c_model_table_v001_20260601_20260729/v004c_model_table_v001.csv,reports/research/v004c_model_table_v001_20260601_20260729/v004c_model_table_v001.csv
LOSSCASE_020_A,LOSSCASE_020,2026-07-10,HIGHEST_RANKED_OUTSIDE_TARGET7,25,volume_above_d1_close_ratio,002490_2026-07-10,603928_2026-07-10,0.2248663528468503,0.2643795009086343,-0.03951314806178402,reports/research/v004c_model_table_v001_20260601_20260729/v004c_model_table_v001.csv,reports/research/v004c_model_table_v001_20260601_20260729/v004c_model_table_v001.csv
LOSSCASE_020_A,LOSSCASE_020,2026-07-10,HIGHEST_RANKED_OUTSIDE_TARGET7,26,amount_above_d1_close_ratio,002490_2026-07-10,603928_2026-07-10,0.2285821246225879,0.277190566155845,-0.04860844153325708,reports/research/v004c_model_table_v001_20260601_20260729/v004c_model_table_v001.csv,reports/research/v004c_model_table_v001_20260601_20260729/v004c_model_table_v001.csv
LOSSCASE_020_A,LOSSCASE_020,2026-07-10,HIGHEST_RANKED_OUTSIDE_TARGET7,27,high_zone_volume_ratio,002490_2026-07-10,603928_2026-07-10,0.0880345688300984,0.1933306634030504,-0.10529609457295201,reports/research/v004c_model_table_v001_20260601_20260729/v004c_model_table_v001.csv,reports/research/v004c_model_table_v001_20260601_20260729/v004c_model_table_v001.csv
LOSSCASE_020_A,LOSSCASE_020,2026-07-10,HIGHEST_RANKED_OUTSIDE_TARGET7,28,high_zone_amount_ratio,002490_2026-07-10,603928_2026-07-10,0.0898429483333637,0.2037185140405554,-0.1138755657071917,reports/research/v004c_model_table_v001_20260601_20260729/v004c_model_table_v001.csv,reports/research/v004c_model_table_v001_20260601_20260729/v004c_model_table_v001.csv
LOSSCASE_020_A,LOSSCASE_020,2026-07-10,HIGHEST_RANKED_OUTSIDE_TARGET7,29,late_day_sell_volume_ratio,002490_2026-07-10,603928_2026-07-10,0.0202738878869337,0.064407070298978,-0.04413318241204431,reports/research/v004c_model_table_v001_20260601_20260729/v004c_model_table_v001.csv,reports/research/v004c_model_table_v001_20260601_20260729/v004c_model_table_v001.csv
LOSSCASE_020_A,LOSSCASE_020,2026-07-10,HIGHEST_RANKED_OUTSIDE_TARGET7,30,late_day_sell_amount_ratio,002490_2026-07-10,603928_2026-07-10,0.0202199235588343,0.0673483957331564,-0.0471284721743221,reports/research/v004c_model_table_v001_20260601_20260729/v004c_model_table_v001.csv,reports/research/v004c_model_table_v001_20260601_20260729/v004c_model_table_v001.csv
LOSSCASE_020_A,LOSSCASE_020,2026-07-10,HIGHEST_RANKED_OUTSIDE_TARGET7,31,d1_close_to_vwap_raw,002490_2026-07-10,603928_2026-07-10,0.0148698438730268,0.0280529601456154,-0.0131831162725886,reports/research/v004c_model_table_v001_20260601_20260729/v004c_model_table_v001.csv,reports/research/v004c_model_table_v001_20260601_20260729/v004c_model_table_v001.csv
LOSSCASE_020_A,LOSSCASE_020,2026-07-10,HIGHEST_RANKED_OUTSIDE_TARGET7,32,d1_close_to_ma5_raw,002490_2026-07-10,603928_2026-07-10,0.0952652595550482,0.1206485455412493,-0.0253832859862011,reports/research/v004c_model_table_v001_20260601_20260729/v004c_model_table_v001.csv,reports/research/v004c_model_table_v001_20260601_20260729/v004c_model_table_v001.csv
LOSSCASE_020_A,LOSSCASE_020,2026-07-10,HIGHEST_RANKED_OUTSIDE_TARGET7,33,d1_low_to_ma5_raw,002490_2026-07-10,603928_2026-07-10,0.0424985738733598,0.0133524082021936,0.0291461656711662,reports/research/v004c_model_table_v001_20260601_20260729/v004c_model_table_v001.csv,reports/research/v004c_model_table_v001_20260601_20260729/v004c_model_table_v001.csv
LOSSCASE_020_A,LOSSCASE_020,2026-07-10,HIGHEST_RANKED_OUTSIDE_TARGET7,34,d1_high_to_ma5_raw,002490_2026-07-10,603928_2026-07-10,0.1237877923559611,0.1802575107296138,-0.056469718373652694,reports/research/v004c_model_table_v001_20260601_20260729/v004c_model_table_v001.csv,reports/research/v004c_model_table_v001_20260601_20260729/v004c_model_table_v001.csv
LOSSCASE_020_A,LOSSCASE_020,2026-07-10,HIGHEST_RANKED_OUTSIDE_TARGET7,35,d1_close_to_ma10_raw,002490_2026-07-10,603928_2026-07-10,0.1371039384068699,0.1969185713376202,-0.05981463293075029,reports/research/v004c_model_table_v001_20260601_20260729/v004c_model_table_v001.csv,reports/research/v004c_model_table_v001_20260601_20260729/v004c_model_table_v001.csv
LOSSCASE_020_A,LOSSCASE_020,2026-07-10,HIGHEST_RANKED_OUTSIDE_TARGET7,36,d1_low_to_ma10_raw,002490_2026-07-10,603928_2026-07-10,0.0823215872075806,0.0823199847201885,1.6024873920883476e-06,reports/research/v004c_model_table_v001_20260601_20260729/v004c_model_table_v001.csv,reports/research/v004c_model_table_v001_20260601_20260729/v004c_model_table_v001.csv
LOSSCASE_020_A,LOSSCASE_020,2026-07-10,HIGHEST_RANKED_OUTSIDE_TARGET7,37,d1_close_to_ma20,002490_2026-07-10,603928_2026-07-10,0.0957340562134401,0.2993296012163937,-0.20359554500295357,reports/research/v004c_model_table_v001_20260601_20260729/v004c_model_table_v001.csv,reports/research/v004c_model_table_v001_20260601_20260729/v004c_model_table_v001.csv
LOSSCASE_020_A,LOSSCASE_020,2026-07-10,HIGHEST_RANKED_OUTSIDE_TARGET7,38,d1_ma5_slope,002490_2026-07-10,603928_2026-07-10,0.0299647473560518,0.0513913261469041,-0.021426578790852302,reports/research/v004c_model_table_v001_20260601_20260729/v004c_model_table_v001.csv,reports/research/v004c_model_table_v001_20260601_20260729/v004c_model_table_v001.csv
LOSSCASE_020_A,LOSSCASE_020,2026-07-10,HIGHEST_RANKED_OUTSIDE_TARGET7,39,d1_ma10_slope,002490_2026-07-10,603928_2026-07-10,0.020550015110305,0.0436544850498337,-0.0231044699395287,reports/research/v004c_model_table_v001_20260601_20260729/v004c_model_table_v001.csv,reports/research/v004c_model_table_v001_20260601_20260729/v004c_model_table_v001.csv
LOSSCASE_020_A,LOSSCASE_020,2026-07-10,HIGHEST_RANKED_OUTSIDE_TARGET7,40,d1_ma20_slope,002490_2026-07-10,603928_2026-07-10,-0.006238480079398978,0.013270772786162066,-0.019509252865561044,EXISTING_53F_FORMULA_RECONSTRUCTION_FROM_LOCAL_D1_SAFE_CACHES,EXISTING_53F_FORMULA_RECONSTRUCTION_FROM_LOCAL_D1_SAFE_CACHES
LOSSCASE_020_A,LOSSCASE_020,2026-07-10,HIGHEST_RANKED_OUTSIDE_TARGET7,41,d1_close_above_ma5,002490_2026-07-10,603928_2026-07-10,1.0,1.0,0.0,reports/research/v004c_model_table_v001_20260601_20260729/v004c_model_table_v001.csv,reports/research/v004c_model_table_v001_20260601_20260729/v004c_model_table_v001.csv
LOSSCASE_020_A,LOSSCASE_020,2026-07-10,HIGHEST_RANKED_OUTSIDE_TARGET7,42,d1_close_above_ma10,002490_2026-07-10,603928_2026-07-10,1.0,1.0,0.0,reports/research/v004c_model_table_v001_20260601_20260729/v004c_model_table_v001.csv,reports/research/v004c_model_table_v001_20260601_20260729/v004c_model_table_v001.csv
LOSSCASE_020_A,LOSSCASE_020,2026-07-10,HIGHEST_RANKED_OUTSIDE_TARGET7,43,d1_true_reclaim_ma5,002490_2026-07-10,603928_2026-07-10,0.0,0.0,0.0,reports/research/v004c_model_table_v001_20260601_20260729/v004c_model_table_v001.csv,reports/research/v004c_model_table_v001_20260601_20260729/v004c_model_table_v001.csv
LOSSCASE_020_A,LOSSCASE_020,2026-07-10,HIGHEST_RANKED_OUTSIDE_TARGET7,44,d1_true_reclaim_ma10,002490_2026-07-10,603928_2026-07-10,0.0,0.0,0.0,reports/research/v004c_model_table_v001_20260601_20260729/v004c_model_table_v001.csv,reports/research/v004c_model_table_v001_20260601_20260729/v004c_model_table_v001.csv
LOSSCASE_020_A,LOSSCASE_020,2026-07-10,HIGHEST_RANKED_OUTSIDE_TARGET7,45,consecutive_days_below_ma5,002490_2026-07-10,603928_2026-07-10,0.0,0.0,0.0,reports/research/v004c_model_table_v001_20260601_20260729/v004c_model_table_v001.csv,reports/research/v004c_model_table_v001_20260601_20260729/v004c_model_table_v001.csv
LOSSCASE_020_A,LOSSCASE_020,2026-07-10,HIGHEST_RANKED_OUTSIDE_TARGET7,46,consecutive_days_below_ma10,002490_2026-07-10,603928_2026-07-10,0.0,0.0,0.0,reports/research/v004c_model_table_v001_20260601_20260729/v004c_model_table_v001.csv,reports/research/v004c_model_table_v001_20260601_20260729/v004c_model_table_v001.csv
LOSSCASE_020_A,LOSSCASE_020,2026-07-10,HIGHEST_RANKED_OUTSIDE_TARGET7,47,break_day_in_pool,002490_2026-07-10,603928_2026-07-10,0.0,0.0,0.0,reports/research/v004c_model_table_v001_20260601_20260729/v004c_model_table_v001.csv,reports/research/v004c_model_table_v001_20260601_20260729/v004c_model_table_v001.csv
LOSSCASE_020_A,LOSSCASE_020,2026-07-10,HIGHEST_RANKED_OUTSIDE_TARGET7,48,last_board_day_in_pool,002490_2026-07-10,603928_2026-07-10,1.0,1.0,0.0,reports/research/v004c_model_table_v001_20260601_20260729/v004c_model_table_v001.csv,reports/research/v004c_model_table_v001_20260601_20260729/v004c_model_table_v001.csv
LOSSCASE_020_A,LOSSCASE_020,2026-07-10,HIGHEST_RANKED_OUTSIDE_TARGET7,49,pool_consecutive_count_last_board,002490_2026-07-10,603928_2026-07-10,2.0,2.0,0.0,reports/research/v004c_model_table_v001_20260601_20260729/v004c_model_table_v001.csv,reports/research/v004c_model_table_v001_20260601_20260729/v004c_model_table_v001.csv
LOSSCASE_020_A,LOSSCASE_020,2026-07-10,HIGHEST_RANKED_OUTSIDE_TARGET7,50,recent_7d_cumulative_return,002490_2026-07-10,603928_2026-07-10,0.1797235023041474,0.1868686868686868,-0.007145184564539386,reports/research/v004c_model_table_v001_20260601_20260729/v004c_model_table_v001.csv,reports/research/v004c_model_table_v001_20260601_20260729/v004c_model_table_v001.csv
LOSSCASE_020_A,LOSSCASE_020,2026-07-10,HIGHEST_RANKED_OUTSIDE_TARGET7,51,recent_7d_max_drawdown,002490_2026-07-10,603928_2026-07-10,0.0715350223546944,0.1175015460729747,-0.04596652371828029,reports/research/v004c_model_table_v001_20260601_20260729/v004c_model_table_v001.csv,reports/research/v004c_model_table_v001_20260601_20260729/v004c_model_table_v001.csv
LOSSCASE_020_A,LOSSCASE_020,2026-07-10,HIGHEST_RANKED_OUTSIDE_TARGET7,52,recent_7d_close_position,002490_2026-07-10,603928_2026-07-10,0.8787878787878787,0.8531571218795888,0.025630756908289865,reports/research/v004c_model_table_v001_20260601_20260729/v004c_model_table_v001.csv,reports/research/v004c_model_table_v001_20260601_20260729/v004c_model_table_v001.csv
LOSSCASE_020_A,LOSSCASE_020,2026-07-10,HIGHEST_RANKED_OUTSIDE_TARGET7,53,recent_7d_limit_up_count,002490_2026-07-10,603928_2026-07-10,2.0,3.0,-1.0,EXISTING_53F_FORMULA_RECONSTRUCTION_FROM_LOCAL_D1_SAFE_CACHES,EXISTING_53F_FORMULA_RECONSTRUCTION_FROM_LOCAL_D1_SAFE_CACHES
LOSSCASE_021_A,LOSSCASE_021,2026-07-16,HIGHEST_RANKED_OUTSIDE_TARGET7,1,board_streak_is_3,002432_2026-07-16,605255_2026-07-16,0.0,0.0,0.0,reports/research/v004c_model_table_v001_20260601_20260729/v004c_model_table_v001.csv,reports/research/v004c_model_table_v001_20260601_20260729/v004c_model_table_v001.csv
LOSSCASE_021_A,LOSSCASE_021,2026-07-16,HIGHEST_RANKED_OUTSIDE_TARGET7,2,max_board_streak_20d,002432_2026-07-16,605255_2026-07-16,2.0,2.0,0.0,reports/research/v004c_d1_dataset_v001_20260601_20260729/v004c_d1_snapshot_v001.csv,reports/research/v004c_d1_dataset_v001_20260601_20260729/v004c_d1_snapshot_v001.csv
LOSSCASE_021_A,LOSSCASE_021,2026-07-16,HIGHEST_RANKED_OUTSIDE_TARGET7,3,recent_limit_up_count_10d,002432_2026-07-16,605255_2026-07-16,2.0,3.0,-1.0,reports/research/v004c_d1_dataset_v001_20260601_20260729/v004c_d1_snapshot_v001.csv,reports/research/v004c_d1_dataset_v001_20260601_20260729/v004c_d1_snapshot_v001.csv
LOSSCASE_021_A,LOSSCASE_021,2026-07-16,HIGHEST_RANKED_OUTSIDE_TARGET7,4,recent_limit_up_count_20d,002432_2026-07-16,605255_2026-07-16,3.0,3.0,0.0,reports/research/v004c_d1_dataset_v001_20260601_20260729/v004c_d1_snapshot_v001.csv,reports/research/v004c_d1_dataset_v001_20260601_20260729/v004c_d1_snapshot_v001.csv
LOSSCASE_021_A,LOSSCASE_021,2026-07-16,HIGHEST_RANKED_OUTSIDE_TARGET7,5,recent_pool_appearance_count_10d,002432_2026-07-16,605255_2026-07-16,2.0,3.0,-1.0,reports/research/v004c_d1_dataset_v001_20260601_20260729/v004c_d1_snapshot_v001.csv,reports/research/v004c_d1_dataset_v001_20260601_20260729/v004c_d1_snapshot_v001.csv
LOSSCASE_021_A,LOSSCASE_021,2026-07-16,HIGHEST_RANKED_OUTSIDE_TARGET7,6,recent_pool_appearance_count_20d,002432_2026-07-16,605255_2026-07-16,3.0,3.0,0.0,reports/research/v004c_d1_dataset_v001_20260601_20260729/v004c_d1_snapshot_v001.csv,reports/research/v004c_d1_dataset_v001_20260601_20260729/v004c_d1_snapshot_v001.csv
LOSSCASE_021_A,LOSSCASE_021,2026-07-16,HIGHEST_RANKED_OUTSIDE_TARGET7,7,board_day_volume_rank,002432_2026-07-16,605255_2026-07-16,60.0,64.0,-4.0,reports/research/v004c_model_table_v001_20260601_20260729/v004c_model_table_v001.csv,reports/research/v004c_model_table_v001_20260601_20260729/v004c_model_table_v001.csv
LOSSCASE_021_A,LOSSCASE_021,2026-07-16,HIGHEST_RANKED_OUTSIDE_TARGET7,8,break_open_return,002432_2026-07-16,605255_2026-07-16,0.0498581877892223,-0.0698474595710517,0.119705647360274,reports/research/v004c_model_table_v001_20260601_20260729/v004c_model_table_v001.csv,reports/research/v004c_model_table_v001_20260601_20260729/v004c_model_table_v001.csv
LOSSCASE_021_A,LOSSCASE_021,2026-07-16,HIGHEST_RANKED_OUTSIDE_TARGET7,9,break_high_return,002432_2026-07-16,605255_2026-07-16,0.1000149276011346,-0.0251175593531367,0.12513248695427132,reports/research/v004c_model_table_v001_20260601_20260729/v004c_model_table_v001.csv,reports/research/v004c_model_table_v001_20260601_20260729/v004c_model_table_v001.csv
LOSSCASE_021_A,LOSSCASE_021,2026-07-16,HIGHEST_RANKED_OUTSIDE_TARGET7,10,break_close_return,002432_2026-07-16,605255_2026-07-16,0.0747872816838335,-0.1000114692051841,0.17479875088901758,reports/research/v004c_model_table_v001_20260601_20260729/v004c_model_table_v001.csv,reports/research/v004c_model_table_v001_20260601_20260729/v004c_model_table_v001.csv
LOSSCASE_021_A,LOSSCASE_021,2026-07-16,HIGHEST_RANKED_OUTSIDE_TARGET7,11,break_touched_limit_up,002432_2026-07-16,605255_2026-07-16,1.0,0.0,1.0,reports/research/v004c_model_table_v001_20260601_20260729/v004c_model_table_v001.csv,reports/research/v004c_model_table_v001_20260601_20260729/v004c_model_table_v001.csv
LOSSCASE_021_A,LOSSCASE_021,2026-07-16,HIGHEST_RANKED_OUTSIDE_TARGET7,12,break_opened_from_limit_up,002432_2026-07-16,605255_2026-07-16,0.0,0.0,0.0,reports/research/v004c_model_table_v001_20260601_20260729/v004c_model_table_v001.csv,reports/research/v004c_model_table_v001_20260601_20260729/v004c_model_table_v001.csv
LOSSCASE_021_A,LOSSCASE_021,2026-07-16,HIGHEST_RANKED_OUTSIDE_TARGET7,13,break_upper_shadow_ratio,002432_2026-07-16,605255_2026-07-16,0.3256262042389207,0.5972434915773361,-0.27161728733841545,reports/research/v004c_model_table_v001_20260601_20260729/v004c_model_table_v001.csv,reports/research/v004c_model_table_v001_20260601_20260729/v004c_model_table_v001.csv
LOSSCASE_021_A,LOSSCASE_021,2026-07-16,HIGHEST_RANKED_OUTSIDE_TARGET7,14,break_lower_shadow_ratio,002432_2026-07-16,605255_2026-07-16,0.352601156069364,0.0,0.352601156069364,reports/research/v004c_model_table_v001_20260601_20260729/v004c_model_table_v001.csv,reports/research/v004c_model_table_v001_20260601_20260729/v004c_model_table_v001.csv
LOSSCASE_021_A,LOSSCASE_021,2026-07-16,HIGHEST_RANKED_OUTSIDE_TARGET7,15,d1_high_to_close_drawdown_raw,002432_2026-07-16,605255_2026-07-16,0.0229339123354593,0.0768235294117647,-0.05388961707630539,reports/research/v004c_model_table_v001_20260601_20260729/v004c_model_table_v001.csv,reports/research/v004c_model_table_v001_20260601_20260729/v004c_model_table_v001.csv
LOSSCASE_021_A,LOSSCASE_021,2026-07-16,HIGHEST_RANKED_OUTSIDE_TARGET7,16,d1_low_to_close_recovery,002432_2026-07-16,605255_2026-07-16,0.0510948905109489,0.0,0.0510948905109489,reports/research/v004c_model_table_v001_20260601_20260729/v004c_model_table_v001.csv,reports/research/v004c_model_table_v001_20260601_20260729/v004c_model_table_v001.csv
LOSSCASE_021_A,LOSSCASE_021,2026-07-16,HIGHEST_RANKED_OUTSIDE_TARGET7,17,d1_open_to_close_return_raw,002432_2026-07-16,605255_2026-07-16,0.0237452011943695,-0.0324290998766954,0.0561743010710649,reports/research/v004c_model_table_v001_20260601_20260729/v004c_model_table_v001.csv,reports/research/v004c_model_table_v001_20260601_20260729/v004c_model_table_v001.csv
LOSSCASE_021_A,LOSSCASE_021,2026-07-16,HIGHEST_RANKED_OUTSIDE_TARGET7,18,d1_close_location,002432_2026-07-16,605255_2026-07-16,0.6743737957610793,0.0,0.6743737957610793,reports/research/v004c_model_table_v001_20260601_20260729/v004c_model_table_v001.csv,reports/research/v004c_model_table_v001_20260601_20260729/v004c_model_table_v001.csv
LOSSCASE_021_A,LOSSCASE_021,2026-07-16,HIGHEST_RANKED_OUTSIDE_TARGET7,19,d1_intraday_range,002432_2026-07-16,605255_2026-07-16,0.0774742498880429,0.0748939098520472,0.002580340035995693,reports/research/v004c_model_table_v001_20260601_20260729/v004c_model_table_v001.csv,reports/research/v004c_model_table_v001_20260601_20260729/v004c_model_table_v001.csv
LOSSCASE_021_A,LOSSCASE_021,2026-07-16,HIGHEST_RANKED_OUTSIDE_TARGET7,20,d1_afternoon_return,002432_2026-07-16,605255_2026-07-16,-0.0229339123354592,-0.0719101123595505,0.048976200024091296,reports/research/v004c_model_table_v001_20260601_20260729/v004c_model_table_v001.csv,reports/research/v004c_model_table_v001_20260601_20260729/v004c_model_table_v001.csv
LOSSCASE_021_A,LOSSCASE_021,2026-07-16,HIGHEST_RANKED_OUTSIDE_TARGET7,21,d1_last_hour_return,002432_2026-07-16,605255_2026-07-16,-0.0229339123354592,-0.0487331797793672,0.025799267443907998,reports/research/v004c_model_table_v001_20260601_20260729/v004c_model_table_v001.csv,reports/research/v004c_model_table_v001_20260601_20260729/v004c_model_table_v001.csv
LOSSCASE_021_A,LOSSCASE_021,2026-07-16,HIGHEST_RANKED_OUTSIDE_TARGET7,22,break_volume_ratio_vs_board_days,002432_2026-07-16,605255_2026-07-16,4.802781104846484,2.640382206966928,2.162398897879556,reports/research/v004c_model_table_v001_20260601_20260729/v004c_model_table_v001.csv,reports/research/v004c_model_table_v001_20260601_20260729/v004c_model_table_v001.csv
LOSSCASE_021_A,LOSSCASE_021,2026-07-16,HIGHEST_RANKED_OUTSIDE_TARGET7,23,d1_up_bar_volume_ratio,002432_2026-07-16,605255_2026-07-16,0.5342526346486163,0.2348745483445272,0.2993780863040891,reports/research/v004c_model_table_v001_20260601_20260729/v004c_model_table_v001.csv,reports/research/v004c_model_table_v001_20260601_20260729/v004c_model_table_v001.csv
LOSSCASE_021_A,LOSSCASE_021,2026-07-16,HIGHEST_RANKED_OUTSIDE_TARGET7,24,down_bar_volume_ratio,002432_2026-07-16,605255_2026-07-16,0.3814813950103851,0.7651254516554727,-0.38364405664508766,reports/research/v004c_model_table_v001_20260601_20260729/v004c_model_table_v001.csv,reports/research/v004c_model_table_v001_20260601_20260729/v004c_model_table_v001.csv
LOSSCASE_021_A,LOSSCASE_021,2026-07-16,HIGHEST_RANKED_OUTSIDE_TARGET7,25,volume_above_d1_close_ratio,002432_2026-07-16,605255_2026-07-16,0.5226774185721493,1.0,-0.47732258142785067,reports/research/v004c_model_table_v001_20260601_20260729/v004c_model_table_v001.csv,reports/research/v004c_model_table_v001_20260601_20260729/v004c_model_table_v001.csv
LOSSCASE_021_A,LOSSCASE_021,2026-07-16,HIGHEST_RANKED_OUTSIDE_TARGET7,26,amount_above_d1_close_ratio,002432_2026-07-16,605255_2026-07-16,0.5304098981715705,1.0,-0.46959010182842953,reports/research/v004c_model_table_v001_20260601_20260729/v004c_model_table_v001.csv,reports/research/v004c_model_table_v001_20260601_20260729/v004c_model_table_v001.csv
LOSSCASE_021_A,LOSSCASE_021,2026-07-16,HIGHEST_RANKED_OUTSIDE_TARGET7,27,high_zone_volume_ratio,002432_2026-07-16,605255_2026-07-16,0.4989063999306272,0.0930712431610472,0.40583515676958,reports/research/v004c_model_table_v001_20260601_20260729/v004c_model_table_v001.csv,reports/research/v004c_model_table_v001_20260601_20260729/v004c_model_table_v001.csv
LOSSCASE_021_A,LOSSCASE_021,2026-07-16,HIGHEST_RANKED_OUTSIDE_TARGET7,28,high_zone_amount_ratio,002432_2026-07-16,605255_2026-07-16,0.5067481478667732,0.0967116061768589,0.4100365416899143,reports/research/v004c_model_table_v001_20260601_20260729/v004c_model_table_v001.csv,reports/research/v004c_model_table_v001_20260601_20260729/v004c_model_table_v001.csv
LOSSCASE_021_A,LOSSCASE_021,2026-07-16,HIGHEST_RANKED_OUTSIDE_TARGET7,29,late_day_sell_volume_ratio,002432_2026-07-16,605255_2026-07-16,0.1162605005312059,0.1392033436910177,-0.022942843159811793,reports/research/v004c_model_table_v001_20260601_20260729/v004c_model_table_v001.csv,reports/research/v004c_model_table_v001_20260601_20260729/v004c_model_table_v001.csv
LOSSCASE_021_A,LOSSCASE_021,2026-07-16,HIGHEST_RANKED_OUTSIDE_TARGET7,30,late_day_sell_amount_ratio,002432_2026-07-16,605255_2026-07-16,0.117576379661457,0.1382508150615354,-0.020674435400078392,reports/research/v004c_model_table_v001_20260601_20260729/v004c_model_table_v001.csv,reports/research/v004c_model_table_v001_20260601_20260729/v004c_model_table_v001.csv
LOSSCASE_021_A,LOSSCASE_021,2026-07-16,HIGHEST_RANKED_OUTSIDE_TARGET7,31,d1_close_to_vwap_raw,002432_2026-07-16,605255_2026-07-16,-0.0002271415257666,-0.0243038592011799,0.0240767176754133,reports/research/v004c_model_table_v001_20260601_20260729/v004c_model_table_v001.csv,reports/research/v004c_model_table_v001_20260601_20260729/v004c_model_table_v001.csv
LOSSCASE_021_A,LOSSCASE_021,2026-07-16,HIGHEST_RANKED_OUTSIDE_TARGET7,32,d1_close_to_ma5_raw,002432_2026-07-16,605255_2026-07-16,0.1463142811654196,0.0122810186021311,0.1340332625632885,reports/research/v004c_model_table_v001_20260601_20260729/v004c_model_table_v001.csv,reports/research/v004c_model_table_v001_20260601_20260729/v004c_model_table_v001.csv
LOSSCASE_021_A,LOSSCASE_021,2026-07-16,HIGHEST_RANKED_OUTSIDE_TARGET7,33,d1_low_to_ma5_raw,002432_2026-07-16,605255_2026-07-16,0.090590670275434,0.0122810186021311,0.0783096516733029,reports/research/v004c_model_table_v001_20260601_20260729/v004c_model_table_v001.csv,reports/research/v004c_model_table_v001_20260601_20260729/v004c_model_table_v001.csv
LOSSCASE_021_A,LOSSCASE_021,2026-07-16,HIGHEST_RANKED_OUTSIDE_TARGET7,34,d1_high_to_ma5_raw,002432_2026-07-16,605255_2026-07-16,0.1732208247094413,0.0965195180474212,0.0767013066620201,reports/research/v004c_model_table_v001_20260601_20260729/v004c_model_table_v001.csv,reports/research/v004c_model_table_v001_20260601_20260729/v004c_model_table_v001.csv
LOSSCASE_021_A,LOSSCASE_021,2026-07-16,HIGHEST_RANKED_OUTSIDE_TARGET7,35,d1_close_to_ma10_raw,002432_2026-07-16,605255_2026-07-16,0.1584688902833422,0.0379492334757476,0.1205196568075946,reports/research/v004c_model_table_v001_20260601_20260729/v004c_model_table_v001.csv,reports/research/v004c_model_table_v001_20260601_20260729/v004c_model_table_v001.csv
LOSSCASE_021_A,LOSSCASE_021,2026-07-16,HIGHEST_RANKED_OUTSIDE_TARGET7,36,d1_low_to_ma10_raw,002432_2026-07-16,605255_2026-07-16,0.1021544303390131,0.0379492334757476,0.0642051968632655,reports/research/v004c_model_table_v001_20260601_20260729/v004c_model_table_v001.csv,reports/research/v004c_model_table_v001_20260601_20260729/v004c_model_table_v001.csv
LOSSCASE_021_A,LOSSCASE_021,2026-07-16,HIGHEST_RANKED_OUTSIDE_TARGET7,37,d1_close_to_ma20,002432_2026-07-16,605255_2026-07-16,0.0930123115692316,0.0432135284068624,0.04979878316236921,reports/research/v004c_model_table_v001_20260601_20260729/v004c_model_table_v001.csv,reports/research/v004c_model_table_v001_20260601_20260729/v004c_model_table_v001.csv
LOSSCASE_021_A,LOSSCASE_021,2026-07-16,HIGHEST_RANKED_OUTSIDE_TARGET7,38,d1_ma5_slope,002432_2026-07-16,605255_2026-07-16,0.0454046136946173,0.0137047208055447,0.0316998928890726,reports/research/v004c_model_table_v001_20260601_20260729/v004c_model_table_v001.csv,reports/research/v004c_model_table_v001_20260601_20260729/v004c_model_table_v001.csv
LOSSCASE_021_A,LOSSCASE_021,2026-07-16,HIGHEST_RANKED_OUTSIDE_TARGET7,39,d1_ma10_slope,002432_2026-07-16,605255_2026-07-16,0.0078486062237499,0.0146968029420448,-0.0068481967182949,reports/research/v004c_model_table_v001_20260601_20260729/v004c_model_table_v001.csv,reports/research/v004c_model_table_v001_20260601_20260729/v004c_model_table_v001.csv
LOSSCASE_021_A,LOSSCASE_021,2026-07-16,HIGHEST_RANKED_OUTSIDE_TARGET7,40,d1_ma20_slope,002432_2026-07-16,605255_2026-07-16,0.003939677967522481,0.000578642119825501,0.0033610358476969804,EXISTING_53F_FORMULA_RECONSTRUCTION_FROM_LOCAL_D1_SAFE_CACHES,EXISTING_53F_FORMULA_RECONSTRUCTION_FROM_LOCAL_D1_SAFE_CACHES
LOSSCASE_021_A,LOSSCASE_021,2026-07-16,HIGHEST_RANKED_OUTSIDE_TARGET7,41,d1_close_above_ma5,002432_2026-07-16,605255_2026-07-16,1.0,1.0,0.0,reports/research/v004c_model_table_v001_20260601_20260729/v004c_model_table_v001.csv,reports/research/v004c_model_table_v001_20260601_20260729/v004c_model_table_v001.csv
LOSSCASE_021_A,LOSSCASE_021,2026-07-16,HIGHEST_RANKED_OUTSIDE_TARGET7,42,d1_close_above_ma10,002432_2026-07-16,605255_2026-07-16,1.0,1.0,0.0,reports/research/v004c_model_table_v001_20260601_20260729/v004c_model_table_v001.csv,reports/research/v004c_model_table_v001_20260601_20260729/v004c_model_table_v001.csv
LOSSCASE_021_A,LOSSCASE_021,2026-07-16,HIGHEST_RANKED_OUTSIDE_TARGET7,43,d1_true_reclaim_ma5,002432_2026-07-16,605255_2026-07-16,0.0,0.0,0.0,reports/research/v004c_model_table_v001_20260601_20260729/v004c_model_table_v001.csv,reports/research/v004c_model_table_v001_20260601_20260729/v004c_model_table_v001.csv
LOSSCASE_021_A,LOSSCASE_021,2026-07-16,HIGHEST_RANKED_OUTSIDE_TARGET7,44,d1_true_reclaim_ma10,002432_2026-07-16,605255_2026-07-16,0.0,0.0,0.0,reports/research/v004c_model_table_v001_20260601_20260729/v004c_model_table_v001.csv,reports/research/v004c_model_table_v001_20260601_20260729/v004c_model_table_v001.csv
LOSSCASE_021_A,LOSSCASE_021,2026-07-16,HIGHEST_RANKED_OUTSIDE_TARGET7,45,consecutive_days_below_ma5,002432_2026-07-16,605255_2026-07-16,0.0,0.0,0.0,reports/research/v004c_model_table_v001_20260601_20260729/v004c_model_table_v001.csv,reports/research/v004c_model_table_v001_20260601_20260729/v004c_model_table_v001.csv
LOSSCASE_021_A,LOSSCASE_021,2026-07-16,HIGHEST_RANKED_OUTSIDE_TARGET7,46,consecutive_days_below_ma10,002432_2026-07-16,605255_2026-07-16,0.0,0.0,0.0,reports/research/v004c_model_table_v001_20260601_20260729/v004c_model_table_v001.csv,reports/research/v004c_model_table_v001_20260601_20260729/v004c_model_table_v001.csv
LOSSCASE_021_A,LOSSCASE_021,2026-07-16,HIGHEST_RANKED_OUTSIDE_TARGET7,47,break_day_in_pool,002432_2026-07-16,605255_2026-07-16,0.0,0.0,0.0,reports/research/v004c_model_table_v001_20260601_20260729/v004c_model_table_v001.csv,reports/research/v004c_model_table_v001_20260601_20260729/v004c_model_table_v001.csv
LOSSCASE_021_A,LOSSCASE_021,2026-07-16,HIGHEST_RANKED_OUTSIDE_TARGET7,48,last_board_day_in_pool,002432_2026-07-16,605255_2026-07-16,1.0,1.0,0.0,reports/research/v004c_model_table_v001_20260601_20260729/v004c_model_table_v001.csv,reports/research/v004c_model_table_v001_20260601_20260729/v004c_model_table_v001.csv
LOSSCASE_021_A,LOSSCASE_021,2026-07-16,HIGHEST_RANKED_OUTSIDE_TARGET7,49,pool_consecutive_count_last_board,002432_2026-07-16,605255_2026-07-16,2.0,2.0,0.0,reports/research/v004c_model_table_v001_20260601_20260729/v004c_model_table_v001.csv,reports/research/v004c_model_table_v001_20260601_20260729/v004c_model_table_v001.csv
LOSSCASE_021_A,LOSSCASE_021,2026-07-16,HIGHEST_RANKED_OUTSIDE_TARGET7,50,recent_7d_cumulative_return,002432_2026-07-16,605255_2026-07-16,0.2078510317060895,0.0945738596735947,0.11327717203249481,reports/research/v004c_model_table_v001_20260601_20260729/v004c_model_table_v001.csv,reports/research/v004c_model_table_v001_20260601_20260729/v004c_model_table_v001.csv
LOSSCASE_021_A,LOSSCASE_021,2026-07-16,HIGHEST_RANKED_OUTSIDE_TARGET7,51,recent_7d_max_drawdown,002432_2026-07-16,605255_2026-07-16,0.1064935064935065,0.100011469205184,0.006482037288322501,reports/research/v004c_model_table_v001_20260601_20260729/v004c_model_table_v001.csv,reports/research/v004c_model_table_v001_20260601_20260729/v004c_model_table_v001.csv
LOSSCASE_021_A,LOSSCASE_021,2026-07-16,HIGHEST_RANKED_OUTSIDE_TARGET7,52,recent_7d_close_position,002432_2026-07-16,605255_2026-07-16,0.909383378016086,0.5395987328405492,0.3697846451755369,reports/research/v004c_model_table_v001_20260601_20260729/v004c_model_table_v001.csv,reports/research/v004c_model_table_v001_20260601_20260729/v004c_model_table_v001.csv
LOSSCASE_021_A,LOSSCASE_021,2026-07-16,HIGHEST_RANKED_OUTSIDE_TARGET7,53,recent_7d_limit_up_count,002432_2026-07-16,605255_2026-07-16,2.0,2.0,0.0,EXISTING_53F_FORMULA_RECONSTRUCTION_FROM_LOCAL_D1_SAFE_CACHES,EXISTING_53F_FORMULA_RECONSTRUCTION_FROM_LOCAL_D1_SAFE_CACHES
LOSSCASE_022_A,LOSSCASE_022,2026-07-20,HIGHEST_RANKED_OUTSIDE_TARGET7,1,board_streak_is_3,000676_2026-07-20,002632_2026-07-20,1.0,0.0,1.0,reports/research/v004c_model_table_v001_20260601_20260729/v004c_model_table_v001.csv,reports/research/v004c_model_table_v001_20260601_20260729/v004c_model_table_v001.csv
LOSSCASE_022_A,LOSSCASE_022,2026-07-20,HIGHEST_RANKED_OUTSIDE_TARGET7,2,max_board_streak_20d,000676_2026-07-20,002632_2026-07-20,3.0,2.0,1.0,reports/research/v004c_d1_dataset_v001_20260601_20260729/v004c_d1_snapshot_v001.csv,reports/research/v004c_d1_dataset_v001_20260601_20260729/v004c_d1_snapshot_v001.csv
LOSSCASE_022_A,LOSSCASE_022,2026-07-20,HIGHEST_RANKED_OUTSIDE_TARGET7,3,recent_limit_up_count_10d,000676_2026-07-20,002632_2026-07-20,3.0,3.0,0.0,reports/research/v004c_d1_dataset_v001_20260601_20260729/v004c_d1_snapshot_v001.csv,reports/research/v004c_d1_dataset_v001_20260601_20260729/v004c_d1_snapshot_v001.csv
LOSSCASE_022_A,LOSSCASE_022,2026-07-20,HIGHEST_RANKED_OUTSIDE_TARGET7,4,recent_limit_up_count_20d,000676_2026-07-20,002632_2026-07-20,3.0,3.0,0.0,reports/research/v004c_d1_dataset_v001_20260601_20260729/v004c_d1_snapshot_v001.csv,reports/research/v004c_d1_dataset_v001_20260601_20260729/v004c_d1_snapshot_v001.csv
LOSSCASE_022_A,LOSSCASE_022,2026-07-20,HIGHEST_RANKED_OUTSIDE_TARGET7,5,recent_pool_appearance_count_10d,000676_2026-07-20,002632_2026-07-20,3.0,3.0,0.0,reports/research/v004c_d1_dataset_v001_20260601_20260729/v004c_d1_snapshot_v001.csv,reports/research/v004c_d1_dataset_v001_20260601_20260729/v004c_d1_snapshot_v001.csv
LOSSCASE_022_A,LOSSCASE_022,2026-07-20,HIGHEST_RANKED_OUTSIDE_TARGET7,6,recent_pool_appearance_count_20d,000676_2026-07-20,002632_2026-07-20,3.0,3.0,0.0,reports/research/v004c_d1_dataset_v001_20260601_20260729/v004c_d1_snapshot_v001.csv,reports/research/v004c_d1_dataset_v001_20260601_20260729/v004c_d1_snapshot_v001.csv
LOSSCASE_022_A,LOSSCASE_022,2026-07-20,HIGHEST_RANKED_OUTSIDE_TARGET7,7,board_day_volume_rank,000676_2026-07-20,002632_2026-07-20,3.0,11.0,-8.0,reports/research/v004c_model_table_v001_20260601_20260729/v004c_model_table_v001.csv,reports/research/v004c_model_table_v001_20260601_20260729/v004c_model_table_v001.csv
LOSSCASE_022_A,LOSSCASE_022,2026-07-20,HIGHEST_RANKED_OUTSIDE_TARGET7,8,break_open_return,000676_2026-07-20,002632_2026-07-20,-0.0423976608187134,-0.1000944287063267,0.057696767887613305,reports/research/v004c_model_table_v001_20260601_20260729/v004c_model_table_v001.csv,reports/research/v004c_model_table_v001_20260601_20260729/v004c_model_table_v001.csv
LOSSCASE_022_A,LOSSCASE_022,2026-07-20,HIGHEST_RANKED_OUTSIDE_TARGET7,9,break_high_return,000676_2026-07-20,002632_2026-07-20,-0.0160818713450291,-0.0764872521246459,0.060405380779616796,reports/research/v004c_model_table_v001_20260601_20260729/v004c_model_table_v001.csv,reports/research/v004c_model_table_v001_20260601_20260729/v004c_model_table_v001.csv
LOSSCASE_022_A,LOSSCASE_022,2026-07-20,HIGHEST_RANKED_OUTSIDE_TARGET7,10,break_close_return,000676_2026-07-20,002632_2026-07-20,-0.0730994152046783,-0.1000944287063267,0.0269950135016484,reports/research/v004c_model_table_v001_20260601_20260729/v004c_model_table_v001.csv,reports/research/v004c_model_table_v001_20260601_20260729/v004c_model_table_v001.csv
LOSSCASE_022_A,LOSSCASE_022,2026-07-20,HIGHEST_RANKED_OUTSIDE_TARGET7,11,break_touched_limit_up,000676_2026-07-20,002632_2026-07-20,0.0,0.0,0.0,reports/research/v004c_model_table_v001_20260601_20260729/v004c_model_table_v001.csv,reports/research/v004c_model_table_v001_20260601_20260729/v004c_model_table_v001.csv
LOSSCASE_022_A,LOSSCASE_022,2026-07-20,HIGHEST_RANKED_OUTSIDE_TARGET7,12,break_opened_from_limit_up,000676_2026-07-20,002632_2026-07-20,0.0,0.0,0.0,reports/research/v004c_model_table_v001_20260601_20260729/v004c_model_table_v001.csv,reports/research/v004c_model_table_v001_20260601_20260729/v004c_model_table_v001.csv
LOSSCASE_022_A,LOSSCASE_022,2026-07-20,HIGHEST_RANKED_OUTSIDE_TARGET7,13,break_upper_shadow_ratio,000676_2026-07-20,002632_2026-07-20,0.352941176470589,1.0,-0.647058823529411,reports/research/v004c_model_table_v001_20260601_20260729/v004c_model_table_v001.csv,reports/research/v004c_model_table_v001_20260601_20260729/v004c_model_table_v001.csv
LOSSCASE_022_A,LOSSCASE_022,2026-07-20,HIGHEST_RANKED_OUTSIDE_TARGET7,14,break_lower_shadow_ratio,000676_2026-07-20,002632_2026-07-20,0.2352941176470587,0.0,0.2352941176470587,reports/research/v004c_model_table_v001_20260601_20260729/v004c_model_table_v001.csv,reports/research/v004c_model_table_v001_20260601_20260729/v004c_model_table_v001.csv
LOSSCASE_022_A,LOSSCASE_022,2026-07-20,HIGHEST_RANKED_OUTSIDE_TARGET7,15,d1_high_to_close_drawdown_raw,000676_2026-07-20,002632_2026-07-20,0.0579494799405647,0.025562372188139,0.0323871077524257,reports/research/v004c_model_table_v001_20260601_20260729/v004c_model_table_v001.csv,reports/research/v004c_model_table_v001_20260601_20260729/v004c_model_table_v001.csv
LOSSCASE_022_A,LOSSCASE_022,2026-07-20,HIGHEST_RANKED_OUTSIDE_TARGET7,16,d1_low_to_close_recovery,000676_2026-07-20,002632_2026-07-20,0.0192926045016077,0.0,0.0192926045016077,reports/research/v004c_model_table_v001_20260601_20260729/v004c_model_table_v001.csv,reports/research/v004c_model_table_v001_20260601_20260729/v004c_model_table_v001.csv
LOSSCASE_022_A,LOSSCASE_022,2026-07-20,HIGHEST_RANKED_OUTSIDE_TARGET7,17,d1_open_to_close_return_raw,000676_2026-07-20,002632_2026-07-20,-0.03206106870229,0.0,-0.03206106870229,reports/research/v004c_model_table_v001_20260601_20260729/v004c_model_table_v001.csv,reports/research/v004c_model_table_v001_20260601_20260729/v004c_model_table_v001.csv
LOSSCASE_022_A,LOSSCASE_022,2026-07-20,HIGHEST_RANKED_OUTSIDE_TARGET7,18,d1_close_location,000676_2026-07-20,002632_2026-07-20,0.2352941176470587,0.0,0.2352941176470587,reports/research/v004c_model_table_v001_20260601_20260729/v004c_model_table_v001.csv,reports/research/v004c_model_table_v001_20260601_20260729/v004c_model_table_v001.csv
LOSSCASE_022_A,LOSSCASE_022,2026-07-20,HIGHEST_RANKED_OUTSIDE_TARGET7,19,d1_intraday_range,000676_2026-07-20,002632_2026-07-20,0.074561403508772,0.0236071765816808,0.050954226927091194,reports/research/v004c_model_table_v001_20260601_20260729/v004c_model_table_v001.csv,reports/research/v004c_model_table_v001_20260601_20260729/v004c_model_table_v001.csv
LOSSCASE_022_A,LOSSCASE_022,2026-07-20,HIGHEST_RANKED_OUTSIDE_TARGET7,20,d1_afternoon_return,000676_2026-07-20,002632_2026-07-20,-0.0124610591900311,0.0,-0.0124610591900311,reports/research/v004c_model_table_v001_20260601_20260729/v004c_model_table_v001.csv,reports/research/v004c_model_table_v001_20260601_20260729/v004c_model_table_v001.csv
LOSSCASE_022_A,LOSSCASE_022,2026-07-20,HIGHEST_RANKED_OUTSIDE_TARGET7,21,d1_last_hour_return,000676_2026-07-20,002632_2026-07-20,0.0079491255961843,0.0,0.0079491255961843,reports/research/v004c_model_table_v001_20260601_20260729/v004c_model_table_v001.csv,reports/research/v004c_model_table_v001_20260601_20260729/v004c_model_table_v001.csv
LOSSCASE_022_A,LOSSCASE_022,2026-07-20,HIGHEST_RANKED_OUTSIDE_TARGET7,22,break_volume_ratio_vs_board_days,000676_2026-07-20,002632_2026-07-20,1.6488081446853748,0.2915421841717562,1.3572659605136186,reports/research/v004c_model_table_v001_20260601_20260729/v004c_model_table_v001.csv,reports/research/v004c_model_table_v001_20260601_20260729/v004c_model_table_v001.csv
LOSSCASE_022_A,LOSSCASE_022,2026-07-20,HIGHEST_RANKED_OUTSIDE_TARGET7,23,d1_up_bar_volume_ratio,000676_2026-07-20,002632_2026-07-20,0.2934230470192156,0.0,0.2934230470192156,reports/research/v004c_model_table_v001_20260601_20260729/v004c_model_table_v001.csv,reports/research/v004c_model_table_v001_20260601_20260729/v004c_model_table_v001.csv
LOSSCASE_022_A,LOSSCASE_022,2026-07-20,HIGHEST_RANKED_OUTSIDE_TARGET7,24,down_bar_volume_ratio,000676_2026-07-20,002632_2026-07-20,0.6671787787497999,0.0,0.6671787787497999,reports/research/v004c_model_table_v001_20260601_20260729/v004c_model_table_v001.csv,reports/research/v004c_model_table_v001_20260601_20260729/v004c_model_table_v001.csv
LOSSCASE_022_A,LOSSCASE_022,2026-07-20,HIGHEST_RANKED_OUTSIDE_TARGET7,25,volume_above_d1_close_ratio,000676_2026-07-20,002632_2026-07-20,0.819835203492976,1.0,-0.180164796507024,reports/research/v004c_model_table_v001_20260601_20260729/v004c_model_table_v001.csv,reports/research/v004c_model_table_v001_20260601_20260729/v004c_model_table_v001.csv
LOSSCASE_022_A,LOSSCASE_022,2026-07-20,HIGHEST_RANKED_OUTSIDE_TARGET7,26,amount_above_d1_close_ratio,000676_2026-07-20,002632_2026-07-20,0.8234905471579835,1.0,-0.17650945284201647,reports/research/v004c_model_table_v001_20260601_20260729/v004c_model_table_v001.csv,reports/research/v004c_model_table_v001_20260601_20260729/v004c_model_table_v001.csv
LOSSCASE_022_A,LOSSCASE_022,2026-07-20,HIGHEST_RANKED_OUTSIDE_TARGET7,27,high_zone_volume_ratio,000676_2026-07-20,002632_2026-07-20,0.0,0.0,0.0,reports/research/v004c_model_table_v001_20260601_20260729/v004c_model_table_v001.csv,reports/research/v004c_model_table_v001_20260601_20260729/v004c_model_table_v001.csv
LOSSCASE_022_A,LOSSCASE_022,2026-07-20,HIGHEST_RANKED_OUTSIDE_TARGET7,28,high_zone_amount_ratio,000676_2026-07-20,002632_2026-07-20,0.0,0.0,0.0,reports/research/v004c_model_table_v001_20260601_20260729/v004c_model_table_v001.csv,reports/research/v004c_model_table_v001_20260601_20260729/v004c_model_table_v001.csv
LOSSCASE_022_A,LOSSCASE_022,2026-07-20,HIGHEST_RANKED_OUTSIDE_TARGET7,29,late_day_sell_volume_ratio,000676_2026-07-20,002632_2026-07-20,0.0676658544293622,0.0,0.0676658544293622,reports/research/v004c_model_table_v001_20260601_20260729/v004c_model_table_v001.csv,reports/research/v004c_model_table_v001_20260601_20260729/v004c_model_table_v001.csv
LOSSCASE_022_A,LOSSCASE_022,2026-07-20,HIGHEST_RANKED_OUTSIDE_TARGET7,30,late_day_sell_amount_ratio,000676_2026-07-20,002632_2026-07-20,0.0669679768943267,0.0,0.0669679768943267,reports/research/v004c_model_table_v001_20260601_20260729/v004c_model_table_v001.csv,reports/research/v004c_model_table_v001_20260601_20260729/v004c_model_table_v001.csv
LOSSCASE_022_A,LOSSCASE_022,2026-07-20,HIGHEST_RANKED_OUTSIDE_TARGET7,31,d1_close_to_vwap_raw,000676_2026-07-20,002632_2026-07-20,-0.0142303967113743,-0.0010370505222021,-0.0131933461891722,reports/research/v004c_model_table_v001_20260601_20260729/v004c_model_table_v001.csv,reports/research/v004c_model_table_v001_20260601_20260729/v004c_model_table_v001.csv
LOSSCASE_022_A,LOSSCASE_022,2026-07-20,HIGHEST_RANKED_OUTSIDE_TARGET7,32,d1_close_to_ma5_raw,000676_2026-07-20,002632_2026-07-20,0.0500165617754222,0.011462534493738,0.0385540272816842,reports/research/v004c_model_table_v001_20260601_20260729/v004c_model_table_v001.csv,reports/research/v004c_model_table_v001_20260601_20260729/v004c_model_table_v001.csv
LOSSCASE_022_A,LOSSCASE_022,2026-07-20,HIGHEST_RANKED_OUTSIDE_TARGET7,33,d1_low_to_ma5_raw,000676_2026-07-20,002632_2026-07-20,0.0301424312686318,0.011462534493738,0.018679896774893803,reports/research/v004c_model_table_v001_20260601_20260729/v004c_model_table_v001.csv,reports/research/v004c_model_table_v001_20260601_20260729/v004c_model_table_v001.csv
LOSSCASE_022_A,LOSSCASE_022,2026-07-20,HIGHEST_RANKED_OUTSIDE_TARGET7,34,d1_high_to_ma5_raw,000676_2026-07-20,002632_2026-07-20,0.1146074859224908,0.0379961791551686,0.0766113067673222,reports/research/v004c_model_table_v001_20260601_20260729/v004c_model_table_v001.csv,reports/research/v004c_model_table_v001_20260601_20260729/v004c_model_table_v001.csv
LOSSCASE_022_A,LOSSCASE_022,2026-07-20,HIGHEST_RANKED_OUTSIDE_TARGET7,35,d1_close_to_ma10_raw,000676_2026-07-20,002632_2026-07-20,0.1301247771836007,0.0529223290244174,0.07720244815918328,reports/research/v004c_model_table_v001_20260601_20260729/v004c_model_table_v001.csv,reports/research/v004c_model_table_v001_20260601_20260729/v004c_model_table_v001.csv
LOSSCASE_022_A,LOSSCASE_022,2026-07-20,HIGHEST_RANKED_OUTSIDE_TARGET7,36,d1_low_to_ma10_raw,000676_2026-07-20,002632_2026-07-20,0.1087344028520498,0.0529223290244174,0.0558120738276324,reports/research/v004c_model_table_v001_20260601_20260729/v004c_model_table_v001.csv,reports/research/v004c_model_table_v001_20260601_20260729/v004c_model_table_v001.csv
LOSSCASE_022_A,LOSSCASE_022,2026-07-20,HIGHEST_RANKED_OUTSIDE_TARGET7,37,d1_close_to_ma20,000676_2026-07-20,002632_2026-07-20,0.1662987490802059,0.0422704653579044,0.12402828372230149,reports/research/v004c_model_table_v001_20260601_20260729/v004c_model_table_v001.csv,reports/research/v004c_model_table_v001_20260601_20260729/v004c_model_table_v001.csv
LOSSCASE_022_A,LOSSCASE_022,2026-07-20,HIGHEST_RANKED_OUTSIDE_TARGET7,38,d1_ma5_slope,000676_2026-07-20,002632_2026-07-20,0.0417529330572807,0.0219088937093274,0.0198440393479533,reports/research/v004c_model_table_v001_20260601_20260729/v004c_model_table_v001.csv,reports/research/v004c_model_table_v001_20260601_20260729/v004c_model_table_v001.csv
LOSSCASE_022_A,LOSSCASE_022,2026-07-20,HIGHEST_RANKED_OUTSIDE_TARGET7,39,d1_ma10_slope,000676_2026-07-20,002632_2026-07-20,0.0201854882705947,0.0093676814988288,0.0108178067717659,reports/research/v004c_model_table_v001_20260601_20260729/v004c_model_table_v001.csv,reports/research/v004c_model_table_v001_20260601_20260729/v004c_model_table_v001.csv
LOSSCASE_022_A,LOSSCASE_022,2026-07-20,HIGHEST_RANKED_OUTSIDE_TARGET7,40,d1_ma20_slope,000676_2026-07-20,002632_2026-07-20,0.006853120948324021,-0.0013106875648517535,0.008163808513175774,EXISTING_53F_FORMULA_RECONSTRUCTION_FROM_LOCAL_D1_SAFE_CACHES,EXISTING_53F_FORMULA_RECONSTRUCTION_FROM_LOCAL_D1_SAFE_CACHES
LOSSCASE_022_A,LOSSCASE_022,2026-07-20,HIGHEST_RANKED_OUTSIDE_TARGET7,41,d1_close_above_ma5,000676_2026-07-20,002632_2026-07-20,1.0,1.0,0.0,reports/research/v004c_model_table_v001_20260601_20260729/v004c_model_table_v001.csv,reports/research/v004c_model_table_v001_20260601_20260729/v004c_model_table_v001.csv
LOSSCASE_022_A,LOSSCASE_022,2026-07-20,HIGHEST_RANKED_OUTSIDE_TARGET7,42,d1_close_above_ma10,000676_2026-07-20,002632_2026-07-20,1.0,1.0,0.0,reports/research/v004c_model_table_v001_20260601_20260729/v004c_model_table_v001.csv,reports/research/v004c_model_table_v001_20260601_20260729/v004c_model_table_v001.csv
LOSSCASE_022_A,LOSSCASE_022,2026-07-20,HIGHEST_RANKED_OUTSIDE_TARGET7,43,d1_true_reclaim_ma5,000676_2026-07-20,002632_2026-07-20,0.0,0.0,0.0,reports/research/v004c_model_table_v001_20260601_20260729/v004c_model_table_v001.csv,reports/research/v004c_model_table_v001_20260601_20260729/v004c_model_table_v001.csv
LOSSCASE_022_A,LOSSCASE_022,2026-07-20,HIGHEST_RANKED_OUTSIDE_TARGET7,44,d1_true_reclaim_ma10,000676_2026-07-20,002632_2026-07-20,0.0,0.0,0.0,reports/research/v004c_model_table_v001_20260601_20260729/v004c_model_table_v001.csv,reports/research/v004c_model_table_v001_20260601_20260729/v004c_model_table_v001.csv
LOSSCASE_022_A,LOSSCASE_022,2026-07-20,HIGHEST_RANKED_OUTSIDE_TARGET7,45,consecutive_days_below_ma5,000676_2026-07-20,002632_2026-07-20,0.0,0.0,0.0,reports/research/v004c_model_table_v001_20260601_20260729/v004c_model_table_v001.csv,reports/research/v004c_model_table_v001_20260601_20260729/v004c_model_table_v001.csv
LOSSCASE_022_A,LOSSCASE_022,2026-07-20,HIGHEST_RANKED_OUTSIDE_TARGET7,46,consecutive_days_below_ma10,000676_2026-07-20,002632_2026-07-20,0.0,0.0,0.0,reports/research/v004c_model_table_v001_20260601_20260729/v004c_model_table_v001.csv,reports/research/v004c_model_table_v001_20260601_20260729/v004c_model_table_v001.csv
LOSSCASE_022_A,LOSSCASE_022,2026-07-20,HIGHEST_RANKED_OUTSIDE_TARGET7,47,break_day_in_pool,000676_2026-07-20,002632_2026-07-20,0.0,0.0,0.0,reports/research/v004c_model_table_v001_20260601_20260729/v004c_model_table_v001.csv,reports/research/v004c_model_table_v001_20260601_20260729/v004c_model_table_v001.csv
LOSSCASE_022_A,LOSSCASE_022,2026-07-20,HIGHEST_RANKED_OUTSIDE_TARGET7,48,last_board_day_in_pool,000676_2026-07-20,002632_2026-07-20,1.0,1.0,0.0,reports/research/v004c_model_table_v001_20260601_20260729/v004c_model_table_v001.csv,reports/research/v004c_model_table_v001_20260601_20260729/v004c_model_table_v001.csv
LOSSCASE_022_A,LOSSCASE_022,2026-07-20,HIGHEST_RANKED_OUTSIDE_TARGET7,49,pool_consecutive_count_last_board,000676_2026-07-20,002632_2026-07-20,3.0,2.0,1.0,reports/research/v004c_model_table_v001_20260601_20260729/v004c_model_table_v001.csv,reports/research/v004c_model_table_v001_20260601_20260729/v004c_model_table_v001.csv
LOSSCASE_022_A,LOSSCASE_022,2026-07-20,HIGHEST_RANKED_OUTSIDE_TARGET7,50,recent_7d_cumulative_return,000676_2026-07-20,002632_2026-07-20,0.1894934333958724,0.0707865168539325,0.1187069165419399,reports/research/v004c_model_table_v001_20260601_20260729/v004c_model_table_v001.csv,reports/research/v004c_model_table_v001_20260601_20260729/v004c_model_table_v001.csv
LOSSCASE_022_A,LOSSCASE_022,2026-07-20,HIGHEST_RANKED_OUTSIDE_TARGET7,51,recent_7d_max_drawdown,000676_2026-07-20,002632_2026-07-20,0.0906432748538011,0.1000944287063267,-0.00945115385252561,reports/research/v004c_model_table_v001_20260601_20260729/v004c_model_table_v001.csv,reports/research/v004c_model_table_v001_20260601_20260729/v004c_model_table_v001.csv
LOSSCASE_022_A,LOSSCASE_022,2026-07-20,HIGHEST_RANKED_OUTSIDE_TARGET7,52,recent_7d_close_position,000676_2026-07-20,002632_2026-07-20,0.7252747252747254,0.5371179039301306,0.18815682134459477,reports/research/v004c_model_table_v001_20260601_20260729/v004c_model_table_v001.csv,reports/research/v004c_model_table_v001_20260601_20260729/v004c_model_table_v001.csv
LOSSCASE_022_A,LOSSCASE_022,2026-07-20,HIGHEST_RANKED_OUTSIDE_TARGET7,53,recent_7d_limit_up_count,000676_2026-07-20,002632_2026-07-20,3.0,2.0,1.0,EXISTING_53F_FORMULA_RECONSTRUCTION_FROM_LOCAL_D1_SAFE_CACHES,EXISTING_53F_FORMULA_RECONSTRUCTION_FROM_LOCAL_D1_SAFE_CACHES
LOSSCASE_023_A,LOSSCASE_023,2026-07-24,HIGHEST_RANKED_OUTSIDE_TARGET7,1,board_streak_is_3,605162_2026-07-24,000603_2026-07-24,0.0,1.0,-1.0,reports/research/v004c_model_table_v001_20260601_20260729/v004c_model_table_v001.csv,reports/research/v004c_model_table_v001_20260601_20260729/v004c_model_table_v001.csv
LOSSCASE_023_A,LOSSCASE_023,2026-07-24,HIGHEST_RANKED_OUTSIDE_TARGET7,2,max_board_streak_20d,605162_2026-07-24,000603_2026-07-24,2.0,3.0,-1.0,reports/research/v004c_d1_dataset_v001_20260601_20260729/v004c_d1_snapshot_v001.csv,reports/research/v004c_d1_dataset_v001_20260601_20260729/v004c_d1_snapshot_v001.csv
LOSSCASE_023_A,LOSSCASE_023,2026-07-24,HIGHEST_RANKED_OUTSIDE_TARGET7,3,recent_limit_up_count_10d,605162_2026-07-24,000603_2026-07-24,2.0,3.0,-1.0,reports/research/v004c_d1_dataset_v001_20260601_20260729/v004c_d1_snapshot_v001.csv,reports/research/v004c_d1_dataset_v001_20260601_20260729/v004c_d1_snapshot_v001.csv
LOSSCASE_023_A,LOSSCASE_023,2026-07-24,HIGHEST_RANKED_OUTSIDE_TARGET7,4,recent_limit_up_count_20d,605162_2026-07-24,000603_2026-07-24,2.0,5.0,-3.0,reports/research/v004c_d1_dataset_v001_20260601_20260729/v004c_d1_snapshot_v001.csv,reports/research/v004c_d1_dataset_v001_20260601_20260729/v004c_d1_snapshot_v001.csv
LOSSCASE_023_A,LOSSCASE_023,2026-07-24,HIGHEST_RANKED_OUTSIDE_TARGET7,5,recent_pool_appearance_count_10d,605162_2026-07-24,000603_2026-07-24,2.0,3.0,-1.0,reports/research/v004c_d1_dataset_v001_20260601_20260729/v004c_d1_snapshot_v001.csv,reports/research/v004c_d1_dataset_v001_20260601_20260729/v004c_d1_snapshot_v001.csv
LOSSCASE_023_A,LOSSCASE_023,2026-07-24,HIGHEST_RANKED_OUTSIDE_TARGET7,6,recent_pool_appearance_count_20d,605162_2026-07-24,000603_2026-07-24,2.0,5.0,-3.0,reports/research/v004c_d1_dataset_v001_20260601_20260729/v004c_d1_snapshot_v001.csv,reports/research/v004c_d1_dataset_v001_20260601_20260729/v004c_d1_snapshot_v001.csv
LOSSCASE_023_A,LOSSCASE_023,2026-07-24,HIGHEST_RANKED_OUTSIDE_TARGET7,7,board_day_volume_rank,605162_2026-07-24,000603_2026-07-24,76.0,18.0,58.0,reports/research/v004c_model_table_v001_20260601_20260729/v004c_model_table_v001.csv,reports/research/v004c_model_table_v001_20260601_20260729/v004c_model_table_v001.csv
LOSSCASE_023_A,LOSSCASE_023,2026-07-24,HIGHEST_RANKED_OUTSIDE_TARGET7,8,break_open_return,605162_2026-07-24,000603_2026-07-24,0.0236686390532545,-0.0338300443012484,0.057498683354502894,reports/research/v004c_model_table_v001_20260601_20260729/v004c_model_table_v001.csv,reports/research/v004c_model_table_v001_20260601_20260729/v004c_model_table_v001.csv
LOSSCASE_023_A,LOSSCASE_023,2026-07-24,HIGHEST_RANKED_OUTSIDE_TARGET7,9,break_high_return,605162_2026-07-24,000603_2026-07-24,0.0650887573964498,0.0346355215465163,0.0304532358499335,reports/research/v004c_model_table_v001_20260601_20260729/v004c_model_table_v001.csv,reports/research/v004c_model_table_v001_20260601_20260729/v004c_model_table_v001.csv
LOSSCASE_023_A,LOSSCASE_023,2026-07-24,HIGHEST_RANKED_OUTSIDE_TARGET7,10,break_close_return,605162_2026-07-24,000603_2026-07-24,0.0224852071005918,-0.0012082158679016,0.0236934229684934,reports/research/v004c_model_table_v001_20260601_20260729/v004c_model_table_v001.csv,reports/research/v004c_model_table_v001_20260601_20260729/v004c_model_table_v001.csv
LOSSCASE_023_A,LOSSCASE_023,2026-07-24,HIGHEST_RANKED_OUTSIDE_TARGET7,11,break_touched_limit_up,605162_2026-07-24,000603_2026-07-24,0.0,0.0,0.0,reports/research/v004c_model_table_v001_20260601_20260729/v004c_model_table_v001.csv,reports/research/v004c_model_table_v001_20260601_20260729/v004c_model_table_v001.csv
LOSSCASE_023_A,LOSSCASE_023,2026-07-24,HIGHEST_RANKED_OUTSIDE_TARGET7,12,break_opened_from_limit_up,605162_2026-07-24,000603_2026-07-24,0.0,0.0,0.0,reports/research/v004c_model_table_v001_20260601_20260729/v004c_model_table_v001.csv,reports/research/v004c_model_table_v001_20260601_20260729/v004c_model_table_v001.csv
LOSSCASE_023_A,LOSSCASE_023,2026-07-24,HIGHEST_RANKED_OUTSIDE_TARGET7,13,break_upper_shadow_ratio,605162_2026-07-24,000603_2026-07-24,0.3684210526315788,0.4278846153846152,-0.05946356275303638,reports/research/v004c_model_table_v001_20260601_20260729/v004c_model_table_v001.csv,reports/research/v004c_model_table_v001_20260601_20260729/v004c_model_table_v001.csv
LOSSCASE_023_A,LOSSCASE_023,2026-07-24,HIGHEST_RANKED_OUTSIDE_TARGET7,14,break_lower_shadow_ratio,605162_2026-07-24,000603_2026-07-24,0.6210526315789476,0.182692307692307,0.43836032388664065,reports/research/v004c_model_table_v001_20260601_20260729/v004c_model_table_v001.csv,reports/research/v004c_model_table_v001_20260601_20260729/v004c_model_table_v001.csv
LOSSCASE_023_A,LOSSCASE_023,2026-07-24,HIGHEST_RANKED_OUTSIDE_TARGET7,15,d1_high_to_close_drawdown_raw,605162_2026-07-24,000603_2026-07-24,0.0399999999999999,0.0346438302841572,0.0053561697158426985,reports/research/v004c_model_table_v001_20260601_20260729/v004c_model_table_v001.csv,reports/research/v004c_model_table_v001_20260601_20260729/v004c_model_table_v001.csv
LOSSCASE_023_A,LOSSCASE_023,2026-07-24,HIGHEST_RANKED_OUTSIDE_TARGET7,16,d1_low_to_close_recovery,605162_2026-07-24,000603_2026-07-24,0.0732919254658384,0.0504023718763236,0.022889553589514805,reports/research/v004c_model_table_v001_20260601_20260729/v004c_model_table_v001.csv,reports/research/v004c_model_table_v001_20260601_20260729/v004c_model_table_v001.csv
LOSSCASE_023_A,LOSSCASE_023,2026-07-24,HIGHEST_RANKED_OUTSIDE_TARGET7,17,d1_open_to_close_return_raw,605162_2026-07-24,000603_2026-07-24,-0.0011560693641617,0.0337640683618174,-0.0349201377259791,reports/research/v004c_model_table_v001_20260601_20260729/v004c_model_table_v001.csv,reports/research/v004c_model_table_v001_20260601_20260729/v004c_model_table_v001.csv
LOSSCASE_023_A,LOSSCASE_023,2026-07-24,HIGHEST_RANKED_OUTSIDE_TARGET7,18,d1_close_location,605162_2026-07-24,000603_2026-07-24,0.6210526315789476,0.5721153846153847,0.04893724696356294,reports/research/v004c_model_table_v001_20260601_20260729/v004c_model_table_v001.csv,reports/research/v004c_model_table_v001_20260601_20260729/v004c_model_table_v001.csv
LOSSCASE_023_A,LOSSCASE_023,2026-07-24,HIGHEST_RANKED_OUTSIDE_TARGET7,19,d1_intraday_range,605162_2026-07-24,000603_2026-07-24,0.1124260355029585,0.0837696335078534,0.028656401995105107,reports/research/v004c_model_table_v001_20260601_20260729/v004c_model_table_v001.csv,reports/research/v004c_model_table_v001_20260601_20260729/v004c_model_table_v001.csv
LOSSCASE_023_A,LOSSCASE_023,2026-07-24,HIGHEST_RANKED_OUTSIDE_TARGET7,20,d1_afternoon_return,605162_2026-07-24,000603_2026-07-24,-0.020408163265306,0.0085400569337128,-0.028948220199018798,reports/research/v004c_model_table_v001_20260601_20260729/v004c_model_table_v001.csv,reports/research/v004c_model_table_v001_20260601_20260729/v004c_model_table_v001.csv
LOSSCASE_023_A,LOSSCASE_023,2026-07-24,HIGHEST_RANKED_OUTSIDE_TARGET7,21,d1_last_hour_return,605162_2026-07-24,000603_2026-07-24,0.0034843205574914,0.0193177147554459,-0.0158333941979545,reports/research/v004c_model_table_v001_20260601_20260729/v004c_model_table_v001.csv,reports/research/v004c_model_table_v001_20260601_20260729/v004c_model_table_v001.csv
LOSSCASE_023_A,LOSSCASE_023,2026-07-24,HIGHEST_RANKED_OUTSIDE_TARGET7,22,break_volume_ratio_vs_board_days,605162_2026-07-24,000603_2026-07-24,5.390854494964703,1.9488082322342168,3.442046262730486,reports/research/v004c_model_table_v001_20260601_20260729/v004c_model_table_v001.csv,reports/research/v004c_model_table_v001_20260601_20260729/v004c_model_table_v001.csv
LOSSCASE_023_A,LOSSCASE_023,2026-07-24,HIGHEST_RANKED_OUTSIDE_TARGET7,23,d1_up_bar_volume_ratio,605162_2026-07-24,000603_2026-07-24,0.6279767966212386,0.7059511753438856,-0.07797437872264701,reports/research/v004c_model_table_v001_20260601_20260729/v004c_model_table_v001.csv,reports/research/v004c_model_table_v001_20260601_20260729/v004c_model_table_v001.csv
LOSSCASE_023_A,LOSSCASE_023,2026-07-24,HIGHEST_RANKED_OUTSIDE_TARGET7,24,down_bar_volume_ratio,605162_2026-07-24,000603_2026-07-24,0.3434196519648371,0.2812495524018604,0.0621700995629767,reports/research/v004c_model_table_v001_20260601_20260729/v004c_model_table_v001.csv,reports/research/v004c_model_table_v001_20260601_20260729/v004c_model_table_v001.csv
LOSSCASE_023_A,LOSSCASE_023,2026-07-24,HIGHEST_RANKED_OUTSIDE_TARGET7,25,volume_above_d1_close_ratio,605162_2026-07-24,000603_2026-07-24,0.5273288156302784,0.3660039182741136,0.16132489735616484,reports/research/v004c_model_table_v001_20260601_20260729/v004c_model_table_v001.csv,reports/research/v004c_model_table_v001_20260601_20260729/v004c_model_table_v001.csv
LOSSCASE_023_A,LOSSCASE_023,2026-07-24,HIGHEST_RANKED_OUTSIDE_TARGET7,26,amount_above_d1_close_ratio,605162_2026-07-24,000603_2026-07-24,0.5393834349277672,0.3718557281898478,0.1675277067379194,reports/research/v004c_model_table_v001_20260601_20260729/v004c_model_table_v001.csv,reports/research/v004c_model_table_v001_20260601_20260729/v004c_model_table_v001.csv
LOSSCASE_023_A,LOSSCASE_023,2026-07-24,HIGHEST_RANKED_OUTSIDE_TARGET7,27,high_zone_volume_ratio,605162_2026-07-24,000603_2026-07-24,0.4245229412713707,0.2007306144431944,0.2237923268281763,reports/research/v004c_model_table_v001_20260601_20260729/v004c_model_table_v001.csv,reports/research/v004c_model_table_v001_20260601_20260729/v004c_model_table_v001.csv
LOSSCASE_023_A,LOSSCASE_023,2026-07-24,HIGHEST_RANKED_OUTSIDE_TARGET7,28,high_zone_amount_ratio,605162_2026-07-24,000603_2026-07-24,0.4353606121015451,0.2055514008522744,0.22980921124927067,reports/research/v004c_model_table_v001_20260601_20260729/v004c_model_table_v001.csv,reports/research/v004c_model_table_v001_20260601_20260729/v004c_model_table_v001.csv
LOSSCASE_023_A,LOSSCASE_023,2026-07-24,HIGHEST_RANKED_OUTSIDE_TARGET7,29,late_day_sell_volume_ratio,605162_2026-07-24,000603_2026-07-24,0.080939538141017,0.049702721592004,0.031236816549012995,reports/research/v004c_model_table_v001_20260601_20260729/v004c_model_table_v001.csv,reports/research/v004c_model_table_v001_20260601_20260729/v004c_model_table_v001.csv
LOSSCASE_023_A,LOSSCASE_023,2026-07-24,HIGHEST_RANKED_OUTSIDE_TARGET7,30,late_day_sell_amount_ratio,605162_2026-07-24,000603_2026-07-24,0.0823591356531472,0.0498563893121651,0.0325027463409821,reports/research/v004c_model_table_v001_20260601_20260729/v004c_model_table_v001.csv,reports/research/v004c_model_table_v001_20260601_20260729/v004c_model_table_v001.csv
LOSSCASE_023_A,LOSSCASE_023,2026-07-24,HIGHEST_RANKED_OUTSIDE_TARGET7,31,d1_close_to_vwap_raw,605162_2026-07-24,000603_2026-07-24,0.0091181205955523,0.0040642436458522,0.0050538769497001,reports/research/v004c_model_table_v001_20260601_20260729/v004c_model_table_v001.csv,reports/research/v004c_model_table_v001_20260601_20260729/v004c_model_table_v001.csv
LOSSCASE_023_A,LOSSCASE_023,2026-07-24,HIGHEST_RANKED_OUTSIDE_TARGET7,32,d1_close_to_ma5_raw,605162_2026-07-24,000603_2026-07-24,0.1071245515120453,0.1134057645685553,-0.006281213056510013,reports/research/v004c_model_table_v001_20260601_20260729/v004c_model_table_v001.csv,reports/research/v004c_model_table_v001_20260601_20260729/v004c_model_table_v001.csv
LOSSCASE_023_A,LOSSCASE_023,2026-07-24,HIGHEST_RANKED_OUTSIDE_TARGET7,33,d1_low_to_ma5_raw,605162_2026-07-24,000603_2026-07-24,0.0315222962583292,0.0599802460267575,-0.028457949768428303,reports/research/v004c_model_table_v001_20260601_20260729/v004c_model_table_v001.csv,reports/research/v004c_model_table_v001_20260601_20260729/v004c_model_table_v001.csv
LOSSCASE_023_A,LOSSCASE_023,2026-07-24,HIGHEST_RANKED_OUTSIDE_TARGET7,34,d1_high_to_ma5_raw,605162_2026-07-24,000603_2026-07-24,0.1532547411583804,0.1533626649905719,-0.00010792383219151991,reports/research/v004c_model_table_v001_20260601_20260729/v004c_model_table_v001.csv,reports/research/v004c_model_table_v001_20260601_20260729/v004c_model_table_v001.csv
LOSSCASE_023_A,LOSSCASE_023,2026-07-24,HIGHEST_RANKED_OUTSIDE_TARGET7,35,d1_close_to_ma10_raw,605162_2026-07-24,000603_2026-07-24,0.148172757475083,0.1568243306278571,-0.008651573152774122,reports/research/v004c_model_table_v001_20260601_20260729/v004c_model_table_v001.csv,reports/research/v004c_model_table_v001_20260601_20260729/v004c_model_table_v001.csv
LOSSCASE_023_A,LOSSCASE_023,2026-07-24,HIGHEST_RANKED_OUTSIDE_TARGET7,36,d1_low_to_ma10_raw,605162_2026-07-24,000603_2026-07-24,0.0697674418604652,0.1013154212146656,-0.031547979354200395,reports/research/v004c_model_table_v001_20260601_20260729/v004c_model_table_v001.csv,reports/research/v004c_model_table_v001_20260601_20260729/v004c_model_table_v001.csv
LOSSCASE_023_A,LOSSCASE_023,2026-07-24,HIGHEST_RANKED_OUTSIDE_TARGET7,37,d1_close_to_ma20,605162_2026-07-24,000603_2026-07-24,0.1390903098220173,0.1119081779053086,0.027182131916708707,reports/research/v004c_model_table_v001_20260601_20260729/v004c_model_table_v001.csv,reports/research/v004c_model_table_v001_20260601_20260729/v004c_model_table_v001.csv
LOSSCASE_023_A,LOSSCASE_023,2026-07-24,HIGHEST_RANKED_OUTSIDE_TARGET7,38,d1_ma5_slope,605162_2026-07-24,000603_2026-07-24,0.0397015720756726,0.055439727065959,-0.015738154990286406,reports/research/v004c_model_table_v001_20260601_20260729/v004c_model_table_v001.csv,reports/research/v004c_model_table_v001_20260601_20260729/v004c_model_table_v001.csv
LOSSCASE_023_A,LOSSCASE_023,2026-07-24,HIGHEST_RANKED_OUTSIDE_TARGET7,39,d1_ma10_slope,605162_2026-07-24,000603_2026-07-24,0.0146979503775621,0.0103685550004715,0.0043293953770906,reports/research/v004c_model_table_v001_20260601_20260729/v004c_model_table_v001.csv,reports/research/v004c_model_table_v001_20260601_20260729/v004c_model_table_v001.csv
LOSSCASE_023_A,LOSSCASE_023,2026-07-24,HIGHEST_RANKED_OUTSIDE_TARGET7,40,d1_ma20_slope,605162_2026-07-24,000603_2026-07-24,0.0061016049873987566,0.008204316871962769,-0.0021027118845640125,EXISTING_53F_FORMULA_RECONSTRUCTION_FROM_LOCAL_D1_SAFE_CACHES,EXISTING_53F_FORMULA_RECONSTRUCTION_FROM_LOCAL_D1_SAFE_CACHES
LOSSCASE_023_A,LOSSCASE_023,2026-07-24,HIGHEST_RANKED_OUTSIDE_TARGET7,41,d1_close_above_ma5,605162_2026-07-24,000603_2026-07-24,1.0,1.0,0.0,reports/research/v004c_model_table_v001_20260601_20260729/v004c_model_table_v001.csv,reports/research/v004c_model_table_v001_20260601_20260729/v004c_model_table_v001.csv
LOSSCASE_023_A,LOSSCASE_023,2026-07-24,HIGHEST_RANKED_OUTSIDE_TARGET7,42,d1_close_above_ma10,605162_2026-07-24,000603_2026-07-24,1.0,1.0,0.0,reports/research/v004c_model_table_v001_20260601_20260729/v004c_model_table_v001.csv,reports/research/v004c_model_table_v001_20260601_20260729/v004c_model_table_v001.csv
LOSSCASE_023_A,LOSSCASE_023,2026-07-24,HIGHEST_RANKED_OUTSIDE_TARGET7,43,d1_true_reclaim_ma5,605162_2026-07-24,000603_2026-07-24,0.0,0.0,0.0,reports/research/v004c_model_table_v001_20260601_20260729/v004c_model_table_v001.csv,reports/research/v004c_model_table_v001_20260601_20260729/v004c_model_table_v001.csv
LOSSCASE_023_A,LOSSCASE_023,2026-07-24,HIGHEST_RANKED_OUTSIDE_TARGET7,44,d1_true_reclaim_ma10,605162_2026-07-24,000603_2026-07-24,0.0,0.0,0.0,reports/research/v004c_model_table_v001_20260601_20260729/v004c_model_table_v001.csv,reports/research/v004c_model_table_v001_20260601_20260729/v004c_model_table_v001.csv
LOSSCASE_023_A,LOSSCASE_023,2026-07-24,HIGHEST_RANKED_OUTSIDE_TARGET7,45,consecutive_days_below_ma5,605162_2026-07-24,000603_2026-07-24,0.0,0.0,0.0,reports/research/v004c_model_table_v001_20260601_20260729/v004c_model_table_v001.csv,reports/research/v004c_model_table_v001_20260601_20260729/v004c_model_table_v001.csv
LOSSCASE_023_A,LOSSCASE_023,2026-07-24,HIGHEST_RANKED_OUTSIDE_TARGET7,46,consecutive_days_below_ma10,605162_2026-07-24,000603_2026-07-24,0.0,0.0,0.0,reports/research/v004c_model_table_v001_20260601_20260729/v004c_model_table_v001.csv,reports/research/v004c_model_table_v001_20260601_20260729/v004c_model_table_v001.csv
LOSSCASE_023_A,LOSSCASE_023,2026-07-24,HIGHEST_RANKED_OUTSIDE_TARGET7,47,break_day_in_pool,605162_2026-07-24,000603_2026-07-24,0.0,0.0,0.0,reports/research/v004c_model_table_v001_20260601_20260729/v004c_model_table_v001.csv,reports/research/v004c_model_table_v001_20260601_20260729/v004c_model_table_v001.csv
LOSSCASE_023_A,LOSSCASE_023,2026-07-24,HIGHEST_RANKED_OUTSIDE_TARGET7,48,last_board_day_in_pool,605162_2026-07-24,000603_2026-07-24,1.0,1.0,0.0,reports/research/v004c_model_table_v001_20260601_20260729/v004c_model_table_v001.csv,reports/research/v004c_model_table_v001_20260601_20260729/v004c_model_table_v001.csv
LOSSCASE_023_A,LOSSCASE_023,2026-07-24,HIGHEST_RANKED_OUTSIDE_TARGET7,49,pool_consecutive_count_last_board,605162_2026-07-24,000603_2026-07-24,2.0,3.0,-1.0,reports/research/v004c_model_table_v001_20260601_20260729/v004c_model_table_v001.csv,reports/research/v004c_model_table_v001_20260601_20260729/v004c_model_table_v001.csv
LOSSCASE_023_A,LOSSCASE_023,2026-07-24,HIGHEST_RANKED_OUTSIDE_TARGET7,50,recent_7d_cumulative_return,605162_2026-07-24,000603_2026-07-24,0.1884456671251722,0.2127139364303178,-0.024268269305145612,reports/research/v004c_model_table_v001_20260601_20260729/v004c_model_table_v001.csv,reports/research/v004c_model_table_v001_20260601_20260729/v004c_model_table_v001.csv
LOSSCASE_023_A,LOSSCASE_023,2026-07-24,HIGHEST_RANKED_OUTSIDE_TARGET7,51,recent_7d_max_drawdown,605162_2026-07-24,000603_2026-07-24,0.1084337349397589,0.1423872180451128,-0.03395348310535391,reports/research/v004c_model_table_v001_20260601_20260729/v004c_model_table_v001.csv,reports/research/v004c_model_table_v001_20260601_20260729/v004c_model_table_v001.csv
LOSSCASE_023_A,LOSSCASE_023,2026-07-24,HIGHEST_RANKED_OUTSIDE_TARGET7,52,recent_7d_close_position,605162_2026-07-24,000603_2026-07-24,0.8461538461538464,0.8803763440860215,-0.03422249793217513,reports/research/v004c_model_table_v001_20260601_20260729/v004c_model_table_v001.csv,reports/research/v004c_model_table_v001_20260601_20260729/v004c_model_table_v001.csv
LOSSCASE_023_A,LOSSCASE_023,2026-07-24,HIGHEST_RANKED_OUTSIDE_TARGET7,53,recent_7d_limit_up_count,605162_2026-07-24,000603_2026-07-24,2.0,3.0,-1.0,EXISTING_53F_FORMULA_RECONSTRUCTION_FROM_LOCAL_D1_SAFE_CACHES,EXISTING_53F_FORMULA_RECONSTRUCTION_FROM_LOCAL_D1_SAFE_CACHES
LOSSCASE_024_A,LOSSCASE_024,2026-07-24,HIGHEST_RANKED_OUTSIDE_TARGET7,1,board_streak_is_3,605162_2026-07-24,600722_2026-07-24,0.0,0.0,0.0,reports/research/v004c_model_table_v001_20260601_20260729/v004c_model_table_v001.csv,reports/research/v004c_model_table_v001_20260601_20260729/v004c_model_table_v001.csv
LOSSCASE_024_A,LOSSCASE_024,2026-07-24,HIGHEST_RANKED_OUTSIDE_TARGET7,2,max_board_streak_20d,605162_2026-07-24,600722_2026-07-24,2.0,2.0,0.0,reports/research/v004c_d1_dataset_v001_20260601_20260729/v004c_d1_snapshot_v001.csv,reports/research/v004c_d1_dataset_v001_20260601_20260729/v004c_d1_snapshot_v001.csv
LOSSCASE_024_A,LOSSCASE_024,2026-07-24,HIGHEST_RANKED_OUTSIDE_TARGET7,3,recent_limit_up_count_10d,605162_2026-07-24,600722_2026-07-24,2.0,4.0,-2.0,reports/research/v004c_d1_dataset_v001_20260601_20260729/v004c_d1_snapshot_v001.csv,reports/research/v004c_d1_dataset_v001_20260601_20260729/v004c_d1_snapshot_v001.csv
LOSSCASE_024_A,LOSSCASE_024,2026-07-24,HIGHEST_RANKED_OUTSIDE_TARGET7,4,recent_limit_up_count_20d,605162_2026-07-24,600722_2026-07-24,2.0,4.0,-2.0,reports/research/v004c_d1_dataset_v001_20260601_20260729/v004c_d1_snapshot_v001.csv,reports/research/v004c_d1_dataset_v001_20260601_20260729/v004c_d1_snapshot_v001.csv
LOSSCASE_024_A,LOSSCASE_024,2026-07-24,HIGHEST_RANKED_OUTSIDE_TARGET7,5,recent_pool_appearance_count_10d,605162_2026-07-24,600722_2026-07-24,2.0,4.0,-2.0,reports/research/v004c_d1_dataset_v001_20260601_20260729/v004c_d1_snapshot_v001.csv,reports/research/v004c_d1_dataset_v001_20260601_20260729/v004c_d1_snapshot_v001.csv
LOSSCASE_024_A,LOSSCASE_024,2026-07-24,HIGHEST_RANKED_OUTSIDE_TARGET7,6,recent_pool_appearance_count_20d,605162_2026-07-24,600722_2026-07-24,2.0,4.0,-2.0,reports/research/v004c_d1_dataset_v001_20260601_20260729/v004c_d1_snapshot_v001.csv,reports/research/v004c_d1_dataset_v001_20260601_20260729/v004c_d1_snapshot_v001.csv
LOSSCASE_024_A,LOSSCASE_024,2026-07-24,HIGHEST_RANKED_OUTSIDE_TARGET7,7,board_day_volume_rank,605162_2026-07-24,600722_2026-07-24,76.0,5.0,71.0,reports/research/v004c_model_table_v001_20260601_20260729/v004c_model_table_v001.csv,reports/research/v004c_model_table_v001_20260601_20260729/v004c_model_table_v001.csv
LOSSCASE_024_A,LOSSCASE_024,2026-07-24,HIGHEST_RANKED_OUTSIDE_TARGET7,8,break_open_return,605162_2026-07-24,600722_2026-07-24,0.0236686390532545,0.028440366972477,-0.0047717279192225,reports/research/v004c_model_table_v001_20260601_20260729/v004c_model_table_v001.csv,reports/research/v004c_model_table_v001_20260601_20260729/v004c_model_table_v001.csv
LOSSCASE_024_A,LOSSCASE_024,2026-07-24,HIGHEST_RANKED_OUTSIDE_TARGET7,9,break_high_return,605162_2026-07-24,600722_2026-07-24,0.0650887573964498,0.0917431192660549,-0.026654361869605098,reports/research/v004c_model_table_v001_20260601_20260729/v004c_model_table_v001.csv,reports/research/v004c_model_table_v001_20260601_20260729/v004c_model_table_v001.csv
LOSSCASE_024_A,LOSSCASE_024,2026-07-24,HIGHEST_RANKED_OUTSIDE_TARGET7,10,break_close_return,605162_2026-07-24,600722_2026-07-24,0.0224852071005918,0.048623853211009,-0.026138646110417198,reports/research/v004c_model_table_v001_20260601_20260729/v004c_model_table_v001.csv,reports/research/v004c_model_table_v001_20260601_20260729/v004c_model_table_v001.csv
LOSSCASE_024_A,LOSSCASE_024,2026-07-24,HIGHEST_RANKED_OUTSIDE_TARGET7,11,break_touched_limit_up,605162_2026-07-24,600722_2026-07-24,0.0,0.0,0.0,reports/research/v004c_model_table_v001_20260601_20260729/v004c_model_table_v001.csv,reports/research/v004c_model_table_v001_20260601_20260729/v004c_model_table_v001.csv
LOSSCASE_024_A,LOSSCASE_024,2026-07-24,HIGHEST_RANKED_OUTSIDE_TARGET7,12,break_opened_from_limit_up,605162_2026-07-24,600722_2026-07-24,0.0,0.0,0.0,reports/research/v004c_model_table_v001_20260601_20260729/v004c_model_table_v001.csv,reports/research/v004c_model_table_v001_20260601_20260729/v004c_model_table_v001.csv
LOSSCASE_024_A,LOSSCASE_024,2026-07-24,HIGHEST_RANKED_OUTSIDE_TARGET7,13,break_upper_shadow_ratio,605162_2026-07-24,600722_2026-07-24,0.3684210526315788,0.3615384615384618,0.0068825910931170076,reports/research/v004c_model_table_v001_20260601_20260729/v004c_model_table_v001.csv,reports/research/v004c_model_table_v001_20260601_20260729/v004c_model_table_v001.csv
LOSSCASE_024_A,LOSSCASE_024,2026-07-24,HIGHEST_RANKED_OUTSIDE_TARGET7,14,break_lower_shadow_ratio,605162_2026-07-24,600722_2026-07-24,0.6210526315789476,0.4692307692307699,0.15182186234817774,reports/research/v004c_model_table_v001_20260601_20260729/v004c_model_table_v001.csv,reports/research/v004c_model_table_v001_20260601_20260729/v004c_model_table_v001.csv
LOSSCASE_024_A,LOSSCASE_024,2026-07-24,HIGHEST_RANKED_OUTSIDE_TARGET7,15,d1_high_to_close_drawdown_raw,605162_2026-07-24,600722_2026-07-24,0.0399999999999999,0.0394957983193277,0.000504201680672195,reports/research/v004c_model_table_v001_20260601_20260729/v004c_model_table_v001.csv,reports/research/v004c_model_table_v001_20260601_20260729/v004c_model_table_v001.csv
LOSSCASE_024_A,LOSSCASE_024,2026-07-24,HIGHEST_RANKED_OUTSIDE_TARGET7,16,d1_low_to_close_recovery,605162_2026-07-24,600722_2026-07-24,0.0732919254658384,0.0783018867924528,-0.0050099613266143955,reports/research/v004c_model_table_v001_20260601_20260729/v004c_model_table_v001.csv,reports/research/v004c_model_table_v001_20260601_20260729/v004c_model_table_v001.csv
LOSSCASE_024_A,LOSSCASE_024,2026-07-24,HIGHEST_RANKED_OUTSIDE_TARGET7,17,d1_open_to_close_return_raw,605162_2026-07-24,600722_2026-07-24,-0.0011560693641617,0.0196253345227475,-0.0207814038869092,reports/research/v004c_model_table_v001_20260601_20260729/v004c_model_table_v001.csv,reports/research/v004c_model_table_v001_20260601_20260729/v004c_model_table_v001.csv
LOSSCASE_024_A,LOSSCASE_024,2026-07-24,HIGHEST_RANKED_OUTSIDE_TARGET7,18,d1_close_location,605162_2026-07-24,600722_2026-07-24,0.6210526315789476,0.6384615384615382,-0.017408906882590558,reports/research/v004c_model_table_v001_20260601_20260729/v004c_model_table_v001.csv,reports/research/v004c_model_table_v001_20260601_20260729/v004c_model_table_v001.csv
LOSSCASE_024_A,LOSSCASE_024,2026-07-24,HIGHEST_RANKED_OUTSIDE_TARGET7,19,d1_intraday_range,605162_2026-07-24,600722_2026-07-24,0.1124260355029585,0.1192660550458716,-0.006840019542913092,reports/research/v004c_model_table_v001_20260601_20260729/v004c_model_table_v001.csv,reports/research/v004c_model_table_v001_20260601_20260729/v004c_model_table_v001.csv
LOSSCASE_024_A,LOSSCASE_024,2026-07-24,HIGHEST_RANKED_OUTSIDE_TARGET7,20,d1_afternoon_return,605162_2026-07-24,600722_2026-07-24,-0.020408163265306,-0.0146551724137931,-0.0057529908515129,reports/research/v004c_model_table_v001_20260601_20260729/v004c_model_table_v001.csv,reports/research/v004c_model_table_v001_20260601_20260729/v004c_model_table_v001.csv
LOSSCASE_024_A,LOSSCASE_024,2026-07-24,HIGHEST_RANKED_OUTSIDE_TARGET7,21,d1_last_hour_return,605162_2026-07-24,600722_2026-07-24,0.0034843205574914,-0.003487358326068,0.0069716788835593995,reports/research/v004c_model_table_v001_20260601_20260729/v004c_model_table_v001.csv,reports/research/v004c_model_table_v001_20260601_20260729/v004c_model_table_v001.csv
LOSSCASE_024_A,LOSSCASE_024,2026-07-24,HIGHEST_RANKED_OUTSIDE_TARGET7,22,break_volume_ratio_vs_board_days,605162_2026-07-24,600722_2026-07-24,5.390854494964703,1.208294960520522,4.182559534444181,reports/research/v004c_model_table_v001_20260601_20260729/v004c_model_table_v001.csv,reports/research/v004c_model_table_v001_20260601_20260729/v004c_model_table_v001.csv
LOSSCASE_024_A,LOSSCASE_024,2026-07-24,HIGHEST_RANKED_OUTSIDE_TARGET7,23,d1_up_bar_volume_ratio,605162_2026-07-24,600722_2026-07-24,0.6279767966212386,0.5221617811779504,0.1058150154432882,reports/research/v004c_model_table_v001_20260601_20260729/v004c_model_table_v001.csv,reports/research/v004c_model_table_v001_20260601_20260729/v004c_model_table_v001.csv
LOSSCASE_024_A,LOSSCASE_024,2026-07-24,HIGHEST_RANKED_OUTSIDE_TARGET7,24,down_bar_volume_ratio,605162_2026-07-24,600722_2026-07-24,0.3434196519648371,0.4778382188220496,-0.13441856685721248,reports/research/v004c_model_table_v001_20260601_20260729/v004c_model_table_v001.csv,reports/research/v004c_model_table_v001_20260601_20260729/v004c_model_table_v001.csv
LOSSCASE_024_A,LOSSCASE_024,2026-07-24,HIGHEST_RANKED_OUTSIDE_TARGET7,25,volume_above_d1_close_ratio,605162_2026-07-24,600722_2026-07-24,0.5273288156302784,0.2427587265273111,0.2845700891029673,reports/research/v004c_model_table_v001_20260601_20260729/v004c_model_table_v001.csv,reports/research/v004c_model_table_v001_20260601_20260729/v004c_model_table_v001.csv
LOSSCASE_024_A,LOSSCASE_024,2026-07-24,HIGHEST_RANKED_OUTSIDE_TARGET7,26,amount_above_d1_close_ratio,605162_2026-07-24,600722_2026-07-24,0.5393834349277672,0.2484841193673137,0.29089931556045345,reports/research/v004c_model_table_v001_20260601_20260729/v004c_model_table_v001.csv,reports/research/v004c_model_table_v001_20260601_20260729/v004c_model_table_v001.csv
LOSSCASE_024_A,LOSSCASE_024,2026-07-24,HIGHEST_RANKED_OUTSIDE_TARGET7,27,high_zone_volume_ratio,605162_2026-07-24,600722_2026-07-24,0.4245229412713707,0.1445505992601713,0.27997234201119936,reports/research/v004c_model_table_v001_20260601_20260729/v004c_model_table_v001.csv,reports/research/v004c_model_table_v001_20260601_20260729/v004c_model_table_v001.csv
LOSSCASE_024_A,LOSSCASE_024,2026-07-24,HIGHEST_RANKED_OUTSIDE_TARGET7,28,high_zone_amount_ratio,605162_2026-07-24,600722_2026-07-24,0.4353606121015451,0.1491152165131756,0.2862453955883695,reports/research/v004c_model_table_v001_20260601_20260729/v004c_model_table_v001.csv,reports/research/v004c_model_table_v001_20260601_20260729/v004c_model_table_v001.csv
LOSSCASE_024_A,LOSSCASE_024,2026-07-24,HIGHEST_RANKED_OUTSIDE_TARGET7,29,late_day_sell_volume_ratio,605162_2026-07-24,600722_2026-07-24,0.080939538141017,0.0722066249249561,0.0087329132160609,reports/research/v004c_model_table_v001_20260601_20260729/v004c_model_table_v001.csv,reports/research/v004c_model_table_v001_20260601_20260729/v004c_model_table_v001.csv
LOSSCASE_024_A,LOSSCASE_024,2026-07-24,HIGHEST_RANKED_OUTSIDE_TARGET7,30,late_day_sell_amount_ratio,605162_2026-07-24,600722_2026-07-24,0.0823591356531472,0.0734702047168778,0.008888930936269399,reports/research/v004c_model_table_v001_20260601_20260729/v004c_model_table_v001.csv,reports/research/v004c_model_table_v001_20260601_20260729/v004c_model_table_v001.csv
LOSSCASE_024_A,LOSSCASE_024,2026-07-24,HIGHEST_RANKED_OUTSIDE_TARGET7,31,d1_close_to_vwap_raw,605162_2026-07-24,600722_2026-07-24,0.0091181205955523,0.0106782126620434,-0.0015600920664910999,reports/research/v004c_model_table_v001_20260601_20260729/v004c_model_table_v001.csv,reports/research/v004c_model_table_v001_20260601_20260729/v004c_model_table_v001.csv
LOSSCASE_024_A,LOSSCASE_024,2026-07-24,HIGHEST_RANKED_OUTSIDE_TARGET7,32,d1_close_to_ma5_raw,605162_2026-07-24,600722_2026-07-24,0.1071245515120453,0.1287774047007701,-0.0216528531887248,reports/research/v004c_model_table_v001_20260601_20260729/v004c_model_table_v001.csv,reports/research/v004c_model_table_v001_20260601_20260729/v004c_model_table_v001.csv
LOSSCASE_024_A,LOSSCASE_024,2026-07-24,HIGHEST_RANKED_OUTSIDE_TARGET7,33,d1_low_to_ma5_raw,605162_2026-07-24,600722_2026-07-24,0.0315222962583292,0.0468101915860159,-0.015287895327686707,reports/research/v004c_model_table_v001_20260601_20260729/v004c_model_table_v001.csv,reports/research/v004c_model_table_v001_20260601_20260729/v004c_model_table_v001.csv
LOSSCASE_024_A,LOSSCASE_024,2026-07-24,HIGHEST_RANKED_OUTSIDE_TARGET7,34,d1_high_to_ma5_raw,605162_2026-07-24,600722_2026-07-24,0.1532547411583804,0.1751925735729802,-0.021937832414599817,reports/research/v004c_model_table_v001_20260601_20260729/v004c_model_table_v001.csv,reports/research/v004c_model_table_v001_20260601_20260729/v004c_model_table_v001.csv
LOSSCASE_024_A,LOSSCASE_024,2026-07-24,HIGHEST_RANKED_OUTSIDE_TARGET7,35,d1_close_to_ma10_raw,605162_2026-07-24,600722_2026-07-24,0.148172757475083,0.2570108874958758,-0.10883813002079282,reports/research/v004c_model_table_v001_20260601_20260729/v004c_model_table_v001.csv,reports/research/v004c_model_table_v001_20260601_20260729/v004c_model_table_v001.csv
LOSSCASE_024_A,LOSSCASE_024,2026-07-24,HIGHEST_RANKED_OUTSIDE_TARGET7,36,d1_low_to_ma10_raw,605162_2026-07-24,600722_2026-07-24,0.0697674418604652,0.1657318816672164,-0.09596443980675119,reports/research/v004c_model_table_v001_20260601_20260729/v004c_model_table_v001.csv,reports/research/v004c_model_table_v001_20260601_20260729/v004c_model_table_v001.csv
LOSSCASE_024_A,LOSSCASE_024,2026-07-24,HIGHEST_RANKED_OUTSIDE_TARGET7,37,d1_close_to_ma20,605162_2026-07-24,600722_2026-07-24,0.1390903098220173,0.3298429319371727,-0.19075262211515537,reports/research/v004c_model_table_v001_20260601_20260729/v004c_model_table_v001.csv,reports/research/v004c_model_table_v001_20260601_20260729/v004c_model_table_v001.csv
LOSSCASE_024_A,LOSSCASE_024,2026-07-24,HIGHEST_RANKED_OUTSIDE_TARGET7,38,d1_ma5_slope,605162_2026-07-24,600722_2026-07-24,0.0397015720756726,0.0607584328514563,-0.021056860775783705,reports/research/v004c_model_table_v001_20260601_20260729/v004c_model_table_v001.csv,reports/research/v004c_model_table_v001_20260601_20260729/v004c_model_table_v001.csv
LOSSCASE_024_A,LOSSCASE_024,2026-07-24,HIGHEST_RANKED_OUTSIDE_TARGET7,39,d1_ma10_slope,605162_2026-07-24,600722_2026-07-24,0.0146979503775621,0.0387251542152158,-0.0240272038376537,reports/research/v004c_model_table_v001_20260601_20260729/v004c_model_table_v001.csv,reports/research/v004c_model_table_v001_20260601_20260729/v004c_model_table_v001.csv
LOSSCASE_024_A,LOSSCASE_024,2026-07-24,HIGHEST_RANKED_OUTSIDE_TARGET7,40,d1_ma20_slope,605162_2026-07-24,600722_2026-07-24,0.0061016049873987566,0.01914981917353442,-0.013048214186135665,EXISTING_53F_FORMULA_RECONSTRUCTION_FROM_LOCAL_D1_SAFE_CACHES,EXISTING_53F_FORMULA_RECONSTRUCTION_FROM_LOCAL_D1_SAFE_CACHES
LOSSCASE_024_A,LOSSCASE_024,2026-07-24,HIGHEST_RANKED_OUTSIDE_TARGET7,41,d1_close_above_ma5,605162_2026-07-24,600722_2026-07-24,1.0,1.0,0.0,reports/research/v004c_model_table_v001_20260601_20260729/v004c_model_table_v001.csv,reports/research/v004c_model_table_v001_20260601_20260729/v004c_model_table_v001.csv
LOSSCASE_024_A,LOSSCASE_024,2026-07-24,HIGHEST_RANKED_OUTSIDE_TARGET7,42,d1_close_above_ma10,605162_2026-07-24,600722_2026-07-24,1.0,1.0,0.0,reports/research/v004c_model_table_v001_20260601_20260729/v004c_model_table_v001.csv,reports/research/v004c_model_table_v001_20260601_20260729/v004c_model_table_v001.csv
LOSSCASE_024_A,LOSSCASE_024,2026-07-24,HIGHEST_RANKED_OUTSIDE_TARGET7,43,d1_true_reclaim_ma5,605162_2026-07-24,600722_2026-07-24,0.0,0.0,0.0,reports/research/v004c_model_table_v001_20260601_20260729/v004c_model_table_v001.csv,reports/research/v004c_model_table_v001_20260601_20260729/v004c_model_table_v001.csv
LOSSCASE_024_A,LOSSCASE_024,2026-07-24,HIGHEST_RANKED_OUTSIDE_TARGET7,44,d1_true_reclaim_ma10,605162_2026-07-24,600722_2026-07-24,0.0,0.0,0.0,reports/research/v004c_model_table_v001_20260601_20260729/v004c_model_table_v001.csv,reports/research/v004c_model_table_v001_20260601_20260729/v004c_model_table_v001.csv
LOSSCASE_024_A,LOSSCASE_024,2026-07-24,HIGHEST_RANKED_OUTSIDE_TARGET7,45,consecutive_days_below_ma5,605162_2026-07-24,600722_2026-07-24,0.0,0.0,0.0,reports/research/v004c_model_table_v001_20260601_20260729/v004c_model_table_v001.csv,reports/research/v004c_model_table_v001_20260601_20260729/v004c_model_table_v001.csv
LOSSCASE_024_A,LOSSCASE_024,2026-07-24,HIGHEST_RANKED_OUTSIDE_TARGET7,46,consecutive_days_below_ma10,605162_2026-07-24,600722_2026-07-24,0.0,0.0,0.0,reports/research/v004c_model_table_v001_20260601_20260729/v004c_model_table_v001.csv,reports/research/v004c_model_table_v001_20260601_20260729/v004c_model_table_v001.csv
LOSSCASE_024_A,LOSSCASE_024,2026-07-24,HIGHEST_RANKED_OUTSIDE_TARGET7,47,break_day_in_pool,605162_2026-07-24,600722_2026-07-24,0.0,0.0,0.0,reports/research/v004c_model_table_v001_20260601_20260729/v004c_model_table_v001.csv,reports/research/v004c_model_table_v001_20260601_20260729/v004c_model_table_v001.csv
LOSSCASE_024_A,LOSSCASE_024,2026-07-24,HIGHEST_RANKED_OUTSIDE_TARGET7,48,last_board_day_in_pool,605162_2026-07-24,600722_2026-07-24,1.0,1.0,0.0,reports/research/v004c_model_table_v001_20260601_20260729/v004c_model_table_v001.csv,reports/research/v004c_model_table_v001_20260601_20260729/v004c_model_table_v001.csv
LOSSCASE_024_A,LOSSCASE_024,2026-07-24,HIGHEST_RANKED_OUTSIDE_TARGET7,49,pool_consecutive_count_last_board,605162_2026-07-24,600722_2026-07-24,2.0,2.0,0.0,reports/research/v004c_model_table_v001_20260601_20260729/v004c_model_table_v001.csv,reports/research/v004c_model_table_v001_20260601_20260729/v004c_model_table_v001.csv
LOSSCASE_024_A,LOSSCASE_024,2026-07-24,HIGHEST_RANKED_OUTSIDE_TARGET7,50,recent_7d_cumulative_return,605162_2026-07-24,600722_2026-07-24,0.1884456671251722,0.4748387096774193,-0.2863930425522471,reports/research/v004c_model_table_v001_20260601_20260729/v004c_model_table_v001.csv,reports/research/v004c_model_table_v001_20260601_20260729/v004c_model_table_v001.csv
LOSSCASE_024_A,LOSSCASE_024,2026-07-24,HIGHEST_RANKED_OUTSIDE_TARGET7,51,recent_7d_max_drawdown,605162_2026-07-24,600722_2026-07-24,0.1084337349397589,0.1002132196162048,0.008220515323554098,reports/research/v004c_model_table_v001_20260601_20260729/v004c_model_table_v001.csv,reports/research/v004c_model_table_v001_20260601_20260729/v004c_model_table_v001.csv
LOSSCASE_024_A,LOSSCASE_024,2026-07-24,HIGHEST_RANKED_OUTSIDE_TARGET7,52,recent_7d_close_position,605162_2026-07-24,600722_2026-07-24,0.8461538461538464,0.8867469879518071,-0.0405931417979607,reports/research/v004c_model_table_v001_20260601_20260729/v004c_model_table_v001.csv,reports/research/v004c_model_table_v001_20260601_20260729/v004c_model_table_v001.csv
LOSSCASE_024_A,LOSSCASE_024,2026-07-24,HIGHEST_RANKED_OUTSIDE_TARGET7,53,recent_7d_limit_up_count,605162_2026-07-24,600722_2026-07-24,2.0,4.0,-2.0,EXISTING_53F_FORMULA_RECONSTRUCTION_FROM_LOCAL_D1_SAFE_CACHES,EXISTING_53F_FORMULA_RECONSTRUCTION_FROM_LOCAL_D1_SAFE_CACHES
LOSSCASE_025_A,LOSSCASE_025,2026-07-29,HIGHEST_RANKED_OUTSIDE_TARGET7,1,board_streak_is_3,000566_2026-07-29,603358_2026-07-29,0.0,0.0,0.0,reports/research/v004c_model_table_v001_20260601_20260729/v004c_model_table_v001.csv,reports/research/v004c_model_table_v001_20260601_20260729/v004c_model_table_v001.csv
LOSSCASE_025_A,LOSSCASE_025,2026-07-29,HIGHEST_RANKED_OUTSIDE_TARGET7,2,max_board_streak_20d,000566_2026-07-29,603358_2026-07-29,2.0,2.0,0.0,reports/research/v004c_d1_dataset_v001_20260601_20260729/v004c_d1_snapshot_v001.csv,reports/research/v004c_d1_dataset_v001_20260601_20260729/v004c_d1_snapshot_v001.csv
LOSSCASE_025_A,LOSSCASE_025,2026-07-29,HIGHEST_RANKED_OUTSIDE_TARGET7,3,recent_limit_up_count_10d,000566_2026-07-29,603358_2026-07-29,4.0,2.0,2.0,reports/research/v004c_d1_dataset_v001_20260601_20260729/v004c_d1_snapshot_v001.csv,reports/research/v004c_d1_dataset_v001_20260601_20260729/v004c_d1_snapshot_v001.csv
LOSSCASE_025_A,LOSSCASE_025,2026-07-29,HIGHEST_RANKED_OUTSIDE_TARGET7,4,recent_limit_up_count_20d,000566_2026-07-29,603358_2026-07-29,6.0,2.0,4.0,reports/research/v004c_d1_dataset_v001_20260601_20260729/v004c_d1_snapshot_v001.csv,reports/research/v004c_d1_dataset_v001_20260601_20260729/v004c_d1_snapshot_v001.csv
LOSSCASE_025_A,LOSSCASE_025,2026-07-29,HIGHEST_RANKED_OUTSIDE_TARGET7,5,recent_pool_appearance_count_10d,000566_2026-07-29,603358_2026-07-29,4.0,2.0,2.0,reports/research/v004c_d1_dataset_v001_20260601_20260729/v004c_d1_snapshot_v001.csv,reports/research/v004c_d1_dataset_v001_20260601_20260729/v004c_d1_snapshot_v001.csv
LOSSCASE_025_A,LOSSCASE_025,2026-07-29,HIGHEST_RANKED_OUTSIDE_TARGET7,6,recent_pool_appearance_count_20d,000566_2026-07-29,603358_2026-07-29,6.0,2.0,4.0,reports/research/v004c_d1_dataset_v001_20260601_20260729/v004c_d1_snapshot_v001.csv,reports/research/v004c_d1_dataset_v001_20260601_20260729/v004c_d1_snapshot_v001.csv
LOSSCASE_025_A,LOSSCASE_025,2026-07-29,HIGHEST_RANKED_OUTSIDE_TARGET7,7,board_day_volume_rank,000566_2026-07-29,603358_2026-07-29,7.0,51.0,-44.0,reports/research/v004c_model_table_v001_20260601_20260729/v004c_model_table_v001.csv,reports/research/v004c_model_table_v001_20260601_20260729/v004c_model_table_v001.csv
LOSSCASE_025_A,LOSSCASE_025,2026-07-29,HIGHEST_RANKED_OUTSIDE_TARGET7,8,break_open_return,000566_2026-07-29,603358_2026-07-29,-0.0205831903945111,0.0315002669514148,-0.0520834573459259,reports/research/v004c_model_table_v001_20260601_20260729/v004c_model_table_v001.csv,reports/research/v004c_model_table_v001_20260601_20260729/v004c_model_table_v001.csv
LOSSCASE_025_A,LOSSCASE_025,2026-07-29,HIGHEST_RANKED_OUTSIDE_TARGET7,9,break_high_return,000566_2026-07-29,603358_2026-07-29,-0.0171526586620925,0.0499199145755471,-0.0670725732376396,reports/research/v004c_model_table_v001_20260601_20260729/v004c_model_table_v001.csv,reports/research/v004c_model_table_v001_20260601_20260729/v004c_model_table_v001.csv
LOSSCASE_025_A,LOSSCASE_025,2026-07-29,HIGHEST_RANKED_OUTSIDE_TARGET7,10,break_close_return,000566_2026-07-29,603358_2026-07-29,-0.072041166380789,-0.0008008542445274,-0.0712403121362616,reports/research/v004c_model_table_v001_20260601_20260729/v004c_model_table_v001.csv,reports/research/v004c_model_table_v001_20260601_20260729/v004c_model_table_v001.csv
LOSSCASE_025_A,LOSSCASE_025,2026-07-29,HIGHEST_RANKED_OUTSIDE_TARGET7,11,break_touched_limit_up,000566_2026-07-29,603358_2026-07-29,0.0,0.0,0.0,reports/research/v004c_model_table_v001_20260601_20260729/v004c_model_table_v001.csv,reports/research/v004c_model_table_v001_20260601_20260729/v004c_model_table_v001.csv
LOSSCASE_025_A,LOSSCASE_025,2026-07-29,HIGHEST_RANKED_OUTSIDE_TARGET7,12,break_opened_from_limit_up,000566_2026-07-29,603358_2026-07-29,0.0,0.0,0.0,reports/research/v004c_model_table_v001_20260601_20260729/v004c_model_table_v001.csv,reports/research/v004c_model_table_v001_20260601_20260729/v004c_model_table_v001.csv
LOSSCASE_025_A,LOSSCASE_025,2026-07-29,HIGHEST_RANKED_OUTSIDE_TARGET7,13,break_upper_shadow_ratio,000566_2026-07-29,603358_2026-07-29,0.0416666666666675,0.2136222910216713,-0.1719556243550038,reports/research/v004c_model_table_v001_20260601_20260729/v004c_model_table_v001.csv,reports/research/v004c_model_table_v001_20260601_20260729/v004c_model_table_v001.csv
LOSSCASE_025_A,LOSSCASE_025,2026-07-29,HIGHEST_RANKED_OUTSIDE_TARGET7,14,break_lower_shadow_ratio,000566_2026-07-29,603358_2026-07-29,0.3333333333333333,0.4117647058823528,-0.0784313725490195,reports/research/v004c_model_table_v001_20260601_20260729/v004c_model_table_v001.csv,reports/research/v004c_model_table_v001_20260601_20260729/v004c_model_table_v001.csv
LOSSCASE_025_A,LOSSCASE_025,2026-07-29,HIGHEST_RANKED_OUTSIDE_TARGET7,15,d1_high_to_close_drawdown_raw,000566_2026-07-29,603358_2026-07-29,0.0558464223385689,0.0483091787439613,0.007537243594607605,reports/research/v004c_model_table_v001_20260601_20260729/v004c_model_table_v001.csv,reports/research/v004c_model_table_v001_20260601_20260729/v004c_model_table_v001.csv
LOSSCASE_025_A,LOSSCASE_025,2026-07-29,HIGHEST_RANKED_OUTSIDE_TARGET7,16,d1_low_to_close_recovery,000566_2026-07-29,603358_2026-07-29,0.0304761904761905,0.0368421052631578,-0.006365914786967301,reports/research/v004c_model_table_v001_20260601_20260729/v004c_model_table_v001.csv,reports/research/v004c_model_table_v001_20260601_20260729/v004c_model_table_v001.csv
LOSSCASE_025_A,LOSSCASE_025,2026-07-29,HIGHEST_RANKED_OUTSIDE_TARGET7,17,d1_open_to_close_return_raw,000566_2026-07-29,603358_2026-07-29,-0.0525394045534149,-0.0313146997929606,-0.0212247047604543,reports/research/v004c_model_table_v001_20260601_20260729/v004c_model_table_v001.csv,reports/research/v004c_model_table_v001_20260601_20260729/v004c_model_table_v001.csv
LOSSCASE_025_A,LOSSCASE_025,2026-07-29,HIGHEST_RANKED_OUTSIDE_TARGET7,18,d1_close_location,000566_2026-07-29,603358_2026-07-29,0.3333333333333333,0.4117647058823528,-0.0784313725490195,reports/research/v004c_model_table_v001_20260601_20260729/v004c_model_table_v001.csv,reports/research/v004c_model_table_v001_20260601_20260729/v004c_model_table_v001.csv
LOSSCASE_025_A,LOSSCASE_025,2026-07-29,HIGHEST_RANKED_OUTSIDE_TARGET7,19,d1_intraday_range,000566_2026-07-29,603358_2026-07-29,0.0823327615780446,0.0862253069941269,-0.003892545416082291,reports/research/v004c_model_table_v001_20260601_20260729/v004c_model_table_v001.csv,reports/research/v004c_model_table_v001_20260601_20260729/v004c_model_table_v001.csv
LOSSCASE_025_A,LOSSCASE_025,2026-07-29,HIGHEST_RANKED_OUTSIDE_TARGET7,20,d1_afternoon_return,000566_2026-07-29,603358_2026-07-29,0.0150093808630393,0.0297111416781292,-0.014701760815089898,reports/research/v004c_model_table_v001_20260601_20260729/v004c_model_table_v001.csv,reports/research/v004c_model_table_v001_20260601_20260729/v004c_model_table_v001.csv
LOSSCASE_025_A,LOSSCASE_025,2026-07-29,HIGHEST_RANKED_OUTSIDE_TARGET7,21,d1_last_hour_return,000566_2026-07-29,603358_2026-07-29,0.0150093808630393,0.0160152008686209,-0.0010058200055816004,reports/research/v004c_model_table_v001_20260601_20260729/v004c_model_table_v001.csv,reports/research/v004c_model_table_v001_20260601_20260729/v004c_model_table_v001.csv
LOSSCASE_025_A,LOSSCASE_025,2026-07-29,HIGHEST_RANKED_OUTSIDE_TARGET7,22,break_volume_ratio_vs_board_days,000566_2026-07-29,603358_2026-07-29,3.131197859421434,2.990798849447604,0.1403990099738297,reports/research/v004c_model_table_v001_20260601_20260729/v004c_model_table_v001.csv,reports/research/v004c_model_table_v001_20260601_20260729/v004c_model_table_v001.csv
LOSSCASE_025_A,LOSSCASE_025,2026-07-29,HIGHEST_RANKED_OUTSIDE_TARGET7,23,d1_up_bar_volume_ratio,000566_2026-07-29,603358_2026-07-29,0.2723337922893462,0.3738228283071257,-0.10148903601777953,reports/research/v004c_model_table_v001_20260601_20260729/v004c_model_table_v001.csv,reports/research/v004c_model_table_v001_20260601_20260729/v004c_model_table_v001.csv
LOSSCASE_025_A,LOSSCASE_025,2026-07-29,HIGHEST_RANKED_OUTSIDE_TARGET7,24,down_bar_volume_ratio,000566_2026-07-29,603358_2026-07-29,0.6212677132251616,0.6261771716928742,-0.004909458467712624,reports/research/v004c_model_table_v001_20260601_20260729/v004c_model_table_v001.csv,reports/research/v004c_model_table_v001_20260601_20260729/v004c_model_table_v001.csv
LOSSCASE_025_A,LOSSCASE_025,2026-07-29,HIGHEST_RANKED_OUTSIDE_TARGET7,25,volume_above_d1_close_ratio,000566_2026-07-29,603358_2026-07-29,0.3583836459766366,0.2090340644344655,0.14934958154217107,reports/research/v004c_model_table_v001_20260601_20260729/v004c_model_table_v001.csv,reports/research/v004c_model_table_v001_20260601_20260729/v004c_model_table_v001.csv
LOSSCASE_025_A,LOSSCASE_025,2026-07-29,HIGHEST_RANKED_OUTSIDE_TARGET7,26,amount_above_d1_close_ratio,000566_2026-07-29,603358_2026-07-29,0.3644984567971732,0.2092839349171415,0.15521452188003168,reports/research/v004c_model_table_v001_20260601_20260729/v004c_model_table_v001.csv,reports/research/v004c_model_table_v001_20260601_20260729/v004c_model_table_v001.csv
LOSSCASE_025_A,LOSSCASE_025,2026-07-29,HIGHEST_RANKED_OUTSIDE_TARGET7,27,high_zone_volume_ratio,000566_2026-07-29,603358_2026-07-29,0.0,0.0,0.0,reports/research/v004c_model_table_v001_20260601_20260729/v004c_model_table_v001.csv,reports/research/v004c_model_table_v001_20260601_20260729/v004c_model_table_v001.csv
LOSSCASE_025_A,LOSSCASE_025,2026-07-29,HIGHEST_RANKED_OUTSIDE_TARGET7,28,high_zone_amount_ratio,000566_2026-07-29,603358_2026-07-29,0.0,0.0,0.0,reports/research/v004c_model_table_v001_20260601_20260729/v004c_model_table_v001.csv,reports/research/v004c_model_table_v001_20260601_20260729/v004c_model_table_v001.csv
LOSSCASE_025_A,LOSSCASE_025,2026-07-29,HIGHEST_RANKED_OUTSIDE_TARGET7,29,late_day_sell_volume_ratio,000566_2026-07-29,603358_2026-07-29,0.1659134660701202,0.1313624675432332,0.034550998526887006,reports/research/v004c_model_table_v001_20260601_20260729/v004c_model_table_v001.csv,reports/research/v004c_model_table_v001_20260601_20260729/v004c_model_table_v001.csv
LOSSCASE_025_A,LOSSCASE_025,2026-07-29,HIGHEST_RANKED_OUTSIDE_TARGET7,30,late_day_sell_amount_ratio,000566_2026-07-29,603358_2026-07-29,0.1633167982024495,0.1303804044624268,0.03293639374002269,reports/research/v004c_model_table_v001_20260601_20260729/v004c_model_table_v001.csv,reports/research/v004c_model_table_v001_20260601_20260729/v004c_model_table_v001.csv
LOSSCASE_025_A,LOSSCASE_025,2026-07-29,HIGHEST_RANKED_OUTSIDE_TARGET7,31,d1_close_to_vwap_raw,000566_2026-07-29,603358_2026-07-29,0.0032679633779246,-0.0016068071857302,0.0048747705636548,reports/research/v004c_model_table_v001_20260601_20260729/v004c_model_table_v001.csv,reports/research/v004c_model_table_v001_20260601_20260729/v004c_model_table_v001.csv
LOSSCASE_025_A,LOSSCASE_025,2026-07-29,HIGHEST_RANKED_OUTSIDE_TARGET7,32,d1_close_to_ma5_raw,000566_2026-07-29,603358_2026-07-29,0.0226843100189035,0.0837338583589091,-0.0610495483400056,reports/research/v004c_model_table_v001_20260601_20260729/v004c_model_table_v001.csv,reports/research/v004c_model_table_v001_20260601_20260729/v004c_model_table_v001.csv
LOSSCASE_025_A,LOSSCASE_025,2026-07-29,HIGHEST_RANKED_OUTSIDE_TARGET7,33,d1_low_to_ma5_raw,000566_2026-07-29,603358_2026-07-29,-0.0075614366729678,0.0452255486710291,-0.052786985343996895,reports/research/v004c_model_table_v001_20260601_20260729/v004c_model_table_v001.csv,reports/research/v004c_model_table_v001_20260601_20260729/v004c_model_table_v001.csv
LOSSCASE_025_A,LOSSCASE_025,2026-07-29,HIGHEST_RANKED_OUTSIDE_TARGET7,34,d1_high_to_ma5_raw,000566_2026-07-29,603358_2026-07-29,0.0831758034026466,0.1387457293415948,-0.05556992593894819,reports/research/v004c_model_table_v001_20260601_20260729/v004c_model_table_v001.csv,reports/research/v004c_model_table_v001_20260601_20260729/v004c_model_table_v001.csv
LOSSCASE_025_A,LOSSCASE_025,2026-07-29,HIGHEST_RANKED_OUTSIDE_TARGET7,35,d1_close_to_ma10_raw,000566_2026-07-29,603358_2026-07-29,0.0413859480269489,0.0865021770682146,-0.0451162290412657,reports/research/v004c_model_table_v001_20260601_20260729/v004c_model_table_v001.csv,reports/research/v004c_model_table_v001_20260601_20260729/v004c_model_table_v001.csv
LOSSCASE_025_A,LOSSCASE_025,2026-07-29,HIGHEST_RANKED_OUTSIDE_TARGET7,36,d1_low_to_ma10_raw,000566_2026-07-29,603358_2026-07-29,0.0105871029836379,0.0478955007256893,-0.0373083977420514,reports/research/v004c_model_table_v001_20260601_20260729/v004c_model_table_v001.csv,reports/research/v004c_model_table_v001_20260601_20260729/v004c_model_table_v001.csv
LOSSCASE_025_A,LOSSCASE_025,2026-07-29,HIGHEST_RANKED_OUTSIDE_TARGET7,37,d1_close_to_ma20,000566_2026-07-29,603358_2026-07-29,0.0222012281530468,-0.0156864292006889,0.0378876573537357,reports/research/v004c_model_table_v001_20260601_20260729/v004c_model_table_v001.csv,reports/research/v004c_model_table_v001_20260601_20260729/v004c_model_table_v001.csv
LOSSCASE_025_A,LOSSCASE_025,2026-07-29,HIGHEST_RANKED_OUTSIDE_TARGET7,38,d1_ma5_slope,000566_2026-07-29,603358_2026-07-29,0.0076190476190476,0.0270607826810989,-0.019441735062051303,reports/research/v004c_model_table_v001_20260601_20260729/v004c_model_table_v001.csv,reports/research/v004c_model_table_v001_20260601_20260729/v004c_model_table_v001.csv
LOSSCASE_025_A,LOSSCASE_025,2026-07-29,HIGHEST_RANKED_OUTSIDE_TARGET7,39,d1_ma10_slope,000566_2026-07-29,603358_2026-07-29,0.005029986457729,-0.0026345502446368,0.0076645367023658,reports/research/v004c_model_table_v001_20260601_20260729/v004c_model_table_v001.csv,reports/research/v004c_model_table_v001_20260601_20260729/v004c_model_table_v001.csv
LOSSCASE_025_A,LOSSCASE_025,2026-07-29,HIGHEST_RANKED_OUTSIDE_TARGET7,40,d1_ma20_slope,000566_2026-07-29,603358_2026-07-29,-0.0007552157084868005,-0.007374246260669737,0.006619030552182936,EXISTING_53F_FORMULA_RECONSTRUCTION_FROM_LOCAL_D1_SAFE_CACHES,EXISTING_53F_FORMULA_RECONSTRUCTION_FROM_LOCAL_D1_SAFE_CACHES
LOSSCASE_025_A,LOSSCASE_025,2026-07-29,HIGHEST_RANKED_OUTSIDE_TARGET7,41,d1_close_above_ma5,000566_2026-07-29,603358_2026-07-29,1.0,1.0,0.0,reports/research/v004c_model_table_v001_20260601_20260729/v004c_model_table_v001.csv,reports/research/v004c_model_table_v001_20260601_20260729/v004c_model_table_v001.csv
LOSSCASE_025_A,LOSSCASE_025,2026-07-29,HIGHEST_RANKED_OUTSIDE_TARGET7,42,d1_close_above_ma10,000566_2026-07-29,603358_2026-07-29,1.0,1.0,0.0,reports/research/v004c_model_table_v001_20260601_20260729/v004c_model_table_v001.csv,reports/research/v004c_model_table_v001_20260601_20260729/v004c_model_table_v001.csv
LOSSCASE_025_A,LOSSCASE_025,2026-07-29,HIGHEST_RANKED_OUTSIDE_TARGET7,43,d1_true_reclaim_ma5,000566_2026-07-29,603358_2026-07-29,1.0,0.0,1.0,reports/research/v004c_model_table_v001_20260601_20260729/v004c_model_table_v001.csv,reports/research/v004c_model_table_v001_20260601_20260729/v004c_model_table_v001.csv
LOSSCASE_025_A,LOSSCASE_025,2026-07-29,HIGHEST_RANKED_OUTSIDE_TARGET7,44,d1_true_reclaim_ma10,000566_2026-07-29,603358_2026-07-29,0.0,0.0,0.0,reports/research/v004c_model_table_v001_20260601_20260729/v004c_model_table_v001.csv,reports/research/v004c_model_table_v001_20260601_20260729/v004c_model_table_v001.csv
LOSSCASE_025_A,LOSSCASE_025,2026-07-29,HIGHEST_RANKED_OUTSIDE_TARGET7,45,consecutive_days_below_ma5,000566_2026-07-29,603358_2026-07-29,0.0,0.0,0.0,reports/research/v004c_model_table_v001_20260601_20260729/v004c_model_table_v001.csv,reports/research/v004c_model_table_v001_20260601_20260729/v004c_model_table_v001.csv
LOSSCASE_025_A,LOSSCASE_025,2026-07-29,HIGHEST_RANKED_OUTSIDE_TARGET7,46,consecutive_days_below_ma10,000566_2026-07-29,603358_2026-07-29,0.0,0.0,0.0,reports/research/v004c_model_table_v001_20260601_20260729/v004c_model_table_v001.csv,reports/research/v004c_model_table_v001_20260601_20260729/v004c_model_table_v001.csv
LOSSCASE_025_A,LOSSCASE_025,2026-07-29,HIGHEST_RANKED_OUTSIDE_TARGET7,47,break_day_in_pool,000566_2026-07-29,603358_2026-07-29,0.0,0.0,0.0,reports/research/v004c_model_table_v001_20260601_20260729/v004c_model_table_v001.csv,reports/research/v004c_model_table_v001_20260601_20260729/v004c_model_table_v001.csv
LOSSCASE_025_A,LOSSCASE_025,2026-07-29,HIGHEST_RANKED_OUTSIDE_TARGET7,48,last_board_day_in_pool,000566_2026-07-29,603358_2026-07-29,1.0,1.0,0.0,reports/research/v004c_model_table_v001_20260601_20260729/v004c_model_table_v001.csv,reports/research/v004c_model_table_v001_20260601_20260729/v004c_model_table_v001.csv
LOSSCASE_025_A,LOSSCASE_025,2026-07-29,HIGHEST_RANKED_OUTSIDE_TARGET7,49,pool_consecutive_count_last_board,000566_2026-07-29,603358_2026-07-29,2.0,2.0,0.0,reports/research/v004c_model_table_v001_20260601_20260729/v004c_model_table_v001.csv,reports/research/v004c_model_table_v001_20260601_20260729/v004c_model_table_v001.csv
LOSSCASE_025_A,LOSSCASE_025,2026-07-29,HIGHEST_RANKED_OUTSIDE_TARGET7,50,recent_7d_cumulative_return,000566_2026-07-29,603358_2026-07-29,0.141350210970464,0.1041297935103244,0.037220417460139585,reports/research/v004c_model_table_v001_20260601_20260729/v004c_model_table_v001.csv,reports/research/v004c_model_table_v001_20260601_20260729/v004c_model_table_v001.csv
LOSSCASE_025_A,LOSSCASE_025,2026-07-29,HIGHEST_RANKED_OUTSIDE_TARGET7,51,recent_7d_max_drawdown,000566_2026-07-29,603358_2026-07-29,0.1132075471698112,0.1028985507246377,0.010308996445173496,reports/research/v004c_model_table_v001_20260601_20260729/v004c_model_table_v001.csv,reports/research/v004c_model_table_v001_20260601_20260729/v004c_model_table_v001.csv
LOSSCASE_025_A,LOSSCASE_025,2026-07-29,HIGHEST_RANKED_OUTSIDE_TARGET7,52,recent_7d_close_position,000566_2026-07-29,603358_2026-07-29,0.7254901960784315,0.787709497206704,-0.062219301128272564,reports/research/v004c_model_table_v001_20260601_20260729/v004c_model_table_v001.csv,reports/research/v004c_model_table_v001_20260601_20260729/v004c_model_table_v001.csv
LOSSCASE_025_A,LOSSCASE_025,2026-07-29,HIGHEST_RANKED_OUTSIDE_TARGET7,53,recent_7d_limit_up_count,000566_2026-07-29,603358_2026-07-29,3.0,2.0,1.0,EXISTING_53F_FORMULA_RECONSTRUCTION_FROM_LOCAL_D1_SAFE_CACHES,EXISTING_53F_FORMULA_RECONSTRUCTION_FROM_LOCAL_D1_SAFE_CACHES
