event_id,code,signal_date,month,d0_date,prev_board_day,global_previous_pool_date,prev_matches_global_pool_calendar,daily_cache_path,daily_cache_source_on_prev,d0_present_in_daily_cache,d1_date,board_group,expected_streak,d0_row_found,d0_row_count,d0_source,d0_cache_path,d0_source_semantics_valid,d0_limit_up_time,d0_final_limit_up_time,d0_open_board_count,d0_seal_amount,d0_amount,d0_consecutive_limit_up_count,d0_first_minute,d0_first_seconds,d0_first_time_parse_status,d0_final_minute,d0_final_seconds,d0_final_time_parse_status,prev_row_found,prev_row_count,prev_source,prev_cache_path,prev_source_semantics_valid,prev_limit_up_time,prev_final_limit_up_time,prev_open_board_count,prev_seal_amount,prev_amount,prev_consecutive_limit_up_count,prev_first_minute,prev_first_seconds,prev_first_time_parse_status,prev_final_minute,prev_final_seconds,prev_final_time_parse_status,d0_before_d1,prev_before_d0,d0_streak_match,prev_streak_match,chain_valid,lineage_violation,lineage_notes,F1_valid,F2_valid,F3_valid,F4_valid,F5_valid
000980_2026-05-06,000980,2026-05-06,MAY,2026-04-30,2026-04-29,2026-04-29,1,data/cache/daily/000980_daily.pkl,tencent_daily,YES,2026-05-06,BOARD2,2,1,1,daily_limitup_derived,data/cache/limit_ups/2026-04-30_limitups.pkl,0,,,,,,2.0,,,UNPARSEABLE,,,UNPARSEABLE,1,1,daily_limitup_derived,data/cache/limit_ups/2026-04-29_limitups.pkl,0,,,,,,1.0,,,UNPARSEABLE,,,UNPARSEABLE,1,1,1,1,1,0,,0,0,0,0,0
002192_2026-05-06,002192,2026-05-06,MAY,2026-04-30,2026-04-29,2026-04-29,1,data/cache/daily/002192_daily.pkl,tencent_daily,YES,2026-05-06,BOARD2,2,1,1,daily_limitup_derived,data/cache/limit_ups/2026-04-30_limitups.pkl,0,,,,,,2.0,,,UNPARSEABLE,,,UNPARSEABLE,1,1,daily_limitup_derived,data/cache/limit_ups/2026-04-29_limitups.pkl,0,,,,,,1.0,,,UNPARSEABLE,,,UNPARSEABLE,1,1,1,1,1,0,,0,0,0,0,0
002645_2026-05-06,002645,2026-05-06,MAY,2026-04-30,2026-04-29,2026-04-29,1,data/cache/daily/002645_daily.pkl,tencent_daily,YES,2026-05-06,BOARD2,2,1,1,daily_limitup_derived,data/cache/limit_ups/2026-04-30_limitups.pkl,0,,,,,,2.0,,,UNPARSEABLE,,,UNPARSEABLE,1,1,daily_limitup_derived,data/cache/limit_ups/2026-04-29_limitups.pkl,0,,,,,,1.0,,,UNPARSEABLE,,,UNPARSEABLE,1,1,1,1,1,0,,0,0,0,0,0
002842_2026-05-06,002842,2026-05-06,MAY,2026-04-30,2026-04-29,2026-04-29,1,data/cache/daily/002842_daily.pkl,tencent_daily,YES,2026-05-06,BOARD2,2,1,1,daily_limitup_derived,data/cache/limit_ups/2026-04-30_limitups.pkl,0,,,,,3358460816.3,2.0,,,UNPARSEABLE,,,UNPARSEABLE,1,1,daily_limitup_derived,data/cache/limit_ups/2026-04-29_limitups.pkl,0,,,,,1916829426.46,1.0,,,UNPARSEABLE,,,UNPARSEABLE,1,1,1,1,1,0,,0,0,0,0,0
600714_2026-05-06,600714,2026-05-06,MAY,2026-04-30,2026-04-29,2026-04-29,1,data/cache/daily/600714_daily.pkl,tencent_daily,YES,2026-05-06,BOARD2,2,1,1,daily_limitup_derived,data/cache/limit_ups/2026-04-30_limitups.pkl,0,,,,,,2.0,,,UNPARSEABLE,,,UNPARSEABLE,1,1,daily_limitup_derived,data/cache/limit_ups/2026-04-29_limitups.pkl,0,,,,,,1.0,,,UNPARSEABLE,,,UNPARSEABLE,1,1,1,1,1,0,,0,0,0,0,0
605099_2026-05-06,605099,2026-05-06,MAY,2026-04-30,2026-04-29,2026-04-29,1,data/cache/daily/605099_daily.pkl,tencent_daily,YES,2026-05-06,BOARD2,2,1,1,daily_limitup_derived,data/cache/limit_ups/2026-04-30_limitups.pkl,0,,,,,,2.0,,,UNPARSEABLE,,,UNPARSEABLE,1,1,daily_limitup_derived,data/cache/limit_ups/2026-04-29_limitups.pkl,0,,,,,,1.0,,,UNPARSEABLE,,,UNPARSEABLE,1,1,1,1,1,0,,0,0,0,0,0
000402_2026-05-07,000402,2026-05-07,MAY,2026-05-06,2026-04-30,2026-04-30,1,data/cache/daily/000402_daily.pkl,tencent_daily,YES,2026-05-07,BOARD3,3,1,1,daily_limitup_derived,data/cache/limit_ups/2026-05-06_limitups.pkl,0,,,,,,3.0,,,UNPARSEABLE,,,UNPARSEABLE,1,1,daily_limitup_derived,data/cache/limit_ups/2026-04-30_limitups.pkl,0,,,,,,2.0,,,UNPARSEABLE,,,UNPARSEABLE,1,1,1,1,1,0,,0,0,0,0,0
000553_2026-05-07,000553,2026-05-07,MAY,2026-05-06,2026-04-30,2026-04-30,1,data/cache/daily/000553_daily.pkl,tencent_daily,YES,2026-05-07,BOARD2,2,1,1,daily_limitup_derived,data/cache/limit_ups/2026-05-06_limitups.pkl,0,,,,,,2.0,,,UNPARSEABLE,,,UNPARSEABLE,1,1,daily_limitup_derived,data/cache/limit_ups/2026-04-30_limitups.pkl,0,,,,,,1.0,,,UNPARSEABLE,,,UNPARSEABLE,1,1,1,1,1,0,,0,0,0,0,0
000783_2026-05-07,000783,2026-05-07,MAY,2026-05-06,2026-04-30,2026-04-30,1,data/cache/daily/000783_daily.pkl,tencent_daily,YES,2026-05-07,BOARD2,2,1,1,daily_limitup_derived,data/cache/limit_ups/2026-05-06_limitups.pkl,0,,,,,,2.0,,,UNPARSEABLE,,,UNPARSEABLE,1,1,daily_limitup_derived,data/cache/limit_ups/2026-04-30_limitups.pkl,0,,,,,,1.0,,,UNPARSEABLE,,,UNPARSEABLE,1,1,1,1,1,0,,0,0,0,0,0
001316_2026-05-07,001316,2026-05-07,MAY,2026-05-06,2026-04-30,2026-04-30,1,data/cache/daily/001316_daily.pkl,tencent_daily,YES,2026-05-07,BOARD2,2,1,1,daily_limitup_derived,data/cache/limit_ups/2026-05-06_limitups.pkl,0,,,,,,2.0,,,UNPARSEABLE,,,UNPARSEABLE,1,1,daily_limitup_derived,data/cache/limit_ups/2026-04-30_limitups.pkl,0,,,,,,1.0,,,UNPARSEABLE,,,UNPARSEABLE,1,1,1,1,1,0,,0,0,0,0,0
002149_2026-05-07,002149,2026-05-07,MAY,2026-05-06,2026-04-30,2026-04-30,1,data/cache/daily/002149_daily.pkl,tencent_daily,YES,2026-05-07,BOARD2,2,1,1,daily_limitup_derived,data/cache/limit_ups/2026-05-06_limitups.pkl,0,,,,,,2.0,,,UNPARSEABLE,,,UNPARSEABLE,1,1,daily_limitup_derived,data/cache/limit_ups/2026-04-30_limitups.pkl,0,,,,,,1.0,,,UNPARSEABLE,,,UNPARSEABLE,1,1,1,1,1,0,,0,0,0,0,0
002158_2026-05-07,002158,2026-05-07,MAY,2026-05-06,2026-04-30,2026-04-30,1,data/cache/daily/002158_daily.pkl,tencent_daily,YES,2026-05-07,BOARD2,2,1,1,daily_limitup_derived,data/cache/limit_ups/2026-05-06_limitups.pkl,0,,,,,,2.0,,,UNPARSEABLE,,,UNPARSEABLE,1,1,daily_limitup_derived,data/cache/limit_ups/2026-04-30_limitups.pkl,0,,,,,,1.0,,,UNPARSEABLE,,,UNPARSEABLE,1,1,1,1,1,0,,0,0,0,0,0
002181_2026-05-07,002181,2026-05-07,MAY,2026-05-06,2026-04-30,2026-04-30,1,data/cache/daily/002181_daily.pkl,tencent_daily,YES,2026-05-07,BOARD2,2,1,1,daily_limitup_derived,data/cache/limit_ups/2026-05-06_limitups.pkl,0,,,,,,2.0,,,UNPARSEABLE,,,UNPARSEABLE,1,1,daily_limitup_derived,data/cache/limit_ups/2026-04-30_limitups.pkl,0,,,,,,1.0,,,UNPARSEABLE,,,UNPARSEABLE,1,1,1,1,1,0,,0,0,0,0,0
002453_2026-05-07,002453,2026-05-07,MAY,2026-05-06,2026-04-30,2026-04-30,1,data/cache/daily/002453_daily.pkl,tencent_daily,YES,2026-05-07,BOARD2,2,1,1,daily_limitup_derived,data/cache/limit_ups/2026-05-06_limitups.pkl,0,,,,,,2.0,,,UNPARSEABLE,,,UNPARSEABLE,1,1,daily_limitup_derived,data/cache/limit_ups/2026-04-30_limitups.pkl,0,,,,,,1.0,,,UNPARSEABLE,,,UNPARSEABLE,1,1,1,1,1,0,,0,0,0,0,0
002640_2026-05-07,002640,2026-05-07,MAY,2026-05-06,2026-04-30,2026-04-30,1,data/cache/daily/002640_daily.pkl,tencent_daily,YES,2026-05-07,BOARD2,2,1,1,daily_limitup_derived,data/cache/limit_ups/2026-05-06_limitups.pkl,0,,,,,,2.0,,,UNPARSEABLE,,,UNPARSEABLE,1,1,daily_limitup_derived,data/cache/limit_ups/2026-04-30_limitups.pkl,0,,,,,,1.0,,,UNPARSEABLE,,,UNPARSEABLE,1,1,1,1,1,0,,0,0,0,0,0
002805_2026-05-07,002805,2026-05-07,MAY,2026-05-06,2026-04-30,2026-04-30,1,data/cache/daily/002805_daily.pkl,tencent_daily,YES,2026-05-07,BOARD3,3,1,1,daily_limitup_derived,data/cache/limit_ups/2026-05-06_limitups.pkl,0,,,,,,3.0,,,UNPARSEABLE,,,UNPARSEABLE,1,1,daily_limitup_derived,data/cache/limit_ups/2026-04-30_limitups.pkl,0,,,,,,2.0,,,UNPARSEABLE,,,UNPARSEABLE,1,1,1,1,1,0,,0,0,0,0,0
002989_2026-05-07,002989,2026-05-07,MAY,2026-05-06,2026-04-30,2026-04-30,1,data/cache/daily/002989_daily.pkl,tencent_daily,YES,2026-05-07,BOARD2,2,1,1,daily_limitup_derived,data/cache/limit_ups/2026-05-06_limitups.pkl,0,,,,,,2.0,,,UNPARSEABLE,,,UNPARSEABLE,1,1,daily_limitup_derived,data/cache/limit_ups/2026-04-30_limitups.pkl,0,,,,,256360810.02,1.0,,,UNPARSEABLE,,,UNPARSEABLE,1,1,1,1,1,0,,0,0,0,0,0
603937_2026-05-07,603937,2026-05-07,MAY,2026-05-06,2026-04-30,2026-04-30,1,data/cache/daily/603937_daily.pkl,tencent_daily,YES,2026-05-07,BOARD3,3,1,1,daily_limitup_derived,data/cache/limit_ups/2026-05-06_limitups.pkl,0,,,,,,3.0,,,UNPARSEABLE,,,UNPARSEABLE,1,1,daily_limitup_derived,data/cache/limit_ups/2026-04-30_limitups.pkl,0,,,,,,2.0,,,UNPARSEABLE,,,UNPARSEABLE,1,1,1,1,1,0,,0,0,0,0,0
000066_2026-05-08,000066,2026-05-08,MAY,2026-05-07,2026-05-06,2026-05-06,1,data/cache/daily/000066_daily.pkl,tencent_daily,YES,2026-05-08,BOARD3,3,1,1,daily_limitup_derived,data/cache/limit_ups/2026-05-07_limitups.pkl,0,,,,,,3.0,,,UNPARSEABLE,,,UNPARSEABLE,1,1,daily_limitup_derived,data/cache/limit_ups/2026-05-06_limitups.pkl,0,,,,,,2.0,,,UNPARSEABLE,,,UNPARSEABLE,1,1,1,1,1,0,,0,0,0,0,0
000818_2026-05-08,000818,2026-05-08,MAY,2026-05-07,2026-05-06,2026-05-06,1,data/cache/daily/000818_daily.pkl,tencent_daily,YES,2026-05-08,BOARD2,2,1,1,daily_limitup_derived,data/cache/limit_ups/2026-05-07_limitups.pkl,0,,,,,,2.0,,,UNPARSEABLE,,,UNPARSEABLE,1,1,daily_limitup_derived,data/cache/limit_ups/2026-05-06_limitups.pkl,0,,,,,,1.0,,,UNPARSEABLE,,,UNPARSEABLE,1,1,1,1,1,0,,0,0,0,0,0
000889_2026-05-08,000889,2026-05-08,MAY,2026-05-07,2026-05-06,2026-05-06,1,data/cache/daily/000889_daily.pkl,tencent_daily,YES,2026-05-08,BOARD2,2,1,1,daily_limitup_derived,data/cache/limit_ups/2026-05-07_limitups.pkl,0,,,,,,2.0,,,UNPARSEABLE,,,UNPARSEABLE,1,1,daily_limitup_derived,data/cache/limit_ups/2026-05-06_limitups.pkl,0,,,,,,1.0,,,UNPARSEABLE,,,UNPARSEABLE,1,1,1,1,1,0,,0,0,0,0,0
000967_2026-05-08,000967,2026-05-08,MAY,2026-05-07,2026-05-06,2026-05-06,1,data/cache/daily/000967_daily.pkl,tencent_daily,YES,2026-05-08,BOARD2,2,1,1,daily_limitup_derived,data/cache/limit_ups/2026-05-07_limitups.pkl,0,,,,,,2.0,,,UNPARSEABLE,,,UNPARSEABLE,1,1,daily_limitup_derived,data/cache/limit_ups/2026-05-06_limitups.pkl,0,,,,,,1.0,,,UNPARSEABLE,,,UNPARSEABLE,1,1,1,1,1,0,,0,0,0,0,0
002217_2026-05-08,002217,2026-05-08,MAY,2026-05-07,2026-05-06,2026-05-06,1,data/cache/daily/002217_daily.pkl,tencent_daily,YES,2026-05-08,BOARD2,2,1,1,daily_limitup_derived,data/cache/limit_ups/2026-05-07_limitups.pkl,0,,,,,,2.0,,,UNPARSEABLE,,,UNPARSEABLE,1,1,daily_limitup_derived,data/cache/limit_ups/2026-05-06_limitups.pkl,0,,,,,,1.0,,,UNPARSEABLE,,,UNPARSEABLE,1,1,1,1,1,0,,0,0,0,0,0
002903_2026-05-08,002903,2026-05-08,MAY,2026-05-07,2026-05-06,2026-05-06,1,data/cache/daily/002903_daily.pkl,tencent_daily,YES,2026-05-08,BOARD2,2,1,1,daily_limitup_derived,data/cache/limit_ups/2026-05-07_limitups.pkl,0,,,,,,2.0,,,UNPARSEABLE,,,UNPARSEABLE,1,1,daily_limitup_derived,data/cache/limit_ups/2026-05-06_limitups.pkl,0,,,,,,1.0,,,UNPARSEABLE,,,UNPARSEABLE,1,1,1,1,1,0,,0,0,0,0,0
003041_2026-05-08,003041,2026-05-08,MAY,2026-05-07,2026-05-06,2026-05-06,1,data/cache/daily/003041_daily.pkl,tencent_daily,YES,2026-05-08,BOARD2,2,1,1,daily_limitup_derived,data/cache/limit_ups/2026-05-07_limitups.pkl,0,,,,,,2.0,,,UNPARSEABLE,,,UNPARSEABLE,1,1,daily_limitup_derived,data/cache/limit_ups/2026-05-06_limitups.pkl,0,,,,,,1.0,,,UNPARSEABLE,,,UNPARSEABLE,1,1,1,1,1,0,,0,0,0,0,0
600396_2026-05-08,600396,2026-05-08,MAY,2026-05-07,2026-05-06,2026-05-06,1,data/cache/daily/600396_daily.pkl,tencent_daily,YES,2026-05-08,BOARD2,2,1,1,daily_limitup_derived,data/cache/limit_ups/2026-05-07_limitups.pkl,0,,,,,,2.0,,,UNPARSEABLE,,,UNPARSEABLE,1,1,daily_limitup_derived,data/cache/limit_ups/2026-05-06_limitups.pkl,0,,,,,,1.0,,,UNPARSEABLE,,,UNPARSEABLE,1,1,1,1,1,0,,0,0,0,0,0
600673_2026-05-08,600673,2026-05-08,MAY,2026-05-07,2026-05-06,2026-05-06,1,data/cache/daily/600673_daily.pkl,tencent_daily,YES,2026-05-08,BOARD2,2,1,1,daily_limitup_derived,data/cache/limit_ups/2026-05-07_limitups.pkl,0,,,,,,2.0,,,UNPARSEABLE,,,UNPARSEABLE,1,1,daily_limitup_derived,data/cache/limit_ups/2026-05-06_limitups.pkl,0,,,,,,1.0,,,UNPARSEABLE,,,UNPARSEABLE,1,1,1,1,1,0,,0,0,0,0,0
600719_2026-05-08,600719,2026-05-08,MAY,2026-05-07,2026-05-06,2026-05-06,1,data/cache/daily/600719_daily.pkl,tencent_daily,YES,2026-05-08,BOARD2,2,1,1,daily_limitup_derived,data/cache/limit_ups/2026-05-07_limitups.pkl,0,,,,,,2.0,,,UNPARSEABLE,,,UNPARSEABLE,1,1,daily_limitup_derived,data/cache/limit_ups/2026-05-06_limitups.pkl,0,,,,,,1.0,,,UNPARSEABLE,,,UNPARSEABLE,1,1,1,1,1,0,,0,0,0,0,0
603158_2026-05-08,603158,2026-05-08,MAY,2026-05-07,2026-05-06,2026-05-06,1,data/cache/daily/603158_daily.pkl,tencent_daily,YES,2026-05-08,BOARD2,2,1,1,daily_limitup_derived,data/cache/limit_ups/2026-05-07_limitups.pkl,0,,,,,,2.0,,,UNPARSEABLE,,,UNPARSEABLE,1,1,daily_limitup_derived,data/cache/limit_ups/2026-05-06_limitups.pkl,0,,,,,,1.0,,,UNPARSEABLE,,,UNPARSEABLE,1,1,1,1,1,0,,0,0,0,0,0
603256_2026-05-08,603256,2026-05-08,MAY,2026-05-07,2026-05-06,2026-05-06,1,data/cache/daily/603256_daily.pkl,tencent_daily,YES,2026-05-08,BOARD2,2,1,1,daily_limitup_derived,data/cache/limit_ups/2026-05-07_limitups.pkl,0,,,,,,2.0,,,UNPARSEABLE,,,UNPARSEABLE,1,1,daily_limitup_derived,data/cache/limit_ups/2026-05-06_limitups.pkl,0,,,,,,1.0,,,UNPARSEABLE,,,UNPARSEABLE,1,1,1,1,1,0,,0,0,0,0,0
603316_2026-05-08,603316,2026-05-08,MAY,2026-05-07,2026-05-06,2026-05-06,1,data/cache/daily/603316_daily.pkl,tencent_daily,YES,2026-05-08,BOARD2,2,1,1,daily_limitup_derived,data/cache/limit_ups/2026-05-07_limitups.pkl,0,,,,,,2.0,,,UNPARSEABLE,,,UNPARSEABLE,1,1,daily_limitup_derived,data/cache/limit_ups/2026-05-06_limitups.pkl,0,,,,,,1.0,,,UNPARSEABLE,,,UNPARSEABLE,1,1,1,1,1,0,,0,0,0,0,0
000720_2026-05-11,000720,2026-05-11,MAY,2026-05-08,2026-05-07,2026-05-07,1,data/cache/daily/000720_daily.pkl,tencent_daily,YES,2026-05-11,BOARD2,2,1,1,daily_limitup_derived,data/cache/limit_ups/2026-05-08_limitups.pkl,0,,,,,,2.0,,,UNPARSEABLE,,,UNPARSEABLE,1,1,daily_limitup_derived,data/cache/limit_ups/2026-05-07_limitups.pkl,0,,,,,,1.0,,,UNPARSEABLE,,,UNPARSEABLE,1,1,1,1,1,0,,0,0,0,0,0
002031_2026-05-11,002031,2026-05-11,MAY,2026-05-08,2026-05-07,2026-05-07,1,data/cache/daily/002031_daily.pkl,tencent_daily,YES,2026-05-11,BOARD2,2,1,1,daily_limitup_derived,data/cache/limit_ups/2026-05-08_limitups.pkl,0,,,,,,2.0,,,UNPARSEABLE,,,UNPARSEABLE,1,1,daily_limitup_derived,data/cache/limit_ups/2026-05-07_limitups.pkl,0,,,,,,1.0,,,UNPARSEABLE,,,UNPARSEABLE,1,1,1,1,1,0,,0,0,0,0,0
002317_2026-05-11,002317,2026-05-11,MAY,2026-05-08,2026-05-07,2026-05-07,1,data/cache/daily/002317_daily.pkl,tencent_daily,YES,2026-05-11,BOARD2,2,1,1,daily_limitup_derived,data/cache/limit_ups/2026-05-08_limitups.pkl,0,,,,,,2.0,,,UNPARSEABLE,,,UNPARSEABLE,1,1,daily_limitup_derived,data/cache/limit_ups/2026-05-07_limitups.pkl,0,,,,,,1.0,,,UNPARSEABLE,,,UNPARSEABLE,1,1,1,1,1,0,,0,0,0,0,0
002655_2026-05-11,002655,2026-05-11,MAY,2026-05-08,2026-05-07,2026-05-07,1,data/cache/daily/002655_daily.pkl,tencent_daily,YES,2026-05-11,BOARD2,2,1,1,daily_limitup_derived,data/cache/limit_ups/2026-05-08_limitups.pkl,0,,,,,,2.0,,,UNPARSEABLE,,,UNPARSEABLE,1,1,daily_limitup_derived,data/cache/limit_ups/2026-05-07_limitups.pkl,0,,,,,,1.0,,,UNPARSEABLE,,,UNPARSEABLE,1,1,1,1,1,0,,0,0,0,0,0
002929_2026-05-11,002929,2026-05-11,MAY,2026-05-08,2026-05-07,2026-05-07,1,data/cache/daily/002929_daily.pkl,tencent_daily,YES,2026-05-11,BOARD2,2,1,1,daily_limitup_derived,data/cache/limit_ups/2026-05-08_limitups.pkl,0,,,,,,2.0,,,UNPARSEABLE,,,UNPARSEABLE,1,1,daily_limitup_derived,data/cache/limit_ups/2026-05-07_limitups.pkl,0,,,,,,1.0,,,UNPARSEABLE,,,UNPARSEABLE,1,1,1,1,1,0,,0,0,0,0,0
002930_2026-05-11,002930,2026-05-11,MAY,2026-05-08,2026-05-07,2026-05-07,1,data/cache/daily/002930_daily.pkl,tencent_daily,YES,2026-05-11,BOARD2,2,1,1,daily_limitup_derived,data/cache/limit_ups/2026-05-08_limitups.pkl,0,,,,,,2.0,,,UNPARSEABLE,,,UNPARSEABLE,1,1,daily_limitup_derived,data/cache/limit_ups/2026-05-07_limitups.pkl,0,,,,,,1.0,,,UNPARSEABLE,,,UNPARSEABLE,1,1,1,1,1,0,,0,0,0,0,0
600130_2026-05-11,600130,2026-05-11,MAY,2026-05-08,2026-05-07,2026-05-07,1,data/cache/daily/600130_daily.pkl,tencent_daily,YES,2026-05-11,BOARD3,3,1,1,daily_limitup_derived,data/cache/limit_ups/2026-05-08_limitups.pkl,0,,,,,,3.0,,,UNPARSEABLE,,,UNPARSEABLE,1,1,daily_limitup_derived,data/cache/limit_ups/2026-05-07_limitups.pkl,0,,,,,,2.0,,,UNPARSEABLE,,,UNPARSEABLE,1,1,1,1,1,0,,0,0,0,0,0
600936_2026-05-11,600936,2026-05-11,MAY,2026-05-08,2026-05-07,2026-05-07,1,data/cache/daily/600936_daily.pkl,tencent_daily,YES,2026-05-11,BOARD2,2,1,1,daily_limitup_derived,data/cache/limit_ups/2026-05-08_limitups.pkl,0,,,,,,2.0,,,UNPARSEABLE,,,UNPARSEABLE,1,1,daily_limitup_derived,data/cache/limit_ups/2026-05-07_limitups.pkl,0,,,,,,1.0,,,UNPARSEABLE,,,UNPARSEABLE,1,1,1,1,1,0,,0,0,0,0,0
603278_2026-05-11,603278,2026-05-11,MAY,2026-05-08,2026-05-07,2026-05-07,1,data/cache/daily/603278_daily.pkl,tencent_daily,YES,2026-05-11,BOARD3,3,1,1,daily_limitup_derived,data/cache/limit_ups/2026-05-08_limitups.pkl,0,,,,,,3.0,,,UNPARSEABLE,,,UNPARSEABLE,1,1,daily_limitup_derived,data/cache/limit_ups/2026-05-07_limitups.pkl,0,,,,,,2.0,,,UNPARSEABLE,,,UNPARSEABLE,1,1,1,1,1,0,,0,0,0,0,0
603618_2026-05-11,603618,2026-05-11,MAY,2026-05-08,2026-05-07,2026-05-07,1,data/cache/daily/603618_daily.pkl,tencent_daily,YES,2026-05-11,BOARD3,3,1,1,daily_limitup_derived,data/cache/limit_ups/2026-05-08_limitups.pkl,0,,,,,,3.0,,,UNPARSEABLE,,,UNPARSEABLE,1,1,daily_limitup_derived,data/cache/limit_ups/2026-05-07_limitups.pkl,0,,,,,,2.0,,,UNPARSEABLE,,,UNPARSEABLE,1,1,1,1,1,0,,0,0,0,0,0
603636_2026-05-11,603636,2026-05-11,MAY,2026-05-08,2026-05-07,2026-05-07,1,data/cache/daily/603636_daily.pkl,tencent_daily,YES,2026-05-11,BOARD2,2,1,1,daily_limitup_derived,data/cache/limit_ups/2026-05-08_limitups.pkl,0,,,,,,2.0,,,UNPARSEABLE,,,UNPARSEABLE,1,1,daily_limitup_derived,data/cache/limit_ups/2026-05-07_limitups.pkl,0,,,,,,1.0,,,UNPARSEABLE,,,UNPARSEABLE,1,1,1,1,1,0,,0,0,0,0,0
002030_2026-05-12,002030,2026-05-12,MAY,2026-05-11,2026-05-08,2026-05-08,1,data/cache/daily/002030_daily.pkl,tencent_daily,YES,2026-05-12,BOARD2,2,1,1,daily_limitup_derived,data/cache/limit_ups/2026-05-11_limitups.pkl,0,,,,,,2.0,,,UNPARSEABLE,,,UNPARSEABLE,1,1,daily_limitup_derived,data/cache/limit_ups/2026-05-08_limitups.pkl,0,,,,,,1.0,,,UNPARSEABLE,,,UNPARSEABLE,1,1,1,1,1,0,,0,0,0,0,0
002281_2026-05-12,002281,2026-05-12,MAY,2026-05-11,2026-05-08,2026-05-08,1,data/cache/daily/002281_daily.pkl,tencent_daily,YES,2026-05-12,BOARD2,2,1,1,daily_limitup_derived,data/cache/limit_ups/2026-05-11_limitups.pkl,0,,,,,,2.0,,,UNPARSEABLE,,,UNPARSEABLE,1,1,daily_limitup_derived,data/cache/limit_ups/2026-05-08_limitups.pkl,0,,,,,,1.0,,,UNPARSEABLE,,,UNPARSEABLE,1,1,1,1,1,0,,0,0,0,0,0
002865_2026-05-12,002865,2026-05-12,MAY,2026-05-11,2026-05-08,2026-05-08,1,data/cache/daily/002865_daily.pkl,tencent_daily,YES,2026-05-12,BOARD2,2,1,1,daily_limitup_derived,data/cache/limit_ups/2026-05-11_limitups.pkl,0,,,,,,2.0,,,UNPARSEABLE,,,UNPARSEABLE,1,1,daily_limitup_derived,data/cache/limit_ups/2026-05-08_limitups.pkl,0,,,,,,1.0,,,UNPARSEABLE,,,UNPARSEABLE,1,1,1,1,1,0,,0,0,0,0,0
600078_2026-05-12,600078,2026-05-12,MAY,2026-05-11,2026-05-08,2026-05-08,1,data/cache/daily/600078_daily.pkl,tencent_daily,YES,2026-05-12,BOARD2,2,1,1,daily_limitup_derived,data/cache/limit_ups/2026-05-11_limitups.pkl,0,,,,,,2.0,,,UNPARSEABLE,,,UNPARSEABLE,1,1,daily_limitup_derived,data/cache/limit_ups/2026-05-08_limitups.pkl,0,,,,,,1.0,,,UNPARSEABLE,,,UNPARSEABLE,1,1,1,1,1,0,,0,0,0,0,0
600234_2026-05-12,600234,2026-05-12,MAY,2026-05-11,2026-05-08,2026-05-08,1,data/cache/daily/600234_daily.pkl,tencent_daily,YES,2026-05-12,BOARD2,2,1,1,daily_limitup_derived,data/cache/limit_ups/2026-05-11_limitups.pkl,0,,,,,,2.0,,,UNPARSEABLE,,,UNPARSEABLE,1,1,daily_limitup_derived,data/cache/limit_ups/2026-05-08_limitups.pkl,0,,,,,,1.0,,,UNPARSEABLE,,,UNPARSEABLE,1,1,1,1,1,0,,0,0,0,0,0
600545_2026-05-12,600545,2026-05-12,MAY,2026-05-11,2026-05-08,2026-05-08,1,data/cache/daily/600545_daily.pkl,tencent_daily,YES,2026-05-12,BOARD2,2,1,1,daily_limitup_derived,data/cache/limit_ups/2026-05-11_limitups.pkl,0,,,,,,2.0,,,UNPARSEABLE,,,UNPARSEABLE,1,1,daily_limitup_derived,data/cache/limit_ups/2026-05-08_limitups.pkl,0,,,,,,1.0,,,UNPARSEABLE,,,UNPARSEABLE,1,1,1,1,1,0,,0,0,0,0,0
600748_2026-05-12,600748,2026-05-12,MAY,2026-05-11,2026-05-08,2026-05-08,1,data/cache/daily/600748_daily.pkl,tencent_daily,YES,2026-05-12,BOARD2,2,1,1,daily_limitup_derived,data/cache/limit_ups/2026-05-11_limitups.pkl,0,,,,,,2.0,,,UNPARSEABLE,,,UNPARSEABLE,1,1,daily_limitup_derived,data/cache/limit_ups/2026-05-08_limitups.pkl,0,,,,,,1.0,,,UNPARSEABLE,,,UNPARSEABLE,1,1,1,1,1,0,,0,0,0,0,0
603459_2026-05-12,603459,2026-05-12,MAY,2026-05-11,2026-05-08,2026-05-08,1,data/cache/daily/603459_daily.pkl,tencent_daily,YES,2026-05-12,BOARD3,3,1,1,daily_limitup_derived,data/cache/limit_ups/2026-05-11_limitups.pkl,0,,,,,,3.0,,,UNPARSEABLE,,,UNPARSEABLE,1,1,daily_limitup_derived,data/cache/limit_ups/2026-05-08_limitups.pkl,0,,,,,,2.0,,,UNPARSEABLE,,,UNPARSEABLE,1,1,1,1,1,0,,0,0,0,0,0
603738_2026-05-12,603738,2026-05-12,MAY,2026-05-11,2026-05-08,2026-05-08,1,data/cache/daily/603738_daily.pkl,tencent_daily,YES,2026-05-12,BOARD3,3,1,1,daily_limitup_derived,data/cache/limit_ups/2026-05-11_limitups.pkl,0,,,,,,3.0,,,UNPARSEABLE,,,UNPARSEABLE,1,1,daily_limitup_derived,data/cache/limit_ups/2026-05-08_limitups.pkl,0,,,,,,2.0,,,UNPARSEABLE,,,UNPARSEABLE,1,1,1,1,1,0,,0,0,0,0,0
605006_2026-05-12,605006,2026-05-12,MAY,2026-05-11,2026-05-08,2026-05-08,1,data/cache/daily/605006_daily.pkl,tencent_daily,YES,2026-05-12,BOARD3,3,1,1,daily_limitup_derived,data/cache/limit_ups/2026-05-11_limitups.pkl,0,,,,,,3.0,,,UNPARSEABLE,,,UNPARSEABLE,1,1,daily_limitup_derived,data/cache/limit_ups/2026-05-08_limitups.pkl,0,,,,,,2.0,,,UNPARSEABLE,,,UNPARSEABLE,1,1,1,1,1,0,,0,0,0,0,0
605189_2026-05-12,605189,2026-05-12,MAY,2026-05-11,2026-05-08,2026-05-08,1,data/cache/daily/605189_daily.pkl,tencent_daily,YES,2026-05-12,BOARD2,2,1,1,daily_limitup_derived,data/cache/limit_ups/2026-05-11_limitups.pkl,0,,,,,,2.0,,,UNPARSEABLE,,,UNPARSEABLE,1,1,daily_limitup_derived,data/cache/limit_ups/2026-05-08_limitups.pkl,0,,,,,,1.0,,,UNPARSEABLE,,,UNPARSEABLE,1,1,1,1,1,0,,0,0,0,0,0
000029_2026-05-13,000029,2026-05-13,MAY,2026-05-12,2026-05-11,2026-05-11,1,data/cache/daily/000029_daily.pkl,tencent_daily,YES,2026-05-13,BOARD2,2,1,1,daily_limitup_derived,data/cache/limit_ups/2026-05-12_limitups.pkl,0,,,,,,2.0,,,UNPARSEABLE,,,UNPARSEABLE,1,1,daily_limitup_derived,data/cache/limit_ups/2026-05-11_limitups.pkl,0,,,,,,1.0,,,UNPARSEABLE,,,UNPARSEABLE,1,1,1,1,1,0,,0,0,0,0,0
000672_2026-05-13,000672,2026-05-13,MAY,2026-05-12,2026-05-11,2026-05-11,1,data/cache/daily/000672_daily.pkl,tencent_daily,YES,2026-05-13,BOARD2,2,1,1,daily_limitup_derived,data/cache/limit_ups/2026-05-12_limitups.pkl,0,,,,,,2.0,,,UNPARSEABLE,,,UNPARSEABLE,1,1,daily_limitup_derived,data/cache/limit_ups/2026-05-11_limitups.pkl,0,,,,,,1.0,,,UNPARSEABLE,,,UNPARSEABLE,1,1,1,1,1,0,,0,0,0,0,0
001211_2026-05-13,001211,2026-05-13,MAY,2026-05-12,2026-05-11,2026-05-11,1,data/cache/daily/001211_daily.pkl,tencent_daily,YES,2026-05-13,BOARD2,2,1,1,daily_limitup_derived,data/cache/limit_ups/2026-05-12_limitups.pkl,0,,,,,,2.0,,,UNPARSEABLE,,,UNPARSEABLE,1,1,daily_limitup_derived,data/cache/limit_ups/2026-05-11_limitups.pkl,0,,,,,,1.0,,,UNPARSEABLE,,,UNPARSEABLE,1,1,1,1,1,0,,0,0,0,0,0
600076_2026-05-13,600076,2026-05-13,MAY,2026-05-12,2026-05-11,2026-05-11,1,data/cache/daily/600076_daily.pkl,tencent_daily,YES,2026-05-13,BOARD3,3,1,1,daily_limitup_derived,data/cache/limit_ups/2026-05-12_limitups.pkl,0,,,,,,3.0,,,UNPARSEABLE,,,UNPARSEABLE,1,1,daily_limitup_derived,data/cache/limit_ups/2026-05-11_limitups.pkl,0,,,,,,2.0,,,UNPARSEABLE,,,UNPARSEABLE,1,1,1,1,1,0,,0,0,0,0,0
600488_2026-05-13,600488,2026-05-13,MAY,2026-05-12,2026-05-11,2026-05-11,1,data/cache/daily/600488_daily.pkl,tencent_daily,YES,2026-05-13,BOARD2,2,1,1,daily_limitup_derived,data/cache/limit_ups/2026-05-12_limitups.pkl,0,,,,,,2.0,,,UNPARSEABLE,,,UNPARSEABLE,1,1,daily_limitup_derived,data/cache/limit_ups/2026-05-11_limitups.pkl,0,,,,,,1.0,,,UNPARSEABLE,,,UNPARSEABLE,1,1,1,1,1,0,,0,0,0,0,0
600683_2026-05-13,600683,2026-05-13,MAY,2026-05-12,2026-05-11,2026-05-11,1,data/cache/daily/600683_daily.pkl,tencent_daily,YES,2026-05-13,BOARD3,3,1,1,daily_limitup_derived,data/cache/limit_ups/2026-05-12_limitups.pkl,0,,,,,,3.0,,,UNPARSEABLE,,,UNPARSEABLE,1,1,daily_limitup_derived,data/cache/limit_ups/2026-05-11_limitups.pkl,0,,,,,,2.0,,,UNPARSEABLE,,,UNPARSEABLE,1,1,1,1,1,0,,0,0,0,0,0
600869_2026-05-13,600869,2026-05-13,MAY,2026-05-12,2026-05-11,2026-05-11,1,data/cache/daily/600869_daily.pkl,tencent_daily,YES,2026-05-13,BOARD2,2,1,1,daily_limitup_derived,data/cache/limit_ups/2026-05-12_limitups.pkl,0,,,,,,2.0,,,UNPARSEABLE,,,UNPARSEABLE,1,1,daily_limitup_derived,data/cache/limit_ups/2026-05-11_limitups.pkl,0,,,,,,1.0,,,UNPARSEABLE,,,UNPARSEABLE,1,1,1,1,1,0,,0,0,0,0,0
603061_2026-05-13,603061,2026-05-13,MAY,2026-05-12,2026-05-11,2026-05-11,1,data/cache/daily/603061_daily.pkl,tencent_daily,YES,2026-05-13,BOARD2,2,1,1,daily_limitup_derived,data/cache/limit_ups/2026-05-12_limitups.pkl,0,,,,,,2.0,,,UNPARSEABLE,,,UNPARSEABLE,1,1,daily_limitup_derived,data/cache/limit_ups/2026-05-11_limitups.pkl,0,,,,,,1.0,,,UNPARSEABLE,,,UNPARSEABLE,1,1,1,1,1,0,,0,0,0,0,0
603269_2026-05-13,603269,2026-05-13,MAY,2026-05-12,2026-05-11,2026-05-11,1,data/cache/daily/603269_daily.pkl,tencent_daily,YES,2026-05-13,BOARD2,2,1,1,daily_limitup_derived,data/cache/limit_ups/2026-05-12_limitups.pkl,0,,,,,,2.0,,,UNPARSEABLE,,,UNPARSEABLE,1,1,daily_limitup_derived,data/cache/limit_ups/2026-05-11_limitups.pkl,0,,,,,,1.0,,,UNPARSEABLE,,,UNPARSEABLE,1,1,1,1,1,0,,0,0,0,0,0
000601_2026-05-14,000601,2026-05-14,MAY,2026-05-13,2026-05-12,2026-05-12,1,data/cache/daily/000601_daily.pkl,tencent_daily,YES,2026-05-14,BOARD2,2,1,1,daily_limitup_derived,data/cache/limit_ups/2026-05-13_limitups.pkl,0,,,,,,2.0,,,UNPARSEABLE,,,UNPARSEABLE,1,1,daily_limitup_derived,data/cache/limit_ups/2026-05-12_limitups.pkl,0,,,,,,1.0,,,UNPARSEABLE,,,UNPARSEABLE,1,1,1,1,1,0,,0,0,0,0,0
000767_2026-05-14,000767,2026-05-14,MAY,2026-05-13,2026-05-12,2026-05-12,1,data/cache/daily/000767_daily.pkl,tencent_daily,YES,2026-05-14,BOARD2,2,1,1,daily_limitup_derived,data/cache/limit_ups/2026-05-13_limitups.pkl,0,,,,,,2.0,,,UNPARSEABLE,,,UNPARSEABLE,1,1,daily_limitup_derived,data/cache/limit_ups/2026-05-12_limitups.pkl,0,,,,,,1.0,,,UNPARSEABLE,,,UNPARSEABLE,1,1,1,1,1,0,,0,0,0,0,0
000925_2026-05-14,000925,2026-05-14,MAY,2026-05-13,2026-05-12,2026-05-12,1,data/cache/daily/000925_daily.pkl,tencent_daily,YES,2026-05-14,BOARD2,2,1,1,daily_limitup_derived,data/cache/limit_ups/2026-05-13_limitups.pkl,0,,,,,,2.0,,,UNPARSEABLE,,,UNPARSEABLE,1,1,daily_limitup_derived,data/cache/limit_ups/2026-05-12_limitups.pkl,0,,,,,,1.0,,,UNPARSEABLE,,,UNPARSEABLE,1,1,1,1,1,0,,0,0,0,0,0
002498_2026-05-14,002498,2026-05-14,MAY,2026-05-13,2026-05-12,2026-05-12,1,data/cache/daily/002498_daily.pkl,tencent_daily,YES,2026-05-14,BOARD2,2,1,1,daily_limitup_derived,data/cache/limit_ups/2026-05-13_limitups.pkl,0,,,,,,2.0,,,UNPARSEABLE,,,UNPARSEABLE,1,1,daily_limitup_derived,data/cache/limit_ups/2026-05-12_limitups.pkl,0,,,,,,1.0,,,UNPARSEABLE,,,UNPARSEABLE,1,1,1,1,1,0,,0,0,0,0,0
600172_2026-05-14,600172,2026-05-14,MAY,2026-05-13,2026-05-12,2026-05-12,1,data/cache/daily/600172_daily.pkl,tencent_daily,YES,2026-05-14,BOARD3,3,1,1,daily_limitup_derived,data/cache/limit_ups/2026-05-13_limitups.pkl,0,,,,,,3.0,,,UNPARSEABLE,,,UNPARSEABLE,1,1,daily_limitup_derived,data/cache/limit_ups/2026-05-12_limitups.pkl,0,,,,,,2.0,,,UNPARSEABLE,,,UNPARSEABLE,1,1,1,1,1,0,,0,0,0,0,0
600396_2026-05-14,600396,2026-05-14,MAY,2026-05-13,2026-05-12,2026-05-12,1,data/cache/daily/600396_daily.pkl,tencent_daily,YES,2026-05-14,BOARD3,3,1,1,daily_limitup_derived,data/cache/limit_ups/2026-05-13_limitups.pkl,0,,,,,,3.0,,,UNPARSEABLE,,,UNPARSEABLE,1,1,daily_limitup_derived,data/cache/limit_ups/2026-05-12_limitups.pkl,0,,,,,,2.0,,,UNPARSEABLE,,,UNPARSEABLE,1,1,1,1,1,0,,0,0,0,0,0
603070_2026-05-14,603070,2026-05-14,MAY,2026-05-13,2026-05-12,2026-05-12,1,data/cache/daily/603070_daily.pkl,tencent_daily,YES,2026-05-14,BOARD2,2,1,1,daily_limitup_derived,data/cache/limit_ups/2026-05-13_limitups.pkl,0,,,,,,2.0,,,UNPARSEABLE,,,UNPARSEABLE,1,1,daily_limitup_derived,data/cache/limit_ups/2026-05-12_limitups.pkl,0,,,,,,1.0,,,UNPARSEABLE,,,UNPARSEABLE,1,1,1,1,1,0,,0,0,0,0,0
603203_2026-05-14,603203,2026-05-14,MAY,2026-05-13,2026-05-12,2026-05-12,1,data/cache/daily/603203_daily.pkl,tencent_daily,YES,2026-05-14,BOARD2,2,1,1,daily_limitup_derived,data/cache/limit_ups/2026-05-13_limitups.pkl,0,,,,,,2.0,,,UNPARSEABLE,,,UNPARSEABLE,1,1,daily_limitup_derived,data/cache/limit_ups/2026-05-12_limitups.pkl,0,,,,,,1.0,,,UNPARSEABLE,,,UNPARSEABLE,1,1,1,1,1,0,,0,0,0,0,0
001210_2026-05-15,001210,2026-05-15,MAY,2026-05-14,2026-05-13,2026-05-13,1,data/cache/daily/001210_daily.pkl,tencent_daily,YES,2026-05-15,BOARD2,2,1,1,daily_limitup_derived,data/cache/limit_ups/2026-05-14_limitups.pkl,0,,,,,,2.0,,,UNPARSEABLE,,,UNPARSEABLE,1,1,daily_limitup_derived,data/cache/limit_ups/2026-05-13_limitups.pkl,0,,,,,,1.0,,,UNPARSEABLE,,,UNPARSEABLE,1,1,1,1,1,0,,0,0,0,0,0
001223_2026-05-15,001223,2026-05-15,MAY,2026-05-14,2026-05-13,2026-05-13,1,data/cache/daily/001223_daily.pkl,tencent_daily,YES,2026-05-15,BOARD2,2,1,1,daily_limitup_derived,data/cache/limit_ups/2026-05-14_limitups.pkl,0,,,,,,2.0,,,UNPARSEABLE,,,UNPARSEABLE,1,1,daily_limitup_derived,data/cache/limit_ups/2026-05-13_limitups.pkl,0,,,,,,1.0,,,UNPARSEABLE,,,UNPARSEABLE,1,1,1,1,1,0,,0,0,0,0,0
002208_2026-05-15,002208,2026-05-15,MAY,2026-05-14,2026-05-13,2026-05-13,1,data/cache/daily/002208_daily.pkl,tencent_daily,YES,2026-05-15,BOARD3,3,1,1,daily_limitup_derived,data/cache/limit_ups/2026-05-14_limitups.pkl,0,,,,,,3.0,,,UNPARSEABLE,,,UNPARSEABLE,1,1,daily_limitup_derived,data/cache/limit_ups/2026-05-13_limitups.pkl,0,,,,,,2.0,,,UNPARSEABLE,,,UNPARSEABLE,1,1,1,1,1,0,,0,0,0,0,0
002782_2026-05-15,002782,2026-05-15,MAY,2026-05-14,2026-05-13,2026-05-13,1,data/cache/daily/002782_daily.pkl,tencent_daily,YES,2026-05-15,BOARD2,2,1,1,daily_limitup_derived,data/cache/limit_ups/2026-05-14_limitups.pkl,0,,,,,,2.0,,,UNPARSEABLE,,,UNPARSEABLE,1,1,daily_limitup_derived,data/cache/limit_ups/2026-05-13_limitups.pkl,0,,,,,,1.0,,,UNPARSEABLE,,,UNPARSEABLE,1,1,1,1,1,0,,0,0,0,0,0
002940_2026-05-15,002940,2026-05-15,MAY,2026-05-14,2026-05-13,2026-05-13,1,data/cache/daily/002940_daily.pkl,tencent_daily,YES,2026-05-15,BOARD2,2,1,1,daily_limitup_derived,data/cache/limit_ups/2026-05-14_limitups.pkl,0,,,,,,2.0,,,UNPARSEABLE,,,UNPARSEABLE,1,1,daily_limitup_derived,data/cache/limit_ups/2026-05-13_limitups.pkl,0,,,,,,1.0,,,UNPARSEABLE,,,UNPARSEABLE,1,1,1,1,1,0,,0,0,0,0,0
600156_2026-05-15,600156,2026-05-15,MAY,2026-05-14,2026-05-13,2026-05-13,1,data/cache/daily/600156_daily.pkl,tencent_daily,YES,2026-05-15,BOARD2,2,1,1,daily_limitup_derived,data/cache/limit_ups/2026-05-14_limitups.pkl,0,,,,,,2.0,,,UNPARSEABLE,,,UNPARSEABLE,1,1,daily_limitup_derived,data/cache/limit_ups/2026-05-13_limitups.pkl,0,,,,,,1.0,,,UNPARSEABLE,,,UNPARSEABLE,1,1,1,1,1,0,,0,0,0,0,0
600857_2026-05-15,600857,2026-05-15,MAY,2026-05-14,2026-05-13,2026-05-13,1,data/cache/daily/600857_daily.pkl,tencent_daily,YES,2026-05-15,BOARD2,2,1,1,daily_limitup_derived,data/cache/limit_ups/2026-05-14_limitups.pkl,0,,,,,,2.0,,,UNPARSEABLE,,,UNPARSEABLE,1,1,daily_limitup_derived,data/cache/limit_ups/2026-05-13_limitups.pkl,0,,,,,,1.0,,,UNPARSEABLE,,,UNPARSEABLE,1,1,1,1,1,0,,0,0,0,0,0
600903_2026-05-15,600903,2026-05-15,MAY,2026-05-14,2026-05-13,2026-05-13,1,data/cache/daily/600903_daily.pkl,tencent_daily,YES,2026-05-15,BOARD2,2,1,1,daily_limitup_derived,data/cache/limit_ups/2026-05-14_limitups.pkl,0,,,,,,2.0,,,UNPARSEABLE,,,UNPARSEABLE,1,1,daily_limitup_derived,data/cache/limit_ups/2026-05-13_limitups.pkl,0,,,,,,1.0,,,UNPARSEABLE,,,UNPARSEABLE,1,1,1,1,1,0,,0,0,0,0,0
603007_2026-05-15,603007,2026-05-15,MAY,2026-05-14,2026-05-13,2026-05-13,1,data/cache/daily/603007_daily.pkl,tencent_daily,YES,2026-05-15,BOARD3,3,1,1,daily_limitup_derived,data/cache/limit_ups/2026-05-14_limitups.pkl,0,,,,,,3.0,,,UNPARSEABLE,,,UNPARSEABLE,1,1,daily_limitup_derived,data/cache/limit_ups/2026-05-13_limitups.pkl,0,,,,,,2.0,,,UNPARSEABLE,,,UNPARSEABLE,1,1,1,1,1,0,,0,0,0,0,0
603052_2026-05-15,603052,2026-05-15,MAY,2026-05-14,2026-05-13,2026-05-13,1,data/cache/daily/603052_daily.pkl,tencent_daily,YES,2026-05-15,BOARD3,3,1,1,daily_limitup_derived,data/cache/limit_ups/2026-05-14_limitups.pkl,0,,,,,,3.0,,,UNPARSEABLE,,,UNPARSEABLE,1,1,daily_limitup_derived,data/cache/limit_ups/2026-05-13_limitups.pkl,0,,,,,,2.0,,,UNPARSEABLE,,,UNPARSEABLE,1,1,1,1,1,0,,0,0,0,0,0
603093_2026-05-15,603093,2026-05-15,MAY,2026-05-14,2026-05-13,2026-05-13,1,data/cache/daily/603093_daily.pkl,tencent_daily,YES,2026-05-15,BOARD2,2,1,1,daily_limitup_derived,data/cache/limit_ups/2026-05-14_limitups.pkl,0,,,,,,2.0,,,UNPARSEABLE,,,UNPARSEABLE,1,1,daily_limitup_derived,data/cache/limit_ups/2026-05-13_limitups.pkl,0,,,,,,1.0,,,UNPARSEABLE,,,UNPARSEABLE,1,1,1,1,1,0,,0,0,0,0,0
002971_2026-05-18,002971,2026-05-18,MAY,2026-05-15,2026-05-14,2026-05-14,1,data/cache/daily/002971_daily.pkl,tencent_daily,YES,2026-05-18,BOARD2,2,1,1,daily_limitup_derived,data/cache/limit_ups/2026-05-15_limitups.pkl,0,,,,,,2.0,,,UNPARSEABLE,,,UNPARSEABLE,1,1,daily_limitup_derived,data/cache/limit_ups/2026-05-14_limitups.pkl,0,,,,,,1.0,,,UNPARSEABLE,,,UNPARSEABLE,1,1,1,1,1,0,,0,0,0,0,0
002374_2026-05-19,002374,2026-05-19,MAY,2026-05-18,2026-05-15,2026-05-15,1,data/cache/daily/002374_daily.pkl,tencent_daily,YES,2026-05-19,BOARD2,2,1,1,daily_limitup_derived,data/cache/limit_ups/2026-05-18_limitups.pkl,0,,,,,,2.0,,,UNPARSEABLE,,,UNPARSEABLE,1,1,daily_limitup_derived,data/cache/limit_ups/2026-05-15_limitups.pkl,0,,,,,,1.0,,,UNPARSEABLE,,,UNPARSEABLE,1,1,1,1,1,0,,0,0,0,0,0
003018_2026-05-19,003018,2026-05-19,MAY,2026-05-18,2026-05-15,2026-05-15,1,data/cache/daily/003018_daily.pkl,tencent_daily,YES,2026-05-19,BOARD3,3,1,1,daily_limitup_derived,data/cache/limit_ups/2026-05-18_limitups.pkl,0,,,,,,3.0,,,UNPARSEABLE,,,UNPARSEABLE,1,1,daily_limitup_derived,data/cache/limit_ups/2026-05-15_limitups.pkl,0,,,,,,2.0,,,UNPARSEABLE,,,UNPARSEABLE,1,1,1,1,1,0,,0,0,0,0,0
601133_2026-05-19,601133,2026-05-19,MAY,2026-05-18,2026-05-15,2026-05-15,1,data/cache/daily/601133_daily.pkl,tencent_daily,YES,2026-05-19,BOARD2,2,1,1,daily_limitup_derived,data/cache/limit_ups/2026-05-18_limitups.pkl,0,,,,,,2.0,,,UNPARSEABLE,,,UNPARSEABLE,1,1,daily_limitup_derived,data/cache/limit_ups/2026-05-15_limitups.pkl,0,,,,,,1.0,,,UNPARSEABLE,,,UNPARSEABLE,1,1,1,1,1,0,,0,0,0,0,0
601678_2026-05-19,601678,2026-05-19,MAY,2026-05-18,2026-05-15,2026-05-15,1,data/cache/daily/601678_daily.pkl,tencent_daily,YES,2026-05-19,BOARD2,2,1,1,daily_limitup_derived,data/cache/limit_ups/2026-05-18_limitups.pkl,0,,,,,,2.0,,,UNPARSEABLE,,,UNPARSEABLE,1,1,daily_limitup_derived,data/cache/limit_ups/2026-05-15_limitups.pkl,0,,,,,,1.0,,,UNPARSEABLE,,,UNPARSEABLE,1,1,1,1,1,0,,0,0,0,0,0
002208_2026-05-20,002208,2026-05-20,MAY,2026-05-19,2026-05-18,2026-05-18,1,data/cache/daily/002208_daily.pkl,tencent_daily,YES,2026-05-20,BOARD2,2,1,1,daily_limitup_derived,data/cache/limit_ups/2026-05-19_limitups.pkl,0,,,,,,2.0,,,UNPARSEABLE,,,UNPARSEABLE,1,1,daily_limitup_derived,data/cache/limit_ups/2026-05-18_limitups.pkl,0,,,,,,1.0,,,UNPARSEABLE,,,UNPARSEABLE,1,1,1,1,1,0,,0,0,0,0,0
002552_2026-05-20,002552,2026-05-20,MAY,2026-05-19,2026-05-18,2026-05-18,1,data/cache/daily/002552_daily.pkl,tencent_daily,YES,2026-05-20,BOARD2,2,1,1,daily_limitup_derived,data/cache/limit_ups/2026-05-19_limitups.pkl,0,,,,,,2.0,,,UNPARSEABLE,,,UNPARSEABLE,1,1,daily_limitup_derived,data/cache/limit_ups/2026-05-18_limitups.pkl,0,,,,,,1.0,,,UNPARSEABLE,,,UNPARSEABLE,1,1,1,1,1,0,,0,0,0,0,0
600758_2026-05-20,600758,2026-05-20,MAY,2026-05-19,2026-05-18,2026-05-18,1,data/cache/daily/600758_daily.pkl,tencent_daily,YES,2026-05-20,BOARD2,2,1,1,daily_limitup_derived,data/cache/limit_ups/2026-05-19_limitups.pkl,0,,,,,,2.0,,,UNPARSEABLE,,,UNPARSEABLE,1,1,daily_limitup_derived,data/cache/limit_ups/2026-05-18_limitups.pkl,0,,,,,,1.0,,,UNPARSEABLE,,,UNPARSEABLE,1,1,1,1,1,0,,0,0,0,0,0
600850_2026-05-20,600850,2026-05-20,MAY,2026-05-19,2026-05-18,2026-05-18,1,data/cache/daily/600850_daily.pkl,tencent_daily,YES,2026-05-20,BOARD2,2,1,1,daily_limitup_derived,data/cache/limit_ups/2026-05-19_limitups.pkl,0,,,,,,2.0,,,UNPARSEABLE,,,UNPARSEABLE,1,1,daily_limitup_derived,data/cache/limit_ups/2026-05-18_limitups.pkl,0,,,,,,1.0,,,UNPARSEABLE,,,UNPARSEABLE,1,1,1,1,1,0,,0,0,0,0,0
600903_2026-05-20,600903,2026-05-20,MAY,2026-05-19,2026-05-18,2026-05-18,1,data/cache/daily/600903_daily.pkl,tencent_daily,YES,2026-05-20,BOARD2,2,1,1,daily_limitup_derived,data/cache/limit_ups/2026-05-19_limitups.pkl,0,,,,,,2.0,,,UNPARSEABLE,,,UNPARSEABLE,1,1,daily_limitup_derived,data/cache/limit_ups/2026-05-18_limitups.pkl,0,,,,,,1.0,,,UNPARSEABLE,,,UNPARSEABLE,1,1,1,1,1,0,,0,0,0,0,0
603115_2026-05-20,603115,2026-05-20,MAY,2026-05-19,2026-05-18,2026-05-18,1,data/cache/daily/603115_daily.pkl,tencent_daily,YES,2026-05-20,BOARD2,2,1,1,daily_limitup_derived,data/cache/limit_ups/2026-05-19_limitups.pkl,0,,,,,,2.0,,,UNPARSEABLE,,,UNPARSEABLE,1,1,daily_limitup_derived,data/cache/limit_ups/2026-05-18_limitups.pkl,0,,,,,,1.0,,,UNPARSEABLE,,,UNPARSEABLE,1,1,1,1,1,0,,0,0,0,0,0
603206_2026-05-20,603206,2026-05-20,MAY,2026-05-19,2026-05-18,2026-05-18,1,data/cache/daily/603206_daily.pkl,tencent_daily,YES,2026-05-20,BOARD2,2,1,1,daily_limitup_derived,data/cache/limit_ups/2026-05-19_limitups.pkl,0,,,,,,2.0,,,UNPARSEABLE,,,UNPARSEABLE,1,1,daily_limitup_derived,data/cache/limit_ups/2026-05-18_limitups.pkl,0,,,,,,1.0,,,UNPARSEABLE,,,UNPARSEABLE,1,1,1,1,1,0,,0,0,0,0,0
603311_2026-05-20,603311,2026-05-20,MAY,2026-05-19,2026-05-18,2026-05-18,1,data/cache/daily/603311_daily.pkl,tencent_daily,YES,2026-05-20,BOARD3,3,1,1,daily_limitup_derived,data/cache/limit_ups/2026-05-19_limitups.pkl,0,,,,,,3.0,,,UNPARSEABLE,,,UNPARSEABLE,1,1,daily_limitup_derived,data/cache/limit_ups/2026-05-18_limitups.pkl,0,,,,,,2.0,,,UNPARSEABLE,,,UNPARSEABLE,1,1,1,1,1,0,,0,0,0,0,0
603989_2026-05-20,603989,2026-05-20,MAY,2026-05-19,2026-05-18,2026-05-18,1,data/cache/daily/603989_daily.pkl,tencent_daily,YES,2026-05-20,BOARD2,2,1,1,daily_limitup_derived,data/cache/limit_ups/2026-05-19_limitups.pkl,0,,,,,,2.0,,,UNPARSEABLE,,,UNPARSEABLE,1,1,daily_limitup_derived,data/cache/limit_ups/2026-05-18_limitups.pkl,0,,,,,,1.0,,,UNPARSEABLE,,,UNPARSEABLE,1,1,1,1,1,0,,0,0,0,0,0
605218_2026-05-20,605218,2026-05-20,MAY,2026-05-19,2026-05-18,2026-05-18,1,data/cache/daily/605218_daily.pkl,tencent_daily,YES,2026-05-20,BOARD2,2,1,1,daily_limitup_derived,data/cache/limit_ups/2026-05-19_limitups.pkl,0,,,,,,2.0,,,UNPARSEABLE,,,UNPARSEABLE,1,1,daily_limitup_derived,data/cache/limit_ups/2026-05-18_limitups.pkl,0,,,,,,1.0,,,UNPARSEABLE,,,UNPARSEABLE,1,1,1,1,1,0,,0,0,0,0,0
000417_2026-05-21,000417,2026-05-21,MAY,2026-05-20,2026-05-19,2026-05-19,1,data/cache/daily/000417_daily.pkl,tencent_daily,YES,2026-05-21,BOARD3,3,1,1,daily_limitup_derived,data/cache/limit_ups/2026-05-20_limitups.pkl,0,,,,,,3.0,,,UNPARSEABLE,,,UNPARSEABLE,1,1,daily_limitup_derived,data/cache/limit_ups/2026-05-19_limitups.pkl,0,,,,,,2.0,,,UNPARSEABLE,,,UNPARSEABLE,1,1,1,1,1,0,,0,0,0,0,0
002272_2026-05-21,002272,2026-05-21,MAY,2026-05-20,2026-05-19,2026-05-19,1,data/cache/daily/002272_daily.pkl,tencent_daily,YES,2026-05-21,BOARD3,3,1,1,daily_limitup_derived,data/cache/limit_ups/2026-05-20_limitups.pkl,0,,,,,,3.0,,,UNPARSEABLE,,,UNPARSEABLE,1,1,daily_limitup_derived,data/cache/limit_ups/2026-05-19_limitups.pkl,0,,,,,,2.0,,,UNPARSEABLE,,,UNPARSEABLE,1,1,1,1,1,0,,0,0,0,0,0
002782_2026-05-21,002782,2026-05-21,MAY,2026-05-20,2026-05-19,2026-05-19,1,data/cache/daily/002782_daily.pkl,tencent_daily,YES,2026-05-21,BOARD2,2,1,1,daily_limitup_derived,data/cache/limit_ups/2026-05-20_limitups.pkl,0,,,,,,2.0,,,UNPARSEABLE,,,UNPARSEABLE,1,1,daily_limitup_derived,data/cache/limit_ups/2026-05-19_limitups.pkl,0,,,,,,1.0,,,UNPARSEABLE,,,UNPARSEABLE,1,1,1,1,1,0,,0,0,0,0,0
600563_2026-05-21,600563,2026-05-21,MAY,2026-05-20,2026-05-19,2026-05-19,1,data/cache/daily/600563_daily.pkl,tencent_daily,YES,2026-05-21,BOARD2,2,1,1,daily_limitup_derived,data/cache/limit_ups/2026-05-20_limitups.pkl,0,,,,,,2.0,,,UNPARSEABLE,,,UNPARSEABLE,1,1,daily_limitup_derived,data/cache/limit_ups/2026-05-19_limitups.pkl,0,,,,,,1.0,,,UNPARSEABLE,,,UNPARSEABLE,1,1,1,1,1,0,,0,0,0,0,0
603938_2026-05-21,603938,2026-05-21,MAY,2026-05-20,2026-05-19,2026-05-19,1,data/cache/daily/603938_daily.pkl,tencent_daily,YES,2026-05-21,BOARD3,3,1,1,daily_limitup_derived,data/cache/limit_ups/2026-05-20_limitups.pkl,0,,,,,,3.0,,,UNPARSEABLE,,,UNPARSEABLE,1,1,daily_limitup_derived,data/cache/limit_ups/2026-05-19_limitups.pkl,0,,,,,,2.0,,,UNPARSEABLE,,,UNPARSEABLE,1,1,1,1,1,0,,0,0,0,0,0
605288_2026-05-21,605288,2026-05-21,MAY,2026-05-20,2026-05-19,2026-05-19,1,data/cache/daily/605288_daily.pkl,tencent_daily,YES,2026-05-21,BOARD2,2,1,1,daily_limitup_derived,data/cache/limit_ups/2026-05-20_limitups.pkl,0,,,,,,2.0,,,UNPARSEABLE,,,UNPARSEABLE,1,1,daily_limitup_derived,data/cache/limit_ups/2026-05-19_limitups.pkl,0,,,,,,1.0,,,UNPARSEABLE,,,UNPARSEABLE,1,1,1,1,1,0,,0,0,0,0,0
003004_2026-05-22,003004,2026-05-22,MAY,2026-05-21,2026-05-20,2026-05-20,1,data/cache/daily/003004_daily.pkl,tencent_daily,YES,2026-05-22,BOARD2,2,1,1,daily_limitup_derived,data/cache/limit_ups/2026-05-21_limitups.pkl,0,,,,,,2.0,,,UNPARSEABLE,,,UNPARSEABLE,1,1,daily_limitup_derived,data/cache/limit_ups/2026-05-20_limitups.pkl,0,,,,,,1.0,,,UNPARSEABLE,,,UNPARSEABLE,1,1,1,1,1,0,,0,0,0,0,0
000012_2026-05-25,000012,2026-05-25,MAY,2026-05-22,2026-05-21,2026-05-21,1,data/cache/daily/000012_daily.pkl,tencent_daily,YES,2026-05-25,BOARD2,2,1,1,daily_limitup_derived,data/cache/limit_ups/2026-05-22_limitups.pkl,0,,,,,,2.0,,,UNPARSEABLE,,,UNPARSEABLE,1,1,daily_limitup_derived,data/cache/limit_ups/2026-05-21_limitups.pkl,0,,,,,,1.0,,,UNPARSEABLE,,,UNPARSEABLE,1,1,1,1,1,0,,0,0,0,0,0
000725_2026-05-25,000725,2026-05-25,MAY,2026-05-22,2026-05-21,2026-05-21,1,data/cache/daily/000725_daily.pkl,tencent_daily,YES,2026-05-25,BOARD2,2,1,1,daily_limitup_derived,data/cache/limit_ups/2026-05-22_limitups.pkl,0,,,,,,2.0,,,UNPARSEABLE,,,UNPARSEABLE,1,1,daily_limitup_derived,data/cache/limit_ups/2026-05-21_limitups.pkl,0,,,,,,1.0,,,UNPARSEABLE,,,UNPARSEABLE,1,1,1,1,1,0,,0,0,0,0,0
001225_2026-05-25,001225,2026-05-25,MAY,2026-05-22,2026-05-21,2026-05-21,1,data/cache/daily/001225_daily.pkl,tencent_daily,YES,2026-05-25,BOARD2,2,1,1,daily_limitup_derived,data/cache/limit_ups/2026-05-22_limitups.pkl,0,,,,,,2.0,,,UNPARSEABLE,,,UNPARSEABLE,1,1,daily_limitup_derived,data/cache/limit_ups/2026-05-21_limitups.pkl,0,,,,,,1.0,,,UNPARSEABLE,,,UNPARSEABLE,1,1,1,1,1,0,,0,0,0,0,0
002036_2026-05-25,002036,2026-05-25,MAY,2026-05-22,2026-05-21,2026-05-21,1,data/cache/daily/002036_daily.pkl,tencent_daily,YES,2026-05-25,BOARD2,2,1,1,daily_limitup_derived,data/cache/limit_ups/2026-05-22_limitups.pkl,0,,,,,,2.0,,,UNPARSEABLE,,,UNPARSEABLE,1,1,daily_limitup_derived,data/cache/limit_ups/2026-05-21_limitups.pkl,0,,,,,,1.0,,,UNPARSEABLE,,,UNPARSEABLE,1,1,1,1,1,0,,0,0,0,0,0
002442_2026-05-25,002442,2026-05-25,MAY,2026-05-22,2026-05-21,2026-05-21,1,data/cache/daily/002442_daily.pkl,tencent_daily,YES,2026-05-25,BOARD3,3,1,1,daily_limitup_derived,data/cache/limit_ups/2026-05-22_limitups.pkl,0,,,,,,3.0,,,UNPARSEABLE,,,UNPARSEABLE,1,1,daily_limitup_derived,data/cache/limit_ups/2026-05-21_limitups.pkl,0,,,,,,2.0,,,UNPARSEABLE,,,UNPARSEABLE,1,1,1,1,1,0,,0,0,0,0,0
002931_2026-05-25,002931,2026-05-25,MAY,2026-05-22,2026-05-21,2026-05-21,1,data/cache/daily/002931_daily.pkl,tencent_daily,YES,2026-05-25,BOARD2,2,1,1,daily_limitup_derived,data/cache/limit_ups/2026-05-22_limitups.pkl,0,,,,,,2.0,,,UNPARSEABLE,,,UNPARSEABLE,1,1,daily_limitup_derived,data/cache/limit_ups/2026-05-21_limitups.pkl,0,,,,,,1.0,,,UNPARSEABLE,,,UNPARSEABLE,1,1,1,1,1,0,,0,0,0,0,0
600303_2026-05-25,600303,2026-05-25,MAY,2026-05-22,2026-05-21,2026-05-21,1,data/cache/daily/600303_daily.pkl,tencent_daily,YES,2026-05-25,BOARD2,2,1,1,daily_limitup_derived,data/cache/limit_ups/2026-05-22_limitups.pkl,0,,,,,,2.0,,,UNPARSEABLE,,,UNPARSEABLE,1,1,daily_limitup_derived,data/cache/limit_ups/2026-05-21_limitups.pkl,0,,,,,,1.0,,,UNPARSEABLE,,,UNPARSEABLE,1,1,1,1,1,0,,0,0,0,0,0
600611_2026-05-25,600611,2026-05-25,MAY,2026-05-22,2026-05-21,2026-05-21,1,data/cache/daily/600611_daily.pkl,tencent_daily,YES,2026-05-25,BOARD3,3,1,1,daily_limitup_derived,data/cache/limit_ups/2026-05-22_limitups.pkl,0,,,,,,3.0,,,UNPARSEABLE,,,UNPARSEABLE,1,1,daily_limitup_derived,data/cache/limit_ups/2026-05-21_limitups.pkl,0,,,,,,2.0,,,UNPARSEABLE,,,UNPARSEABLE,1,1,1,1,1,0,,0,0,0,0,0
000636_2026-05-26,000636,2026-05-26,MAY,2026-05-25,2026-05-22,2026-05-22,1,data/cache/daily/000636_daily.pkl,tencent_daily,YES,2026-05-26,BOARD2,2,1,1,daily_limitup_derived,data/cache/limit_ups/2026-05-25_limitups.pkl,0,,,,,,2.0,,,UNPARSEABLE,,,UNPARSEABLE,1,1,daily_limitup_derived,data/cache/limit_ups/2026-05-22_limitups.pkl,0,,,,,,1.0,,,UNPARSEABLE,,,UNPARSEABLE,1,1,1,1,1,0,,0,0,0,0,0
002421_2026-05-26,002421,2026-05-26,MAY,2026-05-25,2026-05-22,2026-05-22,1,data/cache/daily/002421_daily.pkl,tencent_daily,YES,2026-05-26,BOARD2,2,1,1,daily_limitup_derived,data/cache/limit_ups/2026-05-25_limitups.pkl,0,,,,,,2.0,,,UNPARSEABLE,,,UNPARSEABLE,1,1,daily_limitup_derived,data/cache/limit_ups/2026-05-22_limitups.pkl,0,,,,,,1.0,,,UNPARSEABLE,,,UNPARSEABLE,1,1,1,1,1,0,,0,0,0,0,0
002432_2026-05-26,002432,2026-05-26,MAY,2026-05-25,2026-05-22,2026-05-22,1,data/cache/daily/002432_daily.pkl,tencent_daily,YES,2026-05-26,BOARD2,2,1,1,daily_limitup_derived,data/cache/limit_ups/2026-05-25_limitups.pkl,0,,,,,,2.0,,,UNPARSEABLE,,,UNPARSEABLE,1,1,daily_limitup_derived,data/cache/limit_ups/2026-05-22_limitups.pkl,0,,,,,,1.0,,,UNPARSEABLE,,,UNPARSEABLE,1,1,1,1,1,0,,0,0,0,0,0
002741_2026-05-26,002741,2026-05-26,MAY,2026-05-25,2026-05-22,2026-05-22,1,data/cache/daily/002741_daily.pkl,tencent_daily,YES,2026-05-26,BOARD2,2,1,1,daily_limitup_derived,data/cache/limit_ups/2026-05-25_limitups.pkl,0,,,,,,2.0,,,UNPARSEABLE,,,UNPARSEABLE,1,1,daily_limitup_derived,data/cache/limit_ups/2026-05-22_limitups.pkl,0,,,,,,1.0,,,UNPARSEABLE,,,UNPARSEABLE,1,1,1,1,1,0,,0,0,0,0,0
002897_2026-05-26,002897,2026-05-26,MAY,2026-05-25,2026-05-22,2026-05-22,1,data/cache/daily/002897_daily.pkl,tencent_daily,YES,2026-05-26,BOARD2,2,1,1,daily_limitup_derived,data/cache/limit_ups/2026-05-25_limitups.pkl,0,,,,,,2.0,,,UNPARSEABLE,,,UNPARSEABLE,1,1,daily_limitup_derived,data/cache/limit_ups/2026-05-22_limitups.pkl,0,,,,,,1.0,,,UNPARSEABLE,,,UNPARSEABLE,1,1,1,1,1,0,,0,0,0,0,0
002938_2026-05-26,002938,2026-05-26,MAY,2026-05-25,2026-05-22,2026-05-22,1,data/cache/daily/002938_daily.pkl,tencent_daily,YES,2026-05-26,BOARD2,2,1,1,daily_limitup_derived,data/cache/limit_ups/2026-05-25_limitups.pkl,0,,,,,,2.0,,,UNPARSEABLE,,,UNPARSEABLE,1,1,daily_limitup_derived,data/cache/limit_ups/2026-05-22_limitups.pkl,0,,,,,,1.0,,,UNPARSEABLE,,,UNPARSEABLE,1,1,1,1,1,0,,0,0,0,0,0
002975_2026-05-26,002975,2026-05-26,MAY,2026-05-25,2026-05-22,2026-05-22,1,data/cache/daily/002975_daily.pkl,tencent_daily,YES,2026-05-26,BOARD2,2,1,1,daily_limitup_derived,data/cache/limit_ups/2026-05-25_limitups.pkl,0,,,,,,2.0,,,UNPARSEABLE,,,UNPARSEABLE,1,1,daily_limitup_derived,data/cache/limit_ups/2026-05-22_limitups.pkl,0,,,,,,1.0,,,UNPARSEABLE,,,UNPARSEABLE,1,1,1,1,1,0,,0,0,0,0,0
002980_2026-05-26,002980,2026-05-26,MAY,2026-05-25,2026-05-22,2026-05-22,1,data/cache/daily/002980_daily.pkl,tencent_daily,YES,2026-05-26,BOARD2,2,1,1,daily_limitup_derived,data/cache/limit_ups/2026-05-25_limitups.pkl,0,,,,,,2.0,,,UNPARSEABLE,,,UNPARSEABLE,1,1,daily_limitup_derived,data/cache/limit_ups/2026-05-22_limitups.pkl,0,,,,,,1.0,,,UNPARSEABLE,,,UNPARSEABLE,1,1,1,1,1,0,,0,0,0,0,0
600186_2026-05-26,600186,2026-05-26,MAY,2026-05-25,2026-05-22,2026-05-22,1,data/cache/daily/600186_daily.pkl,tencent_daily,YES,2026-05-26,BOARD2,2,1,1,daily_limitup_derived,data/cache/limit_ups/2026-05-25_limitups.pkl,0,,,,,,2.0,,,UNPARSEABLE,,,UNPARSEABLE,1,1,daily_limitup_derived,data/cache/limit_ups/2026-05-22_limitups.pkl,0,,,,,,1.0,,,UNPARSEABLE,,,UNPARSEABLE,1,1,1,1,1,0,,0,0,0,0,0
600234_2026-05-26,600234,2026-05-26,MAY,2026-05-25,2026-05-22,2026-05-22,1,data/cache/daily/600234_daily.pkl,tencent_daily,YES,2026-05-26,BOARD2,2,1,1,daily_limitup_derived,data/cache/limit_ups/2026-05-25_limitups.pkl,0,,,,,,2.0,,,UNPARSEABLE,,,UNPARSEABLE,1,1,daily_limitup_derived,data/cache/limit_ups/2026-05-22_limitups.pkl,0,,,,,,1.0,,,UNPARSEABLE,,,UNPARSEABLE,1,1,1,1,1,0,,0,0,0,0,0
600503_2026-05-26,600503,2026-05-26,MAY,2026-05-25,2026-05-22,2026-05-22,1,data/cache/daily/600503_daily.pkl,tencent_daily,YES,2026-05-26,BOARD2,2,1,1,daily_limitup_derived,data/cache/limit_ups/2026-05-25_limitups.pkl,0,,,,,,2.0,,,UNPARSEABLE,,,UNPARSEABLE,1,1,daily_limitup_derived,data/cache/limit_ups/2026-05-22_limitups.pkl,0,,,,,,1.0,,,UNPARSEABLE,,,UNPARSEABLE,1,1,1,1,1,0,,0,0,0,0,0
600539_2026-05-26,600539,2026-05-26,MAY,2026-05-25,2026-05-22,2026-05-22,1,data/cache/daily/600539_daily.pkl,tencent_daily,YES,2026-05-26,BOARD2,2,1,1,daily_limitup_derived,data/cache/limit_ups/2026-05-25_limitups.pkl,0,,,,,,2.0,,,UNPARSEABLE,,,UNPARSEABLE,1,1,daily_limitup_derived,data/cache/limit_ups/2026-05-22_limitups.pkl,0,,,,,,1.0,,,UNPARSEABLE,,,UNPARSEABLE,1,1,1,1,1,0,,0,0,0,0,0
603001_2026-05-26,603001,2026-05-26,MAY,2026-05-25,2026-05-22,2026-05-22,1,data/cache/daily/603001_daily.pkl,tencent_daily,YES,2026-05-26,BOARD2,2,1,1,daily_limitup_derived,data/cache/limit_ups/2026-05-25_limitups.pkl,0,,,,,,2.0,,,UNPARSEABLE,,,UNPARSEABLE,1,1,daily_limitup_derived,data/cache/limit_ups/2026-05-22_limitups.pkl,0,,,,,,1.0,,,UNPARSEABLE,,,UNPARSEABLE,1,1,1,1,1,0,,0,0,0,0,0
603256_2026-05-26,603256,2026-05-26,MAY,2026-05-25,2026-05-22,2026-05-22,1,data/cache/daily/603256_daily.pkl,tencent_daily,YES,2026-05-26,BOARD2,2,1,1,daily_limitup_derived,data/cache/limit_ups/2026-05-25_limitups.pkl,0,,,,,,2.0,,,UNPARSEABLE,,,UNPARSEABLE,1,1,daily_limitup_derived,data/cache/limit_ups/2026-05-22_limitups.pkl,0,,,,,,1.0,,,UNPARSEABLE,,,UNPARSEABLE,1,1,1,1,1,0,,0,0,0,0,0
603661_2026-05-26,603661,2026-05-26,MAY,2026-05-25,2026-05-22,2026-05-22,1,data/cache/daily/603661_daily.pkl,tencent_daily,YES,2026-05-26,BOARD3,3,1,1,daily_limitup_derived,data/cache/limit_ups/2026-05-25_limitups.pkl,0,,,,,,3.0,,,UNPARSEABLE,,,UNPARSEABLE,1,1,daily_limitup_derived,data/cache/limit_ups/2026-05-22_limitups.pkl,0,,,,,,2.0,,,UNPARSEABLE,,,UNPARSEABLE,1,1,1,1,1,0,,0,0,0,0,0
603663_2026-05-26,603663,2026-05-26,MAY,2026-05-25,2026-05-22,2026-05-22,1,data/cache/daily/603663_daily.pkl,tencent_daily,YES,2026-05-26,BOARD2,2,1,1,daily_limitup_derived,data/cache/limit_ups/2026-05-25_limitups.pkl,0,,,,,,2.0,,,UNPARSEABLE,,,UNPARSEABLE,1,1,daily_limitup_derived,data/cache/limit_ups/2026-05-22_limitups.pkl,0,,,,,,1.0,,,UNPARSEABLE,,,UNPARSEABLE,1,1,1,1,1,0,,0,0,0,0,0
603936_2026-05-26,603936,2026-05-26,MAY,2026-05-25,2026-05-22,2026-05-22,1,data/cache/daily/603936_daily.pkl,tencent_daily,YES,2026-05-26,BOARD2,2,1,1,daily_limitup_derived,data/cache/limit_ups/2026-05-25_limitups.pkl,0,,,,,,2.0,,,UNPARSEABLE,,,UNPARSEABLE,1,1,daily_limitup_derived,data/cache/limit_ups/2026-05-22_limitups.pkl,0,,,,,,1.0,,,UNPARSEABLE,,,UNPARSEABLE,1,1,1,1,1,0,,0,0,0,0,0
605580_2026-05-26,605580,2026-05-26,MAY,2026-05-25,2026-05-22,2026-05-22,1,data/cache/daily/605580_daily.pkl,tencent_daily,YES,2026-05-26,BOARD2,2,1,1,daily_limitup_derived,data/cache/limit_ups/2026-05-25_limitups.pkl,0,,,,,,2.0,,,UNPARSEABLE,,,UNPARSEABLE,1,1,daily_limitup_derived,data/cache/limit_ups/2026-05-22_limitups.pkl,0,,,,,,1.0,,,UNPARSEABLE,,,UNPARSEABLE,1,1,1,1,1,0,,0,0,0,0,0
000510_2026-05-27,000510,2026-05-27,MAY,2026-05-26,2026-05-25,2026-05-25,1,data/cache/daily/000510_daily.pkl,tencent_daily,YES,2026-05-27,BOARD3,3,1,1,daily_limitup_derived,data/cache/limit_ups/2026-05-26_limitups.pkl,0,,,,,,3.0,,,UNPARSEABLE,,,UNPARSEABLE,1,1,daily_limitup_derived,data/cache/limit_ups/2026-05-25_limitups.pkl,0,,,,,,2.0,,,UNPARSEABLE,,,UNPARSEABLE,1,1,1,1,1,0,,0,0,0,0,0
002185_2026-05-27,002185,2026-05-27,MAY,2026-05-26,2026-05-25,2026-05-25,1,data/cache/daily/002185_daily.pkl,tencent_daily,YES,2026-05-27,BOARD2,2,1,1,daily_limitup_derived,data/cache/limit_ups/2026-05-26_limitups.pkl,0,,,,,,2.0,,,UNPARSEABLE,,,UNPARSEABLE,1,1,daily_limitup_derived,data/cache/limit_ups/2026-05-25_limitups.pkl,0,,,,,,1.0,,,UNPARSEABLE,,,UNPARSEABLE,1,1,1,1,1,0,,0,0,0,0,0
002388_2026-05-27,002388,2026-05-27,MAY,2026-05-26,2026-05-25,2026-05-25,1,data/cache/daily/002388_daily.pkl,tencent_daily,YES,2026-05-27,BOARD2,2,1,1,daily_limitup_derived,data/cache/limit_ups/2026-05-26_limitups.pkl,0,,,,,,2.0,,,UNPARSEABLE,,,UNPARSEABLE,1,1,daily_limitup_derived,data/cache/limit_ups/2026-05-25_limitups.pkl,0,,,,,,1.0,,,UNPARSEABLE,,,UNPARSEABLE,1,1,1,1,1,0,,0,0,0,0,0
002552_2026-05-27,002552,2026-05-27,MAY,2026-05-26,2026-05-25,2026-05-25,1,data/cache/daily/002552_daily.pkl,tencent_daily,YES,2026-05-27,BOARD3,3,1,1,daily_limitup_derived,data/cache/limit_ups/2026-05-26_limitups.pkl,0,,,,,,3.0,,,UNPARSEABLE,,,UNPARSEABLE,1,1,daily_limitup_derived,data/cache/limit_ups/2026-05-25_limitups.pkl,0,,,,,,2.0,,,UNPARSEABLE,,,UNPARSEABLE,1,1,1,1,1,0,,0,0,0,0,0
002585_2026-05-27,002585,2026-05-27,MAY,2026-05-26,2026-05-25,2026-05-25,1,data/cache/daily/002585_daily.pkl,tencent_daily,YES,2026-05-27,BOARD3,3,1,1,daily_limitup_derived,data/cache/limit_ups/2026-05-26_limitups.pkl,0,,,,,,3.0,,,UNPARSEABLE,,,UNPARSEABLE,1,1,daily_limitup_derived,data/cache/limit_ups/2026-05-25_limitups.pkl,0,,,,,,2.0,,,UNPARSEABLE,,,UNPARSEABLE,1,1,1,1,1,0,,0,0,0,0,0
002957_2026-05-27,002957,2026-05-27,MAY,2026-05-26,2026-05-25,2026-05-25,1,data/cache/daily/002957_daily.pkl,tencent_daily,YES,2026-05-27,BOARD2,2,1,1,daily_limitup_derived,data/cache/limit_ups/2026-05-26_limitups.pkl,0,,,,,,2.0,,,UNPARSEABLE,,,UNPARSEABLE,1,1,daily_limitup_derived,data/cache/limit_ups/2026-05-25_limitups.pkl,0,,,,,,1.0,,,UNPARSEABLE,,,UNPARSEABLE,1,1,1,1,1,0,,0,0,0,0,0
003036_2026-05-27,003036,2026-05-27,MAY,2026-05-26,2026-05-25,2026-05-25,1,data/cache/daily/003036_daily.pkl,tencent_daily,YES,2026-05-27,BOARD2,2,1,1,daily_limitup_derived,data/cache/limit_ups/2026-05-26_limitups.pkl,0,,,,,,2.0,,,UNPARSEABLE,,,UNPARSEABLE,1,1,daily_limitup_derived,data/cache/limit_ups/2026-05-25_limitups.pkl,0,,,,,,1.0,,,UNPARSEABLE,,,UNPARSEABLE,1,1,1,1,1,0,,0,0,0,0,0
600172_2026-05-27,600172,2026-05-27,MAY,2026-05-26,2026-05-25,2026-05-25,1,data/cache/daily/600172_daily.pkl,tencent_daily,YES,2026-05-27,BOARD3,3,1,1,daily_limitup_derived,data/cache/limit_ups/2026-05-26_limitups.pkl,0,,,,,,3.0,,,UNPARSEABLE,,,UNPARSEABLE,1,1,daily_limitup_derived,data/cache/limit_ups/2026-05-25_limitups.pkl,0,,,,,,2.0,,,UNPARSEABLE,,,UNPARSEABLE,1,1,1,1,1,0,,0,0,0,0,0
600520_2026-05-27,600520,2026-05-27,MAY,2026-05-26,2026-05-25,2026-05-25,1,data/cache/daily/600520_daily.pkl,tencent_daily,YES,2026-05-27,BOARD2,2,1,1,daily_limitup_derived,data/cache/limit_ups/2026-05-26_limitups.pkl,0,,,,,,2.0,,,UNPARSEABLE,,,UNPARSEABLE,1,1,daily_limitup_derived,data/cache/limit_ups/2026-05-25_limitups.pkl,0,,,,,,1.0,,,UNPARSEABLE,,,UNPARSEABLE,1,1,1,1,1,0,,0,0,0,0,0
600584_2026-05-27,600584,2026-05-27,MAY,2026-05-26,2026-05-25,2026-05-25,1,data/cache/daily/600584_daily.pkl,tencent_daily,YES,2026-05-27,BOARD2,2,1,1,daily_limitup_derived,data/cache/limit_ups/2026-05-26_limitups.pkl,0,,,,,,2.0,,,UNPARSEABLE,,,UNPARSEABLE,1,1,daily_limitup_derived,data/cache/limit_ups/2026-05-25_limitups.pkl,0,,,,,,1.0,,,UNPARSEABLE,,,UNPARSEABLE,1,1,1,1,1,0,,0,0,0,0,0
000759_2026-05-28,000759,2026-05-28,MAY,2026-05-27,2026-05-26,2026-05-26,1,data/cache/daily/000759_daily.pkl,tencent_daily,YES,2026-05-28,BOARD2,2,1,1,daily_limitup_derived,data/cache/limit_ups/2026-05-27_limitups.pkl,0,,,,,,2.0,,,UNPARSEABLE,,,UNPARSEABLE,1,1,daily_limitup_derived,data/cache/limit_ups/2026-05-26_limitups.pkl,0,,,,,,1.0,,,UNPARSEABLE,,,UNPARSEABLE,1,1,1,1,1,0,,0,0,0,0,0
001257_2026-05-28,001257,2026-05-28,MAY,2026-05-27,2026-05-26,2026-05-26,1,data/cache/daily/001257_daily.pkl,tencent_daily,YES,2026-05-28,BOARD2,2,1,1,daily_limitup_derived,data/cache/limit_ups/2026-05-27_limitups.pkl,0,,,,,,2.0,,,UNPARSEABLE,,,UNPARSEABLE,1,1,daily_limitup_derived,data/cache/limit_ups/2026-05-26_limitups.pkl,0,,,,,,1.0,,,UNPARSEABLE,,,UNPARSEABLE,1,1,1,1,1,0,,0,0,0,0,0
002251_2026-05-28,002251,2026-05-28,MAY,2026-05-27,2026-05-26,2026-05-26,1,data/cache/daily/002251_daily.pkl,tencent_daily,YES,2026-05-28,BOARD2,2,1,1,daily_limitup_derived,data/cache/limit_ups/2026-05-27_limitups.pkl,0,,,,,,2.0,,,UNPARSEABLE,,,UNPARSEABLE,1,1,daily_limitup_derived,data/cache/limit_ups/2026-05-26_limitups.pkl,0,,,,,,1.0,,,UNPARSEABLE,,,UNPARSEABLE,1,1,1,1,1,0,,0,0,0,0,0
002771_2026-05-28,002771,2026-05-28,MAY,2026-05-27,2026-05-26,2026-05-26,1,data/cache/daily/002771_daily.pkl,tencent_daily,YES,2026-05-28,BOARD2,2,1,1,daily_limitup_derived,data/cache/limit_ups/2026-05-27_limitups.pkl,0,,,,,,2.0,,,UNPARSEABLE,,,UNPARSEABLE,1,1,daily_limitup_derived,data/cache/limit_ups/2026-05-26_limitups.pkl,0,,,,,,1.0,,,UNPARSEABLE,,,UNPARSEABLE,1,1,1,1,1,0,,0,0,0,0,0
002579_2026-05-29,002579,2026-05-29,MAY,2026-05-28,2026-05-27,2026-05-27,1,data/cache/daily/002579_daily.pkl,tencent_daily,YES,2026-05-29,BOARD3,3,1,1,daily_limitup_derived,data/cache/limit_ups/2026-05-28_limitups.pkl,0,,,,,,3.0,,,UNPARSEABLE,,,UNPARSEABLE,1,1,daily_limitup_derived,data/cache/limit_ups/2026-05-27_limitups.pkl,0,,,,,,2.0,,,UNPARSEABLE,,,UNPARSEABLE,1,1,1,1,1,0,,0,0,0,0,0
603032_2026-05-29,603032,2026-05-29,MAY,2026-05-28,2026-05-27,2026-05-27,1,data/cache/daily/603032_daily.pkl,tencent_daily,YES,2026-05-29,BOARD2,2,1,1,daily_limitup_derived,data/cache/limit_ups/2026-05-28_limitups.pkl,0,,,,,,2.0,,,UNPARSEABLE,,,UNPARSEABLE,1,1,daily_limitup_derived,data/cache/limit_ups/2026-05-27_limitups.pkl,0,,,,,,1.0,,,UNPARSEABLE,,,UNPARSEABLE,1,1,1,1,1,0,,0,0,0,0,0
603989_2026-05-29,603989,2026-05-29,MAY,2026-05-28,2026-05-27,2026-05-27,1,data/cache/daily/603989_daily.pkl,tencent_daily,YES,2026-05-29,BOARD2,2,1,1,daily_limitup_derived,data/cache/limit_ups/2026-05-28_limitups.pkl,0,,,,,,2.0,,,UNPARSEABLE,,,UNPARSEABLE,1,1,daily_limitup_derived,data/cache/limit_ups/2026-05-27_limitups.pkl,0,,,,,,1.0,,,UNPARSEABLE,,,UNPARSEABLE,1,1,1,1,1,0,,0,0,0,0,0
000090_2026-06-01,000090,2026-06-01,JUNE,2026-05-29,2026-05-28,2026-05-28,1,data/cache/daily/000090_daily.pkl,tencent_daily,YES,2026-06-01,BOARD2,2,1,1,daily_limitup_derived,data/cache/limit_ups/2026-05-29_limitups.pkl,0,,,,,,2.0,,,UNPARSEABLE,,,UNPARSEABLE,1,1,daily_limitup_derived,data/cache/limit_ups/2026-05-28_limitups.pkl,0,,,,,,1.0,,,UNPARSEABLE,,,UNPARSEABLE,1,1,1,1,1,0,,0,0,0,0,0
002806_2026-06-01,002806,2026-06-01,JUNE,2026-05-29,2026-05-28,2026-05-28,1,data/cache/daily/002806_daily.pkl,tencent_daily,YES,2026-06-01,BOARD2,2,1,1,daily_limitup_derived,data/cache/limit_ups/2026-05-29_limitups.pkl,0,,,,,,2.0,,,UNPARSEABLE,,,UNPARSEABLE,1,1,daily_limitup_derived,data/cache/limit_ups/2026-05-28_limitups.pkl,0,,,,,,1.0,,,UNPARSEABLE,,,UNPARSEABLE,1,1,1,1,1,0,,0,0,0,0,0
600110_2026-06-01,600110,2026-06-01,JUNE,2026-05-29,2026-05-28,2026-05-28,1,data/cache/daily/600110_daily.pkl,tencent_daily,YES,2026-06-01,BOARD2,2,1,1,daily_limitup_derived,data/cache/limit_ups/2026-05-29_limitups.pkl,0,,,,,,2.0,,,UNPARSEABLE,,,UNPARSEABLE,1,1,daily_limitup_derived,data/cache/limit_ups/2026-05-28_limitups.pkl,0,,,,,,1.0,,,UNPARSEABLE,,,UNPARSEABLE,1,1,1,1,1,0,,0,0,0,0,0
603324_2026-06-01,603324,2026-06-01,JUNE,2026-05-29,2026-05-28,2026-05-28,1,data/cache/daily/603324_daily.pkl,tencent_daily,YES,2026-06-01,BOARD2,2,1,1,daily_limitup_derived,data/cache/limit_ups/2026-05-29_limitups.pkl,0,,,,,,2.0,,,UNPARSEABLE,,,UNPARSEABLE,1,1,daily_limitup_derived,data/cache/limit_ups/2026-05-28_limitups.pkl,0,,,,,,1.0,,,UNPARSEABLE,,,UNPARSEABLE,1,1,1,1,1,0,,0,0,0,0,0
002608_2026-06-02,002608,2026-06-02,JUNE,2026-06-01,2026-05-29,2026-05-29,1,data/cache/daily/002608_daily.pkl,tencent_daily,YES,2026-06-02,BOARD2,2,1,1,daily_limitup_derived,data/cache/limit_ups/2026-06-01_limitups.pkl,0,,,,,,2.0,,,UNPARSEABLE,,,UNPARSEABLE,1,1,daily_limitup_derived,data/cache/limit_ups/2026-05-29_limitups.pkl,0,,,,,,1.0,,,UNPARSEABLE,,,UNPARSEABLE,1,1,1,1,1,0,,0,0,0,0,0
600011_2026-06-02,600011,2026-06-02,JUNE,2026-06-01,2026-05-29,2026-05-29,1,data/cache/daily/600011_daily.pkl,tencent_daily,YES,2026-06-02,BOARD2,2,1,1,daily_limitup_derived,data/cache/limit_ups/2026-06-01_limitups.pkl,0,,,,,,2.0,,,UNPARSEABLE,,,UNPARSEABLE,1,1,daily_limitup_derived,data/cache/limit_ups/2026-05-29_limitups.pkl,0,,,,,,1.0,,,UNPARSEABLE,,,UNPARSEABLE,1,1,1,1,1,0,,0,0,0,0,0
000055_2026-06-03,000055,2026-06-03,JUNE,2026-06-02,2026-06-01,2026-06-01,1,data/cache/daily/000055_daily.pkl,tencent_daily,YES,2026-06-03,BOARD2,2,1,1,daily_limitup_derived,data/cache/limit_ups/2026-06-02_limitups.pkl,0,,,,,,2.0,,,UNPARSEABLE,,,UNPARSEABLE,1,1,daily_limitup_derived,data/cache/limit_ups/2026-06-01_limitups.pkl,0,,,,,,1.0,,,UNPARSEABLE,,,UNPARSEABLE,1,1,1,1,1,0,,0,0,0,0,0
001210_2026-06-03,001210,2026-06-03,JUNE,2026-06-02,2026-06-01,2026-06-01,1,data/cache/daily/001210_daily.pkl,tencent_daily,YES,2026-06-03,BOARD2,2,1,1,daily_limitup_derived,data/cache/limit_ups/2026-06-02_limitups.pkl,0,,,,,,2.0,,,UNPARSEABLE,,,UNPARSEABLE,1,1,daily_limitup_derived,data/cache/limit_ups/2026-06-01_limitups.pkl,0,,,,,,1.0,,,UNPARSEABLE,,,UNPARSEABLE,1,1,1,1,1,0,,0,0,0,0,0
002404_2026-06-03,002404,2026-06-03,JUNE,2026-06-02,2026-06-01,2026-06-01,1,data/cache/daily/002404_daily.pkl,tencent_daily,YES,2026-06-03,BOARD2,2,1,1,daily_limitup_derived,data/cache/limit_ups/2026-06-02_limitups.pkl,0,,,,,,2.0,,,UNPARSEABLE,,,UNPARSEABLE,1,1,daily_limitup_derived,data/cache/limit_ups/2026-06-01_limitups.pkl,0,,,,,,1.0,,,UNPARSEABLE,,,UNPARSEABLE,1,1,1,1,1,0,,0,0,0,0,0
002421_2026-06-03,002421,2026-06-03,JUNE,2026-06-02,2026-06-01,2026-06-01,1,data/cache/daily/002421_daily.pkl,tencent_daily,YES,2026-06-03,BOARD2,2,1,1,daily_limitup_derived,data/cache/limit_ups/2026-06-02_limitups.pkl,0,,,,,,2.0,,,UNPARSEABLE,,,UNPARSEABLE,1,1,daily_limitup_derived,data/cache/limit_ups/2026-06-01_limitups.pkl,0,,,,,,1.0,,,UNPARSEABLE,,,UNPARSEABLE,1,1,1,1,1,0,,0,0,0,0,0
002579_2026-06-03,002579,2026-06-03,JUNE,2026-06-02,2026-06-01,2026-06-01,1,data/cache/daily/002579_daily.pkl,tencent_daily,YES,2026-06-03,BOARD2,2,1,1,daily_limitup_derived,data/cache/limit_ups/2026-06-02_limitups.pkl,0,,,,,,2.0,,,UNPARSEABLE,,,UNPARSEABLE,1,1,daily_limitup_derived,data/cache/limit_ups/2026-06-01_limitups.pkl,0,,,,,,1.0,,,UNPARSEABLE,,,UNPARSEABLE,1,1,1,1,1,0,,0,0,0,0,0
600280_2026-06-03,600280,2026-06-03,JUNE,2026-06-02,2026-06-01,2026-06-01,1,data/cache/daily/600280_daily.pkl,tencent_daily,YES,2026-06-03,BOARD3,3,1,1,daily_limitup_derived,data/cache/limit_ups/2026-06-02_limitups.pkl,0,,,,,,3.0,,,UNPARSEABLE,,,UNPARSEABLE,1,1,daily_limitup_derived,data/cache/limit_ups/2026-06-01_limitups.pkl,0,,,,,,2.0,,,UNPARSEABLE,,,UNPARSEABLE,1,1,1,1,1,0,,0,0,0,0,0
603045_2026-06-03,603045,2026-06-03,JUNE,2026-06-02,2026-06-01,2026-06-01,1,data/cache/daily/603045_daily.pkl,tencent_daily,YES,2026-06-03,BOARD2,2,1,1,daily_limitup_derived,data/cache/limit_ups/2026-06-02_limitups.pkl,0,,,,,,2.0,,,UNPARSEABLE,,,UNPARSEABLE,1,1,daily_limitup_derived,data/cache/limit_ups/2026-06-01_limitups.pkl,0,,,,,,1.0,,,UNPARSEABLE,,,UNPARSEABLE,1,1,1,1,1,0,,0,0,0,0,0
000700_2026-06-04,000700,2026-06-04,JUNE,2026-06-03,2026-06-02,2026-06-02,1,data/cache/daily/000700_daily.pkl,tencent_daily,YES,2026-06-04,BOARD2,2,1,1,daily_limitup_derived,data/cache/limit_ups/2026-06-03_limitups.pkl,0,,,,,,2.0,,,UNPARSEABLE,,,UNPARSEABLE,1,1,daily_limitup_derived,data/cache/limit_ups/2026-06-02_limitups.pkl,0,,,,,,1.0,,,UNPARSEABLE,,,UNPARSEABLE,1,1,1,1,1,0,,0,0,0,0,0
002137_2026-06-04,002137,2026-06-04,JUNE,2026-06-03,2026-06-02,2026-06-02,1,data/cache/daily/002137_daily.pkl,tencent_daily,YES,2026-06-04,BOARD2,2,1,1,daily_limitup_derived,data/cache/limit_ups/2026-06-03_limitups.pkl,0,,,,,,2.0,,,UNPARSEABLE,,,UNPARSEABLE,1,1,daily_limitup_derived,data/cache/limit_ups/2026-06-02_limitups.pkl,0,,,,,,1.0,,,UNPARSEABLE,,,UNPARSEABLE,1,1,1,1,1,0,,0,0,0,0,0
600121_2026-06-04,600121,2026-06-04,JUNE,2026-06-03,2026-06-02,2026-06-02,1,data/cache/daily/600121_daily.pkl,tencent_daily,YES,2026-06-04,BOARD3,3,1,1,daily_limitup_derived,data/cache/limit_ups/2026-06-03_limitups.pkl,0,,,,,,3.0,,,UNPARSEABLE,,,UNPARSEABLE,1,1,daily_limitup_derived,data/cache/limit_ups/2026-06-02_limitups.pkl,0,,,,,,2.0,,,UNPARSEABLE,,,UNPARSEABLE,1,1,1,1,1,0,,0,0,0,0,0
600487_2026-06-04,600487,2026-06-04,JUNE,2026-06-03,2026-06-02,2026-06-02,1,data/cache/daily/600487_daily.pkl,tencent_daily,YES,2026-06-04,BOARD2,2,1,1,daily_limitup_derived,data/cache/limit_ups/2026-06-03_limitups.pkl,0,,,,,,2.0,,,UNPARSEABLE,,,UNPARSEABLE,1,1,daily_limitup_derived,data/cache/limit_ups/2026-06-02_limitups.pkl,0,,,,,,1.0,,,UNPARSEABLE,,,UNPARSEABLE,1,1,1,1,1,0,,0,0,0,0,0
600936_2026-06-04,600936,2026-06-04,JUNE,2026-06-03,2026-06-02,2026-06-02,1,data/cache/daily/600936_daily.pkl,tencent_daily,YES,2026-06-04,BOARD2,2,1,1,daily_limitup_derived,data/cache/limit_ups/2026-06-03_limitups.pkl,0,,,,,,2.0,,,UNPARSEABLE,,,UNPARSEABLE,1,1,daily_limitup_derived,data/cache/limit_ups/2026-06-02_limitups.pkl,0,,,,,,1.0,,,UNPARSEABLE,,,UNPARSEABLE,1,1,1,1,1,0,,0,0,0,0,0
603311_2026-06-04,603311,2026-06-04,JUNE,2026-06-03,2026-06-02,2026-06-02,1,data/cache/daily/603311_daily.pkl,tencent_daily,YES,2026-06-04,BOARD2,2,1,1,daily_limitup_derived,data/cache/limit_ups/2026-06-03_limitups.pkl,0,,,,,,2.0,,,UNPARSEABLE,,,UNPARSEABLE,1,1,daily_limitup_derived,data/cache/limit_ups/2026-06-02_limitups.pkl,0,,,,,,1.0,,,UNPARSEABLE,,,UNPARSEABLE,1,1,1,1,1,0,,0,0,0,0,0
001896_2026-06-05,001896,2026-06-05,JUNE,2026-06-04,2026-06-03,2026-06-03,1,data/cache/daily/001896_daily.pkl,tencent_daily,YES,2026-06-05,BOARD2,2,1,1,daily_limitup_derived,data/cache/limit_ups/2026-06-04_limitups.pkl,0,,,,,,2.0,,,UNPARSEABLE,,,UNPARSEABLE,1,1,daily_limitup_derived,data/cache/limit_ups/2026-06-03_limitups.pkl,0,,,,,,1.0,,,UNPARSEABLE,,,UNPARSEABLE,1,1,1,1,1,0,,0,0,0,0,0
002787_2026-06-05,002787,2026-06-05,JUNE,2026-06-04,2026-06-03,2026-06-03,1,data/cache/daily/002787_daily.pkl,tencent_daily,YES,2026-06-05,BOARD2,2,1,1,daily_limitup_derived,data/cache/limit_ups/2026-06-04_limitups.pkl,0,,,,,,2.0,,,UNPARSEABLE,,,UNPARSEABLE,1,1,daily_limitup_derived,data/cache/limit_ups/2026-06-03_limitups.pkl,0,,,,,,1.0,,,UNPARSEABLE,,,UNPARSEABLE,1,1,1,1,1,0,,0,0,0,0,0
600255_2026-06-05,600255,2026-06-05,JUNE,2026-06-04,2026-06-03,2026-06-03,1,data/cache/daily/600255_daily.pkl,tencent_daily,YES,2026-06-05,BOARD3,3,1,1,daily_limitup_derived,data/cache/limit_ups/2026-06-04_limitups.pkl,0,,,,,,3.0,,,UNPARSEABLE,,,UNPARSEABLE,1,1,daily_limitup_derived,data/cache/limit_ups/2026-06-03_limitups.pkl,0,,,,,,2.0,,,UNPARSEABLE,,,UNPARSEABLE,1,1,1,1,1,0,,0,0,0,0,0
600439_2026-06-05,600439,2026-06-05,JUNE,2026-06-04,2026-06-03,2026-06-03,1,data/cache/daily/600439_daily.pkl,tencent_daily,YES,2026-06-05,BOARD2,2,1,1,daily_limitup_derived,data/cache/limit_ups/2026-06-04_limitups.pkl,0,,,,,,2.0,,,UNPARSEABLE,,,UNPARSEABLE,1,1,daily_limitup_derived,data/cache/limit_ups/2026-06-03_limitups.pkl,0,,,,,,1.0,,,UNPARSEABLE,,,UNPARSEABLE,1,1,1,1,1,0,,0,0,0,0,0
600688_2026-06-05,600688,2026-06-05,JUNE,2026-06-04,2026-06-03,2026-06-03,1,data/cache/daily/600688_daily.pkl,tencent_daily,YES,2026-06-05,BOARD2,2,1,1,daily_limitup_derived,data/cache/limit_ups/2026-06-04_limitups.pkl,0,,,,,,2.0,,,UNPARSEABLE,,,UNPARSEABLE,1,1,daily_limitup_derived,data/cache/limit_ups/2026-06-03_limitups.pkl,0,,,,,,1.0,,,UNPARSEABLE,,,UNPARSEABLE,1,1,1,1,1,0,,0,0,0,0,0
605162_2026-06-05,605162,2026-06-05,JUNE,2026-06-04,2026-06-03,2026-06-03,1,data/cache/daily/605162_daily.pkl,tencent_daily,YES,2026-06-05,BOARD2,2,1,1,daily_limitup_derived,data/cache/limit_ups/2026-06-04_limitups.pkl,0,,,,,,2.0,,,UNPARSEABLE,,,UNPARSEABLE,1,1,daily_limitup_derived,data/cache/limit_ups/2026-06-03_limitups.pkl,0,,,,,,1.0,,,UNPARSEABLE,,,UNPARSEABLE,1,1,1,1,1,0,,0,0,0,0,0
000520_2026-06-08,000520,2026-06-08,JUNE,2026-06-05,2026-06-04,2026-06-04,1,data/cache/daily/000520_daily.pkl,tencent_daily,YES,2026-06-08,BOARD2,2,1,1,daily_limitup_derived,data/cache/limit_ups/2026-06-05_limitups.pkl,0,,,,,,2.0,,,UNPARSEABLE,,,UNPARSEABLE,1,1,daily_limitup_derived,data/cache/limit_ups/2026-06-04_limitups.pkl,0,,,,,,1.0,,,UNPARSEABLE,,,UNPARSEABLE,1,1,1,1,1,0,,0,0,0,0,0
003036_2026-06-08,003036,2026-06-08,JUNE,2026-06-05,2026-06-04,2026-06-04,1,data/cache/daily/003036_daily.pkl,tencent_daily,YES,2026-06-08,BOARD2,2,1,1,daily_limitup_derived,data/cache/limit_ups/2026-06-05_limitups.pkl,0,,,,,,2.0,,,UNPARSEABLE,,,UNPARSEABLE,1,1,daily_limitup_derived,data/cache/limit_ups/2026-06-04_limitups.pkl,0,,,,,,1.0,,,UNPARSEABLE,,,UNPARSEABLE,1,1,1,1,1,0,,0,0,0,0,0
600293_2026-06-08,600293,2026-06-08,JUNE,2026-06-05,2026-06-04,2026-06-04,1,data/cache/daily/600293_daily.pkl,tencent_daily,YES,2026-06-08,BOARD2,2,1,1,daily_limitup_derived,data/cache/limit_ups/2026-06-05_limitups.pkl,0,,,,,,2.0,,,UNPARSEABLE,,,UNPARSEABLE,1,1,daily_limitup_derived,data/cache/limit_ups/2026-06-04_limitups.pkl,0,,,,,,1.0,,,UNPARSEABLE,,,UNPARSEABLE,1,1,1,1,1,0,,0,0,0,0,0
000068_2026-06-09,000068,2026-06-09,JUNE,2026-06-08,2026-06-05,2026-06-05,1,data/cache/daily/000068_daily.pkl,tencent_daily,YES,2026-06-09,BOARD2,2,1,1,akshare_zt_pool_em,data/cache/limit_ups/2026-06-08_limitups.pkl,1,093745,093745,0.0,53700472.0,224189098.0,1.0,7.75,34665.0,VALID,7.75,34665.0,VALID,1,1,daily_limitup_derived,data/cache/limit_ups/2026-06-05_limitups.pkl,0,,,,,,1.0,,,UNPARSEABLE,,,UNPARSEABLE,1,1,0,1,1,0,D0_POOL_STREAK_CROSSCHECK_MISMATCH,1,1,1,0,0
000517_2026-06-09,000517,2026-06-09,JUNE,2026-06-08,2026-06-05,2026-06-05,1,data/cache/daily/000517_daily.pkl,tencent_daily,YES,2026-06-09,BOARD2,2,1,1,akshare_zt_pool_em,data/cache/limit_ups/2026-06-08_limitups.pkl,1,093321,093321,0.0,55423570.0,132389378.0,2.0,3.35,34401.0,VALID,3.35,34401.0,VALID,1,1,daily_limitup_derived,data/cache/limit_ups/2026-06-05_limitups.pkl,0,,,,,,1.0,,,UNPARSEABLE,,,UNPARSEABLE,1,1,1,1,1,0,,1,1,1,0,0
000759_2026-06-09,000759,2026-06-09,JUNE,2026-06-08,2026-06-05,2026-06-05,1,data/cache/daily/000759_daily.pkl,tencent_daily,YES,2026-06-09,BOARD2,2,1,1,akshare_zt_pool_em,data/cache/limit_ups/2026-06-08_limitups.pkl,1,093333,104703,5.0,15543330.0,656631936.0,2.0,3.55,34413.0,VALID,77.05,38823.0,VALID,1,1,daily_limitup_derived,data/cache/limit_ups/2026-06-05_limitups.pkl,0,,,,,,1.0,,,UNPARSEABLE,,,UNPARSEABLE,1,1,1,1,1,0,,1,1,1,0,0
002361_2026-06-09,002361,2026-06-09,JUNE,2026-06-08,2026-06-05,2026-06-05,1,data/cache/daily/002361_daily.pkl,tencent_daily,YES,2026-06-09,BOARD2,2,1,1,akshare_zt_pool_em,data/cache/limit_ups/2026-06-08_limitups.pkl,1,093236,133057,4.0,295191315.0,4823312896.0,2.0,2.6,34356.0,VALID,240.95,48657.0,VALID,1,1,daily_limitup_derived,data/cache/limit_ups/2026-06-05_limitups.pkl,0,,,,,,1.0,,,UNPARSEABLE,,,UNPARSEABLE,1,1,1,1,1,0,,1,1,1,0,0
002421_2026-06-09,002421,2026-06-09,JUNE,2026-06-08,2026-06-05,2026-06-05,1,data/cache/daily/002421_daily.pkl,tencent_daily,YES,2026-06-09,BOARD2,2,1,1,akshare_zt_pool_em,data/cache/limit_ups/2026-06-08_limitups.pkl,1,093557,094824,4.0,135352283.0,2704439840.0,2.0,5.95,34557.0,VALID,18.4,35304.0,VALID,1,1,daily_limitup_derived,data/cache/limit_ups/2026-06-05_limitups.pkl,0,,,,,,1.0,,,UNPARSEABLE,,,UNPARSEABLE,1,1,1,1,1,0,,1,1,1,0,0
002613_2026-06-09,002613,2026-06-09,JUNE,2026-06-08,2026-06-05,2026-06-05,1,data/cache/daily/002613_daily.pkl,tencent_daily,YES,2026-06-09,BOARD2,2,1,1,akshare_zt_pool_em,data/cache/limit_ups/2026-06-08_limitups.pkl,1,093018,093018,0.0,136041032.0,324149312.0,2.0,0.3,34218.0,VALID,0.3,34218.0,VALID,1,1,daily_limitup_derived,data/cache/limit_ups/2026-06-05_limitups.pkl,0,,,,,,1.0,,,UNPARSEABLE,,,UNPARSEABLE,1,1,1,1,1,0,,1,1,1,0,0
003009_2026-06-09,003009,2026-06-09,JUNE,2026-06-08,2026-06-05,2026-06-05,1,data/cache/daily/003009_daily.pkl,tencent_daily,YES,2026-06-09,BOARD2,2,1,1,akshare_zt_pool_em,data/cache/limit_ups/2026-06-08_limitups.pkl,1,143127,143127,0.0,95906396.0,834809200.0,2.0,301.45,52287.0,VALID,301.45,52287.0,VALID,1,1,daily_limitup_derived,data/cache/limit_ups/2026-06-05_limitups.pkl,0,,,,,,1.0,,,UNPARSEABLE,,,UNPARSEABLE,1,1,1,1,1,0,,1,1,1,0,0
603500_2026-06-09,603500,2026-06-09,JUNE,2026-06-08,2026-06-05,2026-06-05,1,data/cache/daily/603500_daily.pkl,tencent_daily,YES,2026-06-09,BOARD3,3,1,1,akshare_zt_pool_em,data/cache/limit_ups/2026-06-08_limitups.pkl,1,093009,145251,2.0,70169806.0,750367584.0,3.0,0.15,34209.0,VALID,322.85,53571.0,VALID,1,1,daily_limitup_derived,data/cache/limit_ups/2026-06-05_limitups.pkl,0,,,,,,2.0,,,UNPARSEABLE,,,UNPARSEABLE,1,1,1,1,1,0,,1,1,1,0,0
603859_2026-06-09,603859,2026-06-09,JUNE,2026-06-08,2026-06-05,2026-06-05,1,data/cache/daily/603859_daily.pkl,tencent_daily,YES,2026-06-09,BOARD2,2,1,1,akshare_zt_pool_em,data/cache/limit_ups/2026-06-08_limitups.pkl,1,100838,103544,2.0,58008784.0,1917113648.0,2.0,38.63333333333333,36518.0,VALID,65.73333333333333,38144.0,VALID,1,1,daily_limitup_derived,data/cache/limit_ups/2026-06-05_limitups.pkl,0,,,,,,1.0,,,UNPARSEABLE,,,UNPARSEABLE,1,1,1,1,1,0,,1,1,1,0,0
001696_2026-06-10,001696,2026-06-10,JUNE,2026-06-09,2026-06-08,2026-06-08,1,data/cache/daily/001696_daily.pkl,tencent_daily,YES,2026-06-10,BOARD2,2,1,1,daily_limitup_derived,data/cache/limit_ups/2026-06-09_limitups.pkl,0,,,,,,2.0,,,UNPARSEABLE,,,UNPARSEABLE,1,1,akshare_zt_pool_em,data/cache/limit_ups/2026-06-08_limitups.pkl,1,094021,094021,0.0,91289474.0,628554656.0,1.0,10.35,34821.0,VALID,10.35,34821.0,VALID,1,1,1,1,1,0,,0,0,0,0,0
002254_2026-06-10,002254,2026-06-10,JUNE,2026-06-09,2026-06-08,2026-06-08,1,data/cache/daily/002254_daily.pkl,tencent_daily,YES,2026-06-10,BOARD3,3,1,1,daily_limitup_derived,data/cache/limit_ups/2026-06-09_limitups.pkl,0,,,,,,3.0,,,UNPARSEABLE,,,UNPARSEABLE,1,1,akshare_zt_pool_em,data/cache/limit_ups/2026-06-08_limitups.pkl,1,093903,133333,1.0,150485543.0,1139020336.0,2.0,9.05,34743.0,VALID,243.55,48813.0,VALID,1,1,1,1,1,0,,0,0,0,0,0
002362_2026-06-10,002362,2026-06-10,JUNE,2026-06-09,2026-06-08,2026-06-08,1,data/cache/daily/002362_daily.pkl,tencent_daily,YES,2026-06-10,BOARD2,2,1,1,daily_limitup_derived,data/cache/limit_ups/2026-06-09_limitups.pkl,0,,,,,,2.0,,,UNPARSEABLE,,,UNPARSEABLE,1,1,akshare_zt_pool_em,data/cache/limit_ups/2026-06-08_limitups.pkl,1,110533,110533,0.0,44302438.0,167527505.0,1.0,95.55,39933.0,VALID,95.55,39933.0,VALID,1,1,1,1,1,0,,0,0,0,0,0
002747_2026-06-10,002747,2026-06-10,JUNE,2026-06-09,2026-06-08,2026-06-08,1,data/cache/daily/002747_daily.pkl,tencent_daily,YES,2026-06-10,BOARD2,2,1,1,daily_limitup_derived,data/cache/limit_ups/2026-06-09_limitups.pkl,0,,,,,,2.0,,,UNPARSEABLE,,,UNPARSEABLE,1,1,akshare_zt_pool_em,data/cache/limit_ups/2026-06-08_limitups.pkl,1,101406,130230,3.0,229276232.0,3679820416.0,1.0,44.1,36846.0,VALID,212.5,46950.0,VALID,1,1,1,1,1,0,,0,0,0,0,0
603186_2026-06-10,603186,2026-06-10,JUNE,2026-06-09,2026-06-08,2026-06-08,1,data/cache/daily/603186_daily.pkl,tencent_daily,YES,2026-06-10,BOARD2,2,1,1,daily_limitup_derived,data/cache/limit_ups/2026-06-09_limitups.pkl,0,,,,,,2.0,,,UNPARSEABLE,,,UNPARSEABLE,1,1,akshare_zt_pool_em,data/cache/limit_ups/2026-06-08_limitups.pkl,1,101652,142119,6.0,35721478.0,3267391664.0,1.0,46.86666666666667,37012.0,VALID,291.31666666666666,51679.0,VALID,1,1,1,1,1,0,,0,0,0,0,0
603616_2026-06-10,603616,2026-06-10,JUNE,2026-06-09,2026-06-08,2026-06-08,1,data/cache/daily/603616_daily.pkl,tencent_daily,YES,2026-06-10,BOARD2,2,1,1,daily_limitup_derived,data/cache/limit_ups/2026-06-09_limitups.pkl,0,,,,,,2.0,,,UNPARSEABLE,,,UNPARSEABLE,1,1,akshare_zt_pool_em,data/cache/limit_ups/2026-06-08_limitups.pkl,1,092505,092505,0.0,169728430.0,59332102.0,1.0,-4.916666666666667,33905.0,VALID,-4.916666666666667,33905.0,VALID,1,1,1,1,1,0,,0,0,0,0,0
603929_2026-06-10,603929,2026-06-10,JUNE,2026-06-09,2026-06-08,2026-06-08,1,data/cache/daily/603929_daily.pkl,tencent_daily,YES,2026-06-10,BOARD2,2,1,1,daily_limitup_derived,data/cache/limit_ups/2026-06-09_limitups.pkl,0,,,,,,2.0,,,UNPARSEABLE,,,UNPARSEABLE,1,1,akshare_zt_pool_em,data/cache/limit_ups/2026-06-08_limitups.pkl,1,094632,134644,2.0,136770100.0,1868394416.0,1.0,16.533333333333335,35192.0,VALID,256.73333333333335,49604.0,VALID,1,1,1,1,1,0,,0,0,0,0,0
000029_2026-06-11,000029,2026-06-11,JUNE,2026-06-10,2026-06-09,2026-06-09,1,data/cache/daily/000029_daily.pkl,tencent_daily,YES,2026-06-11,BOARD2,2,1,1,akshare_zt_pool_em,data/cache/limit_ups/2026-06-10_limitups.pkl,1,093112,093112,0.0,60035476.0,131295674.0,2.0,1.2,34272.0,VALID,1.2,34272.0,VALID,1,1,daily_limitup_derived,data/cache/limit_ups/2026-06-09_limitups.pkl,0,,,,,,1.0,,,UNPARSEABLE,,,UNPARSEABLE,1,1,1,1,1,0,,1,1,1,0,0
002585_2026-06-11,002585,2026-06-11,JUNE,2026-06-10,2026-06-09,2026-06-09,1,data/cache/daily/002585_daily.pkl,tencent_daily,YES,2026-06-11,BOARD2,2,1,1,akshare_zt_pool_em,data/cache/limit_ups/2026-06-10_limitups.pkl,1,093127,135157,7.0,60168570.0,2232282720.0,2.0,1.45,34287.0,VALID,261.95,49917.0,VALID,1,1,daily_limitup_derived,data/cache/limit_ups/2026-06-09_limitups.pkl,0,,,,,,1.0,,,UNPARSEABLE,,,UNPARSEABLE,1,1,1,1,1,0,,1,1,1,0,0
002636_2026-06-11,002636,2026-06-11,JUNE,2026-06-10,2026-06-09,2026-06-09,1,data/cache/daily/002636_daily.pkl,tencent_daily,YES,2026-06-11,BOARD3,3,1,1,akshare_zt_pool_em,data/cache/limit_ups/2026-06-10_limitups.pkl,1,093118,135118,8.0,160106727.0,2953090912.0,3.0,1.3,34278.0,VALID,261.3,49878.0,VALID,1,1,daily_limitup_derived,data/cache/limit_ups/2026-06-09_limitups.pkl,0,,,,,,2.0,,,UNPARSEABLE,,,UNPARSEABLE,1,1,1,1,1,0,,1,1,1,0,0
002669_2026-06-11,002669,2026-06-11,JUNE,2026-06-10,2026-06-09,2026-06-09,1,data/cache/daily/002669_daily.pkl,tencent_daily,YES,2026-06-11,BOARD2,2,1,1,akshare_zt_pool_em,data/cache/limit_ups/2026-06-10_limitups.pkl,1,105806,105806,0.0,95648546.0,1423002240.0,2.0,88.1,39486.0,VALID,88.1,39486.0,VALID,1,1,daily_limitup_derived,data/cache/limit_ups/2026-06-09_limitups.pkl,0,,,,,,1.0,,,UNPARSEABLE,,,UNPARSEABLE,1,1,1,1,1,0,,1,1,1,0,0
003026_2026-06-11,003026,2026-06-11,JUNE,2026-06-10,2026-06-09,2026-06-09,1,data/cache/daily/003026_daily.pkl,tencent_daily,YES,2026-06-11,BOARD2,2,1,1,akshare_zt_pool_em,data/cache/limit_ups/2026-06-10_limitups.pkl,1,093400,093400,0.0,145750596.0,428572992.0,2.0,4.0,34440.0,VALID,4.0,34440.0,VALID,1,1,daily_limitup_derived,data/cache/limit_ups/2026-06-09_limitups.pkl,0,,,,,,1.0,,,UNPARSEABLE,,,UNPARSEABLE,1,1,1,1,1,0,,1,1,1,0,0
603002_2026-06-11,603002,2026-06-11,JUNE,2026-06-10,2026-06-09,2026-06-09,1,data/cache/daily/603002_daily.pkl,tencent_daily,YES,2026-06-11,BOARD2,2,1,1,akshare_zt_pool_em,data/cache/limit_ups/2026-06-10_limitups.pkl,1,093932,145314,32.0,15812712.0,3612235616.0,2.0,9.533333333333333,34772.0,VALID,323.23333333333335,53594.0,VALID,1,1,daily_limitup_derived,data/cache/limit_ups/2026-06-09_limitups.pkl,0,,,,,,1.0,,,UNPARSEABLE,,,UNPARSEABLE,1,1,1,1,1,0,,1,1,1,0,0
603065_2026-06-11,603065,2026-06-11,JUNE,2026-06-10,2026-06-09,2026-06-09,1,data/cache/daily/603065_daily.pkl,tencent_daily,YES,2026-06-11,BOARD2,2,1,1,akshare_zt_pool_em,data/cache/limit_ups/2026-06-10_limitups.pkl,1,092503,092503,0.0,252532566.0,42033706.0,2.0,-4.95,33903.0,VALID,-4.95,33903.0,VALID,1,1,daily_limitup_derived,data/cache/limit_ups/2026-06-09_limitups.pkl,0,,,,,,1.0,,,UNPARSEABLE,,,UNPARSEABLE,1,1,1,1,1,0,,1,1,1,0,0
605006_2026-06-11,605006,2026-06-11,JUNE,2026-06-10,2026-06-09,2026-06-09,1,data/cache/daily/605006_daily.pkl,tencent_daily,YES,2026-06-11,BOARD2,2,1,1,akshare_zt_pool_em,data/cache/limit_ups/2026-06-10_limitups.pkl,1,103528,131704,1.0,65046903.0,1945230592.0,2.0,65.46666666666667,38128.0,VALID,227.06666666666666,47824.0,VALID,1,1,daily_limitup_derived,data/cache/limit_ups/2026-06-09_limitups.pkl,0,,,,,,1.0,,,UNPARSEABLE,,,UNPARSEABLE,1,1,1,1,1,0,,1,1,1,0,0
605318_2026-06-11,605318,2026-06-11,JUNE,2026-06-10,2026-06-09,2026-06-09,1,data/cache/daily/605318_daily.pkl,tencent_daily,YES,2026-06-11,BOARD2,2,1,1,akshare_zt_pool_em,data/cache/limit_ups/2026-06-10_limitups.pkl,1,093640,094322,6.0,51064936.0,480243536.0,2.0,6.666666666666667,34600.0,VALID,13.366666666666667,35002.0,VALID,1,1,daily_limitup_derived,data/cache/limit_ups/2026-06-09_limitups.pkl,0,,,,,,1.0,,,UNPARSEABLE,,,UNPARSEABLE,1,1,1,1,1,0,,1,1,1,0,0
605589_2026-06-11,605589,2026-06-11,JUNE,2026-06-10,2026-06-09,2026-06-09,1,data/cache/daily/605589_daily.pkl,tencent_daily,YES,2026-06-11,BOARD2,2,1,1,akshare_zt_pool_em,data/cache/limit_ups/2026-06-10_limitups.pkl,1,092502,092502,0.0,360230324.0,1073491232.0,2.0,-4.966666666666667,33902.0,VALID,-4.966666666666667,33902.0,VALID,1,1,daily_limitup_derived,data/cache/limit_ups/2026-06-09_limitups.pkl,0,,,,,,1.0,,,UNPARSEABLE,,,UNPARSEABLE,1,1,1,1,1,0,,1,1,1,0,0
000048_2026-06-12,000048,2026-06-12,JUNE,2026-06-11,2026-06-10,2026-06-10,1,data/cache/daily/000048_daily.pkl,tencent_daily,YES,2026-06-12,BOARD3,3,1,1,akshare_zt_pool_em,data/cache/limit_ups/2026-06-11_limitups.pkl,1,093118,093227,1.0,73293179.0,560492848.0,3.0,1.3,34278.0,VALID,2.45,34347.0,VALID,1,1,akshare_zt_pool_em,data/cache/limit_ups/2026-06-10_limitups.pkl,1,093030,101339,2.0,43731106.0,524874144.0,2.0,0.5,34230.0,VALID,43.65,36819.0,VALID,1,1,1,1,1,0,,1,1,1,1,1
002119_2026-06-12,002119,2026-06-12,JUNE,2026-06-11,2026-06-10,2026-06-10,1,data/cache/daily/002119_daily.pkl,tencent_daily,YES,2026-06-12,BOARD2,2,1,1,akshare_zt_pool_em,data/cache/limit_ups/2026-06-11_limitups.pkl,1,093118,093854,1.0,119563579.0,1675638144.0,2.0,1.3,34278.0,VALID,8.9,34734.0,VALID,1,1,akshare_zt_pool_em,data/cache/limit_ups/2026-06-10_limitups.pkl,1,093415,131512,2.0,103879248.0,1442297536.0,1.0,4.25,34455.0,VALID,225.2,47712.0,VALID,1,1,1,1,1,0,,1,1,1,1,1
002165_2026-06-12,002165,2026-06-12,JUNE,2026-06-11,2026-06-10,2026-06-10,1,data/cache/daily/002165_daily.pkl,tencent_daily,YES,2026-06-12,BOARD2,2,1,1,akshare_zt_pool_em,data/cache/limit_ups/2026-06-11_limitups.pkl,1,132724,133809,1.0,62245348.0,1367346544.0,2.0,237.4,48444.0,VALID,248.15,49089.0,VALID,1,1,akshare_zt_pool_em,data/cache/limit_ups/2026-06-10_limitups.pkl,1,093509,093509,0.0,158646520.0,310255840.0,1.0,5.15,34509.0,VALID,5.15,34509.0,VALID,1,1,1,1,1,0,,1,1,1,1,1
002409_2026-06-12,002409,2026-06-12,JUNE,2026-06-11,2026-06-10,2026-06-10,1,data/cache/daily/002409_daily.pkl,tencent_daily,YES,2026-06-12,BOARD2,2,1,1,akshare_zt_pool_em,data/cache/limit_ups/2026-06-11_limitups.pkl,1,131933,150000,4.0,31423536.0,7504770560.0,2.0,229.55,47973.0,VALID,330.0,54000.0,VALID,1,1,akshare_zt_pool_em,data/cache/limit_ups/2026-06-10_limitups.pkl,1,110051,135100,4.0,150577185.0,3919264512.0,1.0,90.85,39651.0,VALID,261.0,49860.0,VALID,1,1,1,1,1,0,,1,1,1,1,1
600178_2026-06-12,600178,2026-06-12,JUNE,2026-06-11,2026-06-10,2026-06-10,1,data/cache/daily/600178_daily.pkl,tencent_daily,YES,2026-06-12,BOARD2,2,1,1,akshare_zt_pool_em,data/cache/limit_ups/2026-06-11_limitups.pkl,1,095054,095054,0.0,45998526.0,207046853.0,2.0,20.9,35454.0,VALID,20.9,35454.0,VALID,1,1,akshare_zt_pool_em,data/cache/limit_ups/2026-06-10_limitups.pkl,1,101539,101539,0.0,50206964.0,139132223.0,1.0,45.65,36939.0,VALID,45.65,36939.0,VALID,1,1,1,1,1,0,,1,1,1,1,1
600378_2026-06-12,600378,2026-06-12,JUNE,2026-06-11,2026-06-10,2026-06-10,1,data/cache/daily/600378_daily.pkl,tencent_daily,YES,2026-06-12,BOARD2,2,1,1,akshare_zt_pool_em,data/cache/limit_ups/2026-06-11_limitups.pkl,1,092501,101507,8.0,193223165.0,5058464512.0,2.0,-4.983333333333333,33901.0,VALID,45.11666666666667,36907.0,VALID,1,1,akshare_zt_pool_em,data/cache/limit_ups/2026-06-10_limitups.pkl,1,093714,095150,4.0,268492224.0,3549849376.0,1.0,7.233333333333333,34634.0,VALID,21.833333333333332,35510.0,VALID,1,1,1,1,1,0,,1,1,1,1,1
600665_2026-06-12,600665,2026-06-12,JUNE,2026-06-11,2026-06-10,2026-06-10,1,data/cache/daily/600665_daily.pkl,tencent_daily,YES,2026-06-12,BOARD2,2,1,1,akshare_zt_pool_em,data/cache/limit_ups/2026-06-11_limitups.pkl,1,093025,093025,0.0,47622520.0,143918137.0,2.0,0.4166666666666667,34225.0,VALID,0.4166666666666667,34225.0,VALID,1,1,akshare_zt_pool_em,data/cache/limit_ups/2026-06-10_limitups.pkl,1,100717,111644,2.0,18870666.0,223022646.0,1.0,37.28333333333333,36437.0,VALID,106.73333333333333,40604.0,VALID,1,1,1,1,1,0,,1,1,1,1,1
603155_2026-06-12,603155,2026-06-12,JUNE,2026-06-11,2026-06-10,2026-06-10,1,data/cache/daily/603155_daily.pkl,tencent_daily,YES,2026-06-12,BOARD2,2,1,1,akshare_zt_pool_em,data/cache/limit_ups/2026-06-11_limitups.pkl,1,093404,133007,1.0,29922516.0,918227120.0,2.0,4.066666666666666,34444.0,VALID,240.11666666666667,48607.0,VALID,1,1,akshare_zt_pool_em,data/cache/limit_ups/2026-06-10_limitups.pkl,1,094513,094513,0.0,67339172.0,250156818.0,1.0,15.216666666666667,35113.0,VALID,15.216666666666667,35113.0,VALID,1,1,1,1,1,0,,1,1,1,1,1
002203_2026-06-15,002203,2026-06-15,JUNE,2026-06-12,2026-06-11,2026-06-11,1,data/cache/daily/002203_daily.pkl,tencent_daily,YES,2026-06-15,BOARD2,2,1,1,daily_limitup_derived,data/cache/limit_ups/2026-06-12_limitups.pkl,0,,,,,,2.0,,,UNPARSEABLE,,,UNPARSEABLE,1,1,akshare_zt_pool_em,data/cache/limit_ups/2026-06-11_limitups.pkl,1,092500,092500,0.0,104400247.0,571846240.0,1.0,-5.0,33900.0,VALID,-5.0,33900.0,VALID,1,1,1,1,1,0,,0,0,0,0,0
600067_2026-06-15,600067,2026-06-15,JUNE,2026-06-12,2026-06-11,2026-06-11,1,data/cache/daily/600067_daily.pkl,tencent_daily,YES,2026-06-15,BOARD2,2,1,1,daily_limitup_derived,data/cache/limit_ups/2026-06-12_limitups.pkl,0,,,,,,2.0,,,UNPARSEABLE,,,UNPARSEABLE,1,1,akshare_zt_pool_em,data/cache/limit_ups/2026-06-11_limitups.pkl,1,093936,094045,1.0,39344212.0,123630707.0,1.0,9.6,34776.0,VALID,10.75,34845.0,VALID,1,1,1,1,1,0,,0,0,0,0,0
603014_2026-06-15,603014,2026-06-15,JUNE,2026-06-12,2026-06-11,2026-06-11,1,data/cache/daily/603014_daily.pkl,tencent_daily,YES,2026-06-15,BOARD2,2,1,1,daily_limitup_derived,data/cache/limit_ups/2026-06-12_limitups.pkl,0,,,,,,2.0,,,UNPARSEABLE,,,UNPARSEABLE,1,1,akshare_zt_pool_em,data/cache/limit_ups/2026-06-11_limitups.pkl,1,093613,093613,0.0,55877120.0,82766371.0,1.0,6.216666666666667,34573.0,VALID,6.216666666666667,34573.0,VALID,1,1,1,1,1,0,,0,0,0,0,0
000506_2026-06-16,000506,2026-06-16,JUNE,2026-06-15,2026-06-12,2026-06-12,1,data/cache/daily/000506_daily.pkl,tencent_daily,YES,2026-06-16,BOARD2,2,1,1,daily_limitup_derived,data/cache/limit_ups/2026-06-15_limitups.pkl,0,,,,,,2.0,,,UNPARSEABLE,,,UNPARSEABLE,1,1,daily_limitup_derived,data/cache/limit_ups/2026-06-12_limitups.pkl,0,,,,,,1.0,,,UNPARSEABLE,,,UNPARSEABLE,1,1,1,1,1,0,,0,0,0,0,0
000510_2026-06-16,000510,2026-06-16,JUNE,2026-06-15,2026-06-12,2026-06-12,1,data/cache/daily/000510_daily.pkl,tencent_daily,YES,2026-06-16,BOARD3,3,1,1,daily_limitup_derived,data/cache/limit_ups/2026-06-15_limitups.pkl,0,,,,,,3.0,,,UNPARSEABLE,,,UNPARSEABLE,1,1,daily_limitup_derived,data/cache/limit_ups/2026-06-12_limitups.pkl,0,,,,,,2.0,,,UNPARSEABLE,,,UNPARSEABLE,1,1,1,1,1,0,,0,0,0,0,0
001359_2026-06-16,001359,2026-06-16,JUNE,2026-06-15,2026-06-12,2026-06-12,1,data/cache/daily/001359_daily.pkl,tencent_daily,YES,2026-06-16,BOARD2,2,1,1,daily_limitup_derived,data/cache/limit_ups/2026-06-15_limitups.pkl,0,,,,,,2.0,,,UNPARSEABLE,,,UNPARSEABLE,1,1,daily_limitup_derived,data/cache/limit_ups/2026-06-12_limitups.pkl,0,,,,,,1.0,,,UNPARSEABLE,,,UNPARSEABLE,1,1,1,1,1,0,,0,0,0,0,0
601696_2026-06-16,601696,2026-06-16,JUNE,2026-06-15,2026-06-12,2026-06-12,1,data/cache/daily/601696_daily.pkl,tencent_daily,YES,2026-06-16,BOARD2,2,1,1,daily_limitup_derived,data/cache/limit_ups/2026-06-15_limitups.pkl,0,,,,,,2.0,,,UNPARSEABLE,,,UNPARSEABLE,1,1,daily_limitup_derived,data/cache/limit_ups/2026-06-12_limitups.pkl,0,,,,,,1.0,,,UNPARSEABLE,,,UNPARSEABLE,1,1,1,1,1,0,,0,0,0,0,0
601958_2026-06-16,601958,2026-06-16,JUNE,2026-06-15,2026-06-12,2026-06-12,1,data/cache/daily/601958_daily.pkl,tencent_daily,YES,2026-06-16,BOARD3,3,1,1,daily_limitup_derived,data/cache/limit_ups/2026-06-15_limitups.pkl,0,,,,,,3.0,,,UNPARSEABLE,,,UNPARSEABLE,1,1,daily_limitup_derived,data/cache/limit_ups/2026-06-12_limitups.pkl,0,,,,,,2.0,,,UNPARSEABLE,,,UNPARSEABLE,1,1,1,1,1,0,,0,0,0,0,0
603335_2026-06-16,603335,2026-06-16,JUNE,2026-06-15,2026-06-12,2026-06-12,1,data/cache/daily/603335_daily.pkl,tencent_daily,YES,2026-06-16,BOARD2,2,1,1,daily_limitup_derived,data/cache/limit_ups/2026-06-15_limitups.pkl,0,,,,,,2.0,,,UNPARSEABLE,,,UNPARSEABLE,1,1,daily_limitup_derived,data/cache/limit_ups/2026-06-12_limitups.pkl,0,,,,,,1.0,,,UNPARSEABLE,,,UNPARSEABLE,1,1,1,1,1,0,,0,0,0,0,0
603738_2026-06-16,603738,2026-06-16,JUNE,2026-06-15,2026-06-12,2026-06-12,1,data/cache/daily/603738_daily.pkl,tencent_daily,YES,2026-06-16,BOARD2,2,1,1,daily_limitup_derived,data/cache/limit_ups/2026-06-15_limitups.pkl,0,,,,,,2.0,,,UNPARSEABLE,,,UNPARSEABLE,1,1,daily_limitup_derived,data/cache/limit_ups/2026-06-12_limitups.pkl,0,,,,,,1.0,,,UNPARSEABLE,,,UNPARSEABLE,1,1,1,1,1,0,,0,0,0,0,0
002051_2026-06-17,002051,2026-06-17,JUNE,2026-06-16,2026-06-15,2026-06-15,1,data/cache/daily/002051_daily.pkl,tencent_daily,YES,2026-06-17,BOARD2,2,1,1,daily_limitup_derived,data/cache/limit_ups/2026-06-16_limitups.pkl,0,,,,,,2.0,,,UNPARSEABLE,,,UNPARSEABLE,1,1,daily_limitup_derived,data/cache/limit_ups/2026-06-15_limitups.pkl,0,,,,,,1.0,,,UNPARSEABLE,,,UNPARSEABLE,1,1,1,1,1,0,,0,0,0,0,0
002515_2026-06-17,002515,2026-06-17,JUNE,2026-06-16,2026-06-15,2026-06-15,1,data/cache/daily/002515_daily.pkl,tencent_daily,YES,2026-06-17,BOARD2,2,1,1,daily_limitup_derived,data/cache/limit_ups/2026-06-16_limitups.pkl,0,,,,,,2.0,,,UNPARSEABLE,,,UNPARSEABLE,1,1,daily_limitup_derived,data/cache/limit_ups/2026-06-15_limitups.pkl,0,,,,,,1.0,,,UNPARSEABLE,,,UNPARSEABLE,1,1,1,1,1,0,,0,0,0,0,0
002552_2026-06-17,002552,2026-06-17,JUNE,2026-06-16,2026-06-15,2026-06-15,1,data/cache/daily/002552_daily.pkl,tencent_daily,YES,2026-06-17,BOARD2,2,1,1,daily_limitup_derived,data/cache/limit_ups/2026-06-16_limitups.pkl,0,,,,,,2.0,,,UNPARSEABLE,,,UNPARSEABLE,1,1,daily_limitup_derived,data/cache/limit_ups/2026-06-15_limitups.pkl,0,,,,,,1.0,,,UNPARSEABLE,,,UNPARSEABLE,1,1,1,1,1,0,,0,0,0,0,0
002585_2026-06-17,002585,2026-06-17,JUNE,2026-06-16,2026-06-15,2026-06-15,1,data/cache/daily/002585_daily.pkl,tencent_daily,YES,2026-06-17,BOARD2,2,1,1,daily_limitup_derived,data/cache/limit_ups/2026-06-16_limitups.pkl,0,,,,,,2.0,,,UNPARSEABLE,,,UNPARSEABLE,1,1,daily_limitup_derived,data/cache/limit_ups/2026-06-15_limitups.pkl,0,,,,,,1.0,,,UNPARSEABLE,,,UNPARSEABLE,1,1,1,1,1,0,,0,0,0,0,0
002806_2026-06-17,002806,2026-06-17,JUNE,2026-06-16,2026-06-15,2026-06-15,1,data/cache/daily/002806_daily.pkl,tencent_daily,YES,2026-06-17,BOARD2,2,1,1,daily_limitup_derived,data/cache/limit_ups/2026-06-16_limitups.pkl,0,,,,,,2.0,,,UNPARSEABLE,,,UNPARSEABLE,1,1,daily_limitup_derived,data/cache/limit_ups/2026-06-15_limitups.pkl,0,,,,,,1.0,,,UNPARSEABLE,,,UNPARSEABLE,1,1,1,1,1,0,,0,0,0,0,0
002824_2026-06-17,002824,2026-06-17,JUNE,2026-06-16,2026-06-15,2026-06-15,1,data/cache/daily/002824_daily.pkl,tencent_daily,YES,2026-06-17,BOARD2,2,1,1,daily_limitup_derived,data/cache/limit_ups/2026-06-16_limitups.pkl,0,,,,,,2.0,,,UNPARSEABLE,,,UNPARSEABLE,1,1,daily_limitup_derived,data/cache/limit_ups/2026-06-15_limitups.pkl,0,,,,,,1.0,,,UNPARSEABLE,,,UNPARSEABLE,1,1,1,1,1,0,,0,0,0,0,0
002851_2026-06-17,002851,2026-06-17,JUNE,2026-06-16,2026-06-15,2026-06-15,1,data/cache/daily/002851_daily.pkl,tencent_daily,YES,2026-06-17,BOARD2,2,1,1,daily_limitup_derived,data/cache/limit_ups/2026-06-16_limitups.pkl,0,,,,,,2.0,,,UNPARSEABLE,,,UNPARSEABLE,1,1,daily_limitup_derived,data/cache/limit_ups/2026-06-15_limitups.pkl,0,,,,,,1.0,,,UNPARSEABLE,,,UNPARSEABLE,1,1,1,1,1,0,,0,0,0,0,0
002990_2026-06-17,002990,2026-06-17,JUNE,2026-06-16,2026-06-15,2026-06-15,1,data/cache/daily/002990_daily.pkl,tencent_daily,YES,2026-06-17,BOARD2,2,1,1,daily_limitup_derived,data/cache/limit_ups/2026-06-16_limitups.pkl,0,,,,,,2.0,,,UNPARSEABLE,,,UNPARSEABLE,1,1,daily_limitup_derived,data/cache/limit_ups/2026-06-15_limitups.pkl,0,,,,,,1.0,,,UNPARSEABLE,,,UNPARSEABLE,1,1,1,1,1,0,,0,0,0,0,0
600545_2026-06-17,600545,2026-06-17,JUNE,2026-06-16,2026-06-15,2026-06-15,1,data/cache/daily/600545_daily.pkl,tencent_daily,YES,2026-06-17,BOARD2,2,1,1,daily_limitup_derived,data/cache/limit_ups/2026-06-16_limitups.pkl,0,,,,,,2.0,,,UNPARSEABLE,,,UNPARSEABLE,1,1,daily_limitup_derived,data/cache/limit_ups/2026-06-15_limitups.pkl,0,,,,,,1.0,,,UNPARSEABLE,,,UNPARSEABLE,1,1,1,1,1,0,,0,0,0,0,0
600549_2026-06-17,600549,2026-06-17,JUNE,2026-06-16,2026-06-15,2026-06-15,1,data/cache/daily/600549_daily.pkl,tencent_daily,YES,2026-06-17,BOARD2,2,1,1,daily_limitup_derived,data/cache/limit_ups/2026-06-16_limitups.pkl,0,,,,,,2.0,,,UNPARSEABLE,,,UNPARSEABLE,1,1,daily_limitup_derived,data/cache/limit_ups/2026-06-15_limitups.pkl,0,,,,,,1.0,,,UNPARSEABLE,,,UNPARSEABLE,1,1,1,1,1,0,,0,0,0,0,0
600703_2026-06-17,600703,2026-06-17,JUNE,2026-06-16,2026-06-15,2026-06-15,1,data/cache/daily/600703_daily.pkl,tencent_daily,YES,2026-06-17,BOARD2,2,1,1,daily_limitup_derived,data/cache/limit_ups/2026-06-16_limitups.pkl,0,,,,,,2.0,,,UNPARSEABLE,,,UNPARSEABLE,1,1,daily_limitup_derived,data/cache/limit_ups/2026-06-15_limitups.pkl,0,,,,,,1.0,,,UNPARSEABLE,,,UNPARSEABLE,1,1,1,1,1,0,,0,0,0,0,0
601179_2026-06-17,601179,2026-06-17,JUNE,2026-06-16,2026-06-15,2026-06-15,1,data/cache/daily/601179_daily.pkl,tencent_daily,YES,2026-06-17,BOARD2,2,1,1,daily_limitup_derived,data/cache/limit_ups/2026-06-16_limitups.pkl,0,,,,,,2.0,,,UNPARSEABLE,,,UNPARSEABLE,1,1,daily_limitup_derived,data/cache/limit_ups/2026-06-15_limitups.pkl,0,,,,,,1.0,,,UNPARSEABLE,,,UNPARSEABLE,1,1,1,1,1,0,,0,0,0,0,0
603045_2026-06-17,603045,2026-06-17,JUNE,2026-06-16,2026-06-15,2026-06-15,1,data/cache/daily/603045_daily.pkl,tencent_daily,YES,2026-06-17,BOARD2,2,1,1,daily_limitup_derived,data/cache/limit_ups/2026-06-16_limitups.pkl,0,,,,,,2.0,,,UNPARSEABLE,,,UNPARSEABLE,1,1,daily_limitup_derived,data/cache/limit_ups/2026-06-15_limitups.pkl,0,,,,,,1.0,,,UNPARSEABLE,,,UNPARSEABLE,1,1,1,1,1,0,,0,0,0,0,0
603256_2026-06-17,603256,2026-06-17,JUNE,2026-06-16,2026-06-15,2026-06-15,1,data/cache/daily/603256_daily.pkl,tencent_daily,YES,2026-06-17,BOARD2,2,1,1,daily_limitup_derived,data/cache/limit_ups/2026-06-16_limitups.pkl,0,,,,,,2.0,,,UNPARSEABLE,,,UNPARSEABLE,1,1,daily_limitup_derived,data/cache/limit_ups/2026-06-15_limitups.pkl,0,,,,,,1.0,,,UNPARSEABLE,,,UNPARSEABLE,1,1,1,1,1,0,,0,0,0,0,0
603516_2026-06-17,603516,2026-06-17,JUNE,2026-06-16,2026-06-15,2026-06-15,1,data/cache/daily/603516_daily.pkl,tencent_daily,YES,2026-06-17,BOARD2,2,1,1,daily_limitup_derived,data/cache/limit_ups/2026-06-16_limitups.pkl,0,,,,,,2.0,,,UNPARSEABLE,,,UNPARSEABLE,1,1,daily_limitup_derived,data/cache/limit_ups/2026-06-15_limitups.pkl,0,,,,,,1.0,,,UNPARSEABLE,,,UNPARSEABLE,1,1,1,1,1,0,,0,0,0,0,0
605198_2026-06-17,605198,2026-06-17,JUNE,2026-06-16,2026-06-15,2026-06-15,1,data/cache/daily/605198_daily.pkl,tencent_daily,YES,2026-06-17,BOARD3,3,1,1,daily_limitup_derived,data/cache/limit_ups/2026-06-16_limitups.pkl,0,,,,,,3.0,,,UNPARSEABLE,,,UNPARSEABLE,1,1,daily_limitup_derived,data/cache/limit_ups/2026-06-15_limitups.pkl,0,,,,,,2.0,,,UNPARSEABLE,,,UNPARSEABLE,1,1,1,1,1,0,,0,0,0,0,0
605289_2026-06-17,605289,2026-06-17,JUNE,2026-06-16,2026-06-15,2026-06-15,1,data/cache/daily/605289_daily.pkl,tencent_daily,YES,2026-06-17,BOARD2,2,1,1,daily_limitup_derived,data/cache/limit_ups/2026-06-16_limitups.pkl,0,,,,,,2.0,,,UNPARSEABLE,,,UNPARSEABLE,1,1,daily_limitup_derived,data/cache/limit_ups/2026-06-15_limitups.pkl,0,,,,,,1.0,,,UNPARSEABLE,,,UNPARSEABLE,1,1,1,1,1,0,,0,0,0,0,0
000679_2026-06-18,000679,2026-06-18,JUNE,2026-06-17,2026-06-16,2026-06-16,1,data/cache/daily/000679_daily.pkl,tencent_daily,YES,2026-06-18,BOARD2,2,1,1,daily_limitup_derived,data/cache/limit_ups/2026-06-17_limitups.pkl,0,,,,,,2.0,,,UNPARSEABLE,,,UNPARSEABLE,1,1,daily_limitup_derived,data/cache/limit_ups/2026-06-16_limitups.pkl,0,,,,,,1.0,,,UNPARSEABLE,,,UNPARSEABLE,1,1,1,1,1,0,,0,0,0,0,0
000777_2026-06-18,000777,2026-06-18,JUNE,2026-06-17,2026-06-16,2026-06-16,1,data/cache/daily/000777_daily.pkl,tencent_daily,YES,2026-06-18,BOARD3,3,1,1,daily_limitup_derived,data/cache/limit_ups/2026-06-17_limitups.pkl,0,,,,,,3.0,,,UNPARSEABLE,,,UNPARSEABLE,1,1,daily_limitup_derived,data/cache/limit_ups/2026-06-16_limitups.pkl,0,,,,,,2.0,,,UNPARSEABLE,,,UNPARSEABLE,1,1,1,1,1,0,,0,0,0,0,0
002080_2026-06-18,002080,2026-06-18,JUNE,2026-06-17,2026-06-16,2026-06-16,1,data/cache/daily/002080_daily.pkl,tencent_daily,YES,2026-06-18,BOARD3,3,1,1,daily_limitup_derived,data/cache/limit_ups/2026-06-17_limitups.pkl,0,,,,,,3.0,,,UNPARSEABLE,,,UNPARSEABLE,1,1,daily_limitup_derived,data/cache/limit_ups/2026-06-16_limitups.pkl,0,,,,,,2.0,,,UNPARSEABLE,,,UNPARSEABLE,1,1,1,1,1,0,,0,0,0,0,0
002484_2026-06-18,002484,2026-06-18,JUNE,2026-06-17,2026-06-16,2026-06-16,1,data/cache/daily/002484_daily.pkl,tencent_daily,YES,2026-06-18,BOARD2,2,1,1,daily_limitup_derived,data/cache/limit_ups/2026-06-17_limitups.pkl,0,,,,,,2.0,,,UNPARSEABLE,,,UNPARSEABLE,1,1,daily_limitup_derived,data/cache/limit_ups/2026-06-16_limitups.pkl,0,,,,,,1.0,,,UNPARSEABLE,,,UNPARSEABLE,1,1,1,1,1,0,,0,0,0,0,0
002741_2026-06-18,002741,2026-06-18,JUNE,2026-06-17,2026-06-16,2026-06-16,1,data/cache/daily/002741_daily.pkl,tencent_daily,YES,2026-06-18,BOARD3,3,1,1,daily_limitup_derived,data/cache/limit_ups/2026-06-17_limitups.pkl,0,,,,,,3.0,,,UNPARSEABLE,,,UNPARSEABLE,1,1,daily_limitup_derived,data/cache/limit_ups/2026-06-16_limitups.pkl,0,,,,,,2.0,,,UNPARSEABLE,,,UNPARSEABLE,1,1,1,1,1,0,,0,0,0,0,0
600110_2026-06-18,600110,2026-06-18,JUNE,2026-06-17,2026-06-16,2026-06-16,1,data/cache/daily/600110_daily.pkl,tencent_daily,YES,2026-06-18,BOARD3,3,1,1,daily_limitup_derived,data/cache/limit_ups/2026-06-17_limitups.pkl,0,,,,,,3.0,,,UNPARSEABLE,,,UNPARSEABLE,1,1,daily_limitup_derived,data/cache/limit_ups/2026-06-16_limitups.pkl,0,,,,,,2.0,,,UNPARSEABLE,,,UNPARSEABLE,1,1,1,1,1,0,,0,0,0,0,0
600186_2026-06-18,600186,2026-06-18,JUNE,2026-06-17,2026-06-16,2026-06-16,1,data/cache/daily/600186_daily.pkl,tencent_daily,YES,2026-06-18,BOARD2,2,1,1,daily_limitup_derived,data/cache/limit_ups/2026-06-17_limitups.pkl,0,,,,,,2.0,,,UNPARSEABLE,,,UNPARSEABLE,1,1,daily_limitup_derived,data/cache/limit_ups/2026-06-16_limitups.pkl,0,,,,,,1.0,,,UNPARSEABLE,,,UNPARSEABLE,1,1,1,1,1,0,,0,0,0,0,0
600192_2026-06-18,600192,2026-06-18,JUNE,2026-06-17,2026-06-16,2026-06-16,1,data/cache/daily/600192_daily.pkl,tencent_daily,YES,2026-06-18,BOARD2,2,1,1,daily_limitup_derived,data/cache/limit_ups/2026-06-17_limitups.pkl,0,,,,,,2.0,,,UNPARSEABLE,,,UNPARSEABLE,1,1,daily_limitup_derived,data/cache/limit_ups/2026-06-16_limitups.pkl,0,,,,,,1.0,,,UNPARSEABLE,,,UNPARSEABLE,1,1,1,1,1,0,,0,0,0,0,0
600615_2026-06-18,600615,2026-06-18,JUNE,2026-06-17,2026-06-16,2026-06-16,1,data/cache/daily/600615_daily.pkl,tencent_daily,YES,2026-06-18,BOARD2,2,1,1,daily_limitup_derived,data/cache/limit_ups/2026-06-17_limitups.pkl,0,,,,,,2.0,,,UNPARSEABLE,,,UNPARSEABLE,1,1,daily_limitup_derived,data/cache/limit_ups/2026-06-16_limitups.pkl,0,,,,,,1.0,,,UNPARSEABLE,,,UNPARSEABLE,1,1,1,1,1,0,,0,0,0,0,0
600707_2026-06-18,600707,2026-06-18,JUNE,2026-06-17,2026-06-16,2026-06-16,1,data/cache/daily/600707_daily.pkl,tencent_daily,YES,2026-06-18,BOARD2,2,1,1,daily_limitup_derived,data/cache/limit_ups/2026-06-17_limitups.pkl,0,,,,,,2.0,,,UNPARSEABLE,,,UNPARSEABLE,1,1,daily_limitup_derived,data/cache/limit_ups/2026-06-16_limitups.pkl,0,,,,,,1.0,,,UNPARSEABLE,,,UNPARSEABLE,1,1,1,1,1,0,,0,0,0,0,0
601636_2026-06-18,601636,2026-06-18,JUNE,2026-06-17,2026-06-16,2026-06-16,1,data/cache/daily/601636_daily.pkl,tencent_daily,YES,2026-06-18,BOARD3,3,1,1,daily_limitup_derived,data/cache/limit_ups/2026-06-17_limitups.pkl,0,,,,,,3.0,,,UNPARSEABLE,,,UNPARSEABLE,1,1,daily_limitup_derived,data/cache/limit_ups/2026-06-16_limitups.pkl,0,,,,,,2.0,,,UNPARSEABLE,,,UNPARSEABLE,1,1,1,1,1,0,,0,0,0,0,0
603002_2026-06-18,603002,2026-06-18,JUNE,2026-06-17,2026-06-16,2026-06-16,1,data/cache/daily/603002_daily.pkl,tencent_daily,YES,2026-06-18,BOARD3,3,1,1,daily_limitup_derived,data/cache/limit_ups/2026-06-17_limitups.pkl,0,,,,,,3.0,,,UNPARSEABLE,,,UNPARSEABLE,1,1,daily_limitup_derived,data/cache/limit_ups/2026-06-16_limitups.pkl,0,,,,,,2.0,,,UNPARSEABLE,,,UNPARSEABLE,1,1,1,1,1,0,,0,0,0,0,0
603115_2026-06-18,603115,2026-06-18,JUNE,2026-06-17,2026-06-16,2026-06-16,1,data/cache/daily/603115_daily.pkl,tencent_daily,YES,2026-06-18,BOARD3,3,1,1,daily_limitup_derived,data/cache/limit_ups/2026-06-17_limitups.pkl,0,,,,,,3.0,,,UNPARSEABLE,,,UNPARSEABLE,1,1,daily_limitup_derived,data/cache/limit_ups/2026-06-16_limitups.pkl,0,,,,,,2.0,,,UNPARSEABLE,,,UNPARSEABLE,1,1,1,1,1,0,,0,0,0,0,0
603186_2026-06-18,603186,2026-06-18,JUNE,2026-06-17,2026-06-16,2026-06-16,1,data/cache/daily/603186_daily.pkl,tencent_daily,YES,2026-06-18,BOARD3,3,1,1,daily_limitup_derived,data/cache/limit_ups/2026-06-17_limitups.pkl,0,,,,,,3.0,,,UNPARSEABLE,,,UNPARSEABLE,1,1,daily_limitup_derived,data/cache/limit_ups/2026-06-16_limitups.pkl,0,,,,,,2.0,,,UNPARSEABLE,,,UNPARSEABLE,1,1,1,1,1,0,,0,0,0,0,0
603773_2026-06-18,603773,2026-06-18,JUNE,2026-06-17,2026-06-16,2026-06-16,1,data/cache/daily/603773_daily.pkl,tencent_daily,YES,2026-06-18,BOARD2,2,1,1,daily_limitup_derived,data/cache/limit_ups/2026-06-17_limitups.pkl,0,,,,,,2.0,,,UNPARSEABLE,,,UNPARSEABLE,1,1,daily_limitup_derived,data/cache/limit_ups/2026-06-16_limitups.pkl,0,,,,,,1.0,,,UNPARSEABLE,,,UNPARSEABLE,1,1,1,1,1,0,,0,0,0,0,0
001339_2026-06-22,001339,2026-06-22,JUNE,2026-06-18,2026-06-17,2026-06-17,1,data/cache/daily/001339_daily.pkl,tencent_daily,YES,2026-06-22,BOARD2,2,1,1,akshare_zt_pool_em,data/cache/limit_ups/2026-06-18_limitups.pkl,1,094339,094606,2.0,154063191.0,966307680.0,2.0,13.65,35019.0,VALID,16.1,35166.0,VALID,1,1,daily_limitup_derived,data/cache/limit_ups/2026-06-17_limitups.pkl,0,,,,,,1.0,,,UNPARSEABLE,,,UNPARSEABLE,1,1,1,1,1,0,,1,1,1,0,0
002141_2026-06-22,002141,2026-06-22,JUNE,2026-06-18,2026-06-17,2026-06-17,1,data/cache/daily/002141_daily.pkl,tencent_daily,YES,2026-06-22,BOARD3,3,1,1,akshare_zt_pool_em,data/cache/limit_ups/2026-06-18_limitups.pkl,1,093109,093109,0.0,113782296.0,257761541.0,3.0,1.15,34269.0,VALID,1.15,34269.0,VALID,1,1,daily_limitup_derived,data/cache/limit_ups/2026-06-17_limitups.pkl,0,,,,,,2.0,,,UNPARSEABLE,,,UNPARSEABLE,1,1,1,1,1,0,,1,1,1,0,0
002491_2026-06-22,002491,2026-06-22,JUNE,2026-06-18,2026-06-17,2026-06-17,1,data/cache/daily/002491_daily.pkl,tencent_daily,YES,2026-06-22,BOARD2,2,1,1,akshare_zt_pool_em,data/cache/limit_ups/2026-06-18_limitups.pkl,1,093057,093057,0.0,232353450.0,1725393312.0,2.0,0.95,34257.0,VALID,0.95,34257.0,VALID,1,1,daily_limitup_derived,data/cache/limit_ups/2026-06-17_limitups.pkl,0,,,,,,1.0,,,UNPARSEABLE,,,UNPARSEABLE,1,1,1,1,1,0,,1,1,1,0,0
002579_2026-06-22,002579,2026-06-22,JUNE,2026-06-18,2026-06-17,2026-06-17,1,data/cache/daily/002579_daily.pkl,tencent_daily,YES,2026-06-22,BOARD2,2,1,1,akshare_zt_pool_em,data/cache/limit_ups/2026-06-18_limitups.pkl,1,093212,093500,2.0,166495984.0,1422120960.0,2.0,2.2,34332.0,VALID,5.0,34500.0,VALID,1,1,daily_limitup_derived,data/cache/limit_ups/2026-06-17_limitups.pkl,0,,,,,,1.0,,,UNPARSEABLE,,,UNPARSEABLE,1,1,1,1,1,0,,1,1,1,0,0
002989_2026-06-22,002989,2026-06-22,JUNE,2026-06-18,2026-06-17,2026-06-17,1,data/cache/daily/002989_daily.pkl,tencent_daily,YES,2026-06-22,BOARD3,3,1,1,akshare_zt_pool_em,data/cache/limit_ups/2026-06-18_limitups.pkl,1,094839,101615,9.0,46338052.0,761290992.0,3.0,18.65,35319.0,VALID,46.25,36975.0,VALID,1,1,daily_limitup_derived,data/cache/limit_ups/2026-06-17_limitups.pkl,0,,,,,,2.0,,,UNPARSEABLE,,,UNPARSEABLE,1,1,1,1,1,0,,1,1,1,0,0
603261_2026-06-22,603261,2026-06-22,JUNE,2026-06-18,2026-06-17,2026-06-17,1,data/cache/daily/603261_daily.pkl,tencent_daily,YES,2026-06-22,BOARD2,2,1,1,akshare_zt_pool_em,data/cache/limit_ups/2026-06-18_limitups.pkl,1,093115,093612,4.0,16197786.0,116578928.0,2.0,1.25,34275.0,VALID,6.2,34572.0,VALID,1,1,daily_limitup_derived,data/cache/limit_ups/2026-06-17_limitups.pkl,0,,,,,,1.0,,,UNPARSEABLE,,,UNPARSEABLE,1,1,1,1,1,0,,1,1,1,0,0
603324_2026-06-22,603324,2026-06-22,JUNE,2026-06-18,2026-06-17,2026-06-17,1,data/cache/daily/603324_daily.pkl,tencent_daily,YES,2026-06-22,BOARD2,2,1,1,akshare_zt_pool_em,data/cache/limit_ups/2026-06-18_limitups.pkl,1,130447,131811,5.0,16069404.0,765252352.0,2.0,214.78333333333333,47087.0,VALID,228.18333333333334,47891.0,VALID,1,1,daily_limitup_derived,data/cache/limit_ups/2026-06-17_limitups.pkl,0,,,,,,1.0,,,UNPARSEABLE,,,UNPARSEABLE,1,1,1,1,1,0,,1,1,1,0,0
000657_2026-06-23,000657,2026-06-23,JUNE,2026-06-22,2026-06-18,2026-06-18,1,data/cache/daily/000657_daily.pkl,tencent_daily,YES,2026-06-23,BOARD2,2,1,1,daily_limitup_derived,data/cache/limit_ups/2026-06-22_limitups.pkl,0,,,,,,2.0,,,UNPARSEABLE,,,UNPARSEABLE,1,1,akshare_zt_pool_em,data/cache/limit_ups/2026-06-18_limitups.pkl,1,135909,135909,0.0,277816511.0,8568251904.0,1.0,269.15,50349.0,VALID,269.15,50349.0,VALID,1,1,1,1,1,0,,0,0,0,0,0
000811_2026-06-23,000811,2026-06-23,JUNE,2026-06-22,2026-06-18,2026-06-18,1,data/cache/daily/000811_daily.pkl,tencent_daily,YES,2026-06-23,BOARD3,3,1,1,daily_limitup_derived,data/cache/limit_ups/2026-06-22_limitups.pkl,0,,,,,,3.0,,,UNPARSEABLE,,,UNPARSEABLE,1,1,akshare_zt_pool_em,data/cache/limit_ups/2026-06-18_limitups.pkl,1,092500,092500,0.0,341234067.0,170190288.0,2.0,-5.0,33900.0,VALID,-5.0,33900.0,VALID,1,1,1,1,1,0,,0,0,0,0,0
001296_2026-06-23,001296,2026-06-23,JUNE,2026-06-22,2026-06-18,2026-06-18,1,data/cache/daily/001296_daily.pkl,tencent_daily,YES,2026-06-23,BOARD2,2,1,1,daily_limitup_derived,data/cache/limit_ups/2026-06-22_limitups.pkl,0,,,,,,2.0,,,UNPARSEABLE,,,UNPARSEABLE,1,1,akshare_zt_pool_em,data/cache/limit_ups/2026-06-18_limitups.pkl,1,103206,145345,1.0,18619917.0,191930706.0,1.0,62.1,37926.0,VALID,323.75,53625.0,VALID,1,1,1,1,1,0,,0,0,0,0,0
002297_2026-06-23,002297,2026-06-23,JUNE,2026-06-22,2026-06-18,2026-06-18,1,data/cache/daily/002297_daily.pkl,tencent_daily,YES,2026-06-23,BOARD2,2,1,1,daily_limitup_derived,data/cache/limit_ups/2026-06-22_limitups.pkl,0,,,,,,2.0,,,UNPARSEABLE,,,UNPARSEABLE,1,1,akshare_zt_pool_em,data/cache/limit_ups/2026-06-18_limitups.pkl,1,094218,140054,23.0,45049860.0,3292499344.0,1.0,12.3,34938.0,VALID,270.9,50454.0,VALID,1,1,1,1,1,0,,0,0,0,0,0
002354_2026-06-23,002354,2026-06-23,JUNE,2026-06-22,2026-06-18,2026-06-18,1,data/cache/daily/002354_daily.pkl,tencent_daily,YES,2026-06-23,BOARD2,2,1,1,daily_limitup_derived,data/cache/limit_ups/2026-06-22_limitups.pkl,0,,,,,,2.0,,,UNPARSEABLE,,,UNPARSEABLE,1,1,akshare_zt_pool_em,data/cache/limit_ups/2026-06-18_limitups.pkl,1,101909,131836,3.0,87744776.0,2771301808.0,1.0,49.15,37149.0,VALID,228.6,47916.0,VALID,1,1,1,1,1,0,,0,0,0,0,0
002655_2026-06-23,002655,2026-06-23,JUNE,2026-06-22,2026-06-18,2026-06-18,1,data/cache/daily/002655_daily.pkl,tencent_daily,YES,2026-06-23,BOARD2,2,1,1,daily_limitup_derived,data/cache/limit_ups/2026-06-22_limitups.pkl,0,,,,,,2.0,,,UNPARSEABLE,,,UNPARSEABLE,1,1,akshare_zt_pool_em,data/cache/limit_ups/2026-06-18_limitups.pkl,1,093645,131651,3.0,28970539.0,1615779712.0,1.0,6.75,34605.0,VALID,226.85,47811.0,VALID,1,1,1,1,1,0,,0,0,0,0,0
002805_2026-06-23,002805,2026-06-23,JUNE,2026-06-22,2026-06-18,2026-06-18,1,data/cache/daily/002805_daily.pkl,tencent_daily,YES,2026-06-23,BOARD2,2,1,1,daily_limitup_derived,data/cache/limit_ups/2026-06-22_limitups.pkl,0,,,,,,2.0,,,UNPARSEABLE,,,UNPARSEABLE,1,1,akshare_zt_pool_em,data/cache/limit_ups/2026-06-18_limitups.pkl,1,093118,104248,7.0,29230360.0,828417904.0,1.0,1.3,34278.0,VALID,72.8,38568.0,VALID,1,1,1,1,1,0,,0,0,0,0,0
002842_2026-06-23,002842,2026-06-23,JUNE,2026-06-22,2026-06-18,2026-06-18,1,data/cache/daily/002842_daily.pkl,tencent_daily,YES,2026-06-23,BOARD2,2,1,1,daily_limitup_derived,data/cache/limit_ups/2026-06-22_limitups.pkl,0,,,,,,2.0,,,UNPARSEABLE,,,UNPARSEABLE,1,1,akshare_zt_pool_em,data/cache/limit_ups/2026-06-18_limitups.pkl,1,142133,145557,15.0,2582224.0,3870358336.0,1.0,291.55,51693.0,VALID,325.95,53757.0,VALID,1,1,1,1,1,0,,0,0,0,0,0
003031_2026-06-23,003031,2026-06-23,JUNE,2026-06-22,2026-06-18,2026-06-18,1,data/cache/daily/003031_daily.pkl,tencent_daily,YES,2026-06-23,BOARD2,2,1,1,daily_limitup_derived,data/cache/limit_ups/2026-06-22_limitups.pkl,0,,,,,,2.0,,,UNPARSEABLE,,,UNPARSEABLE,1,1,akshare_zt_pool_em,data/cache/limit_ups/2026-06-18_limitups.pkl,1,131512,135251,2.0,36119529.0,2693468288.0,1.0,225.2,47712.0,VALID,262.85,49971.0,VALID,1,1,1,1,1,0,,0,0,0,0,0
600162_2026-06-23,600162,2026-06-23,JUNE,2026-06-22,2026-06-18,2026-06-18,1,data/cache/daily/600162_daily.pkl,tencent_daily,YES,2026-06-23,BOARD2,2,1,1,daily_limitup_derived,data/cache/limit_ups/2026-06-22_limitups.pkl,0,,,,,,2.0,,,UNPARSEABLE,,,UNPARSEABLE,1,1,akshare_zt_pool_em,data/cache/limit_ups/2026-06-18_limitups.pkl,1,102218,103324,2.0,46110052.0,927187120.0,1.0,52.3,37338.0,VALID,63.4,38004.0,VALID,1,1,1,1,1,0,,0,0,0,0,0
600769_2026-06-23,600769,2026-06-23,JUNE,2026-06-22,2026-06-18,2026-06-18,1,data/cache/daily/600769_daily.pkl,tencent_daily,YES,2026-06-23,BOARD2,2,1,1,daily_limitup_derived,data/cache/limit_ups/2026-06-22_limitups.pkl,0,,,,,,2.0,,,UNPARSEABLE,,,UNPARSEABLE,1,1,akshare_zt_pool_em,data/cache/limit_ups/2026-06-18_limitups.pkl,1,092502,092502,0.0,147585648.0,103592372.0,1.0,-4.966666666666667,33902.0,VALID,-4.966666666666667,33902.0,VALID,1,1,1,1,1,0,,0,0,0,0,0
603082_2026-06-23,603082,2026-06-23,JUNE,2026-06-22,2026-06-18,2026-06-18,1,data/cache/daily/603082_daily.pkl,tencent_daily,YES,2026-06-23,BOARD2,2,1,1,daily_limitup_derived,data/cache/limit_ups/2026-06-22_limitups.pkl,0,,,,,,2.0,,,UNPARSEABLE,,,UNPARSEABLE,1,1,akshare_zt_pool_em,data/cache/limit_ups/2026-06-18_limitups.pkl,1,134603,145106,5.0,8891201.0,421601008.0,1.0,256.05,49563.0,VALID,321.1,53466.0,VALID,1,1,1,1,1,0,,0,0,0,0,0
603380_2026-06-23,603380,2026-06-23,JUNE,2026-06-22,2026-06-18,2026-06-18,1,data/cache/daily/603380_daily.pkl,tencent_daily,YES,2026-06-23,BOARD2,2,1,1,daily_limitup_derived,data/cache/limit_ups/2026-06-22_limitups.pkl,0,,,,,,2.0,,,UNPARSEABLE,,,UNPARSEABLE,1,1,akshare_zt_pool_em,data/cache/limit_ups/2026-06-18_limitups.pkl,1,130026,130026,0.0,41834188.0,161238431.0,1.0,210.43333333333334,46826.0,VALID,210.43333333333334,46826.0,VALID,1,1,1,1,1,0,,0,0,0,0,0
603663_2026-06-23,603663,2026-06-23,JUNE,2026-06-22,2026-06-18,2026-06-18,1,data/cache/daily/603663_daily.pkl,tencent_daily,YES,2026-06-23,BOARD2,2,1,1,daily_limitup_derived,data/cache/limit_ups/2026-06-22_limitups.pkl,0,,,,,,2.0,,,UNPARSEABLE,,,UNPARSEABLE,1,1,akshare_zt_pool_em,data/cache/limit_ups/2026-06-18_limitups.pkl,1,093047,141138,2.0,36515088.0,1624257920.0,1.0,0.7833333333333333,34247.0,VALID,281.6333333333333,51098.0,VALID,1,1,1,1,1,0,,0,0,0,0,0
000070_2026-06-24,000070,2026-06-24,JUNE,2026-06-23,2026-06-22,2026-06-22,1,data/cache/daily/000070_daily.pkl,tencent_daily,YES,2026-06-24,BOARD2,2,1,1,daily_limitup_derived,data/cache/limit_ups/2026-06-23_limitups.pkl,0,,,,,,2.0,,,UNPARSEABLE,,,UNPARSEABLE,1,1,daily_limitup_derived,data/cache/limit_ups/2026-06-22_limitups.pkl,0,,,,,,1.0,,,UNPARSEABLE,,,UNPARSEABLE,1,1,1,1,1,0,,0,0,0,0,0
000571_2026-06-24,000571,2026-06-24,JUNE,2026-06-23,2026-06-22,2026-06-22,1,data/cache/daily/000571_daily.pkl,tencent_daily,YES,2026-06-24,BOARD2,2,1,1,daily_limitup_derived,data/cache/limit_ups/2026-06-23_limitups.pkl,0,,,,,,2.0,,,UNPARSEABLE,,,UNPARSEABLE,1,1,daily_limitup_derived,data/cache/limit_ups/2026-06-22_limitups.pkl,0,,,,,,1.0,,,UNPARSEABLE,,,UNPARSEABLE,1,1,1,1,1,0,,0,0,0,0,0
000783_2026-06-24,000783,2026-06-24,JUNE,2026-06-23,2026-06-22,2026-06-22,1,data/cache/daily/000783_daily.pkl,tencent_daily,YES,2026-06-24,BOARD2,2,1,1,daily_limitup_derived,data/cache/limit_ups/2026-06-23_limitups.pkl,0,,,,,,2.0,,,UNPARSEABLE,,,UNPARSEABLE,1,1,daily_limitup_derived,data/cache/limit_ups/2026-06-22_limitups.pkl,0,,,,,,1.0,,,UNPARSEABLE,,,UNPARSEABLE,1,1,1,1,1,0,,0,0,0,0,0
002068_2026-06-24,002068,2026-06-24,JUNE,2026-06-23,2026-06-22,2026-06-22,1,data/cache/daily/002068_daily.pkl,tencent_daily,YES,2026-06-24,BOARD3,3,1,1,daily_limitup_derived,data/cache/limit_ups/2026-06-23_limitups.pkl,0,,,,,,3.0,,,UNPARSEABLE,,,UNPARSEABLE,1,1,daily_limitup_derived,data/cache/limit_ups/2026-06-22_limitups.pkl,0,,,,,,2.0,,,UNPARSEABLE,,,UNPARSEABLE,1,1,1,1,1,0,,0,0,0,0,0
002672_2026-06-24,002672,2026-06-24,JUNE,2026-06-23,2026-06-22,2026-06-22,1,data/cache/daily/002672_daily.pkl,tencent_daily,YES,2026-06-24,BOARD2,2,1,1,daily_limitup_derived,data/cache/limit_ups/2026-06-23_limitups.pkl,0,,,,,,2.0,,,UNPARSEABLE,,,UNPARSEABLE,1,1,daily_limitup_derived,data/cache/limit_ups/2026-06-22_limitups.pkl,0,,,,,,1.0,,,UNPARSEABLE,,,UNPARSEABLE,1,1,1,1,1,0,,0,0,0,0,0
002830_2026-06-24,002830,2026-06-24,JUNE,2026-06-23,2026-06-22,2026-06-22,1,data/cache/daily/002830_daily.pkl,tencent_daily,YES,2026-06-24,BOARD2,2,1,1,daily_limitup_derived,data/cache/limit_ups/2026-06-23_limitups.pkl,0,,,,,,2.0,,,UNPARSEABLE,,,UNPARSEABLE,1,1,daily_limitup_derived,data/cache/limit_ups/2026-06-22_limitups.pkl,0,,,,,,1.0,,,UNPARSEABLE,,,UNPARSEABLE,1,1,1,1,1,0,,0,0,0,0,0
600172_2026-06-24,600172,2026-06-24,JUNE,2026-06-23,2026-06-22,2026-06-22,1,data/cache/daily/600172_daily.pkl,tencent_daily,YES,2026-06-24,BOARD2,2,1,1,daily_limitup_derived,data/cache/limit_ups/2026-06-23_limitups.pkl,0,,,,,,2.0,,,UNPARSEABLE,,,UNPARSEABLE,1,1,daily_limitup_derived,data/cache/limit_ups/2026-06-22_limitups.pkl,0,,,,,,1.0,,,UNPARSEABLE,,,UNPARSEABLE,1,1,1,1,1,0,,0,0,0,0,0
600322_2026-06-24,600322,2026-06-24,JUNE,2026-06-23,2026-06-22,2026-06-22,1,data/cache/daily/600322_daily.pkl,tencent_daily,YES,2026-06-24,BOARD2,2,1,1,daily_limitup_derived,data/cache/limit_ups/2026-06-23_limitups.pkl,0,,,,,,2.0,,,UNPARSEABLE,,,UNPARSEABLE,1,1,daily_limitup_derived,data/cache/limit_ups/2026-06-22_limitups.pkl,0,,,,,,1.0,,,UNPARSEABLE,,,UNPARSEABLE,1,1,1,1,1,0,,0,0,0,0,0
600400_2026-06-24,600400,2026-06-24,JUNE,2026-06-23,2026-06-22,2026-06-22,1,data/cache/daily/600400_daily.pkl,tencent_daily,YES,2026-06-24,BOARD2,2,1,1,daily_limitup_derived,data/cache/limit_ups/2026-06-23_limitups.pkl,0,,,,,,2.0,,,UNPARSEABLE,,,UNPARSEABLE,1,1,daily_limitup_derived,data/cache/limit_ups/2026-06-22_limitups.pkl,0,,,,,,1.0,,,UNPARSEABLE,,,UNPARSEABLE,1,1,1,1,1,0,,0,0,0,0,0
600470_2026-06-24,600470,2026-06-24,JUNE,2026-06-23,2026-06-22,2026-06-22,1,data/cache/daily/600470_daily.pkl,tencent_daily,YES,2026-06-24,BOARD2,2,1,1,daily_limitup_derived,data/cache/limit_ups/2026-06-23_limitups.pkl,0,,,,,,2.0,,,UNPARSEABLE,,,UNPARSEABLE,1,1,daily_limitup_derived,data/cache/limit_ups/2026-06-22_limitups.pkl,0,,,,,,1.0,,,UNPARSEABLE,,,UNPARSEABLE,1,1,1,1,1,0,,0,0,0,0,0
600851_2026-06-24,600851,2026-06-24,JUNE,2026-06-23,2026-06-22,2026-06-22,1,data/cache/daily/600851_daily.pkl,tencent_daily,YES,2026-06-24,BOARD3,3,1,1,daily_limitup_derived,data/cache/limit_ups/2026-06-23_limitups.pkl,0,,,,,,3.0,,,UNPARSEABLE,,,UNPARSEABLE,1,1,daily_limitup_derived,data/cache/limit_ups/2026-06-22_limitups.pkl,0,,,,,,2.0,,,UNPARSEABLE,,,UNPARSEABLE,1,1,1,1,1,0,,0,0,0,0,0
601869_2026-06-24,601869,2026-06-24,JUNE,2026-06-23,2026-06-22,2026-06-22,1,data/cache/daily/601869_daily.pkl,tencent_daily,YES,2026-06-24,BOARD2,2,1,1,daily_limitup_derived,data/cache/limit_ups/2026-06-23_limitups.pkl,0,,,,,,2.0,,,UNPARSEABLE,,,UNPARSEABLE,1,1,daily_limitup_derived,data/cache/limit_ups/2026-06-22_limitups.pkl,0,,,,,,1.0,,,UNPARSEABLE,,,UNPARSEABLE,1,1,1,1,1,0,,0,0,0,0,0
603757_2026-06-24,603757,2026-06-24,JUNE,2026-06-23,2026-06-22,2026-06-22,1,data/cache/daily/603757_daily.pkl,tencent_daily,YES,2026-06-24,BOARD2,2,1,1,daily_limitup_derived,data/cache/limit_ups/2026-06-23_limitups.pkl,0,,,,,,2.0,,,UNPARSEABLE,,,UNPARSEABLE,1,1,daily_limitup_derived,data/cache/limit_ups/2026-06-22_limitups.pkl,0,,,,,,1.0,,,UNPARSEABLE,,,UNPARSEABLE,1,1,1,1,1,0,,0,0,0,0,0
605377_2026-06-24,605377,2026-06-24,JUNE,2026-06-23,2026-06-22,2026-06-22,1,data/cache/daily/605377_daily.pkl,tencent_daily,YES,2026-06-24,BOARD2,2,1,1,daily_limitup_derived,data/cache/limit_ups/2026-06-23_limitups.pkl,0,,,,,,2.0,,,UNPARSEABLE,,,UNPARSEABLE,1,1,daily_limitup_derived,data/cache/limit_ups/2026-06-22_limitups.pkl,0,,,,,,1.0,,,UNPARSEABLE,,,UNPARSEABLE,1,1,1,1,1,0,,0,0,0,0,0
605580_2026-06-24,605580,2026-06-24,JUNE,2026-06-23,2026-06-22,2026-06-22,1,data/cache/daily/605580_daily.pkl,tencent_daily,YES,2026-06-24,BOARD2,2,1,1,daily_limitup_derived,data/cache/limit_ups/2026-06-23_limitups.pkl,0,,,,,,2.0,,,UNPARSEABLE,,,UNPARSEABLE,1,1,daily_limitup_derived,data/cache/limit_ups/2026-06-22_limitups.pkl,0,,,,,,1.0,,,UNPARSEABLE,,,UNPARSEABLE,1,1,1,1,1,0,,0,0,0,0,0
000566_2026-06-25,000566,2026-06-25,JUNE,2026-06-24,2026-06-23,2026-06-23,1,data/cache/daily/000566_daily.pkl,tencent_daily,YES,2026-06-25,BOARD2,2,1,1,daily_limitup_derived,data/cache/limit_ups/2026-06-24_limitups.pkl,0,,,,,,2.0,,,UNPARSEABLE,,,UNPARSEABLE,1,1,daily_limitup_derived,data/cache/limit_ups/2026-06-23_limitups.pkl,0,,,,,,1.0,,,UNPARSEABLE,,,UNPARSEABLE,1,1,1,1,1,0,,0,0,0,0,0
002580_2026-06-25,002580,2026-06-25,JUNE,2026-06-24,2026-06-23,2026-06-23,1,data/cache/daily/002580_daily.pkl,tencent_daily,YES,2026-06-25,BOARD2,2,1,1,daily_limitup_derived,data/cache/limit_ups/2026-06-24_limitups.pkl,0,,,,,,2.0,,,UNPARSEABLE,,,UNPARSEABLE,1,1,daily_limitup_derived,data/cache/limit_ups/2026-06-23_limitups.pkl,0,,,,,,1.0,,,UNPARSEABLE,,,UNPARSEABLE,1,1,1,1,1,0,,0,0,0,0,0
002584_2026-06-25,002584,2026-06-25,JUNE,2026-06-24,2026-06-23,2026-06-23,1,data/cache/daily/002584_daily.pkl,tencent_daily,YES,2026-06-25,BOARD2,2,1,1,daily_limitup_derived,data/cache/limit_ups/2026-06-24_limitups.pkl,0,,,,,,2.0,,,UNPARSEABLE,,,UNPARSEABLE,1,1,daily_limitup_derived,data/cache/limit_ups/2026-06-23_limitups.pkl,0,,,,,,1.0,,,UNPARSEABLE,,,UNPARSEABLE,1,1,1,1,1,0,,0,0,0,0,0
002631_2026-06-25,002631,2026-06-25,JUNE,2026-06-24,2026-06-23,2026-06-23,1,data/cache/daily/002631_daily.pkl,tencent_daily,YES,2026-06-25,BOARD2,2,1,1,daily_limitup_derived,data/cache/limit_ups/2026-06-24_limitups.pkl,0,,,,,,2.0,,,UNPARSEABLE,,,UNPARSEABLE,1,1,daily_limitup_derived,data/cache/limit_ups/2026-06-23_limitups.pkl,0,,,,,,1.0,,,UNPARSEABLE,,,UNPARSEABLE,1,1,1,1,1,0,,0,0,0,0,0
002687_2026-06-25,002687,2026-06-25,JUNE,2026-06-24,2026-06-23,2026-06-23,1,data/cache/daily/002687_daily.pkl,tencent_daily,YES,2026-06-25,BOARD2,2,1,1,daily_limitup_derived,data/cache/limit_ups/2026-06-24_limitups.pkl,0,,,,,,2.0,,,UNPARSEABLE,,,UNPARSEABLE,1,1,daily_limitup_derived,data/cache/limit_ups/2026-06-23_limitups.pkl,0,,,,,,1.0,,,UNPARSEABLE,,,UNPARSEABLE,1,1,1,1,1,0,,0,0,0,0,0
600379_2026-06-25,600379,2026-06-25,JUNE,2026-06-24,2026-06-23,2026-06-23,1,data/cache/daily/600379_daily.pkl,tencent_daily,YES,2026-06-25,BOARD2,2,1,1,daily_limitup_derived,data/cache/limit_ups/2026-06-24_limitups.pkl,0,,,,,,2.0,,,UNPARSEABLE,,,UNPARSEABLE,1,1,daily_limitup_derived,data/cache/limit_ups/2026-06-23_limitups.pkl,0,,,,,,1.0,,,UNPARSEABLE,,,UNPARSEABLE,1,1,1,1,1,0,,0,0,0,0,0
600909_2026-06-25,600909,2026-06-25,JUNE,2026-06-24,2026-06-23,2026-06-23,1,data/cache/daily/600909_daily.pkl,tencent_daily,YES,2026-06-25,BOARD2,2,1,1,daily_limitup_derived,data/cache/limit_ups/2026-06-24_limitups.pkl,0,,,,,,2.0,,,UNPARSEABLE,,,UNPARSEABLE,1,1,daily_limitup_derived,data/cache/limit_ups/2026-06-23_limitups.pkl,0,,,,,,1.0,,,UNPARSEABLE,,,UNPARSEABLE,1,1,1,1,1,0,,0,0,0,0,0
603938_2026-06-25,603938,2026-06-25,JUNE,2026-06-24,2026-06-23,2026-06-23,1,data/cache/daily/603938_daily.pkl,tencent_daily,YES,2026-06-25,BOARD3,3,1,1,daily_limitup_derived,data/cache/limit_ups/2026-06-24_limitups.pkl,0,,,,,,3.0,,,UNPARSEABLE,,,UNPARSEABLE,1,1,daily_limitup_derived,data/cache/limit_ups/2026-06-23_limitups.pkl,0,,,,,,2.0,,,UNPARSEABLE,,,UNPARSEABLE,1,1,1,1,1,0,,0,0,0,0,0
605069_2026-06-25,605069,2026-06-25,JUNE,2026-06-24,2026-06-23,2026-06-23,1,data/cache/daily/605069_daily.pkl,tencent_daily,YES,2026-06-25,BOARD3,3,1,1,daily_limitup_derived,data/cache/limit_ups/2026-06-24_limitups.pkl,0,,,,,,3.0,,,UNPARSEABLE,,,UNPARSEABLE,1,1,daily_limitup_derived,data/cache/limit_ups/2026-06-23_limitups.pkl,0,,,,,,2.0,,,UNPARSEABLE,,,UNPARSEABLE,1,1,1,1,1,0,,0,0,0,0,0
000818_2026-06-26,000818,2026-06-26,JUNE,2026-06-25,2026-06-24,2026-06-24,1,data/cache/daily/000818_daily.pkl,tencent_daily,YES,2026-06-26,BOARD2,2,1,1,daily_limitup_derived,data/cache/limit_ups/2026-06-25_limitups.pkl,0,,,,,,2.0,,,UNPARSEABLE,,,UNPARSEABLE,1,1,daily_limitup_derived,data/cache/limit_ups/2026-06-24_limitups.pkl,0,,,,,,1.0,,,UNPARSEABLE,,,UNPARSEABLE,1,1,1,1,1,0,,0,0,0,0,0
002025_2026-06-26,002025,2026-06-26,JUNE,2026-06-25,2026-06-24,2026-06-24,1,data/cache/daily/002025_daily.pkl,tencent_daily,YES,2026-06-26,BOARD2,2,1,1,daily_limitup_derived,data/cache/limit_ups/2026-06-25_limitups.pkl,0,,,,,,2.0,,,UNPARSEABLE,,,UNPARSEABLE,1,1,daily_limitup_derived,data/cache/limit_ups/2026-06-24_limitups.pkl,0,,,,,,1.0,,,UNPARSEABLE,,,UNPARSEABLE,1,1,1,1,1,0,,0,0,0,0,0
002080_2026-06-26,002080,2026-06-26,JUNE,2026-06-25,2026-06-24,2026-06-24,1,data/cache/daily/002080_daily.pkl,tencent_daily,YES,2026-06-26,BOARD2,2,1,1,daily_limitup_derived,data/cache/limit_ups/2026-06-25_limitups.pkl,0,,,,,,2.0,,,UNPARSEABLE,,,UNPARSEABLE,1,1,daily_limitup_derived,data/cache/limit_ups/2026-06-24_limitups.pkl,0,,,,,,1.0,,,UNPARSEABLE,,,UNPARSEABLE,1,1,1,1,1,0,,0,0,0,0,0
002254_2026-06-26,002254,2026-06-26,JUNE,2026-06-25,2026-06-24,2026-06-24,1,data/cache/daily/002254_daily.pkl,tencent_daily,YES,2026-06-26,BOARD2,2,1,1,daily_limitup_derived,data/cache/limit_ups/2026-06-25_limitups.pkl,0,,,,,,2.0,,,UNPARSEABLE,,,UNPARSEABLE,1,1,daily_limitup_derived,data/cache/limit_ups/2026-06-24_limitups.pkl,0,,,,,,1.0,,,UNPARSEABLE,,,UNPARSEABLE,1,1,1,1,1,0,,0,0,0,0,0
002990_2026-06-26,002990,2026-06-26,JUNE,2026-06-25,2026-06-24,2026-06-24,1,data/cache/daily/002990_daily.pkl,tencent_daily,YES,2026-06-26,BOARD2,2,1,1,daily_limitup_derived,data/cache/limit_ups/2026-06-25_limitups.pkl,0,,,,,,2.0,,,UNPARSEABLE,,,UNPARSEABLE,1,1,daily_limitup_derived,data/cache/limit_ups/2026-06-24_limitups.pkl,0,,,,,,1.0,,,UNPARSEABLE,,,UNPARSEABLE,1,1,1,1,1,0,,0,0,0,0,0
600141_2026-06-26,600141,2026-06-26,JUNE,2026-06-25,2026-06-24,2026-06-24,1,data/cache/daily/600141_daily.pkl,tencent_daily,YES,2026-06-26,BOARD2,2,1,1,daily_limitup_derived,data/cache/limit_ups/2026-06-25_limitups.pkl,0,,,,,,2.0,,,UNPARSEABLE,,,UNPARSEABLE,1,1,daily_limitup_derived,data/cache/limit_ups/2026-06-24_limitups.pkl,0,,,,,,1.0,,,UNPARSEABLE,,,UNPARSEABLE,1,1,1,1,1,0,,0,0,0,0,0
600584_2026-06-26,600584,2026-06-26,JUNE,2026-06-25,2026-06-24,2026-06-24,1,data/cache/daily/600584_daily.pkl,tencent_daily,YES,2026-06-26,BOARD2,2,1,1,daily_limitup_derived,data/cache/limit_ups/2026-06-25_limitups.pkl,0,,,,,,2.0,,,UNPARSEABLE,,,UNPARSEABLE,1,1,daily_limitup_derived,data/cache/limit_ups/2026-06-24_limitups.pkl,0,,,,,,1.0,,,UNPARSEABLE,,,UNPARSEABLE,1,1,1,1,1,0,,0,0,0,0,0
600667_2026-06-26,600667,2026-06-26,JUNE,2026-06-25,2026-06-24,2026-06-24,1,data/cache/daily/600667_daily.pkl,tencent_daily,YES,2026-06-26,BOARD2,2,1,1,daily_limitup_derived,data/cache/limit_ups/2026-06-25_limitups.pkl,0,,,,,,2.0,,,UNPARSEABLE,,,UNPARSEABLE,1,1,daily_limitup_derived,data/cache/limit_ups/2026-06-24_limitups.pkl,0,,,,,,1.0,,,UNPARSEABLE,,,UNPARSEABLE,1,1,1,1,1,0,,0,0,0,0,0
603678_2026-06-26,603678,2026-06-26,JUNE,2026-06-25,2026-06-24,2026-06-24,1,data/cache/daily/603678_daily.pkl,tencent_daily,YES,2026-06-26,BOARD2,2,1,1,daily_limitup_derived,data/cache/limit_ups/2026-06-25_limitups.pkl,0,,,,,,2.0,,,UNPARSEABLE,,,UNPARSEABLE,1,1,daily_limitup_derived,data/cache/limit_ups/2026-06-24_limitups.pkl,0,,,,,,1.0,,,UNPARSEABLE,,,UNPARSEABLE,1,1,1,1,1,0,,0,0,0,0,0
603713_2026-06-26,603713,2026-06-26,JUNE,2026-06-25,2026-06-24,2026-06-24,1,data/cache/daily/603713_daily.pkl,tencent_daily,YES,2026-06-26,BOARD2,2,1,1,daily_limitup_derived,data/cache/limit_ups/2026-06-25_limitups.pkl,0,,,,,,2.0,,,UNPARSEABLE,,,UNPARSEABLE,1,1,daily_limitup_derived,data/cache/limit_ups/2026-06-24_limitups.pkl,0,,,,,,1.0,,,UNPARSEABLE,,,UNPARSEABLE,1,1,1,1,1,0,,0,0,0,0,0
603929_2026-06-26,603929,2026-06-26,JUNE,2026-06-25,2026-06-24,2026-06-24,1,data/cache/daily/603929_daily.pkl,tencent_daily,YES,2026-06-26,BOARD2,2,1,1,daily_limitup_derived,data/cache/limit_ups/2026-06-25_limitups.pkl,0,,,,,,2.0,,,UNPARSEABLE,,,UNPARSEABLE,1,1,daily_limitup_derived,data/cache/limit_ups/2026-06-24_limitups.pkl,0,,,,,,1.0,,,UNPARSEABLE,,,UNPARSEABLE,1,1,1,1,1,0,,0,0,0,0,0
603989_2026-06-26,603989,2026-06-26,JUNE,2026-06-25,2026-06-24,2026-06-24,1,data/cache/daily/603989_daily.pkl,tencent_daily,YES,2026-06-26,BOARD2,2,1,1,daily_limitup_derived,data/cache/limit_ups/2026-06-25_limitups.pkl,0,,,,,,2.0,,,UNPARSEABLE,,,UNPARSEABLE,1,1,daily_limitup_derived,data/cache/limit_ups/2026-06-24_limitups.pkl,0,,,,,,1.0,,,UNPARSEABLE,,,UNPARSEABLE,1,1,1,1,1,0,,0,0,0,0,0
000823_2026-06-29,000823,2026-06-29,JUNE,2026-06-26,2026-06-25,2026-06-25,1,data/cache/daily/000823_daily.pkl,tencent_daily,YES,2026-06-29,BOARD3,3,1,1,akshare_zt_pool_em,data/cache/limit_ups/2026-06-26_limitups.pkl,1,092500,111109,11.0,131188561.0,3018024528.0,3.0,-5.0,33900.0,VALID,101.15,40269.0,VALID,1,1,daily_limitup_derived,data/cache/limit_ups/2026-06-25_limitups.pkl,0,,,,,,2.0,,,UNPARSEABLE,,,UNPARSEABLE,1,1,1,1,1,0,,1,1,1,0,0
002141_2026-06-29,002141,2026-06-29,JUNE,2026-06-26,2026-06-25,2026-06-25,1,data/cache/daily/002141_daily.pkl,tencent_daily,YES,2026-06-29,BOARD2,2,1,1,akshare_zt_pool_em,data/cache/limit_ups/2026-06-26_limitups.pkl,1,093312,144618,8.0,14935680.0,1430374048.0,2.0,3.2,34392.0,VALID,316.3,53178.0,VALID,1,1,daily_limitup_derived,data/cache/limit_ups/2026-06-25_limitups.pkl,0,,,,,,1.0,,,UNPARSEABLE,,,UNPARSEABLE,1,1,1,1,1,0,,1,1,1,0,0
002965_2026-06-29,002965,2026-06-29,JUNE,2026-06-26,2026-06-25,2026-06-25,1,data/cache/daily/002965_daily.pkl,tencent_daily,YES,2026-06-29,BOARD2,2,1,1,akshare_zt_pool_em,data/cache/limit_ups/2026-06-26_limitups.pkl,1,093133,101930,4.0,32674231.0,1181189360.0,2.0,1.55,34293.0,VALID,49.5,37170.0,VALID,1,1,daily_limitup_derived,data/cache/limit_ups/2026-06-25_limitups.pkl,0,,,,,,1.0,,,UNPARSEABLE,,,UNPARSEABLE,1,1,1,1,1,0,,1,1,1,0,0
600228_2026-06-29,600228,2026-06-29,JUNE,2026-06-26,2026-06-25,2026-06-25,1,data/cache/daily/600228_daily.pkl,tencent_daily,YES,2026-06-29,BOARD3,3,1,1,akshare_zt_pool_em,data/cache/limit_ups/2026-06-26_limitups.pkl,1,092503,092503,0.0,173294575.0,6413954.0,3.0,-4.95,33903.0,VALID,-4.95,33903.0,VALID,1,1,daily_limitup_derived,data/cache/limit_ups/2026-06-25_limitups.pkl,0,,,,,,2.0,,,UNPARSEABLE,,,UNPARSEABLE,1,1,1,1,1,0,,1,1,1,0,0
600962_2026-06-29,600962,2026-06-29,JUNE,2026-06-26,2026-06-25,2026-06-25,1,data/cache/daily/600962_daily.pkl,tencent_daily,YES,2026-06-29,BOARD2,2,1,1,akshare_zt_pool_em,data/cache/limit_ups/2026-06-26_limitups.pkl,1,093834,093834,0.0,62446860.0,280781088.0,2.0,8.566666666666666,34714.0,VALID,8.566666666666666,34714.0,VALID,1,1,daily_limitup_derived,data/cache/limit_ups/2026-06-25_limitups.pkl,0,,,,,,1.0,,,UNPARSEABLE,,,UNPARSEABLE,1,1,1,1,1,0,,1,1,1,0,0
002180_2026-06-30,002180,2026-06-30,JUNE,2026-06-29,2026-06-26,2026-06-26,1,data/cache/daily/002180_daily.pkl,tencent_daily,YES,2026-06-30,BOARD2,2,1,1,daily_limitup_derived,data/cache/limit_ups/2026-06-29_limitups.pkl,0,,,,,,2.0,,,UNPARSEABLE,,,UNPARSEABLE,1,1,akshare_zt_pool_em,data/cache/limit_ups/2026-06-26_limitups.pkl,1,131136,131451,4.0,77662371.0,506473872.0,1.0,221.6,47496.0,VALID,224.85,47691.0,VALID,1,1,1,1,1,0,,0,0,0,0,0
002568_2026-06-30,002568,2026-06-30,JUNE,2026-06-29,2026-06-26,2026-06-26,1,data/cache/daily/002568_daily.pkl,tencent_daily,YES,2026-06-30,BOARD2,2,1,1,daily_limitup_derived,data/cache/limit_ups/2026-06-29_limitups.pkl,0,,,,,,2.0,,,UNPARSEABLE,,,UNPARSEABLE,1,1,akshare_zt_pool_em,data/cache/limit_ups/2026-06-26_limitups.pkl,1,093000,093000,0.0,131164667.0,196982952.0,1.0,0.0,34200.0,VALID,0.0,34200.0,VALID,1,1,1,1,1,0,,0,0,0,0,0
601133_2026-06-30,601133,2026-06-30,JUNE,2026-06-29,2026-06-26,2026-06-26,1,data/cache/daily/601133_daily.pkl,tencent_daily,YES,2026-06-30,BOARD2,2,1,1,daily_limitup_derived,data/cache/limit_ups/2026-06-29_limitups.pkl,0,,,,,,2.0,,,UNPARSEABLE,,,UNPARSEABLE,1,1,akshare_zt_pool_em,data/cache/limit_ups/2026-06-26_limitups.pkl,1,100205,131335,10.0,36090269.0,1387134576.0,1.0,32.083333333333336,36125.0,VALID,223.58333333333334,47615.0,VALID,1,1,1,1,1,0,,0,0,0,0,0
603155_2026-06-30,603155,2026-06-30,JUNE,2026-06-29,2026-06-26,2026-06-26,1,data/cache/daily/603155_daily.pkl,tencent_daily,YES,2026-06-30,BOARD2,2,1,1,daily_limitup_derived,data/cache/limit_ups/2026-06-29_limitups.pkl,0,,,,,,2.0,,,UNPARSEABLE,,,UNPARSEABLE,1,1,akshare_zt_pool_em,data/cache/limit_ups/2026-06-26_limitups.pkl,1,133554,133554,0.0,72171740.0,509479584.0,1.0,245.9,48954.0,VALID,245.9,48954.0,VALID,1,1,1,1,1,0,,0,0,0,0,0
603163_2026-06-30,603163,2026-06-30,JUNE,2026-06-29,2026-06-26,2026-06-26,1,data/cache/daily/603163_daily.pkl,tencent_daily,YES,2026-06-30,BOARD2,2,1,1,daily_limitup_derived,data/cache/limit_ups/2026-06-29_limitups.pkl,0,,,,,,2.0,,,UNPARSEABLE,,,UNPARSEABLE,1,1,akshare_zt_pool_em,data/cache/limit_ups/2026-06-26_limitups.pkl,1,093959,093959,0.0,50178158.0,486865808.0,1.0,9.983333333333333,34799.0,VALID,9.983333333333333,34799.0,VALID,1,1,1,1,1,0,,0,0,0,0,0
603650_2026-06-30,603650,2026-06-30,JUNE,2026-06-29,2026-06-26,2026-06-26,1,data/cache/daily/603650_daily.pkl,tencent_daily,YES,2026-06-30,BOARD2,2,1,1,daily_limitup_derived,data/cache/limit_ups/2026-06-29_limitups.pkl,0,,,,,,2.0,,,UNPARSEABLE,,,UNPARSEABLE,1,1,akshare_zt_pool_em,data/cache/limit_ups/2026-06-26_limitups.pkl,1,094000,112130,16.0,7716202.0,3051419856.0,1.0,10.0,34800.0,VALID,111.5,40890.0,VALID,1,1,1,1,1,0,,0,0,0,0,0
603956_2026-06-30,603956,2026-06-30,JUNE,2026-06-29,2026-06-26,2026-06-26,1,data/cache/daily/603956_daily.pkl,tencent_daily,YES,2026-06-30,BOARD3,3,1,1,daily_limitup_derived,data/cache/limit_ups/2026-06-29_limitups.pkl,0,,,,,,3.0,,,UNPARSEABLE,,,UNPARSEABLE,1,1,akshare_zt_pool_em,data/cache/limit_ups/2026-06-26_limitups.pkl,1,092503,092503,0.0,48799432.0,47139689.0,2.0,-4.95,33903.0,VALID,-4.95,33903.0,VALID,1,1,1,1,1,0,,0,0,0,0,0
000017_2026-07-01,000017,2026-07-01,JULY,2026-06-30,2026-06-29,2026-06-29,1,data/cache/daily/000017_daily.pkl,tencent_daily,YES,2026-07-01,BOARD2,2,1,1,daily_limitup_derived,data/cache/limit_ups/2026-06-30_limitups.pkl,0,,,,,,2.0,,,UNPARSEABLE,,,UNPARSEABLE,1,1,daily_limitup_derived,data/cache/limit_ups/2026-06-29_limitups.pkl,0,,,,,,1.0,,,UNPARSEABLE,,,UNPARSEABLE,1,1,1,1,1,0,,0,0,0,0,0
001229_2026-07-01,001229,2026-07-01,JULY,2026-06-30,2026-06-29,2026-06-29,1,data/cache/daily/001229_daily.pkl,tencent_daily,YES,2026-07-01,BOARD2,2,1,1,daily_limitup_derived,data/cache/limit_ups/2026-06-30_limitups.pkl,0,,,,,,2.0,,,UNPARSEABLE,,,UNPARSEABLE,1,1,daily_limitup_derived,data/cache/limit_ups/2026-06-29_limitups.pkl,0,,,,,,1.0,,,UNPARSEABLE,,,UNPARSEABLE,1,1,1,1,1,0,,0,0,0,0,0
001237_2026-07-01,001237,2026-07-01,JULY,2026-06-30,2026-06-29,2026-06-29,1,data/cache/daily/001237_daily.pkl,tencent_daily,YES,2026-07-01,BOARD2,2,1,1,daily_limitup_derived,data/cache/limit_ups/2026-06-30_limitups.pkl,0,,,,,,2.0,,,UNPARSEABLE,,,UNPARSEABLE,1,1,daily_limitup_derived,data/cache/limit_ups/2026-06-29_limitups.pkl,0,,,,,,1.0,,,UNPARSEABLE,,,UNPARSEABLE,1,1,1,1,1,0,,0,0,0,0,0
002208_2026-07-01,002208,2026-07-01,JULY,2026-06-30,2026-06-29,2026-06-29,1,data/cache/daily/002208_daily.pkl,tencent_daily,YES,2026-07-01,BOARD2,2,1,1,daily_limitup_derived,data/cache/limit_ups/2026-06-30_limitups.pkl,0,,,,,,2.0,,,UNPARSEABLE,,,UNPARSEABLE,1,1,daily_limitup_derived,data/cache/limit_ups/2026-06-29_limitups.pkl,0,,,,,,1.0,,,UNPARSEABLE,,,UNPARSEABLE,1,1,1,1,1,0,,0,0,0,0,0
002628_2026-07-01,002628,2026-07-01,JULY,2026-06-30,2026-06-29,2026-06-29,1,data/cache/daily/002628_daily.pkl,tencent_daily,YES,2026-07-01,BOARD2,2,1,1,daily_limitup_derived,data/cache/limit_ups/2026-06-30_limitups.pkl,0,,,,,,2.0,,,UNPARSEABLE,,,UNPARSEABLE,1,1,daily_limitup_derived,data/cache/limit_ups/2026-06-29_limitups.pkl,0,,,,,,1.0,,,UNPARSEABLE,,,UNPARSEABLE,1,1,1,1,1,0,,0,0,0,0,0
002638_2026-07-01,002638,2026-07-01,JULY,2026-06-30,2026-06-29,2026-06-29,1,data/cache/daily/002638_daily.pkl,tencent_daily,YES,2026-07-01,BOARD2,2,1,1,daily_limitup_derived,data/cache/limit_ups/2026-06-30_limitups.pkl,0,,,,,,2.0,,,UNPARSEABLE,,,UNPARSEABLE,1,1,daily_limitup_derived,data/cache/limit_ups/2026-06-29_limitups.pkl,0,,,,,,1.0,,,UNPARSEABLE,,,UNPARSEABLE,1,1,1,1,1,0,,0,0,0,0,0
003043_2026-07-01,003043,2026-07-01,JULY,2026-06-30,2026-06-29,2026-06-29,1,data/cache/daily/003043_daily.pkl,tencent_daily,YES,2026-07-01,BOARD2,2,1,1,daily_limitup_derived,data/cache/limit_ups/2026-06-30_limitups.pkl,0,,,,,,2.0,,,UNPARSEABLE,,,UNPARSEABLE,1,1,daily_limitup_derived,data/cache/limit_ups/2026-06-29_limitups.pkl,0,,,,,,1.0,,,UNPARSEABLE,,,UNPARSEABLE,1,1,1,1,1,0,,0,0,0,0,0
600363_2026-07-01,600363,2026-07-01,JULY,2026-06-30,2026-06-29,2026-06-29,1,data/cache/daily/600363_daily.pkl,tencent_daily,YES,2026-07-01,BOARD2,2,1,1,daily_limitup_derived,data/cache/limit_ups/2026-06-30_limitups.pkl,0,,,,,,2.0,,,UNPARSEABLE,,,UNPARSEABLE,1,1,daily_limitup_derived,data/cache/limit_ups/2026-06-29_limitups.pkl,0,,,,,,1.0,,,UNPARSEABLE,,,UNPARSEABLE,1,1,1,1,1,0,,0,0,0,0,0
600378_2026-07-01,600378,2026-07-01,JULY,2026-06-30,2026-06-29,2026-06-29,1,data/cache/daily/600378_daily.pkl,tencent_daily,YES,2026-07-01,BOARD2,2,1,1,daily_limitup_derived,data/cache/limit_ups/2026-06-30_limitups.pkl,0,,,,,,2.0,,,UNPARSEABLE,,,UNPARSEABLE,1,1,daily_limitup_derived,data/cache/limit_ups/2026-06-29_limitups.pkl,0,,,,,,1.0,,,UNPARSEABLE,,,UNPARSEABLE,1,1,1,1,1,0,,0,0,0,0,0
600707_2026-07-01,600707,2026-07-01,JULY,2026-06-30,2026-06-29,2026-06-29,1,data/cache/daily/600707_daily.pkl,tencent_daily,YES,2026-07-01,BOARD2,2,1,1,daily_limitup_derived,data/cache/limit_ups/2026-06-30_limitups.pkl,0,,,,,,2.0,,,UNPARSEABLE,,,UNPARSEABLE,1,1,daily_limitup_derived,data/cache/limit_ups/2026-06-29_limitups.pkl,0,,,,,,1.0,,,UNPARSEABLE,,,UNPARSEABLE,1,1,1,1,1,0,,0,0,0,0,0
603033_2026-07-01,603033,2026-07-01,JULY,2026-06-30,2026-06-29,2026-06-29,1,data/cache/daily/603033_daily.pkl,tencent_daily,YES,2026-07-01,BOARD2,2,1,1,daily_limitup_derived,data/cache/limit_ups/2026-06-30_limitups.pkl,0,,,,,,2.0,,,UNPARSEABLE,,,UNPARSEABLE,1,1,daily_limitup_derived,data/cache/limit_ups/2026-06-29_limitups.pkl,0,,,,,,1.0,,,UNPARSEABLE,,,UNPARSEABLE,1,1,1,1,1,0,,0,0,0,0,0
603061_2026-07-01,603061,2026-07-01,JULY,2026-06-30,2026-06-29,2026-06-29,1,data/cache/daily/603061_daily.pkl,tencent_daily,YES,2026-07-01,BOARD2,2,1,1,daily_limitup_derived,data/cache/limit_ups/2026-06-30_limitups.pkl,0,,,,,,2.0,,,UNPARSEABLE,,,UNPARSEABLE,1,1,daily_limitup_derived,data/cache/limit_ups/2026-06-29_limitups.pkl,0,,,,,,1.0,,,UNPARSEABLE,,,UNPARSEABLE,1,1,1,1,1,0,,0,0,0,0,0
603222_2026-07-01,603222,2026-07-01,JULY,2026-06-30,2026-06-29,2026-06-29,1,data/cache/daily/603222_daily.pkl,tencent_daily,YES,2026-07-01,BOARD2,2,1,1,daily_limitup_derived,data/cache/limit_ups/2026-06-30_limitups.pkl,0,,,,,,2.0,,,UNPARSEABLE,,,UNPARSEABLE,1,1,daily_limitup_derived,data/cache/limit_ups/2026-06-29_limitups.pkl,0,,,,,,1.0,,,UNPARSEABLE,,,UNPARSEABLE,1,1,1,1,1,0,,0,0,0,0,0
603459_2026-07-01,603459,2026-07-01,JULY,2026-06-30,2026-06-29,2026-06-29,1,data/cache/daily/603459_daily.pkl,tencent_daily,YES,2026-07-01,BOARD2,2,1,1,daily_limitup_derived,data/cache/limit_ups/2026-06-30_limitups.pkl,0,,,,,,2.0,,,UNPARSEABLE,,,UNPARSEABLE,1,1,daily_limitup_derived,data/cache/limit_ups/2026-06-29_limitups.pkl,0,,,,,,1.0,,,UNPARSEABLE,,,UNPARSEABLE,1,1,1,1,1,0,,0,0,0,0,0
603928_2026-07-01,603928,2026-07-01,JULY,2026-06-30,2026-06-29,2026-06-29,1,data/cache/daily/603928_daily.pkl,tencent_daily,YES,2026-07-01,BOARD3,3,1,1,daily_limitup_derived,data/cache/limit_ups/2026-06-30_limitups.pkl,0,,,,,,3.0,,,UNPARSEABLE,,,UNPARSEABLE,1,1,daily_limitup_derived,data/cache/limit_ups/2026-06-29_limitups.pkl,0,,,,,,2.0,,,UNPARSEABLE,,,UNPARSEABLE,1,1,1,1,1,0,,0,0,0,0,0
603950_2026-07-01,603950,2026-07-01,JULY,2026-06-30,2026-06-29,2026-06-29,1,data/cache/daily/603950_daily.pkl,tencent_daily,YES,2026-07-01,BOARD2,2,1,1,daily_limitup_derived,data/cache/limit_ups/2026-06-30_limitups.pkl,0,,,,,,2.0,,,UNPARSEABLE,,,UNPARSEABLE,1,1,daily_limitup_derived,data/cache/limit_ups/2026-06-29_limitups.pkl,0,,,,,,1.0,,,UNPARSEABLE,,,UNPARSEABLE,1,1,1,1,1,0,,0,0,0,0,0
603983_2026-07-01,603983,2026-07-01,JULY,2026-06-30,2026-06-29,2026-06-29,1,data/cache/daily/603983_daily.pkl,tencent_daily,YES,2026-07-01,BOARD2,2,1,1,daily_limitup_derived,data/cache/limit_ups/2026-06-30_limitups.pkl,0,,,,,,2.0,,,UNPARSEABLE,,,UNPARSEABLE,1,1,daily_limitup_derived,data/cache/limit_ups/2026-06-29_limitups.pkl,0,,,,,,1.0,,,UNPARSEABLE,,,UNPARSEABLE,1,1,1,1,1,0,,0,0,0,0,0
000603_2026-07-02,000603,2026-07-02,JULY,2026-07-01,2026-06-30,2026-06-30,1,data/cache/daily/000603_daily.pkl,tencent_daily,YES,2026-07-02,BOARD2,2,1,1,akshare_zt_pool_em,data/cache/limit_ups/2026-07-01_limitups.pkl,1,092500,092500,0.0,254583113.0,172589017.0,1.0,-5.0,33900.0,VALID,-5.0,33900.0,VALID,1,1,daily_limitup_derived,data/cache/limit_ups/2026-06-30_limitups.pkl,0,,,,,,1.0,,,UNPARSEABLE,,,UNPARSEABLE,1,1,0,1,1,0,D0_POOL_STREAK_CROSSCHECK_MISMATCH,1,1,1,0,0
000620_2026-07-02,000620,2026-07-02,JULY,2026-07-01,2026-06-30,2026-06-30,1,data/cache/daily/000620_daily.pkl,tencent_daily,YES,2026-07-02,BOARD2,2,1,1,akshare_zt_pool_em,data/cache/limit_ups/2026-07-01_limitups.pkl,1,093127,093336,1.0,135475539.0,831446304.0,1.0,1.45,34287.0,VALID,3.6,34416.0,VALID,1,1,daily_limitup_derived,data/cache/limit_ups/2026-06-30_limitups.pkl,0,,,,,,1.0,,,UNPARSEABLE,,,UNPARSEABLE,1,1,0,1,1,0,D0_POOL_STREAK_CROSSCHECK_MISMATCH,1,1,1,0,0
001331_2026-07-02,001331,2026-07-02,JULY,2026-07-01,2026-06-30,2026-06-30,1,data/cache/daily/001331_daily.pkl,tencent_daily,YES,2026-07-02,BOARD2,2,1,1,akshare_zt_pool_em,data/cache/limit_ups/2026-07-01_limitups.pkl,1,093400,145554,23.0,3865694.0,1069329376.0,1.0,4.0,34440.0,VALID,325.9,53754.0,VALID,1,1,daily_limitup_derived,data/cache/limit_ups/2026-06-30_limitups.pkl,0,,,,,,1.0,,,UNPARSEABLE,,,UNPARSEABLE,1,1,0,1,1,0,D0_POOL_STREAK_CROSSCHECK_MISMATCH,1,1,1,0,0
001399_2026-07-02,001399,2026-07-02,JULY,2026-07-01,2026-06-30,2026-06-30,1,data/cache/daily/001399_daily.pkl,tencent_daily,YES,2026-07-02,BOARD2,2,0,0,,,0,,,,,,,,,ROW_MISSING,,,ROW_MISSING,1,1,daily_limitup_derived,data/cache/limit_ups/2026-06-30_limitups.pkl,0,,,,,,1.0,,,UNPARSEABLE,,,UNPARSEABLE,1,1,0,1,0,0,D0_ROW_MISSING_OR_AMBIGUOUS,0,0,0,0,0
002053_2026-07-02,002053,2026-07-02,JULY,2026-07-01,2026-06-30,2026-06-30,1,data/cache/daily/002053_daily.pkl,tencent_daily,YES,2026-07-02,BOARD2,2,1,1,akshare_zt_pool_em,data/cache/limit_ups/2026-07-01_limitups.pkl,1,100315,100315,0.0,45797970.0,149395965.0,1.0,33.25,36195.0,VALID,33.25,36195.0,VALID,1,1,daily_limitup_derived,data/cache/limit_ups/2026-06-30_limitups.pkl,0,,,,,,1.0,,,UNPARSEABLE,,,UNPARSEABLE,1,1,0,1,1,0,D0_POOL_STREAK_CROSSCHECK_MISMATCH,1,1,1,0,0
002167_2026-07-02,002167,2026-07-02,JULY,2026-07-01,2026-06-30,2026-06-30,1,data/cache/daily/002167_daily.pkl,tencent_daily,YES,2026-07-02,BOARD2,2,1,1,akshare_zt_pool_em,data/cache/limit_ups/2026-07-01_limitups.pkl,1,111857,132030,1.0,94333116.0,3077236016.0,1.0,108.95,40737.0,VALID,230.5,48030.0,VALID,1,1,daily_limitup_derived,data/cache/limit_ups/2026-06-30_limitups.pkl,0,,,,,,1.0,,,UNPARSEABLE,,,UNPARSEABLE,1,1,0,1,1,0,D0_POOL_STREAK_CROSSCHECK_MISMATCH,1,1,1,0,0
002273_2026-07-02,002273,2026-07-02,JULY,2026-07-01,2026-06-30,2026-06-30,1,data/cache/daily/002273_daily.pkl,tencent_daily,YES,2026-07-02,BOARD2,2,1,1,akshare_zt_pool_em,data/cache/limit_ups/2026-07-01_limitups.pkl,1,093000,093000,0.0,779032373.0,1385866320.0,1.0,0.0,34200.0,VALID,0.0,34200.0,VALID,1,1,daily_limitup_derived,data/cache/limit_ups/2026-06-30_limitups.pkl,0,,,,,,1.0,,,UNPARSEABLE,,,UNPARSEABLE,1,1,0,1,1,0,D0_POOL_STREAK_CROSSCHECK_MISMATCH,1,1,1,0,0
002396_2026-07-02,002396,2026-07-02,JULY,2026-07-01,2026-06-30,2026-06-30,1,data/cache/daily/002396_daily.pkl,tencent_daily,YES,2026-07-02,BOARD2,2,1,1,akshare_zt_pool_em,data/cache/limit_ups/2026-07-01_limitups.pkl,1,094342,094342,0.0,25982059.0,400242096.0,1.0,13.7,35022.0,VALID,13.7,35022.0,VALID,1,1,daily_limitup_derived,data/cache/limit_ups/2026-06-30_limitups.pkl,0,,,,,,1.0,,,UNPARSEABLE,,,UNPARSEABLE,1,1,0,1,1,0,D0_POOL_STREAK_CROSSCHECK_MISMATCH,1,1,1,0,0
002407_2026-07-02,002407,2026-07-02,JULY,2026-07-01,2026-06-30,2026-06-30,1,data/cache/daily/002407_daily.pkl,tencent_daily,YES,2026-07-02,BOARD3,3,1,1,akshare_zt_pool_em,data/cache/limit_ups/2026-07-01_limitups.pkl,1,093148,100142,8.0,469991611.0,9392668672.0,2.0,1.8,34308.0,VALID,31.7,36102.0,VALID,1,1,daily_limitup_derived,data/cache/limit_ups/2026-06-30_limitups.pkl,0,,,,,,2.0,,,UNPARSEABLE,,,UNPARSEABLE,1,1,0,1,1,0,D0_POOL_STREAK_CROSSCHECK_MISMATCH,1,1,1,0,0
002738_2026-07-02,002738,2026-07-02,JULY,2026-07-01,2026-06-30,2026-06-30,1,data/cache/daily/002738_daily.pkl,tencent_daily,YES,2026-07-02,BOARD2,2,1,1,akshare_zt_pool_em,data/cache/limit_ups/2026-07-01_limitups.pkl,1,102824,102824,0.0,105495002.0,2169740256.0,1.0,58.4,37704.0,VALID,58.4,37704.0,VALID,1,1,daily_limitup_derived,data/cache/limit_ups/2026-06-30_limitups.pkl,0,,,,,,1.0,,,UNPARSEABLE,,,UNPARSEABLE,1,1,0,1,1,0,D0_POOL_STREAK_CROSSCHECK_MISMATCH,1,1,1,0,0
002747_2026-07-02,002747,2026-07-02,JULY,2026-07-01,2026-06-30,2026-06-30,1,data/cache/daily/002747_daily.pkl,tencent_daily,YES,2026-07-02,BOARD2,2,1,1,akshare_zt_pool_em,data/cache/limit_ups/2026-07-01_limitups.pkl,1,102442,102554,1.0,142152640.0,2452028784.0,1.0,54.7,37482.0,VALID,55.9,37554.0,VALID,1,1,daily_limitup_derived,data/cache/limit_ups/2026-06-30_limitups.pkl,0,,,,,,1.0,,,UNPARSEABLE,,,UNPARSEABLE,1,1,0,1,1,0,D0_POOL_STREAK_CROSSCHECK_MISMATCH,1,1,1,0,0
002929_2026-07-02,002929,2026-07-02,JULY,2026-07-01,2026-06-30,2026-06-30,1,data/cache/daily/002929_daily.pkl,tencent_daily,YES,2026-07-02,BOARD2,2,1,1,akshare_zt_pool_em,data/cache/limit_ups/2026-07-01_limitups.pkl,1,095739,100003,2.0,123243454.0,1106314544.0,1.0,27.65,35859.0,VALID,30.05,36003.0,VALID,1,1,daily_limitup_derived,data/cache/limit_ups/2026-06-30_limitups.pkl,0,,,,,,1.0,,,UNPARSEABLE,,,UNPARSEABLE,1,1,0,1,1,0,D0_POOL_STREAK_CROSSCHECK_MISMATCH,1,1,1,0,0
600076_2026-07-02,600076,2026-07-02,JULY,2026-07-01,2026-06-30,2026-06-30,1,data/cache/daily/600076_daily.pkl,tencent_daily,YES,2026-07-02,BOARD2,2,1,1,akshare_zt_pool_em,data/cache/limit_ups/2026-07-01_limitups.pkl,1,102625,102625,0.0,36644679.0,137161271.0,1.0,56.416666666666664,37585.0,VALID,56.416666666666664,37585.0,VALID,1,1,daily_limitup_derived,data/cache/limit_ups/2026-06-30_limitups.pkl,0,,,,,,1.0,,,UNPARSEABLE,,,UNPARSEABLE,1,1,0,1,1,0,D0_POOL_STREAK_CROSSCHECK_MISMATCH,1,1,1,0,0
600113_2026-07-02,600113,2026-07-02,JULY,2026-07-01,2026-06-30,2026-06-30,1,data/cache/daily/600113_daily.pkl,tencent_daily,YES,2026-07-02,BOARD3,3,1,1,akshare_zt_pool_em,data/cache/limit_ups/2026-07-01_limitups.pkl,1,093331,094016,1.0,43664880.0,357583120.0,2.0,3.5166666666666666,34411.0,VALID,10.266666666666667,34816.0,VALID,1,1,daily_limitup_derived,data/cache/limit_ups/2026-06-30_limitups.pkl,0,,,,,,2.0,,,UNPARSEABLE,,,UNPARSEABLE,1,1,0,1,1,0,D0_POOL_STREAK_CROSSCHECK_MISMATCH,1,1,1,0,0
600783_2026-07-02,600783,2026-07-02,JULY,2026-07-01,2026-06-30,2026-06-30,1,data/cache/daily/600783_daily.pkl,tencent_daily,YES,2026-07-02,BOARD2,2,1,1,akshare_zt_pool_em,data/cache/limit_ups/2026-07-01_limitups.pkl,1,093058,093058,0.0,164912221.0,324943664.0,1.0,0.9666666666666667,34258.0,VALID,0.9666666666666667,34258.0,VALID,1,1,daily_limitup_derived,data/cache/limit_ups/2026-06-30_limitups.pkl,0,,,,,,1.0,,,UNPARSEABLE,,,UNPARSEABLE,1,1,0,1,1,0,D0_POOL_STREAK_CROSSCHECK_MISMATCH,1,1,1,0,0
603120_2026-07-02,603120,2026-07-02,JULY,2026-07-01,2026-06-30,2026-06-30,1,data/cache/daily/603120_daily.pkl,tencent_daily,YES,2026-07-02,BOARD2,2,1,1,akshare_zt_pool_em,data/cache/limit_ups/2026-07-01_limitups.pkl,1,094404,094404,0.0,75666305.0,214689552.0,1.0,14.066666666666666,35044.0,VALID,14.066666666666666,35044.0,VALID,1,1,daily_limitup_derived,data/cache/limit_ups/2026-06-30_limitups.pkl,0,,,,,,1.0,,,UNPARSEABLE,,,UNPARSEABLE,1,1,0,1,1,0,D0_POOL_STREAK_CROSSCHECK_MISMATCH,1,1,1,0,0
603212_2026-07-02,603212,2026-07-02,JULY,2026-07-01,2026-06-30,2026-06-30,1,data/cache/daily/603212_daily.pkl,tencent_daily,YES,2026-07-02,BOARD2,2,1,1,akshare_zt_pool_em,data/cache/limit_ups/2026-07-01_limitups.pkl,1,132449,132449,0.0,46223503.0,315616208.0,1.0,234.81666666666666,48289.0,VALID,234.81666666666666,48289.0,VALID,1,1,daily_limitup_derived,data/cache/limit_ups/2026-06-30_limitups.pkl,0,,,,,,1.0,,,UNPARSEABLE,,,UNPARSEABLE,1,1,0,1,1,0,D0_POOL_STREAK_CROSSCHECK_MISMATCH,1,1,1,0,0
603379_2026-07-02,603379,2026-07-02,JULY,2026-07-01,2026-06-30,2026-06-30,1,data/cache/daily/603379_daily.pkl,tencent_daily,YES,2026-07-02,BOARD2,2,1,1,akshare_zt_pool_em,data/cache/limit_ups/2026-07-01_limitups.pkl,1,111058,134104,3.0,25749477.0,2350911456.0,1.0,100.96666666666667,40258.0,VALID,251.06666666666666,49264.0,VALID,1,1,daily_limitup_derived,data/cache/limit_ups/2026-06-30_limitups.pkl,0,,,,,,1.0,,,UNPARSEABLE,,,UNPARSEABLE,1,1,0,1,1,0,D0_POOL_STREAK_CROSSCHECK_MISMATCH,1,1,1,0,0
603991_2026-07-02,603991,2026-07-02,JULY,2026-07-01,2026-06-30,2026-06-30,1,data/cache/daily/603991_daily.pkl,tencent_daily,YES,2026-07-02,BOARD2,2,1,1,akshare_zt_pool_em,data/cache/limit_ups/2026-07-01_limitups.pkl,1,105235,105435,1.0,73920255.0,1075425024.0,1.0,82.58333333333333,39155.0,VALID,84.58333333333333,39275.0,VALID,1,1,daily_limitup_derived,data/cache/limit_ups/2026-06-30_limitups.pkl,0,,,,,,1.0,,,UNPARSEABLE,,,UNPARSEABLE,1,1,0,1,1,0,D0_POOL_STREAK_CROSSCHECK_MISMATCH,1,1,1,0,0
000520_2026-07-03,000520,2026-07-03,JULY,2026-07-02,2026-07-01,2026-07-01,1,data/cache/daily/000520_daily.pkl,tencent_daily,YES,2026-07-03,BOARD2,2,1,1,akshare_zt_pool_em,data/cache/limit_ups/2026-07-02_limitups.pkl,1,093012,093345,2.0,37478866.0,168464283.0,2.0,0.2,34212.0,VALID,3.75,34425.0,VALID,0,0,,,0,,,,,,,,,ROW_MISSING,,,ROW_MISSING,1,1,1,0,0,0,PREV_ROW_MISSING_OR_AMBIGUOUS,0,0,0,0,0
000536_2026-07-03,000536,2026-07-03,JULY,2026-07-02,2026-07-01,2026-07-01,1,data/cache/daily/000536_daily.pkl,tencent_daily,YES,2026-07-03,BOARD2,2,1,1,akshare_zt_pool_em,data/cache/limit_ups/2026-07-02_limitups.pkl,1,095118,095118,0.0,72384586.0,631924464.0,2.0,21.3,35478.0,VALID,21.3,35478.0,VALID,0,0,,,0,,,,,,,,,ROW_MISSING,,,ROW_MISSING,1,1,1,0,0,0,PREV_ROW_MISSING_OR_AMBIGUOUS,0,0,0,0,0
000601_2026-07-03,000601,2026-07-03,JULY,2026-07-02,2026-07-01,2026-07-01,1,data/cache/daily/000601_daily.pkl,tencent_daily,YES,2026-07-03,BOARD2,2,1,1,akshare_zt_pool_em,data/cache/limit_ups/2026-07-02_limitups.pkl,1,093109,093339,1.0,89712634.0,506998064.0,2.0,1.15,34269.0,VALID,3.65,34419.0,VALID,0,0,,,0,,,,,,,,,ROW_MISSING,,,ROW_MISSING,1,1,1,0,0,0,PREV_ROW_MISSING_OR_AMBIGUOUS,0,0,0,0,0
001313_2026-07-03,001313,2026-07-03,JULY,2026-07-02,2026-07-01,2026-07-01,1,data/cache/daily/001313_daily.pkl,tencent_daily,YES,2026-07-03,BOARD2,2,1,1,akshare_zt_pool_em,data/cache/limit_ups/2026-07-02_limitups.pkl,1,130109,130109,0.0,36199878.0,275166976.0,2.0,211.15,46869.0,VALID,211.15,46869.0,VALID,0,0,,,0,,,,,,,,,ROW_MISSING,,,ROW_MISSING,1,1,1,0,0,0,PREV_ROW_MISSING_OR_AMBIGUOUS,0,0,0,0,0
002458_2026-07-03,002458,2026-07-03,JULY,2026-07-02,2026-07-01,2026-07-01,1,data/cache/daily/002458_daily.pkl,tencent_daily,YES,2026-07-03,BOARD2,2,1,1,akshare_zt_pool_em,data/cache/limit_ups/2026-07-02_limitups.pkl,1,093057,094851,6.0,60892411.0,976273984.0,2.0,0.95,34257.0,VALID,18.85,35331.0,VALID,0,0,,,0,,,,,,,,,ROW_MISSING,,,ROW_MISSING,1,1,1,0,0,0,PREV_ROW_MISSING_OR_AMBIGUOUS,0,0,0,0,0
002559_2026-07-03,002559,2026-07-03,JULY,2026-07-02,2026-07-01,2026-07-01,1,data/cache/daily/002559_daily.pkl,tencent_daily,YES,2026-07-03,BOARD2,2,1,1,akshare_zt_pool_em,data/cache/limit_ups/2026-07-02_limitups.pkl,1,093651,093651,0.0,10039617.0,1423648192.0,2.0,6.85,34611.0,VALID,6.85,34611.0,VALID,0,0,,,0,,,,,,,,,ROW_MISSING,,,ROW_MISSING,1,1,1,0,0,0,PREV_ROW_MISSING_OR_AMBIGUOUS,0,0,0,0,0
002826_2026-07-03,002826,2026-07-03,JULY,2026-07-02,2026-07-01,2026-07-01,1,data/cache/daily/002826_daily.pkl,tencent_daily,YES,2026-07-03,BOARD2,2,1,1,akshare_zt_pool_em,data/cache/limit_ups/2026-07-02_limitups.pkl,1,093215,094939,5.0,30558762.0,127258205.0,2.0,2.25,34335.0,VALID,19.65,35379.0,VALID,0,0,,,0,,,,,,,,,ROW_MISSING,,,ROW_MISSING,1,1,1,0,0,0,PREV_ROW_MISSING_OR_AMBIGUOUS,0,0,0,0,0
002971_2026-07-03,002971,2026-07-03,JULY,2026-07-02,2026-07-01,2026-07-01,1,data/cache/daily/002971_daily.pkl,tencent_daily,YES,2026-07-03,BOARD2,2,1,1,akshare_zt_pool_em,data/cache/limit_ups/2026-07-02_limitups.pkl,1,094057,094503,3.0,69656070.0,1717412480.0,2.0,10.95,34857.0,VALID,15.05,35103.0,VALID,0,0,,,0,,,,,,,,,ROW_MISSING,,,ROW_MISSING,1,1,1,0,0,0,PREV_ROW_MISSING_OR_AMBIGUOUS,0,0,0,0,0
600641_2026-07-03,600641,2026-07-03,JULY,2026-07-02,2026-07-01,2026-07-01,1,data/cache/daily/600641_daily.pkl,tencent_daily,YES,2026-07-03,BOARD3,3,1,1,akshare_zt_pool_em,data/cache/limit_ups/2026-07-02_limitups.pkl,1,092503,093651,2.0,460947044.0,3282307872.0,3.0,-4.95,33903.0,VALID,6.85,34611.0,VALID,1,1,akshare_zt_pool_em,data/cache/limit_ups/2026-07-01_limitups.pkl,1,132102,134556,1.0,81467263.0,2910219712.0,1.0,231.03333333333333,48062.0,VALID,255.93333333333334,49556.0,VALID,1,1,1,0,1,0,PREV_POOL_STREAK_CROSSCHECK_MISMATCH,1,1,1,1,1
603505_2026-07-03,603505,2026-07-03,JULY,2026-07-02,2026-07-01,2026-07-01,1,data/cache/daily/603505_daily.pkl,tencent_daily,YES,2026-07-03,BOARD2,2,1,1,akshare_zt_pool_em,data/cache/limit_ups/2026-07-02_limitups.pkl,1,112822,144655,4.0,29130220.0,2514932736.0,2.0,118.36666666666666,41302.0,VALID,316.9166666666667,53215.0,VALID,0,0,,,0,,,,,,,,,ROW_MISSING,,,ROW_MISSING,1,1,1,0,0,0,PREV_ROW_MISSING_OR_AMBIGUOUS,0,0,0,0,0
603538_2026-07-03,603538,2026-07-03,JULY,2026-07-02,2026-07-01,2026-07-01,1,data/cache/daily/603538_daily.pkl,tencent_daily,YES,2026-07-03,BOARD2,2,1,1,akshare_zt_pool_em,data/cache/limit_ups/2026-07-02_limitups.pkl,1,093111,093111,0.0,98746791.0,386970240.0,2.0,1.1833333333333333,34271.0,VALID,1.1833333333333333,34271.0,VALID,0,0,,,0,,,,,,,,,ROW_MISSING,,,ROW_MISSING,1,1,1,0,0,0,PREV_ROW_MISSING_OR_AMBIGUOUS,0,0,0,0,0
605488_2026-07-03,605488,2026-07-03,JULY,2026-07-02,2026-07-01,2026-07-01,1,data/cache/daily/605488_daily.pkl,tencent_daily,YES,2026-07-03,BOARD2,2,1,1,akshare_zt_pool_em,data/cache/limit_ups/2026-07-02_limitups.pkl,1,100926,132639,3.0,56965708.0,700837584.0,2.0,39.43333333333333,36566.0,VALID,236.65,48399.0,VALID,0,0,,,0,,,,,,,,,ROW_MISSING,,,ROW_MISSING,1,1,1,0,0,0,PREV_ROW_MISSING_OR_AMBIGUOUS,0,0,0,0,0
000506_2026-07-06,000506,2026-07-06,JULY,2026-07-03,2026-07-02,2026-07-02,1,data/cache/daily/000506_daily.pkl,tencent_daily,YES,2026-07-06,BOARD2,2,1,1,akshare_zt_pool_em,data/cache/limit_ups/2026-07-03_limitups.pkl,1,093051,093051,0.0,147919264.0,371842192.0,2.0,0.85,34251.0,VALID,0.85,34251.0,VALID,1,1,akshare_zt_pool_em,data/cache/limit_ups/2026-07-02_limitups.pkl,1,103551,103551,0.0,92958398.0,634527920.0,1.0,65.85,38151.0,VALID,65.85,38151.0,VALID,1,1,1,1,1,0,,1,1,1,1,1
000576_2026-07-06,000576,2026-07-06,JULY,2026-07-03,2026-07-02,2026-07-02,1,data/cache/daily/000576_daily.pkl,tencent_daily,YES,2026-07-06,BOARD2,2,1,1,akshare_zt_pool_em,data/cache/limit_ups/2026-07-03_limitups.pkl,1,094121,094121,0.0,42263694.0,193318059.0,2.0,11.35,34881.0,VALID,11.35,34881.0,VALID,1,1,akshare_zt_pool_em,data/cache/limit_ups/2026-07-02_limitups.pkl,1,100821,100821,0.0,64438460.0,87336393.0,1.0,38.35,36501.0,VALID,38.35,36501.0,VALID,1,1,1,1,1,0,,1,1,1,1,1
000595_2026-07-06,000595,2026-07-06,JULY,2026-07-03,2026-07-02,2026-07-02,1,data/cache/daily/000595_daily.pkl,tencent_daily,YES,2026-07-06,BOARD2,2,1,1,akshare_zt_pool_em,data/cache/limit_ups/2026-07-03_limitups.pkl,1,092500,092500,0.0,93156960.0,94916640.0,2.0,-5.0,33900.0,VALID,-5.0,33900.0,VALID,1,1,akshare_zt_pool_em,data/cache/limit_ups/2026-07-02_limitups.pkl,1,092500,092500,0.0,135255582.0,8173305.0,1.0,-5.0,33900.0,VALID,-5.0,33900.0,VALID,1,1,1,1,1,0,,1,1,1,1,1
000908_2026-07-06,000908,2026-07-06,JULY,2026-07-03,2026-07-02,2026-07-02,1,data/cache/daily/000908_daily.pkl,tencent_daily,YES,2026-07-06,BOARD2,2,1,1,akshare_zt_pool_em,data/cache/limit_ups/2026-07-03_limitups.pkl,1,093509,142430,1.0,15212987.0,519854544.0,2.0,5.15,34509.0,VALID,294.5,51870.0,VALID,1,1,akshare_zt_pool_em,data/cache/limit_ups/2026-07-02_limitups.pkl,1,093236,093236,0.0,123504331.0,78768319.0,1.0,2.6,34356.0,VALID,2.6,34356.0,VALID,1,1,1,1,1,0,,1,1,1,1,1
001317_2026-07-06,001317,2026-07-06,JULY,2026-07-03,2026-07-02,2026-07-02,1,data/cache/daily/001317_daily.pkl,tencent_daily,YES,2026-07-06,BOARD2,2,1,1,akshare_zt_pool_em,data/cache/limit_ups/2026-07-03_limitups.pkl,1,093309,093309,0.0,78834693.0,196911698.0,2.0,3.15,34389.0,VALID,3.15,34389.0,VALID,1,1,akshare_zt_pool_em,data/cache/limit_ups/2026-07-02_limitups.pkl,1,111709,111709,0.0,83463796.0,233071041.0,1.0,107.15,40629.0,VALID,107.15,40629.0,VALID,1,1,1,1,1,0,,1,1,1,1,1
002979_2026-07-06,002979,2026-07-06,JULY,2026-07-03,2026-07-02,2026-07-02,1,data/cache/daily/002979_daily.pkl,tencent_daily,YES,2026-07-06,BOARD2,2,1,1,akshare_zt_pool_em,data/cache/limit_ups/2026-07-03_limitups.pkl,1,092500,092500,0.0,256673927.0,383958080.0,2.0,-5.0,33900.0,VALID,-5.0,33900.0,VALID,1,1,akshare_zt_pool_em,data/cache/limit_ups/2026-07-02_limitups.pkl,1,092500,092500,0.0,311613563.0,224566783.0,1.0,-5.0,33900.0,VALID,-5.0,33900.0,VALID,1,1,1,1,1,0,,1,1,1,1,1
600988_2026-07-06,600988,2026-07-06,JULY,2026-07-03,2026-07-02,2026-07-02,1,data/cache/daily/600988_daily.pkl,tencent_daily,YES,2026-07-06,BOARD2,2,1,1,akshare_zt_pool_em,data/cache/limit_ups/2026-07-03_limitups.pkl,1,093137,093137,0.0,222358380.0,1152376464.0,2.0,1.6166666666666667,34297.0,VALID,1.6166666666666667,34297.0,VALID,1,1,akshare_zt_pool_em,data/cache/limit_ups/2026-07-02_limitups.pkl,1,103434,103434,0.0,118237678.0,1842571248.0,1.0,64.56666666666666,38074.0,VALID,64.56666666666666,38074.0,VALID,1,1,1,1,1,0,,1,1,1,1,1
603286_2026-07-06,603286,2026-07-06,JULY,2026-07-03,2026-07-02,2026-07-02,1,data/cache/daily/603286_daily.pkl,tencent_daily,YES,2026-07-06,BOARD2,2,1,1,akshare_zt_pool_em,data/cache/limit_ups/2026-07-03_limitups.pkl,1,101700,101700,0.0,64680928.0,395752304.0,2.0,47.0,37020.0,VALID,47.0,37020.0,VALID,1,1,akshare_zt_pool_em,data/cache/limit_ups/2026-07-02_limitups.pkl,1,093255,093434,1.0,112634496.0,146661351.0,1.0,2.9166666666666665,34375.0,VALID,4.566666666666666,34474.0,VALID,1,1,1,1,1,0,,1,1,1,1,1
603338_2026-07-06,603338,2026-07-06,JULY,2026-07-03,2026-07-02,2026-07-02,1,data/cache/daily/603338_daily.pkl,tencent_daily,YES,2026-07-06,BOARD2,2,1,1,akshare_zt_pool_em,data/cache/limit_ups/2026-07-03_limitups.pkl,1,112331,130016,7.0,29529405.0,987589904.0,2.0,113.51666666666667,41011.0,VALID,210.26666666666668,46816.0,VALID,1,1,akshare_zt_pool_em,data/cache/limit_ups/2026-07-02_limitups.pkl,1,130038,130141,1.0,60962456.0,475257072.0,1.0,210.63333333333333,46838.0,VALID,211.68333333333334,46901.0,VALID,1,1,1,1,1,0,,1,1,1,1,1
603559_2026-07-06,603559,2026-07-06,JULY,2026-07-03,2026-07-02,2026-07-02,1,data/cache/daily/603559_daily.pkl,tencent_daily,YES,2026-07-06,BOARD2,2,1,1,akshare_zt_pool_em,data/cache/limit_ups/2026-07-03_limitups.pkl,1,093352,093758,1.0,26695558.0,141382279.0,2.0,3.8666666666666667,34432.0,VALID,7.966666666666667,34678.0,VALID,1,1,akshare_zt_pool_em,data/cache/limit_ups/2026-07-02_limitups.pkl,1,100035,100035,0.0,23043075.0,142837857.0,1.0,30.583333333333332,36035.0,VALID,30.583333333333332,36035.0,VALID,1,1,1,1,1,0,,1,1,1,1,1
603580_2026-07-06,603580,2026-07-06,JULY,2026-07-03,2026-07-02,2026-07-02,1,data/cache/daily/603580_daily.pkl,tencent_daily,YES,2026-07-06,BOARD2,2,1,1,akshare_zt_pool_em,data/cache/limit_ups/2026-07-03_limitups.pkl,1,145614,145614,0.0,7047407.0,204230153.0,2.0,326.23333333333335,53774.0,VALID,326.23333333333335,53774.0,VALID,1,1,akshare_zt_pool_em,data/cache/limit_ups/2026-07-02_limitups.pkl,1,100334,100404,1.0,27676170.0,81928253.0,1.0,33.56666666666667,36214.0,VALID,34.06666666666667,36244.0,VALID,1,1,1,1,1,0,,1,1,1,1,1
603717_2026-07-06,603717,2026-07-06,JULY,2026-07-03,2026-07-02,2026-07-02,1,data/cache/daily/603717_daily.pkl,tencent_daily,YES,2026-07-06,BOARD2,2,1,1,akshare_zt_pool_em,data/cache/limit_ups/2026-07-03_limitups.pkl,1,093638,144723,25.0,2079521.0,376162464.0,2.0,6.633333333333334,34598.0,VALID,317.3833333333333,53243.0,VALID,1,1,akshare_zt_pool_em,data/cache/limit_ups/2026-07-02_limitups.pkl,1,094430,094430,0.0,80600652.0,96652920.0,1.0,14.5,35070.0,VALID,14.5,35070.0,VALID,1,1,1,1,1,0,,1,1,1,1,1
605189_2026-07-06,605189,2026-07-06,JULY,2026-07-03,2026-07-02,2026-07-02,1,data/cache/daily/605189_daily.pkl,tencent_daily,YES,2026-07-06,BOARD3,3,1,1,akshare_zt_pool_em,data/cache/limit_ups/2026-07-03_limitups.pkl,1,131824,131824,0.0,44291387.0,355904528.0,3.0,228.4,47904.0,VALID,228.4,47904.0,VALID,1,1,akshare_zt_pool_em,data/cache/limit_ups/2026-07-02_limitups.pkl,1,133452,133452,0.0,32497707.0,357035072.0,2.0,244.86666666666667,48892.0,VALID,244.86666666666667,48892.0,VALID,1,1,1,1,1,0,,1,1,1,1,1
000656_2026-07-07,000656,2026-07-07,JULY,2026-07-06,2026-07-03,2026-07-03,1,data/cache/daily/000656_daily.pkl,tencent_daily,YES,2026-07-07,BOARD3,3,1,1,akshare_zt_pool_em,data/cache/limit_ups/2026-07-06_limitups.pkl,1,092500,093730,4.0,102361502.0,751158880.0,3.0,-5.0,33900.0,VALID,7.5,34650.0,VALID,1,1,akshare_zt_pool_em,data/cache/limit_ups/2026-07-03_limitups.pkl,1,092500,092500,0.0,226954312.0,6747208.0,2.0,-5.0,33900.0,VALID,-5.0,33900.0,VALID,1,1,1,1,1,0,,1,1,1,1,1
002141_2026-07-07,002141,2026-07-07,JULY,2026-07-06,2026-07-03,2026-07-03,1,data/cache/daily/002141_daily.pkl,tencent_daily,YES,2026-07-07,BOARD2,2,1,1,akshare_zt_pool_em,data/cache/limit_ups/2026-07-06_limitups.pkl,1,093203,110551,7.0,41144430.0,1002921808.0,2.0,2.05,34323.0,VALID,95.85,39951.0,VALID,1,1,akshare_zt_pool_em,data/cache/limit_ups/2026-07-03_limitups.pkl,1,110718,143736,19.0,7408796.0,905174432.0,1.0,97.3,40038.0,VALID,307.6,52656.0,VALID,1,1,1,1,1,0,,1,1,1,1,1
002396_2026-07-07,002396,2026-07-07,JULY,2026-07-06,2026-07-03,2026-07-03,1,data/cache/daily/002396_daily.pkl,tencent_daily,YES,2026-07-07,BOARD2,2,1,1,akshare_zt_pool_em,data/cache/limit_ups/2026-07-06_limitups.pkl,1,092500,093857,1.0,200613209.0,1155247424.0,2.0,-5.0,33900.0,VALID,8.95,34737.0,VALID,1,1,akshare_zt_pool_em,data/cache/limit_ups/2026-07-03_limitups.pkl,1,092500,092500,0.0,349349902.0,183882278.0,1.0,-5.0,33900.0,VALID,-5.0,33900.0,VALID,1,1,1,1,1,0,,1,1,1,1,1
002767_2026-07-07,002767,2026-07-07,JULY,2026-07-06,2026-07-03,2026-07-03,1,data/cache/daily/002767_daily.pkl,tencent_daily,YES,2026-07-07,BOARD2,2,1,1,akshare_zt_pool_em,data/cache/limit_ups/2026-07-06_limitups.pkl,1,093030,093030,0.0,34421368.0,37718599.0,2.0,0.5,34230.0,VALID,0.5,34230.0,VALID,1,1,akshare_zt_pool_em,data/cache/limit_ups/2026-07-03_limitups.pkl,1,135024,135024,0.0,24547028.0,86460542.0,1.0,260.4,49824.0,VALID,260.4,49824.0,VALID,1,1,1,1,1,0,,1,1,1,1,1
603211_2026-07-07,603211,2026-07-07,JULY,2026-07-06,2026-07-03,2026-07-03,1,data/cache/daily/603211_daily.pkl,tencent_daily,YES,2026-07-07,BOARD2,2,1,1,akshare_zt_pool_em,data/cache/limit_ups/2026-07-06_limitups.pkl,1,093205,093835,4.0,11613914.0,539492528.0,2.0,2.0833333333333335,34325.0,VALID,8.583333333333334,34715.0,VALID,1,1,akshare_zt_pool_em,data/cache/limit_ups/2026-07-03_limitups.pkl,1,093656,093656,0.0,41733528.0,271229392.0,1.0,6.933333333333334,34616.0,VALID,6.933333333333334,34616.0,VALID,1,1,1,1,1,0,,1,1,1,1,1
603722_2026-07-07,603722,2026-07-07,JULY,2026-07-06,2026-06-26,2026-07-03,0,data/cache/daily/603722_daily.pkl,tencent_daily,YES,2026-07-07,BOARD2,2,1,1,akshare_zt_pool_em,data/cache/limit_ups/2026-07-06_limitups.pkl,1,092502,092502,0.0,218651598.0,25902954.0,2.0,-4.966666666666667,33902.0,VALID,-4.966666666666667,33902.0,VALID,1,1,akshare_zt_pool_em,data/cache/limit_ups/2026-06-26_limitups.pkl,1,131809,131809,0.0,47274480.0,218708271.0,1.0,228.15,47889.0,VALID,228.15,47889.0,VALID,1,1,1,1,1,0,,1,1,1,1,1
600246_2026-07-08,600246,2026-07-08,JULY,2026-07-07,2026-07-06,2026-07-06,1,data/cache/daily/600246_daily.pkl,tencent_daily,YES,2026-07-08,BOARD2,2,1,1,akshare_zt_pool_em,data/cache/limit_ups/2026-07-07_limitups.pkl,1,094816,150000,39.0,5438640.0,4641980928.0,2.0,18.266666666666666,35296.0,VALID,330.0,54000.0,VALID,1,1,akshare_zt_pool_em,data/cache/limit_ups/2026-07-06_limitups.pkl,1,112918,112918,0.0,125208404.0,2085796288.0,1.0,119.3,41358.0,VALID,119.3,41358.0,VALID,1,1,1,1,1,0,,1,1,1,1,1
603823_2026-07-08,603823,2026-07-08,JULY,2026-07-07,2026-07-06,2026-07-06,1,data/cache/daily/603823_daily.pkl,tencent_daily,YES,2026-07-08,BOARD2,2,1,1,akshare_zt_pool_em,data/cache/limit_ups/2026-07-07_limitups.pkl,1,103506,145506,1.0,31546541.0,2118297984.0,1.0,65.1,38106.0,VALID,325.1,53706.0,VALID,0,0,,,0,,,,,,,,,ROW_MISSING,,,ROW_MISSING,1,1,0,0,0,0,PREV_ROW_MISSING_OR_AMBIGUOUS;D0_POOL_STREAK_CROSSCHECK_MISMATCH,0,0,0,0,0
603861_2026-07-08,603861,2026-07-08,JULY,2026-07-07,2026-07-06,2026-07-06,1,data/cache/daily/603861_daily.pkl,tencent_daily,YES,2026-07-08,BOARD2,2,1,1,akshare_zt_pool_em,data/cache/limit_ups/2026-07-07_limitups.pkl,1,095121,100133,5.0,36992240.0,667597136.0,2.0,21.35,35481.0,VALID,31.55,36093.0,VALID,1,1,akshare_zt_pool_em,data/cache/limit_ups/2026-07-06_limitups.pkl,1,094933,094933,0.0,87533116.0,266318335.0,1.0,19.55,35373.0,VALID,19.55,35373.0,VALID,1,1,1,1,1,0,,1,1,1,1,1
001229_2026-07-09,001229,2026-07-09,JULY,2026-07-08,2026-07-07,2026-07-07,1,data/cache/daily/001229_daily.pkl,tencent_daily,YES,2026-07-09,BOARD2,2,1,1,akshare_zt_pool_em,data/cache/limit_ups/2026-07-08_limitups.pkl,1,092500,092500,0.0,80468747.0,48254672.0,2.0,-5.0,33900.0,VALID,-5.0,33900.0,VALID,1,1,akshare_zt_pool_em,data/cache/limit_ups/2026-07-07_limitups.pkl,1,093006,093006,0.0,119577983.0,70328792.0,1.0,0.1,34206.0,VALID,0.1,34206.0,VALID,1,1,1,1,1,0,,1,1,1,1,1
001365_2026-07-09,001365,2026-07-09,JULY,2026-07-08,2026-07-07,2026-07-07,1,data/cache/daily/001365_daily.pkl,tencent_daily,YES,2026-07-09,BOARD2,2,1,1,akshare_zt_pool_em,data/cache/limit_ups/2026-07-08_limitups.pkl,1,130724,130724,0.0,130937247.0,973310976.0,2.0,217.4,47244.0,VALID,217.4,47244.0,VALID,1,1,akshare_zt_pool_em,data/cache/limit_ups/2026-07-07_limitups.pkl,1,093818,093818,0.0,166659756.0,337661968.0,1.0,8.3,34698.0,VALID,8.3,34698.0,VALID,1,1,1,1,1,0,,1,1,1,1,1
002951_2026-07-09,002951,2026-07-09,JULY,2026-07-08,2026-07-07,2026-07-07,1,data/cache/daily/002951_daily.pkl,tencent_daily,YES,2026-07-09,BOARD2,2,1,1,akshare_zt_pool_em,data/cache/limit_ups/2026-07-08_limitups.pkl,1,134903,134903,0.0,43801248.0,407389280.0,2.0,259.05,49743.0,VALID,259.05,49743.0,VALID,1,1,akshare_zt_pool_em,data/cache/limit_ups/2026-07-07_limitups.pkl,1,093503,093503,0.0,95367776.0,87552170.0,1.0,5.05,34503.0,VALID,5.05,34503.0,VALID,1,1,1,1,1,0,,1,1,1,1,1
600094_2026-07-09,600094,2026-07-09,JULY,2026-07-08,2026-07-07,2026-07-07,1,data/cache/daily/600094_daily.pkl,tencent_daily,YES,2026-07-09,BOARD2,2,1,1,akshare_zt_pool_em,data/cache/limit_ups/2026-07-08_limitups.pkl,1,093055,093055,0.0,71404033.0,74426775.0,2.0,0.9166666666666666,34255.0,VALID,0.9166666666666666,34255.0,VALID,1,1,akshare_zt_pool_em,data/cache/limit_ups/2026-07-07_limitups.pkl,1,105833,105833,0.0,61654821.0,122700371.0,1.0,88.55,39513.0,VALID,88.55,39513.0,VALID,1,1,1,1,1,0,,1,1,1,1,1
600288_2026-07-09,600288,2026-07-09,JULY,2026-07-08,2026-07-07,2026-07-07,1,data/cache/daily/600288_daily.pkl,tencent_daily,YES,2026-07-09,BOARD3,3,1,1,akshare_zt_pool_em,data/cache/limit_ups/2026-07-08_limitups.pkl,1,111620,130805,2.0,59318419.0,1953207104.0,3.0,106.33333333333333,40580.0,VALID,218.08333333333334,47285.0,VALID,1,1,akshare_zt_pool_em,data/cache/limit_ups/2026-07-07_limitups.pkl,1,093406,145148,11.0,15306735.0,1869913040.0,2.0,4.1,34446.0,VALID,321.8,53508.0,VALID,1,1,1,1,1,0,,1,1,1,1,1
000977_2026-07-10,000977,2026-07-10,JULY,2026-07-09,2026-07-08,2026-07-08,1,data/cache/daily/000977_daily.pkl,tencent_daily,YES,2026-07-10,BOARD2,2,1,1,akshare_zt_pool_em,data/cache/limit_ups/2026-07-09_limitups.pkl,1,093833,100721,2.0,917382767.0,18533723904.0,2.0,8.55,34713.0,VALID,37.35,36441.0,VALID,1,1,akshare_zt_pool_em,data/cache/limit_ups/2026-07-08_limitups.pkl,1,092500,092500,0.0,3453244642.0,3193011088.0,1.0,-5.0,33900.0,VALID,-5.0,33900.0,VALID,1,1,1,1,1,0,,1,1,1,1,1
002490_2026-07-10,002490,2026-07-10,JULY,2026-07-09,2026-07-08,2026-07-08,1,data/cache/daily/002490_daily.pkl,tencent_daily,YES,2026-07-10,BOARD2,2,1,1,akshare_zt_pool_em,data/cache/limit_ups/2026-07-09_limitups.pkl,1,110403,110403,0.0,43475861.0,680389584.0,2.0,94.05,39843.0,VALID,94.05,39843.0,VALID,1,1,akshare_zt_pool_em,data/cache/limit_ups/2026-07-08_limitups.pkl,1,095215,095215,0.0,41433158.0,353144400.0,1.0,22.25,35535.0,VALID,22.25,35535.0,VALID,1,1,1,1,1,0,,1,1,1,1,1
002841_2026-07-10,002841,2026-07-10,JULY,2026-07-09,2026-07-08,2026-07-08,1,data/cache/daily/002841_daily.pkl,tencent_daily,YES,2026-07-10,BOARD3,3,1,1,akshare_zt_pool_em,data/cache/limit_ups/2026-07-09_limitups.pkl,1,100642,145054,69.0,8518042.0,2546645776.0,3.0,36.7,36402.0,VALID,320.9,53454.0,VALID,1,1,akshare_zt_pool_em,data/cache/limit_ups/2026-07-08_limitups.pkl,1,093424,135524,2.0,34686162.0,1348194672.0,2.0,4.4,34464.0,VALID,265.4,50124.0,VALID,1,1,1,1,1,0,,1,1,1,1,1
603928_2026-07-10,603928,2026-07-10,JULY,2026-07-09,2026-07-08,2026-07-08,1,data/cache/daily/603928_daily.pkl,tencent_daily,YES,2026-07-10,BOARD2,2,1,1,akshare_zt_pool_em,data/cache/limit_ups/2026-07-09_limitups.pkl,1,093227,103945,3.0,18854676.0,1171837360.0,2.0,2.45,34347.0,VALID,69.75,38385.0,VALID,1,1,akshare_zt_pool_em,data/cache/limit_ups/2026-07-08_limitups.pkl,1,094438,095423,1.0,103898760.0,782897088.0,1.0,14.633333333333333,35078.0,VALID,24.383333333333333,35663.0,VALID,1,1,1,1,1,0,,1,1,1,1,1
000887_2026-07-13,000887,2026-07-13,JULY,2026-07-10,2026-07-09,2026-07-09,1,data/cache/daily/000887_daily.pkl,tencent_daily,YES,2026-07-13,BOARD2,2,1,1,akshare_zt_pool_em,data/cache/limit_ups/2026-07-10_limitups.pkl,1,093203,143215,24.0,2781604.0,2234005904.0,2.0,2.05,34323.0,VALID,302.25,52335.0,VALID,1,1,akshare_zt_pool_em,data/cache/limit_ups/2026-07-09_limitups.pkl,1,105109,105539,1.0,106426800.0,1102254928.0,1.0,81.15,39069.0,VALID,85.65,39339.0,VALID,1,1,1,1,1,0,,1,1,1,1,1
000892_2026-07-13,000892,2026-07-13,JULY,2026-07-10,2026-07-09,2026-07-09,1,data/cache/daily/000892_daily.pkl,tencent_daily,YES,2026-07-13,BOARD2,2,1,1,akshare_zt_pool_em,data/cache/limit_ups/2026-07-10_limitups.pkl,1,100330,100406,1.0,30536100.0,575396784.0,2.0,33.5,36210.0,VALID,34.1,36246.0,VALID,1,1,akshare_zt_pool_em,data/cache/limit_ups/2026-07-09_limitups.pkl,1,094230,110800,3.0,26565044.0,458480032.0,1.0,12.5,34950.0,VALID,98.0,40080.0,VALID,1,1,1,1,1,0,,1,1,1,1,1
002346_2026-07-13,002346,2026-07-13,JULY,2026-07-10,2026-07-09,2026-07-09,1,data/cache/daily/002346_daily.pkl,tencent_daily,YES,2026-07-13,BOARD2,2,1,1,akshare_zt_pool_em,data/cache/limit_ups/2026-07-10_limitups.pkl,1,093036,093633,1.0,73287859.0,205978125.0,2.0,0.6,34236.0,VALID,6.55,34593.0,VALID,1,1,akshare_zt_pool_em,data/cache/limit_ups/2026-07-09_limitups.pkl,1,093303,093312,1.0,98466162.0,59937006.0,1.0,3.05,34383.0,VALID,3.2,34392.0,VALID,1,1,1,1,1,0,,1,1,1,1,1
002414_2026-07-13,002414,2026-07-13,JULY,2026-07-10,2026-07-09,2026-07-09,1,data/cache/daily/002414_daily.pkl,tencent_daily,YES,2026-07-13,BOARD2,2,1,1,akshare_zt_pool_em,data/cache/limit_ups/2026-07-10_limitups.pkl,1,092500,095142,5.0,106549963.0,2979367024.0,2.0,-5.0,33900.0,VALID,21.7,35502.0,VALID,1,1,akshare_zt_pool_em,data/cache/limit_ups/2026-07-09_limitups.pkl,1,092500,092500,0.0,721787044.0,276639984.0,1.0,-5.0,33900.0,VALID,-5.0,33900.0,VALID,1,1,1,1,1,0,,1,1,1,1,1
002829_2026-07-13,002829,2026-07-13,JULY,2026-07-10,2026-07-09,2026-07-09,1,data/cache/daily/002829_daily.pkl,tencent_daily,YES,2026-07-13,BOARD2,2,1,1,akshare_zt_pool_em,data/cache/limit_ups/2026-07-10_limitups.pkl,1,095318,095318,0.0,55188997.0,280119360.0,2.0,23.3,35598.0,VALID,23.3,35598.0,VALID,1,1,akshare_zt_pool_em,data/cache/limit_ups/2026-07-09_limitups.pkl,1,093000,093000,0.0,62641863.0,64762359.0,1.0,0.0,34200.0,VALID,0.0,34200.0,VALID,1,1,1,1,1,0,,1,1,1,1,1
603898_2026-07-13,603898,2026-07-13,JULY,2026-07-10,2026-07-09,2026-07-09,1,data/cache/daily/603898_daily.pkl,tencent_daily,YES,2026-07-13,BOARD2,2,1,1,akshare_zt_pool_em,data/cache/limit_ups/2026-07-10_limitups.pkl,1,094010,094010,0.0,50070330.0,85651945.0,2.0,10.166666666666666,34810.0,VALID,10.166666666666666,34810.0,VALID,1,1,akshare_zt_pool_em,data/cache/limit_ups/2026-07-09_limitups.pkl,1,102507,102507,0.0,67852380.0,104973544.0,1.0,55.11666666666667,37507.0,VALID,55.11666666666667,37507.0,VALID,1,1,1,1,1,0,,1,1,1,1,1
000920_2026-07-14,000920,2026-07-14,JULY,2026-07-13,2026-07-10,2026-07-10,1,data/cache/daily/000920_daily.pkl,sina_daily,YES,2026-07-14,BOARD2,2,1,1,akshare_zt_pool_em,data/cache/limit_ups/2026-07-13_limitups.pkl,1,102518,112021,8.0,32307372.0,657440320.0,2.0,55.3,37518.0,VALID,110.35,40821.0,VALID,1,1,akshare_zt_pool_em,data/cache/limit_ups/2026-07-10_limitups.pkl,1,093109,095321,3.0,67968962.0,178943742.0,1.0,1.15,34269.0,VALID,23.35,35601.0,VALID,1,1,1,1,1,0,,1,1,1,1,1
001395_2026-07-14,001395,2026-07-14,JULY,2026-07-13,2026-07-10,2026-07-10,1,data/cache/daily/001395_daily.pkl,tencent_daily,YES,2026-07-14,BOARD3,3,1,1,akshare_zt_pool_em,data/cache/limit_ups/2026-07-13_limitups.pkl,1,100945,145324,4.0,5511127.0,357072176.0,3.0,39.75,36585.0,VALID,323.4,53604.0,VALID,1,1,akshare_zt_pool_em,data/cache/limit_ups/2026-07-10_limitups.pkl,1,093145,093345,2.0,17940416.0,107968402.0,2.0,1.75,34305.0,VALID,3.75,34425.0,VALID,1,1,1,1,1,0,,1,1,1,1,1
003020_2026-07-14,003020,2026-07-14,JULY,2026-07-13,2026-07-10,2026-07-10,1,data/cache/daily/003020_daily.pkl,tencent_daily,YES,2026-07-14,BOARD3,3,1,1,akshare_zt_pool_em,data/cache/limit_ups/2026-07-13_limitups.pkl,1,093015,093424,1.0,82963494.0,339069040.0,3.0,0.25,34215.0,VALID,4.4,34464.0,VALID,1,1,akshare_zt_pool_em,data/cache/limit_ups/2026-07-10_limitups.pkl,1,094812,095906,2.0,35836127.0,324444112.0,2.0,18.2,35292.0,VALID,29.1,35946.0,VALID,1,1,1,1,1,0,,1,1,1,1,1
600513_2026-07-14,600513,2026-07-14,JULY,2026-07-13,2026-07-10,2026-07-10,1,data/cache/daily/600513_daily.pkl,tencent_daily,YES,2026-07-14,BOARD2,2,1,1,akshare_zt_pool_em,data/cache/limit_ups/2026-07-13_limitups.pkl,1,135532,135532,0.0,56189400.0,674830720.0,2.0,265.53333333333336,50132.0,VALID,265.53333333333336,50132.0,VALID,1,1,akshare_zt_pool_em,data/cache/limit_ups/2026-07-10_limitups.pkl,1,112406,112406,0.0,25679322.0,256467560.0,1.0,114.1,41046.0,VALID,114.1,41046.0,VALID,1,1,1,1,1,0,,1,1,1,1,1
600629_2026-07-14,600629,2026-07-14,JULY,2026-07-13,2026-07-10,2026-07-10,1,data/cache/daily/600629_daily.pkl,tencent_daily,YES,2026-07-14,BOARD2,2,1,1,akshare_zt_pool_em,data/cache/limit_ups/2026-07-13_limitups.pkl,1,131154,132015,1.0,69095968.0,678286928.0,2.0,221.9,47514.0,VALID,230.25,48015.0,VALID,1,1,akshare_zt_pool_em,data/cache/limit_ups/2026-07-10_limitups.pkl,1,102956,103309,1.0,42869325.0,339502816.0,1.0,59.93333333333333,37796.0,VALID,63.15,37989.0,VALID,1,1,1,1,1,0,,1,1,1,1,1
600992_2026-07-14,600992,2026-07-14,JULY,2026-07-13,2026-07-10,2026-07-10,1,data/cache/daily/600992_daily.pkl,tencent_daily,YES,2026-07-14,BOARD3,3,1,1,akshare_zt_pool_em,data/cache/limit_ups/2026-07-13_limitups.pkl,1,092501,092501,0.0,103667783.0,63778201.0,3.0,-4.983333333333333,33901.0,VALID,-4.983333333333333,33901.0,VALID,1,1,akshare_zt_pool_em,data/cache/limit_ups/2026-07-10_limitups.pkl,1,100328,100328,0.0,61998964.0,177555040.0,2.0,33.46666666666667,36208.0,VALID,33.46666666666667,36208.0,VALID,1,1,1,1,1,0,,1,1,1,1,1
601608_2026-07-14,601608,2026-07-14,JULY,2026-07-13,2026-07-10,2026-07-10,1,data/cache/daily/601608_daily.pkl,tencent_daily,YES,2026-07-14,BOARD2,2,1,1,akshare_zt_pool_em,data/cache/limit_ups/2026-07-13_limitups.pkl,1,092501,111019,2.0,63348570.0,1123061088.0,2.0,-4.983333333333333,33901.0,VALID,100.31666666666666,40219.0,VALID,1,1,akshare_zt_pool_em,data/cache/limit_ups/2026-07-10_limitups.pkl,1,145640,150000,1.0,37812584.0,376969920.0,1.0,326.6666666666667,53800.0,VALID,330.0,54000.0,VALID,1,1,1,1,1,0,,1,1,1,1,1
605090_2026-07-14,605090,2026-07-14,JULY,2026-07-13,2026-07-10,2026-07-10,1,data/cache/daily/605090_daily.pkl,tencent_daily,YES,2026-07-14,BOARD2,2,1,1,akshare_zt_pool_em,data/cache/limit_ups/2026-07-13_limitups.pkl,1,092503,141945,6.0,93332509.0,2351837088.0,2.0,-4.95,33903.0,VALID,289.75,51585.0,VALID,1,1,akshare_zt_pool_em,data/cache/limit_ups/2026-07-10_limitups.pkl,1,130036,145212,25.0,11291454.0,1318940240.0,1.0,210.6,46836.0,VALID,322.2,53532.0,VALID,1,1,1,1,1,0,,1,1,1,1,1
002379_2026-07-15,002379,2026-07-15,JULY,2026-07-14,2026-07-13,2026-07-13,1,data/cache/daily/002379_daily.pkl,tencent_daily,YES,2026-07-15,BOARD2,2,1,1,akshare_zt_pool_em,data/cache/limit_ups/2026-07-14_limitups.pkl,1,135451,140851,5.0,96701475.0,1828065104.0,2.0,264.85,50091.0,VALID,278.85,50931.0,VALID,1,1,akshare_zt_pool_em,data/cache/limit_ups/2026-07-13_limitups.pkl,1,101706,141815,4.0,83544960.0,947477168.0,1.0,47.1,37026.0,VALID,288.25,51495.0,VALID,1,1,1,1,1,0,,1,1,1,1,1
603065_2026-07-15,603065,2026-07-15,JULY,2026-07-14,2026-07-13,2026-07-13,1,data/cache/daily/603065_daily.pkl,tencent_daily,YES,2026-07-15,BOARD2,2,1,1,akshare_zt_pool_em,data/cache/limit_ups/2026-07-14_limitups.pkl,1,095637,103113,3.0,52567174.0,1228267600.0,2.0,26.616666666666667,35797.0,VALID,61.21666666666667,37873.0,VALID,1,1,akshare_zt_pool_em,data/cache/limit_ups/2026-07-13_limitups.pkl,1,094457,100218,1.0,24515840.0,875866000.0,1.0,14.95,35097.0,VALID,32.3,36138.0,VALID,1,1,1,1,1,0,,1,1,1,1,1
001388_2026-07-16,001388,2026-07-16,JULY,2026-07-15,2026-07-14,2026-07-14,1,data/cache/daily/001388_daily.pkl,tencent_daily,YES,2026-07-16,BOARD3,3,1,1,akshare_zt_pool_em,data/cache/limit_ups/2026-07-15_limitups.pkl,1,093130,102518,3.0,35511376.0,358905920.0,3.0,1.5,34290.0,VALID,55.3,37518.0,VALID,1,1,akshare_zt_pool_em,data/cache/limit_ups/2026-07-14_limitups.pkl,1,093242,093242,0.0,64953184.0,101757097.0,2.0,2.7,34362.0,VALID,2.7,34362.0,VALID,1,1,1,1,1,0,,1,1,1,1,1
002141_2026-07-16,002141,2026-07-16,JULY,2026-07-15,2026-07-14,2026-07-14,1,data/cache/daily/002141_daily.pkl,tencent_daily,YES,2026-07-16,BOARD2,2,1,1,akshare_zt_pool_em,data/cache/limit_ups/2026-07-15_limitups.pkl,1,093015,093833,2.0,63630864.0,496455648.0,2.0,0.25,34215.0,VALID,8.55,34713.0,VALID,1,1,akshare_zt_pool_em,data/cache/limit_ups/2026-07-14_limitups.pkl,1,095809,095942,2.0,49402680.0,439120208.0,1.0,28.15,35889.0,VALID,29.7,35982.0,VALID,1,1,1,1,1,0,,1,1,1,1,1
002432_2026-07-16,002432,2026-07-16,JULY,2026-07-15,2026-07-14,2026-07-14,1,data/cache/daily/002432_daily.pkl,tencent_daily,YES,2026-07-16,BOARD2,2,1,1,akshare_zt_pool_em,data/cache/limit_ups/2026-07-15_limitups.pkl,1,092500,092500,0.0,331968945.0,218116091.0,2.0,-5.0,33900.0,VALID,-5.0,33900.0,VALID,1,1,akshare_zt_pool_em,data/cache/limit_ups/2026-07-14_limitups.pkl,1,130339,130339,0.0,124742444.0,1424392432.0,1.0,213.65,47019.0,VALID,213.65,47019.0,VALID,1,1,1,1,1,0,,1,1,1,1,1
600227_2026-07-16,600227,2026-07-16,JULY,2026-07-15,2026-07-14,2026-07-14,1,data/cache/daily/600227_daily.pkl,tencent_daily,YES,2026-07-16,BOARD2,2,1,1,akshare_zt_pool_em,data/cache/limit_ups/2026-07-15_limitups.pkl,1,103818,103921,1.0,44231576.0,478566768.0,2.0,68.3,38298.0,VALID,69.35,38361.0,VALID,1,1,akshare_zt_pool_em,data/cache/limit_ups/2026-07-14_limitups.pkl,1,130937,130937,0.0,60012695.0,360712928.0,1.0,219.61666666666667,47377.0,VALID,219.61666666666667,47377.0,VALID,1,1,1,1,1,0,,1,1,1,1,1
600403_2026-07-16,600403,2026-07-16,JULY,2026-07-15,2026-07-14,2026-07-14,1,data/cache/daily/600403_daily.pkl,tencent_daily,YES,2026-07-16,BOARD2,2,1,1,akshare_zt_pool_em,data/cache/limit_ups/2026-07-15_limitups.pkl,1,094740,094740,0.0,72275688.0,373427328.0,2.0,17.666666666666668,35260.0,VALID,17.666666666666668,35260.0,VALID,1,1,akshare_zt_pool_em,data/cache/limit_ups/2026-07-14_limitups.pkl,1,094611,094611,0.0,102094909.0,187082122.0,1.0,16.183333333333334,35171.0,VALID,16.183333333333334,35171.0,VALID,1,1,1,1,1,0,,1,1,1,1,1
600746_2026-07-16,600746,2026-07-16,JULY,2026-07-15,2026-07-14,2026-07-14,1,data/cache/daily/600746_daily.pkl,tencent_daily,YES,2026-07-16,BOARD2,2,1,1,akshare_zt_pool_em,data/cache/limit_ups/2026-07-15_limitups.pkl,1,130359,130359,0.0,42463593.0,277785488.0,2.0,213.98333333333332,47039.0,VALID,213.98333333333332,47039.0,VALID,1,1,akshare_zt_pool_em,data/cache/limit_ups/2026-07-14_limitups.pkl,1,093002,093002,0.0,66511676.0,32761598.0,1.0,0.03333333333333333,34202.0,VALID,0.03333333333333333,34202.0,VALID,1,1,1,1,1,0,,1,1,1,1,1
600829_2026-07-16,600829,2026-07-16,JULY,2026-07-15,2026-07-14,2026-07-14,1,data/cache/daily/600829_daily.pkl,tencent_daily,YES,2026-07-16,BOARD2,2,1,1,akshare_zt_pool_em,data/cache/limit_ups/2026-07-15_limitups.pkl,1,093631,093722,1.0,53255167.0,237042331.0,2.0,6.516666666666667,34591.0,VALID,7.366666666666666,34642.0,VALID,1,1,akshare_zt_pool_em,data/cache/limit_ups/2026-07-14_limitups.pkl,1,094001,094055,1.0,30314271.0,102163227.0,1.0,10.016666666666667,34801.0,VALID,10.916666666666666,34855.0,VALID,1,1,1,1,1,0,,1,1,1,1,1
600844_2026-07-16,600844,2026-07-16,JULY,2026-07-15,2026-07-14,2026-07-14,1,data/cache/daily/600844_daily.pkl,tencent_daily,YES,2026-07-16,BOARD2,2,1,1,akshare_zt_pool_em,data/cache/limit_ups/2026-07-15_limitups.pkl,1,101011,101138,1.0,35209795.0,264122935.0,2.0,40.18333333333333,36611.0,VALID,41.63333333333333,36698.0,VALID,1,1,akshare_zt_pool_em,data/cache/limit_ups/2026-07-14_limitups.pkl,1,093027,093239,1.0,23056920.0,73474758.0,1.0,0.45,34227.0,VALID,2.65,34359.0,VALID,1,1,1,1,1,0,,1,1,1,1,1
603137_2026-07-16,603137,2026-07-16,JULY,2026-07-15,2026-07-14,2026-07-14,1,data/cache/daily/603137_daily.pkl,tencent_daily,YES,2026-07-16,BOARD3,3,1,1,akshare_zt_pool_em,data/cache/limit_ups/2026-07-15_limitups.pkl,1,141017,141753,3.0,37860801.0,1042928304.0,3.0,280.28333333333336,51017.0,VALID,287.8833333333333,51473.0,VALID,1,1,akshare_zt_pool_em,data/cache/limit_ups/2026-07-14_limitups.pkl,1,143643,143643,0.0,38909549.0,1131431712.0,2.0,306.71666666666664,52603.0,VALID,306.71666666666664,52603.0,VALID,1,1,1,1,1,0,,1,1,1,1,1
605028_2026-07-16,605028,2026-07-16,JULY,2026-07-15,2026-07-14,2026-07-14,1,data/cache/daily/605028_daily.pkl,tencent_daily,YES,2026-07-16,BOARD2,2,1,1,akshare_zt_pool_em,data/cache/limit_ups/2026-07-15_limitups.pkl,1,093248,093336,1.0,28917293.0,48695572.0,2.0,2.8,34368.0,VALID,3.6,34416.0,VALID,1,1,akshare_zt_pool_em,data/cache/limit_ups/2026-07-14_limitups.pkl,1,093028,093028,0.0,38530470.0,17760916.0,1.0,0.4666666666666667,34228.0,VALID,0.4666666666666667,34228.0,VALID,1,1,1,1,1,0,,1,1,1,1,1
605189_2026-07-16,605189,2026-07-16,JULY,2026-07-15,2026-07-14,2026-07-14,1,data/cache/daily/605189_daily.pkl,tencent_daily,YES,2026-07-16,BOARD2,2,1,1,akshare_zt_pool_em,data/cache/limit_ups/2026-07-15_limitups.pkl,1,142308,142308,0.0,37022460.0,557093344.0,2.0,293.1333333333333,51788.0,VALID,293.1333333333333,51788.0,VALID,1,1,akshare_zt_pool_em,data/cache/limit_ups/2026-07-14_limitups.pkl,1,102651,102651,0.0,133065029.0,309101312.0,1.0,56.85,37611.0,VALID,56.85,37611.0,VALID,1,1,1,1,1,0,,1,1,1,1,1
605255_2026-07-16,605255,2026-07-16,JULY,2026-07-15,2026-07-14,2026-07-14,1,data/cache/daily/605255_daily.pkl,tencent_daily,YES,2026-07-16,BOARD2,2,1,1,akshare_zt_pool_em,data/cache/limit_ups/2026-07-15_limitups.pkl,1,093230,093230,0.0,20733607.0,102181288.0,2.0,2.5,34350.0,VALID,2.5,34350.0,VALID,1,1,akshare_zt_pool_em,data/cache/limit_ups/2026-07-14_limitups.pkl,1,093054,093054,0.0,23223021.0,76068565.0,1.0,0.9,34254.0,VALID,0.9,34254.0,VALID,1,1,1,1,1,0,,1,1,1,1,1
000504_2026-07-17,000504,2026-07-17,JULY,2026-07-16,2026-07-15,2026-07-15,1,data/cache/daily/000504_daily.pkl,tencent_daily,YES,2026-07-17,BOARD2,2,1,1,akshare_zt_pool_em,data/cache/limit_ups/2026-07-16_limitups.pkl,1,093918,100515,1.0,19623240.0,264578564.0,2.0,9.3,34758.0,VALID,35.25,36315.0,VALID,1,1,akshare_zt_pool_em,data/cache/limit_ups/2026-07-15_limitups.pkl,1,093815,094115,2.0,34583789.0,104283614.0,1.0,8.25,34695.0,VALID,11.25,34875.0,VALID,1,1,1,1,1,0,,1,1,1,1,1
000566_2026-07-17,000566,2026-07-17,JULY,2026-07-16,2026-07-15,2026-07-15,1,data/cache/daily/000566_daily.pkl,tencent_daily,YES,2026-07-17,BOARD2,2,1,1,akshare_zt_pool_em,data/cache/limit_ups/2026-07-16_limitups.pkl,1,110112,110348,1.0,87692787.0,1614644688.0,2.0,91.2,39672.0,VALID,93.8,39828.0,VALID,1,1,akshare_zt_pool_em,data/cache/limit_ups/2026-07-15_limitups.pkl,1,093703,093703,0.0,90417520.0,538337024.0,1.0,7.05,34623.0,VALID,7.05,34623.0,VALID,1,1,1,1,1,0,,1,1,1,1,1
002365_2026-07-17,002365,2026-07-17,JULY,2026-07-16,2026-07-15,2026-07-15,1,data/cache/daily/002365_daily.pkl,tencent_daily,YES,2026-07-17,BOARD2,2,1,1,akshare_zt_pool_em,data/cache/limit_ups/2026-07-16_limitups.pkl,1,093324,093324,0.0,82771059.0,332393760.0,2.0,3.4,34404.0,VALID,3.4,34404.0,VALID,1,1,akshare_zt_pool_em,data/cache/limit_ups/2026-07-15_limitups.pkl,1,095048,095048,0.0,114056572.0,284314064.0,1.0,20.8,35448.0,VALID,20.8,35448.0,VALID,1,1,1,1,1,0,,1,1,1,1,1
002739_2026-07-17,002739,2026-07-17,JULY,2026-07-16,2026-07-15,2026-07-15,1,data/cache/daily/002739_daily.pkl,tencent_daily,YES,2026-07-17,BOARD2,2,1,1,akshare_zt_pool_em,data/cache/limit_ups/2026-07-16_limitups.pkl,1,093033,093033,0.0,250140360.0,847772736.0,2.0,0.55,34233.0,VALID,0.55,34233.0,VALID,1,1,akshare_zt_pool_em,data/cache/limit_ups/2026-07-15_limitups.pkl,1,093121,094115,3.0,163478598.0,891958064.0,1.0,1.35,34281.0,VALID,11.25,34875.0,VALID,1,1,1,1,1,0,,1,1,1,1,1
600785_2026-07-17,600785,2026-07-17,JULY,2026-07-16,2026-07-15,2026-07-15,1,data/cache/daily/600785_daily.pkl,tencent_daily,YES,2026-07-17,BOARD2,2,1,1,akshare_zt_pool_em,data/cache/limit_ups/2026-07-16_limitups.pkl,1,103234,103234,0.0,42851868.0,266701015.0,2.0,62.56666666666667,37954.0,VALID,62.56666666666667,37954.0,VALID,1,1,akshare_zt_pool_em,data/cache/limit_ups/2026-07-15_limitups.pkl,1,094739,142445,2.0,10322389.0,224749561.0,1.0,17.65,35259.0,VALID,294.75,51885.0,VALID,1,1,1,1,1,0,,1,1,1,1,1
000676_2026-07-20,000676,2026-07-20,JULY,2026-07-17,2026-07-16,2026-07-16,1,data/cache/daily/000676_daily.pkl,tencent_daily,YES,2026-07-20,BOARD3,3,1,1,akshare_zt_pool_em,data/cache/limit_ups/2026-07-17_limitups.pkl,1,093103,140436,3.0,65497924.0,1722939792.0,3.0,1.05,34263.0,VALID,274.6,50676.0,VALID,1,1,akshare_zt_pool_em,data/cache/limit_ups/2026-07-16_limitups.pkl,1,094645,094645,0.0,103683046.0,492758976.0,2.0,16.75,35205.0,VALID,16.75,35205.0,VALID,1,1,1,1,1,0,,1,1,1,1,1
002632_2026-07-20,002632,2026-07-20,JULY,2026-07-17,2026-07-16,2026-07-16,1,data/cache/daily/002632_daily.pkl,tencent_daily,YES,2026-07-20,BOARD2,2,1,1,akshare_zt_pool_em,data/cache/limit_ups/2026-07-17_limitups.pkl,1,093009,102136,2.0,56776167.0,762034208.0,2.0,0.15,34209.0,VALID,51.6,37296.0,VALID,1,1,akshare_zt_pool_em,data/cache/limit_ups/2026-07-16_limitups.pkl,1,092500,092500,0.0,134171323.0,145704404.0,1.0,-5.0,33900.0,VALID,-5.0,33900.0,VALID,1,1,1,1,1,0,,1,1,1,1,1
002677_2026-07-20,002677,2026-07-20,JULY,2026-07-17,2026-07-09,2026-07-16,0,data/cache/daily/002677_daily.pkl,tencent_daily,YES,2026-07-20,BOARD3,3,1,1,akshare_zt_pool_em,data/cache/limit_ups/2026-07-17_limitups.pkl,1,092500,092500,0.0,90706327.0,54576742.0,3.0,-5.0,33900.0,VALID,-5.0,33900.0,VALID,1,1,akshare_zt_pool_em,data/cache/limit_ups/2026-07-09_limitups.pkl,1,094118,094118,0.0,56860154.0,107694056.0,2.0,11.3,34878.0,VALID,11.3,34878.0,VALID,1,1,1,1,1,0,,1,1,1,1,1
002829_2026-07-20,002829,2026-07-20,JULY,2026-07-17,2026-07-16,2026-07-16,1,data/cache/daily/002829_daily.pkl,tencent_daily,YES,2026-07-20,BOARD2,2,1,1,akshare_zt_pool_em,data/cache/limit_ups/2026-07-17_limitups.pkl,1,140924,141227,1.0,22547504.0,561158064.0,2.0,279.4,50964.0,VALID,282.45,51147.0,VALID,1,1,akshare_zt_pool_em,data/cache/limit_ups/2026-07-16_limitups.pkl,1,094136,094136,0.0,26564400.0,225182984.0,1.0,11.6,34896.0,VALID,11.6,34896.0,VALID,1,1,1,1,1,0,,1,1,1,1,1
600162_2026-07-20,600162,2026-07-20,JULY,2026-07-17,2026-07-16,2026-07-16,1,data/cache/daily/600162_daily.pkl,tencent_daily,YES,2026-07-20,BOARD3,3,1,1,akshare_zt_pool_em,data/cache/limit_ups/2026-07-17_limitups.pkl,1,142721,142721,0.0,30148350.0,1115651152.0,3.0,297.35,52041.0,VALID,297.35,52041.0,VALID,1,1,akshare_zt_pool_em,data/cache/limit_ups/2026-07-16_limitups.pkl,1,093057,143821,2.0,45399276.0,906769312.0,2.0,0.95,34257.0,VALID,308.35,52701.0,VALID,1,1,1,1,1,0,,1,1,1,1,1
603567_2026-07-20,603567,2026-07-20,JULY,2026-07-17,2026-07-16,2026-07-16,1,data/cache/daily/603567_daily.pkl,tencent_daily,YES,2026-07-20,BOARD2,2,1,1,akshare_zt_pool_em,data/cache/limit_ups/2026-07-17_limitups.pkl,1,093646,142110,1.0,31019942.0,610427920.0,2.0,6.766666666666667,34606.0,VALID,291.1666666666667,51670.0,VALID,1,1,akshare_zt_pool_em,data/cache/limit_ups/2026-07-16_limitups.pkl,1,133219,133219,0.0,51216480.0,238262495.0,1.0,242.31666666666666,48739.0,VALID,242.31666666666666,48739.0,VALID,1,1,1,1,1,0,,1,1,1,1,1
000037_2026-07-21,000037,2026-07-21,JULY,2026-07-20,2026-07-17,2026-07-17,1,data/cache/daily/000037_daily.pkl,tencent_daily,YES,2026-07-21,BOARD2,2,1,1,akshare_zt_pool_em,data/cache/limit_ups/2026-07-20_limitups.pkl,1,144548,145512,2.0,1771000.0,746615024.0,2.0,315.8,53148.0,VALID,325.2,53712.0,VALID,1,1,akshare_zt_pool_em,data/cache/limit_ups/2026-07-17_limitups.pkl,1,100009,100009,0.0,33258000.0,326741488.0,1.0,30.15,36009.0,VALID,30.15,36009.0,VALID,1,1,1,1,1,0,,1,1,1,1,1
000722_2026-07-21,000722,2026-07-21,JULY,2026-07-20,2026-07-17,2026-07-17,1,data/cache/daily/000722_daily.pkl,tencent_daily,YES,2026-07-21,BOARD2,2,1,1,akshare_zt_pool_em,data/cache/limit_ups/2026-07-20_limitups.pkl,1,144433,145621,6.0,3262545.0,1100838176.0,2.0,314.55,53073.0,VALID,326.35,53781.0,VALID,1,1,akshare_zt_pool_em,data/cache/limit_ups/2026-07-17_limitups.pkl,1,145354,145354,0.0,39493805.0,730235200.0,1.0,323.9,53634.0,VALID,323.9,53634.0,VALID,1,1,1,1,1,0,,1,1,1,1,1
000899_2026-07-21,000899,2026-07-21,JULY,2026-07-20,2026-07-17,2026-07-17,1,data/cache/daily/000899_daily.pkl,tencent_daily,YES,2026-07-21,BOARD2,2,0,0,,,0,,,,,,,,,ROW_MISSING,,,ROW_MISSING,1,1,akshare_zt_pool_em,data/cache/limit_ups/2026-07-17_limitups.pkl,1,110854,110854,0.0,77406421.0,397280432.0,1.0,98.9,40134.0,VALID,98.9,40134.0,VALID,1,1,0,1,0,0,D0_ROW_MISSING_OR_AMBIGUOUS,0,0,0,0,0
600227_2026-07-21,600227,2026-07-21,JULY,2026-07-20,2026-07-17,2026-07-17,1,data/cache/daily/600227_daily.pkl,tencent_daily,YES,2026-07-21,BOARD2,2,0,0,,,0,,,,,,,,,ROW_MISSING,,,ROW_MISSING,1,1,akshare_zt_pool_em,data/cache/limit_ups/2026-07-17_limitups.pkl,1,093934,141746,1.0,32425902.0,752820192.0,1.0,9.566666666666666,34774.0,VALID,287.76666666666665,51466.0,VALID,1,1,0,1,0,0,D0_ROW_MISSING_OR_AMBIGUOUS,0,0,0,0,0
600236_2026-07-21,600236,2026-07-21,JULY,2026-07-20,2026-07-17,2026-07-17,1,data/cache/daily/600236_daily.pkl,tencent_daily,YES,2026-07-21,BOARD2,2,1,1,akshare_zt_pool_em,data/cache/limit_ups/2026-07-20_limitups.pkl,1,110056,141523,12.0,20561635.0,848869984.0,2.0,90.93333333333334,39656.0,VALID,285.3833333333333,51323.0,VALID,1,1,akshare_zt_pool_em,data/cache/limit_ups/2026-07-17_limitups.pkl,1,102143,102234,1.0,60427800.0,387794576.0,1.0,51.71666666666667,37303.0,VALID,52.56666666666667,37354.0,VALID,1,1,1,1,1,0,,1,1,1,1,1
600644_2026-07-21,600644,2026-07-21,JULY,2026-07-20,2026-07-17,2026-07-17,1,data/cache/daily/600644_daily.pkl,tencent_daily,YES,2026-07-21,BOARD2,2,1,1,akshare_zt_pool_em,data/cache/limit_ups/2026-07-20_limitups.pkl,1,093245,100303,2.0,48163997.0,670536384.0,2.0,2.75,34365.0,VALID,33.05,36183.0,VALID,1,1,akshare_zt_pool_em,data/cache/limit_ups/2026-07-17_limitups.pkl,1,094528,094855,1.0,63540276.0,387549168.0,1.0,15.466666666666667,35128.0,VALID,18.916666666666668,35335.0,VALID,1,1,1,1,1,0,,1,1,1,1,1
600722_2026-07-21,600722,2026-07-21,JULY,2026-07-20,2026-07-17,2026-07-17,1,data/cache/daily/600722_daily.pkl,tencent_daily,YES,2026-07-21,BOARD2,2,1,1,akshare_zt_pool_em,data/cache/limit_ups/2026-07-20_limitups.pkl,1,093546,093546,0.0,89800339.0,451616176.0,2.0,5.766666666666667,34546.0,VALID,5.766666666666667,34546.0,VALID,1,1,akshare_zt_pool_em,data/cache/limit_ups/2026-07-17_limitups.pkl,1,093849,093849,0.0,92155467.0,410446560.0,1.0,8.816666666666666,34729.0,VALID,8.816666666666666,34729.0,VALID,1,1,1,1,1,0,,1,1,1,1,1
000889_2026-07-22,000889,2026-07-22,JULY,2026-07-21,2026-07-20,2026-07-20,1,data/cache/daily/000889_daily.pkl,tencent_daily,YES,2026-07-22,BOARD2,2,1,1,akshare_zt_pool_em,data/cache/limit_ups/2026-07-21_limitups.pkl,1,093442,093515,1.0,53871460.0,257976103.0,2.0,4.7,34482.0,VALID,5.25,34515.0,VALID,1,1,akshare_zt_pool_em,data/cache/limit_ups/2026-07-20_limitups.pkl,1,093527,093527,0.0,85141028.0,143940609.0,1.0,5.45,34527.0,VALID,5.45,34527.0,VALID,1,1,1,1,1,0,,1,1,1,1,1
002036_2026-07-22,002036,2026-07-22,JULY,2026-07-21,2026-07-20,2026-07-20,1,data/cache/daily/002036_daily.pkl,tencent_daily,YES,2026-07-22,BOARD2,2,1,1,akshare_zt_pool_em,data/cache/limit_ups/2026-07-21_limitups.pkl,1,093633,093633,0.0,61544560.0,303292432.0,2.0,6.55,34593.0,VALID,6.55,34593.0,VALID,1,1,akshare_zt_pool_em,data/cache/limit_ups/2026-07-20_limitups.pkl,1,100306,100306,0.0,65849586.0,259699807.0,1.0,33.1,36186.0,VALID,33.1,36186.0,VALID,1,1,1,1,1,0,,1,1,1,1,1
002213_2026-07-23,002213,2026-07-23,JULY,2026-07-22,2026-07-21,2026-07-21,1,data/cache/daily/002213_daily.pkl,tencent_daily,YES,2026-07-23,BOARD2,2,1,1,akshare_zt_pool_em,data/cache/limit_ups/2026-07-22_limitups.pkl,1,093330,093330,0.0,94710169.0,240189474.0,2.0,3.5,34410.0,VALID,3.5,34410.0,VALID,1,1,akshare_zt_pool_em,data/cache/limit_ups/2026-07-21_limitups.pkl,1,110709,110709,0.0,109076327.0,385448064.0,1.0,97.15,40029.0,VALID,97.15,40029.0,VALID,1,1,1,1,1,0,,1,1,1,1,1
603118_2026-07-23,603118,2026-07-23,JULY,2026-07-22,2026-07-21,2026-07-21,1,data/cache/daily/603118_daily.pkl,tencent_daily,YES,2026-07-23,BOARD2,2,1,1,akshare_zt_pool_em,data/cache/limit_ups/2026-07-22_limitups.pkl,1,093123,141305,4.0,126136798.0,1813065200.0,2.0,1.3833333333333333,34283.0,VALID,283.0833333333333,51185.0,VALID,1,1,akshare_zt_pool_em,data/cache/limit_ups/2026-07-21_limitups.pkl,1,102524,102524,0.0,112466047.0,1852146208.0,1.0,55.4,37524.0,VALID,55.4,37524.0,VALID,1,1,1,1,1,0,,1,1,1,1,1
603407_2026-07-23,603407,2026-07-23,JULY,2026-07-22,2026-07-21,2026-07-21,1,data/cache/daily/603407_daily.pkl,tencent_daily,YES,2026-07-23,BOARD2,2,1,1,akshare_zt_pool_em,data/cache/limit_ups/2026-07-22_limitups.pkl,1,092502,092502,0.0,107711272.0,121564318.0,2.0,-4.966666666666667,33902.0,VALID,-4.966666666666667,33902.0,VALID,1,1,akshare_zt_pool_em,data/cache/limit_ups/2026-07-21_limitups.pkl,1,093047,103244,3.0,101409962.0,314855536.0,1.0,0.7833333333333333,34247.0,VALID,62.733333333333334,37964.0,VALID,1,1,1,1,1,0,,1,1,1,1,1
603629_2026-07-23,603629,2026-07-23,JULY,2026-07-22,2026-07-21,2026-07-21,1,data/cache/daily/603629_daily.pkl,tencent_daily,YES,2026-07-23,BOARD2,2,1,1,akshare_zt_pool_em,data/cache/limit_ups/2026-07-22_limitups.pkl,1,093204,093204,0.0,397695770.0,1497269728.0,2.0,2.066666666666667,34324.0,VALID,2.066666666666667,34324.0,VALID,1,1,akshare_zt_pool_em,data/cache/limit_ups/2026-07-21_limitups.pkl,1,105908,105908,0.0,227595064.0,3824670432.0,1.0,89.13333333333334,39548.0,VALID,89.13333333333334,39548.0,VALID,1,1,1,1,1,0,,1,1,1,1,1
000603_2026-07-24,000603,2026-07-24,JULY,2026-07-23,2026-07-22,2026-07-22,1,data/cache/daily/000603_daily.pkl,tencent_daily,YES,2026-07-24,BOARD3,3,1,1,akshare_zt_pool_em,data/cache/limit_ups/2026-07-23_limitups.pkl,1,100733,101112,1.0,239527561.0,1656097552.0,3.0,37.55,36453.0,VALID,41.2,36672.0,VALID,1,1,akshare_zt_pool_em,data/cache/limit_ups/2026-07-22_limitups.pkl,1,095051,095227,2.0,70370754.0,920227104.0,2.0,20.85,35451.0,VALID,22.45,35547.0,VALID,1,1,1,1,1,0,,1,1,1,1,1
002197_2026-07-24,002197,2026-07-24,JULY,2026-07-23,2026-07-22,2026-07-22,1,data/cache/daily/002197_daily.pkl,tencent_daily,YES,2026-07-24,BOARD3,3,1,1,akshare_zt_pool_em,data/cache/limit_ups/2026-07-23_limitups.pkl,1,093127,103333,6.0,34106956.0,817002272.0,3.0,1.45,34287.0,VALID,63.55,38013.0,VALID,1,1,akshare_zt_pool_em,data/cache/limit_ups/2026-07-22_limitups.pkl,1,093003,093003,0.0,151142637.0,135479001.0,2.0,0.05,34203.0,VALID,0.05,34203.0,VALID,1,1,1,1,1,0,,1,1,1,1,1
002412_2026-07-24,002412,2026-07-24,JULY,2026-07-23,2026-07-22,2026-07-22,1,data/cache/daily/002412_daily.pkl,tencent_daily,YES,2026-07-24,BOARD2,2,1,1,akshare_zt_pool_em,data/cache/limit_ups/2026-07-23_limitups.pkl,1,093848,093848,0.0,95943114.0,236457687.0,2.0,8.8,34728.0,VALID,8.8,34728.0,VALID,1,1,akshare_zt_pool_em,data/cache/limit_ups/2026-07-22_limitups.pkl,1,105539,110109,3.0,42182415.0,247807566.0,1.0,85.65,39339.0,VALID,91.15,39669.0,VALID,1,1,1,1,1,0,,1,1,1,1,1
002900_2026-07-24,002900,2026-07-24,JULY,2026-07-23,2026-07-22,2026-07-22,1,data/cache/daily/002900_daily.pkl,tencent_daily,YES,2026-07-24,BOARD2,2,1,1,akshare_zt_pool_em,data/cache/limit_ups/2026-07-23_limitups.pkl,1,100548,100548,0.0,46589840.0,288540224.0,2.0,35.8,36348.0,VALID,35.8,36348.0,VALID,1,1,akshare_zt_pool_em,data/cache/limit_ups/2026-07-22_limitups.pkl,1,093539,093609,1.0,64544150.0,98234761.0,1.0,5.65,34539.0,VALID,6.15,34569.0,VALID,1,1,1,1,1,0,,1,1,1,1,1
600396_2026-07-24,600396,2026-07-24,JULY,2026-07-23,2026-07-22,2026-07-22,1,data/cache/daily/600396_daily.pkl,tencent_daily,YES,2026-07-24,BOARD2,2,1,1,akshare_zt_pool_em,data/cache/limit_ups/2026-07-23_limitups.pkl,1,135334,135334,0.0,105174972.0,5352355328.0,2.0,263.56666666666666,50014.0,VALID,263.56666666666666,50014.0,VALID,1,1,akshare_zt_pool_em,data/cache/limit_ups/2026-07-22_limitups.pkl,1,101607,130058,3.0,155594712.0,3552209728.0,1.0,46.11666666666667,36967.0,VALID,210.96666666666667,46858.0,VALID,1,1,1,1,1,0,,1,1,1,1,1
600722_2026-07-24,600722,2026-07-24,JULY,2026-07-23,2026-07-22,2026-07-22,1,data/cache/daily/600722_daily.pkl,tencent_daily,YES,2026-07-24,BOARD2,2,1,1,akshare_zt_pool_em,data/cache/limit_ups/2026-07-23_limitups.pkl,1,110157,110436,2.0,64433584.0,1365023360.0,2.0,91.95,39717.0,VALID,94.6,39876.0,VALID,1,1,akshare_zt_pool_em,data/cache/limit_ups/2026-07-22_limitups.pkl,1,095847,135138,6.0,26482493.0,1329859120.0,1.0,28.783333333333335,35927.0,VALID,261.6333333333333,49898.0,VALID,1,1,1,1,1,0,,1,1,1,1,1
603619_2026-07-24,603619,2026-07-24,JULY,2026-07-23,2026-07-22,2026-07-22,1,data/cache/daily/603619_daily.pkl,tencent_daily,YES,2026-07-24,BOARD2,2,1,1,akshare_zt_pool_em,data/cache/limit_ups/2026-07-23_limitups.pkl,1,093111,093111,0.0,78636141.0,375955104.0,2.0,1.1833333333333333,34271.0,VALID,1.1833333333333333,34271.0,VALID,1,1,akshare_zt_pool_em,data/cache/limit_ups/2026-07-22_limitups.pkl,1,094143,130519,17.0,27045142.0,999681744.0,1.0,11.716666666666667,34903.0,VALID,215.31666666666666,47119.0,VALID,1,1,1,1,1,0,,1,1,1,1,1
603988_2026-07-24,603988,2026-07-24,JULY,2026-07-23,2026-07-22,2026-07-22,1,data/cache/daily/603988_daily.pkl,tencent_daily,YES,2026-07-24,BOARD2,2,1,1,akshare_zt_pool_em,data/cache/limit_ups/2026-07-23_limitups.pkl,1,093112,093112,0.0,63930778.0,81910463.0,2.0,1.2,34272.0,VALID,1.2,34272.0,VALID,1,1,akshare_zt_pool_em,data/cache/limit_ups/2026-07-22_limitups.pkl,1,130953,133620,1.0,26691539.0,210885417.0,1.0,219.88333333333333,47393.0,VALID,246.33333333333334,48980.0,VALID,1,1,1,1,1,0,,1,1,1,1,1
605162_2026-07-24,605162,2026-07-24,JULY,2026-07-23,2026-07-22,2026-07-22,1,data/cache/daily/605162_daily.pkl,tencent_daily,YES,2026-07-24,BOARD2,2,1,1,akshare_zt_pool_em,data/cache/limit_ups/2026-07-23_limitups.pkl,1,093135,093135,0.0,76307294.0,114023394.0,2.0,1.5833333333333333,34295.0,VALID,1.5833333333333333,34295.0,VALID,1,1,akshare_zt_pool_em,data/cache/limit_ups/2026-07-22_limitups.pkl,1,094152,094152,0.0,76546928.0,76520873.0,1.0,11.866666666666667,34912.0,VALID,11.866666666666667,34912.0,VALID,1,1,1,1,1,0,,1,1,1,1,1
000011_2026-07-27,000011,2026-07-27,JULY,2026-07-24,2026-07-23,2026-07-23,1,data/cache/daily/000011_daily.pkl,tencent_daily,YES,2026-07-27,BOARD2,2,1,1,akshare_zt_pool_em,data/cache/limit_ups/2026-07-24_limitups.pkl,1,095500,095500,0.0,70988248.0,204303352.0,2.0,25.0,35700.0,VALID,25.0,35700.0,VALID,1,1,akshare_zt_pool_em,data/cache/limit_ups/2026-07-23_limitups.pkl,1,093342,095330,2.0,10753246.0,95190065.0,1.0,3.7,34422.0,VALID,23.5,35610.0,VALID,1,1,1,1,1,0,,1,1,1,1,1
000595_2026-07-27,000595,2026-07-27,JULY,2026-07-24,2026-07-23,2026-07-23,1,data/cache/daily/000595_daily.pkl,tencent_daily,YES,2026-07-27,BOARD3,3,1,1,akshare_zt_pool_em,data/cache/limit_ups/2026-07-24_limitups.pkl,1,092500,142842,14.0,12386442.0,727000480.0,3.0,-5.0,33900.0,VALID,298.7,52122.0,VALID,1,1,akshare_zt_pool_em,data/cache/limit_ups/2026-07-23_limitups.pkl,1,092500,092500,0.0,81157800.0,27252792.0,2.0,-5.0,33900.0,VALID,-5.0,33900.0,VALID,1,1,1,1,1,0,,1,1,1,1,1
000668_2026-07-27,000668,2026-07-27,JULY,2026-07-24,2026-07-23,2026-07-23,1,data/cache/daily/000668_daily.pkl,tencent_daily,YES,2026-07-27,BOARD2,2,1,1,akshare_zt_pool_em,data/cache/limit_ups/2026-07-24_limitups.pkl,1,130818,130818,0.0,41301858.0,113582812.0,2.0,218.3,47298.0,VALID,218.3,47298.0,VALID,1,1,akshare_zt_pool_em,data/cache/limit_ups/2026-07-23_limitups.pkl,1,130733,131021,1.0,19231850.0,62859389.0,1.0,217.55,47253.0,VALID,220.35,47421.0,VALID,1,1,1,1,1,0,,1,1,1,1,1
002083_2026-07-27,002083,2026-07-27,JULY,2026-07-24,2026-07-23,2026-07-23,1,data/cache/daily/002083_daily.pkl,tencent_daily,YES,2026-07-27,BOARD2,2,1,1,akshare_zt_pool_em,data/cache/limit_ups/2026-07-24_limitups.pkl,1,093112,140206,6.0,60679296.0,1132767040.0,2.0,1.2,34272.0,VALID,272.1,50526.0,VALID,1,1,akshare_zt_pool_em,data/cache/limit_ups/2026-07-23_limitups.pkl,1,095939,100057,1.0,110194656.0,547465056.0,1.0,29.65,35979.0,VALID,30.95,36057.0,VALID,1,1,1,1,1,0,,1,1,1,1,1
002199_2026-07-27,002199,2026-07-27,JULY,2026-07-24,2026-07-23,2026-07-23,1,data/cache/daily/002199_daily.pkl,tencent_daily,YES,2026-07-27,BOARD2,2,1,1,akshare_zt_pool_em,data/cache/limit_ups/2026-07-24_limitups.pkl,1,093130,093833,1.0,18443400.0,100753836.0,2.0,1.5,34290.0,VALID,8.55,34713.0,VALID,1,1,akshare_zt_pool_em,data/cache/limit_ups/2026-07-23_limitups.pkl,1,092500,092500,0.0,38481889.0,60731982.0,1.0,-5.0,33900.0,VALID,-5.0,33900.0,VALID,1,1,1,1,1,0,,1,1,1,1,1
002218_2026-07-27,002218,2026-07-27,JULY,2026-07-24,2026-07-23,2026-07-23,1,data/cache/daily/002218_daily.pkl,tencent_daily,YES,2026-07-27,BOARD2,2,0,0,,,0,,,,,,,,,ROW_MISSING,,,ROW_MISSING,1,1,akshare_zt_pool_em,data/cache/limit_ups/2026-07-23_limitups.pkl,1,093230,093915,1.0,89064033.0,198562533.0,1.0,2.5,34350.0,VALID,9.25,34755.0,VALID,1,1,0,1,0,0,D0_ROW_MISSING_OR_AMBIGUOUS,0,0,0,0,0
002298_2026-07-27,002298,2026-07-27,JULY,2026-07-24,2026-07-23,2026-07-23,1,data/cache/daily/002298_daily.pkl,tencent_daily,YES,2026-07-27,BOARD2,2,1,1,akshare_zt_pool_em,data/cache/limit_ups/2026-07-24_limitups.pkl,1,093133,093218,1.0,96782420.0,438947776.0,2.0,1.55,34293.0,VALID,2.3,34338.0,VALID,1,1,akshare_zt_pool_em,data/cache/limit_ups/2026-07-23_limitups.pkl,1,094339,094339,0.0,105071691.0,213590045.0,1.0,13.65,35019.0,VALID,13.65,35019.0,VALID,1,1,1,1,1,0,,1,1,1,1,1
002300_2026-07-27,002300,2026-07-27,JULY,2026-07-24,2026-07-23,2026-07-23,1,data/cache/daily/002300_daily.pkl,tencent_daily,YES,2026-07-27,BOARD2,2,1,1,akshare_zt_pool_em,data/cache/limit_ups/2026-07-24_limitups.pkl,1,102151,104306,2.0,48785491.0,583682976.0,2.0,51.85,37311.0,VALID,73.1,38586.0,VALID,1,1,akshare_zt_pool_em,data/cache/limit_ups/2026-07-23_limitups.pkl,1,101900,101900,0.0,27467408.0,193780698.0,1.0,49.0,37140.0,VALID,49.0,37140.0,VALID,1,1,1,1,1,0,,1,1,1,1,1
002498_2026-07-27,002498,2026-07-27,JULY,2026-07-24,2026-07-23,2026-07-23,1,data/cache/daily/002498_daily.pkl,tencent_daily,YES,2026-07-27,BOARD2,2,1,1,akshare_zt_pool_em,data/cache/limit_ups/2026-07-24_limitups.pkl,1,093057,093057,0.0,154081278.0,484764944.0,2.0,0.95,34257.0,VALID,0.95,34257.0,VALID,1,1,akshare_zt_pool_em,data/cache/limit_ups/2026-07-23_limitups.pkl,1,094918,095100,1.0,162659269.0,439663056.0,1.0,19.3,35358.0,VALID,21.0,35460.0,VALID,1,1,1,1,1,0,,1,1,1,1,1
003001_2026-07-27,003001,2026-07-27,JULY,2026-07-24,2026-07-23,2026-07-23,1,data/cache/daily/003001_daily.pkl,tencent_daily,YES,2026-07-27,BOARD2,2,1,1,akshare_zt_pool_em,data/cache/limit_ups/2026-07-24_limitups.pkl,1,100157,143254,18.0,4179950.0,709006336.0,2.0,31.95,36117.0,VALID,302.9,52374.0,VALID,1,1,akshare_zt_pool_em,data/cache/limit_ups/2026-07-23_limitups.pkl,1,095218,101603,1.0,35989866.0,502435520.0,1.0,22.3,35538.0,VALID,46.05,36963.0,VALID,1,1,1,1,1,0,,1,1,1,1,1
600698_2026-07-27,600698,2026-07-27,JULY,2026-07-24,2026-07-23,2026-07-23,1,data/cache/daily/600698_daily.pkl,tencent_daily,YES,2026-07-27,BOARD2,2,1,1,akshare_zt_pool_em,data/cache/limit_ups/2026-07-24_limitups.pkl,1,094311,101636,2.0,41407779.0,456719328.0,2.0,13.183333333333334,34991.0,VALID,46.6,36996.0,VALID,1,1,akshare_zt_pool_em,data/cache/limit_ups/2026-07-23_limitups.pkl,1,134602,134602,0.0,38141910.0,236128665.0,1.0,256.03333333333336,49562.0,VALID,256.03333333333336,49562.0,VALID,1,1,1,1,1,0,,1,1,1,1,1
600984_2026-07-27,600984,2026-07-27,JULY,2026-07-24,2026-07-23,2026-07-23,1,data/cache/daily/600984_daily.pkl,tencent_daily,YES,2026-07-27,BOARD2,2,1,1,akshare_zt_pool_em,data/cache/limit_ups/2026-07-24_limitups.pkl,1,104842,105403,1.0,30014760.0,344210384.0,2.0,78.7,38922.0,VALID,84.05,39243.0,VALID,1,1,akshare_zt_pool_em,data/cache/limit_ups/2026-07-23_limitups.pkl,1,095117,101153,2.0,40112326.0,172553852.0,1.0,21.283333333333335,35477.0,VALID,41.88333333333333,36713.0,VALID,1,1,1,1,1,0,,1,1,1,1,1
603956_2026-07-27,603956,2026-07-27,JULY,2026-07-24,2026-07-23,2026-07-23,1,data/cache/daily/603956_daily.pkl,tencent_daily,YES,2026-07-27,BOARD2,2,1,1,akshare_zt_pool_em,data/cache/limit_ups/2026-07-24_limitups.pkl,1,093720,093917,2.0,25823170.0,158361406.0,2.0,7.333333333333333,34640.0,VALID,9.283333333333333,34757.0,VALID,1,1,akshare_zt_pool_em,data/cache/limit_ups/2026-07-23_limitups.pkl,1,094917,095214,1.0,53308528.0,90037955.0,1.0,19.283333333333335,35357.0,VALID,22.233333333333334,35534.0,VALID,1,1,1,1,1,0,,1,1,1,1,1
600617_2026-07-28,600617,2026-07-28,JULY,2026-07-27,2026-07-24,2026-07-24,1,data/cache/daily/600617_daily.pkl,tencent_daily,YES,2026-07-28,BOARD2,2,1,1,akshare_zt_pool_em,data/cache/limit_ups/2026-07-27_limitups.pkl,1,093126,093126,0.0,114515024.0,199782970.0,2.0,1.4333333333333333,34286.0,VALID,1.4333333333333333,34286.0,VALID,1,1,akshare_zt_pool_em,data/cache/limit_ups/2026-07-24_limitups.pkl,1,102059,102059,0.0,61042272.0,158095145.0,1.0,50.983333333333334,37259.0,VALID,50.983333333333334,37259.0,VALID,1,1,1,1,1,0,,1,1,1,1,1
601606_2026-07-28,601606,2026-07-28,JULY,2026-07-27,2026-07-24,2026-07-24,1,data/cache/daily/601606_daily.pkl,tencent_daily,YES,2026-07-28,BOARD3,3,1,1,akshare_zt_pool_em,data/cache/limit_ups/2026-07-27_limitups.pkl,1,093823,100241,4.0,163996446.0,2455893264.0,3.0,8.383333333333333,34703.0,VALID,32.68333333333333,36161.0,VALID,1,1,akshare_zt_pool_em,data/cache/limit_ups/2026-07-24_limitups.pkl,1,093601,093601,0.0,247166459.0,954656208.0,2.0,6.016666666666667,34561.0,VALID,6.016666666666667,34561.0,VALID,1,1,1,1,1,0,,1,1,1,1,1
603690_2026-07-28,603690,2026-07-28,JULY,2026-07-27,2026-07-24,2026-07-24,1,data/cache/daily/603690_daily.pkl,tencent_daily,YES,2026-07-28,BOARD2,2,1,1,akshare_zt_pool_em,data/cache/limit_ups/2026-07-27_limitups.pkl,1,093220,094259,1.0,139607700.0,871691488.0,2.0,2.3333333333333335,34340.0,VALID,12.983333333333333,34979.0,VALID,1,1,akshare_zt_pool_em,data/cache/limit_ups/2026-07-24_limitups.pkl,1,093549,103037,1.0,116212059.0,423157232.0,1.0,5.816666666666666,34549.0,VALID,60.61666666666667,37837.0,VALID,1,1,1,1,1,0,,1,1,1,1,1
000566_2026-07-29,000566,2026-07-29,JULY,2026-07-28,2026-07-27,2026-07-27,1,data/cache/daily/000566_daily.pkl,tencent_daily,YES,2026-07-29,BOARD2,2,1,1,akshare_zt_pool_em,data/cache/limit_ups/2026-07-28_limitups.pkl,1,093118,093118,0.0,90375319.0,463501920.0,2.0,1.3,34278.0,VALID,1.3,34278.0,VALID,1,1,akshare_zt_pool_em,data/cache/limit_ups/2026-07-27_limitups.pkl,1,093427,093427,0.0,143976090.0,442374640.0,1.0,4.45,34467.0,VALID,4.45,34467.0,VALID,1,1,1,1,1,0,,1,1,1,1,1
002173_2026-07-29,002173,2026-07-29,JULY,2026-07-28,2026-07-27,2026-07-27,1,data/cache/daily/002173_daily.pkl,tencent_daily,YES,2026-07-29,BOARD2,2,1,1,akshare_zt_pool_em,data/cache/limit_ups/2026-07-28_limitups.pkl,1,093000,093106,1.0,248764524.0,843545808.0,2.0,0.0,34200.0,VALID,1.1,34266.0,VALID,1,1,akshare_zt_pool_em,data/cache/limit_ups/2026-07-27_limitups.pkl,1,093312,093536,2.0,219510161.0,860721296.0,1.0,3.2,34392.0,VALID,5.6,34536.0,VALID,1,1,1,1,1,0,,1,1,1,1,1
002309_2026-07-29,002309,2026-07-29,JULY,2026-07-28,2026-07-27,2026-07-27,1,data/cache/daily/002309_daily.pkl,tencent_daily,YES,2026-07-29,BOARD2,2,1,1,akshare_zt_pool_em,data/cache/limit_ups/2026-07-28_limitups.pkl,1,093112,093112,0.0,136028321.0,538656304.0,2.0,1.2,34272.0,VALID,1.2,34272.0,VALID,1,1,akshare_zt_pool_em,data/cache/limit_ups/2026-07-27_limitups.pkl,1,093606,094521,4.0,65622006.0,829347024.0,1.0,6.1,34566.0,VALID,15.35,35121.0,VALID,1,1,1,1,1,0,,1,1,1,1,1
002310_2026-07-29,002310,2026-07-29,JULY,2026-07-28,2026-07-27,2026-07-27,1,data/cache/daily/002310_daily.pkl,tencent_daily,YES,2026-07-29,BOARD2,2,1,1,akshare_zt_pool_em,data/cache/limit_ups/2026-07-28_limitups.pkl,1,100045,100045,0.0,127532310.0,1064370624.0,2.0,30.75,36045.0,VALID,30.75,36045.0,VALID,1,1,akshare_zt_pool_em,data/cache/limit_ups/2026-07-27_limitups.pkl,1,094515,094648,1.0,56867369.0,382211728.0,1.0,15.25,35115.0,VALID,16.8,35208.0,VALID,1,1,1,1,1,0,,1,1,1,1,1
002388_2026-07-29,002388,2026-07-29,JULY,2026-07-28,2026-07-27,2026-07-27,1,data/cache/daily/002388_daily.pkl,tencent_daily,YES,2026-07-29,BOARD3,3,1,1,akshare_zt_pool_em,data/cache/limit_ups/2026-07-28_limitups.pkl,1,093433,094503,5.0,31686336.0,569087104.0,3.0,4.55,34473.0,VALID,15.05,35103.0,VALID,1,1,akshare_zt_pool_em,data/cache/limit_ups/2026-07-27_limitups.pkl,1,094230,094321,1.0,75288960.0,309866464.0,2.0,12.5,34950.0,VALID,13.35,35001.0,VALID,1,1,1,1,1,0,,1,1,1,1,1
002969_2026-07-29,002969,2026-07-29,JULY,2026-07-28,2026-07-27,2026-07-27,1,data/cache/daily/002969_daily.pkl,tencent_daily,YES,2026-07-29,BOARD2,2,1,1,akshare_zt_pool_em,data/cache/limit_ups/2026-07-28_limitups.pkl,1,093127,093251,1.0,161155131.0,408133904.0,2.0,1.45,34287.0,VALID,2.85,34371.0,VALID,1,1,akshare_zt_pool_em,data/cache/limit_ups/2026-07-27_limitups.pkl,1,093709,093709,0.0,124199022.0,208080526.0,1.0,7.15,34629.0,VALID,7.15,34629.0,VALID,1,1,1,1,1,0,,1,1,1,1,1
600775_2026-07-29,600775,2026-07-29,JULY,2026-07-28,2026-07-27,2026-07-27,1,data/cache/daily/600775_daily.pkl,tencent_daily,YES,2026-07-29,BOARD2,2,1,1,akshare_zt_pool_em,data/cache/limit_ups/2026-07-28_limitups.pkl,1,095214,095301,1.0,114157229.0,573581584.0,2.0,22.233333333333334,35534.0,VALID,23.016666666666666,35581.0,VALID,1,1,akshare_zt_pool_em,data/cache/limit_ups/2026-07-27_limitups.pkl,1,101925,102155,1.0,59307155.0,342460176.0,1.0,49.416666666666664,37165.0,VALID,51.916666666666664,37315.0,VALID,1,1,1,1,1,0,,1,1,1,1,1
603358_2026-07-29,603358,2026-07-29,JULY,2026-07-28,2026-07-27,2026-07-27,1,data/cache/daily/603358_daily.pkl,tencent_daily,YES,2026-07-29,BOARD2,2,1,1,akshare_zt_pool_em,data/cache/limit_ups/2026-07-28_limitups.pkl,1,093104,093104,0.0,77246865.0,153950416.0,2.0,1.0666666666666667,34264.0,VALID,1.0666666666666667,34264.0,VALID,1,1,akshare_zt_pool_em,data/cache/limit_ups/2026-07-27_limitups.pkl,1,095622,095622,0.0,45431110.0,268752704.0,1.0,26.366666666666667,35782.0,VALID,26.366666666666667,35782.0,VALID,1,1,1,1,1,0,,1,1,1,1,1
603389_2026-07-29,603389,2026-07-29,JULY,2026-07-28,2026-07-27,2026-07-27,1,data/cache/daily/603389_daily.pkl,tencent_daily,YES,2026-07-29,BOARD2,2,1,1,akshare_zt_pool_em,data/cache/limit_ups/2026-07-28_limitups.pkl,1,094430,094430,0.0,54159943.0,132867670.0,2.0,14.5,35070.0,VALID,14.5,35070.0,VALID,1,1,akshare_zt_pool_em,data/cache/limit_ups/2026-07-27_limitups.pkl,1,095542,095621,1.0,61945345.0,84730148.0,1.0,25.7,35742.0,VALID,26.35,35781.0,VALID,1,1,1,1,1,0,,1,1,1,1,1
603716_2026-07-29,603716,2026-07-29,JULY,2026-07-28,2026-07-27,2026-07-27,1,data/cache/daily/603716_daily.pkl,tencent_daily,YES,2026-07-29,BOARD2,2,1,1,akshare_zt_pool_em,data/cache/limit_ups/2026-07-28_limitups.pkl,1,093504,093546,1.0,87681783.0,392219280.0,2.0,5.066666666666666,34504.0,VALID,5.766666666666667,34546.0,VALID,1,1,akshare_zt_pool_em,data/cache/limit_ups/2026-07-27_limitups.pkl,1,093518,093518,0.0,51428962.0,213675585.0,1.0,5.3,34518.0,VALID,5.3,34518.0,VALID,1,1,1,1,1,0,,1,1,1,1,1
