event_id,code,signal_date,stage_group,post_day,old_v021_daily_label_quality_ok,new_v022_daily_label_quality_ok,old_v021_d2_open_daily,new_v022_d2_open_daily,old_v021_d3_high_daily,new_v022_d3_high_daily,old_v021_d3_close_daily,new_v022_d3_close_daily,old_v021_target7,new_v022_target7,old_v021_tail,new_v022_tail,audit_minute_target7,audit_minute_tail,target_changed_vs_v021,tail_changed_vs_v021,target_changed_vs_minute,tail_changed_vs_minute,recovered_from_previous_missing,change_reason
000980_2026-05-06,000980,2026-05-06,d0,,True,True,2.55,2.55,2.72,2.72,2.64,2.64,False,False,False,False,False,False,False,False,False,False,False,unchanged
001266_2026-04-30,001266,2026-05-06,post,1.0,True,True,43.01,43.01,43.8,43.8,43.22,43.22,False,False,False,False,False,False,False,False,False,False,False,unchanged
002645_2026-05-06,002645,2026-05-06,d0,,True,True,26.23,26.23,27.58,27.58,27.38,27.38,False,False,False,False,False,False,False,False,False,False,False,unchanged
600714_2026-05-06,600714,2026-05-06,d0,,True,True,21.44,21.44,23.53,23.53,23.1,23.1,True,True,False,False,True,False,False,False,False,False,False,unchanged
605099_2026-05-06,605099,2026-05-06,d0,,True,True,49.29,49.29,52.5,52.5,50.31,50.31,False,False,False,False,False,False,False,False,False,False,False,unchanged
000980_2026-05-06,000980,2026-05-07,post,1.0,True,True,2.59,2.59,2.9,2.9,2.77,2.77,True,True,False,False,True,False,False,False,False,False,False,unchanged
001266_2026-04-30,001266,2026-05-07,post,2.0,True,True,43.36,43.36,44.58,44.58,43.6,43.6,False,False,False,False,False,False,False,False,False,False,False,unchanged
002645_2026-05-06,002645,2026-05-07,post,1.0,True,True,26.1,26.1,30.12,30.12,30.09,30.09,True,True,False,False,True,False,False,False,False,False,False,unchanged
600714_2026-05-06,600714,2026-05-07,post,1.0,True,True,22.38,22.38,25.41,25.41,24.77,24.77,True,True,False,False,True,False,False,False,False,False,False,unchanged
605099_2026-05-06,605099,2026-05-07,post,1.0,True,True,50.29,50.29,51.97,51.97,51.4,51.4,False,False,False,False,False,False,False,False,False,False,False,unchanged
000980_2026-05-06,000980,2026-05-08,post,2.0,True,True,2.64,2.64,2.8,2.8,2.74,2.74,False,False,False,False,False,False,False,False,False,False,False,unchanged
002217_2026-05-08,002217,2026-05-08,d0,,True,True,3.56,3.56,3.64,3.64,3.47,3.47,False,False,False,False,False,False,False,False,False,False,False,unchanged
002645_2026-05-06,002645,2026-05-08,post,2.0,True,True,27.98,27.98,30.12,30.12,28.75,28.75,True,True,False,False,True,False,False,False,False,False,False,unchanged
600714_2026-05-06,600714,2026-05-08,post,2.0,True,True,23.1,23.1,25.76,25.76,25.4,25.4,True,True,False,False,True,False,False,False,False,False,False,unchanged
605099_2026-05-06,605099,2026-05-08,post,2.0,True,True,50.58,50.58,51.66,51.66,50.96,50.96,False,False,False,False,False,False,False,False,False,False,False,unchanged
000720_2026-05-11,000720,2026-05-11,d0,,True,True,5.61,5.61,6.26,6.26,6.26,6.26,True,True,False,False,True,False,False,False,False,False,False,unchanged
002217_2026-05-08,002217,2026-05-11,post,1.0,True,True,3.58,3.58,3.64,3.64,3.54,3.54,False,False,False,False,False,False,False,False,False,False,False,unchanged
600936_2026-05-11,600936,2026-05-11,d0,,True,True,5.1,5.1,5.5,5.5,5.37,5.37,True,True,False,False,True,False,False,False,False,False,False,unchanged
603636_2026-05-11,603636,2026-05-11,d0,,True,True,11.0,11.0,11.81,11.81,11.72,11.72,True,True,False,False,True,False,False,False,False,False,False,unchanged
000720_2026-05-11,000720,2026-05-12,post,1.0,True,True,5.56,5.56,6.27,6.27,5.83,5.83,True,True,False,False,True,False,False,False,False,False,False,unchanged
002030_2026-05-12,002030,2026-05-12,d0,,True,True,6.78,6.78,6.8,6.8,6.33,6.33,False,False,True,True,False,True,False,False,False,False,False,unchanged
002217_2026-05-08,002217,2026-05-12,post,2.0,True,True,3.44,3.44,3.54,3.54,3.36,3.36,False,False,False,False,False,False,False,False,False,False,False,unchanged
600748_2026-05-12,600748,2026-05-12,d0,,True,True,5.85,5.85,5.89,5.89,5.61,5.61,False,False,False,False,False,False,False,False,False,False,False,unchanged
600936_2026-05-11,600936,2026-05-12,post,1.0,True,True,5.12,5.12,5.9,5.9,5.36,5.36,True,True,False,False,True,False,False,False,False,False,False,unchanged
603636_2026-05-11,603636,2026-05-12,post,1.0,True,True,11.34,11.34,11.6,11.6,10.79,10.79,False,False,False,False,False,False,False,False,False,False,False,unchanged
000029_2026-05-13,000029,2026-05-13,d0,,True,True,26.59,26.59,29.96,29.96,28.91,28.91,True,True,False,False,True,False,False,False,False,False,False,unchanged
002030_2026-05-12,002030,2026-05-13,post,1.0,True,True,6.67,6.67,6.35,6.35,6.04,6.04,False,False,True,True,False,True,False,False,False,False,False,unchanged
600748_2026-05-12,600748,2026-05-13,post,1.0,True,True,5.77,5.77,5.64,5.64,5.17,5.17,False,False,True,True,False,True,False,False,False,False,False,unchanged
600936_2026-05-11,600936,2026-05-13,post,2.0,True,True,5.37,5.37,5.55,5.55,5.47,5.47,False,False,False,False,False,False,False,False,False,False,False,unchanged
603636_2026-05-11,603636,2026-05-13,post,2.0,True,True,11.5,11.5,11.79,11.79,11.1,11.1,False,False,False,False,False,False,False,False,False,False,False,unchanged
000029_2026-05-13,000029,2026-05-14,post,1.0,True,True,28.29,28.29,30.59,30.59,29.82,29.82,True,True,False,False,True,False,False,False,False,False,False,unchanged
002030_2026-05-12,002030,2026-05-14,post,2.0,True,True,6.33,6.33,6.64,6.64,6.64,6.64,False,False,False,False,False,False,False,False,False,False,False,unchanged
600748_2026-05-12,600748,2026-05-14,post,2.0,False,False,5.53,5.53,,,,,False,False,False,False,False,True,False,False,False,False,False,still_missing
603070_2026-05-14,603070,2026-05-14,d0,,True,True,16.1,16.1,17.2,17.2,16.63,16.63,False,False,False,False,False,False,False,False,False,False,False,unchanged
000029_2026-05-13,000029,2026-05-15,post,2.0,True,True,28.97,28.97,31.11,31.11,29.42,29.42,True,True,False,False,True,False,False,False,False,False,False,unchanged
002782_2026-05-15,002782,2026-05-15,d0,,True,True,25.43,25.43,27.59,27.59,27.59,27.59,True,True,False,False,True,False,False,False,False,False,False,unchanged
603052_2026-05-15,603052,2026-05-15,d0,,True,True,110.0,110.0,106.53,106.53,104.5,104.5,False,False,True,True,False,True,False,False,False,False,False,unchanged
603070_2026-05-14,603070,2026-05-15,post,1.0,True,True,16.1,16.1,16.94,16.94,16.41,16.41,False,False,False,False,False,False,False,False,False,False,False,unchanged
603093_2026-05-15,603093,2026-05-15,d0,,True,True,22.45,22.45,24.61,24.61,23.33,23.33,True,True,False,False,True,False,False,False,False,False,False,unchanged
000601_2026-05-14,000601,2026-05-18,post,2.0,True,True,7.68,7.68,7.97,7.97,7.24,7.24,False,False,True,True,False,True,False,False,False,False,False,unchanged
000925_2026-05-14,000925,2026-05-18,post,2.0,True,True,8.99,8.99,8.92,8.92,8.6,8.6,False,False,False,False,False,False,False,False,False,False,False,unchanged
001210_2026-05-15,001210,2026-05-18,post,1.0,True,True,28.82,28.82,31.35,31.35,31.05,31.05,True,True,False,False,True,False,False,False,False,False,False,unchanged
002782_2026-05-15,002782,2026-05-18,post,1.0,True,True,25.0,25.0,30.35,30.35,30.35,30.35,True,True,False,False,True,False,False,False,False,False,False,unchanged
002971_2026-05-18,002971,2026-05-18,d0,,True,True,37.93,37.93,39.7,39.7,37.8,37.8,False,False,False,False,False,False,False,False,False,False,False,unchanged
600156_2026-05-15,600156,2026-05-18,post,1.0,True,True,13.12,13.12,12.68,12.68,11.85,11.85,False,False,True,True,False,True,False,False,False,False,False,unchanged
603007_2026-05-15,603007,2026-05-18,post,1.0,True,True,7.99,7.99,8.44,8.44,7.5,7.5,False,False,True,True,False,True,False,False,False,False,False,unchanged
603052_2026-05-15,603052,2026-05-18,post,1.0,True,True,103.0,103.0,103.44,103.44,102.39,102.39,False,False,False,False,False,False,False,False,False,False,False,unchanged
603070_2026-05-14,603070,2026-05-18,post,2.0,True,True,16.68,16.68,16.46,16.46,16.12,16.12,False,False,False,False,False,False,False,False,False,False,False,unchanged
603093_2026-05-15,603093,2026-05-18,post,1.0,True,True,23.78,23.78,23.66,23.66,22.86,22.86,False,False,False,False,False,False,False,False,False,False,False,unchanged
603203_2026-05-14,603203,2026-05-18,post,2.0,True,True,56.55,56.55,64.32,64.32,62.42,62.42,True,True,False,False,True,False,False,False,False,False,False,unchanged
001210_2026-05-15,001210,2026-05-19,post,2.0,True,True,29.8,29.8,30.81,30.81,29.3,29.3,False,False,False,False,False,False,False,False,False,False,False,unchanged
002971_2026-05-18,002971,2026-05-19,post,1.0,True,True,39.21,39.21,38.04,38.04,34.7,34.7,False,False,True,True,False,True,False,False,False,False,False,unchanged
600156_2026-05-15,600156,2026-05-19,post,2.0,True,True,12.66,12.66,13.04,13.04,13.04,13.04,False,False,False,False,False,False,False,False,False,False,False,unchanged
601133_2026-05-19,601133,2026-05-19,d0,,True,True,29.95,29.95,35.66,35.66,33.13,33.13,True,True,False,False,True,False,False,False,False,False,False,unchanged
603007_2026-05-15,603007,2026-05-19,post,2.0,True,True,8.33,8.33,7.72,7.72,6.9,6.9,False,False,True,True,False,True,False,False,False,False,False,unchanged
603052_2026-05-15,603052,2026-05-19,post,2.0,True,True,102.16,102.16,104.9,104.9,94.18,94.18,False,False,True,True,False,True,False,False,False,False,False,unchanged
603093_2026-05-15,603093,2026-05-19,post,2.0,True,True,23.3,23.3,23.95,23.95,22.04,22.04,False,False,True,True,False,True,False,False,False,False,False,unchanged
002971_2026-05-18,002971,2026-05-20,post,2.0,True,True,37.75,37.75,35.03,35.03,33.94,33.94,False,False,True,True,False,True,False,False,False,False,False,unchanged
600758_2026-05-20,600758,2026-05-20,d0,,True,True,4.76,4.76,4.84,4.84,4.66,4.66,False,False,False,False,False,False,False,False,False,False,False,unchanged
600903_2026-05-20,600903,2026-05-20,d0,,True,True,9.29,9.29,10.64,10.64,10.42,10.42,True,True,False,False,True,False,False,False,False,False,False,unchanged
603206_2026-05-20,603206,2026-05-20,d0,,True,True,19.47,19.47,19.39,19.39,19.04,19.04,False,False,False,False,False,False,False,False,False,False,False,unchanged
605218_2026-05-20,605218,2026-05-20,d0,,True,True,21.34,21.34,20.91,20.91,20.3,20.3,False,False,False,False,False,False,False,False,False,False,False,unchanged
002782_2026-05-21,002782,2026-05-21,d0,,True,True,28.75,28.75,29.89,29.89,28.31,28.31,False,False,False,False,False,False,False,False,False,False,False,unchanged
600563_2026-05-21,600563,2026-05-21,d0,,True,True,160.0,160.0,176.58,176.58,172.43,172.43,True,True,False,False,True,False,False,False,False,False,False,unchanged
600758_2026-05-20,600758,2026-05-21,post,1.0,True,True,4.69,4.69,4.95,4.95,4.69,4.69,False,False,False,False,False,False,False,False,False,False,False,unchanged
600903_2026-05-20,600903,2026-05-21,post,1.0,True,True,9.65,9.65,10.35,10.35,9.9,9.9,True,True,False,False,True,False,False,False,False,False,False,unchanged
601133_2026-05-19,601133,2026-05-21,post,2.0,True,True,33.35,33.35,34.93,34.93,33.7,33.7,False,False,False,False,False,False,False,False,False,False,False,unchanged
603206_2026-05-20,603206,2026-05-21,post,1.0,True,True,19.24,19.24,20.58,20.58,20.13,20.13,False,False,False,False,False,False,False,False,False,False,False,unchanged
603938_2026-05-21,603938,2026-05-21,d0,,True,True,51.84,51.84,49.68,49.68,47.73,47.73,False,False,True,True,False,True,False,False,False,False,False,unchanged
605218_2026-05-20,605218,2026-05-21,post,1.0,False,False,20.9,20.9,,,,,False,False,False,False,False,False,False,False,False,False,False,still_missing
002782_2026-05-21,002782,2026-05-22,post,1.0,True,True,29.33,29.33,29.97,29.97,28.54,28.54,False,False,False,False,False,False,False,False,False,False,False,unchanged
003004_2026-05-22,003004,2026-05-22,d0,,True,True,48.58,48.58,54.74,54.74,54.74,54.74,True,True,False,False,True,False,False,False,False,False,False,unchanged
600758_2026-05-20,600758,2026-05-22,post,2.0,True,True,4.93,4.93,4.54,4.54,4.22,4.22,False,False,True,True,False,True,False,False,False,False,False,unchanged
600903_2026-05-20,600903,2026-05-22,post,2.0,True,True,10.08,10.08,10.48,10.48,10.03,10.03,False,False,False,False,False,False,False,False,False,False,False,unchanged
603206_2026-05-20,603206,2026-05-22,post,2.0,True,True,18.97,18.97,20.39,20.39,19.68,19.68,True,True,False,False,True,False,False,False,False,False,False,unchanged
603938_2026-05-21,603938,2026-05-22,post,1.0,True,True,49.68,49.68,46.8,46.8,43.86,43.86,False,False,True,True,False,True,False,False,False,False,False,unchanged
605218_2026-05-20,605218,2026-05-22,post,2.0,False,False,,,,,,,False,False,False,False,False,True,False,False,False,False,False,still_missing
000012_2026-05-25,000012,2026-05-25,d0,,True,True,4.37,4.37,4.64,4.64,4.45,4.45,False,False,False,False,False,False,False,False,False,False,False,unchanged
000725_2026-05-25,000725,2026-05-25,d0,,True,True,5.22,5.22,6.09,6.09,5.72,5.72,True,True,False,False,True,False,False,False,False,False,False,unchanged
002442_2026-05-25,002442,2026-05-25,d0,,True,True,7.96,7.96,7.98,7.98,7.3,7.3,False,False,True,True,False,True,False,False,False,False,False,unchanged
002782_2026-05-21,002782,2026-05-25,post,2.0,True,True,28.1,28.1,31.23,31.23,30.14,30.14,True,True,False,False,True,False,False,False,False,False,False,unchanged
003004_2026-05-22,003004,2026-05-25,post,1.0,True,True,49.3,49.3,60.18,60.18,54.91,54.91,True,True,False,False,True,False,False,False,False,False,False,unchanged
600563_2026-05-21,600563,2026-05-25,post,2.0,True,True,167.58,167.58,176.32,176.32,170.37,170.37,False,False,False,False,False,False,False,False,False,False,False,unchanged
603938_2026-05-21,603938,2026-05-25,post,2.0,True,True,46.49,46.49,44.8,44.8,42.6,42.6,False,False,True,True,False,True,False,False,False,False,False,unchanged
000012_2026-05-25,000012,2026-05-26,post,1.0,True,True,4.38,4.38,4.55,4.55,4.38,4.38,False,False,False,False,False,False,False,False,False,False,False,unchanged
000725_2026-05-25,000725,2026-05-26,post,1.0,True,True,5.8,5.8,5.78,5.78,5.68,5.68,False,False,False,False,False,False,False,False,False,False,False,unchanged
002421_2026-05-26,002421,2026-05-26,d0,,True,True,4.7,4.7,4.96,4.96,4.57,4.57,False,False,False,False,False,False,False,False,False,False,False,unchanged
002442_2026-05-25,002442,2026-05-26,post,1.0,True,True,7.21,7.21,6.93,6.93,6.57,6.57,False,False,True,True,False,True,False,False,False,False,False,unchanged
002741_2026-05-26,002741,2026-05-26,d0,,True,True,27.81,27.81,31.16,31.16,31.16,31.16,True,True,False,False,True,False,False,False,False,False,False,unchanged
002897_2026-05-26,002897,2026-05-26,d0,,True,True,81.58,81.58,83.82,83.82,80.55,80.55,False,False,False,False,False,False,False,False,False,False,False,unchanged
002938_2026-05-26,002938,2026-05-26,d0,,True,True,110.2,110.2,107.73,107.73,106.0,106.0,False,False,False,False,False,False,False,False,False,False,False,unchanged
002975_2026-05-26,002975,2026-05-26,d0,,True,True,126.06,126.06,134.28,134.28,134.28,134.28,False,False,False,False,False,False,False,False,False,False,False,unchanged
002980_2026-05-26,002980,2026-05-26,d0,,True,True,111.01,111.01,117.39,117.39,113.6,113.6,False,False,False,False,False,False,False,False,False,False,False,unchanged
600186_2026-05-26,600186,2026-05-26,d0,,True,True,13.19,13.19,11.55,11.55,10.95,10.95,False,False,True,True,False,True,False,False,False,False,False,unchanged
600234_2026-05-26,600234,2026-05-26,d0,,True,True,29.74,29.74,27.12,27.12,26.3,26.3,False,False,True,True,False,True,False,False,False,False,False,unchanged
600503_2026-05-26,600503,2026-05-26,d0,,True,True,2.8,2.8,2.89,2.89,2.7,2.7,False,False,False,False,False,False,False,False,False,False,False,unchanged
603001_2026-05-26,603001,2026-05-26,d0,,True,True,10.6,10.6,10.61,10.61,10.27,10.27,False,False,False,False,False,False,False,False,False,False,False,unchanged
603661_2026-05-26,603661,2026-05-26,d0,,True,True,34.7,34.7,34.43,34.43,32.95,32.95,False,False,True,True,False,True,False,False,False,False,False,unchanged
605580_2026-05-26,605580,2026-05-26,d0,,True,True,25.0,25.0,28.18,28.18,28.18,28.18,True,True,False,False,True,False,False,False,False,False,False,unchanged
000012_2026-05-25,000012,2026-05-27,post,2.0,True,True,4.37,4.37,4.43,4.43,4.05,4.05,False,False,True,True,False,True,False,False,False,False,False,unchanged
000725_2026-05-25,000725,2026-05-27,post,2.0,True,True,5.72,5.72,5.64,5.64,5.11,5.11,False,False,True,True,False,True,False,False,False,False,False,unchanged
002185_2026-05-27,002185,2026-05-27,d0,,True,True,20.15,20.15,21.5,21.5,19.34,19.34,False,False,False,False,False,False,False,False,False,False,False,unchanged
002421_2026-05-26,002421,2026-05-27,post,1.0,True,True,4.24,4.24,4.84,4.84,4.11,4.11,True,True,False,False,True,False,False,False,False,False,False,unchanged
002442_2026-05-25,002442,2026-05-27,post,2.0,True,True,6.93,6.93,6.27,6.27,5.91,5.91,False,False,True,True,False,True,False,False,False,False,False,unchanged
002741_2026-05-26,002741,2026-05-27,post,1.0,True,True,29.0,29.0,30.5,30.5,28.86,28.86,False,False,False,False,False,False,False,False,False,False,False,unchanged
002897_2026-05-26,002897,2026-05-27,post,1.0,True,True,78.2,78.2,84.29,84.29,76.9,76.9,True,True,False,False,True,False,False,False,False,False,False,unchanged
002938_2026-05-26,002938,2026-05-27,post,1.0,True,True,106.92,106.92,112.99,112.99,105.01,105.01,False,False,False,False,False,False,False,False,False,False,False,unchanged
002975_2026-05-26,002975,2026-05-27,post,1.0,True,True,121.38,121.38,147.71,147.71,144.3,144.3,True,True,False,False,True,False,False,False,False,False,False,unchanged
002980_2026-05-26,002980,2026-05-27,post,1.0,True,True,117.39,117.39,116.55,116.55,109.22,109.22,False,False,True,True,False,True,False,False,False,False,False,unchanged
600172_2026-05-27,600172,2026-05-27,d0,,True,True,13.22,13.22,16.06,16.06,14.08,14.08,True,True,False,False,True,False,False,False,False,False,False,unchanged
600186_2026-05-26,600186,2026-05-27,post,1.0,True,True,11.31,11.31,11.03,11.03,10.15,10.15,False,False,True,True,False,True,False,False,False,False,False,unchanged
600234_2026-05-26,600234,2026-05-27,post,1.0,True,True,27.12,27.12,26.58,26.58,26.12,26.12,False,False,False,False,False,False,False,False,False,False,False,unchanged
600503_2026-05-26,600503,2026-05-27,post,1.0,True,True,2.7,2.7,2.92,2.92,2.65,2.65,True,True,False,False,True,False,False,False,False,False,False,unchanged
600520_2026-05-27,600520,2026-05-27,d0,,True,True,32.33,32.33,33.4,33.4,31.22,31.22,False,False,False,False,False,False,False,False,False,False,False,unchanged
603001_2026-05-26,603001,2026-05-27,post,1.0,True,True,10.56,10.56,10.53,10.53,10.11,10.11,False,False,False,False,False,False,False,False,False,False,False,unchanged
603661_2026-05-26,603661,2026-05-27,post,1.0,True,True,30.77,30.77,34.58,34.58,31.24,31.24,True,True,False,False,True,False,False,False,False,False,False,unchanged
605580_2026-05-26,605580,2026-05-27,post,1.0,True,True,25.5,25.5,31.0,31.0,30.29,30.29,True,True,False,False,True,False,False,False,False,False,False,unchanged
000759_2026-05-28,000759,2026-05-28,d0,,True,True,5.7,5.7,6.14,6.14,5.98,5.98,True,True,False,False,True,False,False,False,False,False,False,unchanged
001257_2026-05-28,001257,2026-05-28,d0,,True,True,28.37,28.37,26.45,26.45,24.91,24.91,False,False,True,True,False,True,False,False,False,False,False,unchanged
002185_2026-05-27,002185,2026-05-28,post,1.0,True,True,21.07,21.07,20.27,20.27,18.43,18.43,False,False,True,True,False,True,False,False,False,False,False,unchanged
002251_2026-05-28,002251,2026-05-28,d0,,True,True,4.45,4.45,5.2,5.2,5.0,5.0,True,True,False,False,True,False,False,False,False,False,False,unchanged
002421_2026-05-26,002421,2026-05-28,post,2.0,True,True,4.51,4.51,4.52,4.52,4.52,4.52,False,False,False,False,False,False,False,False,False,False,False,unchanged
002741_2026-05-26,002741,2026-05-28,post,2.0,True,True,30.4,30.4,29.2,29.2,27.35,27.35,False,False,True,True,False,True,False,False,False,False,False,unchanged
002771_2026-05-28,002771,2026-05-28,d0,,True,True,16.43,16.43,17.98,17.98,17.78,17.78,True,True,False,False,True,False,False,False,False,False,False,unchanged
002897_2026-05-26,002897,2026-05-28,post,2.0,True,True,81.01,81.01,84.04,84.04,80.18,80.18,False,False,False,False,False,False,False,False,False,False,False,unchanged
002938_2026-05-26,002938,2026-05-28,post,2.0,True,True,107.99,107.99,112.92,112.92,103.34,103.34,False,False,False,False,False,False,False,False,False,False,False,unchanged
002980_2026-05-26,002980,2026-05-28,post,2.0,True,True,115.66,115.66,109.2,109.2,101.93,101.93,False,False,True,True,False,True,False,False,False,False,False,unchanged
600186_2026-05-26,600186,2026-05-28,post,2.0,True,True,10.8,10.8,10.79,10.79,9.84,9.84,False,False,True,True,False,True,False,False,False,False,False,unchanged
600234_2026-05-26,600234,2026-05-28,post,2.0,True,True,26.56,26.56,27.1,27.1,25.66,25.66,False,False,False,False,False,False,False,False,False,False,False,unchanged
600503_2026-05-26,600503,2026-05-28,post,2.0,True,True,2.83,2.83,2.92,2.92,2.92,2.92,False,False,False,False,False,False,False,False,False,False,False,unchanged
600520_2026-05-27,600520,2026-05-28,post,1.0,True,True,33.39,33.39,31.99,31.99,30.22,30.22,False,False,True,True,False,True,False,False,False,False,False,unchanged
603001_2026-05-26,603001,2026-05-28,post,2.0,True,True,10.3,10.3,11.12,11.12,9.94,9.94,True,True,False,False,True,False,False,False,False,False,False,unchanged
603661_2026-05-26,603661,2026-05-28,post,2.0,True,True,33.55,33.55,31.81,31.81,31.39,31.39,False,False,True,True,False,True,False,False,False,False,False,unchanged
000759_2026-05-28,000759,2026-05-29,post,1.0,True,True,5.75,5.75,6.1,6.1,5.86,5.86,False,False,False,False,False,False,False,False,False,False,False,unchanged
001257_2026-05-28,001257,2026-05-29,post,1.0,True,True,24.91,24.91,25.67,25.67,25.14,25.14,False,False,False,False,False,False,False,False,False,False,False,unchanged
002185_2026-05-27,002185,2026-05-29,post,2.0,True,True,19.65,19.65,18.65,18.65,18.33,18.33,False,False,True,True,False,True,False,False,False,False,False,unchanged
002579_2026-05-29,002579,2026-05-29,d0,,True,True,17.36,17.36,20.76,20.76,20.76,20.76,True,True,False,False,True,False,False,False,False,False,False,unchanged
002771_2026-05-28,002771,2026-05-29,post,1.0,True,True,17.01,17.01,17.7,17.7,17.13,17.13,False,False,False,False,False,False,False,False,False,False,False,unchanged
600172_2026-05-27,600172,2026-05-29,post,2.0,True,True,14.1,14.1,14.54,14.54,13.9,13.9,False,False,False,False,False,False,False,False,False,False,False,unchanged
600520_2026-05-27,600520,2026-05-29,post,2.0,True,True,30.72,30.72,30.35,30.35,28.98,28.98,False,False,True,True,False,True,False,False,False,False,False,unchanged
603032_2026-05-29,603032,2026-05-29,d0,,True,True,25.23,25.23,25.29,25.29,24.58,24.58,False,False,False,False,False,False,False,False,False,False,False,unchanged
000090_2026-06-01,000090,2026-06-01,d0,,False,True,3.79,3.79,,3.69,,3.59,False,False,False,True,False,True,False,False,False,False,True,recovered_label_after_daily_cache_refresh
000759_2026-05-28,000759,2026-06-01,post,2.0,True,True,5.95,5.95,5.85,5.85,5.75,5.75,False,False,False,False,False,False,False,False,False,False,False,unchanged
001257_2026-05-28,001257,2026-06-01,post,2.0,True,True,25.0,25.0,25.89,25.89,25.35,25.35,False,False,False,False,False,False,False,False,False,False,False,unchanged
002251_2026-05-28,002251,2026-06-01,post,2.0,True,True,4.85,4.85,4.96,4.96,4.84,4.84,False,False,False,False,False,False,False,False,False,False,False,unchanged
002771_2026-05-28,002771,2026-06-01,post,2.0,True,True,17.29,17.29,17.33,17.33,16.74,16.74,False,False,False,False,False,False,False,False,False,False,False,unchanged
002806_2026-06-01,002806,2026-06-01,d0,,True,True,17.68,17.68,20.32,20.32,18.8,18.8,True,True,False,False,True,False,False,False,False,False,False,unchanged
600110_2026-06-01,600110,2026-06-01,d0,,True,True,12.18,12.18,12.73,12.73,12.04,12.04,False,False,False,False,False,False,False,False,False,False,False,unchanged
603032_2026-05-29,603032,2026-06-01,post,1.0,True,True,24.6,24.6,26.48,26.48,25.23,25.23,True,True,False,False,True,False,False,False,False,False,False,unchanged
603324_2026-06-01,603324,2026-06-01,d0,,True,True,33.03,33.03,33.77,33.77,32.48,32.48,False,False,False,False,False,False,False,False,False,False,False,unchanged
000090_2026-06-01,000090,2026-06-02,post,1.0,False,True,,3.68,,3.68,,3.52,False,False,False,False,False,False,False,False,False,False,True,recovered_label_after_daily_cache_refresh
002608_2026-06-02,002608,2026-06-02,d0,,True,True,10.0,10.0,10.99,10.99,10.5,10.5,True,True,False,False,True,False,False,False,False,False,False,unchanged
600011_2026-06-02,600011,2026-06-02,d0,,True,True,8.83,8.83,9.06,9.06,8.75,8.75,False,False,False,False,False,False,False,False,False,False,False,unchanged
600110_2026-06-01,600110,2026-06-02,post,1.0,True,True,11.52,11.52,11.9,11.9,11.54,11.54,False,False,False,False,False,False,False,False,False,False,False,unchanged
603032_2026-05-29,603032,2026-06-02,post,2.0,True,True,24.0,24.0,25.14,25.14,24.16,24.16,False,False,False,False,False,False,False,False,False,False,False,unchanged
603324_2026-06-01,603324,2026-06-02,post,1.0,True,True,32.75,32.75,32.57,32.57,31.39,31.39,False,False,False,False,False,False,False,False,False,False,False,unchanged
000055_2026-06-03,000055,2026-06-03,d0,,True,True,3.89,3.89,3.89,3.89,3.67,3.67,False,False,True,True,False,True,False,False,False,False,False,unchanged
001210_2026-06-03,001210,2026-06-03,d0,,True,True,35.37,35.37,26.72,26.72,24.93,24.93,False,False,True,True,False,True,False,False,False,False,False,unchanged
002404_2026-06-03,002404,2026-06-03,d0,,True,True,7.35,7.35,7.57,7.57,7.22,7.22,False,False,False,False,False,False,False,False,False,False,False,unchanged
002421_2026-06-03,002421,2026-06-03,d0,,True,True,4.87,4.87,5.21,5.21,5.21,5.21,False,False,False,False,False,False,False,False,False,False,False,unchanged
002579_2026-06-03,002579,2026-06-03,d0,,True,True,18.88,18.88,19.9,19.9,18.69,18.69,False,False,False,False,False,False,False,False,False,False,False,unchanged
002608_2026-06-02,002608,2026-06-03,post,1.0,True,True,10.03,10.03,11.13,11.13,9.83,9.83,True,True,False,False,True,False,False,False,False,False,False,unchanged
002806_2026-06-01,002806,2026-06-03,post,2.0,True,True,18.62,18.62,21.25,21.25,19.78,19.78,True,True,False,False,True,False,False,False,False,False,False,unchanged
600011_2026-06-02,600011,2026-06-03,post,1.0,True,True,8.91,8.91,8.9,8.9,8.39,8.39,False,False,True,True,False,True,False,False,False,False,False,unchanged
600110_2026-06-01,600110,2026-06-03,post,2.0,True,True,11.89,11.89,11.95,11.95,11.29,11.29,False,False,True,True,False,True,False,False,False,False,False,unchanged
600280_2026-06-03,600280,2026-06-03,d0,,True,True,3.99,3.99,3.94,3.94,3.4,3.4,False,False,True,True,False,True,False,False,False,False,False,unchanged
603045_2026-06-03,603045,2026-06-03,d0,,True,True,73.83,73.83,85.26,85.26,83.41,83.41,True,True,False,False,True,False,False,False,False,False,False,unchanged
603324_2026-06-01,603324,2026-06-03,post,2.0,True,True,31.86,31.86,31.48,31.48,30.18,30.18,False,False,True,True,False,True,False,False,False,False,False,unchanged
000037_2026-06-02,000037,2026-06-04,post,2.0,True,True,11.41,11.41,10.96,10.96,10.35,10.35,False,False,True,True,False,True,False,False,False,False,False,unchanged
000055_2026-06-03,000055,2026-06-04,post,1.0,False,True,3.71,3.71,,3.81,,3.57,False,False,False,False,False,False,False,False,False,False,True,recovered_label_after_daily_cache_refresh
000700_2026-06-04,000700,2026-06-04,d0,,True,True,18.27,18.27,17.08,17.08,16.51,16.51,False,False,True,True,False,True,False,False,False,False,False,unchanged
000767_2026-06-02,000767,2026-06-04,post,2.0,True,True,5.72,5.72,5.35,5.35,4.93,4.93,False,False,True,True,False,True,False,False,False,False,False,unchanged
001210_2026-06-03,001210,2026-06-04,post,1.0,True,True,25.0,25.0,25.49,25.49,23.01,23.01,False,False,True,True,False,True,False,False,False,False,False,unchanged
002137_2026-06-04,002137,2026-06-04,d0,,True,True,10.24,10.24,10.31,10.31,9.81,9.81,False,False,False,False,False,False,False,False,False,False,False,unchanged
002404_2026-06-03,002404,2026-06-04,post,1.0,True,True,7.48,7.48,7.3,7.3,6.78,6.78,False,False,True,True,False,True,False,False,False,False,False,unchanged
002421_2026-06-03,002421,2026-06-04,post,1.0,True,True,4.86,4.86,5.73,5.73,5.73,5.73,True,True,False,False,True,False,False,False,False,False,False,unchanged
002579_2026-06-03,002579,2026-06-04,post,1.0,True,True,19.58,19.58,17.73,17.73,16.82,16.82,False,False,True,True,False,True,False,False,False,False,False,unchanged
002608_2026-06-02,002608,2026-06-04,post,2.0,False,True,10.46,10.46,,10.15,,9.56,False,False,False,True,False,True,False,False,False,False,True,recovered_label_after_daily_cache_refresh
002995_2026-06-02,002995,2026-06-04,post,2.0,True,True,23.78,23.78,22.14,22.14,21.4,21.4,False,False,True,True,False,True,False,False,False,False,False,unchanged
600011_2026-06-02,600011,2026-06-04,post,2.0,False,True,8.61,8.61,,8.72,,8.41,False,False,False,False,False,False,False,False,False,False,True,recovered_label_after_daily_cache_refresh
600121_2026-06-04,600121,2026-06-04,d0,,True,True,5.64,5.64,5.6,5.6,5.25,5.25,False,False,True,True,False,True,False,False,False,False,False,unchanged
600280_2026-06-03,600280,2026-06-04,post,1.0,True,True,3.49,3.49,3.74,3.74,3.74,3.74,True,True,False,False,True,False,False,False,False,False,False,unchanged
600487_2026-06-04,600487,2026-06-04,d0,,True,True,96.0,96.0,102.33,102.33,95.47,95.47,False,False,False,False,False,False,False,False,False,False,False,unchanged
600936_2026-06-04,600936,2026-06-04,d0,,False,True,6.15,6.15,,5.87,,5.58,False,False,False,True,False,True,False,False,False,False,True,recovered_label_after_daily_cache_refresh
603045_2026-06-03,603045,2026-06-04,post,1.0,True,True,75.66,75.66,91.26,91.26,90.0,90.0,True,True,False,False,True,False,False,False,False,False,False,unchanged
603311_2026-06-04,603311,2026-06-04,d0,,True,True,38.14,38.14,39.2,39.2,36.83,36.83,False,False,False,False,False,False,False,False,False,False,False,unchanged
603678_2026-06-03,603678,2026-06-04,post,1.0,True,True,63.82,63.82,65.8,65.8,56.68,56.68,False,False,True,True,False,True,False,False,False,False,False,unchanged
603890_2026-06-03,603890,2026-06-04,post,1.0,True,True,28.36,28.36,29.4,29.4,28.12,28.12,False,False,False,False,False,False,False,False,False,False,False,unchanged
000055_2026-06-03,000055,2026-06-05,post,2.0,False,True,,3.62,,3.75,,3.7,False,False,False,False,False,False,False,False,False,False,True,recovered_label_after_daily_cache_refresh
000700_2026-06-04,000700,2026-06-05,post,1.0,True,True,15.99,15.99,16.71,16.71,16.17,16.17,False,False,False,False,False,False,False,False,False,False,False,unchanged
001210_2026-06-03,001210,2026-06-05,post,2.0,True,True,23.62,23.62,24.34,24.34,23.14,23.14,False,False,False,False,False,False,False,False,False,False,False,unchanged
001896_2026-06-05,001896,2026-06-05,d0,,True,True,19.87,19.87,21.56,21.56,21.56,21.56,True,True,False,False,True,False,False,False,False,False,False,unchanged
002137_2026-06-04,002137,2026-06-05,post,1.0,True,True,9.57,9.57,10.79,10.79,10.79,10.79,True,True,False,False,True,False,False,False,False,False,False,unchanged
002404_2026-06-03,002404,2026-06-05,post,2.0,True,True,7.05,7.05,6.85,6.85,6.38,6.38,False,False,True,True,False,True,False,False,False,False,False,unchanged
002579_2026-06-03,002579,2026-06-05,post,2.0,True,True,16.82,16.82,17.3,17.3,16.74,16.74,False,False,False,False,False,False,False,False,False,False,False,unchanged
002787_2026-06-05,002787,2026-06-05,d0,,True,True,26.1,26.1,27.85,27.85,27.4,27.4,False,False,False,False,False,False,False,False,False,False,False,unchanged
002951_2026-06-03,002951,2026-06-05,post,2.0,True,True,20.08,20.08,19.5,19.5,18.08,18.08,False,False,True,True,False,True,False,False,False,False,False,unchanged
600121_2026-06-04,600121,2026-06-05,post,1.0,True,True,5.21,5.21,5.1,5.1,4.85,4.85,False,False,True,True,False,True,False,False,False,False,False,unchanged
600255_2026-06-05,600255,2026-06-05,d0,,True,True,4.35,4.35,4.74,4.74,4.46,4.46,True,True,False,False,True,False,False,False,False,False,False,unchanged
600280_2026-06-03,600280,2026-06-05,post,2.0,True,True,3.38,3.38,3.68,3.68,3.42,3.42,True,True,False,False,True,False,False,False,False,False,False,unchanged
600439_2026-06-05,600439,2026-06-05,d0,,False,True,2.64,2.64,,2.61,,2.48,False,False,False,True,False,True,False,False,False,False,True,recovered_label_after_daily_cache_refresh
600487_2026-06-04,600487,2026-06-05,post,1.0,True,True,92.55,92.55,105.02,105.02,105.02,105.02,True,True,False,False,True,False,False,False,False,False,False,unchanged
600688_2026-06-05,600688,2026-06-05,d0,,False,True,3.31,3.31,,3.32,,3.15,False,False,False,False,False,False,False,False,False,False,True,recovered_label_after_daily_cache_refresh
600936_2026-06-04,600936,2026-06-05,post,1.0,False,True,,5.7,,5.81,,5.51,False,False,False,False,False,False,False,False,False,False,True,recovered_label_after_daily_cache_refresh
603045_2026-06-03,603045,2026-06-05,post,2.0,True,True,78.86,78.86,90.71,90.71,89.2,89.2,True,True,False,False,True,False,False,False,False,False,False,unchanged
603311_2026-06-04,603311,2026-06-05,post,1.0,True,True,38.9,38.9,39.5,39.5,38.51,38.51,False,False,False,False,False,False,False,False,False,False,False,unchanged
603678_2026-06-03,603678,2026-06-05,post,2.0,True,True,58.01,58.01,61.14,61.14,59.62,59.62,False,False,False,False,False,False,False,False,False,False,False,unchanged
603890_2026-06-03,603890,2026-06-05,post,2.0,True,True,28.88,28.88,28.0,28.0,25.43,25.43,False,False,True,True,False,True,False,False,False,False,False,unchanged
605162_2026-06-05,605162,2026-06-05,d0,,True,True,11.78,11.78,11.25,11.25,10.55,10.55,False,False,True,True,False,True,False,False,False,False,False,unchanged
000520_2026-06-08,000520,2026-06-08,d0,,True,True,4.57,4.57,4.52,4.52,4.31,4.31,False,False,True,True,False,True,False,False,False,False,False,unchanged
000700_2026-06-04,000700,2026-06-08,post,2.0,True,True,16.52,16.52,15.87,15.87,15.22,15.22,False,False,True,True,False,True,False,False,False,False,False,unchanged
001896_2026-06-05,001896,2026-06-08,post,1.0,True,True,19.58,19.58,22.35,22.35,21.17,21.17,True,True,False,False,True,False,False,False,False,False,False,unchanged
002137_2026-06-04,002137,2026-06-08,post,2.0,True,True,9.84,9.84,11.87,11.87,10.7,10.7,True,True,False,False,True,False,False,False,False,False,False,unchanged
002787_2026-06-05,002787,2026-06-08,post,1.0,True,True,27.35,27.35,27.6,27.6,27.15,27.15,False,False,False,False,False,False,False,False,False,False,False,unchanged
003036_2026-06-08,003036,2026-06-08,d0,,True,True,78.6,78.6,83.96,83.96,80.6,80.6,False,False,False,False,False,False,False,False,False,False,False,unchanged
600121_2026-06-04,600121,2026-06-08,post,2.0,True,True,5.06,5.06,4.92,4.92,4.57,4.57,False,False,True,True,False,True,False,False,False,False,False,unchanged
600255_2026-06-05,600255,2026-06-08,post,1.0,True,True,4.61,4.61,4.38,4.38,4.01,4.01,False,False,True,True,False,True,False,False,False,False,False,unchanged
600293_2026-06-08,600293,2026-06-08,d0,,True,True,4.05,4.05,3.98,3.98,3.82,3.82,False,False,True,True,False,True,False,False,False,False,False,unchanged
600439_2026-06-05,600439,2026-06-08,post,1.0,False,True,,2.61,,2.5,,2.35,False,False,False,True,False,True,False,False,False,False,True,recovered_label_after_daily_cache_refresh
600487_2026-06-04,600487,2026-06-08,post,2.0,True,True,99.77,99.77,109.99,109.99,106.88,106.88,True,True,False,False,True,False,False,False,False,False,False,unchanged
600688_2026-06-05,600688,2026-06-08,post,1.0,False,True,,3.32,,3.16,,2.99,False,False,False,True,False,True,False,False,False,False,True,recovered_label_after_daily_cache_refresh
603311_2026-06-04,603311,2026-06-08,post,2.0,True,True,37.5,37.5,40.26,40.26,38.53,38.53,True,True,False,False,True,False,False,False,False,False,False,unchanged
605162_2026-06-05,605162,2026-06-08,post,1.0,True,True,11.16,11.16,10.53,10.53,9.97,9.97,False,False,True,True,False,True,False,False,False,False,False,unchanged
000068_2026-06-09,000068,2026-06-09,d0,,True,True,3.77,3.77,3.58,3.58,3.46,3.46,False,False,True,True,False,True,False,False,False,False,False,unchanged
000517_2026-06-09,000517,2026-06-09,d0,,True,True,2.03,2.03,2.06,2.06,1.91,1.91,False,False,True,True,False,True,False,False,False,False,False,unchanged
000520_2026-06-08,000520,2026-06-09,post,1.0,True,True,4.44,4.44,4.6,4.6,4.19,4.19,False,False,True,True,False,True,False,False,False,False,False,unchanged
000759_2026-06-09,000759,2026-06-09,d0,,True,True,6.16,6.16,6.2,6.2,5.3,5.3,False,False,True,True,False,True,False,False,False,False,False,unchanged
002361_2026-06-09,002361,2026-06-09,d0,,True,True,17.75,17.75,18.59,18.59,17.47,17.47,False,False,False,False,False,False,False,False,False,False,False,unchanged
002421_2026-06-09,002421,2026-06-09,d0,,True,True,5.7,5.7,4.89,4.89,4.89,4.89,False,False,True,True,False,True,False,False,False,False,False,unchanged
002613_2026-06-09,002613,2026-06-09,d0,,True,True,5.11,5.11,5.04,5.04,4.81,4.81,False,False,True,True,False,True,False,False,False,False,False,unchanged
002787_2026-06-05,002787,2026-06-09,post,2.0,True,True,27.0,27.0,27.75,27.75,26.1,26.1,False,False,False,False,False,False,False,False,False,False,False,unchanged
003009_2026-06-09,003009,2026-06-09,d0,,True,True,57.25,57.25,56.5,56.5,55.11,55.11,False,False,False,False,False,False,False,False,False,False,False,unchanged
600255_2026-06-05,600255,2026-06-09,post,2.0,True,True,4.35,4.35,4.41,4.41,4.27,4.27,False,False,False,False,False,False,False,False,False,False,False,unchanged
600293_2026-06-08,600293,2026-06-09,post,1.0,True,True,3.95,3.95,3.88,3.88,3.63,3.63,False,False,True,True,False,True,False,False,False,False,False,unchanged
603500_2026-06-09,603500,2026-06-09,d0,,True,True,12.71,12.71,13.9,13.9,13.12,13.12,True,True,False,False,True,False,False,False,False,False,False,unchanged
603859_2026-06-09,603859,2026-06-09,d0,,True,True,52.31,52.31,55.66,55.66,51.89,51.89,False,False,False,False,False,False,False,False,False,False,False,unchanged
605162_2026-06-05,605162,2026-06-09,post,2.0,True,True,10.34,10.34,9.86,9.86,9.52,9.52,False,False,True,True,False,True,False,False,False,False,False,unchanged
000068_2026-06-09,000068,2026-06-10,post,1.0,True,True,3.46,3.46,3.52,3.52,3.46,3.46,False,False,False,False,False,False,False,False,False,False,False,unchanged
000517_2026-06-09,000517,2026-06-10,post,1.0,True,True,1.94,1.94,1.94,1.94,1.9,1.9,False,False,False,False,False,False,False,False,False,False,False,unchanged
000520_2026-06-08,000520,2026-06-10,post,2.0,True,True,4.32,4.32,4.3,4.3,4.15,4.15,False,False,False,False,False,False,False,False,False,False,False,unchanged
000759_2026-06-09,000759,2026-06-10,post,1.0,True,True,5.65,5.65,5.83,5.83,5.83,5.83,False,False,False,False,False,False,False,False,False,False,False,unchanged
001696_2026-06-10,001696,2026-06-10,d0,,True,True,19.0,19.0,22.84,22.84,22.84,22.84,True,True,False,False,True,False,False,False,False,False,False,unchanged
002254_2026-06-10,002254,2026-06-10,d0,,True,True,17.37,17.37,18.68,18.68,18.06,18.06,True,True,False,False,True,False,False,False,False,False,False,unchanged
002361_2026-06-09,002361,2026-06-10,post,1.0,True,True,18.01,18.01,17.55,17.55,15.74,15.74,False,False,True,True,False,True,False,False,False,False,False,unchanged
002362_2026-06-10,002362,2026-06-10,d0,,True,True,19.46,19.46,19.3,19.3,18.4,18.4,False,False,True,True,False,True,False,False,False,False,False,unchanged
002421_2026-06-09,002421,2026-06-10,post,1.0,True,True,4.89,4.89,4.64,4.64,4.4,4.4,False,False,True,True,False,True,False,False,False,False,False,unchanged
002613_2026-06-09,002613,2026-06-10,post,1.0,True,True,4.72,4.72,4.98,4.98,4.35,4.35,False,False,True,True,False,True,False,False,False,False,False,unchanged
002747_2026-06-10,002747,2026-06-10,d0,,True,True,35.0,35.0,35.68,35.68,32.22,32.22,False,False,True,True,False,True,False,False,False,False,False,unchanged
003009_2026-06-09,003009,2026-06-10,post,1.0,True,True,55.55,55.55,60.62,60.62,60.62,60.62,True,True,False,False,True,False,False,False,False,False,False,unchanged
003036_2026-06-08,003036,2026-06-10,post,2.0,True,True,79.15,79.15,85.61,85.61,82.16,82.16,True,True,False,False,True,False,False,False,False,False,False,unchanged
600293_2026-06-08,600293,2026-06-10,post,2.0,True,True,3.79,3.79,3.7,3.7,3.41,3.41,False,False,True,True,False,True,False,False,False,False,False,unchanged
603186_2026-06-10,603186,2026-06-10,d0,,True,True,166.01,166.01,187.42,187.42,170.3,170.3,True,True,False,False,True,False,False,False,False,False,False,unchanged
603500_2026-06-09,603500,2026-06-10,post,1.0,True,True,12.4,12.4,13.09,13.09,12.86,12.86,False,False,False,False,False,False,False,False,False,False,False,unchanged
603616_2026-06-10,603616,2026-06-10,d0,,True,True,6.85,6.85,6.96,6.96,6.67,6.67,False,False,False,False,False,False,False,False,False,False,False,unchanged
603859_2026-06-09,603859,2026-06-10,post,1.0,True,True,55.0,55.0,55.65,55.65,51.41,51.41,False,False,True,True,False,True,False,False,False,False,False,unchanged
603929_2026-06-10,603929,2026-06-10,d0,,True,True,227.62,227.62,246.98,246.98,218.08,218.08,True,True,False,False,True,False,False,False,False,False,False,unchanged
000029_2026-06-11,000029,2026-06-11,d0,,True,True,25.43,25.43,25.73,25.73,25.11,25.11,False,False,False,False,False,False,False,False,False,False,False,unchanged
000068_2026-06-09,000068,2026-06-11,post,2.0,True,True,3.48,3.48,3.53,3.53,3.41,3.41,False,False,False,False,False,False,False,False,False,False,False,unchanged
000517_2026-06-09,000517,2026-06-11,post,2.0,True,True,1.91,1.91,2.0,2.0,1.94,1.94,False,False,False,False,False,False,False,False,False,False,False,unchanged
000759_2026-06-09,000759,2026-06-11,post,2.0,True,True,5.29,5.29,6.15,6.15,5.95,5.95,True,True,False,False,True,False,False,False,False,False,False,unchanged
002361_2026-06-09,002361,2026-06-11,post,2.0,True,True,16.82,16.82,16.21,16.21,15.93,15.93,False,False,True,True,False,True,False,False,False,False,False,unchanged
002362_2026-06-10,002362,2026-06-11,post,1.0,True,True,18.89,18.89,18.67,18.67,18.63,18.63,False,False,False,False,False,False,False,False,False,False,False,unchanged
002421_2026-06-09,002421,2026-06-11,post,2.0,True,True,4.4,4.4,4.16,4.16,4.01,4.01,False,False,True,True,False,True,False,False,False,False,False,unchanged
002585_2026-06-11,002585,2026-06-11,d0,,True,True,12.42,12.42,12.74,12.74,12.74,12.74,False,False,False,False,False,False,False,False,False,False,False,unchanged
002613_2026-06-09,002613,2026-06-11,post,2.0,True,True,4.73,4.73,4.79,4.79,4.79,4.79,False,False,False,False,False,False,False,False,False,False,False,unchanged
002636_2026-06-11,002636,2026-06-11,d0,,True,True,89.99,89.99,98.0,98.0,97.34,97.34,True,True,False,False,True,False,False,False,False,False,False,unchanged
002669_2026-06-11,002669,2026-06-11,d0,,True,True,16.6,16.6,16.58,16.58,16.28,16.28,False,False,False,False,False,False,False,False,False,False,False,unchanged
002747_2026-06-10,002747,2026-06-11,post,1.0,True,True,33.74,33.74,33.39,33.39,33.23,33.23,False,False,False,False,False,False,False,False,False,False,False,unchanged
003009_2026-06-09,003009,2026-06-11,post,2.0,True,True,55.56,55.56,65.72,65.72,63.75,63.75,True,True,False,False,True,False,False,False,False,False,False,unchanged
003026_2026-06-11,003026,2026-06-11,d0,,True,True,36.34,36.34,34.67,34.67,34.52,34.52,False,False,True,True,False,True,False,False,False,False,False,unchanged
603002_2026-06-11,603002,2026-06-11,d0,,True,True,17.96,17.96,19.17,19.17,19.17,19.17,False,False,False,False,False,False,False,False,False,False,False,unchanged
603065_2026-06-11,603065,2026-06-11,d0,,True,True,13.6,13.6,13.99,13.99,13.4,13.4,False,False,False,False,False,False,False,False,False,False,False,unchanged
603186_2026-06-10,603186,2026-06-11,post,1.0,True,True,176.0,176.0,187.33,187.33,187.33,187.33,False,False,False,False,False,False,False,False,False,False,False,unchanged
603500_2026-06-09,603500,2026-06-11,post,2.0,True,True,12.99,12.99,13.62,13.62,13.44,13.44,False,False,False,False,False,False,False,False,False,False,False,unchanged
603616_2026-06-10,603616,2026-06-11,post,1.0,True,True,6.16,6.16,6.45,6.45,6.14,6.14,False,False,False,False,False,False,False,False,False,False,False,unchanged
603859_2026-06-09,603859,2026-06-11,post,2.0,True,True,48.7,48.7,53.1,53.1,51.79,51.79,True,True,False,False,True,False,False,False,False,False,False,unchanged
603929_2026-06-10,603929,2026-06-11,post,1.0,True,True,242.8,242.8,224.62,224.62,215.39,215.39,False,False,True,True,False,True,False,False,False,False,False,unchanged
605006_2026-06-11,605006,2026-06-11,d0,,True,True,21.6,21.6,21.86,21.86,21.8,21.8,False,False,False,False,False,False,False,False,False,False,False,unchanged
605318_2026-06-11,605318,2026-06-11,d0,,True,True,130.05,130.05,135.99,135.99,134.2,134.2,False,False,False,False,False,False,False,False,False,False,False,unchanged
605589_2026-06-11,605589,2026-06-11,d0,,True,True,59.0,59.0,64.15,64.15,64.15,64.15,True,True,False,False,True,False,False,False,False,False,False,unchanged
000029_2026-06-11,000029,2026-06-12,post,1.0,True,True,25.33,25.33,27.62,27.62,27.62,27.62,True,True,False,False,True,False,False,False,False,False,False,unchanged
000048_2026-06-12,000048,2026-06-12,d0,,True,True,19.53,19.53,19.11,19.11,19.11,19.11,False,False,False,False,False,False,False,False,False,False,False,unchanged
001696_2026-06-10,001696,2026-06-12,post,2.0,True,True,22.05,22.05,23.9,23.9,23.7,23.7,True,True,False,False,True,False,False,False,False,False,False,unchanged
002119_2026-06-12,002119,2026-06-12,d0,,True,True,32.01,32.01,33.75,33.75,33.26,33.26,False,False,False,False,False,False,False,False,False,False,False,unchanged
002165_2026-06-12,002165,2026-06-12,d0,,True,True,7.51,7.51,8.06,8.06,7.77,7.77,True,True,False,False,True,False,False,False,False,False,False,unchanged
002254_2026-06-10,002254,2026-06-12,post,2.0,True,True,17.69,17.69,17.77,17.77,16.89,16.89,False,False,False,False,False,False,False,False,False,False,False,unchanged
002362_2026-06-10,002362,2026-06-12,post,2.0,True,True,18.5,18.5,18.88,18.88,18.64,18.64,False,False,False,False,False,False,False,False,False,False,False,unchanged
002409_2026-06-12,002409,2026-06-12,d0,,True,True,133.32,133.32,143.6,143.6,137.76,137.76,True,True,False,False,True,False,False,False,False,False,False,unchanged
002585_2026-06-11,002585,2026-06-12,post,1.0,True,True,11.76,11.76,14.01,14.01,14.01,14.01,True,True,False,False,True,False,False,False,False,False,False,unchanged
002636_2026-06-11,002636,2026-06-12,post,1.0,True,True,90.92,90.92,102.9,102.9,101.49,101.49,True,True,False,False,True,False,False,False,False,False,False,unchanged
002669_2026-06-11,002669,2026-06-12,post,1.0,True,True,15.2,15.2,17.34,17.34,17.11,17.11,True,True,False,False,True,False,False,False,False,False,False,unchanged
002747_2026-06-10,002747,2026-06-12,post,2.0,True,True,32.79,32.79,34.83,34.83,33.9,33.9,False,False,False,False,False,False,False,False,False,False,False,unchanged
003026_2026-06-11,003026,2026-06-12,post,1.0,True,True,32.83,32.83,35.33,35.33,34.92,34.92,True,True,False,False,True,False,False,False,False,False,False,unchanged
600178_2026-06-12,600178,2026-06-12,d0,,True,True,10.03,10.03,9.99,9.99,9.74,9.74,False,False,False,False,False,False,False,False,False,False,False,unchanged
600378_2026-06-12,600378,2026-06-12,d0,,True,True,57.1,57.1,61.58,61.58,58.0,58.0,True,True,False,False,True,False,False,False,False,False,False,unchanged
600665_2026-06-12,600665,2026-06-12,d0,,True,True,3.85,3.85,3.9,3.9,3.83,3.83,False,False,False,False,False,False,False,False,False,False,False,unchanged
603002_2026-06-11,603002,2026-06-12,post,1.0,True,True,17.76,17.76,21.09,21.09,21.09,21.09,True,True,False,False,True,False,False,False,False,False,False,unchanged
603155_2026-06-12,603155,2026-06-12,d0,,True,True,21.6,21.6,23.5,23.5,23.22,23.22,True,True,False,False,True,False,False,False,False,False,False,unchanged
603186_2026-06-10,603186,2026-06-12,post,2.0,True,True,178.47,178.47,206.06,206.06,206.06,206.06,True,True,False,False,True,False,False,False,False,False,False,unchanged
603616_2026-06-10,603616,2026-06-12,post,2.0,True,True,6.45,6.45,6.17,6.17,6.05,6.05,False,False,True,True,False,True,False,False,False,False,False,unchanged
603929_2026-06-10,603929,2026-06-12,post,2.0,True,True,220.01,220.01,219.68,219.68,211.07,211.07,False,False,False,False,False,False,False,False,False,False,False,unchanged
605006_2026-06-11,605006,2026-06-12,post,1.0,True,True,20.89,20.89,23.98,23.98,23.98,23.98,True,True,False,False,True,False,False,False,False,False,False,unchanged
605318_2026-06-11,605318,2026-06-12,post,1.0,True,True,129.04,129.04,143.9,143.9,132.26,132.26,True,True,False,False,True,False,False,False,False,False,False,unchanged
605589_2026-06-11,605589,2026-06-12,post,1.0,True,True,57.99,57.99,67.98,67.98,67.06,67.06,True,True,False,False,True,False,False,False,False,False,False,unchanged
000029_2026-06-11,000029,2026-06-15,post,2.0,True,True,25.34,25.34,28.8,28.8,28.57,28.57,True,True,False,False,True,False,False,False,False,False,False,unchanged
000048_2026-06-12,000048,2026-06-15,post,1.0,True,True,16.9,16.9,19.78,19.78,19.13,19.13,True,True,False,False,True,False,False,False,False,False,False,unchanged
002119_2026-06-12,002119,2026-06-15,post,1.0,True,True,33.3,33.3,34.15,34.15,33.17,33.17,False,False,False,False,False,False,False,False,False,False,False,unchanged
002165_2026-06-12,002165,2026-06-15,post,1.0,True,True,7.73,7.73,7.69,7.69,7.39,7.39,False,False,False,False,False,False,False,False,False,False,False,unchanged
002203_2026-06-15,002203,2026-06-15,d0,,True,True,24.0,24.0,24.87,24.87,23.2,23.2,False,False,False,False,False,False,False,False,False,False,False,unchanged
002409_2026-06-12,002409,2026-06-15,post,1.0,True,True,137.45,137.45,149.22,149.22,147.92,147.92,True,True,False,False,True,False,False,False,False,False,False,unchanged
002636_2026-06-11,002636,2026-06-15,post,2.0,True,True,94.91,94.91,102.78,102.78,95.71,95.71,True,True,False,False,True,False,False,False,False,False,False,unchanged
002669_2026-06-11,002669,2026-06-15,post,2.0,True,True,16.33,16.33,17.54,17.54,17.38,17.38,True,True,False,False,True,False,False,False,False,False,False,unchanged
003026_2026-06-11,003026,2026-06-15,post,2.0,True,True,34.53,34.53,36.52,36.52,36.52,36.52,False,False,False,False,False,False,False,False,False,False,False,unchanged
600067_2026-06-15,600067,2026-06-15,d0,,True,True,3.5,3.5,3.6,3.6,3.38,3.38,False,False,False,False,False,False,False,False,False,False,False,unchanged
600178_2026-06-12,600178,2026-06-15,post,1.0,True,True,9.88,9.88,9.87,9.87,9.52,9.52,False,False,False,False,False,False,False,False,False,False,False,unchanged
600378_2026-06-12,600378,2026-06-15,post,1.0,True,True,57.21,57.21,63.8,63.8,63.8,63.8,True,True,False,False,True,False,False,False,False,False,False,unchanged
600665_2026-06-12,600665,2026-06-15,post,1.0,True,True,3.84,3.84,3.8,3.8,3.62,3.62,False,False,True,True,False,True,False,False,False,False,False,unchanged
603014_2026-06-15,603014,2026-06-15,d0,,True,True,34.51,34.51,38.37,38.37,37.83,37.83,True,True,False,False,True,False,False,False,False,False,False,unchanged
603065_2026-06-11,603065,2026-06-15,post,2.0,True,True,12.8,12.8,15.9,15.9,14.81,14.81,True,True,False,False,True,False,False,False,False,False,False,unchanged
603155_2026-06-12,603155,2026-06-15,post,1.0,True,True,22.19,22.19,24.92,24.92,24.86,24.86,True,True,False,False,True,False,False,False,False,False,False,unchanged
605006_2026-06-11,605006,2026-06-15,post,2.0,True,True,21.5,21.5,26.38,26.38,26.0,26.0,True,True,False,False,True,False,False,False,False,False,False,unchanged
605318_2026-06-11,605318,2026-06-15,post,2.0,True,True,133.5,133.5,140.6,140.6,131.1,131.1,False,False,False,False,False,False,False,False,False,False,False,unchanged
000506_2026-06-16,000506,2026-06-16,d0,,True,True,15.27,15.27,15.25,15.25,14.72,14.72,False,False,False,False,False,False,False,False,False,False,False,unchanged
000510_2026-06-16,000510,2026-06-16,d0,,True,True,22.71,22.71,22.38,22.38,22.1,22.1,False,False,False,False,False,False,False,False,False,False,False,unchanged
001359_2026-06-16,001359,2026-06-16,d0,,True,True,119.33,119.33,133.75,133.75,132.2,132.2,True,True,False,False,True,False,False,False,False,False,False,unchanged
002119_2026-06-12,002119,2026-06-16,post,2.0,True,True,31.8,31.8,35.42,35.42,34.51,34.51,True,True,False,False,True,False,False,False,False,False,False,unchanged
002165_2026-06-12,002165,2026-06-16,post,2.0,True,True,7.6,7.6,7.26,7.26,6.76,6.76,False,False,True,True,False,True,False,False,False,False,False,unchanged
002203_2026-06-15,002203,2026-06-16,post,1.0,True,True,23.97,23.97,25.52,25.52,25.52,25.52,False,False,False,False,False,False,False,False,False,False,False,unchanged
002409_2026-06-12,002409,2026-06-16,post,2.0,True,True,137.0,137.0,151.6,151.6,150.16,150.16,True,True,False,False,True,False,False,False,False,False,False,unchanged
600067_2026-06-15,600067,2026-06-16,post,1.0,True,True,3.59,3.59,3.43,3.43,3.39,3.39,False,False,True,True,False,True,False,False,False,False,False,unchanged
600178_2026-06-12,600178,2026-06-16,post,2.0,True,True,9.65,9.65,9.65,9.65,9.07,9.07,False,False,True,True,False,True,False,False,False,False,False,unchanged
600378_2026-06-12,600378,2026-06-16,post,2.0,True,True,57.0,57.0,66.99,66.99,65.16,65.16,True,True,False,False,True,False,False,False,False,False,False,unchanged
600665_2026-06-12,600665,2026-06-16,post,2.0,True,True,3.8,3.8,3.62,3.62,3.57,3.57,False,False,True,True,False,True,False,False,False,False,False,unchanged
601696_2026-06-16,601696,2026-06-16,d0,,True,True,13.35,13.35,13.1,13.1,12.75,12.75,False,False,False,False,False,False,False,False,False,False,False,unchanged
601958_2026-06-16,601958,2026-06-16,d0,,True,True,28.0,28.0,29.23,29.23,27.7,27.7,False,False,False,False,False,False,False,False,False,False,False,unchanged
603014_2026-06-15,603014,2026-06-16,post,1.0,True,True,35.49,35.49,38.38,38.38,37.41,37.41,True,True,False,False,True,False,False,False,False,False,False,unchanged
603155_2026-06-12,603155,2026-06-16,post,2.0,True,True,22.73,22.73,24.01,24.01,23.06,23.06,False,False,False,False,False,False,False,False,False,False,False,unchanged
603335_2026-06-16,603335,2026-06-16,d0,,True,True,8.22,8.22,9.14,9.14,8.22,8.22,True,True,False,False,True,False,False,False,False,False,False,unchanged
603738_2026-06-16,603738,2026-06-16,d0,,True,True,54.77,54.77,61.88,61.88,58.99,58.99,True,True,False,False,True,False,False,False,False,False,False,unchanged
000506_2026-06-16,000506,2026-06-17,post,1.0,True,True,14.91,14.91,15.06,15.06,15.04,15.04,False,False,False,False,False,False,False,False,False,False,False,unchanged
000510_2026-06-16,000510,2026-06-17,post,1.0,True,True,21.93,21.93,24.31,24.31,24.31,24.31,True,True,False,False,True,False,False,False,False,False,False,unchanged
001359_2026-06-16,001359,2026-06-17,post,1.0,True,True,128.06,128.06,145.42,145.42,145.42,145.42,True,True,False,False,True,False,False,False,False,False,False,unchanged
002051_2026-06-17,002051,2026-06-17,d0,,True,True,12.44,12.44,13.47,13.47,13.23,13.23,True,True,False,False,True,False,False,False,False,False,False,unchanged
002203_2026-06-15,002203,2026-06-17,post,2.0,True,True,22.95,22.95,26.99,26.99,26.3,26.3,True,True,False,False,True,False,False,False,False,False,False,unchanged
002515_2026-06-17,002515,2026-06-17,d0,,True,True,9.01,9.01,10.5,10.5,10.22,10.22,True,True,False,False,True,False,False,False,False,False,False,unchanged
002552_2026-06-17,002552,2026-06-17,d0,,True,True,69.5,69.5,78.98,78.98,76.68,76.68,True,True,False,False,True,False,False,False,False,False,False,unchanged
002585_2026-06-17,002585,2026-06-17,d0,,True,True,14.79,14.79,15.35,15.35,14.6,14.6,False,False,False,False,False,False,False,False,False,False,False,unchanged
002806_2026-06-17,002806,2026-06-17,d0,,True,True,20.95,20.95,21.8,21.8,20.77,20.77,False,False,False,False,False,False,False,False,False,False,False,unchanged
002824_2026-06-17,002824,2026-06-17,d0,,True,True,35.6,35.6,40.76,40.76,39.7,39.7,True,True,False,False,True,False,False,False,False,False,False,unchanged
002851_2026-06-17,002851,2026-06-17,d0,,True,True,176.75,176.75,189.5,189.5,188.79,188.79,True,True,False,False,True,False,False,False,False,False,False,unchanged
002990_2026-06-17,002990,2026-06-17,d0,,True,True,55.02,55.02,59.75,59.75,59.02,59.02,True,True,False,False,True,False,False,False,False,False,False,unchanged
600067_2026-06-15,600067,2026-06-17,post,2.0,True,True,3.39,3.39,3.55,3.55,3.44,3.44,False,False,False,False,False,False,False,False,False,False,False,unchanged
600545_2026-06-17,600545,2026-06-17,d0,,True,True,6.65,6.65,7.6,7.6,7.34,7.34,True,True,False,False,True,False,False,False,False,False,False,unchanged
600549_2026-06-17,600549,2026-06-17,d0,,True,True,78.12,78.12,94.5,94.5,94.5,94.5,True,True,False,False,True,False,False,False,False,False,False,unchanged
600703_2026-06-17,600703,2026-06-17,d0,,True,True,17.71,17.71,19.29,19.29,19.29,19.29,True,True,False,False,True,False,False,False,False,False,False,unchanged
601179_2026-06-17,601179,2026-06-17,d0,,True,True,15.68,15.68,16.79,16.79,16.79,16.79,True,True,False,False,True,False,False,False,False,False,False,unchanged
601696_2026-06-16,601696,2026-06-17,post,1.0,True,True,13.05,13.05,13.5,13.5,13.48,13.48,False,False,False,False,False,False,False,False,False,False,False,unchanged
601958_2026-06-16,601958,2026-06-17,post,1.0,True,True,28.5,28.5,30.47,30.47,30.47,30.47,False,False,False,False,False,False,False,False,False,False,False,unchanged
603014_2026-06-15,603014,2026-06-17,post,2.0,True,True,37.52,37.52,37.01,37.01,35.62,35.62,False,False,True,True,False,True,False,False,False,False,False,unchanged
603045_2026-06-17,603045,2026-06-17,d0,,True,True,84.49,84.49,89.44,89.44,83.64,83.64,False,False,False,False,False,False,False,False,False,False,False,unchanged
603256_2026-06-17,603256,2026-06-17,d0,,True,True,244.7,244.7,274.07,274.07,263.01,263.01,True,True,False,False,True,False,False,False,False,False,False,unchanged
603335_2026-06-16,603335,2026-06-17,post,1.0,True,True,8.43,8.43,9.0,9.0,8.2,8.2,False,False,False,False,False,False,False,False,False,False,False,unchanged
603516_2026-06-17,603516,2026-06-17,d0,,True,True,135.65,135.65,145.16,145.16,141.29,141.29,True,True,False,False,True,False,False,False,False,False,False,unchanged
603738_2026-06-16,603738,2026-06-17,post,1.0,True,True,59.0,59.0,64.66,64.66,61.7,61.7,True,True,False,False,True,False,False,False,False,False,False,unchanged
605198_2026-06-17,605198,2026-06-17,d0,,True,True,84.6,84.6,82.8,82.8,74.9,74.9,False,False,True,True,False,True,False,False,False,False,False,unchanged
605289_2026-06-17,605289,2026-06-17,d0,,True,True,133.5,133.5,142.25,142.25,140.25,140.25,False,False,False,False,False,False,False,False,False,False,False,unchanged
000506_2026-06-16,000506,2026-06-18,post,2.0,True,True,14.59,14.59,14.95,14.95,13.54,13.54,False,False,True,True,False,True,False,False,False,False,False,unchanged
000510_2026-06-16,000510,2026-06-18,post,2.0,True,True,21.7,21.7,25.91,25.91,24.1,24.1,True,True,False,False,True,False,False,False,False,False,False,unchanged
000679_2026-06-18,000679,2026-06-18,d0,,True,True,7.58,7.58,7.73,7.73,7.38,7.38,False,False,False,False,False,False,False,False,False,False,False,unchanged
000777_2026-06-18,000777,2026-06-18,d0,,True,True,18.82,18.82,19.09,19.09,18.11,18.11,False,False,False,False,False,False,False,False,False,False,False,unchanged
001359_2026-06-16,001359,2026-06-18,post,2.0,True,True,134.9,134.9,122.72,122.72,117.3,117.3,False,False,True,True,False,True,False,False,False,False,False,unchanged
002051_2026-06-17,002051,2026-06-18,post,1.0,True,True,12.51,12.51,13.27,13.27,12.39,12.39,False,False,False,False,False,False,False,False,False,False,False,unchanged
002080_2026-06-18,002080,2026-06-18,d0,,True,True,81.95,81.95,83.57,83.57,76.8,76.8,False,False,True,True,False,True,False,False,False,False,False,unchanged
002484_2026-06-18,002484,2026-06-18,d0,,True,True,108.44,108.44,103.0,103.0,94.5,94.5,False,False,True,True,False,True,False,False,False,False,False,unchanged
002515_2026-06-17,002515,2026-06-18,post,1.0,True,True,9.6,9.6,10.94,10.94,10.34,10.34,True,True,False,False,True,False,False,False,False,False,False,unchanged
002552_2026-06-17,002552,2026-06-18,post,1.0,True,True,75.11,75.11,76.68,76.68,69.08,69.08,False,False,True,True,False,True,False,False,False,False,False,unchanged
002585_2026-06-17,002585,2026-06-18,post,1.0,True,True,15.22,15.22,14.4,14.4,13.65,13.65,False,False,True,True,False,True,False,False,False,False,False,unchanged
002741_2026-06-18,002741,2026-06-18,d0,,True,True,41.15,41.15,40.31,40.31,37.4,37.4,False,False,True,True,False,True,False,False,False,False,False,unchanged
002806_2026-06-17,002806,2026-06-18,post,1.0,True,True,21.51,21.51,22.08,22.08,20.78,20.78,False,False,False,False,False,False,False,False,False,False,False,unchanged
002824_2026-06-17,002824,2026-06-18,post,1.0,True,True,38.95,38.95,41.91,41.91,38.74,38.74,True,True,False,False,True,False,False,False,False,False,False,unchanged
002851_2026-06-17,002851,2026-06-18,post,1.0,True,True,181.91,181.91,189.98,189.98,173.05,173.05,False,False,False,False,False,False,False,False,False,False,False,unchanged
002990_2026-06-17,002990,2026-06-18,post,1.0,True,True,58.37,58.37,61.64,61.64,60.0,60.0,False,False,False,False,False,False,False,False,False,False,False,unchanged
600110_2026-06-18,600110,2026-06-18,d0,,True,True,17.32,17.32,16.55,16.55,15.44,15.44,False,False,True,True,False,True,False,False,False,False,False,unchanged
600186_2026-06-18,600186,2026-06-18,d0,,True,True,14.55,14.55,15.06,15.06,14.37,14.37,False,False,False,False,False,False,False,False,False,False,False,unchanged
600192_2026-06-18,600192,2026-06-18,d0,,True,True,7.89,7.89,7.9,7.9,7.49,7.49,False,False,True,True,False,True,False,False,False,False,False,unchanged
600549_2026-06-17,600549,2026-06-18,post,1.0,True,True,88.92,88.92,96.85,96.85,85.43,85.43,True,True,False,False,True,False,False,False,False,False,False,unchanged
600615_2026-06-18,600615,2026-06-18,d0,,True,True,10.52,10.52,10.46,10.46,9.96,9.96,False,False,True,True,False,True,False,False,False,False,False,unchanged
600703_2026-06-17,600703,2026-06-18,post,1.0,True,True,18.91,18.91,20.52,20.52,19.83,19.83,True,True,False,False,True,False,False,False,False,False,False,unchanged
600707_2026-06-18,600707,2026-06-18,d0,,True,True,12.29,12.29,13.64,13.64,13.64,13.64,True,True,False,False,True,False,False,False,False,False,False,unchanged
601179_2026-06-17,601179,2026-06-18,post,1.0,True,True,15.32,15.32,17.0,17.0,16.19,16.19,True,True,False,False,True,False,False,False,False,False,False,unchanged
601636_2026-06-18,601636,2026-06-18,d0,,True,True,8.28,8.28,8.32,8.32,7.83,7.83,False,False,True,True,False,True,False,False,False,False,False,unchanged
601696_2026-06-16,601696,2026-06-18,post,2.0,True,True,12.7,12.7,13.47,13.47,13.14,13.14,False,False,False,False,False,False,False,False,False,False,False,unchanged
601958_2026-06-16,601958,2026-06-18,post,2.0,True,True,28.14,28.14,31.61,31.61,27.8,27.8,True,True,False,False,True,False,False,False,False,False,False,unchanged
603002_2026-06-18,603002,2026-06-18,d0,,True,True,23.66,23.66,26.45,26.45,23.35,23.35,True,True,False,False,True,False,False,False,False,False,False,unchanged
603045_2026-06-17,603045,2026-06-18,post,1.0,True,True,85.8,85.8,89.0,89.0,84.65,84.65,False,False,False,False,False,False,False,False,False,False,False,unchanged
603115_2026-06-18,603115,2026-06-18,d0,,True,True,114.88,114.88,118.59,118.59,110.17,110.17,False,False,False,False,False,False,False,False,False,False,False,unchanged
603186_2026-06-18,603186,2026-06-18,d0,,True,True,238.11,238.11,248.94,248.94,231.6,231.6,False,False,False,False,False,False,False,False,False,False,False,unchanged
603256_2026-06-17,603256,2026-06-18,post,1.0,True,True,257.75,257.75,260.36,260.36,247.9,247.9,False,False,False,False,False,False,False,False,False,False,False,unchanged
603335_2026-06-16,603335,2026-06-18,post,2.0,True,True,8.24,8.24,9.02,9.02,9.02,9.02,True,True,False,False,True,False,False,False,False,False,False,unchanged
603516_2026-06-17,603516,2026-06-18,post,1.0,True,True,144.41,144.41,146.5,146.5,136.88,136.88,False,False,True,True,False,True,False,False,False,False,False,unchanged
603738_2026-06-16,603738,2026-06-18,post,2.0,True,True,60.6,60.6,66.0,66.0,63.25,63.25,True,True,False,False,True,False,False,False,False,False,False,unchanged
603773_2026-06-18,603773,2026-06-18,d0,,True,True,172.7,172.7,184.37,184.37,172.15,172.15,False,False,False,False,False,False,False,False,False,False,False,unchanged
605198_2026-06-17,605198,2026-06-18,post,1.0,True,True,80.56,80.56,77.2,77.2,72.13,72.13,False,False,True,True,False,True,False,False,False,False,False,unchanged
605289_2026-06-17,605289,2026-06-18,post,1.0,True,True,135.5,135.5,141.0,141.0,135.09,135.09,False,False,False,False,False,False,False,False,False,False,False,unchanged
000679_2026-06-18,000679,2026-06-22,post,1.0,True,True,7.59,7.59,7.5,7.5,6.88,6.88,False,False,True,True,False,True,False,False,False,False,False,unchanged
000777_2026-06-18,000777,2026-06-22,post,1.0,True,True,18.8,18.8,17.95,17.95,17.54,17.54,False,False,True,True,False,True,False,False,False,False,False,unchanged
001339_2026-06-22,001339,2026-06-22,d0,,True,True,128.87,128.87,136.95,136.95,136.95,136.95,False,False,False,False,False,False,False,False,False,False,False,unchanged
002051_2026-06-17,002051,2026-06-22,post,2.0,True,True,13.2,13.2,13.63,13.63,13.63,13.63,False,False,False,False,False,False,False,False,False,False,False,unchanged
002080_2026-06-18,002080,2026-06-22,post,1.0,True,True,83.25,83.25,84.48,84.48,84.48,84.48,False,False,False,False,False,False,False,False,False,False,False,unchanged
002141_2026-06-22,002141,2026-06-22,d0,,True,True,4.69,4.69,5.04,5.04,4.76,4.76,True,True,False,False,True,False,False,False,False,False,False,unchanged
002484_2026-06-18,002484,2026-06-22,post,1.0,True,True,103.0,103.0,102.85,102.85,100.93,100.93,False,False,False,False,False,False,False,False,False,False,False,unchanged
002491_2026-06-22,002491,2026-06-22,d0,,True,True,34.59,34.59,37.05,37.05,37.05,37.05,True,True,False,False,True,False,False,False,False,False,False,unchanged
002515_2026-06-17,002515,2026-06-22,post,2.0,True,True,10.16,10.16,10.7,10.7,10.61,10.61,False,False,False,False,False,False,False,False,False,False,False,unchanged
002552_2026-06-17,002552,2026-06-22,post,2.0,True,True,76.67,76.67,75.99,75.99,75.99,75.99,False,False,False,False,False,False,False,False,False,False,False,unchanged
002579_2026-06-22,002579,2026-06-22,d0,,True,True,20.61,20.61,19.82,19.82,19.36,19.36,False,False,True,True,False,True,False,False,False,False,False,unchanged
002585_2026-06-17,002585,2026-06-22,post,2.0,True,True,14.34,14.34,14.17,14.17,14.0,14.0,False,False,False,False,False,False,False,False,False,False,False,unchanged
002741_2026-06-18,002741,2026-06-22,post,1.0,True,True,40.0,40.0,36.5,36.5,34.97,34.97,False,False,True,True,False,True,False,False,False,False,False,unchanged
002806_2026-06-17,002806,2026-06-22,post,2.0,True,True,20.7,20.7,20.7,20.7,20.11,20.11,False,False,False,False,False,False,False,False,False,False,False,unchanged
002824_2026-06-17,002824,2026-06-22,post,2.0,True,True,41.91,41.91,39.59,39.59,38.3,38.3,False,False,True,True,False,True,False,False,False,False,False,unchanged
002851_2026-06-17,002851,2026-06-22,post,2.0,True,True,188.97,188.97,175.38,175.38,170.31,170.31,False,False,True,True,False,True,False,False,False,False,False,unchanged
002989_2026-06-22,002989,2026-06-22,d0,,True,True,37.35,37.35,38.15,38.15,37.76,37.76,False,False,False,False,False,False,False,False,False,False,False,unchanged
002990_2026-06-17,002990,2026-06-22,post,2.0,True,True,58.8,58.8,66.0,66.0,66.0,66.0,True,True,False,False,True,False,False,False,False,False,False,unchanged
600110_2026-06-18,600110,2026-06-22,post,1.0,True,True,16.5,16.5,15.44,15.44,15.17,15.17,False,False,True,True,False,True,False,False,False,False,False,unchanged
600186_2026-06-18,600186,2026-06-22,post,1.0,True,True,15.02,15.02,14.64,14.64,14.18,14.18,False,False,True,True,False,True,False,False,False,False,False,unchanged
600192_2026-06-18,600192,2026-06-22,post,1.0,True,True,7.7,7.7,7.52,7.52,7.16,7.16,False,False,True,True,False,True,False,False,False,False,False,unchanged
600545_2026-06-17,600545,2026-06-22,post,2.0,True,True,7.0,7.0,6.67,6.67,6.33,6.33,False,False,True,True,False,True,False,False,False,False,False,unchanged
600615_2026-06-18,600615,2026-06-22,post,1.0,True,True,10.46,10.46,9.96,9.96,9.53,9.53,False,False,True,True,False,True,False,False,False,False,False,unchanged
600707_2026-06-18,600707,2026-06-22,post,1.0,True,True,12.68,12.68,14.14,14.14,13.53,13.53,True,True,False,False,True,False,False,False,False,False,False,unchanged
601636_2026-06-18,601636,2026-06-22,post,1.0,True,True,8.16,8.16,7.88,7.88,7.62,7.62,False,False,True,True,False,True,False,False,False,False,False,unchanged
603045_2026-06-17,603045,2026-06-22,post,2.0,True,True,82.5,82.5,93.12,93.12,93.12,93.12,True,True,False,False,True,False,False,False,False,False,False,unchanged
603115_2026-06-18,603115,2026-06-22,post,1.0,True,True,113.73,113.73,121.0,121.0,119.39,119.39,False,False,False,False,False,False,False,False,False,False,False,unchanged
603186_2026-06-18,603186,2026-06-22,post,1.0,True,True,248.94,248.94,254.76,254.76,250.44,250.44,False,False,False,False,False,False,False,False,False,False,False,unchanged
603256_2026-06-17,603256,2026-06-22,post,2.0,True,True,260.36,260.36,272.0,272.0,267.98,267.98,False,False,False,False,False,False,False,False,False,False,False,unchanged
603261_2026-06-22,603261,2026-06-22,d0,,True,True,44.39,44.39,52.99,52.99,49.0,49.0,True,True,False,False,True,False,False,False,False,False,False,unchanged
603324_2026-06-22,603324,2026-06-22,d0,,True,True,40.93,40.93,45.3,45.3,45.3,45.3,True,True,False,False,True,False,False,False,False,False,False,unchanged
603516_2026-06-17,603516,2026-06-22,post,2.0,True,True,144.27,144.27,138.25,138.25,132.5,132.5,False,False,True,True,False,True,False,False,False,False,False,unchanged
603773_2026-06-18,603773,2026-06-22,post,1.0,True,True,172.06,172.06,172.99,172.99,167.37,167.37,False,False,False,False,False,False,False,False,False,False,False,unchanged
605198_2026-06-17,605198,2026-06-22,post,2.0,True,True,74.46,74.46,73.4,73.4,69.67,69.67,False,False,True,True,False,True,False,False,False,False,False,unchanged
605289_2026-06-17,605289,2026-06-22,post,2.0,True,True,138.0,138.0,137.88,137.88,135.06,135.06,False,False,False,False,False,False,False,False,False,False,False,unchanged
000657_2026-06-23,000657,2026-06-23,d0,,True,True,99.86,99.86,107.58,107.58,105.68,105.68,True,True,False,False,True,False,False,False,False,False,False,unchanged
000679_2026-06-18,000679,2026-06-23,post,2.0,True,True,7.37,7.37,7.08,7.08,6.57,6.57,False,False,True,True,False,True,False,False,False,False,False,unchanged
000777_2026-06-18,000777,2026-06-23,post,2.0,True,True,17.95,17.95,17.67,17.67,17.0,17.0,False,False,True,True,False,True,False,False,False,False,False,unchanged
000811_2026-06-23,000811,2026-06-23,d0,,True,True,43.87,43.87,53.52,53.52,53.52,53.52,True,True,False,False,True,False,False,False,False,False,False,unchanged
001296_2026-06-23,001296,2026-06-23,d0,,True,True,21.37,21.37,21.86,21.86,21.21,21.21,False,False,False,False,False,False,False,False,False,False,False,unchanged
001339_2026-06-22,001339,2026-06-23,post,1.0,True,True,124.13,124.13,142.6,142.6,136.81,136.81,True,True,False,False,True,False,False,False,False,False,False,unchanged
002080_2026-06-18,002080,2026-06-23,post,2.0,True,True,76.99,76.99,92.93,92.93,92.93,92.93,True,True,False,False,True,False,False,False,False,False,False,unchanged
002297_2026-06-23,002297,2026-06-23,d0,,True,True,31.7,31.7,35.9,35.9,33.11,33.11,True,True,False,False,True,False,False,False,False,False,False,unchanged
002354_2026-06-23,002354,2026-06-23,d0,,True,True,8.21,8.21,8.57,8.57,8.03,8.03,False,False,False,False,False,False,False,False,False,False,False,unchanged
002484_2026-06-18,002484,2026-06-23,post,2.0,True,True,94.78,94.78,111.02,111.02,111.02,111.02,True,True,False,False,True,False,False,False,False,False,False,unchanged
002491_2026-06-22,002491,2026-06-23,post,1.0,True,True,33.68,33.68,39.71,39.71,38.5,38.5,True,True,False,False,True,False,False,False,False,False,False,unchanged
002579_2026-06-22,002579,2026-06-23,post,1.0,True,True,19.27,19.27,21.3,21.3,21.3,21.3,True,True,False,False,True,False,False,False,False,False,False,unchanged
002655_2026-06-23,002655,2026-06-23,d0,,True,True,47.16,47.16,52.48,52.48,48.43,48.43,True,True,False,False,True,False,False,False,False,False,False,unchanged
002741_2026-06-18,002741,2026-06-23,post,2.0,True,True,34.99,34.99,37.0,37.0,36.85,36.85,False,False,False,False,False,False,False,False,False,False,False,unchanged
002805_2026-06-23,002805,2026-06-23,d0,,True,True,29.1,29.1,29.98,29.98,29.18,29.18,False,False,False,False,False,False,False,False,False,False,False,unchanged
002842_2026-06-23,002842,2026-06-23,d0,,True,True,47.22,47.22,51.41,51.41,51.41,51.41,True,True,False,False,True,False,False,False,False,False,False,unchanged
002989_2026-06-22,002989,2026-06-23,post,1.0,True,True,37.28,37.28,39.38,39.38,37.12,37.12,False,False,False,False,False,False,False,False,False,False,False,unchanged
003031_2026-06-23,003031,2026-06-23,d0,,True,True,186.0,186.0,198.0,198.0,195.57,195.57,False,False,False,False,False,False,False,False,False,False,False,unchanged
600110_2026-06-18,600110,2026-06-23,post,2.0,True,True,14.45,14.45,16.1,16.1,15.77,15.77,True,True,False,False,True,False,False,False,False,False,False,unchanged
600162_2026-06-23,600162,2026-06-23,d0,,True,True,3.83,3.83,4.1,4.1,3.5,3.5,True,True,True,True,True,True,False,False,False,False,False,unchanged
600186_2026-06-18,600186,2026-06-23,post,2.0,True,True,13.98,13.98,15.6,15.6,15.6,15.6,True,True,False,False,True,False,False,False,False,False,False,unchanged
600192_2026-06-18,600192,2026-06-23,post,2.0,True,True,7.5,7.5,7.15,7.15,7.0,7.0,False,False,True,True,False,True,False,False,False,False,False,unchanged
600615_2026-06-18,600615,2026-06-23,post,2.0,True,True,9.96,9.96,9.51,9.51,9.2,9.2,False,False,True,True,False,True,False,False,False,False,False,unchanged
600769_2026-06-23,600769,2026-06-23,d0,,True,True,21.92,21.92,22.09,22.09,21.5,21.5,False,False,False,False,False,False,False,False,False,False,False,unchanged
601636_2026-06-18,601636,2026-06-23,post,2.0,True,True,7.6,7.6,8.36,8.36,8.35,8.35,True,True,False,False,True,False,False,False,False,False,False,unchanged
603002_2026-06-18,603002,2026-06-23,post,2.0,True,True,22.57,22.57,25.15,25.15,24.95,24.95,True,True,False,False,True,False,False,False,False,False,False,unchanged
603082_2026-06-23,603082,2026-06-23,d0,,True,True,46.9,46.9,47.88,47.88,45.0,45.0,False,False,False,False,False,False,False,False,False,False,False,unchanged
603115_2026-06-18,603115,2026-06-23,post,2.0,True,True,109.45,109.45,131.33,131.33,131.33,131.33,True,True,False,False,True,False,False,False,False,False,False,unchanged
603186_2026-06-18,603186,2026-06-23,post,2.0,True,True,236.0,236.0,269.87,269.87,262.8,262.8,True,True,False,False,True,False,False,False,False,False,False,unchanged
603261_2026-06-22,603261,2026-06-23,post,1.0,True,True,49.58,49.58,53.58,53.58,52.0,52.0,True,True,False,False,True,False,False,False,False,False,False,unchanged
603324_2026-06-22,603324,2026-06-23,post,1.0,True,True,39.77,39.77,49.83,49.83,47.76,47.76,True,True,False,False,True,False,False,False,False,False,False,unchanged
603380_2026-06-23,603380,2026-06-23,d0,,True,True,42.69,42.69,47.34,47.34,45.4,45.4,True,True,False,False,True,False,False,False,False,False,False,unchanged
603663_2026-06-23,603663,2026-06-23,d0,,True,True,102.0,102.0,105.0,105.0,100.48,100.48,False,False,False,False,False,False,False,False,False,False,False,unchanged
603773_2026-06-18,603773,2026-06-23,post,2.0,True,True,168.88,168.88,175.0,175.0,171.99,171.99,False,False,False,False,False,False,False,False,False,False,False,unchanged
000070_2026-06-24,000070,2026-06-24,d0,,True,True,25.33,25.33,24.76,24.76,22.29,22.29,False,False,True,True,False,True,False,False,False,False,False,unchanged
000571_2026-06-24,000571,2026-06-24,d0,,True,True,6.15,6.15,6.64,6.64,6.25,6.25,True,True,False,False,True,False,False,False,False,False,False,unchanged
000657_2026-06-23,000657,2026-06-24,post,1.0,True,True,101.0,101.0,109.68,109.68,99.51,99.51,True,True,False,False,True,False,False,False,False,False,False,unchanged
000783_2026-06-24,000783,2026-06-24,d0,,True,True,9.33,9.33,10.18,10.18,9.76,9.76,True,True,False,False,True,False,False,False,False,False,False,unchanged
000811_2026-06-23,000811,2026-06-24,post,1.0,True,True,50.92,50.92,55.27,55.27,53.12,53.12,True,True,False,False,True,False,False,False,False,False,False,unchanged
001296_2026-06-23,001296,2026-06-24,post,1.0,True,True,21.11,21.11,20.71,20.71,19.61,19.61,False,False,True,True,False,True,False,False,False,False,False,unchanged
002068_2026-06-24,002068,2026-06-24,d0,,True,True,14.68,14.68,15.63,15.63,14.6,14.6,False,False,False,False,False,False,False,False,False,False,False,unchanged
002141_2026-06-22,002141,2026-06-24,post,2.0,True,True,4.52,4.52,5.76,5.76,5.76,5.76,True,True,False,False,True,False,False,False,False,False,False,unchanged
002297_2026-06-23,002297,2026-06-24,post,1.0,True,True,33.19,33.19,33.48,33.48,30.89,30.89,False,False,True,True,False,True,False,False,False,False,False,unchanged
002579_2026-06-22,002579,2026-06-24,post,2.0,True,True,19.28,19.28,23.4,23.4,22.78,22.78,True,True,False,False,True,False,False,False,False,False,False,unchanged
002655_2026-06-23,002655,2026-06-24,post,1.0,True,True,50.2,50.2,52.72,52.72,51.13,51.13,False,False,False,False,False,False,False,False,False,False,False,unchanged
002672_2026-06-24,002672,2026-06-24,d0,,True,True,3.71,3.71,3.9,3.9,3.49,3.49,False,False,True,True,False,True,False,False,False,False,False,unchanged
002805_2026-06-23,002805,2026-06-24,post,1.0,True,True,29.39,29.39,29.08,29.08,26.56,26.56,False,False,True,True,False,True,False,False,False,False,False,unchanged
002830_2026-06-24,002830,2026-06-24,d0,,True,True,17.54,17.54,16.97,16.97,16.37,16.37,False,False,True,True,False,True,False,False,False,False,False,unchanged
002842_2026-06-23,002842,2026-06-24,post,1.0,True,True,46.7,46.7,54.44,54.44,52.16,52.16,True,True,False,False,True,False,False,False,False,False,False,unchanged
002989_2026-06-22,002989,2026-06-24,post,2.0,True,True,38.48,38.48,36.83,36.83,33.87,33.87,False,False,True,True,False,True,False,False,False,False,False,unchanged
003031_2026-06-23,003031,2026-06-24,post,1.0,True,True,193.51,193.51,191.0,191.0,183.1,183.1,False,False,True,True,False,True,False,False,False,False,False,unchanged
600162_2026-06-23,600162,2026-06-24,post,1.0,True,True,3.69,3.69,3.5,3.5,3.16,3.16,False,False,True,True,False,True,False,False,False,False,False,unchanged
600172_2026-06-24,600172,2026-06-24,d0,,True,True,16.83,16.83,17.78,17.78,16.65,16.65,False,False,False,False,False,False,False,False,False,False,False,unchanged
600322_2026-06-24,600322,2026-06-24,d0,,True,True,2.75,2.75,2.8,2.8,2.69,2.69,False,False,False,False,False,False,False,False,False,False,False,unchanged
600400_2026-06-24,600400,2026-06-24,d0,,True,True,3.09,3.09,3.4,3.4,3.27,3.27,True,True,False,False,True,False,False,False,False,False,False,unchanged
600470_2026-06-24,600470,2026-06-24,d0,,True,True,6.32,6.32,6.44,6.44,6.07,6.07,False,False,False,False,False,False,False,False,False,False,False,unchanged
600769_2026-06-23,600769,2026-06-24,post,1.0,True,True,20.21,20.21,22.11,22.11,20.8,20.8,True,True,False,False,True,False,False,False,False,False,False,unchanged
600851_2026-06-24,600851,2026-06-24,d0,,True,True,10.05,10.05,9.68,9.68,8.8,8.8,False,False,True,True,False,True,False,False,False,False,False,unchanged
601869_2026-06-24,601869,2026-06-24,d0,,True,True,598.0,598.0,582.0,582.0,543.0,543.0,False,False,True,True,False,True,False,False,False,False,False,unchanged
603082_2026-06-23,603082,2026-06-24,post,1.0,True,True,46.95,46.95,48.85,48.85,42.9,42.9,False,False,True,True,False,True,False,False,False,False,False,unchanged
603261_2026-06-22,603261,2026-06-24,post,2.0,True,True,49.0,49.0,57.2,57.2,57.2,57.2,True,True,False,False,True,False,False,False,False,False,False,unchanged
603380_2026-06-23,603380,2026-06-24,post,1.0,True,True,44.38,44.38,47.8,47.8,45.94,45.94,True,True,False,False,True,False,False,False,False,False,False,unchanged
603663_2026-06-23,603663,2026-06-24,post,1.0,True,True,104.07,104.07,98.8,98.8,94.53,94.53,False,False,True,True,False,True,False,False,False,False,False,unchanged
603757_2026-06-24,603757,2026-06-24,d0,,True,True,72.73,72.73,76.49,76.49,74.22,74.22,False,False,False,False,False,False,False,False,False,False,False,unchanged
605377_2026-06-24,605377,2026-06-24,d0,,True,True,9.2,9.2,9.04,9.04,8.65,8.65,False,False,True,True,False,True,False,False,False,False,False,unchanged
605580_2026-06-24,605580,2026-06-24,d0,,True,True,29.8,29.8,29.62,29.62,28.36,28.36,False,False,False,False,False,False,False,False,False,False,False,unchanged
000070_2026-06-24,000070,2026-06-25,post,1.0,True,True,24.6,24.6,22.35,22.35,20.26,20.37,False,False,True,True,False,True,False,False,False,False,False,unchanged
000566_2026-06-25,000566,2026-06-25,d0,,True,True,4.55,4.55,4.54,4.54,4.54,4.54,False,False,False,False,False,False,False,False,False,False,False,unchanged
000571_2026-06-24,000571,2026-06-25,post,1.0,True,True,6.6,6.6,6.45,6.45,6.3,6.3,False,False,False,False,False,False,False,False,False,False,False,unchanged
000657_2026-06-23,000657,2026-06-25,post,2.0,True,True,103.06,103.06,101.5,101.5,96.24,96.24,False,False,True,True,False,True,False,False,False,False,False,unchanged
000811_2026-06-23,000811,2026-06-25,post,2.0,True,True,54.48,54.48,55.23,55.23,51.11,51.11,False,False,True,True,False,True,False,False,False,False,False,unchanged
001296_2026-06-23,001296,2026-06-25,post,2.0,False,True,20.7,20.7,,20.49,,19.2,False,False,False,True,False,True,False,False,False,False,True,recovered_label_after_daily_cache_refresh
002297_2026-06-23,002297,2026-06-25,post,2.0,True,True,33.48,33.48,31.51,31.51,28.37,28.37,False,False,True,True,False,True,False,False,False,False,False,unchanged
002354_2026-06-23,002354,2026-06-25,post,2.0,True,True,8.23,8.23,9.68,9.68,9.11,9.11,True,True,False,False,True,False,False,False,False,False,False,unchanged
002580_2026-06-25,002580,2026-06-25,d0,,True,True,24.94,24.94,21.88,21.88,20.71,20.71,False,False,True,True,False,True,False,False,False,False,False,unchanged
002584_2026-06-25,002584,2026-06-25,d0,,True,True,9.92,9.92,10.3,10.3,9.35,9.35,False,False,True,True,False,True,False,False,False,False,False,unchanged
002631_2026-06-25,002631,2026-06-25,d0,,True,True,9.9,9.9,10.28,10.28,10.26,10.26,False,False,False,False,False,False,False,False,False,False,False,unchanged
002655_2026-06-23,002655,2026-06-25,post,2.0,True,True,49.11,49.11,50.63,50.63,46.02,46.02,False,False,True,True,False,True,False,False,False,False,False,unchanged
002672_2026-06-24,002672,2026-06-25,post,1.0,True,True,3.87,3.87,3.68,3.68,3.52,3.53,False,False,True,True,False,True,False,False,False,False,False,unchanged
002687_2026-06-25,002687,2026-06-25,d0,,True,True,4.38,4.38,4.97,4.97,4.97,4.97,True,True,False,False,True,False,False,False,False,False,False,unchanged
002805_2026-06-23,002805,2026-06-25,post,2.0,True,True,29.01,29.01,27.37,27.37,25.99,25.99,False,False,True,True,False,True,False,False,False,False,False,unchanged
002830_2026-06-24,002830,2026-06-25,post,1.0,True,True,16.6,16.6,16.7,16.7,15.72,15.72,False,False,True,True,False,True,False,False,False,False,False,unchanged
003031_2026-06-23,003031,2026-06-25,post,2.0,True,True,189.05,189.05,188.89,188.89,170.35,170.35,False,False,True,True,False,True,False,False,False,False,False,unchanged
600162_2026-06-23,600162,2026-06-25,post,2.0,True,True,3.45,3.45,3.2,3.2,2.94,2.94,False,False,True,True,False,True,False,False,False,False,False,unchanged
600172_2026-06-24,600172,2026-06-25,post,1.0,True,True,17.45,17.45,17.0,17.0,16.16,16.16,False,False,True,True,False,True,False,False,False,False,False,unchanged
600322_2026-06-24,600322,2026-06-25,post,1.0,True,True,2.76,2.76,2.73,2.73,2.6,2.59,False,False,True,True,False,True,False,False,False,False,False,unchanged
600379_2026-06-25,600379,2026-06-25,d0,,True,True,15.02,15.02,14.85,14.85,13.7,13.7,False,False,True,True,False,True,False,False,False,False,False,unchanged
600400_2026-06-24,600400,2026-06-25,post,1.0,True,True,3.28,3.28,3.32,3.32,3.1,3.11,False,False,True,True,False,True,False,False,False,False,False,unchanged
600470_2026-06-24,600470,2026-06-25,post,1.0,True,True,6.3,6.3,6.23,6.23,5.94,5.94,False,False,True,True,False,True,False,False,False,False,False,unchanged
600769_2026-06-23,600769,2026-06-25,post,2.0,True,True,21.4,21.4,20.89,20.89,20.7,20.7,False,False,False,False,False,False,False,False,False,False,False,unchanged
600851_2026-06-24,600851,2026-06-25,post,1.0,True,True,9.52,9.52,9.44,9.44,8.87,8.88,False,False,True,True,False,True,False,False,False,False,False,unchanged
600909_2026-06-25,600909,2026-06-25,d0,,True,True,12.0,12.0,12.84,12.84,11.72,11.72,True,True,False,False,True,False,False,False,False,False,False,unchanged
601869_2026-06-24,601869,2026-06-25,post,1.0,True,True,565.07,565.07,549.19,549.19,530.03,527.1,False,False,True,True,False,True,False,False,False,False,False,unchanged
603082_2026-06-23,603082,2026-06-25,post,2.0,True,True,45.16,45.16,44.67,44.67,42.41,42.41,False,False,True,True,False,True,False,False,False,False,False,unchanged
603380_2026-06-23,603380,2026-06-25,post,2.0,True,True,44.56,44.56,46.38,46.38,42.71,42.71,False,False,False,False,False,False,False,False,False,False,False,unchanged
603663_2026-06-23,603663,2026-06-25,post,2.0,True,True,98.43,98.43,98.68,98.68,95.98,95.98,False,False,False,False,False,False,False,False,False,False,False,unchanged
603757_2026-06-24,603757,2026-06-25,post,1.0,True,True,71.0,71.0,75.5,75.5,70.4,70.4,False,False,False,False,False,False,False,False,False,False,False,unchanged
603938_2026-06-25,603938,2026-06-25,d0,,True,True,69.68,69.68,81.82,81.82,72.31,74.98,True,True,False,False,True,False,False,False,False,False,False,unchanged
605069_2026-06-25,605069,2026-06-25,d0,,True,True,14.4,14.4,15.96,15.96,15.77,15.77,True,True,False,False,True,False,False,False,False,False,False,unchanged
605377_2026-06-24,605377,2026-06-25,post,1.0,True,True,9.01,9.01,9.52,9.52,9.52,9.52,False,False,False,False,False,False,False,False,False,False,False,unchanged
605580_2026-06-24,605580,2026-06-25,post,1.0,True,True,29.0,29.0,29.25,29.25,27.55,27.55,False,False,False,False,False,False,False,False,False,False,False,unchanged
000070_2026-06-24,000070,2026-06-26,post,2.0,False,True,21.89,21.89,,20.95,,20.84,False,False,False,False,False,False,False,False,False,False,True,recovered_label_after_daily_cache_refresh
000566_2026-06-25,000566,2026-06-26,post,1.0,True,True,4.02,4.02,4.99,4.99,4.99,4.99,True,True,False,False,True,False,False,False,False,False,False,unchanged
000571_2026-06-24,000571,2026-06-26,post,2.0,True,True,6.34,6.34,6.65,6.65,6.33,6.33,False,False,False,False,False,False,False,False,False,False,False,unchanged
000783_2026-06-24,000783,2026-06-26,post,2.0,False,True,9.77,9.77,,10.09,,9.75,False,False,False,False,False,False,False,False,False,False,True,recovered_label_after_daily_cache_refresh
000818_2026-06-26,000818,2026-06-26,d0,,True,True,13.47,13.47,14.52,14.52,14.52,14.52,True,True,False,False,True,False,False,False,False,False,False,unchanged
002025_2026-06-26,002025,2026-06-26,d0,,True,True,73.0,73.0,78.12,78.12,76.22,76.22,True,True,False,False,True,False,False,False,False,False,False,unchanged
002068_2026-06-24,002068,2026-06-26,post,2.0,True,True,14.91,14.91,15.39,15.39,15.03,15.03,False,False,False,False,False,False,False,False,False,False,False,unchanged
002080_2026-06-26,002080,2026-06-26,d0,,True,True,99.0,99.0,93.8,93.8,90.0,90.0,False,False,True,True,False,True,False,False,False,False,False,unchanged
002254_2026-06-26,002254,2026-06-26,d0,,False,True,19.25,19.25,,18.75,,18.19,False,False,False,True,False,True,False,False,False,False,True,recovered_label_after_daily_cache_refresh
002580_2026-06-25,002580,2026-06-26,post,1.0,True,True,21.78,21.78,21.17,21.17,20.16,20.16,False,False,True,True,False,True,False,False,False,False,False,unchanged
002584_2026-06-25,002584,2026-06-26,post,1.0,True,True,9.75,9.75,9.59,9.59,9.48,9.48,False,False,False,False,False,False,False,False,False,False,False,unchanged
002631_2026-06-25,002631,2026-06-26,post,1.0,True,True,9.82,9.82,11.29,11.29,11.29,11.29,True,True,False,False,True,False,False,False,False,False,False,unchanged
002672_2026-06-24,002672,2026-06-26,post,2.0,False,True,3.46,3.46,,3.48,,3.28,False,False,False,True,False,True,False,False,False,False,True,recovered_label_after_daily_cache_refresh
002687_2026-06-25,002687,2026-06-26,post,1.0,True,True,4.44,4.44,5.25,5.25,5.24,5.24,True,True,False,False,True,False,False,False,False,False,False,unchanged
002830_2026-06-24,002830,2026-06-26,post,2.0,True,True,16.3,16.3,17.29,17.29,17.29,17.29,False,False,False,False,False,False,False,False,False,False,False,unchanged
002990_2026-06-26,002990,2026-06-26,d0,,False,True,75.13,75.13,,81.62,,79.0,False,True,False,False,True,False,False,False,False,False,True,recovered_label_after_daily_cache_refresh
600141_2026-06-26,600141,2026-06-26,d0,,False,True,49.8,49.8,,47.6,,46.97,False,False,False,True,False,True,False,False,False,False,True,recovered_label_after_daily_cache_refresh
600172_2026-06-24,600172,2026-06-26,post,2.0,True,True,16.77,16.77,16.94,16.94,16.8,16.8,False,False,False,False,False,False,False,False,False,False,False,unchanged
600322_2026-06-24,600322,2026-06-26,post,2.0,False,True,2.67,2.67,,2.76,,2.74,False,False,False,False,False,False,False,False,False,False,True,recovered_label_after_daily_cache_refresh
600379_2026-06-25,600379,2026-06-26,post,1.0,True,True,14.34,14.34,15.07,15.07,15.07,15.07,False,False,False,False,False,False,False,False,False,False,False,unchanged
600400_2026-06-24,600400,2026-06-26,post,2.0,False,True,3.23,3.23,,3.41,,3.29,False,False,False,False,False,False,False,False,False,False,True,recovered_label_after_daily_cache_refresh
600470_2026-06-24,600470,2026-06-26,post,2.0,True,True,6.12,6.12,5.96,5.96,5.8,5.8,False,False,True,True,False,True,False,False,False,False,False,unchanged
600584_2026-06-26,600584,2026-06-26,d0,,True,True,103.0,103.0,105.07,105.07,103.55,103.55,False,False,False,False,False,False,False,False,False,False,False,unchanged
600667_2026-06-26,600667,2026-06-26,d0,,True,True,27.84,27.84,29.7,29.7,29.18,29.18,False,False,False,False,False,False,False,False,False,False,False,unchanged
600851_2026-06-24,600851,2026-06-26,post,2.0,False,True,8.19,8.19,,9.03,,9.01,False,True,False,False,True,False,False,False,False,False,True,recovered_label_after_daily_cache_refresh
600909_2026-06-25,600909,2026-06-26,post,1.0,True,True,12.59,12.59,11.7,11.7,11.11,11.11,False,False,True,True,False,True,False,False,False,False,False,unchanged
601869_2026-06-24,601869,2026-06-26,post,2.0,False,True,543.0,543.0,,549.9,,545.9,False,False,False,False,False,False,False,False,False,False,True,recovered_label_after_daily_cache_refresh
603678_2026-06-26,603678,2026-06-26,d0,,True,True,81.49,81.49,84.88,84.88,83.0,83.0,False,False,False,False,False,False,False,False,False,False,False,unchanged
603713_2026-06-26,603713,2026-06-26,d0,,True,True,76.24,76.24,74.0,74.0,71.17,71.17,False,False,True,True,False,True,False,False,False,False,False,unchanged
603757_2026-06-24,603757,2026-06-26,post,2.0,True,True,71.45,71.45,76.58,76.58,75.76,75.76,True,True,False,False,True,False,False,False,False,False,False,unchanged
603929_2026-06-26,603929,2026-06-26,d0,,True,True,272.03,272.03,285.0,285.0,272.02,272.02,False,False,False,False,False,False,False,False,False,False,False,unchanged
603938_2026-06-25,603938,2026-06-26,post,1.0,False,True,76.49,76.49,,73.97,,71.65,False,False,False,True,False,True,False,False,False,False,True,recovered_label_after_daily_cache_refresh
603989_2026-06-26,603989,2026-06-26,d0,,True,True,56.0,56.0,53.65,53.65,52.5,52.5,False,False,True,True,False,True,False,False,False,False,False,unchanged
605069_2026-06-25,605069,2026-06-26,post,1.0,True,True,14.95,14.95,16.68,16.68,16.48,16.48,True,True,False,False,True,False,False,False,False,False,False,unchanged
605377_2026-06-24,605377,2026-06-26,post,2.0,True,True,8.66,8.66,9.7,9.7,9.3,9.3,True,True,False,False,True,False,False,False,False,False,False,unchanged
605580_2026-06-24,605580,2026-06-26,post,2.0,False,True,28.36,28.36,,28.24,,27.61,False,False,False,False,False,False,False,False,False,False,True,recovered_label_after_daily_cache_refresh
000818_2026-06-26,000818,2026-06-29,post,1.0,True,True,13.08,13.08,15.18,15.18,14.85,14.85,True,True,False,False,True,False,False,False,False,False,False,unchanged
000823_2026-06-29,000823,2026-06-29,d0,,False,True,25.83,25.83,,28.22,,26.0,False,True,False,False,True,False,False,False,False,False,True,recovered_label_after_daily_cache_refresh
002025_2026-06-26,002025,2026-06-29,post,1.0,True,True,73.5,73.5,81.93,81.93,80.2,80.2,True,True,False,False,True,False,False,False,False,False,False,unchanged
002080_2026-06-26,002080,2026-06-29,post,1.0,True,True,90.0,90.0,94.2,94.2,88.7,88.7,False,False,False,False,False,False,False,False,False,False,False,unchanged
002141_2026-06-29,002141,2026-06-29,d0,,True,True,5.1,5.1,5.2,5.2,4.87,4.87,False,False,False,False,False,False,False,False,False,False,False,unchanged
002254_2026-06-26,002254,2026-06-29,post,1.0,False,True,,18.06,,18.39,,17.29,False,False,False,False,False,False,False,False,False,False,True,recovered_label_after_daily_cache_refresh
002580_2026-06-25,002580,2026-06-29,post,2.0,True,True,20.84,20.84,20.59,20.59,20.16,20.16,False,False,False,False,False,False,False,False,False,False,False,unchanged
002584_2026-06-25,002584,2026-06-29,post,2.0,True,True,9.15,9.15,10.09,10.09,10.0,10.0,True,True,False,False,True,False,False,False,False,False,False,unchanged
002631_2026-06-25,002631,2026-06-29,post,2.0,True,True,10.32,10.32,12.09,12.09,11.48,11.48,True,True,False,False,True,False,False,False,False,False,False,unchanged
002965_2026-06-29,002965,2026-06-29,d0,,False,True,49.52,49.52,,54.51,,50.92,False,True,False,False,True,False,False,False,False,False,True,recovered_label_after_daily_cache_refresh
002990_2026-06-26,002990,2026-06-29,post,1.0,False,True,,75.11,,81.03,,78.3,False,True,False,False,True,False,False,False,False,False,True,recovered_label_after_daily_cache_refresh
600141_2026-06-26,600141,2026-06-29,post,1.0,False,True,,46.5,,49.37,,45.67,False,False,False,False,False,False,False,False,False,False,True,recovered_label_after_daily_cache_refresh
600228_2026-06-29,600228,2026-06-29,d0,,True,True,9.96,9.96,9.17,9.17,8.37,8.37,False,False,True,True,False,True,False,False,False,False,False,unchanged
600379_2026-06-25,600379,2026-06-29,post,2.0,True,True,13.58,13.58,15.74,15.74,15.38,15.38,True,True,False,False,True,False,False,False,False,False,False,unchanged
600584_2026-06-26,600584,2026-06-29,post,1.0,True,True,101.29,101.29,111.11,111.11,106.64,106.64,True,True,False,False,True,False,False,False,False,False,False,unchanged
600667_2026-06-26,600667,2026-06-29,post,1.0,True,True,27.96,27.96,32.1,32.1,32.1,32.1,True,True,False,False,True,False,False,False,False,False,False,unchanged
600909_2026-06-25,600909,2026-06-29,post,2.0,True,True,11.47,11.47,12.22,12.22,12.22,12.22,False,False,False,False,False,False,False,False,False,False,False,unchanged
600962_2026-06-29,600962,2026-06-29,d0,,True,True,29.16,29.16,31.35,31.35,29.35,29.35,True,True,False,False,True,False,False,False,False,False,False,unchanged
603678_2026-06-26,603678,2026-06-29,post,1.0,True,True,80.0,80.0,91.3,91.3,87.5,87.5,True,True,False,False,True,False,False,False,False,False,False,unchanged
603713_2026-06-26,603713,2026-06-29,post,1.0,True,True,72.88,72.88,76.93,76.93,76.65,76.65,False,False,False,False,False,False,False,False,False,False,False,unchanged
603929_2026-06-26,603929,2026-06-29,post,1.0,True,True,276.18,276.18,270.65,270.65,257.81,257.81,False,False,True,True,False,True,False,False,False,False,False,unchanged
603989_2026-06-26,603989,2026-06-29,post,1.0,True,True,53.38,53.38,55.98,55.98,50.85,50.85,False,False,False,False,False,False,False,False,False,False,False,unchanged
605069_2026-06-25,605069,2026-06-29,post,2.0,True,True,15.62,15.62,16.69,16.69,15.83,15.83,False,False,False,False,False,False,False,False,False,False,False,unchanged
000823_2026-06-29,000823,2026-06-30,post,1.0,False,True,,25.65,,24.92,,23.4,False,False,False,True,False,True,False,False,False,False,True,recovered_label_after_daily_cache_refresh
002025_2026-06-26,002025,2026-06-30,post,2.0,True,True,76.2,76.2,87.8,87.8,83.1,83.1,True,True,False,False,True,False,False,False,False,False,False,unchanged
002080_2026-06-26,002080,2026-06-30,post,2.0,True,True,93.0,93.0,86.8,86.8,82.22,82.22,False,False,True,True,False,True,False,False,False,False,False,unchanged
002141_2026-06-29,002141,2026-06-30,post,1.0,True,True,5.17,5.17,4.86,4.86,4.67,4.67,False,False,True,True,False,True,False,False,False,False,False,unchanged
002180_2026-06-30,002180,2026-06-30,d0,,True,True,16.45,16.45,16.77,16.77,16.36,16.36,False,False,False,False,False,False,False,False,False,False,False,unchanged
002568_2026-06-30,002568,2026-06-30,d0,,True,True,16.95,16.95,17.68,17.68,17.14,17.14,False,False,False,False,False,False,False,False,False,False,False,unchanged
002965_2026-06-29,002965,2026-06-30,post,1.0,False,True,,53.5,,52.57,,51.18,False,False,False,False,False,False,False,False,False,False,True,recovered_label_after_daily_cache_refresh
600228_2026-06-29,600228,2026-06-30,post,1.0,True,True,9.0,9.0,8.32,8.32,7.53,7.53,False,False,True,True,False,True,False,False,False,False,False,unchanged
600584_2026-06-26,600584,2026-06-30,post,2.0,True,True,105.5,105.5,101.0,101.0,95.98,95.98,False,False,True,True,False,True,False,False,False,False,False,unchanged
600667_2026-06-26,600667,2026-06-30,post,2.0,True,True,28.86,28.86,31.05,31.05,28.89,28.89,True,True,False,False,True,False,False,False,False,False,False,unchanged
600962_2026-06-29,600962,2026-06-30,post,1.0,True,True,28.71,28.71,29.69,29.69,28.49,28.49,False,False,False,False,False,False,False,False,False,False,False,unchanged
601133_2026-06-30,601133,2026-06-30,d0,,True,True,43.0,43.0,40.3,40.3,37.95,37.95,False,False,True,True,False,True,False,False,False,False,False,unchanged
603155_2026-06-30,603155,2026-06-30,d0,,True,True,27.85,27.85,30.97,30.97,28.76,28.76,True,True,False,False,True,False,False,False,False,False,False,unchanged
603163_2026-06-30,603163,2026-06-30,d0,,True,True,148.0,148.0,143.75,143.75,129.6,129.6,False,False,True,True,False,True,False,False,False,False,False,unchanged
603650_2026-06-30,603650,2026-06-30,d0,,True,True,96.12,96.12,100.68,100.68,97.71,97.71,False,False,False,False,False,False,False,False,False,False,False,unchanged
603678_2026-06-26,603678,2026-06-30,post,2.0,True,True,85.6,85.6,83.0,83.0,81.27,81.27,False,False,True,True,False,True,False,False,False,False,False,unchanged
603713_2026-06-26,603713,2026-06-30,post,2.0,True,True,71.85,71.85,76.31,76.31,72.03,72.03,False,False,False,False,False,False,False,False,False,False,False,unchanged
603929_2026-06-26,603929,2026-06-30,post,2.0,True,True,269.3,269.3,250.0,250.0,234.62,234.62,False,False,True,True,False,True,False,False,False,False,False,unchanged
603956_2026-06-30,603956,2026-06-30,d0,,True,True,6.07,6.07,6.31,6.31,5.88,5.88,False,False,False,False,False,False,False,False,False,False,False,unchanged
603989_2026-06-26,603989,2026-06-30,post,2.0,True,True,54.53,54.53,50.84,50.84,47.63,47.63,False,False,True,True,False,True,False,False,False,False,False,unchanged
000017_2026-07-01,000017,2026-07-01,d0,,True,True,6.08,6.08,6.25,6.25,6.09,6.09,False,False,False,False,False,False,False,False,False,False,False,unchanged
001229_2026-07-01,001229,2026-07-01,d0,,True,True,36.17,36.17,38.63,38.63,35.28,35.28,False,False,False,False,False,False,False,False,False,False,False,unchanged
002141_2026-06-29,002141,2026-07-01,post,2.0,True,True,4.6,4.6,5.14,5.14,5.14,5.14,True,True,False,False,True,False,False,False,False,False,False,unchanged
002180_2026-06-30,002180,2026-07-01,post,1.0,True,True,16.05,16.05,17.04,17.04,16.37,16.37,False,False,False,False,False,False,False,False,False,False,False,unchanged
002208_2026-07-01,002208,2026-07-01,d0,,True,True,19.2,19.2,19.98,19.98,19.22,19.22,False,False,False,False,False,False,False,False,False,False,False,unchanged
002568_2026-06-30,002568,2026-07-01,post,1.0,True,True,17.39,17.39,17.48,17.48,16.86,16.86,False,False,False,False,False,False,False,False,False,False,False,unchanged
002628_2026-07-01,002628,2026-07-01,d0,,True,True,5.47,5.47,5.55,5.55,5.4,5.4,False,False,False,False,False,False,False,False,False,False,False,unchanged
002638_2026-07-01,002638,2026-07-01,d0,,True,True,4.32,4.32,4.22,4.22,4.01,4.01,False,False,True,True,False,True,False,False,False,False,False,unchanged
003043_2026-07-01,003043,2026-07-01,d0,,True,True,97.08,97.08,103.88,103.88,100.07,100.07,True,True,False,False,True,False,False,False,False,False,False,unchanged
600228_2026-06-29,600228,2026-07-01,post,2.0,True,True,8.12,8.12,7.42,7.42,7.21,7.21,False,False,True,True,False,True,False,False,False,False,False,unchanged
600363_2026-07-01,600363,2026-07-01,d0,,True,True,35.22,35.22,37.2,37.2,36.81,36.81,False,False,False,False,False,False,False,False,False,False,False,unchanged
600378_2026-07-01,600378,2026-07-01,d0,,True,True,76.81,76.81,85.8,85.8,76.01,76.01,True,True,False,False,True,False,False,False,False,False,False,unchanged
600707_2026-07-01,600707,2026-07-01,d0,,True,True,16.4,16.4,16.03,16.03,15.02,15.02,False,False,True,True,False,True,False,False,False,False,False,unchanged
600962_2026-06-29,600962,2026-07-01,post,2.0,True,True,28.02,28.02,28.51,28.51,27.0,27.0,False,False,False,False,False,False,False,False,False,False,False,unchanged
601133_2026-06-30,601133,2026-07-01,post,1.0,True,True,38.97,38.97,39.0,39.0,37.38,37.38,False,False,False,False,False,False,False,False,False,False,False,unchanged
603033_2026-07-01,603033,2026-07-01,d0,,True,True,10.1,10.1,10.73,10.73,9.95,9.95,False,False,False,False,False,False,False,False,False,False,False,unchanged
603061_2026-07-01,603061,2026-07-01,d0,,True,True,485.0,485.0,489.1,489.1,472.73,472.73,False,False,False,False,False,False,False,False,False,False,False,unchanged
603155_2026-06-30,603155,2026-07-01,post,1.0,True,True,28.63,28.63,29.0,29.0,26.88,26.88,False,False,True,True,False,True,False,False,False,False,False,unchanged
603163_2026-06-30,603163,2026-07-01,post,1.0,True,True,135.0,135.0,130.7,130.7,125.4,125.4,False,False,True,True,False,True,False,False,False,False,False,unchanged
603222_2026-07-01,603222,2026-07-01,d0,,True,True,8.24,8.24,8.54,8.54,8.16,8.16,False,False,False,False,False,False,False,False,False,False,False,unchanged
603650_2026-06-30,603650,2026-07-01,post,1.0,True,True,87.45,87.45,97.0,97.0,89.08,89.08,True,True,False,False,True,False,False,False,False,False,False,unchanged
603928_2026-07-01,603928,2026-07-01,d0,,True,True,13.42,13.42,15.87,15.87,14.7,14.7,True,True,False,False,True,False,False,False,False,False,False,unchanged
603950_2026-07-01,603950,2026-07-01,d0,,True,True,82.79,82.79,86.94,86.94,83.72,83.72,False,False,False,False,False,False,False,False,False,False,False,unchanged
603956_2026-06-30,603956,2026-07-01,post,1.0,True,True,6.01,6.01,6.47,6.47,6.2,6.2,True,True,False,False,True,False,False,False,False,False,False,unchanged
603983_2026-07-01,603983,2026-07-01,d0,,True,True,28.5,28.5,29.43,29.43,29.16,29.16,False,False,False,False,False,False,False,False,False,False,False,unchanged
000017_2026-07-01,000017,2026-07-02,post,1.0,True,True,6.02,6.02,6.14,6.14,6.03,6.03,False,False,False,False,False,False,False,False,False,False,False,unchanged
000603_2026-07-02,000603,2026-07-02,d0,,True,True,25.45,25.45,26.0,26.0,24.12,24.12,False,False,True,True,False,True,False,False,False,False,False,unchanged
000620_2026-07-02,000620,2026-07-02,d0,,True,True,3.68,3.68,3.85,3.85,3.46,3.46,False,False,True,True,False,True,False,False,False,False,False,unchanged
001229_2026-07-01,001229,2026-07-02,post,1.0,True,True,37.51,37.51,36.16,36.16,35.29,35.29,False,False,True,True,False,True,False,False,False,False,False,unchanged
001331_2026-07-02,001331,2026-07-02,d0,,False,True,62.99,62.99,,66.34,,66.17,False,False,False,False,False,False,False,False,False,False,True,recovered_label_after_daily_cache_refresh
002053_2026-07-02,002053,2026-07-02,d0,,False,True,9.8,9.8,,10.1,,9.55,False,False,False,False,False,False,False,False,False,False,True,recovered_label_after_daily_cache_refresh
002167_2026-07-02,002167,2026-07-02,d0,,True,True,26.1,26.1,26.3,26.3,23.94,23.94,False,False,True,True,False,True,False,False,False,False,False,unchanged
002180_2026-06-30,002180,2026-07-02,post,2.0,False,True,16.38,16.38,,16.88,,16.47,False,False,False,False,False,False,False,False,False,False,True,recovered_label_after_daily_cache_refresh
002208_2026-07-01,002208,2026-07-02,post,1.0,True,True,19.0,19.0,19.27,19.27,18.45,18.45,False,False,False,False,False,False,False,False,False,False,False,unchanged
002273_2026-07-02,002273,2026-07-02,d0,,True,True,39.24,39.24,38.09,38.09,35.55,35.55,False,False,True,True,False,True,False,False,False,False,False,unchanged
002396_2026-07-02,002396,2026-07-02,d0,,True,True,23.4,23.4,25.74,25.74,25.74,25.74,True,True,False,False,True,False,False,False,False,False,False,unchanged
002407_2026-07-02,002407,2026-07-02,d0,,True,True,54.57,54.57,50.9,50.9,45.86,45.86,False,False,True,True,False,True,False,False,False,False,False,unchanged
002568_2026-06-30,002568,2026-07-02,post,2.0,True,True,17.1,17.1,17.16,17.16,16.8,16.8,False,False,False,False,False,False,False,False,False,False,False,unchanged
002628_2026-07-01,002628,2026-07-02,post,1.0,True,True,5.45,5.45,5.49,5.49,5.29,5.29,False,False,False,False,False,False,False,False,False,False,False,unchanged
002638_2026-07-01,002638,2026-07-02,post,1.0,False,True,4.18,4.18,,4.1,,3.9,False,False,False,True,False,True,False,False,False,False,True,recovered_label_after_daily_cache_refresh
002738_2026-07-02,002738,2026-07-02,d0,,False,True,66.05,66.05,,68.18,,63.47,False,False,False,False,False,False,False,False,False,False,True,recovered_label_after_daily_cache_refresh
002747_2026-07-02,002747,2026-07-02,d0,,True,True,42.02,42.02,48.3,48.3,46.03,46.03,True,True,False,False,True,False,False,False,False,False,False,unchanged
002929_2026-07-02,002929,2026-07-02,d0,,True,True,69.65,69.65,69.99,69.99,63.75,63.75,False,False,True,True,False,True,False,False,False,False,False,unchanged
003043_2026-07-01,003043,2026-07-02,post,1.0,False,True,102.0,102.0,,100.87,,93.86,False,False,False,True,False,True,False,False,False,False,True,recovered_label_after_daily_cache_refresh
600076_2026-07-02,600076,2026-07-02,d0,,True,True,3.43,3.43,3.48,3.48,3.33,3.33,False,False,False,False,False,False,False,False,False,False,False,unchanged
600113_2026-07-02,600113,2026-07-02,d0,,True,True,36.5,36.5,35.64,35.64,33.85,33.85,False,False,True,True,False,True,False,False,False,False,False,unchanged
600363_2026-07-01,600363,2026-07-02,post,1.0,False,True,35.8,35.8,,37.18,,34.28,False,False,False,False,False,False,False,False,False,False,True,recovered_label_after_daily_cache_refresh
600378_2026-07-01,600378,2026-07-02,post,1.0,False,True,82.0,82.0,,79.8,,68.41,False,False,False,True,False,True,False,False,False,False,True,recovered_label_after_daily_cache_refresh
600707_2026-07-01,600707,2026-07-02,post,1.0,False,True,15.8,15.8,,15.0,,13.52,False,False,False,True,False,True,False,False,False,False,True,recovered_label_after_daily_cache_refresh
600783_2026-07-02,600783,2026-07-02,d0,,False,True,21.53,21.53,,22.37,,20.05,False,False,False,True,False,True,False,False,False,False,True,recovered_label_after_daily_cache_refresh
601133_2026-06-30,601133,2026-07-02,post,2.0,False,True,37.95,37.95,,38.09,,35.9,False,False,False,True,False,True,False,False,False,False,True,recovered_label_after_daily_cache_refresh
603033_2026-07-01,603033,2026-07-02,post,1.0,False,True,10.44,10.44,,10.95,,10.21,False,False,False,False,False,False,False,False,False,False,True,recovered_label_after_daily_cache_refresh
603061_2026-07-01,603061,2026-07-02,post,1.0,True,True,452.18,452.18,491.71,491.71,462.0,462.0,True,True,False,False,True,False,False,False,False,False,False,unchanged
603120_2026-07-02,603120,2026-07-02,d0,,True,True,60.13,60.13,58.96,58.96,56.12,56.12,False,False,True,True,False,True,False,False,False,False,False,unchanged
603155_2026-06-30,603155,2026-07-02,post,2.0,True,True,28.48,28.48,29.57,29.57,29.57,29.57,False,False,False,False,False,False,False,False,False,False,False,unchanged
603163_2026-06-30,603163,2026-07-02,post,2.0,True,True,129.6,129.6,127.49,127.49,119.12,119.12,False,False,True,True,False,True,False,False,False,False,False,unchanged
603212_2026-07-02,603212,2026-07-02,d0,,True,True,12.9,12.9,12.77,12.77,11.73,11.73,False,False,True,True,False,True,False,False,False,False,False,unchanged
603222_2026-07-01,603222,2026-07-02,post,1.0,True,True,8.28,8.28,8.98,8.98,8.68,8.68,True,True,False,False,True,False,False,False,False,False,False,unchanged
603379_2026-07-02,603379,2026-07-02,d0,,False,True,80.0,80.0,,76.07,,71.45,False,False,False,True,False,True,False,False,False,False,True,recovered_label_after_daily_cache_refresh
603650_2026-06-30,603650,2026-07-02,post,2.0,False,True,94.82,94.82,,92.3,,83.69,False,False,False,True,False,True,False,False,False,False,True,recovered_label_after_daily_cache_refresh
603950_2026-07-01,603950,2026-07-02,post,1.0,True,True,81.45,81.45,92.09,92.09,88.46,88.46,True,True,False,False,True,False,False,False,False,False,False,unchanged
603956_2026-06-30,603956,2026-07-02,post,2.0,True,True,5.87,5.87,6.25,6.25,6.02,6.02,False,False,False,False,False,False,False,False,False,False,False,unchanged
603983_2026-07-01,603983,2026-07-02,post,1.0,False,True,27.52,27.52,,31.3,,31.12,False,True,False,False,True,False,False,False,False,False,True,recovered_label_after_daily_cache_refresh
603991_2026-07-02,603991,2026-07-02,d0,,True,True,152.83,152.83,158.28,158.28,153.59,153.59,False,False,False,False,False,False,False,False,False,False,False,unchanged
000017_2026-07-01,000017,2026-07-03,post,2.0,True,True,5.96,5.96,6.1,6.1,6.03,6.03,False,False,False,False,False,False,False,False,False,False,False,unchanged
000520_2026-07-03,000520,2026-07-03,d0,,False,True,4.66,4.66,,4.79,,4.59,False,False,False,False,False,False,False,False,False,False,True,recovered_label_after_daily_cache_refresh
000536_2026-07-03,000536,2026-07-03,d0,,False,True,3.91,3.91,,3.78,,3.5,False,False,False,True,False,True,False,False,False,False,True,recovered_label_after_daily_cache_refresh
000601_2026-07-03,000601,2026-07-03,d0,,False,True,6.66,6.66,,7.0,,6.59,False,False,False,False,False,False,False,False,False,False,True,recovered_label_after_daily_cache_refresh
000603_2026-07-02,000603,2026-07-03,post,1.0,True,True,24.53,24.53,24.01,24.01,22.35,22.35,False,False,True,True,False,True,False,False,False,False,False,unchanged
000620_2026-07-02,000620,2026-07-03,post,1.0,True,True,3.75,3.75,3.58,3.58,3.33,3.33,False,False,True,True,False,True,False,False,False,False,False,unchanged
001229_2026-07-01,001229,2026-07-03,post,2.0,True,True,35.96,35.96,38.82,38.82,38.82,38.82,True,True,False,False,True,False,False,False,False,False,False,unchanged
001313_2026-07-03,001313,2026-07-03,d0,,False,True,7.89,7.89,,8.11,,8.07,False,False,False,False,False,False,False,False,False,False,True,recovered_label_after_daily_cache_refresh
001331_2026-07-02,001331,2026-07-03,post,1.0,False,True,,62.86,,68.0,,61.0,False,True,False,False,True,False,False,False,False,False,True,recovered_label_after_daily_cache_refresh
002053_2026-07-02,002053,2026-07-03,post,1.0,False,True,,9.7,,9.53,,9.17,False,False,False,True,False,True,False,False,False,False,True,recovered_label_after_daily_cache_refresh
002167_2026-07-02,002167,2026-07-03,post,1.0,True,True,25.38,25.38,24.45,24.45,22.33,22.33,False,False,True,True,False,True,False,False,False,False,False,unchanged
002208_2026-07-01,002208,2026-07-03,post,2.0,True,True,18.96,18.96,18.46,18.46,17.66,17.66,False,False,True,True,False,True,False,False,False,False,False,unchanged
002273_2026-07-02,002273,2026-07-03,post,1.0,True,True,36.06,36.06,35.88,35.88,34.17,34.17,False,False,True,True,False,True,False,False,False,False,False,unchanged
002407_2026-07-02,002407,2026-07-03,post,1.0,True,True,48.51,48.51,47.17,47.17,45.35,45.35,False,False,True,True,False,True,False,False,False,False,False,unchanged
002458_2026-07-03,002458,2026-07-03,d0,,False,True,9.0,9.0,,9.22,,8.67,False,False,False,False,False,False,False,False,False,False,True,recovered_label_after_daily_cache_refresh
002559_2026-07-03,002559,2026-07-03,d0,,False,True,14.32,14.32,,13.79,,13.15,False,False,False,True,False,True,False,False,False,False,True,recovered_label_after_daily_cache_refresh
002628_2026-07-01,002628,2026-07-03,post,2.0,True,True,5.47,5.47,5.53,5.53,5.32,5.32,False,False,False,False,False,False,False,False,False,False,False,unchanged
002638_2026-07-01,002638,2026-07-03,post,2.0,False,True,,4.06,,3.96,,3.87,False,False,False,False,False,False,False,False,False,False,True,recovered_label_after_daily_cache_refresh
002738_2026-07-02,002738,2026-07-03,post,1.0,False,True,,64.69,,65.9,,61.05,False,False,False,True,False,True,False,False,False,False,True,recovered_label_after_daily_cache_refresh
002826_2026-07-03,002826,2026-07-03,d0,,False,True,17.92,17.92,,18.49,,17.23,False,False,False,False,False,False,False,False,False,False,True,recovered_label_after_daily_cache_refresh
002929_2026-07-02,002929,2026-07-03,post,1.0,True,True,68.99,68.99,64.37,64.37,59.63,59.63,False,False,True,True,False,True,False,False,False,False,False,unchanged
002971_2026-07-03,002971,2026-07-03,d0,,False,True,69.14,69.14,,64.51,,60.94,False,False,False,True,False,True,False,False,False,False,True,recovered_label_after_daily_cache_refresh
003043_2026-07-01,003043,2026-07-03,post,2.0,False,True,,99.45,,100.58,,96.73,False,False,False,False,False,False,False,False,False,False,True,recovered_label_after_daily_cache_refresh
600076_2026-07-02,600076,2026-07-03,post,1.0,True,True,3.38,3.38,3.66,3.66,3.49,3.49,True,True,False,False,True,False,False,False,False,False,False,unchanged
600113_2026-07-02,600113,2026-07-03,post,1.0,True,True,34.39,34.39,33.92,33.92,31.58,31.58,False,False,True,True,False,True,False,False,False,False,False,unchanged
600363_2026-07-01,600363,2026-07-03,post,2.0,False,True,,37.11,,34.58,,33.04,False,False,False,True,False,True,False,False,False,False,True,recovered_label_after_daily_cache_refresh
600378_2026-07-01,600378,2026-07-03,post,2.0,False,True,,76.88,,68.41,,65.57,False,False,False,True,False,True,False,False,False,False,True,recovered_label_after_daily_cache_refresh
600641_2026-07-03,600641,2026-07-03,d0,,True,True,46.36,46.36,45.88,45.88,44.35,44.35,False,False,False,False,False,False,False,False,False,False,False,unchanged
600707_2026-07-01,600707,2026-07-03,post,2.0,False,True,,14.9,,13.67,,12.95,False,False,False,True,False,True,False,False,False,False,True,recovered_label_after_daily_cache_refresh
600783_2026-07-02,600783,2026-07-03,post,1.0,False,True,,22.04,,20.2,,19.04,False,False,False,True,False,True,False,False,False,False,True,recovered_label_after_daily_cache_refresh
603033_2026-07-01,603033,2026-07-03,post,2.0,False,True,,10.14,,10.35,,9.19,False,False,False,True,False,True,False,False,False,False,True,recovered_label_after_daily_cache_refresh
603061_2026-07-01,603061,2026-07-03,post,2.0,True,True,472.73,472.73,461.5,461.5,448.49,448.49,False,False,True,True,False,True,False,False,False,False,False,unchanged
603120_2026-07-02,603120,2026-07-03,post,1.0,True,True,57.98,57.98,57.7,57.7,55.24,55.24,False,False,False,False,False,False,False,False,False,False,False,unchanged
603212_2026-07-02,603212,2026-07-03,post,1.0,True,True,12.54,12.54,12.1,12.1,11.59,11.59,False,False,True,True,False,True,False,False,False,False,False,unchanged
603222_2026-07-01,603222,2026-07-03,post,2.0,True,True,8.15,8.15,8.7,8.7,8.66,8.66,False,False,False,False,False,False,False,False,False,False,False,unchanged
603379_2026-07-02,603379,2026-07-03,post,1.0,False,True,,75.15,,73.3,,70.29,False,False,False,True,False,True,False,False,False,False,True,recovered_label_after_daily_cache_refresh
603505_2026-07-03,603505,2026-07-03,d0,,False,True,22.09,22.09,,20.45,,19.34,False,False,False,True,False,True,False,False,False,False,True,recovered_label_after_daily_cache_refresh
603538_2026-07-03,603538,2026-07-03,d0,,True,True,37.61,37.61,45.74,45.74,43.7,43.7,True,True,False,False,True,False,False,False,False,False,False,unchanged
603928_2026-07-01,603928,2026-07-03,post,2.0,True,True,14.67,14.67,15.8,15.8,14.87,14.87,True,True,False,False,True,False,False,False,False,False,False,unchanged
603950_2026-07-01,603950,2026-07-03,post,2.0,True,True,86.23,86.23,90.01,90.01,83.51,83.51,False,False,False,False,False,False,False,False,False,False,False,unchanged
603983_2026-07-01,603983,2026-07-03,post,2.0,False,True,,28.49,,31.96,,30.95,False,True,False,False,True,False,False,False,False,False,True,recovered_label_after_daily_cache_refresh
603991_2026-07-02,603991,2026-07-03,post,1.0,True,True,155.08,155.08,159.5,159.5,154.69,154.69,False,False,False,False,False,False,False,False,False,False,False,unchanged
605488_2026-07-03,605488,2026-07-03,d0,,False,True,33.8,33.8,,33.5,,31.45,False,False,False,True,False,True,False,False,False,False,True,recovered_label_after_daily_cache_refresh
000506_2026-07-06,000506,2026-07-06,d0,,True,True,11.8,11.8,13.42,13.42,13.42,13.42,True,True,False,False,True,False,False,False,False,False,False,unchanged
000520_2026-07-03,000520,2026-07-06,post,1.0,False,True,,4.79,,4.63,,4.4,False,False,False,True,False,True,False,False,False,False,True,recovered_label_after_daily_cache_refresh
000536_2026-07-03,000536,2026-07-06,post,1.0,False,True,,3.73,,3.53,,3.43,False,False,False,True,False,True,False,False,False,False,True,recovered_label_after_daily_cache_refresh
000576_2026-07-06,000576,2026-07-06,d0,,False,True,7.55,7.55,,7.38,,6.97,False,False,False,True,False,True,False,False,False,False,True,recovered_label_after_daily_cache_refresh
000595_2026-07-06,000595,2026-07-06,d0,,True,True,6.11,6.11,5.85,5.85,5.58,5.58,False,False,True,True,False,True,False,False,False,False,False,unchanged
000601_2026-07-03,000601,2026-07-06,post,1.0,False,True,,6.9,,6.52,,6.13,False,False,False,True,False,True,False,False,False,False,True,recovered_label_after_daily_cache_refresh
000603_2026-07-02,000603,2026-07-06,post,2.0,True,True,24.0,24.0,23.17,23.17,22.07,22.07,False,False,True,True,False,True,False,False,False,False,False,unchanged
000620_2026-07-02,000620,2026-07-06,post,2.0,True,True,3.48,3.48,3.41,3.41,3.17,3.17,False,False,True,True,False,True,False,False,False,False,False,unchanged
000908_2026-07-06,000908,2026-07-06,d0,,True,True,6.91,6.91,7.19,7.19,6.97,6.97,False,False,False,False,False,False,False,False,False,False,False,unchanged
001313_2026-07-03,001313,2026-07-06,post,1.0,False,True,,8.03,,8.13,,7.83,False,False,False,False,False,False,False,False,False,False,True,recovered_label_after_daily_cache_refresh
001317_2026-07-06,001317,2026-07-06,d0,,True,True,42.37,42.37,46.7,46.7,43.68,43.68,True,True,False,False,True,False,False,False,False,False,False,unchanged
002167_2026-07-02,002167,2026-07-06,post,2.0,True,True,23.94,23.94,22.65,22.65,20.1,20.1,False,False,True,True,False,True,False,False,False,False,False,unchanged
002273_2026-07-02,002273,2026-07-06,post,2.0,True,True,35.27,35.27,34.75,34.75,32.04,32.04,False,False,True,True,False,True,False,False,False,False,False,unchanged
002407_2026-07-02,002407,2026-07-06,post,2.0,True,True,46.24,46.24,46.17,46.17,42.12,42.12,False,False,True,True,False,True,False,False,False,False,False,unchanged
002458_2026-07-03,002458,2026-07-06,post,1.0,False,True,,9.06,,8.95,,8.44,False,False,False,True,False,True,False,False,False,False,True,recovered_label_after_daily_cache_refresh
002559_2026-07-03,002559,2026-07-06,post,1.0,False,True,,12.95,,13.15,,12.05,False,False,False,True,False,True,False,False,False,False,True,recovered_label_after_daily_cache_refresh
002747_2026-07-02,002747,2026-07-06,post,2.0,False,True,45.69,45.69,,46.3,,44.1,False,False,False,False,False,False,False,False,False,False,True,recovered_label_after_daily_cache_refresh
002826_2026-07-03,002826,2026-07-06,post,1.0,False,True,,18.47,,17.49,,16.73,False,False,False,True,False,True,False,False,False,False,True,recovered_label_after_daily_cache_refresh
002929_2026-07-02,002929,2026-07-06,post,2.0,True,True,64.3,64.3,60.76,60.76,58.14,58.14,False,False,True,True,False,True,False,False,False,False,False,unchanged
002971_2026-07-03,002971,2026-07-06,post,1.0,False,True,,61.36,,61.58,,57.33,False,False,False,True,False,True,False,False,False,False,True,recovered_label_after_daily_cache_refresh
002979_2026-07-06,002979,2026-07-06,d0,,True,True,72.85,72.85,68.58,68.58,64.12,64.12,False,False,True,True,False,True,False,False,False,False,False,unchanged
600076_2026-07-02,600076,2026-07-06,post,2.0,True,True,3.35,3.35,3.41,3.41,3.16,3.16,False,False,True,True,False,True,False,False,False,False,False,unchanged
600113_2026-07-02,600113,2026-07-06,post,2.0,True,True,33.81,33.81,32.78,32.78,29.99,29.99,False,False,True,True,False,True,False,False,False,False,False,unchanged
600641_2026-07-03,600641,2026-07-06,post,1.0,True,True,42.98,42.98,44.82,44.82,41.58,41.58,False,False,False,False,False,False,False,False,False,False,False,unchanged
600988_2026-07-06,600988,2026-07-06,d0,,True,True,30.31,30.31,32.05,32.05,31.32,31.32,False,False,False,False,False,False,False,False,False,False,False,unchanged
603120_2026-07-02,603120,2026-07-06,post,2.0,True,True,55.0,55.0,55.0,55.0,50.5,50.5,False,False,True,True,False,True,False,False,False,False,False,unchanged
603212_2026-07-02,603212,2026-07-06,post,2.0,True,True,11.8,11.8,11.68,11.68,11.13,11.13,False,False,True,True,False,True,False,False,False,False,False,unchanged
603286_2026-07-06,603286,2026-07-06,d0,,True,True,54.57,54.57,54.2,54.2,48.79,48.79,False,False,True,True,False,True,False,False,False,False,False,unchanged
603338_2026-07-06,603338,2026-07-06,d0,,False,True,53.0,53.0,,53.2,,51.98,False,False,False,False,False,False,False,False,False,False,True,recovered_label_after_daily_cache_refresh
603505_2026-07-03,603505,2026-07-06,post,1.0,False,True,,19.99,,19.42,,17.88,False,False,False,True,False,True,False,False,False,False,True,recovered_label_after_daily_cache_refresh
603538_2026-07-03,603538,2026-07-06,post,1.0,True,True,42.7,42.7,43.69,43.69,39.33,39.33,False,False,True,True,False,True,False,False,False,False,False,unchanged
603559_2026-07-06,603559,2026-07-06,d0,,True,True,8.82,8.82,8.5,8.5,8.05,8.05,False,False,True,True,False,True,False,False,False,False,False,unchanged
603580_2026-07-06,603580,2026-07-06,d0,,True,True,33.75,33.75,37.13,37.13,37.13,37.13,True,True,False,False,True,False,False,False,False,False,False,unchanged
603717_2026-07-06,603717,2026-07-06,d0,,False,True,6.83,6.83,,6.73,,6.29,False,False,False,True,False,True,False,False,False,False,True,recovered_label_after_daily_cache_refresh
603991_2026-07-02,603991,2026-07-06,post,2.0,True,True,151.3,151.3,159.0,159.0,151.87,151.87,False,False,False,False,False,False,False,False,False,False,False,unchanged
605189_2026-07-06,605189,2026-07-06,d0,,True,True,15.31,15.31,14.66,14.66,13.8,13.8,False,False,True,True,False,True,False,False,False,False,False,unchanged
605488_2026-07-03,605488,2026-07-06,post,1.0,False,True,,32.6,,31.49,,30.17,False,False,False,True,False,True,False,False,False,False,True,recovered_label_after_daily_cache_refresh
000506_2026-07-06,000506,2026-07-07,post,1.0,True,True,12.21,12.21,13.52,13.52,13.41,13.41,True,True,False,False,True,False,False,False,False,False,False,unchanged
000576_2026-07-06,000576,2026-07-07,post,1.0,False,True,,7.35,,7.26,,6.98,False,False,False,True,False,True,False,False,False,False,True,recovered_label_after_daily_cache_refresh
000595_2026-07-06,000595,2026-07-07,post,1.0,True,True,5.85,5.85,5.74,5.74,5.5,5.5,False,False,True,True,False,True,False,False,False,False,False,unchanged
000656_2026-07-07,000656,2026-07-07,d0,,True,True,1.31,1.31,1.36,1.36,1.28,1.28,False,False,False,False,False,False,False,False,False,False,False,unchanged
000908_2026-07-06,000908,2026-07-07,post,1.0,True,True,6.62,6.62,7.16,7.16,6.69,6.69,True,True,False,False,True,False,False,False,False,False,False,unchanged
001317_2026-07-06,001317,2026-07-07,post,1.0,True,True,45.28,45.28,44.88,44.88,43.13,43.13,False,False,False,False,False,False,False,False,False,False,False,unchanged
002141_2026-07-07,002141,2026-07-07,d0,,True,True,5.8,5.8,5.65,5.65,5.35,5.35,False,False,True,True,False,True,False,False,False,False,False,unchanged
002396_2026-07-07,002396,2026-07-07,d0,,True,True,27.66,27.66,29.2,29.2,28.96,28.96,False,False,False,False,False,False,False,False,False,False,False,unchanged
002767_2026-07-07,002767,2026-07-07,d0,,True,True,18.49,18.49,18.88,18.88,18.66,18.66,False,False,False,False,False,False,False,False,False,False,False,unchanged
002979_2026-07-06,002979,2026-07-07,post,1.0,True,True,67.82,67.82,65.94,65.94,65.14,65.14,False,False,False,False,False,False,False,False,False,False,False,unchanged
600641_2026-07-03,600641,2026-07-07,post,2.0,True,True,44.08,44.08,43.39,43.39,43.24,43.24,False,False,False,False,False,False,False,False,False,False,False,unchanged
600988_2026-07-06,600988,2026-07-07,post,1.0,True,True,30.03,30.03,31.49,31.49,31.35,31.35,False,False,False,False,False,False,False,False,False,False,False,unchanged
603211_2026-07-07,603211,2026-07-07,d0,,True,True,36.65,36.65,36.38,36.38,34.44,34.44,False,False,True,True,False,True,False,False,False,False,False,unchanged
603286_2026-07-06,603286,2026-07-07,post,1.0,True,True,54.03,54.03,49.9,49.9,48.79,48.79,False,False,True,True,False,True,False,False,False,False,False,unchanged
603338_2026-07-06,603338,2026-07-07,post,1.0,False,True,,53.0,,52.58,,51.82,False,False,False,False,False,False,False,False,False,False,True,recovered_label_after_daily_cache_refresh
603538_2026-07-03,603538,2026-07-07,post,2.0,True,True,43.53,43.53,29.79,29.79,28.07,28.07,False,False,True,True,False,True,False,False,False,False,False,unchanged
603559_2026-07-06,603559,2026-07-07,post,1.0,True,True,8.3,8.3,8.18,8.18,7.98,7.98,False,False,False,False,False,False,False,False,False,False,False,unchanged
603717_2026-07-06,603717,2026-07-07,post,1.0,False,True,,6.68,,6.49,,6.37,False,False,False,False,False,False,False,False,False,False,True,recovered_label_after_daily_cache_refresh
603722_2026-07-07,603722,2026-07-07,d0,,True,True,41.0,41.0,41.86,41.86,38.15,38.15,False,False,True,True,False,True,False,False,False,False,False,unchanged
605189_2026-07-06,605189,2026-07-07,post,1.0,True,True,14.47,14.47,13.83,13.83,13.7,13.7,False,False,True,True,False,True,False,False,False,False,False,unchanged
000595_2026-07-06,000595,2026-07-08,post,2.0,True,True,5.49,5.49,5.71,5.71,5.64,5.64,False,False,False,False,False,False,False,False,False,False,False,unchanged
000656_2026-07-07,000656,2026-07-08,post,1.0,True,True,1.35,1.35,1.34,1.34,1.31,1.31,False,False,False,False,False,False,False,False,False,False,False,unchanged
000908_2026-07-06,000908,2026-07-08,post,2.0,True,True,6.7,6.7,7.06,7.06,6.75,6.75,False,False,False,False,False,False,False,False,False,False,False,unchanged
001317_2026-07-06,001317,2026-07-08,post,2.0,True,True,43.43,43.43,46.27,46.27,44.79,44.79,False,False,False,False,False,False,False,False,False,False,False,unchanged
002141_2026-07-07,002141,2026-07-08,post,1.0,True,True,5.55,5.55,5.48,5.48,5.15,5.15,False,False,True,True,False,True,False,False,False,False,False,unchanged
002767_2026-07-07,002767,2026-07-08,post,1.0,True,True,17.72,17.72,18.8,18.8,18.2,18.2,False,False,False,False,False,False,False,False,False,False,False,unchanged
002979_2026-07-06,002979,2026-07-08,post,2.0,True,True,64.81,64.81,70.5,70.5,66.01,66.01,True,True,False,False,True,False,False,False,False,False,False,unchanged
600246_2026-07-08,600246,2026-07-08,d0,,True,True,19.36,19.36,21.31,21.31,19.8,19.8,True,True,False,False,True,False,False,False,False,False,False,unchanged
600988_2026-07-06,600988,2026-07-08,post,2.0,True,True,29.9,29.9,33.64,33.64,32.84,32.84,True,True,False,False,True,False,False,False,False,False,False,unchanged
603211_2026-07-07,603211,2026-07-08,post,1.0,True,True,35.0,35.0,37.88,37.88,37.88,37.88,True,True,False,False,True,False,False,False,False,False,False,unchanged
603286_2026-07-06,603286,2026-07-08,post,2.0,True,True,49.9,49.9,53.67,53.67,53.67,53.67,True,True,False,False,True,False,False,False,False,False,False,unchanged
603559_2026-07-06,603559,2026-07-08,post,2.0,True,True,7.99,7.99,8.78,8.78,8.78,8.78,True,True,False,False,True,False,False,False,False,False,False,unchanged
603722_2026-07-07,603722,2026-07-08,post,1.0,True,True,39.95,39.95,41.38,41.38,37.46,37.46,False,False,True,True,False,True,False,False,False,False,False,unchanged
603823_2026-07-08,603823,2026-07-08,d0,,True,True,68.82,68.82,72.27,72.27,66.16,66.16,False,False,False,False,False,False,False,False,False,False,False,unchanged
603861_2026-07-08,603861,2026-07-08,d0,,True,True,13.03,13.03,13.59,13.59,13.04,13.04,False,False,False,False,False,False,False,False,False,False,False,unchanged
605189_2026-07-06,605189,2026-07-08,post,2.0,True,True,13.69,13.69,14.05,14.05,13.97,13.97,False,False,False,False,False,False,False,False,False,False,False,unchanged
000656_2026-07-07,000656,2026-07-09,post,2.0,False,True,1.26,1.26,,1.31,,1.24,False,False,False,False,False,False,False,False,False,False,True,recovered_label_after_daily_cache_refresh
001229_2026-07-09,001229,2026-07-09,d0,,True,True,46.1,46.1,49.6,49.6,46.74,46.74,True,True,False,False,True,False,False,False,False,False,False,unchanged
002141_2026-07-07,002141,2026-07-09,post,2.0,True,True,5.22,5.22,5.18,5.18,4.64,4.64,False,False,True,True,False,True,False,False,False,False,False,unchanged
002396_2026-07-07,002396,2026-07-09,post,2.0,True,True,28.6,28.6,30.22,30.22,28.99,28.99,False,False,False,False,False,False,False,False,False,False,False,unchanged
002767_2026-07-07,002767,2026-07-09,post,2.0,False,True,18.45,18.45,,18.37,,17.24,False,False,False,True,False,True,False,False,False,False,True,recovered_label_after_daily_cache_refresh
002951_2026-07-09,002951,2026-07-09,d0,,True,True,14.93,14.93,14.38,14.38,13.06,13.06,False,False,True,True,False,True,False,False,False,False,False,unchanged
600094_2026-07-09,600094,2026-07-09,d0,,False,True,3.91,3.91,,4.02,,3.76,False,False,False,False,False,False,False,False,False,False,True,recovered_label_after_daily_cache_refresh
600246_2026-07-08,600246,2026-07-09,post,1.0,False,True,20.3,20.3,,21.29,,19.91,False,False,False,False,False,False,False,False,False,False,True,recovered_label_after_daily_cache_refresh
600288_2026-07-09,600288,2026-07-09,d0,,False,True,16.53,16.53,,17.35,,16.64,False,False,False,False,False,False,False,False,False,False,True,recovered_label_after_daily_cache_refresh
603211_2026-07-07,603211,2026-07-09,post,2.0,True,True,33.92,33.92,37.69,37.69,34.02,34.02,True,True,False,False,True,False,False,False,False,False,False,unchanged
603722_2026-07-07,603722,2026-07-09,post,2.0,False,True,38.06,38.06,,37.17,,33.71,False,False,False,True,False,True,False,False,False,False,True,recovered_label_after_daily_cache_refresh
603823_2026-07-08,603823,2026-07-09,post,1.0,True,True,67.38,67.38,69.27,69.27,66.0,66.0,False,False,False,False,False,False,False,False,False,False,False,unchanged
603861_2026-07-08,603861,2026-07-09,post,1.0,True,True,13.4,13.4,13.34,13.34,12.62,12.62,False,False,True,True,False,True,False,False,False,False,False,unchanged
000977_2026-07-10,000977,2026-07-10,d0,,False,True,91.0,91.0,,88.38,,84.95,False,False,False,True,False,True,False,False,False,False,True,recovered_label_after_daily_cache_refresh
001229_2026-07-09,001229,2026-07-10,post,1.0,True,True,44.76,44.76,46.98,46.98,42.07,42.07,False,False,True,True,False,True,False,False,False,False,False,unchanged
002490_2026-07-10,002490,2026-07-10,d0,,True,True,7.7,7.7,9.07,9.07,9.05,9.05,True,True,False,False,True,False,False,False,False,False,False,unchanged
002841_2026-07-10,002841,2026-07-10,d0,,False,True,51.51,51.51,,52.3,,51.6,False,False,False,False,False,False,False,False,False,False,True,recovered_label_after_daily_cache_refresh
002951_2026-07-09,002951,2026-07-10,post,1.0,True,True,14.38,14.38,12.75,12.75,12.69,12.69,False,False,True,True,False,True,False,False,False,False,False,unchanged
600094_2026-07-09,600094,2026-07-10,post,1.0,False,True,,3.95,,3.88,,3.85,False,False,False,False,False,False,False,False,False,False,True,recovered_label_after_daily_cache_refresh
600246_2026-07-08,600246,2026-07-10,post,2.0,False,True,,19.29,,20.48,,19.17,False,False,False,False,False,False,False,False,False,False,True,recovered_label_after_daily_cache_refresh
600288_2026-07-09,600288,2026-07-10,post,1.0,False,True,,16.51,,17.35,,17.18,False,False,False,False,False,False,False,False,False,False,True,recovered_label_after_daily_cache_refresh
603823_2026-07-08,603823,2026-07-10,post,2.0,True,True,64.3,64.3,67.5,67.5,66.48,66.48,False,False,False,False,False,False,False,False,False,False,False,unchanged
603861_2026-07-08,603861,2026-07-10,post,2.0,True,True,12.9,12.9,12.83,12.83,12.36,12.36,False,False,False,False,False,False,False,False,False,False,False,unchanged
603928_2026-07-10,603928,2026-07-10,d0,,True,True,16.94,16.94,16.3,16.3,15.23,15.23,False,False,True,True,False,True,False,False,False,False,False,unchanged
000887_2026-07-13,000887,2026-07-13,d0,,False,True,19.94,19.94,,19.63,,19.25,False,False,False,False,False,False,False,False,False,False,True,recovered_label_after_daily_cache_refresh
000892_2026-07-13,000892,2026-07-13,d0,,True,True,4.05,4.05,3.52,3.52,3.52,3.52,False,False,True,True,False,True,False,False,False,False,False,unchanged
000977_2026-07-10,000977,2026-07-13,post,1.0,False,True,,88.0,,88.86,,84.7,False,False,False,False,False,False,False,False,False,False,True,recovered_label_after_daily_cache_refresh
001229_2026-07-09,001229,2026-07-13,post,2.0,True,True,45.89,45.89,43.3,43.3,40.08,40.08,False,False,True,True,False,True,False,False,False,False,False,unchanged
002346_2026-07-13,002346,2026-07-13,d0,,True,True,20.34,20.34,21.19,21.19,20.16,20.16,False,False,False,False,False,False,False,False,False,False,False,unchanged
002414_2026-07-13,002414,2026-07-13,d0,,False,True,13.79,13.79,,13.77,,13.32,False,False,False,False,False,False,False,False,False,False,True,recovered_label_after_daily_cache_refresh
002490_2026-07-10,002490,2026-07-13,post,1.0,True,True,8.38,8.38,8.59,8.59,8.15,8.15,False,False,False,False,False,False,False,False,False,False,False,unchanged
002829_2026-07-13,002829,2026-07-13,d0,,True,True,19.0,19.0,18.16,18.16,17.13,17.13,False,False,True,True,False,True,False,False,False,False,False,unchanged
002841_2026-07-10,002841,2026-07-13,post,1.0,False,True,,51.0,,52.1,,48.19,False,False,False,True,False,True,False,False,False,False,True,recovered_label_after_daily_cache_refresh
002951_2026-07-09,002951,2026-07-13,post,2.0,True,True,12.14,12.14,13.0,13.0,12.69,12.69,True,True,False,False,True,False,False,False,False,False,False,unchanged
603898_2026-07-13,603898,2026-07-13,d0,,False,True,14.83,14.83,,14.3,,13.84,False,False,False,True,False,True,False,False,False,False,True,recovered_label_after_daily_cache_refresh
603928_2026-07-10,603928,2026-07-13,post,1.0,True,True,16.0,16.0,15.38,15.38,13.71,13.71,False,False,True,True,False,True,False,False,False,False,False,unchanged
000887_2026-07-13,000887,2026-07-14,post,1.0,False,True,,19.45,,19.31,,18.79,False,False,False,False,False,False,False,False,False,False,True,recovered_label_after_daily_cache_refresh
000892_2026-07-13,000892,2026-07-14,post,1.0,True,True,3.52,3.52,3.87,3.87,3.87,3.87,True,True,False,False,True,False,False,False,False,False,False,unchanged
000920_2026-07-14,000920,2026-07-14,d0,,True,True,13.9,13.9,14.15,14.15,14.15,14.15,False,False,False,False,False,False,False,False,False,False,False,unchanged
001395_2026-07-14,001395,2026-07-14,d0,,True,True,28.84,28.84,32.7,32.7,32.43,32.43,True,True,False,False,True,False,False,False,False,False,False,unchanged
002346_2026-07-13,002346,2026-07-14,post,1.0,True,True,20.8,20.8,21.11,21.11,20.49,20.49,False,False,False,False,False,False,False,False,False,False,False,unchanged
002414_2026-07-13,002414,2026-07-14,post,1.0,False,True,,13.52,,13.74,,13.49,False,False,False,False,False,False,False,False,False,False,True,recovered_label_after_daily_cache_refresh
002490_2026-07-10,002490,2026-07-14,post,2.0,True,True,8.15,8.15,7.99,7.99,7.56,7.56,False,False,True,True,False,True,False,False,False,False,False,unchanged
002829_2026-07-13,002829,2026-07-14,post,1.0,True,True,16.6,16.6,18.84,18.84,18.84,18.84,True,True,False,False,True,False,False,False,False,False,False,unchanged
003020_2026-07-14,003020,2026-07-14,d0,,True,True,18.72,18.72,21.9,21.9,19.72,19.72,True,True,False,False,True,False,False,False,False,False,False,unchanged
600513_2026-07-14,600513,2026-07-14,d0,,True,True,16.99,16.99,19.0,19.0,17.28,17.28,True,True,False,False,True,False,False,False,False,False,False,unchanged
600629_2026-07-14,600629,2026-07-14,d0,,True,True,13.67,13.67,14.07,14.07,13.57,13.57,False,False,False,False,False,False,False,False,False,False,False,unchanged
600992_2026-07-14,600992,2026-07-14,d0,,True,True,10.28,10.28,11.56,11.56,10.65,10.65,True,True,False,False,True,False,False,False,False,False,False,unchanged
601608_2026-07-14,601608,2026-07-14,d0,,True,True,4.9,4.9,5.01,5.01,4.8,4.8,False,False,False,False,False,False,False,False,False,False,False,unchanged
603898_2026-07-13,603898,2026-07-14,post,1.0,False,True,,14.1,,13.87,,13.29,False,False,False,True,False,True,False,False,False,False,True,recovered_label_after_daily_cache_refresh
603928_2026-07-10,603928,2026-07-14,post,2.0,True,True,15.02,15.02,13.08,13.08,12.34,12.34,False,False,True,True,False,True,False,False,False,False,False,unchanged
605090_2026-07-14,605090,2026-07-14,d0,,True,True,38.52,38.52,39.7,39.7,37.82,37.82,False,False,False,False,False,False,False,False,False,False,False,unchanged
000892_2026-07-13,000892,2026-07-15,post,2.0,True,True,3.48,3.48,4.05,4.05,3.59,3.59,True,True,False,False,True,False,False,False,False,False,False,unchanged
000920_2026-07-14,000920,2026-07-15,post,1.0,True,True,12.71,12.71,15.24,15.24,14.0,14.0,True,True,False,False,True,False,False,False,False,False,False,unchanged
001395_2026-07-14,001395,2026-07-15,post,1.0,True,True,29.5,29.5,34.54,34.54,33.85,33.85,True,True,False,False,True,False,False,False,False,False,False,unchanged
002346_2026-07-13,002346,2026-07-15,post,2.0,True,True,19.53,19.53,20.34,20.34,18.44,18.44,False,False,True,True,False,True,False,False,False,False,False,unchanged
002379_2026-07-15,002379,2026-07-15,d0,,True,True,18.19,18.19,18.86,18.86,18.09,18.09,False,False,False,False,False,False,False,False,False,False,False,unchanged
002829_2026-07-13,002829,2026-07-15,post,2.0,True,True,16.81,16.81,20.72,20.72,20.72,20.72,True,True,False,False,True,False,False,False,False,False,False,unchanged
003020_2026-07-14,003020,2026-07-15,post,1.0,True,True,20.62,20.62,18.97,18.97,17.75,17.75,False,False,True,True,False,True,False,False,False,False,False,unchanged
600513_2026-07-14,600513,2026-07-15,post,1.0,True,True,18.57,18.57,18.14,18.14,16.89,16.89,False,False,True,True,False,True,False,False,False,False,False,unchanged
600629_2026-07-14,600629,2026-07-15,post,1.0,True,True,13.62,13.62,13.89,13.89,12.41,12.41,False,False,True,True,False,True,False,False,False,False,False,unchanged
600992_2026-07-14,600992,2026-07-15,post,1.0,True,True,10.96,10.96,11.72,11.72,11.72,11.72,False,False,False,False,False,False,False,False,False,False,False,unchanged
601608_2026-07-14,601608,2026-07-15,post,1.0,True,True,4.9,4.9,4.76,4.76,4.5,4.5,False,False,True,True,False,True,False,False,False,False,False,unchanged
603065_2026-07-15,603065,2026-07-15,d0,,True,True,19.07,19.07,17.16,17.16,17.16,17.16,False,False,True,True,False,True,False,False,False,False,False,unchanged
605090_2026-07-14,605090,2026-07-15,post,1.0,True,True,39.7,39.7,39.85,39.85,38.2,38.2,False,False,False,False,False,False,False,False,False,False,False,unchanged
001388_2026-07-16,001388,2026-07-16,d0,,True,True,20.9,20.9,26.75,26.75,26.72,26.72,True,True,False,False,True,False,False,False,False,False,False,unchanged
001395_2026-07-14,001395,2026-07-16,post,2.0,False,True,31.1,31.1,,33.66,,30.47,False,True,False,False,True,False,False,False,False,False,True,recovered_label_after_daily_cache_refresh
002141_2026-07-16,002141,2026-07-16,d0,,True,True,5.95,5.95,5.44,5.44,5.44,5.44,False,False,True,True,False,True,False,False,False,False,False,unchanged
002379_2026-07-15,002379,2026-07-16,post,1.0,True,True,18.37,18.37,19.1,19.1,18.8,18.8,False,False,False,False,False,False,False,False,False,False,False,unchanged
002432_2026-07-16,002432,2026-07-16,d0,,True,True,79.2,79.2,87.12,87.12,72.5,72.5,True,True,True,True,True,True,False,False,False,False,False,unchanged
003020_2026-07-14,003020,2026-07-16,post,2.0,True,True,18.7,18.7,17.04,17.04,15.98,15.98,False,False,True,True,False,True,False,False,False,False,False,unchanged
600227_2026-07-16,600227,2026-07-16,d0,,True,True,2.8,2.8,3.37,3.37,3.37,3.37,True,True,False,False,True,False,False,False,False,False,False,unchanged
600403_2026-07-16,600403,2026-07-16,d0,,True,True,5.08,5.08,5.28,5.28,5.28,5.28,False,False,False,False,False,False,False,False,False,False,False,unchanged
600513_2026-07-14,600513,2026-07-16,post,2.0,True,True,17.21,17.21,17.2,17.2,16.6,16.6,False,False,False,False,False,False,False,False,False,False,False,unchanged
600629_2026-07-14,600629,2026-07-16,post,2.0,True,True,13.55,13.55,12.7,12.7,12.03,12.03,False,False,True,True,False,True,False,False,False,False,False,unchanged
600746_2026-07-16,600746,2026-07-16,d0,,True,True,6.12,6.12,6.64,6.64,6.64,6.64,True,True,False,False,True,False,False,False,False,False,False,unchanged
600829_2026-07-16,600829,2026-07-16,d0,,True,True,9.6,9.6,9.09,9.09,8.75,8.75,False,False,True,True,False,True,False,False,False,False,False,unchanged
600844_2026-07-16,600844,2026-07-16,d0,,True,True,2.82,2.82,2.98,2.98,2.92,2.92,False,False,False,False,False,False,False,False,False,False,False,unchanged
600992_2026-07-14,600992,2026-07-16,post,2.0,True,True,10.65,10.65,11.73,11.73,11.03,11.03,True,True,False,False,True,False,False,False,False,False,False,unchanged
601608_2026-07-14,601608,2026-07-16,post,2.0,False,True,4.7,4.7,,4.61,,4.56,False,False,False,False,False,False,False,False,False,False,True,recovered_label_after_daily_cache_refresh
603065_2026-07-15,603065,2026-07-16,post,1.0,False,True,17.16,17.16,,16.16,,15.44,False,False,False,True,False,True,False,False,False,False,True,recovered_label_after_daily_cache_refresh
603137_2026-07-16,603137,2026-07-16,d0,,True,True,28.85,28.85,31.74,31.74,25.97,25.97,True,True,True,True,True,True,False,False,False,False,False,unchanged
605028_2026-07-16,605028,2026-07-16,d0,,True,True,23.82,23.82,24.28,24.28,23.45,23.45,False,False,False,False,False,False,False,False,False,False,False,unchanged
605090_2026-07-14,605090,2026-07-16,post,2.0,False,True,37.52,37.52,,39.6,,34.38,False,False,False,True,False,True,False,False,False,False,True,recovered_label_after_daily_cache_refresh
605189_2026-07-16,605189,2026-07-16,d0,,True,True,15.3,15.3,15.08,15.08,14.26,14.26,False,False,True,True,False,True,False,False,False,False,False,unchanged
605255_2026-07-16,605255,2026-07-16,d0,,False,True,77.61,77.61,,69.95,,64.0,False,False,False,True,False,True,False,False,False,False,True,recovered_label_after_daily_cache_refresh
000504_2026-07-17,000504,2026-07-17,d0,,False,True,8.4,8.4,,8.06,,7.98,False,False,False,True,False,True,False,False,False,False,True,recovered_label_after_daily_cache_refresh
000566_2026-07-17,000566,2026-07-17,d0,,True,True,4.59,4.59,4.78,4.78,4.74,4.74,False,False,False,False,False,False,False,False,False,False,False,unchanged
001388_2026-07-16,001388,2026-07-17,post,1.0,True,True,23.76,23.76,25.1,25.1,24.05,24.05,False,False,False,False,False,False,False,False,False,False,False,unchanged
002141_2026-07-16,002141,2026-07-17,post,1.0,True,True,5.44,5.44,5.29,5.29,4.9,4.9,False,False,True,True,False,True,False,False,False,False,False,unchanged
002365_2026-07-17,002365,2026-07-17,d0,,True,True,11.72,11.72,12.4,12.4,12.17,12.17,False,False,False,False,False,False,False,False,False,False,False,unchanged
002379_2026-07-15,002379,2026-07-17,post,2.0,True,True,18.17,18.17,18.64,18.64,18.04,18.04,False,False,False,False,False,False,False,False,False,False,False,unchanged
002739_2026-07-17,002739,2026-07-17,d0,,False,True,9.59,9.59,,9.58,,9.19,False,False,False,False,False,False,False,False,False,False,True,recovered_label_after_daily_cache_refresh
600403_2026-07-16,600403,2026-07-17,post,1.0,True,True,4.72,4.72,5.55,5.55,5.18,5.18,True,True,False,False,True,False,False,False,False,False,False,unchanged
600746_2026-07-16,600746,2026-07-17,post,1.0,True,True,6.06,6.06,6.83,6.83,6.54,6.54,True,True,False,False,True,False,False,False,False,False,False,unchanged
600785_2026-07-17,600785,2026-07-17,d0,,False,True,8.28,8.28,,8.07,,7.95,False,False,False,False,False,False,False,False,False,False,True,recovered_label_after_daily_cache_refresh
600829_2026-07-16,600829,2026-07-17,post,1.0,True,True,8.42,8.42,9.03,9.03,9.01,9.01,True,True,False,False,True,False,False,False,False,False,False,unchanged
600844_2026-07-16,600844,2026-07-17,post,1.0,True,True,2.76,2.76,2.79,2.79,2.69,2.69,False,False,False,False,False,False,False,False,False,False,False,unchanged
603065_2026-07-15,603065,2026-07-17,post,2.0,False,True,,15.44,,14.78,,13.9,False,False,False,True,False,True,False,False,False,False,True,recovered_label_after_daily_cache_refresh
603137_2026-07-16,603137,2026-07-17,post,1.0,True,True,27.6,27.6,25.79,25.79,23.4,23.4,False,False,True,True,False,True,False,False,False,False,False,unchanged
605028_2026-07-16,605028,2026-07-17,post,1.0,True,True,23.9,23.9,23.15,23.15,22.15,22.15,False,False,True,True,False,True,False,False,False,False,False,unchanged
605189_2026-07-16,605189,2026-07-17,post,1.0,True,True,14.85,14.85,14.33,14.33,14.18,14.18,False,False,False,False,False,False,False,False,False,False,False,unchanged
605255_2026-07-16,605255,2026-07-17,post,1.0,False,True,,69.95,,67.99,,66.8,False,False,False,False,False,False,False,False,False,False,True,recovered_label_after_daily_cache_refresh
000504_2026-07-17,000504,2026-07-20,post,1.0,False,True,,8.06,,8.14,,7.84,False,False,False,False,False,False,False,False,False,False,True,recovered_label_after_daily_cache_refresh
000566_2026-07-17,000566,2026-07-20,post,1.0,True,True,4.74,4.74,5.21,5.21,5.21,5.21,True,True,False,False,True,False,False,False,False,False,False,unchanged
000676_2026-07-20,000676,2026-07-20,d0,,True,True,6.36,6.36,7.23,7.23,6.92,6.92,True,True,False,False,True,False,False,False,False,False,False,unchanged
001388_2026-07-16,001388,2026-07-20,post,2.0,True,True,24.76,24.76,21.65,21.65,21.65,21.65,False,False,True,True,False,True,False,False,False,False,False,unchanged
002141_2026-07-16,002141,2026-07-20,post,2.0,True,True,4.9,4.9,5.39,5.39,5.17,5.17,True,True,False,False,True,False,False,False,False,False,False,unchanged
002365_2026-07-17,002365,2026-07-20,post,1.0,True,True,12.18,12.18,13.27,13.27,12.48,12.48,True,True,False,False,True,False,False,False,False,False,False,unchanged
002432_2026-07-16,002432,2026-07-20,post,2.0,True,True,75.05,75.05,85.06,85.06,81.64,81.64,True,True,False,False,True,False,False,False,False,False,False,unchanged
002632_2026-07-20,002632,2026-07-20,d0,,False,True,8.58,8.58,,8.35,,7.96,False,False,False,True,False,True,False,False,False,False,True,recovered_label_after_daily_cache_refresh
002677_2026-07-20,002677,2026-07-20,d0,,False,True,6.49,6.49,,6.41,,6.26,False,False,False,False,False,False,False,False,False,False,True,recovered_label_after_daily_cache_refresh
002739_2026-07-17,002739,2026-07-20,post,1.0,False,True,,9.0,,9.25,,9.1,False,False,False,False,False,False,False,False,False,False,True,recovered_label_after_daily_cache_refresh
002829_2026-07-20,002829,2026-07-20,d0,,False,True,19.87,19.87,,23.23,,21.86,False,True,False,False,True,False,False,False,False,False,True,recovered_label_after_daily_cache_refresh
600162_2026-07-20,600162,2026-07-20,d0,,True,True,2.57,2.57,2.76,2.76,2.55,2.55,True,True,False,False,True,False,False,False,False,False,False,unchanged
600785_2026-07-17,600785,2026-07-20,post,1.0,False,True,,7.99,,8.08,,7.92,False,False,False,False,False,False,False,False,False,False,True,recovered_label_after_daily_cache_refresh
600829_2026-07-16,600829,2026-07-20,post,2.0,True,True,8.52,8.52,9.38,9.38,8.99,8.99,True,True,False,False,True,False,False,False,False,False,False,unchanged
600844_2026-07-16,600844,2026-07-20,post,2.0,True,True,2.78,2.78,2.84,2.84,2.79,2.79,False,False,False,False,False,False,False,False,False,False,False,unchanged
603137_2026-07-16,603137,2026-07-20,post,2.0,True,True,23.37,23.37,25.4,25.4,24.67,24.67,True,True,False,False,True,False,False,False,False,False,False,unchanged
603567_2026-07-20,603567,2026-07-20,d0,,True,True,5.57,5.57,6.25,6.25,5.91,5.91,True,True,False,False,True,False,False,False,False,False,False,unchanged
605028_2026-07-16,605028,2026-07-20,post,2.0,True,True,22.71,22.71,24.37,24.37,24.37,24.37,True,True,False,False,True,False,False,False,False,False,False,unchanged
605189_2026-07-16,605189,2026-07-20,post,2.0,True,True,14.25,14.25,14.04,14.04,13.65,13.65,False,False,False,False,False,False,False,False,False,False,False,unchanged
000037_2026-07-21,000037,2026-07-21,d0,,True,True,9.36,9.36,10.7,10.7,9.97,9.97,True,True,False,False,True,False,False,False,False,False,False,unchanged
000566_2026-07-17,000566,2026-07-21,post,2.0,True,True,4.67,4.67,5.28,5.28,5.09,5.09,True,True,False,False,True,False,False,False,False,False,False,unchanged
000676_2026-07-20,000676,2026-07-21,post,1.0,True,True,6.49,6.49,6.94,6.94,6.9,6.9,False,False,False,False,False,False,False,False,False,False,False,unchanged
000722_2026-07-21,000722,2026-07-21,d0,,True,True,13.84,13.84,14.97,14.97,14.19,14.19,True,True,False,False,True,False,False,False,False,False,False,unchanged
000899_2026-07-21,000899,2026-07-21,d0,,False,True,,10.65,,11.55,,11.19,False,True,False,False,True,False,False,False,False,False,True,recovered_label_after_daily_cache_refresh
002365_2026-07-17,002365,2026-07-21,post,2.0,True,True,12.0,12.0,12.45,12.45,12.4,12.4,False,False,False,False,False,False,False,False,False,False,False,unchanged
002632_2026-07-20,002632,2026-07-21,post,1.0,False,True,,8.1,,7.91,,7.88,False,False,False,False,False,False,False,False,False,False,True,recovered_label_after_daily_cache_refresh
002677_2026-07-20,002677,2026-07-21,post,1.0,False,True,,5.9,,6.35,,6.31,False,True,False,False,True,False,False,False,False,False,True,recovered_label_after_daily_cache_refresh
002829_2026-07-20,002829,2026-07-21,post,1.0,False,True,,20.69,,21.8,,21.08,False,False,False,False,False,False,False,False,False,False,True,recovered_label_after_daily_cache_refresh
600162_2026-07-20,600162,2026-07-21,post,1.0,True,True,2.52,2.52,2.71,2.71,2.65,2.65,True,True,False,False,True,False,False,False,False,False,False,unchanged
600227_2026-07-21,600227,2026-07-21,d0,,True,True,2.8,2.8,3.46,3.46,3.34,3.34,True,True,False,False,True,False,False,False,False,False,False,unchanged
600236_2026-07-21,600236,2026-07-21,d0,,True,True,10.81,10.81,12.25,12.25,11.36,11.36,True,True,False,False,True,False,False,False,False,False,False,unchanged
600644_2026-07-21,600644,2026-07-21,d0,,True,True,9.3,9.3,11.5,11.5,10.43,10.43,True,True,False,False,True,False,False,False,False,False,False,unchanged
600722_2026-07-21,600722,2026-07-21,d0,,True,True,8.77,8.77,10.9,10.9,10.9,10.9,True,True,False,False,True,False,False,False,False,False,False,unchanged
603567_2026-07-20,603567,2026-07-21,post,1.0,True,True,5.89,5.89,6.5,6.5,6.5,6.5,True,True,False,False,True,False,False,False,False,False,False,unchanged
000037_2026-07-21,000037,2026-07-22,post,1.0,True,True,9.82,9.82,9.64,9.64,8.97,8.97,False,False,True,True,False,True,False,False,False,False,False,unchanged
000676_2026-07-20,000676,2026-07-22,post,2.0,True,True,6.66,6.66,7.19,7.19,6.47,6.47,True,True,False,False,True,False,False,False,False,False,False,unchanged
000722_2026-07-21,000722,2026-07-22,post,1.0,True,True,14.51,14.51,13.79,13.79,12.77,12.77,False,False,True,True,False,True,False,False,False,False,False,unchanged
000889_2026-07-22,000889,2026-07-22,d0,,True,True,3.88,3.88,3.77,3.77,3.58,3.58,False,False,True,True,False,True,False,False,False,False,False,unchanged
600162_2026-07-20,600162,2026-07-22,post,2.0,True,True,2.48,2.48,2.9,2.9,2.72,2.72,True,True,False,False,True,False,False,False,False,False,False,unchanged
600227_2026-07-21,600227,2026-07-22,post,1.0,True,True,3.03,3.03,3.5,3.5,3.13,3.13,True,True,False,False,True,False,False,False,False,False,False,unchanged
600236_2026-07-21,600236,2026-07-22,post,1.0,True,True,11.56,11.56,10.97,10.97,10.7,10.7,False,False,True,True,False,True,False,False,False,False,False,unchanged
603567_2026-07-20,603567,2026-07-22,post,2.0,True,True,5.72,5.72,6.7,6.7,5.85,5.85,True,True,False,False,True,False,False,False,False,False,False,unchanged
000037_2026-07-21,000037,2026-07-23,post,2.0,False,True,9.47,9.47,,9.2,,9.17,False,False,False,False,False,False,False,False,False,False,True,recovered_label_after_daily_cache_refresh
000722_2026-07-21,000722,2026-07-23,post,2.0,False,True,13.57,13.57,,12.94,,12.88,False,False,False,True,False,True,False,False,False,False,True,recovered_label_after_daily_cache_refresh
000889_2026-07-22,000889,2026-07-23,post,1.0,False,True,3.64,3.64,,3.7,,3.69,False,False,False,False,False,False,False,False,False,False,True,recovered_label_after_daily_cache_refresh
002213_2026-07-23,002213,2026-07-23,d0,,False,True,27.16,27.16,,27.8,,27.57,False,False,False,False,False,False,False,False,False,False,True,recovered_label_after_daily_cache_refresh
600227_2026-07-21,600227,2026-07-23,post,2.0,True,True,3.23,3.23,3.27,3.27,3.15,3.15,False,False,False,False,False,False,False,False,False,False,False,unchanged
600236_2026-07-21,600236,2026-07-23,post,2.0,True,True,10.9,10.9,10.64,10.64,10.56,10.56,False,False,False,False,False,False,False,False,False,False,False,unchanged
600644_2026-07-21,600644,2026-07-23,post,2.0,False,True,9.8,9.8,,9.82,,9.38,False,False,False,False,False,False,False,False,False,False,True,recovered_label_after_daily_cache_refresh
603118_2026-07-23,603118,2026-07-23,d0,,False,True,15.75,15.75,,16.76,,16.2,False,False,False,False,False,False,False,False,False,False,True,recovered_label_after_daily_cache_refresh
603629_2026-07-23,603629,2026-07-23,d0,,True,True,114.0,114.0,118.0,118.0,115.06,115.06,False,False,False,False,False,False,False,False,False,False,False,unchanged
000603_2026-07-24,000603,2026-07-24,d0,,False,True,25.14,25.14,,24.54,,24.07,False,False,False,False,False,False,False,False,False,False,True,recovered_label_after_daily_cache_refresh
000889_2026-07-22,000889,2026-07-24,post,2.0,False,True,,3.55,,3.8,,3.67,False,True,False,False,True,False,False,False,False,False,True,recovered_label_after_daily_cache_refresh
002197_2026-07-24,002197,2026-07-24,d0,,True,True,6.55,6.55,6.85,6.85,6.66,6.66,False,False,False,False,False,False,False,False,False,False,False,unchanged
002213_2026-07-23,002213,2026-07-24,post,1.0,False,True,,26.8,,28.13,,26.89,False,False,False,False,False,False,False,False,False,False,True,recovered_label_after_daily_cache_refresh
002412_2026-07-24,002412,2026-07-24,d0,,False,True,6.94,6.94,,7.45,,7.0,False,True,False,False,True,False,False,False,False,False,True,recovered_label_after_daily_cache_refresh
002900_2026-07-24,002900,2026-07-24,d0,,True,True,10.88,10.88,13.61,13.61,12.98,12.98,True,True,False,False,True,False,False,False,False,False,False,unchanged
600396_2026-07-24,600396,2026-07-24,d0,,False,True,14.0,14.0,,17.21,,16.58,False,True,False,False,True,False,False,False,False,False,True,recovered_label_after_daily_cache_refresh
600722_2026-07-24,600722,2026-07-24,d0,,True,True,10.29,10.29,9.26,9.26,9.26,9.26,False,False,True,True,False,True,False,False,False,False,False,unchanged
603118_2026-07-23,603118,2026-07-24,post,1.0,False,True,,14.93,,17.82,,17.31,False,True,False,False,True,False,False,False,False,False,True,recovered_label_after_daily_cache_refresh
603619_2026-07-24,603619,2026-07-24,d0,,False,True,20.43,20.43,,21.31,,21.01,False,False,False,False,False,False,False,False,False,False,True,recovered_label_after_daily_cache_refresh
603629_2026-07-23,603629,2026-07-24,post,1.0,True,True,105.0,105.0,111.85,111.85,103.55,103.55,False,False,False,False,False,False,False,False,False,False,False,unchanged
603988_2026-07-24,603988,2026-07-24,d0,,True,True,15.68,15.68,18.4,18.4,17.66,17.66,True,True,False,False,True,False,False,False,False,False,False,unchanged
605162_2026-07-24,605162,2026-07-24,d0,,True,True,7.78,7.78,9.23,9.23,9.23,9.23,True,True,False,False,True,False,False,False,False,False,False,unchanged
000011_2026-07-27,000011,2026-07-27,d0,,False,True,8.28,8.28,,8.05,,7.82,False,False,False,True,False,True,False,False,False,False,True,recovered_label_after_daily_cache_refresh
000595_2026-07-27,000595,2026-07-27,d0,,True,True,5.84,5.84,5.42,5.42,5.36,5.36,False,False,True,True,False,True,False,False,False,False,False,unchanged
000603_2026-07-24,000603,2026-07-27,post,1.0,False,True,,23.8,,25.38,,25.0,False,False,False,False,False,False,False,False,False,False,True,recovered_label_after_daily_cache_refresh
000668_2026-07-27,000668,2026-07-27,d0,,True,True,18.95,18.95,20.3,20.3,20.3,20.3,True,True,False,False,True,False,False,False,False,False,False,unchanged
002083_2026-07-27,002083,2026-07-27,d0,,True,True,11.8,11.8,11.88,11.88,11.88,11.88,False,False,False,False,False,False,False,False,False,False,False,unchanged
002197_2026-07-24,002197,2026-07-27,post,1.0,True,True,6.57,6.57,6.81,6.81,6.62,6.62,False,False,False,False,False,False,False,False,False,False,False,unchanged
002199_2026-07-27,002199,2026-07-27,d0,,True,True,10.72,10.72,13.39,13.39,13.39,13.39,True,True,False,False,True,False,False,False,False,False,False,unchanged
002218_2026-07-27,002218,2026-07-27,d0,,False,True,,4.12,,4.08,,4.06,False,False,False,False,False,False,False,False,False,False,True,recovered_label_after_daily_cache_refresh
002298_2026-07-27,002298,2026-07-27,d0,,True,True,8.3,8.3,8.77,8.77,8.77,8.77,False,False,False,False,False,False,False,False,False,False,False,unchanged
002300_2026-07-27,002300,2026-07-27,d0,,False,True,7.32,7.32,,7.4,,7.27,False,False,False,False,False,False,False,False,False,False,True,recovered_label_after_daily_cache_refresh
002412_2026-07-24,002412,2026-07-27,post,1.0,False,True,,7.08,,7.22,,6.91,False,False,False,False,False,False,False,False,False,False,True,recovered_label_after_daily_cache_refresh
002498_2026-07-27,002498,2026-07-27,d0,,True,True,6.76,6.76,7.19,7.19,7.19,7.19,False,False,False,False,False,False,False,False,False,False,False,unchanged
003001_2026-07-27,003001,2026-07-27,d0,,True,True,19.2,19.2,19.43,19.43,19.43,19.43,False,False,False,False,False,False,False,False,False,False,False,unchanged
600396_2026-07-24,600396,2026-07-27,post,1.0,False,True,,15.39,,17.83,,16.16,False,True,False,False,True,False,False,False,False,False,True,recovered_label_after_daily_cache_refresh
600698_2026-07-27,600698,2026-07-27,d0,,False,True,6.76,6.76,,6.61,,6.54,False,False,False,False,False,False,False,False,False,False,True,recovered_label_after_daily_cache_refresh
600722_2026-07-24,600722,2026-07-27,post,1.0,True,True,9.26,9.26,10.19,10.19,10.19,10.19,True,True,False,False,True,False,False,False,False,False,False,unchanged
600984_2026-07-27,600984,2026-07-27,d0,,False,True,4.0,4.0,,4.05,,3.97,False,False,False,False,False,False,False,False,False,False,True,recovered_label_after_daily_cache_refresh
603619_2026-07-24,603619,2026-07-27,post,1.0,False,True,,19.62,,21.76,,21.32,False,True,False,False,True,False,False,False,False,False,True,recovered_label_after_daily_cache_refresh
603629_2026-07-23,603629,2026-07-27,post,2.0,True,True,108.74,108.74,101.04,101.04,96.95,96.95,False,False,True,True,False,True,False,False,False,False,False,unchanged
603956_2026-07-27,603956,2026-07-27,d0,,True,True,6.05,6.05,6.42,6.42,6.2,6.2,False,False,False,False,False,False,False,False,False,False,False,unchanged
605162_2026-07-24,605162,2026-07-27,post,1.0,True,True,8.13,8.13,9.17,9.17,8.74,8.74,True,True,False,False,True,False,False,False,False,False,False,unchanged
000011_2026-07-27,000011,2026-07-28,post,1.0,False,True,,7.36,,8.35,,7.99,False,True,False,False,True,False,False,False,False,False,True,recovered_label_after_daily_cache_refresh
000595_2026-07-27,000595,2026-07-28,post,1.0,True,True,5.27,5.27,5.38,5.38,4.93,4.93,False,False,True,True,False,True,False,False,False,False,False,unchanged
000668_2026-07-27,000668,2026-07-28,post,1.0,True,True,18.58,18.58,20.87,20.87,19.01,19.01,True,True,False,False,True,False,False,False,False,False,False,unchanged
002083_2026-07-27,002083,2026-07-28,post,1.0,True,True,10.79,10.79,11.9,11.9,11.26,11.26,True,True,False,False,True,False,False,False,False,False,False,unchanged
002197_2026-07-24,002197,2026-07-28,post,2.0,True,True,6.69,6.69,6.61,6.61,6.11,6.11,False,False,True,True,False,True,False,False,False,False,False,unchanged
002298_2026-07-27,002298,2026-07-28,post,1.0,True,True,8.08,8.08,9.21,9.21,8.81,8.81,True,True,False,False,True,False,False,False,False,False,False,unchanged
002300_2026-07-27,002300,2026-07-28,post,1.0,False,True,,7.08,,7.23,,6.97,False,False,False,False,False,False,False,False,False,False,True,recovered_label_after_daily_cache_refresh
002498_2026-07-27,002498,2026-07-28,post,1.0,True,True,6.41,6.41,7.32,7.32,6.96,6.96,True,True,False,False,True,False,False,False,False,False,False,unchanged
002900_2026-07-24,002900,2026-07-28,post,2.0,True,True,12.14,12.14,12.7,12.7,11.56,11.56,False,False,False,False,False,False,False,False,False,False,False,unchanged
003001_2026-07-27,003001,2026-07-28,post,1.0,True,True,17.07,17.07,19.89,19.89,17.49,17.49,True,True,False,False,True,False,False,False,False,False,False,unchanged
600617_2026-07-28,600617,2026-07-28,d0,,True,True,3.29,3.29,3.51,3.51,3.23,3.23,False,False,False,False,False,False,False,False,False,False,False,unchanged
600698_2026-07-27,600698,2026-07-28,post,1.0,False,True,,6.4,,6.94,,6.51,False,True,False,False,True,False,False,False,False,False,True,recovered_label_after_daily_cache_refresh
600722_2026-07-24,600722,2026-07-28,post,2.0,True,True,9.41,9.41,11.2,11.2,10.88,10.88,True,True,False,False,True,False,False,False,False,False,False,unchanged
600984_2026-07-27,600984,2026-07-28,post,1.0,False,True,,3.96,,4.07,,4.01,False,False,False,False,False,False,False,False,False,False,True,recovered_label_after_daily_cache_refresh
601606_2026-07-28,601606,2026-07-28,d0,,True,True,33.0,33.0,36.21,36.21,35.65,35.65,True,True,False,False,True,False,False,False,False,False,False,unchanged
603690_2026-07-28,603690,2026-07-28,d0,,True,True,25.1,25.1,23.97,23.97,22.29,22.29,False,False,True,True,False,True,False,False,False,False,False,unchanged
603956_2026-07-27,603956,2026-07-28,post,1.0,True,True,6.3,6.3,6.26,6.26,5.99,5.99,False,False,False,False,False,False,False,False,False,False,False,unchanged
603988_2026-07-24,603988,2026-07-28,post,2.0,True,True,17.79,17.79,20.3,20.3,19.91,19.91,True,True,False,False,True,False,False,False,False,False,False,unchanged
000566_2026-07-29,000566,2026-07-29,d0,,True,True,5.45,5.45,6.01,6.01,5.86,5.86,True,True,False,False,True,False,False,False,False,False,False,unchanged
000595_2026-07-27,000595,2026-07-29,post,2.0,True,True,5.3,5.3,5.42,5.42,5.42,5.42,False,False,False,False,False,False,False,False,False,False,False,unchanged
002173_2026-07-29,002173,2026-07-29,d0,,True,True,20.18,20.18,20.49,20.49,19.54,19.54,False,False,False,False,False,False,False,False,False,False,False,unchanged
002309_2026-07-29,002309,2026-07-29,d0,,True,True,3.21,3.21,3.25,3.25,3.2,3.2,False,False,False,False,False,False,False,False,False,False,False,unchanged
002310_2026-07-29,002310,2026-07-29,d0,,True,True,2.58,2.58,2.53,2.53,2.49,2.49,False,False,False,False,False,False,False,False,False,False,False,unchanged
002388_2026-07-29,002388,2026-07-29,d0,,True,True,4.99,4.99,4.76,4.76,4.65,4.65,False,False,True,True,False,True,False,False,False,False,False,unchanged
002969_2026-07-29,002969,2026-07-29,d0,,True,True,12.45,12.45,12.99,12.99,12.41,12.41,False,False,False,False,False,False,False,False,False,False,False,unchanged
600617_2026-07-28,600617,2026-07-29,post,1.0,True,True,3.32,3.32,3.26,3.26,3.23,3.23,False,False,False,False,False,False,False,False,False,False,False,unchanged
600775_2026-07-29,600775,2026-07-29,d0,,True,True,9.43,9.43,9.88,9.88,9.78,9.78,False,False,False,False,False,False,False,False,False,False,False,unchanged
601606_2026-07-28,601606,2026-07-29,post,1.0,True,True,32.62,32.62,35.29,35.29,33.94,33.94,True,True,False,False,True,False,False,False,False,False,False,unchanged
603358_2026-07-29,603358,2026-07-29,d0,,True,True,40.19,40.19,38.28,38.28,37.54,37.54,False,False,True,True,False,True,False,False,False,False,False,unchanged
603389_2026-07-29,603389,2026-07-29,d0,,True,True,43.39,43.39,43.2,43.2,41.41,41.41,False,False,False,False,False,False,False,False,False,False,False,unchanged
603690_2026-07-28,603690,2026-07-29,post,1.0,True,True,23.66,23.66,23.4,23.4,21.7,21.7,False,False,True,True,False,True,False,False,False,False,False,unchanged
603716_2026-07-29,603716,2026-07-29,d0,,True,True,15.66,15.66,15.94,15.94,15.89,15.89,False,False,False,False,False,False,False,False,False,False,False,unchanged
603956_2026-07-27,603956,2026-07-29,post,2.0,True,True,6.2,6.2,6.59,6.59,6.59,6.59,False,False,False,False,False,False,False,False,False,False,False,unchanged
