endpoint,feature,signal_date,month,positive_event_id,positive_code,positive_s2_rank,positive_value,negative_event_id,negative_code,negative_s2_rank,negative_value,difference,raw_concordance,unfinished_low_concordance
T7_VS_LOSS,d1_afternoon_return,2026-05-06,2026-05,600714_2026-05-06,600714,3,-0.0055096418732782,002192_2026-05-06,002192,1,0.0121995630007283,-0.0177092048740065,0.0,1.0
T7_VS_LOSS,d1_afternoon_return,2026-05-06,2026-05,600714_2026-05-06,600714,3,-0.0055096418732782,002842_2026-05-06,002842,4,0.0149523072956947,-0.0204619491689729,0.0,1.0
T7_VS_LOSS,d1_afternoon_return,2026-05-08,2026-05,002903_2026-05-08,002903,2,-0.0207100591715975,000818_2026-05-08,000818,5,-0.0151753008895865,-0.005534758282011,0.0,1.0
T7_VS_LOSS,d1_afternoon_return,2026-05-08,2026-05,002903_2026-05-08,002903,2,-0.0207100591715975,000889_2026-05-08,000889,12,-0.0127737226277372,-0.0079363365438603,0.0,1.0
T7_VS_LOSS,d1_afternoon_return,2026-05-08,2026-05,002903_2026-05-08,002903,2,-0.0207100591715975,000967_2026-05-08,000967,11,-0.0012254901960784,-0.0194845689755191,0.0,1.0
T7_VS_LOSS,d1_afternoon_return,2026-05-08,2026-05,002903_2026-05-08,002903,2,-0.0207100591715975,600673_2026-05-08,600673,9,-0.0273037542662116,0.006593695094614101,1.0,0.0
T7_VS_LOSS,d1_afternoon_return,2026-05-08,2026-05,002903_2026-05-08,002903,2,-0.0207100591715975,603158_2026-05-08,603158,8,-0.0154990700557965,-0.005210989115801,0.0,1.0
T7_VS_LOSS,d1_afternoon_return,2026-05-08,2026-05,002903_2026-05-08,002903,2,-0.0207100591715975,603316_2026-05-08,603316,6,0.0026178010471202,-0.0233278602187177,0.0,1.0
T7_VS_LOSS,d1_afternoon_return,2026-05-08,2026-05,003041_2026-05-08,003041,3,-0.0125921375921377,000818_2026-05-08,000818,5,-0.0151753008895865,0.0025831632974487994,1.0,0.0
T7_VS_LOSS,d1_afternoon_return,2026-05-08,2026-05,003041_2026-05-08,003041,3,-0.0125921375921377,000889_2026-05-08,000889,12,-0.0127737226277372,0.0001815850355995005,1.0,0.0
T7_VS_LOSS,d1_afternoon_return,2026-05-08,2026-05,003041_2026-05-08,003041,3,-0.0125921375921377,000967_2026-05-08,000967,11,-0.0012254901960784,-0.0113666473960593,0.0,1.0
T7_VS_LOSS,d1_afternoon_return,2026-05-08,2026-05,003041_2026-05-08,003041,3,-0.0125921375921377,600673_2026-05-08,600673,9,-0.0273037542662116,0.014711616674073901,1.0,0.0
T7_VS_LOSS,d1_afternoon_return,2026-05-08,2026-05,003041_2026-05-08,003041,3,-0.0125921375921377,603158_2026-05-08,603158,8,-0.0154990700557965,0.0029069324636588,1.0,0.0
T7_VS_LOSS,d1_afternoon_return,2026-05-08,2026-05,003041_2026-05-08,003041,3,-0.0125921375921377,603316_2026-05-08,603316,6,0.0026178010471202,-0.0152099386392579,0.0,1.0
T7_VS_LOSS,d1_afternoon_return,2026-05-08,2026-05,600396_2026-05-08,600396,7,-0.0126984126984127,000818_2026-05-08,000818,5,-0.0151753008895865,0.002476888191173799,1.0,0.0
T7_VS_LOSS,d1_afternoon_return,2026-05-08,2026-05,600396_2026-05-08,600396,7,-0.0126984126984127,000889_2026-05-08,000889,12,-0.0127737226277372,7.530992932450013e-05,1.0,0.0
T7_VS_LOSS,d1_afternoon_return,2026-05-08,2026-05,600396_2026-05-08,600396,7,-0.0126984126984127,000967_2026-05-08,000967,11,-0.0012254901960784,-0.011472922502334301,0.0,1.0
T7_VS_LOSS,d1_afternoon_return,2026-05-08,2026-05,600396_2026-05-08,600396,7,-0.0126984126984127,600673_2026-05-08,600673,9,-0.0273037542662116,0.0146053415677989,1.0,0.0
T7_VS_LOSS,d1_afternoon_return,2026-05-08,2026-05,600396_2026-05-08,600396,7,-0.0126984126984127,603158_2026-05-08,603158,8,-0.0154990700557965,0.0028006573573837994,1.0,0.0
T7_VS_LOSS,d1_afternoon_return,2026-05-08,2026-05,600396_2026-05-08,600396,7,-0.0126984126984127,603316_2026-05-08,603316,6,0.0026178010471202,-0.0153162137455329,0.0,1.0
T7_VS_LOSS,d1_afternoon_return,2026-05-08,2026-05,600719_2026-05-08,600719,10,-0.0215285252960171,000818_2026-05-08,000818,5,-0.0151753008895865,-0.0063532244064306,0.0,1.0
T7_VS_LOSS,d1_afternoon_return,2026-05-08,2026-05,600719_2026-05-08,600719,10,-0.0215285252960171,000889_2026-05-08,000889,12,-0.0127737226277372,-0.0087548026682799,0.0,1.0
T7_VS_LOSS,d1_afternoon_return,2026-05-08,2026-05,600719_2026-05-08,600719,10,-0.0215285252960171,000967_2026-05-08,000967,11,-0.0012254901960784,-0.0203030350999387,0.0,1.0
T7_VS_LOSS,d1_afternoon_return,2026-05-08,2026-05,600719_2026-05-08,600719,10,-0.0215285252960171,600673_2026-05-08,600673,9,-0.0273037542662116,0.005775228970194501,1.0,0.0
T7_VS_LOSS,d1_afternoon_return,2026-05-08,2026-05,600719_2026-05-08,600719,10,-0.0215285252960171,603158_2026-05-08,603158,8,-0.0154990700557965,-0.0060294552402206,0.0,1.0
T7_VS_LOSS,d1_afternoon_return,2026-05-08,2026-05,600719_2026-05-08,600719,10,-0.0215285252960171,603316_2026-05-08,603316,6,0.0026178010471202,-0.0241463263431373,0.0,1.0
T7_VS_LOSS,d1_afternoon_return,2026-05-11,2026-05,000720_2026-05-11,000720,9,0.0069084628670121,002317_2026-05-11,002317,10,-0.0189677988531099,0.025876261720122,1.0,0.0
T7_VS_LOSS,d1_afternoon_return,2026-05-11,2026-05,002929_2026-05-11,002929,3,0.0015477879530505,002317_2026-05-11,002317,10,-0.0189677988531099,0.0205155868061604,1.0,0.0
T7_VS_LOSS,d1_afternoon_return,2026-05-11,2026-05,600936_2026-05-11,600936,11,-0.0173410404624279,002317_2026-05-11,002317,10,-0.0189677988531099,0.0016267583906819996,1.0,0.0
T7_VS_LOSS,d1_afternoon_return,2026-05-11,2026-05,603278_2026-05-11,603278,5,-0.016025641025641,002317_2026-05-11,002317,10,-0.0189677988531099,0.0029421578274688998,1.0,0.0
T7_VS_LOSS,d1_afternoon_return,2026-05-11,2026-05,603618_2026-05-11,603618,1,0.0335272928789136,002317_2026-05-11,002317,10,-0.0189677988531099,0.052495091732023505,1.0,0.0
T7_VS_LOSS,d1_afternoon_return,2026-05-11,2026-05,603636_2026-05-11,603636,7,-0.0238726790450929,002317_2026-05-11,002317,10,-0.0189677988531099,-0.004904880191982999,0.0,1.0
T7_VS_LOSS,d1_afternoon_return,2026-05-13,2026-05,000029_2026-05-13,000029,3,0.0037593984962405,600683_2026-05-13,600683,6,0.0005194805194805,0.00323991797676,1.0,0.0
T7_VS_LOSS,d1_afternoon_return,2026-05-13,2026-05,000029_2026-05-13,000029,3,0.0037593984962405,600869_2026-05-13,600869,4,0.0052287581699346,-0.0014693596736941004,0.0,1.0
T7_VS_LOSS,d1_afternoon_return,2026-05-13,2026-05,000029_2026-05-13,000029,3,0.0037593984962405,603061_2026-05-13,603061,2,0.0374510181794822,-0.033691619683241705,0.0,1.0
T7_VS_LOSS,d1_afternoon_return,2026-05-13,2026-05,001211_2026-05-13,001211,1,0.008417830495504,600683_2026-05-13,600683,6,0.0005194805194805,0.0078983499760235,1.0,0.0
T7_VS_LOSS,d1_afternoon_return,2026-05-13,2026-05,001211_2026-05-13,001211,1,0.008417830495504,600869_2026-05-13,600869,4,0.0052287581699346,0.0031890723255694,1.0,0.0
T7_VS_LOSS,d1_afternoon_return,2026-05-13,2026-05,001211_2026-05-13,001211,1,0.008417830495504,603061_2026-05-13,603061,2,0.0374510181794822,-0.029033187683978202,0.0,1.0
T7_VS_LOSS,d1_afternoon_return,2026-05-14,2026-05,000767_2026-05-14,000767,6,-0.0349075975359343,000601_2026-05-14,000601,8,-0.0340375586854458,-0.0008700388504885026,0.0,1.0
T7_VS_LOSS,d1_afternoon_return,2026-05-14,2026-05,000767_2026-05-14,000767,6,-0.0349075975359343,000925_2026-05-14,000925,7,0.0,-0.0349075975359343,0.0,1.0
T7_VS_LOSS,d1_afternoon_return,2026-05-14,2026-05,000767_2026-05-14,000767,6,-0.0349075975359343,002498_2026-05-14,002498,5,-0.037914691943128,0.0030070944071936972,1.0,0.0
T7_VS_LOSS,d1_afternoon_return,2026-05-14,2026-05,000767_2026-05-14,000767,6,-0.0349075975359343,603203_2026-05-14,603203,2,0.0390675241157554,-0.07397512165168971,0.0,1.0
T7_VS_LOSS,d1_afternoon_return,2026-05-14,2026-05,600396_2026-05-14,600396,1,-0.0101130279595478,000601_2026-05-14,000601,8,-0.0340375586854458,0.023924530725898,1.0,0.0
T7_VS_LOSS,d1_afternoon_return,2026-05-14,2026-05,600396_2026-05-14,600396,1,-0.0101130279595478,000925_2026-05-14,000925,7,0.0,-0.0101130279595478,0.0,1.0
T7_VS_LOSS,d1_afternoon_return,2026-05-14,2026-05,600396_2026-05-14,600396,1,-0.0101130279595478,002498_2026-05-14,002498,5,-0.037914691943128,0.0278016639835802,1.0,0.0
T7_VS_LOSS,d1_afternoon_return,2026-05-14,2026-05,600396_2026-05-14,600396,1,-0.0101130279595478,603203_2026-05-14,603203,2,0.0390675241157554,-0.0491805520753032,0.0,1.0
T7_VS_LOSS,d1_afternoon_return,2026-05-15,2026-05,002208_2026-05-15,002208,5,0.0176470588235295,001223_2026-05-15,001223,4,-0.0203508771929824,0.0379979360165119,1.0,0.0
T7_VS_LOSS,d1_afternoon_return,2026-05-15,2026-05,002208_2026-05-15,002208,5,0.0176470588235295,603052_2026-05-15,603052,1,-0.0226528854435831,0.0402999442671126,1.0,0.0
T7_VS_LOSS,d1_afternoon_return,2026-05-15,2026-05,002782_2026-05-15,002782,6,-0.0081903276131045,001223_2026-05-15,001223,4,-0.0203508771929824,0.0121605495798779,1.0,0.0
T7_VS_LOSS,d1_afternoon_return,2026-05-15,2026-05,002782_2026-05-15,002782,6,-0.0081903276131045,603052_2026-05-15,603052,1,-0.0226528854435831,0.014462557830478598,1.0,0.0
T7_VS_LOSS,d1_afternoon_return,2026-05-15,2026-05,600156_2026-05-15,600156,9,-0.0669515669515669,001223_2026-05-15,001223,4,-0.0203508771929824,-0.0466006897585845,0.0,1.0
T7_VS_LOSS,d1_afternoon_return,2026-05-15,2026-05,600156_2026-05-15,600156,9,-0.0669515669515669,603052_2026-05-15,603052,1,-0.0226528854435831,-0.0442986815079838,0.0,1.0
T7_VS_LOSS,d1_afternoon_return,2026-05-15,2026-05,600857_2026-05-15,600857,10,-0.0049857549857549,001223_2026-05-15,001223,4,-0.0203508771929824,0.015365122207227501,1.0,0.0
T7_VS_LOSS,d1_afternoon_return,2026-05-15,2026-05,600857_2026-05-15,600857,10,-0.0049857549857549,603052_2026-05-15,603052,1,-0.0226528854435831,0.0176671304578282,1.0,0.0
T7_VS_LOSS,d1_afternoon_return,2026-05-15,2026-05,600903_2026-05-15,600903,11,-0.0049689440993789,001223_2026-05-15,001223,4,-0.0203508771929824,0.0153819330936035,1.0,0.0
T7_VS_LOSS,d1_afternoon_return,2026-05-15,2026-05,600903_2026-05-15,600903,11,-0.0049689440993789,603052_2026-05-15,603052,1,-0.0226528854435831,0.017683941344204198,1.0,0.0
T7_VS_LOSS,d1_afternoon_return,2026-05-15,2026-05,603093_2026-05-15,603093,8,0.0,001223_2026-05-15,001223,4,-0.0203508771929824,0.0203508771929824,1.0,0.0
T7_VS_LOSS,d1_afternoon_return,2026-05-15,2026-05,603093_2026-05-15,603093,8,0.0,603052_2026-05-15,603052,1,-0.0226528854435831,0.0226528854435831,1.0,0.0
T7_VS_LOSS,d1_afternoon_return,2026-05-20,2026-05,002552_2026-05-20,002552,2,0.0143748304854895,002208_2026-05-20,002208,3,0.0443906376109766,-0.0300158071254871,0.0,1.0
T7_VS_LOSS,d1_afternoon_return,2026-05-20,2026-05,002552_2026-05-20,002552,2,0.0143748304854895,603206_2026-05-20,603206,9,-0.0285852713178293,0.0429601018033188,1.0,0.0
T7_VS_LOSS,d1_afternoon_return,2026-05-20,2026-05,002552_2026-05-20,002552,2,0.0143748304854895,605218_2026-05-20,605218,7,-0.0028585040495473,0.0172333345350368,1.0,0.0
T7_VS_LOSS,d1_afternoon_return,2026-05-20,2026-05,600903_2026-05-20,600903,8,-0.0400390625,002208_2026-05-20,002208,3,0.0443906376109766,-0.0844297001109766,0.0,1.0
T7_VS_LOSS,d1_afternoon_return,2026-05-20,2026-05,600903_2026-05-20,600903,8,-0.0400390625,603206_2026-05-20,603206,9,-0.0285852713178293,-0.0114537911821707,0.0,1.0
T7_VS_LOSS,d1_afternoon_return,2026-05-20,2026-05,600903_2026-05-20,600903,8,-0.0400390625,605218_2026-05-20,605218,7,-0.0028585040495473,-0.0371805584504527,0.0,1.0
T7_VS_LOSS,d1_afternoon_return,2026-05-20,2026-05,603115_2026-05-20,603115,1,0.0151940888750128,002208_2026-05-20,002208,3,0.0443906376109766,-0.0291965487359638,0.0,1.0
T7_VS_LOSS,d1_afternoon_return,2026-05-20,2026-05,603115_2026-05-20,603115,1,0.0151940888750128,603206_2026-05-20,603206,9,-0.0285852713178293,0.0437793601928421,1.0,0.0
T7_VS_LOSS,d1_afternoon_return,2026-05-20,2026-05,603115_2026-05-20,603115,1,0.0151940888750128,605218_2026-05-20,605218,7,-0.0028585040495473,0.0180525929245601,1.0,0.0
T7_VS_LOSS,d1_afternoon_return,2026-05-20,2026-05,603311_2026-05-20,603311,5,0.0596296296296297,002208_2026-05-20,002208,3,0.0443906376109766,0.0152389920186531,1.0,0.0
T7_VS_LOSS,d1_afternoon_return,2026-05-20,2026-05,603311_2026-05-20,603311,5,0.0596296296296297,603206_2026-05-20,603206,9,-0.0285852713178293,0.088214900947459,1.0,0.0
T7_VS_LOSS,d1_afternoon_return,2026-05-20,2026-05,603311_2026-05-20,603311,5,0.0596296296296297,605218_2026-05-20,605218,7,-0.0028585040495473,0.062488133679177,1.0,0.0
T7_VS_LOSS,d1_afternoon_return,2026-05-20,2026-05,603989_2026-05-20,603989,4,-0.0007773027594247,002208_2026-05-20,002208,3,0.0443906376109766,-0.0451679403704013,0.0,1.0
T7_VS_LOSS,d1_afternoon_return,2026-05-20,2026-05,603989_2026-05-20,603989,4,-0.0007773027594247,603206_2026-05-20,603206,9,-0.0285852713178293,0.0278079685584046,1.0,0.0
T7_VS_LOSS,d1_afternoon_return,2026-05-20,2026-05,603989_2026-05-20,603989,4,-0.0007773027594247,605218_2026-05-20,605218,7,-0.0028585040495473,0.0020812012901226,1.0,0.0
T7_VS_LOSS,d1_afternoon_return,2026-05-21,2026-05,000417_2026-05-21,000417,6,-0.1116412213740457,603938_2026-05-21,603938,3,-0.0402277039848197,-0.071413517389226,0.0,1.0
T7_VS_LOSS,d1_afternoon_return,2026-05-21,2026-05,002272_2026-05-21,002272,4,-0.0543386689132265,603938_2026-05-21,603938,3,-0.0402277039848197,-0.0141109649284068,0.0,1.0
T7_VS_LOSS,d1_afternoon_return,2026-05-21,2026-05,600563_2026-05-21,600563,2,-0.0397186344066459,603938_2026-05-21,603938,3,-0.0402277039848197,0.0005090695781738014,1.0,0.0
T7_VS_LOSS,d1_afternoon_return,2026-05-25,2026-05,000725_2026-05-25,000725,5,0.0115163147792705,600611_2026-05-25,600611,6,-0.0080775444264944,0.0195938592057649,1.0,0.0
T7_VS_LOSS,d1_afternoon_return,2026-05-26,2026-05,000636_2026-05-26,000636,5,0.0031272552321386,002432_2026-05-26,002432,10,0.0334010381403746,-0.030273782908236003,0.0,1.0
T7_VS_LOSS,d1_afternoon_return,2026-05-26,2026-05,000636_2026-05-26,000636,5,0.0031272552321386,002938_2026-05-26,002938,2,-0.0048897658059534,0.008017021038092001,1.0,0.0
T7_VS_LOSS,d1_afternoon_return,2026-05-26,2026-05,000636_2026-05-26,000636,5,0.0031272552321386,600186_2026-05-26,600186,17,0.0091813312930373,-0.0060540760608987,0.0,1.0
T7_VS_LOSS,d1_afternoon_return,2026-05-26,2026-05,000636_2026-05-26,000636,5,0.0031272552321386,600234_2026-05-26,600234,11,0.0190245589761328,-0.0158973037439942,0.0,1.0
T7_VS_LOSS,d1_afternoon_return,2026-05-26,2026-05,000636_2026-05-26,000636,5,0.0031272552321386,603661_2026-05-26,603661,7,-0.0480182926829269,0.0511455479150655,1.0,0.0
T7_VS_LOSS,d1_afternoon_return,2026-05-26,2026-05,002741_2026-05-26,002741,14,0.0125989920806335,002432_2026-05-26,002432,10,0.0334010381403746,-0.020802046059741102,0.0,1.0
T7_VS_LOSS,d1_afternoon_return,2026-05-26,2026-05,002741_2026-05-26,002741,14,0.0125989920806335,002938_2026-05-26,002938,2,-0.0048897658059534,0.0174887578865869,1.0,0.0
T7_VS_LOSS,d1_afternoon_return,2026-05-26,2026-05,002741_2026-05-26,002741,14,0.0125989920806335,600186_2026-05-26,600186,17,0.0091813312930373,0.0034176607875961995,1.0,0.0
T7_VS_LOSS,d1_afternoon_return,2026-05-26,2026-05,002741_2026-05-26,002741,14,0.0125989920806335,600234_2026-05-26,600234,11,0.0190245589761328,-0.0064255668954993,0.0,1.0
T7_VS_LOSS,d1_afternoon_return,2026-05-26,2026-05,002741_2026-05-26,002741,14,0.0125989920806335,603661_2026-05-26,603661,7,-0.0480182926829269,0.0606172847635604,1.0,0.0
T7_VS_LOSS,d1_afternoon_return,2026-05-26,2026-05,603256_2026-05-26,603256,1,0.0210426961301426,002432_2026-05-26,002432,10,0.0334010381403746,-0.012358342010232,0.0,1.0
T7_VS_LOSS,d1_afternoon_return,2026-05-26,2026-05,603256_2026-05-26,603256,1,0.0210426961301426,002938_2026-05-26,002938,2,-0.0048897658059534,0.025932461936096003,1.0,0.0
T7_VS_LOSS,d1_afternoon_return,2026-05-26,2026-05,603256_2026-05-26,603256,1,0.0210426961301426,600186_2026-05-26,600186,17,0.0091813312930373,0.011861364837105301,1.0,0.0
T7_VS_LOSS,d1_afternoon_return,2026-05-26,2026-05,603256_2026-05-26,603256,1,0.0210426961301426,600234_2026-05-26,600234,11,0.0190245589761328,0.002018137154009801,1.0,0.0
T7_VS_LOSS,d1_afternoon_return,2026-05-26,2026-05,603256_2026-05-26,603256,1,0.0210426961301426,603661_2026-05-26,603661,7,-0.0480182926829269,0.0690609888130695,1.0,0.0
T7_VS_LOSS,d1_afternoon_return,2026-05-26,2026-05,603663_2026-05-26,603663,4,-0.0046098685333789,002432_2026-05-26,002432,10,0.0334010381403746,-0.0380109066737535,0.0,1.0
T7_VS_LOSS,d1_afternoon_return,2026-05-26,2026-05,603663_2026-05-26,603663,4,-0.0046098685333789,002938_2026-05-26,002938,2,-0.0048897658059534,0.0002798972725745006,1.0,0.0
T7_VS_LOSS,d1_afternoon_return,2026-05-26,2026-05,603663_2026-05-26,603663,4,-0.0046098685333789,600186_2026-05-26,600186,17,0.0091813312930373,-0.0137911998264162,0.0,1.0
T7_VS_LOSS,d1_afternoon_return,2026-05-26,2026-05,603663_2026-05-26,603663,4,-0.0046098685333789,600234_2026-05-26,600234,11,0.0190245589761328,-0.0236344275095117,0.0,1.0
T7_VS_LOSS,d1_afternoon_return,2026-05-26,2026-05,603663_2026-05-26,603663,4,-0.0046098685333789,603661_2026-05-26,603661,7,-0.0480182926829269,0.043408424149548,1.0,0.0
T7_VS_LOSS,d1_afternoon_return,2026-05-26,2026-05,605580_2026-05-26,605580,9,-0.0030792917628945,002432_2026-05-26,002432,10,0.0334010381403746,-0.036480329903269104,0.0,1.0
T7_VS_LOSS,d1_afternoon_return,2026-05-26,2026-05,605580_2026-05-26,605580,9,-0.0030792917628945,002938_2026-05-26,002938,2,-0.0048897658059534,0.0018104740430589005,1.0,0.0
T7_VS_LOSS,d1_afternoon_return,2026-05-26,2026-05,605580_2026-05-26,605580,9,-0.0030792917628945,600186_2026-05-26,600186,17,0.0091813312930373,-0.012260623055931799,0.0,1.0
T7_VS_LOSS,d1_afternoon_return,2026-05-26,2026-05,605580_2026-05-26,605580,9,-0.0030792917628945,600234_2026-05-26,600234,11,0.0190245589761328,-0.0221038507390273,0.0,1.0
T7_VS_LOSS,d1_afternoon_return,2026-05-26,2026-05,605580_2026-05-26,605580,9,-0.0030792917628945,603661_2026-05-26,603661,7,-0.0480182926829269,0.0449390009200324,1.0,0.0
T7_VS_LOSS,d1_afternoon_return,2026-05-28,2026-05,000759_2026-05-28,000759,3,-0.0017301038062285,001257_2026-05-28,001257,2,-0.0223463687150837,0.020616264908855198,1.0,0.0
T7_VS_LOSS,d1_afternoon_return,2026-05-28,2026-05,002251_2026-05-28,002251,4,-0.0133333333333331,001257_2026-05-28,001257,2,-0.0223463687150837,0.009013035381750599,1.0,0.0
T7_VS_LOSS,d1_afternoon_return,2026-05-28,2026-05,002771_2026-05-28,002771,1,0.0213805742211361,001257_2026-05-28,001257,2,-0.0223463687150837,0.0437269429362198,1.0,0.0
T7_VS_LOSS,d1_afternoon_return,2026-05-29,2026-05,002579_2026-05-29,002579,3,-0.0216771249286937,603989_2026-05-29,603989,1,-0.0143132397467656,-0.007363885181928102,0.0,1.0
T7_VS_LOSS,d1_afternoon_return,2026-06-01,2026-06,002806_2026-06-01,002806,1,-0.0227392913802221,000090_2026-06-01,000090,3,-0.020253164556962,-0.002486126823260097,0.0,1.0
T7_VS_LOSS,d1_afternoon_return,2026-06-03,2026-06,603045_2026-06-03,603045,3,-0.0335113484646195,001210_2026-06-03,001210,1,0.0030734842134674,-0.0365848326780869,0.0,1.0
T7_VS_LOSS,d1_afternoon_return,2026-06-03,2026-06,603045_2026-06-03,603045,3,-0.0335113484646195,600280_2026-06-03,600280,6,0.0126903553299493,-0.046201703794568796,0.0,1.0
T7_VS_LOSS,d1_afternoon_return,2026-06-05,2026-06,001896_2026-06-05,001896,3,-0.0596026490066226,600439_2026-06-05,600439,6,-0.0329670329670329,-0.0266356160395897,0.0,1.0
T7_VS_LOSS,d1_afternoon_return,2026-06-05,2026-06,001896_2026-06-05,001896,3,-0.0596026490066226,605162_2026-06-05,605162,2,-0.0428015564202334,-0.016801092586389198,0.0,1.0
T7_VS_LOSS,d1_afternoon_return,2026-06-05,2026-06,600255_2026-06-05,600255,4,-0.0344086021505376,600439_2026-06-05,600439,6,-0.0329670329670329,-0.0014415691835047012,0.0,1.0
T7_VS_LOSS,d1_afternoon_return,2026-06-05,2026-06,600255_2026-06-05,600255,4,-0.0344086021505376,605162_2026-06-05,605162,2,-0.0428015564202334,0.008392954269695801,1.0,0.0
T7_VS_LOSS,d1_afternoon_return,2026-06-09,2026-06,603500_2026-06-09,603500,4,0.034029389017788,000068_2026-06-09,000068,8,-0.0231958762886597,0.0572252653064477,1.0,0.0
T7_VS_LOSS,d1_afternoon_return,2026-06-09,2026-06,603500_2026-06-09,603500,4,0.034029389017788,002421_2026-06-09,002421,7,0.0160427807486631,0.0179866082691249,1.0,0.0
T7_VS_LOSS,d1_afternoon_return,2026-06-09,2026-06,603500_2026-06-09,603500,4,0.034029389017788,002613_2026-06-09,002613,6,-0.0170454545454544,0.0510748435632424,1.0,0.0
T7_VS_LOSS,d1_afternoon_return,2026-06-09,2026-06,603500_2026-06-09,603500,4,0.034029389017788,003009_2026-06-09,003009,2,0.0237188365650971,0.0103105524526909,1.0,0.0
T7_VS_LOSS,d1_afternoon_return,2026-06-10,2026-06,001696_2026-06-10,001696,3,-0.0134645261522525,002362_2026-06-10,002362,5,-0.0222662048490845,0.008801678696831999,1.0,0.0
T7_VS_LOSS,d1_afternoon_return,2026-06-10,2026-06,002254_2026-06-10,002254,7,0.0171496156120638,002362_2026-06-10,002362,5,-0.0222662048490845,0.0394158204611483,1.0,0.0
T7_VS_LOSS,d1_afternoon_return,2026-06-10,2026-06,603186_2026-06-10,603186,2,0.016999813188866,002362_2026-06-10,002362,5,-0.0222662048490845,0.039266018037950504,1.0,0.0
T7_VS_LOSS,d1_afternoon_return,2026-06-10,2026-06,603929_2026-06-10,603929,1,0.0085384685257516,002362_2026-06-10,002362,5,-0.0222662048490845,0.030804673374836097,1.0,0.0
T7_VS_LOSS,d1_afternoon_return,2026-06-11,2026-06,002636_2026-06-11,002636,1,0.0120539443847713,002669_2026-06-11,002669,9,0.0,0.0120539443847713,1.0,0.0
T7_VS_LOSS,d1_afternoon_return,2026-06-11,2026-06,002636_2026-06-11,002636,1,0.0120539443847713,003026_2026-06-11,003026,3,-0.0201768933112216,0.0322308376959929,1.0,0.0
T7_VS_LOSS,d1_afternoon_return,2026-06-11,2026-06,605589_2026-06-11,605589,2,-0.0308230060374959,002669_2026-06-11,002669,9,0.0,-0.0308230060374959,0.0,1.0
T7_VS_LOSS,d1_afternoon_return,2026-06-11,2026-06,605589_2026-06-11,605589,2,-0.0308230060374959,003026_2026-06-11,003026,3,-0.0201768933112216,-0.0106461127262743,0.0,1.0
T7_VS_LOSS,d1_afternoon_return,2026-06-12,2026-06,002165_2026-06-12,002165,6,0.0197889182058048,000048_2026-06-12,000048,8,-0.051179126944305,0.0709680451501098,1.0,0.0
T7_VS_LOSS,d1_afternoon_return,2026-06-12,2026-06,002165_2026-06-12,002165,6,0.0197889182058048,600178_2026-06-12,600178,7,-0.0677808727948003,0.08756979100060511,1.0,0.0
T7_VS_LOSS,d1_afternoon_return,2026-06-12,2026-06,002409_2026-06-12,002409,2,-0.0163461538461536,000048_2026-06-12,000048,8,-0.051179126944305,0.0348329730981514,1.0,0.0
T7_VS_LOSS,d1_afternoon_return,2026-06-12,2026-06,002409_2026-06-12,002409,2,-0.0163461538461536,600178_2026-06-12,600178,7,-0.0677808727948003,0.0514347189486467,1.0,0.0
T7_VS_LOSS,d1_afternoon_return,2026-06-12,2026-06,600378_2026-06-12,600378,3,0.0,000048_2026-06-12,000048,8,-0.051179126944305,0.051179126944305,1.0,0.0
T7_VS_LOSS,d1_afternoon_return,2026-06-12,2026-06,600378_2026-06-12,600378,3,0.0,600178_2026-06-12,600178,7,-0.0677808727948003,0.0677808727948003,1.0,0.0
T7_VS_LOSS,d1_afternoon_return,2026-06-12,2026-06,603155_2026-06-12,603155,4,-0.0004420866489832,000048_2026-06-12,000048,8,-0.051179126944305,0.0507370402953218,1.0,0.0
T7_VS_LOSS,d1_afternoon_return,2026-06-12,2026-06,603155_2026-06-12,603155,4,-0.0004420866489832,600178_2026-06-12,600178,7,-0.0677808727948003,0.0673387861458171,1.0,0.0
T7_VS_LOSS,d1_afternoon_return,2026-06-16,2026-06,001359_2026-06-16,001359,1,-0.0042650918635169,000506_2026-06-16,000506,5,-0.0155440414507772,0.0112789495872603,1.0,0.0
T7_VS_LOSS,d1_afternoon_return,2026-06-16,2026-06,001359_2026-06-16,001359,1,-0.0042650918635169,000510_2026-06-16,000510,4,0.004816112084063,-0.0090812039475799,0.0,1.0
T7_VS_LOSS,d1_afternoon_return,2026-06-16,2026-06,001359_2026-06-16,001359,1,-0.0042650918635169,601696_2026-06-16,601696,6,0.0246533127889059,-0.028918404652422798,0.0,1.0
T7_VS_LOSS,d1_afternoon_return,2026-06-16,2026-06,603335_2026-06-16,603335,7,0.0114810562571756,000506_2026-06-16,000506,5,-0.0155440414507772,0.0270250977079528,1.0,0.0
T7_VS_LOSS,d1_afternoon_return,2026-06-16,2026-06,603335_2026-06-16,603335,7,0.0114810562571756,000510_2026-06-16,000510,4,0.004816112084063,0.0066649441731126005,1.0,0.0
T7_VS_LOSS,d1_afternoon_return,2026-06-16,2026-06,603335_2026-06-16,603335,7,0.0114810562571756,601696_2026-06-16,601696,6,0.0246533127889059,-0.013172256531730299,0.0,1.0
T7_VS_LOSS,d1_afternoon_return,2026-06-16,2026-06,603738_2026-06-16,603738,3,-0.0157801418439716,000506_2026-06-16,000506,5,-0.0155440414507772,-0.00023610039319439842,0.0,1.0
T7_VS_LOSS,d1_afternoon_return,2026-06-16,2026-06,603738_2026-06-16,603738,3,-0.0157801418439716,000510_2026-06-16,000510,4,0.004816112084063,-0.0205962539280346,0.0,1.0
T7_VS_LOSS,d1_afternoon_return,2026-06-16,2026-06,603738_2026-06-16,603738,3,-0.0157801418439716,601696_2026-06-16,601696,6,0.0246533127889059,-0.040433454632877494,0.0,1.0
T7_VS_LOSS,d1_afternoon_return,2026-06-17,2026-06,002051_2026-06-17,002051,15,0.0,605198_2026-06-17,605198,3,0.0484951870354575,-0.0484951870354575,0.0,1.0
T7_VS_LOSS,d1_afternoon_return,2026-06-17,2026-06,002515_2026-06-17,002515,17,-0.0083769633507853,605198_2026-06-17,605198,3,0.0484951870354575,-0.0568721503862428,0.0,1.0
T7_VS_LOSS,d1_afternoon_return,2026-06-17,2026-06,002552_2026-06-17,002552,4,0.0006933851060879,605198_2026-06-17,605198,3,0.0484951870354575,-0.0478018019293696,0.0,1.0
T7_VS_LOSS,d1_afternoon_return,2026-06-17,2026-06,002824_2026-06-17,002824,8,0.0312769010043041,605198_2026-06-17,605198,3,0.0484951870354575,-0.0172182860311534,0.0,1.0
T7_VS_LOSS,d1_afternoon_return,2026-06-17,2026-06,002851_2026-06-17,002851,7,0.0129090703204619,605198_2026-06-17,605198,3,0.0484951870354575,-0.0355861167149956,0.0,1.0
T7_VS_LOSS,d1_afternoon_return,2026-06-17,2026-06,002990_2026-06-17,002990,11,-0.0027782922763474,605198_2026-06-17,605198,3,0.0484951870354575,-0.0512734793118049,0.0,1.0
T7_VS_LOSS,d1_afternoon_return,2026-06-17,2026-06,600545_2026-06-17,600545,16,-0.0149476831091182,605198_2026-06-17,605198,3,0.0484951870354575,-0.0634428701445757,0.0,1.0
T7_VS_LOSS,d1_afternoon_return,2026-06-17,2026-06,600549_2026-06-17,600549,6,-0.0014822134387351,605198_2026-06-17,605198,3,0.0484951870354575,-0.0499774004741926,0.0,1.0
T7_VS_LOSS,d1_afternoon_return,2026-06-17,2026-06,600703_2026-06-17,600703,13,-0.0057937427578216,605198_2026-06-17,605198,3,0.0484951870354575,-0.0542889297932791,0.0,1.0
T7_VS_LOSS,d1_afternoon_return,2026-06-17,2026-06,601179_2026-06-17,601179,14,-0.0012650221378874,605198_2026-06-17,605198,3,0.0484951870354575,-0.0497602091733449,0.0,1.0
T7_VS_LOSS,d1_afternoon_return,2026-06-17,2026-06,603256_2026-06-17,603256,1,0.0072362278244628,605198_2026-06-17,605198,3,0.0484951870354575,-0.0412589592109947,0.0,1.0
T7_VS_LOSS,d1_afternoon_return,2026-06-17,2026-06,603516_2026-06-17,603516,2,0.0029579235376766,605198_2026-06-17,605198,3,0.0484951870354575,-0.0455372634977809,0.0,1.0
T7_VS_LOSS,d1_afternoon_return,2026-06-18,2026-06,600707_2026-06-18,600707,10,-0.0159663865546217,002484_2026-06-18,002484,8,0.0103786816269284,-0.0263450681815501,0.0,1.0
T7_VS_LOSS,d1_afternoon_return,2026-06-18,2026-06,600707_2026-06-18,600707,10,-0.0159663865546217,002741_2026-06-18,002741,3,0.0299251870324188,-0.0458915735870405,0.0,1.0
T7_VS_LOSS,d1_afternoon_return,2026-06-18,2026-06,600707_2026-06-18,600707,10,-0.0159663865546217,600110_2026-06-18,600110,4,0.0057240984544935,-0.021690485009115197,0.0,1.0
T7_VS_LOSS,d1_afternoon_return,2026-06-18,2026-06,600707_2026-06-18,600707,10,-0.0159663865546217,600615_2026-06-18,600615,12,0.0,-0.0159663865546217,0.0,1.0
T7_VS_LOSS,d1_afternoon_return,2026-06-18,2026-06,603002_2026-06-18,603002,7,0.0081231295425394,002484_2026-06-18,002484,8,0.0103786816269284,-0.002255552084389,0.0,1.0
T7_VS_LOSS,d1_afternoon_return,2026-06-18,2026-06,603002_2026-06-18,603002,7,0.0081231295425394,002741_2026-06-18,002741,3,0.0299251870324188,-0.0218020574898794,0.0,1.0
T7_VS_LOSS,d1_afternoon_return,2026-06-18,2026-06,603002_2026-06-18,603002,7,0.0081231295425394,600110_2026-06-18,600110,4,0.0057240984544935,0.0023990310880459007,1.0,0.0
T7_VS_LOSS,d1_afternoon_return,2026-06-18,2026-06,603002_2026-06-18,603002,7,0.0081231295425394,600615_2026-06-18,600615,12,0.0,0.0081231295425394,1.0,0.0
T7_VS_LOSS,d1_afternoon_return,2026-06-22,2026-06,002141_2026-06-22,002141,6,-0.0066225165562914,002579_2026-06-22,002579,5,0.0506958250497018,-0.057318341605993195,0.0,1.0
T7_VS_LOSS,d1_afternoon_return,2026-06-22,2026-06,002491_2026-06-22,002491,3,0.0173548773189706,002579_2026-06-22,002579,5,0.0506958250497018,-0.033340947730731194,0.0,1.0
T7_VS_LOSS,d1_afternoon_return,2026-06-22,2026-06,603261_2026-06-22,603261,1,-0.0097560975609756,002579_2026-06-22,002579,5,0.0506958250497018,-0.060451922610677396,0.0,1.0
T7_VS_LOSS,d1_afternoon_return,2026-06-22,2026-06,603324_2026-06-22,603324,7,0.0255152109911678,002579_2026-06-22,002579,5,0.0506958250497018,-0.025180614058533998,0.0,1.0
T7_VS_LOSS,d1_afternoon_return,2026-06-24,2026-06,000571_2026-06-24,000571,15,0.0016,000070_2026-06-24,000070,5,0.0296747967479673,-0.0280747967479673,0.0,1.0
T7_VS_LOSS,d1_afternoon_return,2026-06-24,2026-06,000571_2026-06-24,000571,15,0.0016,002830_2026-06-24,002830,7,0.0073905628197838,-0.0057905628197838,0.0,1.0
T7_VS_LOSS,d1_afternoon_return,2026-06-24,2026-06,000571_2026-06-24,000571,15,0.0016,600851_2026-06-24,600851,4,-0.0561272217025257,0.0577272217025257,1.0,0.0
T7_VS_LOSS,d1_afternoon_return,2026-06-24,2026-06,000571_2026-06-24,000571,15,0.0016,601869_2026-06-24,601869,2,0.0249160629086411,-0.0233160629086411,0.0,1.0
T7_VS_LOSS,d1_afternoon_return,2026-06-24,2026-06,000571_2026-06-24,000571,15,0.0016,605377_2026-06-24,605377,12,-0.004310344827586,0.005910344827586,1.0,0.0
T7_VS_LOSS,d1_afternoon_return,2026-06-24,2026-06,000571_2026-06-24,000571,15,0.0016,605580_2026-06-24,605580,3,0.0990634005763688,-0.09746340057636879,0.0,1.0
T7_VS_LOSS,d1_afternoon_return,2026-06-24,2026-06,000783_2026-06-24,000783,11,0.013172338090011,000070_2026-06-24,000070,5,0.0296747967479673,-0.016502458657956298,0.0,1.0
T7_VS_LOSS,d1_afternoon_return,2026-06-24,2026-06,000783_2026-06-24,000783,11,0.013172338090011,002830_2026-06-24,002830,7,0.0073905628197838,0.005781775270227201,1.0,0.0
T7_VS_LOSS,d1_afternoon_return,2026-06-24,2026-06,000783_2026-06-24,000783,11,0.013172338090011,600851_2026-06-24,600851,4,-0.0561272217025257,0.0692995597925367,1.0,0.0
T7_VS_LOSS,d1_afternoon_return,2026-06-24,2026-06,000783_2026-06-24,000783,11,0.013172338090011,601869_2026-06-24,601869,2,0.0249160629086411,-0.011743724818630098,0.0,1.0
T7_VS_LOSS,d1_afternoon_return,2026-06-24,2026-06,000783_2026-06-24,000783,11,0.013172338090011,605377_2026-06-24,605377,12,-0.004310344827586,0.017482682917597,1.0,0.0
T7_VS_LOSS,d1_afternoon_return,2026-06-24,2026-06,000783_2026-06-24,000783,11,0.013172338090011,605580_2026-06-24,605580,3,0.0990634005763688,-0.08589106248635779,0.0,1.0
T7_VS_LOSS,d1_afternoon_return,2026-06-24,2026-06,600400_2026-06-24,600400,10,0.0194805194805194,000070_2026-06-24,000070,5,0.0296747967479673,-0.010194277267447899,0.0,1.0
T7_VS_LOSS,d1_afternoon_return,2026-06-24,2026-06,600400_2026-06-24,600400,10,0.0194805194805194,002830_2026-06-24,002830,7,0.0073905628197838,0.0120899566607356,1.0,0.0
T7_VS_LOSS,d1_afternoon_return,2026-06-24,2026-06,600400_2026-06-24,600400,10,0.0194805194805194,600851_2026-06-24,600851,4,-0.0561272217025257,0.0756077411830451,1.0,0.0
T7_VS_LOSS,d1_afternoon_return,2026-06-24,2026-06,600400_2026-06-24,600400,10,0.0194805194805194,601869_2026-06-24,601869,2,0.0249160629086411,-0.005435543428121699,0.0,1.0
T7_VS_LOSS,d1_afternoon_return,2026-06-24,2026-06,600400_2026-06-24,600400,10,0.0194805194805194,605377_2026-06-24,605377,12,-0.004310344827586,0.0237908643081054,1.0,0.0
T7_VS_LOSS,d1_afternoon_return,2026-06-24,2026-06,600400_2026-06-24,600400,10,0.0194805194805194,605580_2026-06-24,605580,3,0.0990634005763688,-0.07958288109584939,0.0,1.0
T7_VS_LOSS,d1_afternoon_return,2026-06-25,2026-06,002687_2026-06-25,002687,9,0.0,000566_2026-06-25,000566,7,0.0455580865603644,-0.0455580865603644,0.0,1.0
T7_VS_LOSS,d1_afternoon_return,2026-06-25,2026-06,002687_2026-06-25,002687,9,0.0,002580_2026-06-25,002580,3,0.0124148978774529,-0.0124148978774529,0.0,1.0
T7_VS_LOSS,d1_afternoon_return,2026-06-25,2026-06,002687_2026-06-25,002687,9,0.0,600379_2026-06-25,600379,1,0.0046357615894039,-0.0046357615894039,0.0,1.0
T7_VS_LOSS,d1_afternoon_return,2026-06-25,2026-06,600909_2026-06-25,600909,2,0.02991452991453,000566_2026-06-25,000566,7,0.0455580865603644,-0.0156435566458344,0.0,1.0
T7_VS_LOSS,d1_afternoon_return,2026-06-25,2026-06,600909_2026-06-25,600909,2,0.02991452991453,002580_2026-06-25,002580,3,0.0124148978774529,0.0174996320370771,1.0,0.0
T7_VS_LOSS,d1_afternoon_return,2026-06-25,2026-06,600909_2026-06-25,600909,2,0.02991452991453,600379_2026-06-25,600379,1,0.0046357615894039,0.0252787683251261,1.0,0.0
T7_VS_LOSS,d1_afternoon_return,2026-06-25,2026-06,603938_2026-06-25,603938,4,0.0017251293847038,000566_2026-06-25,000566,7,0.0455580865603644,-0.043832957175660596,0.0,1.0
T7_VS_LOSS,d1_afternoon_return,2026-06-25,2026-06,603938_2026-06-25,603938,4,0.0017251293847038,002580_2026-06-25,002580,3,0.0124148978774529,-0.010689768492749099,0.0,1.0
T7_VS_LOSS,d1_afternoon_return,2026-06-25,2026-06,603938_2026-06-25,603938,4,0.0017251293847038,600379_2026-06-25,600379,1,0.0046357615894039,-0.0029106322047001004,0.0,1.0
T7_VS_LOSS,d1_afternoon_return,2026-06-25,2026-06,605069_2026-06-25,605069,5,0.0222531293463141,000566_2026-06-25,000566,7,0.0455580865603644,-0.0233049572140503,0.0,1.0
T7_VS_LOSS,d1_afternoon_return,2026-06-25,2026-06,605069_2026-06-25,605069,5,0.0222531293463141,002580_2026-06-25,002580,3,0.0124148978774529,0.0098382314688612,1.0,0.0
T7_VS_LOSS,d1_afternoon_return,2026-06-25,2026-06,605069_2026-06-25,605069,5,0.0222531293463141,600379_2026-06-25,600379,1,0.0046357615894039,0.0176173677569102,1.0,0.0
T7_VS_LOSS,d1_afternoon_return,2026-06-26,2026-06,000818_2026-06-26,000818,9,0.0028715003589376,002080_2026-06-26,002080,7,0.003802672147996,-0.0009311717890584,0.0,1.0
T7_VS_LOSS,d1_afternoon_return,2026-06-26,2026-06,000818_2026-06-26,000818,9,0.0028715003589376,002254_2026-06-26,002254,12,-0.0102301790281329,0.013101679387070499,1.0,0.0
T7_VS_LOSS,d1_afternoon_return,2026-06-26,2026-06,000818_2026-06-26,000818,9,0.0028715003589376,600141_2026-06-26,600141,8,0.002671049928087,0.0002004504308506,1.0,0.0
T7_VS_LOSS,d1_afternoon_return,2026-06-26,2026-06,000818_2026-06-26,000818,9,0.0028715003589376,603713_2026-06-26,603713,10,-0.0216216216216217,0.0244931219805593,1.0,0.0
T7_VS_LOSS,d1_afternoon_return,2026-06-26,2026-06,000818_2026-06-26,000818,9,0.0028715003589376,603989_2026-06-26,603989,4,-0.0146049621678691,0.0174764625268067,1.0,0.0
T7_VS_LOSS,d1_afternoon_return,2026-06-26,2026-06,002025_2026-06-26,002025,6,0.0195581820740116,002080_2026-06-26,002080,7,0.003802672147996,0.0157555099260156,1.0,0.0
T7_VS_LOSS,d1_afternoon_return,2026-06-26,2026-06,002025_2026-06-26,002025,6,0.0195581820740116,002254_2026-06-26,002254,12,-0.0102301790281329,0.0297883611021445,1.0,0.0
T7_VS_LOSS,d1_afternoon_return,2026-06-26,2026-06,002025_2026-06-26,002025,6,0.0195581820740116,600141_2026-06-26,600141,8,0.002671049928087,0.016887132145924598,1.0,0.0
T7_VS_LOSS,d1_afternoon_return,2026-06-26,2026-06,002025_2026-06-26,002025,6,0.0195581820740116,603713_2026-06-26,603713,10,-0.0216216216216217,0.0411798036956333,1.0,0.0
T7_VS_LOSS,d1_afternoon_return,2026-06-26,2026-06,002025_2026-06-26,002025,6,0.0195581820740116,603989_2026-06-26,603989,4,-0.0146049621678691,0.0341631442418807,1.0,0.0
T7_VS_LOSS,d1_afternoon_return,2026-06-26,2026-06,002990_2026-06-26,002990,3,-0.0045009266613714,002080_2026-06-26,002080,7,0.003802672147996,-0.0083035988093674,0.0,1.0
T7_VS_LOSS,d1_afternoon_return,2026-06-26,2026-06,002990_2026-06-26,002990,3,-0.0045009266613714,002254_2026-06-26,002254,12,-0.0102301790281329,0.005729252366761499,1.0,0.0
T7_VS_LOSS,d1_afternoon_return,2026-06-26,2026-06,002990_2026-06-26,002990,3,-0.0045009266613714,600141_2026-06-26,600141,8,0.002671049928087,-0.0071719765894584005,0.0,1.0
T7_VS_LOSS,d1_afternoon_return,2026-06-26,2026-06,002990_2026-06-26,002990,3,-0.0045009266613714,603713_2026-06-26,603713,10,-0.0216216216216217,0.017120694960250298,1.0,0.0
T7_VS_LOSS,d1_afternoon_return,2026-06-26,2026-06,002990_2026-06-26,002990,3,-0.0045009266613714,603989_2026-06-26,603989,4,-0.0146049621678691,0.010104035506497699,1.0,0.0
T7_VS_LOSS,d1_afternoon_return,2026-06-29,2026-06,000823_2026-06-29,000823,1,0.0128855915657946,600228_2026-06-29,600228,4,0.0119165839126116,0.0009690076531829999,1.0,0.0
T7_VS_LOSS,d1_afternoon_return,2026-06-29,2026-06,002965_2026-06-29,002965,3,-0.0070196550340955,600228_2026-06-29,600228,4,0.0119165839126116,-0.018936238946707103,0.0,1.0
T7_VS_LOSS,d1_afternoon_return,2026-06-29,2026-06,600962_2026-06-29,600962,2,-0.0095563139931741,600228_2026-06-29,600228,4,0.0119165839126116,-0.0214728979057857,0.0,1.0
T7_VS_LOSS,d1_afternoon_return,2026-06-30,2026-06,603155_2026-06-30,603155,3,0.0185317177476835,601133_2026-06-30,601133,1,0.0227589410125406,-0.004227223264857097,0.0,1.0
T7_VS_LOSS,d1_afternoon_return,2026-06-30,2026-06,603155_2026-06-30,603155,3,0.0185317177476835,603163_2026-06-30,603163,2,0.0120198949986185,0.0065118227490650014,1.0,0.0
T7_VS_LOSS,d1_afternoon_return,2026-07-01,2026-07,003043_2026-07-01,003043,1,0.0382995396219021,001237_2026-07-01,001237,3,0.015967786725909594,0.022331752895992506,1.0,0.0
T7_VS_LOSS,d1_afternoon_return,2026-07-01,2026-07,003043_2026-07-01,003043,1,0.0382995396219021,002638_2026-07-01,002638,17,0.0045871559633026,0.0337123836585995,1.0,0.0
T7_VS_LOSS,d1_afternoon_return,2026-07-01,2026-07,003043_2026-07-01,003043,1,0.0382995396219021,600707_2026-07-01,600707,9,0.0273414776032576,0.0109580620186445,1.0,0.0
T7_VS_LOSS,d1_afternoon_return,2026-07-01,2026-07,600378_2026-07-01,600378,6,-0.005524861878453,001237_2026-07-01,001237,3,0.015967786725909594,-0.021492648604362594,0.0,1.0
T7_VS_LOSS,d1_afternoon_return,2026-07-01,2026-07,600378_2026-07-01,600378,6,-0.005524861878453,002638_2026-07-01,002638,17,0.0045871559633026,-0.0101120178417556,0.0,1.0
T7_VS_LOSS,d1_afternoon_return,2026-07-01,2026-07,600378_2026-07-01,600378,6,-0.005524861878453,600707_2026-07-01,600707,9,0.0273414776032576,-0.032866339481710596,0.0,1.0
T7_VS_LOSS,d1_afternoon_return,2026-07-01,2026-07,603928_2026-07-01,603928,8,-0.0354989953114533,001237_2026-07-01,001237,3,0.015967786725909594,-0.05146678203736289,0.0,1.0
T7_VS_LOSS,d1_afternoon_return,2026-07-01,2026-07,603928_2026-07-01,603928,8,-0.0354989953114533,002638_2026-07-01,002638,17,0.0045871559633026,-0.0400861512747559,0.0,1.0
T7_VS_LOSS,d1_afternoon_return,2026-07-01,2026-07,603928_2026-07-01,603928,8,-0.0354989953114533,600707_2026-07-01,600707,9,0.0273414776032576,-0.0628404729147109,0.0,1.0
T7_VS_LOSS,d1_afternoon_return,2026-07-02,2026-07,002396_2026-07-02,002396,12,-0.0401624548736462,001399_2026-07-02,001399,6,-0.06266266266266274,0.02250020778901654,1.0,0.0
T7_VS_LOSS,d1_afternoon_return,2026-07-02,2026-07,002396_2026-07-02,002396,12,-0.0401624548736462,002273_2026-07-02,002273,11,-0.0547480620155038,0.014585607141857602,1.0,0.0
T7_VS_LOSS,d1_afternoon_return,2026-07-02,2026-07,002396_2026-07-02,002396,12,-0.0401624548736462,002407_2026-07-02,002407,5,-0.0261147628353171,-0.014047692038329097,0.0,1.0
T7_VS_LOSS,d1_afternoon_return,2026-07-02,2026-07,002396_2026-07-02,002396,12,-0.0401624548736462,600113_2026-07-02,600113,9,-0.0013812154696133,-0.0387812394040329,0.0,1.0
T7_VS_LOSS,d1_afternoon_return,2026-07-02,2026-07,002396_2026-07-02,002396,12,-0.0401624548736462,603120_2026-07-02,603120,2,-0.0014885874958651,-0.0386738673777811,0.0,1.0
T7_VS_LOSS,d1_afternoon_return,2026-07-02,2026-07,002396_2026-07-02,002396,12,-0.0401624548736462,603212_2026-07-02,603212,18,-0.0303490136570562,-0.009813441216589999,0.0,1.0
T7_VS_LOSS,d1_afternoon_return,2026-07-02,2026-07,002396_2026-07-02,002396,12,-0.0401624548736462,603379_2026-07-02,603379,1,-0.0318914530905717,-0.008271001783074494,0.0,1.0
T7_VS_LOSS,d1_afternoon_return,2026-07-02,2026-07,002747_2026-07-02,002747,14,-0.0104546559688791,001399_2026-07-02,001399,6,-0.06266266266266274,0.052208006693783636,1.0,0.0
T7_VS_LOSS,d1_afternoon_return,2026-07-02,2026-07,002747_2026-07-02,002747,14,-0.0104546559688791,002273_2026-07-02,002273,11,-0.0547480620155038,0.0442934060466247,1.0,0.0
T7_VS_LOSS,d1_afternoon_return,2026-07-02,2026-07,002747_2026-07-02,002747,14,-0.0104546559688791,002407_2026-07-02,002407,5,-0.0261147628353171,0.015660106866437998,1.0,0.0
T7_VS_LOSS,d1_afternoon_return,2026-07-02,2026-07,002747_2026-07-02,002747,14,-0.0104546559688791,600113_2026-07-02,600113,9,-0.0013812154696133,-0.009073440499265801,0.0,1.0
T7_VS_LOSS,d1_afternoon_return,2026-07-02,2026-07,002747_2026-07-02,002747,14,-0.0104546559688791,603120_2026-07-02,603120,2,-0.0014885874958651,-0.008966068473014,0.0,1.0
T7_VS_LOSS,d1_afternoon_return,2026-07-02,2026-07,002747_2026-07-02,002747,14,-0.0104546559688791,603212_2026-07-02,603212,18,-0.0303490136570562,0.0198943576881771,1.0,0.0
T7_VS_LOSS,d1_afternoon_return,2026-07-02,2026-07,002747_2026-07-02,002747,14,-0.0104546559688791,603379_2026-07-02,603379,1,-0.0318914530905717,0.0214367971216926,1.0,0.0
T7_VS_LOSS,d1_afternoon_return,2026-07-03,2026-07,603538_2026-07-03,603538,2,0.0104139546992971,000536_2026-07-03,000536,10,0.0,0.0104139546992971,1.0,0.0
T7_VS_LOSS,d1_afternoon_return,2026-07-03,2026-07,603538_2026-07-03,603538,2,0.0104139546992971,002559_2026-07-03,002559,7,-0.0104239054899235,0.0208378601892206,1.0,0.0
T7_VS_LOSS,d1_afternoon_return,2026-07-03,2026-07,603538_2026-07-03,603538,2,0.0104139546992971,002971_2026-07-03,002971,3,-0.0074916759156491,0.0179056306149462,1.0,0.0
T7_VS_LOSS,d1_afternoon_return,2026-07-03,2026-07,603538_2026-07-03,603538,2,0.0104139546992971,600641_2026-07-03,600641,1,-0.044833132287897,0.055247086987194105,1.0,0.0
T7_VS_LOSS,d1_afternoon_return,2026-07-03,2026-07,603538_2026-07-03,603538,2,0.0104139546992971,603505_2026-07-03,603505,5,-0.0124888492417485,0.022902803941045602,1.0,0.0
T7_VS_LOSS,d1_afternoon_return,2026-07-03,2026-07,603538_2026-07-03,603538,2,0.0104139546992971,605488_2026-07-03,605488,4,0.0046082949308756,0.0058056597684215,1.0,0.0
T7_VS_LOSS,d1_afternoon_return,2026-07-06,2026-07,000506_2026-07-06,000506,5,-0.0331858407079647,000576_2026-07-06,000576,10,0.0145118733509235,-0.0476977140588882,0.0,1.0
T7_VS_LOSS,d1_afternoon_return,2026-07-06,2026-07,000506_2026-07-06,000506,5,-0.0331858407079647,000595_2026-07-06,000595,11,0.0338164251207728,-0.0670022658287375,0.0,1.0
T7_VS_LOSS,d1_afternoon_return,2026-07-06,2026-07,000506_2026-07-06,000506,5,-0.0331858407079647,002979_2026-07-06,002979,1,-0.0338871308016878,0.000701290093723099,1.0,0.0
T7_VS_LOSS,d1_afternoon_return,2026-07-06,2026-07,000506_2026-07-06,000506,5,-0.0331858407079647,603286_2026-07-06,603286,2,-0.0128437047756874,-0.0203421359322773,0.0,1.0
T7_VS_LOSS,d1_afternoon_return,2026-07-06,2026-07,000506_2026-07-06,000506,5,-0.0331858407079647,603559_2026-07-06,603559,12,-0.0302375809935204,-0.0029482597144443005,0.0,1.0
T7_VS_LOSS,d1_afternoon_return,2026-07-06,2026-07,000506_2026-07-06,000506,5,-0.0331858407079647,603717_2026-07-06,603717,13,-0.0014409221902018,-0.0317449185177629,0.0,1.0
T7_VS_LOSS,d1_afternoon_return,2026-07-06,2026-07,000506_2026-07-06,000506,5,-0.0331858407079647,605189_2026-07-06,605189,8,-0.0219354838709677,-0.011250356836997003,0.0,1.0
T7_VS_LOSS,d1_afternoon_return,2026-07-06,2026-07,001317_2026-07-06,001317,9,0.0,000576_2026-07-06,000576,10,0.0145118733509235,-0.0145118733509235,0.0,1.0
T7_VS_LOSS,d1_afternoon_return,2026-07-06,2026-07,001317_2026-07-06,001317,9,0.0,000595_2026-07-06,000595,11,0.0338164251207728,-0.0338164251207728,0.0,1.0
T7_VS_LOSS,d1_afternoon_return,2026-07-06,2026-07,001317_2026-07-06,001317,9,0.0,002979_2026-07-06,002979,1,-0.0338871308016878,0.0338871308016878,1.0,0.0
T7_VS_LOSS,d1_afternoon_return,2026-07-06,2026-07,001317_2026-07-06,001317,9,0.0,603286_2026-07-06,603286,2,-0.0128437047756874,0.0128437047756874,1.0,0.0
T7_VS_LOSS,d1_afternoon_return,2026-07-06,2026-07,001317_2026-07-06,001317,9,0.0,603559_2026-07-06,603559,12,-0.0302375809935204,0.0302375809935204,1.0,0.0
T7_VS_LOSS,d1_afternoon_return,2026-07-06,2026-07,001317_2026-07-06,001317,9,0.0,603717_2026-07-06,603717,13,-0.0014409221902018,0.0014409221902018,1.0,0.0
T7_VS_LOSS,d1_afternoon_return,2026-07-06,2026-07,001317_2026-07-06,001317,9,0.0,605189_2026-07-06,605189,8,-0.0219354838709677,0.0219354838709677,1.0,0.0
T7_VS_LOSS,d1_afternoon_return,2026-07-06,2026-07,603580_2026-07-06,603580,4,-0.0742305371152686,000576_2026-07-06,000576,10,0.0145118733509235,-0.0887424104661921,0.0,1.0
T7_VS_LOSS,d1_afternoon_return,2026-07-06,2026-07,603580_2026-07-06,603580,4,-0.0742305371152686,000595_2026-07-06,000595,11,0.0338164251207728,-0.1080469622360414,0.0,1.0
T7_VS_LOSS,d1_afternoon_return,2026-07-06,2026-07,603580_2026-07-06,603580,4,-0.0742305371152686,002979_2026-07-06,002979,1,-0.0338871308016878,-0.0403434063135808,0.0,1.0
T7_VS_LOSS,d1_afternoon_return,2026-07-06,2026-07,603580_2026-07-06,603580,4,-0.0742305371152686,603286_2026-07-06,603286,2,-0.0128437047756874,-0.0613868323395812,0.0,1.0
T7_VS_LOSS,d1_afternoon_return,2026-07-06,2026-07,603580_2026-07-06,603580,4,-0.0742305371152686,603559_2026-07-06,603559,12,-0.0302375809935204,-0.043992956121748195,0.0,1.0
T7_VS_LOSS,d1_afternoon_return,2026-07-06,2026-07,603580_2026-07-06,603580,4,-0.0742305371152686,603717_2026-07-06,603717,13,-0.0014409221902018,-0.0727896149250668,0.0,1.0
T7_VS_LOSS,d1_afternoon_return,2026-07-06,2026-07,603580_2026-07-06,603580,4,-0.0742305371152686,605189_2026-07-06,605189,8,-0.0219354838709677,-0.0522950532443009,0.0,1.0
T7_VS_LOSS,d1_afternoon_return,2026-07-09,2026-07,001229_2026-07-09,001229,1,0.0301314000906207,002951_2026-07-09,002951,4,0.0484406104844061,-0.0183092103937854,0.0,1.0
T7_VS_LOSS,d1_afternoon_return,2026-07-09,2026-07,001365_2026-07-09,001365,2,-0.05471246006389763,002951_2026-07-09,002951,4,0.0484406104844061,-0.10315307054830372,0.0,1.0
T7_VS_LOSS,d1_afternoon_return,2026-07-10,2026-07,002490_2026-07-10,002490,4,-0.0025974025974027,000977_2026-07-10,000977,1,-0.0443044731504217,0.041707070553019,1.0,0.0
T7_VS_LOSS,d1_afternoon_return,2026-07-10,2026-07,002490_2026-07-10,002490,4,-0.0025974025974027,603928_2026-07-10,603928,3,0.0591549295774649,-0.0617523321748676,0.0,1.0
T7_VS_LOSS,d1_afternoon_return,2026-07-16,2026-07,001388_2026-07-16,001388,1,0.0327117089575053,002141_2026-07-16,002141,7,-0.0421393841166936,0.0748510930741989,1.0,0.0
T7_VS_LOSS,d1_afternoon_return,2026-07-16,2026-07,001388_2026-07-16,001388,1,0.0327117089575053,600829_2026-07-16,600829,10,-0.0009606147934677,0.033672323750973,1.0,0.0
T7_VS_LOSS,d1_afternoon_return,2026-07-16,2026-07,001388_2026-07-16,001388,1,0.0327117089575053,605189_2026-07-16,605189,6,-0.0192666252330639,0.0519783341905692,1.0,0.0
T7_VS_LOSS,d1_afternoon_return,2026-07-16,2026-07,001388_2026-07-16,001388,1,0.0327117089575053,605255_2026-07-16,605255,2,-0.0719101123595505,0.1046218213170558,1.0,0.0
T7_VS_LOSS,d1_afternoon_return,2026-07-16,2026-07,002432_2026-07-16,002432,4,-0.0229339123354592,002141_2026-07-16,002141,7,-0.0421393841166936,0.019205471781234402,1.0,0.0
T7_VS_LOSS,d1_afternoon_return,2026-07-16,2026-07,002432_2026-07-16,002432,4,-0.0229339123354592,600829_2026-07-16,600829,10,-0.0009606147934677,-0.0219732975419915,0.0,1.0
T7_VS_LOSS,d1_afternoon_return,2026-07-16,2026-07,002432_2026-07-16,002432,4,-0.0229339123354592,605189_2026-07-16,605189,6,-0.0192666252330639,-0.003667287102395299,0.0,1.0
T7_VS_LOSS,d1_afternoon_return,2026-07-16,2026-07,002432_2026-07-16,002432,4,-0.0229339123354592,605255_2026-07-16,605255,2,-0.0719101123595505,0.048976200024091296,1.0,0.0
T7_VS_LOSS,d1_afternoon_return,2026-07-16,2026-07,600227_2026-07-16,600227,12,-0.0211267605633802,002141_2026-07-16,002141,7,-0.0421393841166936,0.0210126235533134,1.0,0.0
T7_VS_LOSS,d1_afternoon_return,2026-07-16,2026-07,600227_2026-07-16,600227,12,-0.0211267605633802,600829_2026-07-16,600829,10,-0.0009606147934677,-0.0201661457699125,0.0,1.0
T7_VS_LOSS,d1_afternoon_return,2026-07-16,2026-07,600227_2026-07-16,600227,12,-0.0211267605633802,605189_2026-07-16,605189,6,-0.0192666252330639,-0.001860135330316301,0.0,1.0
T7_VS_LOSS,d1_afternoon_return,2026-07-16,2026-07,600227_2026-07-16,600227,12,-0.0211267605633802,605255_2026-07-16,605255,2,-0.0719101123595505,0.0507833517961703,1.0,0.0
T7_VS_LOSS,d1_afternoon_return,2026-07-16,2026-07,600746_2026-07-16,600746,5,0.0166112956810631,002141_2026-07-16,002141,7,-0.0421393841166936,0.0587506797977567,1.0,0.0
T7_VS_LOSS,d1_afternoon_return,2026-07-16,2026-07,600746_2026-07-16,600746,5,0.0166112956810631,600829_2026-07-16,600829,10,-0.0009606147934677,0.0175719104745308,1.0,0.0
T7_VS_LOSS,d1_afternoon_return,2026-07-16,2026-07,600746_2026-07-16,600746,5,0.0166112956810631,605189_2026-07-16,605189,6,-0.0192666252330639,0.035877920914127004,1.0,0.0
T7_VS_LOSS,d1_afternoon_return,2026-07-16,2026-07,600746_2026-07-16,600746,5,0.0166112956810631,605255_2026-07-16,605255,2,-0.0719101123595505,0.08852140804061359,1.0,0.0
T7_VS_LOSS,d1_afternoon_return,2026-07-16,2026-07,603137_2026-07-16,603137,8,0.0,002141_2026-07-16,002141,7,-0.0421393841166936,0.0421393841166936,1.0,0.0
T7_VS_LOSS,d1_afternoon_return,2026-07-16,2026-07,603137_2026-07-16,603137,8,0.0,600829_2026-07-16,600829,10,-0.0009606147934677,0.0009606147934677,1.0,0.0
T7_VS_LOSS,d1_afternoon_return,2026-07-16,2026-07,603137_2026-07-16,603137,8,0.0,605189_2026-07-16,605189,6,-0.0192666252330639,0.0192666252330639,1.0,0.0
T7_VS_LOSS,d1_afternoon_return,2026-07-16,2026-07,603137_2026-07-16,603137,8,0.0,605255_2026-07-16,605255,2,-0.0719101123595505,0.0719101123595505,1.0,0.0
T7_VS_LOSS,d1_afternoon_return,2026-07-20,2026-07,000676_2026-07-20,000676,4,-0.0124610591900311,002632_2026-07-20,002632,2,0.0,-0.0124610591900311,0.0,1.0
T7_VS_LOSS,d1_afternoon_return,2026-07-20,2026-07,000676_2026-07-20,000676,4,-0.0124610591900311,002677_2026-07-20,002677,5,0.0,-0.0124610591900311,0.0,1.0
T7_VS_LOSS,d1_afternoon_return,2026-07-20,2026-07,002829_2026-07-20,002829,1,-0.0195886385896181,002632_2026-07-20,002632,2,0.0,-0.0195886385896181,0.0,1.0
T7_VS_LOSS,d1_afternoon_return,2026-07-20,2026-07,002829_2026-07-20,002829,1,-0.0195886385896181,002677_2026-07-20,002677,5,0.0,-0.0195886385896181,0.0,1.0
T7_VS_LOSS,d1_afternoon_return,2026-07-20,2026-07,600162_2026-07-20,600162,6,-0.0350877192982456,002632_2026-07-20,002632,2,0.0,-0.0350877192982456,0.0,1.0
T7_VS_LOSS,d1_afternoon_return,2026-07-20,2026-07,600162_2026-07-20,600162,6,-0.0350877192982456,002677_2026-07-20,002677,5,0.0,-0.0350877192982456,0.0,1.0
T7_VS_LOSS,d1_afternoon_return,2026-07-20,2026-07,603567_2026-07-20,603567,3,-0.0221088435374149,002632_2026-07-20,002632,2,0.0,-0.0221088435374149,0.0,1.0
T7_VS_LOSS,d1_afternoon_return,2026-07-20,2026-07,603567_2026-07-20,603567,3,-0.0221088435374149,002677_2026-07-20,002677,5,0.0,-0.0221088435374149,0.0,1.0
T7_VS_LOSS,d1_afternoon_return,2026-07-24,2026-07,002412_2026-07-24,002412,8,-0.0658761528326745,000603_2026-07-24,000603,1,0.0085400569337128,-0.07441620976638731,0.0,1.0
T7_VS_LOSS,d1_afternoon_return,2026-07-24,2026-07,002412_2026-07-24,002412,8,-0.0658761528326745,600722_2026-07-24,600722,3,-0.0146551724137931,-0.05122098041888141,0.0,1.0
T7_VS_LOSS,d1_afternoon_return,2026-07-24,2026-07,002900_2026-07-24,002900,6,-0.0347163420829805,000603_2026-07-24,000603,1,0.0085400569337128,-0.0432563990166933,0.0,1.0
T7_VS_LOSS,d1_afternoon_return,2026-07-24,2026-07,002900_2026-07-24,002900,6,-0.0347163420829805,600722_2026-07-24,600722,3,-0.0146551724137931,-0.020061169669187404,0.0,1.0
T7_VS_LOSS,d1_afternoon_return,2026-07-24,2026-07,600396_2026-07-24,600396,5,-0.0532051282051282,000603_2026-07-24,000603,1,0.0085400569337128,-0.061745185138841,0.0,1.0
T7_VS_LOSS,d1_afternoon_return,2026-07-24,2026-07,600396_2026-07-24,600396,5,-0.0532051282051282,600722_2026-07-24,600722,3,-0.0146551724137931,-0.038549955791335105,0.0,1.0
T7_VS_LOSS,d1_afternoon_return,2026-07-24,2026-07,603988_2026-07-24,603988,7,-0.0132370637785801,000603_2026-07-24,000603,1,0.0085400569337128,-0.021777120712292902,0.0,1.0
T7_VS_LOSS,d1_afternoon_return,2026-07-24,2026-07,603988_2026-07-24,603988,7,-0.0132370637785801,600722_2026-07-24,600722,3,-0.0146551724137931,0.0014181086352129998,1.0,0.0
T7_VS_LOSS,d1_afternoon_return,2026-07-24,2026-07,605162_2026-07-24,605162,4,-0.020408163265306,000603_2026-07-24,000603,1,0.0085400569337128,-0.028948220199018798,0.0,1.0
T7_VS_LOSS,d1_afternoon_return,2026-07-24,2026-07,605162_2026-07-24,605162,4,-0.020408163265306,600722_2026-07-24,600722,3,-0.0146551724137931,-0.0057529908515129,0.0,1.0
T7_VS_LOSS,d1_afternoon_return,2026-07-27,2026-07,000668_2026-07-27,000668,1,-0.0109204368174727,000011_2026-07-27,000011,9,-0.1034103410341034,0.0924899042166307,1.0,0.0
T7_VS_LOSS,d1_afternoon_return,2026-07-27,2026-07,000668_2026-07-27,000668,1,-0.0109204368174727,000595_2026-07-27,000595,11,0.0068493150684931,-0.0177697518859658,0.0,1.0
T7_VS_LOSS,d1_afternoon_return,2026-07-27,2026-07,000668_2026-07-27,000668,1,-0.0109204368174727,002218_2026-07-27,002218,10,0.0216867469879518,-0.0326071838054245,0.0,1.0
T7_VS_LOSS,d1_afternoon_return,2026-07-27,2026-07,000668_2026-07-27,000668,1,-0.0109204368174727,600698_2026-07-27,600698,8,0.0260869565217389,-0.0370073933392116,0.0,1.0
T7_VS_LOSS,d1_afternoon_return,2026-07-27,2026-07,002199_2026-07-27,002199,3,0.0054545454545456,000011_2026-07-27,000011,9,-0.1034103410341034,0.108864886488649,1.0,0.0
T7_VS_LOSS,d1_afternoon_return,2026-07-27,2026-07,002199_2026-07-27,002199,3,0.0054545454545456,000595_2026-07-27,000595,11,0.0068493150684931,-0.0013947696139475002,0.0,1.0
T7_VS_LOSS,d1_afternoon_return,2026-07-27,2026-07,002199_2026-07-27,002199,3,0.0054545454545456,002218_2026-07-27,002218,10,0.0216867469879518,-0.0162322015334062,0.0,1.0
T7_VS_LOSS,d1_afternoon_return,2026-07-27,2026-07,002199_2026-07-27,002199,3,0.0054545454545456,600698_2026-07-27,600698,8,0.0260869565217389,-0.0206324110671933,0.0,1.0
T7_VS_LOSS,d1_afternoon_return,2026-07-28,2026-07,601606_2026-07-28,601606,1,-0.0123638504562849,603690_2026-07-28,603690,2,-0.025487256371814,0.0131234059155291,1.0,0.0
T7_VS_LOSS,d1_afternoon_return,2026-07-29,2026-07,000566_2026-07-29,000566,5,0.0150093808630393,002310_2026-07-29,002310,7,0.0076923076923076,0.007317073170731701,1.0,0.0
T7_VS_LOSS,d1_afternoon_return,2026-07-29,2026-07,000566_2026-07-29,000566,5,0.0150093808630393,002388_2026-07-29,002388,10,0.0020283975659229,0.0129809832971164,1.0,0.0
T7_VS_LOSS,d1_afternoon_return,2026-07-29,2026-07,000566_2026-07-29,000566,5,0.0150093808630393,603358_2026-07-29,603358,3,0.0297111416781292,-0.014701760815089898,0.0,1.0
T7_VS_LOSS,d1_afternoon_return,2026-07-29,2026-07,000566_2026-07-29,000566,5,0.0150093808630393,603389_2026-07-29,603389,1,-0.015739303923742,0.030748684786781298,1.0,0.0
T7_VS_LOSS,d1_close_to_vwap_raw,2026-05-06,2026-05,600714_2026-05-06,600714,3,-0.0005332380711257,002192_2026-05-06,002192,1,0.0045800566167621,-0.0051132946878878,0.0,1.0
T7_VS_LOSS,d1_close_to_vwap_raw,2026-05-06,2026-05,600714_2026-05-06,600714,3,-0.0005332380711257,002842_2026-05-06,002842,4,0.0179664490217998,-0.0184996870929255,0.0,1.0
T7_VS_LOSS,d1_close_to_vwap_raw,2026-05-08,2026-05,002903_2026-05-08,002903,2,-0.0097923429185907,000818_2026-05-08,000818,5,-0.0158189633626658,0.006026620444075098,1.0,0.0
T7_VS_LOSS,d1_close_to_vwap_raw,2026-05-08,2026-05,002903_2026-05-08,002903,2,-0.0097923429185907,000889_2026-05-08,000889,12,-0.0254007649175879,0.0156084219989972,1.0,0.0
T7_VS_LOSS,d1_close_to_vwap_raw,2026-05-08,2026-05,002903_2026-05-08,002903,2,-0.0097923429185907,000967_2026-05-08,000967,11,-0.0084037655720585,-0.0013885773465322007,0.0,1.0
T7_VS_LOSS,d1_close_to_vwap_raw,2026-05-08,2026-05,002903_2026-05-08,002903,2,-0.0097923429185907,600673_2026-05-08,600673,9,-0.02171313589068,0.0119207929720893,1.0,0.0
T7_VS_LOSS,d1_close_to_vwap_raw,2026-05-08,2026-05,002903_2026-05-08,002903,2,-0.0097923429185907,603158_2026-05-08,603158,8,-0.0111749039790312,0.001382561060440499,1.0,0.0
T7_VS_LOSS,d1_close_to_vwap_raw,2026-05-08,2026-05,002903_2026-05-08,002903,2,-0.0097923429185907,603316_2026-05-08,603316,6,0.0052908481467481,-0.0150831910653388,0.0,1.0
T7_VS_LOSS,d1_close_to_vwap_raw,2026-05-08,2026-05,003041_2026-05-08,003041,3,-0.0081522082196581,000818_2026-05-08,000818,5,-0.0158189633626658,0.0076667551430076985,1.0,0.0
T7_VS_LOSS,d1_close_to_vwap_raw,2026-05-08,2026-05,003041_2026-05-08,003041,3,-0.0081522082196581,000889_2026-05-08,000889,12,-0.0254007649175879,0.017248556697929802,1.0,0.0
T7_VS_LOSS,d1_close_to_vwap_raw,2026-05-08,2026-05,003041_2026-05-08,003041,3,-0.0081522082196581,000967_2026-05-08,000967,11,-0.0084037655720585,0.0002515573524004,1.0,0.0
T7_VS_LOSS,d1_close_to_vwap_raw,2026-05-08,2026-05,003041_2026-05-08,003041,3,-0.0081522082196581,600673_2026-05-08,600673,9,-0.02171313589068,0.0135609276710219,1.0,0.0
T7_VS_LOSS,d1_close_to_vwap_raw,2026-05-08,2026-05,003041_2026-05-08,003041,3,-0.0081522082196581,603158_2026-05-08,603158,8,-0.0111749039790312,0.0030226957593730997,1.0,0.0
T7_VS_LOSS,d1_close_to_vwap_raw,2026-05-08,2026-05,003041_2026-05-08,003041,3,-0.0081522082196581,603316_2026-05-08,603316,6,0.0052908481467481,-0.013443056366406199,0.0,1.0
T7_VS_LOSS,d1_close_to_vwap_raw,2026-05-08,2026-05,600396_2026-05-08,600396,7,-0.0224060992361873,000818_2026-05-08,000818,5,-0.0158189633626658,-0.0065871358735215026,0.0,1.0
T7_VS_LOSS,d1_close_to_vwap_raw,2026-05-08,2026-05,600396_2026-05-08,600396,7,-0.0224060992361873,000889_2026-05-08,000889,12,-0.0254007649175879,0.0029946656814005997,1.0,0.0
T7_VS_LOSS,d1_close_to_vwap_raw,2026-05-08,2026-05,600396_2026-05-08,600396,7,-0.0224060992361873,000967_2026-05-08,000967,11,-0.0084037655720585,-0.014002333664128801,0.0,1.0
T7_VS_LOSS,d1_close_to_vwap_raw,2026-05-08,2026-05,600396_2026-05-08,600396,7,-0.0224060992361873,600673_2026-05-08,600673,9,-0.02171313589068,-0.0006929633455073012,0.0,1.0
T7_VS_LOSS,d1_close_to_vwap_raw,2026-05-08,2026-05,600396_2026-05-08,600396,7,-0.0224060992361873,603158_2026-05-08,603158,8,-0.0111749039790312,-0.011231195257156101,0.0,1.0
T7_VS_LOSS,d1_close_to_vwap_raw,2026-05-08,2026-05,600396_2026-05-08,600396,7,-0.0224060992361873,603316_2026-05-08,603316,6,0.0052908481467481,-0.0276969473829354,0.0,1.0
T7_VS_LOSS,d1_close_to_vwap_raw,2026-05-08,2026-05,600719_2026-05-08,600719,10,-0.043053158920765,000818_2026-05-08,000818,5,-0.0158189633626658,-0.0272341955580992,0.0,1.0
T7_VS_LOSS,d1_close_to_vwap_raw,2026-05-08,2026-05,600719_2026-05-08,600719,10,-0.043053158920765,000889_2026-05-08,000889,12,-0.0254007649175879,-0.0176523940031771,0.0,1.0
T7_VS_LOSS,d1_close_to_vwap_raw,2026-05-08,2026-05,600719_2026-05-08,600719,10,-0.043053158920765,000967_2026-05-08,000967,11,-0.0084037655720585,-0.0346493933487065,0.0,1.0
T7_VS_LOSS,d1_close_to_vwap_raw,2026-05-08,2026-05,600719_2026-05-08,600719,10,-0.043053158920765,600673_2026-05-08,600673,9,-0.02171313589068,-0.021340023030085,0.0,1.0
T7_VS_LOSS,d1_close_to_vwap_raw,2026-05-08,2026-05,600719_2026-05-08,600719,10,-0.043053158920765,603158_2026-05-08,603158,8,-0.0111749039790312,-0.0318782549417338,0.0,1.0
T7_VS_LOSS,d1_close_to_vwap_raw,2026-05-08,2026-05,600719_2026-05-08,600719,10,-0.043053158920765,603316_2026-05-08,603316,6,0.0052908481467481,-0.0483440070675131,0.0,1.0
T7_VS_LOSS,d1_close_to_vwap_raw,2026-05-11,2026-05,000720_2026-05-11,000720,9,0.0048025960167614,002317_2026-05-11,002317,10,-0.0076166904485139,0.012419286465275299,1.0,0.0
T7_VS_LOSS,d1_close_to_vwap_raw,2026-05-11,2026-05,002929_2026-05-11,002929,3,0.0074379043741095,002317_2026-05-11,002317,10,-0.0076166904485139,0.015054594822623401,1.0,0.0
T7_VS_LOSS,d1_close_to_vwap_raw,2026-05-11,2026-05,600936_2026-05-11,600936,11,-0.0320844324308474,002317_2026-05-11,002317,10,-0.0076166904485139,-0.0244677419823335,0.0,1.0
T7_VS_LOSS,d1_close_to_vwap_raw,2026-05-11,2026-05,603278_2026-05-11,603278,5,-0.0166300065073816,002317_2026-05-11,002317,10,-0.0076166904485139,-0.009013316058867701,0.0,1.0
T7_VS_LOSS,d1_close_to_vwap_raw,2026-05-11,2026-05,603618_2026-05-11,603618,1,0.0070082663412327,002317_2026-05-11,002317,10,-0.0076166904485139,0.0146249567897466,1.0,0.0
T7_VS_LOSS,d1_close_to_vwap_raw,2026-05-11,2026-05,603636_2026-05-11,603636,7,-0.0317267211994048,002317_2026-05-11,002317,10,-0.0076166904485139,-0.024110030750890896,0.0,1.0
T7_VS_LOSS,d1_close_to_vwap_raw,2026-05-13,2026-05,000029_2026-05-13,000029,3,-0.0065325952599351,600683_2026-05-13,600683,6,-0.0195955385934842,0.013062943333549099,1.0,0.0
T7_VS_LOSS,d1_close_to_vwap_raw,2026-05-13,2026-05,000029_2026-05-13,000029,3,-0.0065325952599351,600869_2026-05-13,600869,4,0.0051242954005608,-0.0116568906604959,0.0,1.0
T7_VS_LOSS,d1_close_to_vwap_raw,2026-05-13,2026-05,000029_2026-05-13,000029,3,-0.0065325952599351,603061_2026-05-13,603061,2,0.0206119220320952,-0.0271445172920303,0.0,1.0
T7_VS_LOSS,d1_close_to_vwap_raw,2026-05-13,2026-05,001211_2026-05-13,001211,1,0.0036125272709452,600683_2026-05-13,600683,6,-0.0195955385934842,0.0232080658644294,1.0,0.0
T7_VS_LOSS,d1_close_to_vwap_raw,2026-05-13,2026-05,001211_2026-05-13,001211,1,0.0036125272709452,600869_2026-05-13,600869,4,0.0051242954005608,-0.0015117681296156,0.0,1.0
T7_VS_LOSS,d1_close_to_vwap_raw,2026-05-13,2026-05,001211_2026-05-13,001211,1,0.0036125272709452,603061_2026-05-13,603061,2,0.0206119220320952,-0.016999394761149998,0.0,1.0
T7_VS_LOSS,d1_close_to_vwap_raw,2026-05-14,2026-05,000767_2026-05-14,000767,6,-0.0848647591773866,000601_2026-05-14,000601,8,-0.0741110875049106,-0.010753671672475998,0.0,1.0
T7_VS_LOSS,d1_close_to_vwap_raw,2026-05-14,2026-05,000767_2026-05-14,000767,6,-0.0848647591773866,000925_2026-05-14,000925,7,-0.0221381075477007,-0.06272665162968591,0.0,1.0
T7_VS_LOSS,d1_close_to_vwap_raw,2026-05-14,2026-05,000767_2026-05-14,000767,6,-0.0848647591773866,002498_2026-05-14,002498,5,-0.0707714488165448,-0.014093310360841799,0.0,1.0
T7_VS_LOSS,d1_close_to_vwap_raw,2026-05-14,2026-05,000767_2026-05-14,000767,6,-0.0848647591773866,603203_2026-05-14,603203,2,0.0059802926705301,-0.0908450518479167,0.0,1.0
T7_VS_LOSS,d1_close_to_vwap_raw,2026-05-14,2026-05,600396_2026-05-14,600396,1,-0.030300302118189,000601_2026-05-14,000601,8,-0.0741110875049106,0.043810785386721604,1.0,0.0
T7_VS_LOSS,d1_close_to_vwap_raw,2026-05-14,2026-05,600396_2026-05-14,600396,1,-0.030300302118189,000925_2026-05-14,000925,7,-0.0221381075477007,-0.0081621945704883,0.0,1.0
T7_VS_LOSS,d1_close_to_vwap_raw,2026-05-14,2026-05,600396_2026-05-14,600396,1,-0.030300302118189,002498_2026-05-14,002498,5,-0.0707714488165448,0.0404711466983558,1.0,0.0
T7_VS_LOSS,d1_close_to_vwap_raw,2026-05-14,2026-05,600396_2026-05-14,600396,1,-0.030300302118189,603203_2026-05-14,603203,2,0.0059802926705301,-0.0362805947887191,0.0,1.0
T7_VS_LOSS,d1_close_to_vwap_raw,2026-05-15,2026-05,002208_2026-05-15,002208,5,0.02705065740332,001223_2026-05-15,001223,4,-0.0172812109561101,0.0443318683594301,1.0,0.0
T7_VS_LOSS,d1_close_to_vwap_raw,2026-05-15,2026-05,002208_2026-05-15,002208,5,0.02705065740332,603052_2026-05-15,603052,1,-0.0146055786052703,0.0416562360085903,1.0,0.0
T7_VS_LOSS,d1_close_to_vwap_raw,2026-05-15,2026-05,002782_2026-05-15,002782,6,-0.0060300985021087,001223_2026-05-15,001223,4,-0.0172812109561101,0.0112511124540014,1.0,0.0
T7_VS_LOSS,d1_close_to_vwap_raw,2026-05-15,2026-05,002782_2026-05-15,002782,6,-0.0060300985021087,603052_2026-05-15,603052,1,-0.0146055786052703,0.0085754801031616,1.0,0.0
T7_VS_LOSS,d1_close_to_vwap_raw,2026-05-15,2026-05,600156_2026-05-15,600156,9,-0.094912000124129,001223_2026-05-15,001223,4,-0.0172812109561101,-0.0776307891680189,0.0,1.0
T7_VS_LOSS,d1_close_to_vwap_raw,2026-05-15,2026-05,600156_2026-05-15,600156,9,-0.094912000124129,603052_2026-05-15,603052,1,-0.0146055786052703,-0.0803064215188587,0.0,1.0
T7_VS_LOSS,d1_close_to_vwap_raw,2026-05-15,2026-05,600857_2026-05-15,600857,10,-0.0206133292188097,001223_2026-05-15,001223,4,-0.0172812109561101,-0.0033321182626996,0.0,1.0
T7_VS_LOSS,d1_close_to_vwap_raw,2026-05-15,2026-05,600857_2026-05-15,600857,10,-0.0206133292188097,603052_2026-05-15,603052,1,-0.0146055786052703,-0.006007750613539399,0.0,1.0
T7_VS_LOSS,d1_close_to_vwap_raw,2026-05-15,2026-05,600903_2026-05-15,600903,11,0.0237751134267509,001223_2026-05-15,001223,4,-0.0172812109561101,0.041056324382861,1.0,0.0
T7_VS_LOSS,d1_close_to_vwap_raw,2026-05-15,2026-05,600903_2026-05-15,600903,11,0.0237751134267509,603052_2026-05-15,603052,1,-0.0146055786052703,0.0383806920320212,1.0,0.0
T7_VS_LOSS,d1_close_to_vwap_raw,2026-05-15,2026-05,603093_2026-05-15,603093,8,-0.0349193625793103,001223_2026-05-15,001223,4,-0.0172812109561101,-0.017638151623200198,0.0,1.0
T7_VS_LOSS,d1_close_to_vwap_raw,2026-05-15,2026-05,603093_2026-05-15,603093,8,-0.0349193625793103,603052_2026-05-15,603052,1,-0.0146055786052703,-0.020313783974039996,0.0,1.0
T7_VS_LOSS,d1_close_to_vwap_raw,2026-05-20,2026-05,002552_2026-05-20,002552,2,0.0047315701162475,002208_2026-05-20,002208,3,0.0323077271103087,-0.0275761569940612,0.0,1.0
T7_VS_LOSS,d1_close_to_vwap_raw,2026-05-20,2026-05,002552_2026-05-20,002552,2,0.0047315701162475,603206_2026-05-20,603206,9,-0.0782054491329051,0.0829370192491526,1.0,0.0
T7_VS_LOSS,d1_close_to_vwap_raw,2026-05-20,2026-05,002552_2026-05-20,002552,2,0.0047315701162475,605218_2026-05-20,605218,7,-0.0228794510906474,0.027611021206894903,1.0,0.0
T7_VS_LOSS,d1_close_to_vwap_raw,2026-05-20,2026-05,600903_2026-05-20,600903,8,-0.0517165284051265,002208_2026-05-20,002208,3,0.0323077271103087,-0.0840242555154352,0.0,1.0
T7_VS_LOSS,d1_close_to_vwap_raw,2026-05-20,2026-05,600903_2026-05-20,600903,8,-0.0517165284051265,603206_2026-05-20,603206,9,-0.0782054491329051,0.0264889207277786,1.0,0.0
T7_VS_LOSS,d1_close_to_vwap_raw,2026-05-20,2026-05,600903_2026-05-20,600903,8,-0.0517165284051265,605218_2026-05-20,605218,7,-0.0228794510906474,-0.028837077314479098,0.0,1.0
T7_VS_LOSS,d1_close_to_vwap_raw,2026-05-20,2026-05,603115_2026-05-20,603115,1,0.0195369031803276,002208_2026-05-20,002208,3,0.0323077271103087,-0.0127708239299811,0.0,1.0
T7_VS_LOSS,d1_close_to_vwap_raw,2026-05-20,2026-05,603115_2026-05-20,603115,1,0.0195369031803276,603206_2026-05-20,603206,9,-0.0782054491329051,0.0977423523132327,1.0,0.0
T7_VS_LOSS,d1_close_to_vwap_raw,2026-05-20,2026-05,603115_2026-05-20,603115,1,0.0195369031803276,605218_2026-05-20,605218,7,-0.0228794510906474,0.042416354270975,1.0,0.0
T7_VS_LOSS,d1_close_to_vwap_raw,2026-05-20,2026-05,603311_2026-05-20,603311,5,0.0393819681106892,002208_2026-05-20,002208,3,0.0323077271103087,0.007074241000380496,1.0,0.0
T7_VS_LOSS,d1_close_to_vwap_raw,2026-05-20,2026-05,603311_2026-05-20,603311,5,0.0393819681106892,603206_2026-05-20,603206,9,-0.0782054491329051,0.1175874172435943,1.0,0.0
T7_VS_LOSS,d1_close_to_vwap_raw,2026-05-20,2026-05,603311_2026-05-20,603311,5,0.0393819681106892,605218_2026-05-20,605218,7,-0.0228794510906474,0.0622614192013366,1.0,0.0
T7_VS_LOSS,d1_close_to_vwap_raw,2026-05-20,2026-05,603989_2026-05-20,603989,4,0.0079033455675041,002208_2026-05-20,002208,3,0.0323077271103087,-0.024404381542804603,0.0,1.0
T7_VS_LOSS,d1_close_to_vwap_raw,2026-05-20,2026-05,603989_2026-05-20,603989,4,0.0079033455675041,603206_2026-05-20,603206,9,-0.0782054491329051,0.0861087947004092,1.0,0.0
T7_VS_LOSS,d1_close_to_vwap_raw,2026-05-20,2026-05,603989_2026-05-20,603989,4,0.0079033455675041,605218_2026-05-20,605218,7,-0.0228794510906474,0.0307827966581515,1.0,0.0
T7_VS_LOSS,d1_close_to_vwap_raw,2026-05-21,2026-05,000417_2026-05-21,000417,6,-0.0682421842313587,603938_2026-05-21,603938,3,-0.053166018417989,-0.015076165813369694,0.0,1.0
T7_VS_LOSS,d1_close_to_vwap_raw,2026-05-21,2026-05,002272_2026-05-21,002272,4,-0.0567901156502176,603938_2026-05-21,603938,3,-0.053166018417989,-0.003624097232228597,0.0,1.0
T7_VS_LOSS,d1_close_to_vwap_raw,2026-05-21,2026-05,600563_2026-05-21,600563,2,-0.043052719654995,603938_2026-05-21,603938,3,-0.053166018417989,0.010113298762994001,1.0,0.0
T7_VS_LOSS,d1_close_to_vwap_raw,2026-05-25,2026-05,000725_2026-05-25,000725,5,0.009285584722082,600611_2026-05-25,600611,6,-0.0127681671487309,0.022053751870812897,1.0,0.0
T7_VS_LOSS,d1_close_to_vwap_raw,2026-05-26,2026-05,000636_2026-05-26,000636,5,-0.0029867107121852,002432_2026-05-26,002432,10,0.0127093870961143,-0.0156960978082995,0.0,1.0
T7_VS_LOSS,d1_close_to_vwap_raw,2026-05-26,2026-05,000636_2026-05-26,000636,5,-0.0029867107121852,002938_2026-05-26,002938,2,-0.0029853896456402,-1.3210665450002872e-06,0.0,1.0
T7_VS_LOSS,d1_close_to_vwap_raw,2026-05-26,2026-05,000636_2026-05-26,000636,5,-0.0029867107121852,600186_2026-05-26,600186,17,0.0043784671059667,-0.007365177818151901,0.0,1.0
T7_VS_LOSS,d1_close_to_vwap_raw,2026-05-26,2026-05,000636_2026-05-26,000636,5,-0.0029867107121852,600234_2026-05-26,600234,11,0.0207777490960636,-0.0237644598082488,0.0,1.0
T7_VS_LOSS,d1_close_to_vwap_raw,2026-05-26,2026-05,000636_2026-05-26,000636,5,-0.0029867107121852,603661_2026-05-26,603661,7,-0.0368005029084749,0.033813792196289695,1.0,0.0
T7_VS_LOSS,d1_close_to_vwap_raw,2026-05-26,2026-05,002741_2026-05-26,002741,14,0.0060268300160217,002432_2026-05-26,002432,10,0.0127093870961143,-0.0066825570800926,0.0,1.0
T7_VS_LOSS,d1_close_to_vwap_raw,2026-05-26,2026-05,002741_2026-05-26,002741,14,0.0060268300160217,002938_2026-05-26,002938,2,-0.0029853896456402,0.0090122196616619,1.0,0.0
T7_VS_LOSS,d1_close_to_vwap_raw,2026-05-26,2026-05,002741_2026-05-26,002741,14,0.0060268300160217,600186_2026-05-26,600186,17,0.0043784671059667,0.0016483629100549997,1.0,0.0
T7_VS_LOSS,d1_close_to_vwap_raw,2026-05-26,2026-05,002741_2026-05-26,002741,14,0.0060268300160217,600234_2026-05-26,600234,11,0.0207777490960636,-0.0147509190800419,0.0,1.0
T7_VS_LOSS,d1_close_to_vwap_raw,2026-05-26,2026-05,002741_2026-05-26,002741,14,0.0060268300160217,603661_2026-05-26,603661,7,-0.0368005029084749,0.0428273329244966,1.0,0.0
T7_VS_LOSS,d1_close_to_vwap_raw,2026-05-26,2026-05,603256_2026-05-26,603256,1,0.0078989440099905,002432_2026-05-26,002432,10,0.0127093870961143,-0.0048104430861238,0.0,1.0
T7_VS_LOSS,d1_close_to_vwap_raw,2026-05-26,2026-05,603256_2026-05-26,603256,1,0.0078989440099905,002938_2026-05-26,002938,2,-0.0029853896456402,0.010884333655630699,1.0,0.0
T7_VS_LOSS,d1_close_to_vwap_raw,2026-05-26,2026-05,603256_2026-05-26,603256,1,0.0078989440099905,600186_2026-05-26,600186,17,0.0043784671059667,0.003520476904023799,1.0,0.0
T7_VS_LOSS,d1_close_to_vwap_raw,2026-05-26,2026-05,603256_2026-05-26,603256,1,0.0078989440099905,600234_2026-05-26,600234,11,0.0207777490960636,-0.0128788050860731,0.0,1.0
T7_VS_LOSS,d1_close_to_vwap_raw,2026-05-26,2026-05,603256_2026-05-26,603256,1,0.0078989440099905,603661_2026-05-26,603661,7,-0.0368005029084749,0.0446994469184654,1.0,0.0
T7_VS_LOSS,d1_close_to_vwap_raw,2026-05-26,2026-05,603663_2026-05-26,603663,4,0.0011447322298736,002432_2026-05-26,002432,10,0.0127093870961143,-0.0115646548662407,0.0,1.0
T7_VS_LOSS,d1_close_to_vwap_raw,2026-05-26,2026-05,603663_2026-05-26,603663,4,0.0011447322298736,002938_2026-05-26,002938,2,-0.0029853896456402,0.0041301218755138,1.0,0.0
T7_VS_LOSS,d1_close_to_vwap_raw,2026-05-26,2026-05,603663_2026-05-26,603663,4,0.0011447322298736,600186_2026-05-26,600186,17,0.0043784671059667,-0.0032337348760931002,0.0,1.0
T7_VS_LOSS,d1_close_to_vwap_raw,2026-05-26,2026-05,603663_2026-05-26,603663,4,0.0011447322298736,600234_2026-05-26,600234,11,0.0207777490960636,-0.019633016866189998,0.0,1.0
T7_VS_LOSS,d1_close_to_vwap_raw,2026-05-26,2026-05,603663_2026-05-26,603663,4,0.0011447322298736,603661_2026-05-26,603661,7,-0.0368005029084749,0.0379452351383485,1.0,0.0
T7_VS_LOSS,d1_close_to_vwap_raw,2026-05-26,2026-05,605580_2026-05-26,605580,9,0.0187418478079224,002432_2026-05-26,002432,10,0.0127093870961143,0.006032460711808102,1.0,0.0
T7_VS_LOSS,d1_close_to_vwap_raw,2026-05-26,2026-05,605580_2026-05-26,605580,9,0.0187418478079224,002938_2026-05-26,002938,2,-0.0029853896456402,0.0217272374535626,1.0,0.0
T7_VS_LOSS,d1_close_to_vwap_raw,2026-05-26,2026-05,605580_2026-05-26,605580,9,0.0187418478079224,600186_2026-05-26,600186,17,0.0043784671059667,0.0143633807019557,1.0,0.0
T7_VS_LOSS,d1_close_to_vwap_raw,2026-05-26,2026-05,605580_2026-05-26,605580,9,0.0187418478079224,600234_2026-05-26,600234,11,0.0207777490960636,-0.002035901288141198,0.0,1.0
T7_VS_LOSS,d1_close_to_vwap_raw,2026-05-26,2026-05,605580_2026-05-26,605580,9,0.0187418478079224,603661_2026-05-26,603661,7,-0.0368005029084749,0.0555423507163973,1.0,0.0
T7_VS_LOSS,d1_close_to_vwap_raw,2026-05-28,2026-05,000759_2026-05-28,000759,3,-0.0203143584159531,001257_2026-05-28,001257,2,-0.0146799218901167,-0.0056344365258364,0.0,1.0
T7_VS_LOSS,d1_close_to_vwap_raw,2026-05-28,2026-05,002251_2026-05-28,002251,4,-0.0326966070026507,001257_2026-05-28,001257,2,-0.0146799218901167,-0.018016685112534,0.0,1.0
T7_VS_LOSS,d1_close_to_vwap_raw,2026-05-28,2026-05,002771_2026-05-28,002771,1,0.006148927983951,001257_2026-05-28,001257,2,-0.0146799218901167,0.0208288498740677,1.0,0.0
T7_VS_LOSS,d1_close_to_vwap_raw,2026-05-29,2026-05,002579_2026-05-29,002579,3,-0.0318111006454082,603989_2026-05-29,603989,1,-0.0131855819958428,-0.018625518649565402,0.0,1.0
T7_VS_LOSS,d1_close_to_vwap_raw,2026-06-01,2026-06,002806_2026-06-01,002806,1,-0.052066458192178,000090_2026-06-01,000090,3,0.0142261161746042,-0.0662925743667822,0.0,1.0
T7_VS_LOSS,d1_close_to_vwap_raw,2026-06-03,2026-06,603045_2026-06-03,603045,3,-0.0432176355748433,001210_2026-06-03,001210,1,-0.0036960133504294,-0.0395216222244139,0.0,1.0
T7_VS_LOSS,d1_close_to_vwap_raw,2026-06-03,2026-06,603045_2026-06-03,603045,3,-0.0432176355748433,600280_2026-06-03,600280,6,0.0100043691508135,-0.0532220047256568,0.0,1.0
T7_VS_LOSS,d1_close_to_vwap_raw,2026-06-05,2026-06,001896_2026-06-05,001896,3,-0.086199215279808,600439_2026-06-05,600439,6,-0.0325417867085795,-0.05365742857122851,0.0,1.0
T7_VS_LOSS,d1_close_to_vwap_raw,2026-06-05,2026-06,001896_2026-06-05,001896,3,-0.086199215279808,605162_2026-06-05,605162,2,-0.0331257042908679,-0.05307351098894011,0.0,1.0
T7_VS_LOSS,d1_close_to_vwap_raw,2026-06-05,2026-06,600255_2026-06-05,600255,4,-0.0205892263462509,600439_2026-06-05,600439,6,-0.0325417867085795,0.011952560362328595,1.0,0.0
T7_VS_LOSS,d1_close_to_vwap_raw,2026-06-05,2026-06,600255_2026-06-05,600255,4,-0.0205892263462509,605162_2026-06-05,605162,2,-0.0331257042908679,0.012536477944616996,1.0,0.0
T7_VS_LOSS,d1_close_to_vwap_raw,2026-06-09,2026-06,603500_2026-06-09,603500,4,0.0422379486314972,000068_2026-06-09,000068,8,-0.0261774122766321,0.0684153609081293,1.0,0.0
T7_VS_LOSS,d1_close_to_vwap_raw,2026-06-09,2026-06,603500_2026-06-09,603500,4,0.0422379486314972,002421_2026-06-09,002421,7,-0.0158382984117381,0.0580762470432353,1.0,0.0
T7_VS_LOSS,d1_close_to_vwap_raw,2026-06-09,2026-06,603500_2026-06-09,603500,4,0.0422379486314972,002613_2026-06-09,002613,6,-0.0166504993042407,0.0588884479357379,1.0,0.0
T7_VS_LOSS,d1_close_to_vwap_raw,2026-06-09,2026-06,603500_2026-06-09,603500,4,0.0422379486314972,003009_2026-06-09,003009,2,0.00808945665112,0.0341484919803772,1.0,0.0
T7_VS_LOSS,d1_close_to_vwap_raw,2026-06-10,2026-06,001696_2026-06-10,001696,3,-0.0033697671363713,002362_2026-06-10,002362,5,-0.016949707590224,0.013579940453852699,1.0,0.0
T7_VS_LOSS,d1_close_to_vwap_raw,2026-06-10,2026-06,002254_2026-06-10,002254,7,-0.016424737367846,002362_2026-06-10,002362,5,-0.016949707590224,0.000524970222378001,1.0,0.0
T7_VS_LOSS,d1_close_to_vwap_raw,2026-06-10,2026-06,603186_2026-06-10,603186,2,0.0133929291525227,002362_2026-06-10,002362,5,-0.016949707590224,0.0303426367427467,1.0,0.0
T7_VS_LOSS,d1_close_to_vwap_raw,2026-06-10,2026-06,603929_2026-06-10,603929,1,-0.0005888323612189,002362_2026-06-10,002362,5,-0.016949707590224,0.0163608752290051,1.0,0.0
T7_VS_LOSS,d1_close_to_vwap_raw,2026-06-11,2026-06,002636_2026-06-11,002636,1,0.0273046396296199,002669_2026-06-11,002669,9,-0.0124846708301402,0.0397893104597601,1.0,0.0
T7_VS_LOSS,d1_close_to_vwap_raw,2026-06-11,2026-06,002636_2026-06-11,002636,1,0.0273046396296199,003026_2026-06-11,003026,3,-0.0222211755967239,0.0495258152263438,1.0,0.0
T7_VS_LOSS,d1_close_to_vwap_raw,2026-06-11,2026-06,605589_2026-06-11,605589,2,0.006736410678092,002669_2026-06-11,002669,9,-0.0124846708301402,0.0192210815082322,1.0,0.0
T7_VS_LOSS,d1_close_to_vwap_raw,2026-06-11,2026-06,605589_2026-06-11,605589,2,0.006736410678092,003026_2026-06-11,003026,3,-0.0222211755967239,0.0289575862748159,1.0,0.0
T7_VS_LOSS,d1_close_to_vwap_raw,2026-06-12,2026-06,002165_2026-06-12,002165,6,0.0024726882200609,000048_2026-06-12,000048,8,-0.0594578485967544,0.0619305368168153,1.0,0.0
T7_VS_LOSS,d1_close_to_vwap_raw,2026-06-12,2026-06,002165_2026-06-12,002165,6,0.0024726882200609,600178_2026-06-12,600178,7,-0.0600603187088474,0.0625330069289083,1.0,0.0
T7_VS_LOSS,d1_close_to_vwap_raw,2026-06-12,2026-06,002409_2026-06-12,002409,2,-0.0343019518154172,000048_2026-06-12,000048,8,-0.0594578485967544,0.025155896781337193,1.0,0.0
T7_VS_LOSS,d1_close_to_vwap_raw,2026-06-12,2026-06,002409_2026-06-12,002409,2,-0.0343019518154172,600178_2026-06-12,600178,7,-0.0600603187088474,0.025758366893430196,1.0,0.0
T7_VS_LOSS,d1_close_to_vwap_raw,2026-06-12,2026-06,600378_2026-06-12,600378,3,-0.0388634877955237,000048_2026-06-12,000048,8,-0.0594578485967544,0.0205943608012307,1.0,0.0
T7_VS_LOSS,d1_close_to_vwap_raw,2026-06-12,2026-06,600378_2026-06-12,600378,3,-0.0388634877955237,600178_2026-06-12,600178,7,-0.0600603187088474,0.0211968309133237,1.0,0.0
T7_VS_LOSS,d1_close_to_vwap_raw,2026-06-12,2026-06,603155_2026-06-12,603155,4,-0.0346935464111625,000048_2026-06-12,000048,8,-0.0594578485967544,0.024764302185591898,1.0,0.0
T7_VS_LOSS,d1_close_to_vwap_raw,2026-06-12,2026-06,603155_2026-06-12,603155,4,-0.0346935464111625,600178_2026-06-12,600178,7,-0.0600603187088474,0.0253667722976849,1.0,0.0
T7_VS_LOSS,d1_close_to_vwap_raw,2026-06-16,2026-06,001359_2026-06-16,001359,1,0.0104794543513617,000506_2026-06-16,000506,5,-0.003693666393725,0.0141731207450867,1.0,0.0
T7_VS_LOSS,d1_close_to_vwap_raw,2026-06-16,2026-06,001359_2026-06-16,001359,1,0.0104794543513617,000510_2026-06-16,000510,4,0.0163310915994574,-0.0058516372480957,0.0,1.0
T7_VS_LOSS,d1_close_to_vwap_raw,2026-06-16,2026-06,001359_2026-06-16,001359,1,0.0104794543513617,601696_2026-06-16,601696,6,0.0133257765733838,-0.0028463222220221004,0.0,1.0
T7_VS_LOSS,d1_close_to_vwap_raw,2026-06-16,2026-06,603335_2026-06-16,603335,7,-0.023438381399116,000506_2026-06-16,000506,5,-0.003693666393725,-0.019744715005391,0.0,1.0
T7_VS_LOSS,d1_close_to_vwap_raw,2026-06-16,2026-06,603335_2026-06-16,603335,7,-0.023438381399116,000510_2026-06-16,000510,4,0.0163310915994574,-0.0397694729985734,0.0,1.0
T7_VS_LOSS,d1_close_to_vwap_raw,2026-06-16,2026-06,603335_2026-06-16,603335,7,-0.023438381399116,601696_2026-06-16,601696,6,0.0133257765733838,-0.036764157972499795,0.0,1.0
T7_VS_LOSS,d1_close_to_vwap_raw,2026-06-16,2026-06,603738_2026-06-16,603738,3,-0.0018538324105369,000506_2026-06-16,000506,5,-0.003693666393725,0.0018398339831881,1.0,0.0
T7_VS_LOSS,d1_close_to_vwap_raw,2026-06-16,2026-06,603738_2026-06-16,603738,3,-0.0018538324105369,000510_2026-06-16,000510,4,0.0163310915994574,-0.0181849240099943,0.0,1.0
T7_VS_LOSS,d1_close_to_vwap_raw,2026-06-16,2026-06,603738_2026-06-16,603738,3,-0.0018538324105369,601696_2026-06-16,601696,6,0.0133257765733838,-0.015179608983920699,0.0,1.0
T7_VS_LOSS,d1_close_to_vwap_raw,2026-06-17,2026-06,002051_2026-06-17,002051,15,-0.0215713607762003,605198_2026-06-17,605198,3,0.0262725435837858,-0.0478439043599861,0.0,1.0
T7_VS_LOSS,d1_close_to_vwap_raw,2026-06-17,2026-06,002515_2026-06-17,002515,17,0.0061701002945462,605198_2026-06-17,605198,3,0.0262725435837858,-0.0201024432892396,0.0,1.0
T7_VS_LOSS,d1_close_to_vwap_raw,2026-06-17,2026-06,002552_2026-06-17,002552,4,-0.0076932561036642,605198_2026-06-17,605198,3,0.0262725435837858,-0.03396579968745,0.0,1.0
T7_VS_LOSS,d1_close_to_vwap_raw,2026-06-17,2026-06,002824_2026-06-17,002824,8,0.0273562783549929,605198_2026-06-17,605198,3,0.0262725435837858,0.001083734771207101,1.0,0.0
T7_VS_LOSS,d1_close_to_vwap_raw,2026-06-17,2026-06,002851_2026-06-17,002851,7,0.0152068747428963,605198_2026-06-17,605198,3,0.0262725435837858,-0.0110656688408895,0.0,1.0
T7_VS_LOSS,d1_close_to_vwap_raw,2026-06-17,2026-06,002990_2026-06-17,002990,11,-0.0174038283644388,605198_2026-06-17,605198,3,0.0262725435837858,-0.0436763719482246,0.0,1.0
T7_VS_LOSS,d1_close_to_vwap_raw,2026-06-17,2026-06,600545_2026-06-17,600545,16,-0.0137499441104834,605198_2026-06-17,605198,3,0.0262725435837858,-0.0400224876942692,0.0,1.0
T7_VS_LOSS,d1_close_to_vwap_raw,2026-06-17,2026-06,600549_2026-06-17,600549,6,0.0118768692601363,605198_2026-06-17,605198,3,0.0262725435837858,-0.0143956743236495,0.0,1.0
T7_VS_LOSS,d1_close_to_vwap_raw,2026-06-17,2026-06,600703_2026-06-17,600703,13,0.0053139834216107,605198_2026-06-17,605198,3,0.0262725435837858,-0.0209585601621751,0.0,1.0
T7_VS_LOSS,d1_close_to_vwap_raw,2026-06-17,2026-06,601179_2026-06-17,601179,14,-0.0073857242795766,605198_2026-06-17,605198,3,0.0262725435837858,-0.0336582678633624,0.0,1.0
T7_VS_LOSS,d1_close_to_vwap_raw,2026-06-17,2026-06,603256_2026-06-17,603256,1,-0.013048636816754,605198_2026-06-17,605198,3,0.0262725435837858,-0.0393211804005398,0.0,1.0
T7_VS_LOSS,d1_close_to_vwap_raw,2026-06-17,2026-06,603516_2026-06-17,603516,2,-0.0054068158317458,605198_2026-06-17,605198,3,0.0262725435837858,-0.0316793594155316,0.0,1.0
T7_VS_LOSS,d1_close_to_vwap_raw,2026-06-18,2026-06,600707_2026-06-18,600707,10,-0.0170633106200128,002484_2026-06-18,002484,8,-6.505451121485706e-05,-0.016998256108797943,0.0,1.0
T7_VS_LOSS,d1_close_to_vwap_raw,2026-06-18,2026-06,600707_2026-06-18,600707,10,-0.0170633106200128,002741_2026-06-18,002741,3,0.0333441671967509,-0.050407477816763704,0.0,1.0
T7_VS_LOSS,d1_close_to_vwap_raw,2026-06-18,2026-06,600707_2026-06-18,600707,10,-0.0170633106200128,600110_2026-06-18,600110,4,0.0003284801372593,-0.0173917907572721,0.0,1.0
T7_VS_LOSS,d1_close_to_vwap_raw,2026-06-18,2026-06,600707_2026-06-18,600707,10,-0.0170633106200128,600615_2026-06-18,600615,12,-0.0083796788718858,-0.008683631748127,0.0,1.0
T7_VS_LOSS,d1_close_to_vwap_raw,2026-06-18,2026-06,603002_2026-06-18,603002,7,0.0060047314623616,002484_2026-06-18,002484,8,-6.505451121485706e-05,0.006069785973576457,1.0,0.0
T7_VS_LOSS,d1_close_to_vwap_raw,2026-06-18,2026-06,603002_2026-06-18,603002,7,0.0060047314623616,002741_2026-06-18,002741,3,0.0333441671967509,-0.0273394357343893,0.0,1.0
T7_VS_LOSS,d1_close_to_vwap_raw,2026-06-18,2026-06,603002_2026-06-18,603002,7,0.0060047314623616,600110_2026-06-18,600110,4,0.0003284801372593,0.0056762513251022995,1.0,0.0
T7_VS_LOSS,d1_close_to_vwap_raw,2026-06-18,2026-06,603002_2026-06-18,603002,7,0.0060047314623616,600615_2026-06-18,600615,12,-0.0083796788718858,0.014384410334247399,1.0,0.0
T7_VS_LOSS,d1_close_to_vwap_raw,2026-06-22,2026-06,002141_2026-06-22,002141,6,-0.0370338110846039,002579_2026-06-22,002579,5,0.0160154313169831,-0.053049242401586996,0.0,1.0
T7_VS_LOSS,d1_close_to_vwap_raw,2026-06-22,2026-06,002491_2026-06-22,002491,3,0.0115031860961036,002579_2026-06-22,002579,5,0.0160154313169831,-0.0045122452208795,0.0,1.0
T7_VS_LOSS,d1_close_to_vwap_raw,2026-06-22,2026-06,603261_2026-06-22,603261,1,0.0226232824962082,002579_2026-06-22,002579,5,0.0160154313169831,0.006607851179225101,1.0,0.0
T7_VS_LOSS,d1_close_to_vwap_raw,2026-06-22,2026-06,603324_2026-06-22,603324,7,-0.0048712848629179,002579_2026-06-22,002579,5,0.0160154313169831,-0.020886716179901,0.0,1.0
T7_VS_LOSS,d1_close_to_vwap_raw,2026-06-24,2026-06,000571_2026-06-24,000571,15,0.001951657963592,000070_2026-06-24,000070,5,0.0111404037619622,-0.0091887457983702,0.0,1.0
T7_VS_LOSS,d1_close_to_vwap_raw,2026-06-24,2026-06,000571_2026-06-24,000571,15,0.001951657963592,002830_2026-06-24,002830,7,0.0037290563029599,-0.0017773983393679,0.0,1.0
T7_VS_LOSS,d1_close_to_vwap_raw,2026-06-24,2026-06,000571_2026-06-24,000571,15,0.001951657963592,600851_2026-06-24,600851,4,-0.0244799598381952,0.0264316178017872,1.0,0.0
T7_VS_LOSS,d1_close_to_vwap_raw,2026-06-24,2026-06,000571_2026-06-24,000571,15,0.001951657963592,601869_2026-06-24,601869,2,0.0182789831411089,-0.0163273251775169,0.0,1.0
T7_VS_LOSS,d1_close_to_vwap_raw,2026-06-24,2026-06,000571_2026-06-24,000571,15,0.001951657963592,605377_2026-06-24,605377,12,-0.0023018647964639,0.004253522760055899,1.0,0.0
T7_VS_LOSS,d1_close_to_vwap_raw,2026-06-24,2026-06,000571_2026-06-24,000571,15,0.001951657963592,605580_2026-06-24,605580,3,0.0589453892749156,-0.0569937313113236,0.0,1.0
T7_VS_LOSS,d1_close_to_vwap_raw,2026-06-24,2026-06,000783_2026-06-24,000783,11,-0.0114265685543528,000070_2026-06-24,000070,5,0.0111404037619622,-0.022566972316315,0.0,1.0
T7_VS_LOSS,d1_close_to_vwap_raw,2026-06-24,2026-06,000783_2026-06-24,000783,11,-0.0114265685543528,002830_2026-06-24,002830,7,0.0037290563029599,-0.0151556248573127,0.0,1.0
T7_VS_LOSS,d1_close_to_vwap_raw,2026-06-24,2026-06,000783_2026-06-24,000783,11,-0.0114265685543528,600851_2026-06-24,600851,4,-0.0244799598381952,0.0130533912838424,1.0,0.0
T7_VS_LOSS,d1_close_to_vwap_raw,2026-06-24,2026-06,000783_2026-06-24,000783,11,-0.0114265685543528,601869_2026-06-24,601869,2,0.0182789831411089,-0.0297055516954617,0.0,1.0
T7_VS_LOSS,d1_close_to_vwap_raw,2026-06-24,2026-06,000783_2026-06-24,000783,11,-0.0114265685543528,605377_2026-06-24,605377,12,-0.0023018647964639,-0.009124703757888899,0.0,1.0
T7_VS_LOSS,d1_close_to_vwap_raw,2026-06-24,2026-06,000783_2026-06-24,000783,11,-0.0114265685543528,605580_2026-06-24,605580,3,0.0589453892749156,-0.0703719578292684,0.0,1.0
T7_VS_LOSS,d1_close_to_vwap_raw,2026-06-24,2026-06,600400_2026-06-24,600400,10,0.0197592474608789,000070_2026-06-24,000070,5,0.0111404037619622,0.008618843698916702,1.0,0.0
T7_VS_LOSS,d1_close_to_vwap_raw,2026-06-24,2026-06,600400_2026-06-24,600400,10,0.0197592474608789,002830_2026-06-24,002830,7,0.0037290563029599,0.016030191157919003,1.0,0.0
T7_VS_LOSS,d1_close_to_vwap_raw,2026-06-24,2026-06,600400_2026-06-24,600400,10,0.0197592474608789,600851_2026-06-24,600851,4,-0.0244799598381952,0.0442392072990741,1.0,0.0
T7_VS_LOSS,d1_close_to_vwap_raw,2026-06-24,2026-06,600400_2026-06-24,600400,10,0.0197592474608789,601869_2026-06-24,601869,2,0.0182789831411089,0.0014802643197700006,1.0,0.0
T7_VS_LOSS,d1_close_to_vwap_raw,2026-06-24,2026-06,600400_2026-06-24,600400,10,0.0197592474608789,605377_2026-06-24,605377,12,-0.0023018647964639,0.0220611122573428,1.0,0.0
T7_VS_LOSS,d1_close_to_vwap_raw,2026-06-24,2026-06,600400_2026-06-24,600400,10,0.0197592474608789,605580_2026-06-24,605580,3,0.0589453892749156,-0.03918614181403669,0.0,1.0
T7_VS_LOSS,d1_close_to_vwap_raw,2026-06-25,2026-06,002687_2026-06-25,002687,9,-0.0338800340636726,000566_2026-06-25,000566,7,0.0038332877310227,-0.0377133217946953,0.0,1.0
T7_VS_LOSS,d1_close_to_vwap_raw,2026-06-25,2026-06,002687_2026-06-25,002687,9,-0.0338800340636726,002580_2026-06-25,002580,3,-0.0329414055145318,-0.0009386285491407992,0.0,1.0
T7_VS_LOSS,d1_close_to_vwap_raw,2026-06-25,2026-06,002687_2026-06-25,002687,9,-0.0338800340636726,600379_2026-06-25,600379,1,0.0037609059538654,-0.037640940017538,0.0,1.0
T7_VS_LOSS,d1_close_to_vwap_raw,2026-06-25,2026-06,600909_2026-06-25,600909,2,0.0279197330332912,000566_2026-06-25,000566,7,0.0038332877310227,0.0240864453022685,1.0,0.0
T7_VS_LOSS,d1_close_to_vwap_raw,2026-06-25,2026-06,600909_2026-06-25,600909,2,0.0279197330332912,002580_2026-06-25,002580,3,-0.0329414055145318,0.060861138547823,1.0,0.0
T7_VS_LOSS,d1_close_to_vwap_raw,2026-06-25,2026-06,600909_2026-06-25,600909,2,0.0279197330332912,600379_2026-06-25,600379,1,0.0037609059538654,0.0241588270794258,1.0,0.0
T7_VS_LOSS,d1_close_to_vwap_raw,2026-06-25,2026-06,603938_2026-06-25,603938,4,-0.0129036078611343,000566_2026-06-25,000566,7,0.0038332877310227,-0.016736895592157,0.0,1.0
T7_VS_LOSS,d1_close_to_vwap_raw,2026-06-25,2026-06,603938_2026-06-25,603938,4,-0.0129036078611343,002580_2026-06-25,002580,3,-0.0329414055145318,0.0200377976533975,1.0,0.0
T7_VS_LOSS,d1_close_to_vwap_raw,2026-06-25,2026-06,603938_2026-06-25,603938,4,-0.0129036078611343,600379_2026-06-25,600379,1,0.0037609059538654,-0.0166645138149997,0.0,1.0
T7_VS_LOSS,d1_close_to_vwap_raw,2026-06-25,2026-06,605069_2026-06-25,605069,5,0.0043667403770073,000566_2026-06-25,000566,7,0.0038332877310227,0.0005334526459846002,1.0,0.0
T7_VS_LOSS,d1_close_to_vwap_raw,2026-06-25,2026-06,605069_2026-06-25,605069,5,0.0043667403770073,002580_2026-06-25,002580,3,-0.0329414055145318,0.0373081458915391,1.0,0.0
T7_VS_LOSS,d1_close_to_vwap_raw,2026-06-25,2026-06,605069_2026-06-25,605069,5,0.0043667403770073,600379_2026-06-25,600379,1,0.0037609059538654,0.0006058344231419004,1.0,0.0
T7_VS_LOSS,d1_close_to_vwap_raw,2026-06-26,2026-06,000818_2026-06-26,000818,9,-0.0312868810168782,002080_2026-06-26,002080,7,-0.0101241057817044,-0.021162775235173802,0.0,1.0
T7_VS_LOSS,d1_close_to_vwap_raw,2026-06-26,2026-06,000818_2026-06-26,000818,9,-0.0312868810168782,002254_2026-06-26,002254,12,-0.0524229539816347,0.021136072964756496,1.0,0.0
T7_VS_LOSS,d1_close_to_vwap_raw,2026-06-26,2026-06,000818_2026-06-26,000818,9,-0.0312868810168782,600141_2026-06-26,600141,8,0.0020297751737827,-0.033316656190660904,0.0,1.0
T7_VS_LOSS,d1_close_to_vwap_raw,2026-06-26,2026-06,000818_2026-06-26,000818,9,-0.0312868810168782,603713_2026-06-26,603713,10,0.0028350862116159,-0.0341219672284941,0.0,1.0
T7_VS_LOSS,d1_close_to_vwap_raw,2026-06-26,2026-06,000818_2026-06-26,000818,9,-0.0312868810168782,603989_2026-06-26,603989,4,-0.004927175117893,-0.026359705898985203,0.0,1.0
T7_VS_LOSS,d1_close_to_vwap_raw,2026-06-26,2026-06,002025_2026-06-26,002025,6,0.0063386398007903,002080_2026-06-26,002080,7,-0.0101241057817044,0.0164627455824947,1.0,0.0
T7_VS_LOSS,d1_close_to_vwap_raw,2026-06-26,2026-06,002025_2026-06-26,002025,6,0.0063386398007903,002254_2026-06-26,002254,12,-0.0524229539816347,0.058761593782425,1.0,0.0
T7_VS_LOSS,d1_close_to_vwap_raw,2026-06-26,2026-06,002025_2026-06-26,002025,6,0.0063386398007903,600141_2026-06-26,600141,8,0.0020297751737827,0.004308864627007599,1.0,0.0
T7_VS_LOSS,d1_close_to_vwap_raw,2026-06-26,2026-06,002025_2026-06-26,002025,6,0.0063386398007903,603713_2026-06-26,603713,10,0.0028350862116159,0.0035035535891743998,1.0,0.0
T7_VS_LOSS,d1_close_to_vwap_raw,2026-06-26,2026-06,002025_2026-06-26,002025,6,0.0063386398007903,603989_2026-06-26,603989,4,-0.004927175117893,0.011265814918683299,1.0,0.0
T7_VS_LOSS,d1_close_to_vwap_raw,2026-06-26,2026-06,002990_2026-06-26,002990,3,-0.0049781926787823,002080_2026-06-26,002080,7,-0.0101241057817044,0.005145913102922101,1.0,0.0
T7_VS_LOSS,d1_close_to_vwap_raw,2026-06-26,2026-06,002990_2026-06-26,002990,3,-0.0049781926787823,002254_2026-06-26,002254,12,-0.0524229539816347,0.0474447613028524,1.0,0.0
T7_VS_LOSS,d1_close_to_vwap_raw,2026-06-26,2026-06,002990_2026-06-26,002990,3,-0.0049781926787823,600141_2026-06-26,600141,8,0.0020297751737827,-0.007007967852565,0.0,1.0
T7_VS_LOSS,d1_close_to_vwap_raw,2026-06-26,2026-06,002990_2026-06-26,002990,3,-0.0049781926787823,603713_2026-06-26,603713,10,0.0028350862116159,-0.0078132788903982,0.0,1.0
T7_VS_LOSS,d1_close_to_vwap_raw,2026-06-26,2026-06,002990_2026-06-26,002990,3,-0.0049781926787823,603989_2026-06-26,603989,4,-0.004927175117893,-5.101756088929984e-05,0.0,1.0
T7_VS_LOSS,d1_close_to_vwap_raw,2026-06-29,2026-06,000823_2026-06-29,000823,1,-0.032298220736362,600228_2026-06-29,600228,4,-0.0226228469652888,-0.009675373771073203,0.0,1.0
T7_VS_LOSS,d1_close_to_vwap_raw,2026-06-29,2026-06,002965_2026-06-29,002965,3,-0.0233420725989877,600228_2026-06-29,600228,4,-0.0226228469652888,-0.0007192256336989028,0.0,1.0
T7_VS_LOSS,d1_close_to_vwap_raw,2026-06-29,2026-06,600962_2026-06-29,600962,2,-0.0494968617092543,600228_2026-06-29,600228,4,-0.0226228469652888,-0.0268740147439655,0.0,1.0
T7_VS_LOSS,d1_close_to_vwap_raw,2026-06-30,2026-06,603155_2026-06-30,603155,3,0.0184671174620361,601133_2026-06-30,601133,1,0.0035843158973958,0.014882801564640299,1.0,0.0
T7_VS_LOSS,d1_close_to_vwap_raw,2026-06-30,2026-06,603155_2026-06-30,603155,3,0.0184671174620361,603163_2026-06-30,603163,2,-0.0015109329527021,0.0199780504147382,1.0,0.0
T7_VS_LOSS,d1_close_to_vwap_raw,2026-07-01,2026-07,003043_2026-07-01,003043,1,0.0488944123733663,001237_2026-07-01,001237,3,-0.0027027427692573047,0.051597155142623606,1.0,0.0
T7_VS_LOSS,d1_close_to_vwap_raw,2026-07-01,2026-07,003043_2026-07-01,003043,1,0.0488944123733663,002638_2026-07-01,002638,17,0.0017804794977438,0.0471139328756225,1.0,0.0
T7_VS_LOSS,d1_close_to_vwap_raw,2026-07-01,2026-07,003043_2026-07-01,003043,1,0.0488944123733663,600707_2026-07-01,600707,9,0.0270475087694992,0.021846903603867103,1.0,0.0
T7_VS_LOSS,d1_close_to_vwap_raw,2026-07-01,2026-07,600378_2026-07-01,600378,6,-0.0067533471970937,001237_2026-07-01,001237,3,-0.0027027427692573047,-0.004050604427836395,0.0,1.0
T7_VS_LOSS,d1_close_to_vwap_raw,2026-07-01,2026-07,600378_2026-07-01,600378,6,-0.0067533471970937,002638_2026-07-01,002638,17,0.0017804794977438,-0.0085338266948375,0.0,1.0
T7_VS_LOSS,d1_close_to_vwap_raw,2026-07-01,2026-07,600378_2026-07-01,600378,6,-0.0067533471970937,600707_2026-07-01,600707,9,0.0270475087694992,-0.0338008559665929,0.0,1.0
T7_VS_LOSS,d1_close_to_vwap_raw,2026-07-01,2026-07,603928_2026-07-01,603928,8,-0.0607011546737571,001237_2026-07-01,001237,3,-0.0027027427692573047,-0.057998411904499794,0.0,1.0
T7_VS_LOSS,d1_close_to_vwap_raw,2026-07-01,2026-07,603928_2026-07-01,603928,8,-0.0607011546737571,002638_2026-07-01,002638,17,0.0017804794977438,-0.0624816341715009,0.0,1.0
T7_VS_LOSS,d1_close_to_vwap_raw,2026-07-01,2026-07,603928_2026-07-01,603928,8,-0.0607011546737571,600707_2026-07-01,600707,9,0.0270475087694992,-0.0877486634432563,0.0,1.0
T7_VS_LOSS,d1_close_to_vwap_raw,2026-07-02,2026-07,002396_2026-07-02,002396,12,-0.0079625302388158,001399_2026-07-02,001399,6,-0.02650600591741481,0.01854347567859901,1.0,0.0
T7_VS_LOSS,d1_close_to_vwap_raw,2026-07-02,2026-07,002396_2026-07-02,002396,12,-0.0079625302388158,002273_2026-07-02,002273,11,-0.0355497490529284,0.027587218814112604,1.0,0.0
T7_VS_LOSS,d1_close_to_vwap_raw,2026-07-02,2026-07,002396_2026-07-02,002396,12,-0.0079625302388158,002407_2026-07-02,002407,5,-0.009022728932704,0.0010601986938882004,1.0,0.0
T7_VS_LOSS,d1_close_to_vwap_raw,2026-07-02,2026-07,002396_2026-07-02,002396,12,-0.0079625302388158,600113_2026-07-02,600113,9,-0.0150807563584268,0.007118226119611,1.0,0.0
T7_VS_LOSS,d1_close_to_vwap_raw,2026-07-02,2026-07,002396_2026-07-02,002396,12,-0.0079625302388158,603120_2026-07-02,603120,2,0.0004945861695879,-0.008457116408403699,0.0,1.0
T7_VS_LOSS,d1_close_to_vwap_raw,2026-07-02,2026-07,002396_2026-07-02,002396,12,-0.0079625302388158,603212_2026-07-02,603212,18,-0.0214842081657267,0.013521677926910902,1.0,0.0
T7_VS_LOSS,d1_close_to_vwap_raw,2026-07-02,2026-07,002396_2026-07-02,002396,12,-0.0079625302388158,603379_2026-07-02,603379,1,0.0033711190006582,-0.011333649239473999,0.0,1.0
T7_VS_LOSS,d1_close_to_vwap_raw,2026-07-02,2026-07,002747_2026-07-02,002747,14,-0.0116842282436567,001399_2026-07-02,001399,6,-0.02650600591741481,0.01482177767375811,1.0,0.0
T7_VS_LOSS,d1_close_to_vwap_raw,2026-07-02,2026-07,002747_2026-07-02,002747,14,-0.0116842282436567,002273_2026-07-02,002273,11,-0.0355497490529284,0.023865520809271703,1.0,0.0
T7_VS_LOSS,d1_close_to_vwap_raw,2026-07-02,2026-07,002747_2026-07-02,002747,14,-0.0116842282436567,002407_2026-07-02,002407,5,-0.009022728932704,-0.0026614993109527006,0.0,1.0
T7_VS_LOSS,d1_close_to_vwap_raw,2026-07-02,2026-07,002747_2026-07-02,002747,14,-0.0116842282436567,600113_2026-07-02,600113,9,-0.0150807563584268,0.003396528114770099,1.0,0.0
T7_VS_LOSS,d1_close_to_vwap_raw,2026-07-02,2026-07,002747_2026-07-02,002747,14,-0.0116842282436567,603120_2026-07-02,603120,2,0.0004945861695879,-0.0121788144132446,0.0,1.0
T7_VS_LOSS,d1_close_to_vwap_raw,2026-07-02,2026-07,002747_2026-07-02,002747,14,-0.0116842282436567,603212_2026-07-02,603212,18,-0.0214842081657267,0.00979997992207,1.0,0.0
T7_VS_LOSS,d1_close_to_vwap_raw,2026-07-02,2026-07,002747_2026-07-02,002747,14,-0.0116842282436567,603379_2026-07-02,603379,1,0.0033711190006582,-0.0150553472443149,0.0,1.0
T7_VS_LOSS,d1_close_to_vwap_raw,2026-07-03,2026-07,603538_2026-07-03,603538,2,0.003419789829689,000536_2026-07-03,000536,10,-0.0145498623753779,0.0179696522050669,1.0,0.0
T7_VS_LOSS,d1_close_to_vwap_raw,2026-07-03,2026-07,603538_2026-07-03,603538,2,0.003419789829689,002559_2026-07-03,002559,7,-0.0041376203478763,0.0075574101775653,1.0,0.0
T7_VS_LOSS,d1_close_to_vwap_raw,2026-07-03,2026-07,603538_2026-07-03,603538,2,0.003419789829689,002971_2026-07-03,002971,3,-0.0269122532113268,0.0303320430410158,1.0,0.0
T7_VS_LOSS,d1_close_to_vwap_raw,2026-07-03,2026-07,603538_2026-07-03,603538,2,0.003419789829689,600641_2026-07-03,600641,1,-0.0305697798397347,0.0339895696694237,1.0,0.0
T7_VS_LOSS,d1_close_to_vwap_raw,2026-07-03,2026-07,603538_2026-07-03,603538,2,0.003419789829689,603505_2026-07-03,603505,5,-0.019991401736275,0.023411191565964003,1.0,0.0
T7_VS_LOSS,d1_close_to_vwap_raw,2026-07-03,2026-07,603538_2026-07-03,603538,2,0.003419789829689,605488_2026-07-03,605488,4,0.005260485646821,-0.001840695817132,0.0,1.0
T7_VS_LOSS,d1_close_to_vwap_raw,2026-07-06,2026-07,000506_2026-07-06,000506,5,-0.0514059117684534,000576_2026-07-06,000576,10,0.0045265966418734,-0.0559325084103268,0.0,1.0
T7_VS_LOSS,d1_close_to_vwap_raw,2026-07-06,2026-07,000506_2026-07-06,000506,5,-0.0514059117684534,000595_2026-07-06,000595,11,0.0306815593377414,-0.0820874711061948,0.0,1.0
T7_VS_LOSS,d1_close_to_vwap_raw,2026-07-06,2026-07,000506_2026-07-06,000506,5,-0.0514059117684534,002979_2026-07-06,002979,1,-0.0158412575903718,-0.03556465417808159,0.0,1.0
T7_VS_LOSS,d1_close_to_vwap_raw,2026-07-06,2026-07,000506_2026-07-06,000506,5,-0.0514059117684534,603286_2026-07-06,603286,2,-0.0299313580133745,-0.021474553755078896,0.0,1.0
T7_VS_LOSS,d1_close_to_vwap_raw,2026-07-06,2026-07,000506_2026-07-06,000506,5,-0.0514059117684534,603559_2026-07-06,603559,12,-0.0473378699248688,-0.004068041843584599,0.0,1.0
T7_VS_LOSS,d1_close_to_vwap_raw,2026-07-06,2026-07,000506_2026-07-06,000506,5,-0.0514059117684534,603717_2026-07-06,603717,13,-0.0110137678045973,-0.0403921439638561,0.0,1.0
T7_VS_LOSS,d1_close_to_vwap_raw,2026-07-06,2026-07,000506_2026-07-06,000506,5,-0.0514059117684534,605189_2026-07-06,605189,8,-0.0329316589534328,-0.018474252815020596,0.0,1.0
T7_VS_LOSS,d1_close_to_vwap_raw,2026-07-06,2026-07,001317_2026-07-06,001317,9,-0.0237036529756379,000576_2026-07-06,000576,10,0.0045265966418734,-0.028230249617511298,0.0,1.0
T7_VS_LOSS,d1_close_to_vwap_raw,2026-07-06,2026-07,001317_2026-07-06,001317,9,-0.0237036529756379,000595_2026-07-06,000595,11,0.0306815593377414,-0.0543852123133793,0.0,1.0
T7_VS_LOSS,d1_close_to_vwap_raw,2026-07-06,2026-07,001317_2026-07-06,001317,9,-0.0237036529756379,002979_2026-07-06,002979,1,-0.0158412575903718,-0.007862395385266098,0.0,1.0
T7_VS_LOSS,d1_close_to_vwap_raw,2026-07-06,2026-07,001317_2026-07-06,001317,9,-0.0237036529756379,603286_2026-07-06,603286,2,-0.0299313580133745,0.006227705037736602,1.0,0.0
T7_VS_LOSS,d1_close_to_vwap_raw,2026-07-06,2026-07,001317_2026-07-06,001317,9,-0.0237036529756379,603559_2026-07-06,603559,12,-0.0473378699248688,0.0236342169492309,1.0,0.0
T7_VS_LOSS,d1_close_to_vwap_raw,2026-07-06,2026-07,001317_2026-07-06,001317,9,-0.0237036529756379,603717_2026-07-06,603717,13,-0.0110137678045973,-0.0126898851710406,0.0,1.0
T7_VS_LOSS,d1_close_to_vwap_raw,2026-07-06,2026-07,001317_2026-07-06,001317,9,-0.0237036529756379,605189_2026-07-06,605189,8,-0.0329316589534328,0.009228005977794902,1.0,0.0
T7_VS_LOSS,d1_close_to_vwap_raw,2026-07-06,2026-07,603580_2026-07-06,603580,4,-0.0546126995098183,000576_2026-07-06,000576,10,0.0045265966418734,-0.0591392961516917,0.0,1.0
T7_VS_LOSS,d1_close_to_vwap_raw,2026-07-06,2026-07,603580_2026-07-06,603580,4,-0.0546126995098183,000595_2026-07-06,000595,11,0.0306815593377414,-0.0852942588475597,0.0,1.0
T7_VS_LOSS,d1_close_to_vwap_raw,2026-07-06,2026-07,603580_2026-07-06,603580,4,-0.0546126995098183,002979_2026-07-06,002979,1,-0.0158412575903718,-0.038771441919446495,0.0,1.0
T7_VS_LOSS,d1_close_to_vwap_raw,2026-07-06,2026-07,603580_2026-07-06,603580,4,-0.0546126995098183,603286_2026-07-06,603286,2,-0.0299313580133745,-0.0246813414964438,0.0,1.0
T7_VS_LOSS,d1_close_to_vwap_raw,2026-07-06,2026-07,603580_2026-07-06,603580,4,-0.0546126995098183,603559_2026-07-06,603559,12,-0.0473378699248688,-0.007274829584949502,0.0,1.0
T7_VS_LOSS,d1_close_to_vwap_raw,2026-07-06,2026-07,603580_2026-07-06,603580,4,-0.0546126995098183,603717_2026-07-06,603717,13,-0.0110137678045973,-0.043598931705221,0.0,1.0
T7_VS_LOSS,d1_close_to_vwap_raw,2026-07-06,2026-07,603580_2026-07-06,603580,4,-0.0546126995098183,605189_2026-07-06,605189,8,-0.0329316589534328,-0.0216810405563855,0.0,1.0
T7_VS_LOSS,d1_close_to_vwap_raw,2026-07-09,2026-07,001229_2026-07-09,001229,1,0.0367654769429057,002951_2026-07-09,002951,4,-0.0030510753863585,0.039816552329264204,1.0,0.0
T7_VS_LOSS,d1_close_to_vwap_raw,2026-07-09,2026-07,001365_2026-07-09,001365,2,-0.02825850085206094,002951_2026-07-09,002951,4,-0.0030510753863585,-0.02520742546570244,0.0,1.0
T7_VS_LOSS,d1_close_to_vwap_raw,2026-07-10,2026-07,002490_2026-07-10,002490,4,0.0148698438730268,000977_2026-07-10,000977,1,-0.0246515431738157,0.0395213870468425,1.0,0.0
T7_VS_LOSS,d1_close_to_vwap_raw,2026-07-10,2026-07,002490_2026-07-10,002490,4,0.0148698438730268,603928_2026-07-10,603928,3,0.0280529601456154,-0.0131831162725886,0.0,1.0
T7_VS_LOSS,d1_close_to_vwap_raw,2026-07-16,2026-07,001388_2026-07-16,001388,1,-0.0011089901492424,002141_2026-07-16,002141,7,-0.0174151454248439,0.0163061552756015,1.0,0.0
T7_VS_LOSS,d1_close_to_vwap_raw,2026-07-16,2026-07,001388_2026-07-16,001388,1,-0.0011089901492424,600829_2026-07-16,600829,10,0.0006497020924332,-0.0017586922416756,0.0,1.0
T7_VS_LOSS,d1_close_to_vwap_raw,2026-07-16,2026-07,001388_2026-07-16,001388,1,-0.0011089901492424,605189_2026-07-16,605189,6,0.000517828824706,-0.0016268189739484,0.0,1.0
T7_VS_LOSS,d1_close_to_vwap_raw,2026-07-16,2026-07,001388_2026-07-16,001388,1,-0.0011089901492424,605255_2026-07-16,605255,2,-0.0243038592011799,0.0231948690519375,1.0,0.0
T7_VS_LOSS,d1_close_to_vwap_raw,2026-07-16,2026-07,002432_2026-07-16,002432,4,-0.0002271415257666,002141_2026-07-16,002141,7,-0.0174151454248439,0.0171880038990773,1.0,0.0
T7_VS_LOSS,d1_close_to_vwap_raw,2026-07-16,2026-07,002432_2026-07-16,002432,4,-0.0002271415257666,600829_2026-07-16,600829,10,0.0006497020924332,-0.0008768436181998,0.0,1.0
T7_VS_LOSS,d1_close_to_vwap_raw,2026-07-16,2026-07,002432_2026-07-16,002432,4,-0.0002271415257666,605189_2026-07-16,605189,6,0.000517828824706,-0.0007449703504726,0.0,1.0
T7_VS_LOSS,d1_close_to_vwap_raw,2026-07-16,2026-07,002432_2026-07-16,002432,4,-0.0002271415257666,605255_2026-07-16,605255,2,-0.0243038592011799,0.0240767176754133,1.0,0.0
T7_VS_LOSS,d1_close_to_vwap_raw,2026-07-16,2026-07,600227_2026-07-16,600227,12,-0.0443691512417818,002141_2026-07-16,002141,7,-0.0174151454248439,-0.0269540058169379,0.0,1.0
T7_VS_LOSS,d1_close_to_vwap_raw,2026-07-16,2026-07,600227_2026-07-16,600227,12,-0.0443691512417818,600829_2026-07-16,600829,10,0.0006497020924332,-0.045018853334215,0.0,1.0
T7_VS_LOSS,d1_close_to_vwap_raw,2026-07-16,2026-07,600227_2026-07-16,600227,12,-0.0443691512417818,605189_2026-07-16,605189,6,0.000517828824706,-0.0448869800664878,0.0,1.0
T7_VS_LOSS,d1_close_to_vwap_raw,2026-07-16,2026-07,600227_2026-07-16,600227,12,-0.0443691512417818,605255_2026-07-16,605255,2,-0.0243038592011799,-0.0200652920406019,0.0,1.0
T7_VS_LOSS,d1_close_to_vwap_raw,2026-07-16,2026-07,600746_2026-07-16,600746,5,0.007391146907121,002141_2026-07-16,002141,7,-0.0174151454248439,0.0248062923319649,1.0,0.0
T7_VS_LOSS,d1_close_to_vwap_raw,2026-07-16,2026-07,600746_2026-07-16,600746,5,0.007391146907121,600829_2026-07-16,600829,10,0.0006497020924332,0.0067414448146878,1.0,0.0
T7_VS_LOSS,d1_close_to_vwap_raw,2026-07-16,2026-07,600746_2026-07-16,600746,5,0.007391146907121,605189_2026-07-16,605189,6,0.000517828824706,0.006873318082415,1.0,0.0
T7_VS_LOSS,d1_close_to_vwap_raw,2026-07-16,2026-07,600746_2026-07-16,600746,5,0.007391146907121,605255_2026-07-16,605255,2,-0.0243038592011799,0.0316950061083009,1.0,0.0
T7_VS_LOSS,d1_close_to_vwap_raw,2026-07-16,2026-07,603137_2026-07-16,603137,8,0.0,002141_2026-07-16,002141,7,-0.0174151454248439,0.0174151454248439,1.0,0.0
T7_VS_LOSS,d1_close_to_vwap_raw,2026-07-16,2026-07,603137_2026-07-16,603137,8,0.0,600829_2026-07-16,600829,10,0.0006497020924332,-0.0006497020924332,0.0,1.0
T7_VS_LOSS,d1_close_to_vwap_raw,2026-07-16,2026-07,603137_2026-07-16,603137,8,0.0,605189_2026-07-16,605189,6,0.000517828824706,-0.000517828824706,0.0,1.0
T7_VS_LOSS,d1_close_to_vwap_raw,2026-07-16,2026-07,603137_2026-07-16,603137,8,0.0,605255_2026-07-16,605255,2,-0.0243038592011799,0.0243038592011799,1.0,0.0
T7_VS_LOSS,d1_close_to_vwap_raw,2026-07-20,2026-07,000676_2026-07-20,000676,4,-0.0142303967113743,002632_2026-07-20,002632,2,-0.0010370505222021,-0.0131933461891722,0.0,1.0
T7_VS_LOSS,d1_close_to_vwap_raw,2026-07-20,2026-07,000676_2026-07-20,000676,4,-0.0142303967113743,002677_2026-07-20,002677,5,-0.0386848251690106,0.024454428457636304,1.0,0.0
T7_VS_LOSS,d1_close_to_vwap_raw,2026-07-20,2026-07,002829_2026-07-20,002829,1,-0.0112590207464051,002632_2026-07-20,002632,2,-0.0010370505222021,-0.010221970224203,0.0,1.0
T7_VS_LOSS,d1_close_to_vwap_raw,2026-07-20,2026-07,002829_2026-07-20,002829,1,-0.0112590207464051,002677_2026-07-20,002677,5,-0.0386848251690106,0.027425804422605504,1.0,0.0
T7_VS_LOSS,d1_close_to_vwap_raw,2026-07-20,2026-07,600162_2026-07-20,600162,6,-0.0282859934076198,002632_2026-07-20,002632,2,-0.0010370505222021,-0.027248942885417703,0.0,1.0
T7_VS_LOSS,d1_close_to_vwap_raw,2026-07-20,2026-07,600162_2026-07-20,600162,6,-0.0282859934076198,002677_2026-07-20,002677,5,-0.0386848251690106,0.010398831761390802,1.0,0.0
T7_VS_LOSS,d1_close_to_vwap_raw,2026-07-20,2026-07,603567_2026-07-20,603567,3,0.0091973994919769,002632_2026-07-20,002632,2,-0.0010370505222021,0.010234450014179,1.0,0.0
T7_VS_LOSS,d1_close_to_vwap_raw,2026-07-20,2026-07,603567_2026-07-20,603567,3,0.0091973994919769,002677_2026-07-20,002677,5,-0.0386848251690106,0.0478822246609875,1.0,0.0
T7_VS_LOSS,d1_close_to_vwap_raw,2026-07-24,2026-07,002412_2026-07-24,002412,8,-0.0785185767375092,000603_2026-07-24,000603,1,0.0040642436458522,-0.0825828203833614,0.0,1.0
T7_VS_LOSS,d1_close_to_vwap_raw,2026-07-24,2026-07,002412_2026-07-24,002412,8,-0.0785185767375092,600722_2026-07-24,600722,3,0.0106782126620434,-0.0891967893995526,0.0,1.0
T7_VS_LOSS,d1_close_to_vwap_raw,2026-07-24,2026-07,002900_2026-07-24,002900,6,-0.0170103635102648,000603_2026-07-24,000603,1,0.0040642436458522,-0.021074607156117,0.0,1.0
T7_VS_LOSS,d1_close_to_vwap_raw,2026-07-24,2026-07,002900_2026-07-24,002900,6,-0.0170103635102648,600722_2026-07-24,600722,3,0.0106782126620434,-0.027688576172308202,0.0,1.0
T7_VS_LOSS,d1_close_to_vwap_raw,2026-07-24,2026-07,600396_2026-07-24,600396,5,-0.0451814832529585,000603_2026-07-24,000603,1,0.0040642436458522,-0.0492457268988107,0.0,1.0
T7_VS_LOSS,d1_close_to_vwap_raw,2026-07-24,2026-07,600396_2026-07-24,600396,5,-0.0451814832529585,600722_2026-07-24,600722,3,0.0106782126620434,-0.0558596959150019,0.0,1.0
T7_VS_LOSS,d1_close_to_vwap_raw,2026-07-24,2026-07,603988_2026-07-24,603988,7,-0.0391786579672315,000603_2026-07-24,000603,1,0.0040642436458522,-0.0432429016130837,0.0,1.0
T7_VS_LOSS,d1_close_to_vwap_raw,2026-07-24,2026-07,603988_2026-07-24,603988,7,-0.0391786579672315,600722_2026-07-24,600722,3,0.0106782126620434,-0.0498568706292749,0.0,1.0
T7_VS_LOSS,d1_close_to_vwap_raw,2026-07-24,2026-07,605162_2026-07-24,605162,4,0.0091181205955523,000603_2026-07-24,000603,1,0.0040642436458522,0.0050538769497001,1.0,0.0
T7_VS_LOSS,d1_close_to_vwap_raw,2026-07-24,2026-07,605162_2026-07-24,605162,4,0.0091181205955523,600722_2026-07-24,600722,3,0.0106782126620434,-0.0015600920664910999,0.0,1.0
T7_VS_LOSS,d1_close_to_vwap_raw,2026-07-27,2026-07,000668_2026-07-27,000668,1,0.0150443029754436,000011_2026-07-27,000011,9,-0.0668236788513856,0.0818679818268292,1.0,0.0
T7_VS_LOSS,d1_close_to_vwap_raw,2026-07-27,2026-07,000668_2026-07-27,000668,1,0.0150443029754436,000595_2026-07-27,000595,11,0.0068623167355637,0.0081819862398799,1.0,0.0
T7_VS_LOSS,d1_close_to_vwap_raw,2026-07-27,2026-07,000668_2026-07-27,000668,1,0.0150443029754436,002218_2026-07-27,002218,10,0.0231813741023119,-0.0081370711268683,0.0,1.0
T7_VS_LOSS,d1_close_to_vwap_raw,2026-07-27,2026-07,000668_2026-07-27,000668,1,0.0150443029754436,600698_2026-07-27,600698,8,0.0283665590839741,-0.013322256108530502,0.0,1.0
T7_VS_LOSS,d1_close_to_vwap_raw,2026-07-27,2026-07,002199_2026-07-27,002199,3,-0.0044635962103336,000011_2026-07-27,000011,9,-0.0668236788513856,0.062360082641052,1.0,0.0
T7_VS_LOSS,d1_close_to_vwap_raw,2026-07-27,2026-07,002199_2026-07-27,002199,3,-0.0044635962103336,000595_2026-07-27,000595,11,0.0068623167355637,-0.011325912945897298,0.0,1.0
T7_VS_LOSS,d1_close_to_vwap_raw,2026-07-27,2026-07,002199_2026-07-27,002199,3,-0.0044635962103336,002218_2026-07-27,002218,10,0.0231813741023119,-0.027644970312645498,0.0,1.0
T7_VS_LOSS,d1_close_to_vwap_raw,2026-07-27,2026-07,002199_2026-07-27,002199,3,-0.0044635962103336,600698_2026-07-27,600698,8,0.0283665590839741,-0.0328301552943077,0.0,1.0
T7_VS_LOSS,d1_close_to_vwap_raw,2026-07-28,2026-07,601606_2026-07-28,601606,1,-0.0445324966250193,603690_2026-07-28,603690,2,-0.0218265672552124,-0.022705929369806897,0.0,1.0
T7_VS_LOSS,d1_close_to_vwap_raw,2026-07-29,2026-07,000566_2026-07-29,000566,5,0.0032679633779246,002310_2026-07-29,002310,7,-0.010041349953721,0.0133093133316456,1.0,0.0
T7_VS_LOSS,d1_close_to_vwap_raw,2026-07-29,2026-07,000566_2026-07-29,000566,5,0.0032679633779246,002388_2026-07-29,002388,10,-0.0057218769749227,0.008989840352847299,1.0,0.0
T7_VS_LOSS,d1_close_to_vwap_raw,2026-07-29,2026-07,000566_2026-07-29,000566,5,0.0032679633779246,603358_2026-07-29,603358,3,-0.0016068071857302,0.0048747705636548,1.0,0.0
T7_VS_LOSS,d1_close_to_vwap_raw,2026-07-29,2026-07,000566_2026-07-29,000566,5,0.0032679633779246,603389_2026-07-29,603389,1,-0.0462187470184298,0.0494867103963544,1.0,0.0
T7_VS_LOSS,d1_low_to_close_recovery,2026-05-06,2026-05,600714_2026-05-06,600714,3,0.0197740112994351,002192_2026-05-06,002192,1,0.0324078373107996,-0.012633826011364504,0.0,1.0
T7_VS_LOSS,d1_low_to_close_recovery,2026-05-06,2026-05,600714_2026-05-06,600714,3,0.0197740112994351,002842_2026-05-06,002842,4,0.0412589262099972,-0.021484914910562102,0.0,1.0
T7_VS_LOSS,d1_low_to_close_recovery,2026-05-08,2026-05,002903_2026-05-08,002903,2,0.0531818181818182,000818_2026-05-08,000818,5,0.0074946466809422,0.045687171500876,1.0,0.0
T7_VS_LOSS,d1_low_to_close_recovery,2026-05-08,2026-05,002903_2026-05-08,002903,2,0.0531818181818182,000889_2026-05-08,000889,12,0.0112149532710281,0.041966864910790096,1.0,0.0
T7_VS_LOSS,d1_low_to_close_recovery,2026-05-08,2026-05,002903_2026-05-08,002903,2,0.0531818181818182,000967_2026-05-08,000967,11,0.0245128849780012,0.028668933203817,1.0,0.0
T7_VS_LOSS,d1_low_to_close_recovery,2026-05-08,2026-05,002903_2026-05-08,002903,2,0.0531818181818182,600673_2026-05-08,600673,9,0.0025125628140703,0.0506692553677479,1.0,0.0
T7_VS_LOSS,d1_low_to_close_recovery,2026-05-08,2026-05,002903_2026-05-08,002903,2,0.0531818181818182,603158_2026-05-08,603158,8,0.0199100834938985,0.0332717346879197,1.0,0.0
T7_VS_LOSS,d1_low_to_close_recovery,2026-05-08,2026-05,002903_2026-05-08,002903,2,0.0531818181818182,603316_2026-05-08,603316,6,0.0284640171858215,0.024717800995996696,1.0,0.0
T7_VS_LOSS,d1_low_to_close_recovery,2026-05-08,2026-05,003041_2026-05-08,003041,3,0.0159582872491704,000818_2026-05-08,000818,5,0.0074946466809422,0.008463640568228202,1.0,0.0
T7_VS_LOSS,d1_low_to_close_recovery,2026-05-08,2026-05,003041_2026-05-08,003041,3,0.0159582872491704,000889_2026-05-08,000889,12,0.0112149532710281,0.0047433339781423,1.0,0.0
T7_VS_LOSS,d1_low_to_close_recovery,2026-05-08,2026-05,003041_2026-05-08,003041,3,0.0159582872491704,000967_2026-05-08,000967,11,0.0245128849780012,-0.008554597728830798,0.0,1.0
T7_VS_LOSS,d1_low_to_close_recovery,2026-05-08,2026-05,003041_2026-05-08,003041,3,0.0159582872491704,600673_2026-05-08,600673,9,0.0025125628140703,0.013445724435100101,1.0,0.0
T7_VS_LOSS,d1_low_to_close_recovery,2026-05-08,2026-05,003041_2026-05-08,003041,3,0.0159582872491704,603158_2026-05-08,603158,8,0.0199100834938985,-0.003951796244728099,0.0,1.0
T7_VS_LOSS,d1_low_to_close_recovery,2026-05-08,2026-05,003041_2026-05-08,003041,3,0.0159582872491704,603316_2026-05-08,603316,6,0.0284640171858215,-0.0125057299366511,0.0,1.0
T7_VS_LOSS,d1_low_to_close_recovery,2026-05-08,2026-05,600396_2026-05-08,600396,7,0.017170891251022,000818_2026-05-08,000818,5,0.0074946466809422,0.0096762445700798,1.0,0.0
T7_VS_LOSS,d1_low_to_close_recovery,2026-05-08,2026-05,600396_2026-05-08,600396,7,0.017170891251022,000889_2026-05-08,000889,12,0.0112149532710281,0.005955937979993898,1.0,0.0
T7_VS_LOSS,d1_low_to_close_recovery,2026-05-08,2026-05,600396_2026-05-08,600396,7,0.017170891251022,000967_2026-05-08,000967,11,0.0245128849780012,-0.007341993726979201,0.0,1.0
T7_VS_LOSS,d1_low_to_close_recovery,2026-05-08,2026-05,600396_2026-05-08,600396,7,0.017170891251022,600673_2026-05-08,600673,9,0.0025125628140703,0.014658328436951699,1.0,0.0
T7_VS_LOSS,d1_low_to_close_recovery,2026-05-08,2026-05,600396_2026-05-08,600396,7,0.017170891251022,603158_2026-05-08,603158,8,0.0199100834938985,-0.0027391922428765016,0.0,1.0
T7_VS_LOSS,d1_low_to_close_recovery,2026-05-08,2026-05,600396_2026-05-08,600396,7,0.017170891251022,603316_2026-05-08,603316,6,0.0284640171858215,-0.011293125934799503,0.0,1.0
T7_VS_LOSS,d1_low_to_close_recovery,2026-05-08,2026-05,600719_2026-05-08,600719,10,0.0033112582781456,000818_2026-05-08,000818,5,0.0074946466809422,-0.0041833884027966,0.0,1.0
T7_VS_LOSS,d1_low_to_close_recovery,2026-05-08,2026-05,600719_2026-05-08,600719,10,0.0033112582781456,000889_2026-05-08,000889,12,0.0112149532710281,-0.007903694992882501,0.0,1.0
T7_VS_LOSS,d1_low_to_close_recovery,2026-05-08,2026-05,600719_2026-05-08,600719,10,0.0033112582781456,000967_2026-05-08,000967,11,0.0245128849780012,-0.0212016266998556,0.0,1.0
T7_VS_LOSS,d1_low_to_close_recovery,2026-05-08,2026-05,600719_2026-05-08,600719,10,0.0033112582781456,600673_2026-05-08,600673,9,0.0025125628140703,0.0007986954640752998,1.0,0.0
T7_VS_LOSS,d1_low_to_close_recovery,2026-05-08,2026-05,600719_2026-05-08,600719,10,0.0033112582781456,603158_2026-05-08,603158,8,0.0199100834938985,-0.0165988252157529,0.0,1.0
T7_VS_LOSS,d1_low_to_close_recovery,2026-05-08,2026-05,600719_2026-05-08,600719,10,0.0033112582781456,603316_2026-05-08,603316,6,0.0284640171858215,-0.0251527589076759,0.0,1.0
T7_VS_LOSS,d1_low_to_close_recovery,2026-05-11,2026-05,000720_2026-05-11,000720,9,0.0410714285714286,002317_2026-05-11,002317,10,0.0286771507863088,0.012394277785119798,1.0,0.0
T7_VS_LOSS,d1_low_to_close_recovery,2026-05-11,2026-05,002929_2026-05-11,002929,3,0.0446656800753398,002317_2026-05-11,002317,10,0.0286771507863088,0.015988529289031002,1.0,0.0
T7_VS_LOSS,d1_low_to_close_recovery,2026-05-11,2026-05,600936_2026-05-11,600936,11,0.0059171597633134,002317_2026-05-11,002317,10,0.0286771507863088,-0.0227599910229954,0.0,1.0
T7_VS_LOSS,d1_low_to_close_recovery,2026-05-11,2026-05,603278_2026-05-11,603278,5,0.0630193905817174,002317_2026-05-11,002317,10,0.0286771507863088,0.034342239795408604,1.0,0.0
T7_VS_LOSS,d1_low_to_close_recovery,2026-05-11,2026-05,603618_2026-05-11,603618,1,0.0507042253521125,002317_2026-05-11,002317,10,0.0286771507863088,0.022027074565803696,1.0,0.0
T7_VS_LOSS,d1_low_to_close_recovery,2026-05-11,2026-05,603636_2026-05-11,603636,7,0.0036363636363635,002317_2026-05-11,002317,10,0.0286771507863088,-0.0250407871499453,0.0,1.0
T7_VS_LOSS,d1_low_to_close_recovery,2026-05-13,2026-05,000029_2026-05-13,000029,3,0.0190839694656488,600683_2026-05-13,600683,6,0.0255591054313099,-0.0064751359656611,0.0,1.0
T7_VS_LOSS,d1_low_to_close_recovery,2026-05-13,2026-05,000029_2026-05-13,000029,3,0.0190839694656488,600869_2026-05-13,600869,4,0.0267022696929239,-0.0076183002272750995,0.0,1.0
T7_VS_LOSS,d1_low_to_close_recovery,2026-05-13,2026-05,000029_2026-05-13,000029,3,0.0190839694656488,603061_2026-05-13,603061,2,0.0534555298261634,-0.0343715603605146,0.0,1.0
T7_VS_LOSS,d1_low_to_close_recovery,2026-05-13,2026-05,001211_2026-05-13,001211,1,0.039030159668835,600683_2026-05-13,600683,6,0.0255591054313099,0.013471054237525103,1.0,0.0
T7_VS_LOSS,d1_low_to_close_recovery,2026-05-13,2026-05,001211_2026-05-13,001211,1,0.039030159668835,600869_2026-05-13,600869,4,0.0267022696929239,0.012327889975911104,1.0,0.0
T7_VS_LOSS,d1_low_to_close_recovery,2026-05-13,2026-05,001211_2026-05-13,001211,1,0.039030159668835,603061_2026-05-13,603061,2,0.0534555298261634,-0.0144253701573284,0.0,1.0
T7_VS_LOSS,d1_low_to_close_recovery,2026-05-14,2026-05,000767_2026-05-14,000767,6,0.0021321961620468,000601_2026-05-14,000601,8,0.008578431372549,-0.0064462352105022,0.0,1.0
T7_VS_LOSS,d1_low_to_close_recovery,2026-05-14,2026-05,000767_2026-05-14,000767,6,0.0021321961620468,000925_2026-05-14,000925,7,0.0,0.0021321961620468,1.0,0.0
T7_VS_LOSS,d1_low_to_close_recovery,2026-05-14,2026-05,000767_2026-05-14,000767,6,0.0021321961620468,002498_2026-05-14,002498,5,0.0029644268774704,-0.0008322307154236003,0.0,1.0
T7_VS_LOSS,d1_low_to_close_recovery,2026-05-14,2026-05,000767_2026-05-14,000767,6,0.0021321961620468,603203_2026-05-14,603203,2,0.0579472908823046,-0.0558150947202578,0.0,1.0
T7_VS_LOSS,d1_low_to_close_recovery,2026-05-14,2026-05,600396_2026-05-14,600396,1,0.04,000601_2026-05-14,000601,8,0.008578431372549,0.031421568627451005,1.0,0.0
T7_VS_LOSS,d1_low_to_close_recovery,2026-05-14,2026-05,600396_2026-05-14,600396,1,0.04,000925_2026-05-14,000925,7,0.0,0.04,1.0,0.0
T7_VS_LOSS,d1_low_to_close_recovery,2026-05-14,2026-05,600396_2026-05-14,600396,1,0.04,002498_2026-05-14,002498,5,0.0029644268774704,0.0370355731225296,1.0,0.0
T7_VS_LOSS,d1_low_to_close_recovery,2026-05-14,2026-05,600396_2026-05-14,600396,1,0.04,603203_2026-05-14,603203,2,0.0579472908823046,-0.017947290882304602,0.0,1.0
T7_VS_LOSS,d1_low_to_close_recovery,2026-05-15,2026-05,002208_2026-05-15,002208,5,0.1095670764297167,001223_2026-05-15,001223,4,0.0111545704766043,0.0984125059531124,1.0,0.0
T7_VS_LOSS,d1_low_to_close_recovery,2026-05-15,2026-05,002208_2026-05-15,002208,5,0.1095670764297167,603052_2026-05-15,603052,1,0.0402456912357902,0.0693213851939265,1.0,0.0
T7_VS_LOSS,d1_low_to_close_recovery,2026-05-15,2026-05,002782_2026-05-15,002782,6,0.021285140562249,001223_2026-05-15,001223,4,0.0111545704766043,0.010130570085644698,1.0,0.0
T7_VS_LOSS,d1_low_to_close_recovery,2026-05-15,2026-05,002782_2026-05-15,002782,6,0.021285140562249,603052_2026-05-15,603052,1,0.0402456912357902,-0.0189605506735412,0.0,1.0
T7_VS_LOSS,d1_low_to_close_recovery,2026-05-15,2026-05,600156_2026-05-15,600156,9,0.0258418167580266,001223_2026-05-15,001223,4,0.0111545704766043,0.0146872462814223,1.0,0.0
T7_VS_LOSS,d1_low_to_close_recovery,2026-05-15,2026-05,600156_2026-05-15,600156,9,0.0258418167580266,603052_2026-05-15,603052,1,0.0402456912357902,-0.0144038744777636,0.0,1.0
T7_VS_LOSS,d1_low_to_close_recovery,2026-05-15,2026-05,600857_2026-05-15,600857,10,0.0,001223_2026-05-15,001223,4,0.0111545704766043,-0.0111545704766043,0.0,1.0
T7_VS_LOSS,d1_low_to_close_recovery,2026-05-15,2026-05,600857_2026-05-15,600857,10,0.0,603052_2026-05-15,603052,1,0.0402456912357902,-0.0402456912357902,0.0,1.0
T7_VS_LOSS,d1_low_to_close_recovery,2026-05-15,2026-05,600903_2026-05-15,600903,11,0.0883152173913042,001223_2026-05-15,001223,4,0.0111545704766043,0.0771606469146999,1.0,0.0
T7_VS_LOSS,d1_low_to_close_recovery,2026-05-15,2026-05,600903_2026-05-15,600903,11,0.0883152173913042,603052_2026-05-15,603052,1,0.0402456912357902,0.048069526155514,1.0,0.0
T7_VS_LOSS,d1_low_to_close_recovery,2026-05-15,2026-05,603093_2026-05-15,603093,8,0.0,001223_2026-05-15,001223,4,0.0111545704766043,-0.0111545704766043,0.0,1.0
T7_VS_LOSS,d1_low_to_close_recovery,2026-05-15,2026-05,603093_2026-05-15,603093,8,0.0,603052_2026-05-15,603052,1,0.0402456912357902,-0.0402456912357902,0.0,1.0
T7_VS_LOSS,d1_low_to_close_recovery,2026-05-20,2026-05,002552_2026-05-20,002552,2,0.0365853658536585,002208_2026-05-20,002208,3,0.0961457009741634,-0.059560335120504904,0.0,1.0
T7_VS_LOSS,d1_low_to_close_recovery,2026-05-20,2026-05,002552_2026-05-20,002552,2,0.0365853658536585,603206_2026-05-20,603206,9,0.0050125313283208,0.0315728345253377,1.0,0.0
T7_VS_LOSS,d1_low_to_close_recovery,2026-05-20,2026-05,002552_2026-05-20,002552,2,0.0365853658536585,605218_2026-05-20,605218,7,0.0038369304556354,0.0327484353980231,1.0,0.0
T7_VS_LOSS,d1_low_to_close_recovery,2026-05-20,2026-05,600903_2026-05-20,600903,8,0.00203873598369,002208_2026-05-20,002208,3,0.0961457009741634,-0.0941069649904734,0.0,1.0
T7_VS_LOSS,d1_low_to_close_recovery,2026-05-20,2026-05,600903_2026-05-20,600903,8,0.00203873598369,603206_2026-05-20,603206,9,0.0050125313283208,-0.0029737953446308,0.0,1.0
T7_VS_LOSS,d1_low_to_close_recovery,2026-05-20,2026-05,600903_2026-05-20,600903,8,0.00203873598369,605218_2026-05-20,605218,7,0.0038369304556354,-0.0017981944719454002,0.0,1.0
T7_VS_LOSS,d1_low_to_close_recovery,2026-05-20,2026-05,603115_2026-05-20,603115,1,0.0720958347071107,002208_2026-05-20,002208,3,0.0961457009741634,-0.024049866267052702,0.0,1.0
T7_VS_LOSS,d1_low_to_close_recovery,2026-05-20,2026-05,603115_2026-05-20,603115,1,0.0720958347071107,603206_2026-05-20,603206,9,0.0050125313283208,0.0670833033787899,1.0,0.0
T7_VS_LOSS,d1_low_to_close_recovery,2026-05-20,2026-05,603115_2026-05-20,603115,1,0.0720958347071107,605218_2026-05-20,605218,7,0.0038369304556354,0.0682589042514753,1.0,0.0
T7_VS_LOSS,d1_low_to_close_recovery,2026-05-20,2026-05,603311_2026-05-20,603311,5,0.1175781249999999,002208_2026-05-20,002208,3,0.0961457009741634,0.02143242402583649,1.0,0.0
T7_VS_LOSS,d1_low_to_close_recovery,2026-05-20,2026-05,603311_2026-05-20,603311,5,0.1175781249999999,603206_2026-05-20,603206,9,0.0050125313283208,0.11256559367167909,1.0,0.0
T7_VS_LOSS,d1_low_to_close_recovery,2026-05-20,2026-05,603311_2026-05-20,603311,5,0.1175781249999999,605218_2026-05-20,605218,7,0.0038369304556354,0.11374119454436449,1.0,0.0
T7_VS_LOSS,d1_low_to_close_recovery,2026-05-20,2026-05,603989_2026-05-20,603989,4,0.0519639934533551,002208_2026-05-20,002208,3,0.0961457009741634,-0.0441817075208083,0.0,1.0
T7_VS_LOSS,d1_low_to_close_recovery,2026-05-20,2026-05,603989_2026-05-20,603989,4,0.0519639934533551,603206_2026-05-20,603206,9,0.0050125313283208,0.0469514621250343,1.0,0.0
T7_VS_LOSS,d1_low_to_close_recovery,2026-05-20,2026-05,603989_2026-05-20,603989,4,0.0519639934533551,605218_2026-05-20,605218,7,0.0038369304556354,0.048127062997719704,1.0,0.0
T7_VS_LOSS,d1_low_to_close_recovery,2026-05-21,2026-05,000417_2026-05-21,000417,6,0.009761388286334,603938_2026-05-21,603938,3,0.0055666003976143,0.0041947878887196996,1.0,0.0
T7_VS_LOSS,d1_low_to_close_recovery,2026-05-21,2026-05,002272_2026-05-21,002272,4,0.0,603938_2026-05-21,603938,3,0.0055666003976143,-0.0055666003976143,0.0,1.0
T7_VS_LOSS,d1_low_to_close_recovery,2026-05-21,2026-05,600563_2026-05-21,600563,2,0.0138933350406557,603938_2026-05-21,603938,3,0.0055666003976143,0.0083267346430414,1.0,0.0
T7_VS_LOSS,d1_low_to_close_recovery,2026-05-25,2026-05,000725_2026-05-25,000725,5,0.0394477317554239,600611_2026-05-25,600611,6,0.0477815699658701,-0.008333838210446205,0.0,1.0
T7_VS_LOSS,d1_low_to_close_recovery,2026-05-26,2026-05,000636_2026-05-26,000636,5,0.0370554588410843,002432_2026-05-26,002432,10,0.0440036479708162,-0.006948189129731899,0.0,1.0
T7_VS_LOSS,d1_low_to_close_recovery,2026-05-26,2026-05,000636_2026-05-26,000636,5,0.0370554588410843,002938_2026-05-26,002938,2,0.0364546104360257,0.0006008484050585988,1.0,0.0
T7_VS_LOSS,d1_low_to_close_recovery,2026-05-26,2026-05,000636_2026-05-26,000636,5,0.0370554588410843,600186_2026-05-26,600186,17,0.0296643247462918,0.007391134094792497,1.0,0.0
T7_VS_LOSS,d1_low_to_close_recovery,2026-05-26,2026-05,000636_2026-05-26,000636,5,0.0370554588410843,600234_2026-05-26,600234,11,0.0704941860465116,-0.0334387272054273,0.0,1.0
T7_VS_LOSS,d1_low_to_close_recovery,2026-05-26,2026-05,000636_2026-05-26,000636,5,0.0370554588410843,603661_2026-05-26,603661,7,0.0088852988691437,0.028170159971940598,1.0,0.0
T7_VS_LOSS,d1_low_to_close_recovery,2026-05-26,2026-05,002741_2026-05-26,002741,14,0.0304029304029303,002432_2026-05-26,002432,10,0.0440036479708162,-0.0136007175678859,0.0,1.0
T7_VS_LOSS,d1_low_to_close_recovery,2026-05-26,2026-05,002741_2026-05-26,002741,14,0.0304029304029303,002938_2026-05-26,002938,2,0.0364546104360257,-0.006051680033095402,0.0,1.0
T7_VS_LOSS,d1_low_to_close_recovery,2026-05-26,2026-05,002741_2026-05-26,002741,14,0.0304029304029303,600186_2026-05-26,600186,17,0.0296643247462918,0.0007386056566384969,1.0,0.0
T7_VS_LOSS,d1_low_to_close_recovery,2026-05-26,2026-05,002741_2026-05-26,002741,14,0.0304029304029303,600234_2026-05-26,600234,11,0.0704941860465116,-0.040091255643581306,0.0,1.0
T7_VS_LOSS,d1_low_to_close_recovery,2026-05-26,2026-05,002741_2026-05-26,002741,14,0.0304029304029303,603661_2026-05-26,603661,7,0.0088852988691437,0.0215176315337866,1.0,0.0
T7_VS_LOSS,d1_low_to_close_recovery,2026-05-26,2026-05,603256_2026-05-26,603256,1,0.0691860465116279,002432_2026-05-26,002432,10,0.0440036479708162,0.025182398540811696,1.0,0.0
T7_VS_LOSS,d1_low_to_close_recovery,2026-05-26,2026-05,603256_2026-05-26,603256,1,0.0691860465116279,002938_2026-05-26,002938,2,0.0364546104360257,0.032731436075602194,1.0,0.0
T7_VS_LOSS,d1_low_to_close_recovery,2026-05-26,2026-05,603256_2026-05-26,603256,1,0.0691860465116279,600186_2026-05-26,600186,17,0.0296643247462918,0.039521721765336096,1.0,0.0
T7_VS_LOSS,d1_low_to_close_recovery,2026-05-26,2026-05,603256_2026-05-26,603256,1,0.0691860465116279,600234_2026-05-26,600234,11,0.0704941860465116,-0.0013081395348837066,0.0,1.0
T7_VS_LOSS,d1_low_to_close_recovery,2026-05-26,2026-05,603256_2026-05-26,603256,1,0.0691860465116279,603661_2026-05-26,603661,7,0.0088852988691437,0.06030074764248419,1.0,0.0
T7_VS_LOSS,d1_low_to_close_recovery,2026-05-26,2026-05,603663_2026-05-26,603663,4,0.0496939142960028,002432_2026-05-26,002432,10,0.0440036479708162,0.005690266325186599,1.0,0.0
T7_VS_LOSS,d1_low_to_close_recovery,2026-05-26,2026-05,603663_2026-05-26,603663,4,0.0496939142960028,002938_2026-05-26,002938,2,0.0364546104360257,0.013239303859977097,1.0,0.0
T7_VS_LOSS,d1_low_to_close_recovery,2026-05-26,2026-05,603663_2026-05-26,603663,4,0.0496939142960028,600186_2026-05-26,600186,17,0.0296643247462918,0.020029589549710996,1.0,0.0
T7_VS_LOSS,d1_low_to_close_recovery,2026-05-26,2026-05,603663_2026-05-26,603663,4,0.0496939142960028,600234_2026-05-26,600234,11,0.0704941860465116,-0.020800271750508803,0.0,1.0
T7_VS_LOSS,d1_low_to_close_recovery,2026-05-26,2026-05,603663_2026-05-26,603663,4,0.0496939142960028,603661_2026-05-26,603661,7,0.0088852988691437,0.040808615426859096,1.0,0.0
T7_VS_LOSS,d1_low_to_close_recovery,2026-05-26,2026-05,605580_2026-05-26,605580,9,0.0859538784067084,002432_2026-05-26,002432,10,0.0440036479708162,0.0419502304358922,1.0,0.0
T7_VS_LOSS,d1_low_to_close_recovery,2026-05-26,2026-05,605580_2026-05-26,605580,9,0.0859538784067084,002938_2026-05-26,002938,2,0.0364546104360257,0.0494992679706827,1.0,0.0
T7_VS_LOSS,d1_low_to_close_recovery,2026-05-26,2026-05,605580_2026-05-26,605580,9,0.0859538784067084,600186_2026-05-26,600186,17,0.0296643247462918,0.0562895536604166,1.0,0.0
T7_VS_LOSS,d1_low_to_close_recovery,2026-05-26,2026-05,605580_2026-05-26,605580,9,0.0859538784067084,600234_2026-05-26,600234,11,0.0704941860465116,0.0154596923601968,1.0,0.0
T7_VS_LOSS,d1_low_to_close_recovery,2026-05-26,2026-05,605580_2026-05-26,605580,9,0.0859538784067084,603661_2026-05-26,603661,7,0.0088852988691437,0.0770685795375647,1.0,0.0
T7_VS_LOSS,d1_low_to_close_recovery,2026-05-28,2026-05,000759_2026-05-28,000759,3,0.0122807017543858,001257_2026-05-28,001257,2,0.0248901903367496,-0.0126094885823638,0.0,1.0
T7_VS_LOSS,d1_low_to_close_recovery,2026-05-28,2026-05,002251_2026-05-28,002251,4,0.0045248868778281,001257_2026-05-28,001257,2,0.0248901903367496,-0.0203653034589215,0.0,1.0
T7_VS_LOSS,d1_low_to_close_recovery,2026-05-28,2026-05,002771_2026-05-28,002771,1,0.0340136054421766,001257_2026-05-28,001257,2,0.0248901903367496,0.009123415105427003,1.0,0.0
T7_VS_LOSS,d1_low_to_close_recovery,2026-05-29,2026-05,002579_2026-05-29,002579,3,0.0153937240970987,603989_2026-05-29,603989,1,0.022558537978298,-0.007164813881199302,0.0,1.0
T7_VS_LOSS,d1_low_to_close_recovery,2026-06-01,2026-06,002806_2026-06-01,002806,1,0.0005414185165133,000090_2026-06-01,000090,3,0.0573770491803278,-0.0568356306638145,0.0,1.0
T7_VS_LOSS,d1_low_to_close_recovery,2026-06-03,2026-06,603045_2026-06-03,603045,3,0.0086387069806326,001210_2026-06-03,001210,1,0.0463421742932088,-0.0377034673125762,0.0,1.0
T7_VS_LOSS,d1_low_to_close_recovery,2026-06-03,2026-06,603045_2026-06-03,603045,3,0.0086387069806326,600280_2026-06-03,600280,6,0.0961538461538461,-0.0875151391732135,0.0,1.0
T7_VS_LOSS,d1_low_to_close_recovery,2026-06-05,2026-06,001896_2026-06-05,001896,3,0.0,600439_2026-06-05,600439,6,0.0,0.0,0.5,0.5
T7_VS_LOSS,d1_low_to_close_recovery,2026-06-05,2026-06,001896_2026-06-05,001896,3,0.0,605162_2026-06-05,605162,2,0.025,-0.025,0.0,1.0
T7_VS_LOSS,d1_low_to_close_recovery,2026-06-05,2026-06,600255_2026-06-05,600255,4,0.0044742729306488,600439_2026-06-05,600439,6,0.0,0.0044742729306488,1.0,0.0
T7_VS_LOSS,d1_low_to_close_recovery,2026-06-05,2026-06,600255_2026-06-05,600255,4,0.0044742729306488,605162_2026-06-05,605162,2,0.025,-0.020525727069351202,0.0,1.0
T7_VS_LOSS,d1_low_to_close_recovery,2026-06-09,2026-06,603500_2026-06-09,603500,4,0.1040462427745664,000068_2026-06-09,000068,8,0.029891304347826,0.0741549384267404,1.0,0.0
T7_VS_LOSS,d1_low_to_close_recovery,2026-06-09,2026-06,603500_2026-06-09,603500,4,0.1040462427745664,002421_2026-06-09,002421,7,0.0363636363636364,0.06768260641092999,1.0,0.0
T7_VS_LOSS,d1_low_to_close_recovery,2026-06-09,2026-06,603500_2026-06-09,603500,4,0.1040462427745664,002613_2026-06-09,002613,6,0.0116959064327486,0.0923503363418178,1.0,0.0
T7_VS_LOSS,d1_low_to_close_recovery,2026-06-09,2026-06,603500_2026-06-09,603500,4,0.1040462427745664,003009_2026-06-09,003009,2,0.0279902642559109,0.07605597851865549,1.0,0.0
T7_VS_LOSS,d1_low_to_close_recovery,2026-06-10,2026-06,001696_2026-06-10,001696,3,0.0577456968350915,002362_2026-06-10,002362,5,0.019607843137255,0.0381378536978365,1.0,0.0
T7_VS_LOSS,d1_low_to_close_recovery,2026-06-10,2026-06,002254_2026-06-10,002254,7,0.0171496156120638,002362_2026-06-10,002362,5,0.019607843137255,-0.0024582275251912,0.0,1.0
T7_VS_LOSS,d1_low_to_close_recovery,2026-06-10,2026-06,603186_2026-06-10,603186,2,0.0709508196721311,002362_2026-06-10,002362,5,0.019607843137255,0.0513429765348761,1.0,0.0
T7_VS_LOSS,d1_low_to_close_recovery,2026-06-10,2026-06,603929_2026-06-10,603929,1,0.0832195121951219,002362_2026-06-10,002362,5,0.019607843137255,0.0636116690578669,1.0,0.0
T7_VS_LOSS,d1_low_to_close_recovery,2026-06-11,2026-06,002636_2026-06-11,002636,1,0.0950413223140495,002669_2026-06-11,002669,9,0.0,0.0950413223140495,1.0,0.0
T7_VS_LOSS,d1_low_to_close_recovery,2026-06-11,2026-06,002636_2026-06-11,002636,1,0.0950413223140495,003026_2026-06-11,003026,3,0.015468347178459,0.0795729751355905,1.0,0.0
T7_VS_LOSS,d1_low_to_close_recovery,2026-06-11,2026-06,605589_2026-06-11,605589,2,0.0684883517253458,002669_2026-06-11,002669,9,0.0,0.0684883517253458,1.0,0.0
T7_VS_LOSS,d1_low_to_close_recovery,2026-06-11,2026-06,605589_2026-06-11,605589,2,0.0684883517253458,003026_2026-06-11,003026,3,0.015468347178459,0.0530200045468868,1.0,0.0
T7_VS_LOSS,d1_low_to_close_recovery,2026-06-12,2026-06,002165_2026-06-12,002165,6,0.0389784946236559,000048_2026-06-12,000048,8,0.0,0.0389784946236559,1.0,0.0
T7_VS_LOSS,d1_low_to_close_recovery,2026-06-12,2026-06,002165_2026-06-12,002165,6,0.0389784946236559,600178_2026-06-12,600178,7,0.0019960079840318,0.0369824866396241,1.0,0.0
T7_VS_LOSS,d1_low_to_close_recovery,2026-06-12,2026-06,002409_2026-06-12,002409,2,0.0087226941747573,000048_2026-06-12,000048,8,0.0,0.0087226941747573,1.0,0.0
T7_VS_LOSS,d1_low_to_close_recovery,2026-06-12,2026-06,002409_2026-06-12,002409,2,0.0087226941747573,600178_2026-06-12,600178,7,0.0019960079840318,0.0067266861907255004,1.0,0.0
T7_VS_LOSS,d1_low_to_close_recovery,2026-06-12,2026-06,600378_2026-06-12,600378,3,0.0,000048_2026-06-12,000048,8,0.0,0.0,0.5,0.5
T7_VS_LOSS,d1_low_to_close_recovery,2026-06-12,2026-06,600378_2026-06-12,600378,3,0.0,600178_2026-06-12,600178,7,0.0019960079840318,-0.0019960079840318,0.0,1.0
T7_VS_LOSS,d1_low_to_close_recovery,2026-06-12,2026-06,603155_2026-06-12,603155,4,0.0,000048_2026-06-12,000048,8,0.0,0.0,0.5,0.5
T7_VS_LOSS,d1_low_to_close_recovery,2026-06-12,2026-06,603155_2026-06-12,603155,4,0.0,600178_2026-06-12,600178,7,0.0019960079840318,-0.0019960079840318,0.0,1.0
T7_VS_LOSS,d1_low_to_close_recovery,2026-06-16,2026-06,001359_2026-06-16,001359,1,0.0408985681214096,000506_2026-06-16,000506,5,0.0319076714188729,0.0089908967025367,1.0,0.0
T7_VS_LOSS,d1_low_to_close_recovery,2026-06-16,2026-06,001359_2026-06-16,001359,1,0.0408985681214096,000510_2026-06-16,000510,4,0.0679385760818986,-0.027040007960489,0.0,1.0
T7_VS_LOSS,d1_low_to_close_recovery,2026-06-16,2026-06,001359_2026-06-16,001359,1,0.0408985681214096,601696_2026-06-16,601696,6,0.0572337042925278,-0.016335136171118196,0.0,1.0
T7_VS_LOSS,d1_low_to_close_recovery,2026-06-16,2026-06,603335_2026-06-16,603335,7,0.0463182897862233,000506_2026-06-16,000506,5,0.0319076714188729,0.0144106183673504,1.0,0.0
T7_VS_LOSS,d1_low_to_close_recovery,2026-06-16,2026-06,603335_2026-06-16,603335,7,0.0463182897862233,000510_2026-06-16,000510,4,0.0679385760818986,-0.0216202862956753,0.0,1.0
T7_VS_LOSS,d1_low_to_close_recovery,2026-06-16,2026-06,603335_2026-06-16,603335,7,0.0463182897862233,601696_2026-06-16,601696,6,0.0572337042925278,-0.010915414506304497,0.0,1.0
T7_VS_LOSS,d1_low_to_close_recovery,2026-06-16,2026-06,603738_2026-06-16,603738,3,0.0410727681920479,000506_2026-06-16,000506,5,0.0319076714188729,0.009165096773175,1.0,0.0
T7_VS_LOSS,d1_low_to_close_recovery,2026-06-16,2026-06,603738_2026-06-16,603738,3,0.0410727681920479,000510_2026-06-16,000510,4,0.0679385760818986,-0.0268658078898507,0.0,1.0
T7_VS_LOSS,d1_low_to_close_recovery,2026-06-16,2026-06,603738_2026-06-16,603738,3,0.0410727681920479,601696_2026-06-16,601696,6,0.0572337042925278,-0.016160936100479896,0.0,1.0
T7_VS_LOSS,d1_low_to_close_recovery,2026-06-17,2026-06,002051_2026-06-17,002051,15,0.030502885408079,605198_2026-06-17,605198,3,0.0972966080081611,-0.0667937226000821,0.0,1.0
T7_VS_LOSS,d1_low_to_close_recovery,2026-06-17,2026-06,002515_2026-06-17,002515,17,0.0569196428571428,605198_2026-06-17,605198,3,0.0972966080081611,-0.0403769651510183,0.0,1.0
T7_VS_LOSS,d1_low_to_close_recovery,2026-06-17,2026-06,002552_2026-06-17,002552,4,0.0770149253731342,605198_2026-06-17,605198,3,0.0972966080081611,-0.0202816826350269,0.0,1.0
T7_VS_LOSS,d1_low_to_close_recovery,2026-06-17,2026-06,002824_2026-06-17,002824,8,0.0835091950557731,605198_2026-06-17,605198,3,0.0972966080081611,-0.013787412952388,0.0,1.0
T7_VS_LOSS,d1_low_to_close_recovery,2026-06-17,2026-06,002851_2026-06-17,002851,7,0.0607767565965016,605198_2026-06-17,605198,3,0.0972966080081611,-0.036519851411659504,0.0,1.0
T7_VS_LOSS,d1_low_to_close_recovery,2026-06-17,2026-06,002990_2026-06-17,002990,11,0.0057911451522511,605198_2026-06-17,605198,3,0.0972966080081611,-0.09150546285591,0.0,1.0
T7_VS_LOSS,d1_low_to_close_recovery,2026-06-17,2026-06,600545_2026-06-17,600545,16,0.0154083204930662,605198_2026-06-17,605198,3,0.0972966080081611,-0.0818882875150949,0.0,1.0
T7_VS_LOSS,d1_low_to_close_recovery,2026-06-17,2026-06,600549_2026-06-17,600549,6,0.0526041666666667,605198_2026-06-17,605198,3,0.0972966080081611,-0.0446924413414944,0.0,1.0
T7_VS_LOSS,d1_low_to_close_recovery,2026-06-17,2026-06,600703_2026-06-17,600703,13,0.0208209399167163,605198_2026-06-17,605198,3,0.0972966080081611,-0.0764756680914448,0.0,1.0
T7_VS_LOSS,d1_low_to_close_recovery,2026-06-17,2026-06,601179_2026-06-17,601179,14,0.0083014048531289,605198_2026-06-17,605198,3,0.0972966080081611,-0.0889952031550322,0.0,1.0
T7_VS_LOSS,d1_low_to_close_recovery,2026-06-17,2026-06,603256_2026-06-17,603256,1,0.0228350189633374,605198_2026-06-17,605198,3,0.0972966080081611,-0.0744615890448237,0.0,1.0
T7_VS_LOSS,d1_low_to_close_recovery,2026-06-17,2026-06,603516_2026-06-17,603516,2,0.0216179572160289,605198_2026-06-17,605198,3,0.0972966080081611,-0.07567865079213221,0.0,1.0
T7_VS_LOSS,d1_low_to_close_recovery,2026-06-18,2026-06,600707_2026-06-18,600707,10,0.0182608695652174,002484_2026-06-18,002484,8,0.0389385635996538,-0.0206776940344364,0.0,1.0
T7_VS_LOSS,d1_low_to_close_recovery,2026-06-18,2026-06,600707_2026-06-18,600707,10,0.0182608695652174,002741_2026-06-18,002741,3,0.0713359273670557,-0.0530750578018383,0.0,1.0
T7_VS_LOSS,d1_low_to_close_recovery,2026-06-18,2026-06,600707_2026-06-18,600707,10,0.0182608695652174,600110_2026-06-18,600110,4,0.0329218106995884,-0.014660941134370997,0.0,1.0
T7_VS_LOSS,d1_low_to_close_recovery,2026-06-18,2026-06,600707_2026-06-18,600707,10,0.0182608695652174,600615_2026-06-18,600615,12,0.0114832535885168,0.0067776159767006,1.0,0.0
T7_VS_LOSS,d1_low_to_close_recovery,2026-06-18,2026-06,603002_2026-06-18,603002,7,0.0396825396825396,002484_2026-06-18,002484,8,0.0389385635996538,0.0007439760828857958,1.0,0.0
T7_VS_LOSS,d1_low_to_close_recovery,2026-06-18,2026-06,603002_2026-06-18,603002,7,0.0396825396825396,002741_2026-06-18,002741,3,0.0713359273670557,-0.0316533876845161,0.0,1.0
T7_VS_LOSS,d1_low_to_close_recovery,2026-06-18,2026-06,603002_2026-06-18,603002,7,0.0396825396825396,600110_2026-06-18,600110,4,0.0329218106995884,0.0067607289829512,1.0,0.0
T7_VS_LOSS,d1_low_to_close_recovery,2026-06-18,2026-06,603002_2026-06-18,603002,7,0.0396825396825396,600615_2026-06-18,600615,12,0.0114832535885168,0.028199286094022797,1.0,0.0
T7_VS_LOSS,d1_low_to_close_recovery,2026-06-22,2026-06,002141_2026-06-22,002141,6,0.0180995475113122,002579_2026-06-22,002579,5,0.0698380566801618,-0.051738509168849596,0.0,1.0
T7_VS_LOSS,d1_low_to_close_recovery,2026-06-22,2026-06,002491_2026-06-22,002491,3,0.0439054344488793,002579_2026-06-22,002579,5,0.0698380566801618,-0.025932622231282496,0.0,1.0
T7_VS_LOSS,d1_low_to_close_recovery,2026-06-22,2026-06,603261_2026-06-22,603261,1,0.1576989833870567,002579_2026-06-22,002579,5,0.0698380566801618,0.08786092670689491,1.0,0.0
T7_VS_LOSS,d1_low_to_close_recovery,2026-06-22,2026-06,603324_2026-06-22,603324,7,0.0513078470824949,002579_2026-06-22,002579,5,0.0698380566801618,-0.018530209597666894,0.0,1.0
T7_VS_LOSS,d1_low_to_close_recovery,2026-06-24,2026-06,000571_2026-06-24,000571,15,0.0129449838187702,000070_2026-06-24,000070,5,0.0393926959376281,-0.0264477121188579,0.0,1.0
T7_VS_LOSS,d1_low_to_close_recovery,2026-06-24,2026-06,000571_2026-06-24,000571,15,0.0129449838187702,002830_2026-06-24,002830,7,0.0172215843857633,-0.004276600566993102,0.0,1.0
T7_VS_LOSS,d1_low_to_close_recovery,2026-06-24,2026-06,000571_2026-06-24,000571,15,0.0129449838187702,600851_2026-06-24,600851,4,0.0212550607287448,-0.0083100769099746,0.0,1.0
T7_VS_LOSS,d1_low_to_close_recovery,2026-06-24,2026-06,000571_2026-06-24,000571,15,0.0129449838187702,601869_2026-06-24,601869,2,0.0476310893557068,-0.0346861055369366,0.0,1.0
T7_VS_LOSS,d1_low_to_close_recovery,2026-06-24,2026-06,000571_2026-06-24,000571,15,0.0129449838187702,605377_2026-06-24,605377,12,0.0358744394618834,-0.022929455643113203,0.0,1.0
T7_VS_LOSS,d1_low_to_close_recovery,2026-06-24,2026-06,000571_2026-06-24,000571,15,0.0129449838187702,605580_2026-06-24,605580,3,0.1405607476635514,-0.12761576384478118,0.0,1.0
T7_VS_LOSS,d1_low_to_close_recovery,2026-06-24,2026-06,000783_2026-06-24,000783,11,0.0154015401540154,000070_2026-06-24,000070,5,0.0393926959376281,-0.0239911557836127,0.0,1.0
T7_VS_LOSS,d1_low_to_close_recovery,2026-06-24,2026-06,000783_2026-06-24,000783,11,0.0154015401540154,002830_2026-06-24,002830,7,0.0172215843857633,-0.001820044231747902,0.0,1.0
T7_VS_LOSS,d1_low_to_close_recovery,2026-06-24,2026-06,000783_2026-06-24,000783,11,0.0154015401540154,600851_2026-06-24,600851,4,0.0212550607287448,-0.0058535205747294,0.0,1.0
T7_VS_LOSS,d1_low_to_close_recovery,2026-06-24,2026-06,000783_2026-06-24,000783,11,0.0154015401540154,601869_2026-06-24,601869,2,0.0476310893557068,-0.032229549201691396,0.0,1.0
T7_VS_LOSS,d1_low_to_close_recovery,2026-06-24,2026-06,000783_2026-06-24,000783,11,0.0154015401540154,605377_2026-06-24,605377,12,0.0358744394618834,-0.020472899307868,0.0,1.0
T7_VS_LOSS,d1_low_to_close_recovery,2026-06-24,2026-06,000783_2026-06-24,000783,11,0.0154015401540154,605580_2026-06-24,605580,3,0.1405607476635514,-0.125159207509536,0.0,1.0
T7_VS_LOSS,d1_low_to_close_recovery,2026-06-24,2026-06,600400_2026-06-24,600400,10,0.0644067796610169,000070_2026-06-24,000070,5,0.0393926959376281,0.025014083723388807,1.0,0.0
T7_VS_LOSS,d1_low_to_close_recovery,2026-06-24,2026-06,600400_2026-06-24,600400,10,0.0644067796610169,002830_2026-06-24,002830,7,0.0172215843857633,0.047185195275253604,1.0,0.0
T7_VS_LOSS,d1_low_to_close_recovery,2026-06-24,2026-06,600400_2026-06-24,600400,10,0.0644067796610169,600851_2026-06-24,600851,4,0.0212550607287448,0.043151718932272105,1.0,0.0
T7_VS_LOSS,d1_low_to_close_recovery,2026-06-24,2026-06,600400_2026-06-24,600400,10,0.0644067796610169,601869_2026-06-24,601869,2,0.0476310893557068,0.016775690305310106,1.0,0.0
T7_VS_LOSS,d1_low_to_close_recovery,2026-06-24,2026-06,600400_2026-06-24,600400,10,0.0644067796610169,605377_2026-06-24,605377,12,0.0358744394618834,0.028532340199133505,1.0,0.0
T7_VS_LOSS,d1_low_to_close_recovery,2026-06-24,2026-06,600400_2026-06-24,600400,10,0.0644067796610169,605580_2026-06-24,605580,3,0.1405607476635514,-0.07615396800253449,0.0,1.0
T7_VS_LOSS,d1_low_to_close_recovery,2026-06-25,2026-06,002687_2026-06-25,002687,9,0.0,000566_2026-06-25,000566,7,0.0649651972157773,-0.0649651972157773,0.0,1.0
T7_VS_LOSS,d1_low_to_close_recovery,2026-06-25,2026-06,002687_2026-06-25,002687,9,0.0,002580_2026-06-25,002580,3,0.0234817813765182,-0.0234817813765182,0.0,1.0
T7_VS_LOSS,d1_low_to_close_recovery,2026-06-25,2026-06,002687_2026-06-25,002687,9,0.0,600379_2026-06-25,600379,1,0.0462068965517241,-0.0462068965517241,0.0,1.0
T7_VS_LOSS,d1_low_to_close_recovery,2026-06-25,2026-06,600909_2026-06-25,600909,2,0.067316209034544,000566_2026-06-25,000566,7,0.0649651972157773,0.0023510118187666934,1.0,0.0
T7_VS_LOSS,d1_low_to_close_recovery,2026-06-25,2026-06,600909_2026-06-25,600909,2,0.067316209034544,002580_2026-06-25,002580,3,0.0234817813765182,0.043834427658025796,1.0,0.0
T7_VS_LOSS,d1_low_to_close_recovery,2026-06-25,2026-06,600909_2026-06-25,600909,2,0.067316209034544,600379_2026-06-25,600379,1,0.0462068965517241,0.021109312482819893,1.0,0.0
T7_VS_LOSS,d1_low_to_close_recovery,2026-06-25,2026-06,603938_2026-06-25,603938,4,0.0170777988614801,000566_2026-06-25,000566,7,0.0649651972157773,-0.0478873983542972,0.0,1.0
T7_VS_LOSS,d1_low_to_close_recovery,2026-06-25,2026-06,603938_2026-06-25,603938,4,0.0170777988614801,002580_2026-06-25,002580,3,0.0234817813765182,-0.006403982515038098,0.0,1.0
T7_VS_LOSS,d1_low_to_close_recovery,2026-06-25,2026-06,603938_2026-06-25,603938,4,0.0170777988614801,600379_2026-06-25,600379,1,0.0462068965517241,-0.029129097690244,0.0,1.0
T7_VS_LOSS,d1_low_to_close_recovery,2026-06-25,2026-06,605069_2026-06-25,605069,5,0.0425531914893616,000566_2026-06-25,000566,7,0.0649651972157773,-0.022412005726415704,0.0,1.0
T7_VS_LOSS,d1_low_to_close_recovery,2026-06-25,2026-06,605069_2026-06-25,605069,5,0.0425531914893616,002580_2026-06-25,002580,3,0.0234817813765182,0.0190714101128434,1.0,0.0
T7_VS_LOSS,d1_low_to_close_recovery,2026-06-25,2026-06,605069_2026-06-25,605069,5,0.0425531914893616,600379_2026-06-25,600379,1,0.0462068965517241,-0.003653705062362504,0.0,1.0
T7_VS_LOSS,d1_low_to_close_recovery,2026-06-26,2026-06,000818_2026-06-26,000818,9,0.0182215743440233,002080_2026-06-26,002080,7,0.0260531568442063,-0.007831582500183,0.0,1.0
T7_VS_LOSS,d1_low_to_close_recovery,2026-06-26,2026-06,000818_2026-06-26,000818,9,0.0182215743440233,002254_2026-06-26,002254,12,0.0104438642297651,0.0077777101142582,1.0,0.0
T7_VS_LOSS,d1_low_to_close_recovery,2026-06-26,2026-06,000818_2026-06-26,000818,9,0.0182215743440233,600141_2026-06-26,600141,8,0.0608695652173912,-0.0426479908733679,0.0,1.0
T7_VS_LOSS,d1_low_to_close_recovery,2026-06-26,2026-06,000818_2026-06-26,000818,9,0.0182215743440233,603713_2026-06-26,603713,10,0.0412272291466921,-0.0230056548026688,0.0,1.0
T7_VS_LOSS,d1_low_to_close_recovery,2026-06-26,2026-06,000818_2026-06-26,000818,9,0.0182215743440233,603989_2026-06-26,603989,4,0.0401188707280831,-0.0218972963840598,0.0,1.0
T7_VS_LOSS,d1_low_to_close_recovery,2026-06-26,2026-06,002025_2026-06-26,002025,6,0.0370688421353941,002080_2026-06-26,002080,7,0.0260531568442063,0.011015685291187804,1.0,0.0
T7_VS_LOSS,d1_low_to_close_recovery,2026-06-26,2026-06,002025_2026-06-26,002025,6,0.0370688421353941,002254_2026-06-26,002254,12,0.0104438642297651,0.026624977905629003,1.0,0.0
T7_VS_LOSS,d1_low_to_close_recovery,2026-06-26,2026-06,002025_2026-06-26,002025,6,0.0370688421353941,600141_2026-06-26,600141,8,0.0608695652173912,-0.0238007230819971,0.0,1.0
T7_VS_LOSS,d1_low_to_close_recovery,2026-06-26,2026-06,002025_2026-06-26,002025,6,0.0370688421353941,603713_2026-06-26,603713,10,0.0412272291466921,-0.004158387011297997,0.0,1.0
T7_VS_LOSS,d1_low_to_close_recovery,2026-06-26,2026-06,002025_2026-06-26,002025,6,0.0370688421353941,603989_2026-06-26,603989,4,0.0401188707280831,-0.0030500285926889983,0.0,1.0
T7_VS_LOSS,d1_low_to_close_recovery,2026-06-26,2026-06,002990_2026-06-26,002990,3,0.0405424104054242,002080_2026-06-26,002080,7,0.0260531568442063,0.014489253561217903,1.0,0.0
T7_VS_LOSS,d1_low_to_close_recovery,2026-06-26,2026-06,002990_2026-06-26,002990,3,0.0405424104054242,002254_2026-06-26,002254,12,0.0104438642297651,0.030098546175659102,1.0,0.0
T7_VS_LOSS,d1_low_to_close_recovery,2026-06-26,2026-06,002990_2026-06-26,002990,3,0.0405424104054242,600141_2026-06-26,600141,8,0.0608695652173912,-0.020327154811967,0.0,1.0
T7_VS_LOSS,d1_low_to_close_recovery,2026-06-26,2026-06,002990_2026-06-26,002990,3,0.0405424104054242,603713_2026-06-26,603713,10,0.0412272291466921,-0.000684818741267898,0.0,1.0
T7_VS_LOSS,d1_low_to_close_recovery,2026-06-26,2026-06,002990_2026-06-26,002990,3,0.0405424104054242,603989_2026-06-26,603989,4,0.0401188707280831,0.00042353967734110043,1.0,0.0
T7_VS_LOSS,d1_low_to_close_recovery,2026-06-29,2026-06,000823_2026-06-29,000823,1,0.0128855915657946,600228_2026-06-29,600228,4,0.0494335736354272,-0.0365479820696326,0.0,1.0
T7_VS_LOSS,d1_low_to_close_recovery,2026-06-29,2026-06,002965_2026-06-29,002965,3,0.0042596348884381,600228_2026-06-29,600228,4,0.0494335736354272,-0.0451739387469891,0.0,1.0
T7_VS_LOSS,d1_low_to_close_recovery,2026-06-29,2026-06,600962_2026-06-29,600962,2,0.0364285714285714,600228_2026-06-29,600228,4,0.0494335736354272,-0.013005002206855798,0.0,1.0
T7_VS_LOSS,d1_low_to_close_recovery,2026-06-30,2026-06,603155_2026-06-30,603155,3,0.0829859795377035,601133_2026-06-30,601133,1,0.0323488045007033,0.050637175037000194,1.0,0.0
T7_VS_LOSS,d1_low_to_close_recovery,2026-06-30,2026-06,603155_2026-06-30,603155,3,0.0829859795377035,603163_2026-06-30,603163,2,0.0273492286115007,0.055636750926202794,1.0,0.0
T7_VS_LOSS,d1_low_to_close_recovery,2026-07-01,2026-07,003043_2026-07-01,003043,1,0.0984455958549222,001237_2026-07-01,001237,3,0.030563380281690165,0.06788221557323204,1.0,0.0
T7_VS_LOSS,d1_low_to_close_recovery,2026-07-01,2026-07,003043_2026-07-01,003043,1,0.0984455958549222,002638_2026-07-01,002638,17,0.0233644859813083,0.0750811098736139,1.0,0.0
T7_VS_LOSS,d1_low_to_close_recovery,2026-07-01,2026-07,003043_2026-07-01,003043,1,0.0984455958549222,600707_2026-07-01,600707,9,0.1030605871330417,-0.0046149912781194985,0.0,1.0
T7_VS_LOSS,d1_low_to_close_recovery,2026-07-01,2026-07,600378_2026-07-01,600378,6,0.0545501887775028,001237_2026-07-01,001237,3,0.030563380281690165,0.023986808495812632,1.0,0.0
T7_VS_LOSS,d1_low_to_close_recovery,2026-07-01,2026-07,600378_2026-07-01,600378,6,0.0545501887775028,002638_2026-07-01,002638,17,0.0233644859813083,0.0311857027961945,1.0,0.0
T7_VS_LOSS,d1_low_to_close_recovery,2026-07-01,2026-07,600378_2026-07-01,600378,6,0.0545501887775028,600707_2026-07-01,600707,9,0.1030605871330417,-0.0485103983555389,0.0,1.0
T7_VS_LOSS,d1_low_to_close_recovery,2026-07-01,2026-07,603928_2026-07-01,603928,8,0.0183875530410183,001237_2026-07-01,001237,3,0.030563380281690165,-0.012175827240671865,0.0,1.0
T7_VS_LOSS,d1_low_to_close_recovery,2026-07-01,2026-07,603928_2026-07-01,603928,8,0.0183875530410183,002638_2026-07-01,002638,17,0.0233644859813083,-0.0049769329402899985,0.0,1.0
T7_VS_LOSS,d1_low_to_close_recovery,2026-07-01,2026-07,603928_2026-07-01,603928,8,0.0183875530410183,600707_2026-07-01,600707,9,0.1030605871330417,-0.0846730340920234,0.0,1.0
T7_VS_LOSS,d1_low_to_close_recovery,2026-07-02,2026-07,002396_2026-07-02,002396,12,0.037560975609756,001399_2026-07-02,001399,6,0.09648711943793904,-0.05892614382818304,0.0,1.0
T7_VS_LOSS,d1_low_to_close_recovery,2026-07-02,2026-07,002396_2026-07-02,002396,12,0.037560975609756,002273_2026-07-02,002273,11,0.0206643996861105,0.016896575923645497,1.0,0.0
T7_VS_LOSS,d1_low_to_close_recovery,2026-07-02,2026-07,002396_2026-07-02,002396,12,0.037560975609756,002407_2026-07-02,002407,5,0.0445884146341464,-0.007027439024390403,0.0,1.0
T7_VS_LOSS,d1_low_to_close_recovery,2026-07-02,2026-07,002396_2026-07-02,002396,12,0.037560975609756,600113_2026-07-02,600113,9,0.0168776371308017,0.0206833384789543,1.0,0.0
T7_VS_LOSS,d1_low_to_close_recovery,2026-07-02,2026-07,002396_2026-07-02,002396,12,0.037560975609756,603120_2026-07-02,603120,2,0.0877477477477477,-0.0501867721379917,0.0,1.0
T7_VS_LOSS,d1_low_to_close_recovery,2026-07-02,2026-07,002396_2026-07-02,002396,12,0.037560975609756,603212_2026-07-02,603212,18,0.0,0.037560975609756,1.0,0.0
T7_VS_LOSS,d1_low_to_close_recovery,2026-07-02,2026-07,002396_2026-07-02,002396,12,0.037560975609756,603379_2026-07-02,603379,1,0.098421052631579,-0.06086007702182301,0.0,1.0
T7_VS_LOSS,d1_low_to_close_recovery,2026-07-02,2026-07,002747_2026-07-02,002747,14,0.0422535211267607,001399_2026-07-02,001399,6,0.09648711943793904,-0.05423359831117834,0.0,1.0
T7_VS_LOSS,d1_low_to_close_recovery,2026-07-02,2026-07,002747_2026-07-02,002747,14,0.0422535211267607,002273_2026-07-02,002273,11,0.0206643996861105,0.0215891214406502,1.0,0.0
T7_VS_LOSS,d1_low_to_close_recovery,2026-07-02,2026-07,002747_2026-07-02,002747,14,0.0422535211267607,002407_2026-07-02,002407,5,0.0445884146341464,-0.0023348935073857005,0.0,1.0
T7_VS_LOSS,d1_low_to_close_recovery,2026-07-02,2026-07,002747_2026-07-02,002747,14,0.0422535211267607,600113_2026-07-02,600113,9,0.0168776371308017,0.025375883995959,1.0,0.0
T7_VS_LOSS,d1_low_to_close_recovery,2026-07-02,2026-07,002747_2026-07-02,002747,14,0.0422535211267607,603120_2026-07-02,603120,2,0.0877477477477477,-0.045494226620987,0.0,1.0
T7_VS_LOSS,d1_low_to_close_recovery,2026-07-02,2026-07,002747_2026-07-02,002747,14,0.0422535211267607,603212_2026-07-02,603212,18,0.0,0.0422535211267607,1.0,0.0
T7_VS_LOSS,d1_low_to_close_recovery,2026-07-02,2026-07,002747_2026-07-02,002747,14,0.0422535211267607,603379_2026-07-02,603379,1,0.098421052631579,-0.056167531504818305,0.0,1.0
T7_VS_LOSS,d1_low_to_close_recovery,2026-07-03,2026-07,603538_2026-07-03,603538,2,0.0429991937651169,000536_2026-07-03,000536,10,0.0257731958762886,0.0172259978888283,1.0,0.0
T7_VS_LOSS,d1_low_to_close_recovery,2026-07-03,2026-07,603538_2026-07-03,603538,2,0.0429991937651169,002559_2026-07-03,002559,7,0.0289017341040462,0.014097459661070698,1.0,0.0
T7_VS_LOSS,d1_low_to_close_recovery,2026-07-03,2026-07,603538_2026-07-03,603538,2,0.0429991937651169,002971_2026-07-03,002971,3,0.0368115942028986,0.006187599562218302,1.0,0.0
T7_VS_LOSS,d1_low_to_close_recovery,2026-07-03,2026-07,603538_2026-07-03,603538,2,0.0429991937651169,600641_2026-07-03,600641,1,0.0108510638297871,0.0321481299353298,1.0,0.0
T7_VS_LOSS,d1_low_to_close_recovery,2026-07-03,2026-07,603538_2026-07-03,603538,2,0.0429991937651169,603505_2026-07-03,603505,5,0.0086560364464693,0.0343431573186476,1.0,0.0
T7_VS_LOSS,d1_low_to_close_recovery,2026-07-03,2026-07,603538_2026-07-03,603538,2,0.0429991937651169,605488_2026-07-03,605488,4,0.0699386503067484,-0.026939456541631497,0.0,1.0
T7_VS_LOSS,d1_low_to_close_recovery,2026-07-06,2026-07,000506_2026-07-06,000506,5,0.0069124423963133,000576_2026-07-06,000576,10,0.0308310991957105,-0.0239186567993972,0.0,1.0
T7_VS_LOSS,d1_low_to_close_recovery,2026-07-06,2026-07,000506_2026-07-06,000506,5,0.0069124423963133,000595_2026-07-06,000595,11,0.0881355932203389,-0.08122315082402559,0.0,1.0
T7_VS_LOSS,d1_low_to_close_recovery,2026-07-06,2026-07,000506_2026-07-06,000506,5,0.0069124423963133,002979_2026-07-06,002979,1,0.0106206896551723,-0.003708247258858999,0.0,1.0
T7_VS_LOSS,d1_low_to_close_recovery,2026-07-06,2026-07,000506_2026-07-06,000506,5,0.0069124423963133,603286_2026-07-06,603286,2,0.006269592476489,0.0006428499198243001,1.0,0.0
T7_VS_LOSS,d1_low_to_close_recovery,2026-07-06,2026-07,000506_2026-07-06,000506,5,0.0069124423963133,603559_2026-07-06,603559,12,0.0011148272017836,0.0057976151945297,1.0,0.0
T7_VS_LOSS,d1_low_to_close_recovery,2026-07-06,2026-07,000506_2026-07-06,000506,5,0.0069124423963133,603717_2026-07-06,603717,13,0.0116788321167883,-0.004766389720474999,0.0,1.0
T7_VS_LOSS,d1_low_to_close_recovery,2026-07-06,2026-07,000506_2026-07-06,000506,5,0.0069124423963133,605189_2026-07-06,605189,8,0.0106666666666666,-0.0037542242703533,0.0,1.0
T7_VS_LOSS,d1_low_to_close_recovery,2026-07-06,2026-07,001317_2026-07-06,001317,9,0.0,000576_2026-07-06,000576,10,0.0308310991957105,-0.0308310991957105,0.0,1.0
T7_VS_LOSS,d1_low_to_close_recovery,2026-07-06,2026-07,001317_2026-07-06,001317,9,0.0,000595_2026-07-06,000595,11,0.0881355932203389,-0.0881355932203389,0.0,1.0
T7_VS_LOSS,d1_low_to_close_recovery,2026-07-06,2026-07,001317_2026-07-06,001317,9,0.0,002979_2026-07-06,002979,1,0.0106206896551723,-0.0106206896551723,0.0,1.0
T7_VS_LOSS,d1_low_to_close_recovery,2026-07-06,2026-07,001317_2026-07-06,001317,9,0.0,603286_2026-07-06,603286,2,0.006269592476489,-0.006269592476489,0.0,1.0
T7_VS_LOSS,d1_low_to_close_recovery,2026-07-06,2026-07,001317_2026-07-06,001317,9,0.0,603559_2026-07-06,603559,12,0.0011148272017836,-0.0011148272017836,0.0,1.0
T7_VS_LOSS,d1_low_to_close_recovery,2026-07-06,2026-07,001317_2026-07-06,001317,9,0.0,603717_2026-07-06,603717,13,0.0116788321167883,-0.0116788321167883,0.0,1.0
T7_VS_LOSS,d1_low_to_close_recovery,2026-07-06,2026-07,001317_2026-07-06,001317,9,0.0,605189_2026-07-06,605189,8,0.0106666666666666,-0.0106666666666666,0.0,1.0
T7_VS_LOSS,d1_low_to_close_recovery,2026-07-06,2026-07,603580_2026-07-06,603580,4,0.0291848373029185,000576_2026-07-06,000576,10,0.0308310991957105,-0.0016462618927919996,0.0,1.0
T7_VS_LOSS,d1_low_to_close_recovery,2026-07-06,2026-07,603580_2026-07-06,603580,4,0.0291848373029185,000595_2026-07-06,000595,11,0.0881355932203389,-0.0589507559174204,0.0,1.0
T7_VS_LOSS,d1_low_to_close_recovery,2026-07-06,2026-07,603580_2026-07-06,603580,4,0.0291848373029185,002979_2026-07-06,002979,1,0.0106206896551723,0.0185641476477462,1.0,0.0
T7_VS_LOSS,d1_low_to_close_recovery,2026-07-06,2026-07,603580_2026-07-06,603580,4,0.0291848373029185,603286_2026-07-06,603286,2,0.006269592476489,0.022915244826429503,1.0,0.0
T7_VS_LOSS,d1_low_to_close_recovery,2026-07-06,2026-07,603580_2026-07-06,603580,4,0.0291848373029185,603559_2026-07-06,603559,12,0.0011148272017836,0.028070010101134902,1.0,0.0
T7_VS_LOSS,d1_low_to_close_recovery,2026-07-06,2026-07,603580_2026-07-06,603580,4,0.0291848373029185,603717_2026-07-06,603717,13,0.0116788321167883,0.0175060051861302,1.0,0.0
T7_VS_LOSS,d1_low_to_close_recovery,2026-07-06,2026-07,603580_2026-07-06,603580,4,0.0291848373029185,605189_2026-07-06,605189,8,0.0106666666666666,0.0185181706362519,1.0,0.0
T7_VS_LOSS,d1_low_to_close_recovery,2026-07-09,2026-07,001229_2026-07-09,001229,1,0.1367499999999999,002951_2026-07-09,002951,4,0.0755616065350579,0.061188393464941995,1.0,0.0
T7_VS_LOSS,d1_low_to_close_recovery,2026-07-09,2026-07,001365_2026-07-09,001365,2,0.03159729788624979,002951_2026-07-09,002951,4,0.0755616065350579,-0.04396430864880811,0.0,1.0
T7_VS_LOSS,d1_low_to_close_recovery,2026-07-10,2026-07,002490_2026-07-10,002490,4,0.0506155950752394,000977_2026-07-10,000977,1,0.0058426966292134,0.044772898446026,1.0,0.0
T7_VS_LOSS,d1_low_to_close_recovery,2026-07-10,2026-07,002490_2026-07-10,002490,4,0.0506155950752394,603928_2026-07-10,603928,3,0.1058823529411765,-0.0552667578659371,0.0,1.0
T7_VS_LOSS,d1_low_to_close_recovery,2026-07-16,2026-07,001388_2026-07-16,001388,1,0.0520087200249144,002141_2026-07-16,002141,7,0.0648648648648649,-0.012856144839950498,0.0,1.0
T7_VS_LOSS,d1_low_to_close_recovery,2026-07-16,2026-07,001388_2026-07-16,001388,1,0.0520087200249144,600829_2026-07-16,600829,10,0.038961038961039,0.013047681063875397,1.0,0.0
T7_VS_LOSS,d1_low_to_close_recovery,2026-07-16,2026-07,001388_2026-07-16,001388,1,0.0520087200249144,605189_2026-07-16,605189,6,0.073469387755102,-0.021460667730187608,0.0,1.0
T7_VS_LOSS,d1_low_to_close_recovery,2026-07-16,2026-07,001388_2026-07-16,001388,1,0.0520087200249144,605255_2026-07-16,605255,2,0.0,0.0520087200249144,1.0,0.0
T7_VS_LOSS,d1_low_to_close_recovery,2026-07-16,2026-07,002432_2026-07-16,002432,4,0.0510948905109489,002141_2026-07-16,002141,7,0.0648648648648649,-0.013769974353915998,0.0,1.0
T7_VS_LOSS,d1_low_to_close_recovery,2026-07-16,2026-07,002432_2026-07-16,002432,4,0.0510948905109489,600829_2026-07-16,600829,10,0.038961038961039,0.012133851549909896,1.0,0.0
T7_VS_LOSS,d1_low_to_close_recovery,2026-07-16,2026-07,002432_2026-07-16,002432,4,0.0510948905109489,605189_2026-07-16,605189,6,0.073469387755102,-0.022374497244153108,0.0,1.0
T7_VS_LOSS,d1_low_to_close_recovery,2026-07-16,2026-07,002432_2026-07-16,002432,4,0.0510948905109489,605255_2026-07-16,605255,2,0.0,0.0510948905109489,1.0,0.0
T7_VS_LOSS,d1_low_to_close_recovery,2026-07-16,2026-07,600227_2026-07-16,600227,12,0.0,002141_2026-07-16,002141,7,0.0648648648648649,-0.0648648648648649,0.0,1.0
T7_VS_LOSS,d1_low_to_close_recovery,2026-07-16,2026-07,600227_2026-07-16,600227,12,0.0,600829_2026-07-16,600829,10,0.038961038961039,-0.038961038961039,0.0,1.0
T7_VS_LOSS,d1_low_to_close_recovery,2026-07-16,2026-07,600227_2026-07-16,600227,12,0.0,605189_2026-07-16,605189,6,0.073469387755102,-0.073469387755102,0.0,1.0
T7_VS_LOSS,d1_low_to_close_recovery,2026-07-16,2026-07,600227_2026-07-16,600227,12,0.0,605255_2026-07-16,605255,2,0.0,0.0,0.5,0.5
T7_VS_LOSS,d1_low_to_close_recovery,2026-07-16,2026-07,600746_2026-07-16,600746,5,0.0337837837837838,002141_2026-07-16,002141,7,0.0648648648648649,-0.031081081081081097,0.0,1.0
T7_VS_LOSS,d1_low_to_close_recovery,2026-07-16,2026-07,600746_2026-07-16,600746,5,0.0337837837837838,600829_2026-07-16,600829,10,0.038961038961039,-0.005177255177255202,0.0,1.0
T7_VS_LOSS,d1_low_to_close_recovery,2026-07-16,2026-07,600746_2026-07-16,600746,5,0.0337837837837838,605189_2026-07-16,605189,6,0.073469387755102,-0.039685603971318206,0.0,1.0
T7_VS_LOSS,d1_low_to_close_recovery,2026-07-16,2026-07,600746_2026-07-16,600746,5,0.0337837837837838,605255_2026-07-16,605255,2,0.0,0.0337837837837838,1.0,0.0
T7_VS_LOSS,d1_low_to_close_recovery,2026-07-16,2026-07,603137_2026-07-16,603137,8,0.0,002141_2026-07-16,002141,7,0.0648648648648649,-0.0648648648648649,0.0,1.0
T7_VS_LOSS,d1_low_to_close_recovery,2026-07-16,2026-07,603137_2026-07-16,603137,8,0.0,600829_2026-07-16,600829,10,0.038961038961039,-0.038961038961039,0.0,1.0
T7_VS_LOSS,d1_low_to_close_recovery,2026-07-16,2026-07,603137_2026-07-16,603137,8,0.0,605189_2026-07-16,605189,6,0.073469387755102,-0.073469387755102,0.0,1.0
T7_VS_LOSS,d1_low_to_close_recovery,2026-07-16,2026-07,603137_2026-07-16,603137,8,0.0,605255_2026-07-16,605255,2,0.0,0.0,0.5,0.5
T7_VS_LOSS,d1_low_to_close_recovery,2026-07-20,2026-07,000676_2026-07-20,000676,4,0.0192926045016077,002632_2026-07-20,002632,2,0.0,0.0192926045016077,1.0,0.0
T7_VS_LOSS,d1_low_to_close_recovery,2026-07-20,2026-07,000676_2026-07-20,000676,4,0.0192926045016077,002677_2026-07-20,002677,5,0.0,0.0192926045016077,1.0,0.0
T7_VS_LOSS,d1_low_to_close_recovery,2026-07-20,2026-07,002829_2026-07-20,002829,1,0.049266247379455,002632_2026-07-20,002632,2,0.0,0.049266247379455,1.0,0.0
T7_VS_LOSS,d1_low_to_close_recovery,2026-07-20,2026-07,002829_2026-07-20,002829,1,0.049266247379455,002677_2026-07-20,002677,5,0.0,0.049266247379455,1.0,0.0
T7_VS_LOSS,d1_low_to_close_recovery,2026-07-20,2026-07,600162_2026-07-20,600162,6,0.0,002632_2026-07-20,002632,2,0.0,0.0,0.5,0.5
T7_VS_LOSS,d1_low_to_close_recovery,2026-07-20,2026-07,600162_2026-07-20,600162,6,0.0,002677_2026-07-20,002677,5,0.0,0.0,0.5,0.5
T7_VS_LOSS,d1_low_to_close_recovery,2026-07-20,2026-07,603567_2026-07-20,603567,3,0.0589318600368324,002632_2026-07-20,002632,2,0.0,0.0589318600368324,1.0,0.0
T7_VS_LOSS,d1_low_to_close_recovery,2026-07-20,2026-07,603567_2026-07-20,603567,3,0.0589318600368324,002677_2026-07-20,002677,5,0.0,0.0589318600368324,1.0,0.0
T7_VS_LOSS,d1_low_to_close_recovery,2026-07-24,2026-07,002412_2026-07-24,002412,8,0.0143061516452073,000603_2026-07-24,000603,1,0.0504023718763236,-0.0360962202311163,0.0,1.0
T7_VS_LOSS,d1_low_to_close_recovery,2026-07-24,2026-07,002412_2026-07-24,002412,8,0.0143061516452073,600722_2026-07-24,600722,3,0.0783018867924528,-0.06399573514724549,0.0,1.0
T7_VS_LOSS,d1_low_to_close_recovery,2026-07-24,2026-07,002900_2026-07-24,002900,6,0.0187667560321716,000603_2026-07-24,000603,1,0.0504023718763236,-0.031635615844152,0.0,1.0
T7_VS_LOSS,d1_low_to_close_recovery,2026-07-24,2026-07,002900_2026-07-24,002900,6,0.0187667560321716,600722_2026-07-24,600722,3,0.0783018867924528,-0.0595351307602812,0.0,1.0
T7_VS_LOSS,d1_low_to_close_recovery,2026-07-24,2026-07,600396_2026-07-24,600396,5,0.0,000603_2026-07-24,000603,1,0.0504023718763236,-0.0504023718763236,0.0,1.0
T7_VS_LOSS,d1_low_to_close_recovery,2026-07-24,2026-07,600396_2026-07-24,600396,5,0.0,600722_2026-07-24,600722,3,0.0783018867924528,-0.0783018867924528,0.0,1.0
T7_VS_LOSS,d1_low_to_close_recovery,2026-07-24,2026-07,603988_2026-07-24,603988,7,0.0042865890998163,000603_2026-07-24,000603,1,0.0504023718763236,-0.0461157827765073,0.0,1.0
T7_VS_LOSS,d1_low_to_close_recovery,2026-07-24,2026-07,603988_2026-07-24,603988,7,0.0042865890998163,600722_2026-07-24,600722,3,0.0783018867924528,-0.0740152976926365,0.0,1.0
T7_VS_LOSS,d1_low_to_close_recovery,2026-07-24,2026-07,605162_2026-07-24,605162,4,0.0732919254658384,000603_2026-07-24,000603,1,0.0504023718763236,0.022889553589514805,1.0,0.0
T7_VS_LOSS,d1_low_to_close_recovery,2026-07-24,2026-07,605162_2026-07-24,605162,4,0.0732919254658384,600722_2026-07-24,600722,3,0.0783018867924528,-0.0050099613266143955,0.0,1.0
T7_VS_LOSS,d1_low_to_close_recovery,2026-07-27,2026-07,000668_2026-07-27,000668,1,0.1116306253652834,000011_2026-07-27,000011,9,0.0303413400758533,0.0812892852894301,1.0,0.0
T7_VS_LOSS,d1_low_to_close_recovery,2026-07-27,2026-07,000668_2026-07-27,000668,1,0.1116306253652834,000595_2026-07-27,000595,11,0.0769230769230769,0.0347075484422065,1.0,0.0
T7_VS_LOSS,d1_low_to_close_recovery,2026-07-27,2026-07,000668_2026-07-27,000668,1,0.1116306253652834,002218_2026-07-27,002218,10,0.1012987012987013,0.010331924066582093,1.0,0.0
T7_VS_LOSS,d1_low_to_close_recovery,2026-07-27,2026-07,000668_2026-07-27,000668,1,0.1116306253652834,600698_2026-07-27,600698,8,0.109717868338558,0.0019127570267254007,1.0,0.0
T7_VS_LOSS,d1_low_to_close_recovery,2026-07-27,2026-07,002199_2026-07-27,002199,3,0.0414312617702449,000011_2026-07-27,000011,9,0.0303413400758533,0.011089921694391599,1.0,0.0
T7_VS_LOSS,d1_low_to_close_recovery,2026-07-27,2026-07,002199_2026-07-27,002199,3,0.0414312617702449,000595_2026-07-27,000595,11,0.0769230769230769,-0.035491815152832,0.0,1.0
T7_VS_LOSS,d1_low_to_close_recovery,2026-07-27,2026-07,002199_2026-07-27,002199,3,0.0414312617702449,002218_2026-07-27,002218,10,0.1012987012987013,-0.059867439528456405,0.0,1.0
T7_VS_LOSS,d1_low_to_close_recovery,2026-07-27,2026-07,002199_2026-07-27,002199,3,0.0414312617702449,600698_2026-07-27,600698,8,0.109717868338558,-0.06828660656831309,0.0,1.0
T7_VS_LOSS,d1_low_to_close_recovery,2026-07-28,2026-07,601606_2026-07-28,601606,1,0.0166666666666665,603690_2026-07-28,603690,2,0.0112796577207311,0.0053870089459354,1.0,0.0
T7_VS_LOSS,d1_low_to_close_recovery,2026-07-29,2026-07,000566_2026-07-29,000566,5,0.0304761904761905,002310_2026-07-29,002310,7,0.0438247011952192,-0.013348510719028702,0.0,1.0
T7_VS_LOSS,d1_low_to_close_recovery,2026-07-29,2026-07,000566_2026-07-29,000566,5,0.0304761904761905,002388_2026-07-29,002388,10,0.0270270270270271,0.003449163449163399,1.0,0.0
T7_VS_LOSS,d1_low_to_close_recovery,2026-07-29,2026-07,000566_2026-07-29,000566,5,0.0304761904761905,603358_2026-07-29,603358,3,0.0368421052631578,-0.006365914786967301,0.0,1.0
T7_VS_LOSS,d1_low_to_close_recovery,2026-07-29,2026-07,000566_2026-07-29,000566,5,0.0304761904761905,603389_2026-07-29,603389,1,0.0106988390621442,0.019777351414046303,1.0,0.0
T7_VS_LOSS,d1_open_to_close_return_raw,2026-05-06,2026-05,600714_2026-05-06,600714,3,-0.0199095022624434,002192_2026-05-06,002192,1,-0.0332173913043477,0.0133078890419043,1.0,0.0
T7_VS_LOSS,d1_open_to_close_return_raw,2026-05-06,2026-05,600714_2026-05-06,600714,3,-0.0199095022624434,002842_2026-05-06,002842,4,0.0087112477581345,-0.0286207500205779,0.0,1.0
T7_VS_LOSS,d1_open_to_close_return_raw,2026-05-08,2026-05,002903_2026-05-08,002903,2,0.0089266274765948,000818_2026-05-08,000818,5,-0.0094736842105263,0.0184003116871211,1.0,0.0
T7_VS_LOSS,d1_open_to_close_return_raw,2026-05-08,2026-05,002903_2026-05-08,002903,2,0.0089266274765948,000889_2026-05-08,000889,12,-0.0441696113074204,0.0530962387840152,1.0,0.0
T7_VS_LOSS,d1_open_to_close_return_raw,2026-05-08,2026-05,002903_2026-05-08,002903,2,0.0089266274765948,000967_2026-05-08,000967,11,0.0,0.0089266274765948,1.0,0.0
T7_VS_LOSS,d1_open_to_close_return_raw,2026-05-08,2026-05,002903_2026-05-08,002903,2,0.0089266274765948,600673_2026-05-08,600673,9,-0.0684099929955638,0.0773366204721586,1.0,0.0
T7_VS_LOSS,d1_open_to_close_return_raw,2026-05-08,2026-05,002903_2026-05-08,002903,2,0.0089266274765948,603158_2026-05-08,603158,8,0.0069752694990488,0.0019513579775459998,1.0,0.0
T7_VS_LOSS,d1_open_to_close_return_raw,2026-05-08,2026-05,002903_2026-05-08,002903,2,0.0089266274765948,603316_2026-05-08,603316,6,0.0191591271953166,-0.010232499718721802,0.0,1.0
T7_VS_LOSS,d1_open_to_close_return_raw,2026-05-08,2026-05,003041_2026-05-08,003041,3,0.0014016508332035,000818_2026-05-08,000818,5,-0.0094736842105263,0.010875335043729801,1.0,0.0
T7_VS_LOSS,d1_open_to_close_return_raw,2026-05-08,2026-05,003041_2026-05-08,003041,3,0.0014016508332035,000889_2026-05-08,000889,12,-0.0441696113074204,0.0455712621406239,1.0,0.0
T7_VS_LOSS,d1_open_to_close_return_raw,2026-05-08,2026-05,003041_2026-05-08,003041,3,0.0014016508332035,000967_2026-05-08,000967,11,0.0,0.0014016508332035,1.0,0.0
T7_VS_LOSS,d1_open_to_close_return_raw,2026-05-08,2026-05,003041_2026-05-08,003041,3,0.0014016508332035,600673_2026-05-08,600673,9,-0.0684099929955638,0.0698116438287673,1.0,0.0
T7_VS_LOSS,d1_open_to_close_return_raw,2026-05-08,2026-05,003041_2026-05-08,003041,3,0.0014016508332035,603158_2026-05-08,603158,8,0.0069752694990488,-0.0055736186658453,0.0,1.0
T7_VS_LOSS,d1_open_to_close_return_raw,2026-05-08,2026-05,003041_2026-05-08,003041,3,0.0014016508332035,603316_2026-05-08,603316,6,0.0191591271953166,-0.0177574763621131,0.0,1.0
T7_VS_LOSS,d1_open_to_close_return_raw,2026-05-08,2026-05,600396_2026-05-08,600396,7,0.0048465266558965,000818_2026-05-08,000818,5,-0.0094736842105263,0.014320210866422801,1.0,0.0
T7_VS_LOSS,d1_open_to_close_return_raw,2026-05-08,2026-05,600396_2026-05-08,600396,7,0.0048465266558965,000889_2026-05-08,000889,12,-0.0441696113074204,0.0490161379633169,1.0,0.0
T7_VS_LOSS,d1_open_to_close_return_raw,2026-05-08,2026-05,600396_2026-05-08,600396,7,0.0048465266558965,000967_2026-05-08,000967,11,0.0,0.0048465266558965,1.0,0.0
T7_VS_LOSS,d1_open_to_close_return_raw,2026-05-08,2026-05,600396_2026-05-08,600396,7,0.0048465266558965,600673_2026-05-08,600673,9,-0.0684099929955638,0.0732565196514603,1.0,0.0
T7_VS_LOSS,d1_open_to_close_return_raw,2026-05-08,2026-05,600396_2026-05-08,600396,7,0.0048465266558965,603158_2026-05-08,603158,8,0.0069752694990488,-0.0021287428431523,0.0,1.0
T7_VS_LOSS,d1_open_to_close_return_raw,2026-05-08,2026-05,600396_2026-05-08,600396,7,0.0048465266558965,603316_2026-05-08,603316,6,0.0191591271953166,-0.0143126005394201,0.0,1.0
T7_VS_LOSS,d1_open_to_close_return_raw,2026-05-08,2026-05,600719_2026-05-08,600719,10,-0.0521376433785193,000818_2026-05-08,000818,5,-0.0094736842105263,-0.042663959167992996,0.0,1.0
T7_VS_LOSS,d1_open_to_close_return_raw,2026-05-08,2026-05,600719_2026-05-08,600719,10,-0.0521376433785193,000889_2026-05-08,000889,12,-0.0441696113074204,-0.007968032071098897,0.0,1.0
T7_VS_LOSS,d1_open_to_close_return_raw,2026-05-08,2026-05,600719_2026-05-08,600719,10,-0.0521376433785193,000967_2026-05-08,000967,11,0.0,-0.0521376433785193,0.0,1.0
T7_VS_LOSS,d1_open_to_close_return_raw,2026-05-08,2026-05,600719_2026-05-08,600719,10,-0.0521376433785193,600673_2026-05-08,600673,9,-0.0684099929955638,0.016272349617044504,1.0,0.0
T7_VS_LOSS,d1_open_to_close_return_raw,2026-05-08,2026-05,600719_2026-05-08,600719,10,-0.0521376433785193,603158_2026-05-08,603158,8,0.0069752694990488,-0.0591129128775681,0.0,1.0
T7_VS_LOSS,d1_open_to_close_return_raw,2026-05-08,2026-05,600719_2026-05-08,600719,10,-0.0521376433785193,603316_2026-05-08,603316,6,0.0191591271953166,-0.0712967705738359,0.0,1.0
T7_VS_LOSS,d1_open_to_close_return_raw,2026-05-11,2026-05,000720_2026-05-11,000720,9,0.0103986135181977,002317_2026-05-11,002317,10,-0.0330434782608696,0.0434420917790673,1.0,0.0
T7_VS_LOSS,d1_open_to_close_return_raw,2026-05-11,2026-05,002929_2026-05-11,002929,3,-0.0169641726800859,002317_2026-05-11,002317,10,-0.0330434782608696,0.016079305580783698,1.0,0.0
T7_VS_LOSS,d1_open_to_close_return_raw,2026-05-11,2026-05,600936_2026-05-11,600936,11,-0.0449438202247191,002317_2026-05-11,002317,10,-0.0330434782608696,-0.011900341963849502,0.0,1.0
T7_VS_LOSS,d1_open_to_close_return_raw,2026-05-11,2026-05,603278_2026-05-11,603278,5,-0.0634533251982917,002317_2026-05-11,002317,10,-0.0330434782608696,-0.030409846937422096,0.0,1.0
T7_VS_LOSS,d1_open_to_close_return_raw,2026-05-11,2026-05,603618_2026-05-11,603618,1,-0.0484693877551022,002317_2026-05-11,002317,10,-0.0330434782608696,-0.0154259094942326,0.0,1.0
T7_VS_LOSS,d1_open_to_close_return_raw,2026-05-11,2026-05,603636_2026-05-11,603636,7,-0.08,002317_2026-05-11,002317,10,-0.0330434782608696,-0.046956521739130404,0.0,1.0
T7_VS_LOSS,d1_open_to_close_return_raw,2026-05-13,2026-05,000029_2026-05-13,000029,3,-0.0118430792005921,600683_2026-05-13,600683,6,-0.0740384615384615,0.0621953823378694,1.0,0.0
T7_VS_LOSS,d1_open_to_close_return_raw,2026-05-13,2026-05,000029_2026-05-13,000029,3,-0.0118430792005921,600869_2026-05-13,600869,4,0.0026075619295957,-0.0144506411301878,0.0,1.0
T7_VS_LOSS,d1_open_to_close_return_raw,2026-05-13,2026-05,000029_2026-05-13,000029,3,-0.0118430792005921,603061_2026-05-13,603061,2,0.0312240597662982,-0.0430671389668903,0.0,1.0
T7_VS_LOSS,d1_open_to_close_return_raw,2026-05-13,2026-05,001211_2026-05-13,001211,1,-0.0560530085959886,600683_2026-05-13,600683,6,-0.0740384615384615,0.017985452942472897,1.0,0.0
T7_VS_LOSS,d1_open_to_close_return_raw,2026-05-13,2026-05,001211_2026-05-13,001211,1,-0.0560530085959886,600869_2026-05-13,600869,4,0.0026075619295957,-0.0586605705255843,0.0,1.0
T7_VS_LOSS,d1_open_to_close_return_raw,2026-05-13,2026-05,001211_2026-05-13,001211,1,-0.0560530085959886,603061_2026-05-13,603061,2,0.0312240597662982,-0.0872770683622868,0.0,1.0
T7_VS_LOSS,d1_open_to_close_return_raw,2026-05-14,2026-05,000767_2026-05-14,000767,6,-0.1637010676156584,000601_2026-05-14,000601,8,-0.1593462717058221,-0.004354795909836284,0.0,1.0
T7_VS_LOSS,d1_open_to_close_return_raw,2026-05-14,2026-05,000767_2026-05-14,000767,6,-0.1637010676156584,000925_2026-05-14,000925,7,-0.0632688927943762,-0.1004321748212822,0.0,1.0
T7_VS_LOSS,d1_open_to_close_return_raw,2026-05-14,2026-05,000767_2026-05-14,000767,6,-0.1637010676156584,002498_2026-05-14,002498,5,-0.1324786324786323,-0.031222435137026078,0.0,1.0
T7_VS_LOSS,d1_open_to_close_return_raw,2026-05-14,2026-05,000767_2026-05-14,000767,6,-0.1637010676156584,603203_2026-05-14,603203,2,0.0258730158730158,-0.1895740834886742,0.0,1.0
T7_VS_LOSS,d1_open_to_close_return_raw,2026-05-14,2026-05,600396_2026-05-14,600396,1,-0.0572237960339941,000601_2026-05-14,000601,8,-0.1593462717058221,0.102122475671828,1.0,0.0
T7_VS_LOSS,d1_open_to_close_return_raw,2026-05-14,2026-05,600396_2026-05-14,600396,1,-0.0572237960339941,000925_2026-05-14,000925,7,-0.0632688927943762,0.006045096760382097,1.0,0.0
T7_VS_LOSS,d1_open_to_close_return_raw,2026-05-14,2026-05,600396_2026-05-14,600396,1,-0.0572237960339941,002498_2026-05-14,002498,5,-0.1324786324786323,0.0752548364446382,1.0,0.0
T7_VS_LOSS,d1_open_to_close_return_raw,2026-05-14,2026-05,600396_2026-05-14,600396,1,-0.0572237960339941,603203_2026-05-14,603203,2,0.0258730158730158,-0.0830968119070099,0.0,1.0
T7_VS_LOSS,d1_open_to_close_return_raw,2026-05-15,2026-05,002208_2026-05-15,002208,5,0.0586435492095871,001223_2026-05-15,001223,4,-0.0092264017033357,0.0678699509129228,1.0,0.0
T7_VS_LOSS,d1_open_to_close_return_raw,2026-05-15,2026-05,002208_2026-05-15,002208,5,0.0586435492095871,603052_2026-05-15,603052,1,-0.0123596483593002,0.0710031975688873,1.0,0.0
T7_VS_LOSS,d1_open_to_close_return_raw,2026-05-15,2026-05,002782_2026-05-15,002782,6,-0.037107156380159,001223_2026-05-15,001223,4,-0.0092264017033357,-0.027880754676823296,0.0,1.0
T7_VS_LOSS,d1_open_to_close_return_raw,2026-05-15,2026-05,002782_2026-05-15,002782,6,-0.037107156380159,603052_2026-05-15,603052,1,-0.0123596483593002,-0.024747508020858795,0.0,1.0
T7_VS_LOSS,d1_open_to_close_return_raw,2026-05-15,2026-05,600156_2026-05-15,600156,9,-0.1196236559139786,001223_2026-05-15,001223,4,-0.0092264017033357,-0.11039725421064289,0.0,1.0
T7_VS_LOSS,d1_open_to_close_return_raw,2026-05-15,2026-05,600156_2026-05-15,600156,9,-0.1196236559139786,603052_2026-05-15,603052,1,-0.0123596483593002,-0.1072640075546784,0.0,1.0
T7_VS_LOSS,d1_open_to_close_return_raw,2026-05-15,2026-05,600857_2026-05-15,600857,10,-0.1016077170418006,001223_2026-05-15,001223,4,-0.0092264017033357,-0.0923813153384649,0.0,1.0
T7_VS_LOSS,d1_open_to_close_return_raw,2026-05-15,2026-05,600857_2026-05-15,600857,10,-0.1016077170418006,603052_2026-05-15,603052,1,-0.0123596483593002,-0.0892480686825004,0.0,1.0
T7_VS_LOSS,d1_open_to_close_return_raw,2026-05-15,2026-05,600903_2026-05-15,600903,11,0.0269230769230768,001223_2026-05-15,001223,4,-0.0092264017033357,0.036149478626412504,1.0,0.0
T7_VS_LOSS,d1_open_to_close_return_raw,2026-05-15,2026-05,600903_2026-05-15,600903,11,0.0269230769230768,603052_2026-05-15,603052,1,-0.0123596483593002,0.039282725282377,1.0,0.0
T7_VS_LOSS,d1_open_to_close_return_raw,2026-05-15,2026-05,603093_2026-05-15,603093,8,-0.0735586481113319,001223_2026-05-15,001223,4,-0.0092264017033357,-0.0643322464079962,0.0,1.0
T7_VS_LOSS,d1_open_to_close_return_raw,2026-05-15,2026-05,603093_2026-05-15,603093,8,-0.0735586481113319,603052_2026-05-15,603052,1,-0.0123596483593002,-0.061198999752031705,0.0,1.0
T7_VS_LOSS,d1_open_to_close_return_raw,2026-05-20,2026-05,002552_2026-05-20,002552,2,-0.0293277965221905,002208_2026-05-20,002208,3,0.0769870994590093,-0.10631489598119981,0.0,1.0
T7_VS_LOSS,d1_open_to_close_return_raw,2026-05-20,2026-05,002552_2026-05-20,002552,2,-0.0293277965221905,603206_2026-05-20,603206,9,-0.0802752293577981,0.0509474328356076,1.0,0.0
T7_VS_LOSS,d1_open_to_close_return_raw,2026-05-20,2026-05,002552_2026-05-20,002552,2,-0.0293277965221905,605218_2026-05-20,605218,7,-0.0173708920187793,-0.011956904503411199,0.0,1.0
T7_VS_LOSS,d1_open_to_close_return_raw,2026-05-20,2026-05,600903_2026-05-20,600903,8,-0.0447035957240038,002208_2026-05-20,002208,3,0.0769870994590093,-0.1216906951830131,0.0,1.0
T7_VS_LOSS,d1_open_to_close_return_raw,2026-05-20,2026-05,600903_2026-05-20,600903,8,-0.0447035957240038,603206_2026-05-20,603206,9,-0.0802752293577981,0.0355716336337943,1.0,0.0
T7_VS_LOSS,d1_open_to_close_return_raw,2026-05-20,2026-05,600903_2026-05-20,600903,8,-0.0447035957240038,605218_2026-05-20,605218,7,-0.0173708920187793,-0.0273327037052245,0.0,1.0
T7_VS_LOSS,d1_open_to_close_return_raw,2026-05-20,2026-05,603115_2026-05-20,603115,1,0.0720958347071107,002208_2026-05-20,002208,3,0.0769870994590093,-0.004891264751898605,0.0,1.0
T7_VS_LOSS,d1_open_to_close_return_raw,2026-05-20,2026-05,603115_2026-05-20,603115,1,0.0720958347071107,603206_2026-05-20,603206,9,-0.0802752293577981,0.1523710640649088,1.0,0.0
T7_VS_LOSS,d1_open_to_close_return_raw,2026-05-20,2026-05,603115_2026-05-20,603115,1,0.0720958347071107,605218_2026-05-20,605218,7,-0.0173708920187793,0.08946672672589,1.0,0.0
T7_VS_LOSS,d1_open_to_close_return_raw,2026-05-20,2026-05,603311_2026-05-20,603311,5,0.0679357969391565,002208_2026-05-20,002208,3,0.0769870994590093,-0.00905130251985281,0.0,1.0
T7_VS_LOSS,d1_open_to_close_return_raw,2026-05-20,2026-05,603311_2026-05-20,603311,5,0.0679357969391565,603206_2026-05-20,603206,9,-0.0802752293577981,0.1482110262969546,1.0,0.0
T7_VS_LOSS,d1_open_to_close_return_raw,2026-05-20,2026-05,603311_2026-05-20,603311,5,0.0679357969391565,605218_2026-05-20,605218,7,-0.0173708920187793,0.08530668895793579,1.0,0.0
T7_VS_LOSS,d1_open_to_close_return_raw,2026-05-20,2026-05,603989_2026-05-20,603989,4,0.0383683360258482,002208_2026-05-20,002208,3,0.0769870994590093,-0.038618763433161105,0.0,1.0
T7_VS_LOSS,d1_open_to_close_return_raw,2026-05-20,2026-05,603989_2026-05-20,603989,4,0.0383683360258482,603206_2026-05-20,603206,9,-0.0802752293577981,0.1186435653836463,1.0,0.0
T7_VS_LOSS,d1_open_to_close_return_raw,2026-05-20,2026-05,603989_2026-05-20,603989,4,0.0383683360258482,605218_2026-05-20,605218,7,-0.0173708920187793,0.0557392280446275,1.0,0.0
T7_VS_LOSS,d1_open_to_close_return_raw,2026-05-21,2026-05,000417_2026-05-21,000417,6,-0.1116412213740457,603938_2026-05-21,603938,3,-0.1091933779499824,-0.0024478434240632896,0.0,1.0
T7_VS_LOSS,d1_open_to_close_return_raw,2026-05-21,2026-05,002272_2026-05-21,002272,4,-0.0859120521172638,603938_2026-05-21,603938,3,-0.1091933779499824,0.023281325832718608,1.0,0.0
T7_VS_LOSS,d1_open_to_close_return_raw,2026-05-21,2026-05,600563_2026-05-21,600563,2,-0.0573809523809523,603938_2026-05-21,603938,3,-0.1091933779499824,0.0518124255690301,1.0,0.0
T7_VS_LOSS,d1_open_to_close_return_raw,2026-05-25,2026-05,000725_2026-05-25,000725,5,0.0193423597678916,600611_2026-05-25,600611,6,-0.0682852807283763,0.0876276404962679,1.0,0.0
T7_VS_LOSS,d1_open_to_close_return_raw,2026-05-26,2026-05,000636_2026-05-26,000636,5,-0.0099715099715098,002432_2026-05-26,002432,10,-0.0075856090160382,-0.0023859009554715992,0.0,1.0
T7_VS_LOSS,d1_open_to_close_return_raw,2026-05-26,2026-05,000636_2026-05-26,000636,5,-0.0099715099715098,002938_2026-05-26,002938,2,0.0,-0.0099715099715098,0.0,1.0
T7_VS_LOSS,d1_open_to_close_return_raw,2026-05-26,2026-05,000636_2026-05-26,000636,5,-0.0099715099715098,600186_2026-05-26,600186,17,0.0153964588144726,-0.025367968785982402,0.0,1.0
T7_VS_LOSS,d1_open_to_close_return_raw,2026-05-26,2026-05,000636_2026-05-26,000636,5,-0.0099715099715098,600234_2026-05-26,600234,11,0.0322354590049054,-0.042206968976415196,0.0,1.0
T7_VS_LOSS,d1_open_to_close_return_raw,2026-05-26,2026-05,000636_2026-05-26,000636,5,-0.0099715099715098,603661_2026-05-26,603661,7,-0.0480182926829269,0.0380467827114171,1.0,0.0
T7_VS_LOSS,d1_open_to_close_return_raw,2026-05-26,2026-05,002741_2026-05-26,002741,14,0.0046428571428571,002432_2026-05-26,002432,10,-0.0075856090160382,0.0122284661588953,1.0,0.0
T7_VS_LOSS,d1_open_to_close_return_raw,2026-05-26,2026-05,002741_2026-05-26,002741,14,0.0046428571428571,002938_2026-05-26,002938,2,0.0,0.0046428571428571,1.0,0.0
T7_VS_LOSS,d1_open_to_close_return_raw,2026-05-26,2026-05,002741_2026-05-26,002741,14,0.0046428571428571,600186_2026-05-26,600186,17,0.0153964588144726,-0.0107536016716155,0.0,1.0
T7_VS_LOSS,d1_open_to_close_return_raw,2026-05-26,2026-05,002741_2026-05-26,002741,14,0.0046428571428571,600234_2026-05-26,600234,11,0.0322354590049054,-0.027592601862048295,0.0,1.0
T7_VS_LOSS,d1_open_to_close_return_raw,2026-05-26,2026-05,002741_2026-05-26,002741,14,0.0046428571428571,603661_2026-05-26,603661,7,-0.0480182926829269,0.052661149825784,1.0,0.0
T7_VS_LOSS,d1_open_to_close_return_raw,2026-05-26,2026-05,603256_2026-05-26,603256,1,0.0489989162055786,002432_2026-05-26,002432,10,-0.0075856090160382,0.0565845252216168,1.0,0.0
T7_VS_LOSS,d1_open_to_close_return_raw,2026-05-26,2026-05,603256_2026-05-26,603256,1,0.0489989162055786,002938_2026-05-26,002938,2,0.0,0.0489989162055786,1.0,0.0
T7_VS_LOSS,d1_open_to_close_return_raw,2026-05-26,2026-05,603256_2026-05-26,603256,1,0.0489989162055786,600186_2026-05-26,600186,17,0.0153964588144726,0.033602457391106,1.0,0.0
T7_VS_LOSS,d1_open_to_close_return_raw,2026-05-26,2026-05,603256_2026-05-26,603256,1,0.0489989162055786,600234_2026-05-26,600234,11,0.0322354590049054,0.016763457200673203,1.0,0.0
T7_VS_LOSS,d1_open_to_close_return_raw,2026-05-26,2026-05,603256_2026-05-26,603256,1,0.0489989162055786,603661_2026-05-26,603661,7,-0.0480182926829269,0.0970172088885055,1.0,0.0
T7_VS_LOSS,d1_open_to_close_return_raw,2026-05-26,2026-05,603663_2026-05-26,603663,4,0.0496939142960028,002432_2026-05-26,002432,10,-0.0075856090160382,0.057279523312040996,1.0,0.0
T7_VS_LOSS,d1_open_to_close_return_raw,2026-05-26,2026-05,603663_2026-05-26,603663,4,0.0496939142960028,002938_2026-05-26,002938,2,0.0,0.0496939142960028,1.0,0.0
T7_VS_LOSS,d1_open_to_close_return_raw,2026-05-26,2026-05,603663_2026-05-26,603663,4,0.0496939142960028,600186_2026-05-26,600186,17,0.0153964588144726,0.034297455481530195,1.0,0.0
T7_VS_LOSS,d1_open_to_close_return_raw,2026-05-26,2026-05,603663_2026-05-26,603663,4,0.0496939142960028,600234_2026-05-26,600234,11,0.0322354590049054,0.0174584552910974,1.0,0.0
T7_VS_LOSS,d1_open_to_close_return_raw,2026-05-26,2026-05,603663_2026-05-26,603663,4,0.0496939142960028,603661_2026-05-26,603661,7,-0.0480182926829269,0.0977122069789297,1.0,0.0
T7_VS_LOSS,d1_open_to_close_return_raw,2026-05-26,2026-05,605580_2026-05-26,605580,9,0.0502838605028386,002432_2026-05-26,002432,10,-0.0075856090160382,0.057869469518876795,1.0,0.0
T7_VS_LOSS,d1_open_to_close_return_raw,2026-05-26,2026-05,605580_2026-05-26,605580,9,0.0502838605028386,002938_2026-05-26,002938,2,0.0,0.0502838605028386,1.0,0.0
T7_VS_LOSS,d1_open_to_close_return_raw,2026-05-26,2026-05,605580_2026-05-26,605580,9,0.0502838605028386,600186_2026-05-26,600186,17,0.0153964588144726,0.034887401688365995,1.0,0.0
T7_VS_LOSS,d1_open_to_close_return_raw,2026-05-26,2026-05,605580_2026-05-26,605580,9,0.0502838605028386,600234_2026-05-26,600234,11,0.0322354590049054,0.0180484014979332,1.0,0.0
T7_VS_LOSS,d1_open_to_close_return_raw,2026-05-26,2026-05,605580_2026-05-26,605580,9,0.0502838605028386,603661_2026-05-26,603661,7,-0.0480182926829269,0.09830215318576549,1.0,0.0
T7_VS_LOSS,d1_open_to_close_return_raw,2026-05-28,2026-05,000759_2026-05-28,000759,3,-0.0383333333333334,001257_2026-05-28,001257,2,-0.0147783251231528,-0.023555008210180597,0.0,1.0
T7_VS_LOSS,d1_open_to_close_return_raw,2026-05-28,2026-05,002251_2026-05-28,002251,4,-0.0198675496688741,001257_2026-05-28,001257,2,-0.0147783251231528,-0.0050892245457213,0.0,1.0
T7_VS_LOSS,d1_open_to_close_return_raw,2026-05-28,2026-05,002771_2026-05-28,002771,1,-0.008891523414345,001257_2026-05-28,001257,2,-0.0147783251231528,0.005886801708807801,1.0,0.0
T7_VS_LOSS,d1_open_to_close_return_raw,2026-05-29,2026-05,002579_2026-05-29,002579,3,-0.11139896373057,603989_2026-05-29,603989,1,-0.0347708894878705,-0.07662807424269949,0.0,1.0
T7_VS_LOSS,d1_open_to_close_return_raw,2026-06-01,2026-06,002806_2026-06-01,002806,1,-0.04149377593361,000090_2026-06-01,000090,3,0.0078125,-0.04930627593361,0.0,1.0
T7_VS_LOSS,d1_open_to_close_return_raw,2026-06-03,2026-06,603045_2026-06-03,603045,3,-0.0468729427254772,001210_2026-06-03,001210,1,0.0257142857142855,-0.0725872284397627,0.0,1.0
T7_VS_LOSS,d1_open_to_close_return_raw,2026-06-03,2026-06,603045_2026-06-03,603045,3,-0.0468729427254772,600280_2026-06-03,600280,6,0.064,-0.11087294272547721,0.0,1.0
T7_VS_LOSS,d1_open_to_close_return_raw,2026-06-05,2026-06,001896_2026-06-05,001896,3,-0.1360278139939158,600439_2026-06-05,600439,6,-0.0671378091872791,-0.0688900048066367,0.0,1.0
T7_VS_LOSS,d1_open_to_close_return_raw,2026-06-05,2026-06,001896_2026-06-05,001896,3,-0.1360278139939158,605162_2026-06-05,605162,2,-0.0653495440729482,-0.07067826992096761,0.0,1.0
T7_VS_LOSS,d1_open_to_close_return_raw,2026-06-05,2026-06,600255_2026-06-05,600255,4,-0.0022222222222221,600439_2026-06-05,600439,6,-0.0671378091872791,0.064915586965057,1.0,0.0
T7_VS_LOSS,d1_open_to_close_return_raw,2026-06-05,2026-06,600255_2026-06-05,600255,4,-0.0022222222222221,605162_2026-06-05,605162,2,-0.0653495440729482,0.0631273218507261,1.0,0.0
T7_VS_LOSS,d1_open_to_close_return_raw,2026-06-09,2026-06,603500_2026-06-09,603500,4,0.0276710222905456,000068_2026-06-09,000068,8,-0.050125313283208,0.07779633557375361,1.0,0.0
T7_VS_LOSS,d1_open_to_close_return_raw,2026-06-09,2026-06,603500_2026-06-09,603500,4,0.0276710222905456,002421_2026-06-09,002421,7,-0.0484140233722871,0.0760850456628327,1.0,0.0
T7_VS_LOSS,d1_open_to_close_return_raw,2026-06-09,2026-06,603500_2026-06-09,603500,4,0.0276710222905456,002613_2026-06-09,002613,6,-0.0765124555160141,0.1041834778065597,1.0,0.0
T7_VS_LOSS,d1_open_to_close_return_raw,2026-06-09,2026-06,603500_2026-06-09,603500,4,0.0276710222905456,003009_2026-06-09,003009,2,-0.0462903225806451,0.0739613448711907,1.0,0.0
T7_VS_LOSS,d1_open_to_close_return_raw,2026-06-10,2026-06,001696_2026-06-10,001696,3,0.0577456968350915,002362_2026-06-10,002362,5,0.0133333333333334,0.044412363501758104,1.0,0.0
T7_VS_LOSS,d1_open_to_close_return_raw,2026-06-10,2026-06,002254_2026-06-10,002254,7,-0.07576571735626,002362_2026-06-10,002362,5,0.0133333333333334,-0.08909905068959341,0.0,1.0
T7_VS_LOSS,d1_open_to_close_return_raw,2026-06-10,2026-06,603186_2026-06-10,603186,2,0.0709508196721311,002362_2026-06-10,002362,5,0.0133333333333334,0.0576174863387977,1.0,0.0
T7_VS_LOSS,d1_open_to_close_return_raw,2026-06-10,2026-06,603929_2026-06-10,603929,1,0.083219512195122,002362_2026-06-10,002362,5,0.0133333333333334,0.06988617886178859,1.0,0.0
T7_VS_LOSS,d1_open_to_close_return_raw,2026-06-11,2026-06,002636_2026-06-11,002636,1,0.0950413223140496,002669_2026-06-11,002669,9,-0.0336700336700337,0.1287113559840833,1.0,0.0
T7_VS_LOSS,d1_open_to_close_return_raw,2026-06-11,2026-06,002636_2026-06-11,002636,1,0.0950413223140496,003026_2026-06-11,003026,3,-0.0382528486163862,0.1332941709304358,1.0,0.0
T7_VS_LOSS,d1_open_to_close_return_raw,2026-06-11,2026-06,605589_2026-06-11,605589,2,-0.0161290322580645,002669_2026-06-11,002669,9,-0.0336700336700337,0.0175410014119692,1.0,0.0
T7_VS_LOSS,d1_open_to_close_return_raw,2026-06-11,2026-06,605589_2026-06-11,605589,2,-0.0161290322580645,003026_2026-06-11,003026,3,-0.0382528486163862,0.0221238163583217,1.0,0.0
T7_VS_LOSS,d1_open_to_close_return_raw,2026-06-12,2026-06,002165_2026-06-12,002165,6,0.0389784946236559,000048_2026-06-12,000048,8,-0.0247550283651366,0.06373352298879251,1.0,0.0
T7_VS_LOSS,d1_open_to_close_return_raw,2026-06-12,2026-06,002165_2026-06-12,002165,6,0.0389784946236559,600178_2026-06-12,600178,7,-0.0608044901777362,0.09978298480139211,1.0,0.0
T7_VS_LOSS,d1_open_to_close_return_raw,2026-06-12,2026-06,002409_2026-06-12,002409,2,-0.0501392757660166,000048_2026-06-12,000048,8,-0.0247550283651366,-0.02538424740088,0.0,1.0
T7_VS_LOSS,d1_open_to_close_return_raw,2026-06-12,2026-06,002409_2026-06-12,002409,2,-0.0501392757660166,600178_2026-06-12,600178,7,-0.0608044901777362,0.010665214411719602,1.0,0.0
T7_VS_LOSS,d1_open_to_close_return_raw,2026-06-12,2026-06,600378_2026-06-12,600378,3,-0.0954415954415954,000048_2026-06-12,000048,8,-0.0247550283651366,-0.0706865670764588,0.0,1.0
T7_VS_LOSS,d1_open_to_close_return_raw,2026-06-12,2026-06,600378_2026-06-12,600378,3,-0.0954415954415954,600178_2026-06-12,600178,7,-0.0608044901777362,-0.0346371052638592,0.0,1.0
T7_VS_LOSS,d1_open_to_close_return_raw,2026-06-12,2026-06,603155_2026-06-12,603155,4,-0.05,000048_2026-06-12,000048,8,-0.0247550283651366,-0.025244971634863403,0.0,1.0
T7_VS_LOSS,d1_open_to_close_return_raw,2026-06-12,2026-06,603155_2026-06-12,603155,4,-0.05,600178_2026-06-12,600178,7,-0.0608044901777362,0.0108044901777362,1.0,0.0
T7_VS_LOSS,d1_open_to_close_return_raw,2026-06-16,2026-06,001359_2026-06-16,001359,1,-0.0063840235717793,000506_2026-06-16,000506,5,0.0059563203176704,-0.0123403438894497,0.0,1.0
T7_VS_LOSS,d1_open_to_close_return_raw,2026-06-16,2026-06,001359_2026-06-16,001359,1,-0.0063840235717793,000510_2026-06-16,000510,4,0.0431818181818182,-0.0495658417535975,0.0,1.0
T7_VS_LOSS,d1_open_to_close_return_raw,2026-06-16,2026-06,001359_2026-06-16,001359,1,-0.0063840235717793,601696_2026-06-16,601696,6,0.0572337042925279,-0.0636177278643072,0.0,1.0
T7_VS_LOSS,d1_open_to_close_return_raw,2026-06-16,2026-06,603335_2026-06-16,603335,7,-0.0964102564102563,000506_2026-06-16,000506,5,0.0059563203176704,-0.1023665767279267,0.0,1.0
T7_VS_LOSS,d1_open_to_close_return_raw,2026-06-16,2026-06,603335_2026-06-16,603335,7,-0.0964102564102563,000510_2026-06-16,000510,4,0.0431818181818182,-0.1395920745920745,0.0,1.0
T7_VS_LOSS,d1_open_to_close_return_raw,2026-06-16,2026-06,603335_2026-06-16,603335,7,-0.0964102564102563,601696_2026-06-16,601696,6,0.0572337042925279,-0.1536439607027842,0.0,1.0
T7_VS_LOSS,d1_open_to_close_return_raw,2026-06-16,2026-06,603738_2026-06-16,603738,3,-0.026140350877193,000506_2026-06-16,000506,5,0.0059563203176704,-0.032096671194863396,0.0,1.0
T7_VS_LOSS,d1_open_to_close_return_raw,2026-06-16,2026-06,603738_2026-06-16,603738,3,-0.026140350877193,000510_2026-06-16,000510,4,0.0431818181818182,-0.0693221690590112,0.0,1.0
T7_VS_LOSS,d1_open_to_close_return_raw,2026-06-16,2026-06,603738_2026-06-16,603738,3,-0.026140350877193,601696_2026-06-16,601696,6,0.0572337042925279,-0.0833740551697209,0.0,1.0
T7_VS_LOSS,d1_open_to_close_return_raw,2026-06-17,2026-06,002051_2026-06-17,002051,15,-0.05446293494705,605198_2026-06-17,605198,3,0.0972966080081612,-0.1517595429552112,0.0,1.0
T7_VS_LOSS,d1_open_to_close_return_raw,2026-06-17,2026-06,002515_2026-06-17,002515,17,0.053392658509455,605198_2026-06-17,605198,3,0.0972966080081612,-0.0439039494987062,0.0,1.0
T7_VS_LOSS,d1_open_to_close_return_raw,2026-06-17,2026-06,002552_2026-06-17,002552,4,0.0163380281690139,605198_2026-06-17,605198,3,0.0972966080081612,-0.0809585798391473,0.0,1.0
T7_VS_LOSS,d1_open_to_close_return_raw,2026-06-17,2026-06,002824_2026-06-17,002824,8,0.0366310931641187,605198_2026-06-17,605198,3,0.0972966080081612,-0.0606655148440425,0.0,1.0
T7_VS_LOSS,d1_open_to_close_return_raw,2026-06-17,2026-06,002851_2026-06-17,002851,7,0.0581415981546105,605198_2026-06-17,605198,3,0.0972966080081612,-0.0391550098535507,0.0,1.0
T7_VS_LOSS,d1_open_to_close_return_raw,2026-06-17,2026-06,002990_2026-06-17,002990,11,-0.0373681387448595,605198_2026-06-17,605198,3,0.0972966080081612,-0.1346647467530207,0.0,1.0
T7_VS_LOSS,d1_open_to_close_return_raw,2026-06-17,2026-06,600545_2026-06-17,600545,16,-0.0090225563909774,605198_2026-06-17,605198,3,0.0972966080081612,-0.1063191643991386,0.0,1.0
T7_VS_LOSS,d1_open_to_close_return_raw,2026-06-17,2026-06,600549_2026-06-17,600549,6,0.0104999999999999,605198_2026-06-17,605198,3,0.0972966080081612,-0.0867966080081613,0.0,1.0
T7_VS_LOSS,d1_open_to_close_return_raw,2026-06-17,2026-06,600703_2026-06-17,600703,13,0.0117924528301887,605198_2026-06-17,605198,3,0.0972966080081612,-0.0855041551779725,0.0,1.0
T7_VS_LOSS,d1_open_to_close_return_raw,2026-06-17,2026-06,601179_2026-06-17,601179,14,-0.0383678440925702,605198_2026-06-17,605198,3,0.0972966080081612,-0.13566445210073141,0.0,1.0
T7_VS_LOSS,d1_open_to_close_return_raw,2026-06-17,2026-06,603256_2026-06-17,603256,1,0.0113281249999999,605198_2026-06-17,605198,3,0.0972966080081612,-0.0859684830081613,0.0,1.0
T7_VS_LOSS,d1_open_to_close_return_raw,2026-06-17,2026-06,603516_2026-06-17,603516,2,-0.0217109059434505,605198_2026-06-17,605198,3,0.0972966080081612,-0.1190075139516117,0.0,1.0
T7_VS_LOSS,d1_open_to_close_return_raw,2026-06-18,2026-06,600707_2026-06-18,600707,10,-0.0510534846029172,002484_2026-06-18,002484,8,0.0389385635996537,-0.0899920482025709,0.0,1.0
T7_VS_LOSS,d1_open_to_close_return_raw,2026-06-18,2026-06,600707_2026-06-18,600707,10,-0.0510534846029172,002741_2026-06-18,002741,3,0.0379492334757476,-0.0890027180786648,0.0,1.0
T7_VS_LOSS,d1_open_to_close_return_raw,2026-06-18,2026-06,600707_2026-06-18,600707,10,-0.0510534846029172,600110_2026-06-18,600110,4,0.004,-0.0550534846029172,0.0,1.0
T7_VS_LOSS,d1_open_to_close_return_raw,2026-06-18,2026-06,600707_2026-06-18,600707,10,-0.0510534846029172,600615_2026-06-18,600615,12,-0.0477477477477477,-0.0033057368551695013,0.0,1.0
T7_VS_LOSS,d1_open_to_close_return_raw,2026-06-18,2026-06,603002_2026-06-18,603002,7,-0.0025380710659899,002484_2026-06-18,002484,8,0.0389385635996537,-0.041476634665643594,0.0,1.0
T7_VS_LOSS,d1_open_to_close_return_raw,2026-06-18,2026-06,603002_2026-06-18,603002,7,-0.0025380710659899,002741_2026-06-18,002741,3,0.0379492334757476,-0.0404873045417375,0.0,1.0
T7_VS_LOSS,d1_open_to_close_return_raw,2026-06-18,2026-06,603002_2026-06-18,603002,7,-0.0025380710659899,600110_2026-06-18,600110,4,0.004,-0.0065380710659899005,0.0,1.0
T7_VS_LOSS,d1_open_to_close_return_raw,2026-06-18,2026-06,603002_2026-06-18,603002,7,-0.0025380710659899,600615_2026-06-18,600615,12,-0.0477477477477477,0.0452096766817578,1.0,0.0
T7_VS_LOSS,d1_open_to_close_return_raw,2026-06-22,2026-06,002141_2026-06-22,002141,6,-0.1312741312741312,002579_2026-06-22,002579,5,-0.0347031963470318,-0.09657093492709941,0.0,1.0
T7_VS_LOSS,d1_open_to_close_return_raw,2026-06-22,2026-06,002491_2026-06-22,002491,3,-0.0081680280046674,002579_2026-06-22,002579,5,-0.0347031963470318,0.0265351683423644,1.0,0.0
T7_VS_LOSS,d1_open_to_close_return_raw,2026-06-22,2026-06,603261_2026-06-22,603261,1,-0.0343329886246123,002579_2026-06-22,002579,5,-0.0347031963470318,0.0003702077224194966,1.0,0.0
T7_VS_LOSS,d1_open_to_close_return_raw,2026-06-22,2026-06,603324_2026-06-22,603324,7,-0.0491355777979982,002579_2026-06-22,002579,5,-0.0347031963470318,-0.014432381450966404,0.0,1.0
T7_VS_LOSS,d1_open_to_close_return_raw,2026-06-24,2026-06,000571_2026-06-24,000571,15,-0.0172684458398744,000070_2026-06-24,000070,5,0.030093533956893,-0.0473619797967674,0.0,1.0
T7_VS_LOSS,d1_open_to_close_return_raw,2026-06-24,2026-06,000571_2026-06-24,000571,15,-0.0172684458398744,002830_2026-06-24,002830,7,0.0114155251141552,-0.0286839709540296,0.0,1.0
T7_VS_LOSS,d1_open_to_close_return_raw,2026-06-24,2026-06,000571_2026-06-24,000571,15,-0.0172684458398744,600851_2026-06-24,600851,4,-0.0436018957345972,0.026333449894722798,1.0,0.0
T7_VS_LOSS,d1_open_to_close_return_raw,2026-06-24,2026-06,000571_2026-06-24,000571,15,-0.0172684458398744,601869_2026-06-24,601869,2,0.0390541024722321,-0.0563225483121065,0.0,1.0
T7_VS_LOSS,d1_open_to_close_return_raw,2026-06-24,2026-06,000571_2026-06-24,000571,15,-0.0172684458398744,605377_2026-06-24,605377,12,0.0054406964091404,-0.0227091422490148,0.0,1.0
T7_VS_LOSS,d1_open_to_close_return_raw,2026-06-24,2026-06,000571_2026-06-24,000571,15,-0.0172684458398744,605580_2026-06-24,605580,3,0.0780918727915194,-0.0953603186313938,0.0,1.0
T7_VS_LOSS,d1_open_to_close_return_raw,2026-06-24,2026-06,000783_2026-06-24,000783,11,-0.0273972602739726,000070_2026-06-24,000070,5,0.030093533956893,-0.0574907942308656,0.0,1.0
T7_VS_LOSS,d1_open_to_close_return_raw,2026-06-24,2026-06,000783_2026-06-24,000783,11,-0.0273972602739726,002830_2026-06-24,002830,7,0.0114155251141552,-0.0388127853881278,0.0,1.0
T7_VS_LOSS,d1_open_to_close_return_raw,2026-06-24,2026-06,000783_2026-06-24,000783,11,-0.0273972602739726,600851_2026-06-24,600851,4,-0.0436018957345972,0.016204635460624596,1.0,0.0
T7_VS_LOSS,d1_open_to_close_return_raw,2026-06-24,2026-06,000783_2026-06-24,000783,11,-0.0273972602739726,601869_2026-06-24,601869,2,0.0390541024722321,-0.0664513627462047,0.0,1.0
T7_VS_LOSS,d1_open_to_close_return_raw,2026-06-24,2026-06,000783_2026-06-24,000783,11,-0.0273972602739726,605377_2026-06-24,605377,12,0.0054406964091404,-0.032837956683113,0.0,1.0
T7_VS_LOSS,d1_open_to_close_return_raw,2026-06-24,2026-06,000783_2026-06-24,000783,11,-0.0273972602739726,605580_2026-06-24,605580,3,0.0780918727915194,-0.105489133065492,0.0,1.0
T7_VS_LOSS,d1_open_to_close_return_raw,2026-06-24,2026-06,600400_2026-06-24,600400,10,-0.0278637770897832,000070_2026-06-24,000070,5,0.030093533956893,-0.0579573110466762,0.0,1.0
T7_VS_LOSS,d1_open_to_close_return_raw,2026-06-24,2026-06,600400_2026-06-24,600400,10,-0.0278637770897832,002830_2026-06-24,002830,7,0.0114155251141552,-0.0392793022039384,0.0,1.0
T7_VS_LOSS,d1_open_to_close_return_raw,2026-06-24,2026-06,600400_2026-06-24,600400,10,-0.0278637770897832,600851_2026-06-24,600851,4,-0.0436018957345972,0.015738118644813996,1.0,0.0
T7_VS_LOSS,d1_open_to_close_return_raw,2026-06-24,2026-06,600400_2026-06-24,600400,10,-0.0278637770897832,601869_2026-06-24,601869,2,0.0390541024722321,-0.06691787956201531,0.0,1.0
T7_VS_LOSS,d1_open_to_close_return_raw,2026-06-24,2026-06,600400_2026-06-24,600400,10,-0.0278637770897832,605377_2026-06-24,605377,12,0.0054406964091404,-0.0333044734989236,0.0,1.0
T7_VS_LOSS,d1_open_to_close_return_raw,2026-06-24,2026-06,600400_2026-06-24,600400,10,-0.0278637770897832,605580_2026-06-24,605580,3,0.0780918727915194,-0.1059556498813026,0.0,1.0
T7_VS_LOSS,d1_open_to_close_return_raw,2026-06-25,2026-06,002687_2026-06-25,002687,9,-0.075050709939148,000566_2026-06-25,000566,7,-0.0213219616204691,-0.0537287483186789,0.0,1.0
T7_VS_LOSS,d1_open_to_close_return_raw,2026-06-25,2026-06,002687_2026-06-25,002687,9,-0.075050709939148,002580_2026-06-25,002580,3,-0.0273181993074258,-0.0477325106317222,0.0,1.0
T7_VS_LOSS,d1_open_to_close_return_raw,2026-06-25,2026-06,002687_2026-06-25,002687,9,-0.075050709939148,600379_2026-06-25,600379,1,0.0113333333333334,-0.0863840432724814,0.0,1.0
T7_VS_LOSS,d1_open_to_close_return_raw,2026-06-25,2026-06,600909_2026-06-25,600909,2,0.0050041701417848,000566_2026-06-25,000566,7,-0.0213219616204691,0.0263261317622539,1.0,0.0
T7_VS_LOSS,d1_open_to_close_return_raw,2026-06-25,2026-06,600909_2026-06-25,600909,2,0.0050041701417848,002580_2026-06-25,002580,3,-0.0273181993074258,0.0323223694492106,1.0,0.0
T7_VS_LOSS,d1_open_to_close_return_raw,2026-06-25,2026-06,600909_2026-06-25,600909,2,0.0050041701417848,600379_2026-06-25,600379,1,0.0113333333333334,-0.0063291631915486,0.0,1.0
T7_VS_LOSS,d1_open_to_close_return_raw,2026-06-25,2026-06,603938_2026-06-25,603938,4,-0.0614224137931033,000566_2026-06-25,000566,7,-0.0213219616204691,-0.0401004521726342,0.0,1.0
T7_VS_LOSS,d1_open_to_close_return_raw,2026-06-25,2026-06,603938_2026-06-25,603938,4,-0.0614224137931033,002580_2026-06-25,002580,3,-0.0273181993074258,-0.0341042144856775,0.0,1.0
T7_VS_LOSS,d1_open_to_close_return_raw,2026-06-25,2026-06,603938_2026-06-25,603938,4,-0.0614224137931033,600379_2026-06-25,600379,1,0.0113333333333334,-0.0727557471264367,0.0,1.0
T7_VS_LOSS,d1_open_to_close_return_raw,2026-06-25,2026-06,605069_2026-06-25,605069,5,0.0294117647058822,000566_2026-06-25,000566,7,-0.0213219616204691,0.0507337263263513,1.0,0.0
T7_VS_LOSS,d1_open_to_close_return_raw,2026-06-25,2026-06,605069_2026-06-25,605069,5,0.0294117647058822,002580_2026-06-25,002580,3,-0.0273181993074258,0.056729964013308,1.0,0.0
T7_VS_LOSS,d1_open_to_close_return_raw,2026-06-25,2026-06,605069_2026-06-25,605069,5,0.0294117647058822,600379_2026-06-25,600379,1,0.0113333333333334,0.0180784313725488,1.0,0.0
T7_VS_LOSS,d1_open_to_close_return_raw,2026-06-26,2026-06,000818_2026-06-26,000818,9,-0.1016077170418006,002080_2026-06-26,002080,7,0.0260531568442063,-0.12766087388600691,0.0,1.0
T7_VS_LOSS,d1_open_to_close_return_raw,2026-06-26,2026-06,000818_2026-06-26,000818,9,-0.1016077170418006,002254_2026-06-26,002254,12,-0.0579357351509248,-0.0436719818908758,0.0,1.0
T7_VS_LOSS,d1_open_to_close_return_raw,2026-06-26,2026-06,000818_2026-06-26,000818,9,-0.1016077170418006,600141_2026-06-26,600141,8,0.0608695652173911,-0.1624772822591917,0.0,1.0
T7_VS_LOSS,d1_open_to_close_return_raw,2026-06-26,2026-06,000818_2026-06-26,000818,9,-0.1016077170418006,603713_2026-06-26,603713,10,0.0136,-0.1152077170418006,0.0,1.0
T7_VS_LOSS,d1_open_to_close_return_raw,2026-06-26,2026-06,000818_2026-06-26,000818,9,-0.1016077170418006,603989_2026-06-26,603989,4,0.040118870728083,-0.14172658776988362,0.0,1.0
T7_VS_LOSS,d1_open_to_close_return_raw,2026-06-26,2026-06,002025_2026-06-26,002025,6,-0.0172250101722502,002080_2026-06-26,002080,7,0.0260531568442063,-0.043278167016456495,0.0,1.0
T7_VS_LOSS,d1_open_to_close_return_raw,2026-06-26,2026-06,002025_2026-06-26,002025,6,-0.0172250101722502,002254_2026-06-26,002254,12,-0.0579357351509248,0.0407107249786746,1.0,0.0
T7_VS_LOSS,d1_open_to_close_return_raw,2026-06-26,2026-06,002025_2026-06-26,002025,6,-0.0172250101722502,600141_2026-06-26,600141,8,0.0608695652173911,-0.07809457538964129,0.0,1.0
T7_VS_LOSS,d1_open_to_close_return_raw,2026-06-26,2026-06,002025_2026-06-26,002025,6,-0.0172250101722502,603713_2026-06-26,603713,10,0.0136,-0.0308250101722502,0.0,1.0
T7_VS_LOSS,d1_open_to_close_return_raw,2026-06-26,2026-06,002025_2026-06-26,002025,6,-0.0172250101722502,603989_2026-06-26,603989,4,0.040118870728083,-0.0573438809003332,0.0,1.0
T7_VS_LOSS,d1_open_to_close_return_raw,2026-06-26,2026-06,002990_2026-06-26,002990,3,0.0405424104054241,002080_2026-06-26,002080,7,0.0260531568442063,0.014489253561217798,1.0,0.0
T7_VS_LOSS,d1_open_to_close_return_raw,2026-06-26,2026-06,002990_2026-06-26,002990,3,0.0405424104054241,002254_2026-06-26,002254,12,-0.0579357351509248,0.0984781455563489,1.0,0.0
T7_VS_LOSS,d1_open_to_close_return_raw,2026-06-26,2026-06,002990_2026-06-26,002990,3,0.0405424104054241,600141_2026-06-26,600141,8,0.0608695652173911,-0.020327154811967,0.0,1.0
T7_VS_LOSS,d1_open_to_close_return_raw,2026-06-26,2026-06,002990_2026-06-26,002990,3,0.0405424104054241,603713_2026-06-26,603713,10,0.0136,0.026942410405424097,1.0,0.0
T7_VS_LOSS,d1_open_to_close_return_raw,2026-06-26,2026-06,002990_2026-06-26,002990,3,0.0405424104054241,603989_2026-06-26,603989,4,0.040118870728083,0.00042353967734110043,1.0,0.0
T7_VS_LOSS,d1_open_to_close_return_raw,2026-06-29,2026-06,000823_2026-06-29,000823,1,-0.0952214858737355,600228_2026-06-29,600228,4,-0.1415332771693344,0.0463117912955989,1.0,0.0
T7_VS_LOSS,d1_open_to_close_return_raw,2026-06-29,2026-06,002965_2026-06-29,002965,3,-0.0098,600228_2026-06-29,600228,4,-0.1415332771693344,0.1317332771693344,1.0,0.0
T7_VS_LOSS,d1_open_to_close_return_raw,2026-06-29,2026-06,600962_2026-06-29,600962,2,-0.0485245901639344,600228_2026-06-29,600228,4,-0.1415332771693344,0.09300868700539999,1.0,0.0
T7_VS_LOSS,d1_open_to_close_return_raw,2026-06-30,2026-06,603155_2026-06-30,603155,3,0.0744360902255638,601133_2026-06-30,601133,1,-0.00944669365722,0.0838827838827838,1.0,0.0
T7_VS_LOSS,d1_open_to_close_return_raw,2026-06-30,2026-06,603155_2026-06-30,603155,3,0.0744360902255638,603163_2026-06-30,603163,2,-0.0424836601307189,0.1169197503562827,1.0,0.0
T7_VS_LOSS,d1_open_to_close_return_raw,2026-07-01,2026-07,003043_2026-07-01,003043,1,0.0576731191378967,001237_2026-07-01,001237,3,-0.005301794453507314,0.06297491359140402,1.0,0.0
T7_VS_LOSS,d1_open_to_close_return_raw,2026-07-01,2026-07,003043_2026-07-01,003043,1,0.0576731191378967,002638_2026-07-01,002638,17,-0.009049773755656,0.06672289289355271,1.0,0.0
T7_VS_LOSS,d1_open_to_close_return_raw,2026-07-01,2026-07,003043_2026-07-01,003043,1,0.0576731191378967,600707_2026-07-01,600707,9,0.0555887627017332,0.0020843564361635036,1.0,0.0
T7_VS_LOSS,d1_open_to_close_return_raw,2026-07-01,2026-07,600378_2026-07-01,600378,6,0.0545501887775028,001237_2026-07-01,001237,3,-0.005301794453507314,0.05985198323101011,1.0,0.0
T7_VS_LOSS,d1_open_to_close_return_raw,2026-07-01,2026-07,600378_2026-07-01,600378,6,0.0545501887775028,002638_2026-07-01,002638,17,-0.009049773755656,0.0635999625331588,1.0,0.0
T7_VS_LOSS,d1_open_to_close_return_raw,2026-07-01,2026-07,600378_2026-07-01,600378,6,0.0545501887775028,600707_2026-07-01,600707,9,0.0555887627017332,-0.0010385739242304015,0.0,1.0
T7_VS_LOSS,d1_open_to_close_return_raw,2026-07-01,2026-07,603928_2026-07-01,603928,8,-0.1138461538461538,001237_2026-07-01,001237,3,-0.005301794453507314,-0.10854435939264649,0.0,1.0
T7_VS_LOSS,d1_open_to_close_return_raw,2026-07-01,2026-07,603928_2026-07-01,603928,8,-0.1138461538461538,002638_2026-07-01,002638,17,-0.009049773755656,-0.1047963800904978,0.0,1.0
T7_VS_LOSS,d1_open_to_close_return_raw,2026-07-01,2026-07,603928_2026-07-01,603928,8,-0.1138461538461538,600707_2026-07-01,600707,9,0.0555887627017332,-0.169434916547887,0.0,1.0
T7_VS_LOSS,d1_open_to_close_return_raw,2026-07-02,2026-07,002396_2026-07-02,002396,12,-0.000939408172851,001399_2026-07-02,001399,6,0.09571729464076761,-0.09665670281361861,0.0,1.0
T7_VS_LOSS,d1_open_to_close_return_raw,2026-07-02,2026-07,002396_2026-07-02,002396,12,-0.000939408172851,002273_2026-07-02,002273,11,-0.0244999999999999,0.0235605918271489,1.0,0.0
T7_VS_LOSS,d1_open_to_close_return_raw,2026-07-02,2026-07,002396_2026-07-02,002396,12,-0.000939408172851,002407_2026-07-02,002407,5,-0.0212462060346366,0.0203067978617856,1.0,0.0
T7_VS_LOSS,d1_open_to_close_return_raw,2026-07-02,2026-07,002396_2026-07-02,002396,12,-0.000939408172851,600113_2026-07-02,600113,9,-0.0095890410958904,0.0086496329230394,1.0,0.0
T7_VS_LOSS,d1_open_to_close_return_raw,2026-07-02,2026-07,002396_2026-07-02,002396,12,-0.000939408172851,603120_2026-07-02,603120,2,0.050643926209537,-0.051583334382388,0.0,1.0
T7_VS_LOSS,d1_open_to_close_return_raw,2026-07-02,2026-07,002396_2026-07-02,002396,12,-0.000939408172851,603212_2026-07-02,603212,18,-0.046268656716418,0.045329248543567,1.0,0.0
T7_VS_LOSS,d1_open_to_close_return_raw,2026-07-02,2026-07,002396_2026-07-02,002396,12,-0.000939408172851,603379_2026-07-02,603379,1,0.0294734245899617,-0.0304128327628127,0.0,1.0
T7_VS_LOSS,d1_open_to_close_return_raw,2026-07-02,2026-07,002747_2026-07-02,002747,14,-0.049287549637935,001399_2026-07-02,001399,6,0.09571729464076761,-0.1450048442787026,0.0,1.0
T7_VS_LOSS,d1_open_to_close_return_raw,2026-07-02,2026-07,002747_2026-07-02,002747,14,-0.049287549637935,002273_2026-07-02,002273,11,-0.0244999999999999,-0.024787549637935103,0.0,1.0
T7_VS_LOSS,d1_open_to_close_return_raw,2026-07-02,2026-07,002747_2026-07-02,002747,14,-0.049287549637935,002407_2026-07-02,002407,5,-0.0212462060346366,-0.028041343603298404,0.0,1.0
T7_VS_LOSS,d1_open_to_close_return_raw,2026-07-02,2026-07,002747_2026-07-02,002747,14,-0.049287549637935,600113_2026-07-02,600113,9,-0.0095890410958904,-0.039698508542044604,0.0,1.0
T7_VS_LOSS,d1_open_to_close_return_raw,2026-07-02,2026-07,002747_2026-07-02,002747,14,-0.049287549637935,603120_2026-07-02,603120,2,0.050643926209537,-0.099931475847472,0.0,1.0
T7_VS_LOSS,d1_open_to_close_return_raw,2026-07-02,2026-07,002747_2026-07-02,002747,14,-0.049287549637935,603212_2026-07-02,603212,18,-0.046268656716418,-0.0030188929215170038,0.0,1.0
T7_VS_LOSS,d1_open_to_close_return_raw,2026-07-02,2026-07,002747_2026-07-02,002747,14,-0.049287549637935,603379_2026-07-02,603379,1,0.0294734245899617,-0.0787609742278967,0.0,1.0
T7_VS_LOSS,d1_open_to_close_return_raw,2026-07-03,2026-07,603538_2026-07-03,603538,2,-0.0908877957367063,000536_2026-07-03,000536,10,-0.0339805825242718,-0.0569072132124345,0.0,1.0
T7_VS_LOSS,d1_open_to_close_return_raw,2026-07-03,2026-07,603538_2026-07-03,603538,2,-0.0908877957367063,002559_2026-07-03,002559,7,0.0028169014084507,-0.093704697145157,0.0,1.0
T7_VS_LOSS,d1_open_to_close_return_raw,2026-07-03,2026-07,603538_2026-07-03,603538,2,-0.0908877957367063,002971_2026-07-03,002971,3,-0.0297029702970296,-0.061184825439676696,0.0,1.0
T7_VS_LOSS,d1_open_to_close_return_raw,2026-07-03,2026-07,603538_2026-07-03,603538,2,-0.0908877957367063,600641_2026-07-03,600641,1,-0.0052345058626466,-0.08565328987405971,0.0,1.0
T7_VS_LOSS,d1_open_to_close_return_raw,2026-07-03,2026-07,603538_2026-07-03,603538,2,-0.0908877957367063,603505_2026-07-03,603505,5,-0.0828500414250207,-0.008037754311685602,0.0,1.0
T7_VS_LOSS,d1_open_to_close_return_raw,2026-07-03,2026-07,603538_2026-07-03,603538,2,-0.0908877957367063,605488_2026-07-03,605488,4,0.0424387328153019,-0.13332652855200822,0.0,1.0
T7_VS_LOSS,d1_open_to_close_return_raw,2026-07-06,2026-07,000506_2026-07-06,000506,5,-0.0288888888888889,000576_2026-07-06,000576,10,-0.0166240409207161,-0.012264847968172801,0.0,1.0
T7_VS_LOSS,d1_open_to_close_return_raw,2026-07-06,2026-07,000506_2026-07-06,000506,5,-0.0288888888888889,000595_2026-07-06,000595,11,0.0524590163934426,-0.0813479052823315,0.0,1.0
T7_VS_LOSS,d1_open_to_close_return_raw,2026-07-06,2026-07,000506_2026-07-06,000506,5,-0.0288888888888889,002979_2026-07-06,002979,1,-0.0230666666666666,-0.0058222222222223015,0.0,1.0
T7_VS_LOSS,d1_open_to_close_return_raw,2026-07-06,2026-07,000506_2026-07-06,000506,5,-0.0288888888888889,603286_2026-07-06,603286,2,-0.0414544177059547,0.012565528817065796,1.0,0.0
T7_VS_LOSS,d1_open_to_close_return_raw,2026-07-06,2026-07,000506_2026-07-06,000506,5,-0.0288888888888889,603559_2026-07-06,603559,12,-0.0929292929292929,0.06404040404040401,1.0,0.0
T7_VS_LOSS,d1_open_to_close_return_raw,2026-07-06,2026-07,000506_2026-07-06,000506,5,-0.0288888888888889,603717_2026-07-06,603717,13,-0.026685393258427,-0.002203495630461901,0.0,1.0
T7_VS_LOSS,d1_open_to_close_return_raw,2026-07-06,2026-07,000506_2026-07-06,000506,5,-0.0288888888888889,605189_2026-07-06,605189,8,-0.0900360144057622,0.0611471255168733,1.0,0.0
T7_VS_LOSS,d1_open_to_close_return_raw,2026-07-06,2026-07,001317_2026-07-06,001317,9,-0.0859719018662191,000576_2026-07-06,000576,10,-0.0166240409207161,-0.06934786094550299,0.0,1.0
T7_VS_LOSS,d1_open_to_close_return_raw,2026-07-06,2026-07,001317_2026-07-06,001317,9,-0.0859719018662191,000595_2026-07-06,000595,11,0.0524590163934426,-0.1384309182596617,0.0,1.0
T7_VS_LOSS,d1_open_to_close_return_raw,2026-07-06,2026-07,001317_2026-07-06,001317,9,-0.0859719018662191,002979_2026-07-06,002979,1,-0.0230666666666666,-0.0629052351995525,0.0,1.0
T7_VS_LOSS,d1_open_to_close_return_raw,2026-07-06,2026-07,001317_2026-07-06,001317,9,-0.0859719018662191,603286_2026-07-06,603286,2,-0.0414544177059547,-0.0445174841602644,0.0,1.0
T7_VS_LOSS,d1_open_to_close_return_raw,2026-07-06,2026-07,001317_2026-07-06,001317,9,-0.0859719018662191,603559_2026-07-06,603559,12,-0.0929292929292929,0.006957391063073803,1.0,0.0
T7_VS_LOSS,d1_open_to_close_return_raw,2026-07-06,2026-07,001317_2026-07-06,001317,9,-0.0859719018662191,603717_2026-07-06,603717,13,-0.026685393258427,-0.059286508607792096,0.0,1.0
T7_VS_LOSS,d1_open_to_close_return_raw,2026-07-06,2026-07,001317_2026-07-06,001317,9,-0.0859719018662191,605189_2026-07-06,605189,8,-0.0900360144057622,0.004064112539543099,1.0,0.0
T7_VS_LOSS,d1_open_to_close_return_raw,2026-07-06,2026-07,603580_2026-07-06,603580,4,0.0209650582362728,000576_2026-07-06,000576,10,-0.0166240409207161,0.0375890991569889,1.0,0.0
T7_VS_LOSS,d1_open_to_close_return_raw,2026-07-06,2026-07,603580_2026-07-06,603580,4,0.0209650582362728,000595_2026-07-06,000595,11,0.0524590163934426,-0.0314939581571698,0.0,1.0
T7_VS_LOSS,d1_open_to_close_return_raw,2026-07-06,2026-07,603580_2026-07-06,603580,4,0.0209650582362728,002979_2026-07-06,002979,1,-0.0230666666666666,0.0440317249029394,1.0,0.0
T7_VS_LOSS,d1_open_to_close_return_raw,2026-07-06,2026-07,603580_2026-07-06,603580,4,0.0209650582362728,603286_2026-07-06,603286,2,-0.0414544177059547,0.0624194759422275,1.0,0.0
T7_VS_LOSS,d1_open_to_close_return_raw,2026-07-06,2026-07,603580_2026-07-06,603580,4,0.0209650582362728,603559_2026-07-06,603559,12,-0.0929292929292929,0.1138943511655657,1.0,0.0
T7_VS_LOSS,d1_open_to_close_return_raw,2026-07-06,2026-07,603580_2026-07-06,603580,4,0.0209650582362728,603717_2026-07-06,603717,13,-0.026685393258427,0.047650451494699805,1.0,0.0
T7_VS_LOSS,d1_open_to_close_return_raw,2026-07-06,2026-07,603580_2026-07-06,603580,4,0.0209650582362728,605189_2026-07-06,605189,8,-0.0900360144057622,0.111001072642035,1.0,0.0
T7_VS_LOSS,d1_open_to_close_return_raw,2026-07-09,2026-07,001229_2026-07-09,001229,1,-0.0302836425677116,002951_2026-07-09,002951,4,-0.0383444917833231,0.008060849215611503,1.0,0.0
T7_VS_LOSS,d1_open_to_close_return_raw,2026-07-09,2026-07,001365_2026-07-09,001365,2,0.031597297886249764,002951_2026-07-09,002951,4,-0.0383444917833231,0.06994178966957287,1.0,0.0
T7_VS_LOSS,d1_open_to_close_return_raw,2026-07-10,2026-07,002490_2026-07-10,002490,4,0.0506155950752393,000977_2026-07-10,000977,1,-0.0269565217391304,0.07757211681436971,1.0,0.0
T7_VS_LOSS,d1_open_to_close_return_raw,2026-07-10,2026-07,002490_2026-07-10,002490,4,0.0506155950752393,603928_2026-07-10,603928,3,0.0829493087557604,-0.0323337136805211,0.0,1.0
T7_VS_LOSS,d1_open_to_close_return_raw,2026-07-16,2026-07,001388_2026-07-16,001388,1,-0.0067627168479857,002141_2026-07-16,002141,7,0.0207253886010363,-0.027488105449022002,0.0,1.0
T7_VS_LOSS,d1_open_to_close_return_raw,2026-07-16,2026-07,001388_2026-07-16,001388,1,-0.0067627168479857,600829_2026-07-16,600829,10,0.038961038961039,-0.0457237558090247,0.0,1.0
T7_VS_LOSS,d1_open_to_close_return_raw,2026-07-16,2026-07,001388_2026-07-16,001388,1,-0.0067627168479857,605189_2026-07-16,605189,6,0.0534045393858477,-0.0601672562338334,0.0,1.0
T7_VS_LOSS,d1_open_to_close_return_raw,2026-07-16,2026-07,001388_2026-07-16,001388,1,-0.0067627168479857,605255_2026-07-16,605255,2,-0.0324290998766954,0.0256663830287097,1.0,0.0
T7_VS_LOSS,d1_open_to_close_return_raw,2026-07-16,2026-07,002432_2026-07-16,002432,4,0.0237452011943695,002141_2026-07-16,002141,7,0.0207253886010363,0.0030198125933331987,1.0,0.0
T7_VS_LOSS,d1_open_to_close_return_raw,2026-07-16,2026-07,002432_2026-07-16,002432,4,0.0237452011943695,600829_2026-07-16,600829,10,0.038961038961039,-0.015215837766669502,0.0,1.0
T7_VS_LOSS,d1_open_to_close_return_raw,2026-07-16,2026-07,002432_2026-07-16,002432,4,0.0237452011943695,605189_2026-07-16,605189,6,0.0534045393858477,-0.0296593381914782,0.0,1.0
T7_VS_LOSS,d1_open_to_close_return_raw,2026-07-16,2026-07,002432_2026-07-16,002432,4,0.0237452011943695,605255_2026-07-16,605255,2,-0.0324290998766954,0.0561743010710649,1.0,0.0
T7_VS_LOSS,d1_open_to_close_return_raw,2026-07-16,2026-07,600227_2026-07-16,600227,12,-0.0671140939597315,002141_2026-07-16,002141,7,0.0207253886010363,-0.0878394825607678,0.0,1.0
T7_VS_LOSS,d1_open_to_close_return_raw,2026-07-16,2026-07,600227_2026-07-16,600227,12,-0.0671140939597315,600829_2026-07-16,600829,10,0.038961038961039,-0.1060751329207705,0.0,1.0
T7_VS_LOSS,d1_open_to_close_return_raw,2026-07-16,2026-07,600227_2026-07-16,600227,12,-0.0671140939597315,605189_2026-07-16,605189,6,0.0534045393858477,-0.1205186333455792,0.0,1.0
T7_VS_LOSS,d1_open_to_close_return_raw,2026-07-16,2026-07,600227_2026-07-16,600227,12,-0.0671140939597315,605255_2026-07-16,605255,2,-0.0324290998766954,-0.0346849940830361,0.0,1.0
T7_VS_LOSS,d1_open_to_close_return_raw,2026-07-16,2026-07,600746_2026-07-16,600746,5,-0.0176565008025683,002141_2026-07-16,002141,7,0.0207253886010363,-0.0383818894036046,0.0,1.0
T7_VS_LOSS,d1_open_to_close_return_raw,2026-07-16,2026-07,600746_2026-07-16,600746,5,-0.0176565008025683,600829_2026-07-16,600829,10,0.038961038961039,-0.0566175397636073,0.0,1.0
T7_VS_LOSS,d1_open_to_close_return_raw,2026-07-16,2026-07,600746_2026-07-16,600746,5,-0.0176565008025683,605189_2026-07-16,605189,6,0.0534045393858477,-0.071061040188416,0.0,1.0
T7_VS_LOSS,d1_open_to_close_return_raw,2026-07-16,2026-07,600746_2026-07-16,600746,5,-0.0176565008025683,605255_2026-07-16,605255,2,-0.0324290998766954,0.014772599074127101,1.0,0.0
T7_VS_LOSS,d1_open_to_close_return_raw,2026-07-16,2026-07,603137_2026-07-16,603137,8,0.0,002141_2026-07-16,002141,7,0.0207253886010363,-0.0207253886010363,0.0,1.0
T7_VS_LOSS,d1_open_to_close_return_raw,2026-07-16,2026-07,603137_2026-07-16,603137,8,0.0,600829_2026-07-16,600829,10,0.038961038961039,-0.038961038961039,0.0,1.0
T7_VS_LOSS,d1_open_to_close_return_raw,2026-07-16,2026-07,603137_2026-07-16,603137,8,0.0,605189_2026-07-16,605189,6,0.0534045393858477,-0.0534045393858477,0.0,1.0
T7_VS_LOSS,d1_open_to_close_return_raw,2026-07-16,2026-07,603137_2026-07-16,603137,8,0.0,605255_2026-07-16,605255,2,-0.0324290998766954,0.0324290998766954,1.0,0.0
T7_VS_LOSS,d1_open_to_close_return_raw,2026-07-20,2026-07,000676_2026-07-20,000676,4,-0.03206106870229,002632_2026-07-20,002632,2,0.0,-0.03206106870229,0.0,1.0
T7_VS_LOSS,d1_open_to_close_return_raw,2026-07-20,2026-07,000676_2026-07-20,000676,4,-0.03206106870229,002677_2026-07-20,002677,5,-0.1268292682926828,0.09476819959039279,1.0,0.0
T7_VS_LOSS,d1_open_to_close_return_raw,2026-07-20,2026-07,002829_2026-07-20,002829,1,0.0004997501249375,002632_2026-07-20,002632,2,0.0,0.0004997501249375,1.0,0.0
T7_VS_LOSS,d1_open_to_close_return_raw,2026-07-20,2026-07,002829_2026-07-20,002829,1,0.0004997501249375,002677_2026-07-20,002677,5,-0.1268292682926828,0.1273290184176203,1.0,0.0
T7_VS_LOSS,d1_open_to_close_return_raw,2026-07-20,2026-07,600162_2026-07-20,600162,6,-0.003623188405797,002632_2026-07-20,002632,2,0.0,-0.003623188405797,0.0,1.0
T7_VS_LOSS,d1_open_to_close_return_raw,2026-07-20,2026-07,600162_2026-07-20,600162,6,-0.003623188405797,002677_2026-07-20,002677,5,-0.1268292682926828,0.12320607988688578,1.0,0.0
T7_VS_LOSS,d1_open_to_close_return_raw,2026-07-20,2026-07,603567_2026-07-20,603567,3,0.0531135531135531,002632_2026-07-20,002632,2,0.0,0.0531135531135531,1.0,0.0
T7_VS_LOSS,d1_open_to_close_return_raw,2026-07-20,2026-07,603567_2026-07-20,603567,3,0.0531135531135531,002677_2026-07-20,002677,5,-0.1268292682926828,0.17994282140623588,1.0,0.0
T7_VS_LOSS,d1_open_to_close_return_raw,2026-07-24,2026-07,002412_2026-07-24,002412,8,-0.126847290640394,000603_2026-07-24,000603,1,0.0337640683618174,-0.16061135900221138,0.0,1.0
T7_VS_LOSS,d1_open_to_close_return_raw,2026-07-24,2026-07,002412_2026-07-24,002412,8,-0.126847290640394,600722_2026-07-24,600722,3,0.0196253345227475,-0.1464726251631415,0.0,1.0
T7_VS_LOSS,d1_open_to_close_return_raw,2026-07-24,2026-07,002900_2026-07-24,002900,6,-0.0578512396694214,000603_2026-07-24,000603,1,0.0337640683618174,-0.0916153080312388,0.0,1.0
T7_VS_LOSS,d1_open_to_close_return_raw,2026-07-24,2026-07,002900_2026-07-24,002900,6,-0.0578512396694214,600722_2026-07-24,600722,3,0.0196253345227475,-0.0774765741921689,0.0,1.0
T7_VS_LOSS,d1_open_to_close_return_raw,2026-07-24,2026-07,600396_2026-07-24,600396,5,-0.0722361809045226,000603_2026-07-24,000603,1,0.0337640683618174,-0.10600024926634,0.0,1.0
T7_VS_LOSS,d1_open_to_close_return_raw,2026-07-24,2026-07,600396_2026-07-24,600396,5,-0.0722361809045226,600722_2026-07-24,600722,3,0.0196253345227475,-0.09186151542727011,0.0,1.0
T7_VS_LOSS,d1_open_to_close_return_raw,2026-07-24,2026-07,603988_2026-07-24,603988,7,-0.0639269406392695,000603_2026-07-24,000603,1,0.0337640683618174,-0.0976910090010869,0.0,1.0
T7_VS_LOSS,d1_open_to_close_return_raw,2026-07-24,2026-07,603988_2026-07-24,603988,7,-0.0639269406392695,600722_2026-07-24,600722,3,0.0196253345227475,-0.08355227516201699,0.0,1.0
T7_VS_LOSS,d1_open_to_close_return_raw,2026-07-24,2026-07,605162_2026-07-24,605162,4,-0.0011560693641617,000603_2026-07-24,000603,1,0.0337640683618174,-0.0349201377259791,0.0,1.0
T7_VS_LOSS,d1_open_to_close_return_raw,2026-07-24,2026-07,605162_2026-07-24,605162,4,-0.0011560693641617,600722_2026-07-24,600722,3,0.0196253345227475,-0.0207814038869092,0.0,1.0
T7_VS_LOSS,d1_open_to_close_return_raw,2026-07-27,2026-07,000668_2026-07-27,000668,1,0.0764006791171476,000011_2026-07-27,000011,9,-0.0286054827175208,0.1050061618346684,1.0,0.0
T7_VS_LOSS,d1_open_to_close_return_raw,2026-07-27,2026-07,000668_2026-07-27,000668,1,0.0764006791171476,000595_2026-07-27,000595,11,0.0769230769230768,-0.0005223978059292061,0.0,1.0
T7_VS_LOSS,d1_open_to_close_return_raw,2026-07-27,2026-07,000668_2026-07-27,000668,1,0.0764006791171476,002218_2026-07-27,002218,10,0.0927835051546392,-0.01638282603749161,0.0,1.0
T7_VS_LOSS,d1_open_to_close_return_raw,2026-07-27,2026-07,000668_2026-07-27,000668,1,0.0764006791171476,600698_2026-07-27,600698,8,0.0892307692307692,-0.0128300901136216,0.0,1.0
T7_VS_LOSS,d1_open_to_close_return_raw,2026-07-27,2026-07,002199_2026-07-27,002199,3,-0.0627118644067796,000011_2026-07-27,000011,9,-0.0286054827175208,-0.0341063816892588,0.0,1.0
T7_VS_LOSS,d1_open_to_close_return_raw,2026-07-27,2026-07,002199_2026-07-27,002199,3,-0.0627118644067796,000595_2026-07-27,000595,11,0.0769230769230768,-0.1396349413298564,0.0,1.0
T7_VS_LOSS,d1_open_to_close_return_raw,2026-07-27,2026-07,002199_2026-07-27,002199,3,-0.0627118644067796,002218_2026-07-27,002218,10,0.0927835051546392,-0.1554953695614188,0.0,1.0
T7_VS_LOSS,d1_open_to_close_return_raw,2026-07-27,2026-07,002199_2026-07-27,002199,3,-0.0627118644067796,600698_2026-07-27,600698,8,0.0892307692307692,-0.15194263363754879,0.0,1.0
T7_VS_LOSS,d1_open_to_close_return_raw,2026-07-28,2026-07,601606_2026-07-28,601606,1,-0.1053333333333333,603690_2026-07-28,603690,2,-0.0500548045305079,-0.055278528802825404,0.0,1.0
T7_VS_LOSS,d1_open_to_close_return_raw,2026-07-29,2026-07,000566_2026-07-29,000566,5,-0.0525394045534149,002310_2026-07-29,002310,7,-0.011320754716981,-0.041218649836433904,0.0,1.0
T7_VS_LOSS,d1_open_to_close_return_raw,2026-07-29,2026-07,000566_2026-07-29,000566,5,-0.0525394045534149,002388_2026-07-29,002388,10,-0.0198412698412697,-0.0326981347121452,0.0,1.0
T7_VS_LOSS,d1_open_to_close_return_raw,2026-07-29,2026-07,000566_2026-07-29,000566,5,-0.0525394045534149,603358_2026-07-29,603358,3,-0.0313146997929606,-0.0212247047604543,0.0,1.0
T7_VS_LOSS,d1_open_to_close_return_raw,2026-07-29,2026-07,000566_2026-07-29,000566,5,-0.0525394045534149,603389_2026-07-29,603389,1,-0.0724879883016502,0.019948583748235292,1.0,0.0
