event_id,code,signal_date,month,d0_date,d1_date,d2_date,d3_date,label_available_date,board_group,candidate_count,s2_score,s2_rank,target7,positive_non_target,loss,severe_loss,raw_repair_return,capped_return_7,d1_afternoon_return,provenance__d1_afternoon_return,source_path__d1_afternoon_return,d1_open_to_close_return_raw,provenance__d1_open_to_close_return_raw,source_path__d1_open_to_close_return_raw,d1_close_to_vwap_raw,provenance__d1_close_to_vwap_raw,source_path__d1_close_to_vwap_raw,d1_low_to_close_recovery,provenance__d1_low_to_close_recovery,source_path__d1_low_to_close_recovery
002192_2026-05-06,002192,2026-05-06,2026-05,2026-04-30,2026-05-06,2026-05-07,2026-05-08,2026-05-08,BOARD2,6,0.4383692652682592,1,0,0,1,0,-0.0226659471128,-0.0226659471128,0.0121995630007283,ARCHIVED_PAIRWISE_V002_53F,reports/research/v004c_pairwise_v1_feature_contract_v002_20260506_20260630/v004c_pairwise_v1_input_table_v002.csv,-0.0332173913043477,ARCHIVED_PAIRWISE_V002_53F,reports/research/v004c_pairwise_v1_feature_contract_v002_20260506_20260630/v004c_pairwise_v1_input_table_v002.csv,0.0045800566167621,ARCHIVED_PAIRWISE_V002_53F,reports/research/v004c_pairwise_v1_feature_contract_v002_20260506_20260630/v004c_pairwise_v1_input_table_v002.csv,0.0324078373107996,ARCHIVED_PAIRWISE_V002_53F,reports/research/v004c_pairwise_v1_feature_contract_v002_20260506_20260630/v004c_pairwise_v1_input_table_v002.csv
605099_2026-05-06,605099,2026-05-06,2026-05,2026-04-30,2026-05-06,2026-05-07,2026-05-08,2026-05-08,BOARD2,6,0.431917396637219,2,0,1,0,0,0.065124771759,0.065124771759,-0.0127540852929454,ARCHIVED_PAIRWISE_V002_53F,reports/research/v004c_pairwise_v1_feature_contract_v002_20260506_20260630/v004c_pairwise_v1_input_table_v002.csv,0.0231309376290789,ARCHIVED_PAIRWISE_V002_53F,reports/research/v004c_pairwise_v1_feature_contract_v002_20260506_20260630/v004c_pairwise_v1_input_table_v002.csv,0.0014648831060568,ARCHIVED_PAIRWISE_V002_53F,reports/research/v004c_pairwise_v1_feature_contract_v002_20260506_20260630/v004c_pairwise_v1_input_table_v002.csv,0.0469146238377007,ARCHIVED_PAIRWISE_V002_53F,reports/research/v004c_pairwise_v1_feature_contract_v002_20260506_20260630/v004c_pairwise_v1_input_table_v002.csv
600714_2026-05-06,600714,2026-05-06,2026-05,2026-04-30,2026-05-06,2026-05-07,2026-05-08,2026-05-08,BOARD2,6,0.42092012144071295,3,1,0,0,0,0.0974813432836,0.07,-0.0055096418732782,ARCHIVED_PAIRWISE_V002_53F,reports/research/v004c_pairwise_v1_feature_contract_v002_20260506_20260630/v004c_pairwise_v1_input_table_v002.csv,-0.0199095022624434,ARCHIVED_PAIRWISE_V002_53F,reports/research/v004c_pairwise_v1_feature_contract_v002_20260506_20260630/v004c_pairwise_v1_input_table_v002.csv,-0.0005332380711257,ARCHIVED_PAIRWISE_V002_53F,reports/research/v004c_pairwise_v1_feature_contract_v002_20260506_20260630/v004c_pairwise_v1_input_table_v002.csv,0.0197740112994351,ARCHIVED_PAIRWISE_V002_53F,reports/research/v004c_pairwise_v1_feature_contract_v002_20260506_20260630/v004c_pairwise_v1_input_table_v002.csv
002842_2026-05-06,002842,2026-05-06,2026-05,2026-04-30,2026-05-06,2026-05-07,2026-05-08,2026-05-08,BOARD2,6,0.41969616432942675,4,0,0,1,0,-0.0149367088608,-0.0149367088608,0.0149523072956947,ARCHIVED_PAIRWISE_V002_53F,reports/research/v004c_pairwise_v1_feature_contract_v002_20260506_20260630/v004c_pairwise_v1_input_table_v002.csv,0.0087112477581345,ARCHIVED_PAIRWISE_V002_53F,reports/research/v004c_pairwise_v1_feature_contract_v002_20260506_20260630/v004c_pairwise_v1_input_table_v002.csv,0.0179664490217998,ARCHIVED_PAIRWISE_V002_53F,reports/research/v004c_pairwise_v1_feature_contract_v002_20260506_20260630/v004c_pairwise_v1_input_table_v002.csv,0.0412589262099972,ARCHIVED_PAIRWISE_V002_53F,reports/research/v004c_pairwise_v1_feature_contract_v002_20260506_20260630/v004c_pairwise_v1_input_table_v002.csv
002645_2026-05-06,002645,2026-05-06,2026-05,2026-04-30,2026-05-06,2026-05-07,2026-05-08,2026-05-08,BOARD2,6,0.4123659981767509,5,0,1,0,0,0.051467784979,0.051467784979,0.0007742934572203,ARCHIVED_PAIRWISE_V002_53F,reports/research/v004c_pairwise_v1_feature_contract_v002_20260506_20260630/v004c_pairwise_v1_input_table_v002.csv,-0.0057692307692307,ARCHIVED_PAIRWISE_V002_53F,reports/research/v004c_pairwise_v1_feature_contract_v002_20260506_20260630/v004c_pairwise_v1_input_table_v002.csv,-0.0044680058774009,ARCHIVED_PAIRWISE_V002_53F,reports/research/v004c_pairwise_v1_feature_contract_v002_20260506_20260630/v004c_pairwise_v1_input_table_v002.csv,0.0125342734038386,ARCHIVED_PAIRWISE_V002_53F,reports/research/v004c_pairwise_v1_feature_contract_v002_20260506_20260630/v004c_pairwise_v1_input_table_v002.csv
000980_2026-05-06,000980,2026-05-06,2026-05,2026-04-30,2026-05-06,2026-05-07,2026-05-08,2026-05-08,BOARD2,6,0.41027929391593315,6,0,1,0,0,0.0666666666667,0.0666666666667,0.0039840637450199,ARCHIVED_PAIRWISE_V002_53F,reports/research/v004c_pairwise_v1_feature_contract_v002_20260506_20260630/v004c_pairwise_v1_input_table_v002.csv,-0.0117647058823529,ARCHIVED_PAIRWISE_V002_53F,reports/research/v004c_pairwise_v1_feature_contract_v002_20260506_20260630/v004c_pairwise_v1_input_table_v002.csv,-0.0137729785404355,ARCHIVED_PAIRWISE_V002_53F,reports/research/v004c_pairwise_v1_feature_contract_v002_20260506_20260630/v004c_pairwise_v1_input_table_v002.csv,0.008,ARCHIVED_PAIRWISE_V002_53F,reports/research/v004c_pairwise_v1_feature_contract_v002_20260506_20260630/v004c_pairwise_v1_input_table_v002.csv
002158_2026-05-07,002158,2026-05-07,2026-05,2026-05-06,2026-05-07,2026-05-08,2026-05-11,2026-05-11,BOARD2,12,0.43569044108808547,1,1,0,0,0,0.0802274162982,0.07,-0.0132716049382716,ARCHIVED_PAIRWISE_V002_53F,reports/research/v004c_pairwise_v1_feature_contract_v002_20260506_20260630/v004c_pairwise_v1_input_table_v002.csv,0.0420469361147326,ARCHIVED_PAIRWISE_V002_53F,reports/research/v004c_pairwise_v1_feature_contract_v002_20260506_20260630/v004c_pairwise_v1_input_table_v002.csv,0.0016472907780531,ARCHIVED_PAIRWISE_V002_53F,reports/research/v004c_pairwise_v1_feature_contract_v002_20260506_20260630/v004c_pairwise_v1_input_table_v002.csv,0.0603648424543947,ARCHIVED_PAIRWISE_V002_53F,reports/research/v004c_pairwise_v1_feature_contract_v002_20260506_20260630/v004c_pairwise_v1_input_table_v002.csv
001316_2026-05-07,001316,2026-05-07,2026-05,2026-05-06,2026-05-07,2026-05-08,2026-05-11,2026-05-11,BOARD2,12,0.4334171601939215,2,1,0,0,0,0.0725493504302,0.07,-0.0134890607007731,ARCHIVED_PAIRWISE_V002_53F,reports/research/v004c_pairwise_v1_feature_contract_v002_20260506_20260630/v004c_pairwise_v1_input_table_v002.csv,0.0586054721977051,ARCHIVED_PAIRWISE_V002_53F,reports/research/v004c_pairwise_v1_feature_contract_v002_20260506_20260630/v004c_pairwise_v1_input_table_v002.csv,0.0245326457409746,ARCHIVED_PAIRWISE_V002_53F,reports/research/v004c_pairwise_v1_feature_contract_v002_20260506_20260630/v004c_pairwise_v1_input_table_v002.csv,0.0784031648983995,ARCHIVED_PAIRWISE_V002_53F,reports/research/v004c_pairwise_v1_feature_contract_v002_20260506_20260630/v004c_pairwise_v1_input_table_v002.csv
002149_2026-05-07,002149,2026-05-07,2026-05,2026-05-06,2026-05-07,2026-05-08,2026-05-11,2026-05-11,BOARD2,12,0.4330573934488301,3,0,1,0,0,0.0508381423468,0.0508381423468,-0.011437029063509,ARCHIVED_PAIRWISE_V002_53F,reports/research/v004c_pairwise_v1_feature_contract_v002_20260506_20260630/v004c_pairwise_v1_input_table_v002.csv,0.034788732394366,ARCHIVED_PAIRWISE_V002_53F,reports/research/v004c_pairwise_v1_feature_contract_v002_20260506_20260630/v004c_pairwise_v1_input_table_v002.csv,0.0149636846934635,ARCHIVED_PAIRWISE_V002_53F,reports/research/v004c_pairwise_v1_feature_contract_v002_20260506_20260630/v004c_pairwise_v1_input_table_v002.csv,0.0450924608819345,ARCHIVED_PAIRWISE_V002_53F,reports/research/v004c_pairwise_v1_feature_contract_v002_20260506_20260630/v004c_pairwise_v1_input_table_v002.csv
002805_2026-05-07,002805,2026-05-07,2026-05,2026-05-06,2026-05-07,2026-05-08,2026-05-11,2026-05-11,BOARD3,12,0.42983869332992813,4,0,1,0,0,0.0415657788539,0.0415657788539,-0.0008149959250203,ARCHIVED_PAIRWISE_V002_53F,reports/research/v004c_pairwise_v1_feature_contract_v002_20260506_20260630/v004c_pairwise_v1_input_table_v002.csv,-0.0250497017892643,ARCHIVED_PAIRWISE_V002_53F,reports/research/v004c_pairwise_v1_feature_contract_v002_20260506_20260630/v004c_pairwise_v1_input_table_v002.csv,-0.0250493764597731,ARCHIVED_PAIRWISE_V002_53F,reports/research/v004c_pairwise_v1_feature_contract_v002_20260506_20260630/v004c_pairwise_v1_input_table_v002.csv,0.0186954715413377,ARCHIVED_PAIRWISE_V002_53F,reports/research/v004c_pairwise_v1_feature_contract_v002_20260506_20260630/v004c_pairwise_v1_input_table_v002.csv
002989_2026-05-07,002989,2026-05-07,2026-05,2026-05-06,2026-05-07,2026-05-08,2026-05-11,2026-05-11,BOARD2,12,0.42846655774037734,5,0,1,0,0,0.0650887573964,0.0650887573964,-0.0061842918985777,ARCHIVED_PAIRWISE_V002_53F,reports/research/v004c_pairwise_v1_feature_contract_v002_20260506_20260630/v004c_pairwise_v1_input_table_v002.csv,0.0301282051282052,ARCHIVED_PAIRWISE_V002_53F,reports/research/v004c_pairwise_v1_feature_contract_v002_20260506_20260630/v004c_pairwise_v1_input_table_v002.csv,-0.0054367260475843,ARCHIVED_PAIRWISE_V002_53F,reports/research/v004c_pairwise_v1_feature_contract_v002_20260506_20260630/v004c_pairwise_v1_input_table_v002.csv,0.0510137344669719,ARCHIVED_PAIRWISE_V002_53F,reports/research/v004c_pairwise_v1_feature_contract_v002_20260506_20260630/v004c_pairwise_v1_input_table_v002.csv
002181_2026-05-07,002181,2026-05-07,2026-05,2026-05-06,2026-05-07,2026-05-08,2026-05-11,2026-05-11,BOARD2,12,0.42217929624114,6,0,1,0,0,0.0322580645161,0.0322580645161,-0.0300518134715026,ARCHIVED_PAIRWISE_V002_53F,reports/research/v004c_pairwise_v1_feature_contract_v002_20260506_20260630/v004c_pairwise_v1_input_table_v002.csv,0.0285714285714284,ARCHIVED_PAIRWISE_V002_53F,reports/research/v004c_pairwise_v1_feature_contract_v002_20260506_20260630/v004c_pairwise_v1_input_table_v002.csv,0.0062501395636425,ARCHIVED_PAIRWISE_V002_53F,reports/research/v004c_pairwise_v1_feature_contract_v002_20260506_20260630/v004c_pairwise_v1_input_table_v002.csv,0.0510948905109489,ARCHIVED_PAIRWISE_V002_53F,reports/research/v004c_pairwise_v1_feature_contract_v002_20260506_20260630/v004c_pairwise_v1_input_table_v002.csv
603937_2026-05-07,603937,2026-05-07,2026-05,2026-05-06,2026-05-07,2026-05-08,2026-05-11,2026-05-11,BOARD3,12,0.42075797554834604,7,1,0,0,0,0.102715466352,0.07,-0.0277620396600565,ARCHIVED_PAIRWISE_V002_53F,reports/research/v004c_pairwise_v1_feature_contract_v002_20260506_20260630/v004c_pairwise_v1_input_table_v002.csv,-0.0029052876234747,ARCHIVED_PAIRWISE_V002_53F,reports/research/v004c_pairwise_v1_feature_contract_v002_20260506_20260630/v004c_pairwise_v1_input_table_v002.csv,-0.0192003678692538,ARCHIVED_PAIRWISE_V002_53F,reports/research/v004c_pairwise_v1_feature_contract_v002_20260506_20260630/v004c_pairwise_v1_input_table_v002.csv,0.0806045340050377,ARCHIVED_PAIRWISE_V002_53F,reports/research/v004c_pairwise_v1_feature_contract_v002_20260506_20260630/v004c_pairwise_v1_input_table_v002.csv
002453_2026-05-07,002453,2026-05-07,2026-05,2026-05-06,2026-05-07,2026-05-08,2026-05-11,2026-05-11,BOARD2,12,0.41840773234677275,8,1,0,0,0,0.0826446280992,0.07,0.0175438596491228,ARCHIVED_PAIRWISE_V002_53F,reports/research/v004c_pairwise_v1_feature_contract_v002_20260506_20260630/v004c_pairwise_v1_input_table_v002.csv,0.0240770465489565,ARCHIVED_PAIRWISE_V002_53F,reports/research/v004c_pairwise_v1_feature_contract_v002_20260506_20260630/v004c_pairwise_v1_input_table_v002.csv,0.0217031491275243,ARCHIVED_PAIRWISE_V002_53F,reports/research/v004c_pairwise_v1_feature_contract_v002_20260506_20260630/v004c_pairwise_v1_input_table_v002.csv,0.0528052805280528,ARCHIVED_PAIRWISE_V002_53F,reports/research/v004c_pairwise_v1_feature_contract_v002_20260506_20260630/v004c_pairwise_v1_input_table_v002.csv
002640_2026-05-07,002640,2026-05-07,2026-05,2026-05-06,2026-05-07,2026-05-08,2026-05-11,2026-05-11,BOARD2,12,0.4098364855473312,9,1,0,0,0,0.123762376238,0.07,-0.0048426150121064,ARCHIVED_PAIRWISE_V002_53F,reports/research/v004c_pairwise_v1_feature_contract_v002_20260506_20260630/v004c_pairwise_v1_input_table_v002.csv,0.0223880597014927,ARCHIVED_PAIRWISE_V002_53F,reports/research/v004c_pairwise_v1_feature_contract_v002_20260506_20260630/v004c_pairwise_v1_input_table_v002.csv,-0.0013104008531495,ARCHIVED_PAIRWISE_V002_53F,reports/research/v004c_pairwise_v1_feature_contract_v002_20260506_20260630/v004c_pairwise_v1_input_table_v002.csv,0.035264483627204,ARCHIVED_PAIRWISE_V002_53F,reports/research/v004c_pairwise_v1_feature_contract_v002_20260506_20260630/v004c_pairwise_v1_input_table_v002.csv
000783_2026-05-07,000783,2026-05-07,2026-05,2026-05-06,2026-05-07,2026-05-08,2026-05-11,2026-05-11,BOARD2,12,0.40756874998297893,10,1,0,0,0,0.0852340936375,0.07,0.0121359223300969,ARCHIVED_PAIRWISE_V002_53F,reports/research/v004c_pairwise_v1_feature_contract_v002_20260506_20260630/v004c_pairwise_v1_input_table_v002.csv,-0.0565610859728507,ARCHIVED_PAIRWISE_V002_53F,reports/research/v004c_pairwise_v1_feature_contract_v002_20260506_20260630/v004c_pairwise_v1_input_table_v002.csv,-0.0032706809814124,ARCHIVED_PAIRWISE_V002_53F,reports/research/v004c_pairwise_v1_feature_contract_v002_20260506_20260630/v004c_pairwise_v1_input_table_v002.csv,0.0183150183150183,ARCHIVED_PAIRWISE_V002_53F,reports/research/v004c_pairwise_v1_feature_contract_v002_20260506_20260630/v004c_pairwise_v1_input_table_v002.csv
000402_2026-05-07,000402,2026-05-07,2026-05,2026-05-06,2026-05-07,2026-05-08,2026-05-11,2026-05-11,BOARD3,12,0.4035110950223204,11,0,1,0,0,0.018018018018,0.018018018018,-0.0059347181008901,ARCHIVED_PAIRWISE_V002_53F,reports/research/v004c_pairwise_v1_feature_contract_v002_20260506_20260630/v004c_pairwise_v1_input_table_v002.csv,-0.0233236151603498,ARCHIVED_PAIRWISE_V002_53F,reports/research/v004c_pairwise_v1_feature_contract_v002_20260506_20260630/v004c_pairwise_v1_input_table_v002.csv,-0.0076734028488223,ARCHIVED_PAIRWISE_V002_53F,reports/research/v004c_pairwise_v1_feature_contract_v002_20260506_20260630/v004c_pairwise_v1_input_table_v002.csv,0.0120845921450151,ARCHIVED_PAIRWISE_V002_53F,reports/research/v004c_pairwise_v1_feature_contract_v002_20260506_20260630/v004c_pairwise_v1_input_table_v002.csv
000553_2026-05-07,000553,2026-05-07,2026-05,2026-05-06,2026-05-07,2026-05-08,2026-05-11,2026-05-11,BOARD2,12,0.39900591151414655,12,0,1,0,0,0.0,0.0,0.0082530949105914,ARCHIVED_PAIRWISE_V002_53F,reports/research/v004c_pairwise_v1_feature_contract_v002_20260506_20260630/v004c_pairwise_v1_input_table_v002.csv,-0.0239680426098535,ARCHIVED_PAIRWISE_V002_53F,reports/research/v004c_pairwise_v1_feature_contract_v002_20260506_20260630/v004c_pairwise_v1_input_table_v002.csv,-0.0033904026562701,ARCHIVED_PAIRWISE_V002_53F,reports/research/v004c_pairwise_v1_feature_contract_v002_20260506_20260630/v004c_pairwise_v1_input_table_v002.csv,0.0138312586445366,ARCHIVED_PAIRWISE_V002_53F,reports/research/v004c_pairwise_v1_feature_contract_v002_20260506_20260630/v004c_pairwise_v1_input_table_v002.csv
603256_2026-05-08,603256,2026-05-08,2026-05,2026-05-07,2026-05-08,2026-05-11,2026-05-12,2026-05-12,BOARD2,13,0.4430568039293728,1,0,1,0,0,0.0207530588792,0.0207530588792,0.0092881355932203,ARCHIVED_PAIRWISE_V002_53F,reports/research/v004c_pairwise_v1_feature_contract_v002_20260506_20260630/v004c_pairwise_v1_input_table_v002.csv,0.0268312870740792,ARCHIVED_PAIRWISE_V002_53F,reports/research/v004c_pairwise_v1_feature_contract_v002_20260506_20260630/v004c_pairwise_v1_input_table_v002.csv,0.0097725466816442,ARCHIVED_PAIRWISE_V002_53F,reports/research/v004c_pairwise_v1_feature_contract_v002_20260506_20260630/v004c_pairwise_v1_input_table_v002.csv,0.0633571428571428,ARCHIVED_PAIRWISE_V002_53F,reports/research/v004c_pairwise_v1_feature_contract_v002_20260506_20260630/v004c_pairwise_v1_input_table_v002.csv
002903_2026-05-08,002903,2026-05-08,2026-05,2026-05-07,2026-05-08,2026-05-11,2026-05-12,2026-05-12,BOARD2,13,0.4375205604329957,2,1,0,0,0,0.097699890471,0.07,-0.0207100591715975,ARCHIVED_PAIRWISE_V002_53F,reports/research/v004c_pairwise_v1_feature_contract_v002_20260506_20260630/v004c_pairwise_v1_input_table_v002.csv,0.0089266274765948,ARCHIVED_PAIRWISE_V002_53F,reports/research/v004c_pairwise_v1_feature_contract_v002_20260506_20260630/v004c_pairwise_v1_input_table_v002.csv,-0.0097923429185907,ARCHIVED_PAIRWISE_V002_53F,reports/research/v004c_pairwise_v1_feature_contract_v002_20260506_20260630/v004c_pairwise_v1_input_table_v002.csv,0.0531818181818182,ARCHIVED_PAIRWISE_V002_53F,reports/research/v004c_pairwise_v1_feature_contract_v002_20260506_20260630/v004c_pairwise_v1_input_table_v002.csv
003041_2026-05-08,003041,2026-05-08,2026-05,2026-05-07,2026-05-08,2026-05-11,2026-05-12,2026-05-12,BOARD2,13,0.4259896388568537,3,1,0,0,0,0.105230386052,0.07,-0.0125921375921377,ARCHIVED_PAIRWISE_V002_53F,reports/research/v004c_pairwise_v1_feature_contract_v002_20260506_20260630/v004c_pairwise_v1_input_table_v002.csv,0.0014016508332035,ARCHIVED_PAIRWISE_V002_53F,reports/research/v004c_pairwise_v1_feature_contract_v002_20260506_20260630/v004c_pairwise_v1_input_table_v002.csv,-0.0081522082196581,ARCHIVED_PAIRWISE_V002_53F,reports/research/v004c_pairwise_v1_feature_contract_v002_20260506_20260630/v004c_pairwise_v1_input_table_v002.csv,0.0159582872491704,ARCHIVED_PAIRWISE_V002_53F,reports/research/v004c_pairwise_v1_feature_contract_v002_20260506_20260630/v004c_pairwise_v1_input_table_v002.csv
000066_2026-05-08,000066,2026-05-08,2026-05,2026-05-07,2026-05-08,2026-05-11,2026-05-12,2026-05-12,BOARD3,13,0.4253460333351394,4,0,1,0,0,0.0497553017945,0.0497553017945,-0.0090128755364806,ARCHIVED_PAIRWISE_V002_53F,reports/research/v004c_pairwise_v1_feature_contract_v002_20260506_20260630/v004c_pairwise_v1_input_table_v002.csv,-0.0290159798149706,ARCHIVED_PAIRWISE_V002_53F,reports/research/v004c_pairwise_v1_feature_contract_v002_20260506_20260630/v004c_pairwise_v1_input_table_v002.csv,-0.0121948712744158,ARCHIVED_PAIRWISE_V002_53F,reports/research/v004c_pairwise_v1_feature_contract_v002_20260506_20260630/v004c_pairwise_v1_input_table_v002.csv,0.0180776014109347,ARCHIVED_PAIRWISE_V002_53F,reports/research/v004c_pairwise_v1_feature_contract_v002_20260506_20260630/v004c_pairwise_v1_input_table_v002.csv
000818_2026-05-08,000818,2026-05-08,2026-05,2026-05-07,2026-05-08,2026-05-11,2026-05-12,2026-05-12,BOARD2,13,0.4236255623518562,5,0,0,1,0,-0.0189291508924,-0.0189291508924,-0.0151753008895865,ARCHIVED_PAIRWISE_V002_53F,reports/research/v004c_pairwise_v1_feature_contract_v002_20260506_20260630/v004c_pairwise_v1_input_table_v002.csv,-0.0094736842105263,ARCHIVED_PAIRWISE_V002_53F,reports/research/v004c_pairwise_v1_feature_contract_v002_20260506_20260630/v004c_pairwise_v1_input_table_v002.csv,-0.0158189633626658,ARCHIVED_PAIRWISE_V002_53F,reports/research/v004c_pairwise_v1_feature_contract_v002_20260506_20260630/v004c_pairwise_v1_input_table_v002.csv,0.0074946466809422,ARCHIVED_PAIRWISE_V002_53F,reports/research/v004c_pairwise_v1_feature_contract_v002_20260506_20260630/v004c_pairwise_v1_input_table_v002.csv
603316_2026-05-08,603316,2026-05-08,2026-05,2026-05-07,2026-05-08,2026-05-11,2026-05-12,2026-05-12,BOARD2,13,0.4234776254490083,6,0,0,1,0,-0.0342396777442,-0.0342396777442,0.0026178010471202,ARCHIVED_PAIRWISE_V002_53F,reports/research/v004c_pairwise_v1_feature_contract_v002_20260506_20260630/v004c_pairwise_v1_input_table_v002.csv,0.0191591271953166,ARCHIVED_PAIRWISE_V002_53F,reports/research/v004c_pairwise_v1_feature_contract_v002_20260506_20260630/v004c_pairwise_v1_input_table_v002.csv,0.0052908481467481,ARCHIVED_PAIRWISE_V002_53F,reports/research/v004c_pairwise_v1_feature_contract_v002_20260506_20260630/v004c_pairwise_v1_input_table_v002.csv,0.0284640171858215,ARCHIVED_PAIRWISE_V002_53F,reports/research/v004c_pairwise_v1_feature_contract_v002_20260506_20260630/v004c_pairwise_v1_input_table_v002.csv
600396_2026-05-08,600396,2026-05-08,2026-05,2026-05-07,2026-05-08,2026-05-11,2026-05-12,2026-05-12,BOARD2,13,0.42226815299540943,7,1,0,0,0,0.187845303867,0.07,-0.0126984126984127,ARCHIVED_PAIRWISE_V002_53F,reports/research/v004c_pairwise_v1_feature_contract_v002_20260506_20260630/v004c_pairwise_v1_input_table_v002.csv,0.0048465266558965,ARCHIVED_PAIRWISE_V002_53F,reports/research/v004c_pairwise_v1_feature_contract_v002_20260506_20260630/v004c_pairwise_v1_input_table_v002.csv,-0.0224060992361873,ARCHIVED_PAIRWISE_V002_53F,reports/research/v004c_pairwise_v1_feature_contract_v002_20260506_20260630/v004c_pairwise_v1_input_table_v002.csv,0.017170891251022,ARCHIVED_PAIRWISE_V002_53F,reports/research/v004c_pairwise_v1_feature_contract_v002_20260506_20260630/v004c_pairwise_v1_input_table_v002.csv
603158_2026-05-08,603158,2026-05-08,2026-05,2026-05-07,2026-05-08,2026-05-11,2026-05-12,2026-05-12,BOARD2,13,0.4159886991001323,8,0,0,1,0,-0.00126502213789,-0.00126502213789,-0.0154990700557965,ARCHIVED_PAIRWISE_V002_53F,reports/research/v004c_pairwise_v1_feature_contract_v002_20260506_20260630/v004c_pairwise_v1_input_table_v002.csv,0.0069752694990488,ARCHIVED_PAIRWISE_V002_53F,reports/research/v004c_pairwise_v1_feature_contract_v002_20260506_20260630/v004c_pairwise_v1_input_table_v002.csv,-0.0111749039790312,ARCHIVED_PAIRWISE_V002_53F,reports/research/v004c_pairwise_v1_feature_contract_v002_20260506_20260630/v004c_pairwise_v1_input_table_v002.csv,0.0199100834938985,ARCHIVED_PAIRWISE_V002_53F,reports/research/v004c_pairwise_v1_feature_contract_v002_20260506_20260630/v004c_pairwise_v1_input_table_v002.csv
600673_2026-05-08,600673,2026-05-08,2026-05,2026-05-07,2026-05-08,2026-05-11,2026-05-12,2026-05-12,BOARD2,13,0.41543035452814275,9,0,0,1,0,-0.0276394422311,-0.0276394422311,-0.0273037542662116,ARCHIVED_PAIRWISE_V002_53F,reports/research/v004c_pairwise_v1_feature_contract_v002_20260506_20260630/v004c_pairwise_v1_input_table_v002.csv,-0.0684099929955638,ARCHIVED_PAIRWISE_V002_53F,reports/research/v004c_pairwise_v1_feature_contract_v002_20260506_20260630/v004c_pairwise_v1_input_table_v002.csv,-0.02171313589068,ARCHIVED_PAIRWISE_V002_53F,reports/research/v004c_pairwise_v1_feature_contract_v002_20260506_20260630/v004c_pairwise_v1_input_table_v002.csv,0.0025125628140703,ARCHIVED_PAIRWISE_V002_53F,reports/research/v004c_pairwise_v1_feature_contract_v002_20260506_20260630/v004c_pairwise_v1_input_table_v002.csv
600719_2026-05-08,600719,2026-05-08,2026-05,2026-05-07,2026-05-08,2026-05-11,2026-05-12,2026-05-12,BOARD2,13,0.4141765522270483,10,1,0,0,0,0.172185430464,0.07,-0.0215285252960171,ARCHIVED_PAIRWISE_V002_53F,reports/research/v004c_pairwise_v1_feature_contract_v002_20260506_20260630/v004c_pairwise_v1_input_table_v002.csv,-0.0521376433785193,ARCHIVED_PAIRWISE_V002_53F,reports/research/v004c_pairwise_v1_feature_contract_v002_20260506_20260630/v004c_pairwise_v1_input_table_v002.csv,-0.043053158920765,ARCHIVED_PAIRWISE_V002_53F,reports/research/v004c_pairwise_v1_feature_contract_v002_20260506_20260630/v004c_pairwise_v1_input_table_v002.csv,0.0033112582781456,ARCHIVED_PAIRWISE_V002_53F,reports/research/v004c_pairwise_v1_feature_contract_v002_20260506_20260630/v004c_pairwise_v1_input_table_v002.csv
000967_2026-05-08,000967,2026-05-08,2026-05,2026-05-07,2026-05-08,2026-05-11,2026-05-12,2026-05-12,BOARD2,13,0.41362803556152256,11,0,0,1,0,-0.0251572327044,-0.0251572327044,-0.0012254901960784,ARCHIVED_PAIRWISE_V002_53F,reports/research/v004c_pairwise_v1_feature_contract_v002_20260506_20260630/v004c_pairwise_v1_input_table_v002.csv,0.0,ARCHIVED_PAIRWISE_V002_53F,reports/research/v004c_pairwise_v1_feature_contract_v002_20260506_20260630/v004c_pairwise_v1_input_table_v002.csv,-0.0084037655720585,ARCHIVED_PAIRWISE_V002_53F,reports/research/v004c_pairwise_v1_feature_contract_v002_20260506_20260630/v004c_pairwise_v1_input_table_v002.csv,0.0245128849780012,ARCHIVED_PAIRWISE_V002_53F,reports/research/v004c_pairwise_v1_feature_contract_v002_20260506_20260630/v004c_pairwise_v1_input_table_v002.csv
000889_2026-05-08,000889,2026-05-08,2026-05,2026-05-07,2026-05-08,2026-05-11,2026-05-12,2026-05-12,BOARD2,13,0.40446571620215394,12,0,0,1,0,-0.0018315018315,-0.0018315018315,-0.0127737226277372,ARCHIVED_PAIRWISE_V002_53F,reports/research/v004c_pairwise_v1_feature_contract_v002_20260506_20260630/v004c_pairwise_v1_input_table_v002.csv,-0.0441696113074204,ARCHIVED_PAIRWISE_V002_53F,reports/research/v004c_pairwise_v1_feature_contract_v002_20260506_20260630/v004c_pairwise_v1_input_table_v002.csv,-0.0254007649175879,ARCHIVED_PAIRWISE_V002_53F,reports/research/v004c_pairwise_v1_feature_contract_v002_20260506_20260630/v004c_pairwise_v1_input_table_v002.csv,0.0112149532710281,ARCHIVED_PAIRWISE_V002_53F,reports/research/v004c_pairwise_v1_feature_contract_v002_20260506_20260630/v004c_pairwise_v1_input_table_v002.csv
002217_2026-05-08,002217,2026-05-08,2026-05,2026-05-07,2026-05-08,2026-05-11,2026-05-12,2026-05-12,BOARD2,13,0.3947837827525341,13,0,1,0,0,0.0224719101124,0.0224719101124,-0.0171919770773638,ARCHIVED_PAIRWISE_V002_53F,reports/research/v004c_pairwise_v1_feature_contract_v002_20260506_20260630/v004c_pairwise_v1_input_table_v002.csv,-0.0498614958448753,ARCHIVED_PAIRWISE_V002_53F,reports/research/v004c_pairwise_v1_feature_contract_v002_20260506_20260630/v004c_pairwise_v1_input_table_v002.csv,-0.0187744380915602,ARCHIVED_PAIRWISE_V002_53F,reports/research/v004c_pairwise_v1_feature_contract_v002_20260506_20260630/v004c_pairwise_v1_input_table_v002.csv,0.0058651026392961,ARCHIVED_PAIRWISE_V002_53F,reports/research/v004c_pairwise_v1_feature_contract_v002_20260506_20260630/v004c_pairwise_v1_input_table_v002.csv
603618_2026-05-11,603618,2026-05-11,2026-05,2026-05-08,2026-05-11,2026-05-12,2026-05-13,2026-05-13,BOARD3,11,0.4320374330175674,1,1,0,0,0,0.0997333333333,0.07,0.0335272928789136,ARCHIVED_PAIRWISE_V002_53F,reports/research/v004c_pairwise_v1_feature_contract_v002_20260506_20260630/v004c_pairwise_v1_input_table_v002.csv,-0.0484693877551022,ARCHIVED_PAIRWISE_V002_53F,reports/research/v004c_pairwise_v1_feature_contract_v002_20260506_20260630/v004c_pairwise_v1_input_table_v002.csv,0.0070082663412327,ARCHIVED_PAIRWISE_V002_53F,reports/research/v004c_pairwise_v1_feature_contract_v002_20260506_20260630/v004c_pairwise_v1_input_table_v002.csv,0.0507042253521125,ARCHIVED_PAIRWISE_V002_53F,reports/research/v004c_pairwise_v1_feature_contract_v002_20260506_20260630/v004c_pairwise_v1_input_table_v002.csv
002655_2026-05-11,002655,2026-05-11,2026-05,2026-05-08,2026-05-11,2026-05-12,2026-05-13,2026-05-13,BOARD2,11,0.4315809057512584,2,0,1,0,0,0.00264200792602,0.00264200792602,-0.0202047413793103,ARCHIVED_PAIRWISE_V002_53F,reports/research/v004c_pairwise_v1_feature_contract_v002_20260506_20260630/v004c_pairwise_v1_input_table_v002.csv,-0.1129268292682927,ARCHIVED_PAIRWISE_V002_53F,reports/research/v004c_pairwise_v1_feature_contract_v002_20260506_20260630/v004c_pairwise_v1_input_table_v002.csv,-0.0283556325465355,ARCHIVED_PAIRWISE_V002_53F,reports/research/v004c_pairwise_v1_feature_contract_v002_20260506_20260630/v004c_pairwise_v1_input_table_v002.csv,0.0259520451339913,ARCHIVED_PAIRWISE_V002_53F,reports/research/v004c_pairwise_v1_feature_contract_v002_20260506_20260630/v004c_pairwise_v1_input_table_v002.csv
002929_2026-05-11,002929,2026-05-11,2026-05,2026-05-08,2026-05-11,2026-05-12,2026-05-13,2026-05-13,BOARD2,11,0.4301263423891062,3,1,0,0,0,0.134108527132,0.07,0.0015477879530505,ARCHIVED_PAIRWISE_V002_53F,reports/research/v004c_pairwise_v1_feature_contract_v002_20260506_20260630/v004c_pairwise_v1_input_table_v002.csv,-0.0169641726800859,ARCHIVED_PAIRWISE_V002_53F,reports/research/v004c_pairwise_v1_feature_contract_v002_20260506_20260630/v004c_pairwise_v1_input_table_v002.csv,0.0074379043741095,ARCHIVED_PAIRWISE_V002_53F,reports/research/v004c_pairwise_v1_feature_contract_v002_20260506_20260630/v004c_pairwise_v1_input_table_v002.csv,0.0446656800753398,ARCHIVED_PAIRWISE_V002_53F,reports/research/v004c_pairwise_v1_feature_contract_v002_20260506_20260630/v004c_pairwise_v1_input_table_v002.csv
600130_2026-05-11,600130,2026-05-11,2026-05,2026-05-08,2026-05-11,2026-05-12,2026-05-13,2026-05-13,BOARD3,11,0.4273496293522612,4,0,1,0,0,0.0622009569378,0.0622009569378,-0.0428360413589363,ARCHIVED_PAIRWISE_V002_53F,reports/research/v004c_pairwise_v1_feature_contract_v002_20260506_20260630/v004c_pairwise_v1_input_table_v002.csv,-0.0328358208955223,ARCHIVED_PAIRWISE_V002_53F,reports/research/v004c_pairwise_v1_feature_contract_v002_20260506_20260630/v004c_pairwise_v1_input_table_v002.csv,0.0056602605019442,ARCHIVED_PAIRWISE_V002_53F,reports/research/v004c_pairwise_v1_feature_contract_v002_20260506_20260630/v004c_pairwise_v1_input_table_v002.csv,0.1348511383537654,ARCHIVED_PAIRWISE_V002_53F,reports/research/v004c_pairwise_v1_feature_contract_v002_20260506_20260630/v004c_pairwise_v1_input_table_v002.csv
603278_2026-05-11,603278,2026-05-11,2026-05,2026-05-08,2026-05-11,2026-05-12,2026-05-13,2026-05-13,BOARD3,11,0.42628827019549675,5,1,0,0,0,0.0812080536913,0.07,-0.016025641025641,ARCHIVED_PAIRWISE_V002_53F,reports/research/v004c_pairwise_v1_feature_contract_v002_20260506_20260630/v004c_pairwise_v1_input_table_v002.csv,-0.0634533251982917,ARCHIVED_PAIRWISE_V002_53F,reports/research/v004c_pairwise_v1_feature_contract_v002_20260506_20260630/v004c_pairwise_v1_input_table_v002.csv,-0.0166300065073816,ARCHIVED_PAIRWISE_V002_53F,reports/research/v004c_pairwise_v1_feature_contract_v002_20260506_20260630/v004c_pairwise_v1_input_table_v002.csv,0.0630193905817174,ARCHIVED_PAIRWISE_V002_53F,reports/research/v004c_pairwise_v1_feature_contract_v002_20260506_20260630/v004c_pairwise_v1_input_table_v002.csv
002031_2026-05-11,002031,2026-05-11,2026-05,2026-05-08,2026-05-11,2026-05-12,2026-05-13,2026-05-13,BOARD2,11,0.4184684146880249,6,0,1,0,0,0.0444444444444,0.0444444444444,-0.0041152263374485,ARCHIVED_PAIRWISE_V002_53F,reports/research/v004c_pairwise_v1_feature_contract_v002_20260506_20260630/v004c_pairwise_v1_input_table_v002.csv,-0.0135869565217392,ARCHIVED_PAIRWISE_V002_53F,reports/research/v004c_pairwise_v1_feature_contract_v002_20260506_20260630/v004c_pairwise_v1_input_table_v002.csv,-0.0023982892150937,ARCHIVED_PAIRWISE_V002_53F,reports/research/v004c_pairwise_v1_feature_contract_v002_20260506_20260630/v004c_pairwise_v1_input_table_v002.csv,0.0225352112676056,ARCHIVED_PAIRWISE_V002_53F,reports/research/v004c_pairwise_v1_feature_contract_v002_20260506_20260630/v004c_pairwise_v1_input_table_v002.csv
603636_2026-05-11,603636,2026-05-11,2026-05,2026-05-08,2026-05-11,2026-05-12,2026-05-13,2026-05-13,BOARD2,11,0.4133869253898281,7,1,0,0,0,0.0736363636364,0.07,-0.0238726790450929,ARCHIVED_PAIRWISE_V002_53F,reports/research/v004c_pairwise_v1_feature_contract_v002_20260506_20260630/v004c_pairwise_v1_input_table_v002.csv,-0.08,ARCHIVED_PAIRWISE_V002_53F,reports/research/v004c_pairwise_v1_feature_contract_v002_20260506_20260630/v004c_pairwise_v1_input_table_v002.csv,-0.0317267211994048,ARCHIVED_PAIRWISE_V002_53F,reports/research/v004c_pairwise_v1_feature_contract_v002_20260506_20260630/v004c_pairwise_v1_input_table_v002.csv,0.0036363636363635,ARCHIVED_PAIRWISE_V002_53F,reports/research/v004c_pairwise_v1_feature_contract_v002_20260506_20260630/v004c_pairwise_v1_input_table_v002.csv
002930_2026-05-11,002930,2026-05-11,2026-05,2026-05-08,2026-05-11,2026-05-12,2026-05-13,2026-05-13,BOARD2,11,0.4127942452237523,8,0,1,0,0,0.0387692307692,0.0387692307692,0.0265319014529374,ARCHIVED_PAIRWISE_V002_53F,reports/research/v004c_pairwise_v1_feature_contract_v002_20260506_20260630/v004c_pairwise_v1_input_table_v002.csv,0.055880441845354,ARCHIVED_PAIRWISE_V002_53F,reports/research/v004c_pairwise_v1_feature_contract_v002_20260506_20260630/v004c_pairwise_v1_input_table_v002.csv,0.0282044087805053,ARCHIVED_PAIRWISE_V002_53F,reports/research/v004c_pairwise_v1_feature_contract_v002_20260506_20260630/v004c_pairwise_v1_input_table_v002.csv,0.059322033898305,ARCHIVED_PAIRWISE_V002_53F,reports/research/v004c_pairwise_v1_feature_contract_v002_20260506_20260630/v004c_pairwise_v1_input_table_v002.csv
000720_2026-05-11,000720,2026-05-11,2026-05,2026-05-08,2026-05-11,2026-05-12,2026-05-13,2026-05-13,BOARD2,11,0.41171623167336285,9,1,0,0,0,0.115864527629,0.07,0.0069084628670121,ARCHIVED_PAIRWISE_V002_53F,reports/research/v004c_pairwise_v1_feature_contract_v002_20260506_20260630/v004c_pairwise_v1_input_table_v002.csv,0.0103986135181977,ARCHIVED_PAIRWISE_V002_53F,reports/research/v004c_pairwise_v1_feature_contract_v002_20260506_20260630/v004c_pairwise_v1_input_table_v002.csv,0.0048025960167614,ARCHIVED_PAIRWISE_V002_53F,reports/research/v004c_pairwise_v1_feature_contract_v002_20260506_20260630/v004c_pairwise_v1_input_table_v002.csv,0.0410714285714286,ARCHIVED_PAIRWISE_V002_53F,reports/research/v004c_pairwise_v1_feature_contract_v002_20260506_20260630/v004c_pairwise_v1_input_table_v002.csv
002317_2026-05-11,002317,2026-05-11,2026-05,2026-05-08,2026-05-11,2026-05-12,2026-05-13,2026-05-13,BOARD2,11,0.4114261632013281,10,0,0,1,0,-0.00583482944345,-0.00583482944345,-0.0189677988531099,ARCHIVED_PAIRWISE_V002_53F,reports/research/v004c_pairwise_v1_feature_contract_v002_20260506_20260630/v004c_pairwise_v1_input_table_v002.csv,-0.0330434782608696,ARCHIVED_PAIRWISE_V002_53F,reports/research/v004c_pairwise_v1_feature_contract_v002_20260506_20260630/v004c_pairwise_v1_input_table_v002.csv,-0.0076166904485139,ARCHIVED_PAIRWISE_V002_53F,reports/research/v004c_pairwise_v1_feature_contract_v002_20260506_20260630/v004c_pairwise_v1_input_table_v002.csv,0.0286771507863088,ARCHIVED_PAIRWISE_V002_53F,reports/research/v004c_pairwise_v1_feature_contract_v002_20260506_20260630/v004c_pairwise_v1_input_table_v002.csv
600936_2026-05-11,600936,2026-05-11,2026-05,2026-05-08,2026-05-11,2026-05-12,2026-05-13,2026-05-13,BOARD2,11,0.4082900607294144,11,1,0,0,0,0.078431372549,0.07,-0.0173410404624279,ARCHIVED_PAIRWISE_V002_53F,reports/research/v004c_pairwise_v1_feature_contract_v002_20260506_20260630/v004c_pairwise_v1_input_table_v002.csv,-0.0449438202247191,ARCHIVED_PAIRWISE_V002_53F,reports/research/v004c_pairwise_v1_feature_contract_v002_20260506_20260630/v004c_pairwise_v1_input_table_v002.csv,-0.0320844324308474,ARCHIVED_PAIRWISE_V002_53F,reports/research/v004c_pairwise_v1_feature_contract_v002_20260506_20260630/v004c_pairwise_v1_input_table_v002.csv,0.0059171597633134,ARCHIVED_PAIRWISE_V002_53F,reports/research/v004c_pairwise_v1_feature_contract_v002_20260506_20260630/v004c_pairwise_v1_input_table_v002.csv
603459_2026-05-12,603459,2026-05-12,2026-05,2026-05-11,2026-05-12,2026-05-13,2026-05-14,2026-05-14,BOARD3,11,0.44017104282977854,1,0,1,0,0,0.0457010069713,0.0457010069713,-0.0121886592474826,ARCHIVED_PAIRWISE_V002_53F,reports/research/v004c_pairwise_v1_feature_contract_v002_20260506_20260630/v004c_pairwise_v1_input_table_v002.csv,-0.0497553017944534,ARCHIVED_PAIRWISE_V002_53F,reports/research/v004c_pairwise_v1_feature_contract_v002_20260506_20260630/v004c_pairwise_v1_input_table_v002.csv,-0.0176973384515485,ARCHIVED_PAIRWISE_V002_53F,reports/research/v004c_pairwise_v1_feature_contract_v002_20260506_20260630/v004c_pairwise_v1_input_table_v002.csv,0.0391347976363028,ARCHIVED_PAIRWISE_V002_53F,reports/research/v004c_pairwise_v1_feature_contract_v002_20260506_20260630/v004c_pairwise_v1_input_table_v002.csv
002281_2026-05-12,002281,2026-05-12,2026-05,2026-05-11,2026-05-12,2026-05-13,2026-05-14,2026-05-14,BOARD2,11,0.4400842764490244,2,1,0,0,0,0.0856588949543,0.07,0.0140915953699043,ARCHIVED_PAIRWISE_V002_53F,reports/research/v004c_pairwise_v1_feature_contract_v002_20260506_20260630/v004c_pairwise_v1_input_table_v002.csv,0.0075,ARCHIVED_PAIRWISE_V002_53F,reports/research/v004c_pairwise_v1_feature_contract_v002_20260506_20260630/v004c_pairwise_v1_input_table_v002.csv,0.005247773678807,ARCHIVED_PAIRWISE_V002_53F,reports/research/v004c_pairwise_v1_feature_contract_v002_20260506_20260630/v004c_pairwise_v1_input_table_v002.csv,0.0333333333333333,ARCHIVED_PAIRWISE_V002_53F,reports/research/v004c_pairwise_v1_feature_contract_v002_20260506_20260630/v004c_pairwise_v1_input_table_v002.csv
603738_2026-05-12,603738,2026-05-12,2026-05,2026-05-11,2026-05-12,2026-05-13,2026-05-14,2026-05-14,BOARD3,11,0.4271982221568995,3,1,0,0,0,0.0746436609152,0.07,0.0299810246679317,ARCHIVED_PAIRWISE_V002_53F,reports/research/v004c_pairwise_v1_feature_contract_v002_20260506_20260630/v004c_pairwise_v1_input_table_v002.csv,0.0643137254901962,ARCHIVED_PAIRWISE_V002_53F,reports/research/v004c_pairwise_v1_feature_contract_v002_20260506_20260630/v004c_pairwise_v1_input_table_v002.csv,0.0289729749774152,ARCHIVED_PAIRWISE_V002_53F,reports/research/v004c_pairwise_v1_feature_contract_v002_20260506_20260630/v004c_pairwise_v1_input_table_v002.csv,0.1007909146217805,ARCHIVED_PAIRWISE_V002_53F,reports/research/v004c_pairwise_v1_feature_contract_v002_20260506_20260630/v004c_pairwise_v1_input_table_v002.csv
002865_2026-05-12,002865,2026-05-12,2026-05,2026-05-11,2026-05-12,2026-05-13,2026-05-14,2026-05-14,BOARD2,11,0.42597291311289176,4,1,0,0,0,0.0740776699029,0.07,-0.0045023469681003,ARCHIVED_PAIRWISE_V002_53F,reports/research/v004c_pairwise_v1_feature_contract_v002_20260506_20260630/v004c_pairwise_v1_input_table_v002.csv,-0.0415936548925575,ARCHIVED_PAIRWISE_V002_53F,reports/research/v004c_pairwise_v1_feature_contract_v002_20260506_20260630/v004c_pairwise_v1_input_table_v002.csv,0.0024324715973733,ARCHIVED_PAIRWISE_V002_53F,reports/research/v004c_pairwise_v1_feature_contract_v002_20260506_20260630/v004c_pairwise_v1_input_table_v002.csv,0.0501212611156023,ARCHIVED_PAIRWISE_V002_53F,reports/research/v004c_pairwise_v1_feature_contract_v002_20260506_20260630/v004c_pairwise_v1_input_table_v002.csv
600545_2026-05-12,600545,2026-05-12,2026-05,2026-05-11,2026-05-12,2026-05-13,2026-05-14,2026-05-14,BOARD2,11,0.4207107703293069,5,1,0,0,0,0.104575163399,0.07,0.0321489001692045,ARCHIVED_PAIRWISE_V002_53F,reports/research/v004c_pairwise_v1_feature_contract_v002_20260506_20260630/v004c_pairwise_v1_input_table_v002.csv,0.0016420361247946,ARCHIVED_PAIRWISE_V002_53F,reports/research/v004c_pairwise_v1_feature_contract_v002_20260506_20260630/v004c_pairwise_v1_input_table_v002.csv,0.01500872766648,ARCHIVED_PAIRWISE_V002_53F,reports/research/v004c_pairwise_v1_feature_contract_v002_20260506_20260630/v004c_pairwise_v1_input_table_v002.csv,0.0951526032315977,ARCHIVED_PAIRWISE_V002_53F,reports/research/v004c_pairwise_v1_feature_contract_v002_20260506_20260630/v004c_pairwise_v1_input_table_v002.csv
605006_2026-05-12,605006,2026-05-12,2026-05,2026-05-11,2026-05-12,2026-05-13,2026-05-14,2026-05-14,BOARD3,11,0.41680125378898775,6,0,1,0,0,0.00727713765919,0.00727713765919,0.0494132180358244,ARCHIVED_PAIRWISE_V002_53F,reports/research/v004c_pairwise_v1_feature_contract_v002_20260506_20260630/v004c_pairwise_v1_input_table_v002.csv,-0.0291428571428572,ARCHIVED_PAIRWISE_V002_53F,reports/research/v004c_pairwise_v1_feature_contract_v002_20260506_20260630/v004c_pairwise_v1_input_table_v002.csv,0.0430492780860136,ARCHIVED_PAIRWISE_V002_53F,reports/research/v004c_pairwise_v1_feature_contract_v002_20260506_20260630/v004c_pairwise_v1_input_table_v002.csv,0.1326666666666665,ARCHIVED_PAIRWISE_V002_53F,reports/research/v004c_pairwise_v1_feature_contract_v002_20260506_20260630/v004c_pairwise_v1_input_table_v002.csv
600748_2026-05-12,600748,2026-05-12,2026-05,2026-05-11,2026-05-12,2026-05-13,2026-05-14,2026-05-14,BOARD2,11,0.4155721477848235,7,0,1,0,0,0.00683760683761,0.00683760683761,-0.0067567567567567,ARCHIVED_PAIRWISE_V002_53F,reports/research/v004c_pairwise_v1_feature_contract_v002_20260506_20260630/v004c_pairwise_v1_input_table_v002.csv,-0.0546623794212218,ARCHIVED_PAIRWISE_V002_53F,reports/research/v004c_pairwise_v1_feature_contract_v002_20260506_20260630/v004c_pairwise_v1_input_table_v002.csv,-0.0223512878011263,ARCHIVED_PAIRWISE_V002_53F,reports/research/v004c_pairwise_v1_feature_contract_v002_20260506_20260630/v004c_pairwise_v1_input_table_v002.csv,0.0173010380622836,ARCHIVED_PAIRWISE_V002_53F,reports/research/v004c_pairwise_v1_feature_contract_v002_20260506_20260630/v004c_pairwise_v1_input_table_v002.csv
605189_2026-05-12,605189,2026-05-12,2026-05,2026-05-11,2026-05-12,2026-05-13,2026-05-14,2026-05-14,BOARD2,11,0.4122402114213394,8,0,1,0,0,0.0310526315789,0.0310526315789,0.0103896103896103,ARCHIVED_PAIRWISE_V002_53F,reports/research/v004c_pairwise_v1_feature_contract_v002_20260506_20260630/v004c_pairwise_v1_input_table_v002.csv,-0.0260390585878818,ARCHIVED_PAIRWISE_V002_53F,reports/research/v004c_pairwise_v1_feature_contract_v002_20260506_20260630/v004c_pairwise_v1_input_table_v002.csv,-0.0066927174169699,ARCHIVED_PAIRWISE_V002_53F,reports/research/v004c_pairwise_v1_feature_contract_v002_20260506_20260630/v004c_pairwise_v1_input_table_v002.csv,0.0215336134453781,ARCHIVED_PAIRWISE_V002_53F,reports/research/v004c_pairwise_v1_feature_contract_v002_20260506_20260630/v004c_pairwise_v1_input_table_v002.csv
600234_2026-05-12,600234,2026-05-12,2026-05,2026-05-11,2026-05-12,2026-05-13,2026-05-14,2026-05-14,BOARD2,11,0.4114056571887904,9,0,1,0,0,0.00400935516204,0.00400935516204,0.0228981544771018,ARCHIVED_PAIRWISE_V002_53F,reports/research/v004c_pairwise_v1_feature_contract_v002_20260506_20260630/v004c_pairwise_v1_input_table_v002.csv,-0.0498412698412698,ARCHIVED_PAIRWISE_V002_53F,reports/research/v004c_pairwise_v1_feature_contract_v002_20260506_20260630/v004c_pairwise_v1_input_table_v002.csv,0.0003666020757713,ARCHIVED_PAIRWISE_V002_53F,reports/research/v004c_pairwise_v1_feature_contract_v002_20260506_20260630/v004c_pairwise_v1_input_table_v002.csv,0.0414057063326374,ARCHIVED_PAIRWISE_V002_53F,reports/research/v004c_pairwise_v1_feature_contract_v002_20260506_20260630/v004c_pairwise_v1_input_table_v002.csv
600078_2026-05-12,600078,2026-05-12,2026-05,2026-05-11,2026-05-12,2026-05-13,2026-05-14,2026-05-14,BOARD2,11,0.4081017349783504,10,0,1,0,0,0.018954248366,0.018954248366,0.0026212319790301,ARCHIVED_PAIRWISE_V002_53F,reports/research/v004c_pairwise_v1_feature_contract_v002_20260506_20260630/v004c_pairwise_v1_input_table_v002.csv,-0.0573012939001847,ARCHIVED_PAIRWISE_V002_53F,reports/research/v004c_pairwise_v1_feature_contract_v002_20260506_20260630/v004c_pairwise_v1_input_table_v002.csv,-0.012650814669148,ARCHIVED_PAIRWISE_V002_53F,reports/research/v004c_pairwise_v1_feature_contract_v002_20260506_20260630/v004c_pairwise_v1_input_table_v002.csv,0.0152621101526211,ARCHIVED_PAIRWISE_V002_53F,reports/research/v004c_pairwise_v1_feature_contract_v002_20260506_20260630/v004c_pairwise_v1_input_table_v002.csv
002030_2026-05-12,002030,2026-05-12,2026-05,2026-05-11,2026-05-12,2026-05-13,2026-05-14,2026-05-14,BOARD2,11,0.4053782780464493,11,0,1,0,0,0.00294985250737,0.00294985250737,-0.0404463040446304,ARCHIVED_PAIRWISE_V002_53F,reports/research/v004c_pairwise_v1_feature_contract_v002_20260506_20260630/v004c_pairwise_v1_input_table_v002.csv,-0.0377622377622378,ARCHIVED_PAIRWISE_V002_53F,reports/research/v004c_pairwise_v1_feature_contract_v002_20260506_20260630/v004c_pairwise_v1_input_table_v002.csv,-0.0663309534891971,ARCHIVED_PAIRWISE_V002_53F,reports/research/v004c_pairwise_v1_feature_contract_v002_20260506_20260630/v004c_pairwise_v1_input_table_v002.csv,0.0,ARCHIVED_PAIRWISE_V002_53F,reports/research/v004c_pairwise_v1_feature_contract_v002_20260506_20260630/v004c_pairwise_v1_input_table_v002.csv
001211_2026-05-13,001211,2026-05-13,2026-05,2026-05-12,2026-05-13,2026-05-14,2026-05-15,2026-05-15,BOARD2,9,0.4360120458711656,1,1,0,0,0,0.143516737207,0.07,0.008417830495504,ARCHIVED_PAIRWISE_V002_53F,reports/research/v004c_pairwise_v1_feature_contract_v002_20260506_20260630/v004c_pairwise_v1_input_table_v002.csv,-0.0560530085959886,ARCHIVED_PAIRWISE_V002_53F,reports/research/v004c_pairwise_v1_feature_contract_v002_20260506_20260630/v004c_pairwise_v1_input_table_v002.csv,0.0036125272709452,ARCHIVED_PAIRWISE_V002_53F,reports/research/v004c_pairwise_v1_feature_contract_v002_20260506_20260630/v004c_pairwise_v1_input_table_v002.csv,0.039030159668835,ARCHIVED_PAIRWISE_V002_53F,reports/research/v004c_pairwise_v1_feature_contract_v002_20260506_20260630/v004c_pairwise_v1_input_table_v002.csv
603061_2026-05-13,603061,2026-05-13,2026-05,2026-05-12,2026-05-13,2026-05-14,2026-05-15,2026-05-15,BOARD2,9,0.4338760022987687,2,0,0,1,0,-0.0068588808541,-0.0068588808541,0.0374510181794822,ARCHIVED_PAIRWISE_V002_53F,reports/research/v004c_pairwise_v1_feature_contract_v002_20260506_20260630/v004c_pairwise_v1_input_table_v002.csv,0.0312240597662982,ARCHIVED_PAIRWISE_V002_53F,reports/research/v004c_pairwise_v1_feature_contract_v002_20260506_20260630/v004c_pairwise_v1_input_table_v002.csv,0.0206119220320952,ARCHIVED_PAIRWISE_V002_53F,reports/research/v004c_pairwise_v1_feature_contract_v002_20260506_20260630/v004c_pairwise_v1_input_table_v002.csv,0.0534555298261634,ARCHIVED_PAIRWISE_V002_53F,reports/research/v004c_pairwise_v1_feature_contract_v002_20260506_20260630/v004c_pairwise_v1_input_table_v002.csv
000029_2026-05-13,000029,2026-05-13,2026-05,2026-05-12,2026-05-13,2026-05-14,2026-05-15,2026-05-15,BOARD2,9,0.43001363215756283,3,1,0,0,0,0.126739375705,0.07,0.0037593984962405,ARCHIVED_PAIRWISE_V002_53F,reports/research/v004c_pairwise_v1_feature_contract_v002_20260506_20260630/v004c_pairwise_v1_input_table_v002.csv,-0.0118430792005921,ARCHIVED_PAIRWISE_V002_53F,reports/research/v004c_pairwise_v1_feature_contract_v002_20260506_20260630/v004c_pairwise_v1_input_table_v002.csv,-0.0065325952599351,ARCHIVED_PAIRWISE_V002_53F,reports/research/v004c_pairwise_v1_feature_contract_v002_20260506_20260630/v004c_pairwise_v1_input_table_v002.csv,0.0190839694656488,ARCHIVED_PAIRWISE_V002_53F,reports/research/v004c_pairwise_v1_feature_contract_v002_20260506_20260630/v004c_pairwise_v1_input_table_v002.csv
600869_2026-05-13,600869,2026-05-13,2026-05,2026-05-12,2026-05-13,2026-05-14,2026-05-15,2026-05-15,BOARD2,9,0.428697624229184,4,0,0,1,0,-0.00606060606061,-0.00606060606061,0.0052287581699346,ARCHIVED_PAIRWISE_V002_53F,reports/research/v004c_pairwise_v1_feature_contract_v002_20260506_20260630/v004c_pairwise_v1_input_table_v002.csv,0.0026075619295957,ARCHIVED_PAIRWISE_V002_53F,reports/research/v004c_pairwise_v1_feature_contract_v002_20260506_20260630/v004c_pairwise_v1_input_table_v002.csv,0.0051242954005608,ARCHIVED_PAIRWISE_V002_53F,reports/research/v004c_pairwise_v1_feature_contract_v002_20260506_20260630/v004c_pairwise_v1_input_table_v002.csv,0.0267022696929239,ARCHIVED_PAIRWISE_V002_53F,reports/research/v004c_pairwise_v1_feature_contract_v002_20260506_20260630/v004c_pairwise_v1_input_table_v002.csv
603269_2026-05-13,603269,2026-05-13,2026-05,2026-05-12,2026-05-13,2026-05-14,2026-05-15,2026-05-15,BOARD2,9,0.42657536970837945,5,0,1,0,0,0.0516252390057,0.0516252390057,0.0066476733143399,ARCHIVED_PAIRWISE_V002_53F,reports/research/v004c_pairwise_v1_feature_contract_v002_20260506_20260630/v004c_pairwise_v1_input_table_v002.csv,0.0510659395141297,ARCHIVED_PAIRWISE_V002_53F,reports/research/v004c_pairwise_v1_feature_contract_v002_20260506_20260630/v004c_pairwise_v1_input_table_v002.csv,0.019399550360126,ARCHIVED_PAIRWISE_V002_53F,reports/research/v004c_pairwise_v1_feature_contract_v002_20260506_20260630/v004c_pairwise_v1_input_table_v002.csv,0.1012987012987012,ARCHIVED_PAIRWISE_V002_53F,reports/research/v004c_pairwise_v1_feature_contract_v002_20260506_20260630/v004c_pairwise_v1_input_table_v002.csv
600683_2026-05-13,600683,2026-05-13,2026-05,2026-05-12,2026-05-13,2026-05-14,2026-05-15,2026-05-15,BOARD3,9,0.4194489332942418,6,0,0,1,0,-0.047619047619,-0.047619047619,0.0005194805194805,ARCHIVED_PAIRWISE_V002_53F,reports/research/v004c_pairwise_v1_feature_contract_v002_20260506_20260630/v004c_pairwise_v1_input_table_v002.csv,-0.0740384615384615,ARCHIVED_PAIRWISE_V002_53F,reports/research/v004c_pairwise_v1_feature_contract_v002_20260506_20260630/v004c_pairwise_v1_input_table_v002.csv,-0.0195955385934842,ARCHIVED_PAIRWISE_V002_53F,reports/research/v004c_pairwise_v1_feature_contract_v002_20260506_20260630/v004c_pairwise_v1_input_table_v002.csv,0.0255591054313099,ARCHIVED_PAIRWISE_V002_53F,reports/research/v004c_pairwise_v1_feature_contract_v002_20260506_20260630/v004c_pairwise_v1_input_table_v002.csv
600488_2026-05-13,600488,2026-05-13,2026-05,2026-05-12,2026-05-13,2026-05-14,2026-05-15,2026-05-15,BOARD2,9,0.405875606531512,7,0,1,0,0,0.0198300283286,0.0198300283286,-0.0637191157347204,ARCHIVED_PAIRWISE_V002_53F,reports/research/v004c_pairwise_v1_feature_contract_v002_20260506_20260630/v004c_pairwise_v1_input_table_v002.csv,-0.0243902439024389,ARCHIVED_PAIRWISE_V002_53F,reports/research/v004c_pairwise_v1_feature_contract_v002_20260506_20260630/v004c_pairwise_v1_input_table_v002.csv,-0.0365314801027103,ARCHIVED_PAIRWISE_V002_53F,reports/research/v004c_pairwise_v1_feature_contract_v002_20260506_20260630/v004c_pairwise_v1_input_table_v002.csv,0.0112359550561797,ARCHIVED_PAIRWISE_V002_53F,reports/research/v004c_pairwise_v1_feature_contract_v002_20260506_20260630/v004c_pairwise_v1_input_table_v002.csv
000672_2026-05-13,000672,2026-05-13,2026-05,2026-05-12,2026-05-13,2026-05-14,2026-05-15,2026-05-15,BOARD2,9,0.4045576030002126,8,0,1,0,0,0.0344626168224,0.0344626168224,-0.0131805157593123,ARCHIVED_PAIRWISE_V002_53F,reports/research/v004c_pairwise_v1_feature_contract_v002_20260506_20260630/v004c_pairwise_v1_input_table_v002.csv,-0.0232558139534884,ARCHIVED_PAIRWISE_V002_53F,reports/research/v004c_pairwise_v1_feature_contract_v002_20260506_20260630/v004c_pairwise_v1_input_table_v002.csv,-0.0143926684955404,ARCHIVED_PAIRWISE_V002_53F,reports/research/v004c_pairwise_v1_feature_contract_v002_20260506_20260630/v004c_pairwise_v1_input_table_v002.csv,0.0029120559114733,ARCHIVED_PAIRWISE_V002_53F,reports/research/v004c_pairwise_v1_feature_contract_v002_20260506_20260630/v004c_pairwise_v1_input_table_v002.csv
600076_2026-05-13,600076,2026-05-13,2026-05,2026-05-12,2026-05-13,2026-05-14,2026-05-15,2026-05-15,BOARD3,9,0.40266230281504994,9,0,1,0,0,0.0564705882353,0.0564705882353,-0.0407239819004524,ARCHIVED_PAIRWISE_V002_53F,reports/research/v004c_pairwise_v1_feature_contract_v002_20260506_20260630/v004c_pairwise_v1_input_table_v002.csv,-0.0185185185185184,ARCHIVED_PAIRWISE_V002_53F,reports/research/v004c_pairwise_v1_feature_contract_v002_20260506_20260630/v004c_pairwise_v1_input_table_v002.csv,-0.0193350083669724,ARCHIVED_PAIRWISE_V002_53F,reports/research/v004c_pairwise_v1_feature_contract_v002_20260506_20260630/v004c_pairwise_v1_input_table_v002.csv,0.0316301703163016,ARCHIVED_PAIRWISE_V002_53F,reports/research/v004c_pairwise_v1_feature_contract_v002_20260506_20260630/v004c_pairwise_v1_input_table_v002.csv
600396_2026-05-14,600396,2026-05-14,2026-05,2026-05-13,2026-05-14,2026-05-15,2026-05-18,2026-05-18,BOARD3,8,0.4387479822197977,1,1,0,0,0,0.0854430379747,0.07,-0.0101130279595478,ARCHIVED_PAIRWISE_V002_53F,reports/research/v004c_pairwise_v1_feature_contract_v002_20260506_20260630/v004c_pairwise_v1_input_table_v002.csv,-0.0572237960339941,ARCHIVED_PAIRWISE_V002_53F,reports/research/v004c_pairwise_v1_feature_contract_v002_20260506_20260630/v004c_pairwise_v1_input_table_v002.csv,-0.030300302118189,ARCHIVED_PAIRWISE_V002_53F,reports/research/v004c_pairwise_v1_feature_contract_v002_20260506_20260630/v004c_pairwise_v1_input_table_v002.csv,0.04,ARCHIVED_PAIRWISE_V002_53F,reports/research/v004c_pairwise_v1_feature_contract_v002_20260506_20260630/v004c_pairwise_v1_input_table_v002.csv
603203_2026-05-14,603203,2026-05-14,2026-05,2026-05-13,2026-05-14,2026-05-15,2026-05-18,2026-05-18,BOARD2,8,0.43586397373755503,2,0,0,1,0,-0.00526071483831,-0.00526071483831,0.0390675241157554,ARCHIVED_PAIRWISE_V002_53F,reports/research/v004c_pairwise_v1_feature_contract_v002_20260506_20260630/v004c_pairwise_v1_input_table_v002.csv,0.0258730158730158,ARCHIVED_PAIRWISE_V002_53F,reports/research/v004c_pairwise_v1_feature_contract_v002_20260506_20260630/v004c_pairwise_v1_input_table_v002.csv,0.0059802926705301,ARCHIVED_PAIRWISE_V002_53F,reports/research/v004c_pairwise_v1_feature_contract_v002_20260506_20260630/v004c_pairwise_v1_input_table_v002.csv,0.0579472908823046,ARCHIVED_PAIRWISE_V002_53F,reports/research/v004c_pairwise_v1_feature_contract_v002_20260506_20260630/v004c_pairwise_v1_input_table_v002.csv
600172_2026-05-14,600172,2026-05-14,2026-05,2026-05-13,2026-05-14,2026-05-15,2026-05-18,2026-05-18,BOARD3,8,0.4269165599276642,3,0,1,0,0,0.0336496980155,0.0336496980155,-0.0459677419354839,ARCHIVED_PAIRWISE_V002_53F,reports/research/v004c_pairwise_v1_feature_contract_v002_20260506_20260630/v004c_pairwise_v1_input_table_v002.csv,-0.0125208681135225,ARCHIVED_PAIRWISE_V002_53F,reports/research/v004c_pairwise_v1_feature_contract_v002_20260506_20260630/v004c_pairwise_v1_input_table_v002.csv,-0.0218162334513203,ARCHIVED_PAIRWISE_V002_53F,reports/research/v004c_pairwise_v1_feature_contract_v002_20260506_20260630/v004c_pairwise_v1_input_table_v002.csv,0.023356401384083,ARCHIVED_PAIRWISE_V002_53F,reports/research/v004c_pairwise_v1_feature_contract_v002_20260506_20260630/v004c_pairwise_v1_input_table_v002.csv
603070_2026-05-14,603070,2026-05-14,2026-05,2026-05-13,2026-05-14,2026-05-15,2026-05-18,2026-05-18,BOARD2,8,0.42194568949637523,4,0,1,0,0,0.0683229813665,0.0683229813665,-0.0567536889897842,ARCHIVED_PAIRWISE_V002_53F,reports/research/v004c_pairwise_v1_feature_contract_v002_20260506_20260630/v004c_pairwise_v1_input_table_v002.csv,-0.1117049706039551,ARCHIVED_PAIRWISE_V002_53F,reports/research/v004c_pairwise_v1_feature_contract_v002_20260506_20260630/v004c_pairwise_v1_input_table_v002.csv,-0.0562388872128217,ARCHIVED_PAIRWISE_V002_53F,reports/research/v004c_pairwise_v1_feature_contract_v002_20260506_20260630/v004c_pairwise_v1_input_table_v002.csv,0.0127970749542962,ARCHIVED_PAIRWISE_V002_53F,reports/research/v004c_pairwise_v1_feature_contract_v002_20260506_20260630/v004c_pairwise_v1_input_table_v002.csv
002498_2026-05-14,002498,2026-05-14,2026-05,2026-05-13,2026-05-14,2026-05-15,2026-05-18,2026-05-18,BOARD2,8,0.4155762363439347,5,0,0,1,0,-0.0415057915058,-0.0415057915058,-0.037914691943128,ARCHIVED_PAIRWISE_V002_53F,reports/research/v004c_pairwise_v1_feature_contract_v002_20260506_20260630/v004c_pairwise_v1_input_table_v002.csv,-0.1324786324786323,ARCHIVED_PAIRWISE_V002_53F,reports/research/v004c_pairwise_v1_feature_contract_v002_20260506_20260630/v004c_pairwise_v1_input_table_v002.csv,-0.0707714488165448,ARCHIVED_PAIRWISE_V002_53F,reports/research/v004c_pairwise_v1_feature_contract_v002_20260506_20260630/v004c_pairwise_v1_input_table_v002.csv,0.0029644268774704,ARCHIVED_PAIRWISE_V002_53F,reports/research/v004c_pairwise_v1_feature_contract_v002_20260506_20260630/v004c_pairwise_v1_input_table_v002.csv
000767_2026-05-14,000767,2026-05-14,2026-05,2026-05-13,2026-05-14,2026-05-15,2026-05-18,2026-05-18,BOARD2,8,0.41468759457855664,6,1,0,0,0,0.0957446808511,0.07,-0.0349075975359343,ARCHIVED_PAIRWISE_V002_53F,reports/research/v004c_pairwise_v1_feature_contract_v002_20260506_20260630/v004c_pairwise_v1_input_table_v002.csv,-0.1637010676156584,ARCHIVED_PAIRWISE_V002_53F,reports/research/v004c_pairwise_v1_feature_contract_v002_20260506_20260630/v004c_pairwise_v1_input_table_v002.csv,-0.0848647591773866,ARCHIVED_PAIRWISE_V002_53F,reports/research/v004c_pairwise_v1_feature_contract_v002_20260506_20260630/v004c_pairwise_v1_input_table_v002.csv,0.0021321961620468,ARCHIVED_PAIRWISE_V002_53F,reports/research/v004c_pairwise_v1_feature_contract_v002_20260506_20260630/v004c_pairwise_v1_input_table_v002.csv
000925_2026-05-14,000925,2026-05-14,2026-05,2026-05-13,2026-05-14,2026-05-15,2026-05-18,2026-05-18,BOARD2,8,0.4092271771483522,7,0,0,1,0,-0.0422680412371,-0.0422680412371,0.0,ARCHIVED_PAIRWISE_V002_53F,reports/research/v004c_pairwise_v1_feature_contract_v002_20260506_20260630/v004c_pairwise_v1_input_table_v002.csv,-0.0632688927943762,ARCHIVED_PAIRWISE_V002_53F,reports/research/v004c_pairwise_v1_feature_contract_v002_20260506_20260630/v004c_pairwise_v1_input_table_v002.csv,-0.0221381075477007,ARCHIVED_PAIRWISE_V002_53F,reports/research/v004c_pairwise_v1_feature_contract_v002_20260506_20260630/v004c_pairwise_v1_input_table_v002.csv,0.0,ARCHIVED_PAIRWISE_V002_53F,reports/research/v004c_pairwise_v1_feature_contract_v002_20260506_20260630/v004c_pairwise_v1_input_table_v002.csv
000601_2026-05-14,000601,2026-05-14,2026-05,2026-05-13,2026-05-14,2026-05-15,2026-05-18,2026-05-18,BOARD2,8,0.40663666972349,8,0,0,1,0,-0.0171358629131,-0.0171358629131,-0.0340375586854458,ARCHIVED_PAIRWISE_V002_53F,reports/research/v004c_pairwise_v1_feature_contract_v002_20260506_20260630/v004c_pairwise_v1_input_table_v002.csv,-0.1593462717058221,ARCHIVED_PAIRWISE_V002_53F,reports/research/v004c_pairwise_v1_feature_contract_v002_20260506_20260630/v004c_pairwise_v1_input_table_v002.csv,-0.0741110875049106,ARCHIVED_PAIRWISE_V002_53F,reports/research/v004c_pairwise_v1_feature_contract_v002_20260506_20260630/v004c_pairwise_v1_input_table_v002.csv,0.008578431372549,ARCHIVED_PAIRWISE_V002_53F,reports/research/v004c_pairwise_v1_feature_contract_v002_20260506_20260630/v004c_pairwise_v1_input_table_v002.csv
603052_2026-05-15,603052,2026-05-15,2026-05,2026-05-14,2026-05-15,2026-05-18,2026-05-19,2026-05-19,BOARD3,11,0.43606883309371364,1,0,0,1,0,-0.0315454545455,-0.0315454545455,-0.0226528854435831,ARCHIVED_PAIRWISE_V002_53F,reports/research/v004c_pairwise_v1_feature_contract_v002_20260506_20260630/v004c_pairwise_v1_input_table_v002.csv,-0.0123596483593002,ARCHIVED_PAIRWISE_V002_53F,reports/research/v004c_pairwise_v1_feature_contract_v002_20260506_20260630/v004c_pairwise_v1_input_table_v002.csv,-0.0146055786052703,ARCHIVED_PAIRWISE_V002_53F,reports/research/v004c_pairwise_v1_feature_contract_v002_20260506_20260630/v004c_pairwise_v1_input_table_v002.csv,0.0402456912357902,ARCHIVED_PAIRWISE_V002_53F,reports/research/v004c_pairwise_v1_feature_contract_v002_20260506_20260630/v004c_pairwise_v1_input_table_v002.csv
002940_2026-05-15,002940,2026-05-15,2026-05,2026-05-14,2026-05-15,2026-05-18,2026-05-19,2026-05-19,BOARD2,11,0.4340423881068359,2,0,1,0,0,0.0470054879504,0.0470054879504,0.0342105263157894,ARCHIVED_PAIRWISE_V002_53F,reports/research/v004c_pairwise_v1_feature_contract_v002_20260506_20260630/v004c_pairwise_v1_input_table_v002.csv,0.05878030859662,ARCHIVED_PAIRWISE_V002_53F,reports/research/v004c_pairwise_v1_feature_contract_v002_20260506_20260630/v004c_pairwise_v1_input_table_v002.csv,0.0284216118726967,ARCHIVED_PAIRWISE_V002_53F,reports/research/v004c_pairwise_v1_feature_contract_v002_20260506_20260630/v004c_pairwise_v1_input_table_v002.csv,0.0810202550637658,ARCHIVED_PAIRWISE_V002_53F,reports/research/v004c_pairwise_v1_feature_contract_v002_20260506_20260630/v004c_pairwise_v1_input_table_v002.csv
001210_2026-05-15,001210,2026-05-15,2026-05,2026-05-14,2026-05-15,2026-05-18,2026-05-19,2026-05-19,BOARD2,11,0.43179254979830206,3,0,1,0,0,0.0627177700348,0.0627177700348,-0.0019821605550048,ARCHIVED_PAIRWISE_V002_53F,reports/research/v004c_pairwise_v1_feature_contract_v002_20260506_20260630/v004c_pairwise_v1_input_table_v002.csv,0.0789285714285714,ARCHIVED_PAIRWISE_V002_53F,reports/research/v004c_pairwise_v1_feature_contract_v002_20260506_20260630/v004c_pairwise_v1_input_table_v002.csv,0.0277479482033495,ARCHIVED_PAIRWISE_V002_53F,reports/research/v004c_pairwise_v1_feature_contract_v002_20260506_20260630/v004c_pairwise_v1_input_table_v002.csv,0.1005464480874317,ARCHIVED_PAIRWISE_V002_53F,reports/research/v004c_pairwise_v1_feature_contract_v002_20260506_20260630/v004c_pairwise_v1_input_table_v002.csv
001223_2026-05-15,001223,2026-05-15,2026-05,2026-05-14,2026-05-15,2026-05-18,2026-05-19,2026-05-19,BOARD2,11,0.42725491510299307,4,0,0,1,0,-0.0146305779078,-0.0146305779078,-0.0203508771929824,ARCHIVED_PAIRWISE_V002_53F,reports/research/v004c_pairwise_v1_feature_contract_v002_20260506_20260630/v004c_pairwise_v1_input_table_v002.csv,-0.0092264017033357,ARCHIVED_PAIRWISE_V002_53F,reports/research/v004c_pairwise_v1_feature_contract_v002_20260506_20260630/v004c_pairwise_v1_input_table_v002.csv,-0.0172812109561101,ARCHIVED_PAIRWISE_V002_53F,reports/research/v004c_pairwise_v1_feature_contract_v002_20260506_20260630/v004c_pairwise_v1_input_table_v002.csv,0.0111545704766043,ARCHIVED_PAIRWISE_V002_53F,reports/research/v004c_pairwise_v1_feature_contract_v002_20260506_20260630/v004c_pairwise_v1_input_table_v002.csv
002208_2026-05-15,002208,2026-05-15,2026-05,2026-05-14,2026-05-15,2026-05-18,2026-05-19,2026-05-19,BOARD3,11,0.4259794028716063,5,1,0,0,0,0.0998248686515,0.07,0.0176470588235295,ARCHIVED_PAIRWISE_V002_53F,reports/research/v004c_pairwise_v1_feature_contract_v002_20260506_20260630/v004c_pairwise_v1_input_table_v002.csv,0.0586435492095871,ARCHIVED_PAIRWISE_V002_53F,reports/research/v004c_pairwise_v1_feature_contract_v002_20260506_20260630/v004c_pairwise_v1_input_table_v002.csv,0.02705065740332,ARCHIVED_PAIRWISE_V002_53F,reports/research/v004c_pairwise_v1_feature_contract_v002_20260506_20260630/v004c_pairwise_v1_input_table_v002.csv,0.1095670764297167,ARCHIVED_PAIRWISE_V002_53F,reports/research/v004c_pairwise_v1_feature_contract_v002_20260506_20260630/v004c_pairwise_v1_input_table_v002.csv
002782_2026-05-15,002782,2026-05-15,2026-05,2026-05-14,2026-05-15,2026-05-18,2026-05-19,2026-05-19,BOARD2,11,0.4190987129815954,6,1,0,0,0,0.0849390483681,0.07,-0.0081903276131045,ARCHIVED_PAIRWISE_V002_53F,reports/research/v004c_pairwise_v1_feature_contract_v002_20260506_20260630/v004c_pairwise_v1_input_table_v002.csv,-0.037107156380159,ARCHIVED_PAIRWISE_V002_53F,reports/research/v004c_pairwise_v1_feature_contract_v002_20260506_20260630/v004c_pairwise_v1_input_table_v002.csv,-0.0060300985021087,ARCHIVED_PAIRWISE_V002_53F,reports/research/v004c_pairwise_v1_feature_contract_v002_20260506_20260630/v004c_pairwise_v1_input_table_v002.csv,0.021285140562249,ARCHIVED_PAIRWISE_V002_53F,reports/research/v004c_pairwise_v1_feature_contract_v002_20260506_20260630/v004c_pairwise_v1_input_table_v002.csv
603007_2026-05-15,603007,2026-05-15,2026-05,2026-05-14,2026-05-15,2026-05-18,2026-05-19,2026-05-19,BOARD3,11,0.41186450865046,7,0,1,0,0,0.0202140309156,0.0202140309156,0.0035971223021582,ARCHIVED_PAIRWISE_V002_53F,reports/research/v004c_pairwise_v1_feature_contract_v002_20260506_20260630/v004c_pairwise_v1_input_table_v002.csv,-0.0802197802197802,ARCHIVED_PAIRWISE_V002_53F,reports/research/v004c_pairwise_v1_feature_contract_v002_20260506_20260630/v004c_pairwise_v1_input_table_v002.csv,-0.0103654892209988,ARCHIVED_PAIRWISE_V002_53F,reports/research/v004c_pairwise_v1_feature_contract_v002_20260506_20260630/v004c_pairwise_v1_input_table_v002.csv,0.0048019207683072,ARCHIVED_PAIRWISE_V002_53F,reports/research/v004c_pairwise_v1_feature_contract_v002_20260506_20260630/v004c_pairwise_v1_input_table_v002.csv
603093_2026-05-15,603093,2026-05-15,2026-05,2026-05-14,2026-05-15,2026-05-18,2026-05-19,2026-05-19,BOARD2,11,0.41101935743745394,8,1,0,0,0,0.0962138084633,0.07,0.0,ARCHIVED_PAIRWISE_V002_53F,reports/research/v004c_pairwise_v1_feature_contract_v002_20260506_20260630/v004c_pairwise_v1_input_table_v002.csv,-0.0735586481113319,ARCHIVED_PAIRWISE_V002_53F,reports/research/v004c_pairwise_v1_feature_contract_v002_20260506_20260630/v004c_pairwise_v1_input_table_v002.csv,-0.0349193625793103,ARCHIVED_PAIRWISE_V002_53F,reports/research/v004c_pairwise_v1_feature_contract_v002_20260506_20260630/v004c_pairwise_v1_input_table_v002.csv,0.0,ARCHIVED_PAIRWISE_V002_53F,reports/research/v004c_pairwise_v1_feature_contract_v002_20260506_20260630/v004c_pairwise_v1_input_table_v002.csv
600156_2026-05-15,600156,2026-05-15,2026-05,2026-05-14,2026-05-15,2026-05-18,2026-05-19,2026-05-19,BOARD2,11,0.40958869915670393,9,1,0,0,0,0.0793650793651,0.07,-0.0669515669515669,ARCHIVED_PAIRWISE_V002_53F,reports/research/v004c_pairwise_v1_feature_contract_v002_20260506_20260630/v004c_pairwise_v1_input_table_v002.csv,-0.1196236559139786,ARCHIVED_PAIRWISE_V002_53F,reports/research/v004c_pairwise_v1_feature_contract_v002_20260506_20260630/v004c_pairwise_v1_input_table_v002.csv,-0.094912000124129,ARCHIVED_PAIRWISE_V002_53F,reports/research/v004c_pairwise_v1_feature_contract_v002_20260506_20260630/v004c_pairwise_v1_input_table_v002.csv,0.0258418167580266,ARCHIVED_PAIRWISE_V002_53F,reports/research/v004c_pairwise_v1_feature_contract_v002_20260506_20260630/v004c_pairwise_v1_input_table_v002.csv
600857_2026-05-15,600857,2026-05-15,2026-05,2026-05-14,2026-05-15,2026-05-18,2026-05-19,2026-05-19,BOARD2,11,0.40940475423625344,10,1,0,0,0,0.125475285171,0.07,-0.0049857549857549,ARCHIVED_PAIRWISE_V002_53F,reports/research/v004c_pairwise_v1_feature_contract_v002_20260506_20260630/v004c_pairwise_v1_input_table_v002.csv,-0.1016077170418006,ARCHIVED_PAIRWISE_V002_53F,reports/research/v004c_pairwise_v1_feature_contract_v002_20260506_20260630/v004c_pairwise_v1_input_table_v002.csv,-0.0206133292188097,ARCHIVED_PAIRWISE_V002_53F,reports/research/v004c_pairwise_v1_feature_contract_v002_20260506_20260630/v004c_pairwise_v1_input_table_v002.csv,0.0,ARCHIVED_PAIRWISE_V002_53F,reports/research/v004c_pairwise_v1_feature_contract_v002_20260506_20260630/v004c_pairwise_v1_input_table_v002.csv
600903_2026-05-15,600903,2026-05-15,2026-05,2026-05-14,2026-05-15,2026-05-18,2026-05-19,2026-05-19,BOARD2,11,0.40746436266161523,11,1,0,0,0,0.271653543307,0.07,-0.0049689440993789,ARCHIVED_PAIRWISE_V002_53F,reports/research/v004c_pairwise_v1_feature_contract_v002_20260506_20260630/v004c_pairwise_v1_input_table_v002.csv,0.0269230769230768,ARCHIVED_PAIRWISE_V002_53F,reports/research/v004c_pairwise_v1_feature_contract_v002_20260506_20260630/v004c_pairwise_v1_input_table_v002.csv,0.0237751134267509,ARCHIVED_PAIRWISE_V002_53F,reports/research/v004c_pairwise_v1_feature_contract_v002_20260506_20260630/v004c_pairwise_v1_input_table_v002.csv,0.0883152173913042,ARCHIVED_PAIRWISE_V002_53F,reports/research/v004c_pairwise_v1_feature_contract_v002_20260506_20260630/v004c_pairwise_v1_input_table_v002.csv
002971_2026-05-18,002971,2026-05-18,2026-05,2026-05-15,2026-05-18,2026-05-19,2026-05-20,2026-05-20,BOARD2,1,0.4436775549491084,1,0,1,0,0,0.046664909043,0.046664909043,-0.0256594724220623,ARCHIVED_PAIRWISE_V002_53F,reports/research/v004c_pairwise_v1_feature_contract_v002_20260506_20260630/v004c_pairwise_v1_input_table_v002.csv,-0.0090243902439023,ARCHIVED_PAIRWISE_V002_53F,reports/research/v004c_pairwise_v1_feature_contract_v002_20260506_20260630/v004c_pairwise_v1_input_table_v002.csv,-0.0366412221065935,ARCHIVED_PAIRWISE_V002_53F,reports/research/v004c_pairwise_v1_feature_contract_v002_20260506_20260630/v004c_pairwise_v1_input_table_v002.csv,0.0450102880658436,ARCHIVED_PAIRWISE_V002_53F,reports/research/v004c_pairwise_v1_feature_contract_v002_20260506_20260630/v004c_pairwise_v1_input_table_v002.csv
003018_2026-05-19,003018,2026-05-19,2026-05,2026-05-18,2026-05-19,2026-05-20,2026-05-21,2026-05-21,BOARD3,4,0.431881344860554,1,1,0,0,0,0.0713531452708,0.07,0.0071179766772679,ARCHIVED_PAIRWISE_V002_53F,reports/research/v004c_pairwise_v1_feature_contract_v002_20260506_20260630/v004c_pairwise_v1_input_table_v002.csv,-0.036231884057971,ARCHIVED_PAIRWISE_V002_53F,reports/research/v004c_pairwise_v1_feature_contract_v002_20260506_20260630/v004c_pairwise_v1_input_table_v002.csv,-0.0161805679666554,ARCHIVED_PAIRWISE_V002_53F,reports/research/v004c_pairwise_v1_feature_contract_v002_20260506_20260630/v004c_pairwise_v1_input_table_v002.csv,0.0308479305534024,ARCHIVED_PAIRWISE_V002_53F,reports/research/v004c_pairwise_v1_feature_contract_v002_20260506_20260630/v004c_pairwise_v1_input_table_v002.csv
601133_2026-05-19,601133,2026-05-19,2026-05,2026-05-18,2026-05-19,2026-05-20,2026-05-21,2026-05-21,BOARD2,4,0.4298674713935915,2,1,0,0,0,0.190651085142,0.07,0.0191919191919192,ARCHIVED_PAIRWISE_V002_53F,reports/research/v004c_pairwise_v1_feature_contract_v002_20260506_20260630/v004c_pairwise_v1_input_table_v002.csv,-0.0235483870967742,ARCHIVED_PAIRWISE_V002_53F,reports/research/v004c_pairwise_v1_feature_contract_v002_20260506_20260630/v004c_pairwise_v1_input_table_v002.csv,0.0138853270063605,ARCHIVED_PAIRWISE_V002_53F,reports/research/v004c_pairwise_v1_feature_contract_v002_20260506_20260630/v004c_pairwise_v1_input_table_v002.csv,0.0441531562607796,ARCHIVED_PAIRWISE_V002_53F,reports/research/v004c_pairwise_v1_feature_contract_v002_20260506_20260630/v004c_pairwise_v1_input_table_v002.csv
002374_2026-05-19,002374,2026-05-19,2026-05,2026-05-18,2026-05-19,2026-05-20,2026-05-21,2026-05-21,BOARD2,4,0.4183783939775374,3,0,1,0,0,0.0236842105263,0.0236842105263,0.0132978723404255,ARCHIVED_PAIRWISE_V002_53F,reports/research/v004c_pairwise_v1_feature_contract_v002_20260506_20260630/v004c_pairwise_v1_input_table_v002.csv,0.0297297297297296,ARCHIVED_PAIRWISE_V002_53F,reports/research/v004c_pairwise_v1_feature_contract_v002_20260506_20260630/v004c_pairwise_v1_input_table_v002.csv,0.0027475236056564,ARCHIVED_PAIRWISE_V002_53F,reports/research/v004c_pairwise_v1_feature_contract_v002_20260506_20260630/v004c_pairwise_v1_input_table_v002.csv,0.0297297297297296,ARCHIVED_PAIRWISE_V002_53F,reports/research/v004c_pairwise_v1_feature_contract_v002_20260506_20260630/v004c_pairwise_v1_input_table_v002.csv
601678_2026-05-19,601678,2026-05-19,2026-05,2026-05-18,2026-05-19,2026-05-20,2026-05-21,2026-05-21,BOARD2,4,0.417365580925432,4,0,1,0,0,0.0402576489533,0.0402576489533,0.0081433224755702,ARCHIVED_PAIRWISE_V002_53F,reports/research/v004c_pairwise_v1_feature_contract_v002_20260506_20260630/v004c_pairwise_v1_input_table_v002.csv,-0.031298904538341,ARCHIVED_PAIRWISE_V002_53F,reports/research/v004c_pairwise_v1_feature_contract_v002_20260506_20260630/v004c_pairwise_v1_input_table_v002.csv,0.001664836131243,ARCHIVED_PAIRWISE_V002_53F,reports/research/v004c_pairwise_v1_feature_contract_v002_20260506_20260630/v004c_pairwise_v1_input_table_v002.csv,0.0316666666666667,ARCHIVED_PAIRWISE_V002_53F,reports/research/v004c_pairwise_v1_feature_contract_v002_20260506_20260630/v004c_pairwise_v1_input_table_v002.csv
603115_2026-05-20,603115,2026-05-20,2026-05,2026-05-19,2026-05-20,2026-05-21,2026-05-22,2026-05-22,BOARD2,10,0.44118411718423683,1,1,0,0,0,0.205409887035,0.07,0.0151940888750128,ARCHIVED_PAIRWISE_V002_53F,reports/research/v004c_pairwise_v1_feature_contract_v002_20260506_20260630/v004c_pairwise_v1_input_table_v002.csv,0.0720958347071107,ARCHIVED_PAIRWISE_V002_53F,reports/research/v004c_pairwise_v1_feature_contract_v002_20260506_20260630/v004c_pairwise_v1_input_table_v002.csv,0.0195369031803276,ARCHIVED_PAIRWISE_V002_53F,reports/research/v004c_pairwise_v1_feature_contract_v002_20260506_20260630/v004c_pairwise_v1_input_table_v002.csv,0.0720958347071107,ARCHIVED_PAIRWISE_V002_53F,reports/research/v004c_pairwise_v1_feature_contract_v002_20260506_20260630/v004c_pairwise_v1_input_table_v002.csv
002552_2026-05-20,002552,2026-05-20,2026-05,2026-05-19,2026-05-20,2026-05-21,2026-05-22,2026-05-22,BOARD2,10,0.4356676182595514,2,1,0,0,0,0.0844226579521,0.07,0.0143748304854895,ARCHIVED_PAIRWISE_V002_53F,reports/research/v004c_pairwise_v1_feature_contract_v002_20260506_20260630/v004c_pairwise_v1_input_table_v002.csv,-0.0293277965221905,ARCHIVED_PAIRWISE_V002_53F,reports/research/v004c_pairwise_v1_feature_contract_v002_20260506_20260630/v004c_pairwise_v1_input_table_v002.csv,0.0047315701162475,ARCHIVED_PAIRWISE_V002_53F,reports/research/v004c_pairwise_v1_feature_contract_v002_20260506_20260630/v004c_pairwise_v1_input_table_v002.csv,0.0365853658536585,ARCHIVED_PAIRWISE_V002_53F,reports/research/v004c_pairwise_v1_feature_contract_v002_20260506_20260630/v004c_pairwise_v1_input_table_v002.csv
002208_2026-05-20,002208,2026-05-20,2026-05,2026-05-19,2026-05-20,2026-05-21,2026-05-22,2026-05-22,BOARD2,10,0.43483455065016136,3,0,0,1,1,-0.0725490196078,-0.0725490196078,0.0443906376109766,ARCHIVED_PAIRWISE_V002_53F,reports/research/v004c_pairwise_v1_feature_contract_v002_20260506_20260630/v004c_pairwise_v1_input_table_v002.csv,0.0769870994590093,ARCHIVED_PAIRWISE_V002_53F,reports/research/v004c_pairwise_v1_feature_contract_v002_20260506_20260630/v004c_pairwise_v1_input_table_v002.csv,0.0323077271103087,ARCHIVED_PAIRWISE_V002_53F,reports/research/v004c_pairwise_v1_feature_contract_v002_20260506_20260630/v004c_pairwise_v1_input_table_v002.csv,0.0961457009741634,ARCHIVED_PAIRWISE_V002_53F,reports/research/v004c_pairwise_v1_feature_contract_v002_20260506_20260630/v004c_pairwise_v1_input_table_v002.csv
603989_2026-05-20,603989,2026-05-20,2026-05,2026-05-19,2026-05-20,2026-05-21,2026-05-22,2026-05-22,BOARD2,10,0.4242260727296164,4,1,0,0,0,0.11015625,0.07,-0.0007773027594247,ARCHIVED_PAIRWISE_V002_53F,reports/research/v004c_pairwise_v1_feature_contract_v002_20260506_20260630/v004c_pairwise_v1_input_table_v002.csv,0.0383683360258482,ARCHIVED_PAIRWISE_V002_53F,reports/research/v004c_pairwise_v1_feature_contract_v002_20260506_20260630/v004c_pairwise_v1_input_table_v002.csv,0.0079033455675041,ARCHIVED_PAIRWISE_V002_53F,reports/research/v004c_pairwise_v1_feature_contract_v002_20260506_20260630/v004c_pairwise_v1_input_table_v002.csv,0.0519639934533551,ARCHIVED_PAIRWISE_V002_53F,reports/research/v004c_pairwise_v1_feature_contract_v002_20260506_20260630/v004c_pairwise_v1_input_table_v002.csv
603311_2026-05-20,603311,2026-05-20,2026-05,2026-05-19,2026-05-20,2026-05-21,2026-05-22,2026-05-22,BOARD3,10,0.42203071119870095,5,1,0,0,0,0.172352523099,0.07,0.0596296296296297,ARCHIVED_PAIRWISE_V002_53F,reports/research/v004c_pairwise_v1_feature_contract_v002_20260506_20260630/v004c_pairwise_v1_input_table_v002.csv,0.0679357969391565,ARCHIVED_PAIRWISE_V002_53F,reports/research/v004c_pairwise_v1_feature_contract_v002_20260506_20260630/v004c_pairwise_v1_input_table_v002.csv,0.0393819681106892,ARCHIVED_PAIRWISE_V002_53F,reports/research/v004c_pairwise_v1_feature_contract_v002_20260506_20260630/v004c_pairwise_v1_input_table_v002.csv,0.1175781249999999,ARCHIVED_PAIRWISE_V002_53F,reports/research/v004c_pairwise_v1_feature_contract_v002_20260506_20260630/v004c_pairwise_v1_input_table_v002.csv
600850_2026-05-20,600850,2026-05-20,2026-05,2026-05-19,2026-05-20,2026-05-21,2026-05-22,2026-05-22,BOARD2,10,0.42135675256446464,6,0,1,0,0,0.038338658147,0.038338658147,0.0031208203299153,ARCHIVED_PAIRWISE_V002_53F,reports/research/v004c_pairwise_v1_feature_contract_v002_20260506_20260630/v004c_pairwise_v1_input_table_v002.csv,-0.0217391304347825,ARCHIVED_PAIRWISE_V002_53F,reports/research/v004c_pairwise_v1_feature_contract_v002_20260506_20260630/v004c_pairwise_v1_input_table_v002.csv,-0.021290430548415,ARCHIVED_PAIRWISE_V002_53F,reports/research/v004c_pairwise_v1_feature_contract_v002_20260506_20260630/v004c_pairwise_v1_input_table_v002.csv,0.0103277952402335,ARCHIVED_PAIRWISE_V002_53F,reports/research/v004c_pairwise_v1_feature_contract_v002_20260506_20260630/v004c_pairwise_v1_input_table_v002.csv
605218_2026-05-20,605218,2026-05-20,2026-05,2026-05-19,2026-05-20,2026-05-21,2026-05-22,2026-05-22,BOARD2,10,0.4093149232734576,7,0,0,1,0,-0.0201499531396,-0.0201499531396,-0.0028585040495473,ARCHIVED_PAIRWISE_V002_53F,reports/research/v004c_pairwise_v1_feature_contract_v002_20260506_20260630/v004c_pairwise_v1_input_table_v002.csv,-0.0173708920187793,ARCHIVED_PAIRWISE_V002_53F,reports/research/v004c_pairwise_v1_feature_contract_v002_20260506_20260630/v004c_pairwise_v1_input_table_v002.csv,-0.0228794510906474,ARCHIVED_PAIRWISE_V002_53F,reports/research/v004c_pairwise_v1_feature_contract_v002_20260506_20260630/v004c_pairwise_v1_input_table_v002.csv,0.0038369304556354,ARCHIVED_PAIRWISE_V002_53F,reports/research/v004c_pairwise_v1_feature_contract_v002_20260506_20260630/v004c_pairwise_v1_input_table_v002.csv
600903_2026-05-20,600903,2026-05-20,2026-05,2026-05-19,2026-05-20,2026-05-21,2026-05-22,2026-05-22,BOARD2,10,0.40855049840033886,8,1,0,0,0,0.145317545748,0.07,-0.0400390625,ARCHIVED_PAIRWISE_V002_53F,reports/research/v004c_pairwise_v1_feature_contract_v002_20260506_20260630/v004c_pairwise_v1_input_table_v002.csv,-0.0447035957240038,ARCHIVED_PAIRWISE_V002_53F,reports/research/v004c_pairwise_v1_feature_contract_v002_20260506_20260630/v004c_pairwise_v1_input_table_v002.csv,-0.0517165284051265,ARCHIVED_PAIRWISE_V002_53F,reports/research/v004c_pairwise_v1_feature_contract_v002_20260506_20260630/v004c_pairwise_v1_input_table_v002.csv,0.00203873598369,ARCHIVED_PAIRWISE_V002_53F,reports/research/v004c_pairwise_v1_feature_contract_v002_20260506_20260630/v004c_pairwise_v1_input_table_v002.csv
603206_2026-05-20,603206,2026-05-20,2026-05,2026-05-19,2026-05-20,2026-05-21,2026-05-22,2026-05-22,BOARD2,10,0.4076379469277678,9,0,0,1,0,-0.00410888546482,-0.00410888546482,-0.0285852713178293,ARCHIVED_PAIRWISE_V002_53F,reports/research/v004c_pairwise_v1_feature_contract_v002_20260506_20260630/v004c_pairwise_v1_input_table_v002.csv,-0.0802752293577981,ARCHIVED_PAIRWISE_V002_53F,reports/research/v004c_pairwise_v1_feature_contract_v002_20260506_20260630/v004c_pairwise_v1_input_table_v002.csv,-0.0782054491329051,ARCHIVED_PAIRWISE_V002_53F,reports/research/v004c_pairwise_v1_feature_contract_v002_20260506_20260630/v004c_pairwise_v1_input_table_v002.csv,0.0050125313283208,ARCHIVED_PAIRWISE_V002_53F,reports/research/v004c_pairwise_v1_feature_contract_v002_20260506_20260630/v004c_pairwise_v1_input_table_v002.csv
600758_2026-05-20,600758,2026-05-20,2026-05,2026-05-19,2026-05-20,2026-05-21,2026-05-22,2026-05-22,BOARD2,10,0.40096690900358306,10,0,1,0,0,0.0168067226891,0.0168067226891,-0.0143149284253577,ARCHIVED_PAIRWISE_V002_53F,reports/research/v004c_pairwise_v1_feature_contract_v002_20260506_20260630/v004c_pairwise_v1_input_table_v002.csv,-0.071290944123314,ARCHIVED_PAIRWISE_V002_53F,reports/research/v004c_pairwise_v1_feature_contract_v002_20260506_20260630/v004c_pairwise_v1_input_table_v002.csv,-0.0659009740542337,ARCHIVED_PAIRWISE_V002_53F,reports/research/v004c_pairwise_v1_feature_contract_v002_20260506_20260630/v004c_pairwise_v1_input_table_v002.csv,0.0147368421052632,ARCHIVED_PAIRWISE_V002_53F,reports/research/v004c_pairwise_v1_feature_contract_v002_20260506_20260630/v004c_pairwise_v1_input_table_v002.csv
605288_2026-05-21,605288,2026-05-21,2026-05,2026-05-20,2026-05-21,2026-05-22,2026-05-25,2026-05-25,BOARD2,6,0.4375377366706857,1,0,1,0,0,0.0422794117647,0.0422794117647,0.0417048579285059,ARCHIVED_PAIRWISE_V002_53F,reports/research/v004c_pairwise_v1_feature_contract_v002_20260506_20260630/v004c_pairwise_v1_input_table_v002.csv,0.1316339739121776,ARCHIVED_PAIRWISE_V002_53F,reports/research/v004c_pairwise_v1_feature_contract_v002_20260506_20260630/v004c_pairwise_v1_input_table_v002.csv,0.0562065123315072,ARCHIVED_PAIRWISE_V002_53F,reports/research/v004c_pairwise_v1_feature_contract_v002_20260506_20260630/v004c_pairwise_v1_input_table_v002.csv,0.1316339739121776,ARCHIVED_PAIRWISE_V002_53F,reports/research/v004c_pairwise_v1_feature_contract_v002_20260506_20260630/v004c_pairwise_v1_input_table_v002.csv
600563_2026-05-21,600563,2026-05-21,2026-05,2026-05-20,2026-05-21,2026-05-22,2026-05-25,2026-05-25,BOARD2,6,0.43712535828544397,2,1,0,0,0,0.103625,0.07,-0.0397186344066459,ARCHIVED_PAIRWISE_V002_53F,reports/research/v004c_pairwise_v1_feature_contract_v002_20260506_20260630/v004c_pairwise_v1_input_table_v002.csv,-0.0573809523809523,ARCHIVED_PAIRWISE_V002_53F,reports/research/v004c_pairwise_v1_feature_contract_v002_20260506_20260630/v004c_pairwise_v1_input_table_v002.csv,-0.043052719654995,ARCHIVED_PAIRWISE_V002_53F,reports/research/v004c_pairwise_v1_feature_contract_v002_20260506_20260630/v004c_pairwise_v1_input_table_v002.csv,0.0138933350406557,ARCHIVED_PAIRWISE_V002_53F,reports/research/v004c_pairwise_v1_feature_contract_v002_20260506_20260630/v004c_pairwise_v1_input_table_v002.csv
603938_2026-05-21,603938,2026-05-21,2026-05,2026-05-20,2026-05-21,2026-05-22,2026-05-25,2026-05-25,BOARD3,6,0.4294248319213382,3,0,0,1,0,-0.0416666666667,-0.0416666666667,-0.0402277039848197,ARCHIVED_PAIRWISE_V002_53F,reports/research/v004c_pairwise_v1_feature_contract_v002_20260506_20260630/v004c_pairwise_v1_input_table_v002.csv,-0.1091933779499824,ARCHIVED_PAIRWISE_V002_53F,reports/research/v004c_pairwise_v1_feature_contract_v002_20260506_20260630/v004c_pairwise_v1_input_table_v002.csv,-0.053166018417989,ARCHIVED_PAIRWISE_V002_53F,reports/research/v004c_pairwise_v1_feature_contract_v002_20260506_20260630/v004c_pairwise_v1_input_table_v002.csv,0.0055666003976143,ARCHIVED_PAIRWISE_V002_53F,reports/research/v004c_pairwise_v1_feature_contract_v002_20260506_20260630/v004c_pairwise_v1_input_table_v002.csv
002272_2026-05-21,002272,2026-05-21,2026-05,2026-05-20,2026-05-21,2026-05-22,2026-05-25,2026-05-25,BOARD3,6,0.4158450156561248,4,1,0,0,0,0.0904325032765,0.07,-0.0543386689132265,ARCHIVED_PAIRWISE_V002_53F,reports/research/v004c_pairwise_v1_feature_contract_v002_20260506_20260630/v004c_pairwise_v1_input_table_v002.csv,-0.0859120521172638,ARCHIVED_PAIRWISE_V002_53F,reports/research/v004c_pairwise_v1_feature_contract_v002_20260506_20260630/v004c_pairwise_v1_input_table_v002.csv,-0.0567901156502176,ARCHIVED_PAIRWISE_V002_53F,reports/research/v004c_pairwise_v1_feature_contract_v002_20260506_20260630/v004c_pairwise_v1_input_table_v002.csv,0.0,ARCHIVED_PAIRWISE_V002_53F,reports/research/v004c_pairwise_v1_feature_contract_v002_20260506_20260630/v004c_pairwise_v1_input_table_v002.csv
002782_2026-05-21,002782,2026-05-21,2026-05,2026-05-20,2026-05-21,2026-05-22,2026-05-25,2026-05-25,BOARD2,6,0.40855207437222446,5,0,1,0,0,0.039652173913,0.039652173913,-0.0365562008882814,ARCHIVED_PAIRWISE_V002_53F,reports/research/v004c_pairwise_v1_feature_contract_v002_20260506_20260630/v004c_pairwise_v1_input_table_v002.csv,-0.0711462450592885,ARCHIVED_PAIRWISE_V002_53F,reports/research/v004c_pairwise_v1_feature_contract_v002_20260506_20260630/v004c_pairwise_v1_input_table_v002.csv,-0.0414837473814787,ARCHIVED_PAIRWISE_V002_53F,reports/research/v004c_pairwise_v1_feature_contract_v002_20260506_20260630/v004c_pairwise_v1_input_table_v002.csv,0.0046312789454933,ARCHIVED_PAIRWISE_V002_53F,reports/research/v004c_pairwise_v1_feature_contract_v002_20260506_20260630/v004c_pairwise_v1_input_table_v002.csv
000417_2026-05-21,000417,2026-05-21,2026-05,2026-05-20,2026-05-21,2026-05-22,2026-05-25,2026-05-25,BOARD3,6,0.40520268303037477,6,1,0,0,0,0.101020408163,0.07,-0.1116412213740457,ARCHIVED_PAIRWISE_V002_53F,reports/research/v004c_pairwise_v1_feature_contract_v002_20260506_20260630/v004c_pairwise_v1_input_table_v002.csv,-0.1116412213740457,ARCHIVED_PAIRWISE_V002_53F,reports/research/v004c_pairwise_v1_feature_contract_v002_20260506_20260630/v004c_pairwise_v1_input_table_v002.csv,-0.0682421842313587,ARCHIVED_PAIRWISE_V002_53F,reports/research/v004c_pairwise_v1_feature_contract_v002_20260506_20260630/v004c_pairwise_v1_input_table_v002.csv,0.009761388286334,ARCHIVED_PAIRWISE_V002_53F,reports/research/v004c_pairwise_v1_feature_contract_v002_20260506_20260630/v004c_pairwise_v1_input_table_v002.csv
003004_2026-05-22,003004,2026-05-22,2026-05,2026-05-21,2026-05-22,2026-05-25,2026-05-26,2026-05-26,BOARD2,1,0.4436775549491084,1,1,0,0,0,0.126801152738,0.07,0.033623910336239,ARCHIVED_PAIRWISE_V002_53F,reports/research/v004c_pairwise_v1_feature_contract_v002_20260506_20260630/v004c_pairwise_v1_input_table_v002.csv,0.0163265306122448,ARCHIVED_PAIRWISE_V002_53F,reports/research/v004c_pairwise_v1_feature_contract_v002_20260506_20260630/v004c_pairwise_v1_input_table_v002.csv,0.0222463379657602,ARCHIVED_PAIRWISE_V002_53F,reports/research/v004c_pairwise_v1_feature_contract_v002_20260506_20260630/v004c_pairwise_v1_input_table_v002.csv,0.0755939524838013,ARCHIVED_PAIRWISE_V002_53F,reports/research/v004c_pairwise_v1_feature_contract_v002_20260506_20260630/v004c_pairwise_v1_input_table_v002.csv
002931_2026-05-25,002931,2026-05-25,2026-05,2026-05-22,2026-05-25,2026-05-26,2026-05-27,2026-05-27,BOARD2,8,0.4386059074643583,1,0,1,0,0,0.0478995504573,0.0478995504573,-0.0307162121666166,ARCHIVED_PAIRWISE_V002_53F,reports/research/v004c_pairwise_v1_feature_contract_v002_20260506_20260630/v004c_pairwise_v1_input_table_v002.csv,-0.0363473856695962,ARCHIVED_PAIRWISE_V002_53F,reports/research/v004c_pairwise_v1_feature_contract_v002_20260506_20260630/v004c_pairwise_v1_input_table_v002.csv,-0.037492292267112,ARCHIVED_PAIRWISE_V002_53F,reports/research/v004c_pairwise_v1_feature_contract_v002_20260506_20260630/v004c_pairwise_v1_input_table_v002.csv,0.0031012560086835,ARCHIVED_PAIRWISE_V002_53F,reports/research/v004c_pairwise_v1_feature_contract_v002_20260506_20260630/v004c_pairwise_v1_input_table_v002.csv
002036_2026-05-25,002036,2026-05-25,2026-05,2026-05-22,2026-05-25,2026-05-26,2026-05-27,2026-05-27,BOARD2,8,0.4262401510332989,2,0,1,0,0,0.0373563218391,0.0373563218391,-0.0399999999999999,ARCHIVED_PAIRWISE_V002_53F,reports/research/v004c_pairwise_v1_feature_contract_v002_20260506_20260630/v004c_pairwise_v1_input_table_v002.csv,0.0009699321047527,ARCHIVED_PAIRWISE_V002_53F,reports/research/v004c_pairwise_v1_feature_contract_v002_20260506_20260630/v004c_pairwise_v1_input_table_v002.csv,-0.0171295481800178,ARCHIVED_PAIRWISE_V002_53F,reports/research/v004c_pairwise_v1_feature_contract_v002_20260506_20260630/v004c_pairwise_v1_input_table_v002.csv,0.0167487684729063,ARCHIVED_PAIRWISE_V002_53F,reports/research/v004c_pairwise_v1_feature_contract_v002_20260506_20260630/v004c_pairwise_v1_input_table_v002.csv
001225_2026-05-25,001225,2026-05-25,2026-05,2026-05-22,2026-05-25,2026-05-26,2026-05-27,2026-05-27,BOARD2,8,0.42567742083128857,3,0,1,0,0,0.0492430833478,0.0492430833478,-0.0427463277768609,ARCHIVED_PAIRWISE_V002_53F,reports/research/v004c_pairwise_v1_feature_contract_v002_20260506_20260630/v004c_pairwise_v1_input_table_v002.csv,-0.0333333333333333,ARCHIVED_PAIRWISE_V002_53F,reports/research/v004c_pairwise_v1_feature_contract_v002_20260506_20260630/v004c_pairwise_v1_input_table_v002.csv,-0.0425403023681083,ARCHIVED_PAIRWISE_V002_53F,reports/research/v004c_pairwise_v1_feature_contract_v002_20260506_20260630/v004c_pairwise_v1_input_table_v002.csv,0.012216404886562,ARCHIVED_PAIRWISE_V002_53F,reports/research/v004c_pairwise_v1_feature_contract_v002_20260506_20260630/v004c_pairwise_v1_input_table_v002.csv
000012_2026-05-25,000012,2026-05-25,2026-05,2026-05-22,2026-05-25,2026-05-26,2026-05-27,2026-05-27,BOARD2,8,0.42395156453612187,4,0,1,0,0,0.0617848970252,0.0617848970252,-0.0043290043290044,ARCHIVED_PAIRWISE_V002_53F,reports/research/v004c_pairwise_v1_feature_contract_v002_20260506_20260630/v004c_pairwise_v1_input_table_v002.csv,0.0430839002267573,ARCHIVED_PAIRWISE_V002_53F,reports/research/v004c_pairwise_v1_feature_contract_v002_20260506_20260630/v004c_pairwise_v1_input_table_v002.csv,0.0046836790094935,ARCHIVED_PAIRWISE_V002_53F,reports/research/v004c_pairwise_v1_feature_contract_v002_20260506_20260630/v004c_pairwise_v1_input_table_v002.csv,0.0672853828306264,ARCHIVED_PAIRWISE_V002_53F,reports/research/v004c_pairwise_v1_feature_contract_v002_20260506_20260630/v004c_pairwise_v1_input_table_v002.csv
000725_2026-05-25,000725,2026-05-25,2026-05,2026-05-22,2026-05-25,2026-05-26,2026-05-27,2026-05-27,BOARD2,8,0.42165820151736944,5,1,0,0,0,0.166666666667,0.07,0.0115163147792705,ARCHIVED_PAIRWISE_V002_53F,reports/research/v004c_pairwise_v1_feature_contract_v002_20260506_20260630/v004c_pairwise_v1_input_table_v002.csv,0.0193423597678916,ARCHIVED_PAIRWISE_V002_53F,reports/research/v004c_pairwise_v1_feature_contract_v002_20260506_20260630/v004c_pairwise_v1_input_table_v002.csv,0.009285584722082,ARCHIVED_PAIRWISE_V002_53F,reports/research/v004c_pairwise_v1_feature_contract_v002_20260506_20260630/v004c_pairwise_v1_input_table_v002.csv,0.0394477317554239,ARCHIVED_PAIRWISE_V002_53F,reports/research/v004c_pairwise_v1_feature_contract_v002_20260506_20260630/v004c_pairwise_v1_input_table_v002.csv
600611_2026-05-25,600611,2026-05-25,2026-05,2026-05-22,2026-05-25,2026-05-26,2026-05-27,2026-05-27,BOARD3,8,0.4168875272214881,6,0,0,1,1,-0.0594227504244,-0.0594227504244,-0.0080775444264944,ARCHIVED_PAIRWISE_V002_53F,reports/research/v004c_pairwise_v1_feature_contract_v002_20260506_20260630/v004c_pairwise_v1_input_table_v002.csv,-0.0682852807283763,ARCHIVED_PAIRWISE_V002_53F,reports/research/v004c_pairwise_v1_feature_contract_v002_20260506_20260630/v004c_pairwise_v1_input_table_v002.csv,-0.0127681671487309,ARCHIVED_PAIRWISE_V002_53F,reports/research/v004c_pairwise_v1_feature_contract_v002_20260506_20260630/v004c_pairwise_v1_input_table_v002.csv,0.0477815699658701,ARCHIVED_PAIRWISE_V002_53F,reports/research/v004c_pairwise_v1_feature_contract_v002_20260506_20260630/v004c_pairwise_v1_input_table_v002.csv
002442_2026-05-25,002442,2026-05-25,2026-05,2026-05-22,2026-05-25,2026-05-26,2026-05-27,2026-05-27,BOARD3,8,0.41409897448929944,7,0,1,0,0,0.00251256281407,0.00251256281407,-0.1199551569506727,ARCHIVED_PAIRWISE_V002_53F,reports/research/v004c_pairwise_v1_feature_contract_v002_20260506_20260630/v004c_pairwise_v1_input_table_v002.csv,-0.0861466821885914,ARCHIVED_PAIRWISE_V002_53F,reports/research/v004c_pairwise_v1_feature_contract_v002_20260506_20260630/v004c_pairwise_v1_input_table_v002.csv,-0.0409467971352873,ARCHIVED_PAIRWISE_V002_53F,reports/research/v004c_pairwise_v1_feature_contract_v002_20260506_20260630/v004c_pairwise_v1_input_table_v002.csv,0.0411140583554376,ARCHIVED_PAIRWISE_V002_53F,reports/research/v004c_pairwise_v1_feature_contract_v002_20260506_20260630/v004c_pairwise_v1_input_table_v002.csv
600303_2026-05-25,600303,2026-05-25,2026-05,2026-05-22,2026-05-25,2026-05-26,2026-05-27,2026-05-27,BOARD2,8,0.40242255262970417,8,0,1,0,0,0.00546448087432,0.00546448087432,-0.0026737967914438,ARCHIVED_PAIRWISE_V002_53F,reports/research/v004c_pairwise_v1_feature_contract_v002_20260506_20260630/v004c_pairwise_v1_input_table_v002.csv,-0.0675,ARCHIVED_PAIRWISE_V002_53F,reports/research/v004c_pairwise_v1_feature_contract_v002_20260506_20260630/v004c_pairwise_v1_input_table_v002.csv,-0.0198016913572315,ARCHIVED_PAIRWISE_V002_53F,reports/research/v004c_pairwise_v1_feature_contract_v002_20260506_20260630/v004c_pairwise_v1_input_table_v002.csv,0.0303867403314916,ARCHIVED_PAIRWISE_V002_53F,reports/research/v004c_pairwise_v1_feature_contract_v002_20260506_20260630/v004c_pairwise_v1_input_table_v002.csv
603256_2026-05-26,603256,2026-05-26,2026-05,2026-05-25,2026-05-26,2026-05-27,2026-05-28,2026-05-28,BOARD2,18,0.4392889135538114,1,1,0,0,0,0.0785286103542,0.07,0.0210426961301426,ARCHIVED_PAIRWISE_V002_53F,reports/research/v004c_pairwise_v1_feature_contract_v002_20260506_20260630/v004c_pairwise_v1_input_table_v002.csv,0.0489989162055786,ARCHIVED_PAIRWISE_V002_53F,reports/research/v004c_pairwise_v1_feature_contract_v002_20260506_20260630/v004c_pairwise_v1_input_table_v002.csv,0.0078989440099905,ARCHIVED_PAIRWISE_V002_53F,reports/research/v004c_pairwise_v1_feature_contract_v002_20260506_20260630/v004c_pairwise_v1_input_table_v002.csv,0.0691860465116279,ARCHIVED_PAIRWISE_V002_53F,reports/research/v004c_pairwise_v1_feature_contract_v002_20260506_20260630/v004c_pairwise_v1_input_table_v002.csv
002938_2026-05-26,002938,2026-05-26,2026-05,2026-05-25,2026-05-26,2026-05-27,2026-05-28,2026-05-28,BOARD2,18,0.43764089646548987,2,0,0,1,0,-0.0224137931034,-0.0224137931034,-0.0048897658059534,ARCHIVED_PAIRWISE_V002_53F,reports/research/v004c_pairwise_v1_feature_contract_v002_20260506_20260630/v004c_pairwise_v1_input_table_v002.csv,0.0,ARCHIVED_PAIRWISE_V002_53F,reports/research/v004c_pairwise_v1_feature_contract_v002_20260506_20260630/v004c_pairwise_v1_input_table_v002.csv,-0.0029853896456402,ARCHIVED_PAIRWISE_V002_53F,reports/research/v004c_pairwise_v1_feature_contract_v002_20260506_20260630/v004c_pairwise_v1_input_table_v002.csv,0.0364546104360257,ARCHIVED_PAIRWISE_V002_53F,reports/research/v004c_pairwise_v1_feature_contract_v002_20260506_20260630/v004c_pairwise_v1_input_table_v002.csv
002975_2026-05-26,002975,2026-05-26,2026-05,2026-05-25,2026-05-26,2026-05-27,2026-05-28,2026-05-28,BOARD2,18,0.433107337087948,3,0,1,0,0,0.0652070442646,0.0652070442646,-0.013367529338618,ARCHIVED_PAIRWISE_V002_53F,reports/research/v004c_pairwise_v1_feature_contract_v002_20260506_20260630/v004c_pairwise_v1_input_table_v002.csv,-0.0847152126892573,ARCHIVED_PAIRWISE_V002_53F,reports/research/v004c_pairwise_v1_feature_contract_v002_20260506_20260630/v004c_pairwise_v1_input_table_v002.csv,-0.0416563440442041,ARCHIVED_PAIRWISE_V002_53F,reports/research/v004c_pairwise_v1_feature_contract_v002_20260506_20260630/v004c_pairwise_v1_input_table_v002.csv,0.0047487138899881,ARCHIVED_PAIRWISE_V002_53F,reports/research/v004c_pairwise_v1_feature_contract_v002_20260506_20260630/v004c_pairwise_v1_input_table_v002.csv
603663_2026-05-26,603663,2026-05-26,2026-05,2026-05-25,2026-05-26,2026-05-27,2026-05-28,2026-05-28,BOARD2,18,0.43221755991630034,4,1,0,0,0,0.123469387755,0.07,-0.0046098685333789,ARCHIVED_PAIRWISE_V002_53F,reports/research/v004c_pairwise_v1_feature_contract_v002_20260506_20260630/v004c_pairwise_v1_input_table_v002.csv,0.0496939142960028,ARCHIVED_PAIRWISE_V002_53F,reports/research/v004c_pairwise_v1_feature_contract_v002_20260506_20260630/v004c_pairwise_v1_input_table_v002.csv,0.0011447322298736,ARCHIVED_PAIRWISE_V002_53F,reports/research/v004c_pairwise_v1_feature_contract_v002_20260506_20260630/v004c_pairwise_v1_input_table_v002.csv,0.0496939142960028,ARCHIVED_PAIRWISE_V002_53F,reports/research/v004c_pairwise_v1_feature_contract_v002_20260506_20260630/v004c_pairwise_v1_input_table_v002.csv
000636_2026-05-26,000636,2026-05-26,2026-05,2026-05-25,2026-05-26,2026-05-27,2026-05-28,2026-05-28,BOARD2,18,0.4314786770758673,5,1,0,0,0,0.158095238095,0.07,0.0031272552321386,ARCHIVED_PAIRWISE_V002_53F,reports/research/v004c_pairwise_v1_feature_contract_v002_20260506_20260630/v004c_pairwise_v1_input_table_v002.csv,-0.0099715099715098,ARCHIVED_PAIRWISE_V002_53F,reports/research/v004c_pairwise_v1_feature_contract_v002_20260506_20260630/v004c_pairwise_v1_input_table_v002.csv,-0.0029867107121852,ARCHIVED_PAIRWISE_V002_53F,reports/research/v004c_pairwise_v1_feature_contract_v002_20260506_20260630/v004c_pairwise_v1_input_table_v002.csv,0.0370554588410843,ARCHIVED_PAIRWISE_V002_53F,reports/research/v004c_pairwise_v1_feature_contract_v002_20260506_20260630/v004c_pairwise_v1_input_table_v002.csv
002980_2026-05-26,002980,2026-05-26,2026-05,2026-05-25,2026-05-26,2026-05-27,2026-05-28,2026-05-28,BOARD2,18,0.4293464077324696,6,0,1,0,0,0.0574722997928,0.0574722997928,-0.013916161529924,ARCHIVED_PAIRWISE_V002_53F,reports/research/v004c_pairwise_v1_feature_contract_v002_20260506_20260630/v004c_pairwise_v1_input_table_v002.csv,-0.1351553725196556,ARCHIVED_PAIRWISE_V002_53F,reports/research/v004c_pairwise_v1_feature_contract_v002_20260506_20260630/v004c_pairwise_v1_input_table_v002.csv,-0.0459330519738653,ARCHIVED_PAIRWISE_V002_53F,reports/research/v004c_pairwise_v1_feature_contract_v002_20260506_20260630/v004c_pairwise_v1_input_table_v002.csv,0.0024301336573511,ARCHIVED_PAIRWISE_V002_53F,reports/research/v004c_pairwise_v1_feature_contract_v002_20260506_20260630/v004c_pairwise_v1_input_table_v002.csv
603661_2026-05-26,603661,2026-05-26,2026-05,2026-05-25,2026-05-26,2026-05-27,2026-05-28,2026-05-28,BOARD3,18,0.4238978973204705,7,0,0,1,0,-0.00778097982709,-0.00778097982709,-0.0480182926829269,ARCHIVED_PAIRWISE_V002_53F,reports/research/v004c_pairwise_v1_feature_contract_v002_20260506_20260630/v004c_pairwise_v1_input_table_v002.csv,-0.0480182926829269,ARCHIVED_PAIRWISE_V002_53F,reports/research/v004c_pairwise_v1_feature_contract_v002_20260506_20260630/v004c_pairwise_v1_input_table_v002.csv,-0.0368005029084749,ARCHIVED_PAIRWISE_V002_53F,reports/research/v004c_pairwise_v1_feature_contract_v002_20260506_20260630/v004c_pairwise_v1_input_table_v002.csv,0.0088852988691437,ARCHIVED_PAIRWISE_V002_53F,reports/research/v004c_pairwise_v1_feature_contract_v002_20260506_20260630/v004c_pairwise_v1_input_table_v002.csv
603936_2026-05-26,603936,2026-05-26,2026-05,2026-05-25,2026-05-26,2026-05-27,2026-05-28,2026-05-28,BOARD2,18,0.4203016790447676,8,0,1,0,0,0.00308641975309,0.00308641975309,0.0065209052550823,ARCHIVED_PAIRWISE_V002_53F,reports/research/v004c_pairwise_v1_feature_contract_v002_20260506_20260630/v004c_pairwise_v1_input_table_v002.csv,0.0408568028560094,ARCHIVED_PAIRWISE_V002_53F,reports/research/v004c_pairwise_v1_feature_contract_v002_20260506_20260630/v004c_pairwise_v1_input_table_v002.csv,0.0081619320445573,ARCHIVED_PAIRWISE_V002_53F,reports/research/v004c_pairwise_v1_feature_contract_v002_20260506_20260630/v004c_pairwise_v1_input_table_v002.csv,0.0504403522818253,ARCHIVED_PAIRWISE_V002_53F,reports/research/v004c_pairwise_v1_feature_contract_v002_20260506_20260630/v004c_pairwise_v1_input_table_v002.csv
605580_2026-05-26,605580,2026-05-26,2026-05,2026-05-25,2026-05-26,2026-05-27,2026-05-28,2026-05-28,BOARD2,18,0.4196446444205408,9,1,0,0,0,0.1272,0.07,-0.0030792917628945,ARCHIVED_PAIRWISE_V002_53F,reports/research/v004c_pairwise_v1_feature_contract_v002_20260506_20260630/v004c_pairwise_v1_input_table_v002.csv,0.0502838605028386,ARCHIVED_PAIRWISE_V002_53F,reports/research/v004c_pairwise_v1_feature_contract_v002_20260506_20260630/v004c_pairwise_v1_input_table_v002.csv,0.0187418478079224,ARCHIVED_PAIRWISE_V002_53F,reports/research/v004c_pairwise_v1_feature_contract_v002_20260506_20260630/v004c_pairwise_v1_input_table_v002.csv,0.0859538784067084,ARCHIVED_PAIRWISE_V002_53F,reports/research/v004c_pairwise_v1_feature_contract_v002_20260506_20260630/v004c_pairwise_v1_input_table_v002.csv
002432_2026-05-26,002432,2026-05-26,2026-05,2026-05-25,2026-05-26,2026-05-27,2026-05-28,2026-05-28,BOARD2,18,0.4172885860705083,10,0,0,1,1,-0.0606593406593,-0.0606593406593,0.0334010381403746,ARCHIVED_PAIRWISE_V002_53F,reports/research/v004c_pairwise_v1_feature_contract_v002_20260506_20260630/v004c_pairwise_v1_input_table_v002.csv,-0.0075856090160382,ARCHIVED_PAIRWISE_V002_53F,reports/research/v004c_pairwise_v1_feature_contract_v002_20260506_20260630/v004c_pairwise_v1_input_table_v002.csv,0.0127093870961143,ARCHIVED_PAIRWISE_V002_53F,reports/research/v004c_pairwise_v1_feature_contract_v002_20260506_20260630/v004c_pairwise_v1_input_table_v002.csv,0.0440036479708162,ARCHIVED_PAIRWISE_V002_53F,reports/research/v004c_pairwise_v1_feature_contract_v002_20260506_20260630/v004c_pairwise_v1_input_table_v002.csv
600234_2026-05-26,600234,2026-05-26,2026-05,2026-05-25,2026-05-26,2026-05-27,2026-05-28,2026-05-28,BOARD2,18,0.4160443101677124,11,0,0,1,1,-0.0880968392737,-0.0880968392737,0.0190245589761328,ARCHIVED_PAIRWISE_V002_53F,reports/research/v004c_pairwise_v1_feature_contract_v002_20260506_20260630/v004c_pairwise_v1_input_table_v002.csv,0.0322354590049054,ARCHIVED_PAIRWISE_V002_53F,reports/research/v004c_pairwise_v1_feature_contract_v002_20260506_20260630/v004c_pairwise_v1_input_table_v002.csv,0.0207777490960636,ARCHIVED_PAIRWISE_V002_53F,reports/research/v004c_pairwise_v1_feature_contract_v002_20260506_20260630/v004c_pairwise_v1_input_table_v002.csv,0.0704941860465116,ARCHIVED_PAIRWISE_V002_53F,reports/research/v004c_pairwise_v1_feature_contract_v002_20260506_20260630/v004c_pairwise_v1_input_table_v002.csv
002897_2026-05-26,002897,2026-05-26,2026-05,2026-05-25,2026-05-26,2026-05-27,2026-05-28,2026-05-28,BOARD2,18,0.41517538642400165,12,0,1,0,0,0.0274577102231,0.0274577102231,-0.0447655974621078,ARCHIVED_PAIRWISE_V002_53F,reports/research/v004c_pairwise_v1_feature_contract_v002_20260506_20260630/v004c_pairwise_v1_input_table_v002.csv,-0.0330637488106565,ARCHIVED_PAIRWISE_V002_53F,reports/research/v004c_pairwise_v1_feature_contract_v002_20260506_20260630/v004c_pairwise_v1_input_table_v002.csv,-0.0302691021823149,ARCHIVED_PAIRWISE_V002_53F,reports/research/v004c_pairwise_v1_feature_contract_v002_20260506_20260630/v004c_pairwise_v1_input_table_v002.csv,0.0113198158974996,ARCHIVED_PAIRWISE_V002_53F,reports/research/v004c_pairwise_v1_feature_contract_v002_20260506_20260630/v004c_pairwise_v1_input_table_v002.csv
600503_2026-05-26,600503,2026-05-26,2026-05,2026-05-25,2026-05-26,2026-05-27,2026-05-28,2026-05-28,BOARD2,18,0.4113601114409495,13,0,1,0,0,0.0321428571429,0.0321428571429,0.0,ARCHIVED_PAIRWISE_V002_53F,reports/research/v004c_pairwise_v1_feature_contract_v002_20260506_20260630/v004c_pairwise_v1_input_table_v002.csv,-0.0277777777777777,ARCHIVED_PAIRWISE_V002_53F,reports/research/v004c_pairwise_v1_feature_contract_v002_20260506_20260630/v004c_pairwise_v1_input_table_v002.csv,-0.0208263146273597,ARCHIVED_PAIRWISE_V002_53F,reports/research/v004c_pairwise_v1_feature_contract_v002_20260506_20260630/v004c_pairwise_v1_input_table_v002.csv,0.0144927536231884,ARCHIVED_PAIRWISE_V002_53F,reports/research/v004c_pairwise_v1_feature_contract_v002_20260506_20260630/v004c_pairwise_v1_input_table_v002.csv
002741_2026-05-26,002741,2026-05-26,2026-05,2026-05-25,2026-05-26,2026-05-27,2026-05-28,2026-05-28,BOARD2,18,0.41017941567190325,14,1,0,0,0,0.120460266091,0.07,0.0125989920806335,ARCHIVED_PAIRWISE_V002_53F,reports/research/v004c_pairwise_v1_feature_contract_v002_20260506_20260630/v004c_pairwise_v1_input_table_v002.csv,0.0046428571428571,ARCHIVED_PAIRWISE_V002_53F,reports/research/v004c_pairwise_v1_feature_contract_v002_20260506_20260630/v004c_pairwise_v1_input_table_v002.csv,0.0060268300160217,ARCHIVED_PAIRWISE_V002_53F,reports/research/v004c_pairwise_v1_feature_contract_v002_20260506_20260630/v004c_pairwise_v1_input_table_v002.csv,0.0304029304029303,ARCHIVED_PAIRWISE_V002_53F,reports/research/v004c_pairwise_v1_feature_contract_v002_20260506_20260630/v004c_pairwise_v1_input_table_v002.csv
002421_2026-05-26,002421,2026-05-26,2026-05,2026-05-25,2026-05-26,2026-05-27,2026-05-28,2026-05-28,BOARD2,18,0.40695052774177287,15,0,1,0,0,0.0553191489362,0.0553191489362,-0.0332640332640331,ARCHIVED_PAIRWISE_V002_53F,reports/research/v004c_pairwise_v1_feature_contract_v002_20260506_20260630/v004c_pairwise_v1_input_table_v002.csv,-0.0529531568228105,ARCHIVED_PAIRWISE_V002_53F,reports/research/v004c_pairwise_v1_feature_contract_v002_20260506_20260630/v004c_pairwise_v1_input_table_v002.csv,-0.0421413957715458,ARCHIVED_PAIRWISE_V002_53F,reports/research/v004c_pairwise_v1_feature_contract_v002_20260506_20260630/v004c_pairwise_v1_input_table_v002.csv,0.0064935064935065,ARCHIVED_PAIRWISE_V002_53F,reports/research/v004c_pairwise_v1_feature_contract_v002_20260506_20260630/v004c_pairwise_v1_input_table_v002.csv
600539_2026-05-26,600539,2026-05-26,2026-05,2026-05-25,2026-05-26,2026-05-27,2026-05-28,2026-05-28,BOARD2,18,0.4053386906354119,16,0,1,0,0,0.0260869565217,0.0260869565217,0.0006191950464398,ARCHIVED_PAIRWISE_V002_53F,reports/research/v004c_pairwise_v1_feature_contract_v002_20260506_20260630/v004c_pairwise_v1_input_table_v002.csv,0.0358974358974359,ARCHIVED_PAIRWISE_V002_53F,reports/research/v004c_pairwise_v1_feature_contract_v002_20260506_20260630/v004c_pairwise_v1_input_table_v002.csv,-0.0018275252729964,ARCHIVED_PAIRWISE_V002_53F,reports/research/v004c_pairwise_v1_feature_contract_v002_20260506_20260630/v004c_pairwise_v1_input_table_v002.csv,0.0365618986529827,ARCHIVED_PAIRWISE_V002_53F,reports/research/v004c_pairwise_v1_feature_contract_v002_20260506_20260630/v004c_pairwise_v1_input_table_v002.csv
600186_2026-05-26,600186,2026-05-26,2026-05,2026-05-25,2026-05-26,2026-05-27,2026-05-28,2026-05-28,BOARD2,18,0.4021478339091823,17,0,0,1,1,-0.12433661865,-0.12433661865,0.0091813312930373,ARCHIVED_PAIRWISE_V002_53F,reports/research/v004c_pairwise_v1_feature_contract_v002_20260506_20260630/v004c_pairwise_v1_input_table_v002.csv,0.0153964588144726,ARCHIVED_PAIRWISE_V002_53F,reports/research/v004c_pairwise_v1_feature_contract_v002_20260506_20260630/v004c_pairwise_v1_input_table_v002.csv,0.0043784671059667,ARCHIVED_PAIRWISE_V002_53F,reports/research/v004c_pairwise_v1_feature_contract_v002_20260506_20260630/v004c_pairwise_v1_input_table_v002.csv,0.0296643247462918,ARCHIVED_PAIRWISE_V002_53F,reports/research/v004c_pairwise_v1_feature_contract_v002_20260506_20260630/v004c_pairwise_v1_input_table_v002.csv
603001_2026-05-26,603001,2026-05-26,2026-05,2026-05-25,2026-05-26,2026-05-27,2026-05-28,2026-05-28,BOARD2,18,0.3984187205021723,18,0,1,0,0,0.000943396226415,0.000943396226415,-0.0091827364554638,ARCHIVED_PAIRWISE_V002_53F,reports/research/v004c_pairwise_v1_feature_contract_v002_20260506_20260630/v004c_pairwise_v1_input_table_v002.csv,-0.023529411764706,ARCHIVED_PAIRWISE_V002_53F,reports/research/v004c_pairwise_v1_feature_contract_v002_20260506_20260630/v004c_pairwise_v1_input_table_v002.csv,-0.023894983530911,ARCHIVED_PAIRWISE_V002_53F,reports/research/v004c_pairwise_v1_feature_contract_v002_20260506_20260630/v004c_pairwise_v1_input_table_v002.csv,0.0256653992395436,ARCHIVED_PAIRWISE_V002_53F,reports/research/v004c_pairwise_v1_feature_contract_v002_20260506_20260630/v004c_pairwise_v1_input_table_v002.csv
600584_2026-05-27,600584,2026-05-27,2026-05,2026-05-26,2026-05-27,2026-05-28,2026-05-29,2026-05-29,BOARD2,10,0.4390589929388453,1,1,0,0,0,0.0814359715697,0.07,-0.0518322878837901,ARCHIVED_PAIRWISE_V002_53F,reports/research/v004c_pairwise_v1_feature_contract_v002_20260506_20260630/v004c_pairwise_v1_input_table_v002.csv,-0.0039306358381503,ARCHIVED_PAIRWISE_V002_53F,reports/research/v004c_pairwise_v1_feature_contract_v002_20260506_20260630/v004c_pairwise_v1_input_table_v002.csv,-0.0397174264192141,ARCHIVED_PAIRWISE_V002_53F,reports/research/v004c_pairwise_v1_feature_contract_v002_20260506_20260630/v004c_pairwise_v1_input_table_v002.csv,0.0316091954022988,ARCHIVED_PAIRWISE_V002_53F,reports/research/v004c_pairwise_v1_feature_contract_v002_20260506_20260630/v004c_pairwise_v1_input_table_v002.csv
003036_2026-05-27,003036,2026-05-27,2026-05,2026-05-26,2026-05-27,2026-05-28,2026-05-29,2026-05-29,BOARD2,10,0.4373011305906183,2,1,0,0,0,0.244761904762,0.07,0.0248025276461296,ARCHIVED_PAIRWISE_V002_53F,reports/research/v004c_pairwise_v1_feature_contract_v002_20260506_20260630/v004c_pairwise_v1_input_table_v002.csv,0.0790086493679309,ARCHIVED_PAIRWISE_V002_53F,reports/research/v004c_pairwise_v1_feature_contract_v002_20260506_20260630/v004c_pairwise_v1_input_table_v002.csv,0.0208956978264536,ARCHIVED_PAIRWISE_V002_53F,reports/research/v004c_pairwise_v1_feature_contract_v002_20260506_20260630/v004c_pairwise_v1_input_table_v002.csv,0.0790086493679309,ARCHIVED_PAIRWISE_V002_53F,reports/research/v004c_pairwise_v1_feature_contract_v002_20260506_20260630/v004c_pairwise_v1_input_table_v002.csv
002957_2026-05-27,002957,2026-05-27,2026-05,2026-05-26,2026-05-27,2026-05-28,2026-05-29,2026-05-29,BOARD2,10,0.43571867397084324,3,1,0,0,0,0.212845673506,0.07,-0.0030088495575221,ARCHIVED_PAIRWISE_V002_53F,reports/research/v004c_pairwise_v1_feature_contract_v002_20260506_20260630/v004c_pairwise_v1_input_table_v002.csv,0.0713198934956256,ARCHIVED_PAIRWISE_V002_53F,reports/research/v004c_pairwise_v1_feature_contract_v002_20260506_20260630/v004c_pairwise_v1_input_table_v002.csv,0.003153346293252,ARCHIVED_PAIRWISE_V002_53F,reports/research/v004c_pairwise_v1_feature_contract_v002_20260506_20260630/v004c_pairwise_v1_input_table_v002.csv,0.0737704918032786,ARCHIVED_PAIRWISE_V002_53F,reports/research/v004c_pairwise_v1_feature_contract_v002_20260506_20260630/v004c_pairwise_v1_input_table_v002.csv
002552_2026-05-27,002552,2026-05-27,2026-05,2026-05-26,2026-05-27,2026-05-28,2026-05-29,2026-05-29,BOARD3,10,0.428313794173258,4,1,0,0,0,0.222996515679,0.07,-0.0239520958083833,ARCHIVED_PAIRWISE_V002_53F,reports/research/v004c_pairwise_v1_feature_contract_v002_20260506_20260630/v004c_pairwise_v1_input_table_v002.csv,0.0527083333333333,ARCHIVED_PAIRWISE_V002_53F,reports/research/v004c_pairwise_v1_feature_contract_v002_20260506_20260630/v004c_pairwise_v1_input_table_v002.csv,0.0064663379657257,ARCHIVED_PAIRWISE_V002_53F,reports/research/v004c_pairwise_v1_feature_contract_v002_20260506_20260630/v004c_pairwise_v1_input_table_v002.csv,0.0925405405405405,ARCHIVED_PAIRWISE_V002_53F,reports/research/v004c_pairwise_v1_feature_contract_v002_20260506_20260630/v004c_pairwise_v1_input_table_v002.csv
600520_2026-05-27,600520,2026-05-27,2026-05,2026-05-26,2026-05-27,2026-05-28,2026-05-29,2026-05-29,BOARD2,10,0.4246759964043964,5,0,1,0,0,0.0330961954841,0.0330961954841,-0.029022988505747,ARCHIVED_PAIRWISE_V002_53F,reports/research/v004c_pairwise_v1_feature_contract_v002_20260506_20260630/v004c_pairwise_v1_input_table_v002.csv,-0.1550387596899225,ARCHIVED_PAIRWISE_V002_53F,reports/research/v004c_pairwise_v1_feature_contract_v002_20260506_20260630/v004c_pairwise_v1_input_table_v002.csv,-0.0493077459128169,ARCHIVED_PAIRWISE_V002_53F,reports/research/v004c_pairwise_v1_feature_contract_v002_20260506_20260630/v004c_pairwise_v1_input_table_v002.csv,0.0196137598068798,ARCHIVED_PAIRWISE_V002_53F,reports/research/v004c_pairwise_v1_feature_contract_v002_20260506_20260630/v004c_pairwise_v1_input_table_v002.csv
002185_2026-05-27,002185,2026-05-27,2026-05,2026-05-26,2026-05-27,2026-05-28,2026-05-29,2026-05-29,BOARD2,10,0.4226143777427741,6,0,1,0,0,0.0669975186104,0.0669975186104,-0.0004960317460318,ARCHIVED_PAIRWISE_V002_53F,reports/research/v004c_pairwise_v1_feature_contract_v002_20260506_20260630/v004c_pairwise_v1_input_table_v002.csv,0.0202531645569619,ARCHIVED_PAIRWISE_V002_53F,reports/research/v004c_pairwise_v1_feature_contract_v002_20260506_20260630/v004c_pairwise_v1_input_table_v002.csv,-0.002164784042908,ARCHIVED_PAIRWISE_V002_53F,reports/research/v004c_pairwise_v1_feature_contract_v002_20260506_20260630/v004c_pairwise_v1_input_table_v002.csv,0.0375901132852727,ARCHIVED_PAIRWISE_V002_53F,reports/research/v004c_pairwise_v1_feature_contract_v002_20260506_20260630/v004c_pairwise_v1_input_table_v002.csv
000510_2026-05-27,000510,2026-05-27,2026-05,2026-05-26,2026-05-27,2026-05-28,2026-05-29,2026-05-29,BOARD3,10,0.41679721079035803,7,0,1,0,0,0.00334821428571,0.00334821428571,-0.0238611713665943,ARCHIVED_PAIRWISE_V002_53F,reports/research/v004c_pairwise_v1_feature_contract_v002_20260506_20260630/v004c_pairwise_v1_input_table_v002.csv,-0.0317374932759547,ARCHIVED_PAIRWISE_V002_53F,reports/research/v004c_pairwise_v1_feature_contract_v002_20260506_20260630/v004c_pairwise_v1_input_table_v002.csv,-0.0315367908840659,ARCHIVED_PAIRWISE_V002_53F,reports/research/v004c_pairwise_v1_feature_contract_v002_20260506_20260630/v004c_pairwise_v1_input_table_v002.csv,0.0044642857142856,ARCHIVED_PAIRWISE_V002_53F,reports/research/v004c_pairwise_v1_feature_contract_v002_20260506_20260630/v004c_pairwise_v1_input_table_v002.csv
600172_2026-05-27,600172,2026-05-27,2026-05,2026-05-26,2026-05-27,2026-05-28,2026-05-29,2026-05-29,BOARD3,10,0.40547257253860614,8,1,0,0,0,0.21482602118,0.07,-0.0126488095238095,ARCHIVED_PAIRWISE_V002_53F,reports/research/v004c_pairwise_v1_feature_contract_v002_20260506_20260630/v004c_pairwise_v1_input_table_v002.csv,-0.0022556390977443,ARCHIVED_PAIRWISE_V002_53F,reports/research/v004c_pairwise_v1_feature_contract_v002_20260506_20260630/v004c_pairwise_v1_input_table_v002.csv,-0.006529510673198,ARCHIVED_PAIRWISE_V002_53F,reports/research/v004c_pairwise_v1_feature_contract_v002_20260506_20260630/v004c_pairwise_v1_input_table_v002.csv,0.0207692307692307,ARCHIVED_PAIRWISE_V002_53F,reports/research/v004c_pairwise_v1_feature_contract_v002_20260506_20260630/v004c_pairwise_v1_input_table_v002.csv
002585_2026-05-27,002585,2026-05-27,2026-05,2026-05-26,2026-05-27,2026-05-28,2026-05-29,2026-05-29,BOARD3,10,0.4026924605020834,9,1,0,0,0,0.0986590038314,0.07,-0.0236148955495004,ARCHIVED_PAIRWISE_V002_53F,reports/research/v004c_pairwise_v1_feature_contract_v002_20260506_20260630/v004c_pairwise_v1_input_table_v002.csv,0.0306807286673058,ARCHIVED_PAIRWISE_V002_53F,reports/research/v004c_pairwise_v1_feature_contract_v002_20260506_20260630/v004c_pairwise_v1_input_table_v002.csv,0.0088762645964997,ARCHIVED_PAIRWISE_V002_53F,reports/research/v004c_pairwise_v1_feature_contract_v002_20260506_20260630/v004c_pairwise_v1_input_table_v002.csv,0.048780487804878,ARCHIVED_PAIRWISE_V002_53F,reports/research/v004c_pairwise_v1_feature_contract_v002_20260506_20260630/v004c_pairwise_v1_input_table_v002.csv
002388_2026-05-27,002388,2026-05-27,2026-05,2026-05-26,2026-05-27,2026-05-28,2026-05-29,2026-05-29,BOARD2,10,0.39332719086511203,10,0,1,0,0,0.0187074829932,0.0187074829932,-0.0175438596491227,ARCHIVED_PAIRWISE_V002_53F,reports/research/v004c_pairwise_v1_feature_contract_v002_20260506_20260630/v004c_pairwise_v1_input_table_v002.csv,-0.075075075075075,ARCHIVED_PAIRWISE_V002_53F,reports/research/v004c_pairwise_v1_feature_contract_v002_20260506_20260630/v004c_pairwise_v1_input_table_v002.csv,-0.0639479956256515,ARCHIVED_PAIRWISE_V002_53F,reports/research/v004c_pairwise_v1_feature_contract_v002_20260506_20260630/v004c_pairwise_v1_input_table_v002.csv,0.0,ARCHIVED_PAIRWISE_V002_53F,reports/research/v004c_pairwise_v1_feature_contract_v002_20260506_20260630/v004c_pairwise_v1_input_table_v002.csv
002771_2026-05-28,002771,2026-05-28,2026-05,2026-05-27,2026-05-28,2026-05-29,2026-06-01,2026-06-01,BOARD2,4,0.4362527841062211,1,1,0,0,0,0.0943396226415,0.07,0.0213805742211361,ARCHIVED_PAIRWISE_V002_53F,reports/research/v004c_pairwise_v1_feature_contract_v002_20260506_20260630/v004c_pairwise_v1_input_table_v002.csv,-0.008891523414345,ARCHIVED_PAIRWISE_V002_53F,reports/research/v004c_pairwise_v1_feature_contract_v002_20260506_20260630/v004c_pairwise_v1_input_table_v002.csv,0.006148927983951,ARCHIVED_PAIRWISE_V002_53F,reports/research/v004c_pairwise_v1_feature_contract_v002_20260506_20260630/v004c_pairwise_v1_input_table_v002.csv,0.0340136054421766,ARCHIVED_PAIRWISE_V002_53F,reports/research/v004c_pairwise_v1_feature_contract_v002_20260506_20260630/v004c_pairwise_v1_input_table_v002.csv
001257_2026-05-28,001257,2026-05-28,2026-05,2026-05-27,2026-05-28,2026-05-29,2026-06-01,2026-06-01,BOARD2,4,0.431878658268524,2,0,0,1,1,-0.0676771237222,-0.0676771237222,-0.0223463687150837,ARCHIVED_PAIRWISE_V002_53F,reports/research/v004c_pairwise_v1_feature_contract_v002_20260506_20260630/v004c_pairwise_v1_input_table_v002.csv,-0.0147783251231528,ARCHIVED_PAIRWISE_V002_53F,reports/research/v004c_pairwise_v1_feature_contract_v002_20260506_20260630/v004c_pairwise_v1_input_table_v002.csv,-0.0146799218901167,ARCHIVED_PAIRWISE_V002_53F,reports/research/v004c_pairwise_v1_feature_contract_v002_20260506_20260630/v004c_pairwise_v1_input_table_v002.csv,0.0248901903367496,ARCHIVED_PAIRWISE_V002_53F,reports/research/v004c_pairwise_v1_feature_contract_v002_20260506_20260630/v004c_pairwise_v1_input_table_v002.csv
000759_2026-05-28,000759,2026-05-28,2026-05,2026-05-27,2026-05-28,2026-05-29,2026-06-01,2026-06-01,BOARD2,4,0.4187536790290897,3,1,0,0,0,0.0771929824561,0.07,-0.0017301038062285,ARCHIVED_PAIRWISE_V002_53F,reports/research/v004c_pairwise_v1_feature_contract_v002_20260506_20260630/v004c_pairwise_v1_input_table_v002.csv,-0.0383333333333334,ARCHIVED_PAIRWISE_V002_53F,reports/research/v004c_pairwise_v1_feature_contract_v002_20260506_20260630/v004c_pairwise_v1_input_table_v002.csv,-0.0203143584159531,ARCHIVED_PAIRWISE_V002_53F,reports/research/v004c_pairwise_v1_feature_contract_v002_20260506_20260630/v004c_pairwise_v1_input_table_v002.csv,0.0122807017543858,ARCHIVED_PAIRWISE_V002_53F,reports/research/v004c_pairwise_v1_feature_contract_v002_20260506_20260630/v004c_pairwise_v1_input_table_v002.csv
002251_2026-05-28,002251,2026-05-28,2026-05,2026-05-27,2026-05-28,2026-05-29,2026-06-01,2026-06-01,BOARD2,4,0.4106845339930743,4,1,0,0,0,0.168539325843,0.07,-0.0133333333333331,ARCHIVED_PAIRWISE_V002_53F,reports/research/v004c_pairwise_v1_feature_contract_v002_20260506_20260630/v004c_pairwise_v1_input_table_v002.csv,-0.0198675496688741,ARCHIVED_PAIRWISE_V002_53F,reports/research/v004c_pairwise_v1_feature_contract_v002_20260506_20260630/v004c_pairwise_v1_input_table_v002.csv,-0.0326966070026507,ARCHIVED_PAIRWISE_V002_53F,reports/research/v004c_pairwise_v1_feature_contract_v002_20260506_20260630/v004c_pairwise_v1_input_table_v002.csv,0.0045248868778281,ARCHIVED_PAIRWISE_V002_53F,reports/research/v004c_pairwise_v1_feature_contract_v002_20260506_20260630/v004c_pairwise_v1_input_table_v002.csv
603989_2026-05-29,603989,2026-05-29,2026-05,2026-05-28,2026-05-29,2026-06-01,2026-06-02,2026-06-02,BOARD2,3,0.43373355724387497,1,0,0,1,0,-0.0322019147084,-0.0322019147084,-0.0143132397467656,ARCHIVED_PAIRWISE_V002_53F,reports/research/v004c_pairwise_v1_feature_contract_v002_20260506_20260630/v004c_pairwise_v1_input_table_v002.csv,-0.0347708894878705,ARCHIVED_PAIRWISE_V002_53F,reports/research/v004c_pairwise_v1_feature_contract_v002_20260506_20260630/v004c_pairwise_v1_input_table_v002.csv,-0.0131855819958428,ARCHIVED_PAIRWISE_V002_53F,reports/research/v004c_pairwise_v1_feature_contract_v002_20260506_20260630/v004c_pairwise_v1_input_table_v002.csv,0.022558537978298,ARCHIVED_PAIRWISE_V002_53F,reports/research/v004c_pairwise_v1_feature_contract_v002_20260506_20260630/v004c_pairwise_v1_input_table_v002.csv
603032_2026-05-29,603032,2026-05-29,2026-05,2026-05-28,2026-05-29,2026-06-01,2026-06-02,2026-06-02,BOARD2,3,0.4311744545188747,2,0,1,0,0,0.00237812128419,0.00237812128419,0.0099482690011938,ARCHIVED_PAIRWISE_V002_53F,reports/research/v004c_pairwise_v1_feature_contract_v002_20260506_20260630/v004c_pairwise_v1_input_table_v002.csv,-0.0743982494529541,ARCHIVED_PAIRWISE_V002_53F,reports/research/v004c_pairwise_v1_feature_contract_v002_20260506_20260630/v004c_pairwise_v1_input_table_v002.csv,-0.037923860039054,ARCHIVED_PAIRWISE_V002_53F,reports/research/v004c_pairwise_v1_feature_contract_v002_20260506_20260630/v004c_pairwise_v1_input_table_v002.csv,0.0119617224880383,ARCHIVED_PAIRWISE_V002_53F,reports/research/v004c_pairwise_v1_feature_contract_v002_20260506_20260630/v004c_pairwise_v1_input_table_v002.csv
002579_2026-05-29,002579,2026-05-29,2026-05,2026-05-28,2026-05-29,2026-06-01,2026-06-02,2026-06-02,BOARD3,3,0.4146464765842714,3,1,0,0,0,0.195852534562,0.07,-0.0216771249286937,ARCHIVED_PAIRWISE_V002_53F,reports/research/v004c_pairwise_v1_feature_contract_v002_20260506_20260630/v004c_pairwise_v1_input_table_v002.csv,-0.11139896373057,ARCHIVED_PAIRWISE_V002_53F,reports/research/v004c_pairwise_v1_feature_contract_v002_20260506_20260630/v004c_pairwise_v1_input_table_v002.csv,-0.0318111006454082,ARCHIVED_PAIRWISE_V002_53F,reports/research/v004c_pairwise_v1_feature_contract_v002_20260506_20260630/v004c_pairwise_v1_input_table_v002.csv,0.0153937240970987,ARCHIVED_PAIRWISE_V002_53F,reports/research/v004c_pairwise_v1_feature_contract_v002_20260506_20260630/v004c_pairwise_v1_input_table_v002.csv
002806_2026-06-01,002806,2026-06-01,2026-06,2026-05-29,2026-06-01,2026-06-02,2026-06-03,2026-06-03,BOARD2,4,0.42915960110314566,1,1,0,0,0,0.149321266968,0.07,-0.0227392913802221,ARCHIVED_PAIRWISE_V002_53F,reports/research/v004c_pairwise_v1_feature_contract_v002_20260506_20260630/v004c_pairwise_v1_input_table_v002.csv,-0.04149377593361,ARCHIVED_PAIRWISE_V002_53F,reports/research/v004c_pairwise_v1_feature_contract_v002_20260506_20260630/v004c_pairwise_v1_input_table_v002.csv,-0.052066458192178,ARCHIVED_PAIRWISE_V002_53F,reports/research/v004c_pairwise_v1_feature_contract_v002_20260506_20260630/v004c_pairwise_v1_input_table_v002.csv,0.0005414185165133,ARCHIVED_PAIRWISE_V002_53F,reports/research/v004c_pairwise_v1_feature_contract_v002_20260506_20260630/v004c_pairwise_v1_input_table_v002.csv
603324_2026-06-01,603324,2026-06-01,2026-06,2026-05-29,2026-06-01,2026-06-02,2026-06-03,2026-06-03,BOARD2,4,0.4286638360642062,2,0,1,0,0,0.0224038752649,0.0224038752649,0.0070465686274507,ARCHIVED_PAIRWISE_V002_53F,reports/research/v004c_pairwise_v1_feature_contract_v002_20260506_20260630/v004c_pairwise_v1_input_table_v002.csv,-0.003939393939394,ARCHIVED_PAIRWISE_V002_53F,reports/research/v004c_pairwise_v1_feature_contract_v002_20260506_20260630/v004c_pairwise_v1_input_table_v002.csv,-0.0117331467576421,ARCHIVED_PAIRWISE_V002_53F,reports/research/v004c_pairwise_v1_feature_contract_v002_20260506_20260630/v004c_pairwise_v1_input_table_v002.csv,0.0160741885625964,ARCHIVED_PAIRWISE_V002_53F,reports/research/v004c_pairwise_v1_feature_contract_v002_20260506_20260630/v004c_pairwise_v1_input_table_v002.csv
000090_2026-06-01,000090,2026-06-01,2026-06,2026-05-29,2026-06-01,2026-06-02,2026-06-03,2026-06-03,BOARD2,4,0.41987055732150136,3,0,0,1,0,-0.0263852242744,-0.0263852242744,-0.020253164556962,ARCHIVED_PAIRWISE_V002_53F,reports/research/v004c_pairwise_v1_feature_contract_v002_20260506_20260630/v004c_pairwise_v1_input_table_v002.csv,0.0078125,ARCHIVED_PAIRWISE_V002_53F,reports/research/v004c_pairwise_v1_feature_contract_v002_20260506_20260630/v004c_pairwise_v1_input_table_v002.csv,0.0142261161746042,ARCHIVED_PAIRWISE_V002_53F,reports/research/v004c_pairwise_v1_feature_contract_v002_20260506_20260630/v004c_pairwise_v1_input_table_v002.csv,0.0573770491803278,ARCHIVED_PAIRWISE_V002_53F,reports/research/v004c_pairwise_v1_feature_contract_v002_20260506_20260630/v004c_pairwise_v1_input_table_v002.csv
600110_2026-06-01,600110,2026-06-01,2026-06,2026-05-29,2026-06-01,2026-06-02,2026-06-03,2026-06-03,BOARD2,4,0.41977133091719776,4,0,1,0,0,0.0451559934319,0.0451559934319,-0.0111910471622702,ARCHIVED_PAIRWISE_V002_53F,reports/research/v004c_pairwise_v1_feature_contract_v002_20260506_20260630/v004c_pairwise_v1_input_table_v002.csv,-0.0190325138778747,ARCHIVED_PAIRWISE_V002_53F,reports/research/v004c_pairwise_v1_feature_contract_v002_20260506_20260630/v004c_pairwise_v1_input_table_v002.csv,-0.0202361129507238,ARCHIVED_PAIRWISE_V002_53F,reports/research/v004c_pairwise_v1_feature_contract_v002_20260506_20260630/v004c_pairwise_v1_input_table_v002.csv,0.0089722675367046,ARCHIVED_PAIRWISE_V002_53F,reports/research/v004c_pairwise_v1_feature_contract_v002_20260506_20260630/v004c_pairwise_v1_input_table_v002.csv
002608_2026-06-02,002608,2026-06-02,2026-06,2026-06-01,2026-06-02,2026-06-03,2026-06-04,2026-06-04,BOARD2,2,0.4428806514762628,1,1,0,0,0,0.099,0.07,0.017578125,ARCHIVED_PAIRWISE_V002_53F,reports/research/v004c_pairwise_v1_feature_contract_v002_20260506_20260630/v004c_pairwise_v1_input_table_v002.csv,0.0327056491575816,ARCHIVED_PAIRWISE_V002_53F,reports/research/v004c_pairwise_v1_feature_contract_v002_20260506_20260630/v004c_pairwise_v1_input_table_v002.csv,0.0170696372844707,ARCHIVED_PAIRWISE_V002_53F,reports/research/v004c_pairwise_v1_feature_contract_v002_20260506_20260630/v004c_pairwise_v1_input_table_v002.csv,0.0709146968139773,ARCHIVED_PAIRWISE_V002_53F,reports/research/v004c_pairwise_v1_feature_contract_v002_20260506_20260630/v004c_pairwise_v1_input_table_v002.csv
600011_2026-06-02,600011,2026-06-02,2026-06,2026-06-01,2026-06-02,2026-06-03,2026-06-04,2026-06-04,BOARD2,2,0.41875451397874924,2,0,1,0,0,0.0260475651189,0.0260475651189,-0.0065573770491803,ARCHIVED_PAIRWISE_V002_53F,reports/research/v004c_pairwise_v1_feature_contract_v002_20260506_20260630/v004c_pairwise_v1_input_table_v002.csv,-0.0319488817891374,ARCHIVED_PAIRWISE_V002_53F,reports/research/v004c_pairwise_v1_feature_contract_v002_20260506_20260630/v004c_pairwise_v1_input_table_v002.csv,-0.0072801077608447,ARCHIVED_PAIRWISE_V002_53F,reports/research/v004c_pairwise_v1_feature_contract_v002_20260506_20260630/v004c_pairwise_v1_input_table_v002.csv,0.0190582959641255,ARCHIVED_PAIRWISE_V002_53F,reports/research/v004c_pairwise_v1_feature_contract_v002_20260506_20260630/v004c_pairwise_v1_input_table_v002.csv
001210_2026-06-03,001210,2026-06-03,2026-06,2026-06-02,2026-06-03,2026-06-04,2026-06-05,2026-06-05,BOARD2,7,0.43352409348262533,1,0,0,1,1,-0.244557534634,-0.244557534634,0.0030734842134674,ARCHIVED_PAIRWISE_V002_53F,reports/research/v004c_pairwise_v1_feature_contract_v002_20260506_20260630/v004c_pairwise_v1_input_table_v002.csv,0.0257142857142855,ARCHIVED_PAIRWISE_V002_53F,reports/research/v004c_pairwise_v1_feature_contract_v002_20260506_20260630/v004c_pairwise_v1_input_table_v002.csv,-0.0036960133504294,ARCHIVED_PAIRWISE_V002_53F,reports/research/v004c_pairwise_v1_feature_contract_v002_20260506_20260630/v004c_pairwise_v1_input_table_v002.csv,0.0463421742932088,ARCHIVED_PAIRWISE_V002_53F,reports/research/v004c_pairwise_v1_feature_contract_v002_20260506_20260630/v004c_pairwise_v1_input_table_v002.csv
002404_2026-06-03,002404,2026-06-03,2026-06,2026-06-02,2026-06-03,2026-06-04,2026-06-05,2026-06-05,BOARD2,7,0.4288910436293124,2,0,1,0,0,0.0299319727891,0.0299319727891,0.0161507402422611,ARCHIVED_PAIRWISE_V002_53F,reports/research/v004c_pairwise_v1_feature_contract_v002_20260506_20260630/v004c_pairwise_v1_input_table_v002.csv,0.0500695410292071,ARCHIVED_PAIRWISE_V002_53F,reports/research/v004c_pairwise_v1_feature_contract_v002_20260506_20260630/v004c_pairwise_v1_input_table_v002.csv,0.0250748317373248,ARCHIVED_PAIRWISE_V002_53F,reports/research/v004c_pairwise_v1_feature_contract_v002_20260506_20260630/v004c_pairwise_v1_input_table_v002.csv,0.0603932584269662,ARCHIVED_PAIRWISE_V002_53F,reports/research/v004c_pairwise_v1_feature_contract_v002_20260506_20260630/v004c_pairwise_v1_input_table_v002.csv
603045_2026-06-03,603045,2026-06-03,2026-06,2026-06-02,2026-06-03,2026-06-04,2026-06-05,2026-06-05,BOARD2,7,0.4285749890592744,3,1,0,0,0,0.154815115807,0.07,-0.0335113484646195,ARCHIVED_PAIRWISE_V002_53F,reports/research/v004c_pairwise_v1_feature_contract_v002_20260506_20260630/v004c_pairwise_v1_input_table_v002.csv,-0.0468729427254772,ARCHIVED_PAIRWISE_V002_53F,reports/research/v004c_pairwise_v1_feature_contract_v002_20260506_20260630/v004c_pairwise_v1_input_table_v002.csv,-0.0432176355748433,ARCHIVED_PAIRWISE_V002_53F,reports/research/v004c_pairwise_v1_feature_contract_v002_20260506_20260630/v004c_pairwise_v1_input_table_v002.csv,0.0086387069806326,ARCHIVED_PAIRWISE_V002_53F,reports/research/v004c_pairwise_v1_feature_contract_v002_20260506_20260630/v004c_pairwise_v1_input_table_v002.csv
002579_2026-06-03,002579,2026-06-03,2026-06,2026-06-02,2026-06-03,2026-06-04,2026-06-05,2026-06-05,BOARD2,7,0.42268979776114124,4,0,1,0,0,0.0540254237288,0.0540254237288,-0.0859962406015037,ARCHIVED_PAIRWISE_V002_53F,reports/research/v004c_pairwise_v1_feature_contract_v002_20260506_20260630/v004c_pairwise_v1_input_table_v002.csv,-0.0371287128712871,ARCHIVED_PAIRWISE_V002_53F,reports/research/v004c_pairwise_v1_feature_contract_v002_20260506_20260630/v004c_pairwise_v1_input_table_v002.csv,-0.0303461695933112,ARCHIVED_PAIRWISE_V002_53F,reports/research/v004c_pairwise_v1_feature_contract_v002_20260506_20260630/v004c_pairwise_v1_input_table_v002.csv,0.0231457127827458,ARCHIVED_PAIRWISE_V002_53F,reports/research/v004c_pairwise_v1_feature_contract_v002_20260506_20260630/v004c_pairwise_v1_input_table_v002.csv
002421_2026-06-03,002421,2026-06-03,2026-06,2026-06-02,2026-06-03,2026-06-04,2026-06-05,2026-06-05,BOARD2,7,0.42009381176708427,5,0,1,0,0,0.0698151950719,0.0698151950719,0.0145530145530146,ARCHIVED_PAIRWISE_V002_53F,reports/research/v004c_pairwise_v1_feature_contract_v002_20260506_20260630/v004c_pairwise_v1_input_table_v002.csv,0.0,ARCHIVED_PAIRWISE_V002_53F,reports/research/v004c_pairwise_v1_feature_contract_v002_20260506_20260630/v004c_pairwise_v1_input_table_v002.csv,-0.0034932719625031,ARCHIVED_PAIRWISE_V002_53F,reports/research/v004c_pairwise_v1_feature_contract_v002_20260506_20260630/v004c_pairwise_v1_input_table_v002.csv,0.0273684210526315,ARCHIVED_PAIRWISE_V002_53F,reports/research/v004c_pairwise_v1_feature_contract_v002_20260506_20260630/v004c_pairwise_v1_input_table_v002.csv
600280_2026-06-03,600280,2026-06-03,2026-06,2026-06-02,2026-06-03,2026-06-04,2026-06-05,2026-06-05,BOARD3,7,0.4136129756665739,6,0,0,1,0,-0.0125313283208,-0.0125313283208,0.0126903553299493,ARCHIVED_PAIRWISE_V002_53F,reports/research/v004c_pairwise_v1_feature_contract_v002_20260506_20260630/v004c_pairwise_v1_input_table_v002.csv,0.064,ARCHIVED_PAIRWISE_V002_53F,reports/research/v004c_pairwise_v1_feature_contract_v002_20260506_20260630/v004c_pairwise_v1_input_table_v002.csv,0.0100043691508135,ARCHIVED_PAIRWISE_V002_53F,reports/research/v004c_pairwise_v1_feature_contract_v002_20260506_20260630/v004c_pairwise_v1_input_table_v002.csv,0.0961538461538461,ARCHIVED_PAIRWISE_V002_53F,reports/research/v004c_pairwise_v1_feature_contract_v002_20260506_20260630/v004c_pairwise_v1_input_table_v002.csv
000055_2026-06-03,000055,2026-06-03,2026-06,2026-06-02,2026-06-03,2026-06-04,2026-06-05,2026-06-05,BOARD2,7,0.4041399994573396,7,0,1,0,0,0.0,0.0,-0.0125628140703517,ARCHIVED_PAIRWISE_V002_53F,reports/research/v004c_pairwise_v1_feature_contract_v002_20260506_20260630/v004c_pairwise_v1_input_table_v002.csv,-0.112866817155756,ARCHIVED_PAIRWISE_V002_53F,reports/research/v004c_pairwise_v1_feature_contract_v002_20260506_20260630/v004c_pairwise_v1_input_table_v002.csv,-0.0525747272942923,ARCHIVED_PAIRWISE_V002_53F,reports/research/v004c_pairwise_v1_feature_contract_v002_20260506_20260630/v004c_pairwise_v1_input_table_v002.csv,0.0051150895140665,ARCHIVED_PAIRWISE_V002_53F,reports/research/v004c_pairwise_v1_feature_contract_v002_20260506_20260630/v004c_pairwise_v1_input_table_v002.csv
600487_2026-06-04,600487,2026-06-04,2026-06,2026-06-03,2026-06-04,2026-06-05,2026-06-08,2026-06-08,BOARD2,6,0.43717701450827223,1,0,1,0,0,0.0659375,0.0659375,0.0080337830878567,ARCHIVED_PAIRWISE_V002_53F,reports/research/v004c_pairwise_v1_feature_contract_v002_20260506_20260630/v004c_pairwise_v1_input_table_v002.csv,0.0523655913978495,ARCHIVED_PAIRWISE_V002_53F,reports/research/v004c_pairwise_v1_feature_contract_v002_20260506_20260630/v004c_pairwise_v1_input_table_v002.csv,0.0094857275387643,ARCHIVED_PAIRWISE_V002_53F,reports/research/v004c_pairwise_v1_feature_contract_v002_20260506_20260630/v004c_pairwise_v1_input_table_v002.csv,0.0523655913978495,ARCHIVED_PAIRWISE_V002_53F,reports/research/v004c_pairwise_v1_feature_contract_v002_20260506_20260630/v004c_pairwise_v1_input_table_v002.csv
000700_2026-06-04,000700,2026-06-04,2026-06,2026-06-03,2026-06-04,2026-06-05,2026-06-08,2026-06-08,BOARD2,6,0.4241628380078384,2,0,0,1,1,-0.0651340996169,-0.0651340996169,-0.0116601887840089,ARCHIVED_PAIRWISE_V002_53F,reports/research/v004c_pairwise_v1_feature_contract_v002_20260506_20260630/v004c_pairwise_v1_input_table_v002.csv,0.0379008746355686,ARCHIVED_PAIRWISE_V002_53F,reports/research/v004c_pairwise_v1_feature_contract_v002_20260506_20260630/v004c_pairwise_v1_input_table_v002.csv,0.0046305396076073,ARCHIVED_PAIRWISE_V002_53F,reports/research/v004c_pairwise_v1_feature_contract_v002_20260506_20260630/v004c_pairwise_v1_input_table_v002.csv,0.053878034339846,ARCHIVED_PAIRWISE_V002_53F,reports/research/v004c_pairwise_v1_feature_contract_v002_20260506_20260630/v004c_pairwise_v1_input_table_v002.csv
002137_2026-06-04,002137,2026-06-04,2026-06,2026-06-03,2026-06-04,2026-06-05,2026-06-08,2026-06-08,BOARD2,6,0.4213326741316802,3,0,1,0,0,0.0068359375,0.0068359375,-0.0222634508348794,ARCHIVED_PAIRWISE_V002_53F,reports/research/v004c_pairwise_v1_feature_contract_v002_20260506_20260630/v004c_pairwise_v1_input_table_v002.csv,0.0323212536728696,ARCHIVED_PAIRWISE_V002_53F,reports/research/v004c_pairwise_v1_feature_contract_v002_20260506_20260630/v004c_pairwise_v1_input_table_v002.csv,-0.0101409562428367,ARCHIVED_PAIRWISE_V002_53F,reports/research/v004c_pairwise_v1_feature_contract_v002_20260506_20260630/v004c_pairwise_v1_input_table_v002.csv,0.0363815142576203,ARCHIVED_PAIRWISE_V002_53F,reports/research/v004c_pairwise_v1_feature_contract_v002_20260506_20260630/v004c_pairwise_v1_input_table_v002.csv
603311_2026-06-04,603311,2026-06-04,2026-06,2026-06-03,2026-06-04,2026-06-05,2026-06-08,2026-06-08,BOARD2,6,0.4183663868657053,4,0,1,0,0,0.0277923439958,0.0277923439958,0.0201217897802488,ARCHIVED_PAIRWISE_V002_53F,reports/research/v004c_pairwise_v1_feature_contract_v002_20260506_20260630/v004c_pairwise_v1_input_table_v002.csv,0.0271927486003733,ARCHIVED_PAIRWISE_V002_53F,reports/research/v004c_pairwise_v1_feature_contract_v002_20260506_20260630/v004c_pairwise_v1_input_table_v002.csv,0.0075075514862248,ARCHIVED_PAIRWISE_V002_53F,reports/research/v004c_pairwise_v1_feature_contract_v002_20260506_20260630/v004c_pairwise_v1_input_table_v002.csv,0.0556164383561644,ARCHIVED_PAIRWISE_V002_53F,reports/research/v004c_pairwise_v1_feature_contract_v002_20260506_20260630/v004c_pairwise_v1_input_table_v002.csv
600121_2026-06-04,600121,2026-06-04,2026-06,2026-06-03,2026-06-04,2026-06-05,2026-06-08,2026-06-08,BOARD3,6,0.4172362628447357,5,0,0,1,0,-0.00709219858156,-0.00709219858156,-0.0731707317073171,ARCHIVED_PAIRWISE_V002_53F,reports/research/v004c_pairwise_v1_feature_contract_v002_20260506_20260630/v004c_pairwise_v1_input_table_v002.csv,0.0017574692442881,ARCHIVED_PAIRWISE_V002_53F,reports/research/v004c_pairwise_v1_feature_contract_v002_20260506_20260630/v004c_pairwise_v1_input_table_v002.csv,-0.0283756982277438,ARCHIVED_PAIRWISE_V002_53F,reports/research/v004c_pairwise_v1_feature_contract_v002_20260506_20260630/v004c_pairwise_v1_input_table_v002.csv,0.021505376344086,ARCHIVED_PAIRWISE_V002_53F,reports/research/v004c_pairwise_v1_feature_contract_v002_20260506_20260630/v004c_pairwise_v1_input_table_v002.csv
600936_2026-06-04,600936,2026-06-04,2026-06,2026-06-03,2026-06-04,2026-06-05,2026-06-08,2026-06-08,BOARD2,6,0.41518153180697853,6,0,0,1,0,-0.0455284552846,-0.0455284552846,-0.0032310177705978,ARCHIVED_PAIRWISE_V002_53F,reports/research/v004c_pairwise_v1_feature_contract_v002_20260506_20260630/v004c_pairwise_v1_input_table_v002.csv,-0.031397174254317,ARCHIVED_PAIRWISE_V002_53F,reports/research/v004c_pairwise_v1_feature_contract_v002_20260506_20260630/v004c_pairwise_v1_input_table_v002.csv,-0.0186745927553857,ARCHIVED_PAIRWISE_V002_53F,reports/research/v004c_pairwise_v1_feature_contract_v002_20260506_20260630/v004c_pairwise_v1_input_table_v002.csv,0.0081699346405228,ARCHIVED_PAIRWISE_V002_53F,reports/research/v004c_pairwise_v1_feature_contract_v002_20260506_20260630/v004c_pairwise_v1_input_table_v002.csv
002787_2026-06-05,002787,2026-06-05,2026-06,2026-06-04,2026-06-05,2026-06-08,2026-06-09,2026-06-09,BOARD2,6,0.43447805327360667,1,0,1,0,0,0.0670498084291,0.0670498084291,-0.0089063056644104,ARCHIVED_PAIRWISE_V002_53F,reports/research/v004c_pairwise_v1_feature_contract_v002_20260506_20260630/v004c_pairwise_v1_input_table_v002.csv,-0.0645595158036314,ARCHIVED_PAIRWISE_V002_53F,reports/research/v004c_pairwise_v1_feature_contract_v002_20260506_20260630/v004c_pairwise_v1_input_table_v002.csv,-0.0160212567960144,ARCHIVED_PAIRWISE_V002_53F,reports/research/v004c_pairwise_v1_feature_contract_v002_20260506_20260630/v004c_pairwise_v1_input_table_v002.csv,0.0087019579405366,ARCHIVED_PAIRWISE_V002_53F,reports/research/v004c_pairwise_v1_feature_contract_v002_20260506_20260630/v004c_pairwise_v1_input_table_v002.csv
605162_2026-06-05,605162,2026-06-05,2026-06,2026-06-04,2026-06-05,2026-06-08,2026-06-09,2026-06-09,BOARD2,6,0.4322684823736341,2,0,0,1,0,-0.0449915110357,-0.0449915110357,-0.0428015564202334,ARCHIVED_PAIRWISE_V002_53F,reports/research/v004c_pairwise_v1_feature_contract_v002_20260506_20260630/v004c_pairwise_v1_input_table_v002.csv,-0.0653495440729482,ARCHIVED_PAIRWISE_V002_53F,reports/research/v004c_pairwise_v1_feature_contract_v002_20260506_20260630/v004c_pairwise_v1_input_table_v002.csv,-0.0331257042908679,ARCHIVED_PAIRWISE_V002_53F,reports/research/v004c_pairwise_v1_feature_contract_v002_20260506_20260630/v004c_pairwise_v1_input_table_v002.csv,0.025,ARCHIVED_PAIRWISE_V002_53F,reports/research/v004c_pairwise_v1_feature_contract_v002_20260506_20260630/v004c_pairwise_v1_input_table_v002.csv
001896_2026-06-05,001896,2026-06-05,2026-06,2026-06-04,2026-06-05,2026-06-08,2026-06-09,2026-06-09,BOARD2,6,0.42773162657130503,3,1,0,0,0,0.0850528434826,0.07,-0.0596026490066226,ARCHIVED_PAIRWISE_V002_53F,reports/research/v004c_pairwise_v1_feature_contract_v002_20260506_20260630/v004c_pairwise_v1_input_table_v002.csv,-0.1360278139939158,ARCHIVED_PAIRWISE_V002_53F,reports/research/v004c_pairwise_v1_feature_contract_v002_20260506_20260630/v004c_pairwise_v1_input_table_v002.csv,-0.086199215279808,ARCHIVED_PAIRWISE_V002_53F,reports/research/v004c_pairwise_v1_feature_contract_v002_20260506_20260630/v004c_pairwise_v1_input_table_v002.csv,0.0,ARCHIVED_PAIRWISE_V002_53F,reports/research/v004c_pairwise_v1_feature_contract_v002_20260506_20260630/v004c_pairwise_v1_input_table_v002.csv
600255_2026-06-05,600255,2026-06-05,2026-06,2026-06-04,2026-06-05,2026-06-08,2026-06-09,2026-06-09,BOARD3,6,0.42249695979416707,4,1,0,0,0,0.0896551724138,0.07,-0.0344086021505376,ARCHIVED_PAIRWISE_V002_53F,reports/research/v004c_pairwise_v1_feature_contract_v002_20260506_20260630/v004c_pairwise_v1_input_table_v002.csv,-0.0022222222222221,ARCHIVED_PAIRWISE_V002_53F,reports/research/v004c_pairwise_v1_feature_contract_v002_20260506_20260630/v004c_pairwise_v1_input_table_v002.csv,-0.0205892263462509,ARCHIVED_PAIRWISE_V002_53F,reports/research/v004c_pairwise_v1_feature_contract_v002_20260506_20260630/v004c_pairwise_v1_input_table_v002.csv,0.0044742729306488,ARCHIVED_PAIRWISE_V002_53F,reports/research/v004c_pairwise_v1_feature_contract_v002_20260506_20260630/v004c_pairwise_v1_input_table_v002.csv
600688_2026-06-05,600688,2026-06-05,2026-06,2026-06-04,2026-06-05,2026-06-08,2026-06-09,2026-06-09,BOARD2,6,0.41333424542379077,5,0,1,0,0,0.00302114803625,0.00302114803625,-0.0618279569892472,ARCHIVED_PAIRWISE_V002_53F,reports/research/v004c_pairwise_v1_feature_contract_v002_20260506_20260630/v004c_pairwise_v1_input_table_v002.csv,-0.0516304347826086,ARCHIVED_PAIRWISE_V002_53F,reports/research/v004c_pairwise_v1_feature_contract_v002_20260506_20260630/v004c_pairwise_v1_input_table_v002.csv,-0.0395985004034616,ARCHIVED_PAIRWISE_V002_53F,reports/research/v004c_pairwise_v1_feature_contract_v002_20260506_20260630/v004c_pairwise_v1_input_table_v002.csv,0.0234604105571847,ARCHIVED_PAIRWISE_V002_53F,reports/research/v004c_pairwise_v1_feature_contract_v002_20260506_20260630/v004c_pairwise_v1_input_table_v002.csv
600439_2026-06-05,600439,2026-06-05,2026-06,2026-06-04,2026-06-05,2026-06-08,2026-06-09,2026-06-09,BOARD2,6,0.40328650732603205,6,0,0,1,0,-0.0113636363636,-0.0113636363636,-0.0329670329670329,ARCHIVED_PAIRWISE_V002_53F,reports/research/v004c_pairwise_v1_feature_contract_v002_20260506_20260630/v004c_pairwise_v1_input_table_v002.csv,-0.0671378091872791,ARCHIVED_PAIRWISE_V002_53F,reports/research/v004c_pairwise_v1_feature_contract_v002_20260506_20260630/v004c_pairwise_v1_input_table_v002.csv,-0.0325417867085795,ARCHIVED_PAIRWISE_V002_53F,reports/research/v004c_pairwise_v1_feature_contract_v002_20260506_20260630/v004c_pairwise_v1_input_table_v002.csv,0.0,ARCHIVED_PAIRWISE_V002_53F,reports/research/v004c_pairwise_v1_feature_contract_v002_20260506_20260630/v004c_pairwise_v1_input_table_v002.csv
003036_2026-06-08,003036,2026-06-08,2026-06,2026-06-05,2026-06-08,2026-06-09,2026-06-10,2026-06-10,BOARD2,3,0.43720965598600803,1,0,1,0,0,0.0681933842239,0.0681933842239,-0.0414307771487389,ARCHIVED_PAIRWISE_V002_53F,reports/research/v004c_pairwise_v1_feature_contract_v002_20260506_20260630/v004c_pairwise_v1_input_table_v002.csv,-0.0816074950690335,ARCHIVED_PAIRWISE_V002_53F,reports/research/v004c_pairwise_v1_feature_contract_v002_20260506_20260630/v004c_pairwise_v1_input_table_v002.csv,-0.0354475407080093,ARCHIVED_PAIRWISE_V002_53F,reports/research/v004c_pairwise_v1_feature_contract_v002_20260506_20260630/v004c_pairwise_v1_input_table_v002.csv,0.0028267599946156,ARCHIVED_PAIRWISE_V002_53F,reports/research/v004c_pairwise_v1_feature_contract_v002_20260506_20260630/v004c_pairwise_v1_input_table_v002.csv
600293_2026-06-08,600293,2026-06-08,2026-06,2026-06-05,2026-06-08,2026-06-09,2026-06-10,2026-06-10,BOARD2,3,0.42143425109905264,2,0,0,1,0,-0.0172839506173,-0.0172839506173,-0.0024154589371979,ARCHIVED_PAIRWISE_V002_53F,reports/research/v004c_pairwise_v1_feature_contract_v002_20260506_20260630/v004c_pairwise_v1_input_table_v002.csv,0.0644329896907216,ARCHIVED_PAIRWISE_V002_53F,reports/research/v004c_pairwise_v1_feature_contract_v002_20260506_20260630/v004c_pairwise_v1_input_table_v002.csv,0.0055214198316813,ARCHIVED_PAIRWISE_V002_53F,reports/research/v004c_pairwise_v1_feature_contract_v002_20260506_20260630/v004c_pairwise_v1_input_table_v002.csv,0.0783289817232375,ARCHIVED_PAIRWISE_V002_53F,reports/research/v004c_pairwise_v1_feature_contract_v002_20260506_20260630/v004c_pairwise_v1_input_table_v002.csv
000520_2026-06-08,000520,2026-06-08,2026-06,2026-06-05,2026-06-08,2026-06-09,2026-06-10,2026-06-10,BOARD2,3,0.4208945525699517,3,0,0,1,0,-0.0109409190372,-0.0109409190372,0.0303030303030302,ARCHIVED_PAIRWISE_V002_53F,reports/research/v004c_pairwise_v1_feature_contract_v002_20260506_20260630/v004c_pairwise_v1_input_table_v002.csv,-0.0083333333333333,ARCHIVED_PAIRWISE_V002_53F,reports/research/v004c_pairwise_v1_feature_contract_v002_20260506_20260630/v004c_pairwise_v1_input_table_v002.csv,0.003942722621568,ARCHIVED_PAIRWISE_V002_53F,reports/research/v004c_pairwise_v1_feature_contract_v002_20260506_20260630/v004c_pairwise_v1_input_table_v002.csv,0.0648769574944071,ARCHIVED_PAIRWISE_V002_53F,reports/research/v004c_pairwise_v1_feature_contract_v002_20260506_20260630/v004c_pairwise_v1_input_table_v002.csv
603859_2026-06-09,603859,2026-06-09,2026-06,2026-06-08,2026-06-09,2026-06-10,2026-06-11,2026-06-11,BOARD2,9,0.43363293083724197,1,0,1,0,0,0.0640412922959,0.0640412922959,0.011847888400535,ARCHIVED_PAIRWISE_V002_53F,reports/research/v004c_pairwise_v1_feature_contract_v002_20260506_20260630/v004c_pairwise_v1_input_table_v002.csv,0.0382352941176471,ARCHIVED_PAIRWISE_V002_53F,reports/research/v004c_pairwise_v1_feature_contract_v002_20260506_20260630/v004c_pairwise_v1_input_table_v002.csv,0.023380734020608,ARCHIVED_PAIRWISE_V002_53F,reports/research/v004c_pairwise_v1_feature_contract_v002_20260506_20260630/v004c_pairwise_v1_input_table_v002.csv,0.056464485235435,ARCHIVED_PAIRWISE_V002_53F,reports/research/v004c_pairwise_v1_feature_contract_v002_20260506_20260630/v004c_pairwise_v1_input_table_v002.csv
003009_2026-06-09,003009,2026-06-09,2026-06,2026-06-08,2026-06-09,2026-06-10,2026-06-11,2026-06-11,BOARD2,9,0.43095366797248225,2,0,0,1,0,-0.0131004366812,-0.0131004366812,0.0237188365650971,ARCHIVED_PAIRWISE_V002_53F,reports/research/v004c_pairwise_v1_feature_contract_v002_20260506_20260630/v004c_pairwise_v1_input_table_v002.csv,-0.0462903225806451,ARCHIVED_PAIRWISE_V002_53F,reports/research/v004c_pairwise_v1_feature_contract_v002_20260506_20260630/v004c_pairwise_v1_input_table_v002.csv,0.00808945665112,ARCHIVED_PAIRWISE_V002_53F,reports/research/v004c_pairwise_v1_feature_contract_v002_20260506_20260630/v004c_pairwise_v1_input_table_v002.csv,0.0279902642559109,ARCHIVED_PAIRWISE_V002_53F,reports/research/v004c_pairwise_v1_feature_contract_v002_20260506_20260630/v004c_pairwise_v1_input_table_v002.csv
002361_2026-06-09,002361,2026-06-09,2026-06,2026-06-08,2026-06-09,2026-06-10,2026-06-11,2026-06-11,BOARD2,9,0.4297002260555472,3,0,1,0,0,0.047323943662,0.047323943662,0.006806579693704,ARCHIVED_PAIRWISE_V002_53F,reports/research/v004c_pairwise_v1_feature_contract_v002_20260506_20260630/v004c_pairwise_v1_input_table_v002.csv,-0.0363735070575462,ARCHIVED_PAIRWISE_V002_53F,reports/research/v004c_pairwise_v1_feature_contract_v002_20260506_20260630/v004c_pairwise_v1_input_table_v002.csv,-0.0116736179646863,ARCHIVED_PAIRWISE_V002_53F,reports/research/v004c_pairwise_v1_feature_contract_v002_20260506_20260630/v004c_pairwise_v1_input_table_v002.csv,0.0236447520184544,ARCHIVED_PAIRWISE_V002_53F,reports/research/v004c_pairwise_v1_feature_contract_v002_20260506_20260630/v004c_pairwise_v1_input_table_v002.csv
603500_2026-06-09,603500,2026-06-09,2026-06,2026-06-08,2026-06-09,2026-06-10,2026-06-11,2026-06-11,BOARD3,9,0.42645674064625383,4,1,0,0,0,0.0936270653029,0.07,0.034029389017788,ARCHIVED_PAIRWISE_V002_53F,reports/research/v004c_pairwise_v1_feature_contract_v002_20260506_20260630/v004c_pairwise_v1_input_table_v002.csv,0.0276710222905456,ARCHIVED_PAIRWISE_V002_53F,reports/research/v004c_pairwise_v1_feature_contract_v002_20260506_20260630/v004c_pairwise_v1_input_table_v002.csv,0.0422379486314972,ARCHIVED_PAIRWISE_V002_53F,reports/research/v004c_pairwise_v1_feature_contract_v002_20260506_20260630/v004c_pairwise_v1_input_table_v002.csv,0.1040462427745664,ARCHIVED_PAIRWISE_V002_53F,reports/research/v004c_pairwise_v1_feature_contract_v002_20260506_20260630/v004c_pairwise_v1_input_table_v002.csv
000759_2026-06-09,000759,2026-06-09,2026-06,2026-06-08,2026-06-09,2026-06-10,2026-06-11,2026-06-11,BOARD2,9,0.4212063295129321,5,0,1,0,0,0.00649350649351,0.00649350649351,0.0083752093802345,ARCHIVED_PAIRWISE_V002_53F,reports/research/v004c_pairwise_v1_feature_contract_v002_20260506_20260630/v004c_pairwise_v1_input_table_v002.csv,-0.0258899676375404,ARCHIVED_PAIRWISE_V002_53F,reports/research/v004c_pairwise_v1_feature_contract_v002_20260506_20260630/v004c_pairwise_v1_input_table_v002.csv,-0.0023237898012925,ARCHIVED_PAIRWISE_V002_53F,reports/research/v004c_pairwise_v1_feature_contract_v002_20260506_20260630/v004c_pairwise_v1_input_table_v002.csv,0.0220713073005093,ARCHIVED_PAIRWISE_V002_53F,reports/research/v004c_pairwise_v1_feature_contract_v002_20260506_20260630/v004c_pairwise_v1_input_table_v002.csv
002613_2026-06-09,002613,2026-06-09,2026-06,2026-06-08,2026-06-09,2026-06-10,2026-06-11,2026-06-11,BOARD2,9,0.41601370532751486,6,0,0,1,0,-0.013698630137,-0.013698630137,-0.0170454545454544,ARCHIVED_PAIRWISE_V002_53F,reports/research/v004c_pairwise_v1_feature_contract_v002_20260506_20260630/v004c_pairwise_v1_input_table_v002.csv,-0.0765124555160141,ARCHIVED_PAIRWISE_V002_53F,reports/research/v004c_pairwise_v1_feature_contract_v002_20260506_20260630/v004c_pairwise_v1_input_table_v002.csv,-0.0166504993042407,ARCHIVED_PAIRWISE_V002_53F,reports/research/v004c_pairwise_v1_feature_contract_v002_20260506_20260630/v004c_pairwise_v1_input_table_v002.csv,0.0116959064327486,ARCHIVED_PAIRWISE_V002_53F,reports/research/v004c_pairwise_v1_feature_contract_v002_20260506_20260630/v004c_pairwise_v1_input_table_v002.csv
002421_2026-06-09,002421,2026-06-09,2026-06,2026-06-08,2026-06-09,2026-06-10,2026-06-11,2026-06-11,BOARD2,9,0.4154686073879835,7,0,0,1,1,-0.142105263158,-0.142105263158,0.0160427807486631,ARCHIVED_PAIRWISE_V002_53F,reports/research/v004c_pairwise_v1_feature_contract_v002_20260506_20260630/v004c_pairwise_v1_input_table_v002.csv,-0.0484140233722871,ARCHIVED_PAIRWISE_V002_53F,reports/research/v004c_pairwise_v1_feature_contract_v002_20260506_20260630/v004c_pairwise_v1_input_table_v002.csv,-0.0158382984117381,ARCHIVED_PAIRWISE_V002_53F,reports/research/v004c_pairwise_v1_feature_contract_v002_20260506_20260630/v004c_pairwise_v1_input_table_v002.csv,0.0363636363636364,ARCHIVED_PAIRWISE_V002_53F,reports/research/v004c_pairwise_v1_feature_contract_v002_20260506_20260630/v004c_pairwise_v1_input_table_v002.csv
000068_2026-06-09,000068,2026-06-09,2026-06,2026-06-08,2026-06-09,2026-06-10,2026-06-11,2026-06-11,BOARD2,9,0.4080391480926252,8,0,0,1,1,-0.0503978779841,-0.0503978779841,-0.0231958762886597,ARCHIVED_PAIRWISE_V002_53F,reports/research/v004c_pairwise_v1_feature_contract_v002_20260506_20260630/v004c_pairwise_v1_input_table_v002.csv,-0.050125313283208,ARCHIVED_PAIRWISE_V002_53F,reports/research/v004c_pairwise_v1_feature_contract_v002_20260506_20260630/v004c_pairwise_v1_input_table_v002.csv,-0.0261774122766321,ARCHIVED_PAIRWISE_V002_53F,reports/research/v004c_pairwise_v1_feature_contract_v002_20260506_20260630/v004c_pairwise_v1_input_table_v002.csv,0.029891304347826,ARCHIVED_PAIRWISE_V002_53F,reports/research/v004c_pairwise_v1_feature_contract_v002_20260506_20260630/v004c_pairwise_v1_input_table_v002.csv
000517_2026-06-09,000517,2026-06-09,2026-06,2026-06-08,2026-06-09,2026-06-10,2026-06-11,2026-06-11,BOARD2,9,0.4060486154863509,9,0,1,0,0,0.0147783251232,0.0147783251232,-0.0047393364928909,ARCHIVED_PAIRWISE_V002_53F,reports/research/v004c_pairwise_v1_feature_contract_v002_20260506_20260630/v004c_pairwise_v1_input_table_v002.csv,-0.1566265060240964,ARCHIVED_PAIRWISE_V002_53F,reports/research/v004c_pairwise_v1_feature_contract_v002_20260506_20260630/v004c_pairwise_v1_input_table_v002.csv,-0.0604016301119326,ARCHIVED_PAIRWISE_V002_53F,reports/research/v004c_pairwise_v1_feature_contract_v002_20260506_20260630/v004c_pairwise_v1_input_table_v002.csv,0.0,ARCHIVED_PAIRWISE_V002_53F,reports/research/v004c_pairwise_v1_feature_contract_v002_20260506_20260630/v004c_pairwise_v1_input_table_v002.csv
603929_2026-06-10,603929,2026-06-10,2026-06,2026-06-09,2026-06-10,2026-06-11,2026-06-12,2026-06-12,BOARD2,7,0.44331331280082237,1,1,0,0,0,0.0850540374308,0.07,0.0085384685257516,ARCHIVED_PAIRWISE_V002_53F,reports/research/v004c_pairwise_v1_feature_contract_v002_20260506_20260630/v004c_pairwise_v1_input_table_v002.csv,0.083219512195122,ARCHIVED_PAIRWISE_V002_53F,reports/research/v004c_pairwise_v1_feature_contract_v002_20260506_20260630/v004c_pairwise_v1_input_table_v002.csv,-0.0005888323612189,ARCHIVED_PAIRWISE_V002_53F,reports/research/v004c_pairwise_v1_feature_contract_v002_20260506_20260630/v004c_pairwise_v1_input_table_v002.csv,0.0832195121951219,ARCHIVED_PAIRWISE_V002_53F,reports/research/v004c_pairwise_v1_feature_contract_v002_20260506_20260630/v004c_pairwise_v1_input_table_v002.csv
603186_2026-06-10,603186,2026-06-10,2026-06,2026-06-09,2026-06-10,2026-06-11,2026-06-12,2026-06-12,BOARD2,7,0.4359719485975837,2,1,0,0,0,0.12896813445,0.07,0.016999813188866,ARCHIVED_PAIRWISE_V002_53F,reports/research/v004c_pairwise_v1_feature_contract_v002_20260506_20260630/v004c_pairwise_v1_input_table_v002.csv,0.0709508196721311,ARCHIVED_PAIRWISE_V002_53F,reports/research/v004c_pairwise_v1_feature_contract_v002_20260506_20260630/v004c_pairwise_v1_input_table_v002.csv,0.0133929291525227,ARCHIVED_PAIRWISE_V002_53F,reports/research/v004c_pairwise_v1_feature_contract_v002_20260506_20260630/v004c_pairwise_v1_input_table_v002.csv,0.0709508196721311,ARCHIVED_PAIRWISE_V002_53F,reports/research/v004c_pairwise_v1_feature_contract_v002_20260506_20260630/v004c_pairwise_v1_input_table_v002.csv
001696_2026-06-10,001696,2026-06-10,2026-06,2026-06-09,2026-06-10,2026-06-11,2026-06-12,2026-06-12,BOARD2,7,0.42461554290872594,3,1,0,0,0,0.202105263158,0.07,-0.0134645261522525,ARCHIVED_PAIRWISE_V002_53F,reports/research/v004c_pairwise_v1_feature_contract_v002_20260506_20260630/v004c_pairwise_v1_input_table_v002.csv,0.0577456968350915,ARCHIVED_PAIRWISE_V002_53F,reports/research/v004c_pairwise_v1_feature_contract_v002_20260506_20260630/v004c_pairwise_v1_input_table_v002.csv,-0.0033697671363713,ARCHIVED_PAIRWISE_V002_53F,reports/research/v004c_pairwise_v1_feature_contract_v002_20260506_20260630/v004c_pairwise_v1_input_table_v002.csv,0.0577456968350915,ARCHIVED_PAIRWISE_V002_53F,reports/research/v004c_pairwise_v1_feature_contract_v002_20260506_20260630/v004c_pairwise_v1_input_table_v002.csv
002747_2026-06-10,002747,2026-06-10,2026-06,2026-06-09,2026-06-10,2026-06-11,2026-06-12,2026-06-12,BOARD2,7,0.41783034402893715,4,0,1,0,0,0.0194285714286,0.0194285714286,-0.0096818810511757,ARCHIVED_PAIRWISE_V002_53F,reports/research/v004c_pairwise_v1_feature_contract_v002_20260506_20260630/v004c_pairwise_v1_input_table_v002.csv,-0.0973272818961169,ARCHIVED_PAIRWISE_V002_53F,reports/research/v004c_pairwise_v1_feature_contract_v002_20260506_20260630/v004c_pairwise_v1_input_table_v002.csv,-0.0418357895617492,ARCHIVED_PAIRWISE_V002_53F,reports/research/v004c_pairwise_v1_feature_contract_v002_20260506_20260630/v004c_pairwise_v1_input_table_v002.csv,0.0138770886434436,ARCHIVED_PAIRWISE_V002_53F,reports/research/v004c_pairwise_v1_feature_contract_v002_20260506_20260630/v004c_pairwise_v1_input_table_v002.csv
002362_2026-06-10,002362,2026-06-10,2026-06,2026-06-09,2026-06-10,2026-06-11,2026-06-12,2026-06-12,BOARD2,7,0.41602415777750185,5,0,0,1,0,-0.0082219938335,-0.0082219938335,-0.0222662048490845,ARCHIVED_PAIRWISE_V002_53F,reports/research/v004c_pairwise_v1_feature_contract_v002_20260506_20260630/v004c_pairwise_v1_input_table_v002.csv,0.0133333333333334,ARCHIVED_PAIRWISE_V002_53F,reports/research/v004c_pairwise_v1_feature_contract_v002_20260506_20260630/v004c_pairwise_v1_input_table_v002.csv,-0.016949707590224,ARCHIVED_PAIRWISE_V002_53F,reports/research/v004c_pairwise_v1_feature_contract_v002_20260506_20260630/v004c_pairwise_v1_input_table_v002.csv,0.019607843137255,ARCHIVED_PAIRWISE_V002_53F,reports/research/v004c_pairwise_v1_feature_contract_v002_20260506_20260630/v004c_pairwise_v1_input_table_v002.csv
603616_2026-06-10,603616,2026-06-10,2026-06,2026-06-09,2026-06-10,2026-06-11,2026-06-12,2026-06-12,BOARD2,7,0.4112424187002386,6,0,1,0,0,0.0160583941606,0.0160583941606,-0.0569210866752911,ARCHIVED_PAIRWISE_V002_53F,reports/research/v004c_pairwise_v1_feature_contract_v002_20260506_20260630/v004c_pairwise_v1_input_table_v002.csv,-0.0910224438902742,ARCHIVED_PAIRWISE_V002_53F,reports/research/v004c_pairwise_v1_feature_contract_v002_20260506_20260630/v004c_pairwise_v1_input_table_v002.csv,-0.0530438619750794,ARCHIVED_PAIRWISE_V002_53F,reports/research/v004c_pairwise_v1_feature_contract_v002_20260506_20260630/v004c_pairwise_v1_input_table_v002.csv,0.0013736263736263,ARCHIVED_PAIRWISE_V002_53F,reports/research/v004c_pairwise_v1_feature_contract_v002_20260506_20260630/v004c_pairwise_v1_input_table_v002.csv
002254_2026-06-10,002254,2026-06-10,2026-06,2026-06-09,2026-06-10,2026-06-11,2026-06-12,2026-06-12,BOARD3,7,0.40270317447195403,7,1,0,0,0,0.0754173862982,0.07,0.0171496156120638,ARCHIVED_PAIRWISE_V002_53F,reports/research/v004c_pairwise_v1_feature_contract_v002_20260506_20260630/v004c_pairwise_v1_input_table_v002.csv,-0.07576571735626,ARCHIVED_PAIRWISE_V002_53F,reports/research/v004c_pairwise_v1_feature_contract_v002_20260506_20260630/v004c_pairwise_v1_input_table_v002.csv,-0.016424737367846,ARCHIVED_PAIRWISE_V002_53F,reports/research/v004c_pairwise_v1_feature_contract_v002_20260506_20260630/v004c_pairwise_v1_input_table_v002.csv,0.0171496156120638,ARCHIVED_PAIRWISE_V002_53F,reports/research/v004c_pairwise_v1_feature_contract_v002_20260506_20260630/v004c_pairwise_v1_input_table_v002.csv
002636_2026-06-11,002636,2026-06-11,2026-06,2026-06-10,2026-06-11,2026-06-12,2026-06-15,2026-06-15,BOARD3,10,0.4336111321732366,1,1,0,0,0,0.0890098899878,0.07,0.0120539443847713,ARCHIVED_PAIRWISE_V002_53F,reports/research/v004c_pairwise_v1_feature_contract_v002_20260506_20260630/v004c_pairwise_v1_input_table_v002.csv,0.0950413223140496,ARCHIVED_PAIRWISE_V002_53F,reports/research/v004c_pairwise_v1_feature_contract_v002_20260506_20260630/v004c_pairwise_v1_input_table_v002.csv,0.0273046396296199,ARCHIVED_PAIRWISE_V002_53F,reports/research/v004c_pairwise_v1_feature_contract_v002_20260506_20260630/v004c_pairwise_v1_input_table_v002.csv,0.0950413223140495,ARCHIVED_PAIRWISE_V002_53F,reports/research/v004c_pairwise_v1_feature_contract_v002_20260506_20260630/v004c_pairwise_v1_input_table_v002.csv
605589_2026-06-11,605589,2026-06-11,2026-06,2026-06-10,2026-06-11,2026-06-12,2026-06-15,2026-06-15,BOARD2,10,0.43258361107337506,2,1,0,0,0,0.0872881355932,0.07,-0.0308230060374959,ARCHIVED_PAIRWISE_V002_53F,reports/research/v004c_pairwise_v1_feature_contract_v002_20260506_20260630/v004c_pairwise_v1_input_table_v002.csv,-0.0161290322580645,ARCHIVED_PAIRWISE_V002_53F,reports/research/v004c_pairwise_v1_feature_contract_v002_20260506_20260630/v004c_pairwise_v1_input_table_v002.csv,0.006736410678092,ARCHIVED_PAIRWISE_V002_53F,reports/research/v004c_pairwise_v1_feature_contract_v002_20260506_20260630/v004c_pairwise_v1_input_table_v002.csv,0.0684883517253458,ARCHIVED_PAIRWISE_V002_53F,reports/research/v004c_pairwise_v1_feature_contract_v002_20260506_20260630/v004c_pairwise_v1_input_table_v002.csv
003026_2026-06-11,003026,2026-06-11,2026-06,2026-06-10,2026-06-11,2026-06-12,2026-06-15,2026-06-15,BOARD2,10,0.43052872489490407,3,0,0,1,0,-0.0459548706659,-0.0459548706659,-0.0201768933112216,ARCHIVED_PAIRWISE_V002_53F,reports/research/v004c_pairwise_v1_feature_contract_v002_20260506_20260630/v004c_pairwise_v1_input_table_v002.csv,-0.0382528486163862,ARCHIVED_PAIRWISE_V002_53F,reports/research/v004c_pairwise_v1_feature_contract_v002_20260506_20260630/v004c_pairwise_v1_input_table_v002.csv,-0.0222211755967239,ARCHIVED_PAIRWISE_V002_53F,reports/research/v004c_pairwise_v1_feature_contract_v002_20260506_20260630/v004c_pairwise_v1_input_table_v002.csv,0.015468347178459,ARCHIVED_PAIRWISE_V002_53F,reports/research/v004c_pairwise_v1_feature_contract_v002_20260506_20260630/v004c_pairwise_v1_input_table_v002.csv
605318_2026-06-11,605318,2026-06-11,2026-06,2026-06-10,2026-06-11,2026-06-12,2026-06-15,2026-06-15,BOARD2,10,0.4249894211782806,4,0,1,0,0,0.0456747404844,0.0456747404844,-0.0095928872250818,ARCHIVED_PAIRWISE_V002_53F,reports/research/v004c_pairwise_v1_feature_contract_v002_20260506_20260630/v004c_pairwise_v1_input_table_v002.csv,0.0761864406779659,ARCHIVED_PAIRWISE_V002_53F,reports/research/v004c_pairwise_v1_feature_contract_v002_20260506_20260630/v004c_pairwise_v1_input_table_v002.csv,0.0107657378139243,ARCHIVED_PAIRWISE_V002_53F,reports/research/v004c_pairwise_v1_feature_contract_v002_20260506_20260630/v004c_pairwise_v1_input_table_v002.csv,0.076186440677966,ARCHIVED_PAIRWISE_V002_53F,reports/research/v004c_pairwise_v1_feature_contract_v002_20260506_20260630/v004c_pairwise_v1_input_table_v002.csv
000029_2026-06-11,000029,2026-06-11,2026-06,2026-06-10,2026-06-11,2026-06-12,2026-06-15,2026-06-15,BOARD2,10,0.4225960271343793,5,0,1,0,0,0.0117970900511,0.0117970900511,-0.0050801094177412,ARCHIVED_PAIRWISE_V002_53F,reports/research/v004c_pairwise_v1_feature_contract_v002_20260506_20260630/v004c_pairwise_v1_input_table_v002.csv,-0.0521221146686522,ARCHIVED_PAIRWISE_V002_53F,reports/research/v004c_pairwise_v1_feature_contract_v002_20260506_20260630/v004c_pairwise_v1_input_table_v002.csv,-0.0212955159219924,ARCHIVED_PAIRWISE_V002_53F,reports/research/v004c_pairwise_v1_feature_contract_v002_20260506_20260630/v004c_pairwise_v1_input_table_v002.csv,0.0163672654690618,ARCHIVED_PAIRWISE_V002_53F,reports/research/v004c_pairwise_v1_feature_contract_v002_20260506_20260630/v004c_pairwise_v1_input_table_v002.csv
603002_2026-06-11,603002,2026-06-11,2026-06,2026-06-10,2026-06-11,2026-06-12,2026-06-15,2026-06-15,BOARD2,10,0.4168269678916089,6,0,1,0,0,0.0673719376392,0.0673719376392,-0.0094078583287217,ARCHIVED_PAIRWISE_V002_53F,reports/research/v004c_pairwise_v1_feature_contract_v002_20260506_20260630/v004c_pairwise_v1_input_table_v002.csv,-0.0245231607629429,ARCHIVED_PAIRWISE_V002_53F,reports/research/v004c_pairwise_v1_feature_contract_v002_20260506_20260630/v004c_pairwise_v1_input_table_v002.csv,0.0046930710115364,ARCHIVED_PAIRWISE_V002_53F,reports/research/v004c_pairwise_v1_feature_contract_v002_20260506_20260630/v004c_pairwise_v1_input_table_v002.csv,0.0364794441227561,ARCHIVED_PAIRWISE_V002_53F,reports/research/v004c_pairwise_v1_feature_contract_v002_20260506_20260630/v004c_pairwise_v1_input_table_v002.csv
605006_2026-06-11,605006,2026-06-11,2026-06,2026-06-10,2026-06-11,2026-06-12,2026-06-15,2026-06-15,BOARD2,10,0.4166058286788003,7,0,1,0,0,0.012037037037,0.012037037037,0.0118181818181819,ARCHIVED_PAIRWISE_V002_53F,reports/research/v004c_pairwise_v1_feature_contract_v002_20260506_20260630/v004c_pairwise_v1_input_table_v002.csv,0.0358306188925083,ARCHIVED_PAIRWISE_V002_53F,reports/research/v004c_pairwise_v1_feature_contract_v002_20260506_20260630/v004c_pairwise_v1_input_table_v002.csv,0.0266896322985545,ARCHIVED_PAIRWISE_V002_53F,reports/research/v004c_pairwise_v1_feature_contract_v002_20260506_20260630/v004c_pairwise_v1_input_table_v002.csv,0.0753623188405798,ARCHIVED_PAIRWISE_V002_53F,reports/research/v004c_pairwise_v1_feature_contract_v002_20260506_20260630/v004c_pairwise_v1_input_table_v002.csv
002585_2026-06-11,002585,2026-06-11,2026-06,2026-06-10,2026-06-11,2026-06-12,2026-06-15,2026-06-15,BOARD2,10,0.4122865642453909,8,0,1,0,0,0.0257648953301,0.0257648953301,0.0281456953642385,ARCHIVED_PAIRWISE_V002_53F,reports/research/v004c_pairwise_v1_feature_contract_v002_20260506_20260630/v004c_pairwise_v1_input_table_v002.csv,-0.0562310030395136,ARCHIVED_PAIRWISE_V002_53F,reports/research/v004c_pairwise_v1_feature_contract_v002_20260506_20260630/v004c_pairwise_v1_input_table_v002.csv,-0.0144923159378715,ARCHIVED_PAIRWISE_V002_53F,reports/research/v004c_pairwise_v1_feature_contract_v002_20260506_20260630/v004c_pairwise_v1_input_table_v002.csv,0.0281456953642383,ARCHIVED_PAIRWISE_V002_53F,reports/research/v004c_pairwise_v1_feature_contract_v002_20260506_20260630/v004c_pairwise_v1_input_table_v002.csv
002669_2026-06-11,002669,2026-06-11,2026-06,2026-06-10,2026-06-11,2026-06-12,2026-06-15,2026-06-15,BOARD2,10,0.4099241784055994,9,0,0,1,0,-0.00120481927711,-0.00120481927711,0.0,ARCHIVED_PAIRWISE_V002_53F,reports/research/v004c_pairwise_v1_feature_contract_v002_20260506_20260630/v004c_pairwise_v1_input_table_v002.csv,-0.0336700336700337,ARCHIVED_PAIRWISE_V002_53F,reports/research/v004c_pairwise_v1_feature_contract_v002_20260506_20260630/v004c_pairwise_v1_input_table_v002.csv,-0.0124846708301402,ARCHIVED_PAIRWISE_V002_53F,reports/research/v004c_pairwise_v1_feature_contract_v002_20260506_20260630/v004c_pairwise_v1_input_table_v002.csv,0.0,ARCHIVED_PAIRWISE_V002_53F,reports/research/v004c_pairwise_v1_feature_contract_v002_20260506_20260630/v004c_pairwise_v1_input_table_v002.csv
603065_2026-06-11,603065,2026-06-11,2026-06,2026-06-10,2026-06-11,2026-06-12,2026-06-15,2026-06-15,BOARD2,10,0.4055534578696763,10,0,1,0,0,0.0286764705882,0.0286764705882,0.0,ARCHIVED_PAIRWISE_V002_53F,reports/research/v004c_pairwise_v1_feature_contract_v002_20260506_20260630/v004c_pairwise_v1_input_table_v002.csv,0.0,ARCHIVED_PAIRWISE_V002_53F,reports/research/v004c_pairwise_v1_feature_contract_v002_20260506_20260630/v004c_pairwise_v1_input_table_v002.csv,0.0,ARCHIVED_PAIRWISE_V002_53F,reports/research/v004c_pairwise_v1_feature_contract_v002_20260506_20260630/v004c_pairwise_v1_input_table_v002.csv,0.0,ARCHIVED_PAIRWISE_V002_53F,reports/research/v004c_pairwise_v1_feature_contract_v002_20260506_20260630/v004c_pairwise_v1_input_table_v002.csv
002119_2026-06-12,002119,2026-06-12,2026-06,2026-06-11,2026-06-12,2026-06-15,2026-06-16,2026-06-16,BOARD2,8,0.43179998365065847,1,0,1,0,0,0.0543580131209,0.0543580131209,-0.0303398058252427,ARCHIVED_PAIRWISE_V002_53F,reports/research/v004c_pairwise_v1_feature_contract_v002_20260506_20260630/v004c_pairwise_v1_input_table_v002.csv,-0.0682215743440232,ARCHIVED_PAIRWISE_V002_53F,reports/research/v004c_pairwise_v1_feature_contract_v002_20260506_20260630/v004c_pairwise_v1_input_table_v002.csv,-0.0308816138001508,ARCHIVED_PAIRWISE_V002_53F,reports/research/v004c_pairwise_v1_feature_contract_v002_20260506_20260630/v004c_pairwise_v1_input_table_v002.csv,0.0220658778381836,ARCHIVED_PAIRWISE_V002_53F,reports/research/v004c_pairwise_v1_feature_contract_v002_20260506_20260630/v004c_pairwise_v1_input_table_v002.csv
002409_2026-06-12,002409,2026-06-12,2026-06,2026-06-11,2026-06-12,2026-06-15,2026-06-16,2026-06-16,BOARD2,8,0.43141293384610824,2,1,0,0,0,0.0771077107711,0.07,-0.0163461538461536,ARCHIVED_PAIRWISE_V002_53F,reports/research/v004c_pairwise_v1_feature_contract_v002_20260506_20260630/v004c_pairwise_v1_input_table_v002.csv,-0.0501392757660166,ARCHIVED_PAIRWISE_V002_53F,reports/research/v004c_pairwise_v1_feature_contract_v002_20260506_20260630/v004c_pairwise_v1_input_table_v002.csv,-0.0343019518154172,ARCHIVED_PAIRWISE_V002_53F,reports/research/v004c_pairwise_v1_feature_contract_v002_20260506_20260630/v004c_pairwise_v1_input_table_v002.csv,0.0087226941747573,ARCHIVED_PAIRWISE_V002_53F,reports/research/v004c_pairwise_v1_feature_contract_v002_20260506_20260630/v004c_pairwise_v1_input_table_v002.csv
600378_2026-06-12,600378,2026-06-12,2026-06,2026-06-11,2026-06-12,2026-06-15,2026-06-16,2026-06-16,BOARD2,8,0.42444957067240197,3,1,0,0,0,0.0784588441331,0.07,0.0,ARCHIVED_PAIRWISE_V002_53F,reports/research/v004c_pairwise_v1_feature_contract_v002_20260506_20260630/v004c_pairwise_v1_input_table_v002.csv,-0.0954415954415954,ARCHIVED_PAIRWISE_V002_53F,reports/research/v004c_pairwise_v1_feature_contract_v002_20260506_20260630/v004c_pairwise_v1_input_table_v002.csv,-0.0388634877955237,ARCHIVED_PAIRWISE_V002_53F,reports/research/v004c_pairwise_v1_feature_contract_v002_20260506_20260630/v004c_pairwise_v1_input_table_v002.csv,0.0,ARCHIVED_PAIRWISE_V002_53F,reports/research/v004c_pairwise_v1_feature_contract_v002_20260506_20260630/v004c_pairwise_v1_input_table_v002.csv
603155_2026-06-12,603155,2026-06-12,2026-06,2026-06-11,2026-06-12,2026-06-15,2026-06-16,2026-06-16,BOARD2,8,0.4213860301044728,4,1,0,0,0,0.087962962963,0.07,-0.0004420866489832,ARCHIVED_PAIRWISE_V002_53F,reports/research/v004c_pairwise_v1_feature_contract_v002_20260506_20260630/v004c_pairwise_v1_input_table_v002.csv,-0.05,ARCHIVED_PAIRWISE_V002_53F,reports/research/v004c_pairwise_v1_feature_contract_v002_20260506_20260630/v004c_pairwise_v1_input_table_v002.csv,-0.0346935464111625,ARCHIVED_PAIRWISE_V002_53F,reports/research/v004c_pairwise_v1_feature_contract_v002_20260506_20260630/v004c_pairwise_v1_input_table_v002.csv,0.0,ARCHIVED_PAIRWISE_V002_53F,reports/research/v004c_pairwise_v1_feature_contract_v002_20260506_20260630/v004c_pairwise_v1_input_table_v002.csv
600665_2026-06-12,600665,2026-06-12,2026-06,2026-06-11,2026-06-12,2026-06-15,2026-06-16,2026-06-16,BOARD2,8,0.41762256337251835,5,0,1,0,0,0.012987012987,0.012987012987,0.010126582278481,ARCHIVED_PAIRWISE_V002_53F,reports/research/v004c_pairwise_v1_feature_contract_v002_20260506_20260630/v004c_pairwise_v1_input_table_v002.csv,0.0310077519379845,ARCHIVED_PAIRWISE_V002_53F,reports/research/v004c_pairwise_v1_feature_contract_v002_20260506_20260630/v004c_pairwise_v1_input_table_v002.csv,0.0149219185078328,ARCHIVED_PAIRWISE_V002_53F,reports/research/v004c_pairwise_v1_feature_contract_v002_20260506_20260630/v004c_pairwise_v1_input_table_v002.csv,0.0611702127659575,ARCHIVED_PAIRWISE_V002_53F,reports/research/v004c_pairwise_v1_feature_contract_v002_20260506_20260630/v004c_pairwise_v1_input_table_v002.csv
002165_2026-06-12,002165,2026-06-12,2026-06,2026-06-11,2026-06-12,2026-06-15,2026-06-16,2026-06-16,BOARD2,8,0.41718599456352107,6,1,0,0,0,0.0732356857523,0.07,0.0197889182058048,ARCHIVED_PAIRWISE_V002_53F,reports/research/v004c_pairwise_v1_feature_contract_v002_20260506_20260630/v004c_pairwise_v1_input_table_v002.csv,0.0389784946236559,ARCHIVED_PAIRWISE_V002_53F,reports/research/v004c_pairwise_v1_feature_contract_v002_20260506_20260630/v004c_pairwise_v1_input_table_v002.csv,0.0024726882200609,ARCHIVED_PAIRWISE_V002_53F,reports/research/v004c_pairwise_v1_feature_contract_v002_20260506_20260630/v004c_pairwise_v1_input_table_v002.csv,0.0389784946236559,ARCHIVED_PAIRWISE_V002_53F,reports/research/v004c_pairwise_v1_feature_contract_v002_20260506_20260630/v004c_pairwise_v1_input_table_v002.csv
600178_2026-06-12,600178,2026-06-12,2026-06,2026-06-11,2026-06-12,2026-06-15,2026-06-16,2026-06-16,BOARD2,8,0.41435426428341815,7,0,0,1,0,-0.00398803589232,-0.00398803589232,-0.0677808727948003,ARCHIVED_PAIRWISE_V002_53F,reports/research/v004c_pairwise_v1_feature_contract_v002_20260506_20260630/v004c_pairwise_v1_input_table_v002.csv,-0.0608044901777362,ARCHIVED_PAIRWISE_V002_53F,reports/research/v004c_pairwise_v1_feature_contract_v002_20260506_20260630/v004c_pairwise_v1_input_table_v002.csv,-0.0600603187088474,ARCHIVED_PAIRWISE_V002_53F,reports/research/v004c_pairwise_v1_feature_contract_v002_20260506_20260630/v004c_pairwise_v1_input_table_v002.csv,0.0019960079840318,ARCHIVED_PAIRWISE_V002_53F,reports/research/v004c_pairwise_v1_feature_contract_v002_20260506_20260630/v004c_pairwise_v1_input_table_v002.csv
000048_2026-06-12,000048,2026-06-12,2026-06,2026-06-11,2026-06-12,2026-06-15,2026-06-16,2026-06-16,BOARD3,8,0.41120589344901814,8,0,0,1,0,-0.0215053763441,-0.0215053763441,-0.051179126944305,ARCHIVED_PAIRWISE_V002_53F,reports/research/v004c_pairwise_v1_feature_contract_v002_20260506_20260630/v004c_pairwise_v1_input_table_v002.csv,-0.0247550283651366,ARCHIVED_PAIRWISE_V002_53F,reports/research/v004c_pairwise_v1_feature_contract_v002_20260506_20260630/v004c_pairwise_v1_input_table_v002.csv,-0.0594578485967544,ARCHIVED_PAIRWISE_V002_53F,reports/research/v004c_pairwise_v1_feature_contract_v002_20260506_20260630/v004c_pairwise_v1_input_table_v002.csv,0.0,ARCHIVED_PAIRWISE_V002_53F,reports/research/v004c_pairwise_v1_feature_contract_v002_20260506_20260630/v004c_pairwise_v1_input_table_v002.csv
603014_2026-06-15,603014,2026-06-15,2026-06,2026-06-12,2026-06-15,2026-06-16,2026-06-17,2026-06-17,BOARD2,3,0.42835973506370195,1,1,0,0,0,0.111851637207,0.07,0.0144675925925925,ARCHIVED_PAIRWISE_V002_53F,reports/research/v004c_pairwise_v1_feature_contract_v002_20260506_20260630/v004c_pairwise_v1_input_table_v002.csv,-0.0306884158142106,ARCHIVED_PAIRWISE_V002_53F,reports/research/v004c_pairwise_v1_feature_contract_v002_20260506_20260630/v004c_pairwise_v1_input_table_v002.csv,0.0003671733570156,ARCHIVED_PAIRWISE_V002_53F,reports/research/v004c_pairwise_v1_feature_contract_v002_20260506_20260630/v004c_pairwise_v1_input_table_v002.csv,0.0209668025626091,ARCHIVED_PAIRWISE_V002_53F,reports/research/v004c_pairwise_v1_feature_contract_v002_20260506_20260630/v004c_pairwise_v1_input_table_v002.csv
002203_2026-06-15,002203,2026-06-15,2026-06,2026-06-12,2026-06-15,2026-06-16,2026-06-17,2026-06-17,BOARD2,3,0.42797011913377053,2,0,1,0,0,0.03625,0.03625,0.0139059304703477,ARCHIVED_PAIRWISE_V002_53F,reports/research/v004c_pairwise_v1_feature_contract_v002_20260506_20260630/v004c_pairwise_v1_input_table_v002.csv,0.0778260869565217,ARCHIVED_PAIRWISE_V002_53F,reports/research/v004c_pairwise_v1_feature_contract_v002_20260506_20260630/v004c_pairwise_v1_input_table_v002.csv,0.0210602296379749,ARCHIVED_PAIRWISE_V002_53F,reports/research/v004c_pairwise_v1_feature_contract_v002_20260506_20260630/v004c_pairwise_v1_input_table_v002.csv,0.0882352941176469,ARCHIVED_PAIRWISE_V002_53F,reports/research/v004c_pairwise_v1_feature_contract_v002_20260506_20260630/v004c_pairwise_v1_input_table_v002.csv
600067_2026-06-15,600067,2026-06-15,2026-06,2026-06-12,2026-06-15,2026-06-16,2026-06-17,2026-06-17,BOARD2,3,0.4231634113350588,3,0,1,0,0,0.0285714285714,0.0285714285714,-0.0027855153203342,ARCHIVED_PAIRWISE_V002_53F,reports/research/v004c_pairwise_v1_feature_contract_v002_20260506_20260630/v004c_pairwise_v1_input_table_v002.csv,0.0376811594202897,ARCHIVED_PAIRWISE_V002_53F,reports/research/v004c_pairwise_v1_feature_contract_v002_20260506_20260630/v004c_pairwise_v1_input_table_v002.csv,0.0031977209398155,ARCHIVED_PAIRWISE_V002_53F,reports/research/v004c_pairwise_v1_feature_contract_v002_20260506_20260630/v004c_pairwise_v1_input_table_v002.csv,0.0654761904761905,ARCHIVED_PAIRWISE_V002_53F,reports/research/v004c_pairwise_v1_feature_contract_v002_20260506_20260630/v004c_pairwise_v1_input_table_v002.csv
001359_2026-06-16,001359,2026-06-16,2026-06,2026-06-15,2026-06-16,2026-06-17,2026-06-18,2026-06-18,BOARD2,7,0.43921243556317635,1,1,0,0,0,0.120841364284,0.07,-0.0042650918635169,ARCHIVED_PAIRWISE_V002_53F,reports/research/v004c_pairwise_v1_feature_contract_v002_20260506_20260630/v004c_pairwise_v1_input_table_v002.csv,-0.0063840235717793,ARCHIVED_PAIRWISE_V002_53F,reports/research/v004c_pairwise_v1_feature_contract_v002_20260506_20260630/v004c_pairwise_v1_input_table_v002.csv,0.0104794543513617,ARCHIVED_PAIRWISE_V002_53F,reports/research/v004c_pairwise_v1_feature_contract_v002_20260506_20260630/v004c_pairwise_v1_input_table_v002.csv,0.0408985681214096,ARCHIVED_PAIRWISE_V002_53F,reports/research/v004c_pairwise_v1_feature_contract_v002_20260506_20260630/v004c_pairwise_v1_input_table_v002.csv
601958_2026-06-16,601958,2026-06-16,2026-06,2026-06-15,2026-06-16,2026-06-17,2026-06-18,2026-06-18,BOARD3,7,0.4342341797664404,2,0,1,0,0,0.0439285714286,0.0439285714286,-0.0013831258644537,ARCHIVED_PAIRWISE_V002_53F,reports/research/v004c_pairwise_v1_feature_contract_v002_20260506_20260630/v004c_pairwise_v1_input_table_v002.csv,0.0277580071174377,ARCHIVED_PAIRWISE_V002_53F,reports/research/v004c_pairwise_v1_feature_contract_v002_20260506_20260630/v004c_pairwise_v1_input_table_v002.csv,0.0105425892935837,ARCHIVED_PAIRWISE_V002_53F,reports/research/v004c_pairwise_v1_feature_contract_v002_20260506_20260630/v004c_pairwise_v1_input_table_v002.csv,0.0648967551622418,ARCHIVED_PAIRWISE_V002_53F,reports/research/v004c_pairwise_v1_feature_contract_v002_20260506_20260630/v004c_pairwise_v1_input_table_v002.csv
603738_2026-06-16,603738,2026-06-16,2026-06,2026-06-15,2026-06-16,2026-06-17,2026-06-18,2026-06-18,BOARD2,7,0.42891597838168405,3,1,0,0,0,0.129815592478,0.07,-0.0157801418439716,ARCHIVED_PAIRWISE_V002_53F,reports/research/v004c_pairwise_v1_feature_contract_v002_20260506_20260630/v004c_pairwise_v1_input_table_v002.csv,-0.026140350877193,ARCHIVED_PAIRWISE_V002_53F,reports/research/v004c_pairwise_v1_feature_contract_v002_20260506_20260630/v004c_pairwise_v1_input_table_v002.csv,-0.0018538324105369,ARCHIVED_PAIRWISE_V002_53F,reports/research/v004c_pairwise_v1_feature_contract_v002_20260506_20260630/v004c_pairwise_v1_input_table_v002.csv,0.0410727681920479,ARCHIVED_PAIRWISE_V002_53F,reports/research/v004c_pairwise_v1_feature_contract_v002_20260506_20260630/v004c_pairwise_v1_input_table_v002.csv
000510_2026-06-16,000510,2026-06-16,2026-06,2026-06-15,2026-06-16,2026-06-17,2026-06-18,2026-06-18,BOARD3,7,0.42503111464932225,4,0,0,1,0,-0.0145310435931,-0.0145310435931,0.004816112084063,ARCHIVED_PAIRWISE_V002_53F,reports/research/v004c_pairwise_v1_feature_contract_v002_20260506_20260630/v004c_pairwise_v1_input_table_v002.csv,0.0431818181818182,ARCHIVED_PAIRWISE_V002_53F,reports/research/v004c_pairwise_v1_feature_contract_v002_20260506_20260630/v004c_pairwise_v1_input_table_v002.csv,0.0163310915994574,ARCHIVED_PAIRWISE_V002_53F,reports/research/v004c_pairwise_v1_feature_contract_v002_20260506_20260630/v004c_pairwise_v1_input_table_v002.csv,0.0679385760818986,ARCHIVED_PAIRWISE_V002_53F,reports/research/v004c_pairwise_v1_feature_contract_v002_20260506_20260630/v004c_pairwise_v1_input_table_v002.csv
000506_2026-06-16,000506,2026-06-16,2026-06,2026-06-15,2026-06-16,2026-06-17,2026-06-18,2026-06-18,BOARD2,7,0.40905441300524026,5,0,0,1,0,-0.00130975769483,-0.00130975769483,-0.0155440414507772,ARCHIVED_PAIRWISE_V002_53F,reports/research/v004c_pairwise_v1_feature_contract_v002_20260506_20260630/v004c_pairwise_v1_input_table_v002.csv,0.0059563203176704,ARCHIVED_PAIRWISE_V002_53F,reports/research/v004c_pairwise_v1_feature_contract_v002_20260506_20260630/v004c_pairwise_v1_input_table_v002.csv,-0.003693666393725,ARCHIVED_PAIRWISE_V002_53F,reports/research/v004c_pairwise_v1_feature_contract_v002_20260506_20260630/v004c_pairwise_v1_input_table_v002.csv,0.0319076714188729,ARCHIVED_PAIRWISE_V002_53F,reports/research/v004c_pairwise_v1_feature_contract_v002_20260506_20260630/v004c_pairwise_v1_input_table_v002.csv
601696_2026-06-16,601696,2026-06-16,2026-06,2026-06-15,2026-06-16,2026-06-17,2026-06-18,2026-06-18,BOARD2,7,0.4083884967590378,6,0,0,1,0,-0.0187265917603,-0.0187265917603,0.0246533127889059,ARCHIVED_PAIRWISE_V002_53F,reports/research/v004c_pairwise_v1_feature_contract_v002_20260506_20260630/v004c_pairwise_v1_input_table_v002.csv,0.0572337042925279,ARCHIVED_PAIRWISE_V002_53F,reports/research/v004c_pairwise_v1_feature_contract_v002_20260506_20260630/v004c_pairwise_v1_input_table_v002.csv,0.0133257765733838,ARCHIVED_PAIRWISE_V002_53F,reports/research/v004c_pairwise_v1_feature_contract_v002_20260506_20260630/v004c_pairwise_v1_input_table_v002.csv,0.0572337042925278,ARCHIVED_PAIRWISE_V002_53F,reports/research/v004c_pairwise_v1_feature_contract_v002_20260506_20260630/v004c_pairwise_v1_input_table_v002.csv
603335_2026-06-16,603335,2026-06-16,2026-06,2026-06-15,2026-06-16,2026-06-17,2026-06-18,2026-06-18,BOARD2,7,0.4068352455379902,7,1,0,0,0,0.111922141119,0.07,0.0114810562571756,ARCHIVED_PAIRWISE_V002_53F,reports/research/v004c_pairwise_v1_feature_contract_v002_20260506_20260630/v004c_pairwise_v1_input_table_v002.csv,-0.0964102564102563,ARCHIVED_PAIRWISE_V002_53F,reports/research/v004c_pairwise_v1_feature_contract_v002_20260506_20260630/v004c_pairwise_v1_input_table_v002.csv,-0.023438381399116,ARCHIVED_PAIRWISE_V002_53F,reports/research/v004c_pairwise_v1_feature_contract_v002_20260506_20260630/v004c_pairwise_v1_input_table_v002.csv,0.0463182897862233,ARCHIVED_PAIRWISE_V002_53F,reports/research/v004c_pairwise_v1_feature_contract_v002_20260506_20260630/v004c_pairwise_v1_input_table_v002.csv
603256_2026-06-17,603256,2026-06-17,2026-06,2026-06-16,2026-06-17,2026-06-18,2026-06-22,2026-06-22,BOARD2,17,0.4371295408992436,1,1,0,0,0,0.12002451982,0.07,0.0072362278244628,ARCHIVED_PAIRWISE_V002_53F,reports/research/v004c_pairwise_v1_feature_contract_v002_20260506_20260630/v004c_pairwise_v1_input_table_v002.csv,0.0113281249999999,ARCHIVED_PAIRWISE_V002_53F,reports/research/v004c_pairwise_v1_feature_contract_v002_20260506_20260630/v004c_pairwise_v1_input_table_v002.csv,-0.013048636816754,ARCHIVED_PAIRWISE_V002_53F,reports/research/v004c_pairwise_v1_feature_contract_v002_20260506_20260630/v004c_pairwise_v1_input_table_v002.csv,0.0228350189633374,ARCHIVED_PAIRWISE_V002_53F,reports/research/v004c_pairwise_v1_feature_contract_v002_20260506_20260630/v004c_pairwise_v1_input_table_v002.csv
603516_2026-06-17,603516,2026-06-17,2026-06,2026-06-16,2026-06-17,2026-06-18,2026-06-22,2026-06-22,BOARD2,17,0.42862490371185274,2,1,0,0,0,0.0701068927387,0.07,0.0029579235376766,ARCHIVED_PAIRWISE_V002_53F,reports/research/v004c_pairwise_v1_feature_contract_v002_20260506_20260630/v004c_pairwise_v1_input_table_v002.csv,-0.0217109059434505,ARCHIVED_PAIRWISE_V002_53F,reports/research/v004c_pairwise_v1_feature_contract_v002_20260506_20260630/v004c_pairwise_v1_input_table_v002.csv,-0.0054068158317458,ARCHIVED_PAIRWISE_V002_53F,reports/research/v004c_pairwise_v1_feature_contract_v002_20260506_20260630/v004c_pairwise_v1_input_table_v002.csv,0.0216179572160289,ARCHIVED_PAIRWISE_V002_53F,reports/research/v004c_pairwise_v1_feature_contract_v002_20260506_20260630/v004c_pairwise_v1_input_table_v002.csv
605198_2026-06-17,605198,2026-06-17,2026-06,2026-06-16,2026-06-17,2026-06-18,2026-06-22,2026-06-22,BOARD3,17,0.42756227032377914,3,0,0,1,0,-0.0212765957447,-0.0212765957447,0.0484951870354575,ARCHIVED_PAIRWISE_V002_53F,reports/research/v004c_pairwise_v1_feature_contract_v002_20260506_20260630/v004c_pairwise_v1_input_table_v002.csv,0.0972966080081612,ARCHIVED_PAIRWISE_V002_53F,reports/research/v004c_pairwise_v1_feature_contract_v002_20260506_20260630/v004c_pairwise_v1_input_table_v002.csv,0.0262725435837858,ARCHIVED_PAIRWISE_V002_53F,reports/research/v004c_pairwise_v1_feature_contract_v002_20260506_20260630/v004c_pairwise_v1_input_table_v002.csv,0.0972966080081611,ARCHIVED_PAIRWISE_V002_53F,reports/research/v004c_pairwise_v1_feature_contract_v002_20260506_20260630/v004c_pairwise_v1_input_table_v002.csv
002552_2026-06-17,002552,2026-06-17,2026-06,2026-06-16,2026-06-17,2026-06-18,2026-06-22,2026-06-22,BOARD2,17,0.427401552984607,4,1,0,0,0,0.136402877698,0.07,0.0006933851060879,ARCHIVED_PAIRWISE_V002_53F,reports/research/v004c_pairwise_v1_feature_contract_v002_20260506_20260630/v004c_pairwise_v1_input_table_v002.csv,0.0163380281690139,ARCHIVED_PAIRWISE_V002_53F,reports/research/v004c_pairwise_v1_feature_contract_v002_20260506_20260630/v004c_pairwise_v1_input_table_v002.csv,-0.0076932561036642,ARCHIVED_PAIRWISE_V002_53F,reports/research/v004c_pairwise_v1_feature_contract_v002_20260506_20260630/v004c_pairwise_v1_input_table_v002.csv,0.0770149253731342,ARCHIVED_PAIRWISE_V002_53F,reports/research/v004c_pairwise_v1_feature_contract_v002_20260506_20260630/v004c_pairwise_v1_input_table_v002.csv
605289_2026-06-17,605289,2026-06-17,2026-06,2026-06-16,2026-06-17,2026-06-18,2026-06-22,2026-06-22,BOARD2,17,0.426883598590933,5,0,1,0,0,0.065543071161,0.065543071161,-0.0043354761548812,ARCHIVED_PAIRWISE_V002_53F,reports/research/v004c_pairwise_v1_feature_contract_v002_20260506_20260630/v004c_pairwise_v1_input_table_v002.csv,0.0012779072389685,ARCHIVED_PAIRWISE_V002_53F,reports/research/v004c_pairwise_v1_feature_contract_v002_20260506_20260630/v004c_pairwise_v1_input_table_v002.csv,0.0068888983142816,ARCHIVED_PAIRWISE_V002_53F,reports/research/v004c_pairwise_v1_feature_contract_v002_20260506_20260630/v004c_pairwise_v1_input_table_v002.csv,0.0406249999999999,ARCHIVED_PAIRWISE_V002_53F,reports/research/v004c_pairwise_v1_feature_contract_v002_20260506_20260630/v004c_pairwise_v1_input_table_v002.csv
600549_2026-06-17,600549,2026-06-17,2026-06,2026-06-16,2026-06-17,2026-06-18,2026-06-22,2026-06-22,BOARD2,17,0.42346039440858346,6,1,0,0,0,0.209677419355,0.07,-0.0014822134387351,ARCHIVED_PAIRWISE_V002_53F,reports/research/v004c_pairwise_v1_feature_contract_v002_20260506_20260630/v004c_pairwise_v1_input_table_v002.csv,0.0104999999999999,ARCHIVED_PAIRWISE_V002_53F,reports/research/v004c_pairwise_v1_feature_contract_v002_20260506_20260630/v004c_pairwise_v1_input_table_v002.csv,0.0118768692601363,ARCHIVED_PAIRWISE_V002_53F,reports/research/v004c_pairwise_v1_feature_contract_v002_20260506_20260630/v004c_pairwise_v1_input_table_v002.csv,0.0526041666666667,ARCHIVED_PAIRWISE_V002_53F,reports/research/v004c_pairwise_v1_feature_contract_v002_20260506_20260630/v004c_pairwise_v1_input_table_v002.csv
002851_2026-06-17,002851,2026-06-17,2026-06,2026-06-16,2026-06-17,2026-06-18,2026-06-22,2026-06-22,BOARD2,17,0.42134224312505225,7,1,0,0,0,0.0721357850071,0.07,0.0129090703204619,ARCHIVED_PAIRWISE_V002_53F,reports/research/v004c_pairwise_v1_feature_contract_v002_20260506_20260630/v004c_pairwise_v1_input_table_v002.csv,0.0581415981546105,ARCHIVED_PAIRWISE_V002_53F,reports/research/v004c_pairwise_v1_feature_contract_v002_20260506_20260630/v004c_pairwise_v1_input_table_v002.csv,0.0152068747428963,ARCHIVED_PAIRWISE_V002_53F,reports/research/v004c_pairwise_v1_feature_contract_v002_20260506_20260630/v004c_pairwise_v1_input_table_v002.csv,0.0607767565965016,ARCHIVED_PAIRWISE_V002_53F,reports/research/v004c_pairwise_v1_feature_contract_v002_20260506_20260630/v004c_pairwise_v1_input_table_v002.csv
002824_2026-06-17,002824,2026-06-17,2026-06,2026-06-16,2026-06-17,2026-06-18,2026-06-22,2026-06-22,BOARD2,17,0.41998763246110477,8,1,0,0,0,0.144943820225,0.07,0.0312769010043041,ARCHIVED_PAIRWISE_V002_53F,reports/research/v004c_pairwise_v1_feature_contract_v002_20260506_20260630/v004c_pairwise_v1_input_table_v002.csv,0.0366310931641187,ARCHIVED_PAIRWISE_V002_53F,reports/research/v004c_pairwise_v1_feature_contract_v002_20260506_20260630/v004c_pairwise_v1_input_table_v002.csv,0.0273562783549929,ARCHIVED_PAIRWISE_V002_53F,reports/research/v004c_pairwise_v1_feature_contract_v002_20260506_20260630/v004c_pairwise_v1_input_table_v002.csv,0.0835091950557731,ARCHIVED_PAIRWISE_V002_53F,reports/research/v004c_pairwise_v1_feature_contract_v002_20260506_20260630/v004c_pairwise_v1_input_table_v002.csv
002585_2026-06-17,002585,2026-06-17,2026-06,2026-06-16,2026-06-17,2026-06-18,2026-06-22,2026-06-22,BOARD2,17,0.4182144761205769,9,0,1,0,0,0.0378634212306,0.0378634212306,-0.0013440860215054,ARCHIVED_PAIRWISE_V002_53F,reports/research/v004c_pairwise_v1_feature_contract_v002_20260506_20260630/v004c_pairwise_v1_input_table_v002.csv,0.0958702064896754,ARCHIVED_PAIRWISE_V002_53F,reports/research/v004c_pairwise_v1_feature_contract_v002_20260506_20260630/v004c_pairwise_v1_input_table_v002.csv,0.0091328604080316,ARCHIVED_PAIRWISE_V002_53F,reports/research/v004c_pairwise_v1_feature_contract_v002_20260506_20260630/v004c_pairwise_v1_input_table_v002.csv,0.0958702064896754,ARCHIVED_PAIRWISE_V002_53F,reports/research/v004c_pairwise_v1_feature_contract_v002_20260506_20260630/v004c_pairwise_v1_input_table_v002.csv
002806_2026-06-17,002806,2026-06-17,2026-06,2026-06-16,2026-06-17,2026-06-18,2026-06-22,2026-06-22,BOARD2,17,0.41621362258136896,10,0,1,0,0,0.0405727923628,0.0405727923628,0.0136585365853658,ARCHIVED_PAIRWISE_V002_53F,reports/research/v004c_pairwise_v1_feature_contract_v002_20260506_20260630/v004c_pairwise_v1_input_table_v002.csv,-0.0294255021018214,ARCHIVED_PAIRWISE_V002_53F,reports/research/v004c_pairwise_v1_feature_contract_v002_20260506_20260630/v004c_pairwise_v1_input_table_v002.csv,-0.0046279462051287,ARCHIVED_PAIRWISE_V002_53F,reports/research/v004c_pairwise_v1_feature_contract_v002_20260506_20260630/v004c_pairwise_v1_input_table_v002.csv,0.0201276386843397,ARCHIVED_PAIRWISE_V002_53F,reports/research/v004c_pairwise_v1_feature_contract_v002_20260506_20260630/v004c_pairwise_v1_input_table_v002.csv
002990_2026-06-17,002990,2026-06-17,2026-06,2026-06-16,2026-06-17,2026-06-18,2026-06-22,2026-06-22,BOARD2,17,0.4159130996266898,11,1,0,0,0,0.0859687386405,0.07,-0.0027782922763474,ARCHIVED_PAIRWISE_V002_53F,reports/research/v004c_pairwise_v1_feature_contract_v002_20260506_20260630/v004c_pairwise_v1_input_table_v002.csv,-0.0373681387448595,ARCHIVED_PAIRWISE_V002_53F,reports/research/v004c_pairwise_v1_feature_contract_v002_20260506_20260630/v004c_pairwise_v1_input_table_v002.csv,-0.0174038283644388,ARCHIVED_PAIRWISE_V002_53F,reports/research/v004c_pairwise_v1_feature_contract_v002_20260506_20260630/v004c_pairwise_v1_input_table_v002.csv,0.0057911451522511,ARCHIVED_PAIRWISE_V002_53F,reports/research/v004c_pairwise_v1_feature_contract_v002_20260506_20260630/v004c_pairwise_v1_input_table_v002.csv
603045_2026-06-17,603045,2026-06-17,2026-06,2026-06-16,2026-06-17,2026-06-18,2026-06-22,2026-06-22,BOARD2,17,0.41541196043893136,12,0,1,0,0,0.0585868150077,0.0585868150077,0.0047647409172124,ARCHIVED_PAIRWISE_V002_53F,reports/research/v004c_pairwise_v1_feature_contract_v002_20260506_20260630/v004c_pairwise_v1_input_table_v002.csv,0.0162650602409637,ARCHIVED_PAIRWISE_V002_53F,reports/research/v004c_pairwise_v1_feature_contract_v002_20260506_20260630/v004c_pairwise_v1_input_table_v002.csv,0.0034283505447592,ARCHIVED_PAIRWISE_V002_53F,reports/research/v004c_pairwise_v1_feature_contract_v002_20260506_20260630/v004c_pairwise_v1_input_table_v002.csv,0.0274056029232643,ARCHIVED_PAIRWISE_V002_53F,reports/research/v004c_pairwise_v1_feature_contract_v002_20260506_20260630/v004c_pairwise_v1_input_table_v002.csv
600703_2026-06-17,600703,2026-06-17,2026-06,2026-06-16,2026-06-17,2026-06-18,2026-06-22,2026-06-22,BOARD2,17,0.4130542653507044,13,1,0,0,0,0.0892151326934,0.07,-0.0057937427578216,ARCHIVED_PAIRWISE_V002_53F,reports/research/v004c_pairwise_v1_feature_contract_v002_20260506_20260630/v004c_pairwise_v1_input_table_v002.csv,0.0117924528301887,ARCHIVED_PAIRWISE_V002_53F,reports/research/v004c_pairwise_v1_feature_contract_v002_20260506_20260630/v004c_pairwise_v1_input_table_v002.csv,0.0053139834216107,ARCHIVED_PAIRWISE_V002_53F,reports/research/v004c_pairwise_v1_feature_contract_v002_20260506_20260630/v004c_pairwise_v1_input_table_v002.csv,0.0208209399167163,ARCHIVED_PAIRWISE_V002_53F,reports/research/v004c_pairwise_v1_feature_contract_v002_20260506_20260630/v004c_pairwise_v1_input_table_v002.csv
601179_2026-06-17,601179,2026-06-17,2026-06,2026-06-16,2026-06-17,2026-06-18,2026-06-22,2026-06-22,BOARD2,17,0.4126254612704056,14,1,0,0,0,0.0707908163265,0.07,-0.0012650221378874,ARCHIVED_PAIRWISE_V002_53F,reports/research/v004c_pairwise_v1_feature_contract_v002_20260506_20260630/v004c_pairwise_v1_input_table_v002.csv,-0.0383678440925702,ARCHIVED_PAIRWISE_V002_53F,reports/research/v004c_pairwise_v1_feature_contract_v002_20260506_20260630/v004c_pairwise_v1_input_table_v002.csv,-0.0073857242795766,ARCHIVED_PAIRWISE_V002_53F,reports/research/v004c_pairwise_v1_feature_contract_v002_20260506_20260630/v004c_pairwise_v1_input_table_v002.csv,0.0083014048531289,ARCHIVED_PAIRWISE_V002_53F,reports/research/v004c_pairwise_v1_feature_contract_v002_20260506_20260630/v004c_pairwise_v1_input_table_v002.csv
002051_2026-06-17,002051,2026-06-17,2026-06,2026-06-16,2026-06-17,2026-06-18,2026-06-22,2026-06-22,BOARD2,17,0.4124466905983143,15,1,0,0,0,0.0827974276527,0.07,0.0,ARCHIVED_PAIRWISE_V002_53F,reports/research/v004c_pairwise_v1_feature_contract_v002_20260506_20260630/v004c_pairwise_v1_input_table_v002.csv,-0.05446293494705,ARCHIVED_PAIRWISE_V002_53F,reports/research/v004c_pairwise_v1_feature_contract_v002_20260506_20260630/v004c_pairwise_v1_input_table_v002.csv,-0.0215713607762003,ARCHIVED_PAIRWISE_V002_53F,reports/research/v004c_pairwise_v1_feature_contract_v002_20260506_20260630/v004c_pairwise_v1_input_table_v002.csv,0.030502885408079,ARCHIVED_PAIRWISE_V002_53F,reports/research/v004c_pairwise_v1_feature_contract_v002_20260506_20260630/v004c_pairwise_v1_input_table_v002.csv
600545_2026-06-17,600545,2026-06-17,2026-06,2026-06-16,2026-06-17,2026-06-18,2026-06-22,2026-06-22,BOARD2,17,0.4098790278560166,16,1,0,0,0,0.142857142857,0.07,-0.0149476831091182,ARCHIVED_PAIRWISE_V002_53F,reports/research/v004c_pairwise_v1_feature_contract_v002_20260506_20260630/v004c_pairwise_v1_input_table_v002.csv,-0.0090225563909774,ARCHIVED_PAIRWISE_V002_53F,reports/research/v004c_pairwise_v1_feature_contract_v002_20260506_20260630/v004c_pairwise_v1_input_table_v002.csv,-0.0137499441104834,ARCHIVED_PAIRWISE_V002_53F,reports/research/v004c_pairwise_v1_feature_contract_v002_20260506_20260630/v004c_pairwise_v1_input_table_v002.csv,0.0154083204930662,ARCHIVED_PAIRWISE_V002_53F,reports/research/v004c_pairwise_v1_feature_contract_v002_20260506_20260630/v004c_pairwise_v1_input_table_v002.csv
002515_2026-06-17,002515,2026-06-17,2026-06,2026-06-16,2026-06-17,2026-06-18,2026-06-22,2026-06-22,BOARD2,17,0.4051926777357753,17,1,0,0,0,0.165371809101,0.07,-0.0083769633507853,ARCHIVED_PAIRWISE_V002_53F,reports/research/v004c_pairwise_v1_feature_contract_v002_20260506_20260630/v004c_pairwise_v1_input_table_v002.csv,0.053392658509455,ARCHIVED_PAIRWISE_V002_53F,reports/research/v004c_pairwise_v1_feature_contract_v002_20260506_20260630/v004c_pairwise_v1_input_table_v002.csv,0.0061701002945462,ARCHIVED_PAIRWISE_V002_53F,reports/research/v004c_pairwise_v1_feature_contract_v002_20260506_20260630/v004c_pairwise_v1_input_table_v002.csv,0.0569196428571428,ARCHIVED_PAIRWISE_V002_53F,reports/research/v004c_pairwise_v1_feature_contract_v002_20260506_20260630/v004c_pairwise_v1_input_table_v002.csv
603186_2026-06-18,603186,2026-06-18,2026-06,2026-06-17,2026-06-18,2026-06-22,2026-06-23,2026-06-23,BOARD3,15,0.44055570432191016,1,0,1,0,0,0.0454831800428,0.0454831800428,0.0172597940786944,ARCHIVED_PAIRWISE_V002_53F,reports/research/v004c_pairwise_v1_feature_contract_v002_20260506_20260630/v004c_pairwise_v1_input_table_v002.csv,0.0659414450711792,ARCHIVED_PAIRWISE_V002_53F,reports/research/v004c_pairwise_v1_feature_contract_v002_20260506_20260630/v004c_pairwise_v1_input_table_v002.csv,0.0341617304959973,ARCHIVED_PAIRWISE_V002_53F,reports/research/v004c_pairwise_v1_feature_contract_v002_20260506_20260630/v004c_pairwise_v1_input_table_v002.csv,0.0760574837310195,ARCHIVED_PAIRWISE_V002_53F,reports/research/v004c_pairwise_v1_feature_contract_v002_20260506_20260630/v004c_pairwise_v1_input_table_v002.csv
603773_2026-06-18,603773,2026-06-18,2026-06,2026-06-17,2026-06-18,2026-06-22,2026-06-23,2026-06-23,BOARD2,15,0.43459625510237676,2,0,1,0,0,0.0675738274464,0.0675738274464,0.0109256076602013,ARCHIVED_PAIRWISE_V002_53F,reports/research/v004c_pairwise_v1_feature_contract_v002_20260506_20260630/v004c_pairwise_v1_input_table_v002.csv,-0.0374612822161184,ARCHIVED_PAIRWISE_V002_53F,reports/research/v004c_pairwise_v1_feature_contract_v002_20260506_20260630/v004c_pairwise_v1_input_table_v002.csv,0.0045253444696828,ARCHIVED_PAIRWISE_V002_53F,reports/research/v004c_pairwise_v1_feature_contract_v002_20260506_20260630/v004c_pairwise_v1_input_table_v002.csv,0.0979999999999999,ARCHIVED_PAIRWISE_V002_53F,reports/research/v004c_pairwise_v1_feature_contract_v002_20260506_20260630/v004c_pairwise_v1_input_table_v002.csv
002741_2026-06-18,002741,2026-06-18,2026-06,2026-06-17,2026-06-18,2026-06-22,2026-06-23,2026-06-23,BOARD3,15,0.4338893926041865,3,0,0,1,0,-0.0204131227217,-0.0204131227217,0.0299251870324188,ARCHIVED_PAIRWISE_V002_53F,reports/research/v004c_pairwise_v1_feature_contract_v002_20260506_20260630/v004c_pairwise_v1_input_table_v002.csv,0.0379492334757476,ARCHIVED_PAIRWISE_V002_53F,reports/research/v004c_pairwise_v1_feature_contract_v002_20260506_20260630/v004c_pairwise_v1_input_table_v002.csv,0.0333441671967509,ARCHIVED_PAIRWISE_V002_53F,reports/research/v004c_pairwise_v1_feature_contract_v002_20260506_20260630/v004c_pairwise_v1_input_table_v002.csv,0.0713359273670557,ARCHIVED_PAIRWISE_V002_53F,reports/research/v004c_pairwise_v1_feature_contract_v002_20260506_20260630/v004c_pairwise_v1_input_table_v002.csv
600110_2026-06-18,600110,2026-06-18,2026-06,2026-06-17,2026-06-18,2026-06-22,2026-06-23,2026-06-23,BOARD3,15,0.4273372329700783,4,0,0,1,0,-0.0444572748268,-0.0444572748268,0.0057240984544935,ARCHIVED_PAIRWISE_V002_53F,reports/research/v004c_pairwise_v1_feature_contract_v002_20260506_20260630/v004c_pairwise_v1_input_table_v002.csv,0.004,ARCHIVED_PAIRWISE_V002_53F,reports/research/v004c_pairwise_v1_feature_contract_v002_20260506_20260630/v004c_pairwise_v1_input_table_v002.csv,0.0003284801372593,ARCHIVED_PAIRWISE_V002_53F,reports/research/v004c_pairwise_v1_feature_contract_v002_20260506_20260630/v004c_pairwise_v1_input_table_v002.csv,0.0329218106995884,ARCHIVED_PAIRWISE_V002_53F,reports/research/v004c_pairwise_v1_feature_contract_v002_20260506_20260630/v004c_pairwise_v1_input_table_v002.csv
603115_2026-06-18,603115,2026-06-18,2026-06,2026-06-17,2026-06-18,2026-06-22,2026-06-23,2026-06-23,BOARD3,15,0.4264370614800061,5,0,1,0,0,0.0322945682451,0.0322945682451,-0.0282954930532023,ARCHIVED_PAIRWISE_V002_53F,reports/research/v004c_pairwise_v1_feature_contract_v002_20260506_20260630/v004c_pairwise_v1_input_table_v002.csv,-0.0896825396825397,ARCHIVED_PAIRWISE_V002_53F,reports/research/v004c_pairwise_v1_feature_contract_v002_20260506_20260630/v004c_pairwise_v1_input_table_v002.csv,-0.031979022340332,ARCHIVED_PAIRWISE_V002_53F,reports/research/v004c_pairwise_v1_feature_contract_v002_20260506_20260630/v004c_pairwise_v1_input_table_v002.csv,0.0049062554757315,ARCHIVED_PAIRWISE_V002_53F,reports/research/v004c_pairwise_v1_feature_contract_v002_20260506_20260630/v004c_pairwise_v1_input_table_v002.csv
002080_2026-06-18,002080,2026-06-18,2026-06,2026-06-17,2026-06-18,2026-06-22,2026-06-23,2026-06-23,BOARD3,15,0.42269980603071566,6,0,1,0,0,0.0197681513118,0.0197681513118,-0.0042032389664977,ARCHIVED_PAIRWISE_V002_53F,reports/research/v004c_pairwise_v1_feature_contract_v002_20260506_20260630/v004c_pairwise_v1_input_table_v002.csv,-0.0206686930091185,ARCHIVED_PAIRWISE_V002_53F,reports/research/v004c_pairwise_v1_feature_contract_v002_20260506_20260630/v004c_pairwise_v1_input_table_v002.csv,0.0007552806546726,ARCHIVED_PAIRWISE_V002_53F,reports/research/v004c_pairwise_v1_feature_contract_v002_20260506_20260630/v004c_pairwise_v1_input_table_v002.csv,0.0292614362381803,ARCHIVED_PAIRWISE_V002_53F,reports/research/v004c_pairwise_v1_feature_contract_v002_20260506_20260630/v004c_pairwise_v1_input_table_v002.csv
603002_2026-06-18,603002,2026-06-18,2026-06,2026-06-17,2026-06-18,2026-06-22,2026-06-23,2026-06-23,BOARD3,15,0.4224957764455735,7,1,0,0,0,0.117920540997,0.07,0.0081231295425394,ARCHIVED_PAIRWISE_V002_53F,reports/research/v004c_pairwise_v1_feature_contract_v002_20260506_20260630/v004c_pairwise_v1_input_table_v002.csv,-0.0025380710659899,ARCHIVED_PAIRWISE_V002_53F,reports/research/v004c_pairwise_v1_feature_contract_v002_20260506_20260630/v004c_pairwise_v1_input_table_v002.csv,0.0060047314623616,ARCHIVED_PAIRWISE_V002_53F,reports/research/v004c_pairwise_v1_feature_contract_v002_20260506_20260630/v004c_pairwise_v1_input_table_v002.csv,0.0396825396825396,ARCHIVED_PAIRWISE_V002_53F,reports/research/v004c_pairwise_v1_feature_contract_v002_20260506_20260630/v004c_pairwise_v1_input_table_v002.csv
002484_2026-06-18,002484,2026-06-18,2026-06,2026-06-17,2026-06-18,2026-06-22,2026-06-23,2026-06-23,BOARD2,15,0.4216714933925844,8,0,0,1,1,-0.0501659904094,-0.0501659904094,0.0103786816269284,ARCHIVED_PAIRWISE_V002_53F,reports/research/v004c_pairwise_v1_feature_contract_v002_20260506_20260630/v004c_pairwise_v1_input_table_v002.csv,0.0389385635996537,ARCHIVED_PAIRWISE_V002_53F,reports/research/v004c_pairwise_v1_feature_contract_v002_20260506_20260630/v004c_pairwise_v1_input_table_v002.csv,-6.505451121485706e-05,ARCHIVED_PAIRWISE_V002_53F,reports/research/v004c_pairwise_v1_feature_contract_v002_20260506_20260630/v004c_pairwise_v1_input_table_v002.csv,0.0389385635996538,ARCHIVED_PAIRWISE_V002_53F,reports/research/v004c_pairwise_v1_feature_contract_v002_20260506_20260630/v004c_pairwise_v1_input_table_v002.csv
601636_2026-06-18,601636,2026-06-18,2026-06,2026-06-17,2026-06-18,2026-06-22,2026-06-23,2026-06-23,BOARD3,15,0.41548400497765225,9,0,1,0,0,0.0048309178744,0.0048309178744,-0.0348139255702282,ARCHIVED_PAIRWISE_V002_53F,reports/research/v004c_pairwise_v1_feature_contract_v002_20260506_20260630/v004c_pairwise_v1_input_table_v002.csv,-0.0640279394644937,ARCHIVED_PAIRWISE_V002_53F,reports/research/v004c_pairwise_v1_feature_contract_v002_20260506_20260630/v004c_pairwise_v1_input_table_v002.csv,-0.004092869627435,ARCHIVED_PAIRWISE_V002_53F,reports/research/v004c_pairwise_v1_feature_contract_v002_20260506_20260630/v004c_pairwise_v1_input_table_v002.csv,0.0307692307692306,ARCHIVED_PAIRWISE_V002_53F,reports/research/v004c_pairwise_v1_feature_contract_v002_20260506_20260630/v004c_pairwise_v1_input_table_v002.csv
600707_2026-06-18,600707,2026-06-18,2026-06,2026-06-17,2026-06-18,2026-06-22,2026-06-23,2026-06-23,BOARD2,15,0.41284700562962384,10,1,0,0,0,0.109845402766,0.07,-0.0159663865546217,ARCHIVED_PAIRWISE_V002_53F,reports/research/v004c_pairwise_v1_feature_contract_v002_20260506_20260630/v004c_pairwise_v1_input_table_v002.csv,-0.0510534846029172,ARCHIVED_PAIRWISE_V002_53F,reports/research/v004c_pairwise_v1_feature_contract_v002_20260506_20260630/v004c_pairwise_v1_input_table_v002.csv,-0.0170633106200128,ARCHIVED_PAIRWISE_V002_53F,reports/research/v004c_pairwise_v1_feature_contract_v002_20260506_20260630/v004c_pairwise_v1_input_table_v002.csv,0.0182608695652174,ARCHIVED_PAIRWISE_V002_53F,reports/research/v004c_pairwise_v1_feature_contract_v002_20260506_20260630/v004c_pairwise_v1_input_table_v002.csv
000777_2026-06-18,000777,2026-06-18,2026-06,2026-06-17,2026-06-18,2026-06-22,2026-06-23,2026-06-23,BOARD3,15,0.4122039025146916,11,0,1,0,0,0.0143464399575,0.0143464399575,-0.0095669687814702,ARCHIVED_PAIRWISE_V002_53F,reports/research/v004c_pairwise_v1_feature_contract_v002_20260506_20260630/v004c_pairwise_v1_input_table_v002.csv,-0.0381418092909534,ARCHIVED_PAIRWISE_V002_53F,reports/research/v004c_pairwise_v1_feature_contract_v002_20260506_20260630/v004c_pairwise_v1_input_table_v002.csv,-0.0133188554694371,ARCHIVED_PAIRWISE_V002_53F,reports/research/v004c_pairwise_v1_feature_contract_v002_20260506_20260630/v004c_pairwise_v1_input_table_v002.csv,0.0,ARCHIVED_PAIRWISE_V002_53F,reports/research/v004c_pairwise_v1_feature_contract_v002_20260506_20260630/v004c_pairwise_v1_input_table_v002.csv
600615_2026-06-18,600615,2026-06-18,2026-06,2026-06-17,2026-06-18,2026-06-22,2026-06-23,2026-06-23,BOARD2,15,0.41051983299728323,12,0,0,1,0,-0.00570342205323,-0.00570342205323,0.0,ARCHIVED_PAIRWISE_V002_53F,reports/research/v004c_pairwise_v1_feature_contract_v002_20260506_20260630/v004c_pairwise_v1_input_table_v002.csv,-0.0477477477477477,ARCHIVED_PAIRWISE_V002_53F,reports/research/v004c_pairwise_v1_feature_contract_v002_20260506_20260630/v004c_pairwise_v1_input_table_v002.csv,-0.0083796788718858,ARCHIVED_PAIRWISE_V002_53F,reports/research/v004c_pairwise_v1_feature_contract_v002_20260506_20260630/v004c_pairwise_v1_input_table_v002.csv,0.0114832535885168,ARCHIVED_PAIRWISE_V002_53F,reports/research/v004c_pairwise_v1_feature_contract_v002_20260506_20260630/v004c_pairwise_v1_input_table_v002.csv
600192_2026-06-18,600192,2026-06-18,2026-06,2026-06-17,2026-06-18,2026-06-22,2026-06-23,2026-06-23,BOARD2,15,0.4094442644074295,13,0,1,0,0,0.00126742712294,0.00126742712294,-0.018939393939394,ARCHIVED_PAIRWISE_V002_53F,reports/research/v004c_pairwise_v1_feature_contract_v002_20260506_20260630/v004c_pairwise_v1_input_table_v002.csv,-0.050122249388753,ARCHIVED_PAIRWISE_V002_53F,reports/research/v004c_pairwise_v1_feature_contract_v002_20260506_20260630/v004c_pairwise_v1_input_table_v002.csv,-0.0248948760254856,ARCHIVED_PAIRWISE_V002_53F,reports/research/v004c_pairwise_v1_feature_contract_v002_20260506_20260630/v004c_pairwise_v1_input_table_v002.csv,0.0,ARCHIVED_PAIRWISE_V002_53F,reports/research/v004c_pairwise_v1_feature_contract_v002_20260506_20260630/v004c_pairwise_v1_input_table_v002.csv
600186_2026-06-18,600186,2026-06-18,2026-06,2026-06-17,2026-06-18,2026-06-22,2026-06-23,2026-06-23,BOARD2,15,0.40624396618583586,14,0,1,0,0,0.0350515463918,0.0350515463918,-0.0144927536231884,ARCHIVED_PAIRWISE_V002_53F,reports/research/v004c_pairwise_v1_feature_contract_v002_20260506_20260630/v004c_pairwise_v1_input_table_v002.csv,-0.0409670920080591,ARCHIVED_PAIRWISE_V002_53F,reports/research/v004c_pairwise_v1_feature_contract_v002_20260506_20260630/v004c_pairwise_v1_input_table_v002.csv,-0.0169678198222167,ARCHIVED_PAIRWISE_V002_53F,reports/research/v004c_pairwise_v1_feature_contract_v002_20260506_20260630/v004c_pairwise_v1_input_table_v002.csv,0.0142045454545454,ARCHIVED_PAIRWISE_V002_53F,reports/research/v004c_pairwise_v1_feature_contract_v002_20260506_20260630/v004c_pairwise_v1_input_table_v002.csv
000679_2026-06-18,000679,2026-06-18,2026-06,2026-06-17,2026-06-18,2026-06-22,2026-06-23,2026-06-23,BOARD2,15,0.3992521710810076,15,0,1,0,0,0.0197889182058,0.0197889182058,-0.0343949044585987,ARCHIVED_PAIRWISE_V002_53F,reports/research/v004c_pairwise_v1_feature_contract_v002_20260506_20260630/v004c_pairwise_v1_input_table_v002.csv,0.0312925170068028,ARCHIVED_PAIRWISE_V002_53F,reports/research/v004c_pairwise_v1_feature_contract_v002_20260506_20260630/v004c_pairwise_v1_input_table_v002.csv,-0.0217780014012929,ARCHIVED_PAIRWISE_V002_53F,reports/research/v004c_pairwise_v1_feature_contract_v002_20260506_20260630/v004c_pairwise_v1_input_table_v002.csv,0.0498614958448753,ARCHIVED_PAIRWISE_V002_53F,reports/research/v004c_pairwise_v1_feature_contract_v002_20260506_20260630/v004c_pairwise_v1_input_table_v002.csv
603261_2026-06-22,603261,2026-06-22,2026-06,2026-06-18,2026-06-22,2026-06-23,2026-06-24,2026-06-24,BOARD2,7,0.4355558223561696,1,1,0,0,0,0.193737328227,0.07,-0.0097560975609756,ARCHIVED_PAIRWISE_V002_53F,reports/research/v004c_pairwise_v1_feature_contract_v002_20260506_20260630/v004c_pairwise_v1_input_table_v002.csv,-0.0343329886246123,ARCHIVED_PAIRWISE_V002_53F,reports/research/v004c_pairwise_v1_feature_contract_v002_20260506_20260630/v004c_pairwise_v1_input_table_v002.csv,0.0226232824962082,ARCHIVED_PAIRWISE_V002_53F,reports/research/v004c_pairwise_v1_feature_contract_v002_20260506_20260630/v004c_pairwise_v1_input_table_v002.csv,0.1576989833870567,ARCHIVED_PAIRWISE_V002_53F,reports/research/v004c_pairwise_v1_feature_contract_v002_20260506_20260630/v004c_pairwise_v1_input_table_v002.csv
001339_2026-06-22,001339,2026-06-22,2026-06,2026-06-18,2026-06-22,2026-06-23,2026-06-24,2026-06-24,BOARD2,7,0.43004972401379987,2,0,1,0,0,0.0626988437961,0.0626988437961,0.031449013287208,ARCHIVED_PAIRWISE_V002_53F,reports/research/v004c_pairwise_v1_feature_contract_v002_20260506_20260630/v004c_pairwise_v1_input_table_v002.csv,0.0184768263333592,ARCHIVED_PAIRWISE_V002_53F,reports/research/v004c_pairwise_v1_feature_contract_v002_20260506_20260630/v004c_pairwise_v1_input_table_v002.csv,0.0220333795973308,ARCHIVED_PAIRWISE_V002_53F,reports/research/v004c_pairwise_v1_feature_contract_v002_20260506_20260630/v004c_pairwise_v1_input_table_v002.csv,0.0495199999999999,ARCHIVED_PAIRWISE_V002_53F,reports/research/v004c_pairwise_v1_feature_contract_v002_20260506_20260630/v004c_pairwise_v1_input_table_v002.csv
002491_2026-06-22,002491,2026-06-22,2026-06,2026-06-18,2026-06-22,2026-06-23,2026-06-24,2026-06-24,BOARD2,7,0.42783140719483637,3,1,0,0,0,0.0711188204683,0.07,0.0173548773189706,ARCHIVED_PAIRWISE_V002_53F,reports/research/v004c_pairwise_v1_feature_contract_v002_20260506_20260630/v004c_pairwise_v1_input_table_v002.csv,-0.0081680280046674,ARCHIVED_PAIRWISE_V002_53F,reports/research/v004c_pairwise_v1_feature_contract_v002_20260506_20260630/v004c_pairwise_v1_input_table_v002.csv,0.0115031860961036,ARCHIVED_PAIRWISE_V002_53F,reports/research/v004c_pairwise_v1_feature_contract_v002_20260506_20260630/v004c_pairwise_v1_input_table_v002.csv,0.0439054344488793,ARCHIVED_PAIRWISE_V002_53F,reports/research/v004c_pairwise_v1_feature_contract_v002_20260506_20260630/v004c_pairwise_v1_input_table_v002.csv
002989_2026-06-22,002989,2026-06-22,2026-06,2026-06-18,2026-06-22,2026-06-23,2026-06-24,2026-06-24,BOARD3,7,0.4224569586914423,4,0,1,0,0,0.0214190093708,0.0214190093708,0.0219344608879492,ARCHIVED_PAIRWISE_V002_53F,reports/research/v004c_pairwise_v1_feature_contract_v002_20260506_20260630/v004c_pairwise_v1_input_table_v002.csv,0.0353413654618472,ARCHIVED_PAIRWISE_V002_53F,reports/research/v004c_pairwise_v1_feature_contract_v002_20260506_20260630/v004c_pairwise_v1_input_table_v002.csv,0.0466840930565815,ARCHIVED_PAIRWISE_V002_53F,reports/research/v004c_pairwise_v1_feature_contract_v002_20260506_20260630/v004c_pairwise_v1_input_table_v002.csv,0.1048571428571429,ARCHIVED_PAIRWISE_V002_53F,reports/research/v004c_pairwise_v1_feature_contract_v002_20260506_20260630/v004c_pairwise_v1_input_table_v002.csv
002579_2026-06-22,002579,2026-06-22,2026-06,2026-06-18,2026-06-22,2026-06-23,2026-06-24,2026-06-24,BOARD2,7,0.4158034098395903,5,0,0,1,0,-0.0383309073265,-0.0383309073265,0.0506958250497018,ARCHIVED_PAIRWISE_V002_53F,reports/research/v004c_pairwise_v1_feature_contract_v002_20260506_20260630/v004c_pairwise_v1_input_table_v002.csv,-0.0347031963470318,ARCHIVED_PAIRWISE_V002_53F,reports/research/v004c_pairwise_v1_feature_contract_v002_20260506_20260630/v004c_pairwise_v1_input_table_v002.csv,0.0160154313169831,ARCHIVED_PAIRWISE_V002_53F,reports/research/v004c_pairwise_v1_feature_contract_v002_20260506_20260630/v004c_pairwise_v1_input_table_v002.csv,0.0698380566801618,ARCHIVED_PAIRWISE_V002_53F,reports/research/v004c_pairwise_v1_feature_contract_v002_20260506_20260630/v004c_pairwise_v1_input_table_v002.csv
002141_2026-06-22,002141,2026-06-22,2026-06,2026-06-18,2026-06-22,2026-06-23,2026-06-24,2026-06-24,BOARD3,7,0.41097976889872206,6,1,0,0,0,0.0746268656716,0.07,-0.0066225165562914,ARCHIVED_PAIRWISE_V002_53F,reports/research/v004c_pairwise_v1_feature_contract_v002_20260506_20260630/v004c_pairwise_v1_input_table_v002.csv,-0.1312741312741312,ARCHIVED_PAIRWISE_V002_53F,reports/research/v004c_pairwise_v1_feature_contract_v002_20260506_20260630/v004c_pairwise_v1_input_table_v002.csv,-0.0370338110846039,ARCHIVED_PAIRWISE_V002_53F,reports/research/v004c_pairwise_v1_feature_contract_v002_20260506_20260630/v004c_pairwise_v1_input_table_v002.csv,0.0180995475113122,ARCHIVED_PAIRWISE_V002_53F,reports/research/v004c_pairwise_v1_feature_contract_v002_20260506_20260630/v004c_pairwise_v1_input_table_v002.csv
603324_2026-06-22,603324,2026-06-22,2026-06,2026-06-18,2026-06-22,2026-06-23,2026-06-24,2026-06-24,BOARD2,7,0.408843878362914,7,1,0,0,0,0.106767652089,0.07,0.0255152109911678,ARCHIVED_PAIRWISE_V002_53F,reports/research/v004c_pairwise_v1_feature_contract_v002_20260506_20260630/v004c_pairwise_v1_input_table_v002.csv,-0.0491355777979982,ARCHIVED_PAIRWISE_V002_53F,reports/research/v004c_pairwise_v1_feature_contract_v002_20260506_20260630/v004c_pairwise_v1_input_table_v002.csv,-0.0048712848629179,ARCHIVED_PAIRWISE_V002_53F,reports/research/v004c_pairwise_v1_feature_contract_v002_20260506_20260630/v004c_pairwise_v1_input_table_v002.csv,0.0513078470824949,ARCHIVED_PAIRWISE_V002_53F,reports/research/v004c_pairwise_v1_feature_contract_v002_20260506_20260630/v004c_pairwise_v1_input_table_v002.csv
003031_2026-06-23,003031,2026-06-23,2026-06,2026-06-22,2026-06-23,2026-06-24,2026-06-25,2026-06-25,BOARD2,14,0.4385124918932874,1,0,1,0,0,0.0645161290323,0.0645161290323,-0.0167339873052509,ARCHIVED_PAIRWISE_V002_53F,reports/research/v004c_pairwise_v1_feature_contract_v002_20260506_20260630/v004c_pairwise_v1_input_table_v002.csv,-0.0811764705882353,ARCHIVED_PAIRWISE_V002_53F,reports/research/v004c_pairwise_v1_feature_contract_v002_20260506_20260630/v004c_pairwise_v1_input_table_v002.csv,-0.0357839821667916,ARCHIVED_PAIRWISE_V002_53F,reports/research/v004c_pairwise_v1_feature_contract_v002_20260506_20260630/v004c_pairwise_v1_input_table_v002.csv,0.0085552865213882,ARCHIVED_PAIRWISE_V002_53F,reports/research/v004c_pairwise_v1_feature_contract_v002_20260506_20260630/v004c_pairwise_v1_input_table_v002.csv
603663_2026-06-23,603663,2026-06-23,2026-06,2026-06-22,2026-06-23,2026-06-24,2026-06-25,2026-06-25,BOARD2,14,0.4338773389048442,2,0,1,0,0,0.0294117647059,0.0294117647059,-0.0039420518379816,ARCHIVED_PAIRWISE_V002_53F,reports/research/v004c_pairwise_v1_feature_contract_v002_20260506_20260630/v004c_pairwise_v1_input_table_v002.csv,0.0106999999999999,ARCHIVED_PAIRWISE_V002_53F,reports/research/v004c_pairwise_v1_feature_contract_v002_20260506_20260630/v004c_pairwise_v1_input_table_v002.csv,-0.0079519381348246,ARCHIVED_PAIRWISE_V002_53F,reports/research/v004c_pairwise_v1_feature_contract_v002_20260506_20260630/v004c_pairwise_v1_input_table_v002.csv,0.0462732919254658,ARCHIVED_PAIRWISE_V002_53F,reports/research/v004c_pairwise_v1_feature_contract_v002_20260506_20260630/v004c_pairwise_v1_input_table_v002.csv
000657_2026-06-23,000657,2026-06-23,2026-06,2026-06-22,2026-06-23,2026-06-24,2026-06-25,2026-06-25,BOARD2,14,0.43232973124695,3,1,0,0,0,0.0773082315241,0.07,-0.0330188679245283,ARCHIVED_PAIRWISE_V002_53F,reports/research/v004c_pairwise_v1_feature_contract_v002_20260506_20260630/v004c_pairwise_v1_input_table_v002.csv,-0.1007983156417229,ARCHIVED_PAIRWISE_V002_53F,reports/research/v004c_pairwise_v1_feature_contract_v002_20260506_20260630/v004c_pairwise_v1_input_table_v002.csv,-0.0354877828880928,ARCHIVED_PAIRWISE_V002_53F,reports/research/v004c_pairwise_v1_feature_contract_v002_20260506_20260630/v004c_pairwise_v1_input_table_v002.csv,0.0131461895818918,ARCHIVED_PAIRWISE_V002_53F,reports/research/v004c_pairwise_v1_feature_contract_v002_20260506_20260630/v004c_pairwise_v1_input_table_v002.csv
002842_2026-06-23,002842,2026-06-23,2026-06,2026-06-22,2026-06-23,2026-06-24,2026-06-25,2026-06-25,BOARD2,14,0.4314166562663327,4,1,0,0,0,0.0887335874629,0.07,-0.0156663275686672,ARCHIVED_PAIRWISE_V002_53F,reports/research/v004c_pairwise_v1_feature_contract_v002_20260506_20260630/v004c_pairwise_v1_input_table_v002.csv,-0.0680023116933152,ARCHIVED_PAIRWISE_V002_53F,reports/research/v004c_pairwise_v1_feature_contract_v002_20260506_20260630/v004c_pairwise_v1_input_table_v002.csv,-0.0188473164093848,ARCHIVED_PAIRWISE_V002_53F,reports/research/v004c_pairwise_v1_feature_contract_v002_20260506_20260630/v004c_pairwise_v1_input_table_v002.csv,0.0241320914479254,ARCHIVED_PAIRWISE_V002_53F,reports/research/v004c_pairwise_v1_feature_contract_v002_20260506_20260630/v004c_pairwise_v1_input_table_v002.csv
000811_2026-06-23,000811,2026-06-23,2026-06,2026-06-22,2026-06-23,2026-06-24,2026-06-25,2026-06-25,BOARD3,14,0.4296259922936543,5,1,0,0,0,0.219968087531,0.07,0.0753228120516498,ARCHIVED_PAIRWISE_V002_53F,reports/research/v004c_pairwise_v1_feature_contract_v002_20260506_20260630/v004c_pairwise_v1_input_table_v002.csv,-0.0035453135386661,ARCHIVED_PAIRWISE_V002_53F,reports/research/v004c_pairwise_v1_feature_contract_v002_20260506_20260630/v004c_pairwise_v1_input_table_v002.csv,0.0338365591088809,ARCHIVED_PAIRWISE_V002_53F,reports/research/v004c_pairwise_v1_feature_contract_v002_20260506_20260630/v004c_pairwise_v1_input_table_v002.csv,0.1186567164179103,ARCHIVED_PAIRWISE_V002_53F,reports/research/v004c_pairwise_v1_feature_contract_v002_20260506_20260630/v004c_pairwise_v1_input_table_v002.csv
603082_2026-06-23,603082,2026-06-23,2026-06,2026-06-22,2026-06-23,2026-06-24,2026-06-25,2026-06-25,BOARD2,14,0.42487034797185175,6,0,1,0,0,0.0208955223881,0.0208955223881,-0.0167364016736401,ARCHIVED_PAIRWISE_V002_53F,reports/research/v004c_pairwise_v1_feature_contract_v002_20260506_20260630/v004c_pairwise_v1_input_table_v002.csv,0.0725696029210405,ARCHIVED_PAIRWISE_V002_53F,reports/research/v004c_pairwise_v1_feature_contract_v002_20260506_20260630/v004c_pairwise_v1_input_table_v002.csv,-0.0162645810207243,ARCHIVED_PAIRWISE_V002_53F,reports/research/v004c_pairwise_v1_feature_contract_v002_20260506_20260630/v004c_pairwise_v1_input_table_v002.csv,0.0740402193784278,ARCHIVED_PAIRWISE_V002_53F,reports/research/v004c_pairwise_v1_feature_contract_v002_20260506_20260630/v004c_pairwise_v1_input_table_v002.csv
002297_2026-06-23,002297,2026-06-23,2026-06,2026-06-22,2026-06-23,2026-06-24,2026-06-25,2026-06-25,BOARD2,14,0.41928496059496395,7,1,0,0,0,0.132492113565,0.07,0.0317510216912921,ARCHIVED_PAIRWISE_V002_53F,reports/research/v004c_pairwise_v1_feature_contract_v002_20260506_20260630/v004c_pairwise_v1_input_table_v002.csv,-0.0243757431629013,ARCHIVED_PAIRWISE_V002_53F,reports/research/v004c_pairwise_v1_feature_contract_v002_20260506_20260630/v004c_pairwise_v1_input_table_v002.csv,-0.0024515251939686,ARCHIVED_PAIRWISE_V002_53F,reports/research/v004c_pairwise_v1_feature_contract_v002_20260506_20260630/v004c_pairwise_v1_input_table_v002.csv,0.0458891013384321,ARCHIVED_PAIRWISE_V002_53F,reports/research/v004c_pairwise_v1_feature_contract_v002_20260506_20260630/v004c_pairwise_v1_input_table_v002.csv
600769_2026-06-23,600769,2026-06-23,2026-06,2026-06-22,2026-06-23,2026-06-24,2026-06-25,2026-06-25,BOARD2,14,0.4185719681775162,8,0,1,0,0,0.00775547445255,0.00775547445255,-0.0134710372698697,ARCHIVED_PAIRWISE_V002_53F,reports/research/v004c_pairwise_v1_feature_contract_v002_20260506_20260630/v004c_pairwise_v1_input_table_v002.csv,0.0115101289134438,ARCHIVED_PAIRWISE_V002_53F,reports/research/v004c_pairwise_v1_feature_contract_v002_20260506_20260630/v004c_pairwise_v1_input_table_v002.csv,-0.001065281839957,ARCHIVED_PAIRWISE_V002_53F,reports/research/v004c_pairwise_v1_feature_contract_v002_20260506_20260630/v004c_pairwise_v1_input_table_v002.csv,0.0417259364627785,ARCHIVED_PAIRWISE_V002_53F,reports/research/v004c_pairwise_v1_feature_contract_v002_20260506_20260630/v004c_pairwise_v1_input_table_v002.csv
002655_2026-06-23,002655,2026-06-23,2026-06,2026-06-22,2026-06-23,2026-06-24,2026-06-25,2026-06-25,BOARD2,14,0.4185299667556177,9,1,0,0,0,0.112807463953,0.07,-0.0221525600835945,ARCHIVED_PAIRWISE_V002_53F,reports/research/v004c_pairwise_v1_feature_contract_v002_20260506_20260630/v004c_pairwise_v1_input_table_v002.csv,-0.0642,ARCHIVED_PAIRWISE_V002_53F,reports/research/v004c_pairwise_v1_feature_contract_v002_20260506_20260630/v004c_pairwise_v1_input_table_v002.csv,-0.0429042922603005,ARCHIVED_PAIRWISE_V002_53F,reports/research/v004c_pairwise_v1_feature_contract_v002_20260506_20260630/v004c_pairwise_v1_input_table_v002.csv,0.0103649319801338,ARCHIVED_PAIRWISE_V002_53F,reports/research/v004c_pairwise_v1_feature_contract_v002_20260506_20260630/v004c_pairwise_v1_input_table_v002.csv
603380_2026-06-23,603380,2026-06-23,2026-06,2026-06-22,2026-06-23,2026-06-24,2026-06-25,2026-06-25,BOARD2,14,0.40956370487797994,10,1,0,0,0,0.108924806746,0.07,-0.0085549132947976,ARCHIVED_PAIRWISE_V002_53F,reports/research/v004c_pairwise_v1_feature_contract_v002_20260506_20260630/v004c_pairwise_v1_input_table_v002.csv,-0.0158365848060592,ARCHIVED_PAIRWISE_V002_53F,reports/research/v004c_pairwise_v1_feature_contract_v002_20260506_20260630/v004c_pairwise_v1_input_table_v002.csv,-0.0151874789297004,ARCHIVED_PAIRWISE_V002_53F,reports/research/v004c_pairwise_v1_feature_contract_v002_20260506_20260630/v004c_pairwise_v1_input_table_v002.csv,0.0007001166861143,ARCHIVED_PAIRWISE_V002_53F,reports/research/v004c_pairwise_v1_feature_contract_v002_20260506_20260630/v004c_pairwise_v1_input_table_v002.csv
002805_2026-06-23,002805,2026-06-23,2026-06,2026-06-22,2026-06-23,2026-06-24,2026-06-25,2026-06-25,BOARD2,14,0.4091052638665886,11,0,1,0,0,0.0302405498282,0.0302405498282,-0.019019019019019,ARCHIVED_PAIRWISE_V002_53F,reports/research/v004c_pairwise_v1_feature_contract_v002_20260506_20260630/v004c_pairwise_v1_input_table_v002.csv,-0.0016977928692699,ARCHIVED_PAIRWISE_V002_53F,reports/research/v004c_pairwise_v1_feature_contract_v002_20260506_20260630/v004c_pairwise_v1_input_table_v002.csv,-0.0007054536481193,ARCHIVED_PAIRWISE_V002_53F,reports/research/v004c_pairwise_v1_feature_contract_v002_20260506_20260630/v004c_pairwise_v1_input_table_v002.csv,0.0297723292469351,ARCHIVED_PAIRWISE_V002_53F,reports/research/v004c_pairwise_v1_feature_contract_v002_20260506_20260630/v004c_pairwise_v1_input_table_v002.csv
001296_2026-06-23,001296,2026-06-23,2026-06,2026-06-22,2026-06-23,2026-06-24,2026-06-25,2026-06-25,BOARD2,14,0.407082015625984,12,0,1,0,0,0.0229293401965,0.0229293401965,-0.0132299270072994,ARCHIVED_PAIRWISE_V002_53F,reports/research/v004c_pairwise_v1_feature_contract_v002_20260506_20260630/v004c_pairwise_v1_input_table_v002.csv,-0.0300448430493274,ARCHIVED_PAIRWISE_V002_53F,reports/research/v004c_pairwise_v1_feature_contract_v002_20260506_20260630/v004c_pairwise_v1_input_table_v002.csv,-0.0321928526154839,ARCHIVED_PAIRWISE_V002_53F,reports/research/v004c_pairwise_v1_feature_contract_v002_20260506_20260630/v004c_pairwise_v1_input_table_v002.csv,0.0107476635514018,ARCHIVED_PAIRWISE_V002_53F,reports/research/v004c_pairwise_v1_feature_contract_v002_20260506_20260630/v004c_pairwise_v1_input_table_v002.csv
002354_2026-06-23,002354,2026-06-23,2026-06,2026-06-22,2026-06-23,2026-06-24,2026-06-25,2026-06-25,BOARD2,14,0.4042883601145264,13,0,1,0,0,0.0438489646772,0.0438489646772,-0.0121802679658954,ARCHIVED_PAIRWISE_V002_53F,reports/research/v004c_pairwise_v1_feature_contract_v002_20260506_20260630/v004c_pairwise_v1_input_table_v002.csv,-0.0470035252643948,ARCHIVED_PAIRWISE_V002_53F,reports/research/v004c_pairwise_v1_feature_contract_v002_20260506_20260630/v004c_pairwise_v1_input_table_v002.csv,-0.0095651036463294,ARCHIVED_PAIRWISE_V002_53F,reports/research/v004c_pairwise_v1_feature_contract_v002_20260506_20260630/v004c_pairwise_v1_input_table_v002.csv,0.0188442211055275,ARCHIVED_PAIRWISE_V002_53F,reports/research/v004c_pairwise_v1_feature_contract_v002_20260506_20260630/v004c_pairwise_v1_input_table_v002.csv
600162_2026-06-23,600162,2026-06-23,2026-06,2026-06-22,2026-06-23,2026-06-24,2026-06-25,2026-06-25,BOARD2,14,0.40067586386757426,14,1,0,0,0,0.0704960835509,0.07,-0.0226700251889169,ARCHIVED_PAIRWISE_V002_53F,reports/research/v004c_pairwise_v1_feature_contract_v002_20260506_20260630/v004c_pairwise_v1_input_table_v002.csv,-0.010204081632653,ARCHIVED_PAIRWISE_V002_53F,reports/research/v004c_pairwise_v1_feature_contract_v002_20260506_20260630/v004c_pairwise_v1_input_table_v002.csv,-0.0270940068141064,ARCHIVED_PAIRWISE_V002_53F,reports/research/v004c_pairwise_v1_feature_contract_v002_20260506_20260630/v004c_pairwise_v1_input_table_v002.csv,0.0025839793281653,ARCHIVED_PAIRWISE_V002_53F,reports/research/v004c_pairwise_v1_feature_contract_v002_20260506_20260630/v004c_pairwise_v1_input_table_v002.csv
603757_2026-06-24,603757,2026-06-24,2026-06,2026-06-23,2026-06-24,2026-06-25,2026-06-26,2026-06-26,BOARD2,15,0.4365347947604861,1,0,1,0,0,0.0516980613227,0.0516980613227,0.0286113049546405,ARCHIVED_PAIRWISE_V002_53F,reports/research/v004c_pairwise_v1_feature_contract_v002_20260506_20260630/v004c_pairwise_v1_input_table_v002.csv,0.0634920634920634,ARCHIVED_PAIRWISE_V002_53F,reports/research/v004c_pairwise_v1_feature_contract_v002_20260506_20260630/v004c_pairwise_v1_input_table_v002.csv,0.0611121704466284,ARCHIVED_PAIRWISE_V002_53F,reports/research/v004c_pairwise_v1_feature_contract_v002_20260506_20260630/v004c_pairwise_v1_input_table_v002.csv,0.1166666666666667,ARCHIVED_PAIRWISE_V002_53F,reports/research/v004c_pairwise_v1_feature_contract_v002_20260506_20260630/v004c_pairwise_v1_input_table_v002.csv
601869_2026-06-24,601869,2026-06-24,2026-06,2026-06-23,2026-06-24,2026-06-25,2026-06-26,2026-06-26,BOARD2,15,0.4318854237243322,2,0,0,1,0,-0.0267558528428,-0.0267558528428,0.0249160629086411,ARCHIVED_PAIRWISE_V002_53F,reports/research/v004c_pairwise_v1_feature_contract_v002_20260506_20260630/v004c_pairwise_v1_input_table_v002.csv,0.0390541024722321,ARCHIVED_PAIRWISE_V002_53F,reports/research/v004c_pairwise_v1_feature_contract_v002_20260506_20260630/v004c_pairwise_v1_input_table_v002.csv,0.0182789831411089,ARCHIVED_PAIRWISE_V002_53F,reports/research/v004c_pairwise_v1_feature_contract_v002_20260506_20260630/v004c_pairwise_v1_input_table_v002.csv,0.0476310893557068,ARCHIVED_PAIRWISE_V002_53F,reports/research/v004c_pairwise_v1_feature_contract_v002_20260506_20260630/v004c_pairwise_v1_input_table_v002.csv
605580_2026-06-24,605580,2026-06-24,2026-06,2026-06-23,2026-06-24,2026-06-25,2026-06-26,2026-06-26,BOARD2,15,0.4288977705905296,3,0,0,1,0,-0.00604026845638,-0.00604026845638,0.0990634005763688,ARCHIVED_PAIRWISE_V002_53F,reports/research/v004c_pairwise_v1_feature_contract_v002_20260506_20260630/v004c_pairwise_v1_input_table_v002.csv,0.0780918727915194,ARCHIVED_PAIRWISE_V002_53F,reports/research/v004c_pairwise_v1_feature_contract_v002_20260506_20260630/v004c_pairwise_v1_input_table_v002.csv,0.0589453892749156,ARCHIVED_PAIRWISE_V002_53F,reports/research/v004c_pairwise_v1_feature_contract_v002_20260506_20260630/v004c_pairwise_v1_input_table_v002.csv,0.1405607476635514,ARCHIVED_PAIRWISE_V002_53F,reports/research/v004c_pairwise_v1_feature_contract_v002_20260506_20260630/v004c_pairwise_v1_input_table_v002.csv
600851_2026-06-24,600851,2026-06-24,2026-06,2026-06-23,2026-06-24,2026-06-25,2026-06-26,2026-06-26,BOARD3,15,0.4288311119972945,4,0,0,1,0,-0.036815920398,-0.036815920398,-0.0561272217025257,ARCHIVED_PAIRWISE_V002_53F,reports/research/v004c_pairwise_v1_feature_contract_v002_20260506_20260630/v004c_pairwise_v1_input_table_v002.csv,-0.0436018957345972,ARCHIVED_PAIRWISE_V002_53F,reports/research/v004c_pairwise_v1_feature_contract_v002_20260506_20260630/v004c_pairwise_v1_input_table_v002.csv,-0.0244799598381952,ARCHIVED_PAIRWISE_V002_53F,reports/research/v004c_pairwise_v1_feature_contract_v002_20260506_20260630/v004c_pairwise_v1_input_table_v002.csv,0.0212550607287448,ARCHIVED_PAIRWISE_V002_53F,reports/research/v004c_pairwise_v1_feature_contract_v002_20260506_20260630/v004c_pairwise_v1_input_table_v002.csv
000070_2026-06-24,000070,2026-06-24,2026-06,2026-06-23,2026-06-24,2026-06-25,2026-06-26,2026-06-26,BOARD2,15,0.42802592771070297,5,0,0,1,0,-0.0225029609159,-0.0225029609159,0.0296747967479673,ARCHIVED_PAIRWISE_V002_53F,reports/research/v004c_pairwise_v1_feature_contract_v002_20260506_20260630/v004c_pairwise_v1_input_table_v002.csv,0.030093533956893,ARCHIVED_PAIRWISE_V002_53F,reports/research/v004c_pairwise_v1_feature_contract_v002_20260506_20260630/v004c_pairwise_v1_input_table_v002.csv,0.0111404037619622,ARCHIVED_PAIRWISE_V002_53F,reports/research/v004c_pairwise_v1_feature_contract_v002_20260506_20260630/v004c_pairwise_v1_input_table_v002.csv,0.0393926959376281,ARCHIVED_PAIRWISE_V002_53F,reports/research/v004c_pairwise_v1_feature_contract_v002_20260506_20260630/v004c_pairwise_v1_input_table_v002.csv
600172_2026-06-24,600172,2026-06-24,2026-06,2026-06-23,2026-06-24,2026-06-25,2026-06-26,2026-06-26,BOARD2,15,0.42542743029251834,6,0,1,0,0,0.0564468211527,0.0564468211527,0.0388821385176185,ARCHIVED_PAIRWISE_V002_53F,reports/research/v004c_pairwise_v1_feature_contract_v002_20260506_20260630/v004c_pairwise_v1_input_table_v002.csv,0.0332326283987916,ARCHIVED_PAIRWISE_V002_53F,reports/research/v004c_pairwise_v1_feature_contract_v002_20260506_20260630/v004c_pairwise_v1_input_table_v002.csv,0.0266659476978419,ARCHIVED_PAIRWISE_V002_53F,reports/research/v004c_pairwise_v1_feature_contract_v002_20260506_20260630/v004c_pairwise_v1_input_table_v002.csv,0.0843373493975904,ARCHIVED_PAIRWISE_V002_53F,reports/research/v004c_pairwise_v1_feature_contract_v002_20260506_20260630/v004c_pairwise_v1_input_table_v002.csv
002830_2026-06-24,002830,2026-06-24,2026-06,2026-06-23,2026-06-24,2026-06-25,2026-06-26,2026-06-26,BOARD2,15,0.4237970875659795,7,0,0,1,0,-0.0324971493729,-0.0324971493729,0.0073905628197838,ARCHIVED_PAIRWISE_V002_53F,reports/research/v004c_pairwise_v1_feature_contract_v002_20260506_20260630/v004c_pairwise_v1_input_table_v002.csv,0.0114155251141552,ARCHIVED_PAIRWISE_V002_53F,reports/research/v004c_pairwise_v1_feature_contract_v002_20260506_20260630/v004c_pairwise_v1_input_table_v002.csv,0.0037290563029599,ARCHIVED_PAIRWISE_V002_53F,reports/research/v004c_pairwise_v1_feature_contract_v002_20260506_20260630/v004c_pairwise_v1_input_table_v002.csv,0.0172215843857633,ARCHIVED_PAIRWISE_V002_53F,reports/research/v004c_pairwise_v1_feature_contract_v002_20260506_20260630/v004c_pairwise_v1_input_table_v002.csv
002068_2026-06-24,002068,2026-06-24,2026-06,2026-06-23,2026-06-24,2026-06-25,2026-06-26,2026-06-26,BOARD3,15,0.4197220670666096,8,0,1,0,0,0.0647138964578,0.0647138964578,0.0741035856573704,ARCHIVED_PAIRWISE_V002_53F,reports/research/v004c_pairwise_v1_feature_contract_v002_20260506_20260630/v004c_pairwise_v1_input_table_v002.csv,0.0950446791226644,ARCHIVED_PAIRWISE_V002_53F,reports/research/v004c_pairwise_v1_feature_contract_v002_20260506_20260630/v004c_pairwise_v1_input_table_v002.csv,0.0752758980106054,ARCHIVED_PAIRWISE_V002_53F,reports/research/v004c_pairwise_v1_feature_contract_v002_20260506_20260630/v004c_pairwise_v1_input_table_v002.csv,0.1620689655172414,ARCHIVED_PAIRWISE_V002_53F,reports/research/v004c_pairwise_v1_feature_contract_v002_20260506_20260630/v004c_pairwise_v1_input_table_v002.csv
600470_2026-06-24,600470,2026-06-24,2026-06,2026-06-23,2026-06-24,2026-06-25,2026-06-26,2026-06-26,BOARD2,15,0.4192524128942994,9,0,1,0,0,0.0189873417722,0.0189873417722,0.0047021943573668,ARCHIVED_PAIRWISE_V002_53F,reports/research/v004c_pairwise_v1_feature_contract_v002_20260506_20260630/v004c_pairwise_v1_input_table_v002.csv,-0.0062015503875969,ARCHIVED_PAIRWISE_V002_53F,reports/research/v004c_pairwise_v1_feature_contract_v002_20260506_20260630/v004c_pairwise_v1_input_table_v002.csv,0.010004440446462,ARCHIVED_PAIRWISE_V002_53F,reports/research/v004c_pairwise_v1_feature_contract_v002_20260506_20260630/v004c_pairwise_v1_input_table_v002.csv,0.035541195476575,ARCHIVED_PAIRWISE_V002_53F,reports/research/v004c_pairwise_v1_feature_contract_v002_20260506_20260630/v004c_pairwise_v1_input_table_v002.csv
600400_2026-06-24,600400,2026-06-24,2026-06,2026-06-23,2026-06-24,2026-06-25,2026-06-26,2026-06-26,BOARD2,15,0.41624542246296403,10,1,0,0,0,0.100323624595,0.07,0.0194805194805194,ARCHIVED_PAIRWISE_V002_53F,reports/research/v004c_pairwise_v1_feature_contract_v002_20260506_20260630/v004c_pairwise_v1_input_table_v002.csv,-0.0278637770897832,ARCHIVED_PAIRWISE_V002_53F,reports/research/v004c_pairwise_v1_feature_contract_v002_20260506_20260630/v004c_pairwise_v1_input_table_v002.csv,0.0197592474608789,ARCHIVED_PAIRWISE_V002_53F,reports/research/v004c_pairwise_v1_feature_contract_v002_20260506_20260630/v004c_pairwise_v1_input_table_v002.csv,0.0644067796610169,ARCHIVED_PAIRWISE_V002_53F,reports/research/v004c_pairwise_v1_feature_contract_v002_20260506_20260630/v004c_pairwise_v1_input_table_v002.csv
000783_2026-06-24,000783,2026-06-24,2026-06,2026-06-23,2026-06-24,2026-06-25,2026-06-26,2026-06-26,BOARD2,15,0.41099932812323714,11,1,0,0,0,0.091103965702,0.07,0.013172338090011,ARCHIVED_PAIRWISE_V002_53F,reports/research/v004c_pairwise_v1_feature_contract_v002_20260506_20260630/v004c_pairwise_v1_input_table_v002.csv,-0.0273972602739726,ARCHIVED_PAIRWISE_V002_53F,reports/research/v004c_pairwise_v1_feature_contract_v002_20260506_20260630/v004c_pairwise_v1_input_table_v002.csv,-0.0114265685543528,ARCHIVED_PAIRWISE_V002_53F,reports/research/v004c_pairwise_v1_feature_contract_v002_20260506_20260630/v004c_pairwise_v1_input_table_v002.csv,0.0154015401540154,ARCHIVED_PAIRWISE_V002_53F,reports/research/v004c_pairwise_v1_feature_contract_v002_20260506_20260630/v004c_pairwise_v1_input_table_v002.csv
605377_2026-06-24,605377,2026-06-24,2026-06,2026-06-23,2026-06-24,2026-06-25,2026-06-26,2026-06-26,BOARD2,15,0.409452514440483,12,0,0,1,0,-0.0173913043478,-0.0173913043478,-0.004310344827586,ARCHIVED_PAIRWISE_V002_53F,reports/research/v004c_pairwise_v1_feature_contract_v002_20260506_20260630/v004c_pairwise_v1_input_table_v002.csv,0.0054406964091404,ARCHIVED_PAIRWISE_V002_53F,reports/research/v004c_pairwise_v1_feature_contract_v002_20260506_20260630/v004c_pairwise_v1_input_table_v002.csv,-0.0023018647964639,ARCHIVED_PAIRWISE_V002_53F,reports/research/v004c_pairwise_v1_feature_contract_v002_20260506_20260630/v004c_pairwise_v1_input_table_v002.csv,0.0358744394618834,ARCHIVED_PAIRWISE_V002_53F,reports/research/v004c_pairwise_v1_feature_contract_v002_20260506_20260630/v004c_pairwise_v1_input_table_v002.csv
002672_2026-06-24,002672,2026-06-24,2026-06,2026-06-23,2026-06-24,2026-06-25,2026-06-26,2026-06-26,BOARD2,15,0.40917081944560024,13,0,1,0,0,0.0512129380054,0.0512129380054,0.002659574468085,ARCHIVED_PAIRWISE_V002_53F,reports/research/v004c_pairwise_v1_feature_contract_v002_20260506_20260630/v004c_pairwise_v1_input_table_v002.csv,-0.0691358024691357,ARCHIVED_PAIRWISE_V002_53F,reports/research/v004c_pairwise_v1_feature_contract_v002_20260506_20260630/v004c_pairwise_v1_input_table_v002.csv,-0.0227436522913914,ARCHIVED_PAIRWISE_V002_53F,reports/research/v004c_pairwise_v1_feature_contract_v002_20260506_20260630/v004c_pairwise_v1_input_table_v002.csv,0.0107238605898123,ARCHIVED_PAIRWISE_V002_53F,reports/research/v004c_pairwise_v1_feature_contract_v002_20260506_20260630/v004c_pairwise_v1_input_table_v002.csv
600322_2026-06-24,600322,2026-06-24,2026-06,2026-06-23,2026-06-24,2026-06-25,2026-06-26,2026-06-26,BOARD2,15,0.40806565610049167,14,0,1,0,0,0.0181818181818,0.0181818181818,0.0,ARCHIVED_PAIRWISE_V002_53F,reports/research/v004c_pairwise_v1_feature_contract_v002_20260506_20260630/v004c_pairwise_v1_input_table_v002.csv,-0.0620689655172412,ARCHIVED_PAIRWISE_V002_53F,reports/research/v004c_pairwise_v1_feature_contract_v002_20260506_20260630/v004c_pairwise_v1_input_table_v002.csv,-0.0245835003988819,ARCHIVED_PAIRWISE_V002_53F,reports/research/v004c_pairwise_v1_feature_contract_v002_20260506_20260630/v004c_pairwise_v1_input_table_v002.csv,0.0149253731343283,ARCHIVED_PAIRWISE_V002_53F,reports/research/v004c_pairwise_v1_feature_contract_v002_20260506_20260630/v004c_pairwise_v1_input_table_v002.csv
000571_2026-06-24,000571,2026-06-24,2026-06,2026-06-23,2026-06-24,2026-06-25,2026-06-26,2026-06-26,BOARD2,15,0.39927509985511245,15,1,0,0,0,0.079674796748,0.07,0.0016,ARCHIVED_PAIRWISE_V002_53F,reports/research/v004c_pairwise_v1_feature_contract_v002_20260506_20260630/v004c_pairwise_v1_input_table_v002.csv,-0.0172684458398744,ARCHIVED_PAIRWISE_V002_53F,reports/research/v004c_pairwise_v1_feature_contract_v002_20260506_20260630/v004c_pairwise_v1_input_table_v002.csv,0.001951657963592,ARCHIVED_PAIRWISE_V002_53F,reports/research/v004c_pairwise_v1_feature_contract_v002_20260506_20260630/v004c_pairwise_v1_input_table_v002.csv,0.0129449838187702,ARCHIVED_PAIRWISE_V002_53F,reports/research/v004c_pairwise_v1_feature_contract_v002_20260506_20260630/v004c_pairwise_v1_input_table_v002.csv
600379_2026-06-25,600379,2026-06-25,2026-06,2026-06-24,2026-06-25,2026-06-26,2026-06-29,2026-06-29,BOARD2,9,0.42913925870342395,1,0,0,1,0,-0.0113182423435,-0.0113182423435,0.0046357615894039,ARCHIVED_PAIRWISE_V002_53F,reports/research/v004c_pairwise_v1_feature_contract_v002_20260506_20260630/v004c_pairwise_v1_input_table_v002.csv,0.0113333333333334,ARCHIVED_PAIRWISE_V002_53F,reports/research/v004c_pairwise_v1_feature_contract_v002_20260506_20260630/v004c_pairwise_v1_input_table_v002.csv,0.0037609059538654,ARCHIVED_PAIRWISE_V002_53F,reports/research/v004c_pairwise_v1_feature_contract_v002_20260506_20260630/v004c_pairwise_v1_input_table_v002.csv,0.0462068965517241,ARCHIVED_PAIRWISE_V002_53F,reports/research/v004c_pairwise_v1_feature_contract_v002_20260506_20260630/v004c_pairwise_v1_input_table_v002.csv
600909_2026-06-25,600909,2026-06-25,2026-06,2026-06-24,2026-06-25,2026-06-26,2026-06-29,2026-06-29,BOARD2,9,0.42795345748808694,2,1,0,0,0,0.07,0.07,0.02991452991453,ARCHIVED_PAIRWISE_V002_53F,reports/research/v004c_pairwise_v1_feature_contract_v002_20260506_20260630/v004c_pairwise_v1_input_table_v002.csv,0.0050041701417848,ARCHIVED_PAIRWISE_V002_53F,reports/research/v004c_pairwise_v1_feature_contract_v002_20260506_20260630/v004c_pairwise_v1_input_table_v002.csv,0.0279197330332912,ARCHIVED_PAIRWISE_V002_53F,reports/research/v004c_pairwise_v1_feature_contract_v002_20260506_20260630/v004c_pairwise_v1_input_table_v002.csv,0.067316209034544,ARCHIVED_PAIRWISE_V002_53F,reports/research/v004c_pairwise_v1_feature_contract_v002_20260506_20260630/v004c_pairwise_v1_input_table_v002.csv
002580_2026-06-25,002580,2026-06-25,2026-06,2026-06-24,2026-06-25,2026-06-26,2026-06-29,2026-06-29,BOARD2,9,0.42735110989898684,3,0,0,1,1,-0.12269446672,-0.12269446672,0.0124148978774529,ARCHIVED_PAIRWISE_V002_53F,reports/research/v004c_pairwise_v1_feature_contract_v002_20260506_20260630/v004c_pairwise_v1_input_table_v002.csv,-0.0273181993074258,ARCHIVED_PAIRWISE_V002_53F,reports/research/v004c_pairwise_v1_feature_contract_v002_20260506_20260630/v004c_pairwise_v1_input_table_v002.csv,-0.0329414055145318,ARCHIVED_PAIRWISE_V002_53F,reports/research/v004c_pairwise_v1_feature_contract_v002_20260506_20260630/v004c_pairwise_v1_input_table_v002.csv,0.0234817813765182,ARCHIVED_PAIRWISE_V002_53F,reports/research/v004c_pairwise_v1_feature_contract_v002_20260506_20260630/v004c_pairwise_v1_input_table_v002.csv
603938_2026-06-25,603938,2026-06-25,2026-06,2026-06-24,2026-06-25,2026-06-26,2026-06-29,2026-06-29,BOARD3,9,0.42638283287140133,4,1,0,0,0,0.174225028703,0.07,0.0017251293847038,ARCHIVED_PAIRWISE_V002_53F,reports/research/v004c_pairwise_v1_feature_contract_v002_20260506_20260630/v004c_pairwise_v1_input_table_v002.csv,-0.0614224137931033,ARCHIVED_PAIRWISE_V002_53F,reports/research/v004c_pairwise_v1_feature_contract_v002_20260506_20260630/v004c_pairwise_v1_input_table_v002.csv,-0.0129036078611343,ARCHIVED_PAIRWISE_V002_53F,reports/research/v004c_pairwise_v1_feature_contract_v002_20260506_20260630/v004c_pairwise_v1_input_table_v002.csv,0.0170777988614801,ARCHIVED_PAIRWISE_V002_53F,reports/research/v004c_pairwise_v1_feature_contract_v002_20260506_20260630/v004c_pairwise_v1_input_table_v002.csv
605069_2026-06-25,605069,2026-06-25,2026-06,2026-06-24,2026-06-25,2026-06-26,2026-06-29,2026-06-29,BOARD3,9,0.4236108016776756,5,1,0,0,0,0.108333333333,0.07,0.0222531293463141,ARCHIVED_PAIRWISE_V002_53F,reports/research/v004c_pairwise_v1_feature_contract_v002_20260506_20260630/v004c_pairwise_v1_input_table_v002.csv,0.0294117647058822,ARCHIVED_PAIRWISE_V002_53F,reports/research/v004c_pairwise_v1_feature_contract_v002_20260506_20260630/v004c_pairwise_v1_input_table_v002.csv,0.0043667403770073,ARCHIVED_PAIRWISE_V002_53F,reports/research/v004c_pairwise_v1_feature_contract_v002_20260506_20260630/v004c_pairwise_v1_input_table_v002.csv,0.0425531914893616,ARCHIVED_PAIRWISE_V002_53F,reports/research/v004c_pairwise_v1_feature_contract_v002_20260506_20260630/v004c_pairwise_v1_input_table_v002.csv
002584_2026-06-25,002584,2026-06-25,2026-06,2026-06-24,2026-06-25,2026-06-26,2026-06-29,2026-06-29,BOARD2,9,0.4182210403517148,6,0,1,0,0,0.0383064516129,0.0383064516129,0.0,ARCHIVED_PAIRWISE_V002_53F,reports/research/v004c_pairwise_v1_feature_contract_v002_20260506_20260630/v004c_pairwise_v1_input_table_v002.csv,-0.1259574468085106,ARCHIVED_PAIRWISE_V002_53F,reports/research/v004c_pairwise_v1_feature_contract_v002_20260506_20260630/v004c_pairwise_v1_input_table_v002.csv,-0.0384580605670532,ARCHIVED_PAIRWISE_V002_53F,reports/research/v004c_pairwise_v1_feature_contract_v002_20260506_20260630/v004c_pairwise_v1_input_table_v002.csv,0.0342396777442094,ARCHIVED_PAIRWISE_V002_53F,reports/research/v004c_pairwise_v1_feature_contract_v002_20260506_20260630/v004c_pairwise_v1_input_table_v002.csv
000566_2026-06-25,000566,2026-06-25,2026-06,2026-06-24,2026-06-25,2026-06-26,2026-06-29,2026-06-29,BOARD2,9,0.4170241219307459,7,0,0,1,0,-0.0021978021978,-0.0021978021978,0.0455580865603644,ARCHIVED_PAIRWISE_V002_53F,reports/research/v004c_pairwise_v1_feature_contract_v002_20260506_20260630/v004c_pairwise_v1_input_table_v002.csv,-0.0213219616204691,ARCHIVED_PAIRWISE_V002_53F,reports/research/v004c_pairwise_v1_feature_contract_v002_20260506_20260630/v004c_pairwise_v1_input_table_v002.csv,0.0038332877310227,ARCHIVED_PAIRWISE_V002_53F,reports/research/v004c_pairwise_v1_feature_contract_v002_20260506_20260630/v004c_pairwise_v1_input_table_v002.csv,0.0649651972157773,ARCHIVED_PAIRWISE_V002_53F,reports/research/v004c_pairwise_v1_feature_contract_v002_20260506_20260630/v004c_pairwise_v1_input_table_v002.csv
002631_2026-06-25,002631,2026-06-25,2026-06,2026-06-24,2026-06-25,2026-06-26,2026-06-29,2026-06-29,BOARD2,9,0.4107574970754618,8,0,1,0,0,0.0383838383838,0.0383838383838,-0.0101317122593718,ARCHIVED_PAIRWISE_V002_53F,reports/research/v004c_pairwise_v1_feature_contract_v002_20260506_20260630/v004c_pairwise_v1_input_table_v002.csv,0.0072164948453607,ARCHIVED_PAIRWISE_V002_53F,reports/research/v004c_pairwise_v1_feature_contract_v002_20260506_20260630/v004c_pairwise_v1_input_table_v002.csv,-0.0069010660598871,ARCHIVED_PAIRWISE_V002_53F,reports/research/v004c_pairwise_v1_feature_contract_v002_20260506_20260630/v004c_pairwise_v1_input_table_v002.csv,0.0145379023883695,ARCHIVED_PAIRWISE_V002_53F,reports/research/v004c_pairwise_v1_feature_contract_v002_20260506_20260630/v004c_pairwise_v1_input_table_v002.csv
002687_2026-06-25,002687,2026-06-25,2026-06,2026-06-24,2026-06-25,2026-06-26,2026-06-29,2026-06-29,BOARD2,9,0.40698489965469625,9,1,0,0,0,0.134703196347,0.07,0.0,ARCHIVED_PAIRWISE_V002_53F,reports/research/v004c_pairwise_v1_feature_contract_v002_20260506_20260630/v004c_pairwise_v1_input_table_v002.csv,-0.075050709939148,ARCHIVED_PAIRWISE_V002_53F,reports/research/v004c_pairwise_v1_feature_contract_v002_20260506_20260630/v004c_pairwise_v1_input_table_v002.csv,-0.0338800340636726,ARCHIVED_PAIRWISE_V002_53F,reports/research/v004c_pairwise_v1_feature_contract_v002_20260506_20260630/v004c_pairwise_v1_input_table_v002.csv,0.0,ARCHIVED_PAIRWISE_V002_53F,reports/research/v004c_pairwise_v1_feature_contract_v002_20260506_20260630/v004c_pairwise_v1_input_table_v002.csv
603929_2026-06-26,603929,2026-06-26,2026-06,2026-06-25,2026-06-26,2026-06-29,2026-06-30,2026-06-30,BOARD2,12,0.4347554871390992,1,0,1,0,0,0.0476785648642,0.0476785648642,0.0064433984103713,ARCHIVED_PAIRWISE_V002_53F,reports/research/v004c_pairwise_v1_feature_contract_v002_20260506_20260630/v004c_pairwise_v1_input_table_v002.csv,0.0189453125,ARCHIVED_PAIRWISE_V002_53F,reports/research/v004c_pairwise_v1_feature_contract_v002_20260506_20260630/v004c_pairwise_v1_input_table_v002.csv,-0.0012370910453046,ARCHIVED_PAIRWISE_V002_53F,reports/research/v004c_pairwise_v1_feature_contract_v002_20260506_20260630/v004c_pairwise_v1_input_table_v002.csv,0.0493603668839005,ARCHIVED_PAIRWISE_V002_53F,reports/research/v004c_pairwise_v1_feature_contract_v002_20260506_20260630/v004c_pairwise_v1_input_table_v002.csv
603678_2026-06-26,603678,2026-06-26,2026-06,2026-06-25,2026-06-26,2026-06-29,2026-06-30,2026-06-30,BOARD2,12,0.43317662881548163,2,0,1,0,0,0.0416001963431,0.0416001963431,0.0208039039424681,ARCHIVED_PAIRWISE_V002_53F,reports/research/v004c_pairwise_v1_feature_contract_v002_20260506_20260630/v004c_pairwise_v1_input_table_v002.csv,0.0655495978552278,ARCHIVED_PAIRWISE_V002_53F,reports/research/v004c_pairwise_v1_feature_contract_v002_20260506_20260630/v004c_pairwise_v1_input_table_v002.csv,0.008437602875928,ARCHIVED_PAIRWISE_V002_53F,reports/research/v004c_pairwise_v1_feature_contract_v002_20260506_20260630/v004c_pairwise_v1_input_table_v002.csv,0.0699959617714361,ARCHIVED_PAIRWISE_V002_53F,reports/research/v004c_pairwise_v1_feature_contract_v002_20260506_20260630/v004c_pairwise_v1_input_table_v002.csv
002990_2026-06-26,002990,2026-06-26,2026-06,2026-06-25,2026-06-26,2026-06-29,2026-06-30,2026-06-30,BOARD2,12,0.4274770759394234,3,1,0,0,0,0.086383601757,0.07,-0.0045009266613714,ARCHIVED_PAIRWISE_V002_53F,reports/research/v004c_pairwise_v1_feature_contract_v002_20260506_20260630/v004c_pairwise_v1_input_table_v002.csv,0.0405424104054241,ARCHIVED_PAIRWISE_V002_53F,reports/research/v004c_pairwise_v1_feature_contract_v002_20260506_20260630/v004c_pairwise_v1_input_table_v002.csv,-0.0049781926787823,ARCHIVED_PAIRWISE_V002_53F,reports/research/v004c_pairwise_v1_feature_contract_v002_20260506_20260630/v004c_pairwise_v1_input_table_v002.csv,0.0405424104054242,ARCHIVED_PAIRWISE_V002_53F,reports/research/v004c_pairwise_v1_feature_contract_v002_20260506_20260630/v004c_pairwise_v1_input_table_v002.csv
603989_2026-06-26,603989,2026-06-26,2026-06,2026-06-25,2026-06-26,2026-06-29,2026-06-30,2026-06-30,BOARD2,12,0.42725397973029006,4,0,0,1,0,-0.0419642857143,-0.0419642857143,-0.0146049621678691,ARCHIVED_PAIRWISE_V002_53F,reports/research/v004c_pairwise_v1_feature_contract_v002_20260506_20260630/v004c_pairwise_v1_input_table_v002.csv,0.040118870728083,ARCHIVED_PAIRWISE_V002_53F,reports/research/v004c_pairwise_v1_feature_contract_v002_20260506_20260630/v004c_pairwise_v1_input_table_v002.csv,-0.004927175117893,ARCHIVED_PAIRWISE_V002_53F,reports/research/v004c_pairwise_v1_feature_contract_v002_20260506_20260630/v004c_pairwise_v1_input_table_v002.csv,0.0401188707280831,ARCHIVED_PAIRWISE_V002_53F,reports/research/v004c_pairwise_v1_feature_contract_v002_20260506_20260630/v004c_pairwise_v1_input_table_v002.csv
600584_2026-06-26,600584,2026-06-26,2026-06,2026-06-25,2026-06-26,2026-06-29,2026-06-30,2026-06-30,BOARD2,12,0.42417989443068393,5,0,1,0,0,0.0200970873786,0.0200970873786,-0.0380434782608695,ARCHIVED_PAIRWISE_V002_53F,reports/research/v004c_pairwise_v1_feature_contract_v002_20260506_20260630/v004c_pairwise_v1_input_table_v002.csv,-0.0563973063973064,ARCHIVED_PAIRWISE_V002_53F,reports/research/v004c_pairwise_v1_feature_contract_v002_20260506_20260630/v004c_pairwise_v1_input_table_v002.csv,-0.0382349745259921,ARCHIVED_PAIRWISE_V002_53F,reports/research/v004c_pairwise_v1_feature_contract_v002_20260506_20260630/v004c_pairwise_v1_input_table_v002.csv,0.0016878474980143,ARCHIVED_PAIRWISE_V002_53F,reports/research/v004c_pairwise_v1_feature_contract_v002_20260506_20260630/v004c_pairwise_v1_input_table_v002.csv
002025_2026-06-26,002025,2026-06-26,2026-06,2026-06-25,2026-06-26,2026-06-29,2026-06-30,2026-06-30,BOARD2,12,0.4208610199962378,6,1,0,0,0,0.0701369863014,0.07,0.0195581820740116,ARCHIVED_PAIRWISE_V002_53F,reports/research/v004c_pairwise_v1_feature_contract_v002_20260506_20260630/v004c_pairwise_v1_input_table_v002.csv,-0.0172250101722502,ARCHIVED_PAIRWISE_V002_53F,reports/research/v004c_pairwise_v1_feature_contract_v002_20260506_20260630/v004c_pairwise_v1_input_table_v002.csv,0.0063386398007903,ARCHIVED_PAIRWISE_V002_53F,reports/research/v004c_pairwise_v1_feature_contract_v002_20260506_20260630/v004c_pairwise_v1_input_table_v002.csv,0.0370688421353941,ARCHIVED_PAIRWISE_V002_53F,reports/research/v004c_pairwise_v1_feature_contract_v002_20260506_20260630/v004c_pairwise_v1_input_table_v002.csv
002080_2026-06-26,002080,2026-06-26,2026-06,2026-06-25,2026-06-26,2026-06-29,2026-06-30,2026-06-30,BOARD2,12,0.41752645891795664,7,0,0,1,1,-0.0525252525253,-0.0525252525253,0.003802672147996,ARCHIVED_PAIRWISE_V002_53F,reports/research/v004c_pairwise_v1_feature_contract_v002_20260506_20260630/v004c_pairwise_v1_input_table_v002.csv,0.0260531568442063,ARCHIVED_PAIRWISE_V002_53F,reports/research/v004c_pairwise_v1_feature_contract_v002_20260506_20260630/v004c_pairwise_v1_input_table_v002.csv,-0.0101241057817044,ARCHIVED_PAIRWISE_V002_53F,reports/research/v004c_pairwise_v1_feature_contract_v002_20260506_20260630/v004c_pairwise_v1_input_table_v002.csv,0.0260531568442063,ARCHIVED_PAIRWISE_V002_53F,reports/research/v004c_pairwise_v1_feature_contract_v002_20260506_20260630/v004c_pairwise_v1_input_table_v002.csv
600141_2026-06-26,600141,2026-06-26,2026-06,2026-06-25,2026-06-26,2026-06-29,2026-06-30,2026-06-30,BOARD2,12,0.4173433405629712,8,0,0,1,0,-0.0441767068273,-0.0441767068273,0.002671049928087,ARCHIVED_PAIRWISE_V002_53F,reports/research/v004c_pairwise_v1_feature_contract_v002_20260506_20260630/v004c_pairwise_v1_input_table_v002.csv,0.0608695652173911,ARCHIVED_PAIRWISE_V002_53F,reports/research/v004c_pairwise_v1_feature_contract_v002_20260506_20260630/v004c_pairwise_v1_input_table_v002.csv,0.0020297751737827,ARCHIVED_PAIRWISE_V002_53F,reports/research/v004c_pairwise_v1_feature_contract_v002_20260506_20260630/v004c_pairwise_v1_input_table_v002.csv,0.0608695652173912,ARCHIVED_PAIRWISE_V002_53F,reports/research/v004c_pairwise_v1_feature_contract_v002_20260506_20260630/v004c_pairwise_v1_input_table_v002.csv
000818_2026-06-26,000818,2026-06-26,2026-06,2026-06-25,2026-06-26,2026-06-29,2026-06-30,2026-06-30,BOARD2,12,0.41465486171030297,9,1,0,0,0,0.0779510022272,0.07,0.0028715003589376,ARCHIVED_PAIRWISE_V002_53F,reports/research/v004c_pairwise_v1_feature_contract_v002_20260506_20260630/v004c_pairwise_v1_input_table_v002.csv,-0.1016077170418006,ARCHIVED_PAIRWISE_V002_53F,reports/research/v004c_pairwise_v1_feature_contract_v002_20260506_20260630/v004c_pairwise_v1_input_table_v002.csv,-0.0312868810168782,ARCHIVED_PAIRWISE_V002_53F,reports/research/v004c_pairwise_v1_feature_contract_v002_20260506_20260630/v004c_pairwise_v1_input_table_v002.csv,0.0182215743440233,ARCHIVED_PAIRWISE_V002_53F,reports/research/v004c_pairwise_v1_feature_contract_v002_20260506_20260630/v004c_pairwise_v1_input_table_v002.csv
603713_2026-06-26,603713,2026-06-26,2026-06,2026-06-25,2026-06-26,2026-06-29,2026-06-30,2026-06-30,BOARD2,12,0.4125177372975293,10,0,0,1,0,-0.0293809024134,-0.0293809024134,-0.0216216216216217,ARCHIVED_PAIRWISE_V002_53F,reports/research/v004c_pairwise_v1_feature_contract_v002_20260506_20260630/v004c_pairwise_v1_input_table_v002.csv,0.0136,ARCHIVED_PAIRWISE_V002_53F,reports/research/v004c_pairwise_v1_feature_contract_v002_20260506_20260630/v004c_pairwise_v1_input_table_v002.csv,0.0028350862116159,ARCHIVED_PAIRWISE_V002_53F,reports/research/v004c_pairwise_v1_feature_contract_v002_20260506_20260630/v004c_pairwise_v1_input_table_v002.csv,0.0412272291466921,ARCHIVED_PAIRWISE_V002_53F,reports/research/v004c_pairwise_v1_feature_contract_v002_20260506_20260630/v004c_pairwise_v1_input_table_v002.csv
600667_2026-06-26,600667,2026-06-26,2026-06,2026-06-25,2026-06-26,2026-06-29,2026-06-30,2026-06-30,BOARD2,12,0.4102013445015201,11,0,1,0,0,0.0668103448276,0.0668103448276,-0.0211216314639476,ARCHIVED_PAIRWISE_V002_53F,reports/research/v004c_pairwise_v1_feature_contract_v002_20260506_20260630/v004c_pairwise_v1_input_table_v002.csv,0.0224419931532902,ARCHIVED_PAIRWISE_V002_53F,reports/research/v004c_pairwise_v1_feature_contract_v002_20260506_20260630/v004c_pairwise_v1_input_table_v002.csv,-0.0205666188894627,ARCHIVED_PAIRWISE_V002_53F,reports/research/v004c_pairwise_v1_feature_contract_v002_20260506_20260630/v004c_pairwise_v1_input_table_v002.csv,0.0224419931532902,ARCHIVED_PAIRWISE_V002_53F,reports/research/v004c_pairwise_v1_feature_contract_v002_20260506_20260630/v004c_pairwise_v1_input_table_v002.csv
002254_2026-06-26,002254,2026-06-26,2026-06,2026-06-25,2026-06-26,2026-06-29,2026-06-30,2026-06-30,BOARD2,12,0.40155440814549637,12,0,0,1,0,-0.025974025974,-0.025974025974,-0.0102301790281329,ARCHIVED_PAIRWISE_V002_53F,reports/research/v004c_pairwise_v1_feature_contract_v002_20260506_20260630/v004c_pairwise_v1_input_table_v002.csv,-0.0579357351509248,ARCHIVED_PAIRWISE_V002_53F,reports/research/v004c_pairwise_v1_feature_contract_v002_20260506_20260630/v004c_pairwise_v1_input_table_v002.csv,-0.0524229539816347,ARCHIVED_PAIRWISE_V002_53F,reports/research/v004c_pairwise_v1_feature_contract_v002_20260506_20260630/v004c_pairwise_v1_input_table_v002.csv,0.0104438642297651,ARCHIVED_PAIRWISE_V002_53F,reports/research/v004c_pairwise_v1_feature_contract_v002_20260506_20260630/v004c_pairwise_v1_input_table_v002.csv
000823_2026-06-29,000823,2026-06-29,2026-06,2026-06-26,2026-06-29,2026-06-30,2026-07-01,2026-07-01,BOARD3,5,0.4314728105718731,1,1,0,0,0,0.0925280681378,0.07,0.0128855915657946,ARCHIVED_PAIRWISE_V002_53F,reports/research/v004c_pairwise_v1_feature_contract_v002_20260506_20260630/v004c_pairwise_v1_input_table_v002.csv,-0.0952214858737355,ARCHIVED_PAIRWISE_V002_53F,reports/research/v004c_pairwise_v1_feature_contract_v002_20260506_20260630/v004c_pairwise_v1_input_table_v002.csv,-0.032298220736362,ARCHIVED_PAIRWISE_V002_53F,reports/research/v004c_pairwise_v1_feature_contract_v002_20260506_20260630/v004c_pairwise_v1_input_table_v002.csv,0.0128855915657946,ARCHIVED_PAIRWISE_V002_53F,reports/research/v004c_pairwise_v1_feature_contract_v002_20260506_20260630/v004c_pairwise_v1_input_table_v002.csv
600962_2026-06-29,600962,2026-06-29,2026-06,2026-06-26,2026-06-29,2026-06-30,2026-07-01,2026-07-01,BOARD2,5,0.43041028998703124,2,1,0,0,0,0.0751028806584,0.07,-0.0095563139931741,ARCHIVED_PAIRWISE_V002_53F,reports/research/v004c_pairwise_v1_feature_contract_v002_20260506_20260630/v004c_pairwise_v1_input_table_v002.csv,-0.0485245901639344,ARCHIVED_PAIRWISE_V002_53F,reports/research/v004c_pairwise_v1_feature_contract_v002_20260506_20260630/v004c_pairwise_v1_input_table_v002.csv,-0.0494968617092543,ARCHIVED_PAIRWISE_V002_53F,reports/research/v004c_pairwise_v1_feature_contract_v002_20260506_20260630/v004c_pairwise_v1_input_table_v002.csv,0.0364285714285714,ARCHIVED_PAIRWISE_V002_53F,reports/research/v004c_pairwise_v1_feature_contract_v002_20260506_20260630/v004c_pairwise_v1_input_table_v002.csv
002965_2026-06-29,002965,2026-06-29,2026-06,2026-06-26,2026-06-29,2026-06-30,2026-07-01,2026-07-01,BOARD2,5,0.41958341451159903,3,1,0,0,0,0.100767366721,0.07,-0.0070196550340955,ARCHIVED_PAIRWISE_V002_53F,reports/research/v004c_pairwise_v1_feature_contract_v002_20260506_20260630/v004c_pairwise_v1_input_table_v002.csv,-0.0098,ARCHIVED_PAIRWISE_V002_53F,reports/research/v004c_pairwise_v1_feature_contract_v002_20260506_20260630/v004c_pairwise_v1_input_table_v002.csv,-0.0233420725989877,ARCHIVED_PAIRWISE_V002_53F,reports/research/v004c_pairwise_v1_feature_contract_v002_20260506_20260630/v004c_pairwise_v1_input_table_v002.csv,0.0042596348884381,ARCHIVED_PAIRWISE_V002_53F,reports/research/v004c_pairwise_v1_feature_contract_v002_20260506_20260630/v004c_pairwise_v1_input_table_v002.csv
600228_2026-06-29,600228,2026-06-29,2026-06,2026-06-26,2026-06-29,2026-06-30,2026-07-01,2026-07-01,BOARD3,5,0.4195003882845148,4,0,0,1,1,-0.0793172690763,-0.0793172690763,0.0119165839126116,ARCHIVED_PAIRWISE_V002_53F,reports/research/v004c_pairwise_v1_feature_contract_v002_20260506_20260630/v004c_pairwise_v1_input_table_v002.csv,-0.1415332771693344,ARCHIVED_PAIRWISE_V002_53F,reports/research/v004c_pairwise_v1_feature_contract_v002_20260506_20260630/v004c_pairwise_v1_input_table_v002.csv,-0.0226228469652888,ARCHIVED_PAIRWISE_V002_53F,reports/research/v004c_pairwise_v1_feature_contract_v002_20260506_20260630/v004c_pairwise_v1_input_table_v002.csv,0.0494335736354272,ARCHIVED_PAIRWISE_V002_53F,reports/research/v004c_pairwise_v1_feature_contract_v002_20260506_20260630/v004c_pairwise_v1_input_table_v002.csv
002141_2026-06-29,002141,2026-06-29,2026-06,2026-06-26,2026-06-29,2026-06-30,2026-07-01,2026-07-01,BOARD2,5,0.4145008901724141,5,0,1,0,0,0.0196078431373,0.0196078431373,-0.0133333333333334,ARCHIVED_PAIRWISE_V002_53F,reports/research/v004c_pairwise_v1_feature_contract_v002_20260506_20260630/v004c_pairwise_v1_input_table_v002.csv,-0.0959860383944154,ARCHIVED_PAIRWISE_V002_53F,reports/research/v004c_pairwise_v1_feature_contract_v002_20260506_20260630/v004c_pairwise_v1_input_table_v002.csv,-0.0469246257119959,ARCHIVED_PAIRWISE_V002_53F,reports/research/v004c_pairwise_v1_feature_contract_v002_20260506_20260630/v004c_pairwise_v1_input_table_v002.csv,0.0,ARCHIVED_PAIRWISE_V002_53F,reports/research/v004c_pairwise_v1_feature_contract_v002_20260506_20260630/v004c_pairwise_v1_input_table_v002.csv
601133_2026-06-30,601133,2026-06-30,2026-06,2026-06-29,2026-06-30,2026-07-01,2026-07-02,2026-07-02,BOARD2,7,0.4357811258355733,1,0,0,1,1,-0.0627906976744,-0.0627906976744,0.0227589410125406,ARCHIVED_PAIRWISE_V002_53F,reports/research/v004c_pairwise_v1_feature_contract_v002_20260506_20260630/v004c_pairwise_v1_input_table_v002.csv,-0.00944669365722,ARCHIVED_PAIRWISE_V002_53F,reports/research/v004c_pairwise_v1_feature_contract_v002_20260506_20260630/v004c_pairwise_v1_input_table_v002.csv,0.0035843158973958,ARCHIVED_PAIRWISE_V002_53F,reports/research/v004c_pairwise_v1_feature_contract_v002_20260506_20260630/v004c_pairwise_v1_input_table_v002.csv,0.0323488045007033,ARCHIVED_PAIRWISE_V002_53F,reports/research/v004c_pairwise_v1_feature_contract_v002_20260506_20260630/v004c_pairwise_v1_input_table_v002.csv
603163_2026-06-30,603163,2026-06-30,2026-06,2026-06-29,2026-06-30,2026-07-01,2026-07-02,2026-07-02,BOARD2,7,0.4290648897208116,2,0,0,1,0,-0.0287162162162,-0.0287162162162,0.0120198949986185,ARCHIVED_PAIRWISE_V002_53F,reports/research/v004c_pairwise_v1_feature_contract_v002_20260506_20260630/v004c_pairwise_v1_input_table_v002.csv,-0.0424836601307189,ARCHIVED_PAIRWISE_V002_53F,reports/research/v004c_pairwise_v1_feature_contract_v002_20260506_20260630/v004c_pairwise_v1_input_table_v002.csv,-0.0015109329527021,ARCHIVED_PAIRWISE_V002_53F,reports/research/v004c_pairwise_v1_feature_contract_v002_20260506_20260630/v004c_pairwise_v1_input_table_v002.csv,0.0273492286115007,ARCHIVED_PAIRWISE_V002_53F,reports/research/v004c_pairwise_v1_feature_contract_v002_20260506_20260630/v004c_pairwise_v1_input_table_v002.csv
603155_2026-06-30,603155,2026-06-30,2026-06,2026-06-29,2026-06-30,2026-07-01,2026-07-02,2026-07-02,BOARD2,7,0.4281709425720934,3,1,0,0,0,0.112028725314,0.07,0.0185317177476835,ARCHIVED_PAIRWISE_V002_53F,reports/research/v004c_pairwise_v1_feature_contract_v002_20260506_20260630/v004c_pairwise_v1_input_table_v002.csv,0.0744360902255638,ARCHIVED_PAIRWISE_V002_53F,reports/research/v004c_pairwise_v1_feature_contract_v002_20260506_20260630/v004c_pairwise_v1_input_table_v002.csv,0.0184671174620361,ARCHIVED_PAIRWISE_V002_53F,reports/research/v004c_pairwise_v1_feature_contract_v002_20260506_20260630/v004c_pairwise_v1_input_table_v002.csv,0.0829859795377035,ARCHIVED_PAIRWISE_V002_53F,reports/research/v004c_pairwise_v1_feature_contract_v002_20260506_20260630/v004c_pairwise_v1_input_table_v002.csv
603650_2026-06-30,603650,2026-06-30,2026-06,2026-06-29,2026-06-30,2026-07-01,2026-07-02,2026-07-02,BOARD2,7,0.42416802442046053,4,0,1,0,0,0.0474406991261,0.0474406991261,0.0575283324338908,ARCHIVED_PAIRWISE_V002_53F,reports/research/v004c_pairwise_v1_feature_contract_v002_20260506_20260630/v004c_pairwise_v1_input_table_v002.csv,0.042451324609001,ARCHIVED_PAIRWISE_V002_53F,reports/research/v004c_pairwise_v1_feature_contract_v002_20260506_20260630/v004c_pairwise_v1_input_table_v002.csv,0.053029082708266,ARCHIVED_PAIRWISE_V002_53F,reports/research/v004c_pairwise_v1_feature_contract_v002_20260506_20260630/v004c_pairwise_v1_input_table_v002.csv,0.1083710407239818,ARCHIVED_PAIRWISE_V002_53F,reports/research/v004c_pairwise_v1_feature_contract_v002_20260506_20260630/v004c_pairwise_v1_input_table_v002.csv
002180_2026-06-30,002180,2026-06-30,2026-06,2026-06-29,2026-06-30,2026-07-01,2026-07-02,2026-07-02,BOARD2,7,0.41528470622573316,5,0,1,0,0,0.019452887538,0.019452887538,0.0042971147943524,ARCHIVED_PAIRWISE_V002_53F,reports/research/v004c_pairwise_v1_feature_contract_v002_20260506_20260630/v004c_pairwise_v1_input_table_v002.csv,0.0117501546072973,ARCHIVED_PAIRWISE_V002_53F,reports/research/v004c_pairwise_v1_feature_contract_v002_20260506_20260630/v004c_pairwise_v1_input_table_v002.csv,0.0030347396717025,ARCHIVED_PAIRWISE_V002_53F,reports/research/v004c_pairwise_v1_feature_contract_v002_20260506_20260630/v004c_pairwise_v1_input_table_v002.csv,0.0250626566416039,ARCHIVED_PAIRWISE_V002_53F,reports/research/v004c_pairwise_v1_feature_contract_v002_20260506_20260630/v004c_pairwise_v1_input_table_v002.csv
603956_2026-06-30,603956,2026-06-30,2026-06,2026-06-29,2026-06-30,2026-07-01,2026-07-02,2026-07-02,BOARD3,7,0.4100602878323929,6,0,1,0,0,0.0395387149918,0.0395387149918,-0.0063091482649841,ARCHIVED_PAIRWISE_V002_53F,reports/research/v004c_pairwise_v1_feature_contract_v002_20260506_20260630/v004c_pairwise_v1_input_table_v002.csv,-0.0140845070422535,ARCHIVED_PAIRWISE_V002_53F,reports/research/v004c_pairwise_v1_feature_contract_v002_20260506_20260630/v004c_pairwise_v1_input_table_v002.csv,-0.025132323496361,ARCHIVED_PAIRWISE_V002_53F,reports/research/v004c_pairwise_v1_feature_contract_v002_20260506_20260630/v004c_pairwise_v1_input_table_v002.csv,0.0112359550561796,ARCHIVED_PAIRWISE_V002_53F,reports/research/v004c_pairwise_v1_feature_contract_v002_20260506_20260630/v004c_pairwise_v1_input_table_v002.csv
002568_2026-06-30,002568,2026-06-30,2026-06,2026-06-29,2026-06-30,2026-07-01,2026-07-02,2026-07-02,BOARD2,7,0.40899906271275766,7,0,1,0,0,0.0430678466077,0.0430678466077,0.0101492537313434,ARCHIVED_PAIRWISE_V002_53F,reports/research/v004c_pairwise_v1_feature_contract_v002_20260506_20260630/v004c_pairwise_v1_input_table_v002.csv,-0.0162790697674417,ARCHIVED_PAIRWISE_V002_53F,reports/research/v004c_pairwise_v1_feature_contract_v002_20260506_20260630/v004c_pairwise_v1_input_table_v002.csv,-0.0003704637170679,ARCHIVED_PAIRWISE_V002_53F,reports/research/v004c_pairwise_v1_feature_contract_v002_20260506_20260630/v004c_pairwise_v1_input_table_v002.csv,0.0156062424969988,ARCHIVED_PAIRWISE_V002_53F,reports/research/v004c_pairwise_v1_feature_contract_v002_20260506_20260630/v004c_pairwise_v1_input_table_v002.csv
003043_2026-07-01,003043,2026-07-01,2026-07,2026-06-30,2026-07-01,2026-07-02,2026-07-03,2026-07-03,BOARD2,17,0.4431850675205342,1,1,0,0,0,0.0700453234446,0.07,0.0382995396219021,ARCHIVED_MODEL_TABLE_V001,reports/research/v004c_model_table_v001_20260601_20260729/v004c_model_table_v001.csv,0.0576731191378967,ARCHIVED_MODEL_TABLE_V001,reports/research/v004c_model_table_v001_20260601_20260729/v004c_model_table_v001.csv,0.0488944123733663,ARCHIVED_MODEL_TABLE_V001,reports/research/v004c_model_table_v001_20260601_20260729/v004c_model_table_v001.csv,0.0984455958549222,ARCHIVED_MODEL_TABLE_V001,reports/research/v004c_model_table_v001_20260601_20260729/v004c_model_table_v001.csv
603061_2026-07-01,603061,2026-07-01,2026-07,2026-06-30,2026-07-01,2026-07-02,2026-07-03,2026-07-03,BOARD2,17,0.44241131767881564,2,0,1,0,0,0.00845360824742,0.00845360824742,-0.0196813495782568,ARCHIVED_MODEL_TABLE_V001,reports/research/v004c_model_table_v001_20260601_20260729/v004c_model_table_v001.csv,0.0356435643564356,ARCHIVED_MODEL_TABLE_V001,reports/research/v004c_model_table_v001_20260601_20260729/v004c_model_table_v001.csv,0.022156017053255,ARCHIVED_MODEL_TABLE_V001,reports/research/v004c_model_table_v001_20260601_20260729/v004c_model_table_v001.csv,0.0716334726661748,ARCHIVED_MODEL_TABLE_V001,reports/research/v004c_model_table_v001_20260601_20260729/v004c_model_table_v001.csv
001237_2026-07-01,001237,2026-07-01,2026-07,2026-06-30,2026-07-01,2026-07-02,2026-07-03,2026-07-03,BOARD2,17,0.4308820867651361,3,0,0,1,0,-0.0302735731148,-0.0302735731148,0.015967786725909594,EXISTING_MINUTE_FEATURE_FORMULA_RECONSTRUCTION,data/cache/minute_5m/001237_5min.pkl,-0.005301794453507314,EXISTING_MINUTE_FEATURE_FORMULA_RECONSTRUCTION,data/cache/minute_5m/001237_5min.pkl,-0.0027027427692573047,EXISTING_MINUTE_FEATURE_FORMULA_RECONSTRUCTION,data/cache/minute_5m/001237_5min.pkl,0.030563380281690165,EXISTING_MINUTE_FEATURE_FORMULA_RECONSTRUCTION,data/cache/minute_5m/001237_5min.pkl
603459_2026-07-01,603459,2026-07-01,2026-07,2026-06-30,2026-07-01,2026-07-02,2026-07-03,2026-07-03,BOARD2,17,0.4290247233986726,4,0,1,0,0,0.0187694469537,0.0187694469537,-0.052150294250792206,EXISTING_MINUTE_FEATURE_FORMULA_RECONSTRUCTION,data/cache/minute_5m/603459_5min.pkl,-0.04723334546778302,EXISTING_MINUTE_FEATURE_FORMULA_RECONSTRUCTION,data/cache/minute_5m/603459_5min.pkl,-0.07127769976751208,EXISTING_MINUTE_FEATURE_FORMULA_RECONSTRUCTION,data/cache/minute_5m/603459_5min.pkl,0.014241426080217001,EXISTING_MINUTE_FEATURE_FORMULA_RECONSTRUCTION,data/cache/minute_5m/603459_5min.pkl
600363_2026-07-01,600363,2026-07-01,2026-07,2026-06-30,2026-07-01,2026-07-02,2026-07-03,2026-07-03,BOARD2,17,0.42815722212547036,5,0,1,0,0,0.0562180579216,0.0562180579216,0.0048820179007322,ARCHIVED_MODEL_TABLE_V001,reports/research/v004c_model_table_v001_20260601_20260729/v004c_model_table_v001.csv,0.017298187808896,ARCHIVED_MODEL_TABLE_V001,reports/research/v004c_model_table_v001_20260601_20260729/v004c_model_table_v001.csv,0.0007030042466313,ARCHIVED_MODEL_TABLE_V001,reports/research/v004c_model_table_v001_20260601_20260729/v004c_model_table_v001.csv,0.0294526257293691,ARCHIVED_MODEL_TABLE_V001,reports/research/v004c_model_table_v001_20260601_20260729/v004c_model_table_v001.csv
600378_2026-07-01,600378,2026-07-01,2026-07,2026-06-30,2026-07-01,2026-07-02,2026-07-03,2026-07-03,BOARD2,17,0.4257892865816118,6,1,0,0,0,0.117042051816,0.07,-0.005524861878453,ARCHIVED_MODEL_TABLE_V001,reports/research/v004c_model_table_v001_20260601_20260729/v004c_model_table_v001.csv,0.0545501887775028,ARCHIVED_MODEL_TABLE_V001,reports/research/v004c_model_table_v001_20260601_20260729/v004c_model_table_v001.csv,-0.0067533471970937,ARCHIVED_MODEL_TABLE_V001,reports/research/v004c_model_table_v001_20260601_20260729/v004c_model_table_v001.csv,0.0545501887775028,ARCHIVED_MODEL_TABLE_V001,reports/research/v004c_model_table_v001_20260601_20260729/v004c_model_table_v001.csv
603950_2026-07-01,603950,2026-07-01,2026-07,2026-06-30,2026-07-01,2026-07-02,2026-07-03,2026-07-03,BOARD2,17,0.42520266611634916,7,0,1,0,0,0.0501268269115,0.0501268269115,-0.0026276705129669,ARCHIVED_MODEL_TABLE_V001,reports/research/v004c_model_table_v001_20260601_20260729/v004c_model_table_v001.csv,-0.0133363471971067,ARCHIVED_MODEL_TABLE_V001,reports/research/v004c_model_table_v001_20260601_20260729/v004c_model_table_v001.csv,-0.0229239194548833,ARCHIVED_MODEL_TABLE_V001,reports/research/v004c_model_table_v001_20260601_20260729/v004c_model_table_v001.csv,0.0234466588511137,ARCHIVED_MODEL_TABLE_V001,reports/research/v004c_model_table_v001_20260601_20260729/v004c_model_table_v001.csv
603928_2026-07-01,603928,2026-07-01,2026-07,2026-06-30,2026-07-01,2026-07-02,2026-07-03,2026-07-03,BOARD3,17,0.4189928535774453,8,1,0,0,0,0.182563338301,0.07,-0.0354989953114533,ARCHIVED_MODEL_TABLE_V001,reports/research/v004c_model_table_v001_20260601_20260729/v004c_model_table_v001.csv,-0.1138461538461538,ARCHIVED_MODEL_TABLE_V001,reports/research/v004c_model_table_v001_20260601_20260729/v004c_model_table_v001.csv,-0.0607011546737571,ARCHIVED_MODEL_TABLE_V001,reports/research/v004c_model_table_v001_20260601_20260729/v004c_model_table_v001.csv,0.0183875530410183,ARCHIVED_MODEL_TABLE_V001,reports/research/v004c_model_table_v001_20260601_20260729/v004c_model_table_v001.csv
600707_2026-07-01,600707,2026-07-01,2026-07,2026-06-30,2026-07-01,2026-07-02,2026-07-03,2026-07-03,BOARD2,17,0.4176147339296537,9,0,0,1,0,-0.0225609756098,-0.0225609756098,0.0273414776032576,ARCHIVED_MODEL_TABLE_V001,reports/research/v004c_model_table_v001_20260601_20260729/v004c_model_table_v001.csv,0.0555887627017332,ARCHIVED_MODEL_TABLE_V001,reports/research/v004c_model_table_v001_20260601_20260729/v004c_model_table_v001.csv,0.0270475087694992,ARCHIVED_MODEL_TABLE_V001,reports/research/v004c_model_table_v001_20260601_20260729/v004c_model_table_v001.csv,0.1030605871330417,ARCHIVED_MODEL_TABLE_V001,reports/research/v004c_model_table_v001_20260601_20260729/v004c_model_table_v001.csv
000017_2026-07-01,000017,2026-07-01,2026-07,2026-06-30,2026-07-01,2026-07-02,2026-07-03,2026-07-03,BOARD2,17,0.4167180392498751,10,0,1,0,0,0.0279605263158,0.0279605263158,-0.0145867098865477,ARCHIVED_MODEL_TABLE_V001,reports/research/v004c_model_table_v001_20260601_20260729/v004c_model_table_v001.csv,0.0033003300330034,ARCHIVED_MODEL_TABLE_V001,reports/research/v004c_model_table_v001_20260601_20260729/v004c_model_table_v001.csv,-0.0051603206011893,ARCHIVED_MODEL_TABLE_V001,reports/research/v004c_model_table_v001_20260601_20260729/v004c_model_table_v001.csv,0.027027027027027,ARCHIVED_MODEL_TABLE_V001,reports/research/v004c_model_table_v001_20260601_20260729/v004c_model_table_v001.csv
001229_2026-07-01,001229,2026-07-01,2026-07,2026-06-30,2026-07-01,2026-07-02,2026-07-03,2026-07-03,BOARD2,17,0.41658553837458634,11,0,1,0,0,0.0680121647774,0.0680121647774,-0.0159829515183804,ARCHIVED_MODEL_TABLE_V001,reports/research/v004c_model_table_v001_20260601_20260729/v004c_model_table_v001.csv,0.0170704845814977,ARCHIVED_MODEL_TABLE_V001,reports/research/v004c_model_table_v001_20260601_20260729/v004c_model_table_v001.csv,-0.0096627099347189,ARCHIVED_MODEL_TABLE_V001,reports/research/v004c_model_table_v001_20260601_20260729/v004c_model_table_v001.csv,0.0184725668596634,ARCHIVED_MODEL_TABLE_V001,reports/research/v004c_model_table_v001_20260601_20260729/v004c_model_table_v001.csv
603222_2026-07-01,603222,2026-07-01,2026-07,2026-06-30,2026-07-01,2026-07-02,2026-07-03,2026-07-03,BOARD2,17,0.4123303880319278,12,0,1,0,0,0.0364077669903,0.0364077669903,-0.0071942446043166,ARCHIVED_MODEL_TABLE_V001,reports/research/v004c_model_table_v001_20260601_20260729/v004c_model_table_v001.csv,-0.08,ARCHIVED_MODEL_TABLE_V001,reports/research/v004c_model_table_v001_20260601_20260729/v004c_model_table_v001.csv,-0.003542282207455,ARCHIVED_MODEL_TABLE_V001,reports/research/v004c_model_table_v001_20260601_20260729/v004c_model_table_v001.csv,0.0375939849624058,ARCHIVED_MODEL_TABLE_V001,reports/research/v004c_model_table_v001_20260601_20260729/v004c_model_table_v001.csv
603033_2026-07-01,603033,2026-07-01,2026-07,2026-06-30,2026-07-01,2026-07-02,2026-07-03,2026-07-03,BOARD2,17,0.4113758645063735,13,0,1,0,0,0.0623762376238,0.0623762376238,0.0320247933884298,ARCHIVED_MODEL_TABLE_V001,reports/research/v004c_model_table_v001_20260601_20260729/v004c_model_table_v001.csv,0.0111336032388662,ARCHIVED_MODEL_TABLE_V001,reports/research/v004c_model_table_v001_20260601_20260729/v004c_model_table_v001.csv,0.0221829408592748,ARCHIVED_MODEL_TABLE_V001,reports/research/v004c_model_table_v001_20260601_20260729/v004c_model_table_v001.csv,0.0526870389884088,ARCHIVED_MODEL_TABLE_V001,reports/research/v004c_model_table_v001_20260601_20260729/v004c_model_table_v001.csv
603983_2026-07-01,603983,2026-07-01,2026-07,2026-06-30,2026-07-01,2026-07-02,2026-07-03,2026-07-03,BOARD2,17,0.4100105505526618,14,0,1,0,0,0.0326315789474,0.0326315789474,-0.0411454904542462,ARCHIVED_MODEL_TABLE_V001,reports/research/v004c_model_table_v001_20260601_20260729/v004c_model_table_v001.csv,0.0300565770862799,ARCHIVED_MODEL_TABLE_V001,reports/research/v004c_model_table_v001_20260601_20260729/v004c_model_table_v001.csv,-0.0076412268490722,ARCHIVED_MODEL_TABLE_V001,reports/research/v004c_model_table_v001_20260601_20260729/v004c_model_table_v001.csv,0.0300565770862799,ARCHIVED_MODEL_TABLE_V001,reports/research/v004c_model_table_v001_20260601_20260729/v004c_model_table_v001.csv
002208_2026-07-01,002208,2026-07-01,2026-07,2026-06-30,2026-07-01,2026-07-02,2026-07-03,2026-07-03,BOARD2,17,0.40480489632765,15,0,1,0,0,0.040625,0.040625,-0.0068829891838742,ARCHIVED_MODEL_TABLE_V001,reports/research/v004c_model_table_v001_20260601_20260729/v004c_model_table_v001.csv,-0.0274434280211843,ARCHIVED_MODEL_TABLE_V001,reports/research/v004c_model_table_v001_20260601_20260729/v004c_model_table_v001.csv,-0.0265244891148777,ARCHIVED_MODEL_TABLE_V001,reports/research/v004c_model_table_v001_20260601_20260729/v004c_model_table_v001.csv,0.0059760956175299,ARCHIVED_MODEL_TABLE_V001,reports/research/v004c_model_table_v001_20260601_20260729/v004c_model_table_v001.csv
002628_2026-07-01,002628,2026-07-01,2026-07,2026-06-30,2026-07-01,2026-07-02,2026-07-03,2026-07-03,BOARD2,17,0.40430064968070656,16,0,1,0,0,0.0146252285192,0.0146252285192,-0.001841620626151,ARCHIVED_MODEL_TABLE_V001,reports/research/v004c_model_table_v001_20260601_20260729/v004c_model_table_v001.csv,0.0111940298507462,ARCHIVED_MODEL_TABLE_V001,reports/research/v004c_model_table_v001_20260601_20260729/v004c_model_table_v001.csv,0.0020095134990902,ARCHIVED_MODEL_TABLE_V001,reports/research/v004c_model_table_v001_20260601_20260729/v004c_model_table_v001.csv,0.0383141762452107,ARCHIVED_MODEL_TABLE_V001,reports/research/v004c_model_table_v001_20260601_20260729/v004c_model_table_v001.csv
002638_2026-07-01,002638,2026-07-01,2026-07,2026-06-30,2026-07-01,2026-07-02,2026-07-03,2026-07-03,BOARD2,17,0.3945111407660267,17,0,0,1,0,-0.0231481481481,-0.0231481481481,0.0045871559633026,ARCHIVED_MODEL_TABLE_V001,reports/research/v004c_model_table_v001_20260601_20260729/v004c_model_table_v001.csv,-0.009049773755656,ARCHIVED_MODEL_TABLE_V001,reports/research/v004c_model_table_v001_20260601_20260729/v004c_model_table_v001.csv,0.0017804794977438,ARCHIVED_MODEL_TABLE_V001,reports/research/v004c_model_table_v001_20260601_20260729/v004c_model_table_v001.csv,0.0233644859813083,ARCHIVED_MODEL_TABLE_V001,reports/research/v004c_model_table_v001_20260601_20260729/v004c_model_table_v001.csv
603379_2026-07-02,603379,2026-07-02,2026-07,2026-07-01,2026-07-02,2026-07-03,2026-07-06,2026-07-06,BOARD2,19,0.43905311504912664,1,0,0,1,0,-0.049125,-0.049125,-0.0318914530905717,ARCHIVED_MODEL_TABLE_V001,reports/research/v004c_model_table_v001_20260601_20260729/v004c_model_table_v001.csv,0.0294734245899617,ARCHIVED_MODEL_TABLE_V001,reports/research/v004c_model_table_v001_20260601_20260729/v004c_model_table_v001.csv,0.0033711190006582,ARCHIVED_MODEL_TABLE_V001,reports/research/v004c_model_table_v001_20260601_20260729/v004c_model_table_v001.csv,0.098421052631579,ARCHIVED_MODEL_TABLE_V001,reports/research/v004c_model_table_v001_20260601_20260729/v004c_model_table_v001.csv
603120_2026-07-02,603120,2026-07-02,2026-07,2026-07-01,2026-07-02,2026-07-03,2026-07-06,2026-07-06,BOARD2,19,0.43303290812139705,2,0,0,1,0,-0.0194578413438,-0.0194578413438,-0.0014885874958651,ARCHIVED_MODEL_TABLE_V001,reports/research/v004c_model_table_v001_20260601_20260729/v004c_model_table_v001.csv,0.050643926209537,ARCHIVED_MODEL_TABLE_V001,reports/research/v004c_model_table_v001_20260601_20260729/v004c_model_table_v001.csv,0.0004945861695879,ARCHIVED_MODEL_TABLE_V001,reports/research/v004c_model_table_v001_20260601_20260729/v004c_model_table_v001.csv,0.0877477477477477,ARCHIVED_MODEL_TABLE_V001,reports/research/v004c_model_table_v001_20260601_20260729/v004c_model_table_v001.csv
603991_2026-07-02,603991,2026-07-02,2026-07,2026-07-01,2026-07-02,2026-07-03,2026-07-06,2026-07-06,BOARD2,19,0.4329700586962255,3,0,1,0,0,0.0356605378525,0.0356605378525,-0.0208657335406946,ARCHIVED_MODEL_TABLE_V001,reports/research/v004c_model_table_v001_20260601_20260729/v004c_model_table_v001.csv,0.0073333333333331,ARCHIVED_MODEL_TABLE_V001,reports/research/v004c_model_table_v001_20260601_20260729/v004c_model_table_v001.csv,-0.017105426519823,ARCHIVED_MODEL_TABLE_V001,reports/research/v004c_model_table_v001_20260601_20260729/v004c_model_table_v001.csv,0.0352151274321731,ARCHIVED_MODEL_TABLE_V001,reports/research/v004c_model_table_v001_20260601_20260729/v004c_model_table_v001.csv
002929_2026-07-02,002929,2026-07-02,2026-07,2026-07-01,2026-07-02,2026-07-03,2026-07-06,2026-07-06,BOARD2,19,0.4320995614904907,4,0,1,0,0,0.00488155061019,0.00488155061019,-0.025737865435725,ARCHIVED_MODEL_TABLE_V001,reports/research/v004c_model_table_v001_20260601_20260729/v004c_model_table_v001.csv,-0.0325045145159048,ARCHIVED_MODEL_TABLE_V001,reports/research/v004c_model_table_v001_20260601_20260729/v004c_model_table_v001.csv,-0.030371012432082,ARCHIVED_MODEL_TABLE_V001,reports/research/v004c_model_table_v001_20260601_20260729/v004c_model_table_v001.csv,0.0043258832011537,ARCHIVED_MODEL_TABLE_V001,reports/research/v004c_model_table_v001_20260601_20260729/v004c_model_table_v001.csv
002407_2026-07-02,002407,2026-07-02,2026-07,2026-07-01,2026-07-02,2026-07-03,2026-07-06,2026-07-06,BOARD3,19,0.4288946721877574,5,0,0,1,1,-0.0672530694521,-0.0672530694521,-0.0261147628353171,ARCHIVED_MODEL_TABLE_V001,reports/research/v004c_model_table_v001_20260601_20260729/v004c_model_table_v001.csv,-0.0212462060346366,ARCHIVED_MODEL_TABLE_V001,reports/research/v004c_model_table_v001_20260601_20260729/v004c_model_table_v001.csv,-0.009022728932704,ARCHIVED_MODEL_TABLE_V001,reports/research/v004c_model_table_v001_20260601_20260729/v004c_model_table_v001.csv,0.0445884146341464,ARCHIVED_MODEL_TABLE_V001,reports/research/v004c_model_table_v001_20260601_20260729/v004c_model_table_v001.csv
001399_2026-07-02,001399,2026-07-02,2026-07,2026-07-01,2026-07-02,2026-07-03,2026-07-06,2026-07-06,BOARD2,19,0.4278361859469977,6,0,0,1,1,-0.069347826087,-0.069347826087,-0.06266266266266274,EXISTING_MINUTE_FEATURE_FORMULA_RECONSTRUCTION,data/cache/minute_5m/001399_5min.pkl,0.09571729464076761,EXISTING_MINUTE_FEATURE_FORMULA_RECONSTRUCTION,data/cache/minute_5m/001399_5min.pkl,-0.02650600591741481,EXISTING_MINUTE_FEATURE_FORMULA_RECONSTRUCTION,data/cache/minute_5m/001399_5min.pkl,0.09648711943793904,EXISTING_MINUTE_FEATURE_FORMULA_RECONSTRUCTION,data/cache/minute_5m/001399_5min.pkl
002738_2026-07-02,002738,2026-07-02,2026-07,2026-07-01,2026-07-02,2026-07-03,2026-07-06,2026-07-06,BOARD2,19,0.4246405830273112,7,0,1,0,0,0.0322482967449,0.0322482967449,-0.0191702860566123,ARCHIVED_MODEL_TABLE_V001,reports/research/v004c_model_table_v001_20260601_20260729/v004c_model_table_v001.csv,0.0092464170134072,ARCHIVED_MODEL_TABLE_V001,reports/research/v004c_model_table_v001_20260601_20260729/v004c_model_table_v001.csv,0.0094541029785359,ARCHIVED_MODEL_TABLE_V001,reports/research/v004c_model_table_v001_20260601_20260729/v004c_model_table_v001.csv,0.0624594419208305,ARCHIVED_MODEL_TABLE_V001,reports/research/v004c_model_table_v001_20260601_20260729/v004c_model_table_v001.csv
001331_2026-07-02,001331,2026-07-02,2026-07,2026-07-01,2026-07-02,2026-07-03,2026-07-06,2026-07-06,BOARD2,19,0.4230990697501815,8,0,1,0,0,0.0531830449278,0.0531830449278,-0.0424374319912947,ARCHIVED_MODEL_TABLE_V001,reports/research/v004c_model_table_v001_20260601_20260729/v004c_model_table_v001.csv,-0.0229976209357651,ARCHIVED_MODEL_TABLE_V001,reports/research/v004c_model_table_v001_20260601_20260729/v004c_model_table_v001.csv,-0.0250990480734908,ARCHIVED_MODEL_TABLE_V001,reports/research/v004c_model_table_v001_20260601_20260729/v004c_model_table_v001.csv,0.0266666666666666,ARCHIVED_MODEL_TABLE_V001,reports/research/v004c_model_table_v001_20260601_20260729/v004c_model_table_v001.csv
600113_2026-07-02,600113,2026-07-02,2026-07,2026-07-01,2026-07-02,2026-07-03,2026-07-06,2026-07-06,BOARD3,19,0.41938824529237834,9,0,0,1,0,-0.0235616438356,-0.0235616438356,-0.0013812154696133,ARCHIVED_MODEL_TABLE_V001,reports/research/v004c_model_table_v001_20260601_20260729/v004c_model_table_v001.csv,-0.0095890410958904,ARCHIVED_MODEL_TABLE_V001,reports/research/v004c_model_table_v001_20260601_20260729/v004c_model_table_v001.csv,-0.0150807563584268,ARCHIVED_MODEL_TABLE_V001,reports/research/v004c_model_table_v001_20260601_20260729/v004c_model_table_v001.csv,0.0168776371308017,ARCHIVED_MODEL_TABLE_V001,reports/research/v004c_model_table_v001_20260601_20260729/v004c_model_table_v001.csv
002167_2026-07-02,002167,2026-07-02,2026-07,2026-07-01,2026-07-02,2026-07-03,2026-07-06,2026-07-06,BOARD2,19,0.4175814677779443,10,0,1,0,0,0.00766283524904,0.00766283524904,-0.0247098464994384,ARCHIVED_MODEL_TABLE_V001,reports/research/v004c_model_table_v001_20260601_20260729/v004c_model_table_v001.csv,0.1080391322841343,ARCHIVED_MODEL_TABLE_V001,reports/research/v004c_model_table_v001_20260601_20260729/v004c_model_table_v001.csv,0.0142613627700265,ARCHIVED_MODEL_TABLE_V001,reports/research/v004c_model_table_v001_20260601_20260729/v004c_model_table_v001.csv,0.1085106382978723,ARCHIVED_MODEL_TABLE_V001,reports/research/v004c_model_table_v001_20260601_20260729/v004c_model_table_v001.csv
002273_2026-07-02,002273,2026-07-02,2026-07,2026-07-01,2026-07-02,2026-07-03,2026-07-06,2026-07-06,BOARD2,19,0.4175441386252621,11,0,0,1,0,-0.0293068297655,-0.0293068297655,-0.0547480620155038,ARCHIVED_MODEL_TABLE_V001,reports/research/v004c_model_table_v001_20260601_20260729/v004c_model_table_v001.csv,-0.0244999999999999,ARCHIVED_MODEL_TABLE_V001,reports/research/v004c_model_table_v001_20260601_20260729/v004c_model_table_v001.csv,-0.0355497490529284,ARCHIVED_MODEL_TABLE_V001,reports/research/v004c_model_table_v001_20260601_20260729/v004c_model_table_v001.csv,0.0206643996861105,ARCHIVED_MODEL_TABLE_V001,reports/research/v004c_model_table_v001_20260601_20260729/v004c_model_table_v001.csv
002396_2026-07-02,002396,2026-07-02,2026-07,2026-07-01,2026-07-02,2026-07-03,2026-07-06,2026-07-06,BOARD2,19,0.41648485569300403,12,1,0,0,0,0.1,0.07,-0.0401624548736462,ARCHIVED_MODEL_TABLE_V001,reports/research/v004c_model_table_v001_20260601_20260729/v004c_model_table_v001.csv,-0.000939408172851,ARCHIVED_MODEL_TABLE_V001,reports/research/v004c_model_table_v001_20260601_20260729/v004c_model_table_v001.csv,-0.0079625302388158,ARCHIVED_MODEL_TABLE_V001,reports/research/v004c_model_table_v001_20260601_20260729/v004c_model_table_v001.csv,0.037560975609756,ARCHIVED_MODEL_TABLE_V001,reports/research/v004c_model_table_v001_20260601_20260729/v004c_model_table_v001.csv
000603_2026-07-02,000603,2026-07-02,2026-07,2026-07-01,2026-07-02,2026-07-03,2026-07-06,2026-07-06,BOARD2,19,0.41633708811717196,13,0,1,0,0,0.0216110019646,0.0216110019646,-0.0119904076738609,ARCHIVED_MODEL_TABLE_V001,reports/research/v004c_model_table_v001_20260601_20260729/v004c_model_table_v001.csv,-0.07137490608565,ARCHIVED_MODEL_TABLE_V001,reports/research/v004c_model_table_v001_20260601_20260729/v004c_model_table_v001.csv,-0.0260650096622314,ARCHIVED_MODEL_TABLE_V001,reports/research/v004c_model_table_v001_20260601_20260729/v004c_model_table_v001.csv,0.0032467532467531,ARCHIVED_MODEL_TABLE_V001,reports/research/v004c_model_table_v001_20260601_20260729/v004c_model_table_v001.csv
002747_2026-07-02,002747,2026-07-02,2026-07,2026-07-01,2026-07-02,2026-07-03,2026-07-06,2026-07-06,BOARD2,19,0.41558786904269335,14,1,0,0,0,0.149452641599,0.07,-0.0104546559688791,ARCHIVED_MODEL_TABLE_V001,reports/research/v004c_model_table_v001_20260601_20260729/v004c_model_table_v001.csv,-0.049287549637935,ARCHIVED_MODEL_TABLE_V001,reports/research/v004c_model_table_v001_20260601_20260729/v004c_model_table_v001.csv,-0.0116842282436567,ARCHIVED_MODEL_TABLE_V001,reports/research/v004c_model_table_v001_20260601_20260729/v004c_model_table_v001.csv,0.0422535211267607,ARCHIVED_MODEL_TABLE_V001,reports/research/v004c_model_table_v001_20260601_20260729/v004c_model_table_v001.csv
600783_2026-07-02,600783,2026-07-02,2026-07,2026-07-01,2026-07-02,2026-07-03,2026-07-06,2026-07-06,BOARD2,19,0.4120572625785645,15,0,1,0,0,0.0390153274501,0.0390153274501,-0.0233302836230556,ARCHIVED_MODEL_TABLE_V001,reports/research/v004c_model_table_v001_20260601_20260729/v004c_model_table_v001.csv,-0.0451699463327369,ARCHIVED_MODEL_TABLE_V001,reports/research/v004c_model_table_v001_20260601_20260729/v004c_model_table_v001.csv,-0.0393898944137546,ARCHIVED_MODEL_TABLE_V001,reports/research/v004c_model_table_v001_20260601_20260729/v004c_model_table_v001.csv,0.0009376465072669,ARCHIVED_MODEL_TABLE_V001,reports/research/v004c_model_table_v001_20260601_20260729/v004c_model_table_v001.csv
002053_2026-07-02,002053,2026-07-02,2026-07,2026-07-01,2026-07-02,2026-07-03,2026-07-06,2026-07-06,BOARD2,19,0.41127265692919207,16,0,1,0,0,0.030612244898,0.030612244898,-0.0180360721442885,ARCHIVED_MODEL_TABLE_V001,reports/research/v004c_model_table_v001_20260601_20260729/v004c_model_table_v001.csv,-0.0841121495327101,ARCHIVED_MODEL_TABLE_V001,reports/research/v004c_model_table_v001_20260601_20260729/v004c_model_table_v001.csv,-0.0359826928899706,ARCHIVED_MODEL_TABLE_V001,reports/research/v004c_model_table_v001_20260601_20260729/v004c_model_table_v001.csv,0.0061601642710472,ARCHIVED_MODEL_TABLE_V001,reports/research/v004c_model_table_v001_20260601_20260729/v004c_model_table_v001.csv
600076_2026-07-02,600076,2026-07-02,2026-07,2026-07-01,2026-07-02,2026-07-03,2026-07-06,2026-07-06,BOARD2,19,0.4053404855075932,17,0,1,0,0,0.0145772594752,0.0145772594752,-0.0450928381962864,ARCHIVED_MODEL_TABLE_V001,reports/research/v004c_model_table_v001_20260601_20260729/v004c_model_table_v001.csv,-0.0322580645161291,ARCHIVED_MODEL_TABLE_V001,reports/research/v004c_model_table_v001_20260601_20260729/v004c_model_table_v001.csv,-0.0261062157803851,ARCHIVED_MODEL_TABLE_V001,reports/research/v004c_model_table_v001_20260601_20260729/v004c_model_table_v001.csv,0.0315186246418337,ARCHIVED_MODEL_TABLE_V001,reports/research/v004c_model_table_v001_20260601_20260729/v004c_model_table_v001.csv
603212_2026-07-02,603212,2026-07-02,2026-07,2026-07-01,2026-07-02,2026-07-03,2026-07-06,2026-07-06,BOARD2,19,0.3998101894594387,18,0,0,1,0,-0.0100775193798,-0.0100775193798,-0.0303490136570562,ARCHIVED_MODEL_TABLE_V001,reports/research/v004c_model_table_v001_20260601_20260729/v004c_model_table_v001.csv,-0.046268656716418,ARCHIVED_MODEL_TABLE_V001,reports/research/v004c_model_table_v001_20260601_20260729/v004c_model_table_v001.csv,-0.0214842081657267,ARCHIVED_MODEL_TABLE_V001,reports/research/v004c_model_table_v001_20260601_20260729/v004c_model_table_v001.csv,0.0,ARCHIVED_MODEL_TABLE_V001,reports/research/v004c_model_table_v001_20260601_20260729/v004c_model_table_v001.csv
000620_2026-07-02,000620,2026-07-02,2026-07,2026-07-01,2026-07-02,2026-07-03,2026-07-06,2026-07-06,BOARD2,19,0.3947320496755209,19,0,1,0,0,0.0461956521739,0.0461956521739,-0.0238095238095237,ARCHIVED_MODEL_TABLE_V001,reports/research/v004c_model_table_v001_20260601_20260729/v004c_model_table_v001.csv,-0.0238095238095237,ARCHIVED_MODEL_TABLE_V001,reports/research/v004c_model_table_v001_20260601_20260729/v004c_model_table_v001.csv,-0.0221423224748382,ARCHIVED_MODEL_TABLE_V001,reports/research/v004c_model_table_v001_20260601_20260729/v004c_model_table_v001.csv,0.0,ARCHIVED_MODEL_TABLE_V001,reports/research/v004c_model_table_v001_20260601_20260729/v004c_model_table_v001.csv
600641_2026-07-03,600641,2026-07-03,2026-07,2026-07-02,2026-07-03,2026-07-06,2026-07-07,2026-07-07,BOARD3,12,0.4359386711196016,1,0,0,1,0,-0.0103537532355,-0.0103537532355,-0.044833132287897,ARCHIVED_MODEL_TABLE_V001,reports/research/v004c_model_table_v001_20260601_20260729/v004c_model_table_v001.csv,-0.0052345058626466,ARCHIVED_MODEL_TABLE_V001,reports/research/v004c_model_table_v001_20260601_20260729/v004c_model_table_v001.csv,-0.0305697798397347,ARCHIVED_MODEL_TABLE_V001,reports/research/v004c_model_table_v001_20260601_20260729/v004c_model_table_v001.csv,0.0108510638297871,ARCHIVED_MODEL_TABLE_V001,reports/research/v004c_model_table_v001_20260601_20260729/v004c_model_table_v001.csv
603538_2026-07-03,603538,2026-07-03,2026-07,2026-07-02,2026-07-03,2026-07-06,2026-07-07,2026-07-07,BOARD2,12,0.43588230575249676,2,1,0,0,0,0.216165913321,0.07,0.0104139546992971,ARCHIVED_MODEL_TABLE_V001,reports/research/v004c_model_table_v001_20260601_20260729/v004c_model_table_v001.csv,-0.0908877957367063,ARCHIVED_MODEL_TABLE_V001,reports/research/v004c_model_table_v001_20260601_20260729/v004c_model_table_v001.csv,0.003419789829689,ARCHIVED_MODEL_TABLE_V001,reports/research/v004c_model_table_v001_20260601_20260729/v004c_model_table_v001.csv,0.0429991937651169,ARCHIVED_MODEL_TABLE_V001,reports/research/v004c_model_table_v001_20260601_20260729/v004c_model_table_v001.csv
002971_2026-07-03,002971,2026-07-03,2026-07,2026-07-02,2026-07-03,2026-07-06,2026-07-07,2026-07-07,BOARD2,12,0.434455854463311,3,0,0,1,1,-0.06696557709,-0.06696557709,-0.0074916759156491,ARCHIVED_MODEL_TABLE_V001,reports/research/v004c_model_table_v001_20260601_20260729/v004c_model_table_v001.csv,-0.0297029702970296,ARCHIVED_MODEL_TABLE_V001,reports/research/v004c_model_table_v001_20260601_20260729/v004c_model_table_v001.csv,-0.0269122532113268,ARCHIVED_MODEL_TABLE_V001,reports/research/v004c_model_table_v001_20260601_20260729/v004c_model_table_v001.csv,0.0368115942028986,ARCHIVED_MODEL_TABLE_V001,reports/research/v004c_model_table_v001_20260601_20260729/v004c_model_table_v001.csv
605488_2026-07-03,605488,2026-07-03,2026-07,2026-07-02,2026-07-03,2026-07-06,2026-07-07,2026-07-07,BOARD2,12,0.4339068471892243,4,0,0,1,0,-0.00887573964497,-0.00887573964497,0.0046082949308756,ARCHIVED_MODEL_TABLE_V001,reports/research/v004c_model_table_v001_20260601_20260729/v004c_model_table_v001.csv,0.0424387328153019,ARCHIVED_MODEL_TABLE_V001,reports/research/v004c_model_table_v001_20260601_20260729/v004c_model_table_v001.csv,0.005260485646821,ARCHIVED_MODEL_TABLE_V001,reports/research/v004c_model_table_v001_20260601_20260729/v004c_model_table_v001.csv,0.0699386503067484,ARCHIVED_MODEL_TABLE_V001,reports/research/v004c_model_table_v001_20260601_20260729/v004c_model_table_v001.csv
603505_2026-07-03,603505,2026-07-03,2026-07,2026-07-02,2026-07-03,2026-07-06,2026-07-07,2026-07-07,BOARD2,12,0.4249863204035108,5,0,0,1,1,-0.0742417383431,-0.0742417383431,-0.0124888492417485,ARCHIVED_MODEL_TABLE_V001,reports/research/v004c_model_table_v001_20260601_20260729/v004c_model_table_v001.csv,-0.0828500414250207,ARCHIVED_MODEL_TABLE_V001,reports/research/v004c_model_table_v001_20260601_20260729/v004c_model_table_v001.csv,-0.019991401736275,ARCHIVED_MODEL_TABLE_V001,reports/research/v004c_model_table_v001_20260601_20260729/v004c_model_table_v001.csv,0.0086560364464693,ARCHIVED_MODEL_TABLE_V001,reports/research/v004c_model_table_v001_20260601_20260729/v004c_model_table_v001.csv
002826_2026-07-03,002826,2026-07-03,2026-07,2026-07-02,2026-07-03,2026-07-06,2026-07-07,2026-07-07,BOARD2,12,0.42375835164583153,6,0,1,0,0,0.0318080357143,0.0318080357143,-0.0098468271334791,ARCHIVED_MODEL_TABLE_V001,reports/research/v004c_model_table_v001_20260601_20260729/v004c_model_table_v001.csv,-0.0853966649823142,ARCHIVED_MODEL_TABLE_V001,reports/research/v004c_model_table_v001_20260601_20260729/v004c_model_table_v001.csv,-0.0247893003756283,ARCHIVED_MODEL_TABLE_V001,reports/research/v004c_model_table_v001_20260601_20260729/v004c_model_table_v001.csv,0.0162829870859069,ARCHIVED_MODEL_TABLE_V001,reports/research/v004c_model_table_v001_20260601_20260729/v004c_model_table_v001.csv
002559_2026-07-03,002559,2026-07-03,2026-07,2026-07-02,2026-07-03,2026-07-06,2026-07-07,2026-07-07,BOARD2,12,0.4212617380052558,7,0,0,1,0,-0.0370111731844,-0.0370111731844,-0.0104239054899235,ARCHIVED_MODEL_TABLE_V001,reports/research/v004c_model_table_v001_20260601_20260729/v004c_model_table_v001.csv,0.0028169014084507,ARCHIVED_MODEL_TABLE_V001,reports/research/v004c_model_table_v001_20260601_20260729/v004c_model_table_v001.csv,-0.0041376203478763,ARCHIVED_MODEL_TABLE_V001,reports/research/v004c_model_table_v001_20260601_20260729/v004c_model_table_v001.csv,0.0289017341040462,ARCHIVED_MODEL_TABLE_V001,reports/research/v004c_model_table_v001_20260601_20260729/v004c_model_table_v001.csv
000601_2026-07-03,000601,2026-07-03,2026-07,2026-07-02,2026-07-03,2026-07-06,2026-07-07,2026-07-07,BOARD2,12,0.41486360147387535,8,0,1,0,0,0.0510510510511,0.0510510510511,0.0015174506828528,ARCHIVED_MODEL_TABLE_V001,reports/research/v004c_model_table_v001_20260601_20260729/v004c_model_table_v001.csv,-0.0420899854862119,ARCHIVED_MODEL_TABLE_V001,reports/research/v004c_model_table_v001_20260601_20260729/v004c_model_table_v001.csv,-0.0047497651466766,ARCHIVED_MODEL_TABLE_V001,reports/research/v004c_model_table_v001_20260601_20260729/v004c_model_table_v001.csv,0.0185185185185183,ARCHIVED_MODEL_TABLE_V001,reports/research/v004c_model_table_v001_20260601_20260729/v004c_model_table_v001.csv
002458_2026-07-03,002458,2026-07-03,2026-07,2026-07-02,2026-07-03,2026-07-06,2026-07-07,2026-07-07,BOARD2,12,0.41082662202915843,9,0,1,0,0,0.0244444444444,0.0244444444444,-0.0152173913043477,ARCHIVED_MODEL_TABLE_V001,reports/research/v004c_model_table_v001_20260601_20260729/v004c_model_table_v001.csv,-0.0562499999999999,ARCHIVED_MODEL_TABLE_V001,reports/research/v004c_model_table_v001_20260601_20260729/v004c_model_table_v001.csv,-0.0279855764930816,ARCHIVED_MODEL_TABLE_V001,reports/research/v004c_model_table_v001_20260601_20260729/v004c_model_table_v001.csv,0.0055493895671476,ARCHIVED_MODEL_TABLE_V001,reports/research/v004c_model_table_v001_20260601_20260729/v004c_model_table_v001.csv
000536_2026-07-03,000536,2026-07-03,2026-07,2026-07-02,2026-07-03,2026-07-06,2026-07-07,2026-07-07,BOARD2,12,0.40769720020518707,10,0,0,1,0,-0.0332480818414,-0.0332480818414,0.0,ARCHIVED_MODEL_TABLE_V001,reports/research/v004c_model_table_v001_20260601_20260729/v004c_model_table_v001.csv,-0.0339805825242718,ARCHIVED_MODEL_TABLE_V001,reports/research/v004c_model_table_v001_20260601_20260729/v004c_model_table_v001.csv,-0.0145498623753779,ARCHIVED_MODEL_TABLE_V001,reports/research/v004c_model_table_v001_20260601_20260729/v004c_model_table_v001.csv,0.0257731958762886,ARCHIVED_MODEL_TABLE_V001,reports/research/v004c_model_table_v001_20260601_20260729/v004c_model_table_v001.csv
001313_2026-07-03,001313,2026-07-03,2026-07,2026-07-02,2026-07-03,2026-07-06,2026-07-07,2026-07-07,BOARD2,12,0.40354575435974,11,0,1,0,0,0.0278833967047,0.0278833967047,-0.0152091254752851,ARCHIVED_MODEL_TABLE_V001,reports/research/v004c_model_table_v001_20260601_20260729/v004c_model_table_v001.csv,-0.0727923627684965,ARCHIVED_MODEL_TABLE_V001,reports/research/v004c_model_table_v001_20260601_20260729/v004c_model_table_v001.csv,-0.0271956986974348,ARCHIVED_MODEL_TABLE_V001,reports/research/v004c_model_table_v001_20260601_20260729/v004c_model_table_v001.csv,0.0012886597938144,ARCHIVED_MODEL_TABLE_V001,reports/research/v004c_model_table_v001_20260601_20260729/v004c_model_table_v001.csv
000520_2026-07-03,000520,2026-07-03,2026-07,2026-07-02,2026-07-03,2026-07-06,2026-07-07,2026-07-07,BOARD2,12,0.39474239706116265,12,0,1,0,0,0.0278969957082,0.0278969957082,0.0,ARCHIVED_MODEL_TABLE_V001,reports/research/v004c_model_table_v001_20260601_20260729/v004c_model_table_v001.csv,0.0044150110375273,ARCHIVED_MODEL_TABLE_V001,reports/research/v004c_model_table_v001_20260601_20260729/v004c_model_table_v001.csv,-0.0035115472689454,ARCHIVED_MODEL_TABLE_V001,reports/research/v004c_model_table_v001_20260601_20260729/v004c_model_table_v001.csv,0.0133630289532293,ARCHIVED_MODEL_TABLE_V001,reports/research/v004c_model_table_v001_20260601_20260729/v004c_model_table_v001.csv
002979_2026-07-06,002979,2026-07-06,2026-07,2026-07-03,2026-07-06,2026-07-07,2026-07-08,2026-07-08,BOARD2,13,0.440176494419733,1,0,0,1,1,-0.0586135895676,-0.0586135895676,-0.0338871308016878,ARCHIVED_MODEL_TABLE_V001,reports/research/v004c_model_table_v001_20260601_20260729/v004c_model_table_v001.csv,-0.0230666666666666,ARCHIVED_MODEL_TABLE_V001,reports/research/v004c_model_table_v001_20260601_20260729/v004c_model_table_v001.csv,-0.0158412575903718,ARCHIVED_MODEL_TABLE_V001,reports/research/v004c_model_table_v001_20260601_20260729/v004c_model_table_v001.csv,0.0106206896551723,ARCHIVED_MODEL_TABLE_V001,reports/research/v004c_model_table_v001_20260601_20260729/v004c_model_table_v001.csv
603286_2026-07-06,603286,2026-07-06,2026-07,2026-07-03,2026-07-06,2026-07-07,2026-07-08,2026-07-08,BOARD2,13,0.43459555825342167,2,0,0,1,0,-0.00678028220634,-0.00678028220634,-0.0128437047756874,ARCHIVED_MODEL_TABLE_V001,reports/research/v004c_model_table_v001_20260601_20260729/v004c_model_table_v001.csv,-0.0414544177059547,ARCHIVED_MODEL_TABLE_V001,reports/research/v004c_model_table_v001_20260601_20260729/v004c_model_table_v001.csv,-0.0299313580133745,ARCHIVED_MODEL_TABLE_V001,reports/research/v004c_model_table_v001_20260601_20260729/v004c_model_table_v001.csv,0.006269592476489,ARCHIVED_MODEL_TABLE_V001,reports/research/v004c_model_table_v001_20260601_20260729/v004c_model_table_v001.csv
603338_2026-07-06,603338,2026-07-06,2026-07,2026-07-03,2026-07-06,2026-07-07,2026-07-08,2026-07-08,BOARD2,13,0.4267880144081376,3,0,1,0,0,0.00377358490566,0.00377358490566,-0.0115650065286326,ARCHIVED_MODEL_TABLE_V001,reports/research/v004c_model_table_v001_20260601_20260729/v004c_model_table_v001.csv,0.010102935569958,ARCHIVED_MODEL_TABLE_V001,reports/research/v004c_model_table_v001_20260601_20260729/v004c_model_table_v001.csv,-0.0050473698551439,ARCHIVED_MODEL_TABLE_V001,reports/research/v004c_model_table_v001_20260601_20260729/v004c_model_table_v001.csv,0.0390196078431372,ARCHIVED_MODEL_TABLE_V001,reports/research/v004c_model_table_v001_20260601_20260729/v004c_model_table_v001.csv
603580_2026-07-06,603580,2026-07-06,2026-07,2026-07-03,2026-07-06,2026-07-14,2026-07-15,2026-07-15,BOARD2,13,0.4267518527971767,4,1,0,0,0,0.100148148148,0.07,-0.0742305371152686,ARCHIVED_MODEL_TABLE_V001,reports/research/v004c_model_table_v001_20260601_20260729/v004c_model_table_v001.csv,0.0209650582362728,ARCHIVED_MODEL_TABLE_V001,reports/research/v004c_model_table_v001_20260601_20260729/v004c_model_table_v001.csv,-0.0546126995098183,ARCHIVED_MODEL_TABLE_V001,reports/research/v004c_model_table_v001_20260601_20260729/v004c_model_table_v001.csv,0.0291848373029185,ARCHIVED_MODEL_TABLE_V001,reports/research/v004c_model_table_v001_20260601_20260729/v004c_model_table_v001.csv
000506_2026-07-06,000506,2026-07-06,2026-07,2026-07-03,2026-07-06,2026-07-07,2026-07-08,2026-07-08,BOARD2,13,0.42429151375138857,5,1,0,0,0,0.137288135593,0.07,-0.0331858407079647,ARCHIVED_MODEL_TABLE_V001,reports/research/v004c_model_table_v001_20260601_20260729/v004c_model_table_v001.csv,-0.0288888888888889,ARCHIVED_MODEL_TABLE_V001,reports/research/v004c_model_table_v001_20260601_20260729/v004c_model_table_v001.csv,-0.0514059117684534,ARCHIVED_MODEL_TABLE_V001,reports/research/v004c_model_table_v001_20260601_20260729/v004c_model_table_v001.csv,0.0069124423963133,ARCHIVED_MODEL_TABLE_V001,reports/research/v004c_model_table_v001_20260601_20260729/v004c_model_table_v001.csv
600988_2026-07-06,600988,2026-07-06,2026-07,2026-07-03,2026-07-06,2026-07-07,2026-07-08,2026-07-08,BOARD2,13,0.42230697577120274,6,0,1,0,0,0.0574067964368,0.0574067964368,-0.0231839258114373,ARCHIVED_MODEL_TABLE_V001,reports/research/v004c_model_table_v001_20260601_20260729/v004c_model_table_v001.csv,0.0118475824527697,ARCHIVED_MODEL_TABLE_V001,reports/research/v004c_model_table_v001_20260601_20260729/v004c_model_table_v001.csv,-0.0303157118581863,ARCHIVED_MODEL_TABLE_V001,reports/research/v004c_model_table_v001_20260601_20260729/v004c_model_table_v001.csv,0.0118475824527698,ARCHIVED_MODEL_TABLE_V001,reports/research/v004c_model_table_v001_20260601_20260729/v004c_model_table_v001.csv
000908_2026-07-06,000908,2026-07-06,2026-07,2026-07-03,2026-07-06,2026-07-07,2026-07-08,2026-07-08,BOARD2,13,0.4214360227038417,7,0,1,0,0,0.040520984081,0.040520984081,-0.0178082191780821,ARCHIVED_MODEL_TABLE_V001,reports/research/v004c_model_table_v001_20260601_20260729/v004c_model_table_v001.csv,0.0814479638009049,ARCHIVED_MODEL_TABLE_V001,reports/research/v004c_model_table_v001_20260601_20260729/v004c_model_table_v001.csv,0.0112262000725704,ARCHIVED_MODEL_TABLE_V001,reports/research/v004c_model_table_v001_20260601_20260729/v004c_model_table_v001.csv,0.1327014218009478,ARCHIVED_MODEL_TABLE_V001,reports/research/v004c_model_table_v001_20260601_20260729/v004c_model_table_v001.csv
605189_2026-07-06,605189,2026-07-06,2026-07,2026-07-03,2026-07-06,2026-07-07,2026-07-08,2026-07-08,BOARD3,13,0.4183783461117348,8,0,0,1,0,-0.0424559111692,-0.0424559111692,-0.0219354838709677,ARCHIVED_MODEL_TABLE_V001,reports/research/v004c_model_table_v001_20260601_20260729/v004c_model_table_v001.csv,-0.0900360144057622,ARCHIVED_MODEL_TABLE_V001,reports/research/v004c_model_table_v001_20260601_20260729/v004c_model_table_v001.csv,-0.0329316589534328,ARCHIVED_MODEL_TABLE_V001,reports/research/v004c_model_table_v001_20260601_20260729/v004c_model_table_v001.csv,0.0106666666666666,ARCHIVED_MODEL_TABLE_V001,reports/research/v004c_model_table_v001_20260601_20260729/v004c_model_table_v001.csv
001317_2026-07-06,001317,2026-07-06,2026-07,2026-07-03,2026-07-06,2026-07-07,2026-07-08,2026-07-08,BOARD2,13,0.4175484422372881,9,1,0,0,0,0.102194949257,0.07,0.0,ARCHIVED_MODEL_TABLE_V001,reports/research/v004c_model_table_v001_20260601_20260729/v004c_model_table_v001.csv,-0.0859719018662191,ARCHIVED_MODEL_TABLE_V001,reports/research/v004c_model_table_v001_20260601_20260729/v004c_model_table_v001.csv,-0.0237036529756379,ARCHIVED_MODEL_TABLE_V001,reports/research/v004c_model_table_v001_20260601_20260729/v004c_model_table_v001.csv,0.0,ARCHIVED_MODEL_TABLE_V001,reports/research/v004c_model_table_v001_20260601_20260729/v004c_model_table_v001.csv
000576_2026-07-06,000576,2026-07-06,2026-07,2026-07-03,2026-07-06,2026-07-07,2026-07-08,2026-07-08,BOARD2,13,0.41156093487203127,10,0,0,1,0,-0.0225165562914,-0.0225165562914,0.0145118733509235,ARCHIVED_MODEL_TABLE_V001,reports/research/v004c_model_table_v001_20260601_20260729/v004c_model_table_v001.csv,-0.0166240409207161,ARCHIVED_MODEL_TABLE_V001,reports/research/v004c_model_table_v001_20260601_20260729/v004c_model_table_v001.csv,0.0045265966418734,ARCHIVED_MODEL_TABLE_V001,reports/research/v004c_model_table_v001_20260601_20260729/v004c_model_table_v001.csv,0.0308310991957105,ARCHIVED_MODEL_TABLE_V001,reports/research/v004c_model_table_v001_20260601_20260729/v004c_model_table_v001.csv
000595_2026-07-06,000595,2026-07-06,2026-07,2026-07-03,2026-07-06,2026-07-07,2026-07-08,2026-07-08,BOARD2,13,0.41038553783926596,11,0,0,1,0,-0.0425531914894,-0.0425531914894,0.0338164251207728,ARCHIVED_MODEL_TABLE_V001,reports/research/v004c_model_table_v001_20260601_20260729/v004c_model_table_v001.csv,0.0524590163934426,ARCHIVED_MODEL_TABLE_V001,reports/research/v004c_model_table_v001_20260601_20260729/v004c_model_table_v001.csv,0.0306815593377414,ARCHIVED_MODEL_TABLE_V001,reports/research/v004c_model_table_v001_20260601_20260729/v004c_model_table_v001.csv,0.0881355932203389,ARCHIVED_MODEL_TABLE_V001,reports/research/v004c_model_table_v001_20260601_20260729/v004c_model_table_v001.csv
603559_2026-07-06,603559,2026-07-06,2026-07,2026-07-03,2026-07-06,2026-07-07,2026-07-08,2026-07-08,BOARD2,13,0.4071301891840515,12,0,0,1,0,-0.0362811791383,-0.0362811791383,-0.0302375809935204,ARCHIVED_MODEL_TABLE_V001,reports/research/v004c_model_table_v001_20260601_20260729/v004c_model_table_v001.csv,-0.0929292929292929,ARCHIVED_MODEL_TABLE_V001,reports/research/v004c_model_table_v001_20260601_20260729/v004c_model_table_v001.csv,-0.0473378699248688,ARCHIVED_MODEL_TABLE_V001,reports/research/v004c_model_table_v001_20260601_20260729/v004c_model_table_v001.csv,0.0011148272017836,ARCHIVED_MODEL_TABLE_V001,reports/research/v004c_model_table_v001_20260601_20260729/v004c_model_table_v001.csv
603717_2026-07-06,603717,2026-07-06,2026-07,2026-07-03,2026-07-06,2026-07-07,2026-07-08,2026-07-08,BOARD2,13,0.3982832896892411,13,0,0,1,0,-0.0146412884334,-0.0146412884334,-0.0014409221902018,ARCHIVED_MODEL_TABLE_V001,reports/research/v004c_model_table_v001_20260601_20260729/v004c_model_table_v001.csv,-0.026685393258427,ARCHIVED_MODEL_TABLE_V001,reports/research/v004c_model_table_v001_20260601_20260729/v004c_model_table_v001.csv,-0.0110137678045973,ARCHIVED_MODEL_TABLE_V001,reports/research/v004c_model_table_v001_20260601_20260729/v004c_model_table_v001.csv,0.0116788321167883,ARCHIVED_MODEL_TABLE_V001,reports/research/v004c_model_table_v001_20260601_20260729/v004c_model_table_v001.csv
603722_2026-07-07,603722,2026-07-07,2026-07,2026-07-06,2026-07-07,2026-07-08,2026-07-09,2026-07-09,BOARD2,6,0.43680143505568886,1,0,1,0,0,0.0209756097561,0.0209756097561,-0.0361576998475277,ARCHIVED_MODEL_TABLE_V001,reports/research/v004c_model_table_v001_20260601_20260729/v004c_model_table_v001.csv,-0.0765859766277129,ARCHIVED_MODEL_TABLE_V001,reports/research/v004c_model_table_v001_20260601_20260729/v004c_model_table_v001.csv,-0.0561931529319161,ARCHIVED_MODEL_TABLE_V001,reports/research/v004c_model_table_v001_20260601_20260729/v004c_model_table_v001.csv,0.0125858123569793,ARCHIVED_MODEL_TABLE_V001,reports/research/v004c_model_table_v001_20260601_20260729/v004c_model_table_v001.csv
603211_2026-07-07,603211,2026-07-07,2026-07,2026-07-06,2026-07-07,2026-07-08,2026-07-09,2026-07-09,BOARD2,6,0.43599872750380064,2,0,0,1,0,-0.00736698499318,-0.00736698499318,-0.0135818908122502,ARCHIVED_MODEL_TABLE_V001,reports/research/v004c_model_table_v001_20260601_20260729/v004c_model_table_v001.csv,-0.0536535513541134,ARCHIVED_MODEL_TABLE_V001,reports/research/v004c_model_table_v001_20260601_20260729/v004c_model_table_v001.csv,-0.0589436242360461,ARCHIVED_MODEL_TABLE_V001,reports/research/v004c_model_table_v001_20260601_20260729/v004c_model_table_v001.csv,0.0306065664997218,ARCHIVED_MODEL_TABLE_V001,reports/research/v004c_model_table_v001_20260601_20260729/v004c_model_table_v001.csv
002767_2026-07-07,002767,2026-07-07,2026-07,2026-07-06,2026-07-07,2026-07-08,2026-07-09,2026-07-09,BOARD2,6,0.420539766726529,3,0,1,0,0,0.0210924824229,0.0210924824229,-0.0359562272016675,ARCHIVED_MODEL_TABLE_V001,reports/research/v004c_model_table_v001_20260601_20260729/v004c_model_table_v001.csv,-0.1363211951447246,ARCHIVED_MODEL_TABLE_V001,reports/research/v004c_model_table_v001_20260601_20260729/v004c_model_table_v001.csv,-0.074271815925293,ARCHIVED_MODEL_TABLE_V001,reports/research/v004c_model_table_v001_20260601_20260729/v004c_model_table_v001.csv,0.0081743869209808,ARCHIVED_MODEL_TABLE_V001,reports/research/v004c_model_table_v001_20260601_20260729/v004c_model_table_v001.csv
002396_2026-07-07,002396,2026-07-07,2026-07,2026-07-06,2026-07-07,2026-07-08,2026-07-09,2026-07-09,BOARD2,6,0.4153898871408073,4,0,1,0,0,0.0556760665221,0.0556760665221,-0.0346715328467153,ARCHIVED_MODEL_TABLE_V001,reports/research/v004c_model_table_v001_20260601_20260729/v004c_model_table_v001.csv,-0.0203703703703703,ARCHIVED_MODEL_TABLE_V001,reports/research/v004c_model_table_v001_20260601_20260729/v004c_model_table_v001.csv,-0.0302548981154032,ARCHIVED_MODEL_TABLE_V001,reports/research/v004c_model_table_v001_20260601_20260729/v004c_model_table_v001.csv,0.00608596424496,ARCHIVED_MODEL_TABLE_V001,reports/research/v004c_model_table_v001_20260601_20260729/v004c_model_table_v001.csv
002141_2026-07-07,002141,2026-07-07,2026-07,2026-07-06,2026-07-07,2026-07-08,2026-07-09,2026-07-09,BOARD2,6,0.41443452737193487,5,0,0,1,0,-0.0258620689655,-0.0258620689655,0.0299295774647887,ARCHIVED_MODEL_TABLE_V001,reports/research/v004c_model_table_v001_20260601_20260729/v004c_model_table_v001.csv,0.0446428571428572,ARCHIVED_MODEL_TABLE_V001,reports/research/v004c_model_table_v001_20260601_20260729/v004c_model_table_v001.csv,0.0213264867007467,ARCHIVED_MODEL_TABLE_V001,reports/research/v004c_model_table_v001_20260601_20260729/v004c_model_table_v001.csv,0.087360594795539,ARCHIVED_MODEL_TABLE_V001,reports/research/v004c_model_table_v001_20260601_20260729/v004c_model_table_v001.csv
000656_2026-07-07,000656,2026-07-07,2026-07,2026-07-06,2026-07-07,2026-07-08,2026-07-09,2026-07-09,BOARD3,6,0.41039851451063736,6,0,1,0,0,0.0381679389313,0.0381679389313,-0.028776978417266,ARCHIVED_MODEL_TABLE_V001,reports/research/v004c_model_table_v001_20260601_20260729/v004c_model_table_v001.csv,-0.0939597315436241,ARCHIVED_MODEL_TABLE_V001,reports/research/v004c_model_table_v001_20260601_20260729/v004c_model_table_v001.csv,-0.0600407539486574,ARCHIVED_MODEL_TABLE_V001,reports/research/v004c_model_table_v001_20260601_20260729/v004c_model_table_v001.csv,0.0074626865671641,ARCHIVED_MODEL_TABLE_V001,reports/research/v004c_model_table_v001_20260601_20260729/v004c_model_table_v001.csv
603823_2026-07-08,603823,2026-07-08,2026-07,2026-07-07,2026-07-08,2026-07-09,2026-07-10,2026-07-10,BOARD2,3,0.43453009757767247,1,0,1,0,0,0.0501307759372,0.0501307759372,-0.0156558533145274,ARCHIVED_MODEL_TABLE_V001,reports/research/v004c_model_table_v001_20260601_20260729/v004c_model_table_v001.csv,-0.0367149758454106,ARCHIVED_MODEL_TABLE_V001,reports/research/v004c_model_table_v001_20260601_20260729/v004c_model_table_v001.csv,0.0112914834024218,ARCHIVED_MODEL_TABLE_V001,reports/research/v004c_model_table_v001_20260601_20260729/v004c_model_table_v001.csv,0.0702346265910138,ARCHIVED_MODEL_TABLE_V001,reports/research/v004c_model_table_v001_20260601_20260729/v004c_model_table_v001.csv
600246_2026-07-08,600246,2026-07-08,2026-07,2026-07-07,2026-07-08,2026-07-09,2026-07-10,2026-07-10,BOARD2,3,0.42452478059011106,2,1,0,0,0,0.100723140496,0.07,-0.037037037037037,ARCHIVED_MODEL_TABLE_V001,reports/research/v004c_model_table_v001_20260601_20260729/v004c_model_table_v001.csv,0.0328389830508475,ARCHIVED_MODEL_TABLE_V001,reports/research/v004c_model_table_v001_20260601_20260729/v004c_model_table_v001.csv,-0.0072534468405767,ARCHIVED_MODEL_TABLE_V001,reports/research/v004c_model_table_v001_20260601_20260729/v004c_model_table_v001.csv,0.0620915032679738,ARCHIVED_MODEL_TABLE_V001,reports/research/v004c_model_table_v001_20260601_20260729/v004c_model_table_v001.csv
603861_2026-07-08,603861,2026-07-08,2026-07,2026-07-07,2026-07-08,2026-07-09,2026-07-10,2026-07-10,BOARD2,3,0.42046438426012916,3,0,1,0,0,0.0429777436685,0.0429777436685,-0.0007304601899196,ARCHIVED_MODEL_TABLE_V001,reports/research/v004c_model_table_v001_20260601_20260729/v004c_model_table_v001.csv,-0.1058823529411765,ARCHIVED_MODEL_TABLE_V001,reports/research/v004c_model_table_v001_20260601_20260729/v004c_model_table_v001.csv,-0.0528844810972404,ARCHIVED_MODEL_TABLE_V001,reports/research/v004c_model_table_v001_20260601_20260729/v004c_model_table_v001.csv,0.0,ARCHIVED_MODEL_TABLE_V001,reports/research/v004c_model_table_v001_20260601_20260729/v004c_model_table_v001.csv
001229_2026-07-09,001229,2026-07-09,2026-07,2026-07-08,2026-07-09,2026-07-10,2026-07-13,2026-07-13,BOARD2,5,0.43534516759696323,1,1,0,0,0,0.0759219088937,0.07,0.0301314000906207,ARCHIVED_MODEL_TABLE_V001,reports/research/v004c_model_table_v001_20260601_20260729/v004c_model_table_v001.csv,-0.0302836425677116,ARCHIVED_MODEL_TABLE_V001,reports/research/v004c_model_table_v001_20260601_20260729/v004c_model_table_v001.csv,0.0367654769429057,ARCHIVED_MODEL_TABLE_V001,reports/research/v004c_model_table_v001_20260601_20260729/v004c_model_table_v001.csv,0.1367499999999999,ARCHIVED_MODEL_TABLE_V001,reports/research/v004c_model_table_v001_20260601_20260729/v004c_model_table_v001.csv
001365_2026-07-09,001365,2026-07-09,2026-07,2026-07-08,2026-07-09,2026-07-10,2026-07-13,2026-07-13,BOARD2,5,0.4351011578932943,2,1,0,0,0,0.0847231487658,0.07,-0.05471246006389763,EXISTING_MINUTE_FEATURE_FORMULA_RECONSTRUCTION,data/cache/minute_5m/001365_5min.pkl,0.031597297886249764,EXISTING_MINUTE_FEATURE_FORMULA_RECONSTRUCTION,data/cache/minute_5m/001365_5min.pkl,-0.02825850085206094,EXISTING_MINUTE_FEATURE_FORMULA_RECONSTRUCTION,data/cache/minute_5m/001365_5min.pkl,0.03159729788624979,EXISTING_MINUTE_FEATURE_FORMULA_RECONSTRUCTION,data/cache/minute_5m/001365_5min.pkl
600288_2026-07-09,600288,2026-07-09,2026-07,2026-07-08,2026-07-09,2026-07-10,2026-07-13,2026-07-13,BOARD3,5,0.42465863874195664,3,0,1,0,0,0.0496067755596,0.0496067755596,0.0409429280397022,ARCHIVED_MODEL_TABLE_V001,reports/research/v004c_model_table_v001_20260601_20260729/v004c_model_table_v001.csv,-0.0192869666861483,ARCHIVED_MODEL_TABLE_V001,reports/research/v004c_model_table_v001_20260601_20260729/v004c_model_table_v001.csv,0.0159218588700065,ARCHIVED_MODEL_TABLE_V001,reports/research/v004c_model_table_v001_20260601_20260729/v004c_model_table_v001.csv,0.077713551701991,ARCHIVED_MODEL_TABLE_V001,reports/research/v004c_model_table_v001_20260601_20260729/v004c_model_table_v001.csv
002951_2026-07-09,002951,2026-07-09,2026-07,2026-07-08,2026-07-09,2026-07-10,2026-07-13,2026-07-13,BOARD2,5,0.4114709353888387,4,0,0,1,0,-0.0368385800402,-0.0368385800402,0.0484406104844061,ARCHIVED_MODEL_TABLE_V001,reports/research/v004c_model_table_v001_20260601_20260729/v004c_model_table_v001.csv,-0.0383444917833231,ARCHIVED_MODEL_TABLE_V001,reports/research/v004c_model_table_v001_20260601_20260729/v004c_model_table_v001.csv,-0.0030510753863585,ARCHIVED_MODEL_TABLE_V001,reports/research/v004c_model_table_v001_20260601_20260729/v004c_model_table_v001.csv,0.0755616065350579,ARCHIVED_MODEL_TABLE_V001,reports/research/v004c_model_table_v001_20260601_20260729/v004c_model_table_v001.csv
600094_2026-07-09,600094,2026-07-09,2026-07,2026-07-08,2026-07-09,2026-07-10,2026-07-13,2026-07-13,BOARD2,5,0.4090218126788233,5,0,1,0,0,0.0281329923274,0.0281329923274,-0.0024509803921568,ARCHIVED_MODEL_TABLE_V001,reports/research/v004c_model_table_v001_20260601_20260729/v004c_model_table_v001.csv,-0.0534883720930231,ARCHIVED_MODEL_TABLE_V001,reports/research/v004c_model_table_v001_20260601_20260729/v004c_model_table_v001.csv,-0.0315039613535704,ARCHIVED_MODEL_TABLE_V001,reports/research/v004c_model_table_v001_20260601_20260729/v004c_model_table_v001.csv,0.0200501253132832,ARCHIVED_MODEL_TABLE_V001,reports/research/v004c_model_table_v001_20260601_20260729/v004c_model_table_v001.csv
000977_2026-07-10,000977,2026-07-10,2026-07,2026-07-09,2026-07-10,2026-07-13,2026-07-14,2026-07-14,BOARD2,4,0.43036369512078143,1,0,0,1,0,-0.0287912087912,-0.0287912087912,-0.0443044731504217,ARCHIVED_MODEL_TABLE_V001,reports/research/v004c_model_table_v001_20260601_20260729/v004c_model_table_v001.csv,-0.0269565217391304,ARCHIVED_MODEL_TABLE_V001,reports/research/v004c_model_table_v001_20260601_20260729/v004c_model_table_v001.csv,-0.0246515431738157,ARCHIVED_MODEL_TABLE_V001,reports/research/v004c_model_table_v001_20260601_20260729/v004c_model_table_v001.csv,0.0058426966292134,ARCHIVED_MODEL_TABLE_V001,reports/research/v004c_model_table_v001_20260601_20260729/v004c_model_table_v001.csv
002841_2026-07-10,002841,2026-07-10,2026-07,2026-07-09,2026-07-10,2026-07-13,2026-07-14,2026-07-14,BOARD3,4,0.4259641135329452,2,0,1,0,0,0.0153368278004,0.0153368278004,-0.035490989334314,ARCHIVED_MODEL_TABLE_V001,reports/research/v004c_model_table_v001_20260601_20260729/v004c_model_table_v001.csv,-0.026359754965658,ARCHIVED_MODEL_TABLE_V001,reports/research/v004c_model_table_v001_20260601_20260729/v004c_model_table_v001.csv,-0.0330819330788704,ARCHIVED_MODEL_TABLE_V001,reports/research/v004c_model_table_v001_20260601_20260729/v004c_model_table_v001.csv,0.0007632131272659,ARCHIVED_MODEL_TABLE_V001,reports/research/v004c_model_table_v001_20260601_20260729/v004c_model_table_v001.csv
603928_2026-07-10,603928,2026-07-10,2026-07,2026-07-09,2026-07-10,2026-07-13,2026-07-14,2026-07-14,BOARD2,4,0.42328722414076014,3,0,0,1,0,-0.0377804014168,-0.0377804014168,0.0591549295774649,ARCHIVED_MODEL_TABLE_V001,reports/research/v004c_model_table_v001_20260601_20260729/v004c_model_table_v001.csv,0.0829493087557604,ARCHIVED_MODEL_TABLE_V001,reports/research/v004c_model_table_v001_20260601_20260729/v004c_model_table_v001.csv,0.0280529601456154,ARCHIVED_MODEL_TABLE_V001,reports/research/v004c_model_table_v001_20260601_20260729/v004c_model_table_v001.csv,0.1058823529411765,ARCHIVED_MODEL_TABLE_V001,reports/research/v004c_model_table_v001_20260601_20260729/v004c_model_table_v001.csv
002490_2026-07-10,002490,2026-07-10,2026-07,2026-07-09,2026-07-10,2026-07-13,2026-07-14,2026-07-14,BOARD2,4,0.41785019037835996,4,1,0,0,0,0.177922077922,0.07,-0.0025974025974027,ARCHIVED_MODEL_TABLE_V001,reports/research/v004c_model_table_v001_20260601_20260729/v004c_model_table_v001.csv,0.0506155950752393,ARCHIVED_MODEL_TABLE_V001,reports/research/v004c_model_table_v001_20260601_20260729/v004c_model_table_v001.csv,0.0148698438730268,ARCHIVED_MODEL_TABLE_V001,reports/research/v004c_model_table_v001_20260601_20260729/v004c_model_table_v001.csv,0.0506155950752394,ARCHIVED_MODEL_TABLE_V001,reports/research/v004c_model_table_v001_20260601_20260729/v004c_model_table_v001.csv
002829_2026-07-13,002829,2026-07-13,2026-07,2026-07-10,2026-07-13,2026-07-14,2026-07-15,2026-07-15,BOARD2,6,0.4413349639626869,1,0,0,1,0,-0.0442105263158,-0.0442105263158,-0.0228898426323319,ARCHIVED_MODEL_TABLE_V001,reports/research/v004c_model_table_v001_20260601_20260729/v004c_model_table_v001.csv,0.0053974484789007,ARCHIVED_MODEL_TABLE_V001,reports/research/v004c_model_table_v001_20260601_20260729/v004c_model_table_v001.csv,0.0053988686476873,ARCHIVED_MODEL_TABLE_V001,reports/research/v004c_model_table_v001_20260601_20260729/v004c_model_table_v001.csv,0.0784210526315788,ARCHIVED_MODEL_TABLE_V001,reports/research/v004c_model_table_v001_20260601_20260729/v004c_model_table_v001.csv
002346_2026-07-13,002346,2026-07-13,2026-07,2026-07-10,2026-07-13,2026-07-14,2026-07-15,2026-07-15,BOARD2,6,0.43325100688997076,2,0,1,0,0,0.0417895771878,0.0417895771878,-0.0164489598451864,ARCHIVED_MODEL_TABLE_V001,reports/research/v004c_model_table_v001_20260601_20260729/v004c_model_table_v001.csv,-0.0522144522144523,ARCHIVED_MODEL_TABLE_V001,reports/research/v004c_model_table_v001_20260601_20260729/v004c_model_table_v001.csv,-0.0335421610791796,ARCHIVED_MODEL_TABLE_V001,reports/research/v004c_model_table_v001_20260601_20260729/v004c_model_table_v001.csv,0.0054401582591493,ARCHIVED_MODEL_TABLE_V001,reports/research/v004c_model_table_v001_20260601_20260729/v004c_model_table_v001.csv
000887_2026-07-13,000887,2026-07-13,2026-07,2026-07-10,2026-07-13,2026-07-14,2026-07-15,2026-07-15,BOARD2,6,0.42467848624888466,3,0,0,1,0,-0.0155466399198,-0.0155466399198,0.0005040322580645,ARCHIVED_MODEL_TABLE_V001,reports/research/v004c_model_table_v001_20260601_20260729/v004c_model_table_v001.csv,-0.0221674876847289,ARCHIVED_MODEL_TABLE_V001,reports/research/v004c_model_table_v001_20260601_20260729/v004c_model_table_v001.csv,-0.0162111988248134,ARCHIVED_MODEL_TABLE_V001,reports/research/v004c_model_table_v001_20260601_20260729/v004c_model_table_v001.csv,0.0096642929806714,ARCHIVED_MODEL_TABLE_V001,reports/research/v004c_model_table_v001_20260601_20260729/v004c_model_table_v001.csv
603898_2026-07-13,603898,2026-07-13,2026-07,2026-07-10,2026-07-13,2026-07-14,2026-07-15,2026-07-15,BOARD2,6,0.4155781545960791,4,0,0,1,0,-0.0357383681726,-0.0357383681726,-0.0490516677567037,ARCHIVED_MODEL_TABLE_V001,reports/research/v004c_model_table_v001_20260601_20260729/v004c_model_table_v001.csv,-0.0345285524568393,ARCHIVED_MODEL_TABLE_V001,reports/research/v004c_model_table_v001_20260601_20260729/v004c_model_table_v001.csv,-0.025472732811403,ARCHIVED_MODEL_TABLE_V001,reports/research/v004c_model_table_v001_20260601_20260729/v004c_model_table_v001.csv,0.021784961349262,ARCHIVED_MODEL_TABLE_V001,reports/research/v004c_model_table_v001_20260601_20260729/v004c_model_table_v001.csv
002414_2026-07-13,002414,2026-07-13,2026-07,2026-07-10,2026-07-13,2026-07-14,2026-07-15,2026-07-15,BOARD2,6,0.4117572928859945,5,0,0,1,0,-0.00145032632342,-0.00145032632342,-0.0007142857142856,ARCHIVED_MODEL_TABLE_V001,reports/research/v004c_model_table_v001_20260601_20260729/v004c_model_table_v001.csv,-0.0250871080139372,ARCHIVED_MODEL_TABLE_V001,reports/research/v004c_model_table_v001_20260601_20260729/v004c_model_table_v001.csv,-0.0032039615474155,ARCHIVED_MODEL_TABLE_V001,reports/research/v004c_model_table_v001_20260601_20260729/v004c_model_table_v001.csv,0.0226608187134503,ARCHIVED_MODEL_TABLE_V001,reports/research/v004c_model_table_v001_20260601_20260729/v004c_model_table_v001.csv
000892_2026-07-13,000892,2026-07-13,2026-07,2026-07-10,2026-07-13,2026-07-14,2026-07-15,2026-07-15,BOARD2,6,0.40703463215614316,6,0,0,1,1,-0.130864197531,-0.130864197531,-0.0099502487562188,ARCHIVED_MODEL_TABLE_V001,reports/research/v004c_model_table_v001_20260601_20260729/v004c_model_table_v001.csv,-0.0975056689342404,ARCHIVED_MODEL_TABLE_V001,reports/research/v004c_model_table_v001_20260601_20260729/v004c_model_table_v001.csv,-0.0540590948129098,ARCHIVED_MODEL_TABLE_V001,reports/research/v004c_model_table_v001_20260601_20260729/v004c_model_table_v001.csv,0.0153061224489796,ARCHIVED_MODEL_TABLE_V001,reports/research/v004c_model_table_v001_20260601_20260729/v004c_model_table_v001.csv
001395_2026-07-14,001395,2026-07-14,2026-07,2026-07-13,2026-07-14,2026-07-15,2026-07-16,2026-07-16,BOARD3,8,0.4317927555402513,1,1,0,0,0,0.133841886269,0.07,0.0033233632436024,ARCHIVED_MODEL_TABLE_V001,reports/research/v004c_model_table_v001_20260601_20260729/v004c_model_table_v001.csv,0.0063333333333333,ARCHIVED_MODEL_TABLE_V001,reports/research/v004c_model_table_v001_20260601_20260729/v004c_model_table_v001.csv,-0.0006028623583734,ARCHIVED_MODEL_TABLE_V001,reports/research/v004c_model_table_v001_20260601_20260729/v004c_model_table_v001.csv,0.0570728291316527,ARCHIVED_MODEL_TABLE_V001,reports/research/v004c_model_table_v001_20260601_20260729/v004c_model_table_v001.csv
003020_2026-07-14,003020,2026-07-14,2026-07,2026-07-13,2026-07-14,2026-07-15,2026-07-16,2026-07-16,BOARD3,8,0.4312745227249846,2,1,0,0,0,0.169871794872,0.07,-0.0253045923149015,ARCHIVED_MODEL_TABLE_V001,reports/research/v004c_model_table_v001_20260601_20260729/v004c_model_table_v001.csv,-0.0588235294117647,ARCHIVED_MODEL_TABLE_V001,reports/research/v004c_model_table_v001_20260601_20260729/v004c_model_table_v001.csv,-0.026324783874192,ARCHIVED_MODEL_TABLE_V001,reports/research/v004c_model_table_v001_20260601_20260729/v004c_model_table_v001.csv,0.0563737938039613,ARCHIVED_MODEL_TABLE_V001,reports/research/v004c_model_table_v001_20260601_20260729/v004c_model_table_v001.csv
600513_2026-07-14,600513,2026-07-14,2026-07,2026-07-13,2026-07-14,2026-07-15,2026-07-16,2026-07-16,BOARD2,8,0.42939183341355275,3,1,0,0,0,0.118304885227,0.07,0.0113507377979569,ARCHIVED_MODEL_TABLE_V001,reports/research/v004c_model_table_v001_20260601_20260729/v004c_model_table_v001.csv,0.0463887257780386,ARCHIVED_MODEL_TABLE_V001,reports/research/v004c_model_table_v001_20260601_20260729/v004c_model_table_v001.csv,0.026761434083002,ARCHIVED_MODEL_TABLE_V001,reports/research/v004c_model_table_v001_20260601_20260729/v004c_model_table_v001.csv,0.0793458509993942,ARCHIVED_MODEL_TABLE_V001,reports/research/v004c_model_table_v001_20260601_20260729/v004c_model_table_v001.csv
605090_2026-07-14,605090,2026-07-14,2026-07,2026-07-13,2026-07-14,2026-07-15,2026-07-16,2026-07-16,BOARD2,8,0.4292113547598905,4,0,1,0,0,0.0306334371755,0.0306334371755,0.0110341288170388,ARCHIVED_MODEL_TABLE_V001,reports/research/v004c_model_table_v001_20260601_20260729/v004c_model_table_v001.csv,-0.0390243902439024,ARCHIVED_MODEL_TABLE_V001,reports/research/v004c_model_table_v001_20260601_20260729/v004c_model_table_v001.csv,0.0032209016929105,ARCHIVED_MODEL_TABLE_V001,reports/research/v004c_model_table_v001_20260601_20260729/v004c_model_table_v001.csv,0.0287206266318538,ARCHIVED_MODEL_TABLE_V001,reports/research/v004c_model_table_v001_20260601_20260729/v004c_model_table_v001.csv
000920_2026-07-14,000920,2026-07-14,2026-07,2026-07-13,2026-07-14,2026-07-15,2026-07-16,2026-07-16,BOARD2,8,0.4182181340256746,5,0,1,0,0,0.0179856115108,0.0179856115108,0.0252600297176819,ARCHIVED_MODEL_TABLE_V001,reports/research/v004c_model_table_v001_20260601_20260729/v004c_model_table_v001.csv,0.0072992700729928,ARCHIVED_MODEL_TABLE_V001,reports/research/v004c_model_table_v001_20260601_20260729/v004c_model_table_v001.csv,0.0117559260154458,ARCHIVED_MODEL_TABLE_V001,reports/research/v004c_model_table_v001_20260601_20260729/v004c_model_table_v001.csv,0.0430839002267573,ARCHIVED_MODEL_TABLE_V001,reports/research/v004c_model_table_v001_20260601_20260729/v004c_model_table_v001.csv
600629_2026-07-14,600629,2026-07-14,2026-07,2026-07-13,2026-07-14,2026-07-15,2026-07-16,2026-07-16,BOARD2,8,0.41111634405376773,6,0,1,0,0,0.0292611558157,0.0292611558157,-0.0232717316906228,ARCHIVED_MODEL_TABLE_V001,reports/research/v004c_model_table_v001_20260601_20260729/v004c_model_table_v001.csv,-0.0117728531855955,ARCHIVED_MODEL_TABLE_V001,reports/research/v004c_model_table_v001_20260601_20260729/v004c_model_table_v001.csv,-0.0104076708588759,ARCHIVED_MODEL_TABLE_V001,reports/research/v004c_model_table_v001_20260601_20260729/v004c_model_table_v001.csv,0.0492647058823529,ARCHIVED_MODEL_TABLE_V001,reports/research/v004c_model_table_v001_20260601_20260729/v004c_model_table_v001.csv
601608_2026-07-14,601608,2026-07-14,2026-07,2026-07-13,2026-07-14,2026-07-15,2026-07-16,2026-07-16,BOARD2,8,0.4100292651683841,7,0,1,0,0,0.0224489795918,0.0224489795918,0.0280561122244489,ARCHIVED_MODEL_TABLE_V001,reports/research/v004c_model_table_v001_20260601_20260729/v004c_model_table_v001.csv,-0.0535055350553506,ARCHIVED_MODEL_TABLE_V001,reports/research/v004c_model_table_v001_20260601_20260729/v004c_model_table_v001.csv,0.0137613070717819,ARCHIVED_MODEL_TABLE_V001,reports/research/v004c_model_table_v001_20260601_20260729/v004c_model_table_v001.csv,0.0280561122244488,ARCHIVED_MODEL_TABLE_V001,reports/research/v004c_model_table_v001_20260601_20260729/v004c_model_table_v001.csv
600992_2026-07-14,600992,2026-07-14,2026-07,2026-07-13,2026-07-14,2026-07-15,2026-07-16,2026-07-16,BOARD3,8,0.4084957490120902,8,1,0,0,0,0.124513618677,0.07,-0.0103189493433395,ARCHIVED_MODEL_TABLE_V001,reports/research/v004c_model_table_v001_20260601_20260729/v004c_model_table_v001.csv,-0.073748902546093,ARCHIVED_MODEL_TABLE_V001,reports/research/v004c_model_table_v001_20260601_20260729/v004c_model_table_v001.csv,-0.0284513240221976,ARCHIVED_MODEL_TABLE_V001,reports/research/v004c_model_table_v001_20260601_20260729/v004c_model_table_v001.csv,0.0,ARCHIVED_MODEL_TABLE_V001,reports/research/v004c_model_table_v001_20260601_20260729/v004c_model_table_v001.csv
603065_2026-07-15,603065,2026-07-15,2026-07,2026-07-14,2026-07-15,2026-07-16,2026-07-17,2026-07-17,BOARD2,2,0.4321775202571565,1,0,0,1,1,-0.100157315155,-0.100157315155,0.0,ARCHIVED_MODEL_TABLE_V001,reports/research/v004c_model_table_v001_20260601_20260729/v004c_model_table_v001.csv,-0.0802951388888888,ARCHIVED_MODEL_TABLE_V001,reports/research/v004c_model_table_v001_20260601_20260729/v004c_model_table_v001.csv,-0.0324673612672895,ARCHIVED_MODEL_TABLE_V001,reports/research/v004c_model_table_v001_20260601_20260729/v004c_model_table_v001.csv,0.0,ARCHIVED_MODEL_TABLE_V001,reports/research/v004c_model_table_v001_20260601_20260729/v004c_model_table_v001.csv
002379_2026-07-15,002379,2026-07-15,2026-07,2026-07-14,2026-07-15,2026-07-16,2026-07-17,2026-07-17,BOARD2,2,0.4293765927853805,2,0,1,0,0,0.0368334249588,0.0368334249588,-0.0042689434364994,ARCHIVED_MODEL_TABLE_V001,reports/research/v004c_model_table_v001_20260601_20260729/v004c_model_table_v001.csv,0.0309392265193368,ARCHIVED_MODEL_TABLE_V001,reports/research/v004c_model_table_v001_20260601_20260729/v004c_model_table_v001.csv,0.0232634008614087,ARCHIVED_MODEL_TABLE_V001,reports/research/v004c_model_table_v001_20260601_20260729/v004c_model_table_v001.csv,0.0590238365493756,ARCHIVED_MODEL_TABLE_V001,reports/research/v004c_model_table_v001_20260601_20260729/v004c_model_table_v001.csv
001388_2026-07-16,001388,2026-07-16,2026-07,2026-07-15,2026-07-16,2026-07-17,2026-07-20,2026-07-20,BOARD3,12,0.4325453367386352,1,1,0,0,0,0.27990430622,0.07,0.0327117089575053,ARCHIVED_MODEL_TABLE_V001,reports/research/v004c_model_table_v001_20260601_20260729/v004c_model_table_v001.csv,-0.0067627168479857,ARCHIVED_MODEL_TABLE_V001,reports/research/v004c_model_table_v001_20260601_20260729/v004c_model_table_v001.csv,-0.0011089901492424,ARCHIVED_MODEL_TABLE_V001,reports/research/v004c_model_table_v001_20260601_20260729/v004c_model_table_v001.csv,0.0520087200249144,ARCHIVED_MODEL_TABLE_V001,reports/research/v004c_model_table_v001_20260601_20260729/v004c_model_table_v001.csv
605255_2026-07-16,605255,2026-07-16,2026-07,2026-07-15,2026-07-16,2026-07-17,2026-07-20,2026-07-20,BOARD2,12,0.431618392139539,2,0,0,1,1,-0.0986986213117,-0.0986986213117,-0.0719101123595505,ARCHIVED_MODEL_TABLE_V001,reports/research/v004c_model_table_v001_20260601_20260729/v004c_model_table_v001.csv,-0.0324290998766954,ARCHIVED_MODEL_TABLE_V001,reports/research/v004c_model_table_v001_20260601_20260729/v004c_model_table_v001.csv,-0.0243038592011799,ARCHIVED_MODEL_TABLE_V001,reports/research/v004c_model_table_v001_20260601_20260729/v004c_model_table_v001.csv,0.0,ARCHIVED_MODEL_TABLE_V001,reports/research/v004c_model_table_v001_20260601_20260729/v004c_model_table_v001.csv
605028_2026-07-16,605028,2026-07-16,2026-07,2026-07-15,2026-07-16,2026-07-17,2026-07-20,2026-07-20,BOARD2,12,0.4313450050739769,3,0,1,0,0,0.0193115029387,0.0193115029387,-0.0040849673202615,ARCHIVED_MODEL_TABLE_V001,reports/research/v004c_model_table_v001_20260601_20260729/v004c_model_table_v001.csv,-0.0336900515259611,ARCHIVED_MODEL_TABLE_V001,reports/research/v004c_model_table_v001_20260601_20260729/v004c_model_table_v001.csv,-0.0211737143260605,ARCHIVED_MODEL_TABLE_V001,reports/research/v004c_model_table_v001_20260601_20260729/v004c_model_table_v001.csv,0.0383304940374786,ARCHIVED_MODEL_TABLE_V001,reports/research/v004c_model_table_v001_20260601_20260729/v004c_model_table_v001.csv
002432_2026-07-16,002432,2026-07-16,2026-07,2026-07-15,2026-07-16,2026-07-17,2026-07-20,2026-07-20,BOARD2,12,0.42839040973031434,4,1,0,0,0,0.1,0.07,-0.0229339123354592,ARCHIVED_MODEL_TABLE_V001,reports/research/v004c_model_table_v001_20260601_20260729/v004c_model_table_v001.csv,0.0237452011943695,ARCHIVED_MODEL_TABLE_V001,reports/research/v004c_model_table_v001_20260601_20260729/v004c_model_table_v001.csv,-0.0002271415257666,ARCHIVED_MODEL_TABLE_V001,reports/research/v004c_model_table_v001_20260601_20260729/v004c_model_table_v001.csv,0.0510948905109489,ARCHIVED_MODEL_TABLE_V001,reports/research/v004c_model_table_v001_20260601_20260729/v004c_model_table_v001.csv
600746_2026-07-16,600746,2026-07-16,2026-07,2026-07-15,2026-07-16,2026-07-17,2026-07-20,2026-07-20,BOARD2,12,0.41941926198760915,5,1,0,0,0,0.0849673202614,0.07,0.0166112956810631,ARCHIVED_MODEL_TABLE_V001,reports/research/v004c_model_table_v001_20260601_20260729/v004c_model_table_v001.csv,-0.0176565008025683,ARCHIVED_MODEL_TABLE_V001,reports/research/v004c_model_table_v001_20260601_20260729/v004c_model_table_v001.csv,0.007391146907121,ARCHIVED_MODEL_TABLE_V001,reports/research/v004c_model_table_v001_20260601_20260729/v004c_model_table_v001.csv,0.0337837837837838,ARCHIVED_MODEL_TABLE_V001,reports/research/v004c_model_table_v001_20260601_20260729/v004c_model_table_v001.csv
605189_2026-07-16,605189,2026-07-16,2026-07,2026-07-15,2026-07-16,2026-07-17,2026-07-20,2026-07-20,BOARD2,12,0.41908147496967035,6,0,0,1,0,-0.0143790849673,-0.0143790849673,-0.0192666252330639,ARCHIVED_MODEL_TABLE_V001,reports/research/v004c_model_table_v001_20260601_20260729/v004c_model_table_v001.csv,0.0534045393858477,ARCHIVED_MODEL_TABLE_V001,reports/research/v004c_model_table_v001_20260601_20260729/v004c_model_table_v001.csv,0.000517828824706,ARCHIVED_MODEL_TABLE_V001,reports/research/v004c_model_table_v001_20260601_20260729/v004c_model_table_v001.csv,0.073469387755102,ARCHIVED_MODEL_TABLE_V001,reports/research/v004c_model_table_v001_20260601_20260729/v004c_model_table_v001.csv
002141_2026-07-16,002141,2026-07-16,2026-07,2026-07-15,2026-07-16,2026-07-17,2026-07-20,2026-07-20,BOARD2,12,0.41901147730735616,7,0,0,1,1,-0.0857142857143,-0.0857142857143,-0.0421393841166936,ARCHIVED_MODEL_TABLE_V001,reports/research/v004c_model_table_v001_20260601_20260729/v004c_model_table_v001.csv,0.0207253886010363,ARCHIVED_MODEL_TABLE_V001,reports/research/v004c_model_table_v001_20260601_20260729/v004c_model_table_v001.csv,-0.0174151454248439,ARCHIVED_MODEL_TABLE_V001,reports/research/v004c_model_table_v001_20260601_20260729/v004c_model_table_v001.csv,0.0648648648648649,ARCHIVED_MODEL_TABLE_V001,reports/research/v004c_model_table_v001_20260601_20260729/v004c_model_table_v001.csv
603137_2026-07-16,603137,2026-07-16,2026-07,2026-07-15,2026-07-16,2026-07-17,2026-07-20,2026-07-20,BOARD3,12,0.4174495806044538,8,1,0,0,0,0.100173310225,0.07,0.0,ARCHIVED_MODEL_TABLE_V001,reports/research/v004c_model_table_v001_20260601_20260729/v004c_model_table_v001.csv,0.0,ARCHIVED_MODEL_TABLE_V001,reports/research/v004c_model_table_v001_20260601_20260729/v004c_model_table_v001.csv,0.0,ARCHIVED_MODEL_TABLE_V001,reports/research/v004c_model_table_v001_20260601_20260729/v004c_model_table_v001.csv,0.0,ARCHIVED_MODEL_TABLE_V001,reports/research/v004c_model_table_v001_20260601_20260729/v004c_model_table_v001.csv
600403_2026-07-16,600403,2026-07-16,2026-07,2026-07-15,2026-07-16,2026-07-17,2026-07-20,2026-07-20,BOARD2,12,0.4158666094821772,9,0,1,0,0,0.0393700787402,0.0393700787402,-0.0223463687150837,ARCHIVED_MODEL_TABLE_V001,reports/research/v004c_model_table_v001_20260601_20260729/v004c_model_table_v001.csv,-0.0674955595026642,ARCHIVED_MODEL_TABLE_V001,reports/research/v004c_model_table_v001_20260601_20260729/v004c_model_table_v001.csv,-0.0469901206553159,ARCHIVED_MODEL_TABLE_V001,reports/research/v004c_model_table_v001_20260601_20260729/v004c_model_table_v001.csv,0.0057471264367816,ARCHIVED_MODEL_TABLE_V001,reports/research/v004c_model_table_v001_20260601_20260729/v004c_model_table_v001.csv
600829_2026-07-16,600829,2026-07-16,2026-07,2026-07-15,2026-07-16,2026-07-17,2026-07-20,2026-07-20,BOARD2,12,0.4150187422550197,10,0,0,1,1,-0.053125,-0.053125,-0.0009606147934677,ARCHIVED_MODEL_TABLE_V001,reports/research/v004c_model_table_v001_20260601_20260729/v004c_model_table_v001.csv,0.038961038961039,ARCHIVED_MODEL_TABLE_V001,reports/research/v004c_model_table_v001_20260601_20260729/v004c_model_table_v001.csv,0.0006497020924332,ARCHIVED_MODEL_TABLE_V001,reports/research/v004c_model_table_v001_20260601_20260729/v004c_model_table_v001.csv,0.038961038961039,ARCHIVED_MODEL_TABLE_V001,reports/research/v004c_model_table_v001_20260601_20260729/v004c_model_table_v001.csv
600844_2026-07-16,600844,2026-07-16,2026-07,2026-07-15,2026-07-16,2026-07-17,2026-07-20,2026-07-20,BOARD2,12,0.4117957132725769,11,0,1,0,0,0.0567375886525,0.0567375886525,0.0106761565836297,ARCHIVED_MODEL_TABLE_V001,reports/research/v004c_model_table_v001_20260601_20260729/v004c_model_table_v001.csv,-0.0718954248366013,ARCHIVED_MODEL_TABLE_V001,reports/research/v004c_model_table_v001_20260601_20260729/v004c_model_table_v001.csv,-0.0268492221267436,ARCHIVED_MODEL_TABLE_V001,reports/research/v004c_model_table_v001_20260601_20260729/v004c_model_table_v001.csv,0.0179211469534049,ARCHIVED_MODEL_TABLE_V001,reports/research/v004c_model_table_v001_20260601_20260729/v004c_model_table_v001.csv
600227_2026-07-16,600227,2026-07-16,2026-07,2026-07-15,2026-07-16,2026-07-17,2026-07-20,2026-07-20,BOARD2,12,0.3999495969798611,12,1,0,0,0,0.203571428571,0.07,-0.0211267605633802,ARCHIVED_MODEL_TABLE_V001,reports/research/v004c_model_table_v001_20260601_20260729/v004c_model_table_v001.csv,-0.0671140939597315,ARCHIVED_MODEL_TABLE_V001,reports/research/v004c_model_table_v001_20260601_20260729/v004c_model_table_v001.csv,-0.0443691512417818,ARCHIVED_MODEL_TABLE_V001,reports/research/v004c_model_table_v001_20260601_20260729/v004c_model_table_v001.csv,0.0,ARCHIVED_MODEL_TABLE_V001,reports/research/v004c_model_table_v001_20260601_20260729/v004c_model_table_v001.csv
002365_2026-07-17,002365,2026-07-17,2026-07,2026-07-16,2026-07-17,2026-07-20,2026-07-21,2026-07-21,BOARD2,5,0.4402000255767585,1,0,1,0,0,0.0580204778157,0.0580204778157,-0.004739336492891,ARCHIVED_MODEL_TABLE_V001,reports/research/v004c_model_table_v001_20260601_20260729/v004c_model_table_v001.csv,-0.0999999999999999,ARCHIVED_MODEL_TABLE_V001,reports/research/v004c_model_table_v001_20260601_20260729/v004c_model_table_v001.csv,-0.039522968096271,ARCHIVED_MODEL_TABLE_V001,reports/research/v004c_model_table_v001_20260601_20260729/v004c_model_table_v001.csv,0.0243902439024389,ARCHIVED_MODEL_TABLE_V001,reports/research/v004c_model_table_v001_20260601_20260729/v004c_model_table_v001.csv
002739_2026-07-17,002739,2026-07-17,2026-07,2026-07-16,2026-07-17,2026-07-20,2026-07-21,2026-07-21,BOARD2,5,0.4220323170969139,2,0,0,1,0,-0.00104275286757,-0.00104275286757,-0.0570093457943924,ARCHIVED_MODEL_TABLE_V001,reports/research/v004c_model_table_v001_20260601_20260729/v004c_model_table_v001.csv,-0.0818926296633303,ARCHIVED_MODEL_TABLE_V001,reports/research/v004c_model_table_v001_20260601_20260729/v004c_model_table_v001.csv,-0.0519052063506078,ARCHIVED_MODEL_TABLE_V001,reports/research/v004c_model_table_v001_20260601_20260729/v004c_model_table_v001.csv,0.0069860279441118,ARCHIVED_MODEL_TABLE_V001,reports/research/v004c_model_table_v001_20260601_20260729/v004c_model_table_v001.csv
600785_2026-07-17,600785,2026-07-17,2026-07,2026-07-16,2026-07-17,2026-07-20,2026-07-21,2026-07-21,BOARD2,5,0.4199549985850047,3,0,0,1,0,-0.0253623188406,-0.0253623188406,-0.0148911798396335,ARCHIVED_MODEL_TABLE_V001,reports/research/v004c_model_table_v001_20260601_20260729/v004c_model_table_v001.csv,-0.091869060190074,ARCHIVED_MODEL_TABLE_V001,reports/research/v004c_model_table_v001_20260601_20260729/v004c_model_table_v001.csv,-0.0573621313039643,ARCHIVED_MODEL_TABLE_V001,reports/research/v004c_model_table_v001_20260601_20260729/v004c_model_table_v001.csv,0.0117647058823529,ARCHIVED_MODEL_TABLE_V001,reports/research/v004c_model_table_v001_20260601_20260729/v004c_model_table_v001.csv
000504_2026-07-17,000504,2026-07-17,2026-07,2026-07-16,2026-07-17,2026-07-20,2026-07-21,2026-07-21,BOARD2,5,0.4175819750208767,4,0,0,1,0,-0.0404761904762,-0.0404761904762,-0.018369690011481,ARCHIVED_MODEL_TABLE_V001,reports/research/v004c_model_table_v001_20260601_20260729/v004c_model_table_v001.csv,-0.0696409140369965,ARCHIVED_MODEL_TABLE_V001,reports/research/v004c_model_table_v001_20260601_20260729/v004c_model_table_v001.csv,-0.0276239426494464,ARCHIVED_MODEL_TABLE_V001,reports/research/v004c_model_table_v001_20260601_20260729/v004c_model_table_v001.csv,0.0058823529411765,ARCHIVED_MODEL_TABLE_V001,reports/research/v004c_model_table_v001_20260601_20260729/v004c_model_table_v001.csv
000566_2026-07-17,000566,2026-07-17,2026-07,2026-07-16,2026-07-17,2026-07-20,2026-07-21,2026-07-21,BOARD2,5,0.4157443980913494,5,0,1,0,0,0.041394335512,0.041394335512,-0.0267175572519084,ARCHIVED_MODEL_TABLE_V001,reports/research/v004c_model_table_v001_20260601_20260729/v004c_model_table_v001.csv,-0.102112676056338,ARCHIVED_MODEL_TABLE_V001,reports/research/v004c_model_table_v001_20260601_20260729/v004c_model_table_v001.csv,-0.0722676847906508,ARCHIVED_MODEL_TABLE_V001,reports/research/v004c_model_table_v001_20260601_20260729/v004c_model_table_v001.csv,0.0,ARCHIVED_MODEL_TABLE_V001,reports/research/v004c_model_table_v001_20260601_20260729/v004c_model_table_v001.csv
002829_2026-07-20,002829,2026-07-20,2026-07,2026-07-17,2026-07-20,2026-07-21,2026-07-22,2026-07-22,BOARD2,6,0.43931554076016893,1,1,0,0,0,0.169099144439,0.07,-0.0195886385896181,ARCHIVED_MODEL_TABLE_V001,reports/research/v004c_model_table_v001_20260601_20260729/v004c_model_table_v001.csv,0.0004997501249375,ARCHIVED_MODEL_TABLE_V001,reports/research/v004c_model_table_v001_20260601_20260729/v004c_model_table_v001.csv,-0.0112590207464051,ARCHIVED_MODEL_TABLE_V001,reports/research/v004c_model_table_v001_20260601_20260729/v004c_model_table_v001.csv,0.049266247379455,ARCHIVED_MODEL_TABLE_V001,reports/research/v004c_model_table_v001_20260601_20260729/v004c_model_table_v001.csv
002632_2026-07-20,002632,2026-07-20,2026-07,2026-07-17,2026-07-20,2026-07-21,2026-07-22,2026-07-22,BOARD2,6,0.432431451935269,2,0,0,1,0,-0.0268065268065,-0.0268065268065,0.0,ARCHIVED_MODEL_TABLE_V001,reports/research/v004c_model_table_v001_20260601_20260729/v004c_model_table_v001.csv,0.0,ARCHIVED_MODEL_TABLE_V001,reports/research/v004c_model_table_v001_20260601_20260729/v004c_model_table_v001.csv,-0.0010370505222021,ARCHIVED_MODEL_TABLE_V001,reports/research/v004c_model_table_v001_20260601_20260729/v004c_model_table_v001.csv,0.0,ARCHIVED_MODEL_TABLE_V001,reports/research/v004c_model_table_v001_20260601_20260729/v004c_model_table_v001.csv
603567_2026-07-20,603567,2026-07-20,2026-07,2026-07-17,2026-07-20,2026-07-21,2026-07-22,2026-07-22,BOARD2,6,0.42155547262494114,3,1,0,0,0,0.122082585278,0.07,-0.0221088435374149,ARCHIVED_MODEL_TABLE_V001,reports/research/v004c_model_table_v001_20260601_20260729/v004c_model_table_v001.csv,0.0531135531135531,ARCHIVED_MODEL_TABLE_V001,reports/research/v004c_model_table_v001_20260601_20260729/v004c_model_table_v001.csv,0.0091973994919769,ARCHIVED_MODEL_TABLE_V001,reports/research/v004c_model_table_v001_20260601_20260729/v004c_model_table_v001.csv,0.0589318600368324,ARCHIVED_MODEL_TABLE_V001,reports/research/v004c_model_table_v001_20260601_20260729/v004c_model_table_v001.csv
000676_2026-07-20,000676,2026-07-20,2026-07,2026-07-17,2026-07-20,2026-07-21,2026-07-22,2026-07-22,BOARD3,6,0.4184968848299713,4,1,0,0,0,0.13679245283,0.07,-0.0124610591900311,ARCHIVED_MODEL_TABLE_V001,reports/research/v004c_model_table_v001_20260601_20260729/v004c_model_table_v001.csv,-0.03206106870229,ARCHIVED_MODEL_TABLE_V001,reports/research/v004c_model_table_v001_20260601_20260729/v004c_model_table_v001.csv,-0.0142303967113743,ARCHIVED_MODEL_TABLE_V001,reports/research/v004c_model_table_v001_20260601_20260729/v004c_model_table_v001.csv,0.0192926045016077,ARCHIVED_MODEL_TABLE_V001,reports/research/v004c_model_table_v001_20260601_20260729/v004c_model_table_v001.csv
002677_2026-07-20,002677,2026-07-20,2026-07,2026-07-17,2026-07-20,2026-07-21,2026-07-22,2026-07-22,BOARD3,6,0.4122928830936071,5,0,0,1,0,-0.0123266563945,-0.0123266563945,0.0,ARCHIVED_MODEL_TABLE_V001,reports/research/v004c_model_table_v001_20260601_20260729/v004c_model_table_v001.csv,-0.1268292682926828,ARCHIVED_MODEL_TABLE_V001,reports/research/v004c_model_table_v001_20260601_20260729/v004c_model_table_v001.csv,-0.0386848251690106,ARCHIVED_MODEL_TABLE_V001,reports/research/v004c_model_table_v001_20260601_20260729/v004c_model_table_v001.csv,0.0,ARCHIVED_MODEL_TABLE_V001,reports/research/v004c_model_table_v001_20260601_20260729/v004c_model_table_v001.csv
600162_2026-07-20,600162,2026-07-20,2026-07,2026-07-17,2026-07-20,2026-07-21,2026-07-22,2026-07-22,BOARD3,6,0.40947732271502785,6,1,0,0,0,0.0739299610895,0.07,-0.0350877192982456,ARCHIVED_MODEL_TABLE_V001,reports/research/v004c_model_table_v001_20260601_20260729/v004c_model_table_v001.csv,-0.003623188405797,ARCHIVED_MODEL_TABLE_V001,reports/research/v004c_model_table_v001_20260601_20260729/v004c_model_table_v001.csv,-0.0282859934076198,ARCHIVED_MODEL_TABLE_V001,reports/research/v004c_model_table_v001_20260601_20260729/v004c_model_table_v001.csv,0.0,ARCHIVED_MODEL_TABLE_V001,reports/research/v004c_model_table_v001_20260601_20260729/v004c_model_table_v001.csv
600236_2026-07-21,600236,2026-07-21,2026-07,2026-07-20,2026-07-21,2026-07-22,2026-07-23,2026-07-23,BOARD2,7,0.4361995018362323,1,1,0,0,0,0.133209990749,0.07,0.0255241567912487,ARCHIVED_MODEL_TABLE_V001,reports/research/v004c_model_table_v001_20260601_20260729/v004c_model_table_v001.csv,-0.0368150684931506,ARCHIVED_MODEL_TABLE_V001,reports/research/v004c_model_table_v001_20260601_20260729/v004c_model_table_v001.csv,0.0112033663237458,ARCHIVED_MODEL_TABLE_V001,reports/research/v004c_model_table_v001_20260601_20260729/v004c_model_table_v001.csv,0.056338028169014,ARCHIVED_MODEL_TABLE_V001,reports/research/v004c_model_table_v001_20260601_20260729/v004c_model_table_v001.csv
000722_2026-07-21,000722,2026-07-21,2026-07,2026-07-20,2026-07-21,2026-07-22,2026-07-23,2026-07-23,BOARD2,7,0.43542747669887116,2,1,0,0,0,0.0816473988439,0.07,0.0287150035893755,ARCHIVED_MODEL_TABLE_V001,reports/research/v004c_model_table_v001_20260601_20260729/v004c_model_table_v001.csv,-0.0205058099794942,ARCHIVED_MODEL_TABLE_V001,reports/research/v004c_model_table_v001_20260601_20260729/v004c_model_table_v001.csv,0.0138315672896009,ARCHIVED_MODEL_TABLE_V001,reports/research/v004c_model_table_v001_20260601_20260729/v004c_model_table_v001.csv,0.0467494521548576,ARCHIVED_MODEL_TABLE_V001,reports/research/v004c_model_table_v001_20260601_20260729/v004c_model_table_v001.csv
600644_2026-07-21,600644,2026-07-21,2026-07,2026-07-20,2026-07-21,2026-07-22,2026-07-23,2026-07-23,BOARD2,7,0.4242605918983089,3,1,0,0,0,0.236559139785,0.07,0.0233545647558386,ARCHIVED_MODEL_TABLE_V001,reports/research/v004c_model_table_v001_20260601_20260729/v004c_model_table_v001.csv,-0.0213197969543146,ARCHIVED_MODEL_TABLE_V001,reports/research/v004c_model_table_v001_20260601_20260729/v004c_model_table_v001.csv,0.0152705533205468,ARCHIVED_MODEL_TABLE_V001,reports/research/v004c_model_table_v001_20260601_20260729/v004c_model_table_v001.csv,0.0807174887892377,ARCHIVED_MODEL_TABLE_V001,reports/research/v004c_model_table_v001_20260601_20260729/v004c_model_table_v001.csv
000899_2026-07-21,000899,2026-07-21,2026-07,2026-07-20,2026-07-21,2026-07-22,2026-07-23,2026-07-23,BOARD2,7,0.4228929544434212,4,1,0,0,0,0.0845070422535,0.07,0.014692378328742,ARCHIVED_MODEL_TABLE_V001,reports/research/v004c_model_table_v001_20260601_20260729/v004c_model_table_v001.csv,-0.0062949640287768,ARCHIVED_MODEL_TABLE_V001,reports/research/v004c_model_table_v001_20260601_20260729/v004c_model_table_v001.csv,0.0104664210940514,ARCHIVED_MODEL_TABLE_V001,reports/research/v004c_model_table_v001_20260601_20260729/v004c_model_table_v001.csv,0.0424528301886793,ARCHIVED_MODEL_TABLE_V001,reports/research/v004c_model_table_v001_20260601_20260729/v004c_model_table_v001.csv
000037_2026-07-21,000037,2026-07-21,2026-07,2026-07-20,2026-07-21,2026-07-22,2026-07-23,2026-07-23,BOARD2,7,0.4218195311209784,5,1,0,0,0,0.143162393162,0.07,0.017989417989418,ARCHIVED_MODEL_TABLE_V001,reports/research/v004c_model_table_v001_20260601_20260729/v004c_model_table_v001.csv,-0.0183673469387756,ARCHIVED_MODEL_TABLE_V001,reports/research/v004c_model_table_v001_20260601_20260729/v004c_model_table_v001.csv,0.0200507749445861,ARCHIVED_MODEL_TABLE_V001,reports/research/v004c_model_table_v001_20260601_20260729/v004c_model_table_v001.csv,0.0559824368825466,ARCHIVED_MODEL_TABLE_V001,reports/research/v004c_model_table_v001_20260601_20260729/v004c_model_table_v001.csv
600722_2026-07-21,600722,2026-07-21,2026-07,2026-07-20,2026-07-21,2026-07-22,2026-07-23,2026-07-23,BOARD2,7,0.41594362451979994,6,1,0,0,0,0.242873432155,0.07,0.025028441410694,ARCHIVED_MODEL_TABLE_V001,reports/research/v004c_model_table_v001_20260601_20260729/v004c_model_table_v001.csv,-0.0575313807531381,ARCHIVED_MODEL_TABLE_V001,reports/research/v004c_model_table_v001_20260601_20260729/v004c_model_table_v001.csv,0.0293401014429066,ARCHIVED_MODEL_TABLE_V001,reports/research/v004c_model_table_v001_20260601_20260729/v004c_model_table_v001.csv,0.0675355450236967,ARCHIVED_MODEL_TABLE_V001,reports/research/v004c_model_table_v001_20260601_20260729/v004c_model_table_v001.csv
600227_2026-07-21,600227,2026-07-21,2026-07,2026-07-20,2026-07-21,2026-07-22,2026-07-23,2026-07-23,BOARD2,7,0.395167597602879,7,1,0,0,0,0.235714285714,0.07,0.0,ARCHIVED_MODEL_TABLE_V001,reports/research/v004c_model_table_v001_20260601_20260729/v004c_model_table_v001.csv,-0.0319488817891374,ARCHIVED_MODEL_TABLE_V001,reports/research/v004c_model_table_v001_20260601_20260729/v004c_model_table_v001.csv,-0.0055912452188288,ARCHIVED_MODEL_TABLE_V001,reports/research/v004c_model_table_v001_20260601_20260729/v004c_model_table_v001.csv,0.0,ARCHIVED_MODEL_TABLE_V001,reports/research/v004c_model_table_v001_20260601_20260729/v004c_model_table_v001.csv
002036_2026-07-22,002036,2026-07-22,2026-07,2026-07-21,2026-07-22,2026-07-30,2026-07-31,2026-07-31,BOARD2,2,0.4432724644393939,1,0,0,1,0,-0.0206896551724,-0.0206896551724,0.01118881118881121,EXISTING_MINUTE_FEATURE_FORMULA_RECONSTRUCTION,data/cache/minute_5m/002036_5min.pkl,-0.03342245989304815,EXISTING_MINUTE_FEATURE_FORMULA_RECONSTRUCTION,data/cache/minute_5m/002036_5min.pkl,0.005821499571965205,EXISTING_MINUTE_FEATURE_FORMULA_RECONSTRUCTION,data/cache/minute_5m/002036_5min.pkl,0.04782608695652175,EXISTING_MINUTE_FEATURE_FORMULA_RECONSTRUCTION,data/cache/minute_5m/002036_5min.pkl
000889_2026-07-22,000889,2026-07-22,2026-07,2026-07-21,2026-07-22,2026-07-23,2026-07-24,2026-07-24,BOARD2,2,0.41836808691617183,2,0,0,1,0,-0.0283505154639,-0.0283505154639,0.0025125628140703,ARCHIVED_MODEL_TABLE_V001,reports/research/v004c_model_table_v001_20260601_20260729/v004c_model_table_v001.csv,-0.0408653846153845,ARCHIVED_MODEL_TABLE_V001,reports/research/v004c_model_table_v001_20260601_20260729/v004c_model_table_v001.csv,0.0011370761037292,ARCHIVED_MODEL_TABLE_V001,reports/research/v004c_model_table_v001_20260601_20260729/v004c_model_table_v001.csv,0.0555555555555556,ARCHIVED_MODEL_TABLE_V001,reports/research/v004c_model_table_v001_20260601_20260729/v004c_model_table_v001.csv
603629_2026-07-23,603629,2026-07-23,2026-07,2026-07-22,2026-07-23,2026-07-24,2026-07-27,2026-07-27,BOARD2,4,0.43617758495124365,1,0,1,0,0,0.0350877192982,0.0350877192982,-0.0109818062612685,ARCHIVED_MODEL_TABLE_V001,reports/research/v004c_model_table_v001_20260601_20260729/v004c_model_table_v001.csv,-0.0371788734641773,ARCHIVED_MODEL_TABLE_V001,reports/research/v004c_model_table_v001_20260601_20260729/v004c_model_table_v001.csv,-0.0377514336036053,ARCHIVED_MODEL_TABLE_V001,reports/research/v004c_model_table_v001_20260601_20260729/v004c_model_table_v001.csv,0.0113131651722115,ARCHIVED_MODEL_TABLE_V001,reports/research/v004c_model_table_v001_20260601_20260729/v004c_model_table_v001.csv
603407_2026-07-23,603407,2026-07-23,2026-07,2026-07-22,2026-07-23,2026-07-24,2026-07-27,2026-07-27,BOARD2,4,0.43268910774630387,2,0,1,0,0,0.0290171083529,0.0290171083529,-0.010358688930117488,EXISTING_MINUTE_FEATURE_FORMULA_RECONSTRUCTION,data/cache/minute_5m/603407_5min.pkl,-0.03015151515151504,EXISTING_MINUTE_FEATURE_FORMULA_RECONSTRUCTION,data/cache/minute_5m/603407_5min.pkl,-0.020907080567978742,EXISTING_MINUTE_FEATURE_FORMULA_RECONSTRUCTION,data/cache/minute_5m/603407_5min.pkl,0.031920038690956054,EXISTING_MINUTE_FEATURE_FORMULA_RECONSTRUCTION,data/cache/minute_5m/603407_5min.pkl
002213_2026-07-23,002213,2026-07-23,2026-07,2026-07-22,2026-07-23,2026-07-24,2026-07-27,2026-07-27,BOARD2,4,0.4191631044603187,3,0,1,0,0,0.0235640648012,0.0235640648012,0.0010768126346016,ARCHIVED_MODEL_TABLE_V001,reports/research/v004c_model_table_v001_20260601_20260729/v004c_model_table_v001.csv,-0.0021466905187834,ARCHIVED_MODEL_TABLE_V001,reports/research/v004c_model_table_v001_20260601_20260729/v004c_model_table_v001.csv,0.0013829675491656,ARCHIVED_MODEL_TABLE_V001,reports/research/v004c_model_table_v001_20260601_20260729/v004c_model_table_v001.csv,0.0360326894502228,ARCHIVED_MODEL_TABLE_V001,reports/research/v004c_model_table_v001_20260601_20260729/v004c_model_table_v001.csv
603118_2026-07-23,603118,2026-07-23,2026-07,2026-07-22,2026-07-23,2026-07-24,2026-07-27,2026-07-27,BOARD2,4,0.4095527093896045,4,0,1,0,0,0.064126984127,0.064126984127,0.0152905198776758,ARCHIVED_MODEL_TABLE_V001,reports/research/v004c_model_table_v001_20260601_20260729/v004c_model_table_v001.csv,-0.0269636576787806,ARCHIVED_MODEL_TABLE_V001,reports/research/v004c_model_table_v001_20260601_20260729/v004c_model_table_v001.csv,-0.0097711268106607,ARCHIVED_MODEL_TABLE_V001,reports/research/v004c_model_table_v001_20260601_20260729/v004c_model_table_v001.csv,0.0375,ARCHIVED_MODEL_TABLE_V001,reports/research/v004c_model_table_v001_20260601_20260729/v004c_model_table_v001.csv
000603_2026-07-24,000603,2026-07-24,2026-07,2026-07-23,2026-07-24,2026-07-27,2026-07-28,2026-07-28,BOARD3,9,0.4345116405903855,1,0,0,1,0,-0.0238663484487,-0.0238663484487,0.0085400569337128,ARCHIVED_MODEL_TABLE_V001,reports/research/v004c_model_table_v001_20260601_20260729/v004c_model_table_v001.csv,0.0337640683618174,ARCHIVED_MODEL_TABLE_V001,reports/research/v004c_model_table_v001_20260601_20260729/v004c_model_table_v001.csv,0.0040642436458522,ARCHIVED_MODEL_TABLE_V001,reports/research/v004c_model_table_v001_20260601_20260729/v004c_model_table_v001.csv,0.0504023718763236,ARCHIVED_MODEL_TABLE_V001,reports/research/v004c_model_table_v001_20260601_20260729/v004c_model_table_v001.csv
603619_2026-07-24,603619,2026-07-24,2026-07,2026-07-23,2026-07-24,2026-07-27,2026-07-28,2026-07-28,BOARD2,9,0.4311956073020313,2,0,1,0,0,0.0430739109153,0.0430739109153,-0.0584819576939029,ARCHIVED_MODEL_TABLE_V001,reports/research/v004c_model_table_v001_20260601_20260729/v004c_model_table_v001.csv,-0.1105015673981191,ARCHIVED_MODEL_TABLE_V001,reports/research/v004c_model_table_v001_20260601_20260729/v004c_model_table_v001.csv,-0.0483223789607168,ARCHIVED_MODEL_TABLE_V001,reports/research/v004c_model_table_v001_20260601_20260729/v004c_model_table_v001.csv,0.0008818342151675,ARCHIVED_MODEL_TABLE_V001,reports/research/v004c_model_table_v001_20260601_20260729/v004c_model_table_v001.csv
600722_2026-07-24,600722,2026-07-24,2026-07,2026-07-23,2026-07-24,2026-07-27,2026-07-28,2026-07-28,BOARD2,9,0.42677856130752406,3,0,0,1,1,-0.10009718173,-0.10009718173,-0.0146551724137931,ARCHIVED_MODEL_TABLE_V001,reports/research/v004c_model_table_v001_20260601_20260729/v004c_model_table_v001.csv,0.0196253345227475,ARCHIVED_MODEL_TABLE_V001,reports/research/v004c_model_table_v001_20260601_20260729/v004c_model_table_v001.csv,0.0106782126620434,ARCHIVED_MODEL_TABLE_V001,reports/research/v004c_model_table_v001_20260601_20260729/v004c_model_table_v001.csv,0.0783018867924528,ARCHIVED_MODEL_TABLE_V001,reports/research/v004c_model_table_v001_20260601_20260729/v004c_model_table_v001.csv
605162_2026-07-24,605162,2026-07-24,2026-07,2026-07-23,2026-07-24,2026-07-27,2026-07-28,2026-07-28,BOARD2,9,0.42303967540179055,4,1,0,0,0,0.186375321337,0.07,-0.020408163265306,ARCHIVED_MODEL_TABLE_V001,reports/research/v004c_model_table_v001_20260601_20260729/v004c_model_table_v001.csv,-0.0011560693641617,ARCHIVED_MODEL_TABLE_V001,reports/research/v004c_model_table_v001_20260601_20260729/v004c_model_table_v001.csv,0.0091181205955523,ARCHIVED_MODEL_TABLE_V001,reports/research/v004c_model_table_v001_20260601_20260729/v004c_model_table_v001.csv,0.0732919254658384,ARCHIVED_MODEL_TABLE_V001,reports/research/v004c_model_table_v001_20260601_20260729/v004c_model_table_v001.csv
600396_2026-07-24,600396,2026-07-24,2026-07,2026-07-23,2026-07-24,2026-07-27,2026-07-28,2026-07-28,BOARD2,9,0.41983982124695074,5,1,0,0,0,0.229285714286,0.07,-0.0532051282051282,ARCHIVED_MODEL_TABLE_V001,reports/research/v004c_model_table_v001_20260601_20260729/v004c_model_table_v001.csv,-0.0722361809045226,ARCHIVED_MODEL_TABLE_V001,reports/research/v004c_model_table_v001_20260601_20260729/v004c_model_table_v001.csv,-0.0451814832529585,ARCHIVED_MODEL_TABLE_V001,reports/research/v004c_model_table_v001_20260601_20260729/v004c_model_table_v001.csv,0.0,ARCHIVED_MODEL_TABLE_V001,reports/research/v004c_model_table_v001_20260601_20260729/v004c_model_table_v001.csv
002900_2026-07-24,002900,2026-07-24,2026-07,2026-07-23,2026-07-24,2026-07-27,2026-07-28,2026-07-28,BOARD2,9,0.4187678738565275,6,1,0,0,0,0.250919117647,0.07,-0.0347163420829805,ARCHIVED_MODEL_TABLE_V001,reports/research/v004c_model_table_v001_20260601_20260729/v004c_model_table_v001.csv,-0.0578512396694214,ARCHIVED_MODEL_TABLE_V001,reports/research/v004c_model_table_v001_20260601_20260729/v004c_model_table_v001.csv,-0.0170103635102648,ARCHIVED_MODEL_TABLE_V001,reports/research/v004c_model_table_v001_20260601_20260729/v004c_model_table_v001.csv,0.0187667560321716,ARCHIVED_MODEL_TABLE_V001,reports/research/v004c_model_table_v001_20260601_20260729/v004c_model_table_v001.csv
603988_2026-07-24,603988,2026-07-24,2026-07,2026-07-23,2026-07-24,2026-07-27,2026-07-28,2026-07-28,BOARD2,9,0.4155980778831024,7,1,0,0,0,0.173469387755,0.07,-0.0132370637785801,ARCHIVED_MODEL_TABLE_V001,reports/research/v004c_model_table_v001_20260601_20260729/v004c_model_table_v001.csv,-0.0639269406392695,ARCHIVED_MODEL_TABLE_V001,reports/research/v004c_model_table_v001_20260601_20260729/v004c_model_table_v001.csv,-0.0391786579672315,ARCHIVED_MODEL_TABLE_V001,reports/research/v004c_model_table_v001_20260601_20260729/v004c_model_table_v001.csv,0.0042865890998163,ARCHIVED_MODEL_TABLE_V001,reports/research/v004c_model_table_v001_20260601_20260729/v004c_model_table_v001.csv
002412_2026-07-24,002412,2026-07-24,2026-07,2026-07-23,2026-07-24,2026-07-27,2026-07-28,2026-07-28,BOARD2,9,0.41408354973667083,8,1,0,0,0,0.0734870317003,0.07,-0.0658761528326745,ARCHIVED_MODEL_TABLE_V001,reports/research/v004c_model_table_v001_20260601_20260729/v004c_model_table_v001.csv,-0.126847290640394,ARCHIVED_MODEL_TABLE_V001,reports/research/v004c_model_table_v001_20260601_20260729/v004c_model_table_v001.csv,-0.0785185767375092,ARCHIVED_MODEL_TABLE_V001,reports/research/v004c_model_table_v001_20260601_20260729/v004c_model_table_v001.csv,0.0143061516452073,ARCHIVED_MODEL_TABLE_V001,reports/research/v004c_model_table_v001_20260601_20260729/v004c_model_table_v001.csv
002197_2026-07-24,002197,2026-07-24,2026-07,2026-07-23,2026-07-24,2026-07-27,2026-07-28,2026-07-28,BOARD3,9,0.4036716327649556,9,0,1,0,0,0.0458015267176,0.0458015267176,0.0,ARCHIVED_MODEL_TABLE_V001,reports/research/v004c_model_table_v001_20260601_20260729/v004c_model_table_v001.csv,-0.0363128491620111,ARCHIVED_MODEL_TABLE_V001,reports/research/v004c_model_table_v001_20260601_20260729/v004c_model_table_v001.csv,-0.0229973220638419,ARCHIVED_MODEL_TABLE_V001,reports/research/v004c_model_table_v001_20260601_20260729/v004c_model_table_v001.csv,0.0,ARCHIVED_MODEL_TABLE_V001,reports/research/v004c_model_table_v001_20260601_20260729/v004c_model_table_v001.csv
000668_2026-07-27,000668,2026-07-27,2026-07,2026-07-24,2026-07-27,2026-07-28,2026-07-29,2026-07-29,BOARD2,13,0.43348309582819794,1,1,0,0,0,0.0712401055409,0.07,-0.0109204368174727,ARCHIVED_MODEL_TABLE_V001,reports/research/v004c_model_table_v001_20260601_20260729/v004c_model_table_v001.csv,0.0764006791171476,ARCHIVED_MODEL_TABLE_V001,reports/research/v004c_model_table_v001_20260601_20260729/v004c_model_table_v001.csv,0.0150443029754436,ARCHIVED_MODEL_TABLE_V001,reports/research/v004c_model_table_v001_20260601_20260729/v004c_model_table_v001.csv,0.1116306253652834,ARCHIVED_MODEL_TABLE_V001,reports/research/v004c_model_table_v001_20260601_20260729/v004c_model_table_v001.csv
002298_2026-07-27,002298,2026-07-27,2026-07,2026-07-24,2026-07-27,2026-07-28,2026-07-29,2026-07-29,BOARD2,13,0.4327956930031642,2,0,1,0,0,0.0566265060241,0.0566265060241,0.0,ARCHIVED_MODEL_TABLE_V001,reports/research/v004c_model_table_v001_20260601_20260729/v004c_model_table_v001.csv,0.0536159600997505,ARCHIVED_MODEL_TABLE_V001,reports/research/v004c_model_table_v001_20260601_20260729/v004c_model_table_v001.csv,0.0213174207058912,ARCHIVED_MODEL_TABLE_V001,reports/research/v004c_model_table_v001_20260601_20260729/v004c_model_table_v001.csv,0.1118421052631578,ARCHIVED_MODEL_TABLE_V001,reports/research/v004c_model_table_v001_20260601_20260729/v004c_model_table_v001.csv
002199_2026-07-27,002199,2026-07-27,2026-07,2026-07-24,2026-07-27,2026-07-28,2026-07-29,2026-07-29,BOARD2,13,0.4284523160388367,3,1,0,0,0,0.249067164179,0.07,0.0054545454545456,ARCHIVED_MODEL_TABLE_V001,reports/research/v004c_model_table_v001_20260601_20260729/v004c_model_table_v001.csv,-0.0627118644067796,ARCHIVED_MODEL_TABLE_V001,reports/research/v004c_model_table_v001_20260601_20260729/v004c_model_table_v001.csv,-0.0044635962103336,ARCHIVED_MODEL_TABLE_V001,reports/research/v004c_model_table_v001_20260601_20260729/v004c_model_table_v001.csv,0.0414312617702449,ARCHIVED_MODEL_TABLE_V001,reports/research/v004c_model_table_v001_20260601_20260729/v004c_model_table_v001.csv
003001_2026-07-27,003001,2026-07-27,2026-07,2026-07-24,2026-07-27,2026-07-28,2026-07-29,2026-07-29,BOARD2,13,0.42647264699302084,4,0,1,0,0,0.0119791666667,0.0119791666667,0.0299212598425198,ARCHIVED_MODEL_TABLE_V001,reports/research/v004c_model_table_v001_20260601_20260729/v004c_model_table_v001.csv,-0.0238805970149253,ARCHIVED_MODEL_TABLE_V001,reports/research/v004c_model_table_v001_20260601_20260729/v004c_model_table_v001.csv,0.0249542943407816,ARCHIVED_MODEL_TABLE_V001,reports/research/v004c_model_table_v001_20260601_20260729/v004c_model_table_v001.csv,0.0692098092643051,ARCHIVED_MODEL_TABLE_V001,reports/research/v004c_model_table_v001_20260601_20260729/v004c_model_table_v001.csv
002300_2026-07-27,002300,2026-07-27,2026-07,2026-07-24,2026-07-27,2026-07-28,2026-07-29,2026-07-29,BOARD2,13,0.42622951655614044,5,0,1,0,0,0.0109289617486,0.0109289617486,0.013586956521739,ARCHIVED_MODEL_TABLE_V001,reports/research/v004c_model_table_v001_20260601_20260729/v004c_model_table_v001.csv,0.0718390804597701,ARCHIVED_MODEL_TABLE_V001,reports/research/v004c_model_table_v001_20260601_20260729/v004c_model_table_v001.csv,0.0104215056108758,ARCHIVED_MODEL_TABLE_V001,reports/research/v004c_model_table_v001_20260601_20260729/v004c_model_table_v001.csv,0.0954478707782673,ARCHIVED_MODEL_TABLE_V001,reports/research/v004c_model_table_v001_20260601_20260729/v004c_model_table_v001.csv
002083_2026-07-27,002083,2026-07-27,2026-07,2026-07-24,2026-07-27,2026-07-28,2026-07-29,2026-07-29,BOARD2,13,0.4227108891224916,6,0,1,0,0,0.00677966101695,0.00677966101695,-0.0033222591362125,ARCHIVED_MODEL_TABLE_V001,reports/research/v004c_model_table_v001_20260601_20260729/v004c_model_table_v001.csv,-0.0415335463258785,ARCHIVED_MODEL_TABLE_V001,reports/research/v004c_model_table_v001_20260601_20260729/v004c_model_table_v001.csv,-0.0083886492798848,ARCHIVED_MODEL_TABLE_V001,reports/research/v004c_model_table_v001_20260601_20260729/v004c_model_table_v001.csv,0.075268817204301,ARCHIVED_MODEL_TABLE_V001,reports/research/v004c_model_table_v001_20260601_20260729/v004c_model_table_v001.csv
002498_2026-07-27,002498,2026-07-27,2026-07,2026-07-24,2026-07-27,2026-07-28,2026-07-29,2026-07-29,BOARD2,13,0.42074233588114873,7,0,1,0,0,0.0636094674556,0.0636094674556,0.0,ARCHIVED_MODEL_TABLE_V001,reports/research/v004c_model_table_v001_20260601_20260729/v004c_model_table_v001.csv,0.1024844720496893,ARCHIVED_MODEL_TABLE_V001,reports/research/v004c_model_table_v001_20260601_20260729/v004c_model_table_v001.csv,0.0428772855751233,ARCHIVED_MODEL_TABLE_V001,reports/research/v004c_model_table_v001_20260601_20260729/v004c_model_table_v001.csv,0.1359999999999999,ARCHIVED_MODEL_TABLE_V001,reports/research/v004c_model_table_v001_20260601_20260729/v004c_model_table_v001.csv
600698_2026-07-27,600698,2026-07-27,2026-07,2026-07-24,2026-07-27,2026-07-28,2026-07-29,2026-07-29,BOARD2,13,0.4203044231215387,8,0,0,1,0,-0.0221893491124,-0.0221893491124,0.0260869565217389,ARCHIVED_MODEL_TABLE_V001,reports/research/v004c_model_table_v001_20260601_20260729/v004c_model_table_v001.csv,0.0892307692307692,ARCHIVED_MODEL_TABLE_V001,reports/research/v004c_model_table_v001_20260601_20260729/v004c_model_table_v001.csv,0.0283665590839741,ARCHIVED_MODEL_TABLE_V001,reports/research/v004c_model_table_v001_20260601_20260729/v004c_model_table_v001.csv,0.109717868338558,ARCHIVED_MODEL_TABLE_V001,reports/research/v004c_model_table_v001_20260601_20260729/v004c_model_table_v001.csv
000011_2026-07-27,000011,2026-07-27,2026-07,2026-07-24,2026-07-27,2026-07-28,2026-07-29,2026-07-29,BOARD2,13,0.4172683885007752,9,0,0,1,0,-0.0277777777778,-0.0277777777778,-0.1034103410341034,ARCHIVED_MODEL_TABLE_V001,reports/research/v004c_model_table_v001_20260601_20260729/v004c_model_table_v001.csv,-0.0286054827175208,ARCHIVED_MODEL_TABLE_V001,reports/research/v004c_model_table_v001_20260601_20260729/v004c_model_table_v001.csv,-0.0668236788513856,ARCHIVED_MODEL_TABLE_V001,reports/research/v004c_model_table_v001_20260601_20260729/v004c_model_table_v001.csv,0.0303413400758533,ARCHIVED_MODEL_TABLE_V001,reports/research/v004c_model_table_v001_20260601_20260729/v004c_model_table_v001.csv
002218_2026-07-27,002218,2026-07-27,2026-07,2026-07-24,2026-07-27,2026-07-28,2026-07-29,2026-07-29,BOARD2,13,0.4150738730228471,10,0,0,1,0,-0.00970873786408,-0.00970873786408,0.0216867469879518,ARCHIVED_MODEL_TABLE_V001,reports/research/v004c_model_table_v001_20260601_20260729/v004c_model_table_v001.csv,0.0927835051546392,ARCHIVED_MODEL_TABLE_V001,reports/research/v004c_model_table_v001_20260601_20260729/v004c_model_table_v001.csv,0.0231813741023119,ARCHIVED_MODEL_TABLE_V001,reports/research/v004c_model_table_v001_20260601_20260729/v004c_model_table_v001.csv,0.1012987012987013,ARCHIVED_MODEL_TABLE_V001,reports/research/v004c_model_table_v001_20260601_20260729/v004c_model_table_v001.csv
000595_2026-07-27,000595,2026-07-27,2026-07,2026-07-24,2026-07-27,2026-07-28,2026-07-29,2026-07-29,BOARD3,13,0.4132859711620027,11,0,0,1,1,-0.0719178082192,-0.0719178082192,0.0068493150684931,ARCHIVED_MODEL_TABLE_V001,reports/research/v004c_model_table_v001_20260601_20260729/v004c_model_table_v001.csv,0.0769230769230768,ARCHIVED_MODEL_TABLE_V001,reports/research/v004c_model_table_v001_20260601_20260729/v004c_model_table_v001.csv,0.0068623167355637,ARCHIVED_MODEL_TABLE_V001,reports/research/v004c_model_table_v001_20260601_20260729/v004c_model_table_v001.csv,0.0769230769230769,ARCHIVED_MODEL_TABLE_V001,reports/research/v004c_model_table_v001_20260601_20260729/v004c_model_table_v001.csv
603956_2026-07-27,603956,2026-07-27,2026-07,2026-07-24,2026-07-27,2026-07-28,2026-07-29,2026-07-29,BOARD2,13,0.4102837471897385,12,0,1,0,0,0.0611570247934,0.0611570247934,0.0182724252491695,ARCHIVED_MODEL_TABLE_V001,reports/research/v004c_model_table_v001_20260601_20260729/v004c_model_table_v001.csv,0.0016339869281045,ARCHIVED_MODEL_TABLE_V001,reports/research/v004c_model_table_v001_20260601_20260729/v004c_model_table_v001.csv,0.0177641252648135,ARCHIVED_MODEL_TABLE_V001,reports/research/v004c_model_table_v001_20260601_20260729/v004c_model_table_v001.csv,0.0442930153321975,ARCHIVED_MODEL_TABLE_V001,reports/research/v004c_model_table_v001_20260601_20260729/v004c_model_table_v001.csv
600984_2026-07-27,600984,2026-07-27,2026-07,2026-07-24,2026-07-27,2026-07-28,2026-07-29,2026-07-29,BOARD2,13,0.39251494076230753,13,0,1,0,0,0.0125,0.0125,0.0024999999999999,ARCHIVED_MODEL_TABLE_V001,reports/research/v004c_model_table_v001_20260601_20260729/v004c_model_table_v001.csv,0.0335051546391751,ARCHIVED_MODEL_TABLE_V001,reports/research/v004c_model_table_v001_20260601_20260729/v004c_model_table_v001.csv,0.0115488596536561,ARCHIVED_MODEL_TABLE_V001,reports/research/v004c_model_table_v001_20260601_20260729/v004c_model_table_v001.csv,0.0469973890339424,ARCHIVED_MODEL_TABLE_V001,reports/research/v004c_model_table_v001_20260601_20260729/v004c_model_table_v001.csv
601606_2026-07-28,601606,2026-07-28,2026-07,2026-07-27,2026-07-28,2026-07-29,2026-07-30,2026-07-30,BOARD3,3,0.4331539045075959,1,1,0,0,0,0.0972727272727,0.07,-0.0123638504562849,ARCHIVED_MODEL_TABLE_V001,reports/research/v004c_model_table_v001_20260601_20260729/v004c_model_table_v001.csv,-0.1053333333333333,ARCHIVED_MODEL_TABLE_V001,reports/research/v004c_model_table_v001_20260601_20260729/v004c_model_table_v001.csv,-0.0445324966250193,ARCHIVED_MODEL_TABLE_V001,reports/research/v004c_model_table_v001_20260601_20260729/v004c_model_table_v001.csv,0.0166666666666665,ARCHIVED_MODEL_TABLE_V001,reports/research/v004c_model_table_v001_20260601_20260729/v004c_model_table_v001.csv
603690_2026-07-28,603690,2026-07-28,2026-07,2026-07-27,2026-07-28,2026-07-29,2026-07-30,2026-07-30,BOARD2,3,0.4309123905555227,2,0,0,1,0,-0.0450199203187,-0.0450199203187,-0.025487256371814,ARCHIVED_MODEL_TABLE_V001,reports/research/v004c_model_table_v001_20260601_20260729/v004c_model_table_v001.csv,-0.0500548045305079,ARCHIVED_MODEL_TABLE_V001,reports/research/v004c_model_table_v001_20260601_20260729/v004c_model_table_v001.csv,-0.0218265672552124,ARCHIVED_MODEL_TABLE_V001,reports/research/v004c_model_table_v001_20260601_20260729/v004c_model_table_v001.csv,0.0112796577207311,ARCHIVED_MODEL_TABLE_V001,reports/research/v004c_model_table_v001_20260601_20260729/v004c_model_table_v001.csv
600617_2026-07-28,600617,2026-07-28,2026-07,2026-07-27,2026-07-28,2026-07-29,2026-07-30,2026-07-30,BOARD2,3,0.4154789922744923,3,0,1,0,0,0.0668693009119,0.0668693009119,-0.0418848167539266,ARCHIVED_MODEL_TABLE_V001,reports/research/v004c_model_table_v001_20260601_20260729/v004c_model_table_v001.csv,-0.1073170731707315,ARCHIVED_MODEL_TABLE_V001,reports/research/v004c_model_table_v001_20260601_20260729/v004c_model_table_v001.csv,-0.069842069293697,ARCHIVED_MODEL_TABLE_V001,reports/research/v004c_model_table_v001_20260601_20260729/v004c_model_table_v001.csv,0.0252100840336135,ARCHIVED_MODEL_TABLE_V001,reports/research/v004c_model_table_v001_20260601_20260729/v004c_model_table_v001.csv
603389_2026-07-29,603389,2026-07-29,2026-07,2026-07-28,2026-07-29,2026-07-30,2026-07-31,2026-07-31,BOARD2,10,0.43844850891918036,1,0,0,1,0,-0.00437888914496,-0.00437888914496,-0.015739303923742,ARCHIVED_MODEL_TABLE_V001,reports/research/v004c_model_table_v001_20260601_20260729/v004c_model_table_v001.csv,-0.0724879883016502,ARCHIVED_MODEL_TABLE_V001,reports/research/v004c_model_table_v001_20260601_20260729/v004c_model_table_v001.csv,-0.0462187470184298,ARCHIVED_MODEL_TABLE_V001,reports/research/v004c_model_table_v001_20260601_20260729/v004c_model_table_v001.csv,0.0106988390621442,ARCHIVED_MODEL_TABLE_V001,reports/research/v004c_model_table_v001_20260601_20260729/v004c_model_table_v001.csv
002969_2026-07-29,002969,2026-07-29,2026-07,2026-07-28,2026-07-29,2026-07-30,2026-07-31,2026-07-31,BOARD2,10,0.43221081363265373,2,0,1,0,0,0.0433734939759,0.0433734939759,0.0354609929078015,ARCHIVED_MODEL_TABLE_V001,reports/research/v004c_model_table_v001_20260601_20260729/v004c_model_table_v001.csv,-0.0478260869565217,ARCHIVED_MODEL_TABLE_V001,reports/research/v004c_model_table_v001_20260601_20260729/v004c_model_table_v001.csv,0.0585164122445862,ARCHIVED_MODEL_TABLE_V001,reports/research/v004c_model_table_v001_20260601_20260729/v004c_model_table_v001.csv,0.1376623376623376,ARCHIVED_MODEL_TABLE_V001,reports/research/v004c_model_table_v001_20260601_20260729/v004c_model_table_v001.csv
603358_2026-07-29,603358,2026-07-29,2026-07,2026-07-28,2026-07-29,2026-07-30,2026-07-31,2026-07-31,BOARD2,10,0.43086864157609484,3,0,0,1,0,-0.0475242597661,-0.0475242597661,0.0297111416781292,ARCHIVED_MODEL_TABLE_V001,reports/research/v004c_model_table_v001_20260601_20260729/v004c_model_table_v001.csv,-0.0313146997929606,ARCHIVED_MODEL_TABLE_V001,reports/research/v004c_model_table_v001_20260601_20260729/v004c_model_table_v001.csv,-0.0016068071857302,ARCHIVED_MODEL_TABLE_V001,reports/research/v004c_model_table_v001_20260601_20260729/v004c_model_table_v001.csv,0.0368421052631578,ARCHIVED_MODEL_TABLE_V001,reports/research/v004c_model_table_v001_20260601_20260729/v004c_model_table_v001.csv
603716_2026-07-29,603716,2026-07-29,2026-07,2026-07-28,2026-07-29,2026-07-30,2026-07-31,2026-07-31,BOARD2,10,0.4218607087097918,4,0,1,0,0,0.0178799489144,0.0178799489144,0.0173745173745174,ARCHIVED_MODEL_TABLE_V001,reports/research/v004c_model_table_v001_20260601_20260729/v004c_model_table_v001.csv,-0.0510204081632652,ARCHIVED_MODEL_TABLE_V001,reports/research/v004c_model_table_v001_20260601_20260729/v004c_model_table_v001.csv,0.0039692531474271,ARCHIVED_MODEL_TABLE_V001,reports/research/v004c_model_table_v001_20260601_20260729/v004c_model_table_v001.csv,0.0561122244488977,ARCHIVED_MODEL_TABLE_V001,reports/research/v004c_model_table_v001_20260601_20260729/v004c_model_table_v001.csv
000566_2026-07-29,000566,2026-07-29,2026-07,2026-07-28,2026-07-29,2026-07-30,2026-07-31,2026-07-31,BOARD2,10,0.42003399996044744,5,1,0,0,0,0.102752293578,0.07,0.0150093808630393,ARCHIVED_MODEL_TABLE_V001,reports/research/v004c_model_table_v001_20260601_20260729/v004c_model_table_v001.csv,-0.0525394045534149,ARCHIVED_MODEL_TABLE_V001,reports/research/v004c_model_table_v001_20260601_20260729/v004c_model_table_v001.csv,0.0032679633779246,ARCHIVED_MODEL_TABLE_V001,reports/research/v004c_model_table_v001_20260601_20260729/v004c_model_table_v001.csv,0.0304761904761905,ARCHIVED_MODEL_TABLE_V001,reports/research/v004c_model_table_v001_20260601_20260729/v004c_model_table_v001.csv
002173_2026-07-29,002173,2026-07-29,2026-07,2026-07-28,2026-07-29,2026-07-30,2026-07-31,2026-07-31,BOARD2,10,0.41907323143502245,6,0,1,0,0,0.0153617443013,0.0153617443013,-0.0034063260340633,ARCHIVED_MODEL_TABLE_V001,reports/research/v004c_model_table_v001_20260601_20260729/v004c_model_table_v001.csv,-0.1466666666666666,ARCHIVED_MODEL_TABLE_V001,reports/research/v004c_model_table_v001_20260601_20260729/v004c_model_table_v001.csv,-0.0504958320637678,ARCHIVED_MODEL_TABLE_V001,reports/research/v004c_model_table_v001_20260601_20260729/v004c_model_table_v001.csv,0.0,ARCHIVED_MODEL_TABLE_V001,reports/research/v004c_model_table_v001_20260601_20260729/v004c_model_table_v001.csv
002310_2026-07-29,002310,2026-07-29,2026-07,2026-07-28,2026-07-29,2026-07-30,2026-07-31,2026-07-31,BOARD2,10,0.41443782758904113,7,0,0,1,0,-0.0193798449612,-0.0193798449612,0.0076923076923076,ARCHIVED_MODEL_TABLE_V001,reports/research/v004c_model_table_v001_20260601_20260729/v004c_model_table_v001.csv,-0.011320754716981,ARCHIVED_MODEL_TABLE_V001,reports/research/v004c_model_table_v001_20260601_20260729/v004c_model_table_v001.csv,-0.010041349953721,ARCHIVED_MODEL_TABLE_V001,reports/research/v004c_model_table_v001_20260601_20260729/v004c_model_table_v001.csv,0.0438247011952192,ARCHIVED_MODEL_TABLE_V001,reports/research/v004c_model_table_v001_20260601_20260729/v004c_model_table_v001.csv
600775_2026-07-29,600775,2026-07-29,2026-07,2026-07-28,2026-07-29,2026-07-30,2026-07-31,2026-07-31,BOARD2,10,0.41098166982714845,8,0,1,0,0,0.0477200424178,0.0477200424178,0.0083769633507853,ARCHIVED_MODEL_TABLE_V001,reports/research/v004c_model_table_v001_20260601_20260729/v004c_model_table_v001.csv,-0.0272727272727272,ARCHIVED_MODEL_TABLE_V001,reports/research/v004c_model_table_v001_20260601_20260729/v004c_model_table_v001.csv,-0.0054058050947206,ARCHIVED_MODEL_TABLE_V001,reports/research/v004c_model_table_v001_20260601_20260729/v004c_model_table_v001.csv,0.0179704016913319,ARCHIVED_MODEL_TABLE_V001,reports/research/v004c_model_table_v001_20260601_20260729/v004c_model_table_v001.csv
002309_2026-07-29,002309,2026-07-29,2026-07,2026-07-28,2026-07-29,2026-07-30,2026-07-31,2026-07-31,BOARD2,10,0.4089545946731726,9,0,1,0,0,0.01246105919,0.01246105919,0.0186335403726707,ARCHIVED_MODEL_TABLE_V001,reports/research/v004c_model_table_v001_20260601_20260729/v004c_model_table_v001.csv,0.0061349693251533,ARCHIVED_MODEL_TABLE_V001,reports/research/v004c_model_table_v001_20260601_20260729/v004c_model_table_v001.csv,0.0119712177397612,ARCHIVED_MODEL_TABLE_V001,reports/research/v004c_model_table_v001_20260601_20260729/v004c_model_table_v001.csv,0.0512820512820511,ARCHIVED_MODEL_TABLE_V001,reports/research/v004c_model_table_v001_20260601_20260729/v004c_model_table_v001.csv
002388_2026-07-29,002388,2026-07-29,2026-07,2026-07-28,2026-07-29,2026-07-30,2026-07-31,2026-07-31,BOARD3,10,0.40866127008033803,10,0,0,1,0,-0.0460921843687,-0.0460921843687,0.0020283975659229,ARCHIVED_MODEL_TABLE_V001,reports/research/v004c_model_table_v001_20260601_20260729/v004c_model_table_v001.csv,-0.0198412698412697,ARCHIVED_MODEL_TABLE_V001,reports/research/v004c_model_table_v001_20260601_20260729/v004c_model_table_v001.csv,-0.0057218769749227,ARCHIVED_MODEL_TABLE_V001,reports/research/v004c_model_table_v001_20260601_20260729/v004c_model_table_v001.csv,0.0270270270270271,ARCHIVED_MODEL_TABLE_V001,reports/research/v004c_model_table_v001_20260601_20260729/v004c_model_table_v001.csv
