code,status,date_min,date_max,rows,error,section,trade_date,window_start,window_end,event_id,signal_date,d0_date,daily_path,minute_path,pool_paths,pool_member_present,pool_rows
000001,reused,2025-06-03,2026-06-30,262,,DAILY,,,,,,,,,,,
000002,reused,2025-06-03,2026-06-30,262,,DAILY,,,,,,,,,,,
000003,empty,,,0,,DAILY,,,,,,,,,,,
000006,reused,2025-03-17,2026-06-30,313,,DAILY,,,,,,,,,,,
000007,reused,2025-06-03,2026-06-30,262,,DAILY,,,,,,,,,,,
000008,reused,2025-05-12,2026-07-17,285,,DAILY,,,,,,,,,,,
000009,reused,2025-05-29,2026-08-04,289,,DAILY,,,,,,,,,,,
000011,reused,2025-03-03,2026-08-03,347,,DAILY,,,,,,,,,,,
000012,reused,2025-04-28,2026-07-03,287,,DAILY,,,,,,,,,,,
000014,reused,2025-05-14,2026-07-20,289,,DAILY,,,,,,,,,,,
000015,empty,,,0,,DAILY,,,,,,,,,,,
000017,reused,2025-05-21,2026-07-27,289,,DAILY,,,,,,,,,,,
000019,reused,2025-06-03,2026-06-30,262,,DAILY,,,,,,,,,,,
000020,reused,2025-06-03,2026-06-30,262,,DAILY,,,,,,,,,,,
000021,reused,2025-05-19,2026-07-24,290,,DAILY,,,,,,,,,,,
000024,empty,,,0,,DAILY,,,,,,,,,,,
000025,reused,2025-05-28,2026-08-03,289,,DAILY,,,,,,,,,,,
000026,reused,2025-06-03,2026-08-11,292,,DAILY,,,,,,,,,,,
000027,reused,2025-06-03,2026-06-30,262,,DAILY,,,,,,,,,,,
000028,reused,2025-06-03,2026-06-30,262,,DAILY,,,,,,,,,,,
000029,reused,2025-04-23,2026-06-30,287,,DAILY,,,,,,,,,,,
000030,reused,2025-06-03,2026-06-30,262,,DAILY,,,,,,,,,,,
000031,reused,2025-03-31,2026-06-30,303,,DAILY,,,,,,,,,,,
000032,reused,2025-05-29,2026-08-04,289,,DAILY,,,,,,,,,,,
000034,reused,2025-04-23,2026-06-30,287,,DAILY,,,,,,,,,,,
000035,reused,2025-05-21,2026-07-27,289,,DAILY,,,,,,,,,,,
000036,reused,2025-05-12,2026-07-17,290,,DAILY,,,,,,,,,,,
000037,reused,2025-06-03,2026-08-07,290,,DAILY,,,,,,,,,,,
000039,reused,2025-06-03,2026-06-30,262,,DAILY,,,,,,,,,,,
000042,reused,2025-04-23,2026-06-30,287,,DAILY,,,,,,,,,,,
000045,reused,2025-05-26,2026-07-31,290,,DAILY,,,,,,,,,,,
000048,reused,2025-06-03,2026-08-07,290,,DAILY,,,,,,,,,,,
000049,reused,2025-06-03,2026-06-30,262,,DAILY,,,,,,,,,,,
000050,reused,2025-04-23,2026-06-30,287,,DAILY,,,,,,,,,,,
000055,reused,2025-03-03,2026-08-03,347,,DAILY,,,,,,,,,,,
000058,reused,2025-06-03,2026-06-30,262,,DAILY,,,,,,,,,,,
000059,reused,2025-06-03,2026-06-30,262,,DAILY,,,,,,,,,,,
000060,reused,2025-04-23,2026-06-30,287,,DAILY,,,,,,,,,,,
000061,reused,2025-06-03,2026-06-30,262,,DAILY,,,,,,,,,,,
000062,reused,2025-03-31,2026-06-30,303,,DAILY,,,,,,,,,,,
000063,reused,2025-03-26,2026-06-30,306,,DAILY,,,,,,,,,,,
000065,reused,2025-06-03,2026-06-30,262,,DAILY,,,,,,,,,,,
000066,reused,2025-05-06,2026-07-10,289,,DAILY,,,,,,,,,,,
000068,reused,2025-04-23,2026-06-30,287,,DAILY,,,,,,,,,,,
000069,reused,2025-06-03,2026-06-30,262,,DAILY,,,,,,,,,,,
000070,reused,2025-03-03,2026-08-03,346,,DAILY,,,,,,,,,,,
000088,reused,2025-06-03,2026-06-30,262,,DAILY,,,,,,,,,,,
000089,reused,2025-06-03,2026-06-30,262,,DAILY,,,,,,,,,,,
000090,reused,2025-03-03,2026-08-03,347,,DAILY,,,,,,,,,,,
000096,reused,2025-06-03,2026-06-30,262,,DAILY,,,,,,,,,,,
000099,reused,2025-04-23,2026-06-30,287,,DAILY,,,,,,,,,,,
000100,reused,2025-04-28,2026-07-03,287,,DAILY,,,,,,,,,,,
000151,reused,2025-04-23,2026-06-30,279,,DAILY,,,,,,,,,,,
000153,reused,2025-06-03,2026-06-30,262,,DAILY,,,,,,,,,,,
000155,reused,2025-05-21,2026-07-27,289,,DAILY,,,,,,,,,,,
000156,reused,2025-06-03,2026-06-30,262,,DAILY,,,,,,,,,,,
000157,reused,2025-06-03,2026-06-30,262,,DAILY,,,,,,,,,,,
000158,reused,2025-04-23,2026-06-30,287,,DAILY,,,,,,,,,,,
000159,reused,2025-03-12,2026-06-30,316,,DAILY,,,,,,,,,,,
000166,reused,2025-06-03,2026-06-30,262,,DAILY,,,,,,,,,,,
000301,reused,2025-05-06,2026-07-10,289,,DAILY,,,,,,,,,,,
000333,reused,2025-06-03,2026-06-30,262,,DAILY,,,,,,,,,,,
000338,reused,2025-03-03,2026-06-30,323,,DAILY,,,,,,,,,,,
000400,reused,2025-06-03,2026-06-30,262,,DAILY,,,,,,,,,,,
000401,reused,2025-06-03,2026-06-30,262,,DAILY,,,,,,,,,,,
000402,reused,2025-03-03,2026-06-30,323,,DAILY,,,,,,,,,,,
000403,reused,2025-03-19,2026-06-30,309,,DAILY,,,,,,,,,,,
000404,reused,2025-06-03,2026-06-30,262,,DAILY,,,,,,,,,,,
000406,empty,,,0,,DAILY,,,,,,,,,,,
000407,reused,2025-06-03,2026-06-30,262,,DAILY,,,,,,,,,,,
000408,reused,2025-06-03,2026-06-30,262,,DAILY,,,,,,,,,,,
000409,reused,2025-03-24,2026-06-30,308,,DAILY,,,,,,,,,,,
000410,reused,2025-06-03,2026-06-30,262,,DAILY,,,,,,,,,,,
000411,reused,2025-04-23,2026-06-30,287,,DAILY,,,,,,,,,,,
000415,reused,2025-06-03,2026-06-30,262,,DAILY,,,,,,,,,,,
000417,reused,2025-05-22,2026-07-28,289,,DAILY,,,,,,,,,,,
000418,empty,,,0,,DAILY,,,,,,,,,,,
000419,reused,2025-06-03,2026-06-30,262,,DAILY,,,,,,,,,,,
000420,reused,2025-06-03,2026-06-30,262,,DAILY,,,,,,,,,,,
000421,reused,2025-06-03,2026-06-30,262,,DAILY,,,,,,,,,,,
000422,reused,2025-06-03,2026-06-30,262,,DAILY,,,,,,,,,,,
000423,reused,2025-06-03,2026-06-30,262,,DAILY,,,,,,,,,,,
000425,reused,2025-03-10,2026-06-30,318,,DAILY,,,,,,,,,,,
000426,reused,2025-05-19,2026-07-24,290,,DAILY,,,,,,,,,,,
000428,reused,2025-06-03,2026-08-11,292,,DAILY,,,,,,,,,,,
000429,reused,2025-06-03,2026-06-30,262,,DAILY,,,,,,,,,,,
000430,reused,2025-06-03,2026-06-30,262,,DAILY,,,,,,,,,,,
000498,reused,2025-06-03,2026-06-30,262,,DAILY,,,,,,,,,,,
000501,reused,2025-06-03,2026-06-30,262,,DAILY,,,,,,,,,,,
000503,reused,2025-05-26,2026-07-31,290,,DAILY,,,,,,,,,,,
000504,reused,2025-03-03,2026-08-03,345,,DAILY,,,,,,,,,,,
000505,reused,2025-06-03,2026-06-30,262,,DAILY,,,,,,,,,,,
000506,reused,2025-05-29,2026-08-11,293,,DAILY,,,,,,,,,,,
000507,reused,2025-06-03,2026-06-30,262,,DAILY,,,,,,,,,,,
000508,empty,,,0,,DAILY,,,,,,,,,,,
000509,reused,2025-04-23,2026-06-30,287,,DAILY,,,,,,,,,,,
000510,reused,2025-06-03,2026-08-07,290,,DAILY,,,,,,,,,,,
000513,reused,2025-06-03,2026-06-30,262,,DAILY,,,,,,,,,,,
000514,reused,2025-06-03,2026-06-30,262,,DAILY,,,,,,,,,,,
000515,empty,,,0,,DAILY,,,,,,,,,,,
000516,reused,2025-06-03,2026-06-30,262,,DAILY,,,,,,,,,,,
000517,reused,2025-05-26,2026-07-31,290,,DAILY,,,,,,,,,,,
000518,reused,2025-03-31,2026-06-30,301,,DAILY,,,,,,,,,,,
000519,reused,2025-04-23,2026-06-30,287,,DAILY,,,,,,,,,,,
000520,reused,2025-03-03,2026-08-03,347,,DAILY,,,,,,,,,,,
000521,reused,2025-04-28,2026-07-03,287,,DAILY,,,,,,,,,,,
000522,empty,,,0,,DAILY,,,,,,,,,,,
000523,reused,2025-06-03,2026-06-30,262,,DAILY,,,,,,,,,,,
000524,reused,2025-05-06,2026-07-10,279,,DAILY,,,,,,,,,,,
000525,reused,2025-06-03,2026-06-30,262,,DAILY,,,,,,,,,,,
000526,reused,2025-05-28,2026-08-03,289,,DAILY,,,,,,,,,,,
000527,empty,,,0,,DAILY,,,,,,,,,,,
000528,reused,2025-06-03,2026-06-30,262,,DAILY,,,,,,,,,,,
000529,reused,2025-06-03,2026-06-30,262,,DAILY,,,,,,,,,,,
000530,reused,2025-03-26,2026-06-30,306,,DAILY,,,,,,,,,,,
000531,reused,2025-06-03,2026-06-30,262,,DAILY,,,,,,,,,,,
000532,reused,2025-03-20,2026-06-30,310,,DAILY,,,,,,,,,,,
000533,reused,2025-06-03,2026-08-07,290,,DAILY,,,,,,,,,,,
000534,reused,2025-04-23,2026-06-30,287,,DAILY,,,,,,,,,,,
000536,reused,2025-03-03,2026-08-03,347,,DAILY,,,,,,,,,,,
000537,reused,2025-06-03,2026-08-11,292,,DAILY,,,,,,,,,,,
000538,reused,2025-06-03,2026-06-30,262,,DAILY,,,,,,,,,,,
000539,reused,2025-05-19,2026-07-24,290,,DAILY,,,,,,,,,,,
000541,reused,2025-04-23,2026-06-30,287,,DAILY,,,,,,,,,,,
000542,empty,,,0,,DAILY,,,,,,,,,,,
000543,reused,2025-06-03,2026-06-30,262,,DAILY,,,,,,,,,,,
000544,reused,2025-06-03,2026-06-30,262,,DAILY,,,,,,,,,,,
000545,reused,2025-05-06,2026-07-10,279,,DAILY,,,,,,,,,,,
000546,reused,2025-06-03,2026-06-30,262,,DAILY,,,,,,,,,,,
000547,reused,2025-05-08,2026-07-14,289,,DAILY,,,,,,,,,,,
000548,reused,2025-06-03,2026-06-30,262,,DAILY,,,,,,,,,,,
000549,empty,,,0,,DAILY,,,,,,,,,,,
000550,reused,2025-06-03,2026-06-30,262,,DAILY,,,,,,,,,,,
000551,reused,2025-04-28,2026-07-03,287,,DAILY,,,,,,,,,,,
000552,reused,2025-06-03,2026-06-30,262,,DAILY,,,,,,,,,,,
000553,reused,2025-03-03,2026-06-30,323,,DAILY,,,,,,,,,,,
000554,reused,2025-05-12,2026-07-17,290,,DAILY,,,,,,,,,,,
000555,reused,2025-05-19,2026-07-24,290,,DAILY,,,,,,,,,,,
000556,empty,,,0,,DAILY,,,,,,,,,,,
000557,reused,2025-06-03,2026-06-30,262,,DAILY,,,,,,,,,,,
000558,reused,2025-04-23,2026-06-30,287,,DAILY,,,,,,,,,,,
000559,reused,2025-06-03,2026-06-30,262,,DAILY,,,,,,,,,,,
000560,reused,2025-06-03,2026-06-30,262,,DAILY,,,,,,,,,,,
000561,reused,2025-06-03,2026-06-30,262,,DAILY,,,,,,,,,,,
000562,empty,,,0,,DAILY,,,,,,,,,,,
000563,reused,2025-06-03,2026-06-30,262,,DAILY,,,,,,,,,,,
000564,reused,2025-04-23,2026-06-30,287,,DAILY,,,,,,,,,,,
000565,reused,2025-06-03,2026-06-30,262,,DAILY,,,,,,,,,,,
000566,reused,2025-05-28,2026-08-03,289,,DAILY,,,,,,,,,,,
000567,reused,2025-06-03,2026-06-30,262,,DAILY,,,,,,,,,,,
000568,reused,2025-06-03,2026-06-30,262,,DAILY,,,,,,,,,,,
000569,empty,,,0,,DAILY,,,,,,,,,,,
000570,reused,2025-06-03,2026-06-30,262,,DAILY,,,,,,,,,,,
000571,reused,2025-06-03,2026-08-07,290,,DAILY,,,,,,,,,,,
000572,reused,2025-04-30,2026-07-06,286,,DAILY,,,,,,,,,,,
000573,reused,2025-05-08,2026-07-14,289,,DAILY,,,,,,,,,,,
000576,reused,2025-03-03,2026-08-03,347,,DAILY,,,,,,,,,,,
000578,empty,,,0,,DAILY,,,,,,,,,,,
000581,reused,2025-06-03,2026-06-30,262,,DAILY,,,,,,,,,,,
000582,reused,2025-03-06,2026-06-30,320,,DAILY,,,,,,,,,,,
000586,reused,2025-03-31,2026-06-30,298,,DAILY,,,,,,,,,,,
000588,empty,,,0,,DAILY,,,,,,,,,,,
000589,reused,2025-06-03,2026-06-30,262,,DAILY,,,,,,,,,,,
000590,reused,2025-06-03,2026-06-30,262,,DAILY,,,,,,,,,,,
000591,reused,2025-03-10,2026-06-30,318,,DAILY,,,,,,,,,,,
000592,reused,2025-04-30,2026-07-06,283,,DAILY,,,,,,,,,,,
000593,reused,2025-06-03,2026-08-07,290,,DAILY,,,,,,,,,,,
000596,reused,2025-05-19,2026-07-24,290,,DAILY,,,,,,,,,,,
000597,reused,2025-06-03,2026-06-30,262,,DAILY,,,,,,,,,,,
000598,reused,2025-06-03,2026-06-30,262,,DAILY,,,,,,,,,,,
000599,reused,2025-06-03,2026-06-30,262,,DAILY,,,,,,,,,,,
000600,reused,2025-05-19,2026-07-24,290,,DAILY,,,,,,,,,,,
000601,reused,2025-03-03,2026-08-03,347,,DAILY,,,,,,,,,,,
000602,empty,,,0,,DAILY,,,,,,,,,,,
000603,reused,2025-06-03,2026-08-11,292,,DAILY,,,,,,,,,,,
000605,reused,2025-06-03,2026-06-30,262,,DAILY,,,,,,,,,,,
000607,reused,2025-06-03,2026-06-30,262,,DAILY,,,,,,,,,,,
000608,reused,2025-06-03,2026-08-07,290,,DAILY,,,,,,,,,,,
000612,reused,2025-04-23,2026-06-30,287,,DAILY,,,,,,,,,,,
000617,reused,2025-06-03,2026-06-30,262,,DAILY,,,,,,,,,,,
000618,empty,,,0,,DAILY,,,,,,,,,,,
000619,reused,2025-06-03,2026-06-30,262,,DAILY,,,,,,,,,,,
000620,reused,2025-05-08,2026-07-14,289,,DAILY,,,,,,,,,,,
000623,reused,2025-06-03,2026-06-30,262,,DAILY,,,,,,,,,,,
000625,reused,2025-06-03,2026-06-30,262,,DAILY,,,,,,,,,,,
000626,reused,2025-03-31,2026-06-30,303,,DAILY,,,,,,,,,,,
000628,reused,2025-03-26,2026-06-30,306,,DAILY,,,,,,,,,,,
000629,reused,2025-06-03,2026-06-30,262,,DAILY,,,,,,,,,,,
000630,reused,2025-04-23,2026-06-30,287,,DAILY,,,,,,,,,,,
000631,reused,2025-04-23,2026-06-30,287,,DAILY,,,,,,,,,,,
000633,reused,2025-06-03,2026-06-30,262,,DAILY,,,,,,,,,,,
000635,reused,2025-06-03,2026-06-30,262,,DAILY,,,,,,,,,,,
000636,reused,2025-05-26,2026-07-31,290,,DAILY,,,,,,,,,,,
000637,reused,2025-06-03,2026-06-30,262,,DAILY,,,,,,,,,,,
000650,reused,2025-06-03,2026-06-30,262,,DAILY,,,,,,,,,,,
000651,reused,2025-06-03,2026-06-30,262,,DAILY,,,,,,,,,,,
000652,reused,2025-06-03,2026-06-30,262,,DAILY,,,,,,,,,,,
000655,reused,2025-06-03,2026-06-30,262,,DAILY,,,,,,,,,,,
000657,reused,2025-06-03,2026-08-07,290,,DAILY,,,,,,,,,,,
000659,reused,2025-05-26,2026-07-31,288,,DAILY,,,,,,,,,,,
000661,reused,2025-06-03,2026-06-30,262,,DAILY,,,,,,,,,,,
000663,reused,2025-06-03,2026-06-30,262,,DAILY,,,,,,,,,,,
000665,reused,2025-06-03,2026-06-30,262,,DAILY,,,,,,,,,,,
000666,empty,,,0,,DAILY,,,,,,,,,,,
000668,reused,2025-05-26,2026-07-31,289,,DAILY,,,,,,,,,,,
000670,reused,2025-05-22,2026-07-28,279,,DAILY,,,,,,,,,,,
000672,reused,2025-05-07,2026-07-13,289,,DAILY,,,,,,,,,,,
000676,reused,2025-05-29,2026-08-04,289,,DAILY,,,,,,,,,,,
000678,reused,2025-03-06,2026-06-30,320,,DAILY,,,,,,,,,,,
000679,reused,2025-04-23,2026-06-30,287,,DAILY,,,,,,,,,,,
000680,reused,2025-06-03,2026-06-30,262,,DAILY,,,,,,,,,,,
000681,reused,2025-04-23,2026-06-30,287,,DAILY,,,,,,,,,,,
000682,reused,2025-04-23,2026-06-30,287,,DAILY,,,,,,,,,,,
000683,reused,2025-06-03,2026-06-30,262,,DAILY,,,,,,,,,,,
000685,reused,2025-03-17,2026-06-30,313,,DAILY,,,,,,,,,,,
000686,reused,2025-06-03,2026-06-30,262,,DAILY,,,,,,,,,,,
000688,reused,2025-05-21,2026-07-27,289,,DAILY,,,,,,,,,,,
000690,reused,2025-06-03,2026-06-30,262,,DAILY,,,,,,,,,,,
000691,reused,2025-04-23,2026-06-30,284,,DAILY,,,,,,,,,,,
000692,reused,2025-06-03,2026-08-10,291,,DAILY,,,,,,,,,,,
000695,reused,2025-04-23,2026-06-30,277,,DAILY,,,,,,,,,,,
000697,reused,2025-03-05,2026-06-30,316,,DAILY,,,,,,,,,,,
000700,reused,2025-04-30,2026-07-06,286,,DAILY,,,,,,,,,,,
000701,reused,2025-06-03,2026-06-30,262,,DAILY,,,,,,,,,,,
000702,reused,2025-06-03,2026-06-30,262,,DAILY,,,,,,,,,,,
000703,reused,2025-05-12,2026-07-17,290,,DAILY,,,,,,,,,,,
000705,reused,2025-06-03,2026-06-30,262,,DAILY,,,,,,,,,,,
000707,reused,2025-06-03,2026-06-30,262,,DAILY,,,,,,,,,,,
000708,reused,2025-06-03,2026-06-30,262,,DAILY,,,,,,,,,,,
000709,reused,2025-06-03,2026-06-30,262,,DAILY,,,,,,,,,,,
000710,reused,2025-06-03,2026-08-11,292,,DAILY,,,,,,,,,,,
000712,reused,2025-06-03,2026-08-07,290,,DAILY,,,,,,,,,,,
000713,reused,2025-06-03,2026-06-30,262,,DAILY,,,,,,,,,,,
000715,reused,2025-06-03,2026-06-30,262,,DAILY,,,,,,,,,,,
000716,reused,2025-03-17,2026-06-30,308,,DAILY,,,,,,,,,,,
000717,reused,2025-06-03,2026-06-30,262,,DAILY,,,,,,,,,,,
000718,reused,2025-04-02,2026-06-30,301,,DAILY,,,,,,,,,,,
000719,reused,2025-06-03,2026-06-30,262,,DAILY,,,,,,,,,,,
000720,reused,2025-06-03,2026-08-10,291,,DAILY,,,,,,,,,,,
000721,reused,2025-05-28,2026-08-03,289,,DAILY,,,,,,,,,,,
000722,reused,2025-03-03,2026-08-03,337,,DAILY,,,,,,,,,,,
000723,reused,2025-06-03,2026-06-30,262,,DAILY,,,,,,,,,,,
000725,reused,2025-04-23,2026-06-30,287,,DAILY,,,,,,,,,,,
000726,reused,2025-06-03,2026-06-30,262,,DAILY,,,,,,,,,,,
000727,reused,2025-03-31,2026-06-30,303,,DAILY,,,,,,,,,,,
000728,reused,2025-06-03,2026-06-30,262,,DAILY,,,,,,,,,,,
000729,reused,2025-06-03,2026-06-30,262,,DAILY,,,,,,,,,,,
000731,reused,2025-06-03,2026-06-30,262,,DAILY,,,,,,,,,,,
000733,reused,2025-04-23,2026-06-30,287,,DAILY,,,,,,,,,,,
000735,reused,2025-06-03,2026-06-30,262,,DAILY,,,,,,,,,,,
000736,reused,2025-05-26,2026-07-31,289,,DAILY,,,,,,,,,,,
000737,reused,2025-04-23,2026-06-30,287,,DAILY,,,,,,,,,,,
000738,reused,2025-06-03,2026-06-30,262,,DAILY,,,,,,,,,,,
000739,reused,2025-06-03,2026-08-11,292,,DAILY,,,,,,,,,,,
000748,empty,,,0,,DAILY,,,,,,,,,,,
000750,reused,2025-06-03,2026-06-30,262,,DAILY,,,,,,,,,,,
000751,reused,2025-06-03,2026-08-07,290,,DAILY,,,,,,,,,,,
000753,reused,2025-06-03,2026-06-30,262,,DAILY,,,,,,,,,,,
000755,reused,2025-06-03,2026-06-30,262,,DAILY,,,,,,,,,,,
000756,reused,2025-04-28,2026-07-03,287,,DAILY,,,,,,,,,,,
000757,reused,2025-06-03,2026-06-30,262,,DAILY,,,,,,,,,,,
000758,reused,2025-04-23,2026-06-30,287,,DAILY,,,,,,,,,,,
000759,reused,2025-05-12,2026-07-17,290,,DAILY,,,,,,,,,,,
000761,reused,2025-06-03,2026-06-30,262,,DAILY,,,,,,,,,,,
000762,reused,2025-06-03,2026-06-30,262,,DAILY,,,,,,,,,,,
000763,empty,,,0,,DAILY,,,,,,,,,,,
000766,reused,2025-04-23,2026-06-30,287,,DAILY,,,,,,,,,,,
000767,reused,2025-05-19,2026-07-24,290,,DAILY,,,,,,,,,,,
000768,reused,2025-04-23,2026-06-30,287,,DAILY,,,,,,,,,,,
000776,reused,2025-04-23,2026-06-30,287,,DAILY,,,,,,,,,,,
000777,reused,2025-04-28,2026-07-03,287,,DAILY,,,,,,,,,,,
000778,reused,2025-06-03,2026-06-30,262,,DAILY,,,,,,,,,,,
000779,reused,2025-06-03,2026-08-11,292,,DAILY,,,,,,,,,,,
000782,reused,2025-03-06,2026-06-30,320,,DAILY,,,,,,,,,,,
000783,reused,2025-03-03,2026-08-03,347,,DAILY,,,,,,,,,,,
000785,reused,2025-04-23,2026-06-30,287,,DAILY,,,,,,,,,,,
000786,reused,2025-06-03,2026-06-30,262,,DAILY,,,,,,,,,,,
000788,reused,2025-06-03,2026-06-30,262,,DAILY,,,,,,,,,,,
000789,reused,2025-06-03,2026-06-30,262,,DAILY,,,,,,,,,,,
000790,reused,2025-06-03,2026-06-30,262,,DAILY,,,,,,,,,,,
000791,reused,2025-04-23,2026-06-30,287,,DAILY,,,,,,,,,,,
000792,reused,2025-06-03,2026-06-30,262,,DAILY,,,,,,,,,,,
000795,reused,2025-06-03,2026-06-30,262,,DAILY,,,,,,,,,,,
000796,reused,2025-06-03,2026-06-30,262,,DAILY,,,,,,,,,,,
000797,reused,2025-06-03,2026-06-30,262,,DAILY,,,,,,,,,,,
000798,reused,2025-06-03,2026-06-30,262,,DAILY,,,,,,,,,,,
000799,reused,2025-03-27,2026-06-30,305,,DAILY,,,,,,,,,,,
000800,reused,2025-06-03,2026-06-30,262,,DAILY,,,,,,,,,,,
000801,reused,2025-04-28,2026-07-03,287,,DAILY,,,,,,,,,,,
000802,reused,2025-06-03,2026-08-11,292,,DAILY,,,,,,,,,,,
000803,reused,2025-05-21,2026-07-27,289,,DAILY,,,,,,,,,,,
000807,reused,2025-06-03,2026-06-30,262,,DAILY,,,,,,,,,,,
000809,reused,2025-03-17,2026-06-30,312,,DAILY,,,,,,,,,,,
000810,reused,2025-05-08,2026-07-14,289,,DAILY,,,,,,,,,,,
000811,reused,2025-06-03,2026-08-07,290,,DAILY,,,,,,,,,,,
000812,reused,2025-06-03,2026-06-30,262,,DAILY,,,,,,,,,,,
000813,reused,2025-04-23,2026-06-30,287,,DAILY,,,,,,,,,,,
000815,reused,2025-06-03,2026-08-07,290,,DAILY,,,,,,,,,,,
000816,reused,2025-06-03,2026-06-30,262,,DAILY,,,,,,,,,,,
000817,empty,,,0,,DAILY,,,,,,,,,,,
000818,reused,2025-04-28,2026-07-03,287,,DAILY,,,,,,,,,,,
000819,reused,2025-06-03,2026-06-30,262,,DAILY,,,,,,,,,,,
000822,reused,2025-06-03,2026-06-30,262,,DAILY,,,,,,,,,,,
000823,reused,2025-03-03,2026-08-03,347,,DAILY,,,,,,,,,,,
000825,reused,2025-06-03,2026-06-30,262,,DAILY,,,,,,,,,,,
000828,reused,2025-06-03,2026-06-30,262,,DAILY,,,,,,,,,,,
000829,reused,2025-05-14,2026-07-20,289,,DAILY,,,,,,,,,,,
000830,reused,2025-06-03,2026-06-30,262,,DAILY,,,,,,,,,,,
000831,reused,2025-06-03,2026-08-11,292,,DAILY,,,,,,,,,,,
000833,reused,2025-04-23,2026-06-30,287,,DAILY,,,,,,,,,,,
000837,reused,2025-06-03,2026-06-30,262,,DAILY,,,,,,,,,,,
000839,reused,2025-06-03,2026-08-10,291,,DAILY,,,,,,,,,,,
000848,reused,2025-06-03,2026-06-30,262,,DAILY,,,,,,,,,,,
000850,reused,2025-06-03,2026-06-30,262,,DAILY,,,,,,,,,,,
000852,reused,2025-06-03,2026-06-30,262,,DAILY,,,,,,,,,,,
000856,reused,2025-06-03,2026-06-30,262,,DAILY,,,,,,,,,,,
000858,reused,2025-06-03,2026-06-30,262,,DAILY,,,,,,,,,,,
000859,reused,2025-06-03,2026-08-11,292,,DAILY,,,,,,,,,,,
000860,reused,2025-06-03,2026-06-30,262,,DAILY,,,,,,,,,,,
000861,empty,,,0,,DAILY,,,,,,,,,,,
000862,reused,2025-05-26,2026-07-31,290,,DAILY,,,,,,,,,,,
000863,reused,2025-03-06,2026-06-30,320,,DAILY,,,,,,,,,,,
000866,empty,,,0,,DAILY,,,,,,,,,,,
000868,reused,2025-06-03,2026-06-30,262,,DAILY,,,,,,,,,,,
000869,reused,2025-06-03,2026-06-30,262,,DAILY,,,,,,,,,,,
000875,reused,2025-03-24,2026-06-30,308,,DAILY,,,,,,,,,,,
000876,reused,2025-06-03,2026-06-30,262,,DAILY,,,,,,,,,,,
000877,reused,2025-06-03,2026-06-30,262,,DAILY,,,,,,,,,,,
000878,reused,2025-06-03,2026-06-30,262,,DAILY,,,,,,,,,,,
000880,reused,2025-03-17,2026-06-30,313,,DAILY,,,,,,,,,,,
000881,reused,2025-03-31,2026-06-30,303,,DAILY,,,,,,,,,,,
000882,reused,2025-04-23,2026-06-30,287,,DAILY,,,,,,,,,,,
000883,reused,2025-06-03,2026-06-30,262,,DAILY,,,,,,,,,,,
000885,reused,2025-06-03,2026-06-30,262,,DAILY,,,,,,,,,,,
000886,reused,2025-06-03,2026-06-30,262,,DAILY,,,,,,,,,,,
000887,reused,2025-03-03,2026-08-03,347,,DAILY,,,,,,,,,,,
000888,reused,2025-06-03,2026-06-30,262,,DAILY,,,,,,,,,,,
000889,reused,2025-03-03,2026-08-03,346,,DAILY,,,,,,,,,,,
000890,reused,2025-04-30,2026-07-06,286,,DAILY,,,,,,,,,,,
000892,reused,2025-06-03,2026-08-07,290,,DAILY,,,,,,,,,,,
000893,reused,2025-06-03,2026-06-30,262,,DAILY,,,,,,,,,,,
000895,reused,2025-06-03,2026-06-30,262,,DAILY,,,,,,,,,,,
000897,reused,2025-06-03,2026-06-30,262,,DAILY,,,,,,,,,,,
000898,reused,2025-06-03,2026-06-30,262,,DAILY,,,,,,,,,,,
000899,reused,2025-03-03,2026-08-03,347,,DAILY,,,,,,,,,,,
000900,reused,2025-06-03,2026-06-30,262,,DAILY,,,,,,,,,,,
000901,reused,2025-05-08,2026-07-14,289,,DAILY,,,,,,,,,,,
000902,reused,2025-06-03,2026-06-30,262,,DAILY,,,,,,,,,,,
000905,reused,2025-06-03,2026-06-30,262,,DAILY,,,,,,,,,,,
000906,reused,2025-06-03,2026-06-30,262,,DAILY,,,,,,,,,,,
000908,reused,2025-06-03,2026-08-10,291,,DAILY,,,,,,,,,,,
000910,reused,2025-03-17,2026-06-30,313,,DAILY,,,,,,,,,,,
000912,reused,2025-06-03,2026-06-30,262,,DAILY,,,,,,,,,,,
000913,reused,2025-06-03,2026-06-30,262,,DAILY,,,,,,,,,,,
000915,reused,2025-06-03,2026-06-30,262,,DAILY,,,,,,,,,,,
000916,empty,,,0,,DAILY,,,,,,,,,,,
000917,reused,2025-06-03,2026-06-30,262,,DAILY,,,,,,,,,,,
000919,reused,2025-06-03,2026-06-30,262,,DAILY,,,,,,,,,,,
000920,reused,2025-05-14,2026-07-20,289,,DAILY,,,,,,,,,,,
000921,reused,2025-04-23,2026-06-30,287,,DAILY,,,,,,,,,,,
000922,reused,2025-03-10,2026-06-30,318,,DAILY,,,,,,,,,,,
000923,reused,2025-06-03,2026-06-30,262,,DAILY,,,,,,,,,,,
000925,reused,2025-04-23,2026-06-30,287,,DAILY,,,,,,,,,,,
000926,reused,2025-03-27,2026-06-30,305,,DAILY,,,,,,,,,,,
000927,reused,2025-06-03,2026-06-30,262,,DAILY,,,,,,,,,,,
000928,reused,2025-06-03,2026-06-30,262,,DAILY,,,,,,,,,,,
000929,reused,2025-06-03,2026-06-30,262,,DAILY,,,,,,,,,,,
000930,reused,2025-06-03,2026-06-30,262,,DAILY,,,,,,,,,,,
000931,reused,2025-06-03,2026-06-30,262,,DAILY,,,,,,,,,,,
000932,reused,2025-06-03,2026-06-30,262,,DAILY,,,,,,,,,,,
000933,reused,2025-05-08,2026-07-14,289,,DAILY,,,,,,,,,,,
000935,reused,2025-05-12,2026-07-17,290,,DAILY,,,,,,,,,,,
000936,reused,2025-03-10,2026-06-30,318,,DAILY,,,,,,,,,,,
000937,reused,2025-06-03,2026-06-30,262,,DAILY,,,,,,,,,,,
000938,reused,2025-05-19,2026-07-24,290,,DAILY,,,,,,,,,,,
000948,reused,2025-05-26,2026-07-31,290,,DAILY,,,,,,,,,,,
000949,reused,2025-06-03,2026-06-30,262,,DAILY,,,,,,,,,,,
000950,reused,2025-03-10,2026-06-30,318,,DAILY,,,,,,,,,,,
000951,reused,2025-04-30,2026-07-06,286,,DAILY,,,,,,,,,,,
000952,reused,2025-06-03,2026-06-30,262,,DAILY,,,,,,,,,,,
000953,reused,2025-06-03,2026-06-30,262,,DAILY,,,,,,,,,,,
000955,reused,2025-04-30,2026-07-06,286,,DAILY,,,,,,,,,,,
000956,empty,,,0,,DAILY,,,,,,,,,,,
000957,reused,2025-06-03,2026-06-30,262,,DAILY,,,,,,,,,,,
000958,reused,2025-06-03,2026-06-30,262,,DAILY,,,,,,,,,,,
000959,reused,2025-05-12,2026-07-17,280,,DAILY,,,,,,,,,,,
000960,reused,2025-04-23,2026-06-30,287,,DAILY,,,,,,,,,,,
000962,reused,2025-06-03,2026-08-07,290,,DAILY,,,,,,,,,,,
000963,reused,2025-06-03,2026-06-30,262,,DAILY,,,,,,,,,,,
000965,reused,2025-06-03,2026-06-30,262,,DAILY,,,,,,,,,,,
000966,reused,2025-03-24,2026-06-30,308,,DAILY,,,,,,,,,,,
000967,reused,2025-06-03,2026-08-07,290,,DAILY,,,,,,,,,,,
000968,reused,2025-05-12,2026-07-17,290,,DAILY,,,,,,,,,,,
000969,reused,2025-04-23,2026-06-30,287,,DAILY,,,,,,,,,,,
000970,reused,2025-04-28,2026-07-03,287,,DAILY,,,,,,,,,,,
000972,reused,2025-04-30,2026-07-06,285,,DAILY,,,,,,,,,,,
000973,reused,2025-06-03,2026-08-11,292,,DAILY,,,,,,,,,,,
000975,reused,2025-05-19,2026-07-24,290,,DAILY,,,,,,,,,,,
000977,reused,2025-03-03,2026-08-03,347,,DAILY,,,,,,,,,,,
000978,reused,2025-06-03,2026-06-30,262,,DAILY,,,,,,,,,,,
000980,reused,2025-04-23,2026-06-30,287,,DAILY,,,,,,,,,,,
000981,reused,2025-06-03,2026-08-07,290,,DAILY,,,,,,,,,,,
000982,empty,,,0,,DAILY,,,,,,,,,,,
000983,reused,2025-06-03,2026-06-30,262,,DAILY,,,,,,,,,,,
000985,reused,2025-06-03,2026-06-30,262,,DAILY,,,,,,,,,,,
000987,reused,2025-04-23,2026-06-30,287,,DAILY,,,,,,,,,,,
000988,reused,2025-04-28,2026-07-03,287,,DAILY,,,,,,,,,,,
000989,reused,2025-05-12,2026-07-17,290,,DAILY,,,,,,,,,,,
000990,reused,2025-06-03,2026-06-30,262,,DAILY,,,,,,,,,,,
000993,reused,2025-03-10,2026-06-30,318,,DAILY,,,,,,,,,,,
000995,reused,2025-03-24,2026-06-30,308,,DAILY,,,,,,,,,,,
000997,reused,2025-03-20,2026-06-30,310,,DAILY,,,,,,,,,,,
000998,reused,2025-06-03,2026-06-30,262,,DAILY,,,,,,,,,,,
000999,reused,2025-06-03,2026-06-30,262,,DAILY,,,,,,,,,,,
001201,reused,2025-06-03,2026-06-30,262,,DAILY,,,,,,,,,,,
001202,reused,2025-06-03,2026-06-30,262,,DAILY,,,,,,,,,,,
001203,reused,2025-06-03,2026-06-30,262,,DAILY,,,,,,,,,,,
001205,reused,2025-06-03,2026-06-30,262,,DAILY,,,,,,,,,,,
001206,reused,2025-05-06,2026-07-10,280,,DAILY,,,,,,,,,,,
001207,reused,2025-05-06,2026-07-10,289,,DAILY,,,,,,,,,,,
001208,reused,2025-06-03,2026-08-07,290,,DAILY,,,,,,,,,,,
001209,reused,2025-06-03,2026-06-30,262,,DAILY,,,,,,,,,,,
001210,reused,2025-06-03,2026-08-07,290,,DAILY,,,,,,,,,,,
001211,reused,2025-05-19,2026-07-24,290,,DAILY,,,,,,,,,,,
001212,reused,2025-04-01,2026-06-30,302,,DAILY,,,,,,,,,,,
001213,reused,2025-06-03,2026-06-30,262,,DAILY,,,,,,,,,,,
001215,reused,2025-04-24,2026-06-30,286,,DAILY,,,,,,,,,,,
001216,reused,2025-04-23,2026-06-30,287,,DAILY,,,,,,,,,,,
001217,reused,2025-06-03,2026-06-30,262,,DAILY,,,,,,,,,,,
001218,reused,2025-06-03,2026-06-30,262,,DAILY,,,,,,,,,,,
001219,reused,2025-06-03,2026-06-30,262,,DAILY,,,,,,,,,,,
001220,fetched,2026-02-03,2026-06-30,95,,DAILY,,,,,,,,,,,
001221,fetched,2025-07-30,2026-06-30,221,,DAILY,,,,,,,,,,,
001222,reused,2025-06-03,2026-08-11,292,,DAILY,,,,,,,,,,,
001223,reused,2025-06-03,2026-08-11,292,,DAILY,,,,,,,,,,,
001225,reused,2025-06-03,2026-08-07,290,,DAILY,,,,,,,,,,,
001226,reused,2025-05-12,2026-07-17,290,,DAILY,,,,,,,,,,,
001227,reused,2025-06-03,2026-06-30,262,,DAILY,,,,,,,,,,,
001228,reused,2025-06-03,2026-06-30,262,,DAILY,,,,,,,,,,,
001229,reused,2025-06-03,2026-08-07,290,,DAILY,,,,,,,,,,,
001230,reused,2025-05-14,2026-07-20,289,,DAILY,,,,,,,,,,,
001231,reused,2025-06-03,2026-06-30,262,,DAILY,,,,,,,,,,,
001233,fetched,2025-11-25,2026-06-30,143,,DAILY,,,,,,,,,,,
001234,reused,2025-06-03,2026-06-30,262,,DAILY,,,,,,,,,,,
001236,reused,2025-06-03,2026-06-30,262,,DAILY,,,,,,,,,,,
001237,fetched,2026-05-22,2026-07-03,30,,DAILY,,,,,,,,,,,
001238,reused,2025-04-23,2026-06-30,287,,DAILY,,,,,,,,,,,
001239,reused,2025-06-03,2026-06-30,262,,DAILY,,,,,,,,,,,
001248,empty,2026-07-02,2026-07-29,20,,DAILY,,,,,,,,,,,
001255,reused,2025-06-03,2026-06-30,262,,DAILY,,,,,,,,,,,
001256,reused,2025-04-23,2026-06-30,287,,DAILY,,,,,,,,,,,
001257,fetched,2026-03-31,2026-06-30,61,,DAILY,,,,,,,,,,,
001258,reused,2025-06-03,2026-08-11,292,,DAILY,,,,,,,,,,,
001259,reused,2025-03-31,2026-06-30,303,,DAILY,,,,,,,,,,,
001260,reused,2025-06-03,2026-06-30,262,,DAILY,,,,,,,,,,,
001266,reused,2025-06-03,2026-08-07,290,,DAILY,,,,,,,,,,,
001267,reused,2025-06-03,2026-08-11,292,,DAILY,,,,,,,,,,,
001268,reused,2025-05-06,2026-07-07,286,,DAILY,,,,,,,,,,,
001269,reused,2025-04-23,2026-06-30,287,,DAILY,,,,,,,,,,,
001270,reused,2025-05-06,2026-07-07,282,,DAILY,,,,,,,,,,,
001277,reused,2025-06-03,2026-06-30,262,,DAILY,,,,,,,,,,,
001278,reused,2025-03-31,2026-06-30,303,,DAILY,,,,,,,,,,,
001279,reused,2025-04-23,2026-06-30,287,,DAILY,,,,,,,,,,,
001280,fetched,2025-12-03,2026-06-30,137,,DAILY,,,,,,,,,,,
001282,reused,2025-04-23,2026-06-30,287,,DAILY,,,,,,,,,,,
001283,reused,2025-05-12,2026-07-17,290,,DAILY,,,,,,,,,,,
001285,fetched,2025-09-30,2026-06-30,177,,DAILY,,,,,,,,,,,
001286,reused,2025-06-03,2026-06-30,262,,DAILY,,,,,,,,,,,
001287,reused,2025-05-06,2026-07-10,289,,DAILY,,,,,,,,,,,
001288,reused,2025-05-19,2026-07-24,290,,DAILY,,,,,,,,,,,
001289,reused,2025-04-24,2026-06-30,286,,DAILY,,,,,,,,,,,
001296,reused,2025-03-03,2026-08-11,353,,DAILY,,,,,,,,,,,
001298,reused,2025-06-03,2026-06-30,262,,DAILY,,,,,,,,,,,
001299,reused,2025-04-23,2026-06-30,287,,DAILY,,,,,,,,,,,
001300,reused,2025-06-03,2026-08-11,292,,DAILY,,,,,,,,,,,
001301,reused,2025-04-28,2026-07-03,287,,DAILY,,,,,,,,,,,
001306,reused,2025-05-06,2026-07-07,286,,DAILY,,,,,,,,,,,
001308,reused,2025-06-03,2026-06-30,262,,DAILY,,,,,,,,,,,
001309,reused,2025-05-28,2026-08-03,289,,DAILY,,,,,,,,,,,
001311,reused,2025-05-06,2026-07-10,289,,DAILY,,,,,,,,,,,
001312,fetched,2026-04-21,2026-06-30,47,,DAILY,,,,,,,,,,,
001313,reused,2025-03-03,2026-08-03,347,,DAILY,,,,,,,,,,,
001314,reused,2025-04-28,2026-07-03,278,,DAILY,,,,,,,,,,,
001316,reused,2025-04-23,2026-06-30,287,,DAILY,,,,,,,,,,,
001317,reused,2025-05-26,2026-07-31,290,,DAILY,,,,,,,,,,,
001318,reused,2025-05-26,2026-07-31,290,,DAILY,,,,,,,,,,,
001319,reused,2025-04-30,2026-07-06,286,,DAILY,,,,,,,,,,,
001322,reused,2025-06-03,2026-06-30,262,,DAILY,,,,,,,,,,,
001323,reused,2025-05-26,2026-07-31,290,,DAILY,,,,,,,,,,,
001324,reused,2025-06-03,2026-06-30,262,,DAILY,,,,,,,,,,,
001325,fetched,2025-12-18,2026-06-30,126,,DAILY,,,,,,,,,,,
001326,reused,2025-06-03,2026-08-07,290,,DAILY,,,,,,,,,,,
001328,reused,2025-05-26,2026-07-31,290,,DAILY,,,,,,,,,,,
001330,reused,2025-04-23,2026-06-30,287,,DAILY,,,,,,,,,,,
001331,reused,2025-06-03,2026-08-07,290,,DAILY,,,,,,,,,,,
001332,reused,2025-04-23,2026-06-30,287,,DAILY,,,,,,,,,,,
001333,reused,2025-03-13,2026-06-30,315,,DAILY,,,,,,,,,,,
001335,reused,2025-06-03,2026-06-30,262,,DAILY,,,,,,,,,,,
001336,reused,2025-06-03,2026-06-30,262,,DAILY,,,,,,,,,,,
001337,reused,2025-06-03,2026-08-07,290,,DAILY,,,,,,,,,,,
001338,reused,2025-06-03,2026-06-30,262,,DAILY,,,,,,,,,,,
001339,reused,2025-06-03,2026-08-07,290,,DAILY,,,,,,,,,,,
001356,reused,2025-06-03,2026-06-30,262,,DAILY,,,,,,,,,,,
001358,reused,2025-05-26,2026-08-04,292,,DAILY,,,,,,,,,,,
001359,reused,2025-06-03,2026-08-07,290,,DAILY,,,,,,,,,,,
001360,reused,2025-04-23,2026-06-30,287,,DAILY,,,,,,,,,,,
001365,fetched,2026-05-18,2026-07-20,45,,DAILY,,,,,,,,,,,
001366,reused,2025-03-24,2026-06-30,308,,DAILY,,,,,,,,,,,
001367,reused,2025-06-03,2026-06-30,262,,DAILY,,,,,,,,,,,
001368,reused,2025-06-03,2026-06-30,262,,DAILY,,,,,,,,,,,
001369,fetched,2025-12-30,2026-07-21,133,,DAILY,,,,,,,,,,,
001373,reused,2025-06-03,2026-06-30,262,,DAILY,,,,,,,,,,,
001376,reused,2025-06-03,2026-08-11,292,,DAILY,,,,,,,,,,,
001378,reused,2025-06-03,2026-08-10,291,,DAILY,,,,,,,,,,,
001379,reused,2025-06-03,2026-06-30,262,,DAILY,,,,,,,,,,,
001380,reused,2025-06-03,2026-06-30,262,,DAILY,,,,,,,,,,,
001382,reused,2025-05-21,2026-07-27,289,,DAILY,,,,,,,,,,,
001386,fetched,2025-10-22,2026-06-30,167,,DAILY,,,,,,,,,,,
001387,reused,2025-04-23,2026-06-30,287,,DAILY,,,,,,,,,,,
001388,fetched,2025-07-01,2026-08-11,272,,DAILY,,,,,,,,,,,
001389,reused,2025-05-19,2026-07-24,290,,DAILY,,,,,,,,,,,
001390,reused,2025-06-03,2026-06-30,262,,DAILY,,,,,,,,,,,
001391,reused,2025-06-03,2026-06-30,262,,DAILY,,,,,,,,,,,
001393,fetched,2026-05-15,2026-06-30,32,,DAILY,,,,,,,,,,,
001395,reused,2025-03-03,2026-08-03,347,,DAILY,,,,,,,,,,,
001396,fetched,2025-12-30,2026-06-30,118,,DAILY,,,,,,,,,,,
001399,fetched,2026-06-26,2026-07-24,21,,DAILY,,,,,,,,,,,
001400,reused,2025-05-29,2026-08-04,289,,DAILY,,,,,,,,,,,
001696,reused,2025-04-23,2026-06-30,287,,DAILY,,,,,,,,,,,
001872,reused,2025-06-03,2026-06-30,262,,DAILY,,,,,,,,,,,
001896,reused,2025-05-12,2026-07-17,290,,DAILY,,,,,,,,,,,
001914,reused,2025-06-03,2026-06-30,262,,DAILY,,,,,,,,,,,
001965,reused,2025-06-03,2026-06-30,262,,DAILY,,,,,,,,,,,
001979,reused,2025-06-03,2026-06-30,262,,DAILY,,,,,,,,,,,
002001,reused,2025-06-03,2026-06-30,262,,DAILY,,,,,,,,,,,
002003,reused,2025-06-03,2026-06-30,262,,DAILY,,,,,,,,,,,
002004,reused,2025-06-03,2026-06-30,262,,DAILY,,,,,,,,,,,
002006,reused,2025-06-03,2026-06-30,262,,DAILY,,,,,,,,,,,
002007,reused,2025-06-03,2026-06-30,262,,DAILY,,,,,,,,,,,
002008,reused,2025-05-19,2026-07-24,290,,DAILY,,,,,,,,,,,
002009,reused,2025-04-28,2026-07-03,287,,DAILY,,,,,,,,,,,
002010,reused,2025-06-03,2026-06-30,262,,DAILY,,,,,,,,,,,
002011,reused,2025-06-03,2026-06-30,262,,DAILY,,,,,,,,,,,
002012,reused,2025-06-03,2026-08-07,290,,DAILY,,,,,,,,,,,
002013,empty,,,0,,DAILY,,,,,,,,,,,
002014,reused,2025-04-23,2026-06-30,287,,DAILY,,,,,,,,,,,
002015,reused,2025-05-29,2026-08-04,289,,DAILY,,,,,,,,,,,
002016,reused,2025-06-03,2026-06-30,262,,DAILY,,,,,,,,,,,
002017,reused,2025-06-03,2026-06-30,262,,DAILY,,,,,,,,,,,
002019,reused,2025-06-03,2026-06-30,262,,DAILY,,,,,,,,,,,
002020,reused,2025-04-30,2026-07-06,286,,DAILY,,,,,,,,,,,
002021,reused,2025-04-23,2026-06-30,287,,DAILY,,,,,,,,,,,
002022,reused,2025-06-03,2026-06-30,262,,DAILY,,,,,,,,,,,
002023,reused,2025-03-31,2026-06-30,303,,DAILY,,,,,,,,,,,
002025,reused,2025-05-06,2026-07-10,289,,DAILY,,,,,,,,,,,
002026,reused,2025-06-03,2026-06-30,262,,DAILY,,,,,,,,,,,
002027,reused,2025-06-03,2026-06-30,262,,DAILY,,,,,,,,,,,
002028,reused,2025-06-03,2026-06-30,262,,DAILY,,,,,,,,,,,
002029,reused,2025-05-26,2026-07-31,290,,DAILY,,,,,,,,,,,
002030,reused,2025-03-17,2026-06-30,313,,DAILY,,,,,,,,,,,
002031,reused,2025-04-23,2026-08-11,317,,DAILY,,,,,,,,,,,
002032,reused,2025-06-03,2026-06-30,262,,DAILY,,,,,,,,,,,
002033,reused,2025-06-03,2026-06-30,262,,DAILY,,,,,,,,,,,
002034,reused,2025-03-10,2026-06-30,318,,DAILY,,,,,,,,,,,
002035,reused,2025-06-03,2026-06-30,262,,DAILY,,,,,,,,,,,
002036,reused,2025-06-03,2026-08-07,285,,DAILY,,,,,,,,,,,
002037,reused,2025-06-03,2026-08-11,292,,DAILY,,,,,,,,,,,
002038,reused,2025-05-08,2026-07-14,289,,DAILY,,,,,,,,,,,
002039,reused,2025-06-03,2026-06-30,262,,DAILY,,,,,,,,,,,
002040,reused,2025-04-23,2026-06-30,287,,DAILY,,,,,,,,,,,
002041,reused,2025-06-03,2026-06-30,262,,DAILY,,,,,,,,,,,
002042,reused,2025-05-06,2026-07-10,289,,DAILY,,,,,,,,,,,
002043,reused,2025-06-03,2026-06-30,262,,DAILY,,,,,,,,,,,
002044,reused,2025-06-03,2026-08-11,292,,DAILY,,,,,,,,,,,
002045,reused,2025-05-26,2026-07-31,290,,DAILY,,,,,,,,,,,
002046,reused,2025-04-23,2026-06-30,287,,DAILY,,,,,,,,,,,
002047,reused,2025-06-03,2026-08-11,292,,DAILY,,,,,,,,,,,
002048,reused,2025-04-23,2026-06-30,287,,DAILY,,,,,,,,,,,
002049,reused,2025-06-03,2026-06-30,262,,DAILY,,,,,,,,,,,
002050,reused,2025-06-03,2026-06-30,262,,DAILY,,,,,,,,,,,
002051,reused,2025-05-26,2026-07-31,290,,DAILY,,,,,,,,,,,
002052,reused,2025-06-03,2026-08-10,291,,DAILY,,,,,,,,,,,
002053,reused,2025-03-03,2026-08-03,347,,DAILY,,,,,,,,,,,
002054,reused,2025-06-03,2026-06-30,262,,DAILY,,,,,,,,,,,
002056,reused,2025-04-23,2026-06-30,287,,DAILY,,,,,,,,,,,
002057,reused,2025-04-23,2026-06-30,287,,DAILY,,,,,,,,,,,
002058,reused,2025-06-03,2026-08-07,290,,DAILY,,,,,,,,,,,
002059,reused,2025-06-03,2026-06-30,262,,DAILY,,,,,,,,,,,
002060,reused,2025-06-03,2026-06-30,262,,DAILY,,,,,,,,,,,
002061,reused,2025-06-03,2026-06-30,262,,DAILY,,,,,,,,,,,
002062,reused,2025-05-12,2026-07-17,290,,DAILY,,,,,,,,,,,
002063,reused,2025-06-03,2026-06-30,262,,DAILY,,,,,,,,,,,
002064,reused,2025-06-03,2026-06-30,262,,DAILY,,,,,,,,,,,
002065,reused,2025-06-03,2026-06-30,262,,DAILY,,,,,,,,,,,
002066,reused,2025-03-13,2026-06-30,315,,DAILY,,,,,,,,,,,
002067,reused,2025-05-07,2026-07-13,289,,DAILY,,,,,,,,,,,
002068,reused,2025-05-19,2026-07-24,290,,DAILY,,,,,,,,,,,
002069,reused,2025-06-03,2026-06-30,262,,DAILY,,,,,,,,,,,
002072,reused,2025-05-06,2026-07-07,286,,DAILY,,,,,,,,,,,
002073,reused,2025-06-03,2026-06-30,262,,DAILY,,,,,,,,,,,
002074,reused,2025-06-03,2026-06-30,262,,DAILY,,,,,,,,,,,
002075,reused,2025-06-03,2026-08-07,290,,DAILY,,,,,,,,,,,
002076,reused,2025-06-03,2026-06-30,262,,DAILY,,,,,,,,,,,
002077,reused,2025-06-03,2026-06-30,262,,DAILY,,,,,,,,,,,
002078,reused,2025-06-03,2026-06-30,262,,DAILY,,,,,,,,,,,
002079,reused,2025-06-03,2026-06-30,262,,DAILY,,,,,,,,,,,
002080,reused,2025-06-03,2026-08-07,290,,DAILY,,,,,,,,,,,
002081,reused,2025-04-23,2026-06-30,287,,DAILY,,,,,,,,,,,
002083,reused,2025-05-26,2026-07-31,290,,DAILY,,,,,,,,,,,
002084,reused,2025-06-03,2026-06-30,262,,DAILY,,,,,,,,,,,
002085,reused,2025-04-23,2026-06-30,287,,DAILY,,,,,,,,,,,
002086,reused,2025-06-03,2026-06-30,262,,DAILY,,,,,,,,,,,
002088,reused,2025-05-21,2026-07-27,289,,DAILY,,,,,,,,,,,
002090,reused,2025-05-06,2026-07-07,284,,DAILY,,,,,,,,,,,
002091,reused,2025-03-06,2026-06-30,320,,DAILY,,,,,,,,,,,
002092,reused,2025-06-03,2026-06-30,262,,DAILY,,,,,,,,,,,
002093,reused,2025-06-03,2026-06-30,262,,DAILY,,,,,,,,,,,
002094,reused,2025-06-03,2026-06-30,262,,DAILY,,,,,,,,,,,
002095,reused,2025-06-03,2026-06-30,262,,DAILY,,,,,,,,,,,
002096,reused,2025-06-03,2026-06-30,262,,DAILY,,,,,,,,,,,
002097,reused,2025-06-03,2026-06-30,262,,DAILY,,,,,,,,,,,
002098,reused,2025-06-03,2026-06-30,262,,DAILY,,,,,,,,,,,
002099,reused,2025-03-31,2026-06-30,303,,DAILY,,,,,,,,,,,
002100,reused,2025-06-03,2026-06-30,262,,DAILY,,,,,,,,,,,
002101,reused,2025-06-03,2026-06-30,262,,DAILY,,,,,,,,,,,
002103,reused,2025-06-03,2026-06-30,262,,DAILY,,,,,,,,,,,
002104,reused,2025-06-03,2026-08-10,291,,DAILY,,,,,,,,,,,
002105,reused,2025-06-03,2026-06-30,262,,DAILY,,,,,,,,,,,
002106,reused,2025-04-28,2026-07-03,287,,DAILY,,,,,,,,,,,
002107,reused,2025-06-03,2026-06-30,262,,DAILY,,,,,,,,,,,
002108,reused,2025-03-10,2026-06-30,318,,DAILY,,,,,,,,,,,
002110,reused,2025-06-03,2026-06-30,262,,DAILY,,,,,,,,,,,
002111,reused,2025-06-03,2026-06-30,262,,DAILY,,,,,,,,,,,
002112,reused,2025-06-03,2026-08-11,292,,DAILY,,,,,,,,,,,
002114,reused,2025-04-23,2026-06-30,283,,DAILY,,,,,,,,,,,
002115,reused,2025-05-29,2026-08-04,289,,DAILY,,,,,,,,,,,
002116,reused,2025-06-03,2026-06-30,262,,DAILY,,,,,,,,,,,
002117,reused,2025-06-03,2026-06-30,262,,DAILY,,,,,,,,,,,
002119,reused,2025-06-03,2026-08-07,290,,DAILY,,,,,,,,,,,
002120,reused,2025-06-03,2026-06-30,262,,DAILY,,,,,,,,,,,
002121,reused,2025-05-08,2026-07-14,289,,DAILY,,,,,,,,,,,
002123,reused,2025-03-17,2026-06-30,313,,DAILY,,,,,,,,,,,
002124,reused,2025-03-12,2026-06-30,315,,DAILY,,,,,,,,,,,
002125,reused,2025-04-23,2026-06-30,287,,DAILY,,,,,,,,,,,
002126,reused,2025-03-17,2026-06-30,313,,DAILY,,,,,,,,,,,
002127,reused,2025-05-14,2026-07-20,289,,DAILY,,,,,,,,,,,
002128,reused,2025-05-19,2026-07-17,285,,DAILY,,,,,,,,,,,
002129,reused,2025-05-06,2026-07-10,289,,DAILY,,,,,,,,,,,
002130,reused,2025-06-03,2026-06-30,262,,DAILY,,,,,,,,,,,
002131,reused,2025-06-03,2026-08-07,290,,DAILY,,,,,,,,,,,
002132,reused,2025-03-31,2026-06-30,303,,DAILY,,,,,,,,,,,
002133,reused,2025-06-03,2026-06-30,262,,DAILY,,,,,,,,,,,
002134,reused,2025-04-23,2026-06-30,287,,DAILY,,,,,,,,,,,
002135,reused,2025-03-17,2026-06-30,313,,DAILY,,,,,,,,,,,
002136,reused,2025-04-23,2026-06-30,287,,DAILY,,,,,,,,,,,
002137,reused,2025-05-06,2026-07-10,289,,DAILY,,,,,,,,,,,
002138,reused,2025-05-19,2026-07-24,290,,DAILY,,,,,,,,,,,
002139,reused,2025-06-03,2026-06-30,262,,DAILY,,,,,,,,,,,
002140,reused,2025-06-03,2026-06-30,262,,DAILY,,,,,,,,,,,
002141,reused,2025-05-26,2026-08-11,296,,DAILY,,,,,,,,,,,
002142,reused,2025-06-03,2026-06-30,262,,DAILY,,,,,,,,,,,
002144,reused,2025-05-08,2026-07-14,289,,DAILY,,,,,,,,,,,
002145,reused,2025-06-03,2026-06-30,262,,DAILY,,,,,,,,,,,
002146,reused,2025-06-03,2026-06-30,262,,DAILY,,,,,,,,,,,
002148,reused,2025-05-06,2026-07-07,286,,DAILY,,,,,,,,,,,
002149,reused,2025-03-03,2026-06-30,323,,DAILY,,,,,,,,,,,
002150,reused,2025-03-17,2026-06-30,313,,DAILY,,,,,,,,,,,
002151,reused,2025-06-03,2026-06-30,262,,DAILY,,,,,,,,,,,
002152,reused,2025-05-06,2026-07-10,289,,DAILY,,,,,,,,,,,
002153,reused,2025-06-03,2026-08-11,292,,DAILY,,,,,,,,,,,
002154,reused,2025-06-03,2026-06-30,262,,DAILY,,,,,,,,,,,
002155,reused,2025-06-03,2026-06-30,262,,DAILY,,,,,,,,,,,
002156,reused,2025-05-19,2026-07-24,290,,DAILY,,,,,,,,,,,
002157,reused,2025-06-03,2026-06-30,262,,DAILY,,,,,,,,,,,
002158,reused,2025-05-26,2026-07-31,290,,DAILY,,,,,,,,,,,
002159,reused,2025-04-23,2026-06-30,287,,DAILY,,,,,,,,,,,
002160,reused,2025-04-23,2026-06-30,282,,DAILY,,,,,,,,,,,
002161,reused,2025-04-23,2026-06-30,287,,DAILY,,,,,,,,,,,
002162,reused,2025-05-12,2026-07-17,290,,DAILY,,,,,,,,,,,
002163,reused,2025-06-03,2026-06-30,262,,DAILY,,,,,,,,,,,
002164,reused,2025-04-23,2026-06-30,287,,DAILY,,,,,,,,,,,
002165,reused,2025-05-21,2026-07-27,289,,DAILY,,,,,,,,,,,
002166,reused,2025-06-03,2026-06-30,262,,DAILY,,,,,,,,,,,
002167,reused,2025-05-19,2026-07-24,290,,DAILY,,,,,,,,,,,
002169,reused,2025-03-17,2026-06-30,305,,DAILY,,,,,,,,,,,
002170,reused,2025-06-03,2026-06-30,262,,DAILY,,,,,,,,,,,
002171,reused,2025-06-03,2026-06-30,262,,DAILY,,,,,,,,,,,
002172,reused,2025-06-03,2026-06-30,262,,DAILY,,,,,,,,,,,
002173,reused,2025-06-03,2026-08-07,290,,DAILY,,,,,,,,,,,
002174,reused,2025-05-26,2026-07-31,290,,DAILY,,,,,,,,,,,
002176,reused,2025-06-03,2026-08-07,290,,DAILY,,,,,,,,,,,
002177,reused,2025-06-03,2026-06-30,262,,DAILY,,,,,,,,,,,
002178,reused,2025-03-17,2026-06-30,313,,DAILY,,,,,,,,,,,
002179,reused,2025-03-10,2026-06-30,318,,DAILY,,,,,,,,,,,
002180,reused,2025-06-03,2026-08-10,291,,DAILY,,,,,,,,,,,
002181,reused,2025-03-31,2026-06-30,303,,DAILY,,,,,,,,,,,
002182,reused,2025-06-03,2026-08-07,290,,DAILY,,,,,,,,,,,
002183,reused,2025-04-23,2026-06-30,287,,DAILY,,,,,,,,,,,
002184,reused,2025-06-03,2026-06-30,262,,DAILY,,,,,,,,,,,
002185,reused,2025-05-07,2026-07-13,279,,DAILY,,,,,,,,,,,
002186,reused,2025-06-03,2026-06-30,262,,DAILY,,,,,,,,,,,
002187,reused,2025-06-03,2026-06-30,262,,DAILY,,,,,,,,,,,
002188,reused,2025-06-03,2026-06-30,262,,DAILY,,,,,,,,,,,
002189,reused,2025-05-22,2026-07-28,289,,DAILY,,,,,,,,,,,
002190,reused,2025-04-23,2026-06-30,287,,DAILY,,,,,,,,,,,
002191,reused,2025-06-03,2026-06-30,262,,DAILY,,,,,,,,,,,
002192,reused,2025-04-23,2026-06-30,287,,DAILY,,,,,,,,,,,
002194,reused,2025-06-03,2026-08-11,292,,DAILY,,,,,,,,,,,
002195,reused,2025-05-26,2026-07-31,290,,DAILY,,,,,,,,,,,
002196,reused,2025-04-23,2026-06-30,287,,DAILY,,,,,,,,,,,
002197,reused,2025-05-29,2026-08-04,288,,DAILY,,,,,,,,,,,
002200,reused,2025-04-23,2026-06-30,285,,DAILY,,,,,,,,,,,
002201,reused,2025-04-23,2026-06-30,287,,DAILY,,,,,,,,,,,
002202,reused,2025-05-08,2026-07-14,289,,DAILY,,,,,,,,,,,
002203,reused,2025-05-19,2026-07-24,290,,DAILY,,,,,,,,,,,
002204,reused,2025-06-03,2026-06-30,262,,DAILY,,,,,,,,,,,
002205,reused,2025-06-03,2026-06-30,262,,DAILY,,,,,,,,,,,
002206,reused,2025-06-03,2026-06-30,262,,DAILY,,,,,,,,,,,
002208,reused,2025-05-22,2026-07-28,289,,DAILY,,,,,,,,,,,
002209,reused,2025-06-03,2026-06-30,262,,DAILY,,,,,,,,,,,
002210,reused,2025-03-26,2026-06-30,306,,DAILY,,,,,,,,,,,
002212,reused,2025-06-03,2026-08-11,292,,DAILY,,,,,,,,,,,
002213,reused,2025-06-03,2026-08-07,290,,DAILY,,,,,,,,,,,
002215,reused,2025-04-23,2026-06-30,287,,DAILY,,,,,,,,,,,
002216,reused,2025-06-03,2026-06-30,262,,DAILY,,,,,,,,,,,
002217,reused,2025-04-23,2026-06-30,285,,DAILY,,,,,,,,,,,
002218,reused,2025-03-03,2026-08-03,347,,DAILY,,,,,,,,,,,
002219,reused,2025-06-03,2026-06-30,262,,DAILY,,,,,,,,,,,
002221,reused,2025-06-03,2026-06-30,262,,DAILY,,,,,,,,,,,
002222,reused,2025-06-03,2026-08-07,290,,DAILY,,,,,,,,,,,
002223,reused,2025-06-03,2026-06-30,262,,DAILY,,,,,,,,,,,
002224,reused,2025-06-03,2026-06-30,262,,DAILY,,,,,,,,,,,
002225,reused,2025-04-07,2026-06-30,299,,DAILY,,,,,,,,,,,
002226,reused,2025-03-17,2026-06-30,313,,DAILY,,,,,,,,,,,
002228,reused,2025-06-03,2026-06-30,262,,DAILY,,,,,,,,,,,
002229,reused,2025-06-03,2026-08-11,292,,DAILY,,,,,,,,,,,
002230,reused,2025-06-03,2026-06-30,262,,DAILY,,,,,,,,,,,
002232,reused,2025-06-03,2026-06-30,262,,DAILY,,,,,,,,,,,
002233,reused,2025-06-03,2026-06-30,262,,DAILY,,,,,,,,,,,
002234,reused,2025-06-03,2026-06-30,262,,DAILY,,,,,,,,,,,
002235,reused,2025-06-03,2026-08-11,292,,DAILY,,,,,,,,,,,
002236,reused,2025-06-03,2026-06-30,262,,DAILY,,,,,,,,,,,
002237,reused,2025-04-28,2026-07-03,287,,DAILY,,,,,,,,,,,
002238,reused,2025-06-03,2026-06-30,262,,DAILY,,,,,,,,,,,
002239,reused,2025-06-03,2026-06-30,262,,DAILY,,,,,,,,,,,
002240,reused,2025-05-21,2026-07-27,289,,DAILY,,,,,,,,,,,
002241,reused,2025-06-03,2026-06-30,262,,DAILY,,,,,,,,,,,
002242,reused,2025-05-26,2026-07-31,290,,DAILY,,,,,,,,,,,
002243,reused,2025-05-12,2026-07-17,290,,DAILY,,,,,,,,,,,
002244,reused,2025-06-03,2026-06-30,262,,DAILY,,,,,,,,,,,
002245,reused,2025-05-19,2026-07-24,290,,DAILY,,,,,,,,,,,
002246,reused,2025-06-03,2026-08-11,292,,DAILY,,,,,,,,,,,
002247,reused,2025-06-03,2026-06-30,262,,DAILY,,,,,,,,,,,
002248,reused,2025-06-03,2026-08-11,292,,DAILY,,,,,,,,,,,
002249,reused,2025-05-06,2026-07-07,286,,DAILY,,,,,,,,,,,
002250,reused,2025-05-12,2026-07-17,290,,DAILY,,,,,,,,,,,
002251,reused,2025-04-23,2026-06-30,287,,DAILY,,,,,,,,,,,
002252,reused,2025-06-03,2026-06-30,262,,DAILY,,,,,,,,,,,
002253,reused,2025-04-24,2026-06-30,284,,DAILY,,,,,,,,,,,
002254,reused,2025-03-03,2026-08-03,347,,DAILY,,,,,,,,,,,
002255,reused,2025-04-28,2026-07-03,287,,DAILY,,,,,,,,,,,
002256,reused,2025-06-03,2026-08-11,292,,DAILY,,,,,,,,,,,
002258,reused,2025-05-28,2026-08-03,289,,DAILY,,,,,,,,,,,
002259,reused,2025-03-06,2026-06-30,319,,DAILY,,,,,,,,,,,
002261,reused,2025-04-23,2026-06-30,287,,DAILY,,,,,,,,,,,
002262,reused,2025-06-03,2026-06-30,262,,DAILY,,,,,,,,,,,
002263,reused,2025-04-23,2026-06-30,287,,DAILY,,,,,,,,,,,
002264,reused,2025-06-03,2026-06-30,262,,DAILY,,,,,,,,,,,
002265,reused,2025-05-22,2026-07-28,289,,DAILY,,,,,,,,,,,
002266,reused,2025-06-03,2026-06-30,262,,DAILY,,,,,,,,,,,
002267,reused,2025-06-03,2026-06-30,262,,DAILY,,,,,,,,,,,
002268,reused,2025-06-03,2026-06-30,262,,DAILY,,,,,,,,,,,
002269,reused,2025-06-03,2026-06-30,262,,DAILY,,,,,,,,,,,
002270,reused,2025-05-26,2026-07-31,290,,DAILY,,,,,,,,,,,
002271,reused,2025-06-03,2026-06-30,262,,DAILY,,,,,,,,,,,
002272,reused,2025-03-20,2026-06-30,310,,DAILY,,,,,,,,,,,
002273,reused,2025-05-19,2026-07-24,290,,DAILY,,,,,,,,,,,
002274,reused,2025-05-07,2026-07-13,289,,DAILY,,,,,,,,,,,
002275,reused,2025-06-03,2026-06-30,262,,DAILY,,,,,,,,,,,
002276,reused,2025-06-03,2026-06-30,262,,DAILY,,,,,,,,,,,
002277,reused,2025-04-28,2026-07-03,287,,DAILY,,,,,,,,,,,
002278,reused,2025-06-03,2026-06-30,262,,DAILY,,,,,,,,,,,
002279,reused,2025-05-26,2026-07-31,290,,DAILY,,,,,,,,,,,
002281,reused,2025-06-03,2026-08-11,292,,DAILY,,,,,,,,,,,
002282,reused,2025-06-03,2026-06-30,262,,DAILY,,,,,,,,,,,
002283,reused,2025-05-06,2026-07-07,286,,DAILY,,,,,,,,,,,
002284,reused,2025-06-03,2026-06-30,262,,DAILY,,,,,,,,,,,
002285,reused,2025-06-03,2026-06-30,262,,DAILY,,,,,,,,,,,
002286,reused,2025-05-26,2026-07-31,290,,DAILY,,,,,,,,,,,
002287,reused,2025-06-03,2026-06-30,262,,DAILY,,,,,,,,,,,
002289,reused,2025-06-03,2026-08-11,292,,DAILY,,,,,,,,,,,
002290,reused,2025-04-28,2026-07-03,287,,DAILY,,,,,,,,,,,
002291,reused,2025-06-03,2026-08-07,290,,DAILY,,,,,,,,,,,
002292,reused,2025-05-26,2026-07-31,290,,DAILY,,,,,,,,,,,
002293,reused,2025-06-03,2026-06-30,262,,DAILY,,,,,,,,,,,
002294,reused,2025-05-06,2026-07-07,286,,DAILY,,,,,,,,,,,
002295,reused,2025-06-03,2026-06-30,262,,DAILY,,,,,,,,,,,
002296,reused,2025-06-03,2026-06-30,262,,DAILY,,,,,,,,,,,
002297,reused,2025-04-23,2026-06-30,287,,DAILY,,,,,,,,,,,
002298,reused,2025-06-03,2026-08-11,292,,DAILY,,,,,,,,,,,
002299,reused,2025-06-03,2026-06-30,262,,DAILY,,,,,,,,,,,
002300,reused,2025-06-03,2026-08-11,292,,DAILY,,,,,,,,,,,
002301,reused,2025-04-23,2026-06-30,287,,DAILY,,,,,,,,,,,
002302,reused,2025-06-03,2026-08-10,291,,DAILY,,,,,,,,,,,
002303,reused,2025-06-03,2026-08-07,290,,DAILY,,,,,,,,,,,
002304,reused,2025-06-03,2026-06-30,262,,DAILY,,,,,,,,,,,
002307,reused,2025-06-03,2026-06-30,262,,DAILY,,,,,,,,,,,
002309,reused,2025-05-26,2026-07-31,288,,DAILY,,,,,,,,,,,
002310,reused,2025-05-26,2026-07-31,289,,DAILY,,,,,,,,,,,
002311,reused,2025-06-03,2026-06-30,262,,DAILY,,,,,,,,,,,
002312,reused,2025-04-23,2026-06-30,287,,DAILY,,,,,,,,,,,
002313,reused,2025-06-03,2026-06-30,262,,DAILY,,,,,,,,,,,
002314,reused,2025-03-31,2026-06-30,303,,DAILY,,,,,,,,,,,
002315,reused,2025-06-03,2026-06-30,262,,DAILY,,,,,,,,,,,
002316,reused,2025-06-03,2026-06-30,262,,DAILY,,,,,,,,,,,
002317,reused,2025-05-08,2026-07-14,289,,DAILY,,,,,,,,,,,
002318,reused,2025-06-03,2026-06-30,262,,DAILY,,,,,,,,,,,
002319,reused,2025-05-19,2026-07-24,290,,DAILY,,,,,,,,,,,
002320,reused,2025-06-03,2026-06-30,262,,DAILY,,,,,,,,,,,
002321,reused,2025-06-03,2026-06-30,262,,DAILY,,,,,,,,,,,
002322,reused,2025-06-03,2026-06-30,262,,DAILY,,,,,,,,,,,
002324,reused,2025-06-03,2026-06-30,262,,DAILY,,,,,,,,,,,
002326,reused,2025-06-03,2026-06-30,262,,DAILY,,,,,,,,,,,
002327,reused,2025-06-03,2026-06-30,262,,DAILY,,,,,,,,,,,
002328,reused,2025-03-31,2026-06-30,303,,DAILY,,,,,,,,,,,
002329,reused,2025-06-03,2026-08-11,292,,DAILY,,,,,,,,,,,
002330,reused,2025-06-03,2026-06-30,262,,DAILY,,,,,,,,,,,
002331,reused,2025-06-03,2026-06-30,262,,DAILY,,,,,,,,,,,
002332,reused,2025-06-03,2026-06-30,262,,DAILY,,,,,,,,,,,
002333,reused,2025-06-03,2026-06-30,262,,DAILY,,,,,,,,,,,
002334,reused,2025-03-10,2026-06-30,318,,DAILY,,,,,,,,,,,
002335,reused,2025-04-23,2026-06-30,287,,DAILY,,,,,,,,,,,
002337,reused,2025-06-03,2026-06-30,262,,DAILY,,,,,,,,,,,
002338,reused,2025-05-26,2026-07-31,290,,DAILY,,,,,,,,,,,
002339,reused,2025-05-21,2026-07-27,289,,DAILY,,,,,,,,,,,
002340,reused,2025-06-03,2026-06-30,262,,DAILY,,,,,,,,,,,
002342,reused,2025-05-08,2026-07-14,289,,DAILY,,,,,,,,,,,
002343,reused,2025-06-03,2026-06-30,262,,DAILY,,,,,,,,,,,
002344,reused,2025-06-03,2026-06-30,262,,DAILY,,,,,,,,,,,
002345,reused,2025-06-03,2026-08-11,292,,DAILY,,,,,,,,,,,
002346,reused,2025-06-03,2026-08-07,290,,DAILY,,,,,,,,,,,
002347,reused,2025-06-03,2026-06-30,262,,DAILY,,,,,,,,,,,
002348,reused,2025-06-03,2026-08-07,290,,DAILY,,,,,,,,,,,
002349,reused,2025-06-03,2026-06-30,262,,DAILY,,,,,,,,,,,
002350,reused,2025-05-14,2026-07-20,289,,DAILY,,,,,,,,,,,
002351,reused,2025-06-03,2026-06-30,262,,DAILY,,,,,,,,,,,
002352,reused,2025-06-03,2026-06-30,262,,DAILY,,,,,,,,,,,
002353,reused,2025-05-26,2026-07-31,290,,DAILY,,,,,,,,,,,
002354,reused,2025-06-03,2026-08-07,290,,DAILY,,,,,,,,,,,
002355,reused,2025-06-03,2026-08-07,290,,DAILY,,,,,,,,,,,
002356,reused,2025-03-31,2026-06-30,303,,DAILY,,,,,,,,,,,
002357,reused,2025-05-12,2026-07-17,285,,DAILY,,,,,,,,,,,
002358,reused,2025-05-21,2026-07-27,289,,DAILY,,,,,,,,,,,
002361,reused,2025-06-03,2026-08-07,290,,DAILY,,,,,,,,,,,
002362,reused,2025-04-23,2026-06-30,287,,DAILY,,,,,,,,,,,
002363,reused,2025-06-03,2026-06-30,262,,DAILY,,,,,,,,,,,
002364,reused,2025-06-03,2026-08-07,290,,DAILY,,,,,,,,,,,
002365,reused,2025-05-26,2026-07-31,290,,DAILY,,,,,,,,,,,
002366,reused,2025-06-03,2026-08-07,290,,DAILY,,,,,,,,,,,
002367,reused,2025-04-23,2026-06-30,287,,DAILY,,,,,,,,,,,
002368,reused,2025-06-03,2026-06-30,262,,DAILY,,,,,,,,,,,
002369,reused,2025-06-03,2026-08-10,291,,DAILY,,,,,,,,,,,
002370,reused,2025-06-03,2026-08-11,292,,DAILY,,,,,,,,,,,
002371,reused,2025-05-19,2026-07-24,290,,DAILY,,,,,,,,,,,
002372,reused,2025-06-03,2026-06-30,262,,DAILY,,,,,,,,,,,
002373,reused,2025-06-03,2026-06-30,262,,DAILY,,,,,,,,,,,
002374,reused,2025-05-22,2026-07-28,289,,DAILY,,,,,,,,,,,
002375,reused,2025-03-17,2026-06-30,313,,DAILY,,,,,,,,,,,
002376,reused,2025-06-03,2026-08-10,291,,DAILY,,,,,,,,,,,
002377,reused,2025-05-06,2026-07-07,286,,DAILY,,,,,,,,,,,
002378,reused,2025-04-23,2026-06-30,287,,DAILY,,,,,,,,,,,
002379,reused,2025-05-21,2026-07-27,289,,DAILY,,,,,,,,,,,
002380,reused,2025-06-03,2026-06-30,262,,DAILY,,,,,,,,,,,
002381,reused,2025-06-03,2026-06-30,262,,DAILY,,,,,,,,,,,
002382,reused,2025-05-12,2026-07-17,290,,DAILY,,,,,,,,,,,
002383,reused,2025-06-03,2026-06-30,262,,DAILY,,,,,,,,,,,
002384,reused,2025-06-03,2026-08-07,290,,DAILY,,,,,,,,,,,
002385,reused,2025-06-03,2026-06-30,262,,DAILY,,,,,,,,,,,
002386,reused,2025-04-23,2026-06-30,287,,DAILY,,,,,,,,,,,
002387,reused,2025-05-26,2026-07-31,285,,DAILY,,,,,,,,,,,
002388,reused,2025-05-26,2026-08-11,296,,DAILY,,,,,,,,,,,
002389,reused,2025-06-03,2026-06-30,262,,DAILY,,,,,,,,,,,
002390,reused,2025-06-03,2026-06-30,262,,DAILY,,,,,,,,,,,
002391,reused,2025-06-03,2026-06-30,262,,DAILY,,,,,,,,,,,
002392,reused,2025-04-30,2026-07-06,286,,DAILY,,,,,,,,,,,
002393,reused,2025-06-03,2026-06-30,262,,DAILY,,,,,,,,,,,
002394,reused,2025-06-03,2026-06-30,262,,DAILY,,,,,,,,,,,
002395,reused,2025-04-02,2026-06-30,301,,DAILY,,,,,,,,,,,
002396,reused,2025-06-03,2026-08-07,290,,DAILY,,,,,,,,,,,
002397,reused,2025-03-26,2026-06-30,306,,DAILY,,,,,,,,,,,
002398,reused,2025-06-03,2026-06-30,262,,DAILY,,,,,,,,,,,
002399,reused,2025-06-03,2026-08-11,292,,DAILY,,,,,,,,,,,
002400,reused,2025-06-03,2026-06-30,262,,DAILY,,,,,,,,,,,
002401,reused,2025-06-03,2026-06-30,262,,DAILY,,,,,,,,,,,
002402,reused,2025-05-08,2026-07-14,289,,DAILY,,,,,,,,,,,
002403,reused,2025-05-06,2026-07-10,289,,DAILY,,,,,,,,,,,
002404,reused,2025-04-23,2026-06-30,287,,DAILY,,,,,,,,,,,
002405,reused,2025-06-03,2026-06-30,262,,DAILY,,,,,,,,,,,
002406,reused,2025-06-03,2026-06-30,262,,DAILY,,,,,,,,,,,
002407,reused,2025-06-03,2026-08-10,291,,DAILY,,,,,,,,,,,
002408,reused,2025-06-03,2026-06-30,262,,DAILY,,,,,,,,,,,
002409,reused,2025-05-26,2026-07-31,290,,DAILY,,,,,,,,,,,
002410,reused,2025-06-03,2026-06-30,262,,DAILY,,,,,,,,,,,
002412,reused,2025-03-03,2026-08-03,347,,DAILY,,,,,,,,,,,
002413,reused,2025-06-03,2026-06-30,262,,DAILY,,,,,,,,,,,
002414,reused,2025-03-03,2026-08-03,347,,DAILY,,,,,,,,,,,
002415,reused,2025-06-03,2026-06-30,262,,DAILY,,,,,,,,,,,
002416,reused,2025-06-03,2026-06-30,262,,DAILY,,,,,,,,,,,
002418,reused,2025-04-23,2026-06-30,287,,DAILY,,,,,,,,,,,
002419,reused,2025-06-03,2026-06-30,262,,DAILY,,,,,,,,,,,
002420,reused,2025-04-23,2026-06-30,284,,DAILY,,,,,,,,,,,
002421,reused,2025-06-03,2026-08-07,290,,DAILY,,,,,,,,,,,
002422,reused,2025-04-28,2026-07-03,287,,DAILY,,,,,,,,,,,
002423,reused,2025-06-03,2026-06-30,262,,DAILY,,,,,,,,,,,
002425,reused,2025-06-03,2026-08-10,291,,DAILY,,,,,,,,,,,
002426,reused,2025-04-23,2026-06-30,287,,DAILY,,,,,,,,,,,
002427,reused,2025-04-30,2026-07-06,286,,DAILY,,,,,,,,,,,
002428,reused,2025-06-03,2026-08-11,292,,DAILY,,,,,,,,,,,
002429,reused,2025-06-03,2026-06-30,262,,DAILY,,,,,,,,,,,
002430,reused,2025-04-23,2026-06-30,287,,DAILY,,,,,,,,,,,
002432,reused,2025-05-29,2026-08-04,289,,DAILY,,,,,,,,,,,
002434,reused,2025-05-06,2026-07-07,286,,DAILY,,,,,,,,,,,
002436,reused,2025-05-07,2026-07-13,289,,DAILY,,,,,,,,,,,
002437,reused,2025-06-03,2026-08-11,292,,DAILY,,,,,,,,,,,
002438,reused,2025-06-03,2026-08-07,290,,DAILY,,,,,,,,,,,
002439,reused,2025-06-03,2026-06-30,262,,DAILY,,,,,,,,,,,
002440,reused,2025-05-26,2026-07-31,290,,DAILY,,,,,,,,,,,
002441,reused,2025-06-03,2026-06-30,262,,DAILY,,,,,,,,,,,
002442,reused,2025-04-23,2026-06-30,287,,DAILY,,,,,,,,,,,
002443,reused,2025-06-03,2026-08-11,292,,DAILY,,,,,,,,,,,
002444,reused,2025-06-03,2026-06-30,262,,DAILY,,,,,,,,,,,
002445,reused,2025-06-03,2026-06-30,262,,DAILY,,,,,,,,,,,
002446,reused,2025-04-28,2026-07-03,287,,DAILY,,,,,,,,,,,
002448,reused,2025-05-26,2026-07-31,290,,DAILY,,,,,,,,,,,
002449,reused,2025-04-23,2026-06-30,287,,DAILY,,,,,,,,,,,
002451,reused,2025-05-21,2026-07-27,289,,DAILY,,,,,,,,,,,
002452,reused,2025-04-23,2026-06-30,287,,DAILY,,,,,,,,,,,
002453,reused,2025-04-23,2026-06-30,287,,DAILY,,,,,,,,,,,
002454,reused,2025-03-10,2026-06-30,318,,DAILY,,,,,,,,,,,
002455,reused,2025-06-03,2026-06-30,262,,DAILY,,,,,,,,,,,
002456,reused,2025-06-03,2026-06-30,262,,DAILY,,,,,,,,,,,
002457,reused,2025-05-06,2026-07-10,289,,DAILY,,,,,,,,,,,
002458,reused,2025-06-03,2026-08-11,292,,DAILY,,,,,,,,,,,
002459,reused,2025-04-23,2026-06-30,287,,DAILY,,,,,,,,,,,
002460,reused,2025-06-03,2026-06-30,262,,DAILY,,,,,,,,,,,
002461,reused,2025-06-03,2026-06-30,262,,DAILY,,,,,,,,,,,
002462,reused,2025-06-03,2026-06-30,262,,DAILY,,,,,,,,,,,
002463,reused,2025-06-03,2026-08-07,290,,DAILY,,,,,,,,,,,
002465,reused,2025-06-03,2026-06-30,262,,DAILY,,,,,,,,,,,
002466,reused,2025-06-03,2026-06-30,262,,DAILY,,,,,,,,,,,
002467,reused,2025-05-06,2026-07-10,289,,DAILY,,,,,,,,,,,
002468,reused,2025-06-03,2026-06-30,262,,DAILY,,,,,,,,,,,
002469,reused,2025-04-23,2026-06-30,287,,DAILY,,,,,,,,,,,
002470,reused,2025-06-03,2026-06-30,262,,DAILY,,,,,,,,,,,
002471,reused,2025-05-06,2026-07-07,286,,DAILY,,,,,,,,,,,
002472,reused,2025-05-06,2026-07-07,286,,DAILY,,,,,,,,,,,
002474,reused,2025-06-03,2026-08-11,292,,DAILY,,,,,,,,,,,
002475,reused,2025-06-03,2026-06-30,262,,DAILY,,,,,,,,,,,
002476,reused,2025-06-03,2026-06-30,262,,DAILY,,,,,,,,,,,
002478,reused,2025-06-03,2026-06-30,262,,DAILY,,,,,,,,,,,
002479,reused,2025-05-08,2026-07-14,289,,DAILY,,,,,,,,,,,
002480,reused,2025-06-03,2026-06-30,262,,DAILY,,,,,,,,,,,
002481,reused,2025-06-03,2026-06-30,262,,DAILY,,,,,,,,,,,
002482,reused,2025-06-03,2026-06-30,262,,DAILY,,,,,,,,,,,
002483,reused,2025-06-03,2026-06-30,262,,DAILY,,,,,,,,,,,
002484,reused,2025-06-03,2026-08-07,290,,DAILY,,,,,,,,,,,
002486,reused,2025-06-03,2026-06-30,262,,DAILY,,,,,,,,,,,
002487,reused,2025-06-03,2026-06-30,262,,DAILY,,,,,,,,,,,
002488,reused,2025-06-03,2026-06-30,262,,DAILY,,,,,,,,,,,
002489,reused,2025-06-03,2026-06-30,262,,DAILY,,,,,,,,,,,
002490,reused,2025-05-19,2026-07-24,290,,DAILY,,,,,,,,,,,
002491,reused,2025-06-03,2026-08-07,290,,DAILY,,,,,,,,,,,
002492,reused,2025-06-03,2026-06-30,262,,DAILY,,,,,,,,,,,
002493,reused,2025-06-03,2026-06-30,262,,DAILY,,,,,,,,,,,
002494,reused,2025-06-03,2026-06-30,262,,DAILY,,,,,,,,,,,
002495,reused,2025-06-03,2026-06-30,262,,DAILY,,,,,,,,,,,
002496,reused,2025-05-06,2026-07-07,285,,DAILY,,,,,,,,,,,
002497,reused,2025-05-06,2026-07-10,289,,DAILY,,,,,,,,,,,
002498,reused,2025-05-26,2026-07-31,290,,DAILY,,,,,,,,,,,
002500,reused,2025-06-03,2026-06-30,262,,DAILY,,,,,,,,,,,
002505,empty,,,0,,DAILY,,,,,,,,,,,
002506,reused,2025-03-12,2026-06-30,316,,DAILY,,,,,,,,,,,
002507,reused,2025-06-03,2026-06-30,262,,DAILY,,,,,,,,,,,
002508,reused,2025-06-03,2026-06-30,262,,DAILY,,,,,,,,,,,
002510,reused,2025-06-03,2026-06-30,262,,DAILY,,,,,,,,,,,
002511,reused,2025-06-03,2026-06-30,262,,DAILY,,,,,,,,,,,
002513,reused,2025-04-23,2026-06-30,287,,DAILY,,,,,,,,,,,
002515,reused,2025-05-19,2026-07-24,290,,DAILY,,,,,,,,,,,
002516,reused,2025-06-03,2026-06-30,262,,DAILY,,,,,,,,,,,
002517,reused,2025-05-26,2026-07-31,290,,DAILY,,,,,,,,,,,
002518,reused,2025-04-28,2026-07-03,287,,DAILY,,,,,,,,,,,
002519,reused,2025-06-03,2026-06-30,262,,DAILY,,,,,,,,,,,
002520,reused,2025-05-06,2026-07-07,286,,DAILY,,,,,,,,,,,
002521,reused,2025-04-28,2026-07-03,287,,DAILY,,,,,,,,,,,
002522,reused,2025-05-26,2026-07-31,290,,DAILY,,,,,,,,,,,
002523,reused,2025-05-12,2026-07-17,290,,DAILY,,,,,,,,,,,
002524,reused,2025-05-08,2026-07-14,289,,DAILY,,,,,,,,,,,
002526,reused,2025-03-24,2026-06-30,308,,DAILY,,,,,,,,,,,
002527,reused,2025-03-31,2026-06-30,303,,DAILY,,,,,,,,,,,
002529,reused,2025-06-03,2026-06-30,262,,DAILY,,,,,,,,,,,
002530,reused,2025-06-03,2026-06-30,262,,DAILY,,,,,,,,,,,
002531,reused,2025-06-03,2026-06-30,262,,DAILY,,,,,,,,,,,
002532,reused,2025-05-12,2026-07-17,290,,DAILY,,,,,,,,,,,
002533,reused,2025-06-03,2026-06-30,262,,DAILY,,,,,,,,,,,
002534,reused,2025-05-28,2026-08-03,289,,DAILY,,,,,,,,,,,
002535,reused,2025-06-03,2026-06-30,262,,DAILY,,,,,,,,,,,
002536,reused,2025-06-03,2026-08-07,290,,DAILY,,,,,,,,,,,
002537,reused,2025-06-03,2026-06-30,262,,DAILY,,,,,,,,,,,
002539,reused,2025-05-21,2026-07-27,289,,DAILY,,,,,,,,,,,
002540,reused,2025-06-03,2026-06-30,262,,DAILY,,,,,,,,,,,
002541,reused,2025-06-03,2026-08-11,292,,DAILY,,,,,,,,,,,
002543,reused,2025-06-03,2026-06-30,262,,DAILY,,,,,,,,,,,
002544,reused,2025-05-08,2026-07-14,289,,DAILY,,,,,,,,,,,
002545,reused,2025-05-19,2026-07-24,290,,DAILY,,,,,,,,,,,
002546,reused,2025-05-21,2026-07-27,289,,DAILY,,,,,,,,,,,
002548,reused,2025-05-08,2026-07-14,289,,DAILY,,,,,,,,,,,
002549,reused,2025-04-28,2026-07-03,287,,DAILY,,,,,,,,,,,
002550,reused,2025-04-23,2026-06-30,287,,DAILY,,,,,,,,,,,
002551,reused,2025-06-03,2026-06-30,262,,DAILY,,,,,,,,,,,
002552,reused,2025-06-03,2026-08-11,292,,DAILY,,,,,,,,,,,
002553,reused,2025-06-03,2026-06-30,262,,DAILY,,,,,,,,,,,
002554,reused,2025-06-03,2026-06-30,262,,DAILY,,,,,,,,,,,
002555,reused,2025-06-03,2026-06-30,262,,DAILY,,,,,,,,,,,
002556,reused,2025-06-03,2026-06-30,262,,DAILY,,,,,,,,,,,
002557,reused,2025-06-03,2026-06-30,262,,DAILY,,,,,,,,,,,
002558,reused,2025-05-26,2026-07-31,290,,DAILY,,,,,,,,,,,
002559,reused,2025-03-03,2026-08-03,347,,DAILY,,,,,,,,,,,
002560,reused,2025-05-21,2026-07-27,289,,DAILY,,,,,,,,,,,
002561,reused,2025-06-03,2026-06-30,262,,DAILY,,,,,,,,,,,
002562,reused,2025-06-03,2026-06-30,262,,DAILY,,,,,,,,,,,
002563,reused,2025-06-03,2026-06-30,262,,DAILY,,,,,,,,,,,
002564,reused,2025-06-03,2026-06-30,262,,DAILY,,,,,,,,,,,
002565,reused,2025-06-03,2026-06-30,262,,DAILY,,,,,,,,,,,
002566,reused,2025-05-21,2026-07-27,289,,DAILY,,,,,,,,,,,
002567,reused,2025-06-03,2026-06-30,262,,DAILY,,,,,,,,,,,
002568,reused,2025-05-26,2026-07-31,290,,DAILY,,,,,,,,,,,
002570,reused,2025-04-02,2026-06-30,301,,DAILY,,,,,,,,,,,
002571,reused,2025-06-03,2026-06-30,262,,DAILY,,,,,,,,,,,
002572,reused,2025-06-03,2026-06-30,262,,DAILY,,,,,,,,,,,
002573,reused,2025-06-03,2026-06-30,262,,DAILY,,,,,,,,,,,
002574,reused,2025-06-03,2026-06-30,262,,DAILY,,,,,,,,,,,
002575,reused,2025-05-19,2026-07-24,290,,DAILY,,,,,,,,,,,
002576,reused,2025-06-03,2026-06-30,262,,DAILY,,,,,,,,,,,
002577,reused,2025-05-26,2026-07-31,290,,DAILY,,,,,,,,,,,
002578,reused,2025-06-03,2026-06-30,262,,DAILY,,,,,,,,,,,
002579,reused,2025-06-03,2026-08-07,290,,DAILY,,,,,,,,,,,
002580,reused,2025-05-26,2026-08-11,297,,DAILY,,,,,,,,,,,
002582,reused,2025-06-03,2026-06-30,262,,DAILY,,,,,,,,,,,
002583,reused,2025-04-23,2026-06-30,287,,DAILY,,,,,,,,,,,
002584,reused,2025-04-30,2026-07-06,286,,DAILY,,,,,,,,,,,
002585,reused,2025-05-28,2026-08-11,295,,DAILY,,,,,,,,,,,
002587,reused,2025-04-28,2026-07-03,287,,DAILY,,,,,,,,,,,
002588,reused,2025-06-03,2026-06-30,262,,DAILY,,,,,,,,,,,
002589,reused,2025-06-03,2026-08-11,292,,DAILY,,,,,,,,,,,
002590,reused,2025-04-02,2026-06-30,301,,DAILY,,,,,,,,,,,
002591,reused,2025-03-05,2026-06-30,321,,DAILY,,,,,,,,,,,
002593,reused,2025-06-03,2026-06-30,262,,DAILY,,,,,,,,,,,
002594,reused,2025-06-03,2026-06-30,262,,DAILY,,,,,,,,,,,
002595,reused,2025-06-03,2026-06-30,262,,DAILY,,,,,,,,,,,
002596,reused,2025-05-21,2026-07-27,289,,DAILY,,,,,,,,,,,
002597,reused,2025-05-26,2026-07-31,290,,DAILY,,,,,,,,,,,
002599,reused,2025-06-03,2026-06-30,262,,DAILY,,,,,,,,,,,
002600,reused,2025-04-28,2026-07-03,287,,DAILY,,,,,,,,,,,
002601,reused,2025-04-23,2026-06-30,287,,DAILY,,,,,,,,,,,
002602,reused,2025-06-03,2026-06-30,262,,DAILY,,,,,,,,,,,
002603,reused,2025-06-03,2026-06-30,262,,DAILY,,,,,,,,,,,
002605,reused,2025-06-03,2026-06-30,262,,DAILY,,,,,,,,,,,
002606,reused,2025-05-21,2026-07-27,289,,DAILY,,,,,,,,,,,
002607,reused,2025-06-03,2026-08-07,290,,DAILY,,,,,,,,,,,
002608,reused,2025-03-03,2026-08-03,347,,DAILY,,,,,,,,,,,
002609,reused,2025-06-03,2026-06-30,262,,DAILY,,,,,,,,,,,
002611,reused,2025-06-03,2026-06-30,262,,DAILY,,,,,,,,,,,
002612,reused,2025-05-26,2026-07-31,290,,DAILY,,,,,,,,,,,
002613,reused,2025-04-23,2026-06-30,287,,DAILY,,,,,,,,,,,
002614,reused,2025-06-03,2026-06-30,262,,DAILY,,,,,,,,,,,
002615,reused,2025-04-28,2026-07-03,287,,DAILY,,,,,,,,,,,
002616,reused,2025-06-03,2026-06-30,262,,DAILY,,,,,,,,,,,
002617,reused,2025-03-12,2026-06-30,316,,DAILY,,,,,,,,,,,
002622,reused,2025-06-03,2026-08-11,292,,DAILY,,,,,,,,,,,
002623,reused,2025-05-08,2026-07-14,289,,DAILY,,,,,,,,,,,
002624,reused,2025-04-28,2026-07-03,287,,DAILY,,,,,,,,,,,
002625,reused,2025-06-03,2026-06-30,262,,DAILY,,,,,,,,,,,
002626,reused,2025-06-03,2026-08-11,292,,DAILY,,,,,,,,,,,
002627,reused,2025-03-24,2026-06-30,308,,DAILY,,,,,,,,,,,
002628,reused,2025-05-12,2026-07-17,290,,DAILY,,,,,,,,,,,
002629,reused,2025-03-31,2026-06-30,298,,DAILY,,,,,,,,,,,
002631,reused,2025-04-28,2026-08-11,314,,DAILY,,,,,,,,,,,
002632,reused,2025-03-03,2026-08-03,347,,DAILY,,,,,,,,,,,
002633,reused,2025-06-03,2026-06-30,262,,DAILY,,,,,,,,,,,
002635,reused,2025-05-06,2026-07-07,286,,DAILY,,,,,,,,,,,
002636,reused,2025-06-03,2026-08-07,290,,DAILY,,,,,,,,,,,
002637,reused,2025-04-23,2026-06-30,287,,DAILY,,,,,,,,,,,
002638,reused,2025-03-03,2026-08-03,347,,DAILY,,,,,,,,,,,
002639,reused,2025-04-28,2026-07-03,287,,DAILY,,,,,,,,,,,
002640,reused,2025-05-26,2026-07-31,290,,DAILY,,,,,,,,,,,
002641,reused,2025-06-03,2026-06-30,262,,DAILY,,,,,,,,,,,
002642,reused,2025-05-26,2026-07-31,290,,DAILY,,,,,,,,,,,
002643,reused,2025-04-23,2026-06-30,287,,DAILY,,,,,,,,,,,
002644,reused,2025-06-03,2026-06-30,262,,DAILY,,,,,,,,,,,
002645,reused,2025-04-23,2026-06-30,287,,DAILY,,,,,,,,,,,
002646,reused,2025-06-03,2026-06-30,262,,DAILY,,,,,,,,,,,
002647,reused,2025-06-03,2026-08-11,292,,DAILY,,,,,,,,,,,
002648,reused,2025-04-23,2026-06-30,287,,DAILY,,,,,,,,,,,
002649,reused,2025-06-03,2026-08-10,291,,DAILY,,,,,,,,,,,
002651,reused,2025-06-03,2026-06-30,262,,DAILY,,,,,,,,,,,
002652,reused,2025-04-30,2026-07-06,286,,DAILY,,,,,,,,,,,
002653,reused,2025-04-28,2026-07-03,287,,DAILY,,,,,,,,,,,
002654,reused,2025-04-28,2026-07-03,287,,DAILY,,,,,,,,,,,
002655,reused,2025-06-03,2026-08-07,290,,DAILY,,,,,,,,,,,
002657,reused,2025-04-23,2026-06-30,287,,DAILY,,,,,,,,,,,
002658,reused,2025-03-10,2026-06-30,318,,DAILY,,,,,,,,,,,
002659,reused,2025-06-03,2026-08-07,290,,DAILY,,,,,,,,,,,
002660,reused,2025-06-03,2026-06-30,262,,DAILY,,,,,,,,,,,
002661,reused,2025-06-03,2026-06-30,262,,DAILY,,,,,,,,,,,
002662,reused,2025-06-03,2026-06-30,262,,DAILY,,,,,,,,,,,
002663,reused,2025-06-03,2026-06-30,262,,DAILY,,,,,,,,,,,
002664,reused,2025-05-06,2026-07-07,286,,DAILY,,,,,,,,,,,
002666,reused,2025-06-03,2026-06-30,262,,DAILY,,,,,,,,,,,
002668,reused,2025-06-03,2026-06-30,262,,DAILY,,,,,,,,,,,
002669,reused,2025-05-19,2026-07-24,290,,DAILY,,,,,,,,,,,
002670,reused,2025-06-03,2026-06-30,262,,DAILY,,,,,,,,,,,
002671,reused,2025-06-03,2026-06-30,262,,DAILY,,,,,,,,,,,
002672,reused,2025-03-03,2026-08-03,347,,DAILY,,,,,,,,,,,
002673,reused,2025-06-03,2026-06-30,262,,DAILY,,,,,,,,,,,
002674,reused,2025-06-03,2026-08-07,290,,DAILY,,,,,,,,,,,
002675,reused,2025-06-03,2026-06-30,262,,DAILY,,,,,,,,,,,
002676,reused,2025-04-23,2026-06-30,287,,DAILY,,,,,,,,,,,
002677,reused,2025-03-03,2026-08-03,342,,DAILY,,,,,,,,,,,
002678,reused,2025-06-03,2026-06-30,262,,DAILY,,,,,,,,,,,
002679,reused,2025-06-03,2026-06-30,262,,DAILY,,,,,,,,,,,
002681,reused,2025-06-03,2026-08-07,290,,DAILY,,,,,,,,,,,
002682,reused,2025-06-03,2026-06-30,262,,DAILY,,,,,,,,,,,
002683,reused,2025-06-03,2026-06-30,262,,DAILY,,,,,,,,,,,
002685,reused,2025-06-03,2026-08-11,292,,DAILY,,,,,,,,,,,
002686,reused,2025-06-03,2026-08-10,291,,DAILY,,,,,,,,,,,
002687,reused,2025-05-26,2026-08-11,297,,DAILY,,,,,,,,,,,
002688,reused,2025-03-26,2026-06-30,306,,DAILY,,,,,,,,,,,
002690,reused,2025-06-03,2026-06-30,262,,DAILY,,,,,,,,,,,
002692,reused,2025-06-03,2026-06-30,262,,DAILY,,,,,,,,,,,
002693,reused,2025-06-03,2026-08-07,290,,DAILY,,,,,,,,,,,
002695,reused,2025-06-03,2026-08-07,290,,DAILY,,,,,,,,,,,
002696,reused,2025-06-03,2026-08-11,292,,DAILY,,,,,,,,,,,
002697,reused,2025-06-03,2026-06-30,262,,DAILY,,,,,,,,,,,
002698,reused,2025-03-05,2026-06-30,321,,DAILY,,,,,,,,,,,
002700,reused,2025-05-06,2026-07-07,286,,DAILY,,,,,,,,,,,
002701,reused,2025-06-03,2026-06-30,262,,DAILY,,,,,,,,,,,
002702,reused,2025-05-28,2026-08-03,289,,DAILY,,,,,,,,,,,
002703,reused,2025-06-03,2026-08-07,290,,DAILY,,,,,,,,,,,
002705,reused,2025-06-03,2026-06-30,262,,DAILY,,,,,,,,,,,
002706,reused,2025-03-24,2026-06-30,308,,DAILY,,,,,,,,,,,
002707,reused,2025-06-03,2026-06-30,262,,DAILY,,,,,,,,,,,
002708,reused,2025-04-23,2026-06-30,278,,DAILY,,,,,,,,,,,
002709,reused,2025-06-03,2026-06-30,262,,DAILY,,,,,,,,,,,
002712,reused,2025-06-03,2026-06-30,262,,DAILY,,,,,,,,,,,
002714,reused,2025-06-03,2026-06-30,262,,DAILY,,,,,,,,,,,
002715,reused,2025-06-03,2026-08-11,292,,DAILY,,,,,,,,,,,
002716,reused,2025-06-03,2026-06-30,262,,DAILY,,,,,,,,,,,
002718,reused,2025-05-12,2026-07-17,280,,DAILY,,,,,,,,,,,
002721,reused,2025-06-03,2026-08-11,292,,DAILY,,,,,,,,,,,
002722,reused,2025-06-03,2026-06-30,262,,DAILY,,,,,,,,,,,
002723,reused,2025-03-12,2026-06-30,316,,DAILY,,,,,,,,,,,
002724,reused,2025-06-03,2026-06-30,262,,DAILY,,,,,,,,,,,
002725,reused,2025-05-21,2026-07-27,289,,DAILY,,,,,,,,,,,
002727,reused,2025-06-03,2026-06-30,262,,DAILY,,,,,,,,,,,
002728,reused,2025-04-28,2026-07-03,287,,DAILY,,,,,,,,,,,
002729,reused,2025-04-14,2026-06-30,294,,DAILY,,,,,,,,,,,
002730,reused,2025-04-23,2026-06-30,287,,DAILY,,,,,,,,,,,
002732,reused,2025-06-03,2026-06-30,262,,DAILY,,,,,,,,,,,
002733,reused,2025-04-23,2026-06-30,287,,DAILY,,,,,,,,,,,
002734,reused,2025-06-03,2026-08-07,290,,DAILY,,,,,,,,,,,
002735,reused,2025-04-14,2026-06-30,294,,DAILY,,,,,,,,,,,
002736,reused,2025-06-03,2026-06-30,262,,DAILY,,,,,,,,,,,
002737,reused,2025-06-03,2026-06-30,262,,DAILY,,,,,,,,,,,
002738,reused,2025-03-03,2026-08-03,347,,DAILY,,,,,,,,,,,
002739,reused,2025-06-03,2026-08-11,292,,DAILY,,,,,,,,,,,
002741,reused,2025-04-23,2026-08-11,317,,DAILY,,,,,,,,,,,
002742,reused,2025-06-03,2026-08-11,292,,DAILY,,,,,,,,,,,
002743,reused,2025-06-03,2026-06-30,262,,DAILY,,,,,,,,,,,
002745,reused,2025-05-19,2026-07-24,290,,DAILY,,,,,,,,,,,
002746,reused,2025-06-03,2026-06-30,262,,DAILY,,,,,,,,,,,
002747,reused,2025-03-03,2026-08-03,347,,DAILY,,,,,,,,,,,
002748,reused,2025-06-03,2026-08-11,292,,DAILY,,,,,,,,,,,
002749,reused,2025-06-03,2026-06-30,262,,DAILY,,,,,,,,,,,
002752,reused,2025-06-03,2026-06-30,262,,DAILY,,,,,,,,,,,
002753,reused,2025-06-03,2026-06-30,262,,DAILY,,,,,,,,,,,
002755,reused,2025-06-03,2026-06-30,262,,DAILY,,,,,,,,,,,
002756,reused,2025-06-03,2026-06-30,262,,DAILY,,,,,,,,,,,
002757,reused,2025-05-06,2026-07-10,289,,DAILY,,,,,,,,,,,
002758,reused,2025-06-03,2026-06-30,262,,DAILY,,,,,,,,,,,
002759,reused,2025-06-03,2026-06-30,262,,DAILY,,,,,,,,,,,
002760,reused,2025-05-14,2026-07-20,289,,DAILY,,,,,,,,,,,
002761,reused,2025-06-03,2026-06-30,262,,DAILY,,,,,,,,,,,
002762,reused,2025-06-03,2026-08-11,292,,DAILY,,,,,,,,,,,
002763,reused,2025-06-03,2026-06-30,262,,DAILY,,,,,,,,,,,
002765,reused,2025-05-06,2026-07-07,284,,DAILY,,,,,,,,,,,
002766,reused,2025-06-03,2026-08-07,290,,DAILY,,,,,,,,,,,
002767,reused,2025-03-03,2026-08-03,347,,DAILY,,,,,,,,,,,
002768,reused,2025-06-03,2026-06-30,262,,DAILY,,,,,,,,,,,
002769,reused,2025-04-23,2026-06-30,277,,DAILY,,,,,,,,,,,
002771,reused,2025-05-06,2026-07-07,286,,DAILY,,,,,,,,,,,
002772,reused,2025-06-03,2026-06-30,262,,DAILY,,,,,,,,,,,
002773,reused,2025-06-03,2026-06-30,262,,DAILY,,,,,,,,,,,
002774,reused,2025-05-29,2026-08-04,289,,DAILY,,,,,,,,,,,
002775,reused,2025-05-29,2026-08-04,289,,DAILY,,,,,,,,,,,
002777,reused,2025-03-10,2026-06-30,318,,DAILY,,,,,,,,,,,
002778,reused,2025-06-03,2026-06-30,262,,DAILY,,,,,,,,,,,
002779,reused,2025-06-03,2026-08-07,290,,DAILY,,,,,,,,,,,
002780,reused,2025-06-03,2026-06-30,262,,DAILY,,,,,,,,,,,
002782,reused,2025-04-23,2026-06-30,287,,DAILY,,,,,,,,,,,
002783,reused,2025-06-03,2026-08-11,292,,DAILY,,,,,,,,,,,
002785,reused,2025-06-03,2026-06-30,262,,DAILY,,,,,,,,,,,
002786,reused,2025-05-12,2026-07-17,290,,DAILY,,,,,,,,,,,
002787,reused,2025-04-23,2026-06-30,287,,DAILY,,,,,,,,,,,
002788,reused,2025-06-03,2026-06-30,262,,DAILY,,,,,,,,,,,
002790,reused,2025-06-03,2026-06-30,262,,DAILY,,,,,,,,,,,
002791,reused,2025-05-26,2026-07-31,290,,DAILY,,,,,,,,,,,
002792,reused,2025-06-03,2026-08-11,292,,DAILY,,,,,,,,,,,
002793,reused,2025-06-03,2026-08-07,290,,DAILY,,,,,,,,,,,
002795,reused,2025-05-26,2026-07-31,290,,DAILY,,,,,,,,,,,
002796,reused,2025-06-03,2026-08-07,290,,DAILY,,,,,,,,,,,
002797,reused,2025-06-03,2026-06-30,262,,DAILY,,,,,,,,,,,
002798,reused,2025-04-30,2026-07-06,284,,DAILY,,,,,,,,,,,
002799,reused,2025-06-03,2026-06-30,262,,DAILY,,,,,,,,,,,
002800,reused,2025-05-12,2026-07-17,290,,DAILY,,,,,,,,,,,
002801,reused,2025-06-03,2026-06-30,262,,DAILY,,,,,,,,,,,
002802,reused,2025-06-03,2026-06-30,262,,DAILY,,,,,,,,,,,
002803,reused,2025-06-03,2026-08-07,290,,DAILY,,,,,,,,,,,
002805,reused,2025-04-28,2026-07-03,287,,DAILY,,,,,,,,,,,
002806,reused,2025-04-23,2026-06-30,282,,DAILY,,,,,,,,,,,
002807,reused,2025-06-03,2026-06-30,262,,DAILY,,,,,,,,,,,
002809,reused,2025-03-12,2026-06-30,316,,DAILY,,,,,,,,,,,
002810,reused,2025-06-03,2026-06-30,262,,DAILY,,,,,,,,,,,
002811,reused,2025-06-03,2026-06-30,262,,DAILY,,,,,,,,,,,
002812,reused,2025-04-23,2026-06-30,277,,DAILY,,,,,,,,,,,
002813,reused,2025-06-03,2026-06-30,262,,DAILY,,,,,,,,,,,
002815,reused,2025-05-07,2026-07-13,289,,DAILY,,,,,,,,,,,
002817,reused,2025-06-03,2026-06-30,262,,DAILY,,,,,,,,,,,
002818,reused,2025-06-03,2026-06-30,262,,DAILY,,,,,,,,,,,
002819,reused,2025-06-03,2026-06-30,262,,DAILY,,,,,,,,,,,
002820,reused,2025-06-03,2026-06-30,262,,DAILY,,,,,,,,,,,
002821,reused,2025-06-03,2026-08-11,292,,DAILY,,,,,,,,,,,
002823,reused,2025-03-20,2026-06-30,310,,DAILY,,,,,,,,,,,
002824,reused,2025-04-23,2026-06-30,287,,DAILY,,,,,,,,,,,
002825,reused,2025-03-10,2026-06-30,318,,DAILY,,,,,,,,,,,
002826,reused,2025-06-03,2026-08-10,291,,DAILY,,,,,,,,,,,
002827,reused,2025-06-03,2026-08-11,292,,DAILY,,,,,,,,,,,
002828,reused,2025-06-03,2026-08-11,287,,DAILY,,,,,,,,,,,
002829,reused,2025-03-03,2026-08-03,347,,DAILY,,,,,,,,,,,
002830,reused,2025-04-28,2026-07-03,287,,DAILY,,,,,,,,,,,
002831,reused,2025-03-17,2026-06-30,313,,DAILY,,,,,,,,,,,
002832,reused,2025-06-03,2026-06-30,262,,DAILY,,,,,,,,,,,
002833,reused,2025-05-26,2026-07-31,290,,DAILY,,,,,,,,,,,
002835,reused,2025-06-03,2026-06-30,262,,DAILY,,,,,,,,,,,
002836,reused,2025-06-03,2026-06-30,262,,DAILY,,,,,,,,,,,
002837,reused,2025-04-23,2026-06-30,287,,DAILY,,,,,,,,,,,
002838,reused,2025-05-12,2026-07-17,290,,DAILY,,,,,,,,,,,
002839,reused,2025-06-03,2026-06-30,262,,DAILY,,,,,,,,,,,
002840,reused,2025-03-12,2026-06-30,316,,DAILY,,,,,,,,,,,
002841,reused,2025-03-03,2026-08-03,347,,DAILY,,,,,,,,,,,
002842,reused,2025-06-03,2026-08-11,292,,DAILY,,,,,,,,,,,
002843,reused,2025-03-10,2026-06-30,318,,DAILY,,,,,,,,,,,
002845,reused,2025-05-07,2026-07-13,289,,DAILY,,,,,,,,,,,
002846,reused,2025-05-28,2026-08-03,289,,DAILY,,,,,,,,,,,
002847,reused,2025-05-26,2026-07-31,290,,DAILY,,,,,,,,,,,
002848,reused,2025-06-03,2026-06-30,262,,DAILY,,,,,,,,,,,
002849,reused,2025-04-28,2026-07-03,287,,DAILY,,,,,,,,,,,
002850,reused,2025-05-06,2026-07-07,286,,DAILY,,,,,,,,,,,
002851,reused,2025-05-29,2026-08-04,289,,DAILY,,,,,,,,,,,
002852,reused,2025-06-03,2026-06-30,262,,DAILY,,,,,,,,,,,
002853,reused,2025-03-17,2026-06-30,308,,DAILY,,,,,,,,,,,
002855,reused,2025-06-03,2026-06-30,262,,DAILY,,,,,,,,,,,
002857,reused,2025-05-19,2026-07-24,290,,DAILY,,,,,,,,,,,
002858,reused,2025-06-03,2026-06-30,262,,DAILY,,,,,,,,,,,
002859,reused,2025-06-03,2026-08-11,292,,DAILY,,,,,,,,,,,
002860,reused,2025-05-06,2026-07-10,289,,DAILY,,,,,,,,,,,
002861,reused,2025-06-03,2026-06-30,262,,DAILY,,,,,,,,,,,
002862,reused,2025-06-03,2026-06-30,262,,DAILY,,,,,,,,,,,
002863,reused,2025-06-03,2026-06-30,262,,DAILY,,,,,,,,,,,
002864,reused,2025-06-03,2026-06-30,262,,DAILY,,,,,,,,,,,
002865,reused,2025-05-08,2026-07-14,289,,DAILY,,,,,,,,,,,
002866,reused,2025-05-19,2026-07-24,290,,DAILY,,,,,,,,,,,
002867,reused,2025-06-03,2026-06-30,262,,DAILY,,,,,,,,,,,
002868,reused,2025-05-06,2026-07-07,285,,DAILY,,,,,,,,,,,
002869,reused,2025-05-26,2026-07-31,290,,DAILY,,,,,,,,,,,
002870,reused,2025-06-03,2026-06-30,262,,DAILY,,,,,,,,,,,
002871,reused,2025-04-23,2026-06-30,287,,DAILY,,,,,,,,,,,
002873,reused,2025-06-03,2026-06-30,262,,DAILY,,,,,,,,,,,
002875,reused,2025-03-31,2026-06-30,298,,DAILY,,,,,,,,,,,
002876,reused,2025-04-23,2026-06-30,287,,DAILY,,,,,,,,,,,
002877,reused,2025-04-23,2026-06-30,287,,DAILY,,,,,,,,,,,
002878,reused,2025-03-26,2026-06-30,306,,DAILY,,,,,,,,,,,
002879,reused,2025-06-03,2026-08-07,290,,DAILY,,,,,,,,,,,
002880,reused,2025-06-03,2026-06-30,262,,DAILY,,,,,,,,,,,
002881,reused,2025-05-14,2026-07-20,289,,DAILY,,,,,,,,,,,
002882,reused,2025-05-28,2026-08-04,290,,DAILY,,,,,,,,,,,
002884,reused,2025-06-03,2026-06-30,262,,DAILY,,,,,,,,,,,
002885,reused,2025-06-03,2026-08-11,292,,DAILY,,,,,,,,,,,
002886,reused,2025-03-24,2026-06-30,308,,DAILY,,,,,,,,,,,
002887,reused,2025-06-03,2026-06-30,262,,DAILY,,,,,,,,,,,
002888,reused,2025-03-19,2026-06-30,311,,DAILY,,,,,,,,,,,
002889,reused,2025-05-26,2026-07-31,290,,DAILY,,,,,,,,,,,
002890,reused,2025-06-03,2026-06-30,262,,DAILY,,,,,,,,,,,
002891,reused,2025-05-12,2026-07-17,290,,DAILY,,,,,,,,,,,
002892,reused,2025-04-23,2026-06-30,287,,DAILY,,,,,,,,,,,
002893,reused,2025-03-17,2026-06-30,313,,DAILY,,,,,,,,,,,
002895,reused,2025-06-03,2026-06-30,262,,DAILY,,,,,,,,,,,
002896,reused,2025-06-03,2026-08-07,290,,DAILY,,,,,,,,,,,
002897,reused,2025-04-28,2026-07-03,287,,DAILY,,,,,,,,,,,
002899,reused,2025-06-03,2026-06-30,262,,DAILY,,,,,,,,,,,
002900,reused,2025-06-03,2026-08-11,292,,DAILY,,,,,,,,,,,
002901,reused,2025-06-03,2026-06-30,262,,DAILY,,,,,,,,,,,
002902,reused,2025-06-03,2026-08-07,290,,DAILY,,,,,,,,,,,
002903,reused,2025-05-26,2026-07-31,290,,DAILY,,,,,,,,,,,
002905,reused,2025-06-03,2026-06-30,262,,DAILY,,,,,,,,,,,
002906,reused,2025-04-23,2026-06-30,287,,DAILY,,,,,,,,,,,
002907,reused,2025-05-07,2026-07-13,289,,DAILY,,,,,,,,,,,
002908,reused,2025-06-03,2026-08-07,290,,DAILY,,,,,,,,,,,
002909,reused,2025-06-03,2026-06-30,262,,DAILY,,,,,,,,,,,
002910,reused,2025-05-06,2026-07-10,289,,DAILY,,,,,,,,,,,
002911,reused,2025-06-03,2026-06-30,262,,DAILY,,,,,,,,,,,
002912,reused,2025-06-03,2026-08-07,290,,DAILY,,,,,,,,,,,
002913,reused,2025-06-03,2026-08-11,292,,DAILY,,,,,,,,,,,
002915,reused,2025-06-03,2026-08-10,291,,DAILY,,,,,,,,,,,
002916,reused,2025-06-03,2026-08-07,290,,DAILY,,,,,,,,,,,
002917,reused,2025-06-03,2026-06-30,262,,DAILY,,,,,,,,,,,
002918,reused,2025-05-26,2026-07-31,290,,DAILY,,,,,,,,,,,
002919,reused,2025-05-06,2026-07-10,289,,DAILY,,,,,,,,,,,
002920,reused,2025-03-19,2026-06-30,311,,DAILY,,,,,,,,,,,
002921,reused,2025-06-03,2026-08-07,290,,DAILY,,,,,,,,,,,
002922,reused,2025-03-10,2026-06-30,318,,DAILY,,,,,,,,,,,
002923,reused,2025-06-03,2026-06-30,262,,DAILY,,,,,,,,,,,
002925,reused,2025-05-26,2026-07-31,290,,DAILY,,,,,,,,,,,
002926,reused,2025-06-03,2026-06-30,262,,DAILY,,,,,,,,,,,
002927,reused,2025-04-23,2026-06-30,287,,DAILY,,,,,,,,,,,
002928,reused,2025-04-23,2026-06-30,287,,DAILY,,,,,,,,,,,
002929,reused,2025-06-03,2026-08-07,290,,DAILY,,,,,,,,,,,
002930,reused,2025-04-24,2026-06-30,286,,DAILY,,,,,,,,,,,
002931,reused,2025-05-29,2026-08-04,272,,DAILY,,,,,,,,,,,
002933,reused,2025-03-31,2026-06-30,303,,DAILY,,,,,,,,,,,
002935,reused,2025-04-23,2026-06-30,287,,DAILY,,,,,,,,,,,
002936,reused,2025-06-03,2026-06-30,262,,DAILY,,,,,,,,,,,
002937,reused,2025-06-03,2026-06-30,262,,DAILY,,,,,,,,,,,
002938,reused,2025-06-03,2026-08-07,290,,DAILY,,,,,,,,,,,
002939,reused,2025-06-03,2026-06-30,262,,DAILY,,,,,,,,,,,
002940,reused,2025-05-12,2026-07-17,290,,DAILY,,,,,,,,,,,
002941,reused,2025-06-03,2026-06-30,262,,DAILY,,,,,,,,,,,
002942,reused,2025-06-03,2026-06-30,262,,DAILY,,,,,,,,,,,
002943,reused,2025-06-03,2026-08-11,292,,DAILY,,,,,,,,,,,
002945,reused,2025-05-26,2026-07-31,290,,DAILY,,,,,,,,,,,
002946,reused,2025-06-03,2026-06-30,262,,DAILY,,,,,,,,,,,
002947,reused,2025-03-24,2026-06-30,308,,DAILY,,,,,,,,,,,
002948,reused,2025-06-03,2026-06-30,262,,DAILY,,,,,,,,,,,
002949,reused,2025-06-03,2026-06-30,262,,DAILY,,,,,,,,,,,
002950,reused,2025-04-23,2026-06-30,287,,DAILY,,,,,,,,,,,
002951,reused,2025-06-03,2026-08-11,292,,DAILY,,,,,,,,,,,
002952,reused,2025-03-19,2026-06-30,311,,DAILY,,,,,,,,,,,
002953,reused,2025-05-19,2026-07-24,290,,DAILY,,,,,,,,,,,
002955,reused,2025-04-28,2026-07-03,283,,DAILY,,,,,,,,,,,
002956,reused,2025-05-26,2026-07-31,290,,DAILY,,,,,,,,,,,
002957,reused,2025-06-03,2026-08-07,290,,DAILY,,,,,,,,,,,
002958,reused,2025-06-03,2026-06-30,262,,DAILY,,,,,,,,,,,
002959,reused,2025-06-03,2026-06-30,262,,DAILY,,,,,,,,,,,
002960,reused,2025-04-23,2026-06-30,287,,DAILY,,,,,,,,,,,
002961,reused,2025-04-14,2026-06-30,294,,DAILY,,,,,,,,,,,
002962,reused,2025-04-24,2026-06-30,286,,DAILY,,,,,,,,,,,
002963,reused,2025-06-03,2026-08-11,292,,DAILY,,,,,,,,,,,
002965,reused,2025-03-03,2026-08-03,347,,DAILY,,,,,,,,,,,
002966,reused,2025-06-03,2026-06-30,262,,DAILY,,,,,,,,,,,
002967,reused,2025-06-03,2026-06-30,262,,DAILY,,,,,,,,,,,
002968,reused,2025-06-03,2026-06-30,262,,DAILY,,,,,,,,,,,
002969,reused,2025-05-26,2026-07-31,273,,DAILY,,,,,,,,,,,
002970,reused,2025-05-19,2026-07-24,290,,DAILY,,,,,,,,,,,
002971,reused,2025-06-03,2026-08-11,292,,DAILY,,,,,,,,,,,
002972,reused,2025-04-23,2026-06-30,287,,DAILY,,,,,,,,,,,
002973,reused,2025-06-03,2026-08-10,291,,DAILY,,,,,,,,,,,
002975,reused,2025-06-03,2026-08-10,291,,DAILY,,,,,,,,,,,
002976,reused,2025-04-21,2026-06-30,289,,DAILY,,,,,,,,,,,
002978,reused,2025-06-03,2026-06-30,262,,DAILY,,,,,,,,,,,
002979,reused,2025-05-29,2026-08-04,289,,DAILY,,,,,,,,,,,
002980,reused,2025-06-03,2026-08-07,290,,DAILY,,,,,,,,,,,
002981,reused,2025-05-06,2026-07-07,286,,DAILY,,,,,,,,,,,
002982,reused,2025-04-23,2026-06-30,287,,DAILY,,,,,,,,,,,
002983,reused,2025-04-23,2026-06-30,287,,DAILY,,,,,,,,,,,
002984,reused,2025-06-03,2026-06-30,262,,DAILY,,,,,,,,,,,
002985,reused,2025-04-23,2026-06-30,287,,DAILY,,,,,,,,,,,
002986,reused,2025-06-03,2026-06-30,262,,DAILY,,,,,,,,,,,
002987,reused,2025-05-19,2026-07-24,290,,DAILY,,,,,,,,,,,
002988,reused,2025-05-06,2026-07-07,286,,DAILY,,,,,,,,,,,
002989,reused,2025-06-03,2026-08-07,290,,DAILY,,,,,,,,,,,
002990,reused,2025-06-03,2026-08-07,290,,DAILY,,,,,,,,,,,
002991,reused,2025-06-03,2026-06-30,262,,DAILY,,,,,,,,,,,
002992,reused,2025-06-03,2026-08-07,290,,DAILY,,,,,,,,,,,
002993,reused,2025-04-23,2026-06-30,287,,DAILY,,,,,,,,,,,
002995,reused,2025-05-26,2026-07-31,290,,DAILY,,,,,,,,,,,
002996,reused,2025-06-03,2026-06-30,262,,DAILY,,,,,,,,,,,
002997,reused,2025-04-23,2026-06-30,287,,DAILY,,,,,,,,,,,
002998,reused,2025-04-30,2026-07-06,286,,DAILY,,,,,,,,,,,
002999,reused,2025-06-03,2026-06-30,262,,DAILY,,,,,,,,,,,
003000,reused,2025-06-03,2026-06-30,262,,DAILY,,,,,,,,,,,
003001,reused,2025-06-03,2026-08-07,290,,DAILY,,,,,,,,,,,
003002,reused,2025-06-03,2026-06-30,262,,DAILY,,,,,,,,,,,
003003,reused,2025-06-03,2026-06-30,262,,DAILY,,,,,,,,,,,
003004,reused,2025-05-06,2026-07-10,288,,DAILY,,,,,,,,,,,
003005,reused,2025-05-29,2026-08-04,289,,DAILY,,,,,,,,,,,
003006,reused,2025-04-28,2026-07-03,287,,DAILY,,,,,,,,,,,
003007,reused,2025-03-19,2026-06-30,311,,DAILY,,,,,,,,,,,
003008,reused,2025-06-03,2026-06-30,262,,DAILY,,,,,,,,,,,
003009,reused,2025-05-08,2026-07-14,289,,DAILY,,,,,,,,,,,
003010,reused,2025-05-12,2026-07-17,290,,DAILY,,,,,,,,,,,
003011,reused,2025-05-06,2026-07-07,286,,DAILY,,,,,,,,,,,
003012,reused,2025-06-03,2026-06-30,262,,DAILY,,,,,,,,,,,
003013,reused,2025-06-03,2026-06-30,262,,DAILY,,,,,,,,,,,
003015,reused,2025-06-03,2026-06-30,262,,DAILY,,,,,,,,,,,
003016,reused,2025-06-03,2026-06-30,262,,DAILY,,,,,,,,,,,
003017,reused,2025-06-03,2026-06-30,262,,DAILY,,,,,,,,,,,
003018,reused,2025-06-03,2026-08-07,290,,DAILY,,,,,,,,,,,
003019,reused,2025-04-28,2026-07-03,287,,DAILY,,,,,,,,,,,
003020,reused,2025-05-26,2026-07-31,290,,DAILY,,,,,,,,,,,
003021,reused,2025-05-06,2026-07-07,286,,DAILY,,,,,,,,,,,
003022,reused,2025-03-12,2026-06-30,316,,DAILY,,,,,,,,,,,
003023,reused,2025-06-03,2026-06-30,262,,DAILY,,,,,,,,,,,
003025,reused,2025-06-03,2026-06-30,262,,DAILY,,,,,,,,,,,
003026,reused,2025-04-23,2026-06-30,287,,DAILY,,,,,,,,,,,
003027,reused,2025-06-03,2026-06-30,262,,DAILY,,,,,,,,,,,
003028,reused,2025-05-06,2026-07-07,286,,DAILY,,,,,,,,,,,
003029,reused,2025-06-03,2026-08-10,291,,DAILY,,,,,,,,,,,
003030,reused,2025-05-26,2026-07-31,290,,DAILY,,,,,,,,,,,
003031,reused,2025-06-03,2026-08-07,290,,DAILY,,,,,,,,,,,
003032,reused,2025-06-03,2026-08-07,290,,DAILY,,,,,,,,,,,
003033,reused,2025-05-19,2026-07-24,290,,DAILY,,,,,,,,,,,
003035,reused,2025-06-03,2026-06-30,262,,DAILY,,,,,,,,,,,
003036,reused,2025-06-03,2026-08-10,291,,DAILY,,,,,,,,,,,
003037,reused,2025-06-03,2026-06-30,262,,DAILY,,,,,,,,,,,
003038,reused,2025-06-03,2026-06-30,262,,DAILY,,,,,,,,,,,
003039,reused,2025-06-03,2026-06-30,262,,DAILY,,,,,,,,,,,
003040,reused,2025-06-03,2026-08-10,291,,DAILY,,,,,,,,,,,
003041,reused,2025-03-31,2026-06-30,294,,DAILY,,,,,,,,,,,
003042,reused,2025-06-03,2026-06-30,262,,DAILY,,,,,,,,,,,
003043,reused,2025-06-03,2026-08-11,292,,DAILY,,,,,,,,,,,
003816,reused,2025-06-03,2026-06-30,262,,DAILY,,,,,,,,,,,
600000,reused,2025-06-03,2026-06-30,262,,DAILY,,,,,,,,,,,
600001,empty,,,0,,DAILY,,,,,,,,,,,
600002,empty,,,0,,DAILY,,,,,,,,,,,
600004,reused,2025-06-03,2026-07-20,276,,DAILY,,,,,,,,,,,
600005,empty,,,0,,DAILY,,,,,,,,,,,
600006,reused,2025-06-03,2026-07-20,276,,DAILY,,,,,,,,,,,
600007,reused,2025-06-03,2026-07-20,276,,DAILY,,,,,,,,,,,
600008,reused,2025-06-03,2026-07-20,276,,DAILY,,,,,,,,,,,
600009,reused,2025-06-03,2026-07-20,276,,DAILY,,,,,,,,,,,
600010,reused,2025-06-03,2026-07-20,276,,DAILY,,,,,,,,,,,
600011,reused,2025-03-03,2026-08-03,347,,DAILY,,,,,,,,,,,
600012,reused,2025-06-03,2026-07-20,276,,DAILY,,,,,,,,,,,
600015,reused,2025-06-03,2026-07-20,276,,DAILY,,,,,,,,,,,
600016,reused,2025-06-03,2026-07-20,276,,DAILY,,,,,,,,,,,
600017,reused,2025-06-03,2026-07-20,276,,DAILY,,,,,,,,,,,
600018,reused,2025-06-03,2026-07-20,276,,DAILY,,,,,,,,,,,
600019,reused,2025-06-03,2026-07-20,276,,DAILY,,,,,,,,,,,
600020,reused,2025-06-03,2026-07-20,276,,DAILY,,,,,,,,,,,
600021,reused,2025-03-24,2026-07-20,322,,DAILY,,,,,,,,,,,
600022,reused,2025-06-03,2026-07-20,276,,DAILY,,,,,,,,,,,
600023,reused,2025-06-03,2026-07-20,276,,DAILY,,,,,,,,,,,
600025,reused,2025-06-03,2026-07-20,276,,DAILY,,,,,,,,,,,
600026,reused,2025-04-23,2026-07-20,301,,DAILY,,,,,,,,,,,
600027,reused,2025-06-03,2026-07-20,276,,DAILY,,,,,,,,,,,
600028,reused,2025-06-03,2026-07-20,276,,DAILY,,,,,,,,,,,
600029,reused,2025-06-03,2026-07-20,276,,DAILY,,,,,,,,,,,
600030,reused,2025-06-03,2026-07-20,276,,DAILY,,,,,,,,,,,
600031,reused,2025-06-03,2026-07-20,276,,DAILY,,,,,,,,,,,
600032,reused,2025-05-19,2026-07-24,290,,DAILY,,,,,,,,,,,
600033,reused,2025-06-03,2026-07-20,276,,DAILY,,,,,,,,,,,
600035,reused,2025-06-03,2026-07-20,276,,DAILY,,,,,,,,,,,
600036,reused,2025-06-03,2026-07-20,276,,DAILY,,,,,,,,,,,
600037,reused,2025-06-03,2026-07-20,276,,DAILY,,,,,,,,,,,
600038,reused,2025-06-03,2026-07-20,276,,DAILY,,,,,,,,,,,
600039,reused,2025-06-03,2026-07-20,276,,DAILY,,,,,,,,,,,
600048,reused,2025-06-03,2026-07-20,276,,DAILY,,,,,,,,,,,
600050,reused,2025-06-03,2026-07-20,276,,DAILY,,,,,,,,,,,
600051,reused,2025-06-03,2026-07-20,276,,DAILY,,,,,,,,,,,
600052,reused,2025-04-23,2026-07-20,301,,DAILY,,,,,,,,,,,
600054,reused,2025-06-03,2026-07-20,276,,DAILY,,,,,,,,,,,
600055,reused,2025-06-03,2026-07-20,276,,DAILY,,,,,,,,,,,
600056,reused,2025-06-03,2026-07-20,276,,DAILY,,,,,,,,,,,
600057,reused,2025-06-03,2026-07-20,276,,DAILY,,,,,,,,,,,
600058,reused,2025-04-23,2026-07-20,291,,DAILY,,,,,,,,,,,
600059,reused,2025-06-03,2026-07-20,276,,DAILY,,,,,,,,,,,
600060,reused,2025-06-03,2026-07-20,276,,DAILY,,,,,,,,,,,
600061,reused,2025-06-03,2026-07-20,276,,DAILY,,,,,,,,,,,
600062,reused,2025-06-03,2026-07-20,276,,DAILY,,,,,,,,,,,
600063,reused,2025-04-23,2026-07-20,301,,DAILY,,,,,,,,,,,
600064,reused,2025-06-03,2026-07-20,276,,DAILY,,,,,,,,,,,
600066,reused,2025-06-03,2026-07-20,276,,DAILY,,,,,,,,,,,
600067,reused,2025-04-23,2026-07-20,301,,DAILY,,,,,,,,,,,
600068,empty,,,0,,DAILY,,,,,,,,,,,
600071,reused,2025-06-03,2026-07-20,276,,DAILY,,,,,,,,,,,
600072,reused,2025-05-08,2026-07-20,293,,DAILY,,,,,,,,,,,
600073,reused,2025-06-03,2026-07-20,276,,DAILY,,,,,,,,,,,
600075,reused,2025-06-03,2026-07-20,276,,DAILY,,,,,,,,,,,
600076,reused,2025-05-26,2026-07-31,290,,DAILY,,,,,,,,,,,
600078,reused,2025-06-03,2026-08-07,290,,DAILY,,,,,,,,,,,
600081,reused,2025-03-13,2026-07-20,329,,DAILY,,,,,,,,,,,
600085,reused,2025-06-03,2026-07-20,276,,DAILY,,,,,,,,,,,
600088,reused,2025-04-23,2026-07-20,301,,DAILY,,,,,,,,,,,
600089,reused,2025-06-03,2026-07-20,276,,DAILY,,,,,,,,,,,
600094,reused,2025-03-03,2026-08-03,347,,DAILY,,,,,,,,,,,
600095,reused,2025-05-15,2026-07-21,289,,DAILY,,,,,,,,,,,
600096,reused,2025-04-23,2026-07-20,301,,DAILY,,,,,,,,,,,
600097,reused,2025-06-03,2026-07-20,276,,DAILY,,,,,,,,,,,
600098,reused,2025-06-03,2026-07-20,276,,DAILY,,,,,,,,,,,
600099,reused,2025-06-03,2026-07-20,276,,DAILY,,,,,,,,,,,
600100,reused,2025-06-03,2026-07-20,276,,DAILY,,,,,,,,,,,
600101,reused,2025-06-03,2026-07-20,276,,DAILY,,,,,,,,,,,
600102,empty,,,0,,DAILY,,,,,,,,,,,
600103,reused,2025-03-31,2026-07-20,317,,DAILY,,,,,,,,,,,
600104,reused,2025-06-03,2026-07-20,276,,DAILY,,,,,,,,,,,
600105,reused,2025-06-03,2026-08-07,290,,DAILY,,,,,,,,,,,
600106,reused,2025-06-03,2026-07-20,276,,DAILY,,,,,,,,,,,
600108,reused,2025-04-23,2026-07-20,301,,DAILY,,,,,,,,,,,
600109,reused,2025-06-03,2026-07-20,276,,DAILY,,,,,,,,,,,
600110,reused,2025-06-03,2026-08-11,292,,DAILY,,,,,,,,,,,
600111,reused,2025-06-03,2026-07-20,276,,DAILY,,,,,,,,,,,
600113,reused,2025-05-08,2026-07-20,293,,DAILY,,,,,,,,,,,
600114,reused,2025-03-31,2026-07-20,317,,DAILY,,,,,,,,,,,
600115,reused,2025-06-03,2026-07-20,276,,DAILY,,,,,,,,,,,
600116,reused,2025-06-03,2026-07-20,276,,DAILY,,,,,,,,,,,
600117,reused,2025-06-03,2026-07-20,276,,DAILY,,,,,,,,,,,
600118,reused,2025-05-08,2026-07-20,293,,DAILY,,,,,,,,,,,
600120,reused,2025-05-06,2026-07-20,295,,DAILY,,,,,,,,,,,
600121,reused,2025-05-19,2026-07-24,290,,DAILY,,,,,,,,,,,
600123,reused,2025-06-03,2026-07-20,276,,DAILY,,,,,,,,,,,
600125,reused,2025-06-03,2026-07-20,276,,DAILY,,,,,,,,,,,
600126,reused,2025-06-03,2026-08-11,292,,DAILY,,,,,,,,,,,
600127,reused,2025-06-03,2026-08-10,291,,DAILY,,,,,,,,,,,
600128,reused,2025-06-03,2026-07-20,276,,DAILY,,,,,,,,,,,
600129,reused,2025-05-06,2026-07-20,295,,DAILY,,,,,,,,,,,
600130,reused,2025-06-03,2026-08-07,290,,DAILY,,,,,,,,,,,
600131,reused,2025-06-03,2026-07-20,276,,DAILY,,,,,,,,,,,
600132,reused,2025-06-03,2026-07-20,276,,DAILY,,,,,,,,,,,
600133,reused,2025-06-03,2026-07-20,276,,DAILY,,,,,,,,,,,
600135,reused,2025-06-03,2026-07-20,276,,DAILY,,,,,,,,,,,
600137,reused,2025-06-03,2026-07-20,276,,DAILY,,,,,,,,,,,
600138,reused,2025-06-03,2026-07-20,276,,DAILY,,,,,,,,,,,
600141,reused,2025-03-03,2026-08-03,347,,DAILY,,,,,,,,,,,
600143,reused,2025-05-06,2026-07-20,295,,DAILY,,,,,,,,,,,
600148,reused,2025-06-03,2026-07-20,276,,DAILY,,,,,,,,,,,
600149,reused,2025-06-03,2026-07-20,276,,DAILY,,,,,,,,,,,
600150,reused,2025-06-03,2026-07-20,276,,DAILY,,,,,,,,,,,
600151,reused,2025-03-26,2026-07-20,320,,DAILY,,,,,,,,,,,
600152,reused,2025-04-23,2026-07-20,301,,DAILY,,,,,,,,,,,
600153,reused,2025-06-03,2026-07-20,276,,DAILY,,,,,,,,,,,
600155,reused,2025-06-03,2026-07-20,276,,DAILY,,,,,,,,,,,
600156,reused,2025-06-03,2026-08-10,291,,DAILY,,,,,,,,,,,
600157,reused,2025-06-03,2026-07-20,276,,DAILY,,,,,,,,,,,
600158,reused,2025-06-03,2026-07-20,276,,DAILY,,,,,,,,,,,
600159,reused,2025-06-03,2026-07-20,276,,DAILY,,,,,,,,,,,
600160,reused,2025-04-23,2026-07-20,301,,DAILY,,,,,,,,,,,
600161,reused,2025-06-03,2026-07-20,276,,DAILY,,,,,,,,,,,
600162,reused,2025-06-03,2026-08-11,292,,DAILY,,,,,,,,,,,
600163,reused,2025-06-03,2026-07-20,276,,DAILY,,,,,,,,,,,
600166,reused,2025-06-03,2026-07-20,276,,DAILY,,,,,,,,,,,
600167,reused,2025-06-03,2026-07-20,276,,DAILY,,,,,,,,,,,
600168,reused,2025-06-03,2026-07-20,276,,DAILY,,,,,,,,,,,
600170,reused,2025-06-03,2026-07-20,276,,DAILY,,,,,,,,,,,
600171,reused,2025-04-23,2026-07-20,301,,DAILY,,,,,,,,,,,
600172,reused,2025-06-03,2026-08-07,290,,DAILY,,,,,,,,,,,
600173,reused,2025-05-21,2026-07-27,289,,DAILY,,,,,,,,,,,
600176,reused,2025-05-26,2026-07-31,290,,DAILY,,,,,,,,,,,
600177,reused,2025-06-03,2026-07-20,276,,DAILY,,,,,,,,,,,
600178,reused,2025-05-22,2026-07-28,289,,DAILY,,,,,,,,,,,
600179,reused,2025-06-03,2026-07-20,276,,DAILY,,,,,,,,,,,
600182,reused,2025-04-30,2026-07-20,296,,DAILY,,,,,,,,,,,
600183,reused,2025-06-03,2026-08-11,292,,DAILY,,,,,,,,,,,
600184,reused,2025-04-28,2026-07-20,298,,DAILY,,,,,,,,,,,
600185,reused,2025-06-03,2026-07-20,276,,DAILY,,,,,,,,,,,
600186,reused,2025-06-03,2026-08-11,292,,DAILY,,,,,,,,,,,
600188,reused,2025-06-03,2026-08-10,291,,DAILY,,,,,,,,,,,
600189,reused,2025-06-03,2026-07-20,276,,DAILY,,,,,,,,,,,
600191,reused,2025-05-26,2026-07-31,290,,DAILY,,,,,,,,,,,
600192,reused,2025-06-03,2026-08-11,292,,DAILY,,,,,,,,,,,
600195,reused,2025-06-03,2026-07-20,276,,DAILY,,,,,,,,,,,
600196,reused,2025-06-03,2026-07-20,276,,DAILY,,,,,,,,,,,
600197,reused,2025-06-03,2026-07-20,276,,DAILY,,,,,,,,,,,
600198,reused,2025-04-23,2026-07-20,301,,DAILY,,,,,,,,,,,
600199,reused,2025-05-26,2026-07-31,290,,DAILY,,,,,,,,,,,
600201,reused,2025-06-03,2026-07-20,276,,DAILY,,,,,,,,,,,
600202,reused,2025-06-03,2026-07-20,276,,DAILY,,,,,,,,,,,
600203,reused,2025-05-14,2026-07-20,289,,DAILY,,,,,,,,,,,
600205,empty,,,0,,DAILY,,,,,,,,,,,
600206,reused,2025-06-03,2026-08-11,292,,DAILY,,,,,,,,,,,
600207,reused,2025-04-23,2026-07-20,301,,DAILY,,,,,,,,,,,
600208,reused,2025-06-03,2026-07-20,276,,DAILY,,,,,,,,,,,
600210,reused,2025-06-03,2026-07-20,276,,DAILY,,,,,,,,,,,
600211,reused,2025-06-03,2026-07-20,276,,DAILY,,,,,,,,,,,
600212,reused,2025-06-03,2026-07-20,276,,DAILY,,,,,,,,,,,
600215,reused,2025-05-06,2026-07-20,295,,DAILY,,,,,,,,,,,
600216,reused,2025-06-03,2026-07-20,276,,DAILY,,,,,,,,,,,
600217,reused,2025-06-03,2026-07-20,276,,DAILY,,,,,,,,,,,
600218,reused,2025-06-03,2026-07-20,276,,DAILY,,,,,,,,,,,
600219,reused,2025-05-21,2026-07-27,289,,DAILY,,,,,,,,,,,
600221,reused,2025-06-03,2026-07-20,276,,DAILY,,,,,,,,,,,
600222,reused,2025-04-28,2026-07-20,293,,DAILY,,,,,,,,,,,
600223,reused,2025-06-03,2026-07-20,276,,DAILY,,,,,,,,,,,
600226,reused,2025-04-23,2026-07-20,301,,DAILY,,,,,,,,,,,
600227,reused,2025-06-03,2026-08-11,292,,DAILY,,,,,,,,,,,
600228,reused,2025-06-03,2026-08-07,290,,DAILY,,,,,,,,,,,
600229,reused,2025-04-23,2026-07-20,301,,DAILY,,,,,,,,,,,
600230,reused,2025-05-21,2026-07-27,289,,DAILY,,,,,,,,,,,
600231,reused,2025-06-03,2026-07-20,276,,DAILY,,,,,,,,,,,
600232,reused,2025-06-03,2026-07-20,276,,DAILY,,,,,,,,,,,
600233,reused,2025-06-03,2026-07-20,276,,DAILY,,,,,,,,,,,
600234,reused,2025-04-23,2026-07-20,300,,DAILY,,,,,,,,,,,
600235,reused,2025-06-03,2026-07-20,276,,DAILY,,,,,,,,,,,
600236,reused,2025-05-26,2026-07-31,290,,DAILY,,,,,,,,,,,
600237,reused,2025-04-23,2026-07-20,301,,DAILY,,,,,,,,,,,
600241,reused,2025-05-06,2026-07-20,295,,DAILY,,,,,,,,,,,
600246,reused,2025-03-03,2026-08-03,347,,DAILY,,,,,,,,,,,
600248,reused,2025-06-03,2026-07-20,276,,DAILY,,,,,,,,,,,
600249,reused,2025-06-03,2026-07-20,276,,DAILY,,,,,,,,,,,
600250,reused,2025-06-03,2026-07-20,276,,DAILY,,,,,,,,,,,
600251,reused,2025-06-03,2026-07-20,276,,DAILY,,,,,,,,,,,
600252,reused,2025-06-03,2026-07-20,276,,DAILY,,,,,,,,,,,
600253,empty,,,0,,DAILY,,,,,,,,,,,
600255,reused,2025-05-12,2026-07-20,291,,DAILY,,,,,,,,,,,
600256,reused,2025-06-03,2026-07-20,276,,DAILY,,,,,,,,,,,
600257,reused,2025-05-12,2026-07-20,291,,DAILY,,,,,,,,,,,
600258,reused,2025-06-03,2026-07-20,276,,DAILY,,,,,,,,,,,
600259,reused,2025-04-23,2026-07-20,301,,DAILY,,,,,,,,,,,
600261,reused,2025-06-03,2026-07-20,276,,DAILY,,,,,,,,,,,
600262,reused,2025-06-03,2026-08-10,291,,DAILY,,,,,,,,,,,
600263,empty,,,0,,DAILY,,,,,,,,,,,
600266,reused,2025-06-03,2026-07-20,276,,DAILY,,,,,,,,,,,
600267,reused,2025-06-03,2026-08-11,292,,DAILY,,,,,,,,,,,
600268,reused,2025-05-21,2026-07-27,289,,DAILY,,,,,,,,,,,
600269,reused,2025-06-03,2026-07-20,276,,DAILY,,,,,,,,,,,
600270,empty,,,0,,DAILY,,,,,,,,,,,
600271,reused,2025-06-03,2026-07-20,276,,DAILY,,,,,,,,,,,
600272,reused,2025-06-03,2026-08-11,292,,DAILY,,,,,,,,,,,
600273,reused,2025-06-03,2026-07-20,276,,DAILY,,,,,,,,,,,
600276,reused,2025-06-03,2026-07-20,276,,DAILY,,,,,,,,,,,
600278,reused,2025-06-03,2026-07-20,276,,DAILY,,,,,,,,,,,
600279,reused,2025-06-03,2026-07-20,276,,DAILY,,,,,,,,,,,
600280,reused,2025-04-23,2026-07-20,301,,DAILY,,,,,,,,,,,
600281,reused,2025-06-03,2026-07-20,276,,DAILY,,,,,,,,,,,
600282,reused,2025-06-03,2026-07-20,276,,DAILY,,,,,,,,,,,
600283,reused,2025-06-03,2026-07-20,276,,DAILY,,,,,,,,,,,
600284,reused,2025-03-05,2026-07-20,335,,DAILY,,,,,,,,,,,
600285,reused,2025-06-03,2026-07-20,276,,DAILY,,,,,,,,,,,
600287,reused,2025-06-03,2026-07-20,276,,DAILY,,,,,,,,,,,
600288,reused,2025-03-03,2026-08-03,347,,DAILY,,,,,,,,,,,
600292,reused,2025-04-23,2026-07-20,301,,DAILY,,,,,,,,,,,
600293,reused,2025-05-12,2026-07-20,291,,DAILY,,,,,,,,,,,
600295,reused,2025-06-03,2026-07-20,276,,DAILY,,,,,,,,,,,
600296,empty,,,0,,DAILY,,,,,,,,,,,
600297,empty,,,0,,DAILY,,,,,,,,,,,
600298,reused,2025-06-03,2026-07-20,276,,DAILY,,,,,,,,,,,
600299,reused,2025-06-03,2026-07-20,276,,DAILY,,,,,,,,,,,
600300,reused,2025-06-03,2026-07-20,276,,DAILY,,,,,,,,,,,
600301,reused,2025-03-31,2026-07-20,317,,DAILY,,,,,,,,,,,
600303,reused,2025-05-26,2026-07-31,290,,DAILY,,,,,,,,,,,
600305,reused,2025-06-03,2026-07-20,276,,DAILY,,,,,,,,,,,
600307,reused,2025-06-03,2026-07-20,276,,DAILY,,,,,,,,,,,
600308,reused,2025-06-03,2026-07-20,276,,DAILY,,,,,,,,,,,
600309,reused,2025-06-03,2026-07-20,276,,DAILY,,,,,,,,,,,
600310,reused,2025-03-31,2026-07-20,317,,DAILY,,,,,,,,,,,
600312,reused,2025-06-03,2026-07-20,276,,DAILY,,,,,,,,,,,
600313,reused,2025-06-03,2026-07-20,276,,DAILY,,,,,,,,,,,
600315,reused,2025-06-03,2026-07-20,276,,DAILY,,,,,,,,,,,
600316,reused,2025-06-03,2026-08-11,292,,DAILY,,,,,,,,,,,
600317,empty,,,0,,DAILY,,,,,,,,,,,
600318,reused,2025-06-03,2026-07-20,276,,DAILY,,,,,,,,,,,
600319,reused,2025-06-03,2026-07-20,276,,DAILY,,,,,,,,,,,
600320,reused,2025-06-03,2026-07-20,276,,DAILY,,,,,,,,,,,
600321,empty,,,0,,DAILY,,,,,,,,,,,
600322,reused,2025-03-03,2026-08-03,347,,DAILY,,,,,,,,,,,
600323,reused,2025-06-03,2026-07-20,276,,DAILY,,,,,,,,,,,
600325,reused,2025-06-03,2026-07-20,276,,DAILY,,,,,,,,,,,
600326,reused,2025-06-03,2026-08-11,292,,DAILY,,,,,,,,,,,
600327,reused,2025-06-03,2026-08-11,292,,DAILY,,,,,,,,,,,
600328,reused,2025-06-03,2026-07-20,276,,DAILY,,,,,,,,,,,
600329,reused,2025-06-03,2026-07-20,276,,DAILY,,,,,,,,,,,
600330,reused,2025-06-03,2026-08-10,291,,DAILY,,,,,,,,,,,
600331,reused,2025-06-03,2026-07-20,276,,DAILY,,,,,,,,,,,
600332,reused,2025-06-03,2026-07-20,276,,DAILY,,,,,,,,,,,
600333,reused,2025-06-03,2026-07-20,276,,DAILY,,,,,,,,,,,
600335,reused,2025-06-03,2026-07-20,276,,DAILY,,,,,,,,,,,
600336,reused,2025-06-03,2026-07-20,276,,DAILY,,,,,,,,,,,
600338,reused,2025-06-03,2026-07-20,276,,DAILY,,,,,,,,,,,
600339,reused,2025-03-17,2026-07-20,327,,DAILY,,,,,,,,,,,
600343,reused,2025-05-21,2026-07-27,289,,DAILY,,,,,,,,,,,
600345,reused,2025-04-23,2026-07-20,301,,DAILY,,,,,,,,,,,
600346,reused,2025-06-03,2026-07-20,276,,DAILY,,,,,,,,,,,
600348,reused,2025-06-03,2026-07-20,276,,DAILY,,,,,,,,,,,
600350,reused,2025-05-06,2026-07-20,295,,DAILY,,,,,,,,,,,
600351,reused,2025-06-03,2026-07-20,276,,DAILY,,,,,,,,,,,
600352,reused,2025-04-23,2026-07-20,301,,DAILY,,,,,,,,,,,
600353,reused,2025-06-03,2026-08-07,290,,DAILY,,,,,,,,,,,
600354,reused,2025-05-21,2026-07-27,289,,DAILY,,,,,,,,,,,
600356,reused,2025-06-03,2026-08-11,292,,DAILY,,,,,,,,,,,
600357,empty,,,0,,DAILY,,,,,,,,,,,
600358,reused,2025-06-03,2026-07-20,276,,DAILY,,,,,,,,,,,
600359,reused,2025-06-03,2026-07-20,276,,DAILY,,,,,,,,,,,
600360,reused,2025-05-06,2026-07-20,285,,DAILY,,,,,,,,,,,
600361,reused,2025-06-03,2026-07-20,276,,DAILY,,,,,,,,,,,
600362,reused,2025-04-23,2026-07-20,301,,DAILY,,,,,,,,,,,
600363,reused,2025-03-03,2026-08-03,347,,DAILY,,,,,,,,,,,
600366,reused,2025-06-03,2026-07-20,276,,DAILY,,,,,,,,,,,
600367,reused,2025-06-03,2026-08-07,290,,DAILY,,,,,,,,,,,
600368,reused,2025-06-03,2026-07-20,276,,DAILY,,,,,,,,,,,
600369,reused,2025-06-03,2026-07-20,276,,DAILY,,,,,,,,,,,
600371,reused,2025-06-03,2026-07-20,276,,DAILY,,,,,,,,,,,
600372,reused,2025-06-03,2026-07-20,276,,DAILY,,,,,,,,,,,
600373,reused,2025-06-03,2026-07-20,276,,DAILY,,,,,,,,,,,
600375,reused,2025-04-23,2026-07-20,301,,DAILY,,,,,,,,,,,
600376,reused,2025-05-26,2026-07-31,290,,DAILY,,,,,,,,,,,
600377,reused,2025-06-03,2026-07-20,276,,DAILY,,,,,,,,,,,
600378,reused,2025-06-03,2026-08-07,290,,DAILY,,,,,,,,,,,
600379,reused,2025-06-03,2026-08-07,290,,DAILY,,,,,,,,,,,
600380,reused,2025-06-03,2026-07-20,276,,DAILY,,,,,,,,,,,
600382,reused,2025-04-23,2026-07-20,301,,DAILY,,,,,,,,,,,
600383,reused,2025-06-03,2026-07-20,276,,DAILY,,,,,,,,,,,
600386,reused,2025-03-13,2026-07-20,329,,DAILY,,,,,,,,,,,
600388,reused,2025-06-03,2026-07-20,276,,DAILY,,,,,,,,,,,
600389,reused,2025-05-21,2026-07-27,289,,DAILY,,,,,,,,,,,
600390,reused,2025-06-03,2026-07-20,276,,DAILY,,,,,,,,,,,
600391,reused,2025-05-06,2026-07-20,295,,DAILY,,,,,,,,,,,
600392,reused,2025-04-23,2026-07-20,301,,DAILY,,,,,,,,,,,
600395,reused,2025-03-24,2026-07-20,322,,DAILY,,,,,,,,,,,
600396,reused,2025-06-03,2026-08-07,290,,DAILY,,,,,,,,,,,
600397,reused,2025-06-03,2026-08-10,291,,DAILY,,,,,,,,,,,
600398,reused,2025-06-03,2026-07-20,276,,DAILY,,,,,,,,,,,
600399,reused,2025-04-23,2026-07-20,300,,DAILY,,,,,,,,,,,
600400,reused,2025-03-03,2026-08-03,347,,DAILY,,,,,,,,,,,
600403,reused,2025-06-03,2026-08-10,291,,DAILY,,,,,,,,,,,
600405,reused,2025-04-28,2026-07-20,293,,DAILY,,,,,,,,,,,
600406,reused,2025-06-03,2026-07-20,276,,DAILY,,,,,,,,,,,
600408,reused,2025-04-02,2026-07-20,315,,DAILY,,,,,,,,,,,
600409,reused,2025-05-21,2026-07-27,289,,DAILY,,,,,,,,,,,
600410,reused,2025-06-03,2026-08-07,290,,DAILY,,,,,,,,,,,
600415,reused,2025-06-03,2026-07-20,276,,DAILY,,,,,,,,,,,
600416,reused,2025-03-20,2026-07-20,324,,DAILY,,,,,,,,,,,
600418,reused,2025-05-28,2026-08-03,289,,DAILY,,,,,,,,,,,
600419,reused,2025-05-26,2026-07-31,290,,DAILY,,,,,,,,,,,
600420,reused,2025-06-03,2026-07-20,276,,DAILY,,,,,,,,,,,
600422,reused,2025-06-03,2026-07-20,276,,DAILY,,,,,,,,,,,
600425,reused,2025-06-03,2026-07-20,276,,DAILY,,,,,,,,,,,
600426,reused,2025-06-03,2026-07-20,276,,DAILY,,,,,,,,,,,
600428,reused,2025-05-08,2026-07-20,293,,DAILY,,,,,,,,,,,
600429,reused,2025-05-26,2026-07-31,290,,DAILY,,,,,,,,,,,
600433,reused,2025-06-03,2026-07-20,276,,DAILY,,,,,,,,,,,
600435,reused,2025-06-03,2026-07-20,276,,DAILY,,,,,,,,,,,
600436,reused,2025-05-14,2026-07-20,289,,DAILY,,,,,,,,,,,
600438,reused,2025-06-03,2026-08-07,290,,DAILY,,,,,,,,,,,
600439,reused,2025-03-03,2026-08-03,346,,DAILY,,,,,,,,,,,
600444,reused,2025-06-03,2026-07-20,276,,DAILY,,,,,,,,,,,
600446,reused,2025-03-17,2026-07-20,327,,DAILY,,,,,,,,,,,
600448,reused,2025-06-03,2026-07-20,276,,DAILY,,,,,,,,,,,
600449,reused,2025-06-03,2026-08-11,292,,DAILY,,,,,,,,,,,
600452,reused,2025-05-19,2026-07-24,290,,DAILY,,,,,,,,,,,
600455,reused,2025-06-03,2026-07-20,276,,DAILY,,,,,,,,,,,
600456,reused,2025-06-03,2026-07-20,276,,DAILY,,,,,,,,,,,
600458,reused,2025-04-23,2026-07-20,301,,DAILY,,,,,,,,,,,
600459,reused,2025-04-23,2026-07-20,301,,DAILY,,,,,,,,,,,
600460,reused,2025-05-19,2026-07-24,290,,DAILY,,,,,,,,,,,
600461,reused,2025-06-03,2026-07-20,276,,DAILY,,,,,,,,,,,
600463,reused,2025-03-31,2026-07-20,317,,DAILY,,,,,,,,,,,
600467,reused,2025-06-03,2026-07-20,276,,DAILY,,,,,,,,,,,
600468,reused,2025-06-03,2026-08-07,290,,DAILY,,,,,,,,,,,
600469,reused,2025-06-03,2026-07-20,276,,DAILY,,,,,,,,,,,
600470,reused,2025-05-06,2026-07-20,295,,DAILY,,,,,,,,,,,
600472,empty,,,0,,DAILY,,,,,,,,,,,
600475,reused,2025-05-28,2026-08-03,289,,DAILY,,,,,,,,,,,
600477,reused,2025-06-03,2026-07-20,276,,DAILY,,,,,,,,,,,
600478,reused,2025-06-03,2026-07-20,276,,DAILY,,,,,,,,,,,
600479,reused,2025-06-03,2026-07-20,276,,DAILY,,,,,,,,,,,
600480,reused,2025-04-30,2026-07-20,296,,DAILY,,,,,,,,,,,
600481,reused,2025-04-24,2026-07-20,300,,DAILY,,,,,,,,,,,
600482,reused,2025-04-02,2026-07-20,315,,DAILY,,,,,,,,,,,
600483,reused,2025-06-03,2026-07-20,276,,DAILY,,,,,,,,,,,
600486,reused,2025-06-03,2026-07-20,276,,DAILY,,,,,,,,,,,
600487,reused,2025-04-23,2026-07-20,301,,DAILY,,,,,,,,,,,
600488,reused,2025-05-26,2026-07-31,290,,DAILY,,,,,,,,,,,
600489,reused,2025-06-03,2026-07-20,276,,DAILY,,,,,,,,,,,
600490,reused,2025-06-03,2026-08-11,292,,DAILY,,,,,,,,,,,
600493,reused,2025-06-03,2026-07-20,276,,DAILY,,,,,,,,,,,
600495,reused,2025-06-03,2026-07-20,276,,DAILY,,,,,,,,,,,
600496,reused,2025-06-03,2026-07-20,276,,DAILY,,,,,,,,,,,
600497,reused,2025-05-12,2026-07-20,291,,DAILY,,,,,,,,,,,
600498,reused,2025-03-06,2026-07-20,334,,DAILY,,,,,,,,,,,
600499,reused,2025-05-26,2026-07-31,280,,DAILY,,,,,,,,,,,
600500,reused,2025-06-03,2026-08-11,292,,DAILY,,,,,,,,,,,
600501,reused,2025-06-03,2026-07-20,276,,DAILY,,,,,,,,,,,
600502,reused,2025-06-03,2026-07-20,276,,DAILY,,,,,,,,,,,
600503,reused,2025-03-31,2026-07-20,317,,DAILY,,,,,,,,,,,
600505,reused,2025-04-23,2026-07-20,301,,DAILY,,,,,,,,,,,
600506,reused,2025-04-23,2026-07-20,301,,DAILY,,,,,,,,,,,
600507,reused,2025-06-03,2026-07-20,276,,DAILY,,,,,,,,,,,
600508,reused,2025-06-03,2026-07-20,276,,DAILY,,,,,,,,,,,
600509,reused,2025-03-12,2026-07-20,330,,DAILY,,,,,,,,,,,
600510,reused,2025-03-13,2026-07-20,329,,DAILY,,,,,,,,,,,
600511,reused,2025-06-03,2026-07-20,276,,DAILY,,,,,,,,,,,
600512,reused,2025-06-03,2026-07-20,276,,DAILY,,,,,,,,,,,
600513,reused,2025-05-28,2026-08-03,289,,DAILY,,,,,,,,,,,
600515,reused,2025-06-03,2026-07-20,276,,DAILY,,,,,,,,,,,
600516,reused,2025-04-23,2026-07-20,301,,DAILY,,,,,,,,,,,
600517,reused,2025-06-03,2026-07-20,276,,DAILY,,,,,,,,,,,
600518,reused,2025-06-03,2026-07-20,276,,DAILY,,,,,,,,,,,
600519,reused,2025-06-03,2026-07-20,276,,DAILY,,,,,,,,,,,
600520,reused,2025-04-23,2026-07-20,301,,DAILY,,,,,,,,,,,
600521,reused,2025-06-03,2026-07-20,276,,DAILY,,,,,,,,,,,
600522,reused,2025-03-05,2026-07-20,335,,DAILY,,,,,,,,,,,
600523,reused,2025-06-03,2026-07-20,276,,DAILY,,,,,,,,,,,
600526,reused,2025-06-03,2026-07-20,276,,DAILY,,,,,,,,,,,
600527,reused,2025-03-26,2026-07-20,320,,DAILY,,,,,,,,,,,
600528,reused,2025-06-03,2026-07-20,276,,DAILY,,,,,,,,,,,
600529,reused,2025-06-03,2026-07-20,276,,DAILY,,,,,,,,,,,
600530,reused,2025-05-06,2026-07-20,295,,DAILY,,,,,,,,,,,
600531,reused,2025-04-23,2026-07-20,301,,DAILY,,,,,,,,,,,
600533,reused,2025-06-03,2026-07-20,276,,DAILY,,,,,,,,,,,
600535,reused,2025-06-03,2026-07-20,276,,DAILY,,,,,,,,,,,
600536,reused,2025-05-12,2026-07-20,291,,DAILY,,,,,,,,,,,
600538,reused,2025-06-03,2026-07-20,276,,DAILY,,,,,,,,,,,
600539,reused,2025-05-22,2026-07-28,289,,DAILY,,,,,,,,,,,
600540,reused,2025-06-03,2026-08-07,290,,DAILY,,,,,,,,,,,
600545,reused,2025-04-24,2026-07-20,300,,DAILY,,,,,,,,,,,
600546,reused,2025-03-31,2026-07-20,317,,DAILY,,,,,,,,,,,
600547,reused,2025-06-03,2026-07-20,276,,DAILY,,,,,,,,,,,
600548,reused,2025-06-03,2026-07-20,276,,DAILY,,,,,,,,,,,
600549,reused,2025-04-23,2026-07-20,301,,DAILY,,,,,,,,,,,
600550,reused,2025-05-21,2026-07-27,289,,DAILY,,,,,,,,,,,
600551,reused,2025-06-03,2026-07-20,276,,DAILY,,,,,,,,,,,
600552,reused,2025-05-19,2026-07-24,290,,DAILY,,,,,,,,,,,
600553,empty,,,0,,DAILY,,,,,,,,,,,
600556,reused,2025-06-03,2026-08-07,290,,DAILY,,,,,,,,,,,
600557,reused,2025-04-28,2026-07-20,298,,DAILY,,,,,,,,,,,
600558,reused,2025-06-03,2026-07-20,276,,DAILY,,,,,,,,,,,
600559,reused,2025-06-03,2026-07-20,276,,DAILY,,,,,,,,,,,
600560,reused,2025-06-03,2026-07-20,276,,DAILY,,,,,,,,,,,
600561,reused,2025-06-03,2026-07-20,276,,DAILY,,,,,,,,,,,
600562,reused,2025-06-03,2026-07-20,276,,DAILY,,,,,,,,,,,
600563,reused,2025-04-23,2026-07-20,301,,DAILY,,,,,,,,,,,
600566,reused,2025-06-03,2026-07-20,276,,DAILY,,,,,,,,,,,
600567,reused,2025-04-23,2026-07-20,301,,DAILY,,,,,,,,,,,
600569,reused,2025-06-03,2026-07-20,276,,DAILY,,,,,,,,,,,
600570,reused,2025-06-03,2026-07-20,276,,DAILY,,,,,,,,,,,
600571,reused,2025-06-03,2026-07-20,276,,DAILY,,,,,,,,,,,
600572,reused,2025-06-03,2026-07-20,276,,DAILY,,,,,,,,,,,
600573,reused,2025-04-23,2026-07-20,301,,DAILY,,,,,,,,,,,
600575,reused,2025-06-03,2026-07-20,276,,DAILY,,,,,,,,,,,
600576,reused,2025-04-28,2026-07-20,298,,DAILY,,,,,,,,,,,
600577,reused,2025-06-03,2026-07-20,276,,DAILY,,,,,,,,,,,
600578,reused,2025-05-26,2026-07-31,290,,DAILY,,,,,,,,,,,
600579,reused,2025-04-23,2026-07-20,291,,DAILY,,,,,,,,,,,
600580,reused,2025-05-29,2026-08-04,289,,DAILY,,,,,,,,,,,
600582,reused,2025-06-03,2026-07-20,276,,DAILY,,,,,,,,,,,
600583,reused,2025-06-03,2026-07-20,276,,DAILY,,,,,,,,,,,
600584,reused,2025-06-03,2026-08-10,291,,DAILY,,,,,,,,,,,
600585,reused,2025-06-03,2026-07-20,276,,DAILY,,,,,,,,,,,
600586,reused,2025-06-03,2026-07-20,276,,DAILY,,,,,,,,,,,
600587,reused,2025-06-03,2026-07-20,276,,DAILY,,,,,,,,,,,
600588,reused,2025-05-29,2026-08-04,289,,DAILY,,,,,,,,,,,
600589,reused,2025-03-26,2026-07-20,320,,DAILY,,,,,,,,,,,
600590,reused,2025-06-03,2026-07-20,276,,DAILY,,,,,,,,,,,
600592,reused,2025-05-06,2026-07-20,295,,DAILY,,,,,,,,,,,
600593,reused,2025-04-23,2026-07-20,296,,DAILY,,,,,,,,,,,
600594,reused,2025-05-26,2026-07-31,290,,DAILY,,,,,,,,,,,
600595,reused,2025-05-12,2026-07-20,291,,DAILY,,,,,,,,,,,
600596,reused,2025-04-23,2026-07-20,301,,DAILY,,,,,,,,,,,
600597,reused,2025-06-03,2026-07-20,276,,DAILY,,,,,,,,,,,
600598,reused,2025-06-03,2026-07-20,276,,DAILY,,,,,,,,,,,
600600,reused,2025-06-03,2026-07-20,276,,DAILY,,,,,,,,,,,
600601,reused,2025-06-03,2026-08-11,292,,DAILY,,,,,,,,,,,
600602,reused,2025-05-29,2026-08-04,289,,DAILY,,,,,,,,,,,
600603,reused,2025-03-24,2026-07-20,321,,DAILY,,,,,,,,,,,
600604,reused,2025-03-17,2026-07-20,327,,DAILY,,,,,,,,,,,
600605,reused,2025-06-03,2026-07-20,276,,DAILY,,,,,,,,,,,
600606,reused,2025-06-03,2026-07-20,276,,DAILY,,,,,,,,,,,
600607,empty,,,0,,DAILY,,,,,,,,,,,
600609,reused,2025-06-03,2026-07-20,276,,DAILY,,,,,,,,,,,
600610,reused,2025-03-05,2026-07-20,335,,DAILY,,,,,,,,,,,
600611,reused,2025-06-03,2026-08-11,292,,DAILY,,,,,,,,,,,
600612,reused,2025-06-03,2026-07-20,276,,DAILY,,,,,,,,,,,
600613,reused,2025-06-03,2026-07-20,276,,DAILY,,,,,,,,,,,
600615,reused,2025-04-23,2026-07-20,301,,DAILY,,,,,,,,,,,
600616,reused,2025-06-03,2026-07-20,276,,DAILY,,,,,,,,,,,
600617,reused,2025-05-26,2026-07-31,290,,DAILY,,,,,,,,,,,
600618,reused,2025-06-03,2026-07-20,276,,DAILY,,,,,,,,,,,
600619,reused,2025-05-26,2026-07-31,290,,DAILY,,,,,,,,,,,
600620,reused,2025-06-03,2026-07-20,276,,DAILY,,,,,,,,,,,
600621,reused,2025-06-03,2026-07-20,276,,DAILY,,,,,,,,,,,
600622,reused,2025-03-27,2026-07-20,319,,DAILY,,,,,,,,,,,
600623,reused,2025-06-03,2026-07-20,276,,DAILY,,,,,,,,,,,
600625,empty,,,0,,DAILY,,,,,,,,,,,
600626,reused,2025-03-17,2026-07-20,327,,DAILY,,,,,,,,,,,
600627,empty,,,0,,DAILY,,,,,,,,,,,
600628,reused,2025-06-03,2026-07-20,276,,DAILY,,,,,,,,,,,
600629,reused,2025-06-03,2026-08-07,290,,DAILY,,,,,,,,,,,
600630,reused,2025-04-30,2026-07-20,296,,DAILY,,,,,,,,,,,
600631,empty,,,0,,DAILY,,,,,,,,,,,
600632,empty,,,0,,DAILY,,,,,,,,,,,
600633,reused,2025-06-03,2026-07-20,276,,DAILY,,,,,,,,,,,
600635,reused,2025-03-24,2026-07-20,322,,DAILY,,,,,,,,,,,
600637,reused,2025-03-24,2026-07-20,322,,DAILY,,,,,,,,,,,
600638,reused,2025-06-03,2026-07-20,276,,DAILY,,,,,,,,,,,
600639,reused,2025-06-03,2026-07-20,276,,DAILY,,,,,,,,,,,
600640,reused,2025-03-17,2026-07-20,327,,DAILY,,,,,,,,,,,
600641,reused,2025-06-03,2026-08-11,292,,DAILY,,,,,,,,,,,
600642,reused,2025-06-03,2026-07-20,276,,DAILY,,,,,,,,,,,
600643,reused,2025-06-03,2026-07-20,276,,DAILY,,,,,,,,,,,
600644,reused,2025-06-03,2026-08-07,290,,DAILY,,,,,,,,,,,
600645,reused,2025-06-03,2026-07-20,276,,DAILY,,,,,,,,,,,
600648,reused,2025-06-03,2026-07-20,276,,DAILY,,,,,,,,,,,
600649,reused,2025-06-03,2026-07-20,276,,DAILY,,,,,,,,,,,
600650,reused,2025-06-03,2026-07-20,276,,DAILY,,,,,,,,,,,
600651,reused,2025-06-03,2026-08-11,292,,DAILY,,,,,,,,,,,
600653,reused,2025-06-03,2026-07-20,276,,DAILY,,,,,,,,,,,
600654,reused,2025-06-03,2026-07-20,276,,DAILY,,,,,,,,,,,
600655,reused,2025-06-03,2026-07-20,276,,DAILY,,,,,,,,,,,
600657,reused,2025-06-03,2026-07-20,276,,DAILY,,,,,,,,,,,
600658,reused,2025-06-03,2026-07-20,276,,DAILY,,,,,,,,,,,
600660,reused,2025-06-03,2026-07-20,276,,DAILY,,,,,,,,,,,
600661,reused,2025-06-03,2026-07-20,276,,DAILY,,,,,,,,,,,
600662,reused,2025-06-03,2026-07-20,276,,DAILY,,,,,,,,,,,
600663,reused,2025-05-28,2026-08-03,289,,DAILY,,,,,,,,,,,
600664,reused,2025-06-03,2026-08-11,292,,DAILY,,,,,,,,,,,
600665,reused,2025-06-03,2026-08-10,291,,DAILY,,,,,,,,,,,
600666,reused,2025-06-03,2026-08-07,290,,DAILY,,,,,,,,,,,
600667,reused,2025-06-03,2026-08-11,292,,DAILY,,,,,,,,,,,
600668,reused,2025-04-23,2026-07-20,301,,DAILY,,,,,,,,,,,
600671,reused,2025-05-12,2026-07-20,290,,DAILY,,,,,,,,,,,
600673,reused,2025-06-03,2026-08-07,290,,DAILY,,,,,,,,,,,
600674,reused,2025-06-03,2026-07-20,276,,DAILY,,,,,,,,,,,
600675,reused,2025-06-03,2026-07-20,276,,DAILY,,,,,,,,,,,
600676,reused,2025-04-23,2026-07-20,301,,DAILY,,,,,,,,,,,
600679,reused,2025-03-31,2026-07-20,317,,DAILY,,,,,,,,,,,
600681,reused,2025-06-03,2026-07-20,276,,DAILY,,,,,,,,,,,
600682,reused,2025-04-23,2026-07-20,301,,DAILY,,,,,,,,,,,
600683,reused,2025-06-03,2026-08-11,292,,DAILY,,,,,,,,,,,
600684,reused,2025-06-03,2026-07-20,276,,DAILY,,,,,,,,,,,
600685,reused,2025-05-08,2026-07-20,293,,DAILY,,,,,,,,,,,
600686,reused,2025-06-03,2026-07-20,276,,DAILY,,,,,,,,,,,
600688,reused,2025-03-03,2026-08-03,347,,DAILY,,,,,,,,,,,
600689,reused,2025-06-03,2026-07-20,276,,DAILY,,,,,,,,,,,
600690,reused,2025-06-03,2026-07-20,276,,DAILY,,,,,,,,,,,
600691,reused,2025-06-03,2026-07-20,276,,DAILY,,,,,,,,,,,
600692,reused,2025-06-03,2026-07-20,276,,DAILY,,,,,,,,,,,
600693,reused,2025-05-26,2026-08-04,292,,DAILY,,,,,,,,,,,
600694,reused,2025-06-03,2026-07-20,276,,DAILY,,,,,,,,,,,
600697,reused,2025-06-03,2026-07-20,276,,DAILY,,,,,,,,,,,
600698,reused,2025-06-03,2026-08-11,292,,DAILY,,,,,,,,,,,
600699,reused,2025-06-03,2026-07-20,276,,DAILY,,,,,,,,,,,
600702,reused,2025-05-28,2026-08-03,289,,DAILY,,,,,,,,,,,
600703,reused,2025-04-23,2026-07-20,301,,DAILY,,,,,,,,,,,
600704,reused,2025-06-03,2026-07-20,276,,DAILY,,,,,,,,,,,
600705,empty,,,0,,DAILY,,,,,,,,,,,
600706,reused,2025-06-03,2026-07-20,276,,DAILY,,,,,,,,,,,
600707,reused,2025-03-03,2026-08-03,347,,DAILY,,,,,,,,,,,
600708,reused,2025-04-23,2026-07-20,301,,DAILY,,,,,,,,,,,
600710,reused,2025-06-03,2026-07-20,276,,DAILY,,,,,,,,,,,
600711,reused,2025-06-03,2026-07-20,276,,DAILY,,,,,,,,,,,
600712,reused,2025-06-03,2026-08-07,290,,DAILY,,,,,,,,,,,
600713,reused,2025-06-03,2026-07-20,276,,DAILY,,,,,,,,,,,
600714,reused,2025-04-23,2026-07-20,301,,DAILY,,,,,,,,,,,
600715,reused,2025-06-03,2026-08-11,292,,DAILY,,,,,,,,,,,
600716,reused,2025-06-03,2026-07-20,276,,DAILY,,,,,,,,,,,
600717,reused,2025-06-03,2026-07-20,276,,DAILY,,,,,,,,,,,
600718,reused,2025-06-03,2026-07-20,276,,DAILY,,,,,,,,,,,
600719,reused,2025-04-23,2026-07-20,301,,DAILY,,,,,,,,,,,
600720,reused,2025-06-03,2026-07-20,276,,DAILY,,,,,,,,,,,
600721,reused,2025-06-03,2026-08-11,292,,DAILY,,,,,,,,,,,
600722,reused,2025-06-03,2026-08-11,292,,DAILY,,,,,,,,,,,
600723,empty,,,0,,DAILY,,,,,,,,,,,
600724,reused,2025-03-06,2026-07-20,334,,DAILY,,,,,,,,,,,
600725,reused,2025-06-03,2026-07-20,276,,DAILY,,,,,,,,,,,
600726,reused,2025-05-19,2026-07-24,290,,DAILY,,,,,,,,,,,
600727,reused,2025-03-31,2026-07-20,317,,DAILY,,,,,,,,,,,
600728,reused,2025-06-03,2026-07-20,276,,DAILY,,,,,,,,,,,
600729,reused,2025-06-03,2026-07-20,276,,DAILY,,,,,,,,,,,
600731,reused,2025-06-03,2026-07-20,276,,DAILY,,,,,,,,,,,
600732,reused,2025-05-12,2026-07-20,291,,DAILY,,,,,,,,,,,
600733,reused,2025-05-26,2026-07-31,290,,DAILY,,,,,,,,,,,
600736,reused,2025-03-05,2026-07-20,335,,DAILY,,,,,,,,,,,
600737,reused,2025-04-28,2026-07-20,298,,DAILY,,,,,,,,,,,
600738,reused,2025-06-03,2026-07-20,276,,DAILY,,,,,,,,,,,
600739,reused,2025-06-03,2026-07-20,276,,DAILY,,,,,,,,,,,
600740,reused,2025-06-03,2026-07-20,276,,DAILY,,,,,,,,,,,
600741,reused,2025-06-03,2026-07-20,276,,DAILY,,,,,,,,,,,
600742,reused,2025-06-03,2026-07-20,276,,DAILY,,,,,,,,,,,
600743,reused,2025-04-23,2026-07-20,301,,DAILY,,,,,,,,,,,
600744,reused,2025-06-03,2026-08-11,292,,DAILY,,,,,,,,,,,
600746,reused,2025-05-19,2026-07-24,290,,DAILY,,,,,,,,,,,
600748,reused,2025-03-10,2026-07-20,332,,DAILY,,,,,,,,,,,
600749,reused,2025-05-06,2026-07-20,295,,DAILY,,,,,,,,,,,
600750,reused,2025-06-03,2026-07-20,276,,DAILY,,,,,,,,,,,
600751,reused,2025-06-03,2026-07-20,276,,DAILY,,,,,,,,,,,
600754,reused,2025-06-03,2026-07-20,276,,DAILY,,,,,,,,,,,
600755,reused,2025-06-03,2026-07-20,276,,DAILY,,,,,,,,,,,
600756,reused,2025-05-26,2026-07-31,290,,DAILY,,,,,,,,,,,
600757,reused,2025-06-03,2026-07-20,276,,DAILY,,,,,,,,,,,
600758,reused,2025-06-03,2026-08-10,291,,DAILY,,,,,,,,,,,
600760,reused,2025-06-03,2026-07-20,276,,DAILY,,,,,,,,,,,
600761,reused,2025-06-03,2026-07-20,276,,DAILY,,,,,,,,,,,
600763,reused,2025-06-03,2026-07-20,276,,DAILY,,,,,,,,,,,
600764,reused,2025-06-03,2026-07-20,276,,DAILY,,,,,,,,,,,
600765,reused,2025-06-03,2026-07-20,276,,DAILY,,,,,,,,,,,
600768,reused,2025-06-03,2026-07-20,276,,DAILY,,,,,,,,,,,
600769,reused,2025-05-06,2026-07-20,295,,DAILY,,,,,,,,,,,
600770,reused,2025-05-07,2026-07-20,294,,DAILY,,,,,,,,,,,
600771,reused,2025-06-03,2026-07-20,276,,DAILY,,,,,,,,,,,
600773,reused,2025-06-03,2026-07-20,276,,DAILY,,,,,,,,,,,
600774,reused,2025-06-03,2026-07-20,276,,DAILY,,,,,,,,,,,
600775,reused,2025-05-26,2026-07-31,290,,DAILY,,,,,,,,,,,
600776,reused,2025-04-23,2026-07-20,301,,DAILY,,,,,,,,,,,
600777,reused,2025-04-23,2026-07-20,256,,DAILY,,,,,,,,,,,
600778,reused,2025-06-03,2026-07-20,276,,DAILY,,,,,,,,,,,
600779,reused,2025-03-24,2026-07-20,322,,DAILY,,,,,,,,,,,
600780,reused,2025-06-03,2026-07-20,276,,DAILY,,,,,,,,,,,
600782,reused,2025-06-03,2026-07-20,276,,DAILY,,,,,,,,,,,
600783,reused,2025-03-03,2026-08-03,347,,DAILY,,,,,,,,,,,
600784,reused,2025-03-13,2026-07-20,329,,DAILY,,,,,,,,,,,
600785,reused,2025-03-03,2026-08-03,347,,DAILY,,,,,,,,,,,
600786,empty,,,0,,DAILY,,,,,,,,,,,
600787,reused,2025-06-03,2026-07-20,276,,DAILY,,,,,,,,,,,
600789,reused,2025-06-03,2026-07-20,276,,DAILY,,,,,,,,,,,
600790,reused,2025-03-03,2026-07-20,337,,DAILY,,,,,,,,,,,
600791,reused,2025-05-29,2026-08-04,289,,DAILY,,,,,,,,,,,
600792,reused,2025-06-03,2026-07-20,276,,DAILY,,,,,,,,,,,
600793,reused,2025-06-03,2026-08-11,292,,DAILY,,,,,,,,,,,
600794,reused,2025-06-03,2026-07-20,276,,DAILY,,,,,,,,,,,
600795,reused,2025-06-03,2026-07-20,276,,DAILY,,,,,,,,,,,
600796,reused,2025-06-03,2026-07-20,276,,DAILY,,,,,,,,,,,
600797,reused,2025-05-19,2026-07-24,290,,DAILY,,,,,,,,,,,
600798,reused,2025-03-31,2026-07-20,317,,DAILY,,,,,,,,,,,
600800,reused,2025-05-08,2026-07-20,283,,DAILY,,,,,,,,,,,
600801,reused,2025-05-06,2026-07-20,295,,DAILY,,,,,,,,,,,
600802,reused,2025-06-03,2026-07-20,276,,DAILY,,,,,,,,,,,
600803,reused,2025-06-03,2026-07-20,276,,DAILY,,,,,,,,,,,
600805,reused,2025-06-03,2026-07-20,276,,DAILY,,,,,,,,,,,
600807,reused,2025-06-03,2026-07-20,276,,DAILY,,,,,,,,,,,
600808,reused,2025-06-03,2026-07-20,276,,DAILY,,,,,,,,,,,
600809,reused,2025-06-03,2026-07-20,276,,DAILY,,,,,,,,,,,
600810,reused,2025-06-03,2026-07-20,276,,DAILY,,,,,,,,,,,
600812,reused,2025-06-03,2026-07-20,276,,DAILY,,,,,,,,,,,
600814,reused,2025-06-03,2026-07-20,276,,DAILY,,,,,,,,,,,
600815,reused,2025-06-03,2026-08-11,292,,DAILY,,,,,,,,,,,
600816,reused,2025-06-03,2026-07-20,276,,DAILY,,,,,,,,,,,
600817,reused,2025-06-03,2026-07-20,276,,DAILY,,,,,,,,,,,
600819,reused,2025-04-28,2026-07-20,298,,DAILY,,,,,,,,,,,
600820,reused,2025-06-03,2026-07-20,276,,DAILY,,,,,,,,,,,
600821,reused,2025-05-19,2026-07-24,290,,DAILY,,,,,,,,,,,
600822,reused,2025-06-03,2026-07-20,276,,DAILY,,,,,,,,,,,
600824,reused,2025-06-03,2026-07-20,276,,DAILY,,,,,,,,,,,
600825,reused,2025-04-23,2026-07-20,301,,DAILY,,,,,,,,,,,
600826,reused,2025-06-03,2026-07-20,276,,DAILY,,,,,,,,,,,
600827,reused,2025-06-03,2026-07-20,276,,DAILY,,,,,,,,,,,
600828,reused,2025-04-02,2026-07-20,315,,DAILY,,,,,,,,,,,
600829,reused,2025-06-03,2026-08-10,291,,DAILY,,,,,,,,,,,
600830,reused,2025-06-03,2026-07-20,276,,DAILY,,,,,,,,,,,
600831,reused,2025-03-24,2026-07-20,321,,DAILY,,,,,,,,,,,
600832,empty,,,0,,DAILY,,,,,,,,,,,
600833,reused,2025-06-03,2026-08-11,292,,DAILY,,,,,,,,,,,
600834,reused,2025-06-03,2026-07-20,276,,DAILY,,,,,,,,,,,
600835,reused,2025-04-23,2026-07-20,301,,DAILY,,,,,,,,,,,
600837,empty,,,0,,DAILY,,,,,,,,,,,
600838,reused,2025-06-03,2026-07-20,276,,DAILY,,,,,,,,,,,
600839,reused,2025-06-03,2026-07-20,276,,DAILY,,,,,,,,,,,
600840,empty,,,0,,DAILY,,,,,,,,,,,
600841,reused,2025-05-06,2026-07-20,295,,DAILY,,,,,,,,,,,
600842,empty,,,0,,DAILY,,,,,,,,,,,
600843,reused,2025-04-23,2026-07-20,301,,DAILY,,,,,,,,,,,
600844,reused,2025-05-26,2026-07-31,290,,DAILY,,,,,,,,,,,
600845,reused,2025-06-03,2026-07-20,276,,DAILY,,,,,,,,,,,
600846,reused,2025-05-19,2026-07-24,290,,DAILY,,,,,,,,,,,
600847,reused,2025-05-26,2026-07-31,290,,DAILY,,,,,,,,,,,
600848,reused,2025-06-03,2026-07-20,276,,DAILY,,,,,,,,,,,
600849,empty,,,0,,DAILY,,,,,,,,,,,
600850,reused,2025-05-26,2026-07-31,290,,DAILY,,,,,,,,,,,
600851,reused,2025-03-03,2026-08-03,347,,DAILY,,,,,,,,,,,
600853,reused,2025-06-03,2026-07-20,276,,DAILY,,,,,,,,,,,
600854,reused,2025-03-10,2026-07-20,332,,DAILY,,,,,,,,,,,
600855,reused,2025-03-06,2026-07-20,334,,DAILY,,,,,,,,,,,
600857,reused,2025-05-12,2026-07-20,291,,DAILY,,,,,,,,,,,
600858,reused,2025-06-03,2026-07-20,276,,DAILY,,,,,,,,,,,
600859,reused,2025-06-03,2026-07-20,276,,DAILY,,,,,,,,,,,
600860,reused,2025-06-03,2026-07-20,276,,DAILY,,,,,,,,,,,
600861,reused,2025-06-03,2026-07-20,276,,DAILY,,,,,,,,,,,
600862,reused,2025-04-23,2026-07-20,301,,DAILY,,,,,,,,,,,
600863,reused,2025-06-03,2026-08-11,292,,DAILY,,,,,,,,,,,
600864,reused,2025-06-03,2026-07-20,276,,DAILY,,,,,,,,,,,
600865,reused,2025-03-27,2026-07-20,319,,DAILY,,,,,,,,,,,
600866,reused,2025-06-03,2026-07-20,276,,DAILY,,,,,,,,,,,
600867,reused,2025-04-28,2026-07-20,298,,DAILY,,,,,,,,,,,
600868,reused,2025-04-02,2026-07-20,315,,DAILY,,,,,,,,,,,
600869,reused,2025-04-23,2026-07-20,301,,DAILY,,,,,,,,,,,
600871,reused,2025-06-03,2026-07-20,276,,DAILY,,,,,,,,,,,
600872,reused,2025-06-03,2026-07-20,276,,DAILY,,,,,,,,,,,
600873,reused,2025-06-03,2026-07-20,276,,DAILY,,,,,,,,,,,
600874,reused,2025-06-03,2026-07-20,276,,DAILY,,,,,,,,,,,
600875,reused,2025-06-03,2026-07-20,276,,DAILY,,,,,,,,,,,
600876,reused,2025-04-23,2026-07-20,301,,DAILY,,,,,,,,,,,
600877,reused,2025-04-23,2026-07-20,301,,DAILY,,,,,,,,,,,
600879,reused,2025-05-08,2026-07-20,293,,DAILY,,,,,,,,,,,
600880,reused,2025-06-03,2026-07-20,276,,DAILY,,,,,,,,,,,
600881,reused,2025-06-03,2026-08-11,292,,DAILY,,,,,,,,,,,
600882,reused,2025-06-03,2026-07-20,276,,DAILY,,,,,,,,,,,
600883,reused,2025-06-03,2026-07-20,276,,DAILY,,,,,,,,,,,
600884,reused,2025-05-19,2026-07-24,290,,DAILY,,,,,,,,,,,
600885,reused,2025-06-03,2026-07-20,276,,DAILY,,,,,,,,,,,
600886,reused,2025-06-03,2026-07-20,276,,DAILY,,,,,,,,,,,
600887,reused,2025-06-03,2026-07-20,276,,DAILY,,,,,,,,,,,
600888,reused,2025-04-23,2026-07-20,301,,DAILY,,,,,,,,,,,
600893,reused,2025-06-03,2026-07-20,276,,DAILY,,,,,,,,,,,
600894,reused,2025-06-03,2026-07-20,276,,DAILY,,,,,,,,,,,
600895,reused,2025-05-26,2026-07-31,290,,DAILY,,,,,,,,,,,
600897,reused,2025-06-03,2026-07-20,276,,DAILY,,,,,,,,,,,
600900,reused,2025-06-03,2026-07-20,276,,DAILY,,,,,,,,,,,
600901,reused,2025-06-03,2026-07-20,276,,DAILY,,,,,,,,,,,
600903,reused,2025-04-23,2026-07-20,301,,DAILY,,,,,,,,,,,
600905,reused,2025-06-03,2026-07-20,276,,DAILY,,,,,,,,,,,
600906,reused,2025-04-23,2026-07-20,301,,DAILY,,,,,,,,,,,
600908,reused,2025-06-03,2026-07-20,276,,DAILY,,,,,,,,,,,
600909,reused,2025-05-07,2026-07-20,294,,DAILY,,,,,,,,,,,
600916,reused,2025-06-03,2026-07-20,276,,DAILY,,,,,,,,,,,
600917,reused,2025-06-03,2026-07-20,276,,DAILY,,,,,,,,,,,
600918,reused,2025-06-03,2026-07-20,276,,DAILY,,,,,,,,,,,
600919,reused,2025-06-03,2026-07-20,276,,DAILY,,,,,,,,,,,
600925,reused,2025-06-03,2026-07-20,276,,DAILY,,,,,,,,,,,
600926,reused,2025-06-03,2026-07-20,276,,DAILY,,,,,,,,,,,
600927,reused,2025-06-03,2026-07-20,276,,DAILY,,,,,,,,,,,
600928,reused,2025-06-03,2026-07-20,276,,DAILY,,,,,,,,,,,
600929,reused,2025-06-03,2026-07-20,276,,DAILY,,,,,,,,,,,
600930,fetched,2025-07-16,2026-07-20,245,,DAILY,,,,,,,,,,,
600933,reused,2025-06-03,2026-07-20,276,,DAILY,,,,,,,,,,,
600935,reused,2025-06-03,2026-07-20,276,,DAILY,,,,,,,,,,,
600936,reused,2025-06-03,2026-08-11,292,,DAILY,,,,,,,,,,,
600938,reused,2025-05-19,2026-07-24,290,,DAILY,,,,,,,,,,,
600939,reused,2025-06-03,2026-07-20,276,,DAILY,,,,,,,,,,,
600941,reused,2025-06-03,2026-07-20,276,,DAILY,,,,,,,,,,,
600955,reused,2025-06-03,2026-07-20,276,,DAILY,,,,,,,,,,,
600956,reused,2025-06-03,2026-07-20,276,,DAILY,,,,,,,,,,,
600958,reused,2025-06-03,2026-07-20,276,,DAILY,,,,,,,,,,,
600959,reused,2025-06-03,2026-07-20,276,,DAILY,,,,,,,,,,,
600960,reused,2025-06-03,2026-07-20,276,,DAILY,,,,,,,,,,,
600961,reused,2025-04-23,2026-07-20,301,,DAILY,,,,,,,,,,,
600962,reused,2025-06-03,2026-08-07,290,,DAILY,,,,,,,,,,,
600963,reused,2025-06-03,2026-07-20,276,,DAILY,,,,,,,,,,,
600966,reused,2025-06-03,2026-07-20,276,,DAILY,,,,,,,,,,,
600967,reused,2025-06-03,2026-07-20,276,,DAILY,,,,,,,,,,,
600968,reused,2025-06-03,2026-07-20,276,,DAILY,,,,,,,,,,,
600969,reused,2025-03-24,2026-07-20,322,,DAILY,,,,,,,,,,,
600970,reused,2025-06-03,2026-07-20,276,,DAILY,,,,,,,,,,,
600971,reused,2025-06-03,2026-07-20,276,,DAILY,,,,,,,,,,,
600973,reused,2025-04-23,2026-07-20,301,,DAILY,,,,,,,,,,,
600975,reused,2025-06-03,2026-07-20,276,,DAILY,,,,,,,,,,,
600976,reused,2025-06-03,2026-07-20,276,,DAILY,,,,,,,,,,,
600977,reused,2025-06-03,2026-07-20,276,,DAILY,,,,,,,,,,,
600979,reused,2025-04-23,2026-07-20,301,,DAILY,,,,,,,,,,,
600980,reused,2025-05-21,2026-07-27,289,,DAILY,,,,,,,,,,,
600981,reused,2025-04-23,2026-07-20,301,,DAILY,,,,,,,,,,,
600982,reused,2025-05-15,2026-07-21,289,,DAILY,,,,,,,,,,,
600983,reused,2025-06-03,2026-07-20,276,,DAILY,,,,,,,,,,,
600984,reused,2025-06-03,2026-08-10,291,,DAILY,,,,,,,,,,,
600985,reused,2025-06-03,2026-08-10,291,,DAILY,,,,,,,,,,,
600986,reused,2025-05-29,2026-08-04,289,,DAILY,,,,,,,,,,,
600987,reused,2025-06-03,2026-07-20,276,,DAILY,,,,,,,,,,,
600988,reused,2025-05-19,2026-07-24,288,,DAILY,,,,,,,,,,,
600989,reused,2025-06-03,2026-07-20,276,,DAILY,,,,,,,,,,,
600990,reused,2025-05-21,2026-07-27,289,,DAILY,,,,,,,,,,,
600991,empty,,,0,,DAILY,,,,,,,,,,,
600992,reused,2025-05-15,2026-07-21,289,,DAILY,,,,,,,,,,,
600993,reused,2025-06-03,2026-07-20,276,,DAILY,,,,,,,,,,,
600995,reused,2025-06-03,2026-07-20,276,,DAILY,,,,,,,,,,,
600996,reused,2025-04-23,2026-07-20,301,,DAILY,,,,,,,,,,,
600997,reused,2025-06-03,2026-07-20,276,,DAILY,,,,,,,,,,,
600998,reused,2025-06-03,2026-07-20,276,,DAILY,,,,,,,,,,,
600999,reused,2025-06-03,2026-07-20,276,,DAILY,,,,,,,,,,,
601000,reused,2025-06-03,2026-07-20,276,,DAILY,,,,,,,,,,,
601001,reused,2025-05-19,2026-07-24,290,,DAILY,,,,,,,,,,,
601002,reused,2025-05-12,2026-07-20,291,,DAILY,,,,,,,,,,,
601003,reused,2025-05-28,2026-08-04,282,,DAILY,,,,,,,,,,,
601005,reused,2025-06-03,2026-07-20,276,,DAILY,,,,,,,,,,,
601006,reused,2025-06-03,2026-07-20,276,,DAILY,,,,,,,,,,,
601007,reused,2025-06-03,2026-07-20,276,,DAILY,,,,,,,,,,,
601008,reused,2025-06-03,2026-07-20,276,,DAILY,,,,,,,,,,,
601009,reused,2025-06-03,2026-07-20,276,,DAILY,,,,,,,,,,,
601011,reused,2025-04-23,2026-07-20,301,,DAILY,,,,,,,,,,,
601012,reused,2025-06-03,2026-07-20,276,,DAILY,,,,,,,,,,,
601015,reused,2025-06-03,2026-07-20,276,,DAILY,,,,,,,,,,,
601016,reused,2025-04-24,2026-07-20,300,,DAILY,,,,,,,,,,,
601018,reused,2025-06-03,2026-07-20,276,,DAILY,,,,,,,,,,,
601019,reused,2025-06-03,2026-07-20,276,,DAILY,,,,,,,,,,,
601020,reused,2025-06-03,2026-08-11,292,,DAILY,,,,,,,,,,,
601021,reused,2025-06-03,2026-07-20,276,,DAILY,,,,,,,,,,,
601022,reused,2025-04-23,2026-07-20,301,,DAILY,,,,,,,,,,,
601026,fetched,2025-10-17,2026-07-24,188,,DAILY,,,,,,,,,,,
601028,empty,,,0,,DAILY,,,,,,,,,,,
601033,reused,2025-06-03,2026-07-20,276,,DAILY,,,,,,,,,,,
601038,reused,2025-05-19,2026-07-24,290,,DAILY,,,,,,,,,,,
601058,reused,2025-06-03,2026-07-20,276,,DAILY,,,,,,,,,,,
601059,reused,2025-06-03,2026-07-20,276,,DAILY,,,,,,,,,,,
601061,reused,2025-05-21,2026-07-27,289,,DAILY,,,,,,,,,,,
601065,reused,2025-06-03,2026-07-20,276,,DAILY,,,,,,,,,,,
601066,reused,2025-04-23,2026-07-20,301,,DAILY,,,,,,,,,,,
601068,reused,2025-06-03,2026-07-20,276,,DAILY,,,,,,,,,,,
601069,reused,2025-05-06,2026-07-20,295,,DAILY,,,,,,,,,,,
601077,reused,2025-06-03,2026-07-20,276,,DAILY,,,,,,,,,,,
601083,reused,2025-06-03,2026-07-20,276,,DAILY,,,,,,,,,,,
601086,reused,2025-05-26,2026-07-31,290,,DAILY,,,,,,,,,,,
601088,reused,2025-06-03,2026-07-20,276,,DAILY,,,,,,,,,,,
601089,reused,2025-06-03,2026-07-20,276,,DAILY,,,,,,,,,,,
601096,reused,2025-06-03,2026-07-20,276,,DAILY,,,,,,,,,,,
601098,reused,2025-06-03,2026-07-20,276,,DAILY,,,,,,,,,,,
601099,reused,2025-06-03,2026-07-20,276,,DAILY,,,,,,,,,,,
601100,reused,2025-05-06,2026-07-20,295,,DAILY,,,,,,,,,,,
601101,reused,2025-06-03,2026-08-10,291,,DAILY,,,,,,,,,,,
601106,reused,2025-06-03,2026-07-20,276,,DAILY,,,,,,,,,,,
601107,reused,2025-06-03,2026-07-20,276,,DAILY,,,,,,,,,,,
601108,reused,2025-04-23,2026-07-20,301,,DAILY,,,,,,,,,,,
601111,reused,2025-06-03,2026-07-20,276,,DAILY,,,,,,,,,,,
601112,fetched,2026-01-29,2026-07-20,112,,DAILY,,,,,,,,,,,
601113,reused,2025-06-03,2026-07-20,276,,DAILY,,,,,,,,,,,
601116,reused,2025-03-27,2026-07-20,319,,DAILY,,,,,,,,,,,
601117,reused,2025-04-23,2026-07-20,301,,DAILY,,,,,,,,,,,
601118,reused,2025-06-03,2026-07-20,276,,DAILY,,,,,,,,,,,
601121,reused,2025-05-06,2026-07-20,295,,DAILY,,,,,,,,,,,
601126,reused,2025-06-03,2026-08-07,290,,DAILY,,,,,,,,,,,
601127,reused,2025-06-03,2026-07-20,276,,DAILY,,,,,,,,,,,
601128,reused,2025-06-03,2026-07-20,276,,DAILY,,,,,,,,,,,
601133,reused,2025-03-03,2026-08-03,344,,DAILY,,,,,,,,,,,
601136,reused,2025-06-03,2026-07-20,276,,DAILY,,,,,,,,,,,
601137,reused,2025-04-23,2026-07-20,301,,DAILY,,,,,,,,,,,
601138,reused,2025-03-10,2026-07-20,332,,DAILY,,,,,,,,,,,
601139,reused,2025-06-03,2026-07-20,276,,DAILY,,,,,,,,,,,
601155,reused,2025-06-03,2026-07-20,276,,DAILY,,,,,,,,,,,
601156,reused,2025-06-03,2026-07-20,276,,DAILY,,,,,,,,,,,
601158,reused,2025-06-03,2026-07-20,276,,DAILY,,,,,,,,,,,
601162,reused,2025-06-03,2026-07-20,276,,DAILY,,,,,,,,,,,
601163,reused,2025-06-03,2026-07-20,276,,DAILY,,,,,,,,,,,
601166,reused,2025-06-03,2026-07-20,276,,DAILY,,,,,,,,,,,
601168,reused,2025-06-03,2026-07-20,276,,DAILY,,,,,,,,,,,
601169,reused,2025-06-03,2026-07-20,276,,DAILY,,,,,,,,,,,
601177,reused,2025-05-06,2026-07-22,297,,DAILY,,,,,,,,,,,
601179,reused,2025-05-21,2026-07-27,289,,DAILY,,,,,,,,,,,
601186,reused,2025-06-03,2026-07-22,278,,DAILY,,,,,,,,,,,
601187,reused,2025-06-03,2026-07-22,278,,DAILY,,,,,,,,,,,
601188,reused,2025-06-03,2026-07-22,278,,DAILY,,,,,,,,,,,
601198,reused,2025-06-03,2026-07-22,278,,DAILY,,,,,,,,,,,
601199,reused,2025-06-03,2026-08-11,292,,DAILY,,,,,,,,,,,
601200,reused,2025-06-03,2026-07-22,278,,DAILY,,,,,,,,,,,
601208,reused,2025-06-03,2026-08-11,292,,DAILY,,,,,,,,,,,
601211,reused,2025-06-03,2026-07-22,278,,DAILY,,,,,,,,,,,
601212,reused,2025-06-03,2026-07-22,278,,DAILY,,,,,,,,,,,
601216,reused,2025-06-03,2026-07-22,278,,DAILY,,,,,,,,,,,
601218,reused,2025-05-26,2026-07-31,290,,DAILY,,,,,,,,,,,
601222,reused,2025-03-17,2026-07-22,329,,DAILY,,,,,,,,,,,
601225,reused,2025-06-03,2026-07-22,278,,DAILY,,,,,,,,,,,
601226,reused,2025-06-03,2026-07-22,278,,DAILY,,,,,,,,,,,
601228,reused,2025-06-03,2026-07-22,278,,DAILY,,,,,,,,,,,
601229,reused,2025-06-03,2026-07-22,278,,DAILY,,,,,,,,,,,
601231,reused,2025-06-03,2026-08-07,290,,DAILY,,,,,,,,,,,
601233,reused,2025-04-23,2026-07-22,303,,DAILY,,,,,,,,,,,
601236,reused,2025-06-03,2026-07-22,278,,DAILY,,,,,,,,,,,
601238,reused,2025-06-03,2026-07-22,278,,DAILY,,,,,,,,,,,
601279,reused,2025-06-03,2026-07-22,278,,DAILY,,,,,,,,,,,
601288,reused,2025-06-03,2026-07-22,278,,DAILY,,,,,,,,,,,
601298,reused,2025-06-03,2026-07-22,278,,DAILY,,,,,,,,,,,
601299,empty,,,0,,DAILY,,,,,,,,,,,
601311,reused,2025-06-03,2026-07-22,278,,DAILY,,,,,,,,,,,
601318,reused,2025-06-03,2026-07-22,278,,DAILY,,,,,,,,,,,
601319,reused,2025-06-03,2026-07-22,278,,DAILY,,,,,,,,,,,
601326,reused,2025-06-03,2026-07-22,278,,DAILY,,,,,,,,,,,
601328,reused,2025-06-03,2026-07-22,278,,DAILY,,,,,,,,,,,
601330,reused,2025-06-03,2026-07-22,278,,DAILY,,,,,,,,,,,
601333,reused,2025-06-03,2026-07-22,278,,DAILY,,,,,,,,,,,
601336,reused,2025-04-23,2026-07-22,303,,DAILY,,,,,,,,,,,
601339,reused,2025-06-03,2026-07-22,278,,DAILY,,,,,,,,,,,
601360,reused,2025-06-03,2026-07-22,278,,DAILY,,,,,,,,,,,
601366,reused,2025-06-03,2026-07-22,278,,DAILY,,,,,,,,,,,
601368,reused,2025-05-06,2026-07-22,297,,DAILY,,,,,,,,,,,
601369,reused,2025-05-15,2026-07-22,280,,DAILY,,,,,,,,,,,
601375,reused,2025-06-03,2026-07-22,278,,DAILY,,,,,,,,,,,
601377,reused,2025-06-03,2026-07-22,278,,DAILY,,,,,,,,,,,
601388,reused,2025-06-03,2026-07-22,278,,DAILY,,,,,,,,,,,
601390,reused,2025-06-03,2026-07-22,278,,DAILY,,,,,,,,,,,
601398,reused,2025-06-03,2026-07-22,278,,DAILY,,,,,,,,,,,
601399,reused,2025-06-03,2026-07-22,278,,DAILY,,,,,,,,,,,
601456,reused,2025-06-03,2026-07-22,278,,DAILY,,,,,,,,,,,
601500,reused,2025-06-03,2026-07-22,278,,DAILY,,,,,,,,,,,
601512,reused,2025-06-03,2026-07-22,278,,DAILY,,,,,,,,,,,
601515,reused,2025-06-03,2026-07-22,278,,DAILY,,,,,,,,,,,
601518,reused,2025-06-03,2026-07-22,278,,DAILY,,,,,,,,,,,
601519,reused,2025-04-23,2026-07-22,303,,DAILY,,,,,,,,,,,
601528,reused,2025-06-03,2026-07-22,278,,DAILY,,,,,,,,,,,
601555,reused,2025-06-03,2026-07-22,278,,DAILY,,,,,,,,,,,
601566,reused,2025-03-27,2026-07-22,321,,DAILY,,,,,,,,,,,
601567,reused,2025-06-03,2026-07-22,278,,DAILY,,,,,,,,,,,
601568,reused,2025-06-03,2026-07-22,278,,DAILY,,,,,,,,,,,
601577,reused,2025-06-03,2026-07-22,278,,DAILY,,,,,,,,,,,
601579,reused,2025-06-03,2026-07-22,278,,DAILY,,,,,,,,,,,
601588,reused,2025-04-23,2026-07-22,303,,DAILY,,,,,,,,,,,
601595,reused,2025-05-14,2026-07-22,291,,DAILY,,,,,,,,,,,
601598,reused,2025-06-03,2026-07-22,278,,DAILY,,,,,,,,,,,
601599,reused,2025-06-03,2026-07-22,278,,DAILY,,,,,,,,,,,
601600,reused,2025-03-24,2026-07-22,324,,DAILY,,,,,,,,,,,
601601,reused,2025-06-03,2026-07-22,278,,DAILY,,,,,,,,,,,
601606,reused,2025-06-03,2026-08-11,292,,DAILY,,,,,,,,,,,
601607,reused,2025-06-03,2026-07-22,278,,DAILY,,,,,,,,,,,
601608,reused,2025-03-03,2026-08-03,347,,DAILY,,,,,,,,,,,
601609,reused,2025-04-23,2026-07-22,303,,DAILY,,,,,,,,,,,
601611,reused,2025-06-03,2026-08-07,290,,DAILY,,,,,,,,,,,
601615,reused,2025-06-03,2026-07-22,278,,DAILY,,,,,,,,,,,
601616,reused,2025-05-28,2026-08-03,289,,DAILY,,,,,,,,,,,
601618,reused,2025-06-03,2026-07-22,278,,DAILY,,,,,,,,,,,
601619,reused,2025-06-03,2026-07-22,278,,DAILY,,,,,,,,,,,
601628,reused,2025-06-03,2026-07-22,278,,DAILY,,,,,,,,,,,
601633,reused,2025-06-03,2026-07-22,278,,DAILY,,,,,,,,,,,
601636,reused,2025-04-28,2026-07-22,300,,DAILY,,,,,,,,,,,
601658,reused,2025-06-03,2026-07-22,278,,DAILY,,,,,,,,,,,
601665,reused,2025-06-03,2026-07-22,278,,DAILY,,,,,,,,,,,
601666,reused,2025-06-03,2026-08-10,291,,DAILY,,,,,,,,,,,
601668,reused,2025-06-03,2026-07-22,278,,DAILY,,,,,,,,,,,
601669,reused,2025-06-03,2026-07-22,278,,DAILY,,,,,,,,,,,
601677,reused,2025-06-03,2026-07-22,278,,DAILY,,,,,,,,,,,
601678,reused,2025-06-03,2026-08-10,291,,DAILY,,,,,,,,,,,
601686,reused,2025-03-31,2026-07-22,319,,DAILY,,,,,,,,,,,
601688,reused,2025-06-03,2026-07-22,278,,DAILY,,,,,,,,,,,
601689,reused,2025-05-06,2026-07-22,297,,DAILY,,,,,,,,,,,
601696,reused,2025-04-23,2026-07-22,303,,DAILY,,,,,,,,,,,
601698,reused,2025-05-08,2026-07-22,295,,DAILY,,,,,,,,,,,
601699,reused,2025-06-03,2026-08-10,291,,DAILY,,,,,,,,,,,
601700,reused,2025-06-03,2026-08-11,292,,DAILY,,,,,,,,,,,
601702,reused,2025-03-27,2026-07-22,321,,DAILY,,,,,,,,,,,
601717,reused,2025-06-03,2026-07-22,278,,DAILY,,,,,,,,,,,
601727,reused,2025-06-03,2026-07-22,278,,DAILY,,,,,,,,,,,
601728,reused,2025-06-03,2026-07-22,278,,DAILY,,,,,,,,,,,
601766,reused,2025-06-03,2026-07-22,278,,DAILY,,,,,,,,,,,
601777,reused,2025-06-03,2026-07-22,278,,DAILY,,,,,,,,,,,
601778,reused,2025-03-03,2026-07-22,339,,DAILY,,,,,,,,,,,
601788,reused,2025-06-03,2026-07-22,278,,DAILY,,,,,,,,,,,
601789,reused,2025-05-26,2026-07-31,290,,DAILY,,,,,,,,,,,
601798,reused,2025-04-23,2026-07-22,303,,DAILY,,,,,,,,,,,
601799,reused,2025-06-03,2026-07-22,278,,DAILY,,,,,,,,,,,
601800,reused,2025-06-03,2026-07-22,278,,DAILY,,,,,,,,,,,
601801,reused,2025-06-03,2026-07-22,278,,DAILY,,,,,,,,,,,
601808,reused,2025-06-03,2026-07-22,278,,DAILY,,,,,,,,,,,
601811,reused,2025-06-03,2026-07-22,278,,DAILY,,,,,,,,,,,
601816,reused,2025-06-03,2026-07-22,278,,DAILY,,,,,,,,,,,
601818,reused,2025-06-03,2026-07-22,278,,DAILY,,,,,,,,,,,
601825,reused,2025-06-03,2026-07-22,278,,DAILY,,,,,,,,,,,
601827,reused,2025-06-03,2026-07-22,278,,DAILY,,,,,,,,,,,
601828,reused,2025-06-03,2026-07-22,278,,DAILY,,,,,,,,,,,
601838,reused,2025-06-03,2026-07-22,278,,DAILY,,,,,,,,,,,
601857,reused,2025-06-03,2026-07-22,278,,DAILY,,,,,,,,,,,
601858,reused,2025-06-03,2026-08-07,290,,DAILY,,,,,,,,,,,
601860,reused,2025-06-03,2026-07-22,278,,DAILY,,,,,,,,,,,
601865,reused,2025-06-03,2026-08-11,292,,DAILY,,,,,,,,,,,
601866,reused,2025-06-03,2026-07-22,278,,DAILY,,,,,,,,,,,
601868,reused,2025-03-05,2026-07-22,337,,DAILY,,,,,,,,,,,
601869,reused,2025-06-03,2026-08-07,290,,DAILY,,,,,,,,,,,
601872,reused,2025-04-23,2026-07-22,303,,DAILY,,,,,,,,,,,
601877,reused,2025-06-03,2026-07-22,278,,DAILY,,,,,,,,,,,
601878,reused,2025-06-03,2026-07-22,278,,DAILY,,,,,,,,,,,
601880,reused,2025-06-03,2026-07-22,278,,DAILY,,,,,,,,,,,
601881,reused,2025-06-03,2026-07-22,278,,DAILY,,,,,,,,,,,
601882,reused,2025-04-28,2026-07-22,300,,DAILY,,,,,,,,,,,
601886,reused,2025-06-03,2026-08-11,292,,DAILY,,,,,,,,,,,
601888,reused,2025-06-03,2026-07-22,278,,DAILY,,,,,,,,,,,
601890,reused,2025-06-03,2026-07-22,278,,DAILY,,,,,,,,,,,
601898,reused,2025-05-19,2026-07-24,290,,DAILY,,,,,,,,,,,
601899,reused,2025-06-03,2026-07-22,278,,DAILY,,,,,,,,,,,
601900,reused,2025-06-03,2026-07-22,278,,DAILY,,,,,,,,,,,
601901,reused,2025-06-03,2026-07-22,278,,DAILY,,,,,,,,,,,
601908,reused,2025-06-03,2026-07-22,278,,DAILY,,,,,,,,,,,
601916,reused,2025-06-03,2026-07-22,278,,DAILY,,,,,,,,,,,
601918,reused,2025-03-31,2026-07-22,319,,DAILY,,,,,,,,,,,
601919,reused,2025-06-03,2026-07-22,278,,DAILY,,,,,,,,,,,
601921,reused,2025-06-03,2026-07-22,278,,DAILY,,,,,,,,,,,
601928,reused,2025-06-03,2026-07-22,278,,DAILY,,,,,,,,,,,
601929,reused,2025-03-17,2026-07-22,329,,DAILY,,,,,,,,,,,
601933,reused,2025-06-03,2026-07-22,278,,DAILY,,,,,,,,,,,
601939,reused,2025-06-03,2026-07-22,278,,DAILY,,,,,,,,,,,
601949,reused,2025-06-03,2026-07-22,278,,DAILY,,,,,,,,,,,
601952,reused,2025-06-03,2026-07-22,278,,DAILY,,,,,,,,,,,
601956,reused,2025-06-03,2026-07-22,278,,DAILY,,,,,,,,,,,
601958,reused,2025-04-23,2026-07-22,303,,DAILY,,,,,,,,,,,
601963,reused,2025-06-03,2026-07-22,278,,DAILY,,,,,,,,,,,
601965,reused,2025-06-03,2026-07-22,278,,DAILY,,,,,,,,,,,
601966,reused,2025-06-03,2026-07-22,278,,DAILY,,,,,,,,,,,
601968,reused,2025-06-03,2026-07-22,278,,DAILY,,,,,,,,,,,
601969,reused,2025-05-12,2026-07-22,285,,DAILY,,,,,,,,,,,
601975,reused,2025-04-23,2026-07-22,303,,DAILY,,,,,,,,,,,
601985,reused,2025-06-03,2026-07-22,278,,DAILY,,,,,,,,,,,
601988,reused,2025-06-03,2026-07-22,278,,DAILY,,,,,,,,,,,
601989,fetched,2025-06-03,2025-09-04,68,,DAILY,,,,,,,,,,,
601990,reused,2025-06-03,2026-07-22,278,,DAILY,,,,,,,,,,,
601991,reused,2025-05-19,2026-07-24,290,,DAILY,,,,,,,,,,,
601992,reused,2025-03-20,2026-07-22,326,,DAILY,,,,,,,,,,,
601995,reused,2025-06-03,2026-07-22,278,,DAILY,,,,,,,,,,,
601996,reused,2025-03-13,2026-07-22,331,,DAILY,,,,,,,,,,,
601997,reused,2025-06-03,2026-07-22,278,,DAILY,,,,,,,,,,,
601998,reused,2025-06-03,2026-07-22,278,,DAILY,,,,,,,,,,,
601999,reused,2025-06-03,2026-07-22,278,,DAILY,,,,,,,,,,,
603000,reused,2025-06-03,2026-07-22,278,,DAILY,,,,,,,,,,,
603001,reused,2025-04-21,2026-07-22,300,,DAILY,,,,,,,,,,,
603002,reused,2025-04-23,2026-07-22,303,,DAILY,,,,,,,,,,,
603004,reused,2025-06-03,2026-08-07,290,,DAILY,,,,,,,,,,,
603005,reused,2025-05-19,2026-07-24,290,,DAILY,,,,,,,,,,,
603006,reused,2025-03-26,2026-07-22,322,,DAILY,,,,,,,,,,,
603007,reused,2025-04-23,2026-07-22,301,,DAILY,,,,,,,,,,,
603009,reused,2025-06-03,2026-08-11,292,,DAILY,,,,,,,,,,,
603010,reused,2025-04-23,2026-07-22,303,,DAILY,,,,,,,,,,,
603011,reused,2025-06-03,2026-08-11,292,,DAILY,,,,,,,,,,,
603012,reused,2025-06-03,2026-08-11,292,,DAILY,,,,,,,,,,,
603013,reused,2025-05-06,2026-07-22,297,,DAILY,,,,,,,,,,,
603014,reused,2025-05-19,2026-07-22,278,,DAILY,,,,,,,,,,,
603015,reused,2025-04-23,2026-07-22,303,,DAILY,,,,,,,,,,,
603016,reused,2025-03-12,2026-07-22,332,,DAILY,,,,,,,,,,,
603017,reused,2025-06-03,2026-07-22,278,,DAILY,,,,,,,,,,,
603018,reused,2025-06-03,2026-07-22,278,,DAILY,,,,,,,,,,,
603019,reused,2025-04-28,2026-07-22,290,,DAILY,,,,,,,,,,,
603020,reused,2025-06-03,2026-08-11,292,,DAILY,,,,,,,,,,,
603022,reused,2025-06-03,2026-07-22,278,,DAILY,,,,,,,,,,,
603023,reused,2025-03-10,2026-07-22,333,,DAILY,,,,,,,,,,,
603025,reused,2025-06-03,2026-07-22,278,,DAILY,,,,,,,,,,,
603026,reused,2025-05-21,2026-07-27,289,,DAILY,,,,,,,,,,,
603027,reused,2025-06-03,2026-07-22,278,,DAILY,,,,,,,,,,,
603028,reused,2025-03-06,2026-07-22,336,,DAILY,,,,,,,,,,,
603029,reused,2025-06-03,2026-07-22,278,,DAILY,,,,,,,,,,,
603030,reused,2025-06-03,2026-07-22,278,,DAILY,,,,,,,,,,,
603031,reused,2025-05-29,2026-08-04,289,,DAILY,,,,,,,,,,,
603032,reused,2025-04-28,2026-07-22,300,,DAILY,,,,,,,,,,,
603033,reused,2025-03-03,2026-08-03,347,,DAILY,,,,,,,,,,,
603035,reused,2025-06-03,2026-07-22,278,,DAILY,,,,,,,,,,,
603036,reused,2025-06-03,2026-08-07,290,,DAILY,,,,,,,,,,,
603037,reused,2025-03-10,2026-07-22,329,,DAILY,,,,,,,,,,,
603038,reused,2025-06-03,2026-08-11,292,,DAILY,,,,,,,,,,,
603039,reused,2025-06-03,2026-08-10,291,,DAILY,,,,,,,,,,,
603040,reused,2025-03-13,2026-07-22,331,,DAILY,,,,,,,,,,,
603041,reused,2025-06-03,2026-07-22,278,,DAILY,,,,,,,,,,,
603042,reused,2025-05-12,2026-07-22,288,,DAILY,,,,,,,,,,,
603043,reused,2025-06-03,2026-07-22,278,,DAILY,,,,,,,,,,,
603045,reused,2025-06-03,2026-08-07,290,,DAILY,,,,,,,,,,,
603048,reused,2025-04-23,2026-07-22,303,,DAILY,,,,,,,,,,,
603049,fetched,2025-06-05,2026-07-22,276,,DAILY,,,,,,,,,,,
603050,reused,2025-05-21,2026-07-27,289,,DAILY,,,,,,,,,,,
603051,reused,2025-05-06,2026-07-22,297,,DAILY,,,,,,,,,,,
603052,reused,2025-04-23,2026-07-22,303,,DAILY,,,,,,,,,,,
603053,reused,2025-06-03,2026-07-22,278,,DAILY,,,,,,,,,,,
603055,reused,2025-06-03,2026-07-22,278,,DAILY,,,,,,,,,,,
603056,fetched,2025-06-03,2026-03-30,201,,DAILY,,,,,,,,,,,
603057,reused,2025-05-26,2026-07-31,290,,DAILY,,,,,,,,,,,
603058,reused,2025-06-03,2026-08-07,290,,DAILY,,,,,,,,,,,
603059,reused,2025-06-03,2026-07-22,278,,DAILY,,,,,,,,,,,
603060,reused,2025-03-27,2026-07-22,321,,DAILY,,,,,,,,,,,
603061,reused,2025-06-03,2026-08-07,290,,DAILY,,,,,,,,,,,
603062,reused,2025-06-03,2026-07-22,278,,DAILY,,,,,,,,,,,
603063,reused,2025-04-23,2026-07-22,303,,DAILY,,,,,,,,,,,
603065,reused,2025-06-03,2026-08-11,292,,DAILY,,,,,,,,,,,
603066,reused,2025-06-03,2026-07-22,278,,DAILY,,,,,,,,,,,
603067,reused,2025-05-29,2026-08-04,289,,DAILY,,,,,,,,,,,
603068,reused,2025-05-26,2026-07-31,290,,DAILY,,,,,,,,,,,
603069,reused,2025-03-10,2026-07-22,334,,DAILY,,,,,,,,,,,
603070,reused,2025-04-23,2026-07-22,303,,DAILY,,,,,,,,,,,
603071,reused,2025-06-03,2026-07-22,278,,DAILY,,,,,,,,,,,
603072,reused,2025-06-03,2026-07-22,278,,DAILY,,,,,,,,,,,
603073,reused,2025-06-03,2026-07-22,278,,DAILY,,,,,,,,,,,
603075,reused,2025-06-03,2026-07-22,278,,DAILY,,,,,,,,,,,
603076,reused,2025-06-03,2026-07-22,278,,DAILY,,,,,,,,,,,
603077,reused,2025-05-12,2026-07-22,293,,DAILY,,,,,,,,,,,
603078,reused,2025-06-03,2026-08-10,291,,DAILY,,,,,,,,,,,
603079,reused,2025-06-03,2026-07-22,278,,DAILY,,,,,,,,,,,
603080,reused,2025-06-03,2026-07-22,278,,DAILY,,,,,,,,,,,
603081,reused,2025-06-03,2026-07-22,278,,DAILY,,,,,,,,,,,
603082,reused,2025-05-26,2026-07-31,290,,DAILY,,,,,,,,,,,
603083,reused,2025-06-03,2026-08-07,290,,DAILY,,,,,,,,,,,
603085,reused,2025-04-23,2026-07-22,303,,DAILY,,,,,,,,,,,
603086,reused,2025-06-03,2026-07-22,278,,DAILY,,,,,,,,,,,
603087,reused,2025-06-03,2026-08-11,292,,DAILY,,,,,,,,,,,
603088,reused,2025-06-03,2026-07-22,278,,DAILY,,,,,,,,,,,
603089,reused,2025-06-03,2026-07-22,278,,DAILY,,,,,,,,,,,
603090,reused,2025-05-06,2026-07-22,297,,DAILY,,,,,,,,,,,
603091,reused,2025-06-03,2026-07-22,278,,DAILY,,,,,,,,,,,
603092,fetched,2025-11-07,2026-07-22,171,,DAILY,,,,,,,,,,,
603093,reused,2025-04-23,2026-07-22,303,,DAILY,,,,,,,,,,,
603095,reused,2025-03-05,2026-07-22,337,,DAILY,,,,,,,,,,,
603096,reused,2025-06-03,2026-07-22,278,,DAILY,,,,,,,,,,,
603097,reused,2025-05-26,2026-07-31,290,,DAILY,,,,,,,,,,,
603098,reused,2025-06-03,2026-07-22,278,,DAILY,,,,,,,,,,,
603099,reused,2025-06-03,2026-07-22,278,,DAILY,,,,,,,,,,,
603100,reused,2025-06-03,2026-07-22,278,,DAILY,,,,,,,,,,,
603101,reused,2025-06-03,2026-07-22,278,,DAILY,,,,,,,,,,,
603102,reused,2025-06-03,2026-08-11,292,,DAILY,,,,,,,,,,,
603103,reused,2025-06-03,2026-07-22,278,,DAILY,,,,,,,,,,,
603105,reused,2025-06-03,2026-07-22,278,,DAILY,,,,,,,,,,,
603106,reused,2025-06-03,2026-08-11,292,,DAILY,,,,,,,,,,,
603107,reused,2025-06-03,2026-07-22,278,,DAILY,,,,,,,,,,,
603108,reused,2025-05-14,2026-07-22,291,,DAILY,,,,,,,,,,,
603109,reused,2025-03-31,2026-07-22,319,,DAILY,,,,,,,,,,,
603110,reused,2025-05-26,2026-07-31,290,,DAILY,,,,,,,,,,,
603111,reused,2025-06-03,2026-07-22,278,,DAILY,,,,,,,,,,,
603112,reused,2025-06-03,2026-07-22,278,,DAILY,,,,,,,,,,,
603113,reused,2025-06-03,2026-07-22,278,,DAILY,,,,,,,,,,,
603115,reused,2025-06-03,2026-08-07,290,,DAILY,,,,,,,,,,,
603116,reused,2025-04-23,2026-07-22,303,,DAILY,,,,,,,,,,,
603117,reused,2025-06-03,2026-07-22,278,,DAILY,,,,,,,,,,,
603118,reused,2025-03-03,2026-08-03,342,,DAILY,,,,,,,,,,,
603119,reused,2025-06-03,2026-07-22,278,,DAILY,,,,,,,,,,,
603120,reused,2025-05-29,2026-08-04,289,,DAILY,,,,,,,,,,,
603121,reused,2025-03-31,2026-07-22,309,,DAILY,,,,,,,,,,,
603122,reused,2025-06-03,2026-08-10,291,,DAILY,,,,,,,,,,,
603123,reused,2025-06-03,2026-08-10,291,,DAILY,,,,,,,,,,,
603124,reused,2025-06-03,2026-08-11,292,,DAILY,,,,,,,,,,,
603125,reused,2025-06-03,2026-08-07,290,,DAILY,,,,,,,,,,,
603126,reused,2025-03-10,2026-07-22,334,,DAILY,,,,,,,,,,,
603127,reused,2025-06-03,2026-08-11,292,,DAILY,,,,,,,,,,,
603128,reused,2025-06-03,2026-07-22,278,,DAILY,,,,,,,,,,,
603129,reused,2025-06-03,2026-07-22,278,,DAILY,,,,,,,,,,,
603130,reused,2025-06-03,2026-08-11,292,,DAILY,,,,,,,,,,,
603131,reused,2025-06-03,2026-07-22,278,,DAILY,,,,,,,,,,,
603132,reused,2025-06-03,2026-07-22,278,,DAILY,,,,,,,,,,,
603135,reused,2025-04-30,2026-07-22,298,,DAILY,,,,,,,,,,,
603136,reused,2025-06-03,2026-07-22,278,,DAILY,,,,,,,,,,,
603137,reused,2025-06-03,2026-08-11,292,,DAILY,,,,,,,,,,,
603138,reused,2025-03-31,2026-07-22,319,,DAILY,,,,,,,,,,,
603139,reused,2025-05-29,2026-08-04,289,,DAILY,,,,,,,,,,,
603150,reused,2025-04-23,2026-07-22,303,,DAILY,,,,,,,,,,,
603151,reused,2025-06-03,2026-08-11,292,,DAILY,,,,,,,,,,,
603153,reused,2025-06-03,2026-07-22,278,,DAILY,,,,,,,,,,,
603155,reused,2025-05-08,2026-07-22,295,,DAILY,,,,,,,,,,,
603156,reused,2025-06-03,2026-08-07,290,,DAILY,,,,,,,,,,,
603158,reused,2025-03-05,2026-07-22,337,,DAILY,,,,,,,,,,,
603159,reused,2025-04-23,2026-07-22,298,,DAILY,,,,,,,,,,,
603160,reused,2025-04-23,2026-07-22,303,,DAILY,,,,,,,,,,,
603161,reused,2025-06-03,2026-08-11,292,,DAILY,,,,,,,,,,,
603162,reused,2025-06-03,2026-08-11,292,,DAILY,,,,,,,,,,,
603163,reused,2025-06-03,2026-08-07,290,,DAILY,,,,,,,,,,,
603165,reused,2025-05-06,2026-07-22,297,,DAILY,,,,,,,,,,,
603166,reused,2025-04-23,2026-07-22,303,,DAILY,,,,,,,,,,,
603167,reused,2025-06-03,2026-07-22,278,,DAILY,,,,,,,,,,,
603168,reused,2025-06-03,2026-07-22,278,,DAILY,,,,,,,,,,,
603169,reused,2025-04-23,2026-07-22,303,,DAILY,,,,,,,,,,,
603170,reused,2025-06-03,2026-07-22,278,,DAILY,,,,,,,,,,,
603171,reused,2025-05-29,2026-08-04,289,,DAILY,,,,,,,,,,,
603172,reused,2025-06-03,2026-07-22,278,,DAILY,,,,,,,,,,,
603173,reused,2025-06-03,2026-07-22,278,,DAILY,,,,,,,,,,,
603175,fetched,2025-10-24,2026-07-22,181,,DAILY,,,,,,,,,,,
603176,reused,2025-06-03,2026-07-22,278,,DAILY,,,,,,,,,,,
603177,reused,2025-04-23,2026-07-22,303,,DAILY,,,,,,,,,,,
603178,reused,2025-05-26,2026-07-31,290,,DAILY,,,,,,,,,,,
603179,reused,2025-06-03,2026-08-11,292,,DAILY,,,,,,,,,,,
603180,reused,2025-04-23,2026-07-22,303,,DAILY,,,,,,,,,,,
603181,reused,2025-06-03,2026-07-22,278,,DAILY,,,,,,,,,,,
603182,reused,2025-06-03,2026-07-22,278,,DAILY,,,,,,,,,,,
603183,reused,2025-05-06,2026-07-22,297,,DAILY,,,,,,,,,,,
603185,reused,2025-05-28,2026-08-03,289,,DAILY,,,,,,,,,,,
603186,reused,2025-06-03,2026-08-11,292,,DAILY,,,,,,,,,,,
603187,reused,2025-06-03,2026-07-22,278,,DAILY,,,,,,,,,,,
603188,reused,2025-06-03,2026-08-11,292,,DAILY,,,,,,,,,,,
603190,reused,2025-06-03,2026-07-22,278,,DAILY,,,,,,,,,,,
603191,reused,2025-05-21,2026-07-27,289,,DAILY,,,,,,,,,,,
603192,reused,2025-06-03,2026-08-07,290,,DAILY,,,,,,,,,,,
603193,reused,2025-03-31,2026-07-22,319,,DAILY,,,,,,,,,,,
603194,reused,2025-04-24,2026-07-22,302,,DAILY,,,,,,,,,,,
603195,reused,2025-06-03,2026-07-22,278,,DAILY,,,,,,,,,,,
603196,reused,2025-05-12,2026-07-22,293,,DAILY,,,,,,,,,,,
603197,reused,2025-05-12,2026-07-22,293,,DAILY,,,,,,,,,,,
603198,reused,2025-06-03,2026-07-22,278,,DAILY,,,,,,,,,,,
603199,reused,2025-06-03,2026-07-22,278,,DAILY,,,,,,,,,,,
603200,reused,2025-06-03,2026-07-22,278,,DAILY,,,,,,,,,,,
603201,reused,2025-06-03,2026-08-07,290,,DAILY,,,,,,,,,,,
603202,reused,2025-06-03,2026-07-22,278,,DAILY,,,,,,,,,,,
603203,reused,2025-06-03,2026-08-07,290,,DAILY,,,,,,,,,,,
603205,reused,2025-06-03,2026-07-22,278,,DAILY,,,,,,,,,,,
603206,reused,2025-06-03,2026-08-07,290,,DAILY,,,,,,,,,,,
603207,reused,2025-06-03,2026-07-22,278,,DAILY,,,,,,,,,,,
603208,reused,2025-06-03,2026-07-22,278,,DAILY,,,,,,,,,,,
603209,reused,2025-06-03,2026-07-22,278,,DAILY,,,,,,,,,,,
603210,reused,2025-04-23,2026-07-22,303,,DAILY,,,,,,,,,,,
603211,reused,2025-05-08,2026-07-22,295,,DAILY,,,,,,,,,,,
603212,reused,2025-05-21,2026-07-27,289,,DAILY,,,,,,,,,,,
603213,reused,2025-06-03,2026-07-22,278,,DAILY,,,,,,,,,,,
603214,reused,2025-06-03,2026-07-22,278,,DAILY,,,,,,,,,,,
603215,reused,2025-06-03,2026-07-22,278,,DAILY,,,,,,,,,,,
603216,reused,2025-03-10,2026-07-22,325,,DAILY,,,,,,,,,,,
603217,reused,2025-06-03,2026-08-07,290,,DAILY,,,,,,,,,,,
603218,reused,2025-06-03,2026-07-22,278,,DAILY,,,,,,,,,,,
603219,reused,2025-06-03,2026-07-22,278,,DAILY,,,,,,,,,,,
603220,reused,2025-04-23,2026-07-22,303,,DAILY,,,,,,,,,,,
603221,reused,2025-06-03,2026-08-10,288,,DAILY,,,,,,,,,,,
603222,reused,2025-06-03,2026-08-07,290,,DAILY,,,,,,,,,,,
603223,reused,2025-05-08,2026-07-22,295,,DAILY,,,,,,,,,,,
603225,reused,2025-04-23,2026-07-22,303,,DAILY,,,,,,,,,,,
603226,reused,2025-04-28,2026-07-22,296,,DAILY,,,,,,,,,,,
603227,reused,2025-06-03,2026-07-22,278,,DAILY,,,,,,,,,,,
603228,reused,2025-06-03,2026-08-11,292,,DAILY,,,,,,,,,,,
603229,reused,2025-06-03,2026-07-22,278,,DAILY,,,,,,,,,,,
603230,reused,2025-06-03,2026-07-22,278,,DAILY,,,,,,,,,,,
603231,reused,2025-06-03,2026-07-22,278,,DAILY,,,,,,,,,,,
603232,reused,2025-05-26,2026-07-31,290,,DAILY,,,,,,,,,,,
603233,reused,2025-06-03,2026-07-22,278,,DAILY,,,,,,,,,,,
603235,reused,2025-06-03,2026-07-22,278,,DAILY,,,,,,,,,,,
603236,reused,2025-05-08,2026-07-22,295,,DAILY,,,,,,,,,,,
603237,reused,2025-06-03,2026-07-22,278,,DAILY,,,,,,,,,,,
603238,reused,2025-06-03,2026-07-22,278,,DAILY,,,,,,,,,,,
603239,reused,2025-06-03,2026-07-22,278,,DAILY,,,,,,,,,,,
603248,fetched,2025-12-23,2026-07-22,139,,DAILY,,,,,,,,,,,
603255,reused,2025-06-03,2026-07-22,278,,DAILY,,,,,,,,,,,
603256,reused,2025-06-03,2026-08-07,290,,DAILY,,,,,,,,,,,
603257,reused,2025-06-03,2026-07-22,278,,DAILY,,,,,,,,,,,
603258,reused,2025-05-26,2026-07-31,290,,DAILY,,,,,,,,,,,
603259,reused,2025-06-03,2026-08-07,290,,DAILY,,,,,,,,,,,
603260,reused,2025-04-23,2026-07-22,303,,DAILY,,,,,,,,,,,
603261,reused,2025-06-03,2026-08-07,290,,DAILY,,,,,,,,,,,
603262,fetched,2025-07-23,2026-07-22,242,,DAILY,,,,,,,,,,,
603266,reused,2025-06-03,2026-07-22,278,,DAILY,,,,,,,,,,,
603267,reused,2025-04-23,2026-07-22,303,,DAILY,,,,,,,,,,,
603268,reused,2025-06-03,2026-08-07,290,,DAILY,,,,,,,,,,,
603269,reused,2025-06-03,2026-08-11,292,,DAILY,,,,,,,,,,,
603270,reused,2025-05-08,2026-07-22,295,,DAILY,,,,,,,,,,,
603271,reused,2025-04-23,2026-07-22,303,,DAILY,,,,,,,,,,,
603273,reused,2025-04-30,2026-07-22,298,,DAILY,,,,,,,,,,,
603275,reused,2025-03-10,2026-07-22,334,,DAILY,,,,,,,,,,,
603276,reused,2025-04-23,2026-07-22,303,,DAILY,,,,,,,,,,,
603277,reused,2025-06-03,2026-07-22,278,,DAILY,,,,,,,,,,,
603278,reused,2025-05-06,2026-07-22,297,,DAILY,,,,,,,,,,,
603279,reused,2025-06-03,2026-07-22,278,,DAILY,,,,,,,,,,,
603280,reused,2025-06-03,2026-07-22,278,,DAILY,,,,,,,,,,,
603281,reused,2025-06-03,2026-07-22,278,,DAILY,,,,,,,,,,,
603282,reused,2025-06-03,2026-07-22,278,,DAILY,,,,,,,,,,,
603283,reused,2025-04-28,2026-07-22,300,,DAILY,,,,,,,,,,,
603284,fetched,2026-02-10,2026-08-11,120,,DAILY,,,,,,,,,,,
603285,reused,2025-06-03,2026-08-10,291,,DAILY,,,,,,,,,,,
603286,reused,2025-05-29,2026-08-04,289,,DAILY,,,,,,,,,,,
603288,reused,2025-06-03,2026-07-22,278,,DAILY,,,,,,,,,,,
603289,reused,2025-06-03,2026-07-22,278,,DAILY,,,,,,,,,,,
603290,reused,2025-04-28,2026-07-22,300,,DAILY,,,,,,,,,,,
603291,reused,2025-06-03,2026-07-22,278,,DAILY,,,,,,,,,,,
603293,fetched,2026-04-16,2026-07-22,66,,DAILY,,,,,,,,,,,
603296,reused,2025-05-19,2026-07-24,290,,DAILY,,,,,,,,,,,
603297,reused,2025-06-03,2026-08-07,290,,DAILY,,,,,,,,,,,
603298,reused,2025-06-03,2026-07-22,278,,DAILY,,,,,,,,,,,
603299,reused,2025-06-03,2026-07-22,278,,DAILY,,,,,,,,,,,
603300,reused,2025-06-03,2026-07-22,278,,DAILY,,,,,,,,,,,
603301,reused,2025-06-03,2026-07-22,278,,DAILY,,,,,,,,,,,
603303,reused,2025-05-06,2026-07-22,297,,DAILY,,,,,,,,,,,
603305,reused,2025-06-03,2026-07-22,278,,DAILY,,,,,,,,,,,
603306,reused,2025-06-03,2026-08-07,290,,DAILY,,,,,,,,,,,
603307,reused,2025-06-03,2026-07-22,278,,DAILY,,,,,,,,,,,
603308,reused,2025-06-03,2026-07-22,278,,DAILY,,,,,,,,,,,
603309,reused,2025-06-03,2026-07-22,278,,DAILY,,,,,,,,,,,
603310,reused,2025-03-13,2026-07-22,331,,DAILY,,,,,,,,,,,
603311,reused,2025-05-19,2026-07-24,285,,DAILY,,,,,,,,,,,
603312,reused,2025-06-03,2026-07-22,278,,DAILY,,,,,,,,,,,
603313,reused,2025-05-12,2026-07-22,293,,DAILY,,,,,,,,,,,
603315,reused,2025-05-26,2026-07-31,290,,DAILY,,,,,,,,,,,
603316,reused,2025-05-29,2026-08-04,289,,DAILY,,,,,,,,,,,
603317,reused,2025-04-23,2026-07-22,303,,DAILY,,,,,,,,,,,
603318,reused,2025-05-21,2026-07-27,289,,DAILY,,,,,,,,,,,
603319,reused,2025-03-31,2026-07-22,319,,DAILY,,,,,,,,,,,
603320,reused,2025-03-10,2026-07-22,334,,DAILY,,,,,,,,,,,
603321,reused,2025-06-03,2026-07-22,278,,DAILY,,,,,,,,,,,
603322,reused,2025-05-08,2026-07-22,295,,DAILY,,,,,,,,,,,
603323,reused,2025-06-03,2026-07-22,278,,DAILY,,,,,,,,,,,
603324,reused,2025-04-23,2026-07-22,303,,DAILY,,,,,,,,,,,
603325,reused,2025-06-03,2026-07-22,278,,DAILY,,,,,,,,,,,
603326,reused,2025-06-03,2026-07-22,278,,DAILY,,,,,,,,,,,
603327,reused,2025-05-14,2026-07-22,291,,DAILY,,,,,,,,,,,
603328,reused,2025-06-03,2026-08-11,292,,DAILY,,,,,,,,,,,
603329,reused,2025-05-07,2026-07-22,296,,DAILY,,,,,,,,,,,
603330,reused,2025-05-26,2026-07-31,290,,DAILY,,,,,,,,,,,
603331,reused,2025-05-21,2026-07-27,289,,DAILY,,,,,,,,,,,
603332,reused,2025-06-03,2026-07-22,278,,DAILY,,,,,,,,,,,
603333,reused,2025-03-17,2026-07-22,329,,DAILY,,,,,,,,,,,
603334,fetched,2025-11-05,2026-07-22,173,,DAILY,,,,,,,,,,,
603335,reused,2025-06-03,2026-08-07,290,,DAILY,,,,,,,,,,,
603336,reused,2025-05-29,2026-08-04,284,,DAILY,,,,,,,,,,,
603337,reused,2025-05-29,2026-08-04,289,,DAILY,,,,,,,,,,,
603338,reused,2025-03-03,2026-08-03,347,,DAILY,,,,,,,,,,,
603339,reused,2025-05-06,2026-07-22,297,,DAILY,,,,,,,,,,,
603341,reused,2025-03-31,2026-07-22,319,,DAILY,,,,,,,,,,,
603344,reused,2025-03-31,2026-07-22,319,,DAILY,,,,,,,,,,,
603345,reused,2025-06-03,2026-07-22,278,,DAILY,,,,,,,,,,,
603348,reused,2025-05-28,2026-08-03,289,,DAILY,,,,,,,,,,,
603350,reused,2025-06-03,2026-07-22,278,,DAILY,,,,,,,,,,,
603351,reused,2025-06-03,2026-07-22,278,,DAILY,,,,,,,,,,,
603352,fetched,2026-01-15,2026-08-03,132,,DAILY,,,,,,,,,,,
603353,reused,2025-03-26,2026-07-22,322,,DAILY,,,,,,,,,,,
603355,reused,2025-04-23,2026-07-22,303,,DAILY,,,,,,,,,,,
603356,reused,2025-05-06,2026-07-22,297,,DAILY,,,,,,,,,,,
603357,reused,2025-06-03,2026-07-22,278,,DAILY,,,,,,,,,,,
603358,reused,2025-06-03,2026-08-07,290,,DAILY,,,,,,,,,,,
603360,reused,2025-04-23,2026-07-22,303,,DAILY,,,,,,,,,,,
603363,reused,2025-03-13,2026-07-22,330,,DAILY,,,,,,,,,,,
603365,reused,2025-06-03,2026-07-22,278,,DAILY,,,,,,,,,,,
603366,reused,2025-04-28,2026-07-22,300,,DAILY,,,,,,,,,,,
603367,reused,2025-05-12,2026-07-22,293,,DAILY,,,,,,,,,,,
603368,reused,2025-06-03,2026-07-22,278,,DAILY,,,,,,,,,,,
603369,reused,2025-06-03,2026-07-22,278,,DAILY,,,,,,,,,,,
603370,fetched,2025-09-05,2026-07-22,210,,DAILY,,,,,,,,,,,
603373,reused,2025-06-03,2026-08-07,290,,DAILY,,,,,,,,,,,
603375,reused,2025-05-29,2026-08-04,289,,DAILY,,,,,,,,,,,
603376,fetched,2025-11-06,2026-08-03,180,,DAILY,,,,,,,,,,,
603379,reused,2025-03-03,2026-08-03,347,,DAILY,,,,,,,,,,,
603380,reused,2025-05-06,2026-07-22,297,,DAILY,,,,,,,,,,,
603381,reused,2025-06-03,2026-07-22,278,,DAILY,,,,,,,,,,,
603382,fetched,2025-06-12,2026-08-11,285,,DAILY,,,,,,,,,,,
603383,reused,2025-06-03,2026-07-22,278,,DAILY,,,,,,,,,,,
603385,reused,2025-06-03,2026-07-22,278,,DAILY,,,,,,,,,,,
603386,reused,2025-04-23,2026-07-22,303,,DAILY,,,,,,,,,,,
603387,reused,2025-05-12,2026-07-22,293,,DAILY,,,,,,,,,,,
603390,reused,2025-03-13,2026-07-22,331,,DAILY,,,,,,,,,,,
603391,reused,2025-05-19,2026-07-24,290,,DAILY,,,,,,,,,,,
603392,reused,2025-06-03,2026-07-22,278,,DAILY,,,,,,,,,,,
603393,reused,2025-06-03,2026-07-22,278,,DAILY,,,,,,,,,,,
603395,reused,2025-06-03,2026-07-22,278,,DAILY,,,,,,,,,,,
603396,reused,2025-06-03,2026-07-22,278,,DAILY,,,,,,,,,,,
603399,reused,2025-05-26,2026-07-31,290,,DAILY,,,,,,,,,,,
603400,fetched,2025-06-20,2026-08-07,277,,DAILY,,,,,,,,,,,
603402,fetched,2026-01-06,2026-07-29,136,,DAILY,,,,,,,,,,,
603406,fetched,2025-08-08,2026-07-22,230,,DAILY,,,,,,,,,,,
603407,fetched,2026-05-11,2026-07-29,57,,DAILY,,,,,,,,,,,
603408,reused,2025-06-03,2026-07-22,278,,DAILY,,,,,,,,,,,
603409,reused,2025-06-03,2026-07-22,278,,DAILY,,,,,,,,,,,
603416,reused,2025-04-30,2026-07-22,298,,DAILY,,,,,,,,,,,
603418,fetched,2025-09-23,2026-07-22,198,,DAILY,,,,,,,,,,,
603421,reused,2025-06-03,2026-08-10,291,,DAILY,,,,,,,,,,,
603435,fetched,2026-05-22,2026-08-07,55,,DAILY,,,,,,,,,,,
603439,reused,2025-03-27,2026-07-22,321,,DAILY,,,,,,,,,,,
603444,reused,2025-06-03,2026-07-22,278,,DAILY,,,,,,,,,,,
603456,reused,2025-06-03,2026-07-22,278,,DAILY,,,,,,,,,,,
603458,reused,2025-04-23,2026-07-22,303,,DAILY,,,,,,,,,,,
603459,fetched,2026-04-08,2026-08-11,86,,DAILY,,,,,,,,,,,
603466,reused,2025-06-03,2026-08-07,290,,DAILY,,,,,,,,,,,
603477,reused,2025-05-06,2026-07-22,297,,DAILY,,,,,,,,,,,
603486,reused,2025-06-03,2026-07-22,278,,DAILY,,,,,,,,,,,
603488,reused,2025-06-03,2026-08-11,292,,DAILY,,,,,,,,,,,
603489,reused,2025-05-12,2026-07-22,293,,DAILY,,,,,,,,,,,
603496,reused,2025-05-14,2026-07-22,282,,DAILY,,,,,,,,,,,
603499,reused,2025-05-26,2026-07-31,290,,DAILY,,,,,,,,,,,
603500,reused,2025-04-23,2026-07-22,303,,DAILY,,,,,,,,,,,
603501,reused,2025-06-03,2026-07-22,278,,DAILY,,,,,,,,,,,
603505,reused,2025-03-03,2026-08-03,347,,DAILY,,,,,,,,,,,
603506,reused,2025-06-03,2026-07-22,278,,DAILY,,,,,,,,,,,
603507,reused,2025-05-26,2026-07-31,290,,DAILY,,,,,,,,,,,
603508,reused,2025-06-03,2026-07-22,278,,DAILY,,,,,,,,,,,
603511,reused,2025-06-03,2026-07-22,278,,DAILY,,,,,,,,,,,
603515,reused,2025-06-03,2026-07-22,278,,DAILY,,,,,,,,,,,
603516,reused,2025-05-19,2026-07-24,290,,DAILY,,,,,,,,,,,
603518,reused,2025-06-03,2026-07-22,278,,DAILY,,,,,,,,,,,
603519,reused,2025-04-23,2026-07-22,303,,DAILY,,,,,,,,,,,
603520,reused,2025-03-13,2026-07-22,331,,DAILY,,,,,,,,,,,
603527,reused,2025-04-23,2026-07-22,303,,DAILY,,,,,,,,,,,
603528,reused,2025-04-23,2026-07-22,303,,DAILY,,,,,,,,,,,
603529,reused,2025-06-03,2026-07-22,278,,DAILY,,,,,,,,,,,
603530,reused,2025-06-03,2026-07-22,278,,DAILY,,,,,,,,,,,
603533,reused,2025-05-29,2026-08-04,289,,DAILY,,,,,,,,,,,
603535,reused,2025-03-10,2026-07-22,334,,DAILY,,,,,,,,,,,
603536,reused,2025-06-03,2026-07-22,278,,DAILY,,,,,,,,,,,
603538,reused,2025-05-12,2026-07-22,293,,DAILY,,,,,,,,,,,
603551,reused,2025-06-03,2026-07-22,278,,DAILY,,,,,,,,,,,
603556,reused,2025-05-28,2026-08-04,290,,DAILY,,,,,,,,,,,
603558,reused,2025-06-03,2026-07-22,278,,DAILY,,,,,,,,,,,
603565,reused,2025-06-03,2026-07-22,278,,DAILY,,,,,,,,,,,
603566,reused,2025-06-03,2026-07-22,278,,DAILY,,,,,,,,,,,
603567,reused,2025-06-03,2026-08-11,292,,DAILY,,,,,,,,,,,
603568,reused,2025-06-03,2026-07-22,278,,DAILY,,,,,,,,,,,
603569,reused,2025-06-03,2026-07-22,278,,DAILY,,,,,,,,,,,
603577,reused,2025-06-03,2026-08-07,290,,DAILY,,,,,,,,,,,
603578,reused,2025-05-08,2026-07-22,295,,DAILY,,,,,,,,,,,
603579,reused,2025-06-03,2026-07-22,278,,DAILY,,,,,,,,,,,
603583,reused,2025-06-03,2026-07-22,278,,DAILY,,,,,,,,,,,
603585,reused,2025-06-03,2026-07-22,278,,DAILY,,,,,,,,,,,
603586,reused,2025-06-03,2026-07-22,278,,DAILY,,,,,,,,,,,
603587,reused,2025-06-03,2026-07-22,278,,DAILY,,,,,,,,,,,
603588,reused,2025-04-23,2026-07-22,303,,DAILY,,,,,,,,,,,
603589,reused,2025-06-03,2026-07-22,278,,DAILY,,,,,,,,,,,
603590,reused,2025-03-19,2026-07-22,327,,DAILY,,,,,,,,,,,
603596,reused,2025-05-06,2026-07-22,297,,DAILY,,,,,,,,,,,
603598,reused,2025-05-29,2026-08-04,289,,DAILY,,,,,,,,,,,
603599,reused,2025-06-03,2026-07-22,278,,DAILY,,,,,,,,,,,
603600,reused,2025-06-03,2026-07-22,278,,DAILY,,,,,,,,,,,
603601,reused,2025-04-23,2026-07-22,303,,DAILY,,,,,,,,,,,
603602,reused,2025-06-03,2026-07-22,278,,DAILY,,,,,,,,,,,
603605,reused,2025-06-03,2026-07-22,278,,DAILY,,,,,,,,,,,
603606,reused,2025-04-28,2026-07-22,300,,DAILY,,,,,,,,,,,
603607,reused,2025-05-26,2026-07-31,290,,DAILY,,,,,,,,,,,
603608,reused,2025-05-29,2026-08-04,284,,DAILY,,,,,,,,,,,
603609,reused,2025-06-03,2026-07-22,278,,DAILY,,,,,,,,,,,
603610,reused,2025-06-03,2026-08-07,290,,DAILY,,,,,,,,,,,
603611,reused,2025-06-03,2026-07-22,278,,DAILY,,,,,,,,,,,
603612,reused,2025-06-03,2026-07-22,278,,DAILY,,,,,,,,,,,
603613,reused,2025-06-03,2026-07-22,278,,DAILY,,,,,,,,,,,
603615,reused,2025-06-03,2026-07-22,278,,DAILY,,,,,,,,,,,
603616,reused,2025-04-23,2026-07-22,293,,DAILY,,,,,,,,,,,
603617,reused,2025-06-03,2026-08-07,290,,DAILY,,,,,,,,,,,
603618,reused,2025-06-03,2026-08-07,290,,DAILY,,,,,,,,,,,
603619,reused,2025-03-03,2026-08-03,347,,DAILY,,,,,,,,,,,
603626,reused,2025-06-03,2026-08-07,290,,DAILY,,,,,,,,,,,
603628,reused,2025-06-03,2026-07-22,278,,DAILY,,,,,,,,,,,
603629,reused,2025-06-03,2026-08-07,290,,DAILY,,,,,,,,,,,
603630,reused,2025-05-26,2026-07-31,290,,DAILY,,,,,,,,,,,
603633,reused,2025-03-24,2026-07-22,324,,DAILY,,,,,,,,,,,
603636,reused,2025-04-23,2026-07-22,303,,DAILY,,,,,,,,,,,
603637,reused,2025-05-29,2026-08-04,289,,DAILY,,,,,,,,,,,
603638,reused,2025-04-30,2026-07-22,298,,DAILY,,,,,,,,,,,
603639,reused,2025-06-03,2026-07-22,278,,DAILY,,,,,,,,,,,
603648,reused,2025-06-03,2026-07-22,278,,DAILY,,,,,,,,,,,
603650,reused,2025-03-03,2026-08-03,347,,DAILY,,,,,,,,,,,
603655,reused,2025-06-03,2026-08-11,292,,DAILY,,,,,,,,,,,
603656,reused,2025-03-31,2026-07-22,319,,DAILY,,,,,,,,,,,
603657,reused,2025-06-03,2026-08-07,290,,DAILY,,,,,,,,,,,
603658,reused,2025-06-03,2026-07-22,278,,DAILY,,,,,,,,,,,
603659,reused,2025-06-03,2026-07-22,278,,DAILY,,,,,,,,,,,
603660,reused,2025-06-03,2026-08-11,292,,DAILY,,,,,,,,,,,
603661,reused,2025-06-03,2026-08-07,290,,DAILY,,,,,,,,,,,
603662,reused,2025-04-28,2026-07-22,300,,DAILY,,,,,,,,,,,
603663,reused,2025-06-03,2026-08-07,290,,DAILY,,,,,,,,,,,
603665,reused,2025-06-03,2026-07-22,278,,DAILY,,,,,,,,,,,
603666,reused,2025-05-07,2026-07-22,296,,DAILY,,,,,,,,,,,
603667,reused,2025-03-06,2026-07-22,336,,DAILY,,,,,,,,,,,
603668,reused,2025-04-23,2026-07-22,303,,DAILY,,,,,,,,,,,
603669,reused,2025-05-12,2026-07-22,293,,DAILY,,,,,,,,,,,
603676,reused,2025-06-03,2026-07-22,278,,DAILY,,,,,,,,,,,
603677,reused,2025-05-12,2026-07-22,293,,DAILY,,,,,,,,,,,
603678,reused,2025-05-19,2026-07-24,290,,DAILY,,,,,,,,,,,
603679,reused,2025-04-23,2026-07-22,303,,DAILY,,,,,,,,,,,
603680,reused,2025-05-21,2026-07-27,289,,DAILY,,,,,,,,,,,
603681,reused,2025-04-23,2026-07-22,303,,DAILY,,,,,,,,,,,
603682,reused,2025-06-03,2026-08-07,290,,DAILY,,,,,,,,,,,
603683,reused,2025-06-03,2026-07-22,278,,DAILY,,,,,,,,,,,
603685,reused,2025-03-24,2026-07-22,324,,DAILY,,,,,,,,,,,
603686,reused,2025-06-03,2026-07-22,278,,DAILY,,,,,,,,,,,
603687,reused,2025-04-24,2026-07-22,302,,DAILY,,,,,,,,,,,
603688,reused,2025-05-07,2026-07-22,296,,DAILY,,,,,,,,,,,
603689,reused,2025-06-03,2026-07-22,278,,DAILY,,,,,,,,,,,
603690,reused,2025-05-26,2026-07-31,290,,DAILY,,,,,,,,,,,
603693,reused,2025-03-17,2026-07-22,329,,DAILY,,,,,,,,,,,
603696,reused,2025-05-29,2026-08-04,289,,DAILY,,,,,,,,,,,
603697,reused,2025-06-03,2026-07-22,278,,DAILY,,,,,,,,,,,
603698,reused,2025-05-08,2026-07-22,295,,DAILY,,,,,,,,,,,
603699,reused,2025-06-03,2026-07-22,278,,DAILY,,,,,,,,,,,
603700,reused,2025-06-03,2026-07-22,278,,DAILY,,,,,,,,,,,
603701,reused,2025-06-03,2026-07-22,278,,DAILY,,,,,,,,,,,
603703,reused,2025-06-03,2026-07-22,278,,DAILY,,,,,,,,,,,
603706,reused,2025-06-03,2026-07-22,278,,DAILY,,,,,,,,,,,
603707,reused,2025-06-03,2026-07-22,278,,DAILY,,,,,,,,,,,
603708,reused,2025-06-03,2026-07-22,278,,DAILY,,,,,,,,,,,
603709,reused,2025-06-03,2026-07-22,278,,DAILY,,,,,,,,,,,
603711,reused,2025-06-03,2026-08-11,292,,DAILY,,,,,,,,,,,
603712,reused,2025-06-03,2026-07-22,278,,DAILY,,,,,,,,,,,
603713,reused,2025-05-06,2026-07-22,297,,DAILY,,,,,,,,,,,
603716,reused,2025-05-26,2026-07-31,290,,DAILY,,,,,,,,,,,
603717,reused,2025-03-03,2026-08-03,347,,DAILY,,,,,,,,,,,
603719,reused,2025-05-26,2026-07-31,285,,DAILY,,,,,,,,,,,
603721,reused,2025-05-29,2026-08-04,283,,DAILY,,,,,,,,,,,
603722,reused,2025-03-03,2026-08-03,342,,DAILY,,,,,,,,,,,
603725,reused,2025-06-03,2026-08-11,292,,DAILY,,,,,,,,,,,
603726,reused,2025-05-22,2026-07-28,289,,DAILY,,,,,,,,,,,
603727,reused,2025-05-21,2026-07-27,289,,DAILY,,,,,,,,,,,
603728,reused,2025-04-28,2026-07-22,300,,DAILY,,,,,,,,,,,
603730,reused,2025-05-12,2026-07-22,293,,DAILY,,,,,,,,,,,
603733,reused,2025-04-23,2026-07-22,303,,DAILY,,,,,,,,,,,
603737,reused,2025-06-03,2026-07-22,278,,DAILY,,,,,,,,,,,
603738,reused,2025-06-03,2026-08-10,291,,DAILY,,,,,,,,,,,
603739,reused,2025-06-03,2026-07-22,278,,DAILY,,,,,,,,,,,
603755,reused,2025-06-03,2026-07-22,278,,DAILY,,,,,,,,,,,
603757,reused,2025-06-03,2026-08-11,292,,DAILY,,,,,,,,,,,
603758,reused,2025-06-03,2026-08-11,292,,DAILY,,,,,,,,,,,
603759,reused,2025-04-30,2026-07-22,298,,DAILY,,,,,,,,,,,
603766,reused,2025-06-03,2026-07-22,278,,DAILY,,,,,,,,,,,
603767,reused,2025-03-19,2026-07-22,327,,DAILY,,,,,,,,,,,
603768,reused,2025-06-03,2026-07-22,278,,DAILY,,,,,,,,,,,
603773,reused,2025-06-03,2026-08-11,292,,DAILY,,,,,,,,,,,
603776,reused,2025-06-03,2026-07-22,278,,DAILY,,,,,,,,,,,
603777,reused,2025-03-03,2026-07-22,339,,DAILY,,,,,,,,,,,
603778,reused,2025-06-03,2026-08-07,290,,DAILY,,,,,,,,,,,
603779,reused,2025-05-29,2026-08-04,284,,DAILY,,,,,,,,,,,
603786,reused,2025-06-03,2026-07-22,278,,DAILY,,,,,,,,,,,
603787,reused,2025-06-03,2026-07-22,278,,DAILY,,,,,,,,,,,
603788,reused,2025-06-03,2026-07-22,278,,DAILY,,,,,,,,,,,
603790,reused,2025-05-26,2026-07-31,290,,DAILY,,,,,,,,,,,
603797,reused,2025-06-03,2026-08-11,292,,DAILY,,,,,,,,,,,
603798,reused,2025-06-03,2026-08-07,290,,DAILY,,,,,,,,,,,
603799,reused,2025-06-03,2026-07-22,278,,DAILY,,,,,,,,,,,
603800,reused,2025-06-03,2026-08-07,290,,DAILY,,,,,,,,,,,
603801,reused,2025-05-26,2026-07-31,290,,DAILY,,,,,,,,,,,
603803,reused,2025-05-19,2026-07-24,290,,DAILY,,,,,,,,,,,
603806,reused,2025-05-12,2026-07-22,293,,DAILY,,,,,,,,,,,
603808,reused,2025-03-31,2026-07-22,319,,DAILY,,,,,,,,,,,
603809,reused,2025-06-03,2026-07-22,278,,DAILY,,,,,,,,,,,
603810,reused,2025-06-03,2026-07-22,278,,DAILY,,,,,,,,,,,
603811,reused,2025-06-03,2026-07-22,278,,DAILY,,,,,,,,,,,
603813,reused,2025-05-28,2026-08-03,288,,DAILY,,,,,,,,,,,
603815,reused,2025-05-06,2026-07-22,297,,DAILY,,,,,,,,,,,
603816,reused,2025-06-03,2026-07-22,278,,DAILY,,,,,,,,,,,
603817,reused,2025-06-03,2026-07-22,278,,DAILY,,,,,,,,,,,
603818,reused,2025-06-03,2026-07-22,278,,DAILY,,,,,,,,,,,
603819,reused,2025-05-06,2026-07-22,297,,DAILY,,,,,,,,,,,
603823,reused,2025-06-03,2026-08-11,292,,DAILY,,,,,,,,,,,
603826,reused,2025-06-03,2026-08-07,290,,DAILY,,,,,,,,,,,
603829,reused,2025-06-03,2026-07-22,278,,DAILY,,,,,,,,,,,
603833,reused,2025-05-26,2026-07-31,290,,DAILY,,,,,,,,,,,
603836,reused,2025-06-03,2026-07-22,278,,DAILY,,,,,,,,,,,
603839,reused,2025-05-12,2026-07-22,293,,DAILY,,,,,,,,,,,
603848,reused,2025-06-03,2026-07-22,278,,DAILY,,,,,,,,,,,
603855,reused,2025-06-03,2026-07-22,278,,DAILY,,,,,,,,,,,
603856,reused,2025-06-03,2026-07-22,278,,DAILY,,,,,,,,,,,
603858,reused,2025-06-03,2026-07-22,278,,DAILY,,,,,,,,,,,
603859,reused,2025-04-23,2026-07-22,303,,DAILY,,,,,,,,,,,
603860,reused,2025-06-03,2026-07-22,278,,DAILY,,,,,,,,,,,
603861,reused,2025-05-21,2026-07-27,289,,DAILY,,,,,,,,,,,
603863,reused,2025-04-23,2026-07-22,298,,DAILY,,,,,,,,,,,
603866,reused,2025-06-03,2026-07-22,278,,DAILY,,,,,,,,,,,
603867,reused,2025-03-20,2026-07-22,326,,DAILY,,,,,,,,,,,
603868,reused,2025-06-03,2026-07-22,278,,DAILY,,,,,,,,,,,
603871,reused,2025-03-24,2026-07-22,324,,DAILY,,,,,,,,,,,
603876,reused,2025-05-21,2026-07-27,289,,DAILY,,,,,,,,,,,
603877,reused,2025-04-23,2026-07-22,303,,DAILY,,,,,,,,,,,
603878,reused,2025-03-06,2026-07-22,336,,DAILY,,,,,,,,,,,
603879,reused,2025-06-03,2026-07-22,278,,DAILY,,,,,,,,,,,
603880,reused,2025-04-28,2026-07-22,300,,DAILY,,,,,,,,,,,
603881,reused,2025-05-06,2026-07-22,297,,DAILY,,,,,,,,,,,
603882,reused,2025-06-03,2026-07-22,278,,DAILY,,,,,,,,,,,
603883,reused,2025-06-03,2026-08-11,292,,DAILY,,,,,,,,,,,
603885,reused,2025-06-03,2026-07-22,278,,DAILY,,,,,,,,,,,
603886,reused,2025-04-23,2026-07-22,303,,DAILY,,,,,,,,,,,
603887,reused,2025-06-03,2026-08-11,292,,DAILY,,,,,,,,,,,
603888,reused,2025-04-23,2026-07-22,303,,DAILY,,,,,,,,,,,
603889,reused,2025-06-03,2026-07-22,278,,DAILY,,,,,,,,,,,
603890,reused,2025-05-19,2026-07-24,290,,DAILY,,,,,,,,,,,
603893,reused,2025-05-19,2026-07-24,290,,DAILY,,,,,,,,,,,
603895,reused,2025-03-24,2026-07-22,324,,DAILY,,,,,,,,,,,
603896,reused,2025-06-03,2026-07-22,278,,DAILY,,,,,,,,,,,
603897,reused,2025-06-03,2026-08-11,292,,DAILY,,,,,,,,,,,
603898,reused,2025-03-03,2026-08-03,347,,DAILY,,,,,,,,,,,
603899,reused,2025-06-03,2026-07-22,278,,DAILY,,,,,,,,,,,
603900,reused,2025-06-03,2026-07-22,278,,DAILY,,,,,,,,,,,
603901,reused,2025-06-03,2026-07-22,278,,DAILY,,,,,,,,,,,
603903,reused,2025-05-06,2026-07-22,297,,DAILY,,,,,,,,,,,
603906,reused,2025-05-26,2026-07-31,290,,DAILY,,,,,,,,,,,
603908,reused,2025-06-03,2026-07-22,278,,DAILY,,,,,,,,,,,
603909,reused,2025-06-03,2026-07-22,278,,DAILY,,,,,,,,,,,
603912,reused,2025-06-03,2026-08-07,290,,DAILY,,,,,,,,,,,
603915,reused,2025-05-06,2026-07-22,297,,DAILY,,,,,,,,,,,
603916,reused,2025-06-03,2026-07-22,278,,DAILY,,,,,,,,,,,
603917,reused,2025-05-26,2026-07-31,290,,DAILY,,,,,,,,,,,
603918,reused,2025-05-26,2026-07-31,290,,DAILY,,,,,,,,,,,
603919,reused,2025-05-28,2026-08-03,289,,DAILY,,,,,,,,,,,
603920,reused,2025-04-02,2026-07-22,317,,DAILY,,,,,,,,,,,
603926,reused,2025-04-30,2026-07-22,298,,DAILY,,,,,,,,,,,
603927,reused,2025-06-03,2026-07-22,278,,DAILY,,,,,,,,,,,
603928,reused,2025-06-03,2026-08-07,290,,DAILY,,,,,,,,,,,
603929,reused,2025-05-19,2026-07-24,290,,DAILY,,,,,,,,,,,
603931,reused,2025-06-03,2026-08-07,290,,DAILY,,,,,,,,,,,
603933,reused,2025-05-12,2026-07-22,283,,DAILY,,,,,,,,,,,
603936,reused,2025-06-03,2026-08-11,292,,DAILY,,,,,,,,,,,
603937,reused,2025-03-06,2026-07-22,336,,DAILY,,,,,,,,,,,
603938,reused,2025-06-03,2026-08-07,290,,DAILY,,,,,,,,,,,
603939,reused,2025-06-03,2026-07-22,278,,DAILY,,,,,,,,,,,
603948,reused,2025-04-23,2026-07-22,303,,DAILY,,,,,,,,,,,
603949,reused,2025-04-23,2026-07-22,303,,DAILY,,,,,,,,,,,
603950,reused,2025-05-19,2026-07-24,280,,DAILY,,,,,,,,,,,
603955,reused,2025-05-26,2026-07-31,290,,DAILY,,,,,,,,,,,
603956,reused,2025-05-29,2026-08-04,289,,DAILY,,,,,,,,,,,
603958,reused,2025-06-03,2026-07-22,278,,DAILY,,,,,,,,,,,
603960,reused,2025-03-20,2026-07-22,326,,DAILY,,,,,,,,,,,
603966,reused,2025-06-03,2026-07-22,278,,DAILY,,,,,,,,,,,
603967,reused,2025-06-03,2026-07-22,278,,DAILY,,,,,,,,,,,
603968,reused,2025-03-24,2026-07-22,324,,DAILY,,,,,,,,,,,
603969,reused,2025-05-12,2026-07-22,293,,DAILY,,,,,,,,,,,
603970,reused,2025-06-03,2026-07-22,278,,DAILY,,,,,,,,,,,
603976,reused,2025-05-22,2026-07-28,289,,DAILY,,,,,,,,,,,
603977,reused,2025-04-24,2026-07-22,302,,DAILY,,,,,,,,,,,
603978,reused,2025-03-03,2026-07-22,339,,DAILY,,,,,,,,,,,
603979,reused,2025-06-03,2026-08-07,290,,DAILY,,,,,,,,,,,
603980,reused,2025-05-26,2026-07-31,285,,DAILY,,,,,,,,,,,
603982,reused,2025-06-03,2026-07-22,278,,DAILY,,,,,,,,,,,
603983,reused,2025-03-03,2026-08-03,347,,DAILY,,,,,,,,,,,
603985,reused,2025-04-28,2026-07-22,300,,DAILY,,,,,,,,,,,
603986,reused,2025-05-19,2026-07-24,290,,DAILY,,,,,,,,,,,
603987,reused,2025-06-03,2026-07-22,278,,DAILY,,,,,,,,,,,
603988,reused,2025-06-03,2026-08-10,291,,DAILY,,,,,,,,,,,
603989,reused,2025-05-26,2026-07-31,290,,DAILY,,,,,,,,,,,
603990,reused,2025-06-03,2026-08-07,290,,DAILY,,,,,,,,,,,
603991,reused,2025-05-07,2026-07-22,296,,DAILY,,,,,,,,,,,
603992,reused,2025-04-23,2026-07-22,303,,DAILY,,,,,,,,,,,
603993,reused,2025-04-23,2026-07-22,303,,DAILY,,,,,,,,,,,
603995,reused,2025-06-03,2026-08-07,290,,DAILY,,,,,,,,,,,
603997,reused,2025-03-31,2026-07-22,319,,DAILY,,,,,,,,,,,
603998,reused,2025-06-03,2026-07-22,278,,DAILY,,,,,,,,,,,
603999,reused,2025-03-17,2026-07-22,329,,DAILY,,,,,,,,,,,
605001,reused,2025-06-03,2026-07-22,278,,DAILY,,,,,,,,,,,
605003,reused,2025-06-03,2026-07-22,278,,DAILY,,,,,,,,,,,
605005,reused,2025-06-03,2026-07-22,278,,DAILY,,,,,,,,,,,
605006,reused,2025-05-26,2026-07-31,290,,DAILY,,,,,,,,,,,
605007,reused,2025-06-03,2026-07-22,278,,DAILY,,,,,,,,,,,
605008,reused,2025-06-03,2026-07-22,278,,DAILY,,,,,,,,,,,
605009,reused,2025-06-03,2026-07-22,278,,DAILY,,,,,,,,,,,
605011,reused,2025-05-15,2026-07-22,290,,DAILY,,,,,,,,,,,
605016,reused,2025-05-26,2026-07-31,290,,DAILY,,,,,,,,,,,
605018,reused,2025-04-28,2026-07-22,300,,DAILY,,,,,,,,,,,
605020,reused,2025-04-30,2026-07-22,298,,DAILY,,,,,,,,,,,
605028,reused,2025-05-19,2026-07-24,285,,DAILY,,,,,,,,,,,
605033,reused,2025-06-03,2026-08-11,292,,DAILY,,,,,,,,,,,
605050,reused,2025-06-03,2026-07-22,278,,DAILY,,,,,,,,,,,
605055,reused,2025-04-30,2026-07-22,298,,DAILY,,,,,,,,,,,
605056,reused,2025-06-03,2026-08-07,290,,DAILY,,,,,,,,,,,
605058,reused,2025-04-23,2026-07-22,303,,DAILY,,,,,,,,,,,
605060,reused,2025-05-06,2026-07-22,297,,DAILY,,,,,,,,,,,
605066,reused,2025-03-24,2026-07-22,324,,DAILY,,,,,,,,,,,
605068,reused,2025-06-03,2026-08-07,290,,DAILY,,,,,,,,,,,
605069,reused,2025-05-29,2026-08-04,289,,DAILY,,,,,,,,,,,
605077,reused,2025-06-03,2026-07-22,278,,DAILY,,,,,,,,,,,
605080,reused,2025-06-03,2026-07-22,278,,DAILY,,,,,,,,,,,
605086,reused,2025-04-23,2026-07-22,303,,DAILY,,,,,,,,,,,
605088,reused,2025-06-03,2026-07-22,278,,DAILY,,,,,,,,,,,
605089,reused,2025-05-12,2026-07-22,293,,DAILY,,,,,,,,,,,
605090,reused,2025-03-03,2026-08-03,347,,DAILY,,,,,,,,,,,
605098,reused,2025-04-28,2026-07-22,300,,DAILY,,,,,,,,,,,
605099,reused,2025-03-13,2026-07-22,331,,DAILY,,,,,,,,,,,
605100,reused,2025-05-21,2026-07-27,289,,DAILY,,,,,,,,,,,
605108,reused,2025-05-26,2026-07-31,290,,DAILY,,,,,,,,,,,
605111,reused,2025-05-19,2026-07-24,290,,DAILY,,,,,,,,,,,
605116,reused,2025-06-03,2026-07-22,278,,DAILY,,,,,,,,,,,
605117,reused,2025-05-21,2026-07-27,289,,DAILY,,,,,,,,,,,
605118,reused,2025-05-06,2026-07-22,297,,DAILY,,,,,,,,,,,
605122,reused,2025-06-03,2026-07-22,278,,DAILY,,,,,,,,,,,
605123,reused,2025-03-17,2026-07-22,329,,DAILY,,,,,,,,,,,
605128,reused,2025-06-03,2026-08-11,292,,DAILY,,,,,,,,,,,
605133,reused,2025-05-19,2026-07-24,290,,DAILY,,,,,,,,,,,
605136,reused,2025-05-26,2026-07-31,290,,DAILY,,,,,,,,,,,
605138,reused,2025-06-03,2026-07-22,278,,DAILY,,,,,,,,,,,
605151,reused,2025-04-23,2026-07-22,303,,DAILY,,,,,,,,,,,
605155,reused,2025-05-19,2026-07-24,290,,DAILY,,,,,,,,,,,
605158,reused,2025-03-10,2026-07-22,334,,DAILY,,,,,,,,,,,
605162,reused,2025-06-03,2026-08-11,292,,DAILY,,,,,,,,,,,
605166,reused,2025-04-23,2026-07-22,303,,DAILY,,,,,,,,,,,
605167,reused,2025-06-03,2026-08-07,290,,DAILY,,,,,,,,,,,
605168,reused,2025-05-29,2026-08-04,289,,DAILY,,,,,,,,,,,
605169,reused,2025-03-06,2026-07-22,336,,DAILY,,,,,,,,,,,
605177,reused,2025-04-23,2026-07-22,303,,DAILY,,,,,,,,,,,
605178,reused,2025-06-03,2026-08-07,290,,DAILY,,,,,,,,,,,
605179,reused,2025-06-03,2026-08-11,292,,DAILY,,,,,,,,,,,
605180,reused,2025-03-20,2026-07-22,326,,DAILY,,,,,,,,,,,
605183,reused,2025-06-03,2026-07-22,278,,DAILY,,,,,,,,,,,
605186,reused,2025-03-10,2026-07-22,334,,DAILY,,,,,,,,,,,
605188,reused,2025-05-26,2026-07-31,290,,DAILY,,,,,,,,,,,
605189,reused,2025-05-21,2026-07-27,289,,DAILY,,,,,,,,,,,
605196,reused,2025-05-19,2026-07-24,290,,DAILY,,,,,,,,,,,
605198,reused,2025-05-29,2026-08-04,289,,DAILY,,,,,,,,,,,
605208,reused,2025-05-29,2026-08-04,289,,DAILY,,,,,,,,,,,
605218,reused,2025-03-17,2026-07-22,329,,DAILY,,,,,,,,,,,
605222,reused,2025-06-03,2026-07-22,278,,DAILY,,,,,,,,,,,
605228,reused,2025-06-03,2026-07-22,278,,DAILY,,,,,,,,,,,
605255,reused,2025-03-03,2026-08-03,314,,DAILY,,,,,,,,,,,
605258,reused,2025-03-05,2026-07-22,337,,DAILY,,,,,,,,,,,
605259,reused,2025-06-03,2026-07-22,278,,DAILY,,,,,,,,,,,
605266,reused,2025-06-03,2026-07-22,278,,DAILY,,,,,,,,,,,
605268,reused,2025-06-03,2026-07-22,278,,DAILY,,,,,,,,,,,
605277,reused,2025-04-23,2026-07-22,303,,DAILY,,,,,,,,,,,
605286,reused,2025-06-03,2026-08-11,292,,DAILY,,,,,,,,,,,
605287,reused,2025-06-03,2026-08-11,292,,DAILY,,,,,,,,,,,
605288,reused,2025-06-03,2026-08-11,292,,DAILY,,,,,,,,,,,
605289,reused,2025-06-03,2026-08-11,292,,DAILY,,,,,,,,,,,
605296,reused,2025-04-24,2026-07-22,302,,DAILY,,,,,,,,,,,
605298,reused,2025-04-23,2026-07-22,303,,DAILY,,,,,,,,,,,
605299,reused,2025-05-21,2026-07-27,289,,DAILY,,,,,,,,,,,
605300,reused,2025-04-28,2026-07-22,300,,DAILY,,,,,,,,,,,
605303,reused,2025-06-03,2026-08-07,290,,DAILY,,,,,,,,,,,
605305,reused,2025-05-06,2026-07-22,297,,DAILY,,,,,,,,,,,
605318,reused,2025-05-29,2026-08-04,288,,DAILY,,,,,,,,,,,
605319,reused,2025-05-07,2026-07-22,296,,DAILY,,,,,,,,,,,
605333,reused,2025-06-03,2026-07-22,278,,DAILY,,,,,,,,,,,
605337,reused,2025-05-26,2026-07-31,290,,DAILY,,,,,,,,,,,
605338,reused,2025-06-03,2026-07-22,278,,DAILY,,,,,,,,,,,
605339,reused,2025-05-26,2026-07-31,290,,DAILY,,,,,,,,,,,
605358,reused,2025-05-07,2026-07-22,296,,DAILY,,,,,,,,,,,
605365,reused,2025-06-03,2026-07-22,278,,DAILY,,,,,,,,,,,
605366,reused,2025-06-03,2026-08-10,291,,DAILY,,,,,,,,,,,
605368,reused,2025-06-03,2026-07-22,278,,DAILY,,,,,,,,,,,
605369,reused,2025-04-23,2026-07-22,303,,DAILY,,,,,,,,,,,
605376,reused,2025-06-03,2026-08-07,290,,DAILY,,,,,,,,,,,
605377,reused,2025-05-06,2026-07-22,297,,DAILY,,,,,,,,,,,
605378,reused,2025-06-03,2026-07-22,278,,DAILY,,,,,,,,,,,
605388,reused,2025-05-28,2026-08-04,290,,DAILY,,,,,,,,,,,
605389,reused,2025-06-03,2026-07-22,278,,DAILY,,,,,,,,,,,
605398,reused,2025-04-02,2026-07-22,317,,DAILY,,,,,,,,,,,
605399,reused,2025-05-06,2026-07-22,297,,DAILY,,,,,,,,,,,
605488,reused,2025-06-03,2026-08-07,290,,DAILY,,,,,,,,,,,
605499,reused,2025-04-28,2026-07-22,300,,DAILY,,,,,,,,,,,
605500,reused,2025-03-20,2026-07-22,326,,DAILY,,,,,,,,,,,
605507,reused,2025-06-03,2026-07-22,278,,DAILY,,,,,,,,,,,
605555,reused,2025-03-31,2026-07-22,315,,DAILY,,,,,,,,,,,
605566,reused,2025-03-31,2026-07-22,319,,DAILY,,,,,,,,,,,
605567,reused,2025-06-03,2026-07-22,278,,DAILY,,,,,,,,,,,
605577,reused,2025-06-03,2026-07-22,278,,DAILY,,,,,,,,,,,
605580,reused,2025-03-03,2026-08-03,347,,DAILY,,,,,,,,,,,
605588,reused,2025-04-23,2026-07-22,303,,DAILY,,,,,,,,,,,
605589,reused,2025-06-03,2026-08-07,290,,DAILY,,,,,,,,,,,
605598,reused,2025-05-08,2026-07-22,295,,DAILY,,,,,,,,,,,
605599,reused,2025-06-03,2026-07-22,278,,DAILY,,,,,,,,,,,
,written,,,73,,LIMIT_UP_POOL,2025-12-22,,,,,,,,,,
,written,,,49,,LIMIT_UP_POOL,2025-12-23,,,,,,,,,,
,written,,,66,,LIMIT_UP_POOL,2025-12-24,,,,,,,,,,
,written,,,73,,LIMIT_UP_POOL,2025-12-25,,,,,,,,,,
,written,,,70,,LIMIT_UP_POOL,2025-12-26,,,,,,,,,,
,written,,,64,,LIMIT_UP_POOL,2025-12-29,,,,,,,,,,
,written,,,48,,LIMIT_UP_POOL,2025-12-30,,,,,,,,,,
,written,,,49,,LIMIT_UP_POOL,2025-12-31,,,,,,,,,,
,written,,,75,,LIMIT_UP_POOL,2026-01-05,,,,,,,,,,
,written,,,96,,LIMIT_UP_POOL,2026-01-06,,,,,,,,,,
,written,,,63,,LIMIT_UP_POOL,2026-01-07,,,,,,,,,,
,written,,,77,,LIMIT_UP_POOL,2026-01-08,,,,,,,,,,
,written,,,80,,LIMIT_UP_POOL,2026-01-09,,,,,,,,,,
,written,,,125,,LIMIT_UP_POOL,2026-01-12,,,,,,,,,,
,written,,,52,,LIMIT_UP_POOL,2026-01-13,,,,,,,,,,
,written,,,82,,LIMIT_UP_POOL,2026-01-14,,,,,,,,,,
,written,,,51,,LIMIT_UP_POOL,2026-01-15,,,,,,,,,,
,written,,,48,,LIMIT_UP_POOL,2026-01-16,,,,,,,,,,
,written,,,79,,LIMIT_UP_POOL,2026-01-19,,,,,,,,,,
,written,,,50,,LIMIT_UP_POOL,2026-01-20,,,,,,,,,,
,written,,,72,,LIMIT_UP_POOL,2026-01-21,,,,,,,,,,
,written,,,64,,LIMIT_UP_POOL,2026-01-22,,,,,,,,,,
,written,,,79,,LIMIT_UP_POOL,2026-01-23,,,,,,,,,,
,written,,,58,,LIMIT_UP_POOL,2026-01-26,,,,,,,,,,
,written,,,46,,LIMIT_UP_POOL,2026-01-27,,,,,,,,,,
,written,,,72,,LIMIT_UP_POOL,2026-01-28,,,,,,,,,,
,written,,,76,,LIMIT_UP_POOL,2026-01-29,,,,,,,,,,
,written,,,41,,LIMIT_UP_POOL,2026-01-30,,,,,,,,,,
,written,,,32,,LIMIT_UP_POOL,2026-02-02,,,,,,,,,,
,written,,,61,,LIMIT_UP_POOL,2026-02-03,,,,,,,,,,
,written,,,57,,LIMIT_UP_POOL,2026-02-04,,,,,,,,,,
,written,,,37,,LIMIT_UP_POOL,2026-02-05,,,,,,,,,,
,written,,,49,,LIMIT_UP_POOL,2026-02-06,,,,,,,,,,
,written,,,70,,LIMIT_UP_POOL,2026-02-09,,,,,,,,,,
,written,,,48,,LIMIT_UP_POOL,2026-02-10,,,,,,,,,,
,written,,,47,,LIMIT_UP_POOL,2026-02-11,,,,,,,,,,
,written,,,55,,LIMIT_UP_POOL,2026-02-12,,,,,,,,,,
,written,,,29,,LIMIT_UP_POOL,2026-02-13,,,,,,,,,,
,written,,,83,,LIMIT_UP_POOL,2026-02-24,,,,,,,,,,
,written,,,62,,LIMIT_UP_POOL,2026-02-25,,,,,,,,,,
,written,,,52,,LIMIT_UP_POOL,2026-02-26,,,,,,,,,,
,written,,,70,,LIMIT_UP_POOL,2026-02-27,,,,,,,,,,
,written,,,78,,LIMIT_UP_POOL,2026-03-02,,,,,,,,,,
,written,,,69,,LIMIT_UP_POOL,2026-03-03,,,,,,,,,,
,written,,,34,,LIMIT_UP_POOL,2026-03-04,,,,,,,,,,
,written,,,55,,LIMIT_UP_POOL,2026-03-05,,,,,,,,,,
,written,,,65,,LIMIT_UP_POOL,2026-03-06,,,,,,,,,,
,written,,,34,,LIMIT_UP_POOL,2026-03-09,,,,,,,,,,
,written,,,49,,LIMIT_UP_POOL,2026-03-10,,,,,,,,,,
,written,,,48,,LIMIT_UP_POOL,2026-03-11,,,,,,,,,,
,written,,,46,,LIMIT_UP_POOL,2026-03-12,,,,,,,,,,
,written,,,52,,LIMIT_UP_POOL,2026-03-13,,,,,,,,,,
,written,,,39,,LIMIT_UP_POOL,2026-03-16,,,,,,,,,,
,written,,,33,,LIMIT_UP_POOL,2026-03-17,,,,,,,,,,
,written,,,45,,LIMIT_UP_POOL,2026-03-18,,,,,,,,,,
,written,,,25,,LIMIT_UP_POOL,2026-03-19,,,,,,,,,,
,written,,,26,,LIMIT_UP_POOL,2026-03-20,,,,,,,,,,
,written,,,24,,LIMIT_UP_POOL,2026-03-23,,,,,,,,,,
,written,,,75,,LIMIT_UP_POOL,2026-03-24,,,,,,,,,,
,written,,,78,,LIMIT_UP_POOL,2026-03-25,,,,,,,,,,
,written,,,36,,LIMIT_UP_POOL,2026-03-26,,,,,,,,,,
,written,,,72,,LIMIT_UP_POOL,2026-03-27,,,,,,,,,,
,written,,,55,,LIMIT_UP_POOL,2026-03-30,,,,,,,,,,
,written,,,44,,LIMIT_UP_POOL,2026-03-31,,,,,,,,,,
,written,,,49,,LIMIT_UP_POOL,2026-04-01,,,,,,,,,,
,written,,,25,,LIMIT_UP_POOL,2026-04-02,,,,,,,,,,
,written,,,26,,LIMIT_UP_POOL,2026-04-03,,,,,,,,,,
,written,,,81,,LIMIT_UP_POOL,2026-04-07,,,,,,,,,,
,written,,,110,,LIMIT_UP_POOL,2026-04-08,,,,,,,,,,
,written,,,50,,LIMIT_UP_POOL,2026-04-09,,,,,,,,,,
,written,,,53,,LIMIT_UP_POOL,2026-04-10,,,,,,,,,,
,written,,,53,,LIMIT_UP_POOL,2026-04-13,,,,,,,,,,
,written,,,49,,LIMIT_UP_POOL,2026-04-14,,,,,,,,,,
,written,,,54,,LIMIT_UP_POOL,2026-04-15,,,,,,,,,,
,written,,,68,,LIMIT_UP_POOL,2026-04-16,,,,,,,,,,
,written,,,58,,LIMIT_UP_POOL,2026-04-17,,,,,,,,,,
,written,,,73,,LIMIT_UP_POOL,2026-04-20,,,,,,,,,,
,written,,,44,,LIMIT_UP_POOL,2026-04-21,,,,,,,,,,
,written,,,49,,LIMIT_UP_POOL,2026-04-22,,,,,,,,,,
,written,,,45,,LIMIT_UP_POOL,2026-04-23,,,,,,,,,,
,written,,,50,,LIMIT_UP_POOL,2026-04-24,,,,,,,,,,
,written,,,55,,LIMIT_UP_POOL,2026-04-27,,,,,,,,,,
,written,,,53,,LIMIT_UP_POOL,2026-04-28,,,,,,,,,,
,written,,,92,,LIMIT_UP_POOL,2026-04-29,,,,,,,,,,
,written,,,70,,LIMIT_UP_POOL,2026-04-30,,,,,,,,,,
000008,fetched,,,2736,,BAOSTOCK_5M,,2026-01-01,2026-04-01,,,,,,,,
000035,fetched,,,2736,,BAOSTOCK_5M,,2025-12-03,2026-03-03,,,,,,,,
000036,fetched,,,3024,,BAOSTOCK_5M,,2025-10-25,2026-01-23,,,,,,,,
000039,fetched,,,3024,,BAOSTOCK_5M,,2025-11-07,2026-02-05,,,,,,,,
000048,fetched,,,4896,,BAOSTOCK_5M,,2025-10-24,2026-01-22,,,,,,,,
000062,fetched,,,2784,,BAOSTOCK_5M,,2026-01-28,2026-04-28,,,,,,,,
000070,fetched,,,4896,,BAOSTOCK_5M,,2025-11-15,2026-02-13,,,,,,,,
000096,fetched,,,2736,,BAOSTOCK_5M,,2025-12-04,2026-03-04,,,,,,,,
000402,fetched,,,4656,,BAOSTOCK_5M,,2026-01-14,2026-04-14,,,,,,,,
000503,fetched,,,3024,,BAOSTOCK_5M,,2025-10-15,2026-01-13,,,,,,,,
000506,fetched,,,4896,,BAOSTOCK_5M,,2025-10-24,2026-01-22,,,,,,,,
000509,fetched,,,2736,,BAOSTOCK_5M,,2025-12-09,2026-03-09,,,,,,,,
000510,fetched,,,4608,,BAOSTOCK_5M,,2025-12-03,2026-03-03,,,,,,,,
000516,fetched,,,3312,,BAOSTOCK_5M,,2025-10-09,2026-01-15,,,,,,,,
000533,fetched,,,4128,,BAOSTOCK_5M,,2025-11-07,2026-03-18,,,,,,,,
000534,fetched,,,2736,,BAOSTOCK_5M,,2025-12-10,2026-03-10,,,,,,,,
000537,fetched,,,2736,,BAOSTOCK_5M,,2025-12-13,2026-03-13,,,,,,,,
000539,fetched,,,2928,,BAOSTOCK_5M,,2025-12-20,2026-03-26,,,,,,,,
000545,fetched,,,2736,,BAOSTOCK_5M,,2025-11-28,2026-02-26,,,,,,,,
000554,fetched,,,2736,,BAOSTOCK_5M,,2025-12-04,2026-03-04,,,,,,,,
000592,fetched,,,2736,,BAOSTOCK_5M,,2026-01-01,2026-04-01,,,,,,,,
000593,fetched,,,6144,,BAOSTOCK_5M,,2025-10-17,2026-04-29,,,,,,,,
000601,fetched,,,5184,,BAOSTOCK_5M,,2025-12-10,2026-03-26,,,,,,,,
000603,fetched,,,3024,,BAOSTOCK_5M,,2025-10-29,2026-01-27,,,,,,,,
000620,fetched,,,3024,,BAOSTOCK_5M,,2025-10-10,2026-01-08,,,,,,,,
000630,fetched,,,3168,,BAOSTOCK_5M,,2025-10-29,2026-01-30,,,,,,,,
000636,fetched,,,4608,,BAOSTOCK_5M,,2025-11-28,2026-02-26,,,,,,,,
000670,fetched,,,2544,,BAOSTOCK_5M,,2025-10-25,2026-01-23,,,,,,,,
000681,fetched,,,3024,,BAOSTOCK_5M,,2025-10-16,2026-01-14,,,,,,,,
000720,fetched,,,7248,,BAOSTOCK_5M,,2025-10-22,2026-04-08,,,,,,,,
000722,fetched,,,2736,,BAOSTOCK_5M,,2025-12-27,2026-03-27,,,,,,,,
000737,fetched,,,3024,,BAOSTOCK_5M,,2025-11-01,2026-01-30,,,,,,,,
000751,fetched,,,3024,,BAOSTOCK_5M,,2025-10-29,2026-01-27,,,,,,,,
000767,fetched,,,4608,,BAOSTOCK_5M,,2025-12-30,2026-03-30,,,,,,,,
000785,fetched,,,3024,,BAOSTOCK_5M,,2025-10-16,2026-01-14,,,,,,,,
000788,fetched,,,2832,,BAOSTOCK_5M,,2026-01-03,2026-04-03,,,,,,,,
000815,fetched,,,3120,,BAOSTOCK_5M,,2025-12-10,2026-03-20,,,,,,,,
000839,fetched,,,2736,,BAOSTOCK_5M,,2025-12-12,2026-03-12,,,,,,,,
000878,fetched,,,3024,,BAOSTOCK_5M,,2025-11-01,2026-01-30,,,,,,,,
000880,fetched,,,3024,,BAOSTOCK_5M,,2025-10-25,2026-01-23,,,,,,,,
000889,fetched,,,4800,,BAOSTOCK_5M,,2026-01-13,2026-04-16,,,,,,,,
000890,fetched,,,2736,,BAOSTOCK_5M,,2025-12-31,2026-03-31,,,,,,,,
000892,fetched,,,3024,,BAOSTOCK_5M,,2025-11-14,2026-02-12,,,,,,,,
000899,fetched,,,2736,,BAOSTOCK_5M,,2025-12-02,2026-03-02,,,,,,,,
000917,fetched,,,3024,,BAOSTOCK_5M,,2025-10-15,2026-01-13,,,,,,,,
000919,fetched,,,2784,,BAOSTOCK_5M,,2026-01-09,2026-04-09,,,,,,,,
000925,fetched,,,4656,,BAOSTOCK_5M,,2026-01-28,2026-04-28,,,,,,,,
000927,fetched,,,2736,,BAOSTOCK_5M,,2025-12-27,2026-03-27,,,,,,,,
000949,fetched,,,3024,,BAOSTOCK_5M,,2025-10-23,2026-01-21,,,,,,,,
000950,fetched,,,2784,,BAOSTOCK_5M,,2026-01-07,2026-04-07,,,,,,,,
000960,fetched,,,2736,,BAOSTOCK_5M,,2025-12-03,2026-03-03,,,,,,,,
000962,fetched,,,3024,,BAOSTOCK_5M,,2025-11-15,2026-02-13,,,,,,,,
000968,fetched,,,2736,,BAOSTOCK_5M,,2025-12-04,2026-03-04,,,,,,,,
000969,fetched,,,3024,,BAOSTOCK_5M,,2025-10-15,2026-01-13,,,,,,,,
001202,fetched,,,3360,,BAOSTOCK_5M,,2025-10-16,2026-01-23,,,,,,,,
001209,fetched,,,2736,,BAOSTOCK_5M,,2025-12-02,2026-03-02,,,,,,,,
001210,fetched,,,4896,,BAOSTOCK_5M,,2025-10-09,2026-01-07,,,,,,,,
001211,fetched,,,4656,,BAOSTOCK_5M,,2026-01-28,2026-04-28,,,,,,,,
001225,fetched,,,4896,,BAOSTOCK_5M,,2025-10-09,2026-01-07,,,,,,,,
001231,fetched,,,3024,,BAOSTOCK_5M,,2025-10-09,2026-01-07,,,,,,,,
001234,fetched,,,2784,,BAOSTOCK_5M,,2026-01-27,2026-04-27,,,,,,,,
001266,fetched,,,6576,,BAOSTOCK_5M,,2025-10-07,2026-04-30,,,,,,,,
001299,fetched,,,6048,,BAOSTOCK_5M,,2025-10-07,2026-04-15,,,,,,,,
001316,fetched,,,4896,,BAOSTOCK_5M,,2025-10-28,2026-01-26,,,,,,,,
001330,fetched,,,3024,,BAOSTOCK_5M,,2025-11-13,2026-02-11,,,,,,,,
001331,fetched,,,2640,,BAOSTOCK_5M,,2025-10-10,2026-01-08,,,,,,,,
001376,fetched,,,3024,,BAOSTOCK_5M,,2025-11-01,2026-01-30,,,,,,,,
001389,fetched,,,3024,,BAOSTOCK_5M,,2025-10-25,2026-01-23,,,,,,,,
001396,fetched,,,1680,,BAOSTOCK_5M,,2025-11-28,2026-02-26,,,,,,,,
001400,fetched,,,2784,,BAOSTOCK_5M,,2026-01-21,2026-04-21,,,,,,,,
002009,fetched,,,3024,,BAOSTOCK_5M,,2025-10-30,2026-01-28,,,,,,,,
002015,fetched,,,3696,,BAOSTOCK_5M,,2025-11-12,2026-03-10,,,,,,,,
002017,fetched,,,3024,,BAOSTOCK_5M,,2025-10-15,2026-01-13,,,,,,,,
002028,fetched,,,3024,,BAOSTOCK_5M,,2025-10-22,2026-01-20,,,,,,,,
002030,fetched,,,4896,,BAOSTOCK_5M,,2025-10-30,2026-01-28,,,,,,,,
002033,fetched,,,2784,,BAOSTOCK_5M,,2026-01-17,2026-04-17,,,,,,,,
002038,fetched,,,2736,,BAOSTOCK_5M,,2025-12-31,2026-03-31,,,,,,,,
002040,fetched,,,2736,,BAOSTOCK_5M,,2025-12-04,2026-03-04,,,,,,,,
002046,fetched,,,3024,,BAOSTOCK_5M,,2025-10-15,2026-01-13,,,,,,,,
002051,fetched,,,4896,,BAOSTOCK_5M,,2026-01-09,2026-04-16,,,,,,,,
002054,fetched,,,3024,,BAOSTOCK_5M,,2025-11-12,2026-02-10,,,,,,,,
002080,fetched,,,4896,,BAOSTOCK_5M,,2025-11-15,2026-02-13,,,,,,,,
002099,fetched,,,3024,,BAOSTOCK_5M,,2025-11-12,2026-02-10,,,,,,,,
002112,fetched,,,3648,,BAOSTOCK_5M,,2025-10-18,2026-02-04,,,,,,,,
002119,fetched,,,5280,,BAOSTOCK_5M,,2025-10-21,2026-01-29,,,,,,,,
002124,fetched,,,2784,,BAOSTOCK_5M,,2026-01-16,2026-04-16,,,,,,,,
002126,fetched,,,3024,,BAOSTOCK_5M,,2025-11-07,2026-02-05,,,,,,,,
002131,fetched,,,2976,,BAOSTOCK_5M,,2025-10-08,2026-01-06,,,,,,,,
002149,fetched,,,4896,,BAOSTOCK_5M,,2025-10-28,2026-01-26,,,,,,,,
002150,fetched,,,3072,,BAOSTOCK_5M,,2025-12-13,2026-03-24,,,,,,,,
002151,fetched,,,3024,,BAOSTOCK_5M,,2025-10-09,2026-01-07,,,,,,,,
002153,fetched,,,3024,,BAOSTOCK_5M,,2025-10-18,2026-01-16,,,,,,,,
002155,fetched,,,2256,,BAOSTOCK_5M,,2025-12-03,2026-03-03,,,,,,,,
002165,fetched,,,4896,,BAOSTOCK_5M,,2025-10-24,2026-01-22,,,,,,,,
002177,fetched,,,2928,,BAOSTOCK_5M,,2025-10-07,2026-01-05,,,,,,,,
002181,fetched,,,7536,,BAOSTOCK_5M,,2025-10-15,2026-04-09,,,,,,,,
002201,fetched,,,5856,,BAOSTOCK_5M,,2025-10-23,2026-04-23,,,,,,,,
002210,fetched,,,2784,,BAOSTOCK_5M,,2026-01-30,2026-04-30,,,,,,,,
002213,fetched,,,2784,,BAOSTOCK_5M,,2026-01-10,2026-04-10,,,,,,,,
002217,fetched,,,4608,,BAOSTOCK_5M,,2026-01-21,2026-04-21,,,,,,,,
002218,fetched,,,5040,,BAOSTOCK_5M,,2025-10-18,2026-03-25,,,,,,,,
002219,fetched,,,3024,,BAOSTOCK_5M,,2025-10-17,2026-01-15,,,,,,,,
002261,fetched,,,2736,,BAOSTOCK_5M,,2025-12-10,2026-03-10,,,,,,,,
002263,fetched,,,2736,,BAOSTOCK_5M,,2025-12-30,2026-03-30,,,,,,,,
002264,fetched,,,3024,,BAOSTOCK_5M,,2025-10-18,2026-01-16,,,,,,,,
002279,fetched,,,3024,,BAOSTOCK_5M,,2025-10-25,2026-01-23,,,,,,,,
002310,fetched,,,2736,,BAOSTOCK_5M,,2025-12-24,2026-03-24,,,,,,,,
002316,fetched,,,3024,,BAOSTOCK_5M,,2025-10-15,2026-01-13,,,,,,,,
002328,fetched,,,2784,,BAOSTOCK_5M,,2026-01-13,2026-04-13,,,,,,,,
002339,fetched,,,4320,,BAOSTOCK_5M,,2025-10-22,2026-03-06,,,,,,,,
002342,fetched,,,5280,,BAOSTOCK_5M,,2025-10-28,2026-04-10,,,,,,,,
002348,fetched,,,2784,,BAOSTOCK_5M,,2026-01-09,2026-04-09,,,,,,,,
002350,fetched,,,2736,,BAOSTOCK_5M,,2025-12-02,2026-03-02,,,,,,,,
002355,fetched,,,3024,,BAOSTOCK_5M,,2025-11-08,2026-02-06,,,,,,,,
002356,fetched,,,2736,,BAOSTOCK_5M,,2025-12-03,2026-03-03,,,,,,,,
002358,fetched,,,3024,,BAOSTOCK_5M,,2025-10-23,2026-01-21,,,,,,,,
002361,fetched,,,7056,,BAOSTOCK_5M,,2025-11-11,2026-04-22,,,,,,,,
002378,fetched,,,3264,,BAOSTOCK_5M,,2025-11-15,2026-03-02,,,,,,,,
002384,fetched,,,2784,,BAOSTOCK_5M,,2026-01-10,2026-04-10,,,,,,,,
002418,fetched,,,3024,,BAOSTOCK_5M,,2026-01-14,2026-04-21,,,,,,,,
002428,fetched,,,4464,,BAOSTOCK_5M,,2025-11-29,2026-04-21,,,,,,,,
002429,fetched,,,3024,,BAOSTOCK_5M,,2025-11-13,2026-02-11,,,,,,,,
002432,fetched,,,4944,,BAOSTOCK_5M,,2025-12-20,2026-03-31,,,,,,,,
002440,fetched,,,3360,,BAOSTOCK_5M,,2025-11-01,2026-02-10,,,,,,,,
002446,fetched,,,3024,,BAOSTOCK_5M,,2025-10-18,2026-01-16,,,,,,,,
002455,fetched,,,3024,,BAOSTOCK_5M,,2025-11-04,2026-02-02,,,,,,,,
002462,fetched,,,3024,,BAOSTOCK_5M,,2025-10-10,2026-01-08,,,,,,,,
002465,fetched,,,3312,,BAOSTOCK_5M,,2025-10-09,2026-01-15,,,,,,,,
002468,fetched,,,2784,,BAOSTOCK_5M,,2026-01-17,2026-04-17,,,,,,,,
002471,fetched,,,3360,,BAOSTOCK_5M,,2025-10-28,2026-02-04,,,,,,,,
002487,fetched,,,2736,,BAOSTOCK_5M,,2025-12-16,2026-03-16,,,,,,,,
002490,fetched,,,2736,,BAOSTOCK_5M,,2025-12-05,2026-03-05,,,,,,,,
002491,fetched,,,6816,,BAOSTOCK_5M,,2025-11-05,2026-04-09,,,,,,,,
002498,fetched,,,6192,,BAOSTOCK_5M,,2025-10-23,2026-03-09,,,,,,,,
002506,fetched,,,3024,,BAOSTOCK_5M,,2025-10-29,2026-01-27,,,,,,,,
002524,fetched,,,3024,,BAOSTOCK_5M,,2025-10-30,2026-01-28,,,,,,,,
002536,fetched,,,2784,,BAOSTOCK_5M,,2026-01-10,2026-04-10,,,,,,,,
002546,fetched,,,3024,,BAOSTOCK_5M,,2025-10-23,2026-01-21,,,,,,,,
002554,fetched,,,2544,,BAOSTOCK_5M,,2025-12-04,2026-03-04,,,,,,,,
002560,fetched,,,2832,,BAOSTOCK_5M,,2026-01-03,2026-04-03,,,,,,,,
002565,fetched,,,2736,,BAOSTOCK_5M,,2025-12-19,2026-03-19,,,,,,,,
002574,fetched,,,3024,,BAOSTOCK_5M,,2025-10-17,2026-01-15,,,,,,,,
002575,fetched,,,2736,,BAOSTOCK_5M,,2025-12-11,2026-03-11,,,,,,,,
002578,fetched,,,2736,,BAOSTOCK_5M,,2026-01-01,2026-04-01,,,,,,,,
002623,fetched,,,3024,,BAOSTOCK_5M,,2025-10-29,2026-01-27,,,,,,,,
002624,fetched,,,3024,,BAOSTOCK_5M,,2025-11-12,2026-02-10,,,,,,,,
002629,fetched,,,2736,,BAOSTOCK_5M,,2025-12-04,2026-03-04,,,,,,,,
002636,fetched,,,4896,,BAOSTOCK_5M,,2025-10-28,2026-01-26,,,,,,,,
002639,fetched,,,3024,,BAOSTOCK_5M,,2025-10-11,2026-01-09,,,,,,,,
002652,fetched,,,2784,,BAOSTOCK_5M,,2026-01-30,2026-04-30,,,,,,,,
002663,fetched,,,2784,,BAOSTOCK_5M,,2026-01-09,2026-04-09,,,,,,,,
002707,fetched,,,3024,,BAOSTOCK_5M,,2025-10-18,2026-01-16,,,,,,,,
002716,fetched,,,3024,,BAOSTOCK_5M,,2025-10-25,2026-01-23,,,,,,,,
002718,fetched,,,2784,,BAOSTOCK_5M,,2025-10-17,2026-01-15,,,,,,,,
002723,fetched,,,3024,,BAOSTOCK_5M,,2025-11-14,2026-02-12,,,,,,,,
002735,fetched,,,2976,,BAOSTOCK_5M,,2025-10-08,2026-01-06,,,,,,,,
002766,fetched,,,3024,,BAOSTOCK_5M,,2025-10-09,2026-01-07,,,,,,,,
002769,fetched,,,2544,,BAOSTOCK_5M,,2025-10-16,2026-01-14,,,,,,,,
002771,fetched,,,4608,,BAOSTOCK_5M,,2025-12-26,2026-03-26,,,,,,,,
002787,fetched,,,4656,,BAOSTOCK_5M,,2026-01-27,2026-04-27,,,,,,,,
002788,fetched,,,3024,,BAOSTOCK_5M,,2025-10-11,2026-01-09,,,,,,,,
002792,fetched,,,3024,,BAOSTOCK_5M,,2025-10-11,2026-01-09,,,,,,,,
002796,fetched,,,3024,,BAOSTOCK_5M,,2025-10-21,2026-01-19,,,,,,,,
002802,fetched,,,2784,,BAOSTOCK_5M,,2026-01-20,2026-04-20,,,,,,,,
002809,fetched,,,3024,,BAOSTOCK_5M,,2025-10-24,2026-01-22,,,,,,,,
002811,fetched,,,2736,,BAOSTOCK_5M,,2025-11-28,2026-02-26,,,,,,,,
002821,fetched,,,2784,,BAOSTOCK_5M,,2026-01-02,2026-04-02,,,,,,,,
002824,fetched,,,4656,,BAOSTOCK_5M,,2026-01-13,2026-04-13,,,,,,,,
002828,fetched,,,2736,,BAOSTOCK_5M,,2025-12-04,2026-03-04,,,,,,,,
002830,fetched,,,4896,,BAOSTOCK_5M,,2025-11-12,2026-02-10,,,,,,,,
002842,fetched,,,5184,,BAOSTOCK_5M,,2025-11-15,2026-03-03,,,,,,,,
002843,fetched,,,2736,,BAOSTOCK_5M,,2025-12-03,2026-03-03,,,,,,,,
002865,fetched,,,4896,,BAOSTOCK_5M,,2025-10-28,2026-01-26,,,,,,,,
002877,fetched,,,2736,,BAOSTOCK_5M,,2025-12-06,2026-03-06,,,,,,,,
002902,fetched,,,3792,,BAOSTOCK_5M,,2025-12-27,2026-04-29,,,,,,,,
002903,fetched,,,4608,,BAOSTOCK_5M,,2025-12-11,2026-03-11,,,,,,,,
002913,fetched,,,2736,,BAOSTOCK_5M,,2025-12-09,2026-03-09,,,,,,,,
002925,fetched,,,3024,,BAOSTOCK_5M,,2025-10-09,2026-01-07,,,,,,,,
002940,fetched,,,4656,,BAOSTOCK_5M,,2026-01-20,2026-04-20,,,,,,,,
002943,fetched,,,3024,,BAOSTOCK_5M,,2025-10-28,2026-01-26,,,,,,,,
002951,fetched,,,2736,,BAOSTOCK_5M,,2025-11-26,2026-02-24,,,,,,,,
002957,fetched,,,4656,,BAOSTOCK_5M,,2026-01-09,2026-04-09,,,,,,,,
002962,fetched,,,2784,,BAOSTOCK_5M,,2026-01-13,2026-04-13,,,,,,,,
002969,fetched,,,2928,,BAOSTOCK_5M,,2025-10-15,2026-01-21,,,,,,,,
002975,fetched,,,4656,,BAOSTOCK_5M,,2026-01-10,2026-04-10,,,,,,,,
002980,fetched,,,6048,,BAOSTOCK_5M,,2025-12-04,2026-04-16,,,,,,,,
002995,fetched,,,3168,,BAOSTOCK_5M,,2025-10-30,2026-02-02,,,,,,,,
003018,fetched,,,4896,,BAOSTOCK_5M,,2025-11-12,2026-02-10,,,,,,,,
003036,fetched,,,4656,,BAOSTOCK_5M,,2026-01-28,2026-04-28,,,,,,,,
003039,fetched,,,2976,,BAOSTOCK_5M,,2025-10-08,2026-01-06,,,,,,,,
003041,fetched,,,4656,,BAOSTOCK_5M,,2025-10-16,2026-01-14,,,,,,,,
003042,fetched,,,2736,,BAOSTOCK_5M,,2025-12-31,2026-03-31,,,,,,,,
600026,fetched,,,2736,,BAOSTOCK_5M,,2025-12-04,2026-03-04,,,,,,,,
600028,fetched,,,2736,,BAOSTOCK_5M,,2025-12-04,2026-03-04,,,,,,,,
600032,fetched,,,2736,,BAOSTOCK_5M,,2025-12-26,2026-03-26,,,,,,,,
600052,fetched,,,2784,,BAOSTOCK_5M,,2026-01-24,2026-04-24,,,,,,,,
600058,fetched,,,2544,,BAOSTOCK_5M,,2025-10-21,2026-01-19,,,,,,,,
600078,fetched,,,4608,,BAOSTOCK_5M,,2025-11-29,2026-02-27,,,,,,,,
600096,fetched,,,2736,,BAOSTOCK_5M,,2025-11-28,2026-02-26,,,,,,,,
600103,fetched,,,2784,,BAOSTOCK_5M,,2026-01-22,2026-04-22,,,,,,,,
600108,fetched,,,2736,,BAOSTOCK_5M,,2025-12-12,2026-03-12,,,,,,,,
600121,fetched,,,4608,,BAOSTOCK_5M,,2025-12-16,2026-03-16,,,,,,,,
600135,fetched,,,4800,,BAOSTOCK_5M,,2025-10-11,2026-03-11,,,,,,,,
600152,fetched,,,3264,,BAOSTOCK_5M,,2026-01-15,2026-04-29,,,,,,,,
600156,fetched,,,4992,,BAOSTOCK_5M,,2026-01-21,2026-04-30,,,,,,,,
600163,fetched,,,2736,,BAOSTOCK_5M,,2025-12-27,2026-03-27,,,,,,,,
600172,fetched,,,4608,,BAOSTOCK_5M,,2025-12-12,2026-03-12,,,,,,,,
600215,fetched,,,3024,,BAOSTOCK_5M,,2025-10-14,2026-01-12,,,,,,,,
600227,fetched,,,3024,,BAOSTOCK_5M,,2025-12-10,2026-03-18,,,,,,,,
600230,fetched,,,3024,,BAOSTOCK_5M,,2025-10-23,2026-01-21,,,,,,,,
600234,fetched,,,4656,,BAOSTOCK_5M,,2026-01-21,2026-04-21,,,,,,,,
600256,fetched,,,2736,,BAOSTOCK_5M,,2025-12-04,2026-03-04,,,,,,,,
600259,fetched,,,2736,,BAOSTOCK_5M,,2025-12-03,2026-03-03,,,,,,,,
600301,fetched,,,2736,,BAOSTOCK_5M,,2025-12-03,2026-03-03,,,,,,,,
600307,fetched,,,2736,,BAOSTOCK_5M,,2025-12-19,2026-03-19,,,,,,,,
600310,fetched,,,2736,,BAOSTOCK_5M,,2025-12-30,2026-03-30,,,,,,,,
600330,fetched,,,5232,,BAOSTOCK_5M,,2025-11-07,2026-04-21,,,,,,,,
600338,fetched,,,2784,,BAOSTOCK_5M,,2026-01-28,2026-04-28,,,,,,,,
600339,fetched,,,2736,,BAOSTOCK_5M,,2025-12-04,2026-03-04,,,,,,,,
600345,fetched,,,2784,,BAOSTOCK_5M,,2026-01-13,2026-04-13,,,,,,,,
600367,fetched,,,2736,,BAOSTOCK_5M,,2025-12-04,2026-03-04,,,,,,,,
600391,fetched,,,3024,,BAOSTOCK_5M,,2025-10-23,2026-01-21,,,,,,,,
600396,fetched,,,4992,,BAOSTOCK_5M,,2026-01-15,2026-04-24,,,,,,,,
600397,fetched,,,3168,,BAOSTOCK_5M,,2025-11-15,2026-02-26,,,,,,,,
600410,fetched,,,3024,,BAOSTOCK_5M,,2025-10-18,2026-01-16,,,,,,,,
600435,fetched,,,3024,,BAOSTOCK_5M,,2025-10-10,2026-01-08,,,,,,,,
600452,fetched,,,2736,,BAOSTOCK_5M,,2025-12-03,2026-03-03,,,,,,,,
600470,fetched,,,4608,,BAOSTOCK_5M,,2025-11-28,2026-02-26,,,,,,,,
600481,fetched,,,3024,,BAOSTOCK_5M,,2025-11-07,2026-02-05,,,,,,,,
600498,fetched,,,4608,,BAOSTOCK_5M,,2025-10-08,2026-03-03,,,,,,,,
600502,fetched,,,2736,,BAOSTOCK_5M,,2026-01-01,2026-04-01,,,,,,,,
600513,fetched,,,2736,,BAOSTOCK_5M,,2025-12-31,2026-03-31,,,,,,,,
600527,fetched,,,2736,,BAOSTOCK_5M,,2025-12-26,2026-03-26,,,,,,,,
600539,fetched,,,4752,,BAOSTOCK_5M,,2025-12-26,2026-03-31,,,,,,,,
600545,fetched,,,5712,,BAOSTOCK_5M,,2025-11-15,2026-03-18,,,,,,,,
600556,fetched,,,3024,,BAOSTOCK_5M,,2025-10-15,2026-01-13,,,,,,,,
600583,fetched,,,2736,,BAOSTOCK_5M,,2025-12-04,2026-03-04,,,,,,,,
600590,fetched,,,2736,,BAOSTOCK_5M,,2025-12-09,2026-03-09,,,,,,,,
600594,fetched,,,2832,,BAOSTOCK_5M,,2026-01-03,2026-04-03,,,,,,,,
600605,fetched,,,2784,,BAOSTOCK_5M,,2026-01-16,2026-04-16,,,,,,,,
600617,fetched,,,2736,,BAOSTOCK_5M,,2025-12-23,2026-03-23,,,,,,,,
600654,fetched,,,2784,,BAOSTOCK_5M,,2026-01-09,2026-04-09,,,,,,,,
600662,fetched,,,3024,,BAOSTOCK_5M,,2025-10-18,2026-01-16,,,,,,,,
600664,fetched,,,2784,,BAOSTOCK_5M,,2026-01-16,2026-04-16,,,,,,,,
600666,fetched,,,2928,,BAOSTOCK_5M,,2025-12-20,2026-03-26,,,,,,,,
600683,fetched,,,7008,,BAOSTOCK_5M,,2025-11-08,2026-04-20,,,,,,,,
600688,fetched,,,4608,,BAOSTOCK_5M,,2025-12-04,2026-03-04,,,,,,,,
600691,fetched,,,2736,,BAOSTOCK_5M,,2025-12-16,2026-03-16,,,,,,,,
600698,fetched,,,2736,,BAOSTOCK_5M,,2025-12-26,2026-03-26,,,,,,,,
600707,fetched,,,4944,,BAOSTOCK_5M,,2026-01-13,2026-04-21,,,,,,,,
600714,fetched,,,4608,,BAOSTOCK_5M,,2025-12-04,2026-03-04,,,,,,,,
600722,fetched,,,3888,,BAOSTOCK_5M,,2025-11-12,2026-03-16,,,,,,,,
600726,fetched,,,2928,,BAOSTOCK_5M,,2025-12-23,2026-03-27,,,,,,,,
600736,fetched,,,2784,,BAOSTOCK_5M,,2026-01-24,2026-04-24,,,,,,,,
600744,fetched,,,2736,,BAOSTOCK_5M,,2025-12-02,2026-03-02,,,,,,,,
600758,fetched,,,4608,,BAOSTOCK_5M,,2025-12-26,2026-03-26,,,,,,,,
600769,fetched,,,4608,,BAOSTOCK_5M,,2025-12-12,2026-03-12,,,,,,,,
600770,fetched,,,5856,,BAOSTOCK_5M,,2025-10-25,2026-04-27,,,,,,,,
600774,fetched,,,3024,,BAOSTOCK_5M,,2025-10-23,2026-01-21,,,,,,,,
600776,fetched,,,3024,,BAOSTOCK_5M,,2025-10-16,2026-01-14,,,,,,,,
600785,fetched,,,3024,,BAOSTOCK_5M,,2025-11-06,2026-02-04,,,,,,,,
600800,fetched,,,2736,,BAOSTOCK_5M,,2025-12-27,2026-03-27,,,,,,,,
600814,fetched,,,3024,,BAOSTOCK_5M,,2025-11-11,2026-02-09,,,,,,,,
600821,fetched,,,2736,,BAOSTOCK_5M,,2025-12-10,2026-03-10,,,,,,,,
600828,fetched,,,3744,,BAOSTOCK_5M,,2025-10-15,2026-02-03,,,,,,,,
600844,fetched,,,2736,,BAOSTOCK_5M,,2025-12-30,2026-03-30,,,,,,,,
600855,fetched,,,3024,,BAOSTOCK_5M,,2025-10-09,2026-01-07,,,,,,,,
600868,fetched,,,3024,,BAOSTOCK_5M,,2025-10-25,2026-01-23,,,,,,,,
600869,fetched,,,4896,,BAOSTOCK_5M,,2025-10-11,2026-01-09,,,,,,,,
600871,fetched,,,3888,,BAOSTOCK_5M,,2025-11-01,2026-03-05,,,,,,,,
600877,fetched,,,3024,,BAOSTOCK_5M,,2025-10-16,2026-01-14,,,,,,,,
600879,fetched,,,3024,,BAOSTOCK_5M,,2025-10-15,2026-01-13,,,,,,,,
600880,fetched,,,3024,,BAOSTOCK_5M,,2025-10-15,2026-01-13,,,,,,,,
600884,fetched,,,3024,,BAOSTOCK_5M,,2025-11-12,2026-02-10,,,,,,,,
600938,fetched,,,2736,,BAOSTOCK_5M,,2025-12-04,2026-03-04,,,,,,,,
600955,fetched,,,2736,,BAOSTOCK_5M,,2025-12-31,2026-03-31,,,,,,,,
600968,fetched,,,2736,,BAOSTOCK_5M,,2025-12-04,2026-03-04,,,,,,,,
600979,fetched,,,2784,,BAOSTOCK_5M,,2026-01-22,2026-04-22,,,,,,,,
600982,fetched,,,2736,,BAOSTOCK_5M,,2025-12-26,2026-03-26,,,,,,,,
600986,fetched,,,3504,,BAOSTOCK_5M,,2025-10-15,2026-01-27,,,,,,,,
600996,fetched,,,2736,,BAOSTOCK_5M,,2025-12-31,2026-03-31,,,,,,,,
601015,fetched,,,3024,,BAOSTOCK_5M,,2025-11-08,2026-02-06,,,,,,,,
601016,fetched,,,3168,,BAOSTOCK_5M,,2025-12-13,2026-03-26,,,,,,,,
601069,fetched,,,3024,,BAOSTOCK_5M,,2025-11-01,2026-01-30,,,,,,,,
601096,fetched,,,3024,,BAOSTOCK_5M,,2025-10-22,2026-01-20,,,,,,,,
601116,fetched,,,3024,,BAOSTOCK_5M,,2025-10-17,2026-01-15,,,,,,,,
601330,fetched,,,2736,,BAOSTOCK_5M,,2025-12-13,2026-03-13,,,,,,,,
601388,fetched,,,3024,,BAOSTOCK_5M,,2025-11-01,2026-01-30,,,,,,,,
601399,fetched,,,3024,,BAOSTOCK_5M,,2025-10-11,2026-01-09,,,,,,,,
601512,fetched,,,2784,,BAOSTOCK_5M,,2026-01-24,2026-04-24,,,,,,,,
601567,fetched,,,2736,,BAOSTOCK_5M,,2025-12-10,2026-03-10,,,,,,,,
601595,fetched,,,3024,,BAOSTOCK_5M,,2025-11-13,2026-02-11,,,,,,,,
601606,fetched,,,2736,,BAOSTOCK_5M,,2025-12-26,2026-03-26,,,,,,,,
601611,fetched,,,3024,,BAOSTOCK_5M,,2025-10-11,2026-01-09,,,,,,,,
601615,fetched,,,2640,,BAOSTOCK_5M,,2025-10-29,2026-01-27,,,,,,,,
601698,fetched,,,3216,,BAOSTOCK_5M,,2025-10-09,2026-01-13,,,,,,,,
601808,fetched,,,2736,,BAOSTOCK_5M,,2025-12-04,2026-03-04,,,,,,,,
601857,fetched,,,2736,,BAOSTOCK_5M,,2025-12-04,2026-03-04,,,,,,,,
601868,fetched,,,2736,,BAOSTOCK_5M,,2025-12-13,2026-03-13,,,,,,,,
601869,fetched,,,6096,,BAOSTOCK_5M,,2025-11-13,2026-03-26,,,,,,,,
601872,fetched,,,2928,,BAOSTOCK_5M,,2025-11-28,2026-03-04,,,,,,,,
601890,fetched,,,2736,,BAOSTOCK_5M,,2025-11-27,2026-02-25,,,,,,,,
601975,fetched,,,2736,,BAOSTOCK_5M,,2025-12-04,2026-03-04,,,,,,,,
601992,fetched,,,3024,,BAOSTOCK_5M,,2025-10-17,2026-01-15,,,,,,,,
603017,fetched,,,6096,,BAOSTOCK_5M,,2025-10-15,2026-04-22,,,,,,,,
603026,fetched,,,2736,,BAOSTOCK_5M,,2025-12-30,2026-03-30,,,,,,,,
603040,fetched,,,3024,,BAOSTOCK_5M,,2025-10-25,2026-01-23,,,,,,,,
603052,fetched,,,7344,,BAOSTOCK_5M,,2025-10-31,2026-04-21,,,,,,,,
603056,fetched,,,2903,,BAOSTOCK_5M,,2025-10-21,2026-01-19,,,,,,,,
603060,fetched,,,2784,,BAOSTOCK_5M,,2026-01-27,2026-04-27,,,,,,,,
603061,fetched,,,5328,,BAOSTOCK_5M,,2025-10-09,2026-01-20,,,,,,,,
603077,fetched,,,2736,,BAOSTOCK_5M,,2025-11-28,2026-02-26,,,,,,,,
603095,fetched,,,3024,,BAOSTOCK_5M,,2025-10-28,2026-01-26,,,,,,,,
603103,fetched,,,3024,,BAOSTOCK_5M,,2025-11-13,2026-02-11,,,,,,,,
603115,fetched,,,4656,,BAOSTOCK_5M,,2026-01-23,2026-04-23,,,,,,,,
603123,fetched,,,2784,,BAOSTOCK_5M,,2026-01-08,2026-04-08,,,,,,,,
603132,fetched,,,3024,,BAOSTOCK_5M,,2025-10-31,2026-01-29,,,,,,,,
603138,fetched,,,3024,,BAOSTOCK_5M,,2025-11-15,2026-02-13,,,,,,,,
603171,fetched,,,3024,,BAOSTOCK_5M,,2025-10-15,2026-01-13,,,,,,,,
603178,fetched,,,2784,,BAOSTOCK_5M,,2026-01-22,2026-04-22,,,,,,,,
603248,fetched,,,2592,,BAOSTOCK_5M,,2025-12-18,2026-03-18,,,,,,,,
603256,fetched,,,5616,,BAOSTOCK_5M,,2025-10-25,2026-02-13,,,,,,,,
603257,fetched,,,2736,,BAOSTOCK_5M,,2025-12-03,2026-03-03,,,,,,,,
603301,fetched,,,3024,,BAOSTOCK_5M,,2025-11-13,2026-02-11,,,,,,,,
603305,fetched,,,2928,,BAOSTOCK_5M,,2025-10-15,2026-01-13,,,,,,,,
603306,fetched,,,2784,,BAOSTOCK_5M,,2026-01-10,2026-04-10,,,,,,,,
603315,fetched,,,2784,,BAOSTOCK_5M,,2026-01-20,2026-04-20,,,,,,,,
603317,fetched,,,2784,,BAOSTOCK_5M,,2026-01-30,2026-04-30,,,,,,,,
603334,fetched,,,3024,,BAOSTOCK_5M,,2025-11-08,2026-02-06,,,,,,,,
603353,fetched,,,2736,,BAOSTOCK_5M,,2025-12-04,2026-03-04,,,,,,,,
603387,fetched,,,2736,,BAOSTOCK_5M,,2025-12-19,2026-03-19,,,,,,,,
603390,fetched,,,2784,,BAOSTOCK_5M,,2026-01-27,2026-04-27,,,,,,,,
603421,fetched,,,2736,,BAOSTOCK_5M,,2025-12-12,2026-03-12,,,,,,,,
603466,fetched,,,3216,,BAOSTOCK_5M,,2025-11-13,2026-02-25,,,,,,,,
603488,fetched,,,3168,,BAOSTOCK_5M,,2025-10-11,2026-01-14,,,,,,,,
603496,fetched,,,3024,,BAOSTOCK_5M,,2025-10-15,2026-01-13,,,,,,,,
603530,fetched,,,2736,,BAOSTOCK_5M,,2025-12-02,2026-03-02,,,,,,,,
603579,fetched,,,3024,,BAOSTOCK_5M,,2025-10-09,2026-01-07,,,,,,,,
603585,fetched,,,2736,,BAOSTOCK_5M,,2025-12-31,2026-03-31,,,,,,,,
603598,fetched,,,4176,,BAOSTOCK_5M,,2025-10-10,2026-02-11,,,,,,,,
603601,fetched,,,3744,,BAOSTOCK_5M,,2025-11-28,2026-03-27,,,,,,,,
603608,fetched,,,3360,,BAOSTOCK_5M,,2025-10-07,2026-01-23,,,,,,,,
603618,fetched,,,7104,,BAOSTOCK_5M,,2025-11-12,2026-04-24,,,,,,,,
603619,fetched,,,3840,,BAOSTOCK_5M,,2025-11-01,2026-03-04,,,,,,,,
603626,fetched,,,3024,,BAOSTOCK_5M,,2025-11-12,2026-02-10,,,,,,,,
603629,fetched,,,5184,,BAOSTOCK_5M,,2025-11-05,2026-04-16,,,,,,,,
603650,fetched,,,4896,,BAOSTOCK_5M,,2025-10-11,2026-01-09,,,,,,,,
603667,fetched,,,3456,,BAOSTOCK_5M,,2025-10-07,2026-01-20,,,,,,,,
603687,fetched,,,2784,,BAOSTOCK_5M,,2026-01-17,2026-04-17,,,,,,,,
603698,fetched,,,2784,,BAOSTOCK_5M,,2026-01-16,2026-04-16,,,,,,,,
603716,fetched,,,3024,,BAOSTOCK_5M,,2025-10-09,2026-01-07,,,,,,,,
603727,fetched,,,2736,,BAOSTOCK_5M,,2025-12-04,2026-03-04,,,,,,,,
603738,fetched,,,4608,,BAOSTOCK_5M,,2025-12-03,2026-03-03,,,,,,,,
603757,fetched,,,4656,,BAOSTOCK_5M,,2026-01-10,2026-04-10,,,,,,,,
603773,fetched,,,4944,,BAOSTOCK_5M,,2026-01-13,2026-04-21,,,,,,,,
603777,fetched,,,2784,,BAOSTOCK_5M,,2026-01-13,2026-04-13,,,,,,,,
603778,fetched,,,4992,,BAOSTOCK_5M,,2025-10-09,2026-03-18,,,,,,,,
603803,fetched,,,2736,,BAOSTOCK_5M,,2025-12-12,2026-03-12,,,,,,,,
603808,fetched,,,2736,,BAOSTOCK_5M,,2025-12-26,2026-03-26,,,,,,,,
603826,fetched,,,3024,,BAOSTOCK_5M,,2025-11-08,2026-02-06,,,,,,,,
603861,fetched,,,3024,,BAOSTOCK_5M,,2025-11-05,2026-02-03,,,,,,,,
603882,fetched,,,3024,,BAOSTOCK_5M,,2025-10-15,2026-01-13,,,,,,,,
603888,fetched,,,3024,,BAOSTOCK_5M,,2025-10-17,2026-01-15,,,,,,,,
603897,fetched,,,2736,,BAOSTOCK_5M,,2025-12-03,2026-03-03,,,,,,,,
603926,fetched,,,3024,,BAOSTOCK_5M,,2025-10-24,2026-01-22,,,,,,,,
603929,fetched,,,7008,,BAOSTOCK_5M,,2025-10-09,2026-03-18,,,,,,,,
603931,fetched,,,2784,,BAOSTOCK_5M,,2026-01-29,2026-04-29,,,,,,,,
603933,fetched,,,2304,,BAOSTOCK_5M,,2026-01-13,2026-04-13,,,,,,,,
603938,fetched,,,4896,,BAOSTOCK_5M,,2025-10-14,2026-01-12,,,,,,,,
603950,fetched,,,2736,,BAOSTOCK_5M,,2025-12-03,2026-03-03,,,,,,,,
603958,fetched,,,3024,,BAOSTOCK_5M,,2025-11-01,2026-01-30,,,,,,,,
603968,fetched,,,3024,,BAOSTOCK_5M,,2025-11-14,2026-02-12,,,,,,,,
603980,fetched,,,2784,,BAOSTOCK_5M,,2025-11-14,2026-02-12,,,,,,,,
605003,fetched,,,2928,,BAOSTOCK_5M,,2025-10-07,2026-01-05,,,,,,,,
605006,fetched,,,4896,,BAOSTOCK_5M,,2025-11-15,2026-02-13,,,,,,,,
605060,fetched,,,3024,,BAOSTOCK_5M,,2025-11-13,2026-02-11,,,,,,,,
605151,fetched,,,3024,,BAOSTOCK_5M,,2025-11-05,2026-02-03,,,,,,,,
605162,fetched,,,4848,,BAOSTOCK_5M,,2026-01-03,2026-04-09,,,,,,,,
605168,fetched,,,2784,,BAOSTOCK_5M,,2026-01-30,2026-04-30,,,,,,,,
605178,fetched,,,2736,,BAOSTOCK_5M,,2025-11-28,2026-02-26,,,,,,,,
605255,fetched,,,5280,,BAOSTOCK_5M,,2025-10-14,2026-04-14,,,,,,,,
605287,fetched,,,6192,,BAOSTOCK_5M,,2025-10-18,2026-04-29,,,,,,,,
605289,fetched,,,6672,,BAOSTOCK_5M,,2025-11-28,2026-04-29,,,,,,,,
605299,fetched,,,2736,,BAOSTOCK_5M,,2025-12-26,2026-03-26,,,,,,,,
605318,fetched,,,4656,,BAOSTOCK_5M,,2026-01-10,2026-04-10,,,,,,,,
605358,fetched,,,3024,,BAOSTOCK_5M,,2025-10-09,2026-01-07,,,,,,,,
605365,fetched,,,2784,,BAOSTOCK_5M,,2026-01-23,2026-04-23,,,,,,,,
605366,fetched,,,2736,,BAOSTOCK_5M,,2025-12-26,2026-03-26,,,,,,,,
605388,fetched,,,2784,,BAOSTOCK_5M,,2026-01-20,2026-04-20,,,,,,,,
605589,fetched,,,4656,,BAOSTOCK_5M,,2026-01-08,2026-04-08,,,,,,,,
001266,PASS,,,,,FEATURE_RECONSTRUCTION,,,,001266_2026-01-05,2026-01-05,2025-12-31,data/cache/daily/001266_daily.pkl,data/cache/baostock_5m/001266_5min.pkl,data/cache/limit_ups/2026-01-05_limitups.pkl,False,75
001299,PASS,,,,,FEATURE_RECONSTRUCTION,,,,001299_2026-01-05,2026-01-05,2025-12-31,data/cache/daily/001299_daily.pkl,data/cache/baostock_5m/001299_5min.pkl,data/cache/limit_ups/2026-01-05_limitups.pkl,False,75
002177,PASS,,,,,FEATURE_RECONSTRUCTION,,,,002177_2026-01-05,2026-01-05,2025-12-31,data/cache/daily_unadjusted/002177_daily.pkl,data/cache/baostock_5m/002177_5min.pkl,data/cache/limit_ups/2026-01-05_limitups.pkl,False,75
603608,PASS,,,,,FEATURE_RECONSTRUCTION,,,,603608_2026-01-05,2026-01-05,2025-12-31,data/cache/daily/603608_daily.pkl,data/cache/baostock_5m/603608_5min.pkl,data/cache/limit_ups/2026-01-05_limitups.pkl,False,75
603667,PASS,,,,,FEATURE_RECONSTRUCTION,,,,603667_2026-01-05,2026-01-05,2025-12-31,data/cache/daily/603667_daily.pkl,data/cache/baostock_5m/603667_5min.pkl,data/cache/limit_ups/2026-01-05_limitups.pkl,False,75
605003,PASS,,,,,FEATURE_RECONSTRUCTION,,,,605003_2026-01-05,2026-01-05,2025-12-31,data/cache/daily_unadjusted/605003_daily.pkl,data/cache/baostock_5m/605003_5min.pkl,data/cache/limit_ups/2026-01-05_limitups.pkl,False,75
002131,PASS,,,,,FEATURE_RECONSTRUCTION,,,,002131_2026-01-06,2026-01-06,2026-01-05,data/cache/daily/002131_daily.pkl,data/cache/baostock_5m/002131_5min.pkl,data/cache/limit_ups/2026-01-06_limitups.pkl|data/cache/limit_ups/2026-01-05_limitups.pkl,True,171
002735,PASS,,,,,FEATURE_RECONSTRUCTION,,,,002735_2026-01-06,2026-01-06,2026-01-05,data/cache/daily/002735_daily.pkl,data/cache/baostock_5m/002735_5min.pkl,data/cache/limit_ups/2026-01-06_limitups.pkl|data/cache/limit_ups/2026-01-05_limitups.pkl,True,171
003039,PASS,,,,,FEATURE_RECONSTRUCTION,,,,003039_2026-01-06,2026-01-06,2026-01-05,data/cache/daily_unadjusted/003039_daily.pkl,data/cache/baostock_5m/003039_5min.pkl,data/cache/limit_ups/2026-01-06_limitups.pkl|data/cache/limit_ups/2026-01-05_limitups.pkl,True,171
600498,PASS,,,,,FEATURE_RECONSTRUCTION,,,,600498_2026-01-06,2026-01-06,2026-01-05,data/cache/daily/600498_daily.pkl,data/cache/baostock_5m/600498_5min.pkl,data/cache/limit_ups/2026-01-06_limitups.pkl|data/cache/limit_ups/2026-01-05_limitups.pkl,True,171
000516,PASS,,,,,FEATURE_RECONSTRUCTION,,,,000516_2026-01-07,2026-01-07,2026-01-06,data/cache/daily_unadjusted/000516_daily.pkl,data/cache/baostock_5m/000516_5min.pkl,data/cache/limit_ups/2026-01-07_limitups.pkl|data/cache/limit_ups/2026-01-06_limitups.pkl|data/cache/limit_ups/2026-01-05_limitups.pkl,True,234
001210,PASS,,,,,FEATURE_RECONSTRUCTION,,,,001210_2026-01-07,2026-01-07,2026-01-06,data/cache/daily/001210_daily.pkl,data/cache/baostock_5m/001210_5min.pkl,data/cache/limit_ups/2026-01-07_limitups.pkl|data/cache/limit_ups/2026-01-06_limitups.pkl|data/cache/limit_ups/2026-01-05_limitups.pkl,True,234
001225,PASS,,,,,FEATURE_RECONSTRUCTION,,,,001225_2026-01-07,2026-01-07,2026-01-06,data/cache/daily/001225_daily.pkl,data/cache/baostock_5m/001225_5min.pkl,data/cache/limit_ups/2026-01-07_limitups.pkl|data/cache/limit_ups/2026-01-06_limitups.pkl|data/cache/limit_ups/2026-01-05_limitups.pkl,True,234
001231,PASS,,,,,FEATURE_RECONSTRUCTION,,,,001231_2026-01-07,2026-01-07,2026-01-06,data/cache/daily_unadjusted/001231_daily.pkl,data/cache/baostock_5m/001231_5min.pkl,data/cache/limit_ups/2026-01-07_limitups.pkl|data/cache/limit_ups/2026-01-06_limitups.pkl|data/cache/limit_ups/2026-01-05_limitups.pkl,True,234
002151,PASS,,,,,FEATURE_RECONSTRUCTION,,,,002151_2026-01-07,2026-01-07,2026-01-06,data/cache/daily_unadjusted/002151_daily.pkl,data/cache/baostock_5m/002151_5min.pkl,data/cache/limit_ups/2026-01-07_limitups.pkl|data/cache/limit_ups/2026-01-06_limitups.pkl|data/cache/limit_ups/2026-01-05_limitups.pkl,True,234
002465,PASS,,,,,FEATURE_RECONSTRUCTION,,,,002465_2026-01-07,2026-01-07,2026-01-06,data/cache/daily_unadjusted/002465_daily.pkl,data/cache/baostock_5m/002465_5min.pkl,data/cache/limit_ups/2026-01-07_limitups.pkl|data/cache/limit_ups/2026-01-06_limitups.pkl|data/cache/limit_ups/2026-01-05_limitups.pkl,True,234
002766,PASS,,,,,FEATURE_RECONSTRUCTION,,,,002766_2026-01-07,2026-01-07,2026-01-06,data/cache/daily/002766_daily.pkl,data/cache/baostock_5m/002766_5min.pkl,data/cache/limit_ups/2026-01-07_limitups.pkl|data/cache/limit_ups/2026-01-06_limitups.pkl|data/cache/limit_ups/2026-01-05_limitups.pkl,True,234
002925,PASS,,,,,FEATURE_RECONSTRUCTION,,,,002925_2026-01-07,2026-01-07,2026-01-06,data/cache/daily/002925_daily.pkl,data/cache/baostock_5m/002925_5min.pkl,data/cache/limit_ups/2026-01-07_limitups.pkl|data/cache/limit_ups/2026-01-06_limitups.pkl|data/cache/limit_ups/2026-01-05_limitups.pkl,True,234
600855,PASS,,,,,FEATURE_RECONSTRUCTION,,,,600855_2026-01-07,2026-01-07,2026-01-06,data/cache/daily/600855_daily.pkl,data/cache/baostock_5m/600855_5min.pkl,data/cache/limit_ups/2026-01-07_limitups.pkl|data/cache/limit_ups/2026-01-06_limitups.pkl|data/cache/limit_ups/2026-01-05_limitups.pkl,True,234
601698,PASS,,,,,FEATURE_RECONSTRUCTION,,,,601698_2026-01-07,2026-01-07,2026-01-06,data/cache/daily/601698_daily.pkl,data/cache/baostock_5m/601698_5min.pkl,data/cache/limit_ups/2026-01-07_limitups.pkl|data/cache/limit_ups/2026-01-06_limitups.pkl|data/cache/limit_ups/2026-01-05_limitups.pkl,True,234
603061,PASS,,,,,FEATURE_RECONSTRUCTION,,,,603061_2026-01-07,2026-01-07,2026-01-06,data/cache/daily/603061_daily.pkl,data/cache/baostock_5m/603061_5min.pkl,data/cache/limit_ups/2026-01-07_limitups.pkl|data/cache/limit_ups/2026-01-06_limitups.pkl|data/cache/limit_ups/2026-01-05_limitups.pkl,True,234
603579,PASS,,,,,FEATURE_RECONSTRUCTION,,,,603579_2026-01-07,2026-01-07,2026-01-06,data/cache/daily_unadjusted/603579_daily.pkl,data/cache/baostock_5m/603579_5min.pkl,data/cache/limit_ups/2026-01-07_limitups.pkl|data/cache/limit_ups/2026-01-06_limitups.pkl|data/cache/limit_ups/2026-01-05_limitups.pkl,True,234
603716,PASS,,,,,FEATURE_RECONSTRUCTION,,,,603716_2026-01-07,2026-01-07,2026-01-06,data/cache/daily/603716_daily.pkl,data/cache/baostock_5m/603716_5min.pkl,data/cache/limit_ups/2026-01-07_limitups.pkl|data/cache/limit_ups/2026-01-06_limitups.pkl|data/cache/limit_ups/2026-01-05_limitups.pkl,True,234
603929,PASS,,,,,FEATURE_RECONSTRUCTION,,,,603929_2026-01-07,2026-01-07,2026-01-06,data/cache/daily/603929_daily.pkl,data/cache/baostock_5m/603929_5min.pkl,data/cache/limit_ups/2026-01-07_limitups.pkl|data/cache/limit_ups/2026-01-06_limitups.pkl|data/cache/limit_ups/2026-01-05_limitups.pkl,True,234
605358,PASS,,,,,FEATURE_RECONSTRUCTION,,,,605358_2026-01-07,2026-01-07,2026-01-06,data/cache/daily/605358_daily.pkl,data/cache/baostock_5m/605358_5min.pkl,data/cache/limit_ups/2026-01-07_limitups.pkl|data/cache/limit_ups/2026-01-06_limitups.pkl|data/cache/limit_ups/2026-01-05_limitups.pkl,True,234
000620,PASS,,,,,FEATURE_RECONSTRUCTION,,,,000620_2026-01-08,2026-01-08,2026-01-07,data/cache/daily/000620_daily.pkl,data/cache/baostock_5m/000620_5min.pkl,data/cache/limit_ups/2026-01-08_limitups.pkl|data/cache/limit_ups/2026-01-07_limitups.pkl|data/cache/limit_ups/2026-01-06_limitups.pkl|data/cache/limit_ups/2026-01-05_limitups.pkl,True,311
001331,PASS,,,,,FEATURE_RECONSTRUCTION,,,,001331_2026-01-08,2026-01-08,2026-01-07,data/cache/daily/001331_daily.pkl,data/cache/baostock_5m/001331_5min.pkl,data/cache/limit_ups/2026-01-08_limitups.pkl|data/cache/limit_ups/2026-01-07_limitups.pkl|data/cache/limit_ups/2026-01-06_limitups.pkl|data/cache/limit_ups/2026-01-05_limitups.pkl,True,311
002462,PASS,,,,,FEATURE_RECONSTRUCTION,,,,002462_2026-01-08,2026-01-08,2026-01-07,data/cache/daily_unadjusted/002462_daily.pkl,data/cache/baostock_5m/002462_5min.pkl,data/cache/limit_ups/2026-01-08_limitups.pkl|data/cache/limit_ups/2026-01-07_limitups.pkl|data/cache/limit_ups/2026-01-06_limitups.pkl|data/cache/limit_ups/2026-01-05_limitups.pkl,True,311
600435,PASS,,,,,FEATURE_RECONSTRUCTION,,,,600435_2026-01-08,2026-01-08,2026-01-07,data/cache/daily_unadjusted/600435_daily.pkl,data/cache/baostock_5m/600435_5min.pkl,data/cache/limit_ups/2026-01-08_limitups.pkl|data/cache/limit_ups/2026-01-07_limitups.pkl|data/cache/limit_ups/2026-01-06_limitups.pkl|data/cache/limit_ups/2026-01-05_limitups.pkl,True,311
603598,PASS,,,,,FEATURE_RECONSTRUCTION,,,,603598_2026-01-08,2026-01-08,2026-01-07,data/cache/daily/603598_daily.pkl,data/cache/baostock_5m/603598_5min.pkl,data/cache/limit_ups/2026-01-08_limitups.pkl|data/cache/limit_ups/2026-01-07_limitups.pkl|data/cache/limit_ups/2026-01-06_limitups.pkl|data/cache/limit_ups/2026-01-05_limitups.pkl,True,311
002639,PASS,,,,,FEATURE_RECONSTRUCTION,,,,002639_2026-01-09,2026-01-09,2026-01-08,data/cache/daily/002639_daily.pkl,data/cache/baostock_5m/002639_5min.pkl,data/cache/limit_ups/2026-01-09_limitups.pkl|data/cache/limit_ups/2026-01-08_limitups.pkl|data/cache/limit_ups/2026-01-07_limitups.pkl|data/cache/limit_ups/2026-01-06_limitups.pkl|data/cache/limit_ups/2026-01-05_limitups.pkl,True,391
002788,PASS,,,,,FEATURE_RECONSTRUCTION,,,,002788_2026-01-09,2026-01-09,2026-01-08,data/cache/daily_unadjusted/002788_daily.pkl,data/cache/baostock_5m/002788_5min.pkl,data/cache/limit_ups/2026-01-09_limitups.pkl|data/cache/limit_ups/2026-01-08_limitups.pkl|data/cache/limit_ups/2026-01-07_limitups.pkl|data/cache/limit_ups/2026-01-06_limitups.pkl|data/cache/limit_ups/2026-01-05_limitups.pkl,True,391
002792,PASS,,,,,FEATURE_RECONSTRUCTION,,,,002792_2026-01-09,2026-01-09,2026-01-08,data/cache/daily/002792_daily.pkl,data/cache/baostock_5m/002792_5min.pkl,data/cache/limit_ups/2026-01-09_limitups.pkl|data/cache/limit_ups/2026-01-08_limitups.pkl|data/cache/limit_ups/2026-01-07_limitups.pkl|data/cache/limit_ups/2026-01-06_limitups.pkl|data/cache/limit_ups/2026-01-05_limitups.pkl,True,391
600135,PASS,,,,,FEATURE_RECONSTRUCTION,,,,600135_2026-01-09,2026-01-09,2026-01-08,data/cache/daily_unadjusted/600135_daily.pkl,data/cache/baostock_5m/600135_5min.pkl,data/cache/limit_ups/2026-01-09_limitups.pkl|data/cache/limit_ups/2026-01-08_limitups.pkl|data/cache/limit_ups/2026-01-07_limitups.pkl|data/cache/limit_ups/2026-01-06_limitups.pkl|data/cache/limit_ups/2026-01-05_limitups.pkl,True,391
600869,PASS,,,,,FEATURE_RECONSTRUCTION,,,,600869_2026-01-09,2026-01-09,2026-01-08,data/cache/daily/600869_daily.pkl,data/cache/baostock_5m/600869_5min.pkl,data/cache/limit_ups/2026-01-09_limitups.pkl|data/cache/limit_ups/2026-01-08_limitups.pkl|data/cache/limit_ups/2026-01-07_limitups.pkl|data/cache/limit_ups/2026-01-06_limitups.pkl|data/cache/limit_ups/2026-01-05_limitups.pkl,True,391
601399,PASS,,,,,FEATURE_RECONSTRUCTION,,,,601399_2026-01-09,2026-01-09,2026-01-08,data/cache/daily_unadjusted/601399_daily.pkl,data/cache/baostock_5m/601399_5min.pkl,data/cache/limit_ups/2026-01-09_limitups.pkl|data/cache/limit_ups/2026-01-08_limitups.pkl|data/cache/limit_ups/2026-01-07_limitups.pkl|data/cache/limit_ups/2026-01-06_limitups.pkl|data/cache/limit_ups/2026-01-05_limitups.pkl,True,391
601611,PASS,,,,,FEATURE_RECONSTRUCTION,,,,601611_2026-01-09,2026-01-09,2026-01-08,data/cache/daily/601611_daily.pkl,data/cache/baostock_5m/601611_5min.pkl,data/cache/limit_ups/2026-01-09_limitups.pkl|data/cache/limit_ups/2026-01-08_limitups.pkl|data/cache/limit_ups/2026-01-07_limitups.pkl|data/cache/limit_ups/2026-01-06_limitups.pkl|data/cache/limit_ups/2026-01-05_limitups.pkl,True,391
603488,PASS,,,,,FEATURE_RECONSTRUCTION,,,,603488_2026-01-09,2026-01-09,2026-01-08,data/cache/daily/603488_daily.pkl,data/cache/baostock_5m/603488_5min.pkl,data/cache/limit_ups/2026-01-09_limitups.pkl|data/cache/limit_ups/2026-01-08_limitups.pkl|data/cache/limit_ups/2026-01-07_limitups.pkl|data/cache/limit_ups/2026-01-06_limitups.pkl|data/cache/limit_ups/2026-01-05_limitups.pkl,True,391
603650,PASS,,,,,FEATURE_RECONSTRUCTION,,,,603650_2026-01-09,2026-01-09,2026-01-08,data/cache/daily/603650_daily.pkl,data/cache/baostock_5m/603650_5min.pkl,data/cache/limit_ups/2026-01-09_limitups.pkl|data/cache/limit_ups/2026-01-08_limitups.pkl|data/cache/limit_ups/2026-01-07_limitups.pkl|data/cache/limit_ups/2026-01-06_limitups.pkl|data/cache/limit_ups/2026-01-05_limitups.pkl,True,391
600215,PASS,,,,,FEATURE_RECONSTRUCTION,,,,600215_2026-01-12,2026-01-12,2026-01-09,data/cache/daily/600215_daily.pkl,data/cache/baostock_5m/600215_5min.pkl,data/cache/limit_ups/2026-01-12_limitups.pkl|data/cache/limit_ups/2026-01-09_limitups.pkl|data/cache/limit_ups/2026-01-08_limitups.pkl,True,282
603938,PASS,,,,,FEATURE_RECONSTRUCTION,,,,603938_2026-01-12,2026-01-12,2026-01-09,data/cache/daily/603938_daily.pkl,data/cache/baostock_5m/603938_5min.pkl,data/cache/limit_ups/2026-01-12_limitups.pkl|data/cache/limit_ups/2026-01-09_limitups.pkl|data/cache/limit_ups/2026-01-08_limitups.pkl,True,282
605255,PASS,,,,,FEATURE_RECONSTRUCTION,,,,605255_2026-01-12,2026-01-12,2025-12-30,data/cache/daily/605255_daily.pkl,data/cache/baostock_5m/605255_5min.pkl,data/cache/limit_ups/2026-01-12_limitups.pkl|data/cache/limit_ups/2026-01-09_limitups.pkl|data/cache/limit_ups/2026-01-08_limitups.pkl,False,282
000503,PASS,,,,,FEATURE_RECONSTRUCTION,,,,000503_2026-01-13,2026-01-13,2026-01-12,data/cache/daily/000503_daily.pkl,data/cache/baostock_5m/000503_5min.pkl,data/cache/limit_ups/2026-01-13_limitups.pkl|data/cache/limit_ups/2026-01-12_limitups.pkl|data/cache/limit_ups/2026-01-09_limitups.pkl,True,257
000917,PASS,,,,,FEATURE_RECONSTRUCTION,,,,000917_2026-01-13,2026-01-13,2026-01-12,data/cache/daily_unadjusted/000917_daily.pkl,data/cache/baostock_5m/000917_5min.pkl,data/cache/limit_ups/2026-01-13_limitups.pkl|data/cache/limit_ups/2026-01-12_limitups.pkl|data/cache/limit_ups/2026-01-09_limitups.pkl,True,257
000969,PASS,,,,,FEATURE_RECONSTRUCTION,,,,000969_2026-01-13,2026-01-13,2026-01-12,data/cache/daily/000969_daily.pkl,data/cache/baostock_5m/000969_5min.pkl,data/cache/limit_ups/2026-01-13_limitups.pkl|data/cache/limit_ups/2026-01-12_limitups.pkl|data/cache/limit_ups/2026-01-09_limitups.pkl,True,257
002017,PASS,,,,,FEATURE_RECONSTRUCTION,,,,002017_2026-01-13,2026-01-13,2026-01-12,data/cache/daily_unadjusted/002017_daily.pkl,data/cache/baostock_5m/002017_5min.pkl,data/cache/limit_ups/2026-01-13_limitups.pkl|data/cache/limit_ups/2026-01-12_limitups.pkl|data/cache/limit_ups/2026-01-09_limitups.pkl,True,257
002046,PASS,,,,,FEATURE_RECONSTRUCTION,,,,002046_2026-01-13,2026-01-13,2026-01-12,data/cache/daily/002046_daily.pkl,data/cache/baostock_5m/002046_5min.pkl,data/cache/limit_ups/2026-01-13_limitups.pkl|data/cache/limit_ups/2026-01-12_limitups.pkl|data/cache/limit_ups/2026-01-09_limitups.pkl,True,257
002181,PASS,,,,,FEATURE_RECONSTRUCTION,,,,002181_2026-01-13,2026-01-13,2026-01-12,data/cache/daily/002181_daily.pkl,data/cache/baostock_5m/002181_5min.pkl,data/cache/limit_ups/2026-01-13_limitups.pkl|data/cache/limit_ups/2026-01-12_limitups.pkl|data/cache/limit_ups/2026-01-09_limitups.pkl,True,257
002316,PASS,,,,,FEATURE_RECONSTRUCTION,,,,002316_2026-01-13,2026-01-13,2026-01-12,data/cache/daily_unadjusted/002316_daily.pkl,data/cache/baostock_5m/002316_5min.pkl,data/cache/limit_ups/2026-01-13_limitups.pkl|data/cache/limit_ups/2026-01-12_limitups.pkl|data/cache/limit_ups/2026-01-09_limitups.pkl,True,257
002969,PASS,,,,,FEATURE_RECONSTRUCTION,,,,002969_2026-01-13,2026-01-13,2026-01-12,data/cache/daily/002969_daily.pkl,data/cache/baostock_5m/002969_5min.pkl,data/cache/limit_ups/2026-01-13_limitups.pkl|data/cache/limit_ups/2026-01-12_limitups.pkl|data/cache/limit_ups/2026-01-09_limitups.pkl,True,257
600556,PASS,,,,,FEATURE_RECONSTRUCTION,,,,600556_2026-01-13,2026-01-13,2026-01-12,data/cache/daily/600556_daily.pkl,data/cache/baostock_5m/600556_5min.pkl,data/cache/limit_ups/2026-01-13_limitups.pkl|data/cache/limit_ups/2026-01-12_limitups.pkl|data/cache/limit_ups/2026-01-09_limitups.pkl,True,257
600828,PASS,,,,,FEATURE_RECONSTRUCTION,,,,600828_2026-01-13,2026-01-13,2026-01-12,data/cache/daily/600828_daily.pkl,data/cache/baostock_5m/600828_5min.pkl,data/cache/limit_ups/2026-01-13_limitups.pkl|data/cache/limit_ups/2026-01-12_limitups.pkl|data/cache/limit_ups/2026-01-09_limitups.pkl,True,257
600879,PASS,,,,,FEATURE_RECONSTRUCTION,,,,600879_2026-01-13,2026-01-13,2026-01-12,data/cache/daily/600879_daily.pkl,data/cache/baostock_5m/600879_5min.pkl,data/cache/limit_ups/2026-01-13_limitups.pkl|data/cache/limit_ups/2026-01-12_limitups.pkl|data/cache/limit_ups/2026-01-09_limitups.pkl,True,257
600880,PASS,,,,,FEATURE_RECONSTRUCTION,,,,600880_2026-01-13,2026-01-13,2026-01-12,data/cache/daily_unadjusted/600880_daily.pkl,data/cache/baostock_5m/600880_5min.pkl,data/cache/limit_ups/2026-01-13_limitups.pkl|data/cache/limit_ups/2026-01-12_limitups.pkl|data/cache/limit_ups/2026-01-09_limitups.pkl,True,257
600986,PASS,,,,,FEATURE_RECONSTRUCTION,,,,600986_2026-01-13,2026-01-13,2026-01-12,data/cache/daily/600986_daily.pkl,data/cache/baostock_5m/600986_5min.pkl,data/cache/limit_ups/2026-01-13_limitups.pkl|data/cache/limit_ups/2026-01-12_limitups.pkl|data/cache/limit_ups/2026-01-09_limitups.pkl,True,257
601698,PASS,,,,,FEATURE_RECONSTRUCTION,,,,601698_2026-01-13,2026-01-13,2026-01-12,data/cache/daily/601698_daily.pkl,data/cache/baostock_5m/601698_5min.pkl,data/cache/limit_ups/2026-01-13_limitups.pkl|data/cache/limit_ups/2026-01-12_limitups.pkl|data/cache/limit_ups/2026-01-09_limitups.pkl,True,257
603017,PASS,,,,,FEATURE_RECONSTRUCTION,,,,603017_2026-01-13,2026-01-13,2026-01-12,data/cache/daily_unadjusted/603017_daily.pkl,data/cache/baostock_5m/603017_5min.pkl,data/cache/limit_ups/2026-01-13_limitups.pkl|data/cache/limit_ups/2026-01-12_limitups.pkl|data/cache/limit_ups/2026-01-09_limitups.pkl,True,257
603171,PASS,,,,,FEATURE_RECONSTRUCTION,,,,603171_2026-01-13,2026-01-13,2026-01-12,data/cache/daily/603171_daily.pkl,data/cache/baostock_5m/603171_5min.pkl,data/cache/limit_ups/2026-01-13_limitups.pkl|data/cache/limit_ups/2026-01-12_limitups.pkl|data/cache/limit_ups/2026-01-09_limitups.pkl,True,257
603305,PASS,,,,,FEATURE_RECONSTRUCTION,,,,603305_2026-01-13,2026-01-13,2026-01-12,data/cache/daily_unadjusted/603305_daily.pkl,data/cache/baostock_5m/603305_5min.pkl,data/cache/limit_ups/2026-01-13_limitups.pkl|data/cache/limit_ups/2026-01-12_limitups.pkl|data/cache/limit_ups/2026-01-09_limitups.pkl,True,257
603496,PASS,,,,,FEATURE_RECONSTRUCTION,,,,603496_2026-01-13,2026-01-13,2026-01-12,data/cache/daily/603496_daily.pkl,data/cache/baostock_5m/603496_5min.pkl,data/cache/limit_ups/2026-01-13_limitups.pkl|data/cache/limit_ups/2026-01-12_limitups.pkl|data/cache/limit_ups/2026-01-09_limitups.pkl,True,257
603882,PASS,,,,,FEATURE_RECONSTRUCTION,,,,603882_2026-01-13,2026-01-13,2026-01-12,data/cache/daily_unadjusted/603882_daily.pkl,data/cache/baostock_5m/603882_5min.pkl,data/cache/limit_ups/2026-01-13_limitups.pkl|data/cache/limit_ups/2026-01-12_limitups.pkl|data/cache/limit_ups/2026-01-09_limitups.pkl,True,257
000681,PASS,,,,,FEATURE_RECONSTRUCTION,,,,000681_2026-01-14,2026-01-14,2026-01-13,data/cache/daily/000681_daily.pkl,data/cache/baostock_5m/000681_5min.pkl,data/cache/limit_ups/2026-01-14_limitups.pkl|data/cache/limit_ups/2026-01-13_limitups.pkl|data/cache/limit_ups/2026-01-12_limitups.pkl,True,259
000785,PASS,,,,,FEATURE_RECONSTRUCTION,,,,000785_2026-01-14,2026-01-14,2026-01-13,data/cache/daily/000785_daily.pkl,data/cache/baostock_5m/000785_5min.pkl,data/cache/limit_ups/2026-01-14_limitups.pkl|data/cache/limit_ups/2026-01-13_limitups.pkl|data/cache/limit_ups/2026-01-12_limitups.pkl,True,259
001202,PASS,,,,,FEATURE_RECONSTRUCTION,,,,001202_2026-01-14,2026-01-14,2026-01-13,data/cache/daily_unadjusted/001202_daily.pkl,data/cache/baostock_5m/001202_5min.pkl,data/cache/limit_ups/2026-01-14_limitups.pkl|data/cache/limit_ups/2026-01-13_limitups.pkl|data/cache/limit_ups/2026-01-12_limitups.pkl,True,259
002769,PASS,,,,,FEATURE_RECONSTRUCTION,,,,002769_2026-01-14,2026-01-14,2026-01-13,data/cache/daily/002769_daily.pkl,data/cache/baostock_5m/002769_5min.pkl,data/cache/limit_ups/2026-01-14_limitups.pkl|data/cache/limit_ups/2026-01-13_limitups.pkl|data/cache/limit_ups/2026-01-12_limitups.pkl,True,259
003041,PASS,,,,,FEATURE_RECONSTRUCTION,,,,003041_2026-01-14,2026-01-14,2026-01-13,data/cache/daily/003041_daily.pkl,data/cache/baostock_5m/003041_5min.pkl,data/cache/limit_ups/2026-01-14_limitups.pkl|data/cache/limit_ups/2026-01-13_limitups.pkl|data/cache/limit_ups/2026-01-12_limitups.pkl,True,259
600776,PASS,,,,,FEATURE_RECONSTRUCTION,,,,600776_2026-01-14,2026-01-14,2026-01-13,data/cache/daily/600776_daily.pkl,data/cache/baostock_5m/600776_5min.pkl,data/cache/limit_ups/2026-01-14_limitups.pkl|data/cache/limit_ups/2026-01-13_limitups.pkl|data/cache/limit_ups/2026-01-12_limitups.pkl,True,259
600877,PASS,,,,,FEATURE_RECONSTRUCTION,,,,600877_2026-01-14,2026-01-14,2026-01-13,data/cache/daily/600877_daily.pkl,data/cache/baostock_5m/600877_5min.pkl,data/cache/limit_ups/2026-01-14_limitups.pkl|data/cache/limit_ups/2026-01-13_limitups.pkl|data/cache/limit_ups/2026-01-12_limitups.pkl,True,259
603488,PASS,,,,,FEATURE_RECONSTRUCTION,,,,603488_2026-01-14,2026-01-14,2026-01-13,data/cache/daily/603488_daily.pkl,data/cache/baostock_5m/603488_5min.pkl,data/cache/limit_ups/2026-01-14_limitups.pkl|data/cache/limit_ups/2026-01-13_limitups.pkl|data/cache/limit_ups/2026-01-12_limitups.pkl,True,259
603598,PASS,,,,,FEATURE_RECONSTRUCTION,,,,603598_2026-01-14,2026-01-14,2026-01-13,data/cache/daily/603598_daily.pkl,data/cache/baostock_5m/603598_5min.pkl,data/cache/limit_ups/2026-01-14_limitups.pkl|data/cache/limit_ups/2026-01-13_limitups.pkl|data/cache/limit_ups/2026-01-12_limitups.pkl,True,259
000516,PASS,,,,,FEATURE_RECONSTRUCTION,,,,000516_2026-01-15,2026-01-15,2026-01-14,data/cache/daily_unadjusted/000516_daily.pkl,data/cache/baostock_5m/000516_5min.pkl,data/cache/limit_ups/2026-01-15_limitups.pkl|data/cache/limit_ups/2026-01-14_limitups.pkl|data/cache/limit_ups/2026-01-13_limitups.pkl|data/cache/limit_ups/2026-01-12_limitups.pkl,True,310
000593,PASS,,,,,FEATURE_RECONSTRUCTION,,,,000593_2026-01-15,2026-01-15,2026-01-14,data/cache/daily/000593_daily.pkl,data/cache/baostock_5m/000593_5min.pkl,data/cache/limit_ups/2026-01-15_limitups.pkl|data/cache/limit_ups/2026-01-14_limitups.pkl|data/cache/limit_ups/2026-01-13_limitups.pkl|data/cache/limit_ups/2026-01-12_limitups.pkl,True,310
002219,PASS,,,,,FEATURE_RECONSTRUCTION,,,,002219_2026-01-15,2026-01-15,2026-01-14,data/cache/daily_unadjusted/002219_daily.pkl,data/cache/baostock_5m/002219_5min.pkl,data/cache/limit_ups/2026-01-15_limitups.pkl|data/cache/limit_ups/2026-01-14_limitups.pkl|data/cache/limit_ups/2026-01-13_limitups.pkl|data/cache/limit_ups/2026-01-12_limitups.pkl,True,310
002465,PASS,,,,,FEATURE_RECONSTRUCTION,,,,002465_2026-01-15,2026-01-15,2026-01-14,data/cache/daily_unadjusted/002465_daily.pkl,data/cache/baostock_5m/002465_5min.pkl,data/cache/limit_ups/2026-01-15_limitups.pkl|data/cache/limit_ups/2026-01-14_limitups.pkl|data/cache/limit_ups/2026-01-13_limitups.pkl|data/cache/limit_ups/2026-01-12_limitups.pkl,True,310
002574,PASS,,,,,FEATURE_RECONSTRUCTION,,,,002574_2026-01-15,2026-01-15,2026-01-14,data/cache/daily_unadjusted/002574_daily.pkl,data/cache/baostock_5m/002574_5min.pkl,data/cache/limit_ups/2026-01-15_limitups.pkl|data/cache/limit_ups/2026-01-14_limitups.pkl|data/cache/limit_ups/2026-01-13_limitups.pkl|data/cache/limit_ups/2026-01-12_limitups.pkl,True,310
002718,PASS,,,,,FEATURE_RECONSTRUCTION,,,,002718_2026-01-15,2026-01-15,2026-01-14,data/cache/daily/002718_daily.pkl,data/cache/baostock_5m/002718_5min.pkl,data/cache/limit_ups/2026-01-15_limitups.pkl|data/cache/limit_ups/2026-01-14_limitups.pkl|data/cache/limit_ups/2026-01-13_limitups.pkl|data/cache/limit_ups/2026-01-12_limitups.pkl,True,310
601116,PASS,,,,,FEATURE_RECONSTRUCTION,,,,601116_2026-01-15,2026-01-15,2026-01-14,data/cache/daily/601116_daily.pkl,data/cache/baostock_5m/601116_5min.pkl,data/cache/limit_ups/2026-01-15_limitups.pkl|data/cache/limit_ups/2026-01-14_limitups.pkl|data/cache/limit_ups/2026-01-13_limitups.pkl|data/cache/limit_ups/2026-01-12_limitups.pkl,True,310
601992,PASS,,,,,FEATURE_RECONSTRUCTION,,,,601992_2026-01-15,2026-01-15,2026-01-14,data/cache/daily/601992_daily.pkl,data/cache/baostock_5m/601992_5min.pkl,data/cache/limit_ups/2026-01-15_limitups.pkl|data/cache/limit_ups/2026-01-14_limitups.pkl|data/cache/limit_ups/2026-01-13_limitups.pkl|data/cache/limit_ups/2026-01-12_limitups.pkl,True,310
603888,PASS,,,,,FEATURE_RECONSTRUCTION,,,,603888_2026-01-15,2026-01-15,2026-01-14,data/cache/daily/603888_daily.pkl,data/cache/baostock_5m/603888_5min.pkl,data/cache/limit_ups/2026-01-15_limitups.pkl|data/cache/limit_ups/2026-01-14_limitups.pkl|data/cache/limit_ups/2026-01-13_limitups.pkl|data/cache/limit_ups/2026-01-12_limitups.pkl,True,310
002112,PASS,,,,,FEATURE_RECONSTRUCTION,,,,002112_2026-01-16,2026-01-16,2026-01-15,data/cache/daily/002112_daily.pkl,data/cache/baostock_5m/002112_5min.pkl,data/cache/limit_ups/2026-01-16_limitups.pkl|data/cache/limit_ups/2026-01-15_limitups.pkl|data/cache/limit_ups/2026-01-14_limitups.pkl|data/cache/limit_ups/2026-01-13_limitups.pkl|data/cache/limit_ups/2026-01-12_limitups.pkl,True,358
002153,PASS,,,,,FEATURE_RECONSTRUCTION,,,,002153_2026-01-16,2026-01-16,2026-01-15,data/cache/daily/002153_daily.pkl,data/cache/baostock_5m/002153_5min.pkl,data/cache/limit_ups/2026-01-16_limitups.pkl|data/cache/limit_ups/2026-01-15_limitups.pkl|data/cache/limit_ups/2026-01-14_limitups.pkl|data/cache/limit_ups/2026-01-13_limitups.pkl|data/cache/limit_ups/2026-01-12_limitups.pkl,True,358
002218,PASS,,,,,FEATURE_RECONSTRUCTION,,,,002218_2026-01-16,2026-01-16,2026-01-15,data/cache/daily/002218_daily.pkl,data/cache/baostock_5m/002218_5min.pkl,data/cache/limit_ups/2026-01-16_limitups.pkl|data/cache/limit_ups/2026-01-15_limitups.pkl|data/cache/limit_ups/2026-01-14_limitups.pkl|data/cache/limit_ups/2026-01-13_limitups.pkl|data/cache/limit_ups/2026-01-12_limitups.pkl,True,358
002264,PASS,,,,,FEATURE_RECONSTRUCTION,,,,002264_2026-01-16,2026-01-16,2026-01-15,data/cache/daily_unadjusted/002264_daily.pkl,data/cache/baostock_5m/002264_5min.pkl,data/cache/limit_ups/2026-01-16_limitups.pkl|data/cache/limit_ups/2026-01-15_limitups.pkl|data/cache/limit_ups/2026-01-14_limitups.pkl|data/cache/limit_ups/2026-01-13_limitups.pkl|data/cache/limit_ups/2026-01-12_limitups.pkl,True,358
002446,PASS,,,,,FEATURE_RECONSTRUCTION,,,,002446_2026-01-16,2026-01-16,2026-01-15,data/cache/daily/002446_daily.pkl,data/cache/baostock_5m/002446_5min.pkl,data/cache/limit_ups/2026-01-16_limitups.pkl|data/cache/limit_ups/2026-01-15_limitups.pkl|data/cache/limit_ups/2026-01-14_limitups.pkl|data/cache/limit_ups/2026-01-13_limitups.pkl|data/cache/limit_ups/2026-01-12_limitups.pkl,True,358
002707,PASS,,,,,FEATURE_RECONSTRUCTION,,,,002707_2026-01-16,2026-01-16,2026-01-15,data/cache/daily_unadjusted/002707_daily.pkl,data/cache/baostock_5m/002707_5min.pkl,data/cache/limit_ups/2026-01-16_limitups.pkl|data/cache/limit_ups/2026-01-15_limitups.pkl|data/cache/limit_ups/2026-01-14_limitups.pkl|data/cache/limit_ups/2026-01-13_limitups.pkl|data/cache/limit_ups/2026-01-12_limitups.pkl,True,358
600410,PASS,,,,,FEATURE_RECONSTRUCTION,,,,600410_2026-01-16,2026-01-16,2026-01-15,data/cache/daily/600410_daily.pkl,data/cache/baostock_5m/600410_5min.pkl,data/cache/limit_ups/2026-01-16_limitups.pkl|data/cache/limit_ups/2026-01-15_limitups.pkl|data/cache/limit_ups/2026-01-14_limitups.pkl|data/cache/limit_ups/2026-01-13_limitups.pkl|data/cache/limit_ups/2026-01-12_limitups.pkl,True,358
600662,PASS,,,,,FEATURE_RECONSTRUCTION,,,,600662_2026-01-16,2026-01-16,2026-01-15,data/cache/daily_unadjusted/600662_daily.pkl,data/cache/baostock_5m/600662_5min.pkl,data/cache/limit_ups/2026-01-16_limitups.pkl|data/cache/limit_ups/2026-01-15_limitups.pkl|data/cache/limit_ups/2026-01-14_limitups.pkl|data/cache/limit_ups/2026-01-13_limitups.pkl|data/cache/limit_ups/2026-01-12_limitups.pkl,True,358
605287,PASS,,,,,FEATURE_RECONSTRUCTION,,,,605287_2026-01-16,2026-01-16,2026-01-15,data/cache/daily/605287_daily.pkl,data/cache/baostock_5m/605287_5min.pkl,data/cache/limit_ups/2026-01-16_limitups.pkl|data/cache/limit_ups/2026-01-15_limitups.pkl|data/cache/limit_ups/2026-01-14_limitups.pkl|data/cache/limit_ups/2026-01-13_limitups.pkl|data/cache/limit_ups/2026-01-12_limitups.pkl,True,358
002119,PASS,,,,,FEATURE_RECONSTRUCTION,,,,002119_2026-01-19,2026-01-19,2026-01-16,data/cache/daily/002119_daily.pkl,data/cache/baostock_5m/002119_5min.pkl,data/cache/limit_ups/2026-01-19_limitups.pkl|data/cache/limit_ups/2026-01-16_limitups.pkl|data/cache/limit_ups/2026-01-15_limitups.pkl,True,178
002796,PASS,,,,,FEATURE_RECONSTRUCTION,,,,002796_2026-01-19,2026-01-19,2026-01-16,data/cache/daily/002796_daily.pkl,data/cache/baostock_5m/002796_5min.pkl,data/cache/limit_ups/2026-01-19_limitups.pkl|data/cache/limit_ups/2026-01-16_limitups.pkl|data/cache/limit_ups/2026-01-15_limitups.pkl,True,178
600058,PASS,,,,,FEATURE_RECONSTRUCTION,,,,600058_2026-01-19,2026-01-19,2026-01-16,data/cache/daily/600058_daily.pkl,data/cache/baostock_5m/600058_5min.pkl,data/cache/limit_ups/2026-01-19_limitups.pkl|data/cache/limit_ups/2026-01-16_limitups.pkl|data/cache/limit_ups/2026-01-15_limitups.pkl,True,178
603056,PASS,,,,,FEATURE_RECONSTRUCTION,,,,603056_2026-01-19,2026-01-19,2026-01-16,data/cache/daily_unadjusted/603056_daily.pkl,data/cache/baostock_5m/603056_5min.pkl,data/cache/limit_ups/2026-01-19_limitups.pkl|data/cache/limit_ups/2026-01-16_limitups.pkl|data/cache/limit_ups/2026-01-15_limitups.pkl,True,178
000720,PASS,,,,,FEATURE_RECONSTRUCTION,,,,000720_2026-01-20,2026-01-20,2026-01-19,data/cache/daily/000720_daily.pkl,data/cache/baostock_5m/000720_5min.pkl,data/cache/limit_ups/2026-01-20_limitups.pkl|data/cache/limit_ups/2026-01-19_limitups.pkl|data/cache/limit_ups/2026-01-16_limitups.pkl,True,177
002028,PASS,,,,,FEATURE_RECONSTRUCTION,,,,002028_2026-01-20,2026-01-20,2026-01-19,data/cache/daily_unadjusted/002028_daily.pkl,data/cache/baostock_5m/002028_5min.pkl,data/cache/limit_ups/2026-01-20_limitups.pkl|data/cache/limit_ups/2026-01-19_limitups.pkl|data/cache/limit_ups/2026-01-16_limitups.pkl,True,177
002339,PASS,,,,,FEATURE_RECONSTRUCTION,,,,002339_2026-01-20,2026-01-20,2026-01-19,data/cache/daily/002339_daily.pkl,data/cache/baostock_5m/002339_5min.pkl,data/cache/limit_ups/2026-01-20_limitups.pkl|data/cache/limit_ups/2026-01-19_limitups.pkl|data/cache/limit_ups/2026-01-16_limitups.pkl,True,177
601096,PASS,,,,,FEATURE_RECONSTRUCTION,,,,601096_2026-01-20,2026-01-20,2026-01-19,data/cache/daily_unadjusted/601096_daily.pkl,data/cache/baostock_5m/601096_5min.pkl,data/cache/limit_ups/2026-01-20_limitups.pkl|data/cache/limit_ups/2026-01-19_limitups.pkl|data/cache/limit_ups/2026-01-16_limitups.pkl,True,177
603061,PASS,,,,,FEATURE_RECONSTRUCTION,,,,603061_2026-01-20,2026-01-20,2026-01-19,data/cache/daily/603061_daily.pkl,data/cache/baostock_5m/603061_5min.pkl,data/cache/limit_ups/2026-01-20_limitups.pkl|data/cache/limit_ups/2026-01-19_limitups.pkl|data/cache/limit_ups/2026-01-16_limitups.pkl,True,177
603667,PASS,,,,,FEATURE_RECONSTRUCTION,,,,603667_2026-01-20,2026-01-20,2026-01-19,data/cache/daily/603667_daily.pkl,data/cache/baostock_5m/603667_5min.pkl,data/cache/limit_ups/2026-01-20_limitups.pkl|data/cache/limit_ups/2026-01-19_limitups.pkl|data/cache/limit_ups/2026-01-16_limitups.pkl,True,177
000949,PASS,,,,,FEATURE_RECONSTRUCTION,,,,000949_2026-01-21,2026-01-21,2026-01-20,data/cache/daily_unadjusted/000949_daily.pkl,data/cache/baostock_5m/000949_5min.pkl,data/cache/limit_ups/2026-01-21_limitups.pkl|data/cache/limit_ups/2026-01-20_limitups.pkl|data/cache/limit_ups/2026-01-19_limitups.pkl,True,201
002201,PASS,,,,,FEATURE_RECONSTRUCTION,,,,002201_2026-01-21,2026-01-21,2026-01-20,data/cache/daily/002201_daily.pkl,data/cache/baostock_5m/002201_5min.pkl,data/cache/limit_ups/2026-01-21_limitups.pkl|data/cache/limit_ups/2026-01-20_limitups.pkl|data/cache/limit_ups/2026-01-19_limitups.pkl,True,201
002358,PASS,,,,,FEATURE_RECONSTRUCTION,,,,002358_2026-01-21,2026-01-21,2026-01-20,data/cache/daily/002358_daily.pkl,data/cache/baostock_5m/002358_5min.pkl,data/cache/limit_ups/2026-01-21_limitups.pkl|data/cache/limit_ups/2026-01-20_limitups.pkl|data/cache/limit_ups/2026-01-19_limitups.pkl,True,201
002498,PASS,,,,,FEATURE_RECONSTRUCTION,,,,002498_2026-01-21,2026-01-21,2026-01-20,data/cache/daily/002498_daily.pkl,data/cache/baostock_5m/002498_5min.pkl,data/cache/limit_ups/2026-01-21_limitups.pkl|data/cache/limit_ups/2026-01-20_limitups.pkl|data/cache/limit_ups/2026-01-19_limitups.pkl,True,201
002546,PASS,,,,,FEATURE_RECONSTRUCTION,,,,002546_2026-01-21,2026-01-21,2026-01-20,data/cache/daily/002546_daily.pkl,data/cache/baostock_5m/002546_5min.pkl,data/cache/limit_ups/2026-01-21_limitups.pkl|data/cache/limit_ups/2026-01-20_limitups.pkl|data/cache/limit_ups/2026-01-19_limitups.pkl,True,201
002969,PASS,,,,,FEATURE_RECONSTRUCTION,,,,002969_2026-01-21,2026-01-21,2026-01-20,data/cache/daily/002969_daily.pkl,data/cache/baostock_5m/002969_5min.pkl,data/cache/limit_ups/2026-01-21_limitups.pkl|data/cache/limit_ups/2026-01-20_limitups.pkl|data/cache/limit_ups/2026-01-19_limitups.pkl,True,201
600230,PASS,,,,,FEATURE_RECONSTRUCTION,,,,600230_2026-01-21,2026-01-21,2026-01-20,data/cache/daily/600230_daily.pkl,data/cache/baostock_5m/600230_5min.pkl,data/cache/limit_ups/2026-01-21_limitups.pkl|data/cache/limit_ups/2026-01-20_limitups.pkl|data/cache/limit_ups/2026-01-19_limitups.pkl,True,201
600391,PASS,,,,,FEATURE_RECONSTRUCTION,,,,600391_2026-01-21,2026-01-21,2026-01-20,data/cache/daily/600391_daily.pkl,data/cache/baostock_5m/600391_5min.pkl,data/cache/limit_ups/2026-01-21_limitups.pkl|data/cache/limit_ups/2026-01-20_limitups.pkl|data/cache/limit_ups/2026-01-19_limitups.pkl,True,201
600774,PASS,,,,,FEATURE_RECONSTRUCTION,,,,600774_2026-01-21,2026-01-21,2026-01-20,data/cache/daily_unadjusted/600774_daily.pkl,data/cache/baostock_5m/600774_5min.pkl,data/cache/limit_ups/2026-01-21_limitups.pkl|data/cache/limit_ups/2026-01-20_limitups.pkl|data/cache/limit_ups/2026-01-19_limitups.pkl,True,201
000048,PASS,,,,,FEATURE_RECONSTRUCTION,,,,000048_2026-01-22,2026-01-22,2026-01-21,data/cache/daily/000048_daily.pkl,data/cache/baostock_5m/000048_5min.pkl,data/cache/limit_ups/2026-01-22_limitups.pkl|data/cache/limit_ups/2026-01-21_limitups.pkl|data/cache/limit_ups/2026-01-20_limitups.pkl|data/cache/limit_ups/2026-01-19_limitups.pkl,True,265
000506,PASS,,,,,FEATURE_RECONSTRUCTION,,,,000506_2026-01-22,2026-01-22,2026-01-21,data/cache/daily/000506_daily.pkl,data/cache/baostock_5m/000506_5min.pkl,data/cache/limit_ups/2026-01-22_limitups.pkl|data/cache/limit_ups/2026-01-21_limitups.pkl|data/cache/limit_ups/2026-01-20_limitups.pkl|data/cache/limit_ups/2026-01-19_limitups.pkl,True,265
002165,PASS,,,,,FEATURE_RECONSTRUCTION,,,,002165_2026-01-22,2026-01-22,2026-01-21,data/cache/daily/002165_daily.pkl,data/cache/baostock_5m/002165_5min.pkl,data/cache/limit_ups/2026-01-22_limitups.pkl|data/cache/limit_ups/2026-01-21_limitups.pkl|data/cache/limit_ups/2026-01-20_limitups.pkl|data/cache/limit_ups/2026-01-19_limitups.pkl,True,265
002809,PASS,,,,,FEATURE_RECONSTRUCTION,,,,002809_2026-01-22,2026-01-22,2026-01-21,data/cache/daily/002809_daily.pkl,data/cache/baostock_5m/002809_5min.pkl,data/cache/limit_ups/2026-01-22_limitups.pkl|data/cache/limit_ups/2026-01-21_limitups.pkl|data/cache/limit_ups/2026-01-20_limitups.pkl|data/cache/limit_ups/2026-01-19_limitups.pkl,True,265
603926,PASS,,,,,FEATURE_RECONSTRUCTION,,,,603926_2026-01-22,2026-01-22,2026-01-21,data/cache/daily/603926_daily.pkl,data/cache/baostock_5m/603926_5min.pkl,data/cache/limit_ups/2026-01-22_limitups.pkl|data/cache/limit_ups/2026-01-21_limitups.pkl|data/cache/limit_ups/2026-01-20_limitups.pkl|data/cache/limit_ups/2026-01-19_limitups.pkl,True,265
000036,PASS,,,,,FEATURE_RECONSTRUCTION,,,,000036_2026-01-23,2026-01-23,2026-01-22,data/cache/daily/000036_daily.pkl,data/cache/baostock_5m/000036_5min.pkl,data/cache/limit_ups/2026-01-23_limitups.pkl|data/cache/limit_ups/2026-01-22_limitups.pkl|data/cache/limit_ups/2026-01-21_limitups.pkl|data/cache/limit_ups/2026-01-20_limitups.pkl|data/cache/limit_ups/2026-01-19_limitups.pkl,True,344
000670,PASS,,,,,FEATURE_RECONSTRUCTION,,,,000670_2026-01-23,2026-01-23,2026-01-22,data/cache/daily/000670_daily.pkl,data/cache/baostock_5m/000670_5min.pkl,data/cache/limit_ups/2026-01-23_limitups.pkl|data/cache/limit_ups/2026-01-22_limitups.pkl|data/cache/limit_ups/2026-01-21_limitups.pkl|data/cache/limit_ups/2026-01-20_limitups.pkl|data/cache/limit_ups/2026-01-19_limitups.pkl,True,344
000880,PASS,,,,,FEATURE_RECONSTRUCTION,,,,000880_2026-01-23,2026-01-23,2026-01-22,data/cache/daily/000880_daily.pkl,data/cache/baostock_5m/000880_5min.pkl,data/cache/limit_ups/2026-01-23_limitups.pkl|data/cache/limit_ups/2026-01-22_limitups.pkl|data/cache/limit_ups/2026-01-21_limitups.pkl|data/cache/limit_ups/2026-01-20_limitups.pkl|data/cache/limit_ups/2026-01-19_limitups.pkl,True,344
001202,PASS,,,,,FEATURE_RECONSTRUCTION,,,,001202_2026-01-23,2026-01-23,2026-01-22,data/cache/daily_unadjusted/001202_daily.pkl,data/cache/baostock_5m/001202_5min.pkl,data/cache/limit_ups/2026-01-23_limitups.pkl|data/cache/limit_ups/2026-01-22_limitups.pkl|data/cache/limit_ups/2026-01-21_limitups.pkl|data/cache/limit_ups/2026-01-20_limitups.pkl|data/cache/limit_ups/2026-01-19_limitups.pkl,True,344
001389,PASS,,,,,FEATURE_RECONSTRUCTION,,,,001389_2026-01-23,2026-01-23,2026-01-22,data/cache/daily/001389_daily.pkl,data/cache/baostock_5m/001389_5min.pkl,data/cache/limit_ups/2026-01-23_limitups.pkl|data/cache/limit_ups/2026-01-22_limitups.pkl|data/cache/limit_ups/2026-01-21_limitups.pkl|data/cache/limit_ups/2026-01-20_limitups.pkl|data/cache/limit_ups/2026-01-19_limitups.pkl,True,344
002279,PASS,,,,,FEATURE_RECONSTRUCTION,,,,002279_2026-01-23,2026-01-23,2026-01-22,data/cache/daily/002279_daily.pkl,data/cache/baostock_5m/002279_5min.pkl,data/cache/limit_ups/2026-01-23_limitups.pkl|data/cache/limit_ups/2026-01-22_limitups.pkl|data/cache/limit_ups/2026-01-21_limitups.pkl|data/cache/limit_ups/2026-01-20_limitups.pkl|data/cache/limit_ups/2026-01-19_limitups.pkl,True,344
002716,PASS,,,,,FEATURE_RECONSTRUCTION,,,,002716_2026-01-23,2026-01-23,2026-01-22,data/cache/daily_unadjusted/002716_daily.pkl,data/cache/baostock_5m/002716_5min.pkl,data/cache/limit_ups/2026-01-23_limitups.pkl|data/cache/limit_ups/2026-01-22_limitups.pkl|data/cache/limit_ups/2026-01-21_limitups.pkl|data/cache/limit_ups/2026-01-20_limitups.pkl|data/cache/limit_ups/2026-01-19_limitups.pkl,True,344
600770,PASS,,,,,FEATURE_RECONSTRUCTION,,,,600770_2026-01-23,2026-01-23,2026-01-22,data/cache/daily/600770_daily.pkl,data/cache/baostock_5m/600770_5min.pkl,data/cache/limit_ups/2026-01-23_limitups.pkl|data/cache/limit_ups/2026-01-22_limitups.pkl|data/cache/limit_ups/2026-01-21_limitups.pkl|data/cache/limit_ups/2026-01-20_limitups.pkl|data/cache/limit_ups/2026-01-19_limitups.pkl,True,344
600868,PASS,,,,,FEATURE_RECONSTRUCTION,,,,600868_2026-01-23,2026-01-23,2026-01-22,data/cache/daily/600868_daily.pkl,data/cache/baostock_5m/600868_5min.pkl,data/cache/limit_ups/2026-01-23_limitups.pkl|data/cache/limit_ups/2026-01-22_limitups.pkl|data/cache/limit_ups/2026-01-21_limitups.pkl|data/cache/limit_ups/2026-01-20_limitups.pkl|data/cache/limit_ups/2026-01-19_limitups.pkl,True,344
603040,PASS,,,,,FEATURE_RECONSTRUCTION,,,,603040_2026-01-23,2026-01-23,2026-01-22,data/cache/daily/603040_daily.pkl,data/cache/baostock_5m/603040_5min.pkl,data/cache/limit_ups/2026-01-23_limitups.pkl|data/cache/limit_ups/2026-01-22_limitups.pkl|data/cache/limit_ups/2026-01-21_limitups.pkl|data/cache/limit_ups/2026-01-20_limitups.pkl|data/cache/limit_ups/2026-01-19_limitups.pkl,True,344
603256,PASS,,,,,FEATURE_RECONSTRUCTION,,,,603256_2026-01-23,2026-01-23,2026-01-22,data/cache/daily/603256_daily.pkl,data/cache/baostock_5m/603256_5min.pkl,data/cache/limit_ups/2026-01-23_limitups.pkl|data/cache/limit_ups/2026-01-22_limitups.pkl|data/cache/limit_ups/2026-01-21_limitups.pkl|data/cache/limit_ups/2026-01-20_limitups.pkl|data/cache/limit_ups/2026-01-19_limitups.pkl,True,344
603608,PASS,,,,,FEATURE_RECONSTRUCTION,,,,603608_2026-01-23,2026-01-23,2026-01-22,data/cache/daily/603608_daily.pkl,data/cache/baostock_5m/603608_5min.pkl,data/cache/limit_ups/2026-01-23_limitups.pkl|data/cache/limit_ups/2026-01-22_limitups.pkl|data/cache/limit_ups/2026-01-21_limitups.pkl|data/cache/limit_ups/2026-01-20_limitups.pkl|data/cache/limit_ups/2026-01-19_limitups.pkl,True,344
001316,PASS,,,,,FEATURE_RECONSTRUCTION,,,,001316_2026-01-26,2026-01-26,2026-01-23,data/cache/daily/001316_daily.pkl,data/cache/baostock_5m/001316_5min.pkl,data/cache/limit_ups/2026-01-26_limitups.pkl|data/cache/limit_ups/2026-01-23_limitups.pkl|data/cache/limit_ups/2026-01-22_limitups.pkl,True,201
002149,PASS,,,,,FEATURE_RECONSTRUCTION,,,,002149_2026-01-26,2026-01-26,2026-01-23,data/cache/daily/002149_daily.pkl,data/cache/baostock_5m/002149_5min.pkl,data/cache/limit_ups/2026-01-26_limitups.pkl|data/cache/limit_ups/2026-01-23_limitups.pkl|data/cache/limit_ups/2026-01-22_limitups.pkl,True,201
002342,PASS,,,,,FEATURE_RECONSTRUCTION,,,,002342_2026-01-26,2026-01-26,2026-01-23,data/cache/daily/002342_daily.pkl,data/cache/baostock_5m/002342_5min.pkl,data/cache/limit_ups/2026-01-26_limitups.pkl|data/cache/limit_ups/2026-01-23_limitups.pkl|data/cache/limit_ups/2026-01-22_limitups.pkl,True,201
002471,PASS,,,,,FEATURE_RECONSTRUCTION,,,,002471_2026-01-26,2026-01-26,2026-01-23,data/cache/daily/002471_daily.pkl,data/cache/baostock_5m/002471_5min.pkl,data/cache/limit_ups/2026-01-26_limitups.pkl|data/cache/limit_ups/2026-01-23_limitups.pkl|data/cache/limit_ups/2026-01-22_limitups.pkl,True,201
002636,PASS,,,,,FEATURE_RECONSTRUCTION,,,,002636_2026-01-26,2026-01-26,2026-01-23,data/cache/daily/002636_daily.pkl,data/cache/baostock_5m/002636_5min.pkl,data/cache/limit_ups/2026-01-26_limitups.pkl|data/cache/limit_ups/2026-01-23_limitups.pkl|data/cache/limit_ups/2026-01-22_limitups.pkl,True,201
002865,PASS,,,,,FEATURE_RECONSTRUCTION,,,,002865_2026-01-26,2026-01-26,2026-01-23,data/cache/daily/002865_daily.pkl,data/cache/baostock_5m/002865_5min.pkl,data/cache/limit_ups/2026-01-26_limitups.pkl|data/cache/limit_ups/2026-01-23_limitups.pkl|data/cache/limit_ups/2026-01-22_limitups.pkl,True,201
002943,PASS,,,,,FEATURE_RECONSTRUCTION,,,,002943_2026-01-26,2026-01-26,2026-01-23,data/cache/daily/002943_daily.pkl,data/cache/baostock_5m/002943_5min.pkl,data/cache/limit_ups/2026-01-26_limitups.pkl|data/cache/limit_ups/2026-01-23_limitups.pkl|data/cache/limit_ups/2026-01-22_limitups.pkl,True,201
603095,PASS,,,,,FEATURE_RECONSTRUCTION,,,,603095_2026-01-26,2026-01-26,2026-01-23,data/cache/daily/603095_daily.pkl,data/cache/baostock_5m/603095_5min.pkl,data/cache/limit_ups/2026-01-26_limitups.pkl|data/cache/limit_ups/2026-01-23_limitups.pkl|data/cache/limit_ups/2026-01-22_limitups.pkl,True,201
000593,PASS,,,,,FEATURE_RECONSTRUCTION,,,,000593_2026-01-27,2026-01-27,2026-01-26,data/cache/daily/000593_daily.pkl,data/cache/baostock_5m/000593_5min.pkl,data/cache/limit_ups/2026-01-27_limitups.pkl|data/cache/limit_ups/2026-01-26_limitups.pkl|data/cache/limit_ups/2026-01-23_limitups.pkl,True,183
000603,PASS,,,,,FEATURE_RECONSTRUCTION,,,,000603_2026-01-27,2026-01-27,2026-01-26,data/cache/daily/000603_daily.pkl,data/cache/baostock_5m/000603_5min.pkl,data/cache/limit_ups/2026-01-27_limitups.pkl|data/cache/limit_ups/2026-01-26_limitups.pkl|data/cache/limit_ups/2026-01-23_limitups.pkl,True,183
000630,PASS,,,,,FEATURE_RECONSTRUCTION,,,,000630_2026-01-27,2026-01-27,2026-01-26,data/cache/daily/000630_daily.pkl,data/cache/baostock_5m/000630_5min.pkl,data/cache/limit_ups/2026-01-27_limitups.pkl|data/cache/limit_ups/2026-01-26_limitups.pkl|data/cache/limit_ups/2026-01-23_limitups.pkl,True,183
000751,PASS,,,,,FEATURE_RECONSTRUCTION,,,,000751_2026-01-27,2026-01-27,2026-01-26,data/cache/daily/000751_daily.pkl,data/cache/baostock_5m/000751_5min.pkl,data/cache/limit_ups/2026-01-27_limitups.pkl|data/cache/limit_ups/2026-01-26_limitups.pkl|data/cache/limit_ups/2026-01-23_limitups.pkl,True,183
002506,PASS,,,,,FEATURE_RECONSTRUCTION,,,,002506_2026-01-27,2026-01-27,2026-01-26,data/cache/daily/002506_daily.pkl,data/cache/baostock_5m/002506_5min.pkl,data/cache/limit_ups/2026-01-27_limitups.pkl|data/cache/limit_ups/2026-01-26_limitups.pkl|data/cache/limit_ups/2026-01-23_limitups.pkl,True,183
002623,PASS,,,,,FEATURE_RECONSTRUCTION,,,,002623_2026-01-27,2026-01-27,2026-01-26,data/cache/daily/002623_daily.pkl,data/cache/baostock_5m/002623_5min.pkl,data/cache/limit_ups/2026-01-27_limitups.pkl|data/cache/limit_ups/2026-01-26_limitups.pkl|data/cache/limit_ups/2026-01-23_limitups.pkl,True,183
600986,PASS,,,,,FEATURE_RECONSTRUCTION,,,,600986_2026-01-27,2026-01-27,2026-01-26,data/cache/daily/600986_daily.pkl,data/cache/baostock_5m/600986_5min.pkl,data/cache/limit_ups/2026-01-27_limitups.pkl|data/cache/limit_ups/2026-01-26_limitups.pkl|data/cache/limit_ups/2026-01-23_limitups.pkl,True,183
601615,PASS,,,,,FEATURE_RECONSTRUCTION,,,,601615_2026-01-27,2026-01-27,2026-01-26,data/cache/daily_unadjusted/601615_daily.pkl,data/cache/baostock_5m/601615_5min.pkl,data/cache/limit_ups/2026-01-27_limitups.pkl|data/cache/limit_ups/2026-01-26_limitups.pkl|data/cache/limit_ups/2026-01-23_limitups.pkl,True,183
002009,PASS,,,,,FEATURE_RECONSTRUCTION,,,,002009_2026-01-28,2026-01-28,2026-01-27,data/cache/daily/002009_daily.pkl,data/cache/baostock_5m/002009_5min.pkl,data/cache/limit_ups/2026-01-28_limitups.pkl|data/cache/limit_ups/2026-01-27_limitups.pkl|data/cache/limit_ups/2026-01-26_limitups.pkl,True,176
002030,PASS,,,,,FEATURE_RECONSTRUCTION,,,,002030_2026-01-28,2026-01-28,2026-01-27,data/cache/daily/002030_daily.pkl,data/cache/baostock_5m/002030_5min.pkl,data/cache/limit_ups/2026-01-28_limitups.pkl|data/cache/limit_ups/2026-01-27_limitups.pkl|data/cache/limit_ups/2026-01-26_limitups.pkl,True,176
002218,PASS,,,,,FEATURE_RECONSTRUCTION,,,,002218_2026-01-28,2026-01-28,2026-01-27,data/cache/daily/002218_daily.pkl,data/cache/baostock_5m/002218_5min.pkl,data/cache/limit_ups/2026-01-28_limitups.pkl|data/cache/limit_ups/2026-01-27_limitups.pkl|data/cache/limit_ups/2026-01-26_limitups.pkl,True,176
002524,PASS,,,,,FEATURE_RECONSTRUCTION,,,,002524_2026-01-28,2026-01-28,2026-01-27,data/cache/daily/002524_daily.pkl,data/cache/baostock_5m/002524_5min.pkl,data/cache/limit_ups/2026-01-28_limitups.pkl|data/cache/limit_ups/2026-01-27_limitups.pkl|data/cache/limit_ups/2026-01-26_limitups.pkl,True,176
002995,PASS,,,,,FEATURE_RECONSTRUCTION,,,,002995_2026-01-28,2026-01-28,2026-01-27,data/cache/daily/002995_daily.pkl,data/cache/baostock_5m/002995_5min.pkl,data/cache/limit_ups/2026-01-28_limitups.pkl|data/cache/limit_ups/2026-01-27_limitups.pkl|data/cache/limit_ups/2026-01-26_limitups.pkl,True,176
002119,PASS,,,,,FEATURE_RECONSTRUCTION,,,,002119_2026-01-29,2026-01-29,2026-01-28,data/cache/daily/002119_daily.pkl,data/cache/baostock_5m/002119_5min.pkl,data/cache/limit_ups/2026-01-29_limitups.pkl|data/cache/limit_ups/2026-01-28_limitups.pkl|data/cache/limit_ups/2026-01-27_limitups.pkl|data/cache/limit_ups/2026-01-26_limitups.pkl,True,252
603052,PASS,,,,,FEATURE_RECONSTRUCTION,,,,603052_2026-01-29,2026-01-29,2026-01-28,data/cache/daily/603052_daily.pkl,data/cache/baostock_5m/603052_5min.pkl,data/cache/limit_ups/2026-01-29_limitups.pkl|data/cache/limit_ups/2026-01-28_limitups.pkl|data/cache/limit_ups/2026-01-27_limitups.pkl|data/cache/limit_ups/2026-01-26_limitups.pkl,True,252
603132,PASS,,,,,FEATURE_RECONSTRUCTION,,,,603132_2026-01-29,2026-01-29,2026-01-28,data/cache/daily_unadjusted/603132_daily.pkl,data/cache/baostock_5m/603132_5min.pkl,data/cache/limit_ups/2026-01-29_limitups.pkl|data/cache/limit_ups/2026-01-28_limitups.pkl|data/cache/limit_ups/2026-01-27_limitups.pkl|data/cache/limit_ups/2026-01-26_limitups.pkl,True,252
000630,PASS,,,,,FEATURE_RECONSTRUCTION,,,,000630_2026-01-30,2026-01-30,2026-01-29,data/cache/daily/000630_daily.pkl,data/cache/baostock_5m/000630_5min.pkl,data/cache/limit_ups/2026-01-30_limitups.pkl|data/cache/limit_ups/2026-01-29_limitups.pkl|data/cache/limit_ups/2026-01-28_limitups.pkl|data/cache/limit_ups/2026-01-27_limitups.pkl|data/cache/limit_ups/2026-01-26_limitups.pkl,True,293
000737,PASS,,,,,FEATURE_RECONSTRUCTION,,,,000737_2026-01-30,2026-01-30,2026-01-29,data/cache/daily/000737_daily.pkl,data/cache/baostock_5m/000737_5min.pkl,data/cache/limit_ups/2026-01-30_limitups.pkl|data/cache/limit_ups/2026-01-29_limitups.pkl|data/cache/limit_ups/2026-01-28_limitups.pkl|data/cache/limit_ups/2026-01-27_limitups.pkl|data/cache/limit_ups/2026-01-26_limitups.pkl,True,293
000878,PASS,,,,,FEATURE_RECONSTRUCTION,,,,000878_2026-01-30,2026-01-30,2026-01-29,data/cache/daily_unadjusted/000878_daily.pkl,data/cache/baostock_5m/000878_5min.pkl,data/cache/limit_ups/2026-01-30_limitups.pkl|data/cache/limit_ups/2026-01-29_limitups.pkl|data/cache/limit_ups/2026-01-28_limitups.pkl|data/cache/limit_ups/2026-01-27_limitups.pkl|data/cache/limit_ups/2026-01-26_limitups.pkl,True,293
001376,PASS,,,,,FEATURE_RECONSTRUCTION,,,,001376_2026-01-30,2026-01-30,2026-01-29,data/cache/daily/001376_daily.pkl,data/cache/baostock_5m/001376_5min.pkl,data/cache/limit_ups/2026-01-30_limitups.pkl|data/cache/limit_ups/2026-01-29_limitups.pkl|data/cache/limit_ups/2026-01-28_limitups.pkl|data/cache/limit_ups/2026-01-27_limitups.pkl|data/cache/limit_ups/2026-01-26_limitups.pkl,True,293
002440,PASS,,,,,FEATURE_RECONSTRUCTION,,,,002440_2026-01-30,2026-01-30,2026-01-29,data/cache/daily/002440_daily.pkl,data/cache/baostock_5m/002440_5min.pkl,data/cache/limit_ups/2026-01-30_limitups.pkl|data/cache/limit_ups/2026-01-29_limitups.pkl|data/cache/limit_ups/2026-01-28_limitups.pkl|data/cache/limit_ups/2026-01-27_limitups.pkl|data/cache/limit_ups/2026-01-26_limitups.pkl,True,293
600871,PASS,,,,,FEATURE_RECONSTRUCTION,,,,600871_2026-01-30,2026-01-30,2026-01-29,data/cache/daily_unadjusted/600871_daily.pkl,data/cache/baostock_5m/600871_5min.pkl,data/cache/limit_ups/2026-01-30_limitups.pkl|data/cache/limit_ups/2026-01-29_limitups.pkl|data/cache/limit_ups/2026-01-28_limitups.pkl|data/cache/limit_ups/2026-01-27_limitups.pkl|data/cache/limit_ups/2026-01-26_limitups.pkl,True,293
601069,PASS,,,,,FEATURE_RECONSTRUCTION,,,,601069_2026-01-30,2026-01-30,2026-01-29,data/cache/daily/601069_daily.pkl,data/cache/baostock_5m/601069_5min.pkl,data/cache/limit_ups/2026-01-30_limitups.pkl|data/cache/limit_ups/2026-01-29_limitups.pkl|data/cache/limit_ups/2026-01-28_limitups.pkl|data/cache/limit_ups/2026-01-27_limitups.pkl|data/cache/limit_ups/2026-01-26_limitups.pkl,True,293
601388,PASS,,,,,FEATURE_RECONSTRUCTION,,,,601388_2026-01-30,2026-01-30,2026-01-29,data/cache/daily_unadjusted/601388_daily.pkl,data/cache/baostock_5m/601388_5min.pkl,data/cache/limit_ups/2026-01-30_limitups.pkl|data/cache/limit_ups/2026-01-29_limitups.pkl|data/cache/limit_ups/2026-01-28_limitups.pkl|data/cache/limit_ups/2026-01-27_limitups.pkl|data/cache/limit_ups/2026-01-26_limitups.pkl,True,293
603619,PASS,,,,,FEATURE_RECONSTRUCTION,,,,603619_2026-01-30,2026-01-30,2026-01-29,data/cache/daily/603619_daily.pkl,data/cache/baostock_5m/603619_5min.pkl,data/cache/limit_ups/2026-01-30_limitups.pkl|data/cache/limit_ups/2026-01-29_limitups.pkl|data/cache/limit_ups/2026-01-28_limitups.pkl|data/cache/limit_ups/2026-01-27_limitups.pkl|data/cache/limit_ups/2026-01-26_limitups.pkl,True,293
603958,PASS,,,,,FEATURE_RECONSTRUCTION,,,,603958_2026-01-30,2026-01-30,2026-01-29,data/cache/daily_unadjusted/603958_daily.pkl,data/cache/baostock_5m/603958_5min.pkl,data/cache/limit_ups/2026-01-30_limitups.pkl|data/cache/limit_ups/2026-01-29_limitups.pkl|data/cache/limit_ups/2026-01-28_limitups.pkl|data/cache/limit_ups/2026-01-27_limitups.pkl|data/cache/limit_ups/2026-01-26_limitups.pkl,True,293
002455,PASS,,,,,FEATURE_RECONSTRUCTION,,,,002455_2026-02-02,2026-02-02,2026-01-30,data/cache/daily_unadjusted/002455_daily.pkl,data/cache/baostock_5m/002455_5min.pkl,data/cache/limit_ups/2026-02-02_limitups.pkl|data/cache/limit_ups/2026-01-30_limitups.pkl|data/cache/limit_ups/2026-01-29_limitups.pkl,True,149
002995,PASS,,,,,FEATURE_RECONSTRUCTION,,,,002995_2026-02-02,2026-02-02,2026-01-30,data/cache/daily/002995_daily.pkl,data/cache/baostock_5m/002995_5min.pkl,data/cache/limit_ups/2026-02-02_limitups.pkl|data/cache/limit_ups/2026-01-30_limitups.pkl|data/cache/limit_ups/2026-01-29_limitups.pkl,True,149
002491,PASS,,,,,FEATURE_RECONSTRUCTION,,,,002491_2026-02-03,2026-02-03,2026-02-02,data/cache/daily/002491_daily.pkl,data/cache/baostock_5m/002491_5min.pkl,data/cache/limit_ups/2026-02-03_limitups.pkl|data/cache/limit_ups/2026-02-02_limitups.pkl|data/cache/limit_ups/2026-01-30_limitups.pkl,True,134
600828,PASS,,,,,FEATURE_RECONSTRUCTION,,,,600828_2026-02-03,2026-02-03,2026-02-02,data/cache/daily/600828_daily.pkl,data/cache/baostock_5m/600828_5min.pkl,data/cache/limit_ups/2026-02-03_limitups.pkl|data/cache/limit_ups/2026-02-02_limitups.pkl|data/cache/limit_ups/2026-01-30_limitups.pkl,True,134
603629,PASS,,,,,FEATURE_RECONSTRUCTION,,,,603629_2026-02-03,2026-02-03,2026-02-02,data/cache/daily/603629_daily.pkl,data/cache/baostock_5m/603629_5min.pkl,data/cache/limit_ups/2026-02-03_limitups.pkl|data/cache/limit_ups/2026-02-02_limitups.pkl|data/cache/limit_ups/2026-01-30_limitups.pkl,True,134
603861,PASS,,,,,FEATURE_RECONSTRUCTION,,,,603861_2026-02-03,2026-02-03,2026-02-02,data/cache/daily/603861_daily.pkl,data/cache/baostock_5m/603861_5min.pkl,data/cache/limit_ups/2026-02-03_limitups.pkl|data/cache/limit_ups/2026-02-02_limitups.pkl|data/cache/limit_ups/2026-01-30_limitups.pkl,True,134
605151,PASS,,,,,FEATURE_RECONSTRUCTION,,,,605151_2026-02-03,2026-02-03,2026-02-02,data/cache/daily/605151_daily.pkl,data/cache/baostock_5m/605151_5min.pkl,data/cache/limit_ups/2026-02-03_limitups.pkl|data/cache/limit_ups/2026-02-02_limitups.pkl|data/cache/limit_ups/2026-01-30_limitups.pkl,True,134
002112,PASS,,,,,FEATURE_RECONSTRUCTION,,,,002112_2026-02-04,2026-02-04,2026-02-03,data/cache/daily/002112_daily.pkl,data/cache/baostock_5m/002112_5min.pkl,data/cache/limit_ups/2026-02-04_limitups.pkl|data/cache/limit_ups/2026-02-03_limitups.pkl|data/cache/limit_ups/2026-02-02_limitups.pkl,True,150
002471,PASS,,,,,FEATURE_RECONSTRUCTION,,,,002471_2026-02-04,2026-02-04,2026-02-03,data/cache/daily/002471_daily.pkl,data/cache/baostock_5m/002471_5min.pkl,data/cache/limit_ups/2026-02-04_limitups.pkl|data/cache/limit_ups/2026-02-03_limitups.pkl|data/cache/limit_ups/2026-02-02_limitups.pkl,True,150
600785,PASS,,,,,FEATURE_RECONSTRUCTION,,,,600785_2026-02-04,2026-02-04,2026-02-03,data/cache/daily/600785_daily.pkl,data/cache/baostock_5m/600785_5min.pkl,data/cache/limit_ups/2026-02-04_limitups.pkl|data/cache/limit_ups/2026-02-03_limitups.pkl|data/cache/limit_ups/2026-02-02_limitups.pkl,True,150
000039,PASS,,,,,FEATURE_RECONSTRUCTION,,,,000039_2026-02-05,2026-02-05,2026-02-04,data/cache/daily_unadjusted/000039_daily.pkl,data/cache/baostock_5m/000039_5min.pkl,data/cache/limit_ups/2026-02-05_limitups.pkl|data/cache/limit_ups/2026-02-04_limitups.pkl|data/cache/limit_ups/2026-02-03_limitups.pkl|data/cache/limit_ups/2026-02-02_limitups.pkl,True,187
000533,PASS,,,,,FEATURE_RECONSTRUCTION,,,,000533_2026-02-05,2026-02-05,2026-02-04,data/cache/daily/000533_daily.pkl,data/cache/baostock_5m/000533_5min.pkl,data/cache/limit_ups/2026-02-05_limitups.pkl|data/cache/limit_ups/2026-02-04_limitups.pkl|data/cache/limit_ups/2026-02-03_limitups.pkl|data/cache/limit_ups/2026-02-02_limitups.pkl,True,187
002126,PASS,,,,,FEATURE_RECONSTRUCTION,,,,002126_2026-02-05,2026-02-05,2026-02-04,data/cache/daily/002126_daily.pkl,data/cache/baostock_5m/002126_5min.pkl,data/cache/limit_ups/2026-02-05_limitups.pkl|data/cache/limit_ups/2026-02-04_limitups.pkl|data/cache/limit_ups/2026-02-03_limitups.pkl|data/cache/limit_ups/2026-02-02_limitups.pkl,True,187
002342,PASS,,,,,FEATURE_RECONSTRUCTION,,,,002342_2026-02-05,2026-02-05,2026-02-04,data/cache/daily/002342_daily.pkl,data/cache/baostock_5m/002342_5min.pkl,data/cache/limit_ups/2026-02-05_limitups.pkl|data/cache/limit_ups/2026-02-04_limitups.pkl|data/cache/limit_ups/2026-02-03_limitups.pkl|data/cache/limit_ups/2026-02-02_limitups.pkl,True,187
600330,PASS,,,,,FEATURE_RECONSTRUCTION,,,,600330_2026-02-05,2026-02-05,2026-02-04,data/cache/daily/600330_daily.pkl,data/cache/baostock_5m/600330_5min.pkl,data/cache/limit_ups/2026-02-05_limitups.pkl|data/cache/limit_ups/2026-02-04_limitups.pkl|data/cache/limit_ups/2026-02-03_limitups.pkl|data/cache/limit_ups/2026-02-02_limitups.pkl,True,187
600481,PASS,,,,,FEATURE_RECONSTRUCTION,,,,600481_2026-02-05,2026-02-05,2026-02-04,data/cache/daily/600481_daily.pkl,data/cache/baostock_5m/600481_5min.pkl,data/cache/limit_ups/2026-02-05_limitups.pkl|data/cache/limit_ups/2026-02-04_limitups.pkl|data/cache/limit_ups/2026-02-03_limitups.pkl|data/cache/limit_ups/2026-02-02_limitups.pkl,True,187
603778,PASS,,,,,FEATURE_RECONSTRUCTION,,,,603778_2026-02-05,2026-02-05,2026-02-04,data/cache/daily/603778_daily.pkl,data/cache/baostock_5m/603778_5min.pkl,data/cache/limit_ups/2026-02-05_limitups.pkl|data/cache/limit_ups/2026-02-04_limitups.pkl|data/cache/limit_ups/2026-02-03_limitups.pkl|data/cache/limit_ups/2026-02-02_limitups.pkl,True,187
002355,PASS,,,,,FEATURE_RECONSTRUCTION,,,,002355_2026-02-06,2026-02-06,2026-02-05,data/cache/daily/002355_daily.pkl,data/cache/baostock_5m/002355_5min.pkl,data/cache/limit_ups/2026-02-06_limitups.pkl|data/cache/limit_ups/2026-02-05_limitups.pkl|data/cache/limit_ups/2026-02-04_limitups.pkl|data/cache/limit_ups/2026-02-03_limitups.pkl|data/cache/limit_ups/2026-02-02_limitups.pkl,True,236
600683,PASS,,,,,FEATURE_RECONSTRUCTION,,,,600683_2026-02-06,2026-02-06,2026-02-05,data/cache/daily/600683_daily.pkl,data/cache/baostock_5m/600683_5min.pkl,data/cache/limit_ups/2026-02-06_limitups.pkl|data/cache/limit_ups/2026-02-05_limitups.pkl|data/cache/limit_ups/2026-02-04_limitups.pkl|data/cache/limit_ups/2026-02-03_limitups.pkl|data/cache/limit_ups/2026-02-02_limitups.pkl,True,236
601015,PASS,,,,,FEATURE_RECONSTRUCTION,,,,601015_2026-02-06,2026-02-06,2026-02-05,data/cache/daily_unadjusted/601015_daily.pkl,data/cache/baostock_5m/601015_5min.pkl,data/cache/limit_ups/2026-02-06_limitups.pkl|data/cache/limit_ups/2026-02-05_limitups.pkl|data/cache/limit_ups/2026-02-04_limitups.pkl|data/cache/limit_ups/2026-02-03_limitups.pkl|data/cache/limit_ups/2026-02-02_limitups.pkl,True,236
603334,PASS,,,,,FEATURE_RECONSTRUCTION,,,,603334_2026-02-06,2026-02-06,2026-02-05,data/cache/daily_unadjusted/603334_daily.pkl,data/cache/baostock_5m/603334_5min.pkl,data/cache/limit_ups/2026-02-06_limitups.pkl|data/cache/limit_ups/2026-02-05_limitups.pkl|data/cache/limit_ups/2026-02-04_limitups.pkl|data/cache/limit_ups/2026-02-03_limitups.pkl|data/cache/limit_ups/2026-02-02_limitups.pkl,True,236
603826,PASS,,,,,FEATURE_RECONSTRUCTION,,,,603826_2026-02-06,2026-02-06,2026-02-05,data/cache/daily/603826_daily.pkl,data/cache/baostock_5m/603826_5min.pkl,data/cache/limit_ups/2026-02-06_limitups.pkl|data/cache/limit_ups/2026-02-05_limitups.pkl|data/cache/limit_ups/2026-02-04_limitups.pkl|data/cache/limit_ups/2026-02-03_limitups.pkl|data/cache/limit_ups/2026-02-02_limitups.pkl,True,236
002361,PASS,,,,,FEATURE_RECONSTRUCTION,,,,002361_2026-02-09,2026-02-09,2026-02-06,data/cache/daily/002361_daily.pkl,data/cache/baostock_5m/002361_5min.pkl,data/cache/limit_ups/2026-02-09_limitups.pkl|data/cache/limit_ups/2026-02-06_limitups.pkl|data/cache/limit_ups/2026-02-05_limitups.pkl,True,156
600814,PASS,,,,,FEATURE_RECONSTRUCTION,,,,600814_2026-02-09,2026-02-09,2026-02-06,data/cache/daily_unadjusted/600814_daily.pkl,data/cache/baostock_5m/600814_5min.pkl,data/cache/limit_ups/2026-02-09_limitups.pkl|data/cache/limit_ups/2026-02-06_limitups.pkl|data/cache/limit_ups/2026-02-05_limitups.pkl,True,156
002015,PASS,,,,,FEATURE_RECONSTRUCTION,,,,002015_2026-02-10,2026-02-10,2026-02-09,data/cache/daily/002015_daily.pkl,data/cache/baostock_5m/002015_5min.pkl,data/cache/limit_ups/2026-02-10_limitups.pkl|data/cache/limit_ups/2026-02-09_limitups.pkl|data/cache/limit_ups/2026-02-06_limitups.pkl,True,167
002054,PASS,,,,,FEATURE_RECONSTRUCTION,,,,002054_2026-02-10,2026-02-10,2026-02-09,data/cache/daily_unadjusted/002054_daily.pkl,data/cache/baostock_5m/002054_5min.pkl,data/cache/limit_ups/2026-02-10_limitups.pkl|data/cache/limit_ups/2026-02-09_limitups.pkl|data/cache/limit_ups/2026-02-06_limitups.pkl,True,167
002099,PASS,,,,,FEATURE_RECONSTRUCTION,,,,002099_2026-02-10,2026-02-10,2026-02-09,data/cache/daily/002099_daily.pkl,data/cache/baostock_5m/002099_5min.pkl,data/cache/limit_ups/2026-02-10_limitups.pkl|data/cache/limit_ups/2026-02-09_limitups.pkl|data/cache/limit_ups/2026-02-06_limitups.pkl,True,167
002440,PASS,,,,,FEATURE_RECONSTRUCTION,,,,002440_2026-02-10,2026-02-10,2026-02-09,data/cache/daily/002440_daily.pkl,data/cache/baostock_5m/002440_5min.pkl,data/cache/limit_ups/2026-02-10_limitups.pkl|data/cache/limit_ups/2026-02-09_limitups.pkl|data/cache/limit_ups/2026-02-06_limitups.pkl,True,167
002624,PASS,,,,,FEATURE_RECONSTRUCTION,,,,002624_2026-02-10,2026-02-10,2026-02-09,data/cache/daily/002624_daily.pkl,data/cache/baostock_5m/002624_5min.pkl,data/cache/limit_ups/2026-02-10_limitups.pkl|data/cache/limit_ups/2026-02-09_limitups.pkl|data/cache/limit_ups/2026-02-06_limitups.pkl,True,167
002830,PASS,,,,,FEATURE_RECONSTRUCTION,,,,002830_2026-02-10,2026-02-10,2026-02-09,data/cache/daily/002830_daily.pkl,data/cache/baostock_5m/002830_5min.pkl,data/cache/limit_ups/2026-02-10_limitups.pkl|data/cache/limit_ups/2026-02-09_limitups.pkl|data/cache/limit_ups/2026-02-06_limitups.pkl,True,167
003018,PASS,,,,,FEATURE_RECONSTRUCTION,,,,003018_2026-02-10,2026-02-10,2026-02-09,data/cache/daily/003018_daily.pkl,data/cache/baostock_5m/003018_5min.pkl,data/cache/limit_ups/2026-02-10_limitups.pkl|data/cache/limit_ups/2026-02-09_limitups.pkl|data/cache/limit_ups/2026-02-06_limitups.pkl,True,167
600722,PASS,,,,,FEATURE_RECONSTRUCTION,,,,600722_2026-02-10,2026-02-10,2026-02-09,data/cache/daily/600722_daily.pkl,data/cache/baostock_5m/600722_5min.pkl,data/cache/limit_ups/2026-02-10_limitups.pkl|data/cache/limit_ups/2026-02-09_limitups.pkl|data/cache/limit_ups/2026-02-06_limitups.pkl,True,167
600884,PASS,,,,,FEATURE_RECONSTRUCTION,,,,600884_2026-02-10,2026-02-10,2026-02-09,data/cache/daily/600884_daily.pkl,data/cache/baostock_5m/600884_5min.pkl,data/cache/limit_ups/2026-02-10_limitups.pkl|data/cache/limit_ups/2026-02-09_limitups.pkl|data/cache/limit_ups/2026-02-06_limitups.pkl,True,167
603618,PASS,,,,,FEATURE_RECONSTRUCTION,,,,603618_2026-02-10,2026-02-10,2026-02-09,data/cache/daily/603618_daily.pkl,data/cache/baostock_5m/603618_5min.pkl,data/cache/limit_ups/2026-02-10_limitups.pkl|data/cache/limit_ups/2026-02-09_limitups.pkl|data/cache/limit_ups/2026-02-06_limitups.pkl,True,167
603626,PASS,,,,,FEATURE_RECONSTRUCTION,,,,603626_2026-02-10,2026-02-10,2026-02-09,data/cache/daily/603626_daily.pkl,data/cache/baostock_5m/603626_5min.pkl,data/cache/limit_ups/2026-02-10_limitups.pkl|data/cache/limit_ups/2026-02-09_limitups.pkl|data/cache/limit_ups/2026-02-06_limitups.pkl,True,167
001330,PASS,,,,,FEATURE_RECONSTRUCTION,,,,001330_2026-02-11,2026-02-11,2026-02-10,data/cache/daily/001330_daily.pkl,data/cache/baostock_5m/001330_5min.pkl,data/cache/limit_ups/2026-02-11_limitups.pkl|data/cache/limit_ups/2026-02-10_limitups.pkl|data/cache/limit_ups/2026-02-09_limitups.pkl,True,165
002429,PASS,,,,,FEATURE_RECONSTRUCTION,,,,002429_2026-02-11,2026-02-11,2026-02-10,data/cache/daily_unadjusted/002429_daily.pkl,data/cache/baostock_5m/002429_5min.pkl,data/cache/limit_ups/2026-02-11_limitups.pkl|data/cache/limit_ups/2026-02-10_limitups.pkl|data/cache/limit_ups/2026-02-09_limitups.pkl,True,165
601595,PASS,,,,,FEATURE_RECONSTRUCTION,,,,601595_2026-02-11,2026-02-11,2026-02-10,data/cache/daily/601595_daily.pkl,data/cache/baostock_5m/601595_5min.pkl,data/cache/limit_ups/2026-02-11_limitups.pkl|data/cache/limit_ups/2026-02-10_limitups.pkl|data/cache/limit_ups/2026-02-09_limitups.pkl,True,165
601869,PASS,,,,,FEATURE_RECONSTRUCTION,,,,601869_2026-02-11,2026-02-11,2026-02-10,data/cache/daily/601869_daily.pkl,data/cache/baostock_5m/601869_5min.pkl,data/cache/limit_ups/2026-02-11_limitups.pkl|data/cache/limit_ups/2026-02-10_limitups.pkl|data/cache/limit_ups/2026-02-09_limitups.pkl,True,165
603103,PASS,,,,,FEATURE_RECONSTRUCTION,,,,603103_2026-02-11,2026-02-11,2026-02-10,data/cache/daily_unadjusted/603103_daily.pkl,data/cache/baostock_5m/603103_5min.pkl,data/cache/limit_ups/2026-02-11_limitups.pkl|data/cache/limit_ups/2026-02-10_limitups.pkl|data/cache/limit_ups/2026-02-09_limitups.pkl,True,165
603301,PASS,,,,,FEATURE_RECONSTRUCTION,,,,603301_2026-02-11,2026-02-11,2026-02-10,data/cache/daily_unadjusted/603301_daily.pkl,data/cache/baostock_5m/603301_5min.pkl,data/cache/limit_ups/2026-02-11_limitups.pkl|data/cache/limit_ups/2026-02-10_limitups.pkl|data/cache/limit_ups/2026-02-09_limitups.pkl,True,165
603466,PASS,,,,,FEATURE_RECONSTRUCTION,,,,603466_2026-02-11,2026-02-11,2026-02-10,data/cache/daily/603466_daily.pkl,data/cache/baostock_5m/603466_5min.pkl,data/cache/limit_ups/2026-02-11_limitups.pkl|data/cache/limit_ups/2026-02-10_limitups.pkl|data/cache/limit_ups/2026-02-09_limitups.pkl,True,165
603598,PASS,,,,,FEATURE_RECONSTRUCTION,,,,603598_2026-02-11,2026-02-11,2026-02-10,data/cache/daily/603598_daily.pkl,data/cache/baostock_5m/603598_5min.pkl,data/cache/limit_ups/2026-02-11_limitups.pkl|data/cache/limit_ups/2026-02-10_limitups.pkl|data/cache/limit_ups/2026-02-09_limitups.pkl,True,165
605060,PASS,,,,,FEATURE_RECONSTRUCTION,,,,605060_2026-02-11,2026-02-11,2026-02-10,data/cache/daily/605060_daily.pkl,data/cache/baostock_5m/605060_5min.pkl,data/cache/limit_ups/2026-02-11_limitups.pkl|data/cache/limit_ups/2026-02-10_limitups.pkl|data/cache/limit_ups/2026-02-09_limitups.pkl,True,165
000892,PASS,,,,,FEATURE_RECONSTRUCTION,,,,000892_2026-02-12,2026-02-12,2026-02-11,data/cache/daily/000892_daily.pkl,data/cache/baostock_5m/000892_5min.pkl,data/cache/limit_ups/2026-02-12_limitups.pkl|data/cache/limit_ups/2026-02-11_limitups.pkl|data/cache/limit_ups/2026-02-10_limitups.pkl|data/cache/limit_ups/2026-02-09_limitups.pkl,True,220
002723,PASS,,,,,FEATURE_RECONSTRUCTION,,,,002723_2026-02-12,2026-02-12,2026-02-11,data/cache/daily/002723_daily.pkl,data/cache/baostock_5m/002723_5min.pkl,data/cache/limit_ups/2026-02-12_limitups.pkl|data/cache/limit_ups/2026-02-11_limitups.pkl|data/cache/limit_ups/2026-02-10_limitups.pkl|data/cache/limit_ups/2026-02-09_limitups.pkl,True,220
603968,PASS,,,,,FEATURE_RECONSTRUCTION,,,,603968_2026-02-12,2026-02-12,2026-02-11,data/cache/daily/603968_daily.pkl,data/cache/baostock_5m/603968_5min.pkl,data/cache/limit_ups/2026-02-12_limitups.pkl|data/cache/limit_ups/2026-02-11_limitups.pkl|data/cache/limit_ups/2026-02-10_limitups.pkl|data/cache/limit_ups/2026-02-09_limitups.pkl,True,220
603980,PASS,,,,,FEATURE_RECONSTRUCTION,,,,603980_2026-02-12,2026-02-12,2026-02-11,data/cache/daily/603980_daily.pkl,data/cache/baostock_5m/603980_5min.pkl,data/cache/limit_ups/2026-02-12_limitups.pkl|data/cache/limit_ups/2026-02-11_limitups.pkl|data/cache/limit_ups/2026-02-10_limitups.pkl|data/cache/limit_ups/2026-02-09_limitups.pkl,True,220
000070,PASS,,,,,FEATURE_RECONSTRUCTION,,,,000070_2026-02-13,2026-02-13,2026-02-12,data/cache/daily/000070_daily.pkl,data/cache/baostock_5m/000070_5min.pkl,data/cache/limit_ups/2026-02-13_limitups.pkl|data/cache/limit_ups/2026-02-12_limitups.pkl|data/cache/limit_ups/2026-02-11_limitups.pkl|data/cache/limit_ups/2026-02-10_limitups.pkl|data/cache/limit_ups/2026-02-09_limitups.pkl,True,249
000962,PASS,,,,,FEATURE_RECONSTRUCTION,,,,000962_2026-02-13,2026-02-13,2026-02-12,data/cache/daily/000962_daily.pkl,data/cache/baostock_5m/000962_5min.pkl,data/cache/limit_ups/2026-02-13_limitups.pkl|data/cache/limit_ups/2026-02-12_limitups.pkl|data/cache/limit_ups/2026-02-11_limitups.pkl|data/cache/limit_ups/2026-02-10_limitups.pkl|data/cache/limit_ups/2026-02-09_limitups.pkl,True,249
002080,PASS,,,,,FEATURE_RECONSTRUCTION,,,,002080_2026-02-13,2026-02-13,2026-02-12,data/cache/daily/002080_daily.pkl,data/cache/baostock_5m/002080_5min.pkl,data/cache/limit_ups/2026-02-13_limitups.pkl|data/cache/limit_ups/2026-02-12_limitups.pkl|data/cache/limit_ups/2026-02-11_limitups.pkl|data/cache/limit_ups/2026-02-10_limitups.pkl|data/cache/limit_ups/2026-02-09_limitups.pkl,True,249
002378,PASS,,,,,FEATURE_RECONSTRUCTION,,,,002378_2026-02-13,2026-02-13,2026-02-12,data/cache/daily/002378_daily.pkl,data/cache/baostock_5m/002378_5min.pkl,data/cache/limit_ups/2026-02-13_limitups.pkl|data/cache/limit_ups/2026-02-12_limitups.pkl|data/cache/limit_ups/2026-02-11_limitups.pkl|data/cache/limit_ups/2026-02-10_limitups.pkl|data/cache/limit_ups/2026-02-09_limitups.pkl,True,249
002842,PASS,,,,,FEATURE_RECONSTRUCTION,,,,002842_2026-02-13,2026-02-13,2026-02-12,data/cache/daily/002842_daily.pkl,data/cache/baostock_5m/002842_5min.pkl,data/cache/limit_ups/2026-02-13_limitups.pkl|data/cache/limit_ups/2026-02-12_limitups.pkl|data/cache/limit_ups/2026-02-11_limitups.pkl|data/cache/limit_ups/2026-02-10_limitups.pkl|data/cache/limit_ups/2026-02-09_limitups.pkl,True,249
600397,PASS,,,,,FEATURE_RECONSTRUCTION,,,,600397_2026-02-13,2026-02-13,2026-02-12,data/cache/daily/600397_daily.pkl,data/cache/baostock_5m/600397_5min.pkl,data/cache/limit_ups/2026-02-13_limitups.pkl|data/cache/limit_ups/2026-02-12_limitups.pkl|data/cache/limit_ups/2026-02-11_limitups.pkl|data/cache/limit_ups/2026-02-10_limitups.pkl|data/cache/limit_ups/2026-02-09_limitups.pkl,True,249
600545,PASS,,,,,FEATURE_RECONSTRUCTION,,,,600545_2026-02-13,2026-02-13,2026-02-12,data/cache/daily/600545_daily.pkl,data/cache/baostock_5m/600545_5min.pkl,data/cache/limit_ups/2026-02-13_limitups.pkl|data/cache/limit_ups/2026-02-12_limitups.pkl|data/cache/limit_ups/2026-02-11_limitups.pkl|data/cache/limit_ups/2026-02-10_limitups.pkl|data/cache/limit_ups/2026-02-09_limitups.pkl,True,249
603138,PASS,,,,,FEATURE_RECONSTRUCTION,,,,603138_2026-02-13,2026-02-13,2026-02-12,data/cache/daily/603138_daily.pkl,data/cache/baostock_5m/603138_5min.pkl,data/cache/limit_ups/2026-02-13_limitups.pkl|data/cache/limit_ups/2026-02-12_limitups.pkl|data/cache/limit_ups/2026-02-11_limitups.pkl|data/cache/limit_ups/2026-02-10_limitups.pkl|data/cache/limit_ups/2026-02-09_limitups.pkl,True,249
603256,PASS,,,,,FEATURE_RECONSTRUCTION,,,,603256_2026-02-13,2026-02-13,2026-02-12,data/cache/daily/603256_daily.pkl,data/cache/baostock_5m/603256_5min.pkl,data/cache/limit_ups/2026-02-13_limitups.pkl|data/cache/limit_ups/2026-02-12_limitups.pkl|data/cache/limit_ups/2026-02-11_limitups.pkl|data/cache/limit_ups/2026-02-10_limitups.pkl|data/cache/limit_ups/2026-02-09_limitups.pkl,True,249
605006,PASS,,,,,FEATURE_RECONSTRUCTION,,,,605006_2026-02-13,2026-02-13,2026-02-12,data/cache/daily/605006_daily.pkl,data/cache/baostock_5m/605006_5min.pkl,data/cache/limit_ups/2026-02-13_limitups.pkl|data/cache/limit_ups/2026-02-12_limitups.pkl|data/cache/limit_ups/2026-02-11_limitups.pkl|data/cache/limit_ups/2026-02-10_limitups.pkl|data/cache/limit_ups/2026-02-09_limitups.pkl,True,249
002951,PASS,,,,,FEATURE_RECONSTRUCTION,,,,002951_2026-02-24,2026-02-24,2026-02-13,data/cache/daily/002951_daily.pkl,data/cache/baostock_5m/002951_5min.pkl,data/cache/limit_ups/2026-02-24_limitups.pkl,False,83
601890,PASS,,,,,FEATURE_RECONSTRUCTION,,,,601890_2026-02-25,2026-02-25,2026-02-24,data/cache/daily_unadjusted/601890_daily.pkl,data/cache/baostock_5m/601890_5min.pkl,data/cache/limit_ups/2026-02-25_limitups.pkl|data/cache/limit_ups/2026-02-24_limitups.pkl,True,145
603466,PASS,,,,,FEATURE_RECONSTRUCTION,,,,603466_2026-02-25,2026-02-25,2026-02-24,data/cache/daily/603466_daily.pkl,data/cache/baostock_5m/603466_5min.pkl,data/cache/limit_ups/2026-02-25_limitups.pkl|data/cache/limit_ups/2026-02-24_limitups.pkl,True,145
000545,PASS,,,,,FEATURE_RECONSTRUCTION,,,,000545_2026-02-26,2026-02-26,2026-02-25,data/cache/daily/000545_daily.pkl,data/cache/baostock_5m/000545_5min.pkl,data/cache/limit_ups/2026-02-26_limitups.pkl|data/cache/limit_ups/2026-02-25_limitups.pkl|data/cache/limit_ups/2026-02-24_limitups.pkl,True,197
000636,PASS,,,,,FEATURE_RECONSTRUCTION,,,,000636_2026-02-26,2026-02-26,2026-02-25,data/cache/daily/000636_daily.pkl,data/cache/baostock_5m/000636_5min.pkl,data/cache/limit_ups/2026-02-26_limitups.pkl|data/cache/limit_ups/2026-02-25_limitups.pkl|data/cache/limit_ups/2026-02-24_limitups.pkl,True,197
001396,PASS,,,,,FEATURE_RECONSTRUCTION,,,,001396_2026-02-26,2026-02-26,2026-02-25,data/cache/daily_unadjusted/001396_daily.pkl,data/cache/baostock_5m/001396_5min.pkl,data/cache/limit_ups/2026-02-26_limitups.pkl|data/cache/limit_ups/2026-02-25_limitups.pkl|data/cache/limit_ups/2026-02-24_limitups.pkl,True,197
002811,PASS,,,,,FEATURE_RECONSTRUCTION,,,,002811_2026-02-26,2026-02-26,2026-02-25,data/cache/daily_unadjusted/002811_daily.pkl,data/cache/baostock_5m/002811_5min.pkl,data/cache/limit_ups/2026-02-26_limitups.pkl|data/cache/limit_ups/2026-02-25_limitups.pkl|data/cache/limit_ups/2026-02-24_limitups.pkl,True,197
600096,PASS,,,,,FEATURE_RECONSTRUCTION,,,,600096_2026-02-26,2026-02-26,2026-02-25,data/cache/daily/600096_daily.pkl,data/cache/baostock_5m/600096_5min.pkl,data/cache/limit_ups/2026-02-26_limitups.pkl|data/cache/limit_ups/2026-02-25_limitups.pkl|data/cache/limit_ups/2026-02-24_limitups.pkl,True,197
600397,PASS,,,,,FEATURE_RECONSTRUCTION,,,,600397_2026-02-26,2026-02-26,2026-02-25,data/cache/daily/600397_daily.pkl,data/cache/baostock_5m/600397_5min.pkl,data/cache/limit_ups/2026-02-26_limitups.pkl|data/cache/limit_ups/2026-02-25_limitups.pkl|data/cache/limit_ups/2026-02-24_limitups.pkl,True,197
600470,PASS,,,,,FEATURE_RECONSTRUCTION,,,,600470_2026-02-26,2026-02-26,2026-02-25,data/cache/daily/600470_daily.pkl,data/cache/baostock_5m/600470_5min.pkl,data/cache/limit_ups/2026-02-26_limitups.pkl|data/cache/limit_ups/2026-02-25_limitups.pkl|data/cache/limit_ups/2026-02-24_limitups.pkl,True,197
601872,PASS,,,,,FEATURE_RECONSTRUCTION,,,,601872_2026-02-26,2026-02-26,2026-02-25,data/cache/daily/601872_daily.pkl,data/cache/baostock_5m/601872_5min.pkl,data/cache/limit_ups/2026-02-26_limitups.pkl|data/cache/limit_ups/2026-02-25_limitups.pkl|data/cache/limit_ups/2026-02-24_limitups.pkl,True,197
603077,PASS,,,,,FEATURE_RECONSTRUCTION,,,,603077_2026-02-26,2026-02-26,2026-02-25,data/cache/daily/603077_daily.pkl,data/cache/baostock_5m/603077_5min.pkl,data/cache/limit_ups/2026-02-26_limitups.pkl|data/cache/limit_ups/2026-02-25_limitups.pkl|data/cache/limit_ups/2026-02-24_limitups.pkl,True,197
603601,PASS,,,,,FEATURE_RECONSTRUCTION,,,,603601_2026-02-26,2026-02-26,2026-02-25,data/cache/daily/603601_daily.pkl,data/cache/baostock_5m/603601_5min.pkl,data/cache/limit_ups/2026-02-26_limitups.pkl|data/cache/limit_ups/2026-02-25_limitups.pkl|data/cache/limit_ups/2026-02-24_limitups.pkl,True,197
605178,PASS,,,,,FEATURE_RECONSTRUCTION,,,,605178_2026-02-26,2026-02-26,2026-02-25,data/cache/daily/605178_daily.pkl,data/cache/baostock_5m/605178_5min.pkl,data/cache/limit_ups/2026-02-26_limitups.pkl|data/cache/limit_ups/2026-02-25_limitups.pkl|data/cache/limit_ups/2026-02-24_limitups.pkl,True,197
605289,PASS,,,,,FEATURE_RECONSTRUCTION,,,,605289_2026-02-26,2026-02-26,2026-02-25,data/cache/daily/605289_daily.pkl,data/cache/baostock_5m/605289_5min.pkl,data/cache/limit_ups/2026-02-26_limitups.pkl|data/cache/limit_ups/2026-02-25_limitups.pkl|data/cache/limit_ups/2026-02-24_limitups.pkl,True,197
002428,PASS,,,,,FEATURE_RECONSTRUCTION,,,,002428_2026-02-27,2026-02-27,2026-02-26,data/cache/daily/002428_daily.pkl,data/cache/baostock_5m/002428_5min.pkl,data/cache/limit_ups/2026-02-27_limitups.pkl|data/cache/limit_ups/2026-02-26_limitups.pkl|data/cache/limit_ups/2026-02-25_limitups.pkl|data/cache/limit_ups/2026-02-24_limitups.pkl,True,267
600078,PASS,,,,,FEATURE_RECONSTRUCTION,,,,600078_2026-02-27,2026-02-27,2026-02-26,data/cache/daily/600078_daily.pkl,data/cache/baostock_5m/600078_5min.pkl,data/cache/limit_ups/2026-02-27_limitups.pkl|data/cache/limit_ups/2026-02-26_limitups.pkl|data/cache/limit_ups/2026-02-25_limitups.pkl|data/cache/limit_ups/2026-02-24_limitups.pkl,True,267
000899,PASS,,,,,FEATURE_RECONSTRUCTION,,,,000899_2026-03-02,2026-03-02,2026-02-27,data/cache/daily/000899_daily.pkl,data/cache/baostock_5m/000899_5min.pkl,data/cache/limit_ups/2026-03-02_limitups.pkl|data/cache/limit_ups/2026-02-27_limitups.pkl|data/cache/limit_ups/2026-02-26_limitups.pkl,True,200
001209,PASS,,,,,FEATURE_RECONSTRUCTION,,,,001209_2026-03-02,2026-03-02,2026-02-27,data/cache/daily_unadjusted/001209_daily.pkl,data/cache/baostock_5m/001209_5min.pkl,data/cache/limit_ups/2026-03-02_limitups.pkl|data/cache/limit_ups/2026-02-27_limitups.pkl|data/cache/limit_ups/2026-02-26_limitups.pkl,True,200
002350,PASS,,,,,FEATURE_RECONSTRUCTION,,,,002350_2026-03-02,2026-03-02,2026-02-27,data/cache/daily/002350_daily.pkl,data/cache/baostock_5m/002350_5min.pkl,data/cache/limit_ups/2026-03-02_limitups.pkl|data/cache/limit_ups/2026-02-27_limitups.pkl|data/cache/limit_ups/2026-02-26_limitups.pkl,True,200
002378,PASS,,,,,FEATURE_RECONSTRUCTION,,,,002378_2026-03-02,2026-03-02,2026-02-27,data/cache/daily/002378_daily.pkl,data/cache/baostock_5m/002378_5min.pkl,data/cache/limit_ups/2026-03-02_limitups.pkl|data/cache/limit_ups/2026-02-27_limitups.pkl|data/cache/limit_ups/2026-02-26_limitups.pkl,True,200
600744,PASS,,,,,FEATURE_RECONSTRUCTION,,,,600744_2026-03-02,2026-03-02,2026-02-27,data/cache/daily/600744_daily.pkl,data/cache/baostock_5m/600744_5min.pkl,data/cache/limit_ups/2026-03-02_limitups.pkl|data/cache/limit_ups/2026-02-27_limitups.pkl|data/cache/limit_ups/2026-02-26_limitups.pkl,True,200
603530,PASS,,,,,FEATURE_RECONSTRUCTION,,,,603530_2026-03-02,2026-03-02,2026-02-27,data/cache/daily_unadjusted/603530_daily.pkl,data/cache/baostock_5m/603530_5min.pkl,data/cache/limit_ups/2026-03-02_limitups.pkl|data/cache/limit_ups/2026-02-27_limitups.pkl|data/cache/limit_ups/2026-02-26_limitups.pkl,True,200
000035,PASS,,,,,FEATURE_RECONSTRUCTION,,,,000035_2026-03-03,2026-03-03,2026-03-02,data/cache/daily/000035_daily.pkl,data/cache/baostock_5m/000035_5min.pkl,data/cache/limit_ups/2026-03-03_limitups.pkl|data/cache/limit_ups/2026-03-02_limitups.pkl|data/cache/limit_ups/2026-02-27_limitups.pkl,True,217
000510,PASS,,,,,FEATURE_RECONSTRUCTION,,,,000510_2026-03-03,2026-03-03,2026-03-02,data/cache/daily/000510_daily.pkl,data/cache/baostock_5m/000510_5min.pkl,data/cache/limit_ups/2026-03-03_limitups.pkl|data/cache/limit_ups/2026-03-02_limitups.pkl|data/cache/limit_ups/2026-02-27_limitups.pkl,True,217
000960,PASS,,,,,FEATURE_RECONSTRUCTION,,,,000960_2026-03-03,2026-03-03,2026-03-02,data/cache/daily/000960_daily.pkl,data/cache/baostock_5m/000960_5min.pkl,data/cache/limit_ups/2026-03-03_limitups.pkl|data/cache/limit_ups/2026-03-02_limitups.pkl|data/cache/limit_ups/2026-02-27_limitups.pkl,True,217
002155,PASS,,,,,FEATURE_RECONSTRUCTION,,,,002155_2026-03-03,2026-03-03,2026-03-02,data/cache/daily_unadjusted/002155_daily.pkl,data/cache/baostock_5m/002155_5min.pkl,data/cache/limit_ups/2026-03-03_limitups.pkl|data/cache/limit_ups/2026-03-02_limitups.pkl|data/cache/limit_ups/2026-02-27_limitups.pkl,True,217
002356,PASS,,,,,FEATURE_RECONSTRUCTION,,,,002356_2026-03-03,2026-03-03,2026-03-02,data/cache/daily/002356_daily.pkl,data/cache/baostock_5m/002356_5min.pkl,data/cache/limit_ups/2026-03-03_limitups.pkl|data/cache/limit_ups/2026-03-02_limitups.pkl|data/cache/limit_ups/2026-02-27_limitups.pkl,True,217
002842,PASS,,,,,FEATURE_RECONSTRUCTION,,,,002842_2026-03-03,2026-03-03,2026-03-02,data/cache/daily/002842_daily.pkl,data/cache/baostock_5m/002842_5min.pkl,data/cache/limit_ups/2026-03-03_limitups.pkl|data/cache/limit_ups/2026-03-02_limitups.pkl|data/cache/limit_ups/2026-02-27_limitups.pkl,True,217
002843,PASS,,,,,FEATURE_RECONSTRUCTION,,,,002843_2026-03-03,2026-03-03,2026-03-02,data/cache/daily/002843_daily.pkl,data/cache/baostock_5m/002843_5min.pkl,data/cache/limit_ups/2026-03-03_limitups.pkl|data/cache/limit_ups/2026-03-02_limitups.pkl|data/cache/limit_ups/2026-02-27_limitups.pkl,True,217
600259,PASS,,,,,FEATURE_RECONSTRUCTION,,,,600259_2026-03-03,2026-03-03,2026-03-02,data/cache/daily/600259_daily.pkl,data/cache/baostock_5m/600259_5min.pkl,data/cache/limit_ups/2026-03-03_limitups.pkl|data/cache/limit_ups/2026-03-02_limitups.pkl|data/cache/limit_ups/2026-02-27_limitups.pkl,True,217
600301,PASS,,,,,FEATURE_RECONSTRUCTION,,,,600301_2026-03-03,2026-03-03,2026-03-02,data/cache/daily/600301_daily.pkl,data/cache/baostock_5m/600301_5min.pkl,data/cache/limit_ups/2026-03-03_limitups.pkl|data/cache/limit_ups/2026-03-02_limitups.pkl|data/cache/limit_ups/2026-02-27_limitups.pkl,True,217
600452,PASS,,,,,FEATURE_RECONSTRUCTION,,,,600452_2026-03-03,2026-03-03,2026-03-02,data/cache/daily/600452_daily.pkl,data/cache/baostock_5m/600452_5min.pkl,data/cache/limit_ups/2026-03-03_limitups.pkl|data/cache/limit_ups/2026-03-02_limitups.pkl|data/cache/limit_ups/2026-02-27_limitups.pkl,True,217
600498,PASS,,,,,FEATURE_RECONSTRUCTION,,,,600498_2026-03-03,2026-03-03,2026-03-02,data/cache/daily/600498_daily.pkl,data/cache/baostock_5m/600498_5min.pkl,data/cache/limit_ups/2026-03-03_limitups.pkl|data/cache/limit_ups/2026-03-02_limitups.pkl|data/cache/limit_ups/2026-02-27_limitups.pkl,True,217
603257,PASS,,,,,FEATURE_RECONSTRUCTION,,,,603257_2026-03-03,2026-03-03,2026-03-02,data/cache/daily_unadjusted/603257_daily.pkl,data/cache/baostock_5m/603257_5min.pkl,data/cache/limit_ups/2026-03-03_limitups.pkl|data/cache/limit_ups/2026-03-02_limitups.pkl|data/cache/limit_ups/2026-02-27_limitups.pkl,True,217
603629,PASS,,,,,FEATURE_RECONSTRUCTION,,,,603629_2026-03-03,2026-03-03,2026-03-02,data/cache/daily/603629_daily.pkl,data/cache/baostock_5m/603629_5min.pkl,data/cache/limit_ups/2026-03-03_limitups.pkl|data/cache/limit_ups/2026-03-02_limitups.pkl|data/cache/limit_ups/2026-02-27_limitups.pkl,True,217
603738,PASS,,,,,FEATURE_RECONSTRUCTION,,,,603738_2026-03-03,2026-03-03,2026-03-02,data/cache/daily/603738_daily.pkl,data/cache/baostock_5m/603738_5min.pkl,data/cache/limit_ups/2026-03-03_limitups.pkl|data/cache/limit_ups/2026-03-02_limitups.pkl|data/cache/limit_ups/2026-02-27_limitups.pkl,True,217
603897,PASS,,,,,FEATURE_RECONSTRUCTION,,,,603897_2026-03-03,2026-03-03,2026-03-02,data/cache/daily/603897_daily.pkl,data/cache/baostock_5m/603897_5min.pkl,data/cache/limit_ups/2026-03-03_limitups.pkl|data/cache/limit_ups/2026-03-02_limitups.pkl|data/cache/limit_ups/2026-02-27_limitups.pkl,True,217
603950,PASS,,,,,FEATURE_RECONSTRUCTION,,,,603950_2026-03-03,2026-03-03,2026-03-02,data/cache/daily/603950_daily.pkl,data/cache/baostock_5m/603950_5min.pkl,data/cache/limit_ups/2026-03-03_limitups.pkl|data/cache/limit_ups/2026-03-02_limitups.pkl|data/cache/limit_ups/2026-02-27_limitups.pkl,True,217
000096,PASS,,,,,FEATURE_RECONSTRUCTION,,,,000096_2026-03-04,2026-03-04,2026-03-03,data/cache/daily_unadjusted/000096_daily.pkl,data/cache/baostock_5m/000096_5min.pkl,data/cache/limit_ups/2026-03-04_limitups.pkl|data/cache/limit_ups/2026-03-03_limitups.pkl|data/cache/limit_ups/2026-03-02_limitups.pkl,True,181
000554,PASS,,,,,FEATURE_RECONSTRUCTION,,,,000554_2026-03-04,2026-03-04,2026-03-03,data/cache/daily/000554_daily.pkl,data/cache/baostock_5m/000554_5min.pkl,data/cache/limit_ups/2026-03-04_limitups.pkl|data/cache/limit_ups/2026-03-03_limitups.pkl|data/cache/limit_ups/2026-03-02_limitups.pkl,True,181
000968,PASS,,,,,FEATURE_RECONSTRUCTION,,,,000968_2026-03-04,2026-03-04,2026-03-03,data/cache/daily/000968_daily.pkl,data/cache/baostock_5m/000968_5min.pkl,data/cache/limit_ups/2026-03-04_limitups.pkl|data/cache/limit_ups/2026-03-03_limitups.pkl|data/cache/limit_ups/2026-03-02_limitups.pkl,True,181
002040,PASS,,,,,FEATURE_RECONSTRUCTION,,,,002040_2026-03-04,2026-03-04,2026-03-03,data/cache/daily/002040_daily.pkl,data/cache/baostock_5m/002040_5min.pkl,data/cache/limit_ups/2026-03-04_limitups.pkl|data/cache/limit_ups/2026-03-03_limitups.pkl|data/cache/limit_ups/2026-03-02_limitups.pkl,True,181
002554,PASS,,,,,FEATURE_RECONSTRUCTION,,,,002554_2026-03-04,2026-03-04,2026-03-03,data/cache/daily_unadjusted/002554_daily.pkl,data/cache/baostock_5m/002554_5min.pkl,data/cache/limit_ups/2026-03-04_limitups.pkl|data/cache/limit_ups/2026-03-03_limitups.pkl|data/cache/limit_ups/2026-03-02_limitups.pkl,True,181
002629,PASS,,,,,FEATURE_RECONSTRUCTION,,,,002629_2026-03-04,2026-03-04,2026-03-03,data/cache/daily/002629_daily.pkl,data/cache/baostock_5m/002629_5min.pkl,data/cache/limit_ups/2026-03-04_limitups.pkl|data/cache/limit_ups/2026-03-03_limitups.pkl|data/cache/limit_ups/2026-03-02_limitups.pkl,True,181
002828,PASS,,,,,FEATURE_RECONSTRUCTION,,,,002828_2026-03-04,2026-03-04,2026-03-03,data/cache/daily/002828_daily.pkl,data/cache/baostock_5m/002828_5min.pkl,data/cache/limit_ups/2026-03-04_limitups.pkl|data/cache/limit_ups/2026-03-03_limitups.pkl|data/cache/limit_ups/2026-03-02_limitups.pkl,True,181
002980,PASS,,,,,FEATURE_RECONSTRUCTION,,,,002980_2026-03-04,2026-03-04,2026-03-03,data/cache/daily/002980_daily.pkl,data/cache/baostock_5m/002980_5min.pkl,data/cache/limit_ups/2026-03-04_limitups.pkl|data/cache/limit_ups/2026-03-03_limitups.pkl|data/cache/limit_ups/2026-03-02_limitups.pkl,True,181
600026,PASS,,,,,FEATURE_RECONSTRUCTION,,,,600026_2026-03-04,2026-03-04,2026-03-03,data/cache/daily/600026_daily.pkl,data/cache/baostock_5m/600026_5min.pkl,data/cache/limit_ups/2026-03-04_limitups.pkl|data/cache/limit_ups/2026-03-03_limitups.pkl|data/cache/limit_ups/2026-03-02_limitups.pkl,True,181
600028,PASS,,,,,FEATURE_RECONSTRUCTION,,,,600028_2026-03-04,2026-03-04,2026-03-03,data/cache/daily_unadjusted/600028_daily.pkl,data/cache/baostock_5m/600028_5min.pkl,data/cache/limit_ups/2026-03-04_limitups.pkl|data/cache/limit_ups/2026-03-03_limitups.pkl|data/cache/limit_ups/2026-03-02_limitups.pkl,True,181
600256,PASS,,,,,FEATURE_RECONSTRUCTION,,,,600256_2026-03-04,2026-03-04,2026-03-03,data/cache/daily_unadjusted/600256_daily.pkl,data/cache/baostock_5m/600256_5min.pkl,data/cache/limit_ups/2026-03-04_limitups.pkl|data/cache/limit_ups/2026-03-03_limitups.pkl|data/cache/limit_ups/2026-03-02_limitups.pkl,True,181
600339,PASS,,,,,FEATURE_RECONSTRUCTION,,,,600339_2026-03-04,2026-03-04,2026-03-03,data/cache/daily/600339_daily.pkl,data/cache/baostock_5m/600339_5min.pkl,data/cache/limit_ups/2026-03-04_limitups.pkl|data/cache/limit_ups/2026-03-03_limitups.pkl|data/cache/limit_ups/2026-03-02_limitups.pkl,True,181
600367,PASS,,,,,FEATURE_RECONSTRUCTION,,,,600367_2026-03-04,2026-03-04,2026-03-03,data/cache/daily/600367_daily.pkl,data/cache/baostock_5m/600367_5min.pkl,data/cache/limit_ups/2026-03-04_limitups.pkl|data/cache/limit_ups/2026-03-03_limitups.pkl|data/cache/limit_ups/2026-03-02_limitups.pkl,True,181
600583,PASS,,,,,FEATURE_RECONSTRUCTION,,,,600583_2026-03-04,2026-03-04,2026-03-03,data/cache/daily_unadjusted/600583_daily.pkl,data/cache/baostock_5m/600583_5min.pkl,data/cache/limit_ups/2026-03-04_limitups.pkl|data/cache/limit_ups/2026-03-03_limitups.pkl|data/cache/limit_ups/2026-03-02_limitups.pkl,True,181
600688,PASS,,,,,FEATURE_RECONSTRUCTION,,,,600688_2026-03-04,2026-03-04,2026-03-03,data/cache/daily/600688_daily.pkl,data/cache/baostock_5m/600688_5min.pkl,data/cache/limit_ups/2026-03-04_limitups.pkl|data/cache/limit_ups/2026-03-03_limitups.pkl|data/cache/limit_ups/2026-03-02_limitups.pkl,True,181
600714,PASS,,,,,FEATURE_RECONSTRUCTION,,,,600714_2026-03-04,2026-03-04,2026-03-03,data/cache/daily/600714_daily.pkl,data/cache/baostock_5m/600714_5min.pkl,data/cache/limit_ups/2026-03-04_limitups.pkl|data/cache/limit_ups/2026-03-03_limitups.pkl|data/cache/limit_ups/2026-03-02_limitups.pkl,True,181
600722,PASS,,,,,FEATURE_RECONSTRUCTION,,,,600722_2026-03-04,2026-03-04,2026-03-03,data/cache/daily/600722_daily.pkl,data/cache/baostock_5m/600722_5min.pkl,data/cache/limit_ups/2026-03-04_limitups.pkl|data/cache/limit_ups/2026-03-03_limitups.pkl|data/cache/limit_ups/2026-03-02_limitups.pkl,True,181
600938,PASS,,,,,FEATURE_RECONSTRUCTION,,,,600938_2026-03-04,2026-03-04,2026-03-03,data/cache/daily/600938_daily.pkl,data/cache/baostock_5m/600938_5min.pkl,data/cache/limit_ups/2026-03-04_limitups.pkl|data/cache/limit_ups/2026-03-03_limitups.pkl|data/cache/limit_ups/2026-03-02_limitups.pkl,True,181
600968,PASS,,,,,FEATURE_RECONSTRUCTION,,,,600968_2026-03-04,2026-03-04,2026-03-03,data/cache/daily_unadjusted/600968_daily.pkl,data/cache/baostock_5m/600968_5min.pkl,data/cache/limit_ups/2026-03-04_limitups.pkl|data/cache/limit_ups/2026-03-03_limitups.pkl|data/cache/limit_ups/2026-03-02_limitups.pkl,True,181
601808,PASS,,,,,FEATURE_RECONSTRUCTION,,,,601808_2026-03-04,2026-03-04,2026-03-03,data/cache/daily_unadjusted/601808_daily.pkl,data/cache/baostock_5m/601808_5min.pkl,data/cache/limit_ups/2026-03-04_limitups.pkl|data/cache/limit_ups/2026-03-03_limitups.pkl|data/cache/limit_ups/2026-03-02_limitups.pkl,True,181
601857,PASS,,,,,FEATURE_RECONSTRUCTION,,,,601857_2026-03-04,2026-03-04,2026-03-03,data/cache/daily_unadjusted/601857_daily.pkl,data/cache/baostock_5m/601857_5min.pkl,data/cache/limit_ups/2026-03-04_limitups.pkl|data/cache/limit_ups/2026-03-03_limitups.pkl|data/cache/limit_ups/2026-03-02_limitups.pkl,True,181
601872,PASS,,,,,FEATURE_RECONSTRUCTION,,,,601872_2026-03-04,2026-03-04,2026-03-03,data/cache/daily/601872_daily.pkl,data/cache/baostock_5m/601872_5min.pkl,data/cache/limit_ups/2026-03-04_limitups.pkl|data/cache/limit_ups/2026-03-03_limitups.pkl|data/cache/limit_ups/2026-03-02_limitups.pkl,True,181
601975,PASS,,,,,FEATURE_RECONSTRUCTION,,,,601975_2026-03-04,2026-03-04,2026-03-03,data/cache/daily/601975_daily.pkl,data/cache/baostock_5m/601975_5min.pkl,data/cache/limit_ups/2026-03-04_limitups.pkl|data/cache/limit_ups/2026-03-03_limitups.pkl|data/cache/limit_ups/2026-03-02_limitups.pkl,True,181
603353,PASS,,,,,FEATURE_RECONSTRUCTION,,,,603353_2026-03-04,2026-03-04,2026-03-03,data/cache/daily/603353_daily.pkl,data/cache/baostock_5m/603353_5min.pkl,data/cache/limit_ups/2026-03-04_limitups.pkl|data/cache/limit_ups/2026-03-03_limitups.pkl|data/cache/limit_ups/2026-03-02_limitups.pkl,True,181
603619,PASS,,,,,FEATURE_RECONSTRUCTION,,,,603619_2026-03-04,2026-03-04,2026-03-03,data/cache/daily/603619_daily.pkl,data/cache/baostock_5m/603619_5min.pkl,data/cache/limit_ups/2026-03-04_limitups.pkl|data/cache/limit_ups/2026-03-03_limitups.pkl|data/cache/limit_ups/2026-03-02_limitups.pkl,True,181
603727,PASS,,,,,FEATURE_RECONSTRUCTION,,,,603727_2026-03-04,2026-03-04,2026-03-03,data/cache/daily/603727_daily.pkl,data/cache/baostock_5m/603727_5min.pkl,data/cache/limit_ups/2026-03-04_limitups.pkl|data/cache/limit_ups/2026-03-03_limitups.pkl|data/cache/limit_ups/2026-03-02_limitups.pkl,True,181
002490,PASS,,,,,FEATURE_RECONSTRUCTION,,,,002490_2026-03-05,2026-03-05,2026-03-04,data/cache/daily/002490_daily.pkl,data/cache/baostock_5m/002490_5min.pkl,data/cache/limit_ups/2026-03-05_limitups.pkl|data/cache/limit_ups/2026-03-04_limitups.pkl|data/cache/limit_ups/2026-03-03_limitups.pkl|data/cache/limit_ups/2026-03-02_limitups.pkl,True,236
600871,PASS,,,,,FEATURE_RECONSTRUCTION,,,,600871_2026-03-05,2026-03-05,2026-03-04,data/cache/daily_unadjusted/600871_daily.pkl,data/cache/baostock_5m/600871_5min.pkl,data/cache/limit_ups/2026-03-05_limitups.pkl|data/cache/limit_ups/2026-03-04_limitups.pkl|data/cache/limit_ups/2026-03-03_limitups.pkl|data/cache/limit_ups/2026-03-02_limitups.pkl,True,236
002339,PASS,,,,,FEATURE_RECONSTRUCTION,,,,002339_2026-03-06,2026-03-06,2026-03-05,data/cache/daily/002339_daily.pkl,data/cache/baostock_5m/002339_5min.pkl,data/cache/limit_ups/2026-03-06_limitups.pkl|data/cache/limit_ups/2026-03-05_limitups.pkl|data/cache/limit_ups/2026-03-04_limitups.pkl|data/cache/limit_ups/2026-03-03_limitups.pkl|data/cache/limit_ups/2026-03-02_limitups.pkl,True,301
002877,PASS,,,,,FEATURE_RECONSTRUCTION,,,,002877_2026-03-06,2026-03-06,2026-03-05,data/cache/daily/002877_daily.pkl,data/cache/baostock_5m/002877_5min.pkl,data/cache/limit_ups/2026-03-06_limitups.pkl|data/cache/limit_ups/2026-03-05_limitups.pkl|data/cache/limit_ups/2026-03-04_limitups.pkl|data/cache/limit_ups/2026-03-03_limitups.pkl|data/cache/limit_ups/2026-03-02_limitups.pkl,True,301
000509,PASS,,,,,FEATURE_RECONSTRUCTION,,,,000509_2026-03-09,2026-03-09,2026-03-06,data/cache/daily/000509_daily.pkl,data/cache/baostock_5m/000509_5min.pkl,data/cache/limit_ups/2026-03-09_limitups.pkl|data/cache/limit_ups/2026-03-06_limitups.pkl|data/cache/limit_ups/2026-03-05_limitups.pkl,True,154
002498,PASS,,,,,FEATURE_RECONSTRUCTION,,,,002498_2026-03-09,2026-03-09,2026-03-06,data/cache/daily/002498_daily.pkl,data/cache/baostock_5m/002498_5min.pkl,data/cache/limit_ups/2026-03-09_limitups.pkl|data/cache/limit_ups/2026-03-06_limitups.pkl|data/cache/limit_ups/2026-03-05_limitups.pkl,True,154
002913,PASS,,,,,FEATURE_RECONSTRUCTION,,,,002913_2026-03-09,2026-03-09,2026-03-06,data/cache/daily/002913_daily.pkl,data/cache/baostock_5m/002913_5min.pkl,data/cache/limit_ups/2026-03-09_limitups.pkl|data/cache/limit_ups/2026-03-06_limitups.pkl|data/cache/limit_ups/2026-03-05_limitups.pkl,True,154
600545,PASS,,,,,FEATURE_RECONSTRUCTION,,,,600545_2026-03-09,2026-03-09,2026-03-06,data/cache/daily/600545_daily.pkl,data/cache/baostock_5m/600545_5min.pkl,data/cache/limit_ups/2026-03-09_limitups.pkl|data/cache/limit_ups/2026-03-06_limitups.pkl|data/cache/limit_ups/2026-03-05_limitups.pkl,True,154
600590,PASS,,,,,FEATURE_RECONSTRUCTION,,,,600590_2026-03-09,2026-03-09,2026-03-06,data/cache/daily_unadjusted/600590_daily.pkl,data/cache/baostock_5m/600590_5min.pkl,data/cache/limit_ups/2026-03-09_limitups.pkl|data/cache/limit_ups/2026-03-06_limitups.pkl|data/cache/limit_ups/2026-03-05_limitups.pkl,True,154
000534,PASS,,,,,FEATURE_RECONSTRUCTION,,,,000534_2026-03-10,2026-03-10,2026-03-09,data/cache/daily/000534_daily.pkl,data/cache/baostock_5m/000534_5min.pkl,data/cache/limit_ups/2026-03-10_limitups.pkl|data/cache/limit_ups/2026-03-09_limitups.pkl|data/cache/limit_ups/2026-03-06_limitups.pkl,True,148
000601,PASS,,,,,FEATURE_RECONSTRUCTION,,,,000601_2026-03-10,2026-03-10,2026-03-09,data/cache/daily/000601_daily.pkl,data/cache/baostock_5m/000601_5min.pkl,data/cache/limit_ups/2026-03-10_limitups.pkl|data/cache/limit_ups/2026-03-09_limitups.pkl|data/cache/limit_ups/2026-03-06_limitups.pkl,True,148
000815,PASS,,,,,FEATURE_RECONSTRUCTION,,,,000815_2026-03-10,2026-03-10,2026-03-09,data/cache/daily/000815_daily.pkl,data/cache/baostock_5m/000815_5min.pkl,data/cache/limit_ups/2026-03-10_limitups.pkl|data/cache/limit_ups/2026-03-09_limitups.pkl|data/cache/limit_ups/2026-03-06_limitups.pkl,True,148
002015,PASS,,,,,FEATURE_RECONSTRUCTION,,,,002015_2026-03-10,2026-03-10,2026-03-09,data/cache/daily/002015_daily.pkl,data/cache/baostock_5m/002015_5min.pkl,data/cache/limit_ups/2026-03-10_limitups.pkl|data/cache/limit_ups/2026-03-09_limitups.pkl|data/cache/limit_ups/2026-03-06_limitups.pkl,True,148
002261,PASS,,,,,FEATURE_RECONSTRUCTION,,,,002261_2026-03-10,2026-03-10,2026-03-09,data/cache/daily/002261_daily.pkl,data/cache/baostock_5m/002261_5min.pkl,data/cache/limit_ups/2026-03-10_limitups.pkl|data/cache/limit_ups/2026-03-09_limitups.pkl|data/cache/limit_ups/2026-03-06_limitups.pkl,True,148
600227,PASS,,,,,FEATURE_RECONSTRUCTION,,,,600227_2026-03-10,2026-03-10,2026-03-09,data/cache/daily/600227_daily.pkl,data/cache/baostock_5m/600227_5min.pkl,data/cache/limit_ups/2026-03-10_limitups.pkl|data/cache/limit_ups/2026-03-09_limitups.pkl|data/cache/limit_ups/2026-03-06_limitups.pkl,True,148
600821,PASS,,,,,FEATURE_RECONSTRUCTION,,,,600821_2026-03-10,2026-03-10,2026-03-09,data/cache/daily/600821_daily.pkl,data/cache/baostock_5m/600821_5min.pkl,data/cache/limit_ups/2026-03-10_limitups.pkl|data/cache/limit_ups/2026-03-09_limitups.pkl|data/cache/limit_ups/2026-03-06_limitups.pkl,True,148
601567,PASS,,,,,FEATURE_RECONSTRUCTION,,,,601567_2026-03-10,2026-03-10,2026-03-09,data/cache/daily_unadjusted/601567_daily.pkl,data/cache/baostock_5m/601567_5min.pkl,data/cache/limit_ups/2026-03-10_limitups.pkl|data/cache/limit_ups/2026-03-09_limitups.pkl|data/cache/limit_ups/2026-03-06_limitups.pkl,True,148
002575,PASS,,,,,FEATURE_RECONSTRUCTION,,,,002575_2026-03-11,2026-03-11,2026-03-10,data/cache/daily/002575_daily.pkl,data/cache/baostock_5m/002575_5min.pkl,data/cache/limit_ups/2026-03-11_limitups.pkl|data/cache/limit_ups/2026-03-10_limitups.pkl|data/cache/limit_ups/2026-03-09_limitups.pkl,True,131
002903,PASS,,,,,FEATURE_RECONSTRUCTION,,,,002903_2026-03-11,2026-03-11,2026-03-10,data/cache/daily/002903_daily.pkl,data/cache/baostock_5m/002903_5min.pkl,data/cache/limit_ups/2026-03-11_limitups.pkl|data/cache/limit_ups/2026-03-10_limitups.pkl|data/cache/limit_ups/2026-03-09_limitups.pkl,True,131
600135,PASS,,,,,FEATURE_RECONSTRUCTION,,,,600135_2026-03-11,2026-03-11,2026-03-10,data/cache/daily_unadjusted/600135_daily.pkl,data/cache/baostock_5m/600135_5min.pkl,data/cache/limit_ups/2026-03-11_limitups.pkl|data/cache/limit_ups/2026-03-10_limitups.pkl|data/cache/limit_ups/2026-03-09_limitups.pkl,True,131
000839,PASS,,,,,FEATURE_RECONSTRUCTION,,,,000839_2026-03-12,2026-03-12,2026-03-11,data/cache/daily/000839_daily.pkl,data/cache/baostock_5m/000839_5min.pkl,data/cache/limit_ups/2026-03-12_limitups.pkl|data/cache/limit_ups/2026-03-11_limitups.pkl|data/cache/limit_ups/2026-03-10_limitups.pkl|data/cache/limit_ups/2026-03-09_limitups.pkl,True,177
600108,PASS,,,,,FEATURE_RECONSTRUCTION,,,,600108_2026-03-12,2026-03-12,2026-03-11,data/cache/daily/600108_daily.pkl,data/cache/baostock_5m/600108_5min.pkl,data/cache/limit_ups/2026-03-12_limitups.pkl|data/cache/limit_ups/2026-03-11_limitups.pkl|data/cache/limit_ups/2026-03-10_limitups.pkl|data/cache/limit_ups/2026-03-09_limitups.pkl,True,177
600172,PASS,,,,,FEATURE_RECONSTRUCTION,,,,600172_2026-03-12,2026-03-12,2026-03-11,data/cache/daily/600172_daily.pkl,data/cache/baostock_5m/600172_5min.pkl,data/cache/limit_ups/2026-03-12_limitups.pkl|data/cache/limit_ups/2026-03-11_limitups.pkl|data/cache/limit_ups/2026-03-10_limitups.pkl|data/cache/limit_ups/2026-03-09_limitups.pkl,True,177
600769,PASS,,,,,FEATURE_RECONSTRUCTION,,,,600769_2026-03-12,2026-03-12,2026-03-11,data/cache/daily/600769_daily.pkl,data/cache/baostock_5m/600769_5min.pkl,data/cache/limit_ups/2026-03-12_limitups.pkl|data/cache/limit_ups/2026-03-11_limitups.pkl|data/cache/limit_ups/2026-03-10_limitups.pkl|data/cache/limit_ups/2026-03-09_limitups.pkl,True,177
603421,PASS,,,,,FEATURE_RECONSTRUCTION,,,,603421_2026-03-12,2026-03-12,2026-03-11,data/cache/daily/603421_daily.pkl,data/cache/baostock_5m/603421_5min.pkl,data/cache/limit_ups/2026-03-12_limitups.pkl|data/cache/limit_ups/2026-03-11_limitups.pkl|data/cache/limit_ups/2026-03-10_limitups.pkl|data/cache/limit_ups/2026-03-09_limitups.pkl,True,177
603803,PASS,,,,,FEATURE_RECONSTRUCTION,,,,603803_2026-03-12,2026-03-12,2026-03-11,data/cache/daily/603803_daily.pkl,data/cache/baostock_5m/603803_5min.pkl,data/cache/limit_ups/2026-03-12_limitups.pkl|data/cache/limit_ups/2026-03-11_limitups.pkl|data/cache/limit_ups/2026-03-10_limitups.pkl|data/cache/limit_ups/2026-03-09_limitups.pkl,True,177
000537,PASS,,,,,FEATURE_RECONSTRUCTION,,,,000537_2026-03-13,2026-03-13,2026-03-12,data/cache/daily/000537_daily.pkl,data/cache/baostock_5m/000537_5min.pkl,data/cache/limit_ups/2026-03-13_limitups.pkl|data/cache/limit_ups/2026-03-12_limitups.pkl|data/cache/limit_ups/2026-03-11_limitups.pkl|data/cache/limit_ups/2026-03-10_limitups.pkl|data/cache/limit_ups/2026-03-09_limitups.pkl,True,229
002150,PASS,,,,,FEATURE_RECONSTRUCTION,,,,002150_2026-03-13,2026-03-13,2026-03-12,data/cache/daily/002150_daily.pkl,data/cache/baostock_5m/002150_5min.pkl,data/cache/limit_ups/2026-03-13_limitups.pkl|data/cache/limit_ups/2026-03-12_limitups.pkl|data/cache/limit_ups/2026-03-11_limitups.pkl|data/cache/limit_ups/2026-03-10_limitups.pkl|data/cache/limit_ups/2026-03-09_limitups.pkl,True,229
601016,PASS,,,,,FEATURE_RECONSTRUCTION,,,,601016_2026-03-13,2026-03-13,2026-03-12,data/cache/daily/601016_daily.pkl,data/cache/baostock_5m/601016_5min.pkl,data/cache/limit_ups/2026-03-13_limitups.pkl|data/cache/limit_ups/2026-03-12_limitups.pkl|data/cache/limit_ups/2026-03-11_limitups.pkl|data/cache/limit_ups/2026-03-10_limitups.pkl|data/cache/limit_ups/2026-03-09_limitups.pkl,True,229
601330,PASS,,,,,FEATURE_RECONSTRUCTION,,,,601330_2026-03-13,2026-03-13,2026-03-12,data/cache/daily_unadjusted/601330_daily.pkl,data/cache/baostock_5m/601330_5min.pkl,data/cache/limit_ups/2026-03-13_limitups.pkl|data/cache/limit_ups/2026-03-12_limitups.pkl|data/cache/limit_ups/2026-03-11_limitups.pkl|data/cache/limit_ups/2026-03-10_limitups.pkl|data/cache/limit_ups/2026-03-09_limitups.pkl,True,229
601868,PASS,,,,,FEATURE_RECONSTRUCTION,,,,601868_2026-03-13,2026-03-13,2026-03-12,data/cache/daily/601868_daily.pkl,data/cache/baostock_5m/601868_5min.pkl,data/cache/limit_ups/2026-03-13_limitups.pkl|data/cache/limit_ups/2026-03-12_limitups.pkl|data/cache/limit_ups/2026-03-11_limitups.pkl|data/cache/limit_ups/2026-03-10_limitups.pkl|data/cache/limit_ups/2026-03-09_limitups.pkl,True,229
002487,PASS,,,,,FEATURE_RECONSTRUCTION,,,,002487_2026-03-16,2026-03-16,2026-03-13,data/cache/daily_unadjusted/002487_daily.pkl,data/cache/baostock_5m/002487_5min.pkl,data/cache/limit_ups/2026-03-16_limitups.pkl|data/cache/limit_ups/2026-03-13_limitups.pkl|data/cache/limit_ups/2026-03-12_limitups.pkl,True,137
600121,PASS,,,,,FEATURE_RECONSTRUCTION,,,,600121_2026-03-16,2026-03-16,2026-03-13,data/cache/daily/600121_daily.pkl,data/cache/baostock_5m/600121_5min.pkl,data/cache/limit_ups/2026-03-16_limitups.pkl|data/cache/limit_ups/2026-03-13_limitups.pkl|data/cache/limit_ups/2026-03-12_limitups.pkl,True,137
600691,PASS,,,,,FEATURE_RECONSTRUCTION,,,,600691_2026-03-16,2026-03-16,2026-03-13,data/cache/daily_unadjusted/600691_daily.pkl,data/cache/baostock_5m/600691_5min.pkl,data/cache/limit_ups/2026-03-16_limitups.pkl|data/cache/limit_ups/2026-03-13_limitups.pkl|data/cache/limit_ups/2026-03-12_limitups.pkl,True,137
600722,PASS,,,,,FEATURE_RECONSTRUCTION,,,,600722_2026-03-16,2026-03-16,2026-03-13,data/cache/daily/600722_daily.pkl,data/cache/baostock_5m/600722_5min.pkl,data/cache/limit_ups/2026-03-16_limitups.pkl|data/cache/limit_ups/2026-03-13_limitups.pkl|data/cache/limit_ups/2026-03-12_limitups.pkl,True,137
000533,PASS,,,,,FEATURE_RECONSTRUCTION,,,,000533_2026-03-18,2026-03-18,2026-03-17,data/cache/daily/000533_daily.pkl,data/cache/baostock_5m/000533_5min.pkl,data/cache/limit_ups/2026-03-18_limitups.pkl|data/cache/limit_ups/2026-03-17_limitups.pkl|data/cache/limit_ups/2026-03-16_limitups.pkl,True,117
600227,PASS,,,,,FEATURE_RECONSTRUCTION,,,,600227_2026-03-18,2026-03-18,2026-03-17,data/cache/daily/600227_daily.pkl,data/cache/baostock_5m/600227_5min.pkl,data/cache/limit_ups/2026-03-18_limitups.pkl|data/cache/limit_ups/2026-03-17_limitups.pkl|data/cache/limit_ups/2026-03-16_limitups.pkl,True,117
600545,PASS,,,,,FEATURE_RECONSTRUCTION,,,,600545_2026-03-18,2026-03-18,2026-03-17,data/cache/daily/600545_daily.pkl,data/cache/baostock_5m/600545_5min.pkl,data/cache/limit_ups/2026-03-18_limitups.pkl|data/cache/limit_ups/2026-03-17_limitups.pkl|data/cache/limit_ups/2026-03-16_limitups.pkl,True,117
600683,PASS,,,,,FEATURE_RECONSTRUCTION,,,,600683_2026-03-18,2026-03-18,2026-03-17,data/cache/daily/600683_daily.pkl,data/cache/baostock_5m/600683_5min.pkl,data/cache/limit_ups/2026-03-18_limitups.pkl|data/cache/limit_ups/2026-03-17_limitups.pkl|data/cache/limit_ups/2026-03-16_limitups.pkl,True,117
603248,PASS,,,,,FEATURE_RECONSTRUCTION,,,,603248_2026-03-18,2026-03-18,2026-03-17,data/cache/daily/603248_daily.pkl,data/cache/baostock_5m/603248_5min.pkl,data/cache/limit_ups/2026-03-18_limitups.pkl|data/cache/limit_ups/2026-03-17_limitups.pkl|data/cache/limit_ups/2026-03-16_limitups.pkl,True,117
603778,PASS,,,,,FEATURE_RECONSTRUCTION,,,,603778_2026-03-18,2026-03-18,2026-03-17,data/cache/daily/603778_daily.pkl,data/cache/baostock_5m/603778_5min.pkl,data/cache/limit_ups/2026-03-18_limitups.pkl|data/cache/limit_ups/2026-03-17_limitups.pkl|data/cache/limit_ups/2026-03-16_limitups.pkl,True,117
603929,PASS,,,,,FEATURE_RECONSTRUCTION,,,,603929_2026-03-18,2026-03-18,2026-03-17,data/cache/daily/603929_daily.pkl,data/cache/baostock_5m/603929_5min.pkl,data/cache/limit_ups/2026-03-18_limitups.pkl|data/cache/limit_ups/2026-03-17_limitups.pkl|data/cache/limit_ups/2026-03-16_limitups.pkl,True,117
002565,PASS,,,,,FEATURE_RECONSTRUCTION,,,,002565_2026-03-19,2026-03-19,2026-03-18,data/cache/daily_unadjusted/002565_daily.pkl,data/cache/baostock_5m/002565_5min.pkl,data/cache/limit_ups/2026-03-19_limitups.pkl|data/cache/limit_ups/2026-03-18_limitups.pkl|data/cache/limit_ups/2026-03-17_limitups.pkl|data/cache/limit_ups/2026-03-16_limitups.pkl,True,142
600307,PASS,,,,,FEATURE_RECONSTRUCTION,,,,600307_2026-03-19,2026-03-19,2026-03-18,data/cache/daily_unadjusted/600307_daily.pkl,data/cache/baostock_5m/600307_5min.pkl,data/cache/limit_ups/2026-03-19_limitups.pkl|data/cache/limit_ups/2026-03-18_limitups.pkl|data/cache/limit_ups/2026-03-17_limitups.pkl|data/cache/limit_ups/2026-03-16_limitups.pkl,True,142
603387,PASS,,,,,FEATURE_RECONSTRUCTION,,,,603387_2026-03-19,2026-03-19,2026-03-18,data/cache/daily/603387_daily.pkl,data/cache/baostock_5m/603387_5min.pkl,data/cache/limit_ups/2026-03-19_limitups.pkl|data/cache/limit_ups/2026-03-18_limitups.pkl|data/cache/limit_ups/2026-03-17_limitups.pkl|data/cache/limit_ups/2026-03-16_limitups.pkl,True,142
000539,PASS,,,,,FEATURE_RECONSTRUCTION,,,,000539_2026-03-20,2026-03-20,2026-03-19,data/cache/daily/000539_daily.pkl,data/cache/baostock_5m/000539_5min.pkl,data/cache/limit_ups/2026-03-20_limitups.pkl|data/cache/limit_ups/2026-03-19_limitups.pkl|data/cache/limit_ups/2026-03-18_limitups.pkl|data/cache/limit_ups/2026-03-17_limitups.pkl|data/cache/limit_ups/2026-03-16_limitups.pkl,True,168
000815,PASS,,,,,FEATURE_RECONSTRUCTION,,,,000815_2026-03-20,2026-03-20,2026-03-19,data/cache/daily/000815_daily.pkl,data/cache/baostock_5m/000815_5min.pkl,data/cache/limit_ups/2026-03-20_limitups.pkl|data/cache/limit_ups/2026-03-19_limitups.pkl|data/cache/limit_ups/2026-03-18_limitups.pkl|data/cache/limit_ups/2026-03-17_limitups.pkl|data/cache/limit_ups/2026-03-16_limitups.pkl,True,168
002432,PASS,,,,,FEATURE_RECONSTRUCTION,,,,002432_2026-03-20,2026-03-20,2026-03-19,data/cache/daily/002432_daily.pkl,data/cache/baostock_5m/002432_5min.pkl,data/cache/limit_ups/2026-03-20_limitups.pkl|data/cache/limit_ups/2026-03-19_limitups.pkl|data/cache/limit_ups/2026-03-18_limitups.pkl|data/cache/limit_ups/2026-03-17_limitups.pkl|data/cache/limit_ups/2026-03-16_limitups.pkl,True,168
600666,PASS,,,,,FEATURE_RECONSTRUCTION,,,,600666_2026-03-20,2026-03-20,2026-03-19,data/cache/daily/600666_daily.pkl,data/cache/baostock_5m/600666_5min.pkl,data/cache/limit_ups/2026-03-20_limitups.pkl|data/cache/limit_ups/2026-03-19_limitups.pkl|data/cache/limit_ups/2026-03-18_limitups.pkl|data/cache/limit_ups/2026-03-17_limitups.pkl|data/cache/limit_ups/2026-03-16_limitups.pkl,True,168
000601,PASS,,,,,FEATURE_RECONSTRUCTION,,,,000601_2026-03-23,2026-03-23,2026-03-20,data/cache/daily/000601_daily.pkl,data/cache/baostock_5m/000601_5min.pkl,data/cache/limit_ups/2026-03-23_limitups.pkl|data/cache/limit_ups/2026-03-20_limitups.pkl|data/cache/limit_ups/2026-03-19_limitups.pkl,True,75
600617,PASS,,,,,FEATURE_RECONSTRUCTION,,,,600617_2026-03-23,2026-03-23,2026-03-20,data/cache/daily/600617_daily.pkl,data/cache/baostock_5m/600617_5min.pkl,data/cache/limit_ups/2026-03-23_limitups.pkl|data/cache/limit_ups/2026-03-20_limitups.pkl|data/cache/limit_ups/2026-03-19_limitups.pkl,True,75
600726,PASS,,,,,FEATURE_RECONSTRUCTION,,,,600726_2026-03-23,2026-03-23,2026-03-20,data/cache/daily/600726_daily.pkl,data/cache/baostock_5m/600726_5min.pkl,data/cache/limit_ups/2026-03-23_limitups.pkl|data/cache/limit_ups/2026-03-20_limitups.pkl|data/cache/limit_ups/2026-03-19_limitups.pkl,True,75
002150,PASS,,,,,FEATURE_RECONSTRUCTION,,,,002150_2026-03-24,2026-03-24,2026-03-23,data/cache/daily/002150_daily.pkl,data/cache/baostock_5m/002150_5min.pkl,data/cache/limit_ups/2026-03-24_limitups.pkl|data/cache/limit_ups/2026-03-23_limitups.pkl|data/cache/limit_ups/2026-03-20_limitups.pkl,True,125
002310,PASS,,,,,FEATURE_RECONSTRUCTION,,,,002310_2026-03-24,2026-03-24,2026-03-23,data/cache/daily/002310_daily.pkl,data/cache/baostock_5m/002310_5min.pkl,data/cache/limit_ups/2026-03-24_limitups.pkl|data/cache/limit_ups/2026-03-23_limitups.pkl|data/cache/limit_ups/2026-03-20_limitups.pkl,True,125
002218,PASS,,,,,FEATURE_RECONSTRUCTION,,,,002218_2026-03-25,2026-03-25,2026-03-24,data/cache/daily/002218_daily.pkl,data/cache/baostock_5m/002218_5min.pkl,data/cache/limit_ups/2026-03-25_limitups.pkl|data/cache/limit_ups/2026-03-24_limitups.pkl|data/cache/limit_ups/2026-03-23_limitups.pkl,True,177
000539,PASS,,,,,FEATURE_RECONSTRUCTION,,,,000539_2026-03-26,2026-03-26,2026-03-25,data/cache/daily/000539_daily.pkl,data/cache/baostock_5m/000539_5min.pkl,data/cache/limit_ups/2026-03-26_limitups.pkl|data/cache/limit_ups/2026-03-25_limitups.pkl|data/cache/limit_ups/2026-03-24_limitups.pkl|data/cache/limit_ups/2026-03-23_limitups.pkl,True,213
000601,PASS,,,,,FEATURE_RECONSTRUCTION,,,,000601_2026-03-26,2026-03-26,2026-03-25,data/cache/daily/000601_daily.pkl,data/cache/baostock_5m/000601_5min.pkl,data/cache/limit_ups/2026-03-26_limitups.pkl|data/cache/limit_ups/2026-03-25_limitups.pkl|data/cache/limit_ups/2026-03-24_limitups.pkl|data/cache/limit_ups/2026-03-23_limitups.pkl,True,213
002491,PASS,,,,,FEATURE_RECONSTRUCTION,,,,002491_2026-03-26,2026-03-26,2026-03-25,data/cache/daily/002491_daily.pkl,data/cache/baostock_5m/002491_5min.pkl,data/cache/limit_ups/2026-03-26_limitups.pkl|data/cache/limit_ups/2026-03-25_limitups.pkl|data/cache/limit_ups/2026-03-24_limitups.pkl|data/cache/limit_ups/2026-03-23_limitups.pkl,True,213
002771,PASS,,,,,FEATURE_RECONSTRUCTION,,,,002771_2026-03-26,2026-03-26,2026-03-25,data/cache/daily/002771_daily.pkl,data/cache/baostock_5m/002771_5min.pkl,data/cache/limit_ups/2026-03-26_limitups.pkl|data/cache/limit_ups/2026-03-25_limitups.pkl|data/cache/limit_ups/2026-03-24_limitups.pkl|data/cache/limit_ups/2026-03-23_limitups.pkl,True,213
600032,PASS,,,,,FEATURE_RECONSTRUCTION,,,,600032_2026-03-26,2026-03-26,2026-03-25,data/cache/daily/600032_daily.pkl,data/cache/baostock_5m/600032_5min.pkl,data/cache/limit_ups/2026-03-26_limitups.pkl|data/cache/limit_ups/2026-03-25_limitups.pkl|data/cache/limit_ups/2026-03-24_limitups.pkl|data/cache/limit_ups/2026-03-23_limitups.pkl,True,213
600527,PASS,,,,,FEATURE_RECONSTRUCTION,,,,600527_2026-03-26,2026-03-26,2026-03-25,data/cache/daily/600527_daily.pkl,data/cache/baostock_5m/600527_5min.pkl,data/cache/limit_ups/2026-03-26_limitups.pkl|data/cache/limit_ups/2026-03-25_limitups.pkl|data/cache/limit_ups/2026-03-24_limitups.pkl|data/cache/limit_ups/2026-03-23_limitups.pkl,True,213
600539,PASS,,,,,FEATURE_RECONSTRUCTION,,,,600539_2026-03-26,2026-03-26,2026-03-25,data/cache/daily/600539_daily.pkl,data/cache/baostock_5m/600539_5min.pkl,data/cache/limit_ups/2026-03-26_limitups.pkl|data/cache/limit_ups/2026-03-25_limitups.pkl|data/cache/limit_ups/2026-03-24_limitups.pkl|data/cache/limit_ups/2026-03-23_limitups.pkl,True,213
600666,PASS,,,,,FEATURE_RECONSTRUCTION,,,,600666_2026-03-26,2026-03-26,2026-03-25,data/cache/daily/600666_daily.pkl,data/cache/baostock_5m/600666_5min.pkl,data/cache/limit_ups/2026-03-26_limitups.pkl|data/cache/limit_ups/2026-03-25_limitups.pkl|data/cache/limit_ups/2026-03-24_limitups.pkl|data/cache/limit_ups/2026-03-23_limitups.pkl,True,213
600698,PASS,,,,,FEATURE_RECONSTRUCTION,,,,600698_2026-03-26,2026-03-26,2026-03-25,data/cache/daily/600698_daily.pkl,data/cache/baostock_5m/600698_5min.pkl,data/cache/limit_ups/2026-03-26_limitups.pkl|data/cache/limit_ups/2026-03-25_limitups.pkl|data/cache/limit_ups/2026-03-24_limitups.pkl|data/cache/limit_ups/2026-03-23_limitups.pkl,True,213
600758,PASS,,,,,FEATURE_RECONSTRUCTION,,,,600758_2026-03-26,2026-03-26,2026-03-25,data/cache/daily/600758_daily.pkl,data/cache/baostock_5m/600758_5min.pkl,data/cache/limit_ups/2026-03-26_limitups.pkl|data/cache/limit_ups/2026-03-25_limitups.pkl|data/cache/limit_ups/2026-03-24_limitups.pkl|data/cache/limit_ups/2026-03-23_limitups.pkl,True,213
600982,PASS,,,,,FEATURE_RECONSTRUCTION,,,,600982_2026-03-26,2026-03-26,2026-03-25,data/cache/daily/600982_daily.pkl,data/cache/baostock_5m/600982_5min.pkl,data/cache/limit_ups/2026-03-26_limitups.pkl|data/cache/limit_ups/2026-03-25_limitups.pkl|data/cache/limit_ups/2026-03-24_limitups.pkl|data/cache/limit_ups/2026-03-23_limitups.pkl,True,213
601016,PASS,,,,,FEATURE_RECONSTRUCTION,,,,601016_2026-03-26,2026-03-26,2026-03-25,data/cache/daily/601016_daily.pkl,data/cache/baostock_5m/601016_5min.pkl,data/cache/limit_ups/2026-03-26_limitups.pkl|data/cache/limit_ups/2026-03-25_limitups.pkl|data/cache/limit_ups/2026-03-24_limitups.pkl|data/cache/limit_ups/2026-03-23_limitups.pkl,True,213
601606,PASS,,,,,FEATURE_RECONSTRUCTION,,,,601606_2026-03-26,2026-03-26,2026-03-25,data/cache/daily/601606_daily.pkl,data/cache/baostock_5m/601606_5min.pkl,data/cache/limit_ups/2026-03-26_limitups.pkl|data/cache/limit_ups/2026-03-25_limitups.pkl|data/cache/limit_ups/2026-03-24_limitups.pkl|data/cache/limit_ups/2026-03-23_limitups.pkl,True,213
601869,PASS,,,,,FEATURE_RECONSTRUCTION,,,,601869_2026-03-26,2026-03-26,2026-03-25,data/cache/daily/601869_daily.pkl,data/cache/baostock_5m/601869_5min.pkl,data/cache/limit_ups/2026-03-26_limitups.pkl|data/cache/limit_ups/2026-03-25_limitups.pkl|data/cache/limit_ups/2026-03-24_limitups.pkl|data/cache/limit_ups/2026-03-23_limitups.pkl,True,213
603808,PASS,,,,,FEATURE_RECONSTRUCTION,,,,603808_2026-03-26,2026-03-26,2026-03-25,data/cache/daily/603808_daily.pkl,data/cache/baostock_5m/603808_5min.pkl,data/cache/limit_ups/2026-03-26_limitups.pkl|data/cache/limit_ups/2026-03-25_limitups.pkl|data/cache/limit_ups/2026-03-24_limitups.pkl|data/cache/limit_ups/2026-03-23_limitups.pkl,True,213
605299,PASS,,,,,FEATURE_RECONSTRUCTION,,,,605299_2026-03-26,2026-03-26,2026-03-25,data/cache/daily/605299_daily.pkl,data/cache/baostock_5m/605299_5min.pkl,data/cache/limit_ups/2026-03-26_limitups.pkl|data/cache/limit_ups/2026-03-25_limitups.pkl|data/cache/limit_ups/2026-03-24_limitups.pkl|data/cache/limit_ups/2026-03-23_limitups.pkl,True,213
605366,PASS,,,,,FEATURE_RECONSTRUCTION,,,,605366_2026-03-26,2026-03-26,2026-03-25,data/cache/daily/605366_daily.pkl,data/cache/baostock_5m/605366_5min.pkl,data/cache/limit_ups/2026-03-26_limitups.pkl|data/cache/limit_ups/2026-03-25_limitups.pkl|data/cache/limit_ups/2026-03-24_limitups.pkl|data/cache/limit_ups/2026-03-23_limitups.pkl,True,213
000722,PASS,,,,,FEATURE_RECONSTRUCTION,,,,000722_2026-03-27,2026-03-27,2026-03-26,data/cache/daily/000722_daily.pkl,data/cache/baostock_5m/000722_5min.pkl,data/cache/limit_ups/2026-03-27_limitups.pkl|data/cache/limit_ups/2026-03-26_limitups.pkl|data/cache/limit_ups/2026-03-25_limitups.pkl|data/cache/limit_ups/2026-03-24_limitups.pkl|data/cache/limit_ups/2026-03-23_limitups.pkl,True,285
000927,PASS,,,,,FEATURE_RECONSTRUCTION,,,,000927_2026-03-27,2026-03-27,2026-03-26,data/cache/daily_unadjusted/000927_daily.pkl,data/cache/baostock_5m/000927_5min.pkl,data/cache/limit_ups/2026-03-27_limitups.pkl|data/cache/limit_ups/2026-03-26_limitups.pkl|data/cache/limit_ups/2026-03-25_limitups.pkl|data/cache/limit_ups/2026-03-24_limitups.pkl|data/cache/limit_ups/2026-03-23_limitups.pkl,True,285
002902,PASS,,,,,FEATURE_RECONSTRUCTION,,,,002902_2026-03-27,2026-03-27,2026-03-26,data/cache/daily/002902_daily.pkl,data/cache/baostock_5m/002902_5min.pkl,data/cache/limit_ups/2026-03-27_limitups.pkl|data/cache/limit_ups/2026-03-26_limitups.pkl|data/cache/limit_ups/2026-03-25_limitups.pkl|data/cache/limit_ups/2026-03-24_limitups.pkl|data/cache/limit_ups/2026-03-23_limitups.pkl,True,285
600163,PASS,,,,,FEATURE_RECONSTRUCTION,,,,600163_2026-03-27,2026-03-27,2026-03-26,data/cache/daily_unadjusted/600163_daily.pkl,data/cache/baostock_5m/600163_5min.pkl,data/cache/limit_ups/2026-03-27_limitups.pkl|data/cache/limit_ups/2026-03-26_limitups.pkl|data/cache/limit_ups/2026-03-25_limitups.pkl|data/cache/limit_ups/2026-03-24_limitups.pkl|data/cache/limit_ups/2026-03-23_limitups.pkl,True,285
600726,PASS,,,,,FEATURE_RECONSTRUCTION,,,,600726_2026-03-27,2026-03-27,2026-03-26,data/cache/daily/600726_daily.pkl,data/cache/baostock_5m/600726_5min.pkl,data/cache/limit_ups/2026-03-27_limitups.pkl|data/cache/limit_ups/2026-03-26_limitups.pkl|data/cache/limit_ups/2026-03-25_limitups.pkl|data/cache/limit_ups/2026-03-24_limitups.pkl|data/cache/limit_ups/2026-03-23_limitups.pkl,True,285
600800,PASS,,,,,FEATURE_RECONSTRUCTION,,,,600800_2026-03-27,2026-03-27,2026-03-26,data/cache/daily/600800_daily.pkl,data/cache/baostock_5m/600800_5min.pkl,data/cache/limit_ups/2026-03-27_limitups.pkl|data/cache/limit_ups/2026-03-26_limitups.pkl|data/cache/limit_ups/2026-03-25_limitups.pkl|data/cache/limit_ups/2026-03-24_limitups.pkl|data/cache/limit_ups/2026-03-23_limitups.pkl,True,285
603601,PASS,,,,,FEATURE_RECONSTRUCTION,,,,603601_2026-03-27,2026-03-27,2026-03-26,data/cache/daily/603601_daily.pkl,data/cache/baostock_5m/603601_5min.pkl,data/cache/limit_ups/2026-03-27_limitups.pkl|data/cache/limit_ups/2026-03-26_limitups.pkl|data/cache/limit_ups/2026-03-25_limitups.pkl|data/cache/limit_ups/2026-03-24_limitups.pkl|data/cache/limit_ups/2026-03-23_limitups.pkl,True,285
000767,PASS,,,,,FEATURE_RECONSTRUCTION,,,,000767_2026-03-30,2026-03-30,2026-03-27,data/cache/daily/000767_daily.pkl,data/cache/baostock_5m/000767_5min.pkl,data/cache/limit_ups/2026-03-30_limitups.pkl|data/cache/limit_ups/2026-03-27_limitups.pkl|data/cache/limit_ups/2026-03-26_limitups.pkl,True,163
002263,PASS,,,,,FEATURE_RECONSTRUCTION,,,,002263_2026-03-30,2026-03-30,2026-03-27,data/cache/daily/002263_daily.pkl,data/cache/baostock_5m/002263_5min.pkl,data/cache/limit_ups/2026-03-30_limitups.pkl|data/cache/limit_ups/2026-03-27_limitups.pkl|data/cache/limit_ups/2026-03-26_limitups.pkl,True,163
600310,PASS,,,,,FEATURE_RECONSTRUCTION,,,,600310_2026-03-30,2026-03-30,2026-03-27,data/cache/daily/600310_daily.pkl,data/cache/baostock_5m/600310_5min.pkl,data/cache/limit_ups/2026-03-30_limitups.pkl|data/cache/limit_ups/2026-03-27_limitups.pkl|data/cache/limit_ups/2026-03-26_limitups.pkl,True,163
600844,PASS,,,,,FEATURE_RECONSTRUCTION,,,,600844_2026-03-30,2026-03-30,2026-03-27,data/cache/daily/600844_daily.pkl,data/cache/baostock_5m/600844_5min.pkl,data/cache/limit_ups/2026-03-30_limitups.pkl|data/cache/limit_ups/2026-03-27_limitups.pkl|data/cache/limit_ups/2026-03-26_limitups.pkl,True,163
603026,PASS,,,,,FEATURE_RECONSTRUCTION,,,,603026_2026-03-30,2026-03-30,2026-03-27,data/cache/daily/603026_daily.pkl,data/cache/baostock_5m/603026_5min.pkl,data/cache/limit_ups/2026-03-30_limitups.pkl|data/cache/limit_ups/2026-03-27_limitups.pkl|data/cache/limit_ups/2026-03-26_limitups.pkl,True,163
000890,PASS,,,,,FEATURE_RECONSTRUCTION,,,,000890_2026-03-31,2026-03-31,2026-03-30,data/cache/daily/000890_daily.pkl,data/cache/baostock_5m/000890_5min.pkl,data/cache/limit_ups/2026-03-31_limitups.pkl|data/cache/limit_ups/2026-03-30_limitups.pkl|data/cache/limit_ups/2026-03-27_limitups.pkl,True,171
002038,PASS,,,,,FEATURE_RECONSTRUCTION,,,,002038_2026-03-31,2026-03-31,2026-03-30,data/cache/daily/002038_daily.pkl,data/cache/baostock_5m/002038_5min.pkl,data/cache/limit_ups/2026-03-31_limitups.pkl|data/cache/limit_ups/2026-03-30_limitups.pkl|data/cache/limit_ups/2026-03-27_limitups.pkl,True,171
002432,PASS,,,,,FEATURE_RECONSTRUCTION,,,,002432_2026-03-31,2026-03-31,2026-03-30,data/cache/daily/002432_daily.pkl,data/cache/baostock_5m/002432_5min.pkl,data/cache/limit_ups/2026-03-31_limitups.pkl|data/cache/limit_ups/2026-03-30_limitups.pkl|data/cache/limit_ups/2026-03-27_limitups.pkl,True,171
003042,PASS,,,,,FEATURE_RECONSTRUCTION,,,,003042_2026-03-31,2026-03-31,2026-03-30,data/cache/daily_unadjusted/003042_daily.pkl,data/cache/baostock_5m/003042_5min.pkl,data/cache/limit_ups/2026-03-31_limitups.pkl|data/cache/limit_ups/2026-03-30_limitups.pkl|data/cache/limit_ups/2026-03-27_limitups.pkl,True,171
600513,PASS,,,,,FEATURE_RECONSTRUCTION,,,,600513_2026-03-31,2026-03-31,2026-03-30,data/cache/daily/600513_daily.pkl,data/cache/baostock_5m/600513_5min.pkl,data/cache/limit_ups/2026-03-31_limitups.pkl|data/cache/limit_ups/2026-03-30_limitups.pkl|data/cache/limit_ups/2026-03-27_limitups.pkl,True,171
600539,PASS,,,,,FEATURE_RECONSTRUCTION,,,,600539_2026-03-31,2026-03-31,2026-03-30,data/cache/daily/600539_daily.pkl,data/cache/baostock_5m/600539_5min.pkl,data/cache/limit_ups/2026-03-31_limitups.pkl|data/cache/limit_ups/2026-03-30_limitups.pkl|data/cache/limit_ups/2026-03-27_limitups.pkl,True,171
600955,PASS,,,,,FEATURE_RECONSTRUCTION,,,,600955_2026-03-31,2026-03-31,2026-03-30,data/cache/daily_unadjusted/600955_daily.pkl,data/cache/baostock_5m/600955_5min.pkl,data/cache/limit_ups/2026-03-31_limitups.pkl|data/cache/limit_ups/2026-03-30_limitups.pkl|data/cache/limit_ups/2026-03-27_limitups.pkl,True,171
600996,PASS,,,,,FEATURE_RECONSTRUCTION,,,,600996_2026-03-31,2026-03-31,2026-03-30,data/cache/daily/600996_daily.pkl,data/cache/baostock_5m/600996_5min.pkl,data/cache/limit_ups/2026-03-31_limitups.pkl|data/cache/limit_ups/2026-03-30_limitups.pkl|data/cache/limit_ups/2026-03-27_limitups.pkl,True,171
603585,PASS,,,,,FEATURE_RECONSTRUCTION,,,,603585_2026-03-31,2026-03-31,2026-03-30,data/cache/daily_unadjusted/603585_daily.pkl,data/cache/baostock_5m/603585_5min.pkl,data/cache/limit_ups/2026-03-31_limitups.pkl|data/cache/limit_ups/2026-03-30_limitups.pkl|data/cache/limit_ups/2026-03-27_limitups.pkl,True,171
603618,PASS,,,,,FEATURE_RECONSTRUCTION,,,,603618_2026-03-31,2026-03-31,2026-03-30,data/cache/daily/603618_daily.pkl,data/cache/baostock_5m/603618_5min.pkl,data/cache/limit_ups/2026-03-31_limitups.pkl|data/cache/limit_ups/2026-03-30_limitups.pkl|data/cache/limit_ups/2026-03-27_limitups.pkl,True,171
000008,PASS,,,,,FEATURE_RECONSTRUCTION,,,,000008_2026-04-01,2026-04-01,2026-03-31,data/cache/daily/000008_daily.pkl,data/cache/baostock_5m/000008_5min.pkl,data/cache/limit_ups/2026-04-01_limitups.pkl|data/cache/limit_ups/2026-03-31_limitups.pkl|data/cache/limit_ups/2026-03-30_limitups.pkl,True,148
000592,PASS,,,,,FEATURE_RECONSTRUCTION,,,,000592_2026-04-01,2026-04-01,2026-03-31,data/cache/daily/000592_daily.pkl,data/cache/baostock_5m/000592_5min.pkl,data/cache/limit_ups/2026-04-01_limitups.pkl|data/cache/limit_ups/2026-03-31_limitups.pkl|data/cache/limit_ups/2026-03-30_limitups.pkl,True,148
002578,PASS,,,,,FEATURE_RECONSTRUCTION,,,,002578_2026-04-01,2026-04-01,2026-03-31,data/cache/daily_unadjusted/002578_daily.pkl,data/cache/baostock_5m/002578_5min.pkl,data/cache/limit_ups/2026-04-01_limitups.pkl|data/cache/limit_ups/2026-03-31_limitups.pkl|data/cache/limit_ups/2026-03-30_limitups.pkl,True,148
600502,PASS,,,,,FEATURE_RECONSTRUCTION,,,,600502_2026-04-01,2026-04-01,2026-03-31,data/cache/daily_unadjusted/600502_daily.pkl,data/cache/baostock_5m/600502_5min.pkl,data/cache/limit_ups/2026-04-01_limitups.pkl|data/cache/limit_ups/2026-03-31_limitups.pkl|data/cache/limit_ups/2026-03-30_limitups.pkl,True,148
002821,PASS,,,,,FEATURE_RECONSTRUCTION,,,,002821_2026-04-02,2026-04-02,2026-04-01,data/cache/daily/002821_daily.pkl,data/cache/baostock_5m/002821_5min.pkl,data/cache/limit_ups/2026-04-02_limitups.pkl|data/cache/limit_ups/2026-04-01_limitups.pkl|data/cache/limit_ups/2026-03-31_limitups.pkl|data/cache/limit_ups/2026-03-30_limitups.pkl,True,173
000788,PASS,,,,,FEATURE_RECONSTRUCTION,,,,000788_2026-04-03,2026-04-03,2026-04-02,data/cache/daily_unadjusted/000788_daily.pkl,data/cache/baostock_5m/000788_5min.pkl,data/cache/limit_ups/2026-04-03_limitups.pkl|data/cache/limit_ups/2026-04-02_limitups.pkl|data/cache/limit_ups/2026-04-01_limitups.pkl|data/cache/limit_ups/2026-03-31_limitups.pkl|data/cache/limit_ups/2026-03-30_limitups.pkl,True,199
002560,PASS,,,,,FEATURE_RECONSTRUCTION,,,,002560_2026-04-03,2026-04-03,2026-04-02,data/cache/daily/002560_daily.pkl,data/cache/baostock_5m/002560_5min.pkl,data/cache/limit_ups/2026-04-03_limitups.pkl|data/cache/limit_ups/2026-04-02_limitups.pkl|data/cache/limit_ups/2026-04-01_limitups.pkl|data/cache/limit_ups/2026-03-31_limitups.pkl|data/cache/limit_ups/2026-03-30_limitups.pkl,True,199
600594,PASS,,,,,FEATURE_RECONSTRUCTION,,,,600594_2026-04-03,2026-04-03,2026-04-02,data/cache/daily/600594_daily.pkl,data/cache/baostock_5m/600594_5min.pkl,data/cache/limit_ups/2026-04-03_limitups.pkl|data/cache/limit_ups/2026-04-02_limitups.pkl|data/cache/limit_ups/2026-04-01_limitups.pkl|data/cache/limit_ups/2026-03-31_limitups.pkl|data/cache/limit_ups/2026-03-30_limitups.pkl,True,199
605162,PASS,,,,,FEATURE_RECONSTRUCTION,,,,605162_2026-04-03,2026-04-03,2026-04-02,data/cache/daily/605162_daily.pkl,data/cache/baostock_5m/605162_5min.pkl,data/cache/limit_ups/2026-04-03_limitups.pkl|data/cache/limit_ups/2026-04-02_limitups.pkl|data/cache/limit_ups/2026-04-01_limitups.pkl|data/cache/limit_ups/2026-03-31_limitups.pkl|data/cache/limit_ups/2026-03-30_limitups.pkl,True,199
000950,PASS,,,,,FEATURE_RECONSTRUCTION,,,,000950_2026-04-07,2026-04-07,2026-04-03,data/cache/daily/000950_daily.pkl,data/cache/baostock_5m/000950_5min.pkl,data/cache/limit_ups/2026-04-07_limitups.pkl|data/cache/limit_ups/2026-04-03_limitups.pkl,True,107
000720,PASS,,,,,FEATURE_RECONSTRUCTION,,,,000720_2026-04-08,2026-04-08,2026-04-07,data/cache/daily/000720_daily.pkl,data/cache/baostock_5m/000720_5min.pkl,data/cache/limit_ups/2026-04-08_limitups.pkl|data/cache/limit_ups/2026-04-07_limitups.pkl,True,191
002980,PASS,,,,,FEATURE_RECONSTRUCTION,,,,002980_2026-04-08,2026-04-08,2026-04-07,data/cache/daily/002980_daily.pkl,data/cache/baostock_5m/002980_5min.pkl,data/cache/limit_ups/2026-04-08_limitups.pkl|data/cache/limit_ups/2026-04-07_limitups.pkl,True,191
603123,PASS,,,,,FEATURE_RECONSTRUCTION,,,,603123_2026-04-08,2026-04-08,2026-04-07,data/cache/daily/603123_daily.pkl,data/cache/baostock_5m/603123_5min.pkl,data/cache/limit_ups/2026-04-08_limitups.pkl|data/cache/limit_ups/2026-04-07_limitups.pkl,True,191
605589,PASS,,,,,FEATURE_RECONSTRUCTION,,,,605589_2026-04-08,2026-04-08,2026-04-07,data/cache/daily/605589_daily.pkl,data/cache/baostock_5m/605589_5min.pkl,data/cache/limit_ups/2026-04-08_limitups.pkl|data/cache/limit_ups/2026-04-07_limitups.pkl,True,191
000919,PASS,,,,,FEATURE_RECONSTRUCTION,,,,000919_2026-04-09,2026-04-09,2026-04-08,data/cache/daily_unadjusted/000919_daily.pkl,data/cache/baostock_5m/000919_5min.pkl,data/cache/limit_ups/2026-04-09_limitups.pkl|data/cache/limit_ups/2026-04-08_limitups.pkl|data/cache/limit_ups/2026-04-07_limitups.pkl,True,241
002051,PASS,,,,,FEATURE_RECONSTRUCTION,,,,002051_2026-04-09,2026-04-09,2026-04-08,data/cache/daily/002051_daily.pkl,data/cache/baostock_5m/002051_5min.pkl,data/cache/limit_ups/2026-04-09_limitups.pkl|data/cache/limit_ups/2026-04-08_limitups.pkl|data/cache/limit_ups/2026-04-07_limitups.pkl,True,241
002181,PASS,,,,,FEATURE_RECONSTRUCTION,,,,002181_2026-04-09,2026-04-09,2026-04-08,data/cache/daily/002181_daily.pkl,data/cache/baostock_5m/002181_5min.pkl,data/cache/limit_ups/2026-04-09_limitups.pkl|data/cache/limit_ups/2026-04-08_limitups.pkl|data/cache/limit_ups/2026-04-07_limitups.pkl,True,241
002348,PASS,,,,,FEATURE_RECONSTRUCTION,,,,002348_2026-04-09,2026-04-09,2026-04-08,data/cache/daily/002348_daily.pkl,data/cache/baostock_5m/002348_5min.pkl,data/cache/limit_ups/2026-04-09_limitups.pkl|data/cache/limit_ups/2026-04-08_limitups.pkl|data/cache/limit_ups/2026-04-07_limitups.pkl,True,241
002491,PASS,,,,,FEATURE_RECONSTRUCTION,,,,002491_2026-04-09,2026-04-09,2026-04-08,data/cache/daily/002491_daily.pkl,data/cache/baostock_5m/002491_5min.pkl,data/cache/limit_ups/2026-04-09_limitups.pkl|data/cache/limit_ups/2026-04-08_limitups.pkl|data/cache/limit_ups/2026-04-07_limitups.pkl,True,241
002663,PASS,,,,,FEATURE_RECONSTRUCTION,,,,002663_2026-04-09,2026-04-09,2026-04-08,data/cache/daily_unadjusted/002663_daily.pkl,data/cache/baostock_5m/002663_5min.pkl,data/cache/limit_ups/2026-04-09_limitups.pkl|data/cache/limit_ups/2026-04-08_limitups.pkl|data/cache/limit_ups/2026-04-07_limitups.pkl,True,241
002957,PASS,,,,,FEATURE_RECONSTRUCTION,,,,002957_2026-04-09,2026-04-09,2026-04-08,data/cache/daily/002957_daily.pkl,data/cache/baostock_5m/002957_5min.pkl,data/cache/limit_ups/2026-04-09_limitups.pkl|data/cache/limit_ups/2026-04-08_limitups.pkl|data/cache/limit_ups/2026-04-07_limitups.pkl,True,241
600654,PASS,,,,,FEATURE_RECONSTRUCTION,,,,600654_2026-04-09,2026-04-09,2026-04-08,data/cache/daily_unadjusted/600654_daily.pkl,data/cache/baostock_5m/600654_5min.pkl,data/cache/limit_ups/2026-04-09_limitups.pkl|data/cache/limit_ups/2026-04-08_limitups.pkl|data/cache/limit_ups/2026-04-07_limitups.pkl,True,241
605162,PASS,,,,,FEATURE_RECONSTRUCTION,,,,605162_2026-04-09,2026-04-09,2026-04-08,data/cache/daily/605162_daily.pkl,data/cache/baostock_5m/605162_5min.pkl,data/cache/limit_ups/2026-04-09_limitups.pkl|data/cache/limit_ups/2026-04-08_limitups.pkl|data/cache/limit_ups/2026-04-07_limitups.pkl,True,241
002213,PASS,,,,,FEATURE_RECONSTRUCTION,,,,002213_2026-04-10,2026-04-10,2026-04-09,data/cache/daily/002213_daily.pkl,data/cache/baostock_5m/002213_5min.pkl,data/cache/limit_ups/2026-04-10_limitups.pkl|data/cache/limit_ups/2026-04-09_limitups.pkl|data/cache/limit_ups/2026-04-08_limitups.pkl|data/cache/limit_ups/2026-04-07_limitups.pkl,True,294
002342,PASS,,,,,FEATURE_RECONSTRUCTION,,,,002342_2026-04-10,2026-04-10,2026-04-09,data/cache/daily/002342_daily.pkl,data/cache/baostock_5m/002342_5min.pkl,data/cache/limit_ups/2026-04-10_limitups.pkl|data/cache/limit_ups/2026-04-09_limitups.pkl|data/cache/limit_ups/2026-04-08_limitups.pkl|data/cache/limit_ups/2026-04-07_limitups.pkl,True,294
002384,PASS,,,,,FEATURE_RECONSTRUCTION,,,,002384_2026-04-10,2026-04-10,2026-04-09,data/cache/daily/002384_daily.pkl,data/cache/baostock_5m/002384_5min.pkl,data/cache/limit_ups/2026-04-10_limitups.pkl|data/cache/limit_ups/2026-04-09_limitups.pkl|data/cache/limit_ups/2026-04-08_limitups.pkl|data/cache/limit_ups/2026-04-07_limitups.pkl,True,294
002536,PASS,,,,,FEATURE_RECONSTRUCTION,,,,002536_2026-04-10,2026-04-10,2026-04-09,data/cache/daily/002536_daily.pkl,data/cache/baostock_5m/002536_5min.pkl,data/cache/limit_ups/2026-04-10_limitups.pkl|data/cache/limit_ups/2026-04-09_limitups.pkl|data/cache/limit_ups/2026-04-08_limitups.pkl|data/cache/limit_ups/2026-04-07_limitups.pkl,True,294
002975,PASS,,,,,FEATURE_RECONSTRUCTION,,,,002975_2026-04-10,2026-04-10,2026-04-09,data/cache/daily/002975_daily.pkl,data/cache/baostock_5m/002975_5min.pkl,data/cache/limit_ups/2026-04-10_limitups.pkl|data/cache/limit_ups/2026-04-09_limitups.pkl|data/cache/limit_ups/2026-04-08_limitups.pkl|data/cache/limit_ups/2026-04-07_limitups.pkl,True,294
603306,PASS,,,,,FEATURE_RECONSTRUCTION,,,,603306_2026-04-10,2026-04-10,2026-04-09,data/cache/daily/603306_daily.pkl,data/cache/baostock_5m/603306_5min.pkl,data/cache/limit_ups/2026-04-10_limitups.pkl|data/cache/limit_ups/2026-04-09_limitups.pkl|data/cache/limit_ups/2026-04-08_limitups.pkl|data/cache/limit_ups/2026-04-07_limitups.pkl,True,294
603757,PASS,,,,,FEATURE_RECONSTRUCTION,,,,603757_2026-04-10,2026-04-10,2026-04-09,data/cache/daily/603757_daily.pkl,data/cache/baostock_5m/603757_5min.pkl,data/cache/limit_ups/2026-04-10_limitups.pkl|data/cache/limit_ups/2026-04-09_limitups.pkl|data/cache/limit_ups/2026-04-08_limitups.pkl|data/cache/limit_ups/2026-04-07_limitups.pkl,True,294
605318,PASS,,,,,FEATURE_RECONSTRUCTION,,,,605318_2026-04-10,2026-04-10,2026-04-09,data/cache/daily/605318_daily.pkl,data/cache/baostock_5m/605318_5min.pkl,data/cache/limit_ups/2026-04-10_limitups.pkl|data/cache/limit_ups/2026-04-09_limitups.pkl|data/cache/limit_ups/2026-04-08_limitups.pkl|data/cache/limit_ups/2026-04-07_limitups.pkl,True,294
000889,PASS,,,,,FEATURE_RECONSTRUCTION,,,,000889_2026-04-13,2026-04-13,2026-04-10,data/cache/daily/000889_daily.pkl,data/cache/baostock_5m/000889_5min.pkl,data/cache/limit_ups/2026-04-13_limitups.pkl|data/cache/limit_ups/2026-04-10_limitups.pkl|data/cache/limit_ups/2026-04-09_limitups.pkl,True,156
002328,PASS,,,,,FEATURE_RECONSTRUCTION,,,,002328_2026-04-13,2026-04-13,2026-04-10,data/cache/daily/002328_daily.pkl,data/cache/baostock_5m/002328_5min.pkl,data/cache/limit_ups/2026-04-13_limitups.pkl|data/cache/limit_ups/2026-04-10_limitups.pkl|data/cache/limit_ups/2026-04-09_limitups.pkl,True,156
002824,PASS,,,,,FEATURE_RECONSTRUCTION,,,,002824_2026-04-13,2026-04-13,2026-04-10,data/cache/daily/002824_daily.pkl,data/cache/baostock_5m/002824_5min.pkl,data/cache/limit_ups/2026-04-13_limitups.pkl|data/cache/limit_ups/2026-04-10_limitups.pkl|data/cache/limit_ups/2026-04-09_limitups.pkl,True,156
002962,PASS,,,,,FEATURE_RECONSTRUCTION,,,,002962_2026-04-13,2026-04-13,2026-04-10,data/cache/daily/002962_daily.pkl,data/cache/baostock_5m/002962_5min.pkl,data/cache/limit_ups/2026-04-13_limitups.pkl|data/cache/limit_ups/2026-04-10_limitups.pkl|data/cache/limit_ups/2026-04-09_limitups.pkl,True,156
600345,PASS,,,,,FEATURE_RECONSTRUCTION,,,,600345_2026-04-13,2026-04-13,2026-04-10,data/cache/daily/600345_daily.pkl,data/cache/baostock_5m/600345_5min.pkl,data/cache/limit_ups/2026-04-13_limitups.pkl|data/cache/limit_ups/2026-04-10_limitups.pkl|data/cache/limit_ups/2026-04-09_limitups.pkl,True,156
600707,PASS,,,,,FEATURE_RECONSTRUCTION,,,,600707_2026-04-13,2026-04-13,2026-04-10,data/cache/daily/600707_daily.pkl,data/cache/baostock_5m/600707_5min.pkl,data/cache/limit_ups/2026-04-13_limitups.pkl|data/cache/limit_ups/2026-04-10_limitups.pkl|data/cache/limit_ups/2026-04-09_limitups.pkl,True,156
603773,PASS,,,,,FEATURE_RECONSTRUCTION,,,,603773_2026-04-13,2026-04-13,2026-04-10,data/cache/daily/603773_daily.pkl,data/cache/baostock_5m/603773_5min.pkl,data/cache/limit_ups/2026-04-13_limitups.pkl|data/cache/limit_ups/2026-04-10_limitups.pkl|data/cache/limit_ups/2026-04-09_limitups.pkl,True,156
603777,PASS,,,,,FEATURE_RECONSTRUCTION,,,,603777_2026-04-13,2026-04-13,2026-04-10,data/cache/daily/603777_daily.pkl,data/cache/baostock_5m/603777_5min.pkl,data/cache/limit_ups/2026-04-13_limitups.pkl|data/cache/limit_ups/2026-04-10_limitups.pkl|data/cache/limit_ups/2026-04-09_limitups.pkl,True,156
603933,PASS,,,,,FEATURE_RECONSTRUCTION,,,,603933_2026-04-13,2026-04-13,2026-04-10,data/cache/daily/603933_daily.pkl,data/cache/baostock_5m/603933_5min.pkl,data/cache/limit_ups/2026-04-13_limitups.pkl|data/cache/limit_ups/2026-04-10_limitups.pkl|data/cache/limit_ups/2026-04-09_limitups.pkl,True,156
000402,PASS,,,,,FEATURE_RECONSTRUCTION,,,,000402_2026-04-14,2026-04-14,2026-04-13,data/cache/daily/000402_daily.pkl,data/cache/baostock_5m/000402_5min.pkl,data/cache/limit_ups/2026-04-14_limitups.pkl|data/cache/limit_ups/2026-04-13_limitups.pkl|data/cache/limit_ups/2026-04-10_limitups.pkl,True,155
002418,PASS,,,,,FEATURE_RECONSTRUCTION,,,,002418_2026-04-14,2026-04-14,2026-04-13,data/cache/daily/002418_daily.pkl,data/cache/baostock_5m/002418_5min.pkl,data/cache/limit_ups/2026-04-14_limitups.pkl|data/cache/limit_ups/2026-04-13_limitups.pkl|data/cache/limit_ups/2026-04-10_limitups.pkl,True,155
605255,PASS,,,,,FEATURE_RECONSTRUCTION,,,,605255_2026-04-14,2026-04-14,2026-04-13,data/cache/daily/605255_daily.pkl,data/cache/baostock_5m/605255_5min.pkl,data/cache/limit_ups/2026-04-14_limitups.pkl|data/cache/limit_ups/2026-04-13_limitups.pkl|data/cache/limit_ups/2026-04-10_limitups.pkl,True,155
001299,PASS,,,,,FEATURE_RECONSTRUCTION,,,,001299_2026-04-15,2026-04-15,2026-04-14,data/cache/daily/001299_daily.pkl,data/cache/baostock_5m/001299_5min.pkl,data/cache/limit_ups/2026-04-15_limitups.pkl|data/cache/limit_ups/2026-04-14_limitups.pkl|data/cache/limit_ups/2026-04-13_limitups.pkl,True,156
600152,PASS,,,,,FEATURE_RECONSTRUCTION,,,,600152_2026-04-15,2026-04-15,2026-04-14,data/cache/daily/600152_daily.pkl,data/cache/baostock_5m/600152_5min.pkl,data/cache/limit_ups/2026-04-15_limitups.pkl|data/cache/limit_ups/2026-04-14_limitups.pkl|data/cache/limit_ups/2026-04-13_limitups.pkl,True,156
600396,PASS,,,,,FEATURE_RECONSTRUCTION,,,,600396_2026-04-15,2026-04-15,2026-04-14,data/cache/daily/600396_daily.pkl,data/cache/baostock_5m/600396_5min.pkl,data/cache/limit_ups/2026-04-15_limitups.pkl|data/cache/limit_ups/2026-04-14_limitups.pkl|data/cache/limit_ups/2026-04-13_limitups.pkl,True,156
000889,PASS,,,,,FEATURE_RECONSTRUCTION,,,,000889_2026-04-16,2026-04-16,2026-04-15,data/cache/daily/000889_daily.pkl,data/cache/baostock_5m/000889_5min.pkl,data/cache/limit_ups/2026-04-16_limitups.pkl|data/cache/limit_ups/2026-04-15_limitups.pkl|data/cache/limit_ups/2026-04-14_limitups.pkl|data/cache/limit_ups/2026-04-13_limitups.pkl,True,224
002051,PASS,,,,,FEATURE_RECONSTRUCTION,,,,002051_2026-04-16,2026-04-16,2026-04-15,data/cache/daily/002051_daily.pkl,data/cache/baostock_5m/002051_5min.pkl,data/cache/limit_ups/2026-04-16_limitups.pkl|data/cache/limit_ups/2026-04-15_limitups.pkl|data/cache/limit_ups/2026-04-14_limitups.pkl|data/cache/limit_ups/2026-04-13_limitups.pkl,True,224
002124,PASS,,,,,FEATURE_RECONSTRUCTION,,,,002124_2026-04-16,2026-04-16,2026-04-15,data/cache/daily/002124_daily.pkl,data/cache/baostock_5m/002124_5min.pkl,data/cache/limit_ups/2026-04-16_limitups.pkl|data/cache/limit_ups/2026-04-15_limitups.pkl|data/cache/limit_ups/2026-04-14_limitups.pkl|data/cache/limit_ups/2026-04-13_limitups.pkl,True,224
002980,PASS,,,,,FEATURE_RECONSTRUCTION,,,,002980_2026-04-16,2026-04-16,2026-04-15,data/cache/daily/002980_daily.pkl,data/cache/baostock_5m/002980_5min.pkl,data/cache/limit_ups/2026-04-16_limitups.pkl|data/cache/limit_ups/2026-04-15_limitups.pkl|data/cache/limit_ups/2026-04-14_limitups.pkl|data/cache/limit_ups/2026-04-13_limitups.pkl,True,224
600605,PASS,,,,,FEATURE_RECONSTRUCTION,,,,600605_2026-04-16,2026-04-16,2026-04-15,data/cache/daily_unadjusted/600605_daily.pkl,data/cache/baostock_5m/600605_5min.pkl,data/cache/limit_ups/2026-04-16_limitups.pkl|data/cache/limit_ups/2026-04-15_limitups.pkl|data/cache/limit_ups/2026-04-14_limitups.pkl|data/cache/limit_ups/2026-04-13_limitups.pkl,True,224
600664,PASS,,,,,FEATURE_RECONSTRUCTION,,,,600664_2026-04-16,2026-04-16,2026-04-15,data/cache/daily/600664_daily.pkl,data/cache/baostock_5m/600664_5min.pkl,data/cache/limit_ups/2026-04-16_limitups.pkl|data/cache/limit_ups/2026-04-15_limitups.pkl|data/cache/limit_ups/2026-04-14_limitups.pkl|data/cache/limit_ups/2026-04-13_limitups.pkl,True,224
603629,PASS,,,,,FEATURE_RECONSTRUCTION,,,,603629_2026-04-16,2026-04-16,2026-04-15,data/cache/daily/603629_daily.pkl,data/cache/baostock_5m/603629_5min.pkl,data/cache/limit_ups/2026-04-16_limitups.pkl|data/cache/limit_ups/2026-04-15_limitups.pkl|data/cache/limit_ups/2026-04-14_limitups.pkl|data/cache/limit_ups/2026-04-13_limitups.pkl,True,224
603698,PASS,,,,,FEATURE_RECONSTRUCTION,,,,603698_2026-04-16,2026-04-16,2026-04-15,data/cache/daily/603698_daily.pkl,data/cache/baostock_5m/603698_5min.pkl,data/cache/limit_ups/2026-04-16_limitups.pkl|data/cache/limit_ups/2026-04-15_limitups.pkl|data/cache/limit_ups/2026-04-14_limitups.pkl|data/cache/limit_ups/2026-04-13_limitups.pkl,True,224
002033,PASS,,,,,FEATURE_RECONSTRUCTION,,,,002033_2026-04-17,2026-04-17,2026-04-16,data/cache/daily_unadjusted/002033_daily.pkl,data/cache/baostock_5m/002033_5min.pkl,data/cache/limit_ups/2026-04-17_limitups.pkl|data/cache/limit_ups/2026-04-16_limitups.pkl|data/cache/limit_ups/2026-04-15_limitups.pkl|data/cache/limit_ups/2026-04-14_limitups.pkl|data/cache/limit_ups/2026-04-13_limitups.pkl,True,282
002468,PASS,,,,,FEATURE_RECONSTRUCTION,,,,002468_2026-04-17,2026-04-17,2026-04-16,data/cache/daily_unadjusted/002468_daily.pkl,data/cache/baostock_5m/002468_5min.pkl,data/cache/limit_ups/2026-04-17_limitups.pkl|data/cache/limit_ups/2026-04-16_limitups.pkl|data/cache/limit_ups/2026-04-15_limitups.pkl|data/cache/limit_ups/2026-04-14_limitups.pkl|data/cache/limit_ups/2026-04-13_limitups.pkl,True,282
603687,PASS,,,,,FEATURE_RECONSTRUCTION,,,,603687_2026-04-17,2026-04-17,2026-04-16,data/cache/daily/603687_daily.pkl,data/cache/baostock_5m/603687_5min.pkl,data/cache/limit_ups/2026-04-17_limitups.pkl|data/cache/limit_ups/2026-04-16_limitups.pkl|data/cache/limit_ups/2026-04-15_limitups.pkl|data/cache/limit_ups/2026-04-14_limitups.pkl|data/cache/limit_ups/2026-04-13_limitups.pkl,True,282
002802,PASS,,,,,FEATURE_RECONSTRUCTION,,,,002802_2026-04-20,2026-04-20,2026-04-17,data/cache/daily_unadjusted/002802_daily.pkl,data/cache/baostock_5m/002802_5min.pkl,data/cache/limit_ups/2026-04-20_limitups.pkl|data/cache/limit_ups/2026-04-17_limitups.pkl|data/cache/limit_ups/2026-04-16_limitups.pkl,True,199
002940,PASS,,,,,FEATURE_RECONSTRUCTION,,,,002940_2026-04-20,2026-04-20,2026-04-17,data/cache/daily/002940_daily.pkl,data/cache/baostock_5m/002940_5min.pkl,data/cache/limit_ups/2026-04-20_limitups.pkl|data/cache/limit_ups/2026-04-17_limitups.pkl|data/cache/limit_ups/2026-04-16_limitups.pkl,True,199
600683,PASS,,,,,FEATURE_RECONSTRUCTION,,,,600683_2026-04-20,2026-04-20,2026-04-17,data/cache/daily/600683_daily.pkl,data/cache/baostock_5m/600683_5min.pkl,data/cache/limit_ups/2026-04-20_limitups.pkl|data/cache/limit_ups/2026-04-17_limitups.pkl|data/cache/limit_ups/2026-04-16_limitups.pkl,True,199
603315,PASS,,,,,FEATURE_RECONSTRUCTION,,,,603315_2026-04-20,2026-04-20,2026-04-17,data/cache/daily/603315_daily.pkl,data/cache/baostock_5m/603315_5min.pkl,data/cache/limit_ups/2026-04-20_limitups.pkl|data/cache/limit_ups/2026-04-17_limitups.pkl|data/cache/limit_ups/2026-04-16_limitups.pkl,True,199
605388,PASS,,,,,FEATURE_RECONSTRUCTION,,,,605388_2026-04-20,2026-04-20,2026-04-17,data/cache/daily/605388_daily.pkl,data/cache/baostock_5m/605388_5min.pkl,data/cache/limit_ups/2026-04-20_limitups.pkl|data/cache/limit_ups/2026-04-17_limitups.pkl|data/cache/limit_ups/2026-04-16_limitups.pkl,True,199
001400,PASS,,,,,FEATURE_RECONSTRUCTION,,,,001400_2026-04-21,2026-04-21,2026-04-20,data/cache/daily/001400_daily.pkl,data/cache/baostock_5m/001400_5min.pkl,data/cache/limit_ups/2026-04-21_limitups.pkl|data/cache/limit_ups/2026-04-20_limitups.pkl|data/cache/limit_ups/2026-04-17_limitups.pkl,True,175
002217,PASS,,,,,FEATURE_RECONSTRUCTION,,,,002217_2026-04-21,2026-04-21,2026-04-20,data/cache/daily/002217_daily.pkl,data/cache/baostock_5m/002217_5min.pkl,data/cache/limit_ups/2026-04-21_limitups.pkl|data/cache/limit_ups/2026-04-20_limitups.pkl|data/cache/limit_ups/2026-04-17_limitups.pkl,True,175
002418,PASS,,,,,FEATURE_RECONSTRUCTION,,,,002418_2026-04-21,2026-04-21,2026-04-20,data/cache/daily/002418_daily.pkl,data/cache/baostock_5m/002418_5min.pkl,data/cache/limit_ups/2026-04-21_limitups.pkl|data/cache/limit_ups/2026-04-20_limitups.pkl|data/cache/limit_ups/2026-04-17_limitups.pkl,True,175
002428,PASS,,,,,FEATURE_RECONSTRUCTION,,,,002428_2026-04-21,2026-04-21,2026-04-20,data/cache/daily/002428_daily.pkl,data/cache/baostock_5m/002428_5min.pkl,data/cache/limit_ups/2026-04-21_limitups.pkl|data/cache/limit_ups/2026-04-20_limitups.pkl|data/cache/limit_ups/2026-04-17_limitups.pkl,True,175
600156,PASS,,,,,FEATURE_RECONSTRUCTION,,,,600156_2026-04-21,2026-04-21,2026-04-20,data/cache/daily/600156_daily.pkl,data/cache/baostock_5m/600156_5min.pkl,data/cache/limit_ups/2026-04-21_limitups.pkl|data/cache/limit_ups/2026-04-20_limitups.pkl|data/cache/limit_ups/2026-04-17_limitups.pkl,True,175
600234,PASS,,,,,FEATURE_RECONSTRUCTION,,,,600234_2026-04-21,2026-04-21,2026-04-20,data/cache/daily/600234_daily.pkl,data/cache/baostock_5m/600234_5min.pkl,data/cache/limit_ups/2026-04-21_limitups.pkl|data/cache/limit_ups/2026-04-20_limitups.pkl|data/cache/limit_ups/2026-04-17_limitups.pkl,True,175
600330,PASS,,,,,FEATURE_RECONSTRUCTION,,,,600330_2026-04-21,2026-04-21,2026-04-20,data/cache/daily/600330_daily.pkl,data/cache/baostock_5m/600330_5min.pkl,data/cache/limit_ups/2026-04-21_limitups.pkl|data/cache/limit_ups/2026-04-20_limitups.pkl|data/cache/limit_ups/2026-04-17_limitups.pkl,True,175
600707,PASS,,,,,FEATURE_RECONSTRUCTION,,,,600707_2026-04-21,2026-04-21,2026-04-20,data/cache/daily/600707_daily.pkl,data/cache/baostock_5m/600707_5min.pkl,data/cache/limit_ups/2026-04-21_limitups.pkl|data/cache/limit_ups/2026-04-20_limitups.pkl|data/cache/limit_ups/2026-04-17_limitups.pkl,True,175
603052,PASS,,,,,FEATURE_RECONSTRUCTION,,,,603052_2026-04-21,2026-04-21,2026-04-20,data/cache/daily/603052_daily.pkl,data/cache/baostock_5m/603052_5min.pkl,data/cache/limit_ups/2026-04-21_limitups.pkl|data/cache/limit_ups/2026-04-20_limitups.pkl|data/cache/limit_ups/2026-04-17_limitups.pkl,True,175
603773,PASS,,,,,FEATURE_RECONSTRUCTION,,,,603773_2026-04-21,2026-04-21,2026-04-20,data/cache/daily/603773_daily.pkl,data/cache/baostock_5m/603773_5min.pkl,data/cache/limit_ups/2026-04-21_limitups.pkl|data/cache/limit_ups/2026-04-20_limitups.pkl|data/cache/limit_ups/2026-04-17_limitups.pkl,True,175
002361,PASS,,,,,FEATURE_RECONSTRUCTION,,,,002361_2026-04-22,2026-04-22,2026-04-21,data/cache/daily/002361_daily.pkl,data/cache/baostock_5m/002361_5min.pkl,data/cache/limit_ups/2026-04-22_limitups.pkl|data/cache/limit_ups/2026-04-21_limitups.pkl|data/cache/limit_ups/2026-04-20_limitups.pkl,True,166
600103,PASS,,,,,FEATURE_RECONSTRUCTION,,,,600103_2026-04-22,2026-04-22,2026-04-21,data/cache/daily/600103_daily.pkl,data/cache/baostock_5m/600103_5min.pkl,data/cache/limit_ups/2026-04-22_limitups.pkl|data/cache/limit_ups/2026-04-21_limitups.pkl|data/cache/limit_ups/2026-04-20_limitups.pkl,True,166
600979,PASS,,,,,FEATURE_RECONSTRUCTION,,,,600979_2026-04-22,2026-04-22,2026-04-21,data/cache/daily/600979_daily.pkl,data/cache/baostock_5m/600979_5min.pkl,data/cache/limit_ups/2026-04-22_limitups.pkl|data/cache/limit_ups/2026-04-21_limitups.pkl|data/cache/limit_ups/2026-04-20_limitups.pkl,True,166
603017,PASS,,,,,FEATURE_RECONSTRUCTION,,,,603017_2026-04-22,2026-04-22,2026-04-21,data/cache/daily_unadjusted/603017_daily.pkl,data/cache/baostock_5m/603017_5min.pkl,data/cache/limit_ups/2026-04-22_limitups.pkl|data/cache/limit_ups/2026-04-21_limitups.pkl|data/cache/limit_ups/2026-04-20_limitups.pkl,True,166
603178,PASS,,,,,FEATURE_RECONSTRUCTION,,,,603178_2026-04-22,2026-04-22,2026-04-21,data/cache/daily/603178_daily.pkl,data/cache/baostock_5m/603178_5min.pkl,data/cache/limit_ups/2026-04-22_limitups.pkl|data/cache/limit_ups/2026-04-21_limitups.pkl|data/cache/limit_ups/2026-04-20_limitups.pkl,True,166
002201,PASS,,,,,FEATURE_RECONSTRUCTION,,,,002201_2026-04-23,2026-04-23,2026-04-22,data/cache/daily/002201_daily.pkl,data/cache/baostock_5m/002201_5min.pkl,data/cache/limit_ups/2026-04-23_limitups.pkl|data/cache/limit_ups/2026-04-22_limitups.pkl|data/cache/limit_ups/2026-04-21_limitups.pkl|data/cache/limit_ups/2026-04-20_limitups.pkl,True,211
603115,PASS,,,,,FEATURE_RECONSTRUCTION,,,,603115_2026-04-23,2026-04-23,2026-04-22,data/cache/daily/603115_daily.pkl,data/cache/baostock_5m/603115_5min.pkl,data/cache/limit_ups/2026-04-23_limitups.pkl|data/cache/limit_ups/2026-04-22_limitups.pkl|data/cache/limit_ups/2026-04-21_limitups.pkl|data/cache/limit_ups/2026-04-20_limitups.pkl,True,211
605365,PASS,,,,,FEATURE_RECONSTRUCTION,,,,605365_2026-04-23,2026-04-23,2026-04-22,data/cache/daily_unadjusted/605365_daily.pkl,data/cache/baostock_5m/605365_5min.pkl,data/cache/limit_ups/2026-04-23_limitups.pkl|data/cache/limit_ups/2026-04-22_limitups.pkl|data/cache/limit_ups/2026-04-21_limitups.pkl|data/cache/limit_ups/2026-04-20_limitups.pkl,True,211
600052,PASS,,,,,FEATURE_RECONSTRUCTION,,,,600052_2026-04-24,2026-04-24,2026-04-23,data/cache/daily/600052_daily.pkl,data/cache/baostock_5m/600052_5min.pkl,data/cache/limit_ups/2026-04-24_limitups.pkl|data/cache/limit_ups/2026-04-23_limitups.pkl|data/cache/limit_ups/2026-04-22_limitups.pkl|data/cache/limit_ups/2026-04-21_limitups.pkl|data/cache/limit_ups/2026-04-20_limitups.pkl,True,261
600396,PASS,,,,,FEATURE_RECONSTRUCTION,,,,600396_2026-04-24,2026-04-24,2026-04-23,data/cache/daily/600396_daily.pkl,data/cache/baostock_5m/600396_5min.pkl,data/cache/limit_ups/2026-04-24_limitups.pkl|data/cache/limit_ups/2026-04-23_limitups.pkl|data/cache/limit_ups/2026-04-22_limitups.pkl|data/cache/limit_ups/2026-04-21_limitups.pkl|data/cache/limit_ups/2026-04-20_limitups.pkl,True,261
600736,PASS,,,,,FEATURE_RECONSTRUCTION,,,,600736_2026-04-24,2026-04-24,2026-04-23,data/cache/daily/600736_daily.pkl,data/cache/baostock_5m/600736_5min.pkl,data/cache/limit_ups/2026-04-24_limitups.pkl|data/cache/limit_ups/2026-04-23_limitups.pkl|data/cache/limit_ups/2026-04-22_limitups.pkl|data/cache/limit_ups/2026-04-21_limitups.pkl|data/cache/limit_ups/2026-04-20_limitups.pkl,True,261
601512,PASS,,,,,FEATURE_RECONSTRUCTION,,,,601512_2026-04-24,2026-04-24,2026-04-23,data/cache/daily_unadjusted/601512_daily.pkl,data/cache/baostock_5m/601512_5min.pkl,data/cache/limit_ups/2026-04-24_limitups.pkl|data/cache/limit_ups/2026-04-23_limitups.pkl|data/cache/limit_ups/2026-04-22_limitups.pkl|data/cache/limit_ups/2026-04-21_limitups.pkl|data/cache/limit_ups/2026-04-20_limitups.pkl,True,261
603618,PASS,,,,,FEATURE_RECONSTRUCTION,,,,603618_2026-04-24,2026-04-24,2026-04-23,data/cache/daily/603618_daily.pkl,data/cache/baostock_5m/603618_5min.pkl,data/cache/limit_ups/2026-04-24_limitups.pkl|data/cache/limit_ups/2026-04-23_limitups.pkl|data/cache/limit_ups/2026-04-22_limitups.pkl|data/cache/limit_ups/2026-04-21_limitups.pkl|data/cache/limit_ups/2026-04-20_limitups.pkl,True,261
001234,PASS,,,,,FEATURE_RECONSTRUCTION,,,,001234_2026-04-27,2026-04-27,2026-04-24,data/cache/daily_unadjusted/001234_daily.pkl,data/cache/baostock_5m/001234_5min.pkl,data/cache/limit_ups/2026-04-27_limitups.pkl|data/cache/limit_ups/2026-04-24_limitups.pkl|data/cache/limit_ups/2026-04-23_limitups.pkl,True,150
002787,PASS,,,,,FEATURE_RECONSTRUCTION,,,,002787_2026-04-27,2026-04-27,2026-04-24,data/cache/daily/002787_daily.pkl,data/cache/baostock_5m/002787_5min.pkl,data/cache/limit_ups/2026-04-27_limitups.pkl|data/cache/limit_ups/2026-04-24_limitups.pkl|data/cache/limit_ups/2026-04-23_limitups.pkl,True,150
600770,PASS,,,,,FEATURE_RECONSTRUCTION,,,,600770_2026-04-27,2026-04-27,2026-04-24,data/cache/daily/600770_daily.pkl,data/cache/baostock_5m/600770_5min.pkl,data/cache/limit_ups/2026-04-27_limitups.pkl|data/cache/limit_ups/2026-04-24_limitups.pkl|data/cache/limit_ups/2026-04-23_limitups.pkl,True,150
603060,PASS,,,,,FEATURE_RECONSTRUCTION,,,,603060_2026-04-27,2026-04-27,2026-04-24,data/cache/daily/603060_daily.pkl,data/cache/baostock_5m/603060_5min.pkl,data/cache/limit_ups/2026-04-27_limitups.pkl|data/cache/limit_ups/2026-04-24_limitups.pkl|data/cache/limit_ups/2026-04-23_limitups.pkl,True,150
603390,PASS,,,,,FEATURE_RECONSTRUCTION,,,,603390_2026-04-27,2026-04-27,2026-04-24,data/cache/daily/603390_daily.pkl,data/cache/baostock_5m/603390_5min.pkl,data/cache/limit_ups/2026-04-27_limitups.pkl|data/cache/limit_ups/2026-04-24_limitups.pkl|data/cache/limit_ups/2026-04-23_limitups.pkl,True,150
000062,PASS,,,,,FEATURE_RECONSTRUCTION,,,,000062_2026-04-28,2026-04-28,2026-04-27,data/cache/daily/000062_daily.pkl,data/cache/baostock_5m/000062_5min.pkl,data/cache/limit_ups/2026-04-28_limitups.pkl|data/cache/limit_ups/2026-04-27_limitups.pkl|data/cache/limit_ups/2026-04-24_limitups.pkl,True,158
000925,PASS,,,,,FEATURE_RECONSTRUCTION,,,,000925_2026-04-28,2026-04-28,2026-04-27,data/cache/daily/000925_daily.pkl,data/cache/baostock_5m/000925_5min.pkl,data/cache/limit_ups/2026-04-28_limitups.pkl|data/cache/limit_ups/2026-04-27_limitups.pkl|data/cache/limit_ups/2026-04-24_limitups.pkl,True,158
001211,PASS,,,,,FEATURE_RECONSTRUCTION,,,,001211_2026-04-28,2026-04-28,2026-04-27,data/cache/daily/001211_daily.pkl,data/cache/baostock_5m/001211_5min.pkl,data/cache/limit_ups/2026-04-28_limitups.pkl|data/cache/limit_ups/2026-04-27_limitups.pkl|data/cache/limit_ups/2026-04-24_limitups.pkl,True,158
003036,PASS,,,,,FEATURE_RECONSTRUCTION,,,,003036_2026-04-28,2026-04-28,2026-04-27,data/cache/daily/003036_daily.pkl,data/cache/baostock_5m/003036_5min.pkl,data/cache/limit_ups/2026-04-28_limitups.pkl|data/cache/limit_ups/2026-04-27_limitups.pkl|data/cache/limit_ups/2026-04-24_limitups.pkl,True,158
600338,PASS,,,,,FEATURE_RECONSTRUCTION,,,,600338_2026-04-28,2026-04-28,2026-04-27,data/cache/daily_unadjusted/600338_daily.pkl,data/cache/baostock_5m/600338_5min.pkl,data/cache/limit_ups/2026-04-28_limitups.pkl|data/cache/limit_ups/2026-04-27_limitups.pkl|data/cache/limit_ups/2026-04-24_limitups.pkl,True,158
000593,PASS,,,,,FEATURE_RECONSTRUCTION,,,,000593_2026-04-29,2026-04-29,2026-04-28,data/cache/daily/000593_daily.pkl,data/cache/baostock_5m/000593_5min.pkl,data/cache/limit_ups/2026-04-29_limitups.pkl|data/cache/limit_ups/2026-04-28_limitups.pkl|data/cache/limit_ups/2026-04-27_limitups.pkl,True,200
002902,PASS,,,,,FEATURE_RECONSTRUCTION,,,,002902_2026-04-29,2026-04-29,2026-04-28,data/cache/daily/002902_daily.pkl,data/cache/baostock_5m/002902_5min.pkl,data/cache/limit_ups/2026-04-29_limitups.pkl|data/cache/limit_ups/2026-04-28_limitups.pkl|data/cache/limit_ups/2026-04-27_limitups.pkl,True,200
600152,PASS,,,,,FEATURE_RECONSTRUCTION,,,,600152_2026-04-29,2026-04-29,2026-04-28,data/cache/daily/600152_daily.pkl,data/cache/baostock_5m/600152_5min.pkl,data/cache/limit_ups/2026-04-29_limitups.pkl|data/cache/limit_ups/2026-04-28_limitups.pkl|data/cache/limit_ups/2026-04-27_limitups.pkl,True,200
603931,PASS,,,,,FEATURE_RECONSTRUCTION,,,,603931_2026-04-29,2026-04-29,2026-04-28,data/cache/daily/603931_daily.pkl,data/cache/baostock_5m/603931_5min.pkl,data/cache/limit_ups/2026-04-29_limitups.pkl|data/cache/limit_ups/2026-04-28_limitups.pkl|data/cache/limit_ups/2026-04-27_limitups.pkl,True,200
605287,PASS,,,,,FEATURE_RECONSTRUCTION,,,,605287_2026-04-29,2026-04-29,2026-04-28,data/cache/daily/605287_daily.pkl,data/cache/baostock_5m/605287_5min.pkl,data/cache/limit_ups/2026-04-29_limitups.pkl|data/cache/limit_ups/2026-04-28_limitups.pkl|data/cache/limit_ups/2026-04-27_limitups.pkl,True,200
605289,PASS,,,,,FEATURE_RECONSTRUCTION,,,,605289_2026-04-29,2026-04-29,2026-04-28,data/cache/daily/605289_daily.pkl,data/cache/baostock_5m/605289_5min.pkl,data/cache/limit_ups/2026-04-29_limitups.pkl|data/cache/limit_ups/2026-04-28_limitups.pkl|data/cache/limit_ups/2026-04-27_limitups.pkl,True,200
001266,PASS,,,,,FEATURE_RECONSTRUCTION,,,,001266_2026-04-30,2026-04-30,2026-04-29,data/cache/daily/001266_daily.pkl,data/cache/baostock_5m/001266_5min.pkl,data/cache/limit_ups/2026-04-30_limitups.pkl|data/cache/limit_ups/2026-04-29_limitups.pkl|data/cache/limit_ups/2026-04-28_limitups.pkl|data/cache/limit_ups/2026-04-27_limitups.pkl,True,270
002210,PASS,,,,,FEATURE_RECONSTRUCTION,,,,002210_2026-04-30,2026-04-30,2026-04-29,data/cache/daily/002210_daily.pkl,data/cache/baostock_5m/002210_5min.pkl,data/cache/limit_ups/2026-04-30_limitups.pkl|data/cache/limit_ups/2026-04-29_limitups.pkl|data/cache/limit_ups/2026-04-28_limitups.pkl|data/cache/limit_ups/2026-04-27_limitups.pkl,True,270
002652,PASS,,,,,FEATURE_RECONSTRUCTION,,,,002652_2026-04-30,2026-04-30,2026-04-29,data/cache/daily/002652_daily.pkl,data/cache/baostock_5m/002652_5min.pkl,data/cache/limit_ups/2026-04-30_limitups.pkl|data/cache/limit_ups/2026-04-29_limitups.pkl|data/cache/limit_ups/2026-04-28_limitups.pkl|data/cache/limit_ups/2026-04-27_limitups.pkl,True,270
600156,PASS,,,,,FEATURE_RECONSTRUCTION,,,,600156_2026-04-30,2026-04-30,2026-04-29,data/cache/daily/600156_daily.pkl,data/cache/baostock_5m/600156_5min.pkl,data/cache/limit_ups/2026-04-30_limitups.pkl|data/cache/limit_ups/2026-04-29_limitups.pkl|data/cache/limit_ups/2026-04-28_limitups.pkl|data/cache/limit_ups/2026-04-27_limitups.pkl,True,270
603317,PASS,,,,,FEATURE_RECONSTRUCTION,,,,603317_2026-04-30,2026-04-30,2026-04-29,data/cache/daily/603317_daily.pkl,data/cache/baostock_5m/603317_5min.pkl,data/cache/limit_ups/2026-04-30_limitups.pkl|data/cache/limit_ups/2026-04-29_limitups.pkl|data/cache/limit_ups/2026-04-28_limitups.pkl|data/cache/limit_ups/2026-04-27_limitups.pkl,True,270
605168,PASS,,,,,FEATURE_RECONSTRUCTION,,,,605168_2026-04-30,2026-04-30,2026-04-29,data/cache/daily/605168_daily.pkl,data/cache/baostock_5m/605168_5min.pkl,data/cache/limit_ups/2026-04-30_limitups.pkl|data/cache/limit_ups/2026-04-29_limitups.pkl|data/cache/limit_ups/2026-04-28_limitups.pkl|data/cache/limit_ups/2026-04-27_limitups.pkl,True,270
