signal_date,code,name,d2open_d3high_return_pct,target7_d2open_d3high,in_v004a_topk,v004a_rank,v004a_score,in_v004a_top3,in_v002_topk,v002_rank,v002_score,in_v002_top3,in_v005_candidate_pool,v005_pool_order,v005_sort_field_name,in_final_top3,final_rank,selection_outcome_class,selection_path_classes,selected_hit,selected_false_positive,missed_hit_in_candidate_pool,missed_hit_outside_candidate_pool,v005_rescued_from_v004a,v005_rescued_from_v002,v005_dropped_v004a_hit,v005_dropped_v002_hit,group_a_false_positive,group_a_source,group_b_missed_pool_hit,total_score,trend_hold_score,active_money_score,d1_low_ma10_pct,d1_close_ma10_pct,d1_close_vwap_pct,candidate_base_price,low_absorb_width_pct,invalid_distance_pct,days_since_d0
2026-06-26,000021,深科技,15.625,True,False,25,0.4775895268112366,False,False,28,48.265895,False,False,,,False,,missed_hit_outside_candidate_pool,missed_hit_outside_candidate_pool,False,False,False,True,False,False,False,False,False,,False,60.25,95.0,84.0,15.1133,17.957,-2.4158,53.51,4.182710335851447,4.182710335851447,2.0
2026-06-26,000032,深桑达Ａ,2.001601281024823,False,False,95,0.4268826217808578,False,False,99,33.36899499999999,False,False,,,False,,not_selected_non_hit,not_selected_non_hit,False,False,False,False,False,False,False,False,False,,False,54.25,65.0,58.0,3.5961,3.8104,-2.5364,24.22,2.8147087400961945,2.8147087400961945,2.0
2026-06-26,000034,神州数码,5.632745024408559,False,False,87,0.4340918698725607,False,False,112,31.269105,False,False,,,False,,not_selected_non_hit,not_selected_non_hit,False,False,False,False,False,False,False,False,False,,False,48.25,55.0,78.0,2.5671,3.3827,-1.8364,26.62,4.483861144945167,4.483861144945167,1.0
2026-06-26,000042,中洲控股,1.3157894736842257,False,False,189,0.3779162978686894,False,False,194,19.884315,False,False,,,False,,not_selected_non_hit,not_selected_non_hit,False,False,False,False,False,False,False,False,False,,False,44.0,40.0,76.0,-11.2903,-9.1107,-1.3957,8.34,3.907282059819428,3.907282059819428,3.0
2026-06-26,000048,京基智农,2.6593305823017,False,False,47,0.4597884844826076,False,False,45,43.11291,False,False,,,False,,not_selected_non_hit,not_selected_non_hit,False,False,False,False,False,False,False,False,False,,False,56.75,75.0,56.0,6.0218,9.1357,-0.1149,21.73,3.055431244993434,3.055431244993434,1.0
2026-06-26,000070,特发信息,-4.294198264047511,False,False,134,0.4043552587701075,False,False,128,27.779175,False,False,,,False,,not_selected_non_hit,not_selected_non_hit,False,False,False,False,False,False,False,False,False,,False,45.25,55.0,46.0,2.6905,2.6905,-2.09,22.29,4.979811574697179,4.979811574697179,3.0
2026-06-26,000100,TCL科技,7.182320441988965,True,False,50,0.4580911244575504,False,False,55,41.570655,False,False,,,False,,missed_hit_outside_candidate_pool,missed_hit_outside_candidate_pool,False,False,False,True,False,False,False,False,False,,False,56.75,75.0,70.0,7.1501,9.3782,-1.0679,5.4,3.181309530049692,3.181309530049692,1.0
2026-06-26,000551,创元科技,13.706666666666667,True,False,93,0.4286150942614936,False,False,59,40.95208,False,False,,,False,,missed_hit_outside_candidate_pool,missed_hit_outside_candidate_pool,False,False,False,True,False,False,False,False,False,,False,52.25,65.0,76.0,3.6408,13.1923,-0.0317,18.25,2.8126870137642035,2.8126870137642035,3.0
2026-06-26,000566,海南海药,24.129353233830876,True,False,123,0.4078556689128439,False,False,116,29.590005,False,False,,,False,,missed_hit_outside_candidate_pool,missed_hit_outside_candidate_pool,False,False,False,True,False,False,False,False,False,,False,50.25,55.0,66.0,2.8643,2.8643,-2.7319,4.13,4.1162227602905554,4.1162227602905554,2.0
2026-06-26,000571,新大洲A,4.88958990536279,False,False,111,0.418118917402031,False,False,84,35.459630000000004,False,False,,,False,,not_selected_non_hit,not_selected_non_hit,False,False,False,False,False,False,False,False,False,,False,53.25,65.0,58.0,5.2994,7.5361,-1.2181,6.25,3.383481205237282,3.383481205237282,3.0
2026-06-26,000636,风华高科,-8.009677830128625,False,False,44,0.4623362749185793,False,False,51,42.05338,False,False,,,False,,not_selected_non_hit,not_selected_non_hit,False,False,False,False,False,False,False,False,False,,False,52.75,75.0,42.0,7.8496,9.4672,-0.3661,78.5,2.948021722265315,2.948021722265315,1.0
2026-06-26,000691,亚太实业,-2.359641985353944,False,False,133,0.4043877973597005,False,False,117,29.5202,False,False,,,False,,not_selected_non_hit,not_selected_non_hit,False,False,False,False,False,False,False,False,False,,False,50.25,55.0,50.0,1.9548,2.7974,-2.6212,12.2,4.528925619834712,4.528925619834712,3.0
2026-06-26,000756,新华制药,14.752791068580562,True,False,165,0.388536717594504,False,False,156,22.852565,False,False,,,False,,missed_hit_outside_candidate_pool,missed_hit_outside_candidate_pool,False,False,False,True,False,False,False,False,False,,False,45.0,40.0,66.0,-2.5641,-2.5641,-4.371,12.35,4.5708336410754,4.5708336410754,3.0
2026-06-26,000766,通化金马,-5.009276437847854,False,False,115,0.4146326811831146,False,False,148,24.06815,False,False,,,False,,not_selected_non_hit,not_selected_non_hit,False,False,False,False,False,False,False,False,False,,False,44.0,40.0,76.0,-2.891,-2.891,-4.2009,23.95,4.3851164723864855,4.3851164723864855,1.0
2026-06-26,000783,长江证券,3.2753326509723735,False,False,24,0.4789870523803856,False,False,33,46.922435,False,False,,,False,,not_selected_non_hit,not_selected_non_hit,False,False,False,False,False,False,False,False,False,,False,62.75,95.0,62.0,11.7009,12.624,-1.3333,9.76,4.855371900826455,4.855371900826455,1.0
2026-06-26,000811,冰轮环境,3.4406623735050657,False,True,7,0.496751692014039,False,True,14,51.452575,False,True,7.0,source_v004a_model_rank,False,,not_selected_non_hit,not_selected_non_hit,False,False,False,False,False,False,False,False,False,,False,61.5,90.0,70.0,23.0373,26.7599,-0.992,53.12,4.057905776761528,4.057905776761528,1.0
2026-06-26,000813,德展健康,5.033557046979853,False,False,172,0.3852602778330449,False,False,126,27.89722,False,False,,,False,,not_selected_non_hit,not_selected_non_hit,False,False,False,False,False,False,False,False,False,,False,45.5,40.0,50.0,-3.2684,-1.2876,0.1081,2.99,3.208191126279858,3.208191126279858,3.0
2026-06-26,000818,航锦科技,7.795100222717144,True,False,64,0.4479036929076544,False,False,92,34.12674,False,False,,,False,,missed_hit_outside_candidate_pool,missed_hit_outside_candidate_pool,False,False,False,True,False,False,False,False,False,,False,49.75,65.0,84.0,5.13,7.1237,-3.1085,13.97,4.199109859754424,4.199109859754424,1.0
2026-06-26,000882,华联股份,0.7575757575757569,False,False,203,0.3712548295908283,False,False,199,19.53834,False,False,,,False,,not_selected_non_hit,not_selected_non_hit,False,False,False,False,False,False,False,False,False,,False,37.5,40.0,42.0,-5.1724,-4.454,-0.8781,1.33,4.999999999999982,4.999999999999982,3.0
2026-06-26,000908,景峰医药,6.870229007633566,False,False,178,0.3824587952830032,False,False,195,19.768645,False,False,,,False,,not_selected_non_hit,not_selected_non_hit,False,False,False,False,False,False,False,False,False,,False,45.5,40.0,50.0,-12.0693,-11.7298,-2.0356,5.2,2.4719881696027235,2.4719881696027235,2.0
2026-06-26,000925,众合科技,1.3903743315508033,False,False,77,0.440746170519203,False,False,46,43.08799500000001,False,False,,,False,,not_selected_non_hit,not_selected_non_hit,False,False,False,False,False,False,False,False,False,,False,55.25,75.0,70.0,7.1013,10.8265,-0.0686,9.52,3.661979413726213,3.661979413726213,2.0
2026-06-26,000962,东方钽业,8.146982807056968,True,True,2,0.5015938681473577,True,True,2,55.258790000000005,True,True,2.0,source_v004a_model_rank,False,,missed_hit_in_candidate_pool,missed_hit_in_candidate_pool|v005_dropped_v004a_hit|v005_dropped_v002_hit,False,False,True,False,False,False,True,True,False,v004a_top3,True,61.75,95.0,72.0,16.1074,24.7509,2.1519,87.03,4.938271604938271,4.938271604938271,1.0
2026-06-26,000967,盈峰环境,-1.1267605633802913,False,False,148,0.3973184445024513,False,False,134,27.122855,False,False,,,False,,not_selected_non_hit,not_selected_non_hit,False,False,False,False,False,False,False,False,False,,False,44.75,55.0,40.0,1.3153,1.3153,-2.6036,10.63,2.6732469460817754,2.6732469460817754,2.0
2026-06-26,001206,依依股份,3.90625,False,False,127,0.4070921273023182,False,False,98,33.774355,False,False,,,False,,not_selected_non_hit,not_selected_non_hit,False,False,False,False,False,False,False,False,False,,False,42.75,65.0,42.0,5.1637,6.3865,-0.6428,19.14,5.8401968124933035,5.8401968124933035,3.0
2026-06-26,001225,和泰机电,1.1038635223281412,False,False,163,0.3889614954390852,False,False,158,22.79171,False,False,,,False,,not_selected_non_hit,not_selected_non_hit,False,False,False,False,False,False,False,False,False,,False,45.0,40.0,50.0,-6.2338,-6.1161,-1.501,39.88,4.468993221190054,4.468993221190054,3.0
2026-06-26,001279,强邦新材,0.22471910112360494,False,False,159,0.3917841942534165,False,False,159,22.744065000000003,False,False,,,False,,not_selected_non_hit,not_selected_non_hit,False,False,False,False,False,False,False,False,False,,False,43.5,40.0,50.0,-1.3741,-1.3741,-2.5189,26.7,4.906367041198512,4.906367041198512,3.0
2026-06-26,001309,德明利,1.9192510239906424,False,True,1,0.5061804348474056,True,True,4,54.759435,False,True,1.0,source_v004a_model_rank,False,,not_selected_non_hit,not_selected_non_hit,False,False,False,False,False,False,False,False,True,v004a_top3,False,58.75,95.0,84.0,16.6089,27.128,4.124,951.0,4.702901908887469,4.702901908887469,1.0
2026-06-26,001330,博纳影业,-2.6666666666666727,False,False,150,0.3957505942518692,False,False,170,22.03161,False,False,,,False,,not_selected_non_hit,not_selected_non_hit,False,False,False,False,False,False,False,False,False,,False,42.5,40.0,54.0,-7.2946,-7.146,-2.5401,6.25,4.551282051282035,4.551282051282035,1.0
2026-06-26,001339,智微智能,5.3532338308457605,False,False,68,0.4466031324076633,False,False,77,37.458645,False,False,,,False,,not_selected_non_hit,not_selected_non_hit,False,False,False,False,False,False,False,False,False,,False,57.75,75.0,50.0,6.2751,6.5244,-2.0546,128.2,3.2838154808443987,3.2838154808443987,2.0
2026-06-26,001359,平安电工,-1.7265624999999951,False,False,126,0.407187762709177,False,False,120,29.019655000000004,False,False,,,False,,not_selected_non_hit,not_selected_non_hit,False,False,False,False,False,False,False,False,False,,False,43.5,40.0,58.0,-1.5903,3.366,-0.2972,129.93,4.971705739692789,4.971705739692789,2.0
2026-06-26,002014,永新股份,5.31496062992125,False,False,184,0.3792611566622169,False,False,175,21.76574,False,False,,,False,,not_selected_non_hit,not_selected_non_hit,False,False,False,False,False,False,False,False,False,,False,40.0,40.0,42.0,-5.3876,-4.7306,-0.7679,10.15,3.7698412698412787,3.7698412698412787,3.0
2026-06-26,002021,中捷资源,3.2520325203251987,False,False,176,0.3840886567316519,False,False,154,23.125145,False,False,,,False,,not_selected_non_hit,not_selected_non_hit,False,False,False,False,False,False,False,False,False,,False,45.5,40.0,50.0,-2.2853,-2.2853,-2.3756,2.48,3.2258064516129004,3.2258064516129004,3.0
2026-06-26,002025,航天电器,7.013698630136989,True,False,29,0.4735177497038652,False,False,40,43.72001,False,False,,,False,,missed_hit_outside_candidate_pool,missed_hit_outside_candidate_pool,False,False,False,True,False,False,False,False,False,,False,54.75,75.0,78.0,6.975,10.9563,0.6323,72.46,4.881190953335235,4.881190953335235,1.0
2026-06-26,002031,巨轮智能,6.343283582089554,False,False,179,0.3818243050056103,False,False,169,22.038045,False,False,,,False,,not_selected_non_hit,not_selected_non_hit,False,False,False,False,False,False,False,False,False,,False,45.5,40.0,58.0,-5.3913,-5.3913,-3.0485,5.44,3.144380962443427,3.144380962443427,3.0
2026-06-26,002038,双鹭药业,16.15384615384614,True,False,182,0.3812894279314395,False,False,166,22.335905,False,False,,,False,,missed_hit_outside_candidate_pool,missed_hit_outside_candidate_pool,False,False,False,True,False,False,False,False,False,,False,45.0,40.0,54.0,-4.1485,-3.9591,-2.5371,5.07,4.545454545454564,4.545454545454564,3.0
2026-06-26,002046,国机精工,0.18543046357615278,False,False,45,0.4614647936641505,False,False,30,47.57166,False,False,,,False,,not_selected_non_hit,not_selected_non_hit,False,False,False,False,False,False,False,False,False,,False,59.25,95.0,42.0,10.8292,12.2489,-1.3138,74.32,3.761242845461976,3.761242845461976,2.0
2026-06-26,002047,宝鹰股份,-0.41753653444677186,False,False,125,0.4073440783508066,False,False,85,34.959525,False,False,,,False,,not_selected_non_hit,not_selected_non_hit,False,False,False,False,False,False,False,False,False,,False,49.25,65.0,42.0,3.5699,5.3327,-0.6307,4.78,2.872903540604521,2.872903540604521,3.0
2026-06-26,002051,中工国际,-6.5269943593875945,False,False,142,0.3996548423116584,False,False,136,26.72637,False,False,,,False,,not_selected_non_hit,not_selected_non_hit,False,False,False,False,False,False,False,False,False,,False,45.0,40.0,56.0,-0.7262,2.2265,-0.82,12.81,3.8255986992377533,3.8255986992377533,2.0
2026-06-26,002056,横店东磁,2.448709463931187,False,False,42,0.4657883473808397,False,False,56,41.35491999999999,False,False,,,False,,not_selected_non_hit,not_selected_non_hit,False,False,False,False,False,False,False,False,False,,False,55.25,75.0,70.0,7.8392,10.4077,-1.281,30.52,3.7103242854025,3.7103242854025,1.0
2026-06-26,002068,黑猫股份,3.2193158953722323,False,False,17,0.4839703947145826,False,False,34,46.86168,False,False,,,False,,not_selected_non_hit,not_selected_non_hit,False,False,False,False,False,False,False,False,False,,False,50.5,90.0,94.0,21.0984,24.5096,-0.8985,14.6,4.436619718309864,4.436619718309864,1.0
2026-06-26,002080,中材科技,-5.252525252525253,False,True,4,0.4986895013298063,False,False,17,50.88060999999999,False,True,4.0,source_v004a_model_rank,False,,not_selected_non_hit,not_selected_non_hit,False,False,False,False,False,False,False,False,False,,False,62.25,95.0,76.0,17.8694,21.4635,-1.0091,97.67,4.099656118225514,4.099656118225514,1.0
2026-06-26,002167,东方锆业,2.365491651205942,False,False,27,0.4770943624157384,False,True,10,52.972765,False,False,,,False,,not_selected_non_hit,not_selected_non_hit,False,False,False,False,False,False,False,False,False,,False,63.25,95.0,78.0,15.0671,21.076,1.6095,21.56,4.245973645680823,4.245973645680823,2.0
2026-06-26,002192,融捷股份,13.345679012345691,True,False,166,0.3883808976378466,False,False,202,19.25663,False,False,,,False,,missed_hit_outside_candidate_pool,missed_hit_outside_candidate_pool,False,False,False,True,False,False,False,False,False,,False,39.0,40.0,46.0,-6.8382,-6.8382,-4.0134,82.71,4.181262008760567,4.181262008760567,2.0
2026-06-26,002196,方正电机,1.407284768211925,False,False,190,0.3772937429667858,False,False,182,21.06683,False,False,,,False,,not_selected_non_hit,not_selected_non_hit,False,False,False,False,False,False,False,False,False,,False,43.0,40.0,50.0,-5.6662,-5.6662,-2.4146,12.17,2.79375513557929,2.79375513557929,3.0
2026-06-26,002240,盛新锂能,12.135805441849268,True,False,168,0.3882684624396081,False,False,192,19.95946,False,False,,,False,,missed_hit_outside_candidate_pool,missed_hit_outside_candidate_pool,False,False,False,True,False,False,False,False,False,,False,44.5,40.0,56.0,-10.4512,-10.2393,-3.2848,42.35,3.641132630906996,3.641132630906996,2.0
2026-06-26,002254,泰和新材,-2.5974025974025983,False,False,62,0.4487476656111391,False,False,83,35.84830999999999,False,False,,,False,,not_selected_non_hit,not_selected_non_hit,False,False,False,False,False,False,False,False,False,,False,54.75,65.0,74.0,5.0406,6.2486,-5.2193,19.35,0.0,0.0,1.0
2026-06-26,002303,美盈森,9.605911330049267,True,False,46,0.4614644356760403,False,False,68,38.875455,False,False,,,False,,missed_hit_outside_candidate_pool,missed_hit_outside_candidate_pool,False,False,False,True,False,False,False,False,False,,False,53.25,75.0,84.0,8.6253,11.3208,-2.0958,4.13,4.675168961996379,4.675168961996379,1.0
2026-06-26,002364,中恒电气,2.5697910889258546,False,False,138,0.4021639338038899,False,False,135,27.063545,False,False,,,False,,not_selected_non_hit,not_selected_non_hit,False,False,False,False,False,False,False,False,False,,False,44.0,40.0,56.0,-1.2353,2.8442,-0.0076,53.95,4.138360476334002,4.138360476334002,2.0
2026-06-26,002370,亚太药业,15.670103092783517,True,False,197,0.3743735352224727,False,False,191,19.985715000000003,False,False,,,False,,missed_hit_outside_candidate_pool,missed_hit_outside_candidate_pool,False,False,False,True,False,False,False,False,False,,False,40.0,40.0,40.0,-5.7551,-5.7551,-2.4752,4.88,4.098360655737698,4.098360655737698,3.0
2026-06-26,002374,中锐股份,0.0,False,False,157,0.3932472190599361,False,False,131,27.463055,False,False,,,False,,not_selected_non_hit,not_selected_non_hit,False,False,False,False,False,False,False,False,False,,False,45.25,55.0,42.0,1.7873,1.7873,-2.0075,3.36,4.464285714285721,4.464285714285721,3.0
2026-06-26,002387,维信诺,3.075170842824626,False,False,89,0.4321873632050544,False,False,97,33.822655,False,False,,,False,,not_selected_non_hit,not_selected_non_hit,False,False,False,False,False,False,False,False,False,,False,50.75,55.0,60.0,2.4973,4.6278,-1.2817,8.84,3.5796766743648956,3.5796766743648956,1.0
2026-06-26,002409,雅克科技,14.54828503992367,True,False,22,0.4804953192258914,False,True,8,53.78433,False,False,,,False,,missed_hit_outside_candidate_pool,missed_hit_outside_candidate_pool|v005_dropped_v002_hit,False,False,False,True,False,False,False,True,False,,False,64.25,95.0,64.0,13.2982,19.9105,0.5013,188.6,4.214338669509088,4.214338669509088,2.0
2026-06-26,002420,毅昌科技,2.621722846441954,False,False,202,0.372889360529003,False,False,196,19.66459,False,False,,,False,,not_selected_non_hit,not_selected_non_hit,False,False,False,False,False,False,False,False,False,,False,37.5,40.0,40.0,-4.1726,-4.1726,-1.9662,5.42,4.981549815498143,4.981549815498143,3.0
2026-06-26,002427,尤夫股份,6.198347107438007,False,False,139,0.4018920072861872,False,False,113,31.145795,False,False,,,False,,not_selected_non_hit,not_selected_non_hit,False,False,False,False,False,False,False,False,False,,False,35.75,55.0,100.0,2.6041,8.6134,0.6691,4.88,4.827165990656512,4.827165990656512,2.0
2026-06-26,002428,云南锗业,2.3900414937759296,False,False,51,0.4562602473908067,False,False,71,38.43211499999999,False,False,,,False,,not_selected_non_hit,not_selected_non_hit,False,False,False,False,False,False,False,False,False,,False,57.25,75.0,64.0,8.6825,10.4612,-2.6576,120.48,4.41146577423599,4.41146577423599,2.0
2026-06-26,002452,长高电气,3.200000000000003,False,False,75,0.4422825415314076,False,False,58,41.002225,False,False,,,False,,not_selected_non_hit,not_selected_non_hit,False,False,False,False,False,False,False,False,False,,False,56.75,75.0,70.0,6.7211,8.4578,-0.6662,12.49,2.6851098454027778,2.6851098454027778,2.0
2026-06-26,002453,华软科技,0.8888888888888946,False,False,194,0.3761048037511476,False,False,190,20.053565,False,False,,,False,,not_selected_non_hit,not_selected_non_hit,False,False,False,False,False,False,False,False,False,,False,45.0,40.0,58.0,-10.9029,-10.305,-1.6056,4.5,4.697986577181212,4.697986577181212,3.0
2026-06-26,002484,江海股份,-1.5133665609424418,False,False,37,0.4676259475261142,False,False,66,39.262565,False,False,,,False,,not_selected_non_hit,not_selected_non_hit,False,False,False,False,False,False,False,False,False,,False,55.75,75.0,50.0,8.0035,9.3477,-1.7122,109.0,4.9693479472413316,4.9693479472413316,1.0
2026-06-26,002491,通鼎互联,-3.9722222222222214,False,False,30,0.4730583245636434,False,False,24,49.343965,False,False,,,False,,not_selected_non_hit,not_selected_non_hit,False,False,False,False,False,False,False,False,False,,False,63.75,95.0,72.0,10.8339,15.6319,0.6219,36.15,3.684202225105815,3.684202225105815,2.0
2026-06-26,002497,雅化集团,5.0561797752809,False,False,174,0.3845106082035273,False,False,205,18.433115,False,False,,,False,,not_selected_non_hit,not_selected_non_hit,False,False,False,False,False,False,False,False,False,,False,40.5,40.0,46.0,-10.6911,-10.6911,-3.5164,19.99,3.6445832793714272,3.6445832793714272,2.0
2026-06-26,002518,科士达,5.8045409674235104,False,False,106,0.4196875347753961,False,False,142,25.37401,False,False,,,False,,not_selected_non_hit,not_selected_non_hit,False,False,False,False,False,False,False,False,False,,False,44.5,40.0,66.0,-0.0554,0.6366,-2.7377,50.9,3.526625571507247,3.526625571507247,1.0
2026-06-26,002520,日发精机,1.4577259475218707,False,False,169,0.3879553288537132,False,False,173,21.850325,False,False,,,False,,not_selected_non_hit,not_selected_non_hit,False,False,False,False,False,False,False,False,False,,False,40.5,40.0,40.0,-1.0101,-0.8658,-2.3602,6.87,3.236151603498527,3.236151603498527,2.0
2026-06-26,002522,浙江众成,3.647798742138364,False,False,120,0.4121537450919487,False,False,76,37.620545,False,False,,,False,,not_selected_non_hit,not_selected_non_hit,False,False,False,False,False,False,False,False,False,,False,48.75,65.0,42.0,4.5079,6.8093,-0.1318,7.89,3.756476683937815,3.756476683937815,3.0
2026-06-26,002536,飞龙股份,0.8622502628811812,False,False,91,0.430003972489855,False,False,102,32.887114999999994,False,False,,,False,,not_selected_non_hit,not_selected_non_hit,False,False,False,False,False,False,False,False,False,,False,52.75,65.0,76.0,3.3373,4.6201,-3.2926,48.12,4.727904758047474,4.727904758047474,2.0
2026-06-26,002549,凯美特气,5.3135471517472554,False,False,102,0.4213409759052791,False,False,91,34.22257,False,False,,,False,,not_selected_non_hit,not_selected_non_hit,False,False,False,False,False,False,False,False,False,,False,50.25,65.0,58.0,5.395,5.7291,-2.7342,18.99,5.507030251384748,5.507030251384748,3.0
2026-06-26,002550,千红制药,7.4198988195615545,True,False,151,0.3956861113772575,False,False,151,23.870709999999995,False,False,,,False,,missed_hit_outside_candidate_pool,missed_hit_outside_candidate_pool,False,False,False,True,False,False,False,False,False,,False,45.5,40.0,60.0,-0.2506,-0.0835,-2.6523,5.98,2.896581856405933,2.896581856405933,2.0
2026-06-26,002552,宝鼎科技,-6.409300939037122,False,False,145,0.3987511683022063,False,False,168,22.160685,False,False,,,False,,not_selected_non_hit,not_selected_non_hit,False,False,False,False,False,False,False,False,False,,False,45.5,40.0,50.0,-5.6941,-4.551,-1.7749,66.8,3.0409500478871587,3.0409500478871587,2.0
2026-06-26,002558,巨人网络,2.6286560533135717,False,False,78,0.4379684795872045,False,False,88,34.771925,False,False,,,False,,not_selected_non_hit,not_selected_non_hit,False,False,False,False,False,False,False,False,False,,False,39.25,65.0,94.0,4.5239,9.1792,-0.0002,27.44,4.485815079142275,4.485815079142275,1.0
2026-06-26,002579,中京电子,-0.3129190880643784,False,False,40,0.4662519510381354,False,False,47,42.85433,False,False,,,False,,not_selected_non_hit,not_selected_non_hit,False,False,False,False,False,False,False,False,False,,False,45.25,75.0,92.0,6.313,18.9494,3.8041,22.78,4.61689587426326,4.61689587426326,1.0
2026-06-26,002580,圣阳股份,-2.800734618916434,False,False,124,0.4076835451659673,False,False,132,27.43999,False,False,,,False,,not_selected_non_hit,not_selected_non_hit,False,False,False,False,False,False,False,False,False,,False,45.25,55.0,46.0,1.7214,1.7214,-2.9428,22.75,4.791208791208801,4.791208791208801,2.0
2026-06-26,002584,西陇科学,-1.6410256410256396,False,False,105,0.4200908448536167,False,False,107,31.886759999999995,False,False,,,False,,not_selected_non_hit,not_selected_non_hit,False,False,False,False,False,False,False,False,False,,False,49.75,65.0,84.0,3.2384,4.5425,-2.5243,9.62,4.421052631578948,4.421052631578948,2.0
2026-06-26,002600,领益智造,2.8469750889679846,False,False,121,0.4111517418708628,False,False,129,27.57526,False,False,,,False,,not_selected_non_hit,not_selected_non_hit,False,False,False,False,False,False,False,False,False,,False,46.25,55.0,84.0,0.9316,1.2401,-3.1005,16.41,4.523227383863082,4.523227383863082,2.0
2026-06-26,002631,德尔未来,14.969450101832994,True,False,54,0.4540566592830579,False,False,36,46.528665,False,False,,,False,,missed_hit_outside_candidate_pool,missed_hit_outside_candidate_pool,False,False,False,True,False,False,False,False,False,,False,59.75,95.0,40.0,13.1747,14.7998,-1.4311,9.89,2.908630808025703,2.908630808025703,2.0
2026-06-26,002643,万润股份,5.905905905905895,False,False,65,0.4478855667129793,False,False,62,40.09235999999999,False,False,,,False,,not_selected_non_hit,not_selected_non_hit,False,False,False,False,False,False,False,False,False,,False,57.75,75.0,60.0,8.076,9.9423,-1.5496,19.44,3.490442794888149,3.490442794888149,2.0
2026-06-26,002648,卫星化学,-0.2432103769760885,False,False,97,0.4252321794942237,False,False,87,34.845704999999995,False,False,,,False,,not_selected_non_hit,not_selected_non_hit,False,False,False,False,False,False,False,False,False,,False,53.25,65.0,78.0,4.2463,4.4563,-2.6182,24.87,3.464947622884762,3.464947622884762,3.0
2026-06-26,002654,万润科技,6.354515050167242,False,True,14,0.4859850312684486,False,False,32,47.025365,False,True,14.0,source_v004a_model_rank,True,3.0,selected_false_positive,selected_false_positive,False,True,False,False,False,False,False,False,True,final_top3,False,63.25,95.0,76.0,11.8323,12.1651,-2.8195,20.22,3.6706349206349076,3.6706349206349076,1.0
2026-06-26,002672,东江环保,0.5780346820809301,False,False,200,0.3737807303368993,False,False,189,20.14395,False,False,,,False,,not_selected_non_hit,not_selected_non_hit,False,False,False,False,False,False,False,False,False,,False,40.5,40.0,46.0,-5.803,-5.803,-3.2155,3.49,3.322321000009909,3.322321000009909,3.0
2026-06-26,002687,乔治白,18.243243243243224,True,False,158,0.3920102699464766,False,False,124,28.35418,False,False,,,False,,missed_hit_outside_candidate_pool,missed_hit_outside_candidate_pool,False,False,False,True,False,False,False,False,False,,False,44.0,40.0,78.0,-3.3424,2.0777,1.4093,4.52,4.139855034689521,4.139855034689521,2.0
2026-06-26,002728,特一药业,16.145181476846048,True,False,198,0.3743693234267699,False,False,193,19.917465,False,False,,,False,,missed_hit_outside_candidate_pool,missed_hit_outside_candidate_pool,False,False,False,True,False,False,False,False,False,,False,38.0,40.0,40.0,-3.9501,-3.9501,-2.7011,8.0,2.7761219535169523,2.7761219535169523,3.0
2026-06-26,002787,华源控股,2.170542635658923,False,False,20,0.4830185115338464,False,False,29,48.11614,False,False,,,False,,not_selected_non_hit,not_selected_non_hit,False,False,False,False,False,False,False,False,False,,False,52.25,95.0,96.0,10.4596,14.6985,0.1768,32.47,3.654275230381332,3.654275230381332,1.0
2026-06-26,002803,吉宏股份,-2.1292491595069074,False,False,63,0.4480587235821561,False,False,42,43.498105,False,False,,,False,,not_selected_non_hit,not_selected_non_hit,False,False,False,False,False,False,False,False,False,,False,56.25,75.0,62.0,9.1183,10.4143,-0.3948,26.41,4.559386973180057,4.559386973180057,2.0
2026-06-26,002821,凯莱英,10.44680167148826,True,False,23,0.4793030323456583,False,False,23,49.38727999999999,False,False,,,False,,missed_hit_outside_candidate_pool,missed_hit_outside_candidate_pool,False,False,False,True,False,False,False,False,False,,False,59.75,95.0,80.0,17.154,18.9084,-1.056,152.5,2.5807871413112027,2.5807871413112027,2.0
2026-06-26,002830,名雕股份,6.073619631901828,False,False,156,0.3934871929293697,False,False,133,27.37902,False,False,,,False,,not_selected_non_hit,not_selected_non_hit,False,False,False,False,False,False,False,False,False,,False,45.0,40.0,50.0,-1.2224,1.0619,-0.6559,16.37,4.0000000000000036,4.0000000000000036,3.0
2026-06-26,002842,翔鹭钨业,-3.711538461538466,False,False,36,0.4693562745013225,False,False,43,43.22886,False,False,,,False,,not_selected_non_hit,not_selected_non_hit,False,False,False,False,False,False,False,False,False,,False,57.25,75.0,50.0,7.9832,10.5694,-0.7067,52.16,4.568936526546086,4.568936526546086,1.0
2026-06-26,002871,伟隆股份,2.734731084776665,False,False,146,0.3978516934863672,False,False,115,30.204400000000003,False,False,,,False,,not_selected_non_hit,not_selected_non_hit,False,False,False,False,False,False,False,False,False,,False,41.0,40.0,84.0,-3.8116,6.5307,2.8761,21.94,4.694598687531548,4.694598687531548,3.0
2026-06-26,002876,三利谱,4.760487950014891,False,False,117,0.4137126947280477,False,False,125,28.04046,False,False,,,False,,not_selected_non_hit,not_selected_non_hit,False,False,False,False,False,False,False,False,False,,False,45.25,55.0,42.0,2.8788,3.8557,-0.7379,34.02,3.679525222551905,3.679525222551905,2.0
2026-06-26,002897,意华股份,4.093705631803135,False,False,155,0.3935387996328024,False,False,187,20.167175,False,False,,,False,,not_selected_non_hit,not_selected_non_hit,False,False,False,False,False,False,False,False,False,,False,40.0,40.0,46.0,-5.9455,-4.705,-2.2125,84.5,4.928057553956844,4.928057553956844,2.0
2026-06-26,002921,联诚精密,8.750994431185365,True,False,153,0.3946873167184417,False,False,138,26.36786,False,False,,,False,,missed_hit_outside_candidate_pool,missed_hit_outside_candidate_pool,False,False,False,True,False,False,False,False,False,,False,33.0,40.0,92.0,-2.6268,4.4594,2.5169,25.65,4.643480505532449,4.643480505532449,3.0
2026-06-26,002928,华夏航空,-2.7486910994764413,False,False,83,0.4359835724937336,False,False,89,34.528324999999995,False,False,,,False,,not_selected_non_hit,not_selected_non_hit,False,False,False,False,False,False,False,False,False,,False,51.75,65.0,62.0,4.9595,4.9595,-1.5813,7.64,3.4031413612565453,3.4031413612565453,1.0
2026-06-26,002943,宇晶股份,1.0555121188428496,False,False,143,0.3995032112062481,False,False,140,25.797675,False,False,,,False,,not_selected_non_hit,not_selected_non_hit,False,False,False,False,False,False,False,False,False,,False,42.5,40.0,76.0,-4.1179,-0.2982,-0.9549,51.16,4.986248844777297,4.986248844777297,2.0
2026-06-26,002976,瑞玛精密,-6.342877854295037,False,False,167,0.3882988361264978,False,False,185,20.438175,False,False,,,False,,not_selected_non_hit,not_selected_non_hit,False,False,False,False,False,False,False,False,False,,False,45.5,40.0,58.0,-10.8619,-9.2877,-1.6365,27.66,3.459148319113048,3.459148319113048,3.0
2026-06-26,002980,华盛昌,1.449275362318847,False,False,101,0.4214927683957321,False,False,152,23.79244,False,False,,,False,,not_selected_non_hit,not_selected_non_hit,False,False,False,False,False,False,False,False,False,,False,41.5,40.0,84.0,-1.3812,-1.0269,-6.147,117.3,2.6694045174538106,2.6694045174538106,1.0
2026-06-26,002990,盛视科技,8.638360175695482,True,True,5,0.4980189776049878,False,True,13,52.241040000000005,False,True,5.0,source_v004a_model_rank,False,,missed_hit_in_candidate_pool,missed_hit_in_candidate_pool|v005_dropped_v004a_hit|v005_dropped_v002_hit,False,False,True,False,False,False,True,True,False,,True,57.0,90.0,80.0,22.2284,27.1839,-0.4982,75.2,4.575189791388512,4.575189791388512,1.0
2026-06-26,003018,金富科技,4.125524144460968,False,False,72,0.4443002725678183,False,False,61,40.334590000000006,False,False,,,False,,not_selected_non_hit,not_selected_non_hit,False,False,False,False,False,False,False,False,False,,False,51.25,65.0,72.0,5.8042,11.8323,0.6937,74.95,4.969209388114648,4.969209388114648,2.0
2026-06-26,003043,华亚智能,17.90035587188612,True,False,136,0.4028046627131998,False,False,150,23.895565,False,False,,,False,,missed_hit_outside_candidate_pool,missed_hit_outside_candidate_pool,False,False,False,True,False,False,False,False,False,,False,45.0,40.0,50.0,-3.2181,-1.2586,-1.3163,82.14,4.334865234132401,4.334865234132401,2.0
2026-06-26,600026,中远海能,-2.8379772961816374,False,False,141,0.3997189291446319,False,False,147,24.31208,False,False,,,False,,not_selected_non_hit,not_selected_non_hit,False,False,False,False,False,False,False,False,False,,False,47.0,40.0,50.0,-1.0532,0.1003,-0.6699,19.96,1.8480014966273162,1.8480014966273162,2.0
2026-06-26,600058,五矿发展,0.8445945945945832,False,False,52,0.4552585071357171,False,False,65,39.69078,False,False,,,False,,not_selected_non_hit,not_selected_non_hit,False,False,False,False,False,False,False,False,False,,False,53.75,75.0,76.0,6.254,9.1009,-2.1767,11.88,4.964044409922708,4.964044409922708,1.0
2026-06-26,600105,永鼎股份,1.7076093469143183,False,False,84,0.434907084420615,False,False,94,33.91963499999999,False,False,,,False,,not_selected_non_hit,not_selected_non_hit,False,False,False,False,False,False,False,False,False,,False,54.25,65.0,54.0,5.4745,5.5548,-2.9329,65.71,3.0999545661319683,3.0999545661319683,2.0
2026-06-26,600141,兴发集团,-4.417670682730912,False,True,12,0.4889689350862468,False,False,22,49.41428499999999,False,True,12.0,source_v004a_model_rank,False,,not_selected_non_hit,not_selected_non_hit,False,False,False,False,False,False,False,False,False,,False,52.25,95.0,92.0,12.3411,19.7781,0.2006,48.8,3.7360716626611223,3.7360716626611223,1.0
2026-06-26,600152,维科技术,-2.02117420596728,False,False,118,0.4128187520720041,False,False,145,24.538795,False,False,,,False,,not_selected_non_hit,not_selected_non_hit,False,False,False,False,False,False,False,False,False,,False,45.5,40.0,66.0,-3.0463,-3.0463,-2.9484,10.63,3.160865475070551,3.160865475070551,1.0
2026-06-26,600171,上海贝岭,5.263157894736836,False,False,103,0.4212542004665232,False,False,103,32.677705,False,False,,,False,,not_selected_non_hit,not_selected_non_hit,False,False,False,False,False,False,False,False,False,,False,52.75,65.0,70.0,3.2343,3.6503,-2.0459,29.9,4.096709200805915,4.096709200805915,3.0
2026-06-26,600172,黄河旋风,1.0137149672033496,False,False,53,0.4546613290509882,False,False,31,47.38441999999999,False,False,,,False,,not_selected_non_hit,not_selected_non_hit,False,False,False,False,False,False,False,False,False,,False,64.75,95.0,50.0,11.126,11.8651,-2.9321,16.65,3.7058085130157625,3.7058085130157625,3.0
2026-06-26,600176,中国巨石,1.93300675228385,False,False,35,0.469646167402332,False,False,16,50.93603,False,False,,,False,,not_selected_non_hit,not_selected_non_hit,False,False,False,False,False,False,False,False,False,,False,49.5,90.0,92.0,22.551,29.5419,1.2175,74.12,4.433037653499805,4.433037653499805,2.0
2026-06-26,600184,光电股份,7.777777777777772,True,False,107,0.4193889327470124,False,False,122,28.861480000000004,False,False,,,False,,missed_hit_outside_candidate_pool,missed_hit_outside_candidate_pool,False,False,False,True,False,False,False,False,False,,False,35.0,40.0,92.0,-3.2316,9.0811,4.4509,30.21,0.0,0.0,1.0
2026-06-26,600186,莲花控股,0.4243281471004057,False,False,109,0.4192538480036014,False,False,123,28.847855,False,False,,,False,,not_selected_non_hit,not_selected_non_hit,False,False,False,False,False,False,False,False,False,,False,44.25,55.0,46.0,1.5777,3.0185,-3.1303,14.3,4.695771194186471,4.695771194186471,1.0
2026-06-26,600226,亨通股份,-7.481060606060619,False,False,81,0.4371881046779834,False,False,74,37.68406,False,False,,,False,,not_selected_non_hit,not_selected_non_hit,False,False,False,False,False,False,False,False,False,,False,57.25,75.0,50.0,6.5624,8.311,-1.3206,10.53,4.420849420849415,4.420849420849415,2.0
2026-06-26,600237,铜峰电子,7.674943566591441,True,False,57,0.4533470741776778,False,False,60,40.620955,False,False,,,False,,missed_hit_outside_candidate_pool,missed_hit_outside_candidate_pool,False,False,False,True,False,False,False,False,False,,False,49.25,65.0,78.0,5.8873,11.1018,0.5699,13.21,5.367705190695049,5.367705190695049,1.0
2026-06-26,600246,万通发展,-5.36585365853659,False,False,67,0.4466538951099201,False,False,50,42.25415,False,False,,,False,,not_selected_non_hit,not_selected_non_hit,False,False,False,False,False,False,False,False,False,,False,57.75,75.0,50.0,7.4738,10.8029,-0.2886,19.97,3.395988640339276,3.395988640339276,2.0
2026-06-26,600330,天通股份,-3.0839694656488614,False,False,98,0.423859107184014,False,False,149,23.947895,False,False,,,False,,not_selected_non_hit,not_selected_non_hit,False,False,False,False,False,False,False,False,False,,False,45.5,40.0,66.0,-0.6543,0.6052,-5.4028,32.75,3.6858379715522416,3.6858379715522416,1.0
2026-06-26,600360,华微电子,10.724637681159411,True,False,99,0.4233800237629346,False,False,75,37.637170000000005,False,False,,,False,,missed_hit_outside_candidate_pool,missed_hit_outside_candidate_pool,False,False,False,True,False,False,False,False,False,,False,53.75,65.0,58.0,4.7986,6.7244,-1.5705,13.3,4.134762633996925,4.134762633996925,3.0
2026-06-26,600379,宝光股份,5.090655509065556,False,False,74,0.4430212461232822,False,False,67,38.894995,False,False,,,False,,not_selected_non_hit,not_selected_non_hit,False,False,False,False,False,False,False,False,False,,False,52.75,75.0,70.0,8.5277,9.9667,-0.9373,14.52,5.774647887323936,5.774647887323936,2.0
2026-06-26,600397,江钨装备,11.325028312570783,True,False,31,0.4729087296541324,False,True,6,54.644075,False,False,,,False,,missed_hit_outside_candidate_pool,missed_hit_outside_candidate_pool|v005_dropped_v002_hit,False,False,False,True,False,False,False,True,False,,False,61.75,95.0,72.0,18.6433,24.5754,0.0581,26.04,5.032167812293942,5.032167812293942,3.0
2026-06-26,600400,红豆股份,5.572755417956654,False,False,88,0.4340834387508258,False,False,52,42.013535000000005,False,False,,,False,,not_selected_non_hit,not_selected_non_hit,False,False,False,False,False,False,False,False,False,,False,55.75,75.0,50.0,9.5189,11.566,-0.7955,3.27,4.818523153942422,4.818523153942422,3.0
2026-06-26,600405,动力源,6.603773584905648,False,False,188,0.3782079997474422,False,False,178,21.4708,False,False,,,False,,not_selected_non_hit,not_selected_non_hit,False,False,False,False,False,False,False,False,False,,False,39.0,40.0,40.0,-0.9136,-0.2108,-1.4952,4.26,4.018912529550822,4.018912529550822,3.0
2026-06-26,600458,时代新材,7.106274007682467,True,False,135,0.4030364603019795,False,False,172,21.986735,False,False,,,False,,missed_hit_outside_candidate_pool,missed_hit_outside_candidate_pool,False,False,False,True,False,False,False,False,False,,False,39.0,40.0,46.0,-3.8379,-3.8379,-4.2163,15.71,4.401849893134346,4.401849893134346,1.0
2026-06-26,600470,六国化工,-2.614379084967322,False,False,140,0.4004809677254541,False,False,121,28.914945,False,False,,,False,,not_selected_non_hit,not_selected_non_hit,False,False,False,False,False,False,False,False,False,,False,50.25,55.0,58.0,0.6499,1.1498,-1.3189,6.07,4.304635761589393,4.304635761589393,3.0
2026-06-26,600488,津药药业,14.446952595936802,True,False,191,0.3772374613761647,False,False,179,21.453335,False,False,,,False,,missed_hit_outside_candidate_pool,missed_hit_outside_candidate_pool,False,False,False,True,False,False,False,False,False,,False,45.0,40.0,50.0,-6.5619,-6.5619,-2.5489,4.4,4.545454545454519,4.545454545454519,3.0
2026-06-26,600497,驰宏锌锗,-1.1857707509881465,False,False,59,0.4526852213364956,False,False,54,41.67935,False,False,,,False,,not_selected_non_hit,not_selected_non_hit,False,False,False,False,False,False,False,False,False,,False,53.25,75.0,84.0,9.7058,14.9299,-0.959,12.54,3.864326695916298,3.864326695916298,2.0
2026-06-26,600500,中化国际,-8.163265306122458,False,False,92,0.4286469092437152,False,False,105,32.236085,False,False,,,False,,not_selected_non_hit,not_selected_non_hit,False,False,False,False,False,False,False,False,False,,False,48.75,55.0,64.0,1.2051,4.3641,-1.2302,8.92,4.526640019439898,4.526640019439898,1.0
2026-06-26,600506,统一股份,-0.4946996466431153,False,False,187,0.3787255452149388,False,False,186,20.352375,False,False,,,False,,not_selected_non_hit,not_selected_non_hit,False,False,False,False,False,False,False,False,False,,False,44.5,40.0,50.0,-9.2075,-9.2075,-1.8035,14.16,2.8954802259887114,2.8954802259887114,3.0
2026-06-26,600516,方大炭素,-3.822629969418956,False,False,85,0.4342083510541467,False,False,96,33.84654,False,False,,,False,,not_selected_non_hit,not_selected_non_hit,False,False,False,False,False,False,False,False,False,,False,50.25,65.0,70.0,3.8624,4.9984,-1.1322,6.47,4.095029696780239,4.095029696780239,1.0
2026-06-26,600563,法拉电子,2.4502617801047233,False,False,69,0.4463281160753655,False,False,64,39.712535,False,False,,,False,,not_selected_non_hit,not_selected_non_hit,False,False,False,False,False,False,False,False,False,,False,52.75,65.0,82.0,4.5393,11.0457,0.9792,188.76,0.5075970737197677,0.5075970737197677,2.0
2026-06-26,600579,中化装备,9.196891191709856,True,False,76,0.4416902281770456,False,False,79,36.60881,False,False,,,False,,missed_hit_outside_candidate_pool,missed_hit_outside_candidate_pool,False,False,False,True,False,False,False,False,False,,False,51.25,65.0,70.0,3.9658,6.5822,-0.7767,7.74,4.8365665692266635,4.8365665692266635,1.0
2026-06-26,600584,长电科技,2.00970873786408,False,True,8,0.4966508996292896,False,False,26,49.08894,False,True,8.0,source_v004a_model_rank,False,,not_selected_non_hit,not_selected_non_hit,False,False,False,False,False,False,False,False,False,,False,64.25,95.0,66.0,16.7792,17.0228,-3.8195,100.89,4.18803187424861,4.18803187424861,1.0
2026-06-26,600596,新安股份,-5.8159232072275575,False,False,100,0.4215899837180498,False,False,82,35.92497,False,False,,,False,,not_selected_non_hit,not_selected_non_hit,False,False,False,False,False,False,False,False,False,,False,40.25,65.0,92.0,4.0362,10.3602,1.1552,17.8,4.867249007527263,4.867249007527263,2.0
2026-06-26,600667,太极实业,6.681034482758608,False,True,11,0.4908128201129448,False,False,19,50.596355,False,True,11.0,source_v004a_model_rank,False,,not_selected_non_hit,not_selected_non_hit,False,False,False,False,False,False,False,False,False,,False,56.0,90.0,80.0,24.5425,27.7749,-2.0563,26.88,4.7494075600588825,4.7494075600588825,1.0
2026-06-26,600668,尖峰集团,4.234972677595628,False,False,132,0.4046360039894236,False,False,162,22.589005,False,False,,,False,,not_selected_non_hit,not_selected_non_hit,False,False,False,False,False,False,False,False,False,,False,37.0,40.0,84.0,-0.8197,0.4098,-2.8017,7.35,4.7697821891370396,4.7697821891370396,1.0
2026-06-26,600703,三安光电,-2.946428571428572,False,False,33,0.471987809481678,False,False,27,48.99678,False,False,,,False,,not_selected_non_hit,not_selected_non_hit,False,False,False,False,False,False,False,False,False,,False,64.25,95.0,66.0,15.6672,17.396,-2.2298,21.73,3.809331208694089,3.809331208694089,2.0
2026-06-26,600707,彩虹股份,20.64285714285714,True,False,66,0.4467427195465619,False,False,38,46.475705000000005,False,False,,,False,,missed_hit_outside_candidate_pool,missed_hit_outside_candidate_pool,False,False,False,True,False,False,False,False,False,,False,55.75,95.0,46.0,10.4807,13.1555,-2.3514,13.96,6.433547159703079,6.433547159703079,3.0
2026-06-26,600708,光明地产,-2.108433734939752,False,False,112,0.4178790639230708,False,False,95,33.90067,False,False,,,False,,not_selected_non_hit,not_selected_non_hit,False,False,False,False,False,False,False,False,False,,False,54.25,65.0,66.0,5.4662,5.4662,-3.2221,3.28,3.329411831657958,3.329411831657958,3.0
2026-06-26,600719,大连热电,-6.0532687651331685,False,False,193,0.3767606543300233,False,False,164,22.431300000000004,False,False,,,False,,not_selected_non_hit,not_selected_non_hit,False,False,False,False,False,False,False,False,False,,False,38.5,40.0,46.0,-7.6508,-4.2804,-0.9461,8.52,4.639638675469238,4.639638675469238,3.0
2026-06-26,600743,华远控股,-1.3574660633484115,False,False,185,0.3791949864129452,False,False,155,22.99343,False,False,,,False,,not_selected_non_hit,not_selected_non_hit,False,False,False,False,False,False,False,False,False,,False,44.5,40.0,50.0,-1.8902,-1.8902,-2.3575,2.18,2.4144122577185456,2.4144122577185456,3.0
2026-06-26,600777,新潮能源,-3.191489361702138,False,False,204,0.3703596186120427,False,False,201,19.431169999999995,False,False,,,False,,not_selected_non_hit,not_selected_non_hit,False,False,False,False,False,False,False,False,False,,False,40.5,40.0,42.0,-7.9514,-7.7556,-1.4344,4.71,1.6711155381605725,1.6711155381605725,3.0
2026-06-26,600793,宜宾纸业,3.066439522998299,False,False,192,0.3768787634802789,False,False,203,18.722005,False,False,,,False,,not_selected_non_hit,not_selected_non_hit,False,False,False,False,False,False,False,False,False,,False,40.0,40.0,42.0,-9.4981,-9.2664,-0.8785,11.75,4.180887372013653,4.180887372013653,3.0
2026-06-26,600843,上工申贝,2.8368794326240954,False,False,149,0.3963125591248813,False,False,130,27.54576,False,False,,,False,,not_selected_non_hit,not_selected_non_hit,False,False,False,False,False,False,False,False,False,,False,45.25,55.0,32.0,2.0236,2.0236,-1.3562,8.47,4.250295159386064,4.250295159386064,3.0
2026-06-26,600851,海欣股份,10.256410256410264,True,False,129,0.4066372150228843,False,False,110,31.44724,False,False,,,False,,missed_hit_outside_candidate_pool,missed_hit_outside_candidate_pool,False,False,False,True,False,False,False,False,False,,False,49.25,65.0,46.0,3.4564,3.4564,-2.5575,8.8,3.409090909090895,3.409090909090895,3.0
2026-06-26,600857,宁波中百,21.657910099241096,True,False,61,0.4517651394874336,False,False,81,36.255455,False,False,,,False,,missed_hit_outside_candidate_pool,missed_hit_outside_candidate_pool,False,False,False,True,False,False,False,False,False,,False,44.25,75.0,94.0,8.5757,10.808,-2.8213,17.87,4.347357913173866,4.347357913173866,1.0
2026-06-26,600877,电科芯片,4.957678355501827,False,False,70,0.4459344003630414,False,False,49,42.5975,False,False,,,False,,not_selected_non_hit,not_selected_non_hit,False,False,False,False,False,False,False,False,False,,False,47.75,75.0,86.0,7.5036,13.1973,1.0661,16.7,4.918032786885251,4.918032786885251,2.0
2026-06-26,600881,亚泰集团,1.9736842105263275,False,False,199,0.3738559893141134,False,False,153,23.23788,False,False,,,False,,not_selected_non_hit,not_selected_non_hit,False,False,False,False,False,False,False,False,False,,False,44.0,40.0,50.0,-5.2632,-5.2632,-1.8576,1.53,4.575163398692816,4.575163398692816,3.0
2026-06-26,600888,新疆众和,0.49291435613061374,False,True,10,0.4924825550786129,False,False,20,50.550095,False,True,10.0,source_v004a_model_rank,True,1.0,selected_false_positive,selected_false_positive,False,True,False,False,False,False,False,False,True,final_top3,False,63.25,95.0,76.0,16.0741,19.4074,-1.0258,16.12,4.467134652201676,4.467134652201676,1.0
2026-06-26,600903,贵州燃气,-4.545454545454541,False,False,144,0.3990415801944943,False,False,171,22.005315,False,False,,,False,,not_selected_non_hit,not_selected_non_hit,False,False,False,False,False,False,False,False,False,,False,44.5,40.0,66.0,-9.7867,-8.9084,-1.3163,7.26,2.7816411682892728,2.7816411682892728,1.0
2026-06-26,600909,华安证券,-7.069102462271648,False,False,34,0.471643969652296,False,False,25,49.180835,False,False,,,False,,not_selected_non_hit,not_selected_non_hit,False,False,False,False,False,False,False,False,False,,False,58.5,90.0,84.0,22.6065,24.9743,-1.6812,12.14,3.67408432149412,3.67408432149412,2.0
2026-06-26,601011,宝泰隆,1.8867924528301883,False,False,205,0.3699718934818692,False,False,198,19.585765,False,False,,,False,,not_selected_non_hit,not_selected_non_hit,False,False,False,False,False,False,False,False,False,,False,38.0,40.0,46.0,-5.1017,-4.7449,-2.5516,2.67,3.004186679725507,3.004186679725507,3.0
2026-06-26,601798,蓝科高新,-1.6905071521456483,False,False,80,0.43742771522649,False,False,90,34.42504,False,False,,,False,,not_selected_non_hit,not_selected_non_hit,False,False,False,False,False,False,False,False,False,,False,52.75,65.0,70.0,3.6644,3.6644,-2.9642,7.61,3.8107752956636043,3.8107752956636043,1.0
2026-06-26,601869,长飞光纤,1.2707182320441879,False,False,86,0.4341578505921767,False,False,93,34.00008,False,False,,,False,,not_selected_non_hit,not_selected_non_hit,False,False,False,False,False,False,False,False,False,,False,53.75,65.0,56.0,5.1232,7.0955,-1.661,543.0,4.588742964352721,4.588742964352721,3.0
2026-06-26,601872,招商轮船,-2.477596204533472,False,False,96,0.4265670284241274,False,False,101,32.976765,False,False,,,False,,not_selected_non_hit,not_selected_non_hit,False,False,False,False,False,False,False,False,False,,False,51.75,65.0,70.0,4.9563,5.6041,-1.0661,19.56,4.773662551440339,4.773662551440339,2.0
2026-06-26,603007,顺景科技,7.665505226480818,True,False,173,0.3848726925988886,False,False,161,22.628094999999995,False,False,,,False,,missed_hit_outside_candidate_pool,missed_hit_outside_candidate_pool,False,False,False,True,False,False,False,False,False,,False,45.5,40.0,58.0,-4.0867,-3.4195,-2.3929,5.79,3.4782608695652195,3.4782608695652195,3.0
2026-06-26,603010,万盛股份,11.009732360097324,True,False,49,0.4582989521759996,False,False,53,41.818995,False,False,,,False,,missed_hit_outside_candidate_pool,missed_hit_outside_candidate_pool,False,False,False,True,False,False,False,False,False,,False,43.75,75.0,100.0,7.8737,15.2272,1.9614,16.61,4.896837547520949,4.896837547520949,1.0
2026-06-26,603015,弘讯科技,1.5859766277128484,False,False,183,0.380402641900067,False,False,177,21.63702,False,False,,,False,,not_selected_non_hit,not_selected_non_hit,False,False,False,False,False,False,False,False,False,,False,42.5,40.0,50.0,-3.766,-3.3654,-3.512,12.06,4.912572855953368,4.912572855953368,3.0
2026-06-26,603019,中科曙光,8.313131313131317,True,False,26,0.4771994238120937,False,False,57,41.10488,False,False,,,False,,missed_hit_outside_candidate_pool,missed_hit_outside_candidate_pool,False,False,False,True,False,False,False,False,False,,False,53.75,75.0,80.0,8.736,11.1099,-0.329,98.76,2.520414756062883,2.520414756062883,1.0
2026-06-26,603045,福达合金,-6.898275431142209,False,False,154,0.3939613450288967,False,False,176,21.70793,False,False,,,False,,not_selected_non_hit,not_selected_non_hit,False,False,False,False,False,False,False,False,False,,False,44.0,40.0,50.0,-5.7534,-4.1453,-1.8059,80.47,3.80434782608694,3.80434782608694,2.0
2026-06-26,603061,金海通,21.555813728337682,True,False,43,0.4637168410248619,False,False,41,43.66061499999999,False,False,,,False,,missed_hit_outside_candidate_pool,missed_hit_outside_candidate_pool,False,False,False,True,False,False,False,False,False,,False,57.75,75.0,56.0,9.7149,16.1544,-0.3111,415.05,2.043158861340677,2.043158861340677,2.0
2026-06-26,603063,禾望电气,8.850931677018625,True,False,90,0.4320746324047698,False,False,119,29.50087,False,False,,,False,,missed_hit_outside_candidate_pool,missed_hit_outside_candidate_pool,False,False,False,True,False,False,False,False,False,,False,46.75,55.0,76.0,0.1198,2.202,-1.1208,52.03,4.355503237198355,4.355503237198355,1.0
2026-06-26,603065,宿迁联盛,-1.057184046131665,False,True,3,0.500598023579814,True,True,1,56.59297,True,True,3.0,source_v004a_model_rank,False,,not_selected_non_hit,not_selected_non_hit,False,False,False,False,False,False,False,False,True,v004a_top3,False,60.75,95.0,82.0,19.469,30.6506,2.1056,21.85,3.153153153153143,3.153153153153143,1.0
2026-06-26,603067,振华股份,9.406759631292827,True,True,13,0.487325244310928,False,False,39,45.016560000000005,False,True,13.0,source_v004a_model_rank,True,2.0,selected_hit,selected_hit|v005_rescued_from_v002,True,False,False,False,False,True,False,False,False,final_top3,False,63.25,95.0,76.0,10.9492,11.1834,-3.3341,42.74,4.196951934349347,4.196951934349347,1.0
2026-06-26,603083,剑桥科技,3.6216653193209325,False,False,60,0.4523621530083563,False,False,72,38.18122,False,False,,,False,,not_selected_non_hit,not_selected_non_hit,False,False,False,False,False,False,False,False,False,,False,57.25,75.0,50.0,8.1108,9.6355,-1.6415,245.92,4.094845360824739,4.094845360824739,2.0
2026-06-26,603106,恒银科技,0.9790209790209614,False,False,170,0.3863398458200209,False,False,160,22.654565,False,False,,,False,,not_selected_non_hit,not_selected_non_hit,False,False,False,False,False,False,False,False,False,,False,44.5,40.0,78.0,-3.1693,-2.2252,-1.1488,7.25,3.064066852367686,3.064066852367686,3.0
2026-06-26,603115,海星股份,7.272727272727275,True,False,56,0.4534428279161802,False,False,104,32.31188,False,False,,,False,,missed_hit_outside_candidate_pool,missed_hit_outside_candidate_pool,False,False,False,True,False,False,False,False,False,,False,50.25,65.0,84.0,4.9268,4.9268,-3.7143,118.2,3.8575977631684744,3.8575977631684744,1.0
2026-06-26,603116,红蜻蜓,0.0,False,False,186,0.3789305389513207,False,False,188,20.15275,False,False,,,False,,not_selected_non_hit,not_selected_non_hit,False,False,False,False,False,False,False,False,False,,False,45.5,40.0,50.0,-11.751,-10.048,-0.5645,5.81,2.508462127558464,2.508462127558464,3.0
2026-06-26,603122,合富中国,2.7472527472527597,False,False,201,0.3734532924509784,False,False,204,18.56489,False,False,,,False,,not_selected_non_hit,not_selected_non_hit,False,False,False,False,False,False,False,False,False,,False,39.0,40.0,40.0,-8.8146,-8.8146,-2.0097,10.8,3.8888888888888973,3.8888888888888973,3.0
2026-06-26,603203,快克智能,9.172259507829983,True,False,48,0.4588236361598379,False,False,37,46.50888,False,False,,,False,,missed_hit_outside_candidate_pool,missed_hit_outside_candidate_pool,False,False,False,True,False,False,False,False,False,,False,54.75,75.0,64.0,9.2224,18.4151,2.0981,76.0,4.901117798796228,4.901117798796228,2.0
2026-06-26,603210,泰鸿万立,2.6099925428784365,False,False,175,0.3843462747945353,False,False,181,21.09549,False,False,,,False,,not_selected_non_hit,not_selected_non_hit,False,False,False,False,False,False,False,False,False,,False,40.0,40.0,42.0,-2.7078,-2.4917,-1.7558,13.54,3.626943005181338,3.626943005181338,3.0
2026-06-26,603267,鸿远电子,-3.310928553646997,False,False,55,0.4535557977409893,False,False,86,34.867594999999994,False,False,,,False,,not_selected_non_hit,not_selected_non_hit,False,False,False,False,False,False,False,False,False,,False,52.75,65.0,74.0,4.1329,5.5258,-2.3929,78.03,3.8961038961038863,3.8961038961038863,1.0
2026-06-26,603297,永新光学,8.04969492023817,True,False,79,0.4377227128558632,False,False,63,39.968485,False,False,,,False,,missed_hit_outside_candidate_pool,missed_hit_outside_candidate_pool,False,False,False,True,False,False,False,False,False,,False,49.25,65.0,78.0,3.3007,9.7794,1.3025,137.76,6.199715480901191,6.199715480901191,2.0
2026-06-26,603313,梦百合,5.344827586206913,False,False,71,0.4446230531480219,False,False,80,36.31784,False,False,,,False,,not_selected_non_hit,not_selected_non_hit,False,False,False,False,False,False,False,False,False,,False,48.25,65.0,80.0,5.2828,9.3896,-0.1397,5.86,4.97671486062472,4.97671486062472,1.0
2026-06-26,603317,天味食品,5.709876543209869,False,False,171,0.3855966256817253,False,False,200,19.459745,False,False,,,False,,not_selected_non_hit,not_selected_non_hit,False,False,False,False,False,False,False,False,False,,False,36.5,40.0,88.0,-3.7997,-3.7265,-2.1175,13.15,3.5312024353120197,3.5312024353120197,2.0
2026-06-26,603318,水发燃气,7.07182320441988,True,False,195,0.3750009496805863,False,False,197,19.661895,False,False,,,False,,missed_hit_outside_candidate_pool,missed_hit_outside_candidate_pool,False,False,False,True,False,False,False,False,False,,False,44.5,40.0,64.0,-12.2771,-10.7577,-1.9679,8.81,3.7743042427686557,3.7743042427686557,3.0
2026-06-26,603324,盛剑科技,9.542509326526606,True,False,32,0.4720182026101748,False,True,7,54.33498,False,False,,,False,,missed_hit_outside_candidate_pool,missed_hit_outside_candidate_pool|v005_dropped_v002_hit,False,False,False,True,False,False,False,True,False,,False,59.75,95.0,54.0,16.2284,23.5411,1.2278,51.02,5.194564547321945,5.194564547321945,2.0
2026-06-26,603335,迪生力,1.6853932584269593,False,False,94,0.4273928104882579,False,False,108,31.629805000000005,False,False,,,False,,not_selected_non_hit,not_selected_non_hit,False,False,False,False,False,False,False,False,False,,False,44.75,55.0,84.0,1.3247,5.043,-1.2232,9.04,4.953475116113126,4.953475116113126,1.0
2026-06-26,603386,骏亚科技,-2.959427207637233,False,False,82,0.4360147077336737,False,False,78,37.21622,False,False,,,False,,not_selected_non_hit,not_selected_non_hit,False,False,False,False,False,False,False,False,False,,False,50.25,65.0,84.0,4.1276,11.2479,-1.7555,20.78,3.3419023136247006,3.3419023136247006,2.0
2026-06-26,603399,永杉锂业,14.15707853926964,True,False,164,0.388949604206715,False,False,183,20.88077,False,False,,,False,,missed_hit_outside_candidate_pool,missed_hit_outside_candidate_pool,False,False,False,True,False,False,False,False,False,,False,39.0,40.0,46.0,-2.1978,-2.1978,-4.7942,20.47,4.649811956475158,4.649811956475158,2.0
2026-06-26,603466,风语筑,0.38610038610038533,False,False,181,0.3813467086751497,False,False,157,22.83543,False,False,,,False,,not_selected_non_hit,not_selected_non_hit,False,False,False,False,False,False,False,False,False,,False,39.5,40.0,42.0,-1.7806,-1.2124,-1.2489,10.43,3.4715525554484206,3.4715525554484206,3.0
2026-06-26,603500,祥和实业,-7.042253521126751,False,False,131,0.4047498104473259,False,False,144,25.017285,False,False,,,False,,not_selected_non_hit,not_selected_non_hit,False,False,False,False,False,False,False,False,False,,False,44.0,40.0,50.0,-5.7865,-3.1737,-1.0179,12.6,3.8301661889565297,3.8301661889565297,1.0
2026-06-26,603527,众源新材,-6.511627906976747,False,False,128,0.4070388682070174,False,False,163,22.57028,False,False,,,False,,not_selected_non_hit,not_selected_non_hit,False,False,False,False,False,False,False,False,False,,False,45.5,40.0,56.0,-8.9156,-8.4869,-2.987,12.81,3.564096677788098,3.564096677788098,1.0
2026-06-26,603630,拉芳家化,11.693548387096776,True,False,180,0.3813806362535641,False,False,174,21.79544,False,False,,,False,,missed_hit_outside_candidate_pool,missed_hit_outside_candidate_pool,False,False,False,True,False,False,False,False,False,,False,45.5,40.0,50.0,-6.3872,-5.8574,-1.0463,12.44,2.021018593371049,2.021018593371049,3.0
2026-06-26,603661,恒林股份,6.311688311688313,False,False,58,0.4533146036399412,False,False,70,38.674645,False,False,,,False,,not_selected_non_hit,not_selected_non_hit,False,False,False,False,False,False,False,False,False,,False,42.25,65.0,100.0,5.7979,13.6873,1.3054,40.06,2.977467811158796,2.977467811158796,1.0
2026-06-26,603669,灵康药业,7.942238267148016,True,False,108,0.4193525320977497,False,False,73,37.77856,False,False,,,False,,missed_hit_outside_candidate_pool,missed_hit_outside_candidate_pool,False,False,False,True,False,False,False,False,False,,False,53.75,65.0,50.0,5.2016,7.9291,-0.1581,5.54,3.8888888888888973,3.8888888888888973,3.0
2026-06-26,603678,火炬电子,4.160019634310963,False,False,16,0.4844584717360302,False,False,35,46.73621,False,False,,,False,,not_selected_non_hit,not_selected_non_hit,False,False,False,False,False,False,False,False,False,,False,56.25,75.0,84.0,8.6822,17.3319,0.8444,79.49,2.037213092489476,2.037213092489476,1.0
2026-06-26,603690,至纯科技,2.777777777777768,False,True,15,0.4855397400137684,False,False,21,49.48875999999999,False,True,15.0,source_v004a_model_rank,False,,not_selected_non_hit,not_selected_non_hit,False,False,False,False,False,False,False,False,False,,False,52.25,95.0,96.0,10.8924,16.437,0.9073,35.49,4.0558592263450155,4.0558592263450155,1.0
2026-06-26,603713,密尔克卫,-2.9380902413431165,False,False,28,0.476879401043864,False,True,11,52.90534,False,False,,,False,,not_selected_non_hit,not_selected_non_hit,False,False,False,False,False,False,False,False,False,,False,62.25,95.0,78.0,13.8824,18.5774,0.2835,76.02,3.828382377527073,3.828382377527073,2.0
2026-06-26,603717,天域生物,5.245346869712342,False,False,196,0.3749572452095851,False,False,167,22.228685,False,False,,,False,,not_selected_non_hit,not_selected_non_hit,False,False,False,False,False,False,False,False,False,,False,39.0,40.0,84.0,-5.2497,-3.9693,-2.0423,6.0,3.4644197652538677,3.4644197652538677,3.0
2026-06-26,603725,天安新材,-1.4468085106382977,False,False,137,0.4023243230082789,False,False,114,30.43456,False,False,,,False,,not_selected_non_hit,not_selected_non_hit,False,False,False,False,False,False,False,False,False,,False,45.75,55.0,42.0,2.9476,3.2996,-1.2838,11.74,3.2478632478632585,3.2478632478632585,3.0
2026-06-26,603733,仙鹤股份,3.10280373831775,False,False,114,0.4168238956967424,False,False,137,26.535965,False,False,,,False,,not_selected_non_hit,not_selected_non_hit,False,False,False,False,False,False,False,False,False,,False,45.0,40.0,58.0,-4.3801,-1.5851,-0.2446,26.76,4.653846153846164,4.653846153846164,1.0
2026-06-26,603757,大元泵业,7.1798460461861335,True,False,39,0.4669359778111703,False,False,18,50.66633,False,False,,,False,,missed_hit_outside_candidate_pool,missed_hit_outside_candidate_pool,False,False,False,True,False,False,False,False,False,,False,52.25,95.0,92.0,12.9782,21.5605,0.5619,74.22,4.262104957958823,4.262104957958823,3.0
2026-06-26,603800,洪田股份,-5.341614906832303,False,False,38,0.4675226630646659,False,False,69,38.766305,False,False,,,False,,not_selected_non_hit,not_selected_non_hit,False,False,False,False,False,False,False,False,False,,False,53.25,65.0,76.0,5.9519,12.3801,-1.3843,88.46,3.2973621103117523,3.2973621103117523,1.0
2026-06-26,603863,松炀资源,-1.0736196319018343,False,False,177,0.3830311618434124,False,False,184,20.451025,False,False,,,False,,not_selected_non_hit,not_selected_non_hit,False,False,False,False,False,False,False,False,False,,False,45.5,40.0,56.0,-10.0049,-9.8662,-2.7781,13.0,3.0160025802967727,3.0160025802967727,3.0
2026-06-26,603929,亚翔集成,4.767856486416955,False,False,19,0.4834467584050964,False,False,48,42.68588,False,False,,,False,,not_selected_non_hit,not_selected_non_hit,False,False,False,False,False,False,False,False,False,,False,56.25,75.0,76.0,9.072,15.1879,-0.1225,260.85,3.6437246963562764,3.6437246963562764,1.0
2026-06-26,603938,三孚股份,-3.2945483069682258,False,False,18,0.4835033746902837,False,True,3,54.99799,True,False,,,False,,not_selected_non_hit,not_selected_non_hit,False,False,False,False,False,False,False,False,False,,False,63.25,95.0,84.0,13.115,23.0662,2.4714,75.81,0.0,0.0,2.0
2026-06-26,603948,建业股份,-0.6581653640477136,False,False,152,0.3956417449675518,False,False,165,22.34565,False,False,,,False,,not_selected_non_hit,not_selected_non_hit,False,False,False,False,False,False,False,False,False,,False,45.0,40.0,60.0,-4.1266,-3.9268,-3.1472,24.05,4.616666666666669,4.616666666666669,2.0
2026-06-26,603986,兆易创新,6.931964056482665,False,False,21,0.4823855481809067,False,True,5,54.68084999999999,False,False,,,False,,not_selected_non_hit,not_selected_non_hit,False,False,False,False,False,False,False,False,False,,False,64.75,95.0,58.0,15.7538,21.6764,1.6429,770.0,3.4175633285995044,3.4175633285995044,2.0
2026-06-26,603989,艾华集团,-4.196428571428578,False,True,9,0.4957923056659005,False,True,15,50.9715,False,True,9.0,source_v004a_model_rank,False,,not_selected_non_hit,not_selected_non_hit,False,False,False,False,False,False,False,False,False,,False,53.0,90.0,88.0,27.5376,32.6543,-0.4913,56.0,4.700456913268569,4.700456913268569,1.0
2026-06-26,605020,永和股份,-1.17647058823529,False,False,73,0.4440111461234293,False,False,44,43.15685,False,False,,,False,,not_selected_non_hit,not_selected_non_hit,False,False,False,False,False,False,False,False,False,,False,56.75,65.0,62.0,4.1582,11.9531,0.9531,41.22,1.3820078226857824,1.3820078226857824,2.0
2026-06-26,605069,正和生态,11.571906354515061,True,False,41,0.4661081528219876,False,True,9,53.67472999999999,False,False,,,False,,missed_hit_outside_candidate_pool,missed_hit_outside_candidate_pool|v005_dropped_v002_hit,False,False,False,True,False,False,False,True,False,,False,64.75,95.0,50.0,14.831,17.3379,0.1399,14.51,3.5211267605633756,3.5211267605633756,2.0
2026-06-26,605118,力鼎光电,8.605798889574334,True,False,161,0.3913051329828498,False,False,141,25.531045,False,False,,,False,,missed_hit_outside_candidate_pool,missed_hit_outside_candidate_pool,False,False,False,True,False,False,False,False,False,,False,43.5,40.0,50.0,-4.1473,-1.7593,-0.0596,32.5,4.982655313781126,4.982655313781126,3.0
2026-06-26,605151,西上海,-0.9809264305177146,False,False,162,0.3907534589937695,False,False,146,24.474500000000003,False,False,,,False,,not_selected_non_hit,not_selected_non_hit,False,False,False,False,False,False,False,False,False,,False,42.5,40.0,70.0,-5.8396,-4.0228,-0.0234,18.49,4.906284454244769,4.906284454244769,2.0
2026-06-26,605167,利柏特,5.985686402081969,False,False,122,0.4098990307644221,False,False,100,33.21697,False,False,,,False,,not_selected_non_hit,not_selected_non_hit,False,False,False,False,False,False,False,False,False,,False,49.25,65.0,40.0,3.6742,3.7417,-2.8899,15.36,3.0429564285849198,3.0429564285849198,3.0
2026-06-26,605277,新亚电子,-0.6153846153846176,False,False,160,0.3916260948661671,False,False,139,26.019965,False,False,,,False,,not_selected_non_hit,not_selected_non_hit,False,False,False,False,False,False,False,False,False,,False,33.0,40.0,100.0,-6.5517,1.6636,1.8016,19.8,4.175824175824183,4.175824175824183,2.0
2026-06-26,605300,佳禾食品,6.87318489835429,False,False,110,0.4181734462420785,False,False,127,27.818875,False,False,,,False,,not_selected_non_hit,not_selected_non_hit,False,False,False,False,False,False,False,False,False,,False,33.75,55.0,94.0,1.5189,5.0927,-0.4922,9.41,5.932203389830515,5.932203389830515,1.0
2026-06-26,605318,法狮龙,-1.205944137555437,False,False,116,0.4137585470536987,False,False,180,21.305685,False,False,,,False,,not_selected_non_hit,not_selected_non_hit,False,False,False,False,False,False,False,False,False,,False,34.0,40.0,46.0,-0.9293,-0.6746,-4.3121,128.68,5.7423337442744415,5.7423337442744415,1.0
2026-06-26,605369,拱东医疗,2.9808773903261976,False,False,130,0.4059159480344289,False,False,118,29.5137,False,False,,,False,,not_selected_non_hit,not_selected_non_hit,False,False,False,False,False,False,False,False,False,,False,45.25,55.0,84.0,2.3148,4.0449,-2.2012,17.44,3.9797367001040307,3.9797367001040307,3.0
2026-06-26,605376,XD博迁新,8.201869704937215,True,True,6,0.497509897575655,False,True,12,52.841705,False,True,6.0,source_v004a_model_rank,False,,missed_hit_in_candidate_pool,missed_hit_in_candidate_pool|v005_dropped_v004a_hit|v005_dropped_v002_hit,False,False,True,False,False,False,True,True,False,,True,62.25,95.0,78.0,13.8227,18.304,0.3687,264.0,3.5552205823224936,3.5552205823224936,1.0
2026-06-26,605377,华旺科技,12.009237875288669,True,False,147,0.3975231623548363,False,False,111,31.391465,False,False,,,False,,missed_hit_outside_candidate_pool,missed_hit_outside_candidate_pool,False,False,False,True,False,False,False,False,False,,False,45.25,55.0,48.0,0.3423,2.1131,0.0447,8.65,4.6117647058823374,4.6117647058823374,3.0
2026-06-26,605580,恒盛能源,-0.42313117066290484,False,False,113,0.4175835328396871,False,False,106,31.994834999999995,False,False,,,False,,not_selected_non_hit,not_selected_non_hit,False,False,False,False,False,False,False,False,False,,False,49.25,65.0,32.0,4.7241,5.2436,-1.2878,28.36,2.7639971651311157,2.7639971651311157,3.0
2026-06-26,605589,圣泉集团,-2.5022475277195144,False,False,104,0.4207427782021668,False,False,143,25.042915,False,False,,,False,,not_selected_non_hit,not_selected_non_hit,False,False,False,False,False,False,False,False,False,,False,45.0,40.0,50.0,-1.7187,-0.6464,-2.6708,66.71,4.7704197605697995,4.7704197605697995,1.0
2026-06-26,605598,上海港湾,3.5263835263835253,False,False,119,0.4126592159698803,False,False,109,31.59179,False,False,,,False,,not_selected_non_hit,not_selected_non_hit,False,False,False,False,False,False,False,False,False,,False,36.75,55.0,92.0,1.2962,6.8743,0.1191,39.66,4.9747273210960286,4.9747273210960286,2.0
2026-06-29,000620,盈新发展,19.937694704049846,True,False,29,0.3956241444306056,False,False,26,33.413515,False,False,,,False,,missed_hit_outside_candidate_pool,missed_hit_outside_candidate_pool,False,False,False,True,False,False,False,False,False,,False,52.25,55.0,66.0,1.4493,4.7431,-2.3071,3.18,1.3636363636363669,1.3636363636363669,3.0
2026-06-29,000823,超声电子,9.25280681378242,True,True,11,0.4393368676577334,False,False,21,38.46902,False,True,11.0,source_v004a_model_rank,False,,missed_hit_in_candidate_pool,missed_hit_in_candidate_pool|v005_dropped_v004a_hit,False,False,True,False,False,False,True,False,False,,True,56.25,75.0,74.0,9.9944,11.4118,-3.2298,25.94,4.669187749695136,4.669187749695136,3.0
2026-06-29,001210,金房能源,3.9608366711170406,False,False,33,0.3855630642512819,False,False,36,24.392215,False,False,,,False,,not_selected_non_hit,not_selected_non_hit,False,False,False,False,False,False,False,False,False,,False,43.0,40.0,76.0,-6.5695,-3.1618,-0.5205,22.45,4.6722068328716615,4.6722068328716615,3.0
2026-06-29,001215,千味央厨,9.956076134699842,True,False,34,0.3829850318522055,False,False,39,20.88294,False,False,,,False,,missed_hit_outside_candidate_pool,missed_hit_outside_candidate_pool,False,False,False,True,False,False,False,False,False,,False,43.0,40.0,54.0,-10.9916,-10.9916,-1.4545,35.25,2.411347517730511,2.411347517730511,3.0
2026-06-29,001270,铖昌科技,5.1677419354838605,False,True,8,0.4508230688846657,False,True,7,45.451135,False,True,8.0,source_v004a_model_rank,False,,not_selected_non_hit,not_selected_non_hit,False,False,False,False,False,False,False,False,False,,False,52.25,75.0,84.0,9.0877,17.6024,3.5107,153.31,4.149053310367123,4.149053310367123,3.0
2026-06-29,001389,广合科技,6.380395683453233,False,True,12,0.4388525308896162,False,True,13,41.16091,False,True,12.0,source_v004a_model_rank,False,,not_selected_non_hit,not_selected_non_hit,False,False,False,False,False,False,False,False,False,,False,56.75,75.0,70.0,7.223,10.4748,-0.2623,220.49,3.303774620154698,3.303774620154698,3.0
2026-06-29,001400,江顺科技,2.504230118443318,False,False,22,0.4111607310572817,False,False,27,32.42343,False,False,,,False,,not_selected_non_hit,not_selected_non_hit,False,False,False,False,False,False,False,False,False,,False,49.75,55.0,70.0,0.9178,3.7663,-0.3829,114.75,3.3781362007168525,3.3781362007168525,3.0
2026-06-29,002106,莱宝高科,15.77287066246058,True,False,17,0.4284026376844775,False,True,14,40.978925,False,False,,,False,,missed_hit_outside_candidate_pool,missed_hit_outside_candidate_pool|v005_dropped_v002_hit,False,False,False,True,False,False,False,True,False,,False,56.75,75.0,78.0,6.8671,9.8318,-0.6024,15.93,3.397077473546717,3.397077473546717,3.0
2026-06-29,002119,康强电子,16.108319374651046,True,False,30,0.3947978289836265,False,False,34,26.21061,False,False,,,False,,missed_hit_outside_candidate_pool,missed_hit_outside_candidate_pool,False,False,False,True,False,False,False,False,False,,False,33.5,40.0,92.0,-2.2214,6.4941,1.1449,36.29,3.1152460984393615,3.1152460984393615,3.0
2026-06-29,002129,TCL中环,6.598114824335899,False,True,15,0.4310461596387838,False,True,8,45.355715,False,True,15.0,source_v004a_model_rank,False,,not_selected_non_hit,not_selected_non_hit,False,False,False,False,False,False,False,False,False,,False,55.75,75.0,78.0,7.2797,12.3563,1.9178,11.73,2.8532510523162857,2.8532510523162857,3.0
2026-06-29,002141,贤丰控股,1.9607843137255054,False,True,9,0.4467024401702733,False,True,11,43.818535,False,True,9.0,source_v004a_model_rank,True,3.0,selected_false_positive,selected_false_positive,False,True,False,False,False,False,False,False,True,final_top3,False,60.25,95.0,84.0,10.6601,10.6601,-4.6925,5.18,4.964029618684362,4.964029618684362,3.0
2026-06-29,002253,川大智胜,7.902735562310048,True,False,41,0.3723772858279522,False,False,41,17.49936,False,False,,,False,,missed_hit_outside_candidate_pool,missed_hit_outside_candidate_pool,False,False,False,True,False,False,False,False,False,,False,34.5,40.0,86.0,-8.4796,-6.5185,-2.6852,10.01,4.961494942537148,4.961494942537148,3.0
2026-06-29,002354,天娱数科,6.702702702702701,False,False,18,0.4267711453440408,False,False,18,39.15657,False,False,,,False,,not_selected_non_hit,not_selected_non_hit,False,False,False,False,False,False,False,False,False,,False,49.25,75.0,84.0,8.7386,12.4414,-1.3913,9.11,4.864153211807198,4.864153211807198,3.0
2026-06-29,002559,亚威股份,12.74193548387097,True,True,13,0.4364138739742226,False,True,12,43.03132,False,True,13.0,source_v004a_model_rank,False,,missed_hit_in_candidate_pool,missed_hit_in_candidate_pool|v005_dropped_v004a_hit|v005_dropped_v002_hit,False,False,True,False,False,False,True,True,False,,True,45.75,75.0,100.0,7.7356,17.8924,3.2772,13.0,3.6195286195286114,3.6195286195286114,3.0
2026-06-29,002674,兴业科技,0.7010164738871394,False,True,1,0.4691303037600008,True,True,1,56.218425,True,True,1.0,source_v004a_model_rank,False,,not_selected_non_hit,not_selected_non_hit,False,False,False,False,False,False,False,False,True,v004a_top3,False,52.5,90.0,100.0,24.9371,44.9143,6.6019,31.7,0.0,0.0,3.0
2026-06-29,002910,庄园牧场,7.246376811594213,True,False,36,0.3799897352033325,False,False,37,23.56933,False,False,,,False,,missed_hit_outside_candidate_pool,missed_hit_outside_candidate_pool,False,False,False,True,False,False,False,False,False,,False,44.0,40.0,56.0,-4.3162,-4.3162,-4.7026,11.04,4.934694309429188,4.934694309429188,3.0
2026-06-29,002930,宏川智慧,7.774227902023423,True,False,37,0.3795193202192899,False,False,38,22.911795,False,False,,,False,,missed_hit_outside_candidate_pool,missed_hit_outside_candidate_pool,False,False,False,True,False,False,False,False,False,,False,37.0,40.0,84.0,-0.4831,1.7713,-1.8987,9.48,4.746494066882434,4.746494066882434,3.0
2026-06-29,002962,五方光电,6.165413533834596,False,True,10,0.4448803726832969,False,True,10,44.72838,False,True,10.0,source_v004a_model_rank,False,,not_selected_non_hit,not_selected_non_hit,False,False,False,False,False,False,False,False,False,,False,56.25,75.0,78.0,8.3744,14.7236,1.9555,20.96,3.828190169924439,3.828190169924439,3.0
2026-06-29,002965,祥鑫科技,10.07673667205169,True,True,7,0.453703586433306,False,True,9,45.236475,False,True,7.0,source_v004a_model_rank,True,2.0,selected_hit,selected_hit,True,False,False,False,False,False,False,False,False,final_top3,False,59.75,95.0,80.0,10.1305,10.622,-2.3342,49.51,2.847034277697569,2.847034277697569,3.0
2026-06-29,003033,征和工业,6.179674941953928,False,False,23,0.4097681185102685,False,False,24,33.679300000000005,False,False,,,False,,not_selected_non_hit,not_selected_non_hit,False,False,False,False,False,False,False,False,False,,False,39.75,65.0,86.0,3.5824,6.7472,0.3983,55.99,5.367200029838504,5.367200029838504,3.0
2026-06-29,600118,中国卫星,6.804878048780494,False,False,27,0.3987005498758946,False,False,30,29.01965,False,False,,,False,,not_selected_non_hit,not_selected_non_hit,False,False,False,False,False,False,False,False,False,,False,35.0,40.0,84.0,-0.371,7.7265,3.1221,81.02,5.357266926484128,5.357266926484128,3.0
2026-06-29,600228,返利科技,-7.931726907630532,False,True,3,0.4656229951875731,True,True,4,49.40163499999999,False,True,3.0,source_v004a_model_rank,False,,not_selected_non_hit,not_selected_non_hit,False,False,False,False,False,False,False,False,True,v004a_top3,False,62.25,95.0,84.0,17.8541,23.6801,-2.3035,10.19,1.2963135720048369,1.2963135720048369,3.0
2026-06-29,600343,航天动力,10.780669144981413,True,False,20,0.4188467652950208,False,False,20,38.89391,False,False,,,False,,missed_hit_outside_candidate_pool,missed_hit_outside_candidate_pool,False,False,False,True,False,False,False,False,False,,False,46.25,65.0,88.0,3.6374,9.404,0.5175,27.13,3.0350194552529297,3.0350194552529297,3.0
2026-06-29,600367,红星发展,13.045007032348789,True,False,28,0.3959566489315105,False,False,32,27.98243,False,False,,,False,,missed_hit_outside_candidate_pool,missed_hit_outside_candidate_pool,False,False,False,True,False,False,False,False,False,,False,43.0,40.0,84.0,-2.0878,1.828,-2.6495,57.21,1.669003616549225,1.669003616549225,3.0
2026-06-29,600481,双良节能,6.875000000000009,False,False,35,0.3814664632612014,False,False,29,29.491595,False,False,,,False,,not_selected_non_hit,not_selected_non_hit,False,False,False,False,False,False,False,False,False,,False,41.5,40.0,70.0,-0.7811,3.0188,-0.0667,4.88,4.677294573231983,4.677294573231983,3.0
2026-06-29,600539,狮头股份,5.555555555555558,False,False,38,0.3774102685898354,False,False,35,24.74879,False,False,,,False,,not_selected_non_hit,not_selected_non_hit,False,False,False,False,False,False,False,False,False,,False,30.5,40.0,92.0,-10.3774,1.752,3.6274,15.1,4.307349008331829,4.307349008331829,3.0
2026-06-29,600545,卓郎智能,6.327372764786809,False,False,19,0.4261004206159866,False,False,16,40.61681499999999,False,False,,,False,,not_selected_non_hit,not_selected_non_hit,False,False,False,False,False,False,False,False,False,,False,54.75,75.0,78.0,8.0921,10.6025,-2.1112,7.49,4.529271795271006,4.529271795271006,3.0
2026-06-29,600552,凯盛科技,0.031786395422761515,False,True,2,0.4685601525121404,True,True,2,49.691660000000006,True,True,2.0,source_v004a_model_rank,False,,not_selected_non_hit,not_selected_non_hit,False,False,False,False,False,False,False,False,True,v004a_top3,False,52.75,95.0,92.0,14.7216,22.5046,1.3706,31.48,2.7815468113975506,2.7815468113975506,3.0
2026-06-29,600962,国投中鲁,7.510288065843618,True,False,16,0.429536134352621,False,False,19,39.151995,False,False,,,False,,missed_hit_outside_candidate_pool,missed_hit_outside_candidate_pool,False,False,False,True,False,False,False,False,False,,False,48.75,75.0,86.0,7.2797,11.1877,-4.8674,29.02,3.571428571428581,3.571428571428581,3.0
2026-06-29,601016,节能风电,3.394255874673635,False,False,39,0.3773998275001254,False,False,33,26.430845,False,False,,,False,,not_selected_non_hit,not_selected_non_hit,False,False,False,False,False,False,False,False,False,,False,39.5,40.0,70.0,-1.8277,-0.0,-0.7081,3.83,5.630026809651478,5.630026809651478,3.0
2026-06-29,603194,中力股份,-1.0943199583116292,False,False,31,0.3919919181397038,False,False,28,30.17495,False,False,,,False,,not_selected_non_hit,not_selected_non_hit,False,False,False,False,False,False,False,False,False,,False,41.5,40.0,78.0,-2.5754,3.7813,2.4883,38.04,3.938476457805029,3.938476457805029,3.0
2026-06-29,603261,立航科技,0.7793195210036075,False,True,6,0.4584224873086933,False,True,3,49.53067999999999,True,True,6.0,source_v004a_model_rank,False,,not_selected_non_hit,not_selected_non_hit,False,False,False,False,False,False,False,False,False,,False,64.75,95.0,66.0,12.1732,13.011,-5.862,52.61,0.0986506579499391,0.0986506579499391,3.0
2026-06-29,603270,金帝股份,7.594936708860756,True,False,24,0.4089092174569994,False,False,22,35.633485,False,False,,,False,,missed_hit_outside_candidate_pool,missed_hit_outside_candidate_pool,False,False,False,True,False,False,False,False,False,,False,45.75,55.0,78.0,1.4359,5.628,0.9995,32.0,5.735824319895122,5.735824319895122,3.0
2026-06-29,603687,大胜达,7.25567620927936,True,False,32,0.390743428925522,False,False,31,28.14177,False,False,,,False,,missed_hit_outside_candidate_pool,missed_hit_outside_candidate_pool,False,False,False,True,False,False,False,False,False,,False,32.5,40.0,100.0,-2.0238,8.9517,0.2581,20.35,2.786885245901627,2.786885245901627,3.0
2026-06-29,603698,航天工程,3.0850263355906904,False,True,4,0.4637929788283361,False,True,6,47.853675,False,True,4.0,source_v004a_model_rank,True,1.0,selected_false_positive,selected_false_positive,False,True,False,False,False,False,False,False,True,final_top3,False,60.75,95.0,84.0,11.4425,12.174,-2.7792,39.87,3.7374267301119035,3.7374267301119035,3.0
2026-06-29,603861,白云电器,-4.879825200291332,False,False,40,0.3769317383158487,False,False,40,20.19894,False,False,,,False,,not_selected_non_hit,not_selected_non_hit,False,False,False,False,False,False,False,False,False,,False,39.0,40.0,48.0,-7.9252,-7.3114,-2.2079,13.59,3.9259259259259105,3.9259259259259105,3.0
2026-06-29,603903,中持股份,7.6335877862595325,True,False,21,0.4148662981449172,False,False,17,40.25250499999999,False,False,,,False,,missed_hit_outside_candidate_pool,missed_hit_outside_candidate_pool,False,False,False,True,False,False,False,False,False,,False,54.25,75.0,70.0,7.1667,8.75,-0.9156,13.05,2.6479750778816147,2.6479750778816147,3.0
2026-06-29,603977,国泰集团,6.62914321450907,False,True,14,0.435267174729484,False,True,15,40.72275500000001,False,True,14.0,source_v004a_model_rank,False,,not_selected_non_hit,not_selected_non_hit,False,False,False,False,False,False,False,False,False,,False,43.75,75.0,100.0,7.8265,13.7814,0.6658,16.05,4.82480610863032,4.82480610863032,3.0
2026-06-29,605296,神农集团,6.737588652482285,False,False,25,0.4080414043063785,False,False,25,33.58368,False,False,,,False,,not_selected_non_hit,not_selected_non_hit,False,False,False,False,False,False,False,False,False,,False,37.25,55.0,94.0,1.5568,10.1633,2.2872,28.8,3.630689602679249,3.630689602679249,3.0
2026-06-29,605366,宏柏新材,0.9489051094890621,False,True,5,0.4607299764991571,False,True,5,48.45732999999999,False,True,5.0,source_v004a_model_rank,False,,not_selected_non_hit,not_selected_non_hit,False,False,False,False,False,False,False,False,False,,False,52.25,95.0,94.0,15.6218,19.7328,-0.7306,13.98,4.375611652306799,4.375611652306799,3.0
2026-06-29,605399,晨光新材,4.085872576177274,False,False,26,0.40343643481248,False,False,23,34.785995,False,False,,,False,,not_selected_non_hit,not_selected_non_hit,False,False,False,False,False,False,False,False,False,,False,49.25,55.0,78.0,0.7673,4.567,1.0021,14.31,4.334140053402891,4.334140053402891,3.0
2026-06-30,000021,深科技,-8.704549031953412,False,True,4,0.4994112142607345,False,True,2,52.71244,True,True,4.0,source_v004a_model_rank,False,,not_selected_non_hit,not_selected_non_hit,False,False,False,False,False,False,False,False,False,,False,52.75,95.0,92.0,15.1516,28.486,4.4631,64.27,3.211805555555558,3.211805555555558,1.0
2026-06-30,000521,长虹美菱,16.977611940298498,True,False,65,0.3965231451509756,False,False,61,24.794615,False,False,,,False,,missed_hit_outside_candidate_pool,missed_hit_outside_candidate_pool,False,False,False,True,False,False,False,False,False,,False,42.0,40.0,78.0,-1.3799,-0.092,-1.812,5.43,3.175462024436815,3.175462024436815,1.0
2026-06-30,000551,创元科技,-0.146127618119829,False,True,9,0.4883356686207784,False,True,8,50.10934,False,True,9.0,source_v004a_model_rank,False,,not_selected_non_hit,not_selected_non_hit,False,False,False,False,False,False,False,False,False,,False,51.25,95.0,100.0,12.0644,20.4109,0.4642,20.63,4.583333333333339,4.583333333333339,1.0
2026-06-30,000751,锌业股份,0.16420361247946325,False,False,29,0.438932738728913,False,False,22,38.273635000000006,False,False,,,False,,not_selected_non_hit,not_selected_non_hit,False,False,False,False,False,False,False,False,False,,False,52.75,65.0,50.0,3.9233,6.7132,0.4849,6.12,4.36241610738255,4.36241610738255,1.0
2026-06-30,000756,新华制药,11.167146974063403,True,False,19,0.4586816408166189,False,False,18,41.3404,False,False,,,False,,missed_hit_outside_candidate_pool,missed_hit_outside_candidate_pool,False,False,False,True,False,False,False,False,False,,False,53.25,65.0,78.0,3.794,9.269,2.0808,14.17,3.128994983288602,3.128994983288602,1.0
2026-06-30,000759,中百集团,9.350237717908104,True,False,59,0.4038232120939032,False,False,52,29.63068,False,False,,,False,,missed_hit_outside_candidate_pool,missed_hit_outside_candidate_pool,False,False,False,True,False,False,False,False,False,,False,40.5,40.0,40.0,-1.3316,1.8771,1.2077,6.35,2.60162601626015,2.60162601626015,1.0
2026-06-30,000777,中核科技,0.36880927291886856,False,False,50,0.4164662445170321,False,False,45,31.037185000000004,False,False,,,False,,not_selected_non_hit,not_selected_non_hit,False,False,False,False,False,False,False,False,False,,False,45.0,40.0,64.0,-5.2077,3.9417,4.1355,19.54,3.703703703703698,3.703703703703698,1.0
2026-06-30,000920,沃顿科技,-3.9399624765478425,False,False,22,0.4492280201199705,False,False,23,38.046425,False,False,,,False,,not_selected_non_hit,not_selected_non_hit,False,False,False,False,False,False,False,False,False,,False,41.75,65.0,92.0,4.0811,12.7088,3.7051,16.46,4.420620435739764,4.420620435739764,1.0
2026-06-30,000959,首钢股份,3.9548022598870025,False,False,42,0.4283981169053579,False,False,34,35.008190000000006,False,False,,,False,,not_selected_non_hit,not_selected_non_hit,False,False,False,False,False,False,False,False,False,,False,43.75,65.0,88.0,3.1022,6.7518,0.4768,3.51,3.0485179579213817,3.0485179579213817,1.0
2026-06-30,000988,华工科技,-10.413043478260864,False,False,35,0.4328304840576226,False,False,41,32.467165,False,False,,,False,,not_selected_non_hit,not_selected_non_hit,False,False,False,False,False,False,False,False,False,,False,35.75,55.0,92.0,0.9251,7.6795,2.0758,184.61,4.655885899817891,4.655885899817891,1.0
2026-06-30,001301,尚太科技,-3.614714012332565,False,False,53,0.4115290706556864,False,False,60,25.6952,False,False,,,False,,not_selected_non_hit,not_selected_non_hit,False,False,False,False,False,False,False,False,False,,False,39.0,40.0,42.0,-0.4036,1.7287,-0.153,93.51,3.937318071392637,3.937318071392637,1.0
2026-06-30,002038,双鹭药业,16.323024054982803,True,False,28,0.4404172974142387,False,False,27,36.379885,False,False,,,False,,missed_hit_outside_candidate_pool,missed_hit_outside_candidate_pool,False,False,False,True,False,False,False,False,False,,False,40.25,65.0,96.0,4.6251,10.5931,2.0361,5.93,4.677037047234567,4.677037047234567,1.0
2026-06-30,002180,奔图科技,1.9452887537994012,False,True,14,0.4738453069179549,False,True,13,45.228725,False,True,14.0,source_v004a_model_rank,True,3.0,selected_false_positive,selected_false_positive,False,True,False,False,False,False,False,False,True,final_top3,False,56.75,75.0,70.0,9.4555,12.3395,0.3033,16.36,2.324494022283452,2.324494022283452,1.0
2026-06-30,002237,恒邦股份,-1.0906612133605997,False,False,56,0.4082542673768632,False,False,55,28.677545,False,False,,,False,,not_selected_non_hit,not_selected_non_hit,False,False,False,False,False,False,False,False,False,,False,40.0,40.0,84.0,-1.8685,3.1891,1.0427,14.69,4.068767106688376,4.068767106688376,1.0
2026-06-30,002255,海陆重工,-1.1190233977619424,False,False,44,0.4254176608551581,False,False,29,36.20732,False,False,,,False,,not_selected_non_hit,not_selected_non_hit,False,False,False,False,False,False,False,False,False,,False,48.25,55.0,70.0,0.8412,4.5682,0.6917,9.82,4.439299677430486,4.439299677430486,1.0
2026-06-30,002277,友阿股份,14.333895446880284,True,False,62,0.4011101627836057,False,False,63,24.605005,False,False,,,False,,missed_hit_outside_candidate_pool,missed_hit_outside_candidate_pool,False,False,False,True,False,False,False,False,False,,False,45.5,40.0,60.0,-3.1405,-2.6446,-1.5585,5.89,3.583617747440271,3.583617747440271,1.0
2026-06-30,002317,众生药业,12.006512006511993,True,False,20,0.4562003999562585,False,False,20,39.45487500000001,False,False,,,False,,missed_hit_outside_candidate_pool,missed_hit_outside_candidate_pool,False,False,False,True,False,False,False,False,False,,False,53.75,65.0,60.0,4.6689,7.1102,0.3022,24.57,4.5787391633700825,4.5787391633700825,1.0
2026-06-30,002342,巨力索具,11.781338360037697,True,False,23,0.4491720312265383,False,False,36,34.927589999999995,False,False,,,False,,missed_hit_outside_candidate_pool,missed_hit_outside_candidate_pool,False,False,False,True,False,False,False,False,False,,False,53.25,65.0,72.0,4.1438,4.9426,-1.2765,10.51,3.0680728667305868,3.0680728667305868,1.0
2026-06-30,002366,融发核电,-0.16694490818029983,False,False,60,0.4021088004355728,False,False,49,30.522,False,False,,,False,,not_selected_non_hit,not_selected_non_hit,False,False,False,False,False,False,False,False,False,,False,43.5,40.0,70.0,-1.0204,0.8503,0.5273,5.93,2.577319587628857,2.577319587628857,1.0
2026-06-30,002370,亚太药业,10.363636363636374,True,False,41,0.4293604624208246,False,False,38,34.543695,False,False,,,False,,missed_hit_outside_candidate_pool,missed_hit_outside_candidate_pool,False,False,False,True,False,False,False,False,False,,False,49.75,55.0,78.0,1.8217,4.8897,0.2826,5.47,2.839046993955341,2.839046993955341,1.0
2026-06-30,002409,雅克科技,2.672727272727271,False,True,1,0.5021700359165298,True,True,1,52.90941000000001,True,True,1.0,source_v004a_model_rank,False,,not_selected_non_hit,not_selected_non_hit,False,False,False,False,False,False,False,False,True,v004a_top3,False,50.75,95.0,92.0,19.7186,29.5456,3.3652,224.5,4.690542023456201,4.690542023456201,1.0
2026-06-30,002422,科伦药业,18.587746625129785,True,False,36,0.4326192512443683,False,False,28,36.294475,False,False,,,False,,missed_hit_outside_candidate_pool,missed_hit_outside_candidate_pool,False,False,False,True,False,False,False,False,False,,False,48.75,55.0,60.0,0.8353,4.1334,1.0375,38.52,4.986595174262742,4.986595174262742,1.0
2026-06-30,002437,誉衡药业,11.48148148148147,True,False,48,0.418139473564919,False,False,46,30.953395,False,False,,,False,,missed_hit_outside_candidate_pool,missed_hit_outside_candidate_pool,False,False,False,True,False,False,False,False,False,,False,45.75,55.0,70.0,1.0333,3.3295,-0.8166,2.7,5.525709900230225,5.525709900230225,1.0
2026-06-30,002521,齐峰新材,3.7447988904299567,False,False,51,0.4144560836396784,False,False,56,28.554235,False,False,,,False,,not_selected_non_hit,not_selected_non_hit,False,False,False,False,False,False,False,False,False,,False,37.75,55.0,94.0,0.6565,5.6163,-1.1703,7.24,2.463768115942022,2.463768115942022,1.0
2026-06-30,002549,凯美特气,4.465558194774344,False,False,17,0.4606193867477615,False,False,19,39.97456,False,False,,,False,,not_selected_non_hit,not_selected_non_hit,False,False,False,False,False,False,False,False,False,,False,43.75,75.0,92.0,6.5832,12.5729,0.0205,21.05,4.8168590065228445,4.8168590065228445,1.0
2026-06-30,002568,百润股份,4.306784660766971,False,False,43,0.4268932462138404,False,False,44,32.187929999999994,False,False,,,False,,not_selected_non_hit,not_selected_non_hit,False,False,False,False,False,False,False,False,False,,False,49.25,55.0,62.0,1.4678,3.0513,-0.0372,16.92,3.8415366146458574,3.8415366146458574,1.0
2026-06-30,002624,完美世界,3.3734939759036076,False,False,57,0.4054890414595504,False,False,51,30.338065,False,False,,,False,,not_selected_non_hit,not_selected_non_hit,False,False,False,False,False,False,False,False,False,,False,42.5,40.0,58.0,-1.6865,2.1802,1.8241,12.42,4.267782426778255,4.267782426778255,1.0
2026-06-30,002639,雪人集团,0.918079096045199,False,False,55,0.4088762956845834,False,False,54,28.94879,False,False,,,False,,not_selected_non_hit,not_selected_non_hit,False,False,False,False,False,False,False,False,False,,False,44.5,40.0,78.0,-5.2714,-0.7775,1.4886,13.91,3.207590020359241,3.207590020359241,1.0
2026-06-30,002653,海思科,24.68827930174564,True,True,2,0.5008775640725357,True,True,4,51.769725,False,True,2.0,source_v004a_model_rank,True,1.0,selected_hit,selected_hit,True,False,False,False,False,False,False,False,False,final_and_v004a_top3,False,56.25,95.0,88.0,15.2507,21.5731,1.3873,66.34,4.042436619205847,4.042436619205847,1.0
2026-06-30,002687,乔治白,8.50661625708884,True,False,16,0.462101443628465,False,True,14,45.12941000000001,False,False,,,False,,missed_hit_outside_candidate_pool,missed_hit_outside_candidate_pool|v005_dropped_v002_hit,False,False,False,True,False,False,False,True,False,,False,53.75,75.0,78.0,7.6654,14.4355,3.0434,5.24,4.376789436819806,4.376789436819806,1.0
2026-06-30,002693,双成药业,13.874066168623278,True,False,37,0.4316519895959689,False,False,33,35.092085,False,False,,,False,,missed_hit_outside_candidate_pool,missed_hit_outside_candidate_pool,False,False,False,True,False,False,False,False,False,,False,42.75,55.0,88.0,2.3631,7.4756,1.7005,9.46,3.2388445457853132,3.2388445457853132,1.0
2026-06-30,002728,特一药业,7.574094401756337,True,False,24,0.4475694135402487,False,False,21,38.719155,False,False,,,False,,missed_hit_outside_candidate_pool,missed_hit_outside_candidate_pool,False,False,False,True,False,False,False,False,False,,False,46.25,65.0,88.0,4.0681,8.2072,0.9673,9.15,2.9811177913478204,2.9811177913478204,1.0
2026-06-30,002821,凯莱英,5.29959718026185,False,True,8,0.4897596587489947,False,True,11,47.493975,False,True,8.0,source_v004a_model_rank,False,,not_selected_non_hit,not_selected_non_hit,False,False,False,False,False,False,False,False,False,,False,56.25,95.0,80.0,14.7985,17.3335,-1.202,162.0,4.858044164037856,4.858044164037856,1.0
2026-06-30,002828,贝肯能源,4.8237476808905555,False,False,25,0.4459925159134004,False,False,35,34.98907,False,False,,,False,,not_selected_non_hit,not_selected_non_hit,False,False,False,False,False,False,False,False,False,,False,51.25,65.0,60.0,5.7878,7.517,-1.4544,10.57,3.8461538461538547,3.8461538461538547,1.0
2026-06-30,002859,洁美科技,-8.069241011984019,False,False,21,0.4509021367117405,False,False,25,36.727515,False,False,,,False,,not_selected_non_hit,not_selected_non_hit,False,False,False,False,False,False,False,False,False,,False,42.25,65.0,92.0,4.1981,10.7515,1.0927,109.51,0.09715340522686855,0.09715340522686855,1.0
2026-06-30,002915,中欣氟材,13.954611298889418,True,False,52,0.4142673998860954,False,False,48,30.55865,False,False,,,False,,missed_hit_outside_candidate_pool,missed_hit_outside_candidate_pool,False,False,False,True,False,False,False,False,False,,False,44.0,40.0,78.0,-2.9222,1.5849,1.3477,20.51,3.7755102040816224,3.7755102040816224,1.0
2026-06-30,003004,声迅股份,-1.7802332719459857,False,True,7,0.4902592330327358,False,True,9,49.484885000000006,False,True,7.0,source_v004a_model_rank,False,,not_selected_non_hit,not_selected_non_hit,False,False,False,False,False,False,False,False,False,,False,56.25,95.0,86.0,10.3427,14.6299,0.3807,81.55,3.4913951910771956,3.4913951910771956,1.0
2026-06-30,003006,百亚股份,4.206896551724126,False,False,63,0.4006424825108689,False,False,65,23.058525,False,False,,,False,,not_selected_non_hit,not_selected_non_hit,False,False,False,False,False,False,False,False,False,,False,39.0,40.0,60.0,-1.4433,-0.2749,-0.7918,14.51,5.384938998737887,5.384938998737887,1.0
2026-06-30,003019,宸展光电,-3.4545454545454546,False,False,39,0.4298916747259569,False,False,50,30.452945,False,False,,,False,,not_selected_non_hit,not_selected_non_hit,False,False,False,False,False,False,False,False,False,,False,49.75,55.0,70.0,0.9411,1.0964,-1.5703,32.55,3.076923076923066,3.076923076923066,1.0
2026-06-30,600129,太极集团,4.145077720207269,False,False,40,0.4295774286645784,False,False,37,34.615734999999994,False,False,,,False,,not_selected_non_hit,not_selected_non_hit,False,False,False,False,False,False,False,False,False,,False,42.75,55.0,88.0,1.1561,5.9991,1.6116,13.57,3.125649776096462,3.125649776096462,1.0
2026-06-30,600222,太龙药业,8.93854748603351,True,False,58,0.4042860373144633,False,False,62,24.739705,False,False,,,False,,missed_hit_outside_candidate_pool,missed_hit_outside_candidate_pool,False,False,False,True,False,False,False,False,False,,False,45.0,40.0,66.0,-3.4549,-0.8603,-0.8509,7.26,4.24697426439562,4.24697426439562,1.0
2026-06-30,600468,百利电气,0.8237232289950658,False,False,54,0.409491099969864,False,False,57,28.537255,False,False,,,False,,not_selected_non_hit,not_selected_non_hit,False,False,False,False,False,False,False,False,False,,False,37.5,40.0,84.0,-0.2611,5.6571,1.7543,6.07,5.469397740483495,5.469397740483495,1.0
2026-06-30,600488,津药药业,13.871635610766052,True,False,47,0.4197032340534188,False,False,47,30.691645,False,False,,,False,,missed_hit_outside_candidate_pool,missed_hit_outside_candidate_pool,False,False,False,True,False,False,False,False,False,,False,49.75,55.0,70.0,0.7423,2.439,-0.7917,4.83,2.9907329401853255,2.9907329401853255,1.0
2026-06-30,600557,康缘药业,7.4915824915824825,True,False,46,0.4202877456003235,False,False,53,29.56388,False,False,,,False,,missed_hit_outside_candidate_pool,missed_hit_outside_candidate_pool,False,False,False,True,False,False,False,False,False,,False,47.75,55.0,72.0,0.0,0.8569,-0.9443,11.77,5.075612723796286,5.075612723796286,1.0
2026-06-30,600576,祥源文旅,8.221476510067127,True,False,38,0.4310383219656173,False,False,40,33.925875,False,False,,,False,,missed_hit_outside_candidate_pool,missed_hit_outside_candidate_pool,False,False,False,True,False,False,False,False,False,,False,51.25,65.0,68.0,3.4361,3.9648,-3.2669,5.9,3.9055788904538202,3.9055788904538202,1.0
2026-06-30,600857,宁波中百,17.620253164556953,True,True,12,0.4844430962838797,False,True,5,51.47084,False,True,12.0,source_v004a_model_rank,True,2.0,selected_hit,selected_hit,True,False,False,False,False,False,False,False,False,final_top3,False,67.25,95.0,66.0,10.6904,17.8489,-1.1957,19.92,1.4430785676109004,1.4430785676109004,1.0
2026-06-30,600867,通化东宝,4.968944099378869,False,False,32,0.4346903210002161,False,False,32,35.48078,False,False,,,False,,not_selected_non_hit,not_selected_non_hit,False,False,False,False,False,False,False,False,False,,False,51.25,65.0,62.0,3.5468,4.4563,-0.2213,8.04,3.759207518415031,3.759207518415031,1.0
2026-06-30,601133,柏诚股份,-6.27906976744187,False,True,10,0.4879246052458657,False,True,10,48.68095000000001,False,True,10.0,source_v004a_model_rank,False,,not_selected_non_hit,not_selected_non_hit,False,False,False,False,False,False,False,False,False,,False,47.0,90.0,96.0,22.355,26.7885,0.3583,44.04,5.580622180004746,5.580622180004746,1.0
2026-06-30,601611,中国核建,0.2702702702702897,False,False,45,0.4205170767899667,False,False,43,32.247755,False,False,,,False,,not_selected_non_hit,not_selected_non_hit,False,False,False,False,False,False,False,False,False,,False,48.75,55.0,70.0,0.0641,2.0782,-0.8647,11.15,2.9025771241351306,2.9025771241351306,1.0
2026-06-30,601636,旗滨集团,-5.753968253968256,False,False,18,0.4596757988521106,False,False,16,42.32041999999999,False,False,,,False,,not_selected_non_hit,not_selected_non_hit,False,False,False,False,False,False,False,False,False,,False,42.75,75.0,92.0,9.1672,19.3142,0.8334,10.23,4.914529914529919,4.914529914529919,1.0
2026-06-30,603032,德新科技,1.0788690476190688,False,False,33,0.4336945631049405,False,False,31,35.802184999999994,False,False,,,False,,not_selected_non_hit,not_selected_non_hit,False,False,False,False,False,False,False,False,False,,False,49.25,55.0,60.0,1.7511,4.9101,1.4134,26.9,3.966114747785876,3.966114747785876,1.0
2026-06-30,603155,新亚强,11.202872531418295,True,True,13,0.4756789723134631,False,True,15,43.19136,False,True,13.0,source_v004a_model_rank,False,,missed_hit_in_candidate_pool,missed_hit_in_candidate_pool|v005_dropped_v004a_hit|v005_dropped_v002_hit,False,False,True,False,False,False,True,True,False,,True,48.25,75.0,92.0,8.872,18.2653,1.8462,28.58,1.1022424933485375,1.1022424933485375,1.0
2026-06-30,603163,圣晖集成,-2.871621621621623,False,True,5,0.4931783067441843,False,True,6,50.445115,False,True,5.0,source_v004a_model_rank,False,,not_selected_non_hit,not_selected_non_hit,False,False,False,False,False,False,False,False,False,,False,64.25,95.0,66.0,14.8369,18.0604,-0.1518,146.5,4.659649122807008,4.659649122807008,1.0
2026-06-30,603283,赛腾股份,-12.558139534883717,False,True,6,0.4908429156412977,False,True,7,50.397,False,True,6.0,source_v004a_model_rank,False,,not_selected_non_hit,not_selected_non_hit,False,False,False,False,False,False,False,False,False,,False,58.75,95.0,70.0,15.756,17.9555,-0.0563,80.98,5.7912115824231725,5.7912115824231725,1.0
2026-06-30,603318,水发燃气,6.735751295336789,False,False,61,0.4017103625906216,False,False,59,28.048495,False,False,,,False,,not_selected_non_hit,not_selected_non_hit,False,False,False,False,False,False,False,False,False,,False,44.0,40.0,66.0,-10.3179,-4.6191,2.4034,9.54,4.013377926421402,4.013377926421402,1.0
2026-06-30,603336,宏辉果蔬,5.66750629722923,False,False,64,0.3985028314217643,False,False,64,23.47848,False,False,,,False,,not_selected_non_hit,not_selected_non_hit,False,False,False,False,False,False,False,False,False,,False,40.0,40.0,70.0,-1.0076,-0.2519,-1.8228,7.92,5.128205128205132,5.128205128205132,1.0
2026-06-30,603477,巨星农牧,4.551539491298517,False,False,27,0.4423060992451226,False,False,24,37.83261,False,False,,,False,,not_selected_non_hit,not_selected_non_hit,False,False,False,False,False,False,False,False,False,,False,44.75,65.0,88.0,3.0838,7.1377,0.3374,14.8,3.5831368274597875,3.5831368274597875,1.0
2026-06-30,603516,淳中科技,-5.495231107850341,False,False,49,0.4179658772155012,False,False,58,28.41019,False,False,,,False,,not_selected_non_hit,not_selected_non_hit,False,False,False,False,False,False,False,False,False,,False,44.5,40.0,74.0,-4.615,0.0372,1.3471,134.61,3.62290611608882,3.62290611608882,1.0
2026-06-30,603606,东方电缆,6.141618497109813,False,False,30,0.4386722379620557,False,False,42,32.34269,False,False,,,False,,not_selected_non_hit,not_selected_non_hit,False,False,False,False,False,False,False,False,False,,False,53.25,55.0,62.0,2.4314,3.3024,-0.2539,41.51,1.7006802721088565,1.7006802721088565,1.0
2026-06-30,603650,彤程新材,4.74406991260925,False,True,3,0.4997433287395678,True,True,3,52.69463999999999,True,True,3.0,source_v004a_model_rank,False,,not_selected_non_hit,not_selected_non_hit,False,False,False,False,False,False,False,False,True,v004a_top3,False,54.25,95.0,92.0,14.3884,27.1444,5.302,97.98,2.0986954055586926,2.0986954055586926,1.0
2026-06-30,603726,朗迪集团,-1.1668611435239118,False,True,15,0.4664135154420612,False,False,17,41.826730000000005,False,True,15.0,source_v004a_model_rank,False,,not_selected_non_hit,not_selected_non_hit,False,False,False,False,False,False,False,False,False,,False,44.75,75.0,100.0,6.2154,14.7596,2.0635,34.25,2.460567823343851,2.460567823343851,1.0
2026-06-30,603880,南卫股份,11.031518624641823,True,False,66,0.3936590488493195,False,False,66,20.11672,False,False,,,False,,missed_hit_outside_candidate_pool,missed_hit_outside_candidate_pool,False,False,False,True,False,False,False,False,False,,False,36.0,40.0,86.0,-6.868,-5.6654,-0.0222,7.06,4.878048780487809,4.878048780487809,1.0
2026-06-30,603956,威派格,3.953871499176276,False,True,11,0.4860973701634796,False,True,12,46.688245,False,True,11.0,source_v004a_model_rank,False,,not_selected_non_hit,not_selected_non_hit,False,False,False,False,False,False,False,False,False,,False,56.25,95.0,86.0,16.9811,18.8679,-2.5112,6.3,4.230325601728202,4.230325601728202,1.0
2026-06-30,605060,联德股份,0.5628847845206675,False,False,31,0.4378263182089086,False,False,39,34.005845,False,False,,,False,,not_selected_non_hit,not_selected_non_hit,False,False,False,False,False,False,False,False,False,,False,38.75,55.0,100.0,1.9067,9.3867,0.7049,56.74,3.216042376087791,3.216042376087791,1.0
2026-06-30,605377,华旺科技,1.3859275053304865,False,False,26,0.4449935630207919,False,False,26,36.70336,False,False,,,False,,not_selected_non_hit,not_selected_non_hit,False,False,False,False,False,False,False,False,False,,False,52.75,65.0,60.0,5.0092,6.8474,-0.0761,9.3,4.294478527607359,4.294478527607359,1.0
2026-06-30,605499,东鹏饮料,7.469820951146389,True,False,34,0.4329310803934039,False,False,30,36.160755,False,False,,,False,,missed_hit_outside_candidate_pool,missed_hit_outside_candidate_pool,False,False,False,True,False,False,False,False,False,,False,48.75,55.0,70.0,0.5669,3.6661,0.7351,123.43,2.5722398530148682,2.5722398530148682,1.0
2026-07-01,000021,深科技,1.835834068843778,False,True,3,0.4787600043479271,True,True,4,51.309025,False,True,3.0,source_v004a_model_rank,True,1.0,selected_false_positive,selected_false_positive,False,True,False,False,False,False,False,False,True,final_and_v004a_top3,False,66.25,95.0,76.0,14.2227,19.3406,-1.3838,62.26,0.0,0.0,2.0
2026-07-01,000521,长虹美菱,2.8813559322033777,False,False,66,0.3854847629272366,False,False,61,27.11021,False,False,,,False,,not_selected_non_hit,not_selected_non_hit,False,False,False,False,False,False,False,False,False,,False,30.5,40.0,100.0,-4.1146,9.662,6.3372,5.97,4.022988505747116,4.022988505747116,2.0
2026-07-01,000551,创元科技,8.07980049875312,True,True,7,0.471066273641099,False,True,6,49.938355,False,True,7.0,source_v004a_model_rank,False,,missed_hit_in_candidate_pool,missed_hit_in_candidate_pool|v005_dropped_v004a_hit|v005_dropped_v002_hit,False,False,True,False,False,False,True,True,False,,True,62.25,95.0,70.0,15.2933,18.6843,-0.759,21.0,3.728433857788449,3.728433857788449,2.0
2026-07-01,000751,锌业股份,1.976935749588149,False,False,34,0.4166056603015624,False,False,33,37.06415,False,False,,,False,,not_selected_non_hit,not_selected_non_hit,False,False,False,False,False,False,False,False,False,,False,52.75,65.0,58.0,3.7914,6.3647,-1.0435,6.2,3.8346089188265875,3.8346089188265875,2.0
2026-07-01,000756,新华制药,3.183391003460212,False,False,24,0.4269705839939192,False,False,31,37.14258,False,False,,,False,,not_selected_non_hit,not_selected_non_hit,False,False,False,False,False,False,False,False,False,,False,46.25,55.0,84.0,2.5816,11.4392,2.8924,14.72,4.575645756457569,4.575645756457569,2.0
2026-07-01,000759,中百集团,7.1539657853810334,True,False,47,0.4028275603912924,False,False,40,34.78185,False,False,,,False,,missed_hit_outside_candidate_pool,missed_hit_outside_candidate_pool,False,False,False,True,False,False,False,False,False,,False,50.25,55.0,50.0,0.1918,3.2279,-0.2251,6.46,4.193346765597816,4.193346765597816,2.0
2026-07-01,000777,中核科技,5.675675675675684,False,False,50,0.3953897782723851,False,False,51,30.2859,False,False,,,False,,not_selected_non_hit,not_selected_non_hit,False,False,False,False,False,False,False,False,False,,False,45.5,40.0,50.0,-1.0748,1.0106,0.4045,18.89,2.5945945945945903,2.5945945945945903,2.0
2026-07-01,000920,沃顿科技,0.06761325219744041,False,False,37,0.4150387471080681,False,False,47,31.518725,False,False,,,False,,not_selected_non_hit,not_selected_non_hit,False,False,False,False,False,False,False,False,False,,False,50.75,55.0,50.0,2.8711,4.0278,-0.9919,15.29,2.7901119339894143,2.7901119339894143,2.0
2026-07-01,000959,首钢股份,2.19780219780219,False,False,30,0.4228188784096199,False,False,21,39.44903,False,False,,,False,,not_selected_non_hit,not_selected_non_hit,False,False,False,False,False,False,False,False,False,,False,50.25,65.0,78.0,4.5002,9.3325,0.4874,3.62,4.116775880434953,4.116775880434953,2.0
2026-07-01,000988,华工科技,-3.0211113807328216,False,False,48,0.3997211261428792,False,False,64,25.00141,False,False,,,False,,not_selected_non_hit,not_selected_non_hit,False,False,False,False,False,False,False,False,False,,False,44.0,40.0,54.0,-0.3474,0.6676,-2.9472,173.55,4.086287278051004,4.086287278051004,2.0
2026-07-01,001301,尚太科技,-29.840142095914736,False,False,52,0.3946178483355625,False,False,58,28.889315,False,False,,,False,,not_selected_non_hit,not_selected_non_hit,False,False,False,False,False,False,False,False,False,,False,44.0,40.0,58.0,-4.3723,-0.0742,0.6281,91.6,3.8424340602368323,3.8424340602368323,2.0
2026-07-01,002038,双鹭药业,12.195121951219502,True,False,26,0.4255245593957504,False,False,26,37.88385,False,False,,,False,,missed_hit_outside_candidate_pool,missed_hit_outside_candidate_pool,False,False,False,True,False,False,False,False,False,,False,40.25,65.0,92.0,3.7822,14.7451,3.4647,6.28,4.992917847025491,4.992917847025491,2.0
2026-07-01,002180,奔图科技,6.168224299065406,False,False,20,0.4403685752847793,False,False,23,39.09793499999999,False,False,,,False,,not_selected_non_hit,not_selected_non_hit,False,False,False,False,False,False,False,False,False,,False,52.75,75.0,42.0,8.9705,9.8493,-1.201,16.25,2.0471464019851116,2.0471464019851116,2.0
2026-07-01,002237,恒邦股份,-2.0675396278428626,False,False,65,0.3856219766776061,False,False,66,23.266735,False,False,,,False,,not_selected_non_hit,not_selected_non_hit,False,False,False,False,False,False,False,False,False,,False,39.0,40.0,42.0,-0.5803,0.1189,-0.9854,14.32,4.287945477779331,4.287945477779331,2.0
2026-07-01,002255,海陆重工,-1.546391752577303,False,False,40,0.4123791694131634,False,False,36,36.372475,False,False,,,False,,not_selected_non_hit,not_selected_non_hit,False,False,False,False,False,False,False,False,False,,False,53.25,55.0,50.0,2.8017,3.9736,0.1004,9.76,1.865284974093262,1.865284974093262,2.0
2026-07-01,002277,友阿股份,0.0,False,False,56,0.3929891300577685,False,False,49,30.885335,False,False,,,False,,not_selected_non_hit,not_selected_non_hit,False,False,False,False,False,False,False,False,False,,False,41.5,40.0,82.0,-2.2979,7.1251,2.8053,6.48,2.376910016977929,2.376910016977929,2.0
2026-07-01,002317,众生药业,5.247263118157797,False,False,23,0.4308115165804688,False,False,29,37.514525,False,False,,,False,,not_selected_non_hit,not_selected_non_hit,False,False,False,False,False,False,False,False,False,,False,46.75,55.0,82.0,1.5155,14.0235,4.7239,26.71,3.3221194280908195,3.3221194280908195,2.0
2026-07-01,002342,巨力索具,5.600000000000005,False,False,36,0.4153504772779501,False,False,42,34.38303,False,False,,,False,,not_selected_non_hit,not_selected_non_hit,False,False,False,False,False,False,False,False,False,,False,38.75,55.0,92.0,2.7926,11.4082,0.8108,11.25,2.849941837921688,2.849941837921688,2.0
2026-07-01,002366,融发核电,-1.0118043844856595,False,False,60,0.3901496441392493,False,False,52,30.23836,False,False,,,False,,not_selected_non_hit,not_selected_non_hit,False,False,False,False,False,False,False,False,False,,False,44.5,40.0,70.0,-0.5808,2.1524,0.8557,5.98,3.4185082872928207,3.4185082872928207,2.0
2026-07-01,002370,亚太药业,1.5437392795883298,False,False,38,0.4149623705956449,False,False,35,36.751805,False,False,,,False,,not_selected_non_hit,not_selected_non_hit,False,False,False,False,False,False,False,False,False,,False,46.75,55.0,84.0,1.1555,9.6799,2.6491,5.79,3.073463268365817,3.073463268365817,2.0
2026-07-01,002409,雅克科技,-2.7824074074074057,False,True,1,0.4895994477666664,True,True,3,54.422295000000005,True,True,1.0,source_v004a_model_rank,False,,not_selected_non_hit,not_selected_non_hit,False,False,False,False,False,False,False,False,True,v004a_top3,False,60.75,95.0,84.0,19.0405,28.9186,-0.1213,236.09,2.9816513761467878,2.9816513761467878,2.0
2026-07-01,002422,科伦药业,16.727361009953867,True,False,43,0.4082469447291749,False,False,46,31.526355,False,False,,,False,,missed_hit_outside_candidate_pool,missed_hit_outside_candidate_pool,False,False,False,True,False,False,False,False,False,,False,41.0,40.0,84.0,-1.7719,11.6107,4.2941,41.95,4.420368364030347,4.420368364030347,2.0
2026-07-01,002437,誉衡药业,4.181184668989557,False,False,53,0.3944019630836605,False,False,48,31.391295,False,False,,,False,,not_selected_non_hit,not_selected_non_hit,False,False,False,False,False,False,False,False,False,,False,41.5,40.0,82.0,-0.6447,9.215,2.7532,2.88,3.053435114503822,3.053435114503822,2.0
2026-07-01,002521,齐峰新材,-0.40431266846361336,False,False,41,0.4118118923698163,False,False,32,37.089925,False,False,,,False,,not_selected_non_hit,not_selected_non_hit,False,False,False,False,False,False,False,False,False,,False,48.75,55.0,78.0,2.4227,6.9201,1.4965,7.37,2.851768250355824,2.851768250355824,2.0
2026-07-01,002549,凯美特气,0.04833252779119501,False,True,10,0.4636474961800134,False,True,13,45.621970000000005,False,True,10.0,source_v004a_model_rank,False,,not_selected_non_hit,not_selected_non_hit,False,False,False,False,False,False,False,False,False,,False,53.75,75.0,84.0,8.0474,16.6118,1.7765,22.33,2.115067429902018,2.115067429902018,2.0
2026-07-01,002568,百润股份,0.5175388154111449,False,False,35,0.4162177570161269,False,False,34,36.876335,False,False,,,False,,not_selected_non_hit,not_selected_non_hit,False,False,False,False,False,False,False,False,False,,False,47.75,55.0,66.0,2.8441,7.2861,0.5675,17.39,3.730450168971289,3.730450168971289,2.0
2026-07-01,002624,完美世界,-4.337539432176651,False,False,55,0.3930040071703254,False,False,53,30.093145,False,False,,,False,,not_selected_non_hit,not_selected_non_hit,False,False,False,False,False,False,False,False,False,,False,43.0,40.0,58.0,-0.4885,3.9821,0.8772,12.56,3.5838545073653583,3.5838545073653583,2.0
2026-07-01,002639,雪人集团,0.14409221902016434,False,False,49,0.3974033118932185,False,False,55,29.698735,False,False,,,False,,not_selected_non_hit,not_selected_non_hit,False,False,False,False,False,False,False,False,False,,False,45.5,40.0,62.0,-0.3019,1.4951,-0.0914,14.12,2.0908435472242415,2.0908435472242415,2.0
2026-07-01,002653,海思科,10.10668163952837,True,True,13,0.4601673051116925,False,True,15,44.76951,False,True,13.0,source_v004a_model_rank,False,,missed_hit_in_candidate_pool,missed_hit_in_candidate_pool|v005_dropped_v004a_hit|v005_dropped_v002_hit,False,False,True,False,False,False,True,True,False,,True,45.75,75.0,92.0,6.9882,27.9439,9.7286,72.96,3.5895754794296186,3.5895754794296186,2.0
2026-07-01,002687,乔治白,4.05156537753224,False,True,14,0.4568908004034118,False,True,7,48.97561,False,True,14.0,source_v004a_model_rank,True,3.0,selected_false_positive,selected_false_positive,False,True,False,False,False,False,False,False,True,final_top3,False,60.75,95.0,78.0,12.0818,15.7042,-0.3025,5.43,3.940423863025977,3.940423863025977,2.0
2026-07-01,002693,双成药业,18.63157894736842,True,False,25,0.4264372865419508,False,False,24,38.81291,False,False,,,False,,missed_hit_outside_candidate_pool,missed_hit_outside_candidate_pool,False,False,False,True,False,False,False,False,False,,False,46.25,65.0,86.0,3.553,9.0623,2.0697,9.7,3.18466321305797,3.18466321305797,2.0
2026-07-01,002728,特一药业,1.58898305084747,False,False,28,0.4231116218597579,False,False,39,35.614845,False,False,,,False,,not_selected_non_hit,not_selected_non_hit,False,False,False,False,False,False,False,False,False,,False,38.25,65.0,100.0,3.5847,11.8482,2.8577,9.61,5.88171348276012,5.88171348276012,2.0
2026-07-01,002821,凯莱英,4.246138452879733,False,False,19,0.4435478818963387,False,False,25,38.61625,False,False,,,False,,not_selected_non_hit,not_selected_non_hit,False,False,False,False,False,False,False,False,False,,False,42.25,65.0,94.0,4.7642,14.9706,3.5257,164.8,1.3850968901911287,1.3850968901911287,2.0
2026-07-01,002828,贝肯能源,3.8674033149171283,False,False,33,0.4169859960279274,False,False,27,37.8147,False,False,,,False,,not_selected_non_hit,not_selected_non_hit,False,False,False,False,False,False,False,False,False,,False,42.75,65.0,48.0,4.5608,9.4404,0.5784,10.99,5.634203312502573,5.634203312502573,2.0
2026-07-01,002859,洁美科技,-3.2835820895522394,False,False,22,0.4311557363224488,False,False,38,35.90040499999999,False,False,,,False,,not_selected_non_hit,not_selected_non_hit,False,False,False,False,False,False,False,False,False,,False,49.75,65.0,64.0,3.9923,8.8453,-0.831,109.9,4.857142857142849,4.857142857142849,2.0
2026-07-01,002915,中欣氟材,7.465525439847842,True,False,39,0.4145301649239261,False,False,41,34.770464999999994,False,False,,,False,,missed_hit_outside_candidate_pool,missed_hit_outside_candidate_pool,False,False,False,True,False,False,False,False,False,,False,41.25,55.0,92.0,1.7955,8.9182,1.2746,22.02,0.9751340809361242,0.9751340809361242,2.0
2026-07-01,003004,声迅股份,-3.7947281293773116,False,True,15,0.4460424732268318,False,False,17,41.01593499999999,False,True,15.0,source_v004a_model_rank,False,,not_selected_non_hit,not_selected_non_hit,False,False,False,False,False,False,False,False,False,,False,57.25,75.0,50.0,7.6789,9.333,-0.6363,79.32,4.390681003584218,4.390681003584218,2.0
2026-07-01,003006,百亚股份,2.9709655638082255,False,False,63,0.3884197634015353,False,False,57,29.37261,False,False,,,False,,not_selected_non_hit,not_selected_non_hit,False,False,False,False,False,False,False,False,False,,False,41.5,40.0,78.0,-3.3462,1.1477,1.0098,14.63,3.791130185979963,3.791130185979963,2.0
2026-07-01,003019,宸展光电,-4.809808236403635,False,False,59,0.3909282601935876,False,False,67,21.8482,False,False,,,False,,not_selected_non_hit,not_selected_non_hit,False,False,False,False,False,False,False,False,False,,False,40.0,40.0,42.0,-0.6296,-0.2868,-1.1548,31.99,4.291764110991703,4.291764110991703,2.0
2026-07-01,600129,太极集团,4.7337278106508895,False,False,31,0.417733683370926,False,False,28,37.65444,False,False,,,False,,not_selected_non_hit,not_selected_non_hit,False,False,False,False,False,False,False,False,False,,False,50.75,55.0,68.0,1.9376,6.6065,1.8539,13.7,3.587786259541992,3.587786259541992,2.0
2026-07-01,600222,太龙药业,8.807588075880757,True,False,67,0.385016351610181,False,False,62,26.577089999999995,False,False,,,False,,missed_hit_outside_candidate_pool,missed_hit_outside_candidate_pool,False,False,False,True,False,False,False,False,False,,False,33.0,40.0,92.0,-5.2994,3.51,4.8328,7.52,4.263641839889876,4.263641839889876,2.0
2026-07-01,600468,百利电气,-0.8488964346349714,False,False,42,0.4096481035705142,False,False,43,33.46409,False,False,,,False,,not_selected_non_hit,not_selected_non_hit,False,False,False,False,False,False,False,False,False,,False,49.75,55.0,72.0,2.5954,4.5114,-0.1298,6.0,3.056027164685915,3.056027164685915,2.0
2026-07-01,600488,津药药业,7.843137254901977,True,False,54,0.3942511350853864,False,False,44,31.99448,False,False,,,False,,missed_hit_outside_candidate_pool,missed_hit_outside_candidate_pool,False,False,False,True,False,False,False,False,False,,False,44.5,40.0,72.0,-1.2216,7.4136,2.9939,5.1,2.985074626865658,2.985074626865658,2.0
2026-07-01,600557,康缘药业,5.0861361771944225,False,False,57,0.3911618570828249,False,False,59,28.6149,False,False,,,False,,not_selected_non_hit,not_selected_non_hit,False,False,False,False,False,False,False,False,False,,False,37.0,40.0,88.0,-2.0632,4.2719,2.8816,12.18,3.8461538461538547,3.8461538461538547,2.0
2026-07-01,600576,祥源文旅,-0.15698587127158659,False,False,27,0.4247987412802818,False,False,20,39.449095,False,False,,,False,,not_selected_non_hit,not_selected_non_hit,False,False,False,False,False,False,False,False,False,,False,46.75,65.0,78.0,4.4149,10.7218,1.8225,6.32,5.201532344125637,5.201532344125637,2.0
2026-07-01,600857,宁波中百,11.294765840220379,True,True,4,0.4750266593533969,False,True,2,56.736015,True,True,4.0,source_v004a_model_rank,False,,missed_hit_in_candidate_pool,missed_hit_in_candidate_pool|v005_dropped_v004a_hit|v005_dropped_v002_hit,False,False,True,False,False,False,True,True,False,,True,67.25,95.0,62.0,12.5521,25.1785,3.8967,21.91,1.116751269035543,1.116751269035543,2.0
2026-07-01,600867,通化东宝,1.6887816646562248,False,False,44,0.4081000007768191,False,False,37,36.26889,False,False,,,False,,not_selected_non_hit,not_selected_non_hit,False,False,False,False,False,False,False,False,False,,False,47.25,55.0,70.0,1.8126,6.6975,1.7298,8.3,3.0160376394955613,3.0160376394955613,2.0
2026-07-01,601133,柏诚股份,0.07698229407235857,False,True,5,0.4735787868418734,False,True,14,45.28099999999999,False,True,5.0,source_v004a_model_rank,False,,not_selected_non_hit,not_selected_non_hit,False,False,False,False,False,False,False,False,False,,False,59.75,95.0,84.0,14.6976,15.8193,-2.4808,41.3,3.546886914131653,3.546886914131653,2.0
2026-07-01,601611,中国核建,-0.6334841628959254,False,False,51,0.3951486562904143,False,False,54,29.991955,False,False,,,False,,not_selected_non_hit,not_selected_non_hit,False,False,False,False,False,False,False,False,False,,False,43.5,40.0,78.0,-0.4123,3.344,0.9793,11.28,3.335821715560394,3.335821715560394,2.0
2026-07-01,601636,旗滨集团,-1.0928961748633892,False,False,17,0.4452102559494334,False,False,16,42.28888499999999,False,False,,,False,,not_selected_non_hit,not_selected_non_hit,False,False,False,False,False,False,False,False,False,,False,57.25,75.0,58.0,7.9539,11.4915,-0.1639,9.77,3.8858242892613193,3.8858242892613193,2.0
2026-07-01,603032,德新科技,8.081979891724679,True,False,62,0.3893037572827227,False,False,68,21.268095,False,False,,,False,,missed_hit_outside_candidate_pool,missed_hit_outside_candidate_pool,False,False,False,True,False,False,False,False,False,,False,37.5,40.0,40.0,-0.4111,1.0238,-0.8347,26.05,4.750778816199364,4.750778816199364,2.0
2026-07-01,603155,新亚强,1.2923506811037377,False,True,6,0.4732111873526458,False,True,5,50.80092500000001,False,True,6.0,source_v004a_model_rank,False,,not_selected_non_hit,not_selected_non_hit,False,False,False,False,False,False,False,False,False,,False,52.75,95.0,92.0,11.6339,21.5667,1.5046,30.23,2.9538904899135243,2.9538904899135243,2.0
2026-07-01,603163,圣晖集成,-3.185185185185191,False,True,12,0.4617848374510985,False,True,8,47.27952499999999,False,True,12.0,source_v004a_model_rank,False,,not_selected_non_hit,not_selected_non_hit,False,False,False,False,False,False,False,False,False,,False,59.75,95.0,50.0,11.4979,13.4117,-0.5028,144.0,5.945853078872387,5.945853078872387,2.0
2026-07-01,603283,赛腾股份,-3.239088663189682,False,True,8,0.469559336504044,False,True,9,46.837665,False,True,8.0,source_v004a_model_rank,False,,not_selected_non_hit,not_selected_non_hit,False,False,False,False,False,False,False,False,False,,False,59.75,95.0,84.0,12.0311,14.0025,-3.4456,80.96,3.1674208144796268,3.1674208144796268,2.0
2026-07-01,603318,水发燃气,0.40816326530610514,False,False,68,0.3820875712223446,False,False,63,25.18383,False,False,,,False,,not_selected_non_hit,not_selected_non_hit,False,False,False,False,False,False,False,False,False,,False,40.5,40.0,56.0,-3.7982,-0.9072,-1.393,9.94,5.66485947763764,5.66485947763764,2.0
2026-07-01,603336,宏辉果蔬,-2.2974607013301007,False,False,64,0.3872939278655531,False,False,56,29.392025,False,False,,,False,,not_selected_non_hit,not_selected_non_hit,False,False,False,False,False,False,False,False,False,,False,41.5,40.0,78.0,-0.6673,3.2356,0.6087,8.2,3.6945513196968482,3.6945513196968482,2.0
2026-07-01,603477,巨星农牧,-1.0349288486416586,False,False,21,0.4369515762274603,False,False,18,40.768465,False,False,,,False,,not_selected_non_hit,not_selected_non_hit,False,False,False,False,False,False,False,False,False,,False,50.25,65.0,78.0,4.8439,10.8719,1.3499,15.45,4.3410369278953365,4.3410369278953365,2.0
2026-07-01,603516,淳中科技,-0.63219322418544,False,False,58,0.3909692999283221,False,False,69,20.215275,False,False,,,False,,not_selected_non_hit,not_selected_non_hit,False,False,False,False,False,False,False,False,False,,False,40.0,40.0,46.0,-5.4323,-4.8494,-2.9952,127.34,4.440581542351452,4.440581542351452,2.0
2026-07-01,603606,东方电缆,5.45757864632983,False,False,45,0.4040606012150175,False,False,45,31.730335,False,False,,,False,,not_selected_non_hit,not_selected_non_hit,False,False,False,False,False,False,False,False,False,,False,45.0,40.0,68.0,-1.3655,5.3258,2.6447,42.5,4.32160804020103,4.32160804020103,2.0
2026-07-01,603650,彤程新材,10.92052601486564,True,True,9,0.4688053772950254,False,True,10,46.83677,False,True,9.0,source_v004a_model_rank,False,,missed_hit_in_candidate_pool,missed_hit_in_candidate_pool|v005_dropped_v004a_hit|v005_dropped_v002_hit,False,False,True,False,False,False,True,True,False,,True,59.75,95.0,66.0,13.9754,15.7398,-3.0765,92.49,6.326385654075151,6.326385654075151,2.0
2026-07-01,603726,朗迪集团,10.12736874805842,True,True,11,0.4620878368579115,False,True,11,46.793235,False,True,11.0,source_v004a_model_rank,True,2.0,selected_hit,selected_hit,True,False,False,False,False,False,False,False,False,final_top3,False,63.75,95.0,70.0,10.3137,11.2684,-2.1265,33.8,3.056960980621648,3.056960980621648,2.0
2026-07-01,603880,南卫股份,7.044198895027631,True,False,69,0.3779751698650375,False,False,65,23.621275,False,False,,,False,,missed_hit_outside_candidate_pool,missed_hit_outside_candidate_pool,False,False,False,True,False,False,False,False,False,,False,40.0,40.0,84.0,-9.3219,-2.9022,-1.0509,7.26,4.129793510324475,4.129793510324475,2.0
2026-07-01,603956,威派格,7.653910149750409,True,False,16,0.4455844996352947,False,False,19,40.32996,False,False,,,False,,missed_hit_outside_candidate_pool,missed_hit_outside_candidate_pool,False,False,False,True,False,False,False,False,False,,False,56.25,75.0,70.0,9.7852,13.2734,-0.6418,6.17,3.8438365396491703,3.8438365396491703,2.0
2026-07-01,605060,联德股份,-4.547839776106355,False,False,18,0.4449484023001697,False,True,12,46.143345,False,False,,,False,,not_selected_non_hit,not_selected_non_hit,False,False,False,False,False,False,False,False,False,,False,60.25,75.0,50.0,6.4487,9.0427,0.5804,57.17,1.8634653287941116,1.8634653287941116,2.0
2026-07-01,605098,行动教育,5.332829046898646,False,False,61,0.3898669714784675,False,False,60,27.85242,False,False,,,False,,not_selected_non_hit,not_selected_non_hit,False,False,False,False,False,False,False,False,False,,False,41.5,40.0,82.0,-9.086,-2.1484,1.4638,53.88,0.0,0.0,2.0
2026-07-01,605178,时空科技,17.73076923076924,True,True,2,0.4792442179944449,True,True,1,57.210025,True,True,2.0,source_v004a_model_rank,False,,missed_hit_in_candidate_pool,missed_hit_in_candidate_pool|v005_dropped_v004a_hit|v005_dropped_v002_hit,False,False,True,False,False,False,True,True,False,v004a_top3,True,66.25,95.0,62.0,15.6375,26.9845,1.7908,104.3,0.7552934187635252,0.7552934187635252,2.0
2026-07-01,605300,佳禾食品,0.43431053203040193,False,False,46,0.4028699672501696,False,False,50,30.5492,False,False,,,False,,not_selected_non_hit,not_selected_non_hit,False,False,False,False,False,False,False,False,False,,False,46.75,55.0,78.0,0.502,2.357,0.0097,9.38,4.9294245385450575,4.9294245385450575,2.0
2026-07-01,605377,华旺科技,-2.566844919786093,False,False,32,0.4171423776750398,False,False,22,39.322645,False,False,,,False,,not_selected_non_hit,not_selected_non_hit,False,False,False,False,False,False,False,False,False,,False,53.25,65.0,50.0,3.1899,5.2333,0.1429,9.27,3.1903190319032104,3.1903190319032104,2.0
2026-07-01,605499,东鹏饮料,2.7132692157322724,False,False,29,0.4228365862485474,False,False,30,37.388725,False,False,,,False,,not_selected_non_hit,not_selected_non_hit,False,False,False,False,False,False,False,False,False,,False,49.25,55.0,58.0,2.3275,7.6105,0.8838,128.53,4.241773806656601,4.241773806656601,2.0
2026-07-02,000012,南  玻Ａ,2.0161290322580516,False,False,92,0.4260030045456733,False,False,60,36.64045,False,False,,,False,,not_selected_non_hit,not_selected_non_hit,False,False,False,False,False,False,False,False,False,,False,50.25,55.0,58.0,0.1666,4.5398,1.0138,5.02,3.950103950103956,3.950103950103956,1.0
2026-07-02,000017,深中华A,1.9933554817275656,False,False,22,0.4732146244607816,False,False,32,39.74023,False,False,,,False,,not_selected_non_hit,not_selected_non_hit,False,False,False,False,False,False,False,False,False,,False,56.75,75.0,70.0,8.7194,9.4491,-1.6749,6.0,2.3860035230851118,2.3860035230851118,1.0
2026-07-02,000021,深科技,7.566037735849052,True,False,86,0.4272229944189831,False,False,82,33.97997,False,False,,,False,,missed_hit_outside_candidate_pool,missed_hit_outside_candidate_pool,False,False,False,True,False,False,False,False,False,,False,51.75,65.0,42.0,4.7642,4.7642,-0.7105,56.03,1.327864785386934,1.327864785386934,3.0
2026-07-02,000026,飞亚达,5.833333333333335,False,False,109,0.4163400223760463,False,False,128,26.388925,False,False,,,False,,not_selected_non_hit,not_selected_non_hit,False,False,False,False,False,False,False,False,False,,False,45.5,40.0,50.0,-0.1045,0.798,-2.0338,21.22,2.9982452128266557,2.9982452128266557,1.0
2026-07-02,000100,TCL科技,-2.426343154246091,False,False,67,0.4402553495780879,False,False,67,36.045835,False,False,,,False,,not_selected_non_hit,not_selected_non_hit,False,False,False,False,False,False,False,False,False,,False,46.75,55.0,84.0,2.8369,10.489,1.3985,5.92,3.629764065335772,3.629764065335772,1.0
2026-07-02,000521,长虹美菱,8.163265306122458,True,False,115,0.4124017342933941,False,False,95,32.87271,False,False,,,False,,missed_hit_outside_candidate_pool,missed_hit_outside_candidate_pool,False,False,False,True,False,False,False,False,False,,False,43.25,65.0,86.0,5.9578,7.6077,-2.7364,5.87,4.41432239534727,4.41432239534727,3.0
2026-07-02,000551,创元科技,9.489427539969064,True,False,70,0.43710167397902,False,False,48,37.524385,False,False,,,False,,missed_hit_outside_candidate_pool,missed_hit_outside_candidate_pool,False,False,False,True,False,False,False,False,False,,False,51.75,75.0,42.0,7.4439,8.8765,-1.0456,19.76,2.8205128205128327,2.8205128205128327,3.0
2026-07-02,000603,盛达资源,2.16110019646365,False,False,77,0.4351090702653395,False,False,102,30.862975,False,False,,,False,,not_selected_non_hit,not_selected_non_hit,False,False,False,False,False,False,False,False,False,,False,49.75,55.0,76.0,2.0121,2.3433,-2.6065,24.72,3.125,3.125,1.0
2026-07-02,000620,盈新发展,4.619565217391308,False,True,13,0.4843719591090829,False,True,9,47.905975,False,True,13.0,source_v004a_model_rank,True,3.0,selected_false_positive,selected_false_positive,False,True,False,False,False,False,False,False,True,final_top3,False,64.25,95.0,60.0,13.5385,13.5385,-2.2142,3.69,4.336043360433606,4.336043360433606,1.0
2026-07-02,000751,锌业股份,-2.8475711892797295,False,False,175,0.3733215343462631,False,False,165,21.339525,False,False,,,False,,not_selected_non_hit,not_selected_non_hit,False,False,False,False,False,False,False,False,False,,False,39.0,40.0,42.0,-1.4061,-0.8978,-1.5062,5.85,4.295532646048117,4.295532646048117,3.0
2026-07-02,000756,新华制药,2.6712328767123372,False,False,50,0.4530253755592623,False,False,21,43.240265,False,False,,,False,,not_selected_non_hit,not_selected_non_hit,False,False,False,False,False,False,False,False,False,,False,56.75,75.0,78.0,6.2583,9.5951,-0.2351,14.78,3.383328040347,3.383328040347,3.0
2026-07-02,000759,中百集团,-1.9696969696969657,False,False,153,0.3948437234230625,False,False,97,32.124025,False,False,,,False,,not_selected_non_hit,not_selected_non_hit,False,False,False,False,False,False,False,False,False,,False,44.0,40.0,72.0,-0.2053,7.3741,3.1951,6.8,4.2636536000649095,4.2636536000649095,3.0
2026-07-02,000777,中核科技,1.5005359056806,False,False,135,0.4072396418635381,False,False,77,34.66791,False,False,,,False,,not_selected_non_hit,not_selected_non_hit,False,False,False,False,False,False,False,False,False,,False,50.75,55.0,50.0,0.4402,2.3969,0.3382,18.84,2.2186147186147087,2.2186147186147087,3.0
2026-07-02,000801,四川九洲,-3.546646106399387,False,False,62,0.444949580348535,False,False,41,38.30263,False,False,,,False,,not_selected_non_hit,not_selected_non_hit,False,False,False,False,False,False,False,False,False,,False,43.75,65.0,100.0,3.4218,11.7843,1.2698,13.1,1.980198019801982,1.980198019801982,1.0
2026-07-02,000811,冰轮环境,11.480479319675286,True,False,76,0.4352543487149338,False,False,108,29.330565,False,False,,,False,,missed_hit_outside_candidate_pool,missed_hit_outside_candidate_pool,False,False,False,True,False,False,False,False,False,,False,50.25,55.0,50.0,1.4583,2.2216,-2.9466,50.89,3.8112579579098194,3.8112579579098194,1.0
2026-07-02,000818,航锦科技,5.870445344129549,False,False,49,0.4532905013028119,False,False,36,39.39174,False,False,,,False,,not_selected_non_hit,not_selected_non_hit,False,False,False,False,False,False,False,False,False,,False,48.25,65.0,84.0,3.1868,9.5311,0.5646,15.02,4.946996466431086,4.946996466431086,1.0
2026-07-02,000829,天音控股,1.1811023622047223,False,False,152,0.3956687487133257,False,False,170,20.367565,False,False,,,False,,not_selected_non_hit,not_selected_non_hit,False,False,False,False,False,False,False,False,False,,False,37.5,40.0,40.0,-2.1641,-2.1641,-1.7398,7.55,5.081138600691704,5.081138600691704,1.0
2026-07-02,000859,国风新材,-3.400000000000003,False,False,151,0.3964345028647654,False,False,174,19.29031,False,False,,,False,,not_selected_non_hit,not_selected_non_hit,False,False,False,False,False,False,False,False,False,,False,40.0,40.0,42.0,-7.8482,-7.6623,-2.3266,9.93,3.9354187689202957,3.9354187689202957,1.0
2026-07-02,000920,沃顿科技,-9.283276450511957,False,False,160,0.3877168274185381,False,False,124,27.401905,False,False,,,False,,not_selected_non_hit,not_selected_non_hit,False,False,False,False,False,False,False,False,False,,False,45.0,40.0,62.0,-4.5705,1.2874,0.7238,14.87,4.476323911704627,4.476323911704627,3.0
2026-07-02,000938,紫光股份,9.213114754098362,True,False,63,0.444917013998505,False,False,94,32.91562,False,False,,,False,,missed_hit_outside_candidate_pool,missed_hit_outside_candidate_pool,False,False,False,True,False,False,False,False,False,,False,52.75,65.0,50.0,3.2448,4.432,-1.432,29.03,4.285714285714293,4.285714285714293,1.0
2026-07-02,000959,首钢股份,0.0,False,False,69,0.4378012057430918,False,False,16,45.29118,False,False,,,False,,not_selected_non_hit,not_selected_non_hit,False,False,False,False,False,False,False,False,False,,False,57.75,75.0,50.0,6.6308,9.0203,0.6604,3.65,1.9607843137255054,1.9607843137255054,3.0
2026-07-02,000967,盈峰环境,4.057971014492745,False,False,147,0.4005285341945042,False,False,129,26.053455,False,False,,,False,,not_selected_non_hit,not_selected_non_hit,False,False,False,False,False,False,False,False,False,,False,44.0,40.0,56.0,-4.5255,-2.1386,-1.7177,10.25,4.291425954897887,4.291425954897887,1.0
2026-07-02,000970,中科三环,2.251978088861839,False,False,39,0.4570124827179727,False,False,50,37.34124,False,False,,,False,,not_selected_non_hit,not_selected_non_hit,False,False,False,False,False,False,False,False,False,,False,51.75,65.0,76.0,4.7368,8.7911,-0.5294,16.1,4.491197262725066,4.491197262725066,1.0
2026-07-02,000988,华工科技,3.3555277210099543,False,False,162,0.3858914792538057,False,False,175,19.231735,False,False,,,False,,not_selected_non_hit,not_selected_non_hit,False,False,False,False,False,False,False,False,False,,False,40.5,40.0,42.0,-8.6379,-8.6379,-2.6559,156.2,2.728349485728754,2.728349485728754,3.0
2026-07-02,001229,魅视科技,-3.5990402559317514,False,True,1,0.5055503330654253,True,True,5,51.369425,False,True,1.0,source_v004a_model_rank,False,,not_selected_non_hit,not_selected_non_hit,False,False,False,False,False,False,False,False,True,v004a_top3,False,58.75,95.0,84.0,15.7219,20.4432,-0.6357,37.5,4.745797980846356,4.745797980846356,1.0
2026-07-02,001301,尚太科技,-1.8789144050104456,False,False,161,0.3860829734080603,False,False,136,24.007510000000003,False,False,,,False,,not_selected_non_hit,not_selected_non_hit,False,False,False,False,False,False,False,False,False,,False,38.5,40.0,42.0,-4.2714,-3.7339,-0.9947,87.76,4.961613383751584,4.961613383751584,3.0
2026-07-02,001314,亿道信息,-0.21992894603282132,False,False,119,0.4117100754886442,False,False,158,21.79419,False,False,,,False,,not_selected_non_hit,not_selected_non_hit,False,False,False,False,False,False,False,False,False,,False,40.5,40.0,32.0,-1.5386,-1.1501,-1.7593,58.53,3.34476843910807,3.34476843910807,1.0
2026-07-02,001331,胜通能源,5.318304492776638,False,False,114,0.4125910803539047,False,False,130,25.693065,False,False,,,False,,not_selected_non_hit,not_selected_non_hit,False,False,False,False,False,False,False,False,False,,False,40.0,40.0,84.0,-1.6893,0.9323,-2.5099,61.6,4.636029696044952,4.636029696044952,1.0
2026-07-02,001358,兴欣新材,-2.1543985637342944,False,False,47,0.4534862792641561,False,False,46,37.60838,False,False,,,False,,not_selected_non_hit,not_selected_non_hit,False,False,False,False,False,False,False,False,False,,False,40.25,65.0,92.0,5.3256,12.2102,1.787,28.36,4.666057108961219,4.666057108961219,1.0
2026-07-02,002009,天奇股份,4.269449715370022,False,False,74,0.4359493427468294,False,False,99,31.76524,False,False,,,False,,not_selected_non_hit,not_selected_non_hit,False,False,False,False,False,False,False,False,False,,False,49.75,55.0,70.0,2.7816,3.0775,-2.0988,20.9,2.437902018888427,2.437902018888427,1.0
2026-07-02,002036,联创电子,1.3586956521739024,False,False,146,0.4006443209095269,False,False,154,22.05513,False,False,,,False,,not_selected_non_hit,not_selected_non_hit,False,False,False,False,False,False,False,False,False,,False,45.0,40.0,50.0,-5.2194,-4.9598,-2.2053,7.32,3.698630136986303,3.698630136986303,1.0
2026-07-02,002038,双鹭药业,4.76923076923077,False,False,59,0.4468928900189775,False,False,20,43.27476,False,False,,,False,,not_selected_non_hit,not_selected_non_hit,False,False,False,False,False,False,False,False,False,,False,45.75,75.0,92.0,8.156,18.7943,2.3656,6.7,2.9508196721311553,2.9508196721311553,3.0
2026-07-02,002053,云南能投,3.0612244897959107,False,False,87,0.4270498062782862,False,False,121,27.913445,False,False,,,False,,not_selected_non_hit,not_selected_non_hit,False,False,False,False,False,False,False,False,False,,False,45.75,55.0,76.0,2.2143,2.844,-3.5983,9.8,5.739469449258605,5.739469449258605,1.0
2026-07-02,002106,莱宝高科,-6.683971447112258,False,False,57,0.4482348930319345,False,False,89,33.54821,False,False,,,False,,not_selected_non_hit,not_selected_non_hit,False,False,False,False,False,False,False,False,False,,False,53.75,65.0,50.0,4.7306,4.7306,-1.324,16.25,3.9999999999999813,3.9999999999999813,1.0
2026-07-02,002119,康强电子,8.079186730872113,True,False,65,0.4445488288273664,False,False,87,33.57849,False,False,,,False,,missed_hit_outside_candidate_pool,missed_hit_outside_candidate_pool,False,False,False,True,False,False,False,False,False,,False,50.75,55.0,64.0,0.7294,7.1329,-0.4702,38.48,3.814262023217263,3.814262023217263,1.0
2026-07-02,002167,东方锆业,0.766283524904221,False,True,2,0.5018838403351041,True,True,3,53.817375000000006,True,True,2.0,source_v004a_model_rank,False,,not_selected_non_hit,not_selected_non_hit,False,False,False,False,False,False,False,False,True,v004a_top3,False,60.75,95.0,82.0,11.0429,23.0922,1.4261,26.05,3.319148936170224,3.319148936170224,1.0
2026-07-02,002180,奔图科技,3.0525030525030417,False,False,72,0.4360708011725638,False,False,28,40.51586,False,False,,,False,,not_selected_non_hit,not_selected_non_hit,False,False,False,False,False,False,False,False,False,,False,53.75,65.0,56.0,4.7892,9.1249,0.2482,16.36,3.8796775964624164,3.8796775964624164,3.0
2026-07-02,002182,宝武镁业,3.725490196078418,False,False,26,0.4665900938710063,False,False,53,37.074675,False,False,,,False,,not_selected_non_hit,not_selected_non_hit,False,False,False,False,False,False,False,False,False,,False,55.75,75.0,50.0,7.0769,7.5032,-2.2487,15.13,4.777704047777043,4.777704047777043,1.0
2026-07-02,002202,金风科技,6.297872340425537,False,False,100,0.4200312282673731,False,False,120,27.95449,False,False,,,False,,not_selected_non_hit,not_selected_non_hit,False,False,False,False,False,False,False,False,False,,False,40.75,55.0,42.0,2.8414,2.9289,-1.5853,23.51,5.2676513275847325,5.2676513275847325,1.0
2026-07-02,002208,合肥城建,1.4210526315789451,False,False,48,0.4533372368665454,False,False,84,33.723935,False,False,,,False,,not_selected_non_hit,not_selected_non_hit,False,False,False,False,False,False,False,False,False,,False,54.25,65.0,50.0,4.1701,5.5546,-0.9881,19.06,2.340299494320286,2.340299494320286,1.0
2026-07-02,002237,恒邦股份,0.7784854918612805,False,False,171,0.3800161603884007,False,False,155,21.920425,False,False,,,False,,not_selected_non_hit,not_selected_non_hit,False,False,False,False,False,False,False,False,False,,False,43.5,40.0,50.0,-3.8881,-3.6068,-1.5382,13.71,4.754937820043903,4.754937820043903,3.0
2026-07-02,002255,海陆重工,2.872340425531905,False,False,155,0.3913180947855185,False,False,127,26.89136,False,False,,,False,,not_selected_non_hit,not_selected_non_hit,False,False,False,False,False,False,False,False,False,,False,45.25,55.0,32.0,0.032,0.2453,-1.6108,9.4,4.051172707889106,4.051172707889106,3.0
2026-07-02,002273,水晶光电,-2.930682976554533,False,False,20,0.4759859376097846,False,False,57,36.79310999999999,False,False,,,False,,not_selected_non_hit,not_selected_non_hit,False,False,False,False,False,False,False,False,False,,False,54.75,75.0,76.0,6.0354,8.2265,-3.555,39.02,4.629871828407017,4.629871828407017,1.0
2026-07-02,002277,友阿股份,-1.081916537867067,False,False,68,0.4397246908388146,False,False,38,39.098375,False,False,,,False,,not_selected_non_hit,not_selected_non_hit,False,False,False,False,False,False,False,False,False,,False,57.75,75.0,62.0,6.3025,6.3025,-2.2804,6.46,2.333588723317037,2.333588723317037,3.0
2026-07-02,002290,禾盛新材,4.662857142857146,False,False,102,0.4187770606319373,False,False,118,28.28253,False,False,,,False,,not_selected_non_hit,not_selected_non_hit,False,False,False,False,False,False,False,False,False,,False,45.0,40.0,64.0,-5.5878,0.0535,-0.2932,87.97,3.95133116491988,3.95133116491988,1.0
2026-07-02,002310,东方新能,-0.440528634361248,False,False,141,0.4045580868525396,False,False,144,23.276555,False,False,,,False,,not_selected_non_hit,not_selected_non_hit,False,False,False,False,False,False,False,False,False,,False,44.0,40.0,70.0,-0.3527,-0.3527,-3.0791,2.26,4.424778761061954,4.424778761061954,1.0
2026-07-02,002317,众生药业,10.037313432835804,True,False,37,0.4594934366712492,False,False,30,39.992815,False,False,,,False,,missed_hit_outside_candidate_pool,missed_hit_outside_candidate_pool,False,False,False,True,False,False,False,False,False,,False,56.75,75.0,70.0,9.1197,10.4118,-1.0998,26.49,2.309272881596214,2.309272881596214,3.0
2026-07-02,002342,巨力索具,1.9014693171996555,False,False,44,0.4552639852709239,False,False,17,43.44753,False,False,,,False,,not_selected_non_hit,not_selected_non_hit,False,False,False,False,False,False,False,False,False,,False,54.75,75.0,70.0,7.8518,12.9363,-0.0216,11.55,4.73698870305459,4.73698870305459,3.0
2026-07-02,002366,融发核电,1.9163763066202044,False,False,174,0.3748458707251877,False,False,162,21.456670000000003,False,False,,,False,,not_selected_non_hit,not_selected_non_hit,False,False,False,False,False,False,False,False,False,,False,40.0,40.0,32.0,-1.6506,-1.4787,-1.884,5.73,4.545454545454564,4.545454545454564,3.0
2026-07-02,002370,亚太药业,2.0689655172413834,False,False,64,0.4445653132752952,False,False,37,39.255235,False,False,,,False,,not_selected_non_hit,not_selected_non_hit,False,False,False,False,False,False,False,False,False,,False,56.75,75.0,70.0,6.7889,8.472,-1.1995,5.8,2.809346779253241,2.809346779253241,3.0
2026-07-02,002396,星网锐捷,10.000000000000009,True,False,27,0.4656608513910724,False,False,49,37.51266,False,False,,,False,,missed_hit_outside_candidate_pool,missed_hit_outside_candidate_pool,False,False,False,True,False,False,False,False,False,,False,45.25,75.0,94.0,6.0528,10.0362,-0.7963,21.27,4.588889758320436,4.588889758320436,1.0
2026-07-02,002402,和而泰,2.7418126428027323,False,False,34,0.4609627354363045,False,False,81,34.222539999999995,False,False,,,False,,not_selected_non_hit,not_selected_non_hit,False,False,False,False,False,False,False,False,False,,False,54.25,65.0,62.0,5.9476,6.3145,-2.1752,26.08,3.347441323585998,3.347441323585998,1.0
2026-07-02,002407,多氟多,-6.725306945207999,False,True,4,0.4996599837461922,False,True,10,46.94689,False,True,4.0,source_v004a_model_rank,False,,not_selected_non_hit,not_selected_non_hit,False,False,False,False,False,False,False,False,False,,False,52.25,95.0,94.0,14.3978,19.4986,-0.9023,54.82,4.712484600344702,4.712484600344702,1.0
2026-07-02,002409,雅克科技,-0.35483400573567137,False,False,21,0.4747283816087154,False,True,11,46.84382,False,False,,,False,,not_selected_non_hit,not_selected_non_hit,False,False,False,False,False,False,False,False,False,,False,67.25,95.0,58.0,12.0752,12.0752,-1.7581,212.48,1.789582451689431,1.789582451689431,3.0
2026-07-02,002422,科伦药业,19.954545454545446,True,False,46,0.4545758615697303,False,False,23,42.51819,False,False,,,False,,missed_hit_outside_candidate_pool,missed_hit_outside_candidate_pool,False,False,False,True,False,False,False,False,False,,False,45.75,75.0,94.0,6.5222,16.2368,1.7709,44.75,2.2921238722263038,2.2921238722263038,3.0
2026-07-02,002437,誉衡药业,4.761904761904767,False,False,58,0.4473950553143234,False,False,19,43.303205,False,False,,,False,,not_selected_non_hit,not_selected_non_hit,False,False,False,False,False,False,False,False,False,,False,56.75,75.0,78.0,6.2079,9.9476,0.3329,2.94,3.177692023095613,3.177692023095613,3.0
2026-07-02,002446,盛路通信,2.452316076294281,False,False,145,0.4018626078605934,False,False,156,21.849535,False,False,,,False,,not_selected_non_hit,not_selected_non_hit,False,False,False,False,False,False,False,False,False,,False,39.5,40.0,42.0,-0.4183,0.0364,-1.4831,11.0,2.2831050228310446,2.2831050228310446,1.0
2026-07-02,002472,双环传动,12.831050228310502,True,False,52,0.4527081790172073,False,False,55,37.012115,False,False,,,False,,missed_hit_outside_candidate_pool,missed_hit_outside_candidate_pool,False,False,False,True,False,False,False,False,False,,False,54.25,65.0,50.0,3.0753,4.8166,-1.1183,42.74,3.3309540804187465,3.3309540804187465,1.0
2026-07-02,002518,科士达,0.993914807302243,False,False,117,0.4118108833779185,False,False,153,22.36903,False,False,,,False,,not_selected_non_hit,not_selected_non_hit,False,False,False,False,False,False,False,False,False,,False,45.0,40.0,50.0,-4.3754,-4.0233,-1.7658,49.07,3.906729392513797,3.906729392513797,1.0
2026-07-02,002521,齐峰新材,2.1947873799725626,False,False,118,0.4118053787167953,False,False,62,36.5271,False,False,,,False,,not_selected_non_hit,not_selected_non_hit,False,False,False,False,False,False,False,False,False,,False,48.25,65.0,42.0,4.4496,5.4608,-0.3763,7.3,2.6279391424619547,2.6279391424619547,3.0
2026-07-02,002549,凯美特气,-6.243902439024396,False,False,99,0.4201801183950716,False,False,72,35.777195,False,False,,,False,,not_selected_non_hit,not_selected_non_hit,False,False,False,False,False,False,False,False,False,,False,50.25,55.0,64.0,2.9449,6.9398,-0.6982,20.88,4.610948349069588,4.610948349069588,3.0
2026-07-02,002568,百润股份,0.35087719298245723,False,False,105,0.4177993890771161,False,False,76,35.175655,False,False,,,False,,not_selected_non_hit,not_selected_non_hit,False,False,False,False,False,False,False,False,False,,False,46.75,65.0,42.0,4.9425,6.5589,-0.3644,17.14,3.0213270142180226,3.0213270142180226,3.0
2026-07-02,002587,奥拓电子,-5.485232067510559,False,False,136,0.4071761182962853,False,False,143,23.376025,False,False,,,False,,not_selected_non_hit,not_selected_non_hit,False,False,False,False,False,False,False,False,False,,False,45.0,40.0,62.0,-1.7005,-0.5945,-1.0066,7.19,4.219409282700415,4.219409282700415,1.0
2026-07-02,002600,领益智造,3.477765108323827,False,False,131,0.4086306068296134,False,False,139,23.642065,False,False,,,False,,not_selected_non_hit,not_selected_non_hit,False,False,False,False,False,False,False,False,False,,False,40.0,40.0,48.0,-0.9317,1.3091,-2.1866,17.18,4.5479686088693905,4.5479686088693905,1.0
2026-07-02,002615,哈尔斯,11.740890688259098,True,False,19,0.4778044113882337,False,False,26,40.78583,False,False,,,False,,missed_hit_outside_candidate_pool,missed_hit_outside_candidate_pool,False,False,False,True,False,False,False,False,False,,False,56.75,75.0,70.0,9.6958,10.7448,-1.0436,7.39,2.020940123598658,2.020940123598658,1.0
2026-07-02,002624,完美世界,0.5847953216374213,False,False,157,0.3912495536123905,False,False,109,29.22279,False,False,,,False,,not_selected_non_hit,not_selected_non_hit,False,False,False,False,False,False,False,False,False,,False,43.25,55.0,42.0,1.9018,2.4001,-2.0309,12.33,3.341483292583547,3.341483292583547,3.0
2026-07-02,002628,成都路桥,0.7339449541284404,False,False,25,0.4717530628562616,False,False,33,39.69747,False,False,,,False,,not_selected_non_hit,not_selected_non_hit,False,False,False,False,False,False,False,False,False,,False,56.75,75.0,70.0,8.4362,9.4477,-1.5821,5.41,2.5553951404504005,2.5553951404504005,1.0
2026-07-02,002631,德尔未来,-0.4424778761062065,False,True,8,0.4869962643070137,False,True,8,48.682655,False,True,8.0,source_v004a_model_rank,False,,not_selected_non_hit,not_selected_non_hit,False,False,False,False,False,False,False,False,False,,False,60.75,95.0,50.0,11.3469,15.5906,-1.1415,11.44,5.737912725011163,5.737912725011163,1.0
2026-07-02,002638,勤上股份,-1.9138755980861233,False,False,139,0.4055562080753052,False,False,133,24.71411,False,False,,,False,,not_selected_non_hit,not_selected_non_hit,False,False,False,False,False,False,False,False,False,,False,44.5,40.0,60.0,-0.8182,1.9092,-0.661,4.11,3.4336930251775977,3.4336930251775977,1.0
2026-07-02,002639,雪人集团,-0.2177068214804012,False,False,169,0.3813182391216006,False,False,157,21.847925,False,False,,,False,,not_selected_non_hit,not_selected_non_hit,False,False,False,False,False,False,False,False,False,,False,40.5,40.0,32.0,-1.2649,-0.6867,-1.5969,13.74,3.367496339677878,3.367496339677878,3.0
2026-07-02,002653,海思科,7.372476089266744,True,False,16,0.4801920792730503,False,True,4,52.368695,False,False,,,False,,missed_hit_outside_candidate_pool,missed_hit_outside_candidate_pool|v005_dropped_v002_hit,False,False,False,True,False,False,False,True,False,,False,52.75,95.0,100.0,14.7609,31.0603,7.7439,78.8,3.246376811594187,3.246376811594187,3.0
2026-07-02,002654,万润科技,6.004250797024446,False,False,124,0.409997243542942,False,False,149,22.85155,False,False,,,False,,not_selected_non_hit,not_selected_non_hit,False,False,False,False,False,False,False,False,False,,False,45.5,40.0,58.0,-3.9386,-2.8133,-1.9171,19.0,3.407880724174661,3.407880724174661,1.0
2026-07-02,002687,乔治白,9.289617486338786,True,False,45,0.4549186758867045,False,True,6,49.55373,False,False,,,False,,missed_hit_outside_candidate_pool,missed_hit_outside_candidate_pool|v005_dropped_v002_hit,False,False,False,True,False,False,False,True,False,,False,63.25,95.0,50.0,11.4102,14.7235,-1.3817,5.54,4.416656338412639,4.416656338412639,3.0
2026-07-02,002728,特一药业,2.449414270500516,False,False,61,0.4458761360647998,False,False,35,39.50002,False,False,,,False,,not_selected_non_hit,not_selected_non_hit,False,False,False,False,False,False,False,False,False,,False,57.75,75.0,62.0,7.1224,7.6958,-1.6054,9.39,2.8907922912205564,2.8907922912205564,3.0
2026-07-02,002738,中矿资源,3.2248296744890492,False,False,55,0.4486546516465348,False,False,71,35.857795,False,False,,,False,,not_selected_non_hit,not_selected_non_hit,False,False,False,False,False,False,False,False,False,,False,40.75,65.0,92.0,3.2721,9.7224,0.9454,65.49,4.64373677994756,4.64373677994756,1.0
2026-07-02,002747,埃斯顿,14.945264159923832,True,False,33,0.4613001767292592,False,False,61,36.585965,False,False,,,False,,missed_hit_outside_candidate_pool,missed_hit_outside_candidate_pool,False,False,False,True,False,False,False,False,False,,False,49.75,65.0,84.0,4.3755,8.7857,-1.1684,40.7,4.459625459492478,4.459625459492478,1.0
2026-07-02,002779,中坚科技,0.7498463429625124,False,False,35,0.4603029741965,False,False,86,33.635425,False,False,,,False,,not_selected_non_hit,not_selected_non_hit,False,False,False,False,False,False,False,False,False,,False,53.75,65.0,56.0,5.0883,5.2984,-3.1079,80.17,4.49943757030371,4.49943757030371,1.0
2026-07-02,002805,丰元股份,7.205559619604962,True,False,126,0.4097197189556302,False,False,150,22.53684,False,False,,,False,,missed_hit_outside_candidate_pool,missed_hit_outside_candidate_pool,False,False,False,True,False,False,False,False,False,,False,45.0,40.0,50.0,-3.9116,-3.1321,-1.6358,27.34,4.793510324483785,4.793510324483785,1.0
2026-07-02,002821,凯莱英,16.544871794871806,True,False,130,0.4091501171479424,False,False,115,28.7294,False,False,,,False,,missed_hit_outside_candidate_pool,missed_hit_outside_candidate_pool,False,False,False,True,False,False,False,False,False,,False,42.25,55.0,84.0,2.9492,4.0976,-2.136,153.19,4.950495049504955,4.950495049504955,3.0
2026-07-02,002828,贝肯能源,3.5230352303523116,False,False,85,0.4278712545687477,False,False,29,40.09292,False,False,,,False,,not_selected_non_hit,not_selected_non_hit,False,False,False,False,False,False,False,False,False,,False,50.25,75.0,32.0,6.4332,8.3022,-0.3073,11.01,2.069645741995374,2.069645741995374,3.0
2026-07-02,002830,名雕股份,-2.647887323943654,False,False,89,0.4264925040578573,False,False,103,30.04092,False,False,,,False,,not_selected_non_hit,not_selected_non_hit,False,False,False,False,False,False,False,False,False,,False,47.75,55.0,58.0,1.3896,2.9999,-2.8529,17.27,4.929599141973262,4.929599141973262,1.0
2026-07-02,002833,弘亚数控,1.5898251192368873,False,False,79,0.4301996881473048,False,False,107,29.34798,False,False,,,False,,not_selected_non_hit,not_selected_non_hit,False,False,False,False,False,False,False,False,False,,False,50.75,55.0,50.0,1.2644,1.9791,-1.563,18.55,3.5830618892507937,3.5830618892507937,1.0
2026-07-02,002849,威星智能,-2.4822695035461084,False,False,120,0.4112307129297226,False,False,141,23.594215,False,False,,,False,,not_selected_non_hit,not_selected_non_hit,False,False,False,False,False,False,False,False,False,,False,45.0,40.0,50.0,-0.9479,-0.468,-2.3194,16.59,4.068209152768243,4.068209152768243,1.0
2026-07-02,002859,洁美科技,3.2688172043010777,False,False,164,0.3851625258955151,False,False,167,21.263379999999994,False,False,,,False,,not_selected_non_hit,not_selected_non_hit,False,False,False,False,False,False,False,False,False,,False,40.5,40.0,42.0,-2.8332,-2.8332,-1.1609,98.91,1.607521989687588,1.607521989687588,3.0
2026-07-02,002897,意华股份,5.897658282740692,False,False,127,0.4093618776622252,False,False,172,19.99004,False,False,,,False,,not_selected_non_hit,not_selected_non_hit,False,False,False,False,False,False,False,False,False,,False,43.5,40.0,64.0,-9.7652,-9.2509,-4.3276,79.4,4.724509183027248,4.724509183027248,1.0
2026-07-02,002902,铭普光磁,0.14164305949009304,False,False,138,0.4063057650779522,False,False,171,20.04963,False,False,,,False,,not_selected_non_hit,not_selected_non_hit,False,False,False,False,False,False,False,False,False,,False,45.0,40.0,50.0,-10.9666,-10.6769,-3.1891,27.75,4.056399132321031,4.056399132321031,1.0
2026-07-02,002903,宇环数控,-1.8243243243243112,False,False,129,0.4091526368851299,False,False,173,19.87977,False,False,,,False,,not_selected_non_hit,not_selected_non_hit,False,False,False,False,False,False,False,False,False,,False,45.0,40.0,50.0,-11.7666,-10.9262,-1.5171,42.4,4.047619047619055,4.047619047619055,1.0
2026-07-02,002915,中欣氟材,-4.151785714285716,False,False,107,0.4168405484811135,False,False,70,35.901015,False,False,,,False,,not_selected_non_hit,not_selected_non_hit,False,False,False,False,False,False,False,False,False,,False,41.25,55.0,92.0,1.4585,14.8237,4.1959,23.54,1.105769230769238,1.105769230769238,3.0
2026-07-02,002921,联诚精密,2.331162152896815,False,False,18,0.4794062152920314,False,False,27,40.6302,False,False,,,False,,not_selected_non_hit,not_selected_non_hit,False,False,False,False,False,False,False,False,False,,False,57.25,75.0,58.0,9.3068,9.3834,-4.0594,28.56,4.304211446988626,4.304211446988626,1.0
2026-07-02,002929,润建股份,0.48815506101935746,False,False,28,0.465587334824558,False,False,75,35.24321,False,False,,,False,,not_selected_non_hit,not_selected_non_hit,False,False,False,False,False,False,False,False,False,,False,52.75,65.0,78.0,5.7406,6.1981,-3.0371,69.65,3.806777217015145,3.806777217015145,1.0
2026-07-02,002955,鸿合科技,-1.526717557251922,False,False,54,0.44893049028906,False,False,68,36.02153,False,False,,,False,,not_selected_non_hit,not_selected_non_hit,False,False,False,False,False,False,False,False,False,,False,46.75,55.0,84.0,2.435,9.8689,0.5552,37.54,3.3005211349160346,3.3005211349160346,1.0
2026-07-02,003004,声迅股份,0.8001066808907886,False,False,149,0.3977883323320106,False,False,137,23.809335,False,False,,,False,,not_selected_non_hit,not_selected_non_hit,False,False,False,False,False,False,False,False,False,,False,45.0,40.0,54.0,-0.8047,0.9002,-2.066,73.98,4.820569228653948,4.820569228653948,3.0
2026-07-02,003006,百亚股份,1.946308724832213,False,False,143,0.4041983822982209,False,False,69,35.927305000000004,False,False,,,False,,not_selected_non_hit,not_selected_non_hit,False,False,False,False,False,False,False,False,False,,False,50.75,55.0,50.0,1.2667,3.274,0.1499,14.92,1.9550624387422388,1.9550624387422388,3.0
2026-07-02,003009,中天火箭,6.053189753630295,False,False,73,0.4359529649224402,False,False,100,31.024284999999995,False,False,,,False,,not_selected_non_hit,not_selected_non_hit,False,False,False,False,False,False,False,False,False,,False,49.25,55.0,50.0,2.8683,3.3827,-1.9933,60.3,3.949999999999987,3.949999999999987,1.0
2026-07-02,003019,宸展光电,-2.119205298013249,False,False,168,0.3829155105809932,False,False,160,21.64308,False,False,,,False,,not_selected_non_hit,not_selected_non_hit,False,False,False,False,False,False,False,False,False,,False,43.5,40.0,50.0,-5.0196,-4.5449,-3.0481,30.16,4.858380539820062,4.858380539820062,3.0
2026-07-02,003043,华亚智能,-1.1078431372548936,False,True,11,0.4844423006218208,False,False,31,39.93399,False,True,11.0,source_v004a_model_rank,False,,not_selected_non_hit,not_selected_non_hit,False,False,False,False,False,False,False,False,False,,False,49.75,75.0,84.0,8.125,12.7137,-0.5358,101.2,6.188109286488541,6.188109286488541,1.0
2026-07-02,600076,康欣新材,1.4577259475218707,False,False,112,0.4145967235547981,False,False,110,29.178435000000004,False,False,,,False,,not_selected_non_hit,not_selected_non_hit,False,False,False,False,False,False,False,False,False,,False,37.25,55.0,94.0,2.1065,5.3248,-2.6106,3.6,4.297994269340966,4.297994269340966,1.0
2026-07-02,600113,浙江东日,-2.356164383561643,False,True,3,0.5000824171508249,True,True,14,45.45006,False,True,3.0,source_v004a_model_rank,False,,not_selected_non_hit,not_selected_non_hit,False,False,False,False,False,False,False,False,True,v004a_top3,False,56.75,95.0,86.0,12.9324,14.8385,-1.5081,36.15,3.244772979667565,3.244772979667565,1.0
2026-07-02,600129,太极集团,6.368960468521223,False,False,88,0.4266004250125887,False,False,64,36.3238,False,False,,,False,,not_selected_non_hit,not_selected_non_hit,False,False,False,False,False,False,False,False,False,,False,53.25,65.0,70.0,3.4136,5.2713,-0.6481,13.6,2.5449101796407136,2.5449101796407136,3.0
2026-07-02,600184,光电股份,-4.936014625228524,False,False,142,0.4043726591444933,False,False,169,21.013035,False,False,,,False,,not_selected_non_hit,not_selected_non_hit,False,False,False,False,False,False,False,False,False,,False,39.0,40.0,42.0,-1.8199,-1.8199,-1.3321,28.7,4.878048780487809,4.878048780487809,1.0
2026-07-02,600222,太龙药业,12.653061224489793,True,False,154,0.393653174999253,False,False,111,29.14414,False,False,,,False,,missed_hit_outside_candidate_pool,missed_hit_outside_candidate_pool,False,False,False,True,False,False,False,False,False,,False,45.75,55.0,40.0,1.2904,1.2904,-2.4155,7.3,3.013698630136985,3.013698630136985,3.0
2026-07-02,600363,联创光电,3.854748603351954,False,False,30,0.4641816513510432,False,False,73,35.694075000000005,False,False,,,False,,not_selected_non_hit,not_selected_non_hit,False,False,False,False,False,False,False,False,False,,False,54.25,65.0,62.0,5.2569,6.9902,-0.9361,35.8,2.6073285493592113,2.6073285493592113,1.0
2026-07-02,600378,昊华科技,-2.682926829268295,False,False,23,0.4729592342733184,False,False,45,37.938405,False,False,,,False,,not_selected_non_hit,not_selected_non_hit,False,False,False,False,False,False,False,False,False,,False,49.75,65.0,84.0,4.4647,16.281,-0.8246,82.17,4.050392847466822,4.050392847466822,1.0
2026-07-02,600379,宝光股份,13.33333333333333,True,False,53,0.4515874449981514,False,False,52,37.09347,False,False,,,False,,missed_hit_outside_candidate_pool,missed_hit_outside_candidate_pool,False,False,False,True,False,False,False,False,False,,False,53.75,65.0,58.0,3.8386,5.5259,-1.6563,15.01,4.370249728555908,4.370249728555908,1.0
2026-07-02,600391,航发科技,11.89454322501533,True,False,137,0.406806236606252,False,False,151,22.385395,False,False,,,False,,missed_hit_outside_candidate_pool,missed_hit_outside_candidate_pool,False,False,False,True,False,False,False,False,False,,False,44.0,40.0,50.0,-3.3991,-2.5237,-2.7638,32.29,3.7746836434900954,3.7746836434900954,1.0
2026-07-02,600405,动力源,9.740259740259738,True,False,95,0.4214810391213526,False,False,98,32.00282,False,False,,,False,,missed_hit_outside_candidate_pool,missed_hit_outside_candidate_pool,False,False,False,True,False,False,False,False,False,,False,45.25,55.0,40.0,2.7052,4.9977,-1.6734,4.58,3.9720582503369295,3.9720582503369295,1.0
2026-07-02,600468,百利电气,0.17452006980802626,False,False,150,0.3972035464604689,False,False,116,28.478255,False,False,,,False,,not_selected_non_hit,not_selected_non_hit,False,False,False,False,False,False,False,False,False,,False,49.25,55.0,70.0,0.4885,0.8374,-2.0422,5.78,4.166666666666674,4.166666666666674,3.0
2026-07-02,600488,津药药业,6.754221388367743,False,False,98,0.4202666284103524,False,False,44,37.945595,False,False,,,False,,not_selected_non_hit,not_selected_non_hit,False,False,False,False,False,False,False,False,False,,False,44.75,65.0,92.0,3.6269,11.2953,1.9515,5.37,2.0000000000000018,2.0000000000000018,3.0
2026-07-02,600557,康缘药业,1.984126984126977,False,False,103,0.4186016890718917,False,False,47,37.57781,False,False,,,False,,not_selected_non_hit,not_selected_non_hit,False,False,False,False,False,False,False,False,False,,False,49.75,55.0,78.0,2.8586,7.2826,1.2019,12.61,3.0623299705938356,3.0623299705938356,3.0
2026-07-02,600576,祥源文旅,2.7375201288244666,False,False,78,0.4316354831364704,False,False,42,38.18729,False,False,,,False,,not_selected_non_hit,not_selected_non_hit,False,False,False,False,False,False,False,False,False,,False,52.75,75.0,42.0,8.6994,8.6994,-1.3104,6.26,1.757188498402562,1.757188498402562,3.0
2026-07-02,600601,方正科技,4.479578392621875,False,False,111,0.4146377399717186,False,False,119,27.974845,False,False,,,False,,not_selected_non_hit,not_selected_non_hit,False,False,False,False,False,False,False,False,False,,False,33.0,40.0,92.0,-2.4993,8.3987,1.3993,14.92,4.098360655737721,4.098360655737721,1.0
2026-07-02,600707,彩虹股份,-5.063291139240511,False,True,10,0.4850480801169036,False,False,25,41.746335,False,True,10.0,source_v004a_model_rank,False,,not_selected_non_hit,not_selected_non_hit,False,False,False,False,False,False,False,False,False,,False,53.75,75.0,84.0,9.2397,14.7394,-0.0098,16.69,3.2095657646318276,3.2095657646318276,1.0
2026-07-02,600737,中粮糖业,4.534005037783362,False,False,132,0.4085393796147827,False,False,142,23.55857,False,False,,,False,,not_selected_non_hit,not_selected_non_hit,False,False,False,False,False,False,False,False,False,,False,44.0,40.0,66.0,-0.1786,0.9268,-2.8941,11.87,4.209525392446789,4.209525392446789,1.0
2026-07-02,600783,鲁信创投,3.901532745006975,False,False,51,0.4528107747883345,False,False,79,34.409445,False,False,,,False,,not_selected_non_hit,not_selected_non_hit,False,False,False,False,False,False,False,False,False,,False,51.25,65.0,70.0,5.0635,5.1621,-3.939,21.35,4.8288795124238115,4.8288795124238115,1.0
2026-07-02,600819,耀皮玻璃,-1.3675213675213738,False,False,148,0.3981222630508869,False,False,163,21.395609999999994,False,False,,,False,,not_selected_non_hit,not_selected_non_hit,False,False,False,False,False,False,False,False,False,,False,40.5,40.0,42.0,-2.4554,-2.4554,-1.3151,5.8,3.2758620689655293,3.2758620689655293,1.0
2026-07-02,600846,同济科技,9.375,True,False,42,0.4563959090563029,False,False,34,39.52559,False,False,,,False,,missed_hit_outside_candidate_pool,missed_hit_outside_candidate_pool,False,False,False,True,False,False,False,False,False,,False,51.25,75.0,40.0,6.1038,9.5626,-0.6543,10.77,3.9402545427885904,3.9402545427885904,1.0
2026-07-02,600857,宁波中百,-4.153778170570033,False,False,17,0.4797456021750635,False,True,1,54.658455,True,False,,,False,,not_selected_non_hit,not_selected_non_hit,False,False,False,False,False,False,False,False,False,,False,60.25,95.0,84.0,15.7321,24.6557,1.728,22.63,4.283674440742491,4.283674440742491,3.0
2026-07-02,600867,通化东宝,1.1990407673860837,False,False,123,0.4109549458626162,False,False,74,35.670095,False,False,,,False,,not_selected_non_hit,not_selected_non_hit,False,False,False,False,False,False,False,False,False,,False,49.25,65.0,42.0,4.0529,5.3233,-0.2002,8.29,1.4241441694654133,1.4241441694654133,3.0
2026-07-02,601133,柏诚股份,0.3689064558629829,False,False,90,0.4260769669575411,False,False,91,33.406125,False,False,,,False,,not_selected_non_hit,not_selected_non_hit,False,False,False,False,False,False,False,False,False,,False,53.25,65.0,50.0,4.5875,5.0025,-2.3798,37.95,3.0952380952381064,3.0952380952381064,3.0
2026-07-02,601611,中国核建,1.2059369202226389,False,False,170,0.3802315413884102,False,False,159,21.780445,False,False,,,False,,not_selected_non_hit,not_selected_non_hit,False,False,False,False,False,False,False,False,False,,False,40.5,40.0,42.0,-1.1273,-1.1273,-1.6016,10.7,3.2710280373831946,3.2710280373831946,3.0
2026-07-02,601636,旗滨集团,-3.2511210762331766,False,False,140,0.4048349709136832,False,False,101,30.991095,False,False,,,False,,not_selected_non_hit,not_selected_non_hit,False,False,False,False,False,False,False,False,False,,False,50.75,55.0,58.0,0.2725,3.3386,-0.6984,9.1,3.782602357620801,3.782602357620801,3.0
2026-07-02,601882,海天精工,0.9980988593155882,False,False,75,0.4353316648681311,False,False,93,32.974695,False,False,,,False,,not_selected_non_hit,not_selected_non_hit,False,False,False,False,False,False,False,False,False,,False,49.25,55.0,70.0,1.2013,4.785,-0.6351,20.76,4.202954621090793,4.202954621090793,1.0
2026-07-02,603005,晶方科技,-4.26580921757771,False,False,116,0.4121241709595548,False,False,152,22.381455,False,False,,,False,,not_selected_non_hit,not_selected_non_hit,False,False,False,False,False,False,False,False,False,,False,45.0,40.0,58.0,-4.1387,-4.1387,-2.7144,47.39,4.431314623338256,4.431314623338256,1.0
2026-07-02,603019,中科曙光,2.5334045964724883,False,False,108,0.4166666689092516,False,False,148,22.983410000000003,False,False,,,False,,not_selected_non_hit,not_selected_non_hit,False,False,False,False,False,False,False,False,False,,False,43.5,40.0,50.0,-1.249,-0.6712,-2.585,94.56,4.988830975428149,4.988830975428149,1.0
2026-07-02,603032,德新科技,18.3625730994152,True,False,166,0.3840343431715568,False,False,131,25.07575,False,False,,,False,,missed_hit_outside_candidate_pool,missed_hit_outside_candidate_pool,False,False,False,True,False,False,False,False,False,,False,40.0,40.0,46.0,-4.177,0.5115,-0.9599,25.94,4.569348968863718,4.569348968863718,3.0
2026-07-02,603033,三维股份,4.885057471264376,False,False,29,0.4649521924311974,False,False,39,38.86124499999999,False,False,,,False,,not_selected_non_hit,not_selected_non_hit,False,False,False,False,False,False,False,False,False,,False,47.25,75.0,94.0,7.9075,11.8881,-2.5707,10.4,1.1011011011010874,1.1011011011010874,1.0
2026-07-02,603061,金海通,8.742093856428856,True,True,5,0.4963909442613992,False,True,13,45.99394999999999,False,True,5.0,source_v004a_model_rank,False,,missed_hit_in_candidate_pool,missed_hit_in_candidate_pool|v005_dropped_v004a_hit|v005_dropped_v002_hit,False,False,True,False,False,False,True,True,False,,True,64.75,95.0,50.0,12.147,12.147,-2.4167,470.7,3.038028468238796,3.038028468238796,1.0
2026-07-02,603067,振华股份,7.476841640935139,True,False,40,0.4567971901147378,False,False,90,33.532275,False,False,,,False,,missed_hit_outside_candidate_pool,missed_hit_outside_candidate_pool,False,False,False,True,False,False,False,False,False,,False,53.75,65.0,56.0,4.2613,5.4029,-3.2931,45.24,4.53747669185951,4.53747669185951,1.0
2026-07-02,603078,江化微,9.27626745040413,True,False,80,0.4300823391657877,False,False,85,33.66285,False,False,,,False,,missed_hit_outside_candidate_pool,missed_hit_outside_candidate_pool,False,False,False,True,False,False,False,False,False,,False,43.0,40.0,82.0,-1.3346,18.4652,3.8247,56.9,0.0,0.0,1.0
2026-07-02,603118,共进股份,9.64052287581698,True,False,144,0.4040728474938596,False,False,138,23.678035,False,False,,,False,,missed_hit_outside_candidate_pool,missed_hit_outside_candidate_pool,False,False,False,True,False,False,False,False,False,,False,45.0,40.0,50.0,-5.3867,-3.9198,-1.0109,11.79,3.7898363479758945,3.7898363479758945,1.0
2026-07-02,603120,肯特催化,-1.9457841343755278,False,False,31,0.4620975643994026,False,False,43,37.962745,False,False,,,False,,not_selected_non_hit,not_selected_non_hit,False,False,False,False,False,False,False,False,False,,False,42.25,65.0,92.0,5.7143,14.9905,0.0495,60.37,3.53153153153154,3.53153153153154,1.0
2026-07-02,603125,常青科技,-1.4550264550264425,False,False,101,0.4188389429875085,False,False,122,27.46113,False,False,,,False,,not_selected_non_hit,not_selected_non_hit,False,False,False,False,False,False,False,False,False,,False,45.0,40.0,64.0,-2.1966,2.2031,-0.515,31.36,4.1652782405864786,4.1652782405864786,1.0
2026-07-02,603130,云中马,8.242574257425739,True,False,134,0.4073219741498419,False,False,161,21.56396,False,False,,,False,,missed_hit_outside_candidate_pool,missed_hit_outside_candidate_pool,False,False,False,True,False,False,False,False,False,,False,43.5,40.0,50.0,-4.7872,-4.7148,-4.0916,39.53,4.936708860759498,4.936708860759498,1.0
2026-07-02,603155,新亚强,3.8272471910112404,False,False,36,0.4601996968023423,False,False,22,42.746255,False,False,,,False,,not_selected_non_hit,not_selected_non_hit,False,False,False,False,False,False,False,False,False,,False,57.75,75.0,54.0,7.7325,13.8694,-0.9905,28.76,3.476662991547208,3.476662991547208,3.0
2026-07-02,603163,圣晖集成,-1.628086419753083,False,False,122,0.4109892386803732,False,False,114,28.778554999999997,False,False,,,False,,not_selected_non_hit,not_selected_non_hit,False,False,False,False,False,False,False,False,False,,False,49.25,55.0,64.0,1.3173,1.3173,-4.4932,129.6,4.704539993429058,4.704539993429058,3.0
2026-07-02,603211,晋拓股份,18.530734632683664,True,False,125,0.4098660004672287,False,False,164,21.376285,False,False,,,False,,missed_hit_outside_candidate_pool,missed_hit_outside_candidate_pool,False,False,False,True,False,False,False,False,False,,False,45.0,40.0,58.0,-7.8457,-6.3843,-1.1704,32.67,4.222636815920411,4.222636815920411,1.0
2026-07-02,603212,赛伍技术,-1.0077519379845024,False,False,113,0.4140728165717095,False,False,112,28.94099,False,False,,,False,,not_selected_non_hit,not_selected_non_hit,False,False,False,False,False,False,False,False,False,,False,42.75,55.0,42.0,1.8814,1.8814,-2.1484,12.78,4.851330203442883,4.851330203442883,1.0
2026-07-02,603222,济民健康,8.454106280193251,True,False,66,0.4418007416300806,False,False,78,34.51676,False,False,,,False,,missed_hit_outside_candidate_pool,missed_hit_outside_candidate_pool,False,False,False,True,False,False,False,False,False,,False,52.25,65.0,70.0,4.1348,4.6452,-2.5471,8.2,3.116631291344474,3.116631291344474,1.0
2026-07-02,603226,菲林格尔,3.371633075908842,False,False,121,0.4111717956663948,False,False,147,22.98977,False,False,,,False,,not_selected_non_hit,not_selected_non_hit,False,False,False,False,False,False,False,False,False,,False,40.5,40.0,42.0,-2.9914,-1.2826,-0.3101,52.57,3.2907471931862275,3.2907471931862275,1.0
2026-07-02,603236,移远通信,2.317360565593085,False,False,82,0.4288651350035777,False,False,123,27.41977,False,False,,,False,,not_selected_non_hit,not_selected_non_hit,False,False,False,False,False,False,False,False,False,,False,45.25,55.0,42.0,1.4122,1.8522,-1.5295,50.92,4.694280078895452,4.694280078895452,1.0
2026-07-02,603283,赛腾股份,2.5535661872615023,False,False,133,0.4078089178658282,False,False,117,28.387535,False,False,,,False,,not_selected_non_hit,not_selected_non_hit,False,False,False,False,False,False,False,False,False,,False,48.25,55.0,42.0,1.2001,1.2001,-0.8026,72.86,0.8091289214331665,0.8091289214331665,3.0
2026-07-02,603290,斯达半导,-2.9273315681082823,False,False,106,0.4176961113311097,False,False,146,23.09749,False,False,,,False,,not_selected_non_hit,not_selected_non_hit,False,False,False,False,False,False,False,False,False,,False,45.0,40.0,50.0,-2.1706,-2.0346,-3.4578,136.89,4.553035844915887,4.553035844915887,1.0
2026-07-02,603318,水发燃气,-5.0256410256410255,False,False,172,0.3771819205094237,False,False,134,24.68565,False,False,,,False,,not_selected_non_hit,not_selected_non_hit,False,False,False,False,False,False,False,False,False,,False,44.0,40.0,58.0,-3.3546,-2.6558,-2.3696,9.75,4.61598731983639,4.61598731983639,3.0
2026-07-02,603322,超讯科技,1.5666666666666718,False,False,71,0.4370872288623881,False,False,88,33.570899999999995,False,False,,,False,,not_selected_non_hit,not_selected_non_hit,False,False,False,False,False,False,False,False,False,,False,50.25,55.0,50.0,2.1284,4.5207,-0.9409,29.71,4.133654839820866,4.133654839820866,1.0
2026-07-02,603335,迪生力,-1.5642458100558532,False,False,110,0.414781997718653,False,False,126,26.94309,False,False,,,False,,not_selected_non_hit,not_selected_non_hit,False,False,False,False,False,False,False,False,False,,False,43.75,55.0,42.0,1.1802,1.8678,-1.4223,8.89,4.756511891279724,4.756511891279724,1.0
2026-07-02,603336,宏辉果蔬,1.6270337922402955,False,False,156,0.3912871811066353,False,False,105,29.58726,False,False,,,False,,not_selected_non_hit,not_selected_non_hit,False,False,False,False,False,False,False,False,False,,False,47.75,55.0,50.0,0.3404,0.7185,-2.0144,7.99,3.9989939637826932,3.9989939637826932,3.0
2026-07-02,603366,日出东方,7.0072992700729975,True,False,91,0.4260642373005839,False,False,106,29.405385,False,False,,,False,,missed_hit_outside_candidate_pool,missed_hit_outside_candidate_pool,False,False,False,True,False,False,False,False,False,,False,49.75,55.0,62.0,2.3283,3.2182,-1.1205,6.96,2.608695652173898,2.608695652173898,1.0
2026-07-02,603379,三美股份,-4.9125000000000085,False,True,12,0.4844147619813239,False,False,18,43.30645499999999,False,True,12.0,source_v004a_model_rank,False,,not_selected_non_hit,not_selected_non_hit,False,False,False,False,False,False,False,False,False,,False,48.25,75.0,100.0,6.3041,16.7667,0.3371,83.48,0.5477204773370659,0.5477204773370659,1.0
2026-07-02,603477,巨星农牧,12.659932659932661,True,False,83,0.4284211487026049,False,False,65,36.268355,False,False,,,False,,missed_hit_outside_candidate_pool,missed_hit_outside_candidate_pool,False,False,False,True,False,False,False,False,False,,False,51.75,65.0,70.0,4.8393,6.5498,-0.8241,14.95,4.343655796108514,4.343655796108514,3.0
2026-07-02,603516,淳中科技,0.9539473684210709,False,False,158,0.3910892056105789,False,False,168,21.042655,False,False,,,False,,not_selected_non_hit,not_selected_non_hit,False,False,False,False,False,False,False,False,False,,False,45.5,40.0,50.0,-8.8479,-8.1758,-2.5233,121.6,3.345034417003201,3.345034417003201,3.0
2026-07-02,603577,汇金通,4.687500000000022,False,False,56,0.4484727331221223,False,False,51,37.254395,False,False,,,False,,not_selected_non_hit,not_selected_non_hit,False,False,False,False,False,False,False,False,False,,False,54.25,65.0,62.0,3.3049,5.0558,-0.8304,9.6,2.54655255713252,2.54655255713252,1.0
2026-07-02,603606,东方电缆,-0.2991944764096699,False,False,93,0.4232244840350362,False,False,80,34.235455,False,False,,,False,,not_selected_non_hit,not_selected_non_hit,False,False,False,False,False,False,False,False,False,,False,47.75,55.0,78.0,2.9557,6.798,-0.0617,43.36,4.692737825841076,4.692737825841076,3.0
2026-07-02,603607,京华激光,3.102906520031423,False,True,14,0.4842759770568304,False,True,12,46.27921,False,True,14.0,source_v004a_model_rank,False,,not_selected_non_hit,not_selected_non_hit,False,False,False,False,False,False,False,False,False,,False,56.75,75.0,68.0,7.8994,14.759,0.7871,26.6,2.1991203518592517,2.1991203518592517,1.0
2026-07-02,603650,彤程新材,-2.6576671588272482,False,False,84,0.4282536124374253,False,False,40,38.641535,False,False,,,False,,not_selected_non_hit,not_selected_non_hit,False,False,False,False,False,False,False,False,False,,False,48.25,55.0,82.0,0.4089,17.8635,3.3973,97.71,0.0,0.0,3.0
2026-07-02,603657,春光科技,-0.7890961262553731,False,True,9,0.4864139209877867,False,True,7,48.69669499999999,False,True,9.0,source_v004a_model_rank,True,2.0,selected_false_positive,selected_false_positive,False,True,False,False,False,False,False,False,True,final_top3,False,62.25,95.0,42.0,11.1337,12.3957,-0.8064,27.61,1.957712411794077,1.957712411794077,1.0
2026-07-02,603662,柯力传感,4.384216819449982,False,False,32,0.4614740476654295,False,False,54,37.01528999999999,False,False,,,False,,not_selected_non_hit,not_selected_non_hit,False,False,False,False,False,False,False,False,False,,False,52.75,65.0,70.0,3.7334,6.1639,-1.4238,73.82,3.8211462532978135,3.8211462532978135,1.0
2026-07-02,603726,朗迪集团,12.46485473289598,True,False,81,0.4299727356425409,False,False,83,33.752955,False,False,,,False,,missed_hit_outside_candidate_pool,missed_hit_outside_candidate_pool,False,False,False,True,False,False,False,False,False,,False,54.25,65.0,50.0,4.5549,5.0111,-1.9701,32.23,2.454696245478871,2.454696245478871,3.0
2026-07-02,603728,鸣志电器,4.873897570787578,False,False,41,0.4566695969378865,False,False,58,36.702505,False,False,,,False,,not_selected_non_hit,not_selected_non_hit,False,False,False,False,False,False,False,False,False,,False,52.25,65.0,70.0,3.7203,5.4848,-1.2832,63.37,3.0231663406845577,3.0231663406845577,1.0
2026-07-02,603823,百合花,10.371983914209126,True,False,43,0.4555439291959098,False,False,59,36.65688,False,False,,,False,,missed_hit_outside_candidate_pool,missed_hit_outside_candidate_pool,False,False,False,True,False,False,False,False,False,,False,50.75,55.0,54.0,2.4824,14.0101,-0.1132,61.22,3.1800835907686675,3.1800835907686675,1.0
2026-07-02,603880,南卫股份,11.065006915629304,True,False,173,0.3758190310970813,False,False,135,24.35053,False,False,,,False,,missed_hit_outside_candidate_pool,missed_hit_outside_candidate_pool,False,False,False,True,False,False,False,False,False,,False,44.5,40.0,50.0,-2.5842,-2.5842,-2.6619,7.2,2.7348595458090097,2.7348595458090097,3.0
2026-07-02,603950,长源东谷,13.063228974831187,True,False,24,0.472247118192784,False,False,56,36.848905,False,False,,,False,,missed_hit_outside_candidate_pool,missed_hit_outside_candidate_pool,False,False,False,True,False,False,False,False,False,,False,55.75,75.0,50.0,6.2743,6.5763,-3.4461,81.16,5.2260125573139415,5.2260125573139415,1.0
2026-07-02,603956,威派格,6.473594548551964,False,False,96,0.4209740513046002,False,False,92,33.04852,False,False,,,False,,not_selected_non_hit,not_selected_non_hit,False,False,False,False,False,False,False,False,False,,False,52.25,65.0,58.0,4.622,5.3386,-2.3145,5.88,4.7602739726027465,4.7602739726027465,3.0
2026-07-02,603983,丸美生物,13.735465116279077,True,True,6,0.4928866668144633,False,True,15,45.442745,False,True,6.0,source_v004a_model_rank,True,1.0,selected_hit,selected_hit,True,False,False,False,False,False,False,False,False,final_top3,False,62.25,95.0,70.0,12.4647,13.5277,-3.0693,27.77,4.141763338039062,4.141763338039062,1.0
2026-07-02,603985,恒润股份,0.9766454352441611,False,False,128,0.4092671288708283,False,False,145,23.215505,False,False,,,False,,not_selected_non_hit,not_selected_non_hit,False,False,False,False,False,False,False,False,False,,False,44.0,40.0,50.0,-0.8153,-0.311,-2.8841,23.72,4.198538160802312,4.198538160802312,1.0
2026-07-02,603991,领先股份,3.5660537852515883,False,True,7,0.4909001063717276,False,False,24,42.01926999999999,False,True,7.0,source_v004a_model_rank,False,,not_selected_non_hit,not_selected_non_hit,False,False,False,False,False,False,False,False,False,,False,56.75,75.0,76.0,7.541,11.3281,-1.7105,151.1,2.76788161140038,2.76788161140038,1.0
2026-07-02,605018,长华集团,5.440771349862272,False,False,94,0.4225701018672957,False,False,104,29.9433,False,False,,,False,,not_selected_non_hit,not_selected_non_hit,False,False,False,False,False,False,False,False,False,,False,45.75,55.0,42.0,1.1364,2.2017,-1.1376,14.39,3.2311286281054397,3.2311286281054397,1.0
2026-07-02,605060,联德股份,12.784313725490204,True,False,163,0.3858231445320371,False,False,166,21.28565,False,False,,,False,,missed_hit_outside_candidate_pool,missed_hit_outside_candidate_pool,False,False,False,True,False,False,False,False,False,,False,40.0,40.0,46.0,-2.041,-2.041,-3.6594,51.45,4.0583090379008535,4.0583090379008535,3.0
2026-07-02,605098,行动教育,3.9179787623581097,False,False,165,0.3849732660283158,False,False,113,28.89644,False,False,,,False,,not_selected_non_hit,not_selected_non_hit,False,False,False,False,False,False,False,False,False,,False,42.0,40.0,70.0,-5.1408,-1.5622,0.616,54.19,3.178858674837226,3.178858674837226,3.0
2026-07-02,605111,新洁能,1.8772563176895352,False,False,97,0.4207492729028671,False,False,140,23.621185,False,False,,,False,,not_selected_non_hit,not_selected_non_hit,False,False,False,False,False,False,False,False,False,,False,45.0,40.0,64.0,-0.8697,-0.3918,-3.4437,83.38,4.065775099807101,4.065775099807101,1.0
2026-07-02,605133,嵘泰股份,3.0490956072351416,False,False,38,0.4588037870981801,False,False,66,36.06169,False,False,,,False,,not_selected_non_hit,not_selected_non_hit,False,False,False,False,False,False,False,False,False,,False,54.25,65.0,50.0,5.1726,5.6915,-2.2552,38.7,2.8120568331666984,2.8120568331666984,1.0
2026-07-02,605178,时空科技,10.262593783494122,True,True,15,0.4809718096588584,False,True,2,53.98791,True,True,15.0,source_v004a_model_rank,False,,missed_hit_in_candidate_pool,missed_hit_in_candidate_pool|v005_dropped_v004a_hit|v005_dropped_v002_hit,False,False,True,False,False,False,True,True,False,,True,54.25,95.0,92.0,19.4798,28.9922,0.9048,112.28,0.28846153846153744,0.28846153846153744,3.0
2026-07-02,605208,永茂泰,5.64663023679417,False,False,60,0.4462432407634202,False,False,63,36.49707,False,False,,,False,,not_selected_non_hit,not_selected_non_hit,False,False,False,False,False,False,False,False,False,,False,52.25,65.0,70.0,3.1958,4.851,-0.7949,16.47,2.7143738433065945,2.7143738433065945,1.0
2026-07-02,605300,佳禾食品,-0.108108108108107,False,False,167,0.3838544402792321,False,False,132,25.049985,False,False,,,False,,not_selected_non_hit,not_selected_non_hit,False,False,False,False,False,False,False,False,False,,False,44.5,40.0,62.0,-0.7485,0.3363,-0.7342,9.25,2.5136612021857907,2.5136612021857907,3.0
2026-07-02,605377,华旺科技,8.258928571428559,True,False,159,0.3893038203025507,False,False,125,27.123050000000003,False,False,,,False,,missed_hit_outside_candidate_pool,missed_hit_outside_candidate_pool,False,False,False,True,False,False,False,False,False,,False,44.75,55.0,40.0,1.1878,1.4119,-1.6467,9.05,3.543743078626793,3.543743078626793,3.0
2026-07-02,605499,东鹏饮料,4.859541491766239,False,False,104,0.4185609476305328,False,False,96,32.76948,False,False,,,False,,not_selected_non_hit,not_selected_non_hit,False,False,False,False,False,False,False,False,False,,False,47.75,65.0,40.0,3.848,3.9989,-1.7358,124.08,3.736884584342204,3.736884584342204,3.0
2026-07-03,000012,南  玻Ａ,-8.582834331337319,False,False,141,0.397189360479466,False,False,94,31.855490000000003,False,False,,,False,,not_selected_non_hit,not_selected_non_hit,False,False,False,False,False,False,False,False,False,,False,45.0,40.0,66.0,-0.4506,4.4654,1.0306,5.1,3.867855582359492,3.867855582359492,2.0
2026-07-03,000017,深中华A,2.348993288590595,False,False,32,0.4561370754984861,False,True,10,43.95172,False,False,,,False,,not_selected_non_hit,not_selected_non_hit,False,False,False,False,False,False,False,False,False,,False,60.25,75.0,50.0,7.604,9.2181,0.121,6.09,1.8867594825370704,1.8867594825370704,2.0
2026-07-03,000026,飞亚达,-0.5479452054794387,False,False,103,0.4181039929222383,False,False,64,35.40307,False,False,,,False,,not_selected_non_hit,not_selected_non_hit,False,False,False,False,False,False,False,False,False,,False,49.25,55.0,78.0,0.7106,3.6949,0.0247,21.89,3.9352297429188,3.9352297429188,2.0
2026-07-03,000100,TCL科技,-3.392857142857131,False,False,115,0.4107095632981246,False,False,85,33.357345,False,False,,,False,,not_selected_non_hit,not_selected_non_hit,False,False,False,False,False,False,False,False,False,,False,50.75,55.0,50.0,1.0511,4.1859,-0.2472,5.65,3.649635036496335,3.649635036496335,2.0
2026-07-03,000520,凤凰航运,2.7896995708154515,False,True,6,0.4862468072521176,False,True,2,49.017405,True,True,6.0,source_v004a_model_rank,True,2.0,selected_false_positive,selected_false_positive,False,True,False,False,False,False,False,False,True,final_top3,False,63.75,95.0,72.0,10.4279,11.9036,-0.3512,4.55,1.6934040907274905,1.6934040907274905,1.0
2026-07-03,000536,华映科技,-3.3248081841432353,False,True,5,0.4937549603685151,False,True,5,46.229125,False,True,5.0,source_v004a_model_rank,False,,not_selected_non_hit,not_selected_non_hit,False,False,False,False,False,False,False,False,False,,False,60.25,95.0,84.0,11.1111,13.9748,-1.455,3.98,4.639175257731942,4.639175257731942,1.0
2026-07-03,000566,海南海药,1.7574692442882123,False,True,2,0.4976284148027788,True,True,1,51.944385,True,True,2.0,source_v004a_model_rank,False,,not_selected_non_hit,not_selected_non_hit,False,False,False,False,False,False,False,False,True,v004a_top3,False,55.25,95.0,100.0,18.4647,27.3859,0.3982,6.14,1.2259194395796813,1.2259194395796813,1.0
2026-07-03,000572,海马汽车,3.350515463917514,False,False,137,0.3981223258339409,False,False,128,26.40709,False,False,,,False,,not_selected_non_hit,not_selected_non_hit,False,False,False,False,False,False,False,False,False,,False,39.0,40.0,80.0,-1.6818,0.6468,-0.0478,3.89,2.4173301892337795,2.4173301892337795,1.0
2026-07-03,000592,平潭发展,-6.733524355300869,False,False,121,0.4054956055698446,False,False,133,25.085355,False,False,,,False,,not_selected_non_hit,not_selected_non_hit,False,False,False,False,False,False,False,False,False,,False,44.5,40.0,76.0,-0.4847,-0.4847,-1.4198,6.98,1.8624641833810962,1.8624641833810962,1.0
2026-07-03,000601,韶能股份,5.105105105105112,False,False,80,0.4301916332246627,False,False,109,29.41103,False,False,,,False,,not_selected_non_hit,not_selected_non_hit,False,False,False,False,False,False,False,False,False,,False,46.75,55.0,80.0,2.2566,4.1502,-0.475,6.6,2.3379329991943365,2.3379329991943365,1.0
2026-07-03,000603,盛达资源,-2.11985324092947,False,False,107,0.4161949801346771,False,False,111,29.06242,False,False,,,False,,not_selected_non_hit,not_selected_non_hit,False,False,False,False,False,False,False,False,False,,False,50.25,55.0,66.0,0.6176,1.9114,-2.8379,24.42,4.244079183817107,4.244079183817107,2.0
2026-07-03,000620,盈新发展,-4.533333333333333,False,False,43,0.4519196311548487,False,False,38,38.09724,False,False,,,False,,not_selected_non_hit,not_selected_non_hit,False,False,False,False,False,False,False,False,False,,False,57.75,75.0,50.0,7.7248,8.6301,-1.1683,3.6,3.535353535353525,3.535353535353525,2.0
2026-07-03,000700,模塑科技,1.4594279042615232,False,False,18,0.4716706543157191,False,True,15,41.843475000000005,False,False,,,False,,not_selected_non_hit,not_selected_non_hit,False,False,False,False,False,False,False,False,False,,False,43.75,75.0,100.0,6.3985,16.456,2.5336,17.6,4.912935323383105,4.912935323383105,1.0
2026-07-03,000801,四川九洲,-2.680747359870028,False,False,84,0.4280338003196852,False,False,75,34.706055,False,False,,,False,,not_selected_non_hit,not_selected_non_hit,False,False,False,False,False,False,False,False,False,,False,52.75,65.0,60.0,3.6441,5.0847,-1.259,12.4,4.6606704824202705,4.6606704824202705,2.0
2026-07-03,000811,冰轮环境,6.78537956888472,False,False,116,0.4070449175658049,False,False,118,28.165685,False,False,,,False,,not_selected_non_hit,not_selected_non_hit,False,False,False,False,False,False,False,False,False,,False,45.5,40.0,64.0,-1.0229,3.1706,-1.1344,52.65,2.4351613541872874,2.4351613541872874,2.0
2026-07-03,000818,航锦科技,15.541922290388555,True,False,100,0.419058021799452,False,False,80,33.838505,False,False,,,False,,missed_hit_outside_candidate_pool,missed_hit_outside_candidate_pool,False,False,False,True,False,False,False,False,False,,False,50.75,55.0,50.0,2.6119,4.6211,-0.334,14.58,3.6363636363636376,3.6363636363636376,2.0
2026-07-03,000829,天音控股,1.1904761904762085,False,False,165,0.3824279975965963,False,False,140,23.77459,False,False,,,False,,not_selected_non_hit,not_selected_non_hit,False,False,False,False,False,False,False,False,False,,False,42.0,40.0,42.0,-1.6458,-0.9927,-0.6187,7.58,1.290677179831512,1.290677179831512,2.0
2026-07-03,000859,国风新材,-2.085505735140769,False,False,169,0.3778603936790167,False,False,169,18.507945,False,False,,,False,,not_selected_non_hit,not_selected_non_hit,False,False,False,False,False,False,False,False,False,,False,40.0,40.0,40.0,-9.9773,-9.9773,-1.7624,9.51,4.416403785488954,4.416403785488954,2.0
2026-07-03,000890,法尔胜,-3.6159600997506147,False,False,119,0.4064308998729293,False,False,146,23.356005,False,False,,,False,,not_selected_non_hit,not_selected_non_hit,False,False,False,False,False,False,False,False,False,,False,47.0,40.0,66.0,-3.1257,-3.1257,-0.8557,8.12,1.8965517241379404,1.8965517241379404,1.0
2026-07-03,000892,欢瑞世纪,12.09439528023597,True,False,129,0.4013105270155175,False,False,136,24.79048,False,False,,,False,,missed_hit_outside_candidate_pool,missed_hit_outside_candidate_pool,False,False,False,True,False,False,False,False,False,,False,44.5,40.0,76.0,-1.3272,-1.3272,-1.2015,3.42,1.2161600594748467,1.2161600594748467,1.0
2026-07-03,000938,紫光股份,5.970149253731338,False,False,30,0.4577168579172199,False,False,29,39.251275,False,False,,,False,,not_selected_non_hit,not_selected_non_hit,False,False,False,False,False,False,False,False,False,,False,56.75,75.0,52.0,7.6173,7.8309,-1.7135,30.28,1.9453393556636334,1.9453393556636334,2.0
2026-07-03,000951,中国重汽,3.012589928057552,False,False,27,0.4629798672110145,False,False,31,38.77159,False,False,,,False,,not_selected_non_hit,not_selected_non_hit,False,False,False,False,False,False,False,False,False,,False,50.75,65.0,70.0,5.4214,8.3794,0.7792,22.35,2.0110080187017987,2.0110080187017987,1.0
2026-07-03,000955,欣龙控股,0.8988764044943753,False,False,126,0.4020865912891657,False,False,142,23.663345,False,False,,,False,,not_selected_non_hit,not_selected_non_hit,False,False,False,False,False,False,False,False,False,,False,45.0,40.0,66.0,-5.2925,-4.8639,-1.5779,4.44,4.751131221719462,4.751131221719462,1.0
2026-07-03,000967,盈峰环境,-1.992409867172662,False,False,159,0.3869779515940271,False,False,126,26.861760000000004,False,False,,,False,,not_selected_non_hit,not_selected_non_hit,False,False,False,False,False,False,False,False,False,,False,44.5,40.0,50.0,-2.8756,-0.2095,-0.6335,10.48,3.4001340350504394,3.4001340350504394,2.0
2026-07-03,000970,中科三环,3.5045317220543604,False,False,63,0.4401814945564794,False,False,40,37.87456,False,False,,,False,,not_selected_non_hit,not_selected_non_hit,False,False,False,False,False,False,False,False,False,,False,44.75,65.0,86.0,5.6644,10.212,0.2128,16.48,4.082300024323038,4.082300024323038,2.0
2026-07-03,000972,中基健康,1.1080332409972415,False,False,40,0.4524921852936855,False,False,34,38.44988,False,False,,,False,,not_selected_non_hit,not_selected_non_hit,False,False,False,False,False,False,False,False,False,,False,52.25,65.0,70.0,5.3408,7.4063,-0.0996,3.64,3.3613445378151363,3.3613445378151363,1.0
2026-07-03,001229,魅视科技,7.953281423804226,True,False,21,0.4705374639049193,False,False,32,38.632605000000005,False,False,,,False,,missed_hit_outside_candidate_pool,missed_hit_outside_candidate_pool,False,False,False,True,False,False,False,False,False,,False,56.25,75.0,74.0,6.3943,10.5298,-1.2833,35.28,4.961741390813401,4.961741390813401,2.0
2026-07-03,001313,粤海饲料,2.7883396704689423,False,False,64,0.4399544033500212,False,False,90,32.726675,False,False,,,False,,not_selected_non_hit,not_selected_non_hit,False,False,False,False,False,False,False,False,False,,False,52.75,65.0,66.0,3.5357,3.6691,-2.7196,7.77,4.244557210079747,4.244557210079747,1.0
2026-07-03,001314,亿道信息,2.0064614861418084,False,False,125,0.4025180228416241,False,False,123,27.178905,False,False,,,False,,not_selected_non_hit,not_selected_non_hit,False,False,False,False,False,False,False,False,False,,False,45.5,40.0,50.0,-2.5501,0.1821,-0.1984,59.4,3.008055213799077,3.008055213799077,2.0
2026-07-03,001319,铭科精技,-0.7936507936507908,False,False,28,0.4627269367833611,False,False,42,37.74524,False,False,,,False,,not_selected_non_hit,not_selected_non_hit,False,False,False,False,False,False,False,False,False,,False,44.75,65.0,92.0,4.5604,10.3934,0.3997,22.9,1.8441678192715472,1.8441678192715472,1.0
2026-07-03,001331,胜通能源,8.176901049952278,True,False,130,0.4012773112399923,False,False,124,27.110785,False,False,,,False,,missed_hit_outside_candidate_pool,missed_hit_outside_candidate_pool,False,False,False,True,False,False,False,False,False,,False,44.5,40.0,54.0,-1.1185,2.9178,-1.9016,63.49,3.262295081967226,3.262295081967226,2.0
2026-07-03,001358,兴欣新材,1.7843866171003642,False,False,83,0.4289107308862399,False,False,56,36.46389,False,False,,,False,,not_selected_non_hit,not_selected_non_hit,False,False,False,False,False,False,False,False,False,,False,50.75,55.0,68.0,1.493,6.5872,2.3823,27.2,3.0888030888030826,3.0888030888030826,2.0
2026-07-03,001378,德冠新材,0.7488766849725437,False,False,37,0.4528096827814454,False,False,70,35.038505,False,False,,,False,,not_selected_non_hit,not_selected_non_hit,False,False,False,False,False,False,False,False,False,,False,54.25,65.0,62.0,3.5583,4.1863,-0.7687,19.91,2.8297119757453304,2.8297119757453304,1.0
2026-07-03,002009,天奇股份,-2.914389799635708,False,False,88,0.4268261208583279,False,False,58,36.2133,False,False,,,False,,not_selected_non_hit,not_selected_non_hit,False,False,False,False,False,False,False,False,False,,False,45.75,55.0,78.0,2.378,7.8205,0.9943,21.99,5.338708171073536,5.338708171073536,2.0
2026-07-03,002020,京新药业,7.3764787752261585,True,True,3,0.4967731314704633,True,True,3,48.035565,True,True,3.0,source_v004a_model_rank,False,,missed_hit_in_candidate_pool,missed_hit_in_candidate_pool|v005_dropped_v004a_hit|v005_dropped_v002_hit,False,False,True,False,False,False,True,True,False,v004a_top3,True,52.25,95.0,94.0,10.4579,17.4969,2.3287,15.19,3.9518496300048778,3.9518496300048778,1.0
2026-07-03,002029,七 匹 狼,-0.35087719298246833,False,False,47,0.4484674578778041,False,False,66,35.2879,False,False,,,False,,not_selected_non_hit,not_selected_non_hit,False,False,False,False,False,False,False,False,False,,False,48.75,65.0,80.0,4.524,7.134,-1.9205,8.62,4.504079832318664,4.504079832318664,1.0
2026-07-03,002036,联创电子,-4.4414535666218,False,False,158,0.3872220116800255,False,False,129,26.33748,False,False,,,False,,not_selected_non_hit,not_selected_non_hit,False,False,False,False,False,False,False,False,False,,False,45.5,40.0,50.0,-5.0508,-2.1495,-0.4092,7.42,3.4790194764209526,3.4790194764209526,2.0
2026-07-03,002053,云南能投,-1.7525773195876337,False,False,132,0.4007628500631229,False,False,122,27.185035,False,False,,,False,,not_selected_non_hit,not_selected_non_hit,False,False,False,False,False,False,False,False,False,,False,45.75,55.0,40.0,0.2525,0.6733,-1.6317,9.57,2.833158447009465,2.833158447009465,2.0
2026-07-03,002106,莱宝高科,-8.805031446540879,False,False,162,0.3841486261329718,False,False,160,20.932745,False,False,,,False,,not_selected_non_hit,not_selected_non_hit,False,False,False,False,False,False,False,False,False,,False,43.0,40.0,40.0,-6.0493,-6.0493,-1.4125,14.63,1.4327024386835863,1.4327024386835863,2.0
2026-07-03,002119,康强电子,-8.362720403022672,False,False,114,0.411251671465253,False,False,101,31.283895,False,False,,,False,,not_selected_non_hit,not_selected_non_hit,False,False,False,False,False,False,False,False,False,,False,44.5,40.0,72.0,-0.5251,7.3383,0.3334,39.04,3.316749585406309,3.316749585406309,2.0
2026-07-03,002167,东方锆业,-3.664302600472813,False,False,19,0.4715145849681602,False,True,12,42.64532499999999,False,False,,,False,,not_selected_non_hit,not_selected_non_hit,False,False,False,False,False,False,False,False,False,,False,57.25,75.0,64.0,7.5995,13.5395,-0.4252,25.04,4.851063829787239,4.851063829787239,2.0
2026-07-03,002182,宝武镁业,-2.075226977950717,False,False,65,0.4394642524803889,False,False,26,39.89147,False,False,,,False,,not_selected_non_hit,not_selected_non_hit,False,False,False,False,False,False,False,False,False,,False,53.75,65.0,66.0,3.0754,7.2883,0.0458,15.28,4.223433242506824,4.223433242506824,2.0
2026-07-03,002202,金风科技,-4.164981803477563,False,False,94,0.4233337831393419,False,False,48,37.319985,False,False,,,False,,not_selected_non_hit,not_selected_non_hit,False,False,False,False,False,False,False,False,False,,False,49.75,55.0,66.0,1.9479,6.6765,1.1588,24.59,3.439674523826697,3.439674523826697,2.0
2026-07-03,002208,合肥城建,-2.6371308016877593,False,False,96,0.422181502300073,False,False,83,33.52050499999999,False,False,,,False,,not_selected_non_hit,not_selected_non_hit,False,False,False,False,False,False,False,False,False,,False,50.25,55.0,64.0,0.6519,6.1761,-0.4816,19.22,4.610318331503849,4.610318331503849,2.0
2026-07-03,002250,联化科技,0.6430868167202508,False,True,11,0.4793529349564337,False,False,21,40.53719,False,True,11.0,source_v004a_model_rank,False,,not_selected_non_hit,not_selected_non_hit,False,False,False,False,False,False,False,False,False,,False,55.75,75.0,72.0,7.103,9.1962,-0.2026,15.65,2.161360765364617,2.161360765364617,1.0
2026-07-03,002258,利尔化学,0.2896451846488013,False,False,113,0.4113056592895358,False,False,108,29.720505,False,False,,,False,,not_selected_non_hit,not_selected_non_hit,False,False,False,False,False,False,False,False,False,,False,44.0,40.0,50.0,-0.4633,2.75,1.8251,13.75,3.828828828828823,3.828828828828823,1.0
2026-07-03,002273,水晶光电,-0.4991680532445919,False,False,99,0.4196932358027171,False,False,113,28.654164999999995,False,False,,,False,,not_selected_non_hit,not_selected_non_hit,False,False,False,False,False,False,False,False,False,,False,47.75,55.0,78.0,2.3351,2.557,-3.6743,36.98,5.030038334825493,5.030038334825493,2.0
2026-07-03,002290,禾盛新材,-0.5555555555555536,False,False,144,0.3955173768758884,False,False,149,23.102865,False,False,,,False,,not_selected_non_hit,not_selected_non_hit,False,False,False,False,False,False,False,False,False,,False,40.5,40.0,42.0,-2.5729,-1.831,-1.6598,86.0,3.069712946690095,3.069712946690095,2.0
2026-07-03,002310,东方新能,0.9009009009008917,False,False,167,0.3801364570873603,False,False,154,21.601244999999995,False,False,,,False,,not_selected_non_hit,not_selected_non_hit,False,False,False,False,False,False,False,False,False,,False,40.5,40.0,42.0,-1.6393,-1.6393,-1.4404,2.22,2.8828828828828756,2.8828828828828756,2.0
2026-07-03,002354,天娱数科,-4.806687565308265,False,False,58,0.4418310430432655,False,False,99,31.61276,False,False,,,False,,not_selected_non_hit,not_selected_non_hit,False,False,False,False,False,False,False,False,False,,False,49.25,65.0,84.0,3.548,4.2153,-1.6276,9.37,2.9001074113855996,2.9001074113855996,1.0
2026-07-03,002392,北京利尔,-2.0618556701030855,False,False,87,0.4276774998456505,False,False,71,35.00288,False,False,,,False,,not_selected_non_hit,not_selected_non_hit,False,False,False,False,False,False,False,False,False,,False,49.75,55.0,50.0,1.4908,4.2338,-0.2067,8.74,3.1727379553466495,3.1727379553466495,1.0
2026-07-03,002402,和而泰,-4.052044609665428,False,False,25,0.4643625674287969,False,True,11,43.81337,False,False,,,False,,not_selected_non_hit,not_selected_non_hit,False,False,False,False,False,False,False,False,False,,False,56.75,75.0,70.0,6.1078,8.5735,0.1793,26.86,2.8064716605468165,2.8064716605468165,2.0
2026-07-03,002407,多氟多,-2.7623170480313264,False,False,52,0.4453183190113433,False,False,81,33.784085,False,False,,,False,,not_selected_non_hit,not_selected_non_hit,False,False,False,False,False,False,False,False,False,,False,54.25,65.0,66.0,5.1331,5.1331,-1.5633,49.34,3.486015403323872,3.486015403323872,2.0
2026-07-03,002427,尤夫股份,0.8064516129032251,False,False,90,0.4260180927197307,False,False,102,31.006664999999995,False,False,,,False,,not_selected_non_hit,not_selected_non_hit,False,False,False,False,False,False,False,False,False,,False,49.75,55.0,68.0,2.6119,2.6119,-2.4609,4.95,3.232323232323231,3.232323232323231,1.0
2026-07-03,002446,盛路通信,-3.8634321653189696,False,False,127,0.401917000864515,False,False,100,31.4343,False,False,,,False,,not_selected_non_hit,not_selected_non_hit,False,False,False,False,False,False,False,False,False,,False,47.25,55.0,42.0,0.064,1.436,-0.3452,11.09,1.7223080743630215,1.7223080743630215,2.0
2026-07-03,002458,益生股份,2.444444444444449,False,True,15,0.4739604136163403,False,False,39,38.05442999999999,False,True,15.0,source_v004a_model_rank,False,,not_selected_non_hit,not_selected_non_hit,False,False,False,False,False,False,False,False,False,,False,52.25,75.0,84.0,8.4758,9.0778,-2.7986,9.06,4.439511653718098,4.439511653718098,1.0
2026-07-03,002518,科士达,1.317715959004384,False,False,153,0.3901545994126046,False,False,164,20.233549999999997,False,False,,,False,,not_selected_non_hit,not_selected_non_hit,False,False,False,False,False,False,False,False,False,,False,40.5,40.0,42.0,-5.877,-5.6995,-2.363,47.8,3.3326346677845287,3.3326346677845287,2.0
2026-07-03,002559,亚威股份,-3.701117318435765,False,True,1,0.4990153277611754,True,True,7,44.83447,False,True,1.0,source_v004a_model_rank,False,,not_selected_non_hit,not_selected_non_hit,False,False,False,False,False,False,False,False,True,v004a_top3,False,56.75,95.0,88.0,10.8886,14.0934,-0.4138,14.24,3.317662673778643,3.317662673778643,1.0
2026-07-03,002580,圣阳股份,-2.210475732820749,False,False,123,0.4039504196239246,False,False,151,22.142544999999995,False,False,,,False,,not_selected_non_hit,not_selected_non_hit,False,False,False,False,False,False,False,False,False,,False,43.0,40.0,40.0,-7.4701,-7.3347,-1.4616,20.53,1.6318294284529022,1.6318294284529022,1.0
2026-07-03,002584,西陇科学,1.8793273986152492,False,False,131,0.4009612631632627,False,False,147,23.347715,False,False,,,False,,not_selected_non_hit,not_selected_non_hit,False,False,False,False,False,False,False,False,False,,False,39.5,40.0,40.0,-0.6211,-0.3206,-2.1718,9.95,2.529190576060425,2.529190576060425,1.0
2026-07-03,002587,奥拓电子,-3.427719821162434,False,False,168,0.3780668626201909,False,False,168,19.70593,False,False,,,False,,not_selected_non_hit,not_selected_non_hit,False,False,False,False,False,False,False,False,False,,False,40.0,40.0,40.0,-7.3482,-5.9592,-0.8487,6.77,4.047976011994003,4.047976011994003,2.0
2026-07-03,002596,海南瑞泽,-2.280130293159599,False,False,124,0.4034714426187549,False,False,132,25.16992,False,False,,,False,,not_selected_non_hit,not_selected_non_hit,False,False,False,False,False,False,False,False,False,,False,44.5,40.0,66.0,-1.178,0.4581,-1.1282,3.07,3.6392157663370117,3.6392157663370117,1.0
2026-07-03,002600,领益智造,-4.2577030812325,False,False,102,0.4188073659513725,False,False,60,36.132565,False,False,,,False,,not_selected_non_hit,not_selected_non_hit,False,False,False,False,False,False,False,False,False,,False,47.75,55.0,78.0,0.2459,5.5159,0.6792,18.02,4.546944573035172,4.546944573035172,2.0
2026-07-03,002615,哈尔斯,-1.1335012594458571,False,False,20,0.4708385951468269,False,True,4,46.350445,False,False,,,False,,not_selected_non_hit,not_selected_non_hit,False,False,False,False,False,False,False,False,False,,False,56.25,75.0,78.0,9.0559,15.1228,1.0827,7.78,4.432454658009211,4.432454658009211,2.0
2026-07-03,002628,成都路桥,1.0968921389396868,False,False,39,0.4525748388508165,False,False,18,41.47029,False,False,,,False,,not_selected_non_hit,not_selected_non_hit,False,False,False,False,False,False,False,False,False,,False,57.75,75.0,62.0,6.7922,8.1948,-0.7495,5.4,3.063540090771566,3.063540090771566,2.0
2026-07-03,002631,德尔未来,-0.7386888273314907,False,False,86,0.4277686326061428,False,False,91,32.317525,False,False,,,False,,not_selected_non_hit,not_selected_non_hit,False,False,False,False,False,False,False,False,False,,False,49.25,65.0,40.0,4.7115,6.8665,-1.0724,10.91,3.7418147801683954,3.7418147801683954,2.0
2026-07-03,002638,勤上股份,-2.463054187192115,False,False,164,0.383641461464919,False,False,135,24.94091,False,False,,,False,,not_selected_non_hit,not_selected_non_hit,False,False,False,False,False,False,False,False,False,,False,44.0,40.0,50.0,-0.3974,-0.3974,-1.629,4.01,4.438902743142159,4.438902743142159,2.0
2026-07-03,002652,扬子新材,11.88118811881187,True,False,134,0.3987455079222566,False,False,143,23.65347,False,False,,,False,,missed_hit_outside_candidate_pool,missed_hit_outside_candidate_pool,False,False,False,True,False,False,False,False,False,,False,44.5,40.0,66.0,-4.5758,-4.5758,-0.4394,4.15,3.0361445783132712,3.0361445783132712,1.0
2026-07-03,002654,万润科技,-2.8205128205128216,False,False,151,0.3914803138884065,False,False,131,25.520245000000003,False,False,,,False,,not_selected_non_hit,not_selected_non_hit,False,False,False,False,False,False,False,False,False,,False,45.0,40.0,64.0,-7.3717,-3.62,-0.5063,19.01,4.579874483651092,4.579874483651092,2.0
2026-07-03,002674,兴业科技,6.720336016800843,False,False,93,0.4234012076182303,False,False,115,28.567775,False,False,,,False,,not_selected_non_hit,not_selected_non_hit,False,False,False,False,False,False,False,False,False,,False,33.5,40.0,92.0,-3.1927,10.2084,3.687,29.03,3.450980392156855,3.450980392156855,1.0
2026-07-03,002693,双成药业,-0.19960079840318778,False,True,14,0.4754968149024706,False,False,52,36.838175,False,True,14.0,source_v004a_model_rank,False,,not_selected_non_hit,not_selected_non_hit,False,False,False,False,False,False,False,False,False,,False,48.25,75.0,94.0,7.4873,10.7379,-2.4952,10.22,0.895036615134237,0.895036615134237,1.0
2026-07-03,002696,百洋股份,0.0,False,False,97,0.4209479207253733,False,False,110,29.342545,False,False,,,False,,not_selected_non_hit,not_selected_non_hit,False,False,False,False,False,False,False,False,False,,False,45.25,55.0,80.0,2.0291,2.6034,-2.4186,5.36,4.502814258911814,4.502814258911814,1.0
2026-07-03,002738,中矿资源,1.8704591126913028,False,False,55,0.4423251447715982,False,False,57,36.316625,False,False,,,False,,not_selected_non_hit,not_selected_non_hit,False,False,False,False,False,False,False,False,False,,False,50.25,65.0,70.0,3.7607,7.0251,-0.3544,64.26,4.941377082980725,4.941377082980725,2.0
2026-07-03,002779,中坚科技,0.6849315068493178,False,False,44,0.4509176715636406,False,False,24,40.22032,False,False,,,False,,not_selected_non_hit,not_selected_non_hit,False,False,False,False,False,False,False,False,False,,False,54.25,65.0,58.0,3.9304,7.4163,0.3115,81.66,3.0330808683122656,3.0330808683122656,2.0
2026-07-03,002798,帝欧水华,0.5300353356890497,False,False,101,0.4190243125728869,False,False,103,30.61804,False,False,,,False,,not_selected_non_hit,not_selected_non_hit,False,False,False,False,False,False,False,False,False,,False,36.75,55.0,100.0,0.224,6.0097,1.0021,5.68,4.723404386425467,4.723404386425467,1.0
2026-07-03,002805,丰元股份,10.918020400453354,True,False,148,0.3928252780749995,False,False,152,21.729925,False,False,,,False,,missed_hit_outside_candidate_pool,missed_hit_outside_candidate_pool,False,False,False,True,False,False,False,False,False,,False,45.0,40.0,50.0,-6.1769,-5.4677,-0.3371,26.66,3.9304610733182033,3.9304610733182033,2.0
2026-07-03,002826,易明医药,3.1808035714285587,False,True,7,0.4861438537942519,False,False,33,38.549760000000006,False,True,7.0,source_v004a_model_rank,False,,not_selected_non_hit,not_selected_non_hit,False,False,False,False,False,False,False,False,False,,False,53.25,75.0,84.0,8.228,9.9903,-2.4789,18.1,4.2116321608607565,4.2116321608607565,1.0
2026-07-03,002830,名雕股份,2.579132473622514,False,False,142,0.3963708043613622,False,False,117,28.18808,False,False,,,False,,not_selected_non_hit,not_selected_non_hit,False,False,False,False,False,False,False,False,False,,False,44.25,55.0,32.0,0.0588,0.0588,-1.1522,17.01,4.350382128159902,4.350382128159902,2.0
2026-07-03,002833,弘亚数控,-0.687466948704385,False,False,98,0.4198935095878336,False,False,69,35.05407,False,False,,,False,,not_selected_non_hit,not_selected_non_hit,False,False,False,False,False,False,False,False,False,,False,49.75,55.0,70.0,2.2994,3.8833,0.0383,19.02,2.49446772289148,2.49446772289148,2.0
2026-07-03,002842,翔鹭钨业,-9.75772393865304,False,False,108,0.415266290544839,False,False,141,23.746465,False,False,,,False,,not_selected_non_hit,not_selected_non_hit,False,False,False,False,False,False,False,False,False,,False,48.0,40.0,56.0,-7.8101,-7.8101,-1.8892,45.15,1.9255659767856592,1.9255659767856592,1.0
2026-07-03,002849,威星智能,-0.061462814996915416,False,False,156,0.3881915275010841,False,False,155,21.584655,False,False,,,False,,not_selected_non_hit,not_selected_non_hit,False,False,False,False,False,False,False,False,False,,False,40.0,40.0,42.0,-1.6711,-0.8234,-0.3611,16.38,4.187192118226624,4.187192118226624,2.0
2026-07-03,002897,意华股份,11.589915101620797,True,False,145,0.3950830371107329,False,False,162,20.490745,False,False,,,False,,missed_hit_outside_candidate_pool,missed_hit_outside_candidate_pool,False,False,False,True,False,False,False,False,False,,False,45.0,40.0,50.0,-9.4457,-9.212,-2.3089,77.7,4.141935483870962,4.141935483870962,2.0
2026-07-03,002902,铭普光磁,-3.7701974865350096,False,False,160,0.3863068069138727,False,False,157,21.429305,False,False,,,False,,not_selected_non_hit,not_selected_non_hit,False,False,False,False,False,False,False,False,False,,False,40.5,40.0,42.0,-8.4157,-8.2167,-1.7223,27.68,2.563359884141936,2.563359884141936,2.0
2026-07-03,002903,宇环数控,-4.430670339761244,False,False,152,0.3910370177347102,False,False,139,24.306960000000004,False,False,,,False,,not_selected_non_hit,not_selected_non_hit,False,False,False,False,False,False,False,False,False,,False,43.5,40.0,50.0,-8.61,-6.9327,-0.8192,43.28,4.716981132075482,4.716981132075482,2.0
2026-07-03,002921,联诚精密,-4.537815126050426,False,False,16,0.473855469793502,False,True,6,45.23155,False,False,,,False,,not_selected_non_hit,not_selected_non_hit,False,False,False,False,False,False,False,False,False,,False,57.75,75.0,58.0,8.537,12.0925,0.1038,29.95,3.1688179187137067,3.1688179187137067,2.0
2026-07-03,002929,润建股份,-6.696622698941868,False,False,79,0.4302923615546788,False,False,98,31.62871,False,False,,,False,,not_selected_non_hit,not_selected_non_hit,False,False,False,False,False,False,False,False,False,,False,49.25,65.0,42.0,3.7938,4.1107,-1.6418,68.99,3.1827757681474056,3.1827757681474056,2.0
2026-07-03,002931,锋龙股份,5.685846741205336,False,False,46,0.4499266911278439,False,False,59,36.2101,False,False,,,False,,not_selected_non_hit,not_selected_non_hit,False,False,False,False,False,False,False,False,False,,False,46.25,55.0,84.0,0.2032,8.5606,0.4391,75.34,4.237708023665876,4.237708023665876,1.0
2026-07-03,002955,鸿合科技,0.7722007722007707,False,False,29,0.4606127258410648,False,False,28,39.50077,False,False,,,False,,not_selected_non_hit,not_selected_non_hit,False,False,False,False,False,False,False,False,False,,False,57.75,75.0,50.0,6.7546,7.9754,-1.0637,37.15,3.4304383337871114,3.4304383337871114,2.0
2026-07-03,002971,和远气体,-6.696557708996231,False,False,85,0.4278145812226229,False,False,119,27.871855,False,False,,,False,,not_selected_non_hit,not_selected_non_hit,False,False,False,False,False,False,False,False,False,,False,47.0,40.0,74.0,-1.2155,2.4209,-2.6912,71.54,0.18260869565218663,0.18260869565218663,1.0
2026-07-03,002995,天地在线,-1.8878718535469186,False,False,128,0.4016423265610117,False,False,166,20.140305,False,False,,,False,,not_selected_non_hit,not_selected_non_hit,False,False,False,False,False,False,False,False,False,,False,39.0,40.0,88.0,-4.6825,-4.0366,-0.339,17.83,2.0666290231507567,2.0666290231507567,1.0
2026-07-03,002998,优彩资源,2.1621621621621623,False,False,49,0.4466711008744514,False,False,89,32.905840000000005,False,False,,,False,,not_selected_non_hit,not_selected_non_hit,False,False,False,False,False,False,False,False,False,,False,48.75,65.0,80.0,4.55,6.4042,-0.9171,7.46,4.365620736698506,4.365620736698506,1.0
2026-07-03,003009,中天火箭,-1.273885350318471,False,False,54,0.4427333139552795,False,False,27,39.663165,False,False,,,False,,not_selected_non_hit,not_selected_non_hit,False,False,False,False,False,False,False,False,False,,False,52.75,65.0,66.0,3.4995,6.7787,0.6011,62.52,3.6949094146871975,3.6949094146871975,2.0
2026-07-03,003030,祖名股份,1.4370245139475823,False,False,82,0.4294408475178036,False,False,78,34.298955,False,False,,,False,,not_selected_non_hit,not_selected_non_hit,False,False,False,False,False,False,False,False,False,,False,41.75,55.0,88.0,1.4309,5.9591,1.6148,23.4,2.8041714192725165,2.8041714192725165,1.0
2026-07-03,003043,华亚智能,1.1362493715434852,False,False,59,0.4414628240902385,False,False,51,37.00165,False,False,,,False,,not_selected_non_hit,not_selected_non_hit,False,False,False,False,False,False,False,False,False,,False,50.25,55.0,62.0,2.6526,9.2813,0.9843,100.07,4.24468085106382,4.24468085106382,2.0
2026-07-03,600076,康欣新材,8.284023668639051,True,False,161,0.3847856671147452,False,False,138,24.424065,False,False,,,False,,missed_hit_outside_candidate_pool,missed_hit_outside_candidate_pool,False,False,False,True,False,False,False,False,False,,False,44.5,40.0,50.0,-1.2673,0.7958,-0.5695,3.42,2.6743506172974607,2.6743506172974607,2.0
2026-07-03,600113,浙江东日,-1.3666763594068043,False,False,23,0.4669091036388906,False,False,50,37.11158,False,False,,,False,,not_selected_non_hit,not_selected_non_hit,False,False,False,False,False,False,False,False,False,,False,54.75,75.0,74.0,7.938,8.7919,-3.6655,34.4,4.785772905702301,4.785772905702301,2.0
2026-07-03,600156,华升股份,-0.7502679528403,False,False,62,0.4401896634302958,False,False,79,34.110995,False,False,,,False,,not_selected_non_hit,not_selected_non_hit,False,False,False,False,False,False,False,False,False,,False,40.25,65.0,100.0,3.3973,8.1695,0.6526,9.52,4.725274725274731,4.725274725274731,1.0
2026-07-03,600172,黄河旋风,16.999999999999993,True,False,111,0.4127675635495499,False,False,125,26.954300000000003,False,False,,,False,,missed_hit_outside_candidate_pool,missed_hit_outside_candidate_pool,False,False,False,True,False,False,False,False,False,,False,45.0,40.0,64.0,-3.6888,-0.0119,-0.4345,16.86,4.2707609865380025,4.2707609865380025,1.0
2026-07-03,600182,S佳通,2.3192360163710735,False,True,10,0.4819760193125675,False,False,17,41.49522999999999,False,True,10.0,source_v004a_model_rank,False,,not_selected_non_hit,not_selected_non_hit,False,False,False,False,False,False,False,False,False,,False,56.75,75.0,72.0,7.3622,8.842,-0.1367,14.71,2.2053756030324,2.2053756030324,1.0
2026-07-03,600184,光电股份,-6.0198019801980145,False,False,154,0.3897492094449143,False,False,161,20.631675,False,False,,,False,,not_selected_non_hit,not_selected_non_hit,False,False,False,False,False,False,False,False,False,,False,47.0,40.0,58.0,-10.9095,-10.9095,-1.8601,25.83,1.895404253561006,1.895404253561006,2.0
2026-07-03,600363,联创光电,-6.817569388305045,False,False,31,0.4573982599844978,False,False,16,41.527665,False,False,,,False,,not_selected_non_hit,not_selected_non_hit,False,False,False,False,False,False,False,False,False,,False,53.25,65.0,78.0,5.0835,9.2382,1.0753,36.81,2.8477633391530643,2.8477633391530643,2.0
2026-07-03,600378,昊华科技,-11.01716961498439,False,False,56,0.442322449980466,False,False,68,35.13989,False,False,,,False,,not_selected_non_hit,not_selected_non_hit,False,False,False,False,False,False,False,False,False,,False,53.75,65.0,64.0,3.0662,5.9373,-1.9917,76.01,4.874521791199626,4.874521791199626,2.0
2026-07-03,600379,宝光股份,12.284069097888683,True,False,91,0.4248703710135837,False,False,45,37.64986,False,False,,,False,,missed_hit_outside_candidate_pool,missed_hit_outside_candidate_pool,False,False,False,True,False,False,False,False,False,,False,50.25,55.0,58.0,2.2704,7.209,0.6217,15.63,4.181357724795198,4.181357724795198,2.0
2026-07-03,600405,动力源,-8.284023668639051,False,False,117,0.4069616147578832,False,False,92,32.039455,False,False,,,False,,not_selected_non_hit,not_selected_non_hit,False,False,False,False,False,False,False,False,False,,False,45.75,55.0,42.0,2.7149,4.2986,-0.5064,4.61,2.0587524163506066,2.0587524163506066,2.0
2026-07-03,600449,宁夏建材,8.921644685802942,True,False,77,0.4331033427365309,False,False,76,34.64568,False,False,,,False,,missed_hit_outside_candidate_pool,missed_hit_outside_candidate_pool,False,False,False,True,False,False,False,False,False,,False,40.25,55.0,94.0,1.8912,9.9725,2.2016,13.2,1.3082583810302584,1.3082583810302584,1.0
2026-07-03,600480,凌云股份,2.0742358078602585,False,False,70,0.4361143467855158,False,False,84,33.484935,False,False,,,False,,not_selected_non_hit,not_selected_non_hit,False,False,False,False,False,False,False,False,False,,False,49.75,55.0,70.0,2.5145,4.6763,-0.5811,9.2,2.705542305454145,2.705542305454145,1.0
2026-07-03,600490,鹏欣资源,-2.0472440944881876,False,False,122,0.403988959207999,False,False,137,24.482815,False,False,,,False,,not_selected_non_hit,not_selected_non_hit,False,False,False,False,False,False,False,False,False,,False,43.5,40.0,66.0,-1.3863,-1.0712,-3.1317,6.28,4.63258785942493,4.63258785942493,1.0
2026-07-03,600601,方正科技,3.2573289902280145,False,False,50,0.4466264512054813,False,False,53,36.82581,False,False,,,False,,not_selected_non_hit,not_selected_non_hit,False,False,False,False,False,False,False,False,False,,False,50.25,65.0,84.0,4.1486,9.2801,-1.0291,15.12,3.539208882720324,3.539208882720324,2.0
2026-07-03,600630,龙头股份,-10.375275938189855,False,False,120,0.4057363645873564,False,False,145,23.39762,False,False,,,False,,not_selected_non_hit,not_selected_non_hit,False,False,False,False,False,False,False,False,False,,False,44.5,40.0,54.0,-0.5068,-0.5068,-2.9295,9.62,3.0178869308227885,3.0178869308227885,1.0
2026-07-03,600707,彩虹股份,-8.255033557046987,False,False,109,0.4142304060399558,False,False,107,29.97392,False,False,,,False,,not_selected_non_hit,not_selected_non_hit,False,False,False,False,False,False,False,False,False,,False,53.25,55.0,58.0,0.9612,0.9612,-1.6923,15.02,1.7214476222974007,1.7214476222974007,2.0
2026-07-03,600737,中粮糖业,4.826418289585099,False,False,140,0.3975707842739527,False,False,116,28.458205,False,False,,,False,,not_selected_non_hit,not_selected_non_hit,False,False,False,False,False,False,False,False,False,,False,44.75,55.0,40.0,0.2487,1.192,-1.1227,11.8,2.8229255774165907,2.8229255774165907,2.0
2026-07-03,600783,鲁信创投,-8.34845735027223,False,False,34,0.4551889566538914,False,False,36,38.275135,False,False,,,False,,not_selected_non_hit,not_selected_non_hit,False,False,False,False,False,False,False,False,False,,False,55.75,65.0,74.0,5.4513,9.1247,-1.6765,22.28,0.843091334894619,0.843091334894619,2.0
2026-07-03,600815,厦工股份,2.1201413427561766,False,False,81,0.4301824435026641,False,False,73,34.835615000000004,False,False,,,False,,not_selected_non_hit,not_selected_non_hit,False,False,False,False,False,False,False,False,False,,False,46.25,55.0,80.0,2.3065,4.9107,0.1585,2.82,4.3636363636363695,4.3636363636363695,1.0
2026-07-03,600819,耀皮玻璃,-4.363001745200701,False,False,166,0.3815472395290492,False,False,158,21.404025,False,False,,,False,,not_selected_non_hit,not_selected_non_hit,False,False,False,False,False,False,False,False,False,,False,40.5,40.0,42.0,-2.6249,-2.2862,-0.3162,5.77,3.443478260869548,3.443478260869548,2.0
2026-07-03,600846,同济科技,8.271375464684017,True,False,38,0.4526824501650521,False,False,23,40.22948999999999,False,False,,,False,,missed_hit_outside_candidate_pool,missed_hit_outside_candidate_pool,False,False,False,True,False,False,False,False,False,,False,54.25,75.0,42.0,7.9454,9.6509,-0.2345,10.93,1.8186706123907825,1.8186706123907825,2.0
2026-07-03,601678,滨化股份,-4.054054054054057,False,False,45,0.4505165939229369,False,False,65,35.373015,False,False,,,False,,not_selected_non_hit,not_selected_non_hit,False,False,False,False,False,False,False,False,False,,False,54.25,65.0,66.0,4.8729,4.8729,-3.0641,6.93,3.607503607503615,3.607503607503615,1.0
2026-07-03,601882,海天精工,-0.6588235294117673,False,False,48,0.4470531646732154,False,False,46,37.644,False,False,,,False,,not_selected_non_hit,not_selected_non_hit,False,False,False,False,False,False,False,False,False,,False,53.25,65.0,70.0,5.0348,7.4564,-0.2709,21.3,2.879814797588365,2.879814797588365,2.0
2026-07-03,603005,晶方科技,0.3173883473135408,False,False,147,0.3935004667335307,False,False,167,19.743245,False,False,,,False,,not_selected_non_hit,not_selected_non_hit,False,False,False,False,False,False,False,False,False,,False,45.5,40.0,58.0,-12.0989,-11.8346,-2.3752,43.38,2.740877159048427,2.740877159048427,2.0
2026-07-03,603019,中科曙光,2.794602061417484,False,False,146,0.3947504876437047,False,False,159,21.173755,False,False,,,False,,not_selected_non_hit,not_selected_non_hit,False,False,False,False,False,False,False,False,False,,False,40.5,40.0,42.0,-3.1371,-3.0534,-1.8422,92.68,2.1166306695464376,2.1166306695464376,2.0
2026-07-03,603033,三维股份,2.071005917159763,False,False,75,0.4335545277770799,False,False,87,33.09565,False,False,,,False,,not_selected_non_hit,not_selected_non_hit,False,False,False,False,False,False,False,False,False,,False,51.75,65.0,76.0,5.179,6.0315,-2.7972,9.95,3.7487335359675855,3.7487335359675855,2.0
2026-07-03,603061,金海通,-2.3755632179045194,False,False,61,0.44019847563583,False,False,43,37.703665,False,False,,,False,,not_selected_non_hit,not_selected_non_hit,False,False,False,False,False,False,False,False,False,,False,49.75,55.0,72.0,1.8731,9.451,2.0302,472.73,2.768181818181814,2.768181818181814,2.0
2026-07-03,603067,振华股份,9.697235629662138,True,False,104,0.417118068581182,False,False,112,28.95282,False,False,,,False,,missed_hit_outside_candidate_pool,missed_hit_outside_candidate_pool,False,False,False,True,False,False,False,False,False,,False,50.25,55.0,58.0,0.2012,1.2757,-2.2265,44.3,3.7691079169518638,3.7691079169518638,2.0
2026-07-03,603078,江化微,-1.2982456140350873,False,False,57,0.4422271881647209,False,False,49,37.196305,False,False,,,False,,not_selected_non_hit,not_selected_non_hit,False,False,False,False,False,False,False,False,False,,False,40.75,65.0,92.0,4.4399,14.7391,4.978,56.26,4.65181056097872,4.65181056097872,2.0
2026-07-03,603118,共进股份,15.986677768526224,True,False,157,0.3876265405251324,False,False,134,24.95691,False,False,,,False,,missed_hit_outside_candidate_pool,missed_hit_outside_candidate_pool,False,False,False,True,False,False,False,False,False,,False,40.0,40.0,42.0,-1.405,0.2383,-0.4695,12.2,3.59660703789777,3.59660703789777,2.0
2026-07-03,603120,肯特催化,-0.4829251466022644,False,False,35,0.4551235595992347,False,False,44,37.69185,False,False,,,False,,not_selected_non_hit,not_selected_non_hit,False,False,False,False,False,False,False,False,False,,False,52.75,75.0,46.0,6.7574,7.6787,-1.323,57.27,2.2154334231291983,2.2154334231291983,2.0
2026-07-03,603125,常青科技,-0.6509078451524486,False,False,149,0.3927165875027397,False,False,153,21.66477,False,False,,,False,,not_selected_non_hit,not_selected_non_hit,False,False,False,False,False,False,False,False,False,,False,45.0,40.0,56.0,-5.9578,-5.9578,-2.9297,28.87,4.745410460685817,4.745410460685817,2.0
2026-07-03,603130,云中马,5.077643578999269,False,False,150,0.392355133599386,False,False,121,27.230055,False,False,,,False,,not_selected_non_hit,not_selected_non_hit,False,False,False,False,False,False,False,False,False,,False,40.5,40.0,40.0,-4.5723,-2.0955,0.3868,40.32,2.7989821882951738,2.7989821882951738,2.0
2026-07-03,603135,中重科技,11.356932153392329,True,False,41,0.4523819922372028,False,False,37,38.21054,False,False,,,False,,missed_hit_outside_candidate_pool,missed_hit_outside_candidate_pool,False,False,False,True,False,False,False,False,False,,False,41.75,65.0,92.0,3.2996,14.1155,3.6191,14.56,4.1729893778452265,4.1729893778452265,1.0
2026-07-03,603212,赛伍技术,-3.508771929824561,False,False,143,0.3962915413659273,False,False,127,26.661435,False,False,,,False,,not_selected_non_hit,not_selected_non_hit,False,False,False,False,False,False,False,False,False,,False,44.25,55.0,42.0,0.4045,0.5663,-1.1182,12.43,3.9651837524178113,3.9651837524178113,2.0
2026-07-03,603222,济民健康,6.748466257668695,False,False,118,0.4067860710552066,False,False,106,30.137365,False,False,,,False,,not_selected_non_hit,not_selected_non_hit,False,False,False,False,False,False,False,False,False,,False,49.25,55.0,50.0,1.6043,3.8961,-0.3368,8.16,3.7593984962405846,3.7593984962405846,2.0
2026-07-03,603226,菲林格尔,2.557692307692294,False,False,136,0.3981460288146787,False,False,130,25.928015,False,False,,,False,,not_selected_non_hit,not_selected_non_hit,False,False,False,False,False,False,False,False,False,,False,45.0,40.0,50.0,-3.3175,-1.4218,-1.6029,52.0,4.098039215686278,4.098039215686278,2.0
2026-07-03,603236,移远通信,0.7878554957724937,False,False,105,0.4169666554840409,False,False,95,31.8457,False,False,,,False,,not_selected_non_hit,not_selected_non_hit,False,False,False,False,False,False,False,False,False,,False,45.75,55.0,42.0,2.0584,3.8222,-0.2376,51.8,2.417193664256212,2.417193664256212,2.0
2026-07-03,603261,立航科技,6.19810774280749,False,False,106,0.4164786112321846,False,False,120,27.314835,False,False,,,False,,not_selected_non_hit,not_selected_non_hit,False,False,False,False,False,False,False,False,False,,False,44.0,40.0,50.0,-1.4759,1.8811,-0.3611,51.29,3.865829682650612,3.865829682650612,1.0
2026-07-03,603273,天元智能,7.5458392101551475,True,False,67,0.4383081863022021,False,False,72,34.94391,False,False,,,False,,missed_hit_outside_candidate_pool,missed_hit_outside_candidate_pool,False,False,False,True,False,False,False,False,False,,False,46.25,55.0,80.0,2.8758,5.0252,0.3409,14.17,4.250720461095092,4.250720461095092,1.0
2026-07-03,603290,斯达半导,1.127447246133917,False,False,139,0.397855267156211,False,False,156,21.43382,False,False,,,False,,not_selected_non_hit,not_selected_non_hit,False,False,False,False,False,False,False,False,False,,False,45.5,40.0,50.0,-7.3708,-7.3278,-2.3246,129.35,2.427383978020514,2.427383978020514,2.0
2026-07-03,603322,超讯科技,0.33670033670034627,False,False,89,0.4266359330287059,False,False,86,33.250915,False,False,,,False,,not_selected_non_hit,not_selected_non_hit,False,False,False,False,False,False,False,False,False,,False,49.25,65.0,42.0,3.2869,4.2019,-0.6693,29.61,2.2146507666098714,2.2146507666098714,2.0
2026-07-03,603335,迪生力,-2.2016222479722014,False,False,155,0.3889135960075774,False,False,148,23.20446,False,False,,,False,,not_selected_non_hit,not_selected_non_hit,False,False,False,False,False,False,False,False,False,,False,45.0,40.0,50.0,-1.9496,-1.2655,-1.4186,8.66,4.06976744186045,4.06976744186045,2.0
2026-07-03,603337,杰克科技,-1.3361966117871549,False,False,66,0.4384243696550864,False,False,77,34.432345,False,False,,,False,,not_selected_non_hit,not_selected_non_hit,False,False,False,False,False,False,False,False,False,,False,41.25,55.0,100.0,0.0051,8.5704,1.9256,42.21,1.7232510288065717,1.7232510288065717,1.0
2026-07-03,603366,日出东方,3.3189033189033212,False,False,133,0.4001055268946286,False,False,104,30.242725,False,False,,,False,,not_selected_non_hit,not_selected_non_hit,False,False,False,False,False,False,False,False,False,,False,43.75,55.0,84.0,1.0027,4.0991,-1.5122,7.06,4.648212050929934,4.648212050929934,2.0
2026-07-03,603379,三美股份,-2.461743180306064,False,False,68,0.4381245474131986,False,False,93,31.875675,False,False,,,False,,not_selected_non_hit,not_selected_non_hit,False,False,False,False,False,False,False,False,False,,False,50.25,65.0,84.0,3.6805,3.6805,-2.6041,75.13,3.0134433648343117,3.0134433648343117,2.0
2026-07-03,603416,信捷电气,3.966666666666674,False,True,12,0.4764293998038134,False,False,25,40.075135,False,True,12.0,source_v004a_model_rank,False,,not_selected_non_hit,not_selected_non_hit,False,False,False,False,False,False,False,False,False,,False,43.75,75.0,96.0,7.3833,11.6757,0.4333,60.88,4.834301332422264,4.834301332422264,1.0
2026-07-03,603505,金石资源,-7.424173834314174,False,False,26,0.4639787420058853,False,False,62,35.45673,False,False,,,False,,not_selected_non_hit,not_selected_non_hit,False,False,False,False,False,False,False,False,False,,False,53.25,65.0,76.0,5.5898,6.5038,-1.9991,22.14,3.6902050113895246,3.6902050113895246,1.0
2026-07-03,603538,美诺华,21.616591332092526,True,False,42,0.4519478470446634,False,False,74,34.76884,False,False,,,False,,missed_hit_outside_candidate_pool,missed_hit_outside_candidate_pool,False,False,False,True,False,False,False,False,False,,False,40.25,65.0,100.0,4.0752,8.5503,0.342,38.81,4.783660306369253,4.783660306369253,1.0
2026-07-03,603577,汇金通,-1.4285714285714346,False,False,69,0.4376866478087601,False,False,19,41.39869,False,False,,,False,,not_selected_non_hit,not_selected_non_hit,False,False,False,False,False,False,False,False,False,,False,54.25,65.0,50.0,4.4094,7.3489,0.2501,9.86,2.5590803418128028,2.5590803418128028,2.0
2026-07-03,603607,京华激光,1.4319809069212486,False,False,76,0.4332753730190373,False,False,61,36.108415,False,False,,,False,,not_selected_non_hit,not_selected_non_hit,False,False,False,False,False,False,False,False,False,,False,52.75,65.0,58.0,3.2753,5.9731,-0.4581,25.14,3.918367346938778,3.918367346938778,2.0
2026-07-03,603608,天创时尚,9.973045822102433,True,True,9,0.4848305915580124,False,False,20,41.28871,False,True,9.0,source_v004a_model_rank,False,,missed_hit_in_candidate_pool,missed_hit_in_candidate_pool|v005_dropped_v004a_hit,False,False,True,False,False,False,True,False,False,,True,55.25,75.0,70.0,7.1474,10.5955,-0.6785,25.98,3.9645289828852848,3.9645289828852848,1.0
2026-07-03,603638,艾迪精密,1.1235955056179803,False,False,24,0.4659286752069028,False,False,30,39.233295,False,False,,,False,,not_selected_non_hit,not_selected_non_hit,False,False,False,False,False,False,False,False,False,,False,42.25,65.0,92.0,5.9437,16.3712,4.5416,27.9,2.913385826771653,2.913385826771653,1.0
2026-07-03,603657,春光科技,0.3394945303659025,False,False,33,0.4555087739907869,False,False,47,37.52996999999999,False,False,,,False,,not_selected_non_hit,not_selected_non_hit,False,False,False,False,False,False,False,False,False,,False,57.25,75.0,50.0,7.0066,7.2074,-1.248,26.7,4.615384615384621,4.615384615384621,2.0
2026-07-03,603662,柯力传感,-4.187348860888374,False,False,51,0.4464365760026879,False,False,35,38.393635,False,False,,,False,,not_selected_non_hit,not_selected_non_hit,False,False,False,False,False,False,False,False,False,,False,42.25,65.0,94.0,4.2609,13.435,2.1361,80.0,3.3020421607377948,3.3020421607377948,2.0
2026-07-03,603728,鸣志电器,0.0,False,False,36,0.454160299316716,False,False,22,40.301525,False,False,,,False,,not_selected_non_hit,not_selected_non_hit,False,False,False,False,False,False,False,False,False,,False,41.75,75.0,94.0,6.1315,12.4465,1.0122,68.02,6.262303607449948,6.262303607449948,2.0
2026-07-03,603759,XD海天股,-1.692708333333337,False,False,71,0.4349355903737661,False,False,97,31.65888,False,False,,,False,,not_selected_non_hit,not_selected_non_hit,False,False,False,False,False,False,False,False,False,,False,43.25,65.0,86.0,4.0,6.2069,-2.3758,7.7,4.6072339430415665,4.6072339430415665,1.0
2026-07-03,603778,国晟科技,-1.9947961838681638,False,False,138,0.398094947018818,False,False,165,20.17978,False,False,,,False,,not_selected_non_hit,not_selected_non_hit,False,False,False,False,False,False,False,False,False,,False,44.0,40.0,54.0,-9.29,-9.1336,-3.5772,11.62,4.534482758620695,4.534482758620695,1.0
2026-07-03,603790,雅运股份,-1.8830128205128305,False,False,92,0.4243138299842252,False,False,96,31.74691,False,False,,,False,,not_selected_non_hit,not_selected_non_hit,False,False,False,False,False,False,False,False,False,,False,44.0,40.0,78.0,-0.0462,5.3692,0.3792,25.1,4.5359092818143765,4.5359092818143765,1.0
2026-07-03,603823,百合花,20.830553702468315,True,False,53,0.4452845424133065,False,False,67,35.23346,False,False,,,False,,missed_hit_outside_candidate_pool,missed_hit_outside_candidate_pool,False,False,False,True,False,False,False,False,False,,False,46.25,65.0,84.0,3.4464,8.845,-0.6584,59.88,5.7930936680139045,5.7930936680139045,2.0
2026-07-03,603897,长城科技,-4.969126727433104,False,False,112,0.4127370807517487,False,False,144,23.639155,False,False,,,False,,not_selected_non_hit,not_selected_non_hit,False,False,False,False,False,False,False,False,False,,False,41.5,40.0,84.0,-2.3083,-1.098,-2.4419,34.32,3.7731037972334125,3.7731037972334125,1.0
2026-07-03,603926,铁流股份,2.0629190304280565,False,False,73,0.4342019924721036,False,False,88,33.011665,False,False,,,False,,not_selected_non_hit,not_selected_non_hit,False,False,False,False,False,False,False,False,False,,False,42.75,55.0,88.0,2.6403,5.6656,0.1528,19.21,3.2154340836012985,3.2154340836012985,1.0
2026-07-03,603928,兴业股份,7.702794819359249,True,True,4,0.4959068895023155,False,True,9,44.26239,False,True,4.0,source_v004a_model_rank,True,1.0,selected_hit,selected_hit,True,False,False,False,False,False,False,False,False,final_top3,False,56.75,95.0,88.0,10.5422,10.6928,-2.4272,14.7,2.9217182901219774,2.9217182901219774,1.0
2026-07-03,603950,长源东谷,4.3836251884495026,False,False,72,0.4347116995215341,False,False,55,36.52325,False,False,,,False,,not_selected_non_hit,not_selected_non_hit,False,False,False,False,False,False,False,False,False,,False,50.25,55.0,64.0,1.9578,7.4104,0.1683,83.72,4.029193406316844,4.029193406316844,2.0
2026-07-03,603983,丸美生物,12.179712179712187,True,False,22,0.4692381341332915,False,True,8,44.59942499999999,False,False,,,False,,missed_hit_outside_candidate_pool,missed_hit_outside_candidate_pool|v005_dropped_v002_hit,False,False,False,True,False,False,False,True,False,,False,52.25,75.0,84.0,6.5887,16.0181,3.6431,29.16,4.3523702874206815,4.3523702874206815,2.0
2026-07-03,603985,恒润股份,0.8661758336942382,False,False,163,0.3840666478731729,False,False,163,20.407355,False,False,,,False,,not_selected_non_hit,not_selected_non_hit,False,False,False,False,False,False,False,False,False,,False,39.0,40.0,42.0,-4.4343,-3.2875,-0.8615,22.77,4.666666666666663,4.666666666666663,2.0
2026-07-03,603991,领先股份,2.8501418622646213,False,False,17,0.4736810650459473,False,True,14,41.99563499999999,False,False,,,False,,not_selected_non_hit,not_selected_non_hit,False,False,False,False,False,False,False,False,False,,False,57.25,75.0,58.0,8.0313,9.9672,-1.7456,151.67,3.600939317658658,3.600939317658658,2.0
2026-07-03,605018,长华集团,0.2029769959404737,False,False,95,0.4233228175185261,False,False,82,33.589285,False,False,,,False,,not_selected_non_hit,not_selected_non_hit,False,False,False,False,False,False,False,False,False,,False,49.25,55.0,78.0,2.5167,6.0714,-0.7121,14.92,4.4267371994958005,4.4267371994958005,2.0
2026-07-03,605020,永和股份,-6.213017751479288,False,True,13,0.4763687816611899,False,False,54,36.791105,False,True,13.0,source_v004a_model_rank,True,3.0,selected_false_positive,selected_false_positive,False,True,False,False,False,False,False,False,True,final_top3,False,55.75,65.0,74.0,5.9543,8.5273,-2.6785,44.71,0.5635738831615278,0.5635738831615278,1.0
2026-07-03,605055,迎丰股份,1.2499999999999956,False,False,110,0.4131531794049433,False,False,114,28.58147,False,False,,,False,,not_selected_non_hit,not_selected_non_hit,False,False,False,False,False,False,False,False,False,,False,45.0,40.0,64.0,-2.3578,1.5257,0.0965,10.98,4.39560439560438,4.39560439560438,1.0
2026-07-03,605111,新洁能,0.012269938650311119,False,False,135,0.3987336762495095,False,False,150,22.26785,False,False,,,False,,not_selected_non_hit,not_selected_non_hit,False,False,False,False,False,False,False,False,False,,False,45.0,40.0,58.0,-4.7478,-4.2499,-1.6086,80.77,3.771001866832613,3.771001866832613,2.0
2026-07-03,605133,嵘泰股份,-5.808080808080818,False,False,78,0.4312679452328787,False,False,63,35.44235,False,False,,,False,,not_selected_non_hit,not_selected_non_hit,False,False,False,False,False,False,False,False,False,,False,49.25,65.0,42.0,3.7498,5.2119,-0.9558,38.86,2.3880738140361846,2.3880738140361846,2.0
2026-07-03,605208,永茂泰,5.3261520047875655,False,False,60,0.4412725287665108,False,False,41,37.796635,False,False,,,False,,not_selected_non_hit,not_selected_non_hit,False,False,False,False,False,False,False,False,False,,False,54.25,65.0,62.0,4.4057,6.9414,-0.3991,16.87,2.839169032448341,2.839169032448341,2.0
2026-07-03,605286,同力天启,-3.825136612021862,False,False,74,0.433774715589948,False,False,105,30.15874,False,False,,,False,,not_selected_non_hit,not_selected_non_hit,False,False,False,False,False,False,False,False,False,,False,49.25,55.0,70.0,0.286,0.9917,-1.0081,27.19,3.703703703703698,3.703703703703698,1.0
2026-07-03,605488,福莱新材,-0.8875739644970349,False,True,8,0.4859120260279865,False,True,13,42.481370000000005,False,True,8.0,source_v004a_model_rank,False,,not_selected_non_hit,not_selected_non_hit,False,False,False,False,False,False,False,False,False,,False,45.75,75.0,100.0,7.6654,15.1953,0.526,34.88,2.638036809815958,2.638036809815958,1.0
2026-07-06,000576,甘化科工,-2.251655629139071,False,False,33,0.4166629154201804,False,False,27,36.251835,False,False,,,False,,not_selected_non_hit,not_selected_non_hit,False,False,False,False,False,False,False,False,False,,False,44.75,65.0,88.0,5.8757,9.1399,0.4527,7.69,4.825737265415553,4.825737265415553,3.0
2026-07-06,000595,宝塔实业,-4.255319148936176,False,False,61,0.3898482475372549,False,False,50,33.60055,False,False,,,False,,not_selected_non_hit,not_selected_non_hit,False,False,False,False,False,False,False,False,False,,False,37.75,55.0,100.0,1.3746,10.3093,3.0682,6.42,3.3898305084745672,3.3898305084745672,3.0
2026-07-06,000908,石药景峰,4.05209840810421,False,True,15,0.4387144981055116,False,True,8,42.59933,False,True,15.0,source_v004a_model_rank,False,,not_selected_non_hit,not_selected_non_hit,False,False,False,False,False,False,False,False,False,,False,43.75,75.0,100.0,6.6734,20.8291,1.1226,7.17,5.238095238095242,5.238095238095242,3.0
2026-07-06,000975,山金国际,0.696171059174544,False,False,22,0.4308868882428729,False,False,28,35.93264,False,False,,,False,,not_selected_non_hit,not_selected_non_hit,False,False,False,False,False,False,False,False,False,,False,46.25,65.0,86.0,5.9364,10.4734,-2.321,20.21,2.373581011351922,2.373581011351922,3.0
2026-07-06,001268,联合精密,-1.707067258449979,False,False,54,0.398045830580008,False,False,59,31.256969999999995,False,False,,,False,,not_selected_non_hit,not_selected_non_hit,False,False,False,False,False,False,False,False,False,,False,49.25,55.0,66.0,2.953,4.4826,-1.9561,40.3,4.324984119570363,4.324984119570363,3.0
2026-07-06,001306,夏厦精密,-5.484818805093051,False,False,26,0.4240156002540451,False,False,39,34.930155,False,False,,,False,,not_selected_non_hit,not_selected_non_hit,False,False,False,False,False,False,False,False,False,,False,52.75,65.0,70.0,4.7985,5.3394,-2.5811,60.37,4.728604728604724,4.728604728604724,3.0
2026-07-06,001317,三羊马,10.21949492565495,True,False,42,0.4097956431655689,False,False,55,32.39084,False,False,,,False,,missed_hit_outside_candidate_pool,missed_hit_outside_candidate_pool,False,False,False,True,False,False,False,False,False,,False,51.75,65.0,74.0,3.6524,3.6524,-2.3704,43.59,4.980061207456199,4.980061207456199,3.0
2026-07-06,001400,江顺科技,-3.687499999999999,False,False,53,0.3986908526102332,False,False,62,30.87038,False,False,,,False,,not_selected_non_hit,not_selected_non_hit,False,False,False,False,False,False,False,False,False,,False,50.75,55.0,66.0,0.9256,1.4452,-4.4563,115.19,3.0558464223385817,3.0558464223385817,3.0
2026-07-06,002067,景兴纸业,-4.8780487804877986,False,False,47,0.4080936994659807,False,False,49,33.724059999999994,False,False,,,False,,not_selected_non_hit,not_selected_non_hit,False,False,False,False,False,False,False,False,False,,False,41.75,65.0,94.0,4.8012,8.1569,-0.4201,4.19,3.637309506098152,3.637309506098152,3.0
2026-07-06,002090,金智科技,-2.9442691903259655,False,False,63,0.3889326039178489,False,False,60,31.167685,False,False,,,False,,not_selected_non_hit,not_selected_non_hit,False,False,False,False,False,False,False,False,False,,False,50.75,55.0,52.0,1.8851,2.2121,-1.3526,9.38,2.99465240641712,2.99465240641712,3.0
2026-07-06,002148,北纬科技,2.2321428571428603,False,False,20,0.4347565941140595,False,True,10,41.552625,False,False,,,False,,not_selected_non_hit,not_selected_non_hit,False,False,False,False,False,False,False,False,False,,False,44.25,75.0,92.0,7.1951,13.5293,2.0286,6.99,4.4362665158226955,4.4362665158226955,3.0
2026-07-06,002249,大洋电机,-5.05882352941176,False,True,13,0.4399645848235766,False,True,9,41.76688,False,True,13.0,source_v004a_model_rank,False,,not_selected_non_hit,not_selected_non_hit,False,False,False,False,False,False,False,False,False,,False,48.75,75.0,88.0,6.9464,10.9121,1.0249,8.67,3.0257713138581277,3.0257713138581277,3.0
2026-07-06,002270,华明装备,-2.8700906344410915,False,False,55,0.3963533270041124,False,False,63,30.860125,False,False,,,False,,not_selected_non_hit,not_selected_non_hit,False,False,False,False,False,False,False,False,False,,False,49.75,55.0,78.0,2.0755,2.2815,-1.9092,19.86,3.5317860746720386,3.5317860746720386,3.0
2026-07-06,002283,天润工业,-4.947668886774492,False,False,60,0.3902698216933231,False,False,56,31.866915,False,False,,,False,,not_selected_non_hit,not_selected_non_hit,False,False,False,False,False,False,False,False,False,,False,45.75,55.0,76.0,1.0297,4.6998,-1.1731,10.27,5.802359088290188,5.802359088290188,3.0
2026-07-06,002292,奥飞娱乐,3.234501347708907,False,False,17,0.4365273858472747,False,False,18,38.670835,False,False,,,False,,not_selected_non_hit,not_selected_non_hit,False,False,False,False,False,False,False,False,False,,False,55.25,75.0,62.0,6.6057,9.1124,-0.4326,7.4,2.79601107252363,2.79601107252363,3.0
2026-07-06,002353,杰瑞股份,-0.3065001156604241,False,False,38,0.4132789494742863,False,False,47,34.05887,False,False,,,False,,not_selected_non_hit,not_selected_non_hit,False,False,False,False,False,False,False,False,False,,False,49.75,55.0,76.0,2.0642,7.8837,-0.3816,171.11,2.1181716833890585,2.1181716833890585,3.0
2026-07-06,002377,国创高新,-2.7027027027027084,False,False,32,0.4172698607045943,False,False,16,39.01176,False,False,,,False,,not_selected_non_hit,not_selected_non_hit,False,False,False,False,False,False,False,False,False,,False,44.75,65.0,88.0,5.7584,11.0275,0.4862,2.95,4.474222803384942,4.474222803384942,3.0
2026-07-06,002434,万里扬,-3.3794162826420893,False,False,49,0.404905596027841,False,False,42,34.53317499999999,False,False,,,False,,not_selected_non_hit,not_selected_non_hit,False,False,False,False,False,False,False,False,False,,False,52.75,65.0,70.0,3.6977,4.1801,-2.9384,6.48,4.1860465116279055,4.1860465116279055,3.0
2026-07-06,002471,中超控股,-2.1885521885522063,False,False,71,0.3744513644402422,False,False,68,24.50014,False,False,,,False,,not_selected_non_hit,not_selected_non_hit,False,False,False,False,False,False,False,False,False,,False,45.0,40.0,66.0,-2.9364,-2.447,-3.1718,5.98,4.3697478991596705,4.3697478991596705,3.0
2026-07-06,002472,双环传动,-3.971812940422803,False,True,4,0.4760276845649302,False,True,5,46.092125,False,True,4.0,source_v004a_model_rank,True,1.0,selected_false_positive,selected_false_positive,False,True,False,False,False,False,False,False,True,final_top3,False,60.25,95.0,80.0,12.1911,12.4798,-2.6257,46.75,4.1175209092858545,4.1175209092858545,3.0
2026-07-06,002496,辉丰股份,-5.286343612334809,False,True,11,0.4483758827508893,False,True,6,45.587745000000005,False,True,11.0,source_v004a_model_rank,True,2.0,selected_false_positive,selected_false_positive,False,True,False,False,False,False,False,False,True,final_top3,False,55.75,75.0,70.0,8.5771,12.5434,0.4381,2.27,3.2008733914885346,3.2008733914885346,3.0
2026-07-06,002520,日发精机,-0.2631578947368318,False,False,35,0.4153255752197762,False,False,51,32.97827,False,False,,,False,,not_selected_non_hit,not_selected_non_hit,False,False,False,False,False,False,False,False,False,,False,45.75,65.0,86.0,5.8938,7.0085,-2.7441,7.68,3.9038137940301088,3.9038137940301088,3.0
2026-07-06,002536,飞龙股份,-0.18221574344023939,False,False,19,0.43526922588526,False,False,20,38.346775,False,False,,,False,,not_selected_non_hit,not_selected_non_hit,False,False,False,False,False,False,False,False,False,,False,44.75,65.0,92.0,5.7069,12.5412,0.0026,55.0,0.5807200929152323,0.5807200929152323,3.0
2026-07-06,002623,亚玛顿,-3.5971223021582843,False,False,59,0.3907344572607061,False,False,53,32.46927,False,False,,,False,,not_selected_non_hit,not_selected_non_hit,False,False,False,False,False,False,False,False,False,,False,41.75,55.0,88.0,1.7354,5.3823,1.0767,16.76,3.303228999133978,3.303228999133978,3.0
2026-07-06,002635,安洁科技,0.0,False,False,41,0.409928783978537,False,False,52,32.621945,False,False,,,False,,not_selected_non_hit,not_selected_non_hit,False,False,False,False,False,False,False,False,False,,False,52.25,65.0,76.0,3.8127,3.8127,-2.6635,21.02,3.3016175071360454,3.3016175071360454,3.0
2026-07-06,002664,信质集团,-1.761658031088087,False,False,30,0.4187938779055072,False,False,31,35.424080000000004,False,False,,,False,,not_selected_non_hit,not_selected_non_hit,False,False,False,False,False,False,False,False,False,,False,53.75,65.0,52.0,5.5188,5.5188,-1.9775,19.12,4.4456066945606665,4.4456066945606665,3.0
2026-07-06,002677,浙江美大,9.682804674457435,True,False,66,0.3806884870924646,False,False,58,31.29134,False,False,,,False,,missed_hit_outside_candidate_pool,missed_hit_outside_candidate_pool,False,False,False,True,False,False,False,False,False,,False,46.75,55.0,70.0,0.7392,3.4898,-0.1682,6.02,4.159504984530771,4.159504984530771,3.0
2026-07-06,002700,万憬能源,-0.6557377049180357,False,False,73,0.3675944022564429,False,False,72,19.900865,False,False,,,False,,not_selected_non_hit,not_selected_non_hit,False,False,False,False,False,False,False,False,False,,False,39.5,40.0,46.0,-10.4653,-10.1717,-1.68,6.12,2.5573770491803316,2.5573770491803316,3.0
2026-07-06,002715,登云股份,1.1711125569290992,False,False,27,0.4234642079977164,False,True,14,40.023855000000005,False,False,,,False,,not_selected_non_hit,not_selected_non_hit,False,False,False,False,False,False,False,False,False,,False,52.75,65.0,78.0,3.6753,8.4503,0.4674,14.99,4.119024138922933,4.119024138922933,3.0
2026-07-06,002747,埃斯顿,1.335084263514985,False,True,3,0.4778546321914972,True,True,1,50.197835,True,True,3.0,source_v004a_model_rank,False,,not_selected_non_hit,not_selected_non_hit,False,False,False,False,False,False,False,False,True,v004a_top3,False,61.75,95.0,70.0,15.3001,17.6516,-1.6902,46.03,4.582045943402235,4.582045943402235,3.0
2026-07-06,002765,蓝黛科技,-0.6249999999999978,False,True,12,0.4443376746719307,False,True,11,41.31094,False,True,12.0,source_v004a_model_rank,True,3.0,selected_false_positive,selected_false_positive,False,True,False,False,False,False,False,False,True,final_top3,False,56.75,75.0,72.0,6.75,8.3797,-0.6711,7.98,2.2126166382278267,2.2126166382278267,3.0
2026-07-06,002771,真视通,-0.9142053445850951,False,False,56,0.3952522571360301,False,False,45,34.289275,False,False,,,False,,not_selected_non_hit,not_selected_non_hit,False,False,False,False,False,False,False,False,False,,False,39.75,55.0,88.0,2.6945,8.463,0.9447,14.29,4.628716226464191,4.628716226464191,3.0
2026-07-06,002868,绿康生化,-1.1240310077519355,False,False,37,0.4132956911236902,False,False,54,32.46158,False,False,,,False,,not_selected_non_hit,not_selected_non_hit,False,False,False,False,False,False,False,False,False,,False,37.75,65.0,94.0,4.2368,9.2678,-0.2717,26.28,4.826485839648975,4.826485839648975,3.0
2026-07-06,002896,中大力德,-4.565112926477655,False,True,8,0.4496853069281967,False,False,23,37.677105,False,True,8.0,source_v004a_model_rank,False,,not_selected_non_hit,not_selected_non_hit,False,False,False,False,False,False,False,False,False,,False,49.75,75.0,88.0,7.7539,8.9076,-2.1167,84.02,3.256229739846095,3.256229739846095,3.0
2026-07-06,002979,雷赛智能,-5.861358956760466,False,True,1,0.4822788174935121,True,True,3,48.23064000000001,True,True,1.0,source_v004a_model_rank,False,,not_selected_non_hit,not_selected_non_hit,False,False,False,False,False,False,False,False,True,v004a_top3,False,54.5,90.0,88.0,24.4892,25.8113,-1.5841,73.27,3.4482758620689724,3.4482758620689724,3.0
2026-07-06,002981,朝阳科技,4.3398812243033325,False,True,14,0.4388951971604835,False,True,12,40.11776,False,True,14.0,source_v004a_model_rank,False,,not_selected_non_hit,not_selected_non_hit,False,False,False,False,False,False,False,False,False,,False,44.75,75.0,96.0,7.3092,10.1944,0.1928,21.77,2.491064901851292,2.491064901851292,3.0
2026-07-06,002988,豪美新材,-3.4307496823379857,False,False,50,0.4044459882815943,False,False,44,34.320105,False,False,,,False,,not_selected_non_hit,not_selected_non_hit,False,False,False,False,False,False,False,False,False,,False,52.75,65.0,60.0,3.2411,3.4572,-2.5174,23.94,3.8091251569694506,3.8091251569694506,3.0
2026-07-06,003011,海象新材,-2.538071065989844,False,False,64,0.3883732785092884,False,False,64,29.98351,False,False,,,False,,not_selected_non_hit,not_selected_non_hit,False,False,False,False,False,False,False,False,False,,False,48.25,55.0,70.0,0.1858,1.9407,-1.0833,19.75,4.186469717423269,4.186469717423269,3.0
2026-07-06,003021,兆威机电,-4.613126441602001,False,False,28,0.4221574192727915,False,False,35,35.047664999999995,False,False,,,False,,not_selected_non_hit,not_selected_non_hit,False,False,False,False,False,False,False,False,False,,False,52.75,65.0,60.0,5.3295,5.5287,-3.1926,95.38,4.758403361344543,4.758403361344543,3.0
2026-07-06,003028,振邦智能,-4.415372035977116,False,False,39,0.4116214008174695,False,False,40,34.69338,False,False,,,False,,not_selected_non_hit,not_selected_non_hit,False,False,False,False,False,False,False,False,False,,False,52.75,65.0,52.0,3.8576,4.8612,-1.0493,24.03,4.201680672268915,4.201680672268915,3.0
2026-07-06,600143,金发科技,-4.850746268656703,False,False,58,0.3909523395471818,False,False,61,30.970055,False,False,,,False,,not_selected_non_hit,not_selected_non_hit,False,False,False,False,False,False,False,False,False,,False,50.25,55.0,60.0,2.0073,2.0073,-2.9209,16.16,3.712871287128716,3.712871287128716,3.0
2026-07-06,600376,首开股份,-6.7532467532467555,False,True,5,0.463102994498637,False,True,4,46.60571999999999,False,True,5.0,source_v004a_model_rank,False,,not_selected_non_hit,not_selected_non_hit,False,False,False,False,False,False,False,False,False,,False,54.75,95.0,86.0,10.7236,15.3734,-0.4658,3.97,4.687135258259634,4.687135258259634,3.0
2026-07-06,600391,航发科技,-4.084588644264208,False,False,44,0.4096942856739256,False,False,48,33.78378,False,False,,,False,,not_selected_non_hit,not_selected_non_hit,False,False,False,False,False,False,False,False,False,,False,50.25,65.0,70.0,3.4004,5.0311,-0.4374,34.78,5.000586923347816,5.000586923347816,3.0
2026-07-06,600530,交大昂立,-3.626943005181349,False,False,40,0.4102533788066024,False,False,34,35.10483,False,False,,,False,,not_selected_non_hit,not_selected_non_hit,False,False,False,False,False,False,False,False,False,,False,51.75,65.0,66.0,5.6534,7.3216,-1.6214,5.79,3.2530960044169,3.2530960044169,3.0
2026-07-06,600580,卧龙电驱,-6.282998944033801,False,True,6,0.455724369539772,False,True,13,40.07122,False,True,6.0,source_v004a_model_rank,False,,not_selected_non_hit,not_selected_non_hit,False,False,False,False,False,False,False,False,False,,False,52.75,75.0,80.0,8.9496,10.7314,-0.6228,37.91,2.2723610257046944,2.2723610257046944,3.0
2026-07-06,600592,龙溪股份,-3.05039787798409,False,False,51,0.4034560278128142,False,False,46,34.240739999999995,False,False,,,False,,not_selected_non_hit,not_selected_non_hit,False,False,False,False,False,False,False,False,False,,False,52.25,65.0,60.0,3.4412,3.7853,-2.9437,15.08,5.383272922539928,5.383272922539928,3.0
2026-07-06,600769,祥龙电业,-6.217616580310881,False,False,70,0.3747834413668575,False,False,71,21.39982,False,False,,,False,,not_selected_non_hit,not_selected_non_hit,False,False,False,False,False,False,False,False,False,,False,39.0,40.0,46.0,-5.5148,-5.5148,-3.6101,19.6,4.479591836734698,4.479591836734698,3.0
2026-07-06,600801,华新建材,-0.11037527593819041,False,False,43,0.4097604835379402,False,False,29,35.90758,False,False,,,False,,not_selected_non_hit,not_selected_non_hit,False,False,False,False,False,False,False,False,False,,False,52.25,65.0,78.0,3.2828,5.0383,-0.3581,17.95,2.606232294617561,2.606232294617561,3.0
2026-07-06,600841,动力新科,-3.6603221083455373,False,False,62,0.3893640778396348,False,False,43,34.515575,False,False,,,False,,not_selected_non_hit,not_selected_non_hit,False,False,False,False,False,False,False,False,False,,False,42.25,55.0,88.0,1.6393,6.0109,0.4184,6.79,3.8665287826649575,3.8665287826649575,3.0
2026-07-06,600990,四创电子,4.734945959855907,False,False,45,0.4089799798835128,False,False,30,35.476905,False,False,,,False,,not_selected_non_hit,not_selected_non_hit,False,False,False,False,False,False,False,False,False,,False,44.75,65.0,88.0,3.5575,7.0039,0.053,19.25,4.079441760601199,4.079441760601199,3.0
2026-07-06,601100,恒立液压,-1.789500466457472,False,False,24,0.4274987518864379,False,False,32,35.33591,False,False,,,False,,not_selected_non_hit,not_selected_non_hit,False,False,False,False,False,False,False,False,False,,False,53.75,65.0,60.0,4.7582,5.6484,-1.2518,117.5,4.420221440219718,4.420221440219718,3.0
2026-07-06,601177,杭齿前进,-4.005431093007472,False,True,10,0.4485044866201899,False,True,7,42.66493,False,True,10.0,source_v004a_model_rank,False,,not_selected_non_hit,not_selected_non_hit,False,False,False,False,False,False,False,False,False,,False,45.25,75.0,94.0,7.829,16.8654,3.6965,15.39,4.516857926601103,4.516857926601103,3.0
2026-07-06,601689,拓普集团,-0.8722843976300187,False,False,25,0.4251447292476526,False,False,41,34.635255,False,False,,,False,,not_selected_non_hit,not_selected_non_hit,False,False,False,False,False,False,False,False,False,,False,51.25,65.0,70.0,5.2945,6.1179,-2.6447,60.57,4.692179700499177,4.692179700499177,3.0
2026-07-06,603012,创力集团,-3.4642032332563577,False,False,48,0.4073826717843893,False,False,36,34.99831,False,False,,,False,,not_selected_non_hit,not_selected_non_hit,False,False,False,False,False,False,False,False,False,,False,53.75,65.0,50.0,3.6042,4.8259,-0.6453,8.58,4.009433962264142,4.009433962264142,3.0
2026-07-06,603013,亚普股份,-3.7436188315371544,False,False,31,0.4178266380652264,False,False,24,37.40237,False,False,,,False,,not_selected_non_hit,not_selected_non_hit,False,False,False,False,False,False,False,False,False,,False,53.25,65.0,70.0,4.1894,5.2823,0.0213,17.34,3.43822843822843,3.43822843822843,3.0
2026-07-06,603051,鹿山新材,5.866177818515128,False,True,7,0.4552831798114184,False,False,17,38.793575,False,True,7.0,source_v004a_model_rank,False,,not_selected_non_hit,not_selected_non_hit,False,False,False,False,False,False,False,False,False,,False,53.75,75.0,80.0,8.7153,9.9689,-1.2846,21.93,2.4695028323810098,2.4695028323810098,3.0
2026-07-06,603165,荣晟环保,-0.6993006993007089,False,False,34,0.4156238122831105,False,False,26,36.34123,False,False,,,False,,not_selected_non_hit,not_selected_non_hit,False,False,False,False,False,False,False,False,False,,False,52.75,65.0,70.0,3.759,5.9744,-1.0541,14.35,4.62633451957295,4.62633451957295,3.0
2026-07-06,603278,大业股份,-5.688073394495419,False,False,68,0.3788934626634219,False,False,70,22.9723,False,False,,,False,,not_selected_non_hit,not_selected_non_hit,False,False,False,False,False,False,False,False,False,,False,45.5,40.0,66.0,-2.722,-2.722,-3.6277,10.9,3.764222361900882,3.764222361900882,3.0
2026-07-06,603286,日盈电子,-0.6780282206340416,False,True,9,0.4486798335275005,False,False,25,36.803695,False,True,9.0,source_v004a_model_rank,False,,not_selected_non_hit,not_selected_non_hit,False,False,False,False,False,False,False,False,False,,False,47.75,75.0,86.0,9.3545,10.0401,-2.9931,54.57,4.978794025447164,4.978794025447164,3.0
2026-07-06,603303,得邦照明,-6.71755725190839,False,False,67,0.3793366337188998,False,False,67,25.30465,False,False,,,False,,not_selected_non_hit,not_selected_non_hit,False,False,False,False,False,False,False,False,False,,False,42.5,40.0,56.0,-6.2842,-1.9386,-0.5056,25.95,3.784264575078833,3.784264575078833,3.0
2026-07-06,603327,福蓉科技,3.5194174757281482,False,False,72,0.3693418091181635,False,False,73,17.31306,False,False,,,False,,not_selected_non_hit,not_selected_non_hit,False,False,False,False,False,False,False,False,False,,False,37.5,40.0,46.0,-11.9872,-10.0693,-1.7754,8.44,4.963680387409197,4.963680387409197,3.0
2026-07-06,603338,浙江鼎力,0.37735849056603765,False,True,2,0.4799633478380605,True,True,2,48.6217,True,True,2.0,source_v004a_model_rank,False,,not_selected_non_hit,not_selected_non_hit,False,False,False,False,False,False,False,False,True,v004a_top3,False,60.25,95.0,80.0,11.162,15.4995,-0.5047,52.99,4.429161478297794,4.429161478297794,3.0
2026-07-06,603596,伯特利,-3.5608308605341255,False,False,29,0.4202671543521324,False,False,33,35.210809999999995,False,False,,,False,,not_selected_non_hit,not_selected_non_hit,False,False,False,False,False,False,False,False,False,,False,53.75,65.0,62.0,4.7746,5.0106,-1.2735,26.7,3.7912912912912766,3.7912912912912766,3.0
2026-07-06,603713,密尔克卫,2.578245253976408,False,False,52,0.4004748511217272,False,False,57,31.50476,False,False,,,False,,not_selected_non_hit,not_selected_non_hit,False,False,False,False,False,False,False,False,False,,False,39.75,55.0,86.0,2.2816,6.8501,1.1765,78.35,3.839999999999999,3.839999999999999,3.0
2026-07-06,603717,天域生物,-1.4641288433382083,False,False,21,0.4343725930758051,False,True,15,39.02547499999999,False,False,,,False,,not_selected_non_hit,not_selected_non_hit,False,False,False,False,False,False,False,False,False,,False,56.25,75.0,60.0,6.8809,8.1292,-1.1014,6.93,3.9416058394160736,3.9416058394160736,3.0
2026-07-06,603726,朗迪集团,-2.5411061285500747,False,False,36,0.4145133045571528,False,False,37,34.95712,False,False,,,False,,not_selected_non_hit,not_selected_non_hit,False,False,False,False,False,False,False,False,False,,False,48.75,65.0,84.0,3.458,6.2796,-1.2636,33.9,4.090909090909101,4.090909090909101,3.0
2026-07-06,603730,岱美股份,-4.284559417946642,False,False,16,0.4366904028419074,False,False,19,38.64957,False,False,,,False,,not_selected_non_hit,not_selected_non_hit,False,False,False,False,False,False,False,False,False,,False,56.75,75.0,70.0,6.0202,6.0202,-3.1439,12.31,3.4930950446791176,3.4930950446791176,3.0
2026-07-06,603798,康普顿,-5.783456624075312,False,False,69,0.3769747773203266,False,False,66,25.829805,False,False,,,False,,not_selected_non_hit,not_selected_non_hit,False,False,False,False,False,False,False,False,False,,False,41.5,40.0,70.0,-1.0481,1.7101,-0.1507,14.75,4.864713304360024,4.864713304360024,3.0
2026-07-06,603915,国茂股份,-4.3619791666666625,False,False,46,0.408475568271767,False,False,38,34.93261,False,False,,,False,,not_selected_non_hit,not_selected_non_hit,False,False,False,False,False,False,False,False,False,,False,54.25,65.0,60.0,3.6146,3.6146,-2.4397,15.25,3.409836065573768,3.409836065573768,3.0
2026-07-06,605028,世茂能源,-3.616013775290572,False,False,18,0.4359004267856813,False,False,22,38.016345,False,False,,,False,,not_selected_non_hit,not_selected_non_hit,False,False,False,False,False,False,False,False,False,,False,54.75,75.0,60.0,6.1315,6.2706,-2.7002,22.93,4.8034934497816595,4.8034934497816595,3.0
2026-07-06,605068,明新旭腾,-3.7981859410430974,False,False,65,0.3814981687568675,False,False,69,24.46786,False,False,,,False,,not_selected_non_hit,not_selected_non_hit,False,False,False,False,False,False,False,False,False,,False,42.5,40.0,76.0,-0.7016,0.0905,-2.9214,17.69,4.957264957264962,4.957264957264962,3.0
2026-07-06,605255,天普股份,0.17250530785561935,False,False,57,0.3910258247499002,False,False,65,29.349695,False,False,,,False,,not_selected_non_hit,not_selected_non_hit,False,False,False,False,False,False,False,False,False,,False,41.5,40.0,84.0,-1.6535,3.7636,0.0551,76.81,2.1703296703296626,2.1703296703296626,3.0
2026-07-06,605305,中际联合,-2.542016806722691,False,False,23,0.4299131711266027,False,False,21,38.240395,False,False,,,False,,not_selected_non_hit,not_selected_non_hit,False,False,False,False,False,False,False,False,False,,False,45.75,65.0,86.0,4.4021,10.4379,1.6383,47.39,4.076502071185684,4.076502071185684,3.0
2026-07-07,000066,中国长城,5.932203389830515,False,False,41,0.4120968646890451,False,False,38,23.978765000000003,False,False,,,False,,not_selected_non_hit,not_selected_non_hit,False,False,False,False,False,False,False,False,False,,False,39.5,40.0,42.0,-0.8433,-0.1987,-1.5869,18.58,2.329360780065004,2.329360780065004,1.0
2026-07-07,000301,东方盛虹,2.0900321543408262,False,False,22,0.4418839286817687,False,False,28,32.34933,False,False,,,False,,not_selected_non_hit,not_selected_non_hit,False,False,False,False,False,False,False,False,False,,False,52.25,65.0,76.0,3.0338,3.0338,-3.0678,12.43,3.7811745776347605,3.7811745776347605,1.0
2026-07-07,000545,金浦钛业,0.0,False,False,35,0.4236947176860324,False,False,19,35.244845,False,False,,,False,,not_selected_non_hit,not_selected_non_hit,False,False,False,False,False,False,False,False,False,,False,48.75,55.0,70.0,0.8995,3.6371,0.0347,2.65,2.6775574683550962,2.6775574683550962,1.0
2026-07-07,000593,德龙汇能,-3.8492381716118684,False,False,24,0.438097800552136,False,False,21,34.468415,False,False,,,False,,not_selected_non_hit,not_selected_non_hit,False,False,False,False,False,False,False,False,False,,False,37.75,55.0,100.0,0.5277,14.4838,5.6748,26.25,3.080260303687643,3.080260303687643,1.0
2026-07-07,000892,欢瑞世纪,4.657534246575334,False,False,30,0.425882018434574,False,False,29,30.660045,False,False,,,False,,not_selected_non_hit,not_selected_non_hit,False,False,False,False,False,False,False,False,False,,False,41.75,65.0,88.0,3.2499,4.4003,-1.1487,3.63,4.73537604456824,4.73537604456824,1.0
2026-07-07,000938,紫光股份,3.6231884057970953,False,True,11,0.468014045031266,False,True,10,40.22191,False,True,11.0,source_v004a_model_rank,False,,not_selected_non_hit,not_selected_non_hit,False,False,False,False,False,False,False,False,False,,False,55.75,75.0,70.0,6.2586,8.2531,-1.0292,31.48,3.2505666015312906,3.2505666015312906,1.0
2026-07-07,001287,中电港,5.430327868852469,False,False,42,0.4104523502418722,False,False,47,21.48742,False,False,,,False,,not_selected_non_hit,not_selected_non_hit,False,False,False,False,False,False,False,False,False,,False,42.0,40.0,70.0,-4.11,-2.9804,-1.2341,29.2,2.959112959112953,2.959112959112953,1.0
2026-07-07,002025,航天电器,-5.903743315508015,False,True,3,0.4911203440309731,True,True,3,49.475705,True,True,3.0,source_v004a_model_rank,False,,not_selected_non_hit,not_selected_non_hit,False,False,False,False,False,False,False,False,True,v004a_top3,False,63.75,95.0,58.0,10.4455,14.1819,-0.259,90.15,3.651488146150106,3.651488146150106,1.0
2026-07-07,002042,华孚时尚,-0.27247956403269047,False,False,34,0.4242445858741337,False,False,32,28.911655,False,False,,,False,,not_selected_non_hit,not_selected_non_hit,False,False,False,False,False,False,False,False,False,,False,47.75,55.0,62.0,2.9453,3.7868,-1.4241,3.7,4.989035087719285,4.989035087719285,1.0
2026-07-07,002141,贤丰控股,-2.5862068965517127,False,False,29,0.4260237784185273,False,False,23,34.06091,False,False,,,False,,not_selected_non_hit,not_selected_non_hit,False,False,False,False,False,False,False,False,False,,False,37.25,55.0,92.0,2.711,11.6838,2.1326,5.85,4.089219330855021,4.089219330855021,1.0
2026-07-07,002245,蔚蓝锂芯,-0.952380952380949,False,False,28,0.4310127920199887,False,False,33,27.725210000000004,False,False,,,False,,not_selected_non_hit,not_selected_non_hit,False,False,False,False,False,False,False,False,False,,False,44.75,55.0,76.0,2.439,3.4843,-3.0483,20.79,5.624815941886707,5.624815941886707,1.0
2026-07-07,002329,皇氏集团,-1.4925373134328401,False,True,6,0.4857251281538976,False,True,2,49.932565,True,True,6.0,source_v004a_model_rank,False,,not_selected_non_hit,not_selected_non_hit,False,False,False,False,False,False,False,False,False,,False,51.75,95.0,94.0,11.1111,19.367,1.6147,3.47,3.4055727554179516,3.4055727554179516,1.0
2026-07-07,002396,星网锐捷,5.567606652205348,False,True,1,0.4977524814533621,True,True,4,49.447565,False,True,1.0,source_v004a_model_rank,False,,not_selected_non_hit,not_selected_non_hit,False,False,False,False,False,False,False,False,True,v004a_top3,False,57.5,90.0,80.0,25.2859,26.0484,-3.0255,26.45,3.747465420525309,3.747465420525309,1.0
2026-07-07,002403,爱仕达,-2.512077294685988,False,True,13,0.4645727988783156,False,True,14,38.288195,False,True,13.0,source_v004a_model_rank,True,3.0,selected_false_positive,selected_false_positive,False,True,False,False,False,False,False,False,True,final_top3,False,56.75,75.0,76.0,9.7877,9.7877,-1.7946,10.6,1.8274304051288714,1.8274304051288714,1.0
2026-07-07,002457,青龙管业,2.9470864032149935,False,True,7,0.4840503378463959,False,True,6,46.62909,False,True,7.0,source_v004a_model_rank,False,,not_selected_non_hit,not_selected_non_hit,False,False,False,False,False,False,False,False,False,,False,49.75,95.0,96.0,10.7346,15.432,0.1607,14.99,4.0747484039632464,4.0747484039632464,1.0
2026-07-07,002607,中公教育,-2.450980392156865,False,False,20,0.4424423286694472,False,True,15,37.92243499999999,False,False,,,False,,not_selected_non_hit,not_selected_non_hit,False,False,False,False,False,False,False,False,False,,False,39.25,65.0,94.0,3.8961,17.4026,4.5169,2.26,4.499999999999993,4.499999999999993,1.0
2026-07-07,002774,快意电梯,2.7600849256900206,False,False,39,0.4153264378461781,False,False,39,23.418515,False,False,,,False,,not_selected_non_hit,not_selected_non_hit,False,False,False,False,False,False,False,False,False,,False,44.5,40.0,74.0,-0.4471,-0.4471,-6.7114,14.25,2.694736842105261,2.694736842105261,1.0
2026-07-07,002793,罗欣药业,1.0752688172043001,False,True,8,0.475806215154147,False,True,8,43.510755,False,True,8.0,source_v004a_model_rank,False,,not_selected_non_hit,not_selected_non_hit,False,False,False,False,False,False,False,False,False,,False,51.75,95.0,94.0,10.4177,12.578,-1.4099,4.69,3.414563327349396,3.414563327349396,1.0
2026-07-07,002815,崇达技术,10.573823339780786,True,False,46,0.4076483996531818,False,False,42,22.936825,False,False,,,False,,missed_hit_outside_candidate_pool,missed_hit_outside_candidate_pool,False,False,False,True,False,False,False,False,False,,False,44.5,40.0,50.0,-7.2121,-6.1818,-1.2549,15.48,2.3953435411406154,2.3953435411406154,1.0
2026-07-07,002828,贝肯能源,2.8877887788778978,False,False,16,0.4545993835064667,False,True,11,39.703455,False,False,,,False,,not_selected_non_hit,not_selected_non_hit,False,False,False,False,False,False,False,False,False,,False,42.75,75.0,94.0,7.0285,11.8334,0.849,11.87,3.6097712924495484,3.6097712924495484,1.0
2026-07-07,002860,星帅尔,2.1871202916160293,False,True,10,0.4692146501488772,False,True,12,39.690425,False,True,10.0,source_v004a_model_rank,False,,not_selected_non_hit,not_selected_non_hit,False,False,False,False,False,False,False,False,False,,False,55.75,75.0,70.0,9.1563,10.6224,-1.5316,16.6,2.919454825310619,2.919454825310619,1.0
2026-07-07,002910,庄园牧场,8.006814310051102,True,False,32,0.4248440156597701,False,False,30,30.37796,False,False,,,False,,missed_hit_outside_candidate_pool,missed_hit_outside_candidate_pool,False,False,False,True,False,False,False,False,False,,False,49.25,55.0,54.0,0.8688,1.6507,-2.5763,11.7,4.031505334087115,4.031505334087115,1.0
2026-07-07,002919,名臣健康,-2.5468524747717325,False,False,17,0.4522805589322543,False,False,24,33.938365,False,False,,,False,,not_selected_non_hit,not_selected_non_hit,False,False,False,False,False,False,False,False,False,,False,50.25,65.0,76.0,4.3719,5.0754,-2.8715,20.91,4.49561811338568,4.49561811338568,1.0
2026-07-07,002989,中天精装,0.35161744022502717,False,False,47,0.4074246687239097,False,False,49,18.364725,False,False,,,False,,not_selected_non_hit,not_selected_non_hit,False,False,False,False,False,False,False,False,False,,False,39.5,40.0,46.0,-9.8865,-9.8865,-2.363,30.17,2.75107722903547,2.75107722903547,1.0
2026-07-07,600172,黄河旋风,4.451682953311598,False,True,14,0.4576001465107393,False,False,20,34.669065,False,True,14.0,source_v004a_model_rank,False,,not_selected_non_hit,not_selected_non_hit,False,False,False,False,False,False,False,False,False,,False,50.25,65.0,84.0,3.7131,6.023,-3.3838,18.36,3.2850779510022354,3.2850779510022354,1.0
2026-07-07,600215,派斯林,-0.48154093097914075,False,False,23,0.4394222898195226,False,False,26,33.177175000000005,False,False,,,False,,not_selected_non_hit,not_selected_non_hit,False,False,False,False,False,False,False,False,False,,False,48.75,65.0,80.0,3.1589,4.8042,-2.2919,6.37,4.6251993620414655,4.6251993620414655,1.0
2026-07-07,600241,时代万恒,3.592814371257491,False,False,45,0.4087867383745872,False,False,41,23.002115000000003,False,False,,,False,,not_selected_non_hit,not_selected_non_hit,False,False,False,False,False,False,False,False,False,,False,43.5,40.0,76.0,-0.8915,-0.4458,-2.1313,6.7,2.6372732108089325,2.6372732108089325,1.0
2026-07-07,600470,六国化工,1.044776119402968,False,False,33,0.4245646971643556,False,False,27,32.57841500000001,False,False,,,False,,not_selected_non_hit,not_selected_non_hit,False,False,False,False,False,False,False,False,False,,False,37.25,55.0,92.0,2.4545,9.2637,1.9304,6.9,4.626395754667012,4.626395754667012,1.0
2026-07-07,600791,京能置业,-1.1002444987775029,False,False,49,0.4031857927807911,False,False,48,18.952235,False,False,,,False,,not_selected_non_hit,not_selected_non_hit,False,False,False,False,False,False,False,False,False,,False,44.0,40.0,74.0,-12.7079,-12.7079,-4.636,8.03,4.861413199273024,4.861413199273024,1.0
2026-07-07,601101,昊华能源,-2.047502047502048,False,False,25,0.4340003255800096,False,False,25,33.33151,False,False,,,False,,not_selected_non_hit,not_selected_non_hit,False,False,False,False,False,False,False,False,False,,False,37.75,65.0,92.0,3.427,8.6248,0.6834,12.33,4.884443709196762,4.884443709196762,1.0
2026-07-07,601368,绿城水务,-1.9867549668874163,False,False,21,0.4420340207695018,False,False,18,35.48219,False,False,,,False,,not_selected_non_hit,not_selected_non_hit,False,False,False,False,False,False,False,False,False,,False,48.75,65.0,80.0,3.2798,5.8386,-0.6445,4.55,3.8438886886950296,3.8438886886950296,1.0
2026-07-07,603020,爱普股份,4.12451361867705,False,False,43,0.4096793167860232,False,False,46,21.54003,False,False,,,False,,not_selected_non_hit,not_selected_non_hit,False,False,False,False,False,False,False,False,False,,False,45.0,40.0,66.0,-6.3142,-6.3142,-1.8837,13.22,4.508320726172443,4.508320726172443,1.0
2026-07-07,603067,振华股份,-2.0814682184422506,False,False,38,0.4163724152007843,False,False,44,22.39824,False,False,,,False,,not_selected_non_hit,not_selected_non_hit,False,False,False,False,False,False,False,False,False,,False,43.0,40.0,76.0,-2.33,-1.5113,-3.4154,44.51,4.893520616221103,4.893520616221103,1.0
2026-07-07,603090,宏盛股份,-3.8621734191594093,False,False,27,0.4311733590152502,False,False,34,27.66484,False,False,,,False,,not_selected_non_hit,not_selected_non_hit,False,False,False,False,False,False,False,False,False,,False,42.25,55.0,86.0,0.2692,0.7848,-2.9596,52.78,4.361074081127403,4.361074081127403,1.0
2026-07-07,603118,共进股份,4.808414725770094,False,False,19,0.4440294905891043,False,False,17,35.723495,False,False,,,False,,not_selected_non_hit,not_selected_non_hit,False,False,False,False,False,False,False,False,False,,False,39.25,65.0,94.0,4.3585,10.0611,0.1674,13.51,4.761904761904767,4.761904761904767,1.0
2026-07-07,603155,新亚强,-2.648032364840025,False,False,36,0.4228158863917185,False,False,36,25.333085,False,False,,,False,,not_selected_non_hit,not_selected_non_hit,False,False,False,False,False,False,False,False,False,,False,45.0,40.0,56.0,-0.4329,0.6401,-2.975,27.2,4.176964521187254,4.176964521187254,1.0
2026-07-07,603201,常润股份,-1.3698630136986245,False,False,48,0.4053672464101501,False,False,45,21.86829,False,False,,,False,,not_selected_non_hit,not_selected_non_hit,False,False,False,False,False,False,False,False,False,,False,38.5,40.0,46.0,-4.0142,-3.4229,-2.9581,14.7,4.97641706812304,4.97641706812304,1.0
2026-07-07,603221,爱丽家居,-4.527402700555994,False,True,4,0.4878615559865561,False,True,5,46.67465,False,True,4.0,source_v004a_model_rank,True,2.0,selected_false_positive,selected_false_positive,False,True,False,False,False,False,False,False,True,final_top3,False,59.75,95.0,80.0,12.0446,13.1773,-0.9866,11.99,2.7968761752124482,2.7968761752124482,1.0
2026-07-07,603268,松发股份,3.0912089926079744,False,True,9,0.469249901097285,False,True,13,39.23364999999999,False,True,9.0,source_v004a_model_rank,False,,not_selected_non_hit,not_selected_non_hit,False,False,False,False,False,False,False,False,False,,False,52.25,75.0,70.0,6.961,8.91,-0.5777,160.37,4.761904761904767,4.761904761904767,1.0
2026-07-07,603269,海鸥股份,-1.9294377067254787,False,False,44,0.4095966411399129,False,False,43,22.86221,False,False,,,False,,not_selected_non_hit,not_selected_non_hit,False,False,False,False,False,False,False,False,False,,False,39.5,40.0,84.0,-7.753,-4.5992,-1.0031,18.15,4.58589534344096,4.58589534344096,1.0
2026-07-07,603375,盛景微,0.8578431372548989,False,False,26,0.4330556139115186,False,False,31,29.33134,False,False,,,False,,not_selected_non_hit,not_selected_non_hit,False,False,False,False,False,False,False,False,False,,False,46.75,55.0,70.0,0.0124,1.4349,-0.8831,49.2,4.947433518862088,4.947433518862088,1.0
2026-07-07,603477,巨星农牧,-5.1558752997601935,False,True,5,0.4866594779053539,False,True,7,45.27654,False,True,5.0,source_v004a_model_rank,False,,not_selected_non_hit,not_selected_non_hit,False,False,False,False,False,False,False,False,False,,False,58.25,95.0,80.0,11.0584,12.7514,-1.2345,16.65,3.0487804878048808,3.0487804878048808,1.0
2026-07-07,603757,大元泵业,3.9353099730458307,False,False,31,0.4249139177273054,False,False,35,25.494795,False,False,,,False,,not_selected_non_hit,not_selected_non_hit,False,False,False,False,False,False,False,False,False,,False,45.5,40.0,64.0,-1.3831,0.4863,-5.0973,74.18,2.2554945054945152,2.2554945054945152,1.0
2026-07-07,603815,交建股份,6.103286384976525,False,True,12,0.4669310451968547,False,True,9,42.84398,False,True,12.0,source_v004a_model_rank,False,,not_selected_non_hit,not_selected_non_hit,False,False,False,False,False,False,False,False,False,,False,44.75,75.0,94.0,9.834,17.1319,1.526,6.42,3.322259136212624,3.322259136212624,1.0
2026-07-07,603903,中持股份,2.515723270440251,False,True,2,0.4954070297214556,True,True,1,52.36780999999999,True,True,2.0,source_v004a_model_rank,True,1.0,selected_false_positive,selected_false_positive,False,True,False,False,False,False,False,False,True,final_and_v004a_top3,False,62.25,95.0,78.0,12.4094,16.9945,0.198,15.82,3.8732435946142507,3.8732435946142507,1.0
2026-07-07,603931,格林达,-1.741118536756947,False,False,40,0.4138074873783652,False,False,37,24.354505,False,False,,,False,,not_selected_non_hit,not_selected_non_hit,False,False,False,False,False,False,False,False,False,,False,41.5,40.0,70.0,-1.5517,-1.2887,-3.1257,56.3,4.25645592163848,4.25645592163848,1.0
2026-07-07,605060,XD联德股,-2.6532807457870233,False,True,15,0.4567580525259891,False,False,22,34.06747,False,True,15.0,source_v004a_model_rank,False,,not_selected_non_hit,not_selected_non_hit,False,False,False,False,False,False,False,False,False,,False,51.25,65.0,76.0,3.3706,4.7219,-3.3149,55.8,5.093516347455074,5.093516347455074,1.0
2026-07-07,605196,华通线缆,-2.0719311962470566,False,False,37,0.4179278278155709,False,False,40,23.03964,False,False,,,False,,not_selected_non_hit,not_selected_non_hit,False,False,False,False,False,False,False,False,False,,False,45.5,40.0,66.0,-2.5296,-2.5296,-2.8326,26.24,3.0487804878048808,3.0487804878048808,1.0
2026-07-07,605377,华旺科技,-1.434426229508201,False,False,18,0.4464479789550102,False,False,16,36.20894,False,False,,,False,,not_selected_non_hit,not_selected_non_hit,False,False,False,False,False,False,False,False,False,,False,53.25,65.0,70.0,3.0928,4.9376,-1.358,9.67,3.190834067495252,3.190834067495252,1.0
2026-07-08,000066,中国长城,7.36842105263158,True,False,29,0.4331371555580073,False,False,20,35.36563,False,False,,,False,,missed_hit_outside_candidate_pool,missed_hit_outside_candidate_pool,False,False,False,True,False,False,False,False,False,,False,49.25,55.0,78.0,0.6542,3.55,0.1982,19.31,3.723418910661258,3.723418910661258,2.0
2026-07-08,000301,东方盛虹,-1.1023622047244053,False,False,51,0.4028512375613683,False,False,44,26.35663,False,False,,,False,,not_selected_non_hit,not_selected_non_hit,False,False,False,False,False,False,False,False,False,,False,29.0,40.0,92.0,-0.1894,5.5752,0.1877,12.82,4.934914442300498,4.934914442300498,2.0
2026-07-08,000545,金浦钛业,3.7735849056603765,False,False,41,0.4159311035012053,False,False,18,36.180735,False,False,,,False,,not_selected_non_hit,not_selected_non_hit,False,False,False,False,False,False,False,False,False,,False,49.25,55.0,50.0,0.1173,4.0282,1.119,2.66,4.296875,4.296875,2.0
2026-07-08,000593,德龙汇能,3.915530136383638,False,False,25,0.4393075970360083,False,False,21,35.095315,False,False,,,False,,not_selected_non_hit,not_selected_non_hit,False,False,False,False,False,False,False,False,False,,False,53.25,65.0,70.0,3.2509,3.2509,-1.3488,23.63,1.3672073290711184,1.3672073290711184,2.0
2026-07-08,000656,金科股份,-0.7407407407407418,False,False,35,0.4272445324743604,False,False,32,31.49022,False,False,,,False,,not_selected_non_hit,not_selected_non_hit,False,False,False,False,False,False,False,False,False,,False,41.75,65.0,94.0,4.878,8.1301,-2.4927,1.33,4.651162790697683,4.651162790697683,2.0
2026-07-08,000892,欢瑞世纪,21.387283236994236,True,False,70,0.3892292216610237,False,False,53,23.09494,False,False,,,False,,missed_hit_outside_candidate_pool,missed_hit_outside_candidate_pool,False,False,False,True,False,False,False,False,False,,False,42.0,40.0,76.0,-2.698,-0.4018,-0.3222,3.47,2.690788134970412,2.690788134970412,2.0
2026-07-08,000938,紫光股份,17.76177617761776,True,True,5,0.4802965679533315,False,True,3,47.607435,True,True,5.0,source_v004a_model_rank,True,1.0,selected_hit,selected_hit,True,False,False,False,False,False,False,False,False,final_top3,False,62.25,95.0,72.0,12.2793,13.2902,-1.7181,33.62,3.541416566626654,3.541416566626654,2.0
2026-07-08,000973,佛塑科技,-1.317829457364339,False,False,43,0.4130357084854651,False,False,62,22.170795,False,False,,,False,,not_selected_non_hit,not_selected_non_hit,False,False,False,False,False,False,False,False,False,,False,47.0,40.0,66.0,-6.5527,-6.4815,-5.386,13.13,0.0,0.0,1.0
2026-07-08,001206,依依股份,3.555332999499261,False,False,30,0.4307154320496985,False,False,36,30.20494,False,False,,,False,,not_selected_non_hit,not_selected_non_hit,False,False,False,False,False,False,False,False,False,,False,38.5,40.0,82.0,-0.078,7.3082,1.4501,20.63,3.9874081846799747,3.9874081846799747,1.0
2026-07-08,001230,劲旅环境,2.904109589041104,False,True,4,0.4849440672168099,False,True,13,40.263535,False,True,4.0,source_v004a_model_rank,False,,not_selected_non_hit,not_selected_non_hit,False,False,False,False,False,False,False,False,False,,False,52.75,75.0,80.0,7.5093,9.5732,-0.7466,18.05,2.6864857461028846,2.6864857461028846,1.0
2026-07-08,001287,中电港,9.331990600872775,True,False,65,0.3942701021159442,False,False,45,26.119155000000003,False,False,,,False,,missed_hit_outside_candidate_pool,missed_hit_outside_candidate_pool,False,False,False,True,False,False,False,False,False,,False,41.0,40.0,58.0,-6.6671,-2.9539,-0.155,29.01,4.946236559139794,4.946236559139794,2.0
2026-07-08,001311,多利科技,5.617977528089879,False,True,14,0.4609927346738133,False,False,34,30.84521,False,True,14.0,source_v004a_model_rank,False,,not_selected_non_hit,not_selected_non_hit,False,False,False,False,False,False,False,False,False,,False,46.25,65.0,86.0,3.9682,5.3124,-1.0027,18.02,2.3187876699861887,2.3187876699861887,1.0
2026-07-08,002025,航天电器,2.657730529235036,False,False,16,0.4597893086978136,False,False,19,35.92278,False,False,,,False,,not_selected_non_hit,not_selected_non_hit,False,False,False,False,False,False,False,False,False,,False,53.25,75.0,64.0,6.374,6.6459,-4.9714,86.3,4.728159851301128,4.728159851301128,2.0
2026-07-08,002042,华孚时尚,3.5911602209944826,False,False,42,0.4133950085606747,False,False,27,32.82678,False,False,,,False,,not_selected_non_hit,not_selected_non_hit,False,False,False,False,False,False,False,False,False,,False,49.25,55.0,50.0,0.1688,2.4198,0.4717,3.64,3.93258426966292,3.93258426966292,2.0
2026-07-08,002129,TCL中环,5.462962962962958,False,False,48,0.4062141827305774,False,False,49,24.597695,False,False,,,False,,not_selected_non_hit,not_selected_non_hit,False,False,False,False,False,False,False,False,False,,False,42.5,40.0,56.0,-5.3931,-2.9417,-1.3855,10.69,4.032542210492696,4.032542210492696,1.0
2026-07-08,002137,实益达,12.1841155234657,True,False,24,0.44243765891162,False,False,35,30.82522,False,False,,,False,,missed_hit_outside_candidate_pool,missed_hit_outside_candidate_pool,False,False,False,True,False,False,False,False,False,,False,37.75,65.0,94.0,5.4512,7.3752,-2.0465,11.72,4.679410153063812,4.679410153063812,1.0
2026-07-08,002141,贤丰控股,-1.2612612612612484,False,False,28,0.4340526626085531,False,False,22,34.829835,False,False,,,False,,not_selected_non_hit,not_selected_non_hit,False,False,False,False,False,False,False,False,False,,False,52.75,65.0,64.0,4.2841,5.2236,-2.2878,5.6,4.504504504504503,4.504504504504503,2.0
2026-07-08,002185,华天科技,19.999999999999996,True,False,38,0.424323148236412,False,False,46,25.794545,False,False,,,False,,missed_hit_outside_candidate_pool,missed_hit_outside_candidate_pool,False,False,False,True,False,False,False,False,False,,False,43.0,40.0,84.0,-3.3929,0.6674,-2.2197,21.57,0.2712652586707831,0.2712652586707831,1.0
2026-07-08,002245,蔚蓝锂芯,4.127299850820498,False,False,49,0.4047278850108021,False,False,52,23.1862,False,False,,,False,,not_selected_non_hit,not_selected_non_hit,False,False,False,False,False,False,False,False,False,,False,44.0,40.0,64.0,-1.1844,-0.1807,-2.1319,19.89,4.357541899441353,4.357541899441353,2.0
2026-07-08,002329,皇氏集团,1.2232415902140747,False,True,15,0.4606283436696083,False,True,6,43.405460000000005,False,True,15.0,source_v004a_model_rank,True,3.0,selected_false_positive,selected_false_positive,False,True,False,False,False,False,False,False,True,final_top3,False,53.75,75.0,78.0,8.0716,11.1111,0.5469,3.29,5.015673981191204,5.015673981191204,2.0
2026-07-08,002403,爱仕达,2.1363173957273496,False,False,62,0.3967028272000968,False,False,57,22.78358,False,False,,,False,,not_selected_non_hit,not_selected_non_hit,False,False,False,False,False,False,False,False,False,,False,42.0,40.0,70.0,-0.1128,0.5025,-2.13,9.8,2.8057721038208916,2.8057721038208916,2.0
2026-07-08,002457,青龙管业,8.839050131926118,True,True,13,0.46157830809722,False,True,8,41.504525,False,True,13.0,source_v004a_model_rank,False,,missed_hit_in_candidate_pool,missed_hit_in_candidate_pool|v005_dropped_v004a_hit|v005_dropped_v002_hit,False,False,True,False,False,False,True,True,False,,True,45.75,75.0,100.0,6.6043,16.7069,2.6028,15.48,1.2983307176487324,1.2983307176487324,2.0
2026-07-08,002585,双星新材,0.3714020427112441,False,False,61,0.3972876685141632,False,False,71,18.583575,False,False,,,False,,not_selected_non_hit,not_selected_non_hit,False,False,False,False,False,False,False,False,False,,False,39.0,40.0,46.0,-13.8003,-13.3819,-2.9526,10.35,4.951456310679614,4.951456310679614,1.0
2026-07-08,002607,中公教育,-2.5252525252525304,False,False,34,0.4286235825768109,False,False,26,33.0626,False,False,,,False,,not_selected_non_hit,not_selected_non_hit,False,False,False,False,False,False,False,False,False,,False,47.75,65.0,84.0,4.4776,4.9923,-2.9063,2.04,3.5006384407621827,3.5006384407621827,2.0
2026-07-08,002767,先锋电子,6.094808126410856,False,False,50,0.4044160556571331,False,False,55,22.87939,False,False,,,False,,not_selected_non_hit,not_selected_non_hit,False,False,False,False,False,False,False,False,False,,False,37.0,40.0,86.0,-0.4978,2.4203,-0.8465,17.9,4.289821736630239,4.289821736630239,2.0
2026-07-08,002774,快意电梯,16.56891495601174,True,False,73,0.3853677372108594,False,False,70,19.71044,False,False,,,False,,missed_hit_outside_candidate_pool,missed_hit_outside_candidate_pool,False,False,False,True,False,False,False,False,False,,False,39.0,40.0,40.0,-5.5416,-5.5416,-2.6893,13.5,4.666666666666663,4.666666666666663,2.0
2026-07-08,002793,罗欣药业,6.741573033707859,False,False,20,0.4523509916651286,False,False,17,36.26505,False,False,,,False,,not_selected_non_hit,not_selected_non_hit,False,False,False,False,False,False,False,False,False,,False,53.75,75.0,78.0,6.7362,7.2106,-1.5978,4.52,4.547481052162294,4.547481052162294,2.0
2026-07-08,002815,崇达技术,20.729366602687136,True,False,63,0.3954462702163325,False,False,42,27.78028,False,False,,,False,,missed_hit_outside_candidate_pool,missed_hit_outside_candidate_pool,False,False,False,True,False,False,False,False,False,,False,44.5,40.0,58.0,-7.5532,-4.1087,0.2424,15.59,3.4750103596197235,3.4750103596197235,2.0
2026-07-08,002828,贝肯能源,9.326845093268442,True,False,19,0.4560335253605778,False,True,7,42.605375,False,False,,,False,,missed_hit_outside_candidate_pool,missed_hit_outside_candidate_pool|v005_dropped_v002_hit,False,False,False,True,False,False,False,True,False,,False,47.25,75.0,84.0,6.5197,14.0496,1.9798,12.42,6.495987456078578,6.495987456078578,2.0
2026-07-08,002860,星帅尔,7.9365079365079305,True,False,32,0.4296687379598773,False,False,31,32.13247,False,False,,,False,,missed_hit_outside_candidate_pool,missed_hit_outside_candidate_pool,False,False,False,True,False,False,False,False,False,,False,51.25,65.0,50.0,3.4142,3.4142,-1.8708,15.72,4.707379134860057,4.707379134860057,2.0
2026-07-08,002919,名臣健康,-1.7964071856287345,False,False,56,0.4005875396191774,False,False,58,22.77112,False,False,,,False,,not_selected_non_hit,not_selected_non_hit,False,False,False,False,False,False,False,False,False,,False,42.5,40.0,50.0,-0.498,-0.1459,-1.3446,19.85,4.004044489383207,4.004044489383207,2.0
2026-07-08,002989,中天精装,12.405609492988145,True,False,72,0.3881018879646829,False,False,73,16.056225,False,False,,,False,,missed_hit_outside_candidate_pool,missed_hit_outside_candidate_pool,False,False,False,True,False,False,False,False,False,,False,39.0,40.0,40.0,-16.2993,-15.7444,-1.2636,27.33,4.75138121546963,4.75138121546963,2.0
2026-07-08,003004,声迅股份,10.404838311528032,True,True,3,0.4856395721726536,True,True,15,38.795735,False,True,3.0,source_v004a_model_rank,False,,missed_hit_in_candidate_pool,missed_hit_in_candidate_pool|v005_dropped_v004a_hit|v005_dropped_v002_hit,False,False,True,False,False,False,True,True,False,v004a_top3,True,56.75,75.0,70.0,6.3545,6.5003,-2.4462,80.33,2.994745785407571,2.994745785407571,1.0
2026-07-08,600120,浙江东方,0.2053388090349051,False,False,23,0.4452424082883882,False,False,16,36.96117999999999,False,False,,,False,,not_selected_non_hit,not_selected_non_hit,False,False,False,False,False,False,False,False,False,,False,39.25,65.0,100.0,4.5636,12.0957,1.6649,5.06,3.8135593220339103,3.8135593220339103,1.0
2026-07-08,600172,黄河旋风,14.121037463976949,True,False,36,0.4263981860508654,False,False,39,29.101675,False,False,,,False,,missed_hit_outside_candidate_pool,missed_hit_outside_candidate_pool,False,False,False,True,False,False,False,False,False,,False,50.75,55.0,64.0,0.5413,1.2899,-5.4289,17.59,2.394043528064138,2.394043528064138,2.0
2026-07-08,600206,有研新材,16.072398190045245,True,False,39,0.4166598429778818,False,False,60,22.477965,False,False,,,False,,missed_hit_outside_candidate_pool,missed_hit_outside_candidate_pool,False,False,False,True,False,False,False,False,False,,False,44.5,40.0,54.0,-8.6993,-7.3607,-3.8287,53.98,2.6165413533834503,2.6165413533834503,1.0
2026-07-08,600215,派斯林,-0.1615508885298933,False,False,67,0.3901458907012937,False,False,59,22.648715,False,False,,,False,,not_selected_non_hit,not_selected_non_hit,False,False,False,False,False,False,False,False,False,,False,42.5,40.0,50.0,-1.6259,-0.312,-0.587,6.07,4.006677796327218,4.006677796327218,2.0
2026-07-08,600241,时代万恒,1.3493253373313419,False,False,66,0.3919839201271609,False,False,56,22.835645,False,False,,,False,,not_selected_non_hit,not_selected_non_hit,False,False,False,False,False,False,False,False,False,,False,43.0,40.0,70.0,-4.1505,-2.3589,-0.1863,6.54,4.361370716510904,4.361370716510904,2.0
2026-07-08,600246,万通发展,10.072314049586772,True,False,17,0.459134359499967,False,False,24,34.13523,False,False,,,False,,missed_hit_outside_candidate_pool,missed_hit_outside_candidate_pool,False,False,False,True,False,False,False,False,False,,False,50.75,55.0,66.0,1.0234,7.2961,-0.7253,19.5,2.8322440087146017,2.8322440087146017,1.0
2026-07-08,600360,华微电子,18.61092380310181,True,False,22,0.4458644553896543,False,False,29,32.365855,False,False,,,False,,missed_hit_outside_candidate_pool,missed_hit_outside_candidate_pool,False,False,False,True,False,False,False,False,False,,False,49.25,55.0,64.0,1.0101,4.2842,-0.1764,14.97,4.137931034482767,4.137931034482767,1.0
2026-07-08,600470,六国化工,10.334346504559267,True,False,59,0.3980595691609854,False,False,38,29.476555,False,False,,,False,,missed_hit_outside_candidate_pool,missed_hit_outside_candidate_pool,False,False,False,True,False,False,False,False,False,,False,41.0,40.0,54.0,-0.6623,5.3295,1.0093,6.68,4.972232083881045,4.972232083881045,2.0
2026-07-08,600791,京能置业,9.54248366013073,True,False,71,0.3882807822805536,False,False,72,18.331125,False,False,,,False,,missed_hit_outside_candidate_pool,missed_hit_outside_candidate_pool,False,False,False,True,False,False,False,False,False,,False,45.5,40.0,56.0,-15.9825,-15.9825,-2.8696,7.47,2.954474541670349,2.954474541670349,2.0
2026-07-08,600793,宜宾纸业,0.6857142857142895,False,True,2,0.5028226527759194,True,True,2,48.056815,True,True,2.0,source_v004a_model_rank,False,,not_selected_non_hit,not_selected_non_hit,False,False,False,False,False,False,False,False,True,v004a_top3,False,51.25,95.0,94.0,19.9049,25.0679,-0.2703,18.41,4.588671330804961,4.588671330804961,1.0
2026-07-08,601101,昊华能源,-3.141361256544517,False,False,27,0.4348608048029757,False,False,23,34.54353,False,False,,,False,,not_selected_non_hit,not_selected_non_hit,False,False,False,False,False,False,False,False,False,,False,47.25,65.0,84.0,3.391,6.8869,-0.7483,12.23,4.2265426880811585,4.2265426880811585,2.0
2026-07-08,601121,宝地矿业,-0.911854103343468,False,True,10,0.4663100572768828,False,True,12,40.63183,False,True,10.0,source_v004a_model_rank,False,,not_selected_non_hit,not_selected_non_hit,False,False,False,False,False,False,False,False,False,,False,47.75,65.0,84.0,5.9614,14.5256,2.5463,6.82,2.535657686212356,2.535657686212356,1.0
2026-07-08,601368,绿城水务,-1.3513513513513598,False,False,53,0.4017252068065982,False,False,37,29.95858,False,False,,,False,,not_selected_non_hit,not_selected_non_hit,False,False,False,False,False,False,False,False,False,,False,43.5,40.0,78.0,-0.3476,3.1286,0.0199,4.45,3.674418604651164,3.674418604651164,2.0
2026-07-08,603020,爱普股份,7.2188449848024305,True,False,69,0.3895216549390513,False,False,54,22.935665000000004,False,False,,,False,,missed_hit_outside_candidate_pool,missed_hit_outside_candidate_pool,False,False,False,True,False,False,False,False,False,,False,41.0,40.0,84.0,-8.9933,-5.1267,-0.1676,13.25,4.423653199054445,4.423653199054445,2.0
2026-07-08,603065,宿迁联盛,5.730223123732259,False,False,26,0.4353444494722931,False,False,33,31.206700000000005,False,False,,,False,,not_selected_non_hit,not_selected_non_hit,False,False,False,False,False,False,False,False,False,,False,41.0,40.0,84.0,-2.4488,9.7201,3.7265,21.91,3.952772073921973,3.952772073921973,1.0
2026-07-08,603067,振华股份,2.368667917448408,False,False,60,0.3978488475600165,False,False,67,20.866775,False,False,,,False,,not_selected_non_hit,not_selected_non_hit,False,False,False,False,False,False,False,False,False,,False,44.5,40.0,56.0,-8.1427,-7.4341,-1.6996,41.8,3.6644165863066513,3.6644165863066513,2.0
2026-07-08,603090,宏盛股份,0.3938558487593502,False,False,55,0.4006090236728006,False,False,65,21.055955,False,False,,,False,,not_selected_non_hit,not_selected_non_hit,False,False,False,False,False,False,False,False,False,,False,40.0,40.0,40.0,-2.8079,-2.6143,-1.9786,50.29,3.9250846782227455,3.9250846782227455,2.0
2026-07-08,603118,共进股份,8.496240601503757,True,True,9,0.468775136453728,False,True,5,44.90576,False,True,9.0,source_v004a_model_rank,False,,missed_hit_in_candidate_pool,missed_hit_in_candidate_pool|v005_dropped_v004a_hit|v005_dropped_v002_hit,False,False,True,False,False,False,True,True,False,,True,52.75,75.0,84.0,6.4804,15.956,1.9823,14.44,3.3506731946144397,3.3506731946144397,2.0
2026-07-08,603155,新亚强,10.210444271239293,True,False,54,0.4010328475443831,False,False,63,21.748245,False,False,,,False,,missed_hit_outside_candidate_pool,missed_hit_outside_candidate_pool,False,False,False,True,False,False,False,False,False,,False,45.5,40.0,50.0,-6.5749,-5.9526,-2.1685,25.69,3.0564263322883978,3.0564263322883978,2.0
2026-07-08,603178,圣龙股份,2.2302591922845227,False,True,8,0.4692377847406379,False,True,14,40.201595000000005,False,True,8.0,source_v004a_model_rank,False,,not_selected_non_hit,not_selected_non_hit,False,False,False,False,False,False,False,False,False,,False,44.75,65.0,92.0,3.3817,18.7592,5.5524,17.84,1.7128139085640814,1.7128139085640814,1.0
2026-07-08,603201,常润股份,-0.7806955287437911,False,False,68,0.3897252108459846,False,False,69,20.18816,False,False,,,False,,not_selected_non_hit,not_selected_non_hit,False,False,False,False,False,False,False,False,False,,False,40.0,40.0,48.0,-5.41,-5.0017,-1.9528,13.96,4.748201438848931,4.748201438848931,2.0
2026-07-08,603211,晋拓股份,8.22857142857143,True,False,45,0.4109488738128511,False,False,50,23.314825,False,False,,,False,,missed_hit_outside_candidate_pool,missed_hit_outside_candidate_pool,False,False,False,True,False,False,False,False,False,,False,44.0,40.0,74.0,-0.5373,-0.0229,-3.3782,34.98,4.031678686091045,4.031678686091045,2.0
2026-07-08,603221,爱丽家居,2.777777777777768,False,False,21,0.4462624161973416,False,False,28,32.779675,False,False,,,False,,not_selected_non_hit,not_selected_non_hit,False,False,False,False,False,False,False,False,False,,False,49.25,65.0,84.0,5.5493,8.5489,-0.4693,11.58,3.6213613385050136,3.6213613385050136,2.0
2026-07-08,603268,松发股份,2.225591267434801,False,False,18,0.4587687015176868,False,True,11,40.905545,False,False,,,False,,not_selected_non_hit,not_selected_non_hit,False,False,False,False,False,False,False,False,False,,False,50.25,65.0,74.0,4.8907,12.3222,1.0612,167.77,4.480755728601515,4.480755728601515,2.0
2026-07-08,603269,海鸥股份,0.5733944954128267,False,False,64,0.3947637709993808,False,False,66,20.95383,False,False,,,False,,not_selected_non_hit,not_selected_non_hit,False,False,False,False,False,False,False,False,False,,False,44.0,40.0,70.0,-7.0506,-6.9429,-3.673,17.29,4.226983207874935,4.226983207874935,2.0
2026-07-08,603356,华菱精工,-0.9400705052878933,False,False,40,0.4165235852820652,False,False,47,25.750515,False,False,,,False,,not_selected_non_hit,not_selected_non_hit,False,False,False,False,False,False,False,False,False,,False,44.0,40.0,50.0,-3.9687,-0.8709,-0.9877,16.96,4.25554915339077,4.25554915339077,1.0
2026-07-08,603375,盛景微,3.1256511773286144,False,False,46,0.4087820132811268,False,False,43,27.0155,False,False,,,False,,not_selected_non_hit,not_selected_non_hit,False,False,False,False,False,False,False,False,False,,False,46.0,40.0,72.0,-6.3856,-1.0333,0.2364,47.89,0.0,0.0,2.0
2026-07-08,603477,巨星农牧,3.5598705501618255,False,False,31,0.4301974304436567,False,False,30,32.23298,False,False,,,False,,not_selected_non_hit,not_selected_non_hit,False,False,False,False,False,False,False,False,False,,False,51.25,65.0,50.0,3.6252,3.7585,-2.3915,15.57,3.858520900321527,3.858520900321527,2.0
2026-07-08,603722,阿科力,3.579474342928668,False,False,33,0.4295003820181438,False,False,40,28.494025,False,False,,,False,,not_selected_non_hit,not_selected_non_hit,False,False,False,False,False,False,False,False,False,,False,42.75,55.0,88.0,1.1915,4.164,-0.5065,41.0,3.4614910472702265,3.4614910472702265,2.0
2026-07-08,603757,大元泵业,14.780865081638517,True,False,47,0.4075322962271341,False,False,61,22.21053,False,False,,,False,,missed_hit_outside_candidate_pool,missed_hit_outside_candidate_pool,False,False,False,True,False,False,False,False,False,,False,45.0,40.0,64.0,-4.7126,-4.5629,-4.3687,70.11,4.732810793774744,4.732810793774744,2.0
2026-07-08,603815,交建股份,4.3939393939393945,False,True,7,0.469753172374186,False,True,1,48.17734,True,True,7.0,source_v004a_model_rank,False,,not_selected_non_hit,not_selected_non_hit,False,False,False,False,False,False,False,False,False,,False,49.75,95.0,94.0,12.0996,18.1495,1.6264,6.64,3.7101889857322323,3.7101889857322323,2.0
2026-07-08,603819,神力股份,5.891238670694854,False,True,12,0.4627058147489248,False,True,9,41.05584,False,True,12.0,source_v004a_model_rank,True,2.0,selected_false_positive,selected_false_positive,False,True,False,False,False,False,False,False,True,final_top3,False,54.25,75.0,78.0,6.6152,9.9803,0.0105,13.4,3.4323123368649844,3.4323123368649844,2.0
2026-07-08,603823,百合花,5.013077593722759,False,True,1,0.5047480942563183,True,True,4,45.6407,False,True,1.0,source_v004a_model_rank,False,,not_selected_non_hit,not_selected_non_hit,False,False,False,False,False,False,False,False,True,v004a_top3,False,56.25,75.0,82.0,8.8684,16.5147,1.1291,69.79,0.9661094924091618,0.9661094924091618,1.0
2026-07-08,603903,中持股份,3.5781544256120457,False,True,6,0.4705913451318889,False,True,10,41.016115,False,True,6.0,source_v004a_model_rank,False,,not_selected_non_hit,not_selected_non_hit,False,False,False,False,False,False,False,False,False,,False,52.75,75.0,84.0,7.8029,13.9159,-0.0603,15.84,3.3973412112259904,3.3973412112259904,2.0
2026-07-08,603931,格林达,12.091142962146261,True,False,58,0.3982107311071369,False,False,64,21.274919999999995,False,False,,,False,,missed_hit_outside_candidate_pool,missed_hit_outside_candidate_pool,False,False,False,True,False,False,False,False,False,,False,43.0,40.0,56.0,-5.1324,-5.0261,-2.8374,53.59,3.035699339191611,3.035699339191611,2.0
2026-07-08,605060,XD联德股,-0.1681614349775873,False,False,44,0.4112061225087481,False,False,51,23.266125,False,False,,,False,,not_selected_non_hit,not_selected_non_hit,False,False,False,False,False,False,False,False,False,,False,45.0,40.0,64.0,-2.5341,-0.5188,-1.4312,53.31,4.690790733295036,4.690790733295036,2.0
2026-07-08,605118,力鼎光电,-3.452926895063402,False,True,11,0.465123163281276,False,False,25,33.520335,False,True,11.0,source_v004a_model_rank,False,,not_selected_non_hit,not_selected_non_hit,False,False,False,False,False,False,False,False,False,,False,49.25,65.0,78.0,4.3349,4.763,-1.6877,36.71,5.420519351087982,5.420519351087982,1.0
2026-07-08,605196,华通线缆,3.8987971795935383,False,False,57,0.3988113711484315,False,False,68,20.314734999999995,False,False,,,False,,not_selected_non_hit,not_selected_non_hit,False,False,False,False,False,False,False,False,False,,False,45.5,40.0,60.0,-10.3367,-10.2988,-2.5996,23.63,3.6833192209991372,3.6833192209991372,2.0
2026-07-08,605377,华旺科技,6.589958158995812,False,False,52,0.4022718314993254,False,False,41,28.09714,False,False,,,False,,not_selected_non_hit,not_selected_non_hit,False,False,False,False,False,False,False,False,False,,False,44.5,40.0,58.0,-0.5304,2.6085,0.6316,9.48,2.5081261000493793,2.5081261000493793,2.0
2026-07-08,605399,晨光新材,2.042253521126769,False,False,37,0.4255031182522449,False,False,48,25.44033,False,False,,,False,,not_selected_non_hit,not_selected_non_hit,False,False,False,False,False,False,False,False,False,,False,45.0,40.0,62.0,-0.3774,0.3347,-0.9253,14.09,4.238505747126453,4.238505747126453,1.0
