stock_signal,regime_variable,month,regime_state,split_threshold_all_60_dates,split_status,month_signal_dates,state_signal_dates,state_date_share_in_month,informative_date_count,pair_count,within_date_pair_concordance,pooled_pair_concordance,mean_pair_difference,median_pair_difference,raw_direction,target_rows,loss_rows,mean_signal_target7,mean_signal_loss,median_signal_target7,median_signal_loss
d1_afternoon_return,board2_count,JULY,ALL,7.0,USABLE_FIXED_MEDIAN_SPLIT,21,21,1.0,12,105,0.4599206349206349,0.4380952380952381,-0.00379390726231258,-0.008966068473014,T7_LOW,42,56,-0.008915523068808807,-0.009881984242444937,-0.0103868026561093,-0.0044901317057571
d1_afternoon_return,board2_count,JULY,HIGH_REGIME,7.0,USABLE_FIXED_MEDIAN_SPLIT,21,9,0.42857142857142855,6,42,0.5722222222222222,0.4523809523809524,-0.007310225177644059,-0.008618535128044247,T7_HIGH,13,24,-0.018871659763814563,-0.00976746443168468,-0.0132370637785801,-0.0044901317057571
d1_afternoon_return,board2_count,JULY,LOW_REGIME,7.0,USABLE_FIXED_MEDIAN_SPLIT,21,12,0.5714285714285714,6,63,0.34761904761904766,0.42857142857142855,-0.0014496953187582596,-0.011250356836997003,T7_LOW,29,32,-0.004452427308978641,-0.00996787410051513,0.0,-0.0056955854732102995
d1_afternoon_return,board2_count,JUNE,ALL,7.0,USABLE_FIXED_MEDIAN_SPLIT,21,21,1.0,16,110,0.4215277777777778,0.45454545454545453,-0.0029412864048266258,-0.002698379513980099,T7_LOW,59,45,0.0014526900889801281,0.0005946144808138615,0.0,0.0030734842134674
d1_afternoon_return,board2_count,JUNE,HIGH_REGIME,7.0,USABLE_FIXED_MEDIAN_SPLIT,21,10,0.47619047619047616,7,61,0.373015873015873,0.32786885245901637,-0.014258387124404477,-0.0124148978774529,T7_LOW,39,19,0.005047356084243202,0.016670136872901493,0.0016,0.0124148978774529
d1_afternoon_return,board2_count,JUNE,LOW_REGIME,7.0,USABLE_FIXED_MEDIAN_SPLIT,21,11,0.5238095238095238,9,49,0.4592592592592592,0.6122448979591837,0.011147349184851925,0.008392954269695801,T7_LOW,20,26,-0.0055569086017828685,-0.011152882651865561,-0.0024715066551773,-0.00673059839936535
d1_afternoon_return,board2_count,MAY,ALL,7.0,USABLE_FIXED_MEDIAN_SPLIT,18,18,1.0,12,106,0.5343055555555556,0.5471698113207547,0.0007025887048005948,0.00171861621687045,T7_HIGH,58,30,-0.005326805607664788,-0.0052394607511454154,-0.0045561077507396,-0.0064836551162239
d1_afternoon_return,board2_count,MAY,HIGH_REGIME,7.0,USABLE_FIXED_MEDIAN_SPLIT,18,10,0.5555555555555556,7,72,0.5207142857142857,0.4861111111111111,-0.0015283095657991513,-0.0011696992620913015,T7_HIGH,33,22,-0.00036964731113076337,-0.0022836186224876364,-0.0030792917628945,-0.0006127450980392
d1_afternoon_return,board2_count,MAY,LOW_REGIME,7.0,USABLE_FIXED_MEDIAN_SPLIT,18,8,0.4444444444444444,5,34,0.5533333333333333,0.6764705882352942,0.005426843866070648,0.0153020571129403,T7_HIGH,25,8,-0.011870254559089702,-0.013368026604954314,-0.0049857549857549,-0.02134862295403305
d1_afternoon_return,board3_count,JULY,ALL,2.0,USABLE_FIXED_MEDIAN_SPLIT,21,21,1.0,12,105,0.4599206349206349,0.4380952380952381,-0.00379390726231258,-0.008966068473014,T7_LOW,42,56,-0.008915523068808807,-0.009881984242444937,-0.0103868026561093,-0.0044901317057571
d1_afternoon_return,board3_count,JULY,HIGH_REGIME,2.0,USABLE_FIXED_MEDIAN_SPLIT,21,4,0.19047619047619047,1,4,0.75,0.75,0.009086245109884875,0.010149028233924051,T7_HIGH,1,12,0.0150093808630393,-0.012389973769530395,0.0150093808630393,-0.01242071429792615
d1_afternoon_return,board3_count,JULY,LOW_REGIME,2.0,USABLE_FIXED_MEDIAN_SPLIT,21,17,0.8095238095238095,11,101,0.4335497835497835,0.42574257425742573,-0.004304012306756043,-0.009073440499265801,T7_LOW,41,44,-0.009499057311049006,-0.00919798709869436,-0.0104546559688791,-0.0014647548430334499
d1_afternoon_return,board3_count,JUNE,ALL,2.0,USABLE_FIXED_MEDIAN_SPLIT,21,21,1.0,16,110,0.4215277777777778,0.45454545454545453,-0.0029412864048266258,-0.002698379513980099,T7_LOW,59,45,0.0014526900889801281,0.0005946144808138615,0.0,0.0030734842134674
d1_afternoon_return,board3_count,JUNE,HIGH_REGIME,2.0,USABLE_FIXED_MEDIAN_SPLIT,21,6,0.2857142857142857,4,26,0.1875,0.15384615384615385,-0.029419711120571686,-0.03608547469654125,T7_LOW,25,9,-0.0008086137652839284,0.010012233375721479,-0.0014822134387351,0.0057240984544935
d1_afternoon_return,board3_count,JUNE,LOW_REGIME,2.0,USABLE_FIXED_MEDIAN_SPLIT,21,15,0.7142857142857143,12,84,0.49953703703703695,0.5476190476190477,0.005254416483380181,0.005846060048906601,T7_LOW,34,36,0.0031154135112331084,-0.0017597902429130426,0.0022983148718207,0.00012779549544454996
d1_afternoon_return,board3_count,MAY,ALL,2.0,USABLE_FIXED_MEDIAN_SPLIT,18,18,1.0,12,106,0.5343055555555556,0.5471698113207547,0.0007025887048005948,0.00171861621687045,T7_HIGH,58,30,-0.005326805607664788,-0.0052394607511454154,-0.0045561077507396,-0.0064836551162239
d1_afternoon_return,board3_count,MAY,HIGH_REGIME,2.0,USABLE_FIXED_MEDIAN_SPLIT,18,10,0.5555555555555556,7,86,0.4635714285714286,0.5,-0.0005723245112695567,-0.00039736446058200123,T7_LOW,36,24,-0.0007940930609365109,-0.0012173001260264004,-0.0030440706602082998,-0.0006127450980392
d1_afternoon_return,board3_count,MAY,LOW_REGIME,2.0,USABLE_FIXED_MEDIAN_SPLIT,18,8,0.4444444444444444,5,20,0.6333333333333334,0.75,0.006184715533902249,0.0153735276504155,T7_HIGH,22,6,-0.01274397159322015,-0.021328103251621485,-0.0049773495425669,-0.02134862295403305
d1_afternoon_return,board4plus_count,JULY,ALL,1.0,USABLE_FIXED_MEDIAN_SPLIT,21,21,1.0,12,105,0.4599206349206349,0.4380952380952381,-0.00379390726231258,-0.008966068473014,T7_LOW,42,56,-0.008915523068808807,-0.009881984242444937,-0.0103868026561093,-0.0044901317057571
d1_afternoon_return,board4plus_count,JULY,HIGH_REGIME,1.0,USABLE_FIXED_MEDIAN_SPLIT,21,7,0.3333333333333333,4,40,0.4089285714285714,0.25,-0.021283517745870097,-0.0212047658897431,T7_LOW,11,18,-0.02842626998246496,-0.005686508767375706,-0.020408163265306,0.0005358203119342501
d1_afternoon_return,board4plus_count,JULY,LOW_REGIME,1.0,USABLE_FIXED_MEDIAN_SPLIT,21,14,0.6666666666666666,8,65,0.4854166666666666,0.5538461538461539,0.006968929958338199,0.0104139546992971,T7_LOW,31,38,-0.001992354809124364,-0.011869314730635627,0.0,-0.00872096233593395
d1_afternoon_return,board4plus_count,JUNE,ALL,1.0,USABLE_FIXED_MEDIAN_SPLIT,21,21,1.0,16,110,0.4215277777777778,0.45454545454545453,-0.0029412864048266258,-0.002698379513980099,T7_LOW,59,45,0.0014526900889801281,0.0005946144808138615,0.0,0.0030734842134674
d1_afternoon_return,board4plus_count,JUNE,HIGH_REGIME,1.0,USABLE_FIXED_MEDIAN_SPLIT,21,8,0.38095238095238093,6,55,0.4296296296296296,0.5636363636363636,0.006343327197614422,0.005910344827586,T7_LOW,18,23,0.0027983498008395894,-0.0032235698669198587,0.0008,-0.0032310177705978
d1_afternoon_return,board4plus_count,JUNE,LOW_REGIME,1.0,USABLE_FIXED_MEDIAN_SPLIT,21,13,0.6190476190476191,10,55,0.41666666666666663,0.34545454545454546,-0.01222590000726767,-0.0156435566458344,T7_LOW,41,22,0.0008619126545052409,0.004586352662535477,0.0,0.00805139004071095
d1_afternoon_return,board4plus_count,MAY,ALL,1.0,USABLE_FIXED_MEDIAN_SPLIT,18,18,1.0,12,106,0.5343055555555556,0.5471698113207547,0.0007025887048005948,0.00171861621687045,T7_HIGH,58,30,-0.005326805607664788,-0.0052394607511454154,-0.0045561077507396,-0.0064836551162239
d1_afternoon_return,board4plus_count,MAY,HIGH_REGIME,1.0,USABLE_FIXED_MEDIAN_SPLIT,18,12,0.6666666666666666,9,56,0.4972222222222222,0.6071428571428571,0.0014412971065900662,0.0032144951511647,T7_LOW,35,18,-0.005591589992562281,-0.004913645057791249,-0.0017301038062285,-0.00858587189815645
d1_afternoon_return,board4plus_count,MAY,LOW_REGIME,1.0,USABLE_FIXED_MEDIAN_SPLIT,18,6,0.3333333333333333,3,50,0.6455555555555555,0.48,-0.00012476470520361187,-0.005372873698906,T7_HIGH,23,12,-0.00492387284803817,-0.005728184291176667,-0.0048426150121064,-0.0064836551162239
d1_afternoon_return,candidate_cohort_d1_afternoon_median,JULY,ALL,-0.00524690298891595,USABLE_FIXED_MEDIAN_SPLIT,21,21,1.0,12,105,0.4599206349206349,0.4380952380952381,-0.00379390726231258,-0.008966068473014,T7_LOW,42,56,-0.008915523068808807,-0.009881984242444937,-0.0103868026561093,-0.0044901317057571
d1_afternoon_return,candidate_cohort_d1_afternoon_median,JULY,HIGH_REGIME,-0.00524690298891595,USABLE_FIXED_MEDIAN_SPLIT,21,8,0.38095238095238093,3,14,0.3333333333333333,0.35714285714285715,-0.0006718729316013422,-0.015466981174248048,T7_LOW,16,12,0.0062073094859669,0.0030872670869988073,0.01302155806334945,0.00727081138040035
d1_afternoon_return,candidate_cohort_d1_afternoon_median,JULY,LOW_REGIME,-0.00524690298891595,USABLE_FIXED_MEDIAN_SPLIT,21,13,0.6190476190476191,9,91,0.5021164021164021,0.45054945054945056,-0.004274220236268155,-0.008271001783074494,T7_HIGH,26,44,-0.0182218815640554,-0.013419052786838687,-0.01999840092746205,-0.01266627700871795
d1_afternoon_return,candidate_cohort_d1_afternoon_median,JUNE,ALL,-0.00524690298891595,USABLE_FIXED_MEDIAN_SPLIT,21,21,1.0,16,110,0.4215277777777778,0.45454545454545453,-0.0029412864048266258,-0.002698379513980099,T7_LOW,59,45,0.0014526900889801281,0.0005946144808138615,0.0,0.0030734842134674
d1_afternoon_return,candidate_cohort_d1_afternoon_median,JUNE,HIGH_REGIME,-0.00524690298891595,USABLE_FIXED_MEDIAN_SPLIT,21,14,0.6666666666666666,11,90,0.37828282828282833,0.4,-0.009391771887967724,-0.0077377876994129,T7_LOW,38,35,0.004445117017925014,0.00971859898623869,0.0022983148718207,0.0057240984544935
d1_afternoon_return,candidate_cohort_d1_afternoon_median,JUNE,LOW_REGIME,-0.00524690298891595,USABLE_FIXED_MEDIAN_SPLIT,21,7,0.3333333333333333,5,20,0.5166666666666667,0.7,0.026085898269308315,0.03281882323649375,T7_HIGH,21,10,-0.003962177687205857,-0.031339331288173025,-0.0085549132947976,-0.0276166189080587
d1_afternoon_return,candidate_cohort_d1_afternoon_median,MAY,ALL,-0.00524690298891595,USABLE_FIXED_MEDIAN_SPLIT,18,18,1.0,12,106,0.5343055555555556,0.5471698113207547,0.0007025887048005948,0.00171861621687045,T7_HIGH,58,30,-0.005326805607664788,-0.0052394607511454154,-0.0045561077507396,-0.0064836551162239
d1_afternoon_return,candidate_cohort_d1_afternoon_median,MAY,HIGH_REGIME,-0.00524690298891595,USABLE_FIXED_MEDIAN_SPLIT,18,8,0.4444444444444444,5,60,0.4906666666666667,0.5833333333333334,0.003623372191088459,0.0032144951511647,T7_LOW,26,15,0.005705115331304058,0.0032662064462012797,0.0054386875867542,0.0052287581699346
d1_afternoon_return,candidate_cohort_d1_afternoon_median,MAY,LOW_REGIME,-0.00524690298891595,USABLE_FIXED_MEDIAN_SPLIT,18,10,0.5555555555555556,7,46,0.5654761904761905,0.5,-0.003107128886009661,-0.00039736446058200123,T7_HIGH,32,15,-0.014290241370576976,-0.013745127948492112,-0.01330246913580235,-0.0151753008895865
d1_afternoon_return,candidate_cohort_d1_close_vwap_median,JULY,ALL,-0.00574263957913635,USABLE_FIXED_MEDIAN_SPLIT,21,21,1.0,12,105,0.4599206349206349,0.4380952380952381,-0.00379390726231258,-0.008966068473014,T7_LOW,42,56,-0.008915523068808807,-0.009881984242444937,-0.0103868026561093,-0.0044901317057571
d1_afternoon_return,candidate_cohort_d1_close_vwap_median,JULY,HIGH_REGIME,-0.00574263957913635,USABLE_FIXED_MEDIAN_SPLIT,21,9,0.42857142857142855,5,25,0.36666666666666664,0.36,-0.007252547849827563,-0.0162322015334062,T7_LOW,20,17,0.004699761580503175,0.005870240103735212,0.00840264162625125,0.0076923076923076
d1_afternoon_return,candidate_cohort_d1_close_vwap_median,JULY,LOW_REGIME,-0.00574263957913635,USABLE_FIXED_MEDIAN_SPLIT,21,12,0.5714285714285714,7,80,0.5265306122448979,0.4625,-0.002713082078714148,-0.004710138976954099,T7_HIGH,22,39,-0.021293054568183336,-0.016748338444626032,-0.020767461914343102,-0.0135818908122502
d1_afternoon_return,candidate_cohort_d1_close_vwap_median,JUNE,ALL,-0.00574263957913635,USABLE_FIXED_MEDIAN_SPLIT,21,21,1.0,16,110,0.4215277777777778,0.45454545454545453,-0.0029412864048266258,-0.002698379513980099,T7_LOW,59,45,0.0014526900889801281,0.0005946144808138615,0.0,0.0030734842134674
d1_afternoon_return,candidate_cohort_d1_close_vwap_median,JUNE,HIGH_REGIME,-0.00574263957913635,USABLE_FIXED_MEDIAN_SPLIT,21,13,0.6190476190476191,9,74,0.3141975308641975,0.3783783783783784,-0.012068920558599459,-0.009637740607513899,T7_LOW,33,31,0.0024543111823580187,0.006127741733856869,0.0016,0.003802672147996
d1_afternoon_return,candidate_cohort_d1_close_vwap_median,JUNE,LOW_REGIME,-0.00574263957913635,USABLE_FIXED_MEDIAN_SPLIT,21,8,0.38095238095238093,7,36,0.5595238095238095,0.6111111111111112,0.015821072689039754,0.01007439196077605,T7_HIGH,26,14,0.00018140177815434202,-0.01165731015092423,-0.0002210433244916,-0.0186493095512082
d1_afternoon_return,candidate_cohort_d1_close_vwap_median,MAY,ALL,-0.00574263957913635,USABLE_FIXED_MEDIAN_SPLIT,18,18,1.0,12,106,0.5343055555555556,0.5471698113207547,0.0007025887048005948,0.00171861621687045,T7_HIGH,58,30,-0.005326805607664788,-0.0052394607511454154,-0.0045561077507396,-0.0064836551162239
d1_afternoon_return,candidate_cohort_d1_close_vwap_median,MAY,HIGH_REGIME,-0.00574263957913635,USABLE_FIXED_MEDIAN_SPLIT,18,8,0.4444444444444444,3,33,0.4511111111111112,0.5454545454545454,0.004917708738526635,0.0016267583906819996,T7_LOW,31,8,0.0006460437056348418,0.0021103676704971874,-0.0030088495575221,0.0106904471468828
d1_afternoon_return,candidate_cohort_d1_close_vwap_median,MAY,LOW_REGIME,-0.00574263957913635,USABLE_FIXED_MEDIAN_SPLIT,18,10,0.5555555555555556,9,73,0.5620370370370371,0.547945205479452,-0.001202876515924874,0.0020812012901226,T7_HIGH,27,22,-0.012184521485897699,-0.007912125631742727,-0.0081903276131045,-0.0135434811872514
d1_afternoon_return,candidate_cohort_d1_low_close_recovery_median,JULY,ALL,0.0306360580886548,USABLE_FIXED_MEDIAN_SPLIT,21,21,1.0,12,105,0.4599206349206349,0.4380952380952381,-0.00379390726231258,-0.008966068473014,T7_LOW,42,56,-0.008915523068808807,-0.009881984242444937,-0.0103868026561093,-0.0044901317057571
d1_afternoon_return,candidate_cohort_d1_low_close_recovery_median,JULY,HIGH_REGIME,0.0306360580886548,USABLE_FIXED_MEDIAN_SPLIT,21,10,0.47619047619047616,5,48,0.45999999999999996,0.5833333333333334,0.0155412193122058,0.0151228570041478,T7_LOW,24,22,0.0007052139848182131,-0.013902967667517268,0.004388954349074,-0.0014349014827391999
d1_afternoon_return,candidate_cohort_d1_low_close_recovery_median,JULY,LOW_REGIME,0.0306360580886548,USABLE_FIXED_MEDIAN_SPLIT,21,11,0.5238095238095238,7,57,0.4598639455782313,0.3157894736842105,-0.020076119114538587,-0.0203421359322773,T7_LOW,18,34,-0.021743172473644837,-0.0072801714379863705,-0.01999840092746205,-0.00872096233593395
d1_afternoon_return,candidate_cohort_d1_low_close_recovery_median,JUNE,ALL,0.0306360580886548,USABLE_FIXED_MEDIAN_SPLIT,21,21,1.0,16,110,0.4215277777777778,0.45454545454545453,-0.0029412864048266258,-0.002698379513980099,T7_LOW,59,45,0.0014526900889801281,0.0005946144808138615,0.0,0.0030734842134674
d1_afternoon_return,candidate_cohort_d1_low_close_recovery_median,JUNE,HIGH_REGIME,0.0306360580886548,USABLE_FIXED_MEDIAN_SPLIT,21,11,0.5238095238095238,7,70,0.38015873015873014,0.44285714285714284,-0.004854887840242309,-0.0037731968970520003,T7_LOW,23,29,0.005627612941652183,0.005294168178853479,0.0081231295425394,0.003802672147996
d1_afternoon_return,candidate_cohort_d1_low_close_recovery_median,JUNE,LOW_REGIME,0.0306360580886548,USABLE_FIXED_MEDIAN_SPLIT,21,10,0.47619047619047616,9,40,0.4537037037037038,0.475,0.0004075161071508203,-0.001963848003382399,T7_LOW,36,16,-0.0012146217335603524,-0.007923326596882944,-0.00137361778831125,-0.0069859851659934994
d1_afternoon_return,candidate_cohort_d1_low_close_recovery_median,MAY,ALL,0.0306360580886548,USABLE_FIXED_MEDIAN_SPLIT,18,18,1.0,12,106,0.5343055555555556,0.5471698113207547,0.0007025887048005948,0.00171861621687045,T7_HIGH,58,30,-0.005326805607664788,-0.0052394607511454154,-0.0045561077507396,-0.0064836551162239
d1_afternoon_return,candidate_cohort_d1_low_close_recovery_median,MAY,HIGH_REGIME,0.0306360580886548,USABLE_FIXED_MEDIAN_SPLIT,18,9,0.5,3,32,0.7844444444444445,0.59375,0.00687654380062885,0.0019143055985343508,T7_HIGH,31,7,0.0011952681137815742,-0.002620924765562841,0.0015477879530505,-0.0048897658059534
d1_afternoon_return,candidate_cohort_d1_low_close_recovery_median,MAY,LOW_REGIME,0.0306360580886548,USABLE_FIXED_MEDIAN_SPLIT,18,9,0.5,9,74,0.45092592592592595,0.527027027027027,-0.0019672297150170283,0.00034532730688665095,T7_LOW,27,23,-0.012815112473029132,-0.006036406485887939,-0.0081903276131045,-0.0127737226277372
d1_afternoon_return,candidate_cohort_d1_open_close_median,JULY,ALL,-0.0208229467324091,USABLE_FIXED_MEDIAN_SPLIT,21,21,1.0,12,105,0.4599206349206349,0.4380952380952381,-0.00379390726231258,-0.008966068473014,T7_LOW,42,56,-0.008915523068808807,-0.009881984242444937,-0.0103868026561093,-0.0044901317057571
d1_afternoon_return,candidate_cohort_d1_open_close_median,JULY,HIGH_REGIME,-0.0208229467324091,USABLE_FIXED_MEDIAN_SPLIT,21,5,0.23809523809523808,5,47,0.37666666666666665,0.46808510638297873,0.008888172180830545,-0.001860135330316301,T7_LOW,15,15,-0.006318102693594313,-0.00802114548261216,-0.0109204368174727,0.0
d1_afternoon_return,candidate_cohort_d1_open_close_median,JULY,LOW_REGIME,-0.0208229467324091,USABLE_FIXED_MEDIAN_SPLIT,21,16,0.7619047619047619,7,58,0.5193877551020408,0.41379310344827586,-0.014070764742100974,-0.0094434408579279,T7_HIGH,27,41,-0.010358534388372417,-0.010562778910676442,-0.0103189493433395,-0.0104239054899235
d1_afternoon_return,candidate_cohort_d1_open_close_median,JUNE,ALL,-0.0208229467324091,USABLE_FIXED_MEDIAN_SPLIT,21,21,1.0,16,110,0.4215277777777778,0.45454545454545453,-0.0029412864048266258,-0.002698379513980099,T7_LOW,59,45,0.0014526900889801281,0.0005946144808138615,0.0,0.0030734842134674
d1_afternoon_return,candidate_cohort_d1_open_close_median,JUNE,HIGH_REGIME,-0.0208229467324091,USABLE_FIXED_MEDIAN_SPLIT,21,14,0.6666666666666666,9,67,0.3975308641975308,0.44776119402985076,-0.007128018944879207,-0.004227223264857097,T7_LOW,39,28,0.0018933146490684538,0.0018113154349990712,0.0006933851060879,0.0013355249640435
d1_afternoon_return,candidate_cohort_d1_open_close_median,JUNE,LOW_REGIME,-0.0208229467324091,USABLE_FIXED_MEDIAN_SPLIT,21,7,0.3333333333333333,7,43,0.45238095238095244,0.46511627906976744,0.0035822270878134426,-0.002255552084389,T7_LOW,20,17,0.0005934721968078908,-0.0014093635613735421,0.0,0.0057240984544935
d1_afternoon_return,candidate_cohort_d1_open_close_median,MAY,ALL,-0.0208229467324091,USABLE_FIXED_MEDIAN_SPLIT,18,18,1.0,12,106,0.5343055555555556,0.5471698113207547,0.0007025887048005948,0.00171861621687045,T7_HIGH,58,30,-0.005326805607664788,-0.0052394607511454154,-0.0045561077507396,-0.0064836551162239
d1_afternoon_return,candidate_cohort_d1_open_close_median,MAY,HIGH_REGIME,-0.0208229467324091,USABLE_FIXED_MEDIAN_SPLIT,18,11,0.6111111111111112,7,87,0.5528571428571428,0.5517241379310345,0.0018738151045552076,0.002018137154009801,T7_HIGH,39,22,-0.0033550773635814355,-0.0019414913186524773,-0.0046098685333789,-0.00204199712281285
d1_afternoon_return,candidate_cohort_d1_open_close_median,MAY,LOW_REGIME,-0.0208229467324091,USABLE_FIXED_MEDIAN_SPLIT,18,7,0.3888888888888889,5,19,0.5083333333333334,0.5263157894736842,-0.004660395336181052,0.0005090695781738014,T7_HIGH,19,8,-0.00937403726657272,-0.014308876690501002,-0.0045023469681003,-0.016640519299937748
d1_afternoon_return,final_limit_up_pool_count,JULY,ALL,71.0,USABLE_FIXED_MEDIAN_SPLIT,21,21,1.0,12,105,0.4599206349206349,0.4380952380952381,-0.00379390726231258,-0.008966068473014,T7_LOW,42,56,-0.008915523068808807,-0.009881984242444937,-0.0103868026561093,-0.0044901317057571
d1_afternoon_return,final_limit_up_pool_count,JULY,HIGH_REGIME,71.0,USABLE_FIXED_MEDIAN_SPLIT,21,8,0.38095238095238093,6,43,0.5555555555555555,0.5116279069767442,0.003167751615163438,0.0058056597684215,T7_HIGH,17,26,0.005842504473929053,-0.009292804921335437,0.0104139546992971,-0.0014349014827391999
d1_afternoon_return,final_limit_up_pool_count,JULY,LOW_REGIME,71.0,USABLE_FIXED_MEDIAN_SPLIT,21,13,0.6190476190476191,6,62,0.3642857142857143,0.3870967741935484,-0.008622154548304013,-0.0134864662704773,T7_LOW,25,30,-0.018950981797870553,-0.010392606320739834,-0.020408163265306,-0.0113969767659531
d1_afternoon_return,final_limit_up_pool_count,JUNE,ALL,71.0,USABLE_FIXED_MEDIAN_SPLIT,21,21,1.0,16,110,0.4215277777777778,0.45454545454545453,-0.0029412864048266258,-0.002698379513980099,T7_LOW,59,45,0.0014526900889801281,0.0005946144808138615,0.0,0.0030734842134674
d1_afternoon_return,final_limit_up_pool_count,JUNE,HIGH_REGIME,71.0,USABLE_FIXED_MEDIAN_SPLIT,21,12,0.5714285714285714,10,69,0.41944444444444445,0.4492753623188406,0.0003847283219483246,-0.0029106322047001004,T7_LOW,34,27,0.004318839231059613,0.006698804453442747,0.0008,0.0103786816269284
d1_afternoon_return,final_limit_up_pool_count,JUNE,LOW_REGIME,71.0,USABLE_FIXED_MEDIAN_SPLIT,21,9,0.42857142857142855,6,41,0.425,0.4634146341463415,-0.008538725823057638,-0.0014415691835047012,T7_LOW,25,18,-0.0024452727442479728,-0.008561670478129467,0.0,-0.00673059839936535
d1_afternoon_return,final_limit_up_pool_count,MAY,ALL,71.0,USABLE_FIXED_MEDIAN_SPLIT,18,18,1.0,12,106,0.5343055555555556,0.5471698113207547,0.0007025887048005948,0.00171861621687045,T7_HIGH,58,30,-0.005326805607664788,-0.0052394607511454154,-0.0045561077507396,-0.0064836551162239
d1_afternoon_return,final_limit_up_pool_count,MAY,HIGH_REGIME,71.0,USABLE_FIXED_MEDIAN_SPLIT,18,10,0.5555555555555556,6,42,0.625,0.5238095238095238,-0.0005779419686739573,0.00012844748246200032,T7_HIGH,26,14,-0.0010782940284461964,-0.0034571515584041206,-0.00328635940916745,-0.004651517311286399
d1_afternoon_return,final_limit_up_pool_count,MAY,LOW_REGIME,71.0,USABLE_FIXED_MEDIAN_SPLIT,18,8,0.4444444444444444,6,64,0.4436111111111112,0.5625,0.0015429369592682702,0.0020496692220662006,T7_LOW,32,16,-0.008778721265779894,-0.006798981294794049,-0.0045561077507396,-0.009601502776359499
d1_afternoon_return,first_break_candidate_count,JULY,ALL,7.0,USABLE_FIXED_MEDIAN_SPLIT,21,21,1.0,12,105,0.4599206349206349,0.4380952380952381,-0.00379390726231258,-0.008966068473014,T7_LOW,42,56,-0.008915523068808807,-0.009881984242444937,-0.0103868026561093,-0.0044901317057571
d1_afternoon_return,first_break_candidate_count,JULY,HIGH_REGIME,7.0,USABLE_FIXED_MEDIAN_SPLIT,21,9,0.42857142857142855,8,92,0.5023809523809524,0.4782608695652174,-0.00099438700721514,-0.0024041975223803008,T7_HIGH,26,37,-0.013228089272152903,-0.012131669203378092,-0.0106875463931759,-0.0074916759156491
d1_afternoon_return,first_break_candidate_count,JULY,LOW_REGIME,7.0,USABLE_FIXED_MEDIAN_SPLIT,21,12,0.5714285714285714,4,13,0.375,0.15384615384615385,-0.02360589675992523,-0.0195886385896181,T7_LOW,16,19,-0.0019076029883746493,-0.005501018792206689,-0.00129870129870135,-0.0007142857142856
d1_afternoon_return,first_break_candidate_count,JUNE,ALL,7.0,USABLE_FIXED_MEDIAN_SPLIT,21,21,1.0,16,110,0.4215277777777778,0.45454545454545453,-0.0029412864048266258,-0.002698379513980099,T7_LOW,59,45,0.0014526900889801281,0.0005946144808138615,0.0,0.0030734842134674
d1_afternoon_return,first_break_candidate_count,JUNE,HIGH_REGIME,7.0,USABLE_FIXED_MEDIAN_SPLIT,21,9,0.42857142857142855,8,81,0.5409722222222222,0.49382716049382713,-0.0004834033324375381,-0.0009311717890584,T7_HIGH,38,27,0.0037350758014747607,0.002894055903220266,0.00034669255304395,0.003802672147996
d1_afternoon_return,first_break_candidate_count,JUNE,LOW_REGIME,7.0,USABLE_FIXED_MEDIAN_SPLIT,21,12,0.5714285714285714,8,29,0.3020833333333333,0.3448275862068966,-0.009806408089775454,-0.0090812039475799,T7_LOW,21,18,-0.002677341200295876,-0.002854547652795745,-0.0042650918635169,0.00032901263813474996
d1_afternoon_return,first_break_candidate_count,MAY,ALL,7.0,USABLE_FIXED_MEDIAN_SPLIT,18,18,1.0,12,106,0.5343055555555556,0.5471698113207547,0.0007025887048005948,0.00171861621687045,T7_HIGH,58,30,-0.005326805607664788,-0.0052394607511454154,-0.0045561077507396,-0.0064836551162239
d1_afternoon_return,first_break_candidate_count,MAY,HIGH_REGIME,7.0,USABLE_FIXED_MEDIAN_SPLIT,18,11,0.6111111111111112,8,97,0.6347916666666666,0.5567010309278351,0.0013574083654268455,0.002018137154009801,T7_HIGH,47,25,-0.0030280931284184746,-0.00429793521536466,-0.0045023469681003,-0.0048897658059534
d1_afternoon_return,first_break_candidate_count,MAY,LOW_REGIME,7.0,USABLE_FIXED_MEDIAN_SPLIT,18,7,0.3888888888888889,4,9,0.3333333333333333,0.4444444444444444,-0.006354912081948987,-0.007363885181928102,T7_LOW,11,5,-0.015148577109899038,-0.009947088430049201,-0.0055096418732782,-0.0143132397467656
d1_afternoon_return,max_board_height,JULY,ALL,4.0,USABLE_FIXED_MEDIAN_SPLIT,21,21,1.0,12,105,0.4599206349206349,0.4380952380952381,-0.00379390726231258,-0.008966068473014,T7_LOW,42,56,-0.008915523068808807,-0.009881984242444937,-0.0103868026561093,-0.0044901317057571
d1_afternoon_return,max_board_height,JULY,HIGH_REGIME,4.0,USABLE_FIXED_MEDIAN_SPLIT,21,10,0.47619047619047616,6,56,0.5142857142857143,0.5,0.0017908057511496097,-0.0003467397601122006,T7_HIGH,15,25,-0.011106166936666061,-0.006335425013537371,-0.0109204368174727,-0.0009606147934677
d1_afternoon_return,max_board_height,JULY,LOW_REGIME,4.0,USABLE_FIXED_MEDIAN_SPLIT,21,11,0.5238095238095238,6,49,0.4055555555555555,0.3673469387755102,-0.01017643642055508,-0.0124610591900311,T7_LOW,27,31,-0.007698498697777001,-0.012742112652854265,-0.0103189493433395,-0.0099502487562188
d1_afternoon_return,max_board_height,JUNE,ALL,4.0,USABLE_FIXED_MEDIAN_SPLIT,21,21,1.0,16,110,0.4215277777777778,0.45454545454545453,-0.0029412864048266258,-0.002698379513980099,T7_LOW,59,45,0.0014526900889801281,0.0005946144808138615,0.0,0.0030734842134674
d1_afternoon_return,max_board_height,JUNE,HIGH_REGIME,4.0,USABLE_FIXED_MEDIAN_SPLIT,21,7,0.3333333333333333,5,38,0.3433333333333333,0.47368421052631576,-0.003457394627230615,-0.0011863704862815506,T7_LOW,23,14,0.0002444578119043173,0.0026683640161828497,-0.0045009266613714,0.0032368610380415002
d1_afternoon_return,max_board_height,JUNE,LOW_REGIME,4.0,USABLE_FIXED_MEDIAN_SPLIT,21,14,0.6666666666666666,11,72,0.45707070707070707,0.4444444444444444,-0.002668895954113409,-0.004831383346489398,T7_LOW,36,31,0.0022246162660007843,-0.0003419175674172941,0.00114669255304395,0.0030734842134674
d1_afternoon_return,max_board_height,MAY,ALL,4.0,USABLE_FIXED_MEDIAN_SPLIT,18,18,1.0,12,106,0.5343055555555556,0.5471698113207547,0.0007025887048005948,0.00171861621687045,T7_HIGH,58,30,-0.005326805607664788,-0.0052394607511454154,-0.0045561077507396,-0.0064836551162239
d1_afternoon_return,max_board_height,MAY,HIGH_REGIME,4.0,USABLE_FIXED_MEDIAN_SPLIT,18,11,0.6111111111111112,7,51,0.4964285714285715,0.6078431372549019,0.0008926970350038721,0.0031890723255694,T7_LOW,37,15,-0.006113477926485513,-0.006216740841438788,-0.0045023469681003,-0.0143132397467656
d1_afternoon_return,max_board_height,MAY,LOW_REGIME,4.0,USABLE_FIXED_MEDIAN_SPLIT,18,7,0.3888888888888889,5,55,0.5873333333333333,0.4909090909090909,0.000526306434975738,-0.005210989115801,T7_HIGH,21,15,-0.00394076390307589,-0.0042621806608520475,-0.0046098685333789,-0.0048897658059534
d1_afternoon_return,promotion_rate,JULY,ALL,0.17660818713450285,USABLE_FIXED_MEDIAN_SPLIT,21,21,1.0,12,105,0.4599206349206349,0.4380952380952381,-0.00379390726231258,-0.008966068473014,T7_LOW,42,56,-0.008915523068808807,-0.009881984242444937,-0.0103868026561093,-0.0044901317057571
d1_afternoon_return,promotion_rate,JULY,HIGH_REGIME,0.17660818713450285,USABLE_FIXED_MEDIAN_SPLIT,21,10,0.47619047619047616,5,35,0.4666666666666666,0.4,-0.0024338765346355903,-0.0124610591900311,T7_LOW,16,23,-0.008124975727351456,-0.006004254034812244,-0.0106196930804061,0.0
d1_afternoon_return,promotion_rate,JULY,LOW_REGIME,0.17660818713450285,USABLE_FIXED_MEDIAN_SPLIT,21,11,0.5238095238095238,7,70,0.4551020408163265,0.45714285714285713,-0.0044739226261510745,-0.004710138976954099,T7_LOW,26,33,-0.00940201374047487,-0.012584644690188935,-0.0065260292831409005,-0.0135818908122502
d1_afternoon_return,promotion_rate,JUNE,ALL,0.17660818713450285,USABLE_FIXED_MEDIAN_SPLIT,21,21,1.0,16,110,0.4215277777777778,0.45454545454545453,-0.0029412864048266258,-0.002698379513980099,T7_LOW,59,45,0.0014526900889801281,0.0005946144808138615,0.0,0.0030734842134674
d1_afternoon_return,promotion_rate,JUNE,HIGH_REGIME,0.17660818713450285,USABLE_FIXED_MEDIAN_SPLIT,21,8,0.38095238095238093,7,40,0.40476190476190477,0.4,-0.004675901642410758,-0.0111267302396551,T7_LOW,26,16,0.002737668483106701,0.0022556203167450745,-0.0002210433244916,0.00841800354134075
d1_afternoon_return,promotion_rate,JUNE,LOW_REGIME,0.17660818713450285,USABLE_FIXED_MEDIAN_SPLIT,21,13,0.6190476190476191,9,70,0.4345679012345679,0.4857142857142857,-0.0019500776976356913,-0.0011863704862815506,T7_LOW,33,29,0.0004402828693652518,-0.00032180253211370335,0.0017251293847038,0.002671049928087
d1_afternoon_return,promotion_rate,MAY,ALL,0.17660818713450285,USABLE_FIXED_MEDIAN_SPLIT,18,18,1.0,12,106,0.5343055555555556,0.5471698113207547,0.0007025887048005948,0.00171861621687045,T7_HIGH,58,30,-0.005326805607664788,-0.0052394607511454154,-0.0045561077507396,-0.0064836551162239
d1_afternoon_return,promotion_rate,MAY,HIGH_REGIME,0.17660818713450285,USABLE_FIXED_MEDIAN_SPLIT,18,12,0.6666666666666666,6,42,0.625,0.5238095238095238,-0.0005779419686739573,0.00012844748246200032,T7_HIGH,36,14,-0.0012936356160426858,-0.0034571515584041206,-0.0037555982628112005,-0.004651517311286399
d1_afternoon_return,promotion_rate,MAY,LOW_REGIME,0.17660818713450285,USABLE_FIXED_MEDIAN_SPLIT,18,6,0.3333333333333333,6,64,0.4436111111111112,0.5625,0.0015429369592682702,0.0020496692220662006,T7_LOW,22,16,-0.01192653832122823,-0.006798981294794049,-0.0047894063163789,-0.009601502776359499
d1_close_to_vwap_raw,board2_count,JULY,ALL,7.0,USABLE_FIXED_MEDIAN_SPLIT,21,21,1.0,12,105,0.46269841269841266,0.42857142857142855,-0.006638965226597236,-0.001840695817132,T7_LOW,42,56,-0.008732830499845794,-0.012910273884533016,-0.005027420714581199,-0.01052755887915915
d1_close_to_vwap_raw,board2_count,JULY,HIGH_REGIME,7.0,USABLE_FIXED_MEDIAN_SPLIT,21,9,0.42857142857142855,6,42,0.40158730158730166,0.4523809523809524,-0.008672155211613325,-0.0022510975640423502,T7_LOW,13,24,-0.018093897828820937,-0.008239350382910451,-0.0116842282436567,-0.00658017464029015
d1_close_to_vwap_raw,board2_count,JULY,LOW_REGIME,7.0,USABLE_FIXED_MEDIAN_SPLIT,21,12,0.5714285714285714,6,63,0.5238095238095238,0.4126984126984127,-0.005283505236586512,-0.0017586922416756,T7_HIGH,29,32,-0.0045364899730638356,-0.01641346651074994,-0.0006028623583734,-0.01342751269748455
d1_close_to_vwap_raw,board2_count,JUNE,ALL,7.0,USABLE_FIXED_MEDIAN_SPLIT,21,21,1.0,16,110,0.4994791666666667,0.4909090909090909,-0.002010510006803202,-0.0003851215972941013,T7_LOW,59,45,-0.008536678034163981,-0.005545645632886733,-0.0054068158317458,-0.0015109329527021
d1_close_to_vwap_raw,board2_count,JUNE,HIGH_REGIME,7.0,USABLE_FIXED_MEDIAN_SPLIT,21,10,0.47619047619047616,7,61,0.511904761904762,0.4098360655737705,-0.008367829597790465,-0.009124703757888899,T7_HIGH,39,19,-0.0032494660261449095,0.005410725816013047,-0.0033697671363713,0.0038332877310227
d1_close_to_vwap_raw,board2_count,JUNE,LOW_REGIME,7.0,USABLE_FIXED_MEDIAN_SPLIT,21,11,0.5238095238095238,9,49,0.4898148148148148,0.5918367346938775,0.005903704177895223,0.006069785973576457,T7_LOW,20,26,-0.01884674144980117,-0.013552224768621187,-0.0219656494726193,-0.0113043883059223
d1_close_to_vwap_raw,board2_count,MAY,ALL,7.0,USABLE_FIXED_MEDIAN_SPLIT,18,18,1.0,12,106,0.4044444444444444,0.46226415094339623,0.0014047410308625696,-0.001773834708878399,T7_LOW,58,30,-0.008048515002865495,-0.013785816137598522,0.00030574707937395005,-0.01297687457228685
d1_close_to_vwap_raw,board2_count,MAY,HIGH_REGIME,7.0,USABLE_FIXED_MEDIAN_SPLIT,18,10,0.5555555555555556,7,72,0.43142857142857144,0.4305555555555556,-0.002840042159540956,-0.002634818082117149,T7_LOW,33,22,-0.00453439391152123,-0.010539954506790131,0.0011447322298736,-0.0080102280102862
d1_close_to_vwap_raw,board2_count,MAY,LOW_REGIME,7.0,USABLE_FIXED_MEDIAN_SPLIT,18,8,0.4444444444444444,5,34,0.3666666666666666,0.5294117647058824,0.01039369366936415,0.007824860551771048,T7_LOW,25,8,-0.012687154843439925,-0.02271193562232159,-0.0060300985021087,-0.0159805664231134
d1_close_to_vwap_raw,board3_count,JULY,ALL,2.0,USABLE_FIXED_MEDIAN_SPLIT,21,21,1.0,12,105,0.46269841269841266,0.42857142857142855,-0.006638965226597236,-0.001840695817132,T7_LOW,42,56,-0.008732830499845794,-0.012910273884533016,-0.005027420714581199,-0.01052755887915915
d1_close_to_vwap_raw,board3_count,JULY,HIGH_REGIME,2.0,USABLE_FIXED_MEDIAN_SPLIT,21,4,0.19047619047619047,1,4,1.0,1.0,0.019165158661125524,0.01114957684224645,T7_HIGH,1,12,0.0032679633779246,-0.024502348398806387,0.0032679633779246,-0.0208419658181082
d1_close_to_vwap_raw,board3_count,JULY,LOW_REGIME,2.0,USABLE_FIXED_MEDIAN_SPLIT,21,17,0.8095238095238095,11,101,0.41385281385281386,0.40594059405940597,-0.007660910727101107,-0.004050604427836399,T7_LOW,41,44,-0.009025532789547512,-0.009748799017003916,-0.0055912452188288,-0.00658017464029015
d1_close_to_vwap_raw,board3_count,JUNE,ALL,2.0,USABLE_FIXED_MEDIAN_SPLIT,21,21,1.0,16,110,0.4994791666666667,0.4909090909090909,-0.002010510006803202,-0.0003851215972941013,T7_LOW,59,45,-0.008536678034163981,-0.005545645632886733,-0.0054068158317458,-0.0015109329527021
d1_close_to_vwap_raw,board3_count,JUNE,HIGH_REGIME,2.0,USABLE_FIXED_MEDIAN_SPLIT,21,6,0.2857142857142857,4,26,0.3645833333333333,0.3076923076923077,-0.014828690816440495,-0.01874711702325585,T7_LOW,25,9,-0.005933571786524813,0.0025669963231350385,-0.0073857242795766,-6.505451121485706e-05
d1_close_to_vwap_raw,board3_count,JUNE,LOW_REGIME,2.0,USABLE_FIXED_MEDIAN_SPLIT,21,15,0.7142857142857143,12,84,0.5444444444444444,0.5476190476190477,0.001957022148560722,0.0016600491514790505,T7_HIGH,34,36,-0.010450726745663372,-0.007573806121892176,-0.0049247387708501004,-0.001906398874583
d1_close_to_vwap_raw,board3_count,MAY,ALL,2.0,USABLE_FIXED_MEDIAN_SPLIT,18,18,1.0,12,106,0.4044444444444444,0.46226415094339623,0.0014047410308625696,-0.001773834708878399,T7_LOW,58,30,-0.008048515002865495,-0.013785816137598522,0.00030574707937395005,-0.01297687457228685
d1_close_to_vwap_raw,board3_count,MAY,HIGH_REGIME,2.0,USABLE_FIXED_MEDIAN_SPLIT,18,10,0.5555555555555556,7,86,0.38380952380952377,0.46511627906976744,0.0020565215571788716,-0.0014501727380739004,T7_LOW,36,24,-0.004041629796105639,-0.011995333546412324,0.0033829367820986,-0.0080102280102862
d1_close_to_vwap_raw,board3_count,MAY,LOW_REGIME,2.0,USABLE_FIXED_MEDIAN_SPLIT,18,8,0.4444444444444444,5,20,0.4333333333333333,0.45,-0.0013979152322975352,-0.0034781077474640987,T7_LOW,22,6,-0.014605236250290714,-0.0209477465023433,-0.01110533323438205,-0.0146427502476935
d1_close_to_vwap_raw,board4plus_count,JULY,ALL,1.0,USABLE_FIXED_MEDIAN_SPLIT,21,21,1.0,12,105,0.46269841269841266,0.42857142857142855,-0.006638965226597236,-0.001840695817132,T7_LOW,42,56,-0.008732830499845794,-0.012910273884533016,-0.005027420714581199,-0.01052755887915915
d1_close_to_vwap_raw,board4plus_count,JULY,HIGH_REGIME,1.0,USABLE_FIXED_MEDIAN_SPLIT,21,7,0.3333333333333333,4,40,0.15446428571428572,0.175,-0.024533075714771813,-0.023693635433125346,T7_LOW,11,18,-0.030404092271475506,-0.008222436557971561,-0.0391786579672315,0.0026006598747907
d1_close_to_vwap_raw,board4plus_count,JULY,LOW_REGIME,1.0,USABLE_FIXED_MEDIAN_SPLIT,21,14,0.6666666666666666,8,65,0.6168154761904763,0.5846153846153846,0.004372795073817886,0.007118226119611,T7_HIGH,31,38,-0.001043027935719122,-0.015130828407641073,-0.0002271415257666,-0.014815309366902351
d1_close_to_vwap_raw,board4plus_count,JUNE,ALL,1.0,USABLE_FIXED_MEDIAN_SPLIT,21,21,1.0,16,110,0.4994791666666667,0.4909090909090909,-0.002010510006803202,-0.0003851215972941013,T7_LOW,59,45,-0.008536678034163981,-0.005545645632886733,-0.0054068158317458,-0.0015109329527021
d1_close_to_vwap_raw,board4plus_count,JUNE,HIGH_REGIME,1.0,USABLE_FIXED_MEDIAN_SPLIT,21,8,0.38095238095238093,6,55,0.4083333333333334,0.4909090909090909,-0.0016217234252514363,-5.101756088929984e-05,T7_LOW,18,23,-0.011093679990692988,-0.0040681040263790096,-0.0049247387708501004,0.0028350862116159
d1_close_to_vwap_raw,board4plus_count,JUNE,LOW_REGIME,1.0,USABLE_FIXED_MEDIAN_SPLIT,21,13,0.6190476190476191,10,55,0.5541666666666666,0.4909090909090909,-0.002399296588354968,-0.0007192256336989028,T7_HIGH,41,22,-0.007414091809346369,-0.007090348221508443,-0.0073857242795766,-0.0060378461111576
d1_close_to_vwap_raw,board4plus_count,MAY,ALL,1.0,USABLE_FIXED_MEDIAN_SPLIT,18,18,1.0,12,106,0.4044444444444444,0.46226415094339623,0.0014047410308625696,-0.001773834708878399,T7_LOW,58,30,-0.008048515002865495,-0.013785816137598522,0.00030574707937395005,-0.01297687457228685
d1_close_to_vwap_raw,board4plus_count,MAY,HIGH_REGIME,1.0,USABLE_FIXED_MEDIAN_SPLIT,18,12,0.6666666666666666,9,56,0.324074074074074,0.44642857142857145,0.0027617722827278095,-0.0043686959600581984,T7_LOW,35,18,-0.013228970641220516,-0.017870296785998826,-0.0060300985021087,-0.0146427502476935
d1_close_to_vwap_raw,board4plus_count,MAY,LOW_REGIME,1.0,USABLE_FIXED_MEDIAN_SPLIT,18,6,0.3333333333333333,3,50,0.6455555555555555,0.48,-0.00011513397122650024,-0.0003471422060261507,T7_HIGH,23,12,-0.0001652129444991609,-0.007659095164998058,0.0016472907780531,-0.00978933477554485
d1_close_to_vwap_raw,candidate_cohort_d1_afternoon_median,JULY,ALL,-0.00524690298891595,USABLE_FIXED_MEDIAN_SPLIT,21,21,1.0,12,105,0.46269841269841266,0.42857142857142855,-0.006638965226597236,-0.001840695817132,T7_LOW,42,56,-0.008732830499845794,-0.012910273884533016,-0.005027420714581199,-0.01052755887915915
d1_close_to_vwap_raw,candidate_cohort_d1_afternoon_median,JULY,HIGH_REGIME,-0.00524690298891595,USABLE_FIXED_MEDIAN_SPLIT,21,8,0.38095238095238093,3,14,0.625,0.5714285714285714,0.010744246173398263,0.00652837840176735,T7_HIGH,16,12,0.005519353078670451,-0.008380172586691098,0.010834893708898601,-0.00232894128604435
d1_close_to_vwap_raw,candidate_cohort_d1_afternoon_median,JULY,LOW_REGIME,-0.00524690298891595,USABLE_FIXED_MEDIAN_SPLIT,21,13,0.6190476190476191,9,91,0.4085978835978836,0.4065934065934066,-0.009313305441981161,-0.0026614993109527006,T7_LOW,26,44,-0.017503405009701944,-0.014145756056671722,-0.011471624495030901,-0.0154610069743993
d1_close_to_vwap_raw,candidate_cohort_d1_afternoon_median,JUNE,ALL,-0.00524690298891595,USABLE_FIXED_MEDIAN_SPLIT,21,21,1.0,16,110,0.4994791666666667,0.4909090909090909,-0.002010510006803202,-0.0003851215972941013,T7_LOW,59,45,-0.008536678034163981,-0.005545645632886733,-0.0054068158317458,-0.0015109329527021
d1_close_to_vwap_raw,candidate_cohort_d1_afternoon_median,JUNE,HIGH_REGIME,-0.00524690298891595,USABLE_FIXED_MEDIAN_SPLIT,21,14,0.6666666666666666,11,90,0.49924242424242427,0.4444444444444444,-0.004038461191621267,-0.0051819412344876,T7_LOW,38,35,-0.000504194743452773,9.707984518791588e-05,0.0011594156603038,0.0020297751737827
d1_close_to_vwap_raw,candidate_cohort_d1_afternoon_median,JUNE,LOW_REGIME,-0.00524690298891595,USABLE_FIXED_MEDIAN_SPLIT,21,7,0.3333333333333333,5,20,0.5,0.7,0.007115270324878092,0.0149704078414289,TIE,21,10,-0.02307164779830807,-0.025295184806148,-0.0233420725989877,-0.025499272596516298
d1_close_to_vwap_raw,candidate_cohort_d1_afternoon_median,MAY,ALL,-0.00524690298891595,USABLE_FIXED_MEDIAN_SPLIT,18,18,1.0,12,106,0.4044444444444444,0.46226415094339623,0.0014047410308625696,-0.001773834708878399,T7_LOW,58,30,-0.008048515002865495,-0.013785816137598522,0.00030574707937395005,-0.01297687457228685
d1_close_to_vwap_raw,candidate_cohort_d1_afternoon_median,MAY,HIGH_REGIME,-0.00524690298891595,USABLE_FIXED_MEDIAN_SPLIT,18,8,0.4444444444444444,5,60,0.404,0.5166666666666667,0.008374924317778238,0.0025844199070393994,T7_LOW,26,15,0.0005066777381693579,-0.004926471163524067,0.00498967189752725,0.0043784671059667
d1_close_to_vwap_raw,candidate_cohort_d1_afternoon_median,MAY,LOW_REGIME,-0.00524690298891595,USABLE_FIXED_MEDIAN_SPLIT,18,10,0.5555555555555556,7,46,0.40476190476190477,0.391304347826087,-0.007686802386853526,-0.007374665222004901,T7_LOW,32,15,-0.014999609104956315,-0.022645161111672973,-0.0089722755691244,-0.0146799218901167
d1_close_to_vwap_raw,candidate_cohort_d1_close_vwap_median,JULY,ALL,-0.00574263957913635,USABLE_FIXED_MEDIAN_SPLIT,21,21,1.0,12,105,0.46269841269841266,0.42857142857142855,-0.006638965226597236,-0.001840695817132,T7_LOW,42,56,-0.008732830499845794,-0.012910273884533016,-0.005027420714581199,-0.01052755887915915
d1_close_to_vwap_raw,candidate_cohort_d1_close_vwap_median,JULY,HIGH_REGIME,-0.00574263957913635,USABLE_FIXED_MEDIAN_SPLIT,21,9,0.42857142857142855,5,25,0.5416666666666666,0.48,0.0017080684886167602,-0.004050604427836399,T7_HIGH,20,17,0.0042309701817134756,-0.004178553445323987,0.010834893708898601,-0.0016068071857302
d1_close_to_vwap_raw,candidate_cohort_d1_close_vwap_median,JULY,LOW_REGIME,-0.00574263957913635,USABLE_FIXED_MEDIAN_SPLIT,21,12,0.5714285714285714,7,80,0.40629251700680274,0.4125,-0.00924741326260161,-0.0017996940294037998,T7_LOW,22,39,-0.02051810384671786,-0.016716408434957468,-0.012957312477515501,-0.0162111988248134
d1_close_to_vwap_raw,candidate_cohort_d1_close_vwap_median,JUNE,ALL,-0.00574263957913635,USABLE_FIXED_MEDIAN_SPLIT,21,21,1.0,16,110,0.4994791666666667,0.4909090909090909,-0.002010510006803202,-0.0003851215972941013,T7_LOW,59,45,-0.008536678034163981,-0.005545645632886733,-0.0054068158317458,-0.0015109329527021
d1_close_to_vwap_raw,candidate_cohort_d1_close_vwap_median,JUNE,HIGH_REGIME,-0.00574263957913635,USABLE_FIXED_MEDIAN_SPLIT,21,13,0.6190476190476191,9,74,0.43425925925925923,0.3918918918918919,-0.008660640498492479,-0.008904167753007949,T7_LOW,33,31,-0.0014212175869149765,0.001190387367006112,0.0003671733570156,0.0020297751737827
d1_close_to_vwap_raw,candidate_cohort_d1_close_vwap_median,JUNE,LOW_REGIME,-0.00574263957913635,USABLE_FIXED_MEDIAN_SPLIT,21,8,0.38095238095238093,7,36,0.5833333333333333,0.6944444444444444,0.011659202670558087,0.0181993364412013,T7_HIGH,26,14,-0.01756783937105695,-0.0204611472755066,-0.01971827137781785,-0.0197862772777564
d1_close_to_vwap_raw,candidate_cohort_d1_close_vwap_median,MAY,ALL,-0.00574263957913635,USABLE_FIXED_MEDIAN_SPLIT,18,18,1.0,12,106,0.4044444444444444,0.46226415094339623,0.0014047410308625696,-0.001773834708878399,T7_LOW,58,30,-0.008048515002865495,-0.013785816137598522,0.00030574707937395005,-0.01297687457228685
d1_close_to_vwap_raw,candidate_cohort_d1_close_vwap_median,MAY,HIGH_REGIME,-0.00574263957913635,USABLE_FIXED_MEDIAN_SPLIT,18,8,0.4444444444444444,3,33,0.34,0.48484848484848486,0.003776497895233557,-1.3210665450002872e-06,T7_LOW,31,8,0.0018696581397665514,0.0016261907417596875,0.0048025960167614,0.0044792618613644
d1_close_to_vwap_raw,candidate_cohort_d1_close_vwap_median,MAY,LOW_REGIME,-0.00574263957913635,USABLE_FIXED_MEDIAN_SPLIT,18,10,0.5555555555555556,9,73,0.4259259259259259,0.4520547945205479,0.00033257696888664296,-0.0033321182626996,T7_LOW,27,22,-0.019436047129591176,-0.019390182275546963,-0.0203143584159531,-0.01524944262639125
d1_close_to_vwap_raw,candidate_cohort_d1_low_close_recovery_median,JULY,ALL,0.0306360580886548,USABLE_FIXED_MEDIAN_SPLIT,21,21,1.0,12,105,0.46269841269841266,0.42857142857142855,-0.006638965226597236,-0.001840695817132,T7_LOW,42,56,-0.008732830499845794,-0.012910273884533016,-0.005027420714581199,-0.01052755887915915
d1_close_to_vwap_raw,candidate_cohort_d1_low_close_recovery_median,JULY,HIGH_REGIME,0.0306360580886548,USABLE_FIXED_MEDIAN_SPLIT,21,10,0.47619047619047616,5,48,0.6035714285714285,0.5625,0.00562392600145669,0.0058081076891713,T7_HIGH,24,22,0.0009623044969170087,-0.009655633033583766,-0.0001135707628833,-0.0043864761806406
d1_close_to_vwap_raw,candidate_cohort_d1_low_close_recovery_median,JULY,LOW_REGIME,0.0306360580886548,USABLE_FIXED_MEDIAN_SPLIT,21,11,0.5238095238095238,7,57,0.36207482993197276,0.3157894736842105,-0.016965610471274227,-0.0131933461891722,T7_LOW,18,34,-0.0216596771621962,-0.015016217964559,-0.02035700824295135,-0.0160262282075926
d1_close_to_vwap_raw,candidate_cohort_d1_low_close_recovery_median,JUNE,ALL,0.0306360580886548,USABLE_FIXED_MEDIAN_SPLIT,21,21,1.0,16,110,0.4994791666666667,0.4909090909090909,-0.002010510006803202,-0.0003851215972941013,T7_LOW,59,45,-0.008536678034163981,-0.005545645632886733,-0.0054068158317458,-0.0015109329527021
d1_close_to_vwap_raw,candidate_cohort_d1_low_close_recovery_median,JUNE,HIGH_REGIME,0.0306360580886548,USABLE_FIXED_MEDIAN_SPLIT,21,11,0.5238095238095238,7,70,0.48690476190476195,0.4714285714285714,-0.002707161384694161,-0.0013580134442543496,T7_LOW,23,29,-0.0007091900244006389,-0.0007965339924592364,0.001951657963592,0.0020297751737827
d1_close_to_vwap_raw,candidate_cohort_d1_low_close_recovery_median,JUNE,LOW_REGIME,0.0306360580886548,USABLE_FIXED_MEDIAN_SPLIT,21,10,0.47619047619047616,9,40,0.5092592592592593,0.525,-0.0007913700954940234,0.000804352496792551,T7_HIGH,36,16,-0.013537573151512784,-0.01415341048116157,-0.0144687115200919,-0.016244398857989402
d1_close_to_vwap_raw,candidate_cohort_d1_low_close_recovery_median,MAY,ALL,0.0306360580886548,USABLE_FIXED_MEDIAN_SPLIT,18,18,1.0,12,106,0.4044444444444444,0.46226415094339623,0.0014047410308625696,-0.001773834708878399,T7_LOW,58,30,-0.008048515002865495,-0.013785816137598522,0.00030574707937395005,-0.01297687457228685
d1_close_to_vwap_raw,candidate_cohort_d1_low_close_recovery_median,MAY,HIGH_REGIME,0.0306360580886548,USABLE_FIXED_MEDIAN_SPLIT,18,9,0.5,3,32,0.6733333333333333,0.53125,0.005321598881072925,0.0025844199070393994,T7_HIGH,31,7,0.0021863943589022837,-0.0031864495504593283,0.005247773678807,-0.0029853896456402
d1_close_to_vwap_raw,candidate_cohort_d1_low_close_recovery_median,MAY,LOW_REGIME,0.0306360580886548,USABLE_FIXED_MEDIAN_SPLIT,18,9,0.5,9,74,0.31481481481481477,0.43243243243243246,-0.0002890353367959632,-0.0043686959600581984,T7_LOW,27,23,-0.01979970723304331,-0.017011710316293057,-0.0203143584159531,-0.0146799218901167
d1_close_to_vwap_raw,candidate_cohort_d1_open_close_median,JULY,ALL,-0.0208229467324091,USABLE_FIXED_MEDIAN_SPLIT,21,21,1.0,12,105,0.46269841269841266,0.42857142857142855,-0.006638965226597236,-0.001840695817132,T7_LOW,42,56,-0.008732830499845794,-0.012910273884533016,-0.005027420714581199,-0.01052755887915915
d1_close_to_vwap_raw,candidate_cohort_d1_open_close_median,JULY,HIGH_REGIME,-0.0208229467324091,USABLE_FIXED_MEDIAN_SPLIT,21,5,0.23809523809523808,5,47,0.4666666666666666,0.46808510638297873,0.001503494792151172,-0.0006497020924332,T7_LOW,15,15,-0.00506677908282932,-0.0039440077239898536,-0.0011089901492424,0.000517828824706
d1_close_to_vwap_raw,candidate_cohort_d1_open_close_median,JULY,LOW_REGIME,-0.0208229467324091,USABLE_FIXED_MEDIAN_SPLIT,21,16,0.7619047619047619,7,58,0.4598639455782313,0.39655172413793105,-0.013237165586617498,-0.0081597558968349,T7_LOW,27,41,-0.010769525731521614,-0.016190615162780513,-0.0072534468405767,-0.0150807563584268
d1_close_to_vwap_raw,candidate_cohort_d1_open_close_median,JUNE,ALL,-0.0208229467324091,USABLE_FIXED_MEDIAN_SPLIT,21,21,1.0,16,110,0.4994791666666667,0.4909090909090909,-0.002010510006803202,-0.0003851215972941013,T7_LOW,59,45,-0.008536678034163981,-0.005545645632886733,-0.0054068158317458,-0.0015109329527021
d1_close_to_vwap_raw,candidate_cohort_d1_open_close_median,JUNE,HIGH_REGIME,-0.0208229467324091,USABLE_FIXED_MEDIAN_SPLIT,21,14,0.6666666666666666,9,67,0.4759259259259259,0.43283582089552236,-0.007161806738084728,-0.007007967852565,T7_LOW,39,28,-0.005006555978130696,-0.0002523188680829642,-0.0033697671363713,0.0024324306926993
d1_close_to_vwap_raw,candidate_cohort_d1_open_close_median,JUNE,LOW_REGIME,-0.0208229467324091,USABLE_FIXED_MEDIAN_SPLIT,21,7,0.3333333333333333,7,43,0.5297619047619048,0.5813953488372093,0.006015929086123827,0.006069785973576457,T7_HIGH,20,17,-0.015420416043428892,-0.014264066186681175,-0.01882626848313185,-0.0158382984117381
d1_close_to_vwap_raw,candidate_cohort_d1_open_close_median,MAY,ALL,-0.0208229467324091,USABLE_FIXED_MEDIAN_SPLIT,18,18,1.0,12,106,0.4044444444444444,0.46226415094339623,0.0014047410308625696,-0.001773834708878399,T7_LOW,58,30,-0.008048515002865495,-0.013785816137598522,0.00030574707937395005,-0.01297687457228685
d1_close_to_vwap_raw,candidate_cohort_d1_open_close_median,MAY,HIGH_REGIME,-0.0208229467324091,USABLE_FIXED_MEDIAN_SPLIT,18,11,0.6111111111111112,7,87,0.39571428571428574,0.4827586206896552,0.003541759469336624,-0.0006929633455073012,T7_LOW,39,22,-0.0038259637683327173,-0.0075362579508296825,0.0011447322298736,-0.00978933477554485
d1_close_to_vwap_raw,candidate_cohort_d1_open_close_median,MAY,LOW_REGIME,-0.0208229467324091,USABLE_FIXED_MEDIAN_SPLIT,18,7,0.3888888888888889,5,19,0.41666666666666663,0.3684210526315789,-0.008380553924255475,-0.009013316058867701,T7_LOW,19,8,-0.016715857010590668,-0.030972101151212825,-0.0161805679666554,-0.01766184477177175
d1_close_to_vwap_raw,final_limit_up_pool_count,JULY,ALL,71.0,USABLE_FIXED_MEDIAN_SPLIT,21,21,1.0,12,105,0.46269841269841266,0.42857142857142855,-0.006638965226597236,-0.001840695817132,T7_LOW,42,56,-0.008732830499845794,-0.012910273884533016,-0.005027420714581199,-0.01052755887915915
d1_close_to_vwap_raw,final_limit_up_pool_count,JULY,HIGH_REGIME,71.0,USABLE_FIXED_MEDIAN_SPLIT,21,8,0.38095238095238093,6,43,0.6140873015873016,0.5813953488372093,0.004873021705357269,0.007118226119611,T7_HIGH,17,26,0.005206058533082482,-0.00912129702743379,0.0104664210940514,-0.00737230295381335
d1_close_to_vwap_raw,final_limit_up_pool_count,JULY,LOW_REGIME,71.0,USABLE_FIXED_MEDIAN_SPLIT,21,13,0.6190476190476191,6,62,0.3113095238095238,0.3225806451612903,-0.014623085195533425,-0.0114559276976218,T7_LOW,25,30,-0.018211275042237022,-0.01619405382735235,-0.0170103635102648,-0.0160262282075926
d1_close_to_vwap_raw,final_limit_up_pool_count,JUNE,ALL,71.0,USABLE_FIXED_MEDIAN_SPLIT,21,21,1.0,16,110,0.4994791666666667,0.4909090909090909,-0.002010510006803202,-0.0003851215972941013,T7_LOW,59,45,-0.008536678034163981,-0.005545645632886733,-0.0054068158317458,-0.0015109329527021
d1_close_to_vwap_raw,final_limit_up_pool_count,JUNE,HIGH_REGIME,71.0,USABLE_FIXED_MEDIAN_SPLIT,21,12,0.5714285714285714,10,69,0.4875,0.5072463768115942,0.0007672064280980849,0.0005334526459846002,T7_LOW,34,27,-0.010221068017367378,-0.0025647009418307753,-0.012165088207743549,0.0003284801372593
d1_close_to_vwap_raw,final_limit_up_pool_count,JUNE,LOW_REGIME,71.0,USABLE_FIXED_MEDIAN_SPLIT,21,9,0.42857142857142855,6,41,0.5194444444444445,0.4634146341463415,-0.006685203519198051,-0.007007967852565,T7_HIGH,25,18,-0.00624590765700736,-0.010017062669470663,-0.0049781926787823,-0.0075256404497987
d1_close_to_vwap_raw,final_limit_up_pool_count,MAY,ALL,71.0,USABLE_FIXED_MEDIAN_SPLIT,18,18,1.0,12,106,0.4044444444444444,0.46226415094339623,0.0014047410308625696,-0.001773834708878399,T7_LOW,58,30,-0.008048515002865495,-0.013785816137598522,0.00030574707937395005,-0.01297687457228685
d1_close_to_vwap_raw,final_limit_up_pool_count,MAY,HIGH_REGIME,71.0,USABLE_FIXED_MEDIAN_SPLIT,18,10,0.5555555555555556,6,42,0.4305555555555556,0.40476190476190477,-0.005534653035813539,-0.0053738656068621,T7_LOW,26,14,-0.005445124174046773,-0.0059713057560645075,-0.0022905409172809497,-0.00978933477554485
d1_close_to_vwap_raw,final_limit_up_pool_count,MAY,LOW_REGIME,71.0,USABLE_FIXED_MEDIAN_SPLIT,18,8,0.4444444444444444,6,64,0.37833333333333324,0.5,0.005958718387118764,0.0008235209217549997,T7_LOW,32,16,-0.010163770051280704,-0.02062351272144078,0.00279290894531265,-0.0159433947806902
d1_close_to_vwap_raw,first_break_candidate_count,JULY,ALL,7.0,USABLE_FIXED_MEDIAN_SPLIT,21,21,1.0,12,105,0.46269841269841266,0.42857142857142855,-0.006638965226597236,-0.001840695817132,T7_LOW,42,56,-0.008732830499845794,-0.012910273884533016,-0.005027420714581199,-0.01052755887915915
d1_close_to_vwap_raw,first_break_candidate_count,JULY,HIGH_REGIME,7.0,USABLE_FIXED_MEDIAN_SPLIT,21,9,0.42857142857142855,8,92,0.4909226190476191,0.41304347826086957,-0.00853330757694266,-0.0022510975640423502,T7_LOW,26,37,-0.01493704943519175,-0.009951673334948586,-0.007357938717954749,-0.009022728932704
d1_close_to_vwap_raw,first_break_candidate_count,JULY,LOW_REGIME,7.0,USABLE_FIXED_MEDIAN_SPLIT,21,12,0.5714285714285714,4,13,0.40625,0.5384615384615384,0.006767149868155002,0.010234450014179,T7_LOW,16,19,0.0013490252700913813,-0.018671759165302698,0.00983191029301415,-0.0218265672552124
d1_close_to_vwap_raw,first_break_candidate_count,JUNE,ALL,7.0,USABLE_FIXED_MEDIAN_SPLIT,21,21,1.0,16,110,0.4994791666666667,0.4909090909090909,-0.002010510006803202,-0.0003851215972941013,T7_LOW,59,45,-0.008536678034163981,-0.005545645632886733,-0.0054068158317458,-0.0015109329527021
d1_close_to_vwap_raw,first_break_candidate_count,JUNE,HIGH_REGIME,7.0,USABLE_FIXED_MEDIAN_SPLIT,21,9,0.42857142857142855,8,81,0.6274305555555555,0.5308641975308642,0.0019245626873884549,0.001083734771207101,T7_HIGH,38,27,-0.005336222293555222,-0.006516477296979673,-0.0063962700556612,-0.0023018647964639
d1_close_to_vwap_raw,first_break_candidate_count,JUNE,LOW_REGIME,7.0,USABLE_FIXED_MEDIAN_SPLIT,21,12,0.5714285714285714,8,29,0.3715277777777778,0.3793103448275862,-0.013001575118166108,-0.0058516372480957,T7_LOW,21,18,-0.014327978898122687,-0.004089398136747323,-0.0048712848629179,0.00103669147234685
d1_close_to_vwap_raw,first_break_candidate_count,MAY,ALL,7.0,USABLE_FIXED_MEDIAN_SPLIT,18,18,1.0,12,106,0.4044444444444444,0.46226415094339623,0.0014047410308625696,-0.001773834708878399,T7_LOW,58,30,-0.008048515002865495,-0.013785816137598522,0.00030574707937395005,-0.01297687457228685
d1_close_to_vwap_raw,first_break_candidate_count,MAY,HIGH_REGIME,7.0,USABLE_FIXED_MEDIAN_SPLIT,18,11,0.6111111111111112,8,97,0.5233333333333333,0.4845360824742268,0.0020881472757599802,-0.0006929633455073012,T7_HIGH,47,25,-0.005095182371997998,-0.014203578698502764,0.0024324715973733,-0.0127681671487309
d1_close_to_vwap_raw,first_break_candidate_count,MAY,LOW_REGIME,7.0,USABLE_FIXED_MEDIAN_SPLIT,18,7,0.3888888888888889,4,9,0.16666666666666666,0.2222222222222222,-0.005960859608587299,-0.0056344365258364,T7_LOW,11,5,-0.02066729988020843,-0.01169700333307732,-0.0203143584159531,-0.0131855819958428
d1_close_to_vwap_raw,max_board_height,JULY,ALL,4.0,USABLE_FIXED_MEDIAN_SPLIT,21,21,1.0,12,105,0.46269841269841266,0.42857142857142855,-0.006638965226597236,-0.001840695817132,T7_LOW,42,56,-0.008732830499845794,-0.012910273884533016,-0.005027420714581199,-0.01052755887915915
d1_close_to_vwap_raw,max_board_height,JULY,HIGH_REGIME,4.0,USABLE_FIXED_MEDIAN_SPLIT,21,10,0.47619047619047616,6,56,0.41964285714285715,0.375,-0.007594611415942203,-0.005671435714267051,T7_LOW,15,25,-0.0131644464996864,-0.010797505783177222,-0.0044635962103336,-0.0057218769749227
d1_close_to_vwap_raw,max_board_height,JULY,LOW_REGIME,4.0,USABLE_FIXED_MEDIAN_SPLIT,21,11,0.5238095238095238,6,49,0.5057539682539683,0.4897959183673469,-0.005546798153060132,-0.0015600920664910999,T7_HIGH,27,31,-0.006270821611045459,-0.014614119127561885,-0.0055912452188288,-0.0150807563584268
d1_close_to_vwap_raw,max_board_height,JUNE,ALL,4.0,USABLE_FIXED_MEDIAN_SPLIT,21,21,1.0,16,110,0.4994791666666667,0.4909090909090909,-0.002010510006803202,-0.0003851215972941013,T7_LOW,59,45,-0.008536678034163981,-0.005545645632886733,-0.0054068158317458,-0.0015109329527021
d1_close_to_vwap_raw,max_board_height,JUNE,HIGH_REGIME,4.0,USABLE_FIXED_MEDIAN_SPLIT,21,7,0.3333333333333333,5,38,0.37333333333333335,0.47368421052631576,-0.002506778295707998,-0.0003851215972941013,T7_LOW,23,14,-0.016185376948779306,-0.010769096394284357,-0.0188473164093848,-0.0014486999720551498
d1_close_to_vwap_raw,max_board_height,JUNE,LOW_REGIME,4.0,USABLE_FIXED_MEDIAN_SPLIT,21,14,0.6666666666666666,11,72,0.5568181818181818,0.5,-0.001748590632103448,-0.0006262140584949495,T7_HIGH,36,31,-0.0036500092831597444,-0.0031866678696749013,-0.0012213323858779,-0.0015109329527021
d1_close_to_vwap_raw,max_board_height,MAY,ALL,4.0,USABLE_FIXED_MEDIAN_SPLIT,18,18,1.0,12,106,0.4044444444444444,0.46226415094339623,0.0014047410308625696,-0.001773834708878399,T7_LOW,58,30,-0.008048515002865495,-0.013785816137598522,0.00030574707937395005,-0.01297687457228685
d1_close_to_vwap_raw,max_board_height,MAY,HIGH_REGIME,4.0,USABLE_FIXED_MEDIAN_SPLIT,18,11,0.6111111111111112,7,51,0.36904761904761907,0.47058823529411764,0.0035508725760367314,-0.0033321182626996,T7_LOW,37,15,-0.010581542189032516,-0.02196879505976161,-0.0013104008531495,-0.0172812109561101
d1_close_to_vwap_raw,max_board_height,MAY,LOW_REGIME,4.0,USABLE_FIXED_MEDIAN_SPLIT,18,7,0.3888888888888889,5,55,0.454,0.45454545454545453,-0.0005853082201171096,-0.0013885773465322007,T7_LOW,21,15,-0.0035855623415235955,-0.005602837215435434,0.0011447322298736,-0.0084037655720585
d1_close_to_vwap_raw,promotion_rate,JULY,ALL,0.17660818713450285,USABLE_FIXED_MEDIAN_SPLIT,21,21,1.0,12,105,0.46269841269841266,0.42857142857142855,-0.006638965226597236,-0.001840695817132,T7_LOW,42,56,-0.008732830499845794,-0.012910273884533016,-0.005027420714581199,-0.01052755887915915
d1_close_to_vwap_raw,promotion_rate,JULY,HIGH_REGIME,0.17660818713450285,USABLE_FIXED_MEDIAN_SPLIT,21,10,0.47619047619047616,5,35,0.6333333333333334,0.5714285714285714,0.0052258561553575195,0.0081819862398799,T7_HIGH,16,23,-0.005108788994407556,-0.015037300595245407,-0.00560847170371365,-0.010041349953721
d1_close_to_vwap_raw,promotion_rate,JULY,LOW_REGIME,0.17660818713450285,USABLE_FIXED_MEDIAN_SPLIT,21,11,0.5238095238095238,7,70,0.3408163265306122,0.35714285714285715,-0.012571375917574616,-0.0075686124851078,T7_LOW,26,33,-0.010963009887807788,-0.011427800722521352,-0.0033501176840355995,-0.0110137678045973
d1_close_to_vwap_raw,promotion_rate,JUNE,ALL,0.17660818713450285,USABLE_FIXED_MEDIAN_SPLIT,21,21,1.0,16,110,0.4994791666666667,0.4909090909090909,-0.002010510006803202,-0.0003851215972941013,T7_LOW,59,45,-0.008536678034163981,-0.005545645632886733,-0.0054068158317458,-0.0015109329527021
d1_close_to_vwap_raw,promotion_rate,JUNE,HIGH_REGIME,0.17660818713450285,USABLE_FIXED_MEDIAN_SPLIT,21,8,0.38095238095238093,7,40,0.507936507936508,0.45,-0.0018594330112769175,-0.0051819412344876,T7_HIGH,26,16,-0.005372097573956504,-0.004755006399666275,-0.00513905034733185,0.0037635192594819003
d1_close_to_vwap_raw,promotion_rate,JUNE,LOW_REGIME,0.17660818713450285,USABLE_FIXED_MEDIAN_SPLIT,21,13,0.6190476190476191,9,70,0.4929012345679012,0.5142857142857142,-0.002096839718532507,0.0005292114341813006,T7_LOW,33,29,-0.011029983851297144,-0.0059818603822497434,-0.0114265685543528,-0.0036960133504294
d1_close_to_vwap_raw,promotion_rate,MAY,ALL,0.17660818713450285,USABLE_FIXED_MEDIAN_SPLIT,18,18,1.0,12,106,0.4044444444444444,0.46226415094339623,0.0014047410308625696,-0.001773834708878399,T7_LOW,58,30,-0.008048515002865495,-0.013785816137598522,0.00030574707937395005,-0.01297687457228685
d1_close_to_vwap_raw,promotion_rate,MAY,HIGH_REGIME,0.17660818713450285,USABLE_FIXED_MEDIAN_SPLIT,18,12,0.6666666666666666,6,42,0.4305555555555556,0.40476190476190477,-0.005534653035813539,-0.0053738656068621,T7_LOW,36,14,-0.002687960305989492,-0.0059713057560645075,0.0020398811877132,-0.00978933477554485
d1_close_to_vwap_raw,promotion_rate,MAY,LOW_REGIME,0.17660818713450285,USABLE_FIXED_MEDIAN_SPLIT,18,6,0.3333333333333333,6,64,0.37833333333333324,0.5,0.005958718387118764,0.0008235209217549997,T7_LOW,22,16,-0.016820331779571682,-0.02062351272144078,-0.0045084046071469505,-0.0159433947806902
d1_low_to_close_recovery,board2_count,JULY,ALL,7.0,USABLE_FIXED_MEDIAN_SPLIT,21,21,1.0,12,105,0.5366402116402116,0.4380952380952381,-0.007530892143885177,-0.0037542242703533,T7_HIGH,42,56,0.04117026742870888,0.03923362610575308,0.042353175657719996,0.029621537089949752
d1_low_to_close_recovery,board2_count,JULY,HIGH_REGIME,7.0,USABLE_FIXED_MEDIAN_SPLIT,21,9,0.42857142857142855,6,42,0.5510582010582011,0.42857142857142855,-0.011379738668003556,-0.004993447133452197,T7_HIGH,13,24,0.03631774708923203,0.044074904495940724,0.037560975609756,0.033687487242294346
d1_low_to_close_recovery,board2_count,JULY,LOW_REGIME,7.0,USABLE_FIXED_MEDIAN_SPLIT,21,12,0.5714285714285714,6,63,0.5222222222222223,0.4444444444444444,-0.00496499446113959,-0.0016462618927919996,T7_HIGH,29,32,0.04334553516709505,0.035602667313112346,0.0467494521548576,0.0248439228702387
d1_low_to_close_recovery,board2_count,JUNE,ALL,7.0,USABLE_FIXED_MEDIAN_SPLIT,21,21,1.0,16,110,0.42777777777777776,0.38636363636363635,-0.007408438338455367,-0.007117782507610549,T7_LOW,59,45,0.037810035392631905,0.03995496935993007,0.030502885408079,0.0358744394618834
d1_low_to_close_recovery,board2_count,JUNE,HIGH_REGIME,7.0,USABLE_FIXED_MEDIAN_SPLIT,21,10,0.47619047619047616,7,61,0.42063492063492064,0.29508196721311475,-0.017316738760757622,-0.0202816826350269,T7_LOW,39,19,0.042911378142233336,0.05175346971715912,0.0410727681920479,0.0462068965517241
d1_low_to_close_recovery,board2_count,JUNE,LOW_REGIME,7.0,USABLE_FIXED_MEDIAN_SPLIT,21,11,0.5238095238095238,9,49,0.43333333333333335,0.5,0.004926384636247442,0.0,T7_LOW,20,26,0.02786241703090907,0.0313329883296473,0.01824122195462035,0.02894078430186845
d1_low_to_close_recovery,board2_count,MAY,ALL,7.0,USABLE_FIXED_MEDIAN_SPLIT,18,18,1.0,12,106,0.4051388888888889,0.5566037735849056,0.009769524344887913,0.00521680015166445,T7_LOW,58,30,0.042202841698350445,0.027278483601047454,0.03804280925495965,0.025224647884029748
d1_low_to_close_recovery,board2_count,MAY,HIGH_REGIME,7.0,USABLE_FIXED_MEDIAN_SPLIT,18,10,0.5555555555555556,7,72,0.39452380952380955,0.5694444444444444,0.0078083828615272115,0.00521680015166445,T7_LOW,33,22,0.042744040081659926,0.02767926158401126,0.04,0.027583143439372702
d1_low_to_close_recovery,board2_count,MAY,LOW_REGIME,7.0,USABLE_FIXED_MEDIAN_SPLIT,18,8,0.4444444444444444,5,34,0.42000000000000004,0.5294117647058824,0.013922529839063521,0.00626076126588055,T7_LOW,25,8,0.04148845983238194,0.026176344147897,0.0316091954022988,0.01685655422745115
d1_low_to_close_recovery,board3_count,JULY,ALL,2.0,USABLE_FIXED_MEDIAN_SPLIT,21,21,1.0,12,105,0.5366402116402116,0.4380952380952381,-0.007530892143885177,-0.0037542242703533,T7_HIGH,42,56,0.04117026742870888,0.03923362610575308,0.042353175657719996,0.029621537089949752
d1_low_to_close_recovery,board3_count,JULY,HIGH_REGIME,2.0,USABLE_FIXED_MEDIAN_SPLIT,21,4,0.19047619047619047,1,4,0.5,0.5,0.0008780223393034248,-0.0014583756689019508,TIE,1,12,0.0304761904761905,0.024238583953260964,0.0304761904761905,0.0185455418991208
d1_low_to_close_recovery,board3_count,JULY,LOW_REGIME,2.0,USABLE_FIXED_MEDIAN_SPLIT,21,17,0.8095238095238095,11,101,0.5399711399711399,0.43564356435643564,-0.007863918460051062,-0.0037542242703533,T7_HIGH,41,44,0.04143109857389225,0.043323183056432735,0.0424528301886793,0.03071883284771615
d1_low_to_close_recovery,board3_count,JUNE,ALL,2.0,USABLE_FIXED_MEDIAN_SPLIT,21,21,1.0,16,110,0.42777777777777776,0.38636363636363635,-0.007408438338455367,-0.007117782507610549,T7_LOW,59,45,0.037810035392631905,0.03995496935993007,0.030502885408079,0.0358744394618834
d1_low_to_close_recovery,board3_count,JUNE,HIGH_REGIME,2.0,USABLE_FIXED_MEDIAN_SPLIT,21,6,0.2857142857142857,4,26,0.375,0.3076923076923077,-0.023774552454947136,-0.0340866195480878,T7_LOW,25,9,0.03690616312651173,0.04554894787649885,0.0228350189633374,0.0389385635996538
d1_low_to_close_recovery,board3_count,JUNE,LOW_REGIME,2.0,USABLE_FIXED_MEDIAN_SPLIT,21,15,0.7142857142857143,12,84,0.4453703703703704,0.4107142857142857,-0.0023427363500174384,-0.0033518668275257513,T7_LOW,34,36,0.03847464735301437,0.03855647473078787,0.038023668379525005,0.03411162198129335
d1_low_to_close_recovery,board3_count,MAY,ALL,2.0,USABLE_FIXED_MEDIAN_SPLIT,18,18,1.0,12,106,0.4051388888888889,0.5566037735849056,0.009769524344887913,0.00521680015166445,T7_LOW,58,30,0.042202841698350445,0.027278483601047454,0.03804280925495965,0.025224647884029748
d1_low_to_close_recovery,board3_count,MAY,HIGH_REGIME,2.0,USABLE_FIXED_MEDIAN_SPLIT,18,10,0.5555555555555556,7,86,0.4802380952380952,0.5813953488372093,0.010306369249340119,0.006673536037393198,T7_LOW,36,24,0.04646338287407883,0.027756556151687383,0.0428685543233842,0.0261306875621169
d1_low_to_close_recovery,board3_count,MAY,LOW_REGIME,2.0,USABLE_FIXED_MEDIAN_SPLIT,18,8,0.4444444444444444,5,20,0.29999999999999993,0.45,0.0074610912557434485,-0.0063657071394068,T7_LOW,22,6,0.03523104704715856,0.025366193398487752,0.0283448736557145,0.0237243641575238
d1_low_to_close_recovery,board4plus_count,JULY,ALL,1.0,USABLE_FIXED_MEDIAN_SPLIT,21,21,1.0,12,105,0.5366402116402116,0.4380952380952381,-0.007530892143885177,-0.0037542242703533,T7_HIGH,42,56,0.04117026742870888,0.03923362610575308,0.042353175657719996,0.029621537089949752
d1_low_to_close_recovery,board4plus_count,JULY,HIGH_REGIME,1.0,USABLE_FIXED_MEDIAN_SPLIT,21,7,0.3333333333333333,4,40,0.5145833333333334,0.35,-0.016660420208659255,-0.005639776901551698,T7_HIGH,11,18,0.028770659613132746,0.046607278186999127,0.0166666666666665,0.0393285930761161
d1_low_to_close_recovery,board4plus_count,JULY,LOW_REGIME,1.0,USABLE_FIXED_MEDIAN_SPLIT,21,14,0.6666666666666666,8,65,0.5476686507936508,0.49230769230769234,-0.00191272102710113,0.0,T7_HIGH,31,38,0.04557012826649396,0.035740843540952326,0.049266247379455,0.02456884092879845
d1_low_to_close_recovery,board4plus_count,JUNE,ALL,1.0,USABLE_FIXED_MEDIAN_SPLIT,21,21,1.0,16,110,0.42777777777777776,0.38636363636363635,-0.007408438338455367,-0.007117782507610549,T7_LOW,59,45,0.037810035392631905,0.03995496935993007,0.030502885408079,0.0358744394618834
d1_low_to_close_recovery,board4plus_count,JUNE,HIGH_REGIME,1.0,USABLE_FIXED_MEDIAN_SPLIT,21,8,0.38095238095238093,6,55,0.3143518518518518,0.36363636363636365,-0.008552538749929065,-0.004276600566993102,T7_LOW,18,23,0.03534056535349969,0.04320428929910154,0.038023668379525005,0.0401188707280831
d1_low_to_close_recovery,board4plus_count,JUNE,LOW_REGIME,1.0,USABLE_FIXED_MEDIAN_SPLIT,21,13,0.6190476190476191,10,55,0.4958333333333333,0.4090909090909091,-0.006264337926981668,-0.013787412952388,T7_LOW,41,22,0.03889419297078749,0.036557953059887155,0.0241320914479254,0.031120054424264652
d1_low_to_close_recovery,board4plus_count,MAY,ALL,1.0,USABLE_FIXED_MEDIAN_SPLIT,18,18,1.0,12,106,0.4051388888888889,0.5566037735849056,0.009769524344887913,0.00521680015166445,T7_LOW,58,30,0.042202841698350445,0.027278483601047454,0.03804280925495965,0.025224647884029748
d1_low_to_close_recovery,board4plus_count,MAY,HIGH_REGIME,1.0,USABLE_FIXED_MEDIAN_SPLIT,18,12,0.6666666666666666,9,56,0.4,0.5,0.008368851442050924,0.0006499827233115998,T7_LOW,35,18,0.03710207803800932,0.027053428976277934,0.0333333333333333,0.025224647884029748
d1_low_to_close_recovery,board4plus_count,MAY,LOW_REGIME,1.0,USABLE_FIXED_MEDIAN_SPLIT,18,6,0.3333333333333333,3,50,0.42055555555555557,0.62,0.011338277996065344,0.006673536037393198,T7_LOW,23,12,0.049964873355391286,0.027616065538201742,0.0496939142960028,0.02648845108191135
d1_low_to_close_recovery,candidate_cohort_d1_afternoon_median,JULY,ALL,-0.00524690298891595,USABLE_FIXED_MEDIAN_SPLIT,21,21,1.0,12,105,0.5366402116402116,0.4380952380952381,-0.007530892143885177,-0.0037542242703533,T7_HIGH,42,56,0.04117026742870888,0.03923362610575308,0.042353175657719996,0.029621537089949752
d1_low_to_close_recovery,candidate_cohort_d1_afternoon_median,JULY,HIGH_REGIME,-0.00524690298891595,USABLE_FIXED_MEDIAN_SPLIT,21,8,0.38095238095238093,3,14,0.5416666666666666,0.5714285714285714,-0.00025558932549416636,0.0026809602379444,T7_HIGH,16,12,0.05590335191506303,0.051301409019239415,0.0561602325257803,0.045825394075870454
d1_low_to_close_recovery,candidate_cohort_d1_afternoon_median,JULY,LOW_REGIME,-0.00524690298891595,USABLE_FIXED_MEDIAN_SPLIT,21,13,0.6190476190476191,9,91,0.5349647266313933,0.4175824175824176,-0.008650169500560717,-0.0046149912781194985,T7_HIGH,26,44,0.032103753898644775,0.03594241258389316,0.03148431054335115,0.0230126523473793
d1_low_to_close_recovery,candidate_cohort_d1_afternoon_median,JUNE,ALL,-0.00524690298891595,USABLE_FIXED_MEDIAN_SPLIT,21,21,1.0,16,110,0.42777777777777776,0.38636363636363635,-0.007408438338455367,-0.007117782507610549,T7_LOW,59,45,0.037810035392631905,0.03995496935993007,0.030502885408079,0.0358744394618834
d1_low_to_close_recovery,candidate_cohort_d1_afternoon_median,JUNE,HIGH_REGIME,-0.00524690298891595,USABLE_FIXED_MEDIAN_SPLIT,21,14,0.6666666666666666,11,90,0.4631313131313131,0.36666666666666664,-0.009559631409224263,-0.014224177043379499,T7_LOW,38,35,0.04420954313005056,0.04460016576958161,0.0407204892634169,0.0389385635996538
d1_low_to_close_recovery,candidate_cohort_d1_afternoon_median,JUNE,LOW_REGIME,-0.00524690298891595,USABLE_FIXED_MEDIAN_SPLIT,21,7,0.3333333333333333,5,20,0.35,0.475,0.002271930480004655,0.0,T7_LOW,21,10,0.026229973772540983,0.02369678192614966,0.0128855915657946,0.0205566097406705
d1_low_to_close_recovery,candidate_cohort_d1_afternoon_median,MAY,ALL,-0.00524690298891595,USABLE_FIXED_MEDIAN_SPLIT,18,18,1.0,12,106,0.4051388888888889,0.5566037735849056,0.009769524344887913,0.00521680015166445,T7_LOW,58,30,0.042202841698350445,0.027278483601047454,0.03804280925495965,0.025224647884029748
d1_low_to_close_recovery,candidate_cohort_d1_afternoon_median,MAY,HIGH_REGIME,-0.00524690298891595,USABLE_FIXED_MEDIAN_SPLIT,18,8,0.4444444444444444,5,60,0.43066666666666664,0.5833333333333334,0.014002798695660408,0.0112292300307779,T7_LOW,26,15,0.05020941640891078,0.03501874406736647,0.0415916579648073,0.0324078373107996
d1_low_to_close_recovery,candidate_cohort_d1_afternoon_median,MAY,LOW_REGIME,-0.00524690298891595,USABLE_FIXED_MEDIAN_SPLIT,18,10,0.5555555555555556,7,46,0.3869047619047619,0.5217391304347826,0.004247862148228143,0.0014654458130610498,T7_LOW,32,15,0.03569749974602017,0.019538223134728437,0.0346390445346903,0.0199100834938985
d1_low_to_close_recovery,candidate_cohort_d1_close_vwap_median,JULY,ALL,-0.00574263957913635,USABLE_FIXED_MEDIAN_SPLIT,21,21,1.0,12,105,0.5366402116402116,0.4380952380952381,-0.007530892143885177,-0.0037542242703533,T7_HIGH,42,56,0.04117026742870888,0.03923362610575308,0.042353175657719996,0.029621537089949752
d1_low_to_close_recovery,candidate_cohort_d1_close_vwap_median,JULY,HIGH_REGIME,-0.00574263957913635,USABLE_FIXED_MEDIAN_SPLIT,21,9,0.42857142857142855,5,25,0.513888888888889,0.52,0.0011645017142152062,0.0019127570267254007,T7_HIGH,20,17,0.05582262816948456,0.05201943595278253,0.0552663128300247,0.0438247011952192
d1_low_to_close_recovery,candidate_cohort_d1_close_vwap_median,JULY,LOW_REGIME,-0.00574263957913635,USABLE_FIXED_MEDIAN_SPLIT,21,12,0.5714285714285714,7,80,0.552891156462585,0.4125,-0.010248202724541546,-0.00426030699541415,T7_HIGH,22,39,0.027849939482549158,0.033660324377560745,0.024238720902263103,0.021784961349262
d1_low_to_close_recovery,candidate_cohort_d1_close_vwap_median,JUNE,ALL,-0.00574263957913635,USABLE_FIXED_MEDIAN_SPLIT,21,21,1.0,16,110,0.42777777777777776,0.38636363636363635,-0.007408438338455367,-0.007117782507610549,T7_LOW,59,45,0.037810035392631905,0.03995496935993007,0.030502885408079,0.0358744394618834
d1_low_to_close_recovery,candidate_cohort_d1_close_vwap_median,JUNE,HIGH_REGIME,-0.00574263957913635,USABLE_FIXED_MEDIAN_SPLIT,21,13,0.6190476190476191,9,74,0.41790123456790124,0.33783783783783783,-0.013686983569032508,-0.016248036135799046,T7_LOW,33,31,0.043908157478241484,0.04528916647469903,0.0405424104054242,0.0393926959376281
d1_low_to_close_recovery,candidate_cohort_d1_close_vwap_median,JUNE,LOW_REGIME,-0.00574263957913635,USABLE_FIXED_MEDIAN_SPLIT,21,8,0.38095238095238093,7,36,0.4404761904761905,0.4861111111111111,0.005497460191064317,0.0,T7_LOW,26,14,0.030070111207050484,0.02814353289151309,0.015111994221685951,0.02649513212795545
d1_low_to_close_recovery,candidate_cohort_d1_close_vwap_median,MAY,ALL,-0.00574263957913635,USABLE_FIXED_MEDIAN_SPLIT,18,18,1.0,12,106,0.4051388888888889,0.5566037735849056,0.009769524344887913,0.00521680015166445,T7_LOW,58,30,0.042202841698350445,0.027278483601047454,0.03804280925495965,0.025224647884029748
d1_low_to_close_recovery,candidate_cohort_d1_close_vwap_median,MAY,HIGH_REGIME,-0.00574263957913635,USABLE_FIXED_MEDIAN_SPLIT,18,8,0.4444444444444444,3,33,0.46222222222222226,0.6666666666666666,0.012629800129949067,0.013239303859977097,T7_LOW,31,8,0.05171966318885889,0.036480747796986825,0.0496939142960028,0.03443122387341265
d1_low_to_close_recovery,candidate_cohort_d1_close_vwap_median,MAY,LOW_REGIME,-0.00574263957913635,USABLE_FIXED_MEDIAN_SPLIT,18,10,0.5555555555555556,9,73,0.38611111111111107,0.5068493150684932,0.008476522962599998,0.0007986954640752998,T7_LOW,27,22,0.03127612072776668,0.02393220571161496,0.0190839694656488,0.02123431073609825
d1_low_to_close_recovery,candidate_cohort_d1_low_close_recovery_median,JULY,ALL,0.0306360580886548,USABLE_FIXED_MEDIAN_SPLIT,21,21,1.0,12,105,0.5366402116402116,0.4380952380952381,-0.007530892143885177,-0.0037542242703533,T7_HIGH,42,56,0.04117026742870888,0.03923362610575308,0.042353175657719996,0.029621537089949752
d1_low_to_close_recovery,candidate_cohort_d1_low_close_recovery_median,JULY,HIGH_REGIME,0.0306360580886548,USABLE_FIXED_MEDIAN_SPLIT,21,10,0.47619047619047616,5,48,0.47071428571428575,0.4166666666666667,-0.010695341595091482,-0.006696676905678852,T7_LOW,24,22,0.048885292706881085,0.05262266232182744,0.04892217133290325,0.046207250795334054
d1_low_to_close_recovery,candidate_cohort_d1_low_close_recovery_median,JULY,LOW_REGIME,0.0306360580886548,USABLE_FIXED_MEDIAN_SPLIT,21,11,0.5238095238095238,7,57,0.5837301587301587,0.45614035087719296,-0.004866092606027235,-0.0016462618927919996,T7_HIGH,18,34,0.03088356705781259,0.03057013208358732,0.01902968026688965,0.0185455418991208
d1_low_to_close_recovery,candidate_cohort_d1_low_close_recovery_median,JUNE,ALL,0.0306360580886548,USABLE_FIXED_MEDIAN_SPLIT,21,21,1.0,16,110,0.42777777777777776,0.38636363636363635,-0.007408438338455367,-0.007117782507610549,T7_LOW,59,45,0.037810035392631905,0.03995496935993007,0.030502885408079,0.0358744394618834
d1_low_to_close_recovery,candidate_cohort_d1_low_close_recovery_median,JUNE,HIGH_REGIME,0.0306360580886548,USABLE_FIXED_MEDIAN_SPLIT,21,11,0.5238095238095238,7,70,0.442063492063492,0.38571428571428573,-0.0062887009779947645,-0.007117782507610549,T7_LOW,23,29,0.044703884830312714,0.04272853014800929,0.0408985681214096,0.0393926959376281
d1_low_to_close_recovery,candidate_cohort_d1_low_close_recovery_median,JUNE,LOW_REGIME,0.0306360580886548,USABLE_FIXED_MEDIAN_SPLIT,21,10,0.47619047619047616,9,40,0.4166666666666667,0.3875,-0.009367978719261424,-0.007731614866023499,T7_LOW,36,16,0.03340563158522471,0.034927890431536476,0.0212194485663726,0.02894078430186845
d1_low_to_close_recovery,candidate_cohort_d1_low_close_recovery_median,MAY,ALL,0.0306360580886548,USABLE_FIXED_MEDIAN_SPLIT,18,18,1.0,12,106,0.4051388888888889,0.5566037735849056,0.009769524344887913,0.00521680015166445,T7_LOW,58,30,0.042202841698350445,0.027278483601047454,0.03804280925495965,0.025224647884029748
d1_low_to_close_recovery,candidate_cohort_d1_low_close_recovery_median,MAY,HIGH_REGIME,0.0306360580886548,USABLE_FIXED_MEDIAN_SPLIT,18,9,0.5,3,32,0.46222222222222226,0.6875,0.01383025959374374,0.014349498110086949,T7_LOW,31,7,0.05235429933260047,0.037994398402995413,0.0496939142960028,0.0364546104360257
d1_low_to_close_recovery,candidate_cohort_d1_low_close_recovery_median,MAY,LOW_REGIME,0.0306360580886548,USABLE_FIXED_MEDIAN_SPLIT,18,9,0.5,9,74,0.3861111111111111,0.5,0.008013530723761072,-1.676762567415029e-05,T7_LOW,27,23,0.03054746441458191,0.024017118226541557,0.0190839694656488,0.022558537978298
d1_low_to_close_recovery,candidate_cohort_d1_open_close_median,JULY,ALL,-0.0208229467324091,USABLE_FIXED_MEDIAN_SPLIT,21,21,1.0,12,105,0.5366402116402116,0.4380952380952381,-0.007530892143885177,-0.0037542242703533,T7_HIGH,42,56,0.04117026742870888,0.03923362610575308,0.042353175657719996,0.029621537089949752
d1_low_to_close_recovery,candidate_cohort_d1_open_close_median,JULY,HIGH_REGIME,-0.0208229467324091,USABLE_FIXED_MEDIAN_SPLIT,21,5,0.23809523809523808,5,47,0.5488888888888889,0.48936170212765956,-0.0016078529384812397,0.0,T7_HIGH,15,15,0.042629261741450215,0.05095265207890836,0.049266247379455,0.038961038961039
d1_low_to_close_recovery,candidate_cohort_d1_open_close_median,JULY,LOW_REGIME,-0.0208229467324091,USABLE_FIXED_MEDIAN_SPLIT,21,16,0.7619047619047619,7,58,0.527891156462585,0.39655172413793105,-0.012330596327574574,-0.004888175523544697,T7_HIGH,27,41,0.04035971503274147,0.03494617757898895,0.0422535211267607,0.0257731958762886
d1_low_to_close_recovery,candidate_cohort_d1_open_close_median,JUNE,ALL,-0.0208229467324091,USABLE_FIXED_MEDIAN_SPLIT,21,21,1.0,16,110,0.42777777777777776,0.38636363636363635,-0.007408438338455367,-0.007117782507610549,T7_LOW,59,45,0.037810035392631905,0.03995496935993007,0.030502885408079,0.0358744394618834
d1_low_to_close_recovery,candidate_cohort_d1_open_close_median,JUNE,HIGH_REGIME,-0.0208229467324091,USABLE_FIXED_MEDIAN_SPLIT,21,14,0.6666666666666666,9,67,0.41790123456790124,0.34328358208955223,-0.012434511271601887,-0.013787412952388,T7_LOW,39,28,0.040130619608101624,0.04487255146779558,0.0370688421353941,0.0397557833328556
d1_low_to_close_recovery,candidate_cohort_d1_open_close_median,JUNE,LOW_REGIME,-0.0208229467324091,USABLE_FIXED_MEDIAN_SPLIT,21,7,0.3333333333333333,7,43,0.4404761904761905,0.45348837209302323,0.00042288460388921364,-0.0019960079840318,T7_LOW,20,17,0.03328489617246591,0.031855422358739824,0.0181802085382648,0.029891304347826
d1_low_to_close_recovery,candidate_cohort_d1_open_close_median,MAY,ALL,-0.0208229467324091,USABLE_FIXED_MEDIAN_SPLIT,18,18,1.0,12,106,0.4051388888888889,0.5566037735849056,0.009769524344887913,0.00521680015166445,T7_LOW,58,30,0.042202841698350445,0.027278483601047454,0.03804280925495965,0.025224647884029748
d1_low_to_close_recovery,candidate_cohort_d1_open_close_median,MAY,HIGH_REGIME,-0.0208229467324091,USABLE_FIXED_MEDIAN_SPLIT,18,11,0.6111111111111112,7,87,0.4326190476190477,0.5632183908045977,0.011236936561720187,0.005955937979993898,T7_LOW,39,22,0.04522366656579476,0.029285477262318563,0.0370554588410843,0.0261306875621169
d1_low_to_close_recovery,candidate_cohort_d1_open_close_median,MAY,LOW_REGIME,-0.0208229467324091,USABLE_FIXED_MEDIAN_SPLIT,18,7,0.3888888888888889,5,19,0.3666666666666666,0.5263157894736842,0.0030503210362348883,0.0021321961620468,T7_LOW,19,8,0.03600220118096475,0.0217592510325519,0.0394477317554239,0.0155684846754235
d1_low_to_close_recovery,final_limit_up_pool_count,JULY,ALL,71.0,USABLE_FIXED_MEDIAN_SPLIT,21,21,1.0,12,105,0.5366402116402116,0.4380952380952381,-0.007530892143885177,-0.0037542242703533,T7_HIGH,42,56,0.04117026742870888,0.03923362610575308,0.042353175657719996,0.029621537089949752
d1_low_to_close_recovery,final_limit_up_pool_count,JULY,HIGH_REGIME,71.0,USABLE_FIXED_MEDIAN_SPLIT,21,8,0.38095238095238093,6,43,0.5552248677248678,0.5348837209302325,-0.0019051144073795852,0.003449163449163399,T7_HIGH,17,26,0.05165449894529806,0.04811945416095117,0.0467494521548576,0.033687487242294346
d1_low_to_close_recovery,final_limit_up_pool_count,JULY,LOW_REGIME,71.0,USABLE_FIXED_MEDIAN_SPLIT,21,13,0.6190476190476191,6,62,0.5180555555555556,0.3709677419354839,-0.01143264121920357,-0.005093608251934799,T7_HIGH,25,30,0.03404098999742823,0.031532575124581394,0.0291848373029185,0.0185455418991208
d1_low_to_close_recovery,final_limit_up_pool_count,JUNE,ALL,71.0,USABLE_FIXED_MEDIAN_SPLIT,21,21,1.0,16,110,0.42777777777777776,0.38636363636363635,-0.007408438338455367,-0.007117782507610549,T7_LOW,59,45,0.037810035392631905,0.03995496935993007,0.030502885408079,0.0358744394618834
d1_low_to_close_recovery,final_limit_up_pool_count,JUNE,HIGH_REGIME,71.0,USABLE_FIXED_MEDIAN_SPLIT,21,12,0.5714285714285714,10,69,0.43194444444444446,0.4057971014492754,-0.004738901745978938,-0.0058535205747294,T7_LOW,34,27,0.035359820813222115,0.04046788265621058,0.022549447005267252,0.0358744394618834
d1_low_to_close_recovery,final_limit_up_pool_count,JUNE,LOW_REGIME,71.0,USABLE_FIXED_MEDIAN_SPLIT,21,9,0.42857142857142855,6,41,0.42083333333333334,0.35365853658536583,-0.011901073091647403,-0.013787412952388,T7_LOW,25,18,0.0411423272206292,0.03918559941550928,0.0370688421353941,0.0330860137861447
d1_low_to_close_recovery,final_limit_up_pool_count,MAY,ALL,71.0,USABLE_FIXED_MEDIAN_SPLIT,18,18,1.0,12,106,0.4051388888888889,0.5566037735849056,0.009769524344887913,0.00521680015166445,T7_LOW,58,30,0.042202841698350445,0.027278483601047454,0.03804280925495965,0.025224647884029748
d1_low_to_close_recovery,final_limit_up_pool_count,MAY,HIGH_REGIME,71.0,USABLE_FIXED_MEDIAN_SPLIT,18,10,0.5555555555555556,6,42,0.31249999999999994,0.47619047619047616,0.0022584023991128166,-0.0033454942438023005,T7_LOW,26,14,0.03627476662808673,0.026774409141706024,0.0371473216480195,0.0261306875621169
d1_low_to_close_recovery,final_limit_up_pool_count,MAY,LOW_REGIME,71.0,USABLE_FIXED_MEDIAN_SPLIT,18,8,0.4444444444444444,6,64,0.4977777777777777,0.609375,0.014698698121802824,0.00922865236434305,T7_LOW,32,16,0.04701940269293972,0.027719548752971213,0.03852772942054215,0.01685655422745115
d1_low_to_close_recovery,first_break_candidate_count,JULY,ALL,7.0,USABLE_FIXED_MEDIAN_SPLIT,21,21,1.0,12,105,0.5366402116402116,0.4380952380952381,-0.007530892143885177,-0.0037542242703533,T7_HIGH,42,56,0.04117026742870888,0.03923362610575308,0.042353175657719996,0.029621537089949752
d1_low_to_close_recovery,first_break_candidate_count,JULY,HIGH_REGIME,7.0,USABLE_FIXED_MEDIAN_SPLIT,21,9,0.42857142857142855,8,92,0.44558531746031743,0.391304347826087,-0.011498286231368391,-0.005093608251934799,T7_LOW,26,37,0.036698602922450634,0.04337020565938033,0.035672379696769896,0.0308310991957105
d1_low_to_close_recovery,first_break_candidate_count,JULY,LOW_REGIME,7.0,USABLE_FIXED_MEDIAN_SPLIT,21,12,0.5714285714285714,4,13,0.71875,0.7692307692307693,0.020546050629072946,0.0192926045016077,T7_HIGH,16,19,0.04843672225137852,0.031178181711847386,0.049940921227347196,0.0153061224489796
d1_low_to_close_recovery,first_break_candidate_count,JUNE,ALL,7.0,USABLE_FIXED_MEDIAN_SPLIT,21,21,1.0,16,110,0.42777777777777776,0.38636363636363635,-0.007408438338455367,-0.007117782507610549,T7_LOW,59,45,0.037810035392631905,0.03995496935993007,0.030502885408079,0.0358744394618834
d1_low_to_close_recovery,first_break_candidate_count,JUNE,HIGH_REGIME,7.0,USABLE_FIXED_MEDIAN_SPLIT,21,9,0.42857142857142855,8,81,0.5170138888888889,0.3950617283950617,-0.008139412460186889,-0.004276600566993102,T7_HIGH,38,27,0.03579814026569897,0.036691992913667544,0.0234835552056314,0.0329218106995884
d1_low_to_close_recovery,first_break_candidate_count,JUNE,LOW_REGIME,7.0,USABLE_FIXED_MEDIAN_SPLIT,21,12,0.5714285714285714,8,29,0.33854166666666663,0.3620689655172414,-0.005366751998446634,-0.016160936100479896,T7_LOW,21,18,0.04145060752708194,0.044849434029323856,0.0408985681214096,0.047887873964318
d1_low_to_close_recovery,first_break_candidate_count,MAY,ALL,7.0,USABLE_FIXED_MEDIAN_SPLIT,18,18,1.0,12,106,0.4051388888888889,0.5566037735849056,0.009769524344887913,0.00521680015166445,T7_LOW,58,30,0.042202841698350445,0.027278483601047454,0.03804280925495965,0.025224647884029748
d1_low_to_close_recovery,first_break_candidate_count,MAY,HIGH_REGIME,7.0,USABLE_FIXED_MEDIAN_SPLIT,18,11,0.6111111111111112,8,97,0.4827083333333333,0.5773195876288659,0.011275768970752128,0.007391134094792497,T7_LOW,47,25,0.046543151625711245,0.0276668966319186,0.0410714285714286,0.0255591054313099
d1_low_to_close_recovery,first_break_candidate_count,MAY,LOW_REGIME,7.0,USABLE_FIXED_MEDIAN_SPLIT,18,7,0.3888888888888889,4,9,0.25,0.3333333333333333,-0.0064644455116486,-0.007164813881199302,T7_LOW,11,5,0.023657881099627024,0.025336418446691746,0.0153937240970987,0.0248901903367496
d1_low_to_close_recovery,max_board_height,JULY,ALL,4.0,USABLE_FIXED_MEDIAN_SPLIT,21,21,1.0,12,105,0.5366402116402116,0.4380952380952381,-0.007530892143885177,-0.0037542242703533,T7_HIGH,42,56,0.04117026742870888,0.03923362610575308,0.042353175657719996,0.029621537089949752
d1_low_to_close_recovery,max_board_height,JULY,HIGH_REGIME,4.0,USABLE_FIXED_MEDIAN_SPLIT,21,10,0.47619047619047616,6,56,0.5430555555555555,0.39285714285714285,-0.010042661891815161,-0.0049718224488651,T7_HIGH,15,25,0.04024188129676585,0.0432590527744328,0.0315972978862497,0.0368421052631578
d1_low_to_close_recovery,max_board_height,JULY,LOW_REGIME,4.0,USABLE_FIXED_MEDIAN_SPLIT,21,11,0.5238095238095238,6,49,0.5302248677248678,0.4897959183673469,-0.00466029814625091,0.0,T7_HIGH,27,31,0.04168603750201055,0.035987314276172654,0.0467494521548576,0.0226608187134503
d1_low_to_close_recovery,max_board_height,JUNE,ALL,4.0,USABLE_FIXED_MEDIAN_SPLIT,21,21,1.0,16,110,0.42777777777777776,0.38636363636363635,-0.007408438338455367,-0.007117782507610549,T7_LOW,59,45,0.037810035392631905,0.03995496935993007,0.030502885408079,0.0358744394618834
d1_low_to_close_recovery,max_board_height,JUNE,HIGH_REGIME,4.0,USABLE_FIXED_MEDIAN_SPLIT,21,7,0.3333333333333333,5,38,0.27166666666666667,0.32894736842105265,-0.009443858367031863,-0.010418292353519399,T7_LOW,23,14,0.03336143636060853,0.042917437917385066,0.0182215743440233,0.0437170628492081
d1_low_to_close_recovery,max_board_height,JUNE,LOW_REGIME,4.0,USABLE_FIXED_MEDIAN_SPLIT,21,14,0.6666666666666666,11,72,0.4987373737373737,0.4166666666666667,-0.006334188878928884,-0.005065060570861251,T7_LOW,36,31,0.040652195885313484,0.038617080333982645,0.03933051715309775,0.0323488045007033
d1_low_to_close_recovery,max_board_height,MAY,ALL,4.0,USABLE_FIXED_MEDIAN_SPLIT,18,18,1.0,12,106,0.4051388888888889,0.5566037735849056,0.009769524344887913,0.00521680015166445,T7_LOW,58,30,0.042202841698350445,0.027278483601047454,0.03804280925495965,0.025224647884029748
d1_low_to_close_recovery,max_board_height,MAY,HIGH_REGIME,4.0,USABLE_FIXED_MEDIAN_SPLIT,18,11,0.6111111111111112,7,51,0.4666666666666667,0.5294117647058824,0.010325996051228173,0.0041947878887196996,T7_LOW,37,15,0.04199288783201643,0.025893651181030423,0.039030159668835,0.022558537978298
d1_low_to_close_recovery,max_board_height,MAY,LOW_REGIME,4.0,USABLE_FIXED_MEDIAN_SPLIT,18,7,0.3888888888888889,5,55,0.319,0.5818181818181818,0.00925352330809968,0.005690266325186599,T7_LOW,21,15,0.042572760415224675,0.028663316021064485,0.0370554588410843,0.0284640171858215
d1_low_to_close_recovery,promotion_rate,JULY,ALL,0.17660818713450285,USABLE_FIXED_MEDIAN_SPLIT,21,21,1.0,12,105,0.5366402116402116,0.4380952380952381,-0.007530892143885177,-0.0037542242703533,T7_HIGH,42,56,0.04117026742870888,0.03923362610575308,0.042353175657719996,0.029621537089949752
d1_low_to_close_recovery,promotion_rate,JULY,HIGH_REGIME,0.17660818713450285,USABLE_FIXED_MEDIAN_SPLIT,21,10,0.47619047619047616,5,35,0.6555555555555556,0.6571428571428571,0.010126475117697454,0.011089921694391599,T7_HIGH,16,23,0.04876845613569726,0.03474902061363727,0.051908218078478896,0.0270270270270271
d1_low_to_close_recovery,promotion_rate,JULY,LOW_REGIME,0.17660818713450285,USABLE_FIXED_MEDIAN_SPLIT,21,11,0.5238095238095238,7,70,0.4517006802721088,0.32857142857142857,-0.01635957577467649,-0.01064367816091945,T7_LOW,26,33,0.0364944589936391,0.04235926023662166,0.035672379696769896,0.0308310991957105
d1_low_to_close_recovery,promotion_rate,JUNE,ALL,0.17660818713450285,USABLE_FIXED_MEDIAN_SPLIT,21,21,1.0,16,110,0.42777777777777776,0.38636363636363635,-0.007408438338455367,-0.007117782507610549,T7_LOW,59,45,0.037810035392631905,0.03995496935993007,0.030502885408079,0.0358744394618834
d1_low_to_close_recovery,promotion_rate,JUNE,HIGH_REGIME,0.17660818713450285,USABLE_FIXED_MEDIAN_SPLIT,21,8,0.38095238095238093,7,40,0.4583333333333333,0.375,-0.008976695706490881,-0.014974174526433948,T7_LOW,26,16,0.04194917795032486,0.04327704733599702,0.039938531372532754,0.03435622043216985
d1_low_to_close_recovery,promotion_rate,JUNE,LOW_REGIME,0.17660818713450285,USABLE_FIXED_MEDIAN_SPLIT,21,13,0.6190476190476191,9,70,0.40401234567901234,0.39285714285714285,-0.006512291271006503,-0.005065060570861251,T7_LOW,33,29,0.03454889277141925,0.038122098752444857,0.0209668025626091,0.0358744394618834
d1_low_to_close_recovery,promotion_rate,MAY,ALL,0.17660818713450285,USABLE_FIXED_MEDIAN_SPLIT,18,18,1.0,12,106,0.4051388888888889,0.5566037735849056,0.009769524344887913,0.00521680015166445,T7_LOW,58,30,0.042202841698350445,0.027278483601047454,0.03804280925495965,0.025224647884029748
d1_low_to_close_recovery,promotion_rate,MAY,HIGH_REGIME,0.17660818713450285,USABLE_FIXED_MEDIAN_SPLIT,18,12,0.6666666666666666,6,42,0.31249999999999994,0.47619047619047616,0.0022584023991128166,-0.0033454942438023005,T7_LOW,36,14,0.04358390667557574,0.026774409141706024,0.04025958016342625,0.0261306875621169
d1_low_to_close_recovery,promotion_rate,MAY,LOW_REGIME,0.17660818713450285,USABLE_FIXED_MEDIAN_SPLIT,18,6,0.3333333333333333,6,64,0.4977777777777777,0.609375,0.014698698121802824,0.00922865236434305,T7_LOW,22,16,0.039942917190163615,0.027719548752971213,0.0334941481282944,0.01685655422745115
d1_open_to_close_return_raw,board2_count,JULY,ALL,7.0,USABLE_FIXED_MEDIAN_SPLIT,21,21,1.0,12,105,0.35333994708994715,0.34285714285714286,-0.023477259580481226,-0.028041343603298404,T7_LOW,42,56,-0.02239427211941409,-0.013215827519616313,-0.0209128034669044,-0.02261707717569775
d1_open_to_close_return_raw,board2_count,JULY,HIGH_REGIME,7.0,USABLE_FIXED_MEDIAN_SPLIT,21,9,0.42857142857142855,6,42,0.22354497354497357,0.23809523809523808,-0.04734445714748759,-0.0534309315926067,T7_LOW,13,24,-0.03995946607339306,-0.003595838659414967,-0.0578512396694214,-0.0093194074257732
d1_open_to_close_return_raw,board2_count,JULY,LOW_REGIME,7.0,USABLE_FIXED_MEDIAN_SPLIT,21,12,0.5714285714285714,6,63,0.48313492063492064,0.4126984126984127,-0.007565794535810319,-0.0128300901136216,T7_LOW,29,32,-0.014520219657285584,-0.020430819164767328,-0.0183673469387756,-0.0258862506361821
d1_open_to_close_return_raw,board2_count,JUNE,ALL,7.0,USABLE_FIXED_MEDIAN_SPLIT,21,21,1.0,16,110,0.4557291666666667,0.34545454545454546,-0.025646289965072,-0.03898389762083925,T7_LOW,59,45,-0.01907903281573772,-0.0035901419096458706,-0.0172684458398744,0.004
d1_open_to_close_return_raw,board2_count,JUNE,HIGH_REGIME,7.0,USABLE_FIXED_MEDIAN_SPLIT,21,10,0.47619047619047616,7,61,0.40476190476190477,0.2459016393442623,-0.04246505294967168,-0.0477325106317222,T7_LOW,39,19,-0.013664378274011818,0.014192363040563687,-0.0158365848060592,0.0113333333333334
d1_open_to_close_return_raw,board2_count,JUNE,LOW_REGIME,7.0,USABLE_FIXED_MEDIAN_SPLIT,21,11,0.5238095238095238,9,49,0.49537037037037035,0.46938775510204084,-0.004708646249549959,-0.0065380710659899005,T7_LOW,20,26,-0.02963760917210324,-0.01658504937326055,-0.036091095873910295,-0.0280761013097268
d1_open_to_close_return_raw,board2_count,MAY,ALL,7.0,USABLE_FIXED_MEDIAN_SPLIT,18,18,1.0,12,106,0.4793055555555555,0.5377358490566038,0.005897416641771014,0.005366664182352151,T7_LOW,58,30,-0.012033305540536506,-0.026671368790792783,-0.006411079626247649,-0.0135689867412265
d1_open_to_close_return_raw,board2_count,MAY,HIGH_REGIME,7.0,USABLE_FIXED_MEDIAN_SPLIT,18,10,0.5555555555555556,7,72,0.5549999999999999,0.5833333333333334,0.008314023996217066,0.009900981260162301,T7_HIGH,33,22,-0.011103091211624052,-0.027234245417389714,-0.0029052876234747,-0.00852964661328225
d1_open_to_close_return_raw,board2_count,MAY,LOW_REGIME,7.0,USABLE_FIXED_MEDIAN_SPLIT,18,8,0.4444444444444444,5,34,0.3733333333333333,0.4411764705882353,0.0007798951852970186,-0.004990244648809952,T7_LOW,25,8,-0.013261188454700944,-0.025123458067651212,-0.008891523414345,-0.01607460857096605
d1_open_to_close_return_raw,board3_count,JULY,ALL,2.0,USABLE_FIXED_MEDIAN_SPLIT,21,21,1.0,12,105,0.35333994708994715,0.34285714285714286,-0.023477259580481226,-0.028041343603298404,T7_LOW,42,56,-0.02239427211941409,-0.013215827519616313,-0.0209128034669044,-0.02261707717569775
d1_open_to_close_return_raw,board3_count,JULY,HIGH_REGIME,2.0,USABLE_FIXED_MEDIAN_SPLIT,21,4,0.19047619047619047,1,4,0.25,0.25,-0.018798226390199527,-0.02696141973629975,T7_LOW,1,12,-0.0525394045534149,-0.046021557096175614,-0.0525394045534149,-0.03292162612489995
d1_open_to_close_return_raw,board3_count,JULY,LOW_REGIME,2.0,USABLE_FIXED_MEDIAN_SPLIT,21,17,0.8095238095238095,11,101,0.36273448773448774,0.3465346534653465,-0.023662567825640902,-0.028041343603298404,T7_LOW,41,44,-0.021659024986877485,-0.0042688103623728674,-0.0205058099794942,-0.01310654100830325
d1_open_to_close_return_raw,board3_count,JUNE,ALL,2.0,USABLE_FIXED_MEDIAN_SPLIT,21,21,1.0,16,110,0.4557291666666667,0.34545454545454546,-0.025646289965072,-0.03898389762083925,T7_LOW,59,45,-0.01907903281573772,-0.0035901419096458706,-0.0172684458398744,0.004
d1_open_to_close_return_raw,board3_count,JUNE,HIGH_REGIME,2.0,USABLE_FIXED_MEDIAN_SPLIT,21,6,0.2857142857142857,4,26,0.28125,0.19230769230769232,-0.04972322570003158,-0.0666263716419026,T7_LOW,25,9,-0.012080455956777938,0.016469784529297822,-0.0158365848060592,0.0257142857142855
d1_open_to_close_return_raw,board3_count,JUNE,LOW_REGIME,2.0,USABLE_FIXED_MEDIAN_SPLIT,21,15,0.7142857142857143,12,84,0.5138888888888888,0.39285714285714285,-0.018193905094727368,-0.0314608406835568,T7_HIGH,34,36,-0.024225045212031688,-0.008605123519381794,-0.0267688055755828,-0.0032879320445226004
d1_open_to_close_return_raw,board3_count,MAY,ALL,2.0,USABLE_FIXED_MEDIAN_SPLIT,18,18,1.0,12,106,0.4793055555555555,0.5377358490566038,0.005897416641771014,0.005366664182352151,T7_LOW,58,30,-0.012033305540536506,-0.026671368790792783,-0.006411079626247649,-0.0135689867412265
d1_open_to_close_return_raw,board3_count,MAY,HIGH_REGIME,2.0,USABLE_FIXED_MEDIAN_SPLIT,18,10,0.5555555555555556,7,86,0.4883333333333333,0.5697674418604651,0.010783522361592612,0.009900981260162301,T7_LOW,36,24,-0.0018163556554676341,-0.022980297515490227,0.00152184347899905,-0.00852964661328225
d1_open_to_close_return_raw,board3_count,MAY,LOW_REGIME,2.0,USABLE_FIXED_MEDIAN_SPLIT,18,8,0.4444444444444444,5,20,0.4666666666666667,0.4,-0.01511283795346186,-0.014322116377950948,T7_LOW,22,6,-0.02875195080701284,-0.04143565389200298,-0.0298901355773726,-0.02477460730551165
d1_open_to_close_return_raw,board4plus_count,JULY,ALL,1.0,USABLE_FIXED_MEDIAN_SPLIT,21,21,1.0,12,105,0.35333994708994715,0.34285714285714286,-0.023477259580481226,-0.028041343603298404,T7_LOW,42,56,-0.02239427211941409,-0.013215827519616313,-0.0209128034669044,-0.02261707717569775
d1_open_to_close_return_raw,board4plus_count,JULY,HIGH_REGIME,1.0,USABLE_FIXED_MEDIAN_SPLIT,21,7,0.3333333333333333,4,40,0.16220238095238096,0.3,-0.032860729078834014,-0.0328001699232143,T7_LOW,11,18,-0.04614163385086997,-0.004887160070446906,-0.0627118644067796,-0.0248760299625468
d1_open_to_close_return_raw,board4plus_count,JULY,LOW_REGIME,1.0,USABLE_FIXED_MEDIAN_SPLIT,21,14,0.6666666666666666,8,65,0.4489087301587302,0.36923076923076925,-0.017702816812264124,-0.027488105449022002,T7_LOW,31,38,-0.013967788924381356,-0.01716098578501235,-0.0176565008025683,-0.02170684685968275
d1_open_to_close_return_raw,board4plus_count,JUNE,ALL,1.0,USABLE_FIXED_MEDIAN_SPLIT,21,21,1.0,16,110,0.4557291666666667,0.34545454545454546,-0.025646289965072,-0.03898389762083925,T7_LOW,59,45,-0.01907903281573772,-0.0035901419096458706,-0.0172684458398744,0.004
d1_open_to_close_return_raw,board4plus_count,JUNE,HIGH_REGIME,1.0,USABLE_FIXED_MEDIAN_SPLIT,21,8,0.38095238095238093,6,55,0.25,0.2545454545454545,-0.040845779589204705,-0.0392793022039384,T7_LOW,18,23,-0.038931183838358925,0.01136878897970167,-0.03109838285719775,0.0114155251141552
d1_open_to_close_return_raw,board4plus_count,JUNE,LOW_REGIME,1.0,USABLE_FIXED_MEDIAN_SPLIT,21,13,0.6190476190476191,10,55,0.5791666666666667,0.43636363636363634,-0.0104468003409393,-0.0341042144856775,T7_HIGH,41,22,-0.010363454318001585,-0.019229024203054664,-0.0098,-0.03049411648872975
d1_open_to_close_return_raw,board4plus_count,MAY,ALL,1.0,USABLE_FIXED_MEDIAN_SPLIT,18,18,1.0,12,106,0.4793055555555555,0.5377358490566038,0.005897416641771014,0.005366664182352151,T7_LOW,58,30,-0.012033305540536506,-0.026671368790792783,-0.006411079626247649,-0.0135689867412265
d1_open_to_close_return_raw,board4plus_count,MAY,HIGH_REGIME,1.0,USABLE_FIXED_MEDIAN_SPLIT,18,12,0.6666666666666666,9,56,0.3787037037037037,0.4107142857142857,-0.006830359349016891,-0.010475822241851156,T7_LOW,35,18,-0.03301337949683025,-0.03488693929425972,-0.037107156380159,-0.02520718513982445
d1_open_to_close_return_raw,board4plus_count,MAY,LOW_REGIME,1.0,USABLE_FIXED_MEDIAN_SPLIT,18,6,0.3333333333333333,3,50,0.7811111111111112,0.68,0.020152525751453463,0.016517903408858853,T7_HIGH,23,12,0.019892893958171377,-0.014348013035592374,0.0193423597678916,-0.0037928045080191
d1_open_to_close_return_raw,candidate_cohort_d1_afternoon_median,JULY,ALL,-0.00524690298891595,USABLE_FIXED_MEDIAN_SPLIT,21,21,1.0,12,105,0.35333994708994715,0.34285714285714286,-0.023477259580481226,-0.028041343603298404,T7_LOW,42,56,-0.02239427211941409,-0.013215827519616313,-0.0209128034669044,-0.02261707717569775
d1_open_to_close_return_raw,candidate_cohort_d1_afternoon_median,JULY,HIGH_REGIME,-0.00524690298891595,USABLE_FIXED_MEDIAN_SPLIT,21,8,0.38095238095238093,3,14,0.4583333333333333,0.2857142857142857,-0.028792767501147905,-0.018803765398972955,T7_LOW,16,12,-0.01938565976923637,-0.008130026603545134,-0.0258017197610131,-0.0299600912552407
d1_open_to_close_return_raw,candidate_cohort_d1_afternoon_median,JULY,LOW_REGIME,-0.00524690298891595,USABLE_FIXED_MEDIAN_SPLIT,21,13,0.6190476190476191,9,91,0.318342151675485,0.3516483516483517,-0.022659489131147896,-0.0296593381914782,T7_LOW,26,44,-0.024245725873369612,-0.014602864133090272,-0.012209608825277,-0.02170684685968275
d1_open_to_close_return_raw,candidate_cohort_d1_afternoon_median,JUNE,ALL,-0.00524690298891595,USABLE_FIXED_MEDIAN_SPLIT,21,21,1.0,16,110,0.4557291666666667,0.34545454545454546,-0.025646289965072,-0.03898389762083925,T7_LOW,59,45,-0.01907903281573772,-0.0035901419096458706,-0.0172684458398744,0.004
d1_open_to_close_return_raw,candidate_cohort_d1_afternoon_median,JUNE,HIGH_REGIME,-0.00524690298891595,USABLE_FIXED_MEDIAN_SPLIT,21,14,0.6666666666666666,11,90,0.41287878787878785,0.28888888888888886,-0.03492404787554613,-0.042377400841050045,T7_LOW,38,35,-0.012762069269155756,0.0048176217165570604,-0.01667702121515735,0.0059563203176704
d1_open_to_close_return_raw,candidate_cohort_d1_afternoon_median,JUNE,LOW_REGIME,-0.00524690298891595,USABLE_FIXED_MEDIAN_SPLIT,21,7,0.3333333333333333,5,20,0.55,0.6,0.016103620632061603,0.027608426839747152,T7_HIGH,21,10,-0.030509728757171766,-0.03301731460135614,-0.04149377593361,-0.0280761013097268
d1_open_to_close_return_raw,candidate_cohort_d1_afternoon_median,MAY,ALL,-0.00524690298891595,USABLE_FIXED_MEDIAN_SPLIT,18,18,1.0,12,106,0.4793055555555555,0.5377358490566038,0.005897416641771014,0.005366664182352151,T7_LOW,58,30,-0.012033305540536506,-0.026671368790792783,-0.006411079626247649,-0.0135689867412265
d1_open_to_close_return_raw,candidate_cohort_d1_afternoon_median,MAY,HIGH_REGIME,-0.00524690298891595,USABLE_FIXED_MEDIAN_SPLIT,18,8,0.4444444444444444,5,60,0.492,0.5666666666666667,0.011212811653428304,0.017110956245885302,T7_LOW,26,15,-0.0037581215996926537,-0.007662002616571458,-0.0041647369233576,-0.0075856090160382
d1_open_to_close_return_raw,candidate_cohort_d1_afternoon_median,MAY,LOW_REGIME,-0.00524690298891595,USABLE_FIXED_MEDIAN_SPLIT,18,10,0.5555555555555556,7,46,0.4702380952380953,0.5,-0.001035707286477627,-0.0003635460049744,T7_LOW,32,15,-0.018756892492472137,-0.045680734965014104,-0.006411079626247649,-0.0347708894878705
d1_open_to_close_return_raw,candidate_cohort_d1_close_vwap_median,JULY,ALL,-0.00574263957913635,USABLE_FIXED_MEDIAN_SPLIT,21,21,1.0,12,105,0.35333994708994715,0.34285714285714286,-0.023477259580481226,-0.028041343603298404,T7_LOW,42,56,-0.02239427211941409,-0.013215827519616313,-0.0209128034669044,-0.02261707717569775
d1_open_to_close_return_raw,candidate_cohort_d1_close_vwap_median,JULY,HIGH_REGIME,-0.00574263957913635,USABLE_FIXED_MEDIAN_SPLIT,21,9,0.42857142857142855,5,25,0.48611111111111105,0.4,-0.019457618526087787,-0.0128300901136216,T7_LOW,20,17,-0.013058890358164843,-1.9431631373039128e-05,-0.0209128034669044,-0.0198412698412697
d1_open_to_close_return_raw,candidate_cohort_d1_close_vwap_median,JULY,LOW_REGIME,-0.00574263957913635,USABLE_FIXED_MEDIAN_SPLIT,21,12,0.5714285714285714,7,80,0.2585034013605442,0.325,-0.024733397409979176,-0.030953395459991248,T7_LOW,22,39,-0.030880982811458856,-0.018968102650389024,-0.023272694845728602,-0.0230666666666666
d1_open_to_close_return_raw,candidate_cohort_d1_close_vwap_median,JUNE,ALL,-0.00574263957913635,USABLE_FIXED_MEDIAN_SPLIT,21,21,1.0,16,110,0.4557291666666667,0.34545454545454546,-0.025646289965072,-0.03898389762083925,T7_LOW,59,45,-0.01907903281573772,-0.0035901419096458706,-0.0172684458398744,0.004
d1_open_to_close_return_raw,candidate_cohort_d1_close_vwap_median,JUNE,HIGH_REGIME,-0.00574263957913635,USABLE_FIXED_MEDIAN_SPLIT,21,13,0.6190476190476191,9,74,0.3472222222222222,0.22972972972972974,-0.04484116562754029,-0.04846391077518245,T7_LOW,33,31,-0.012441589867693333,0.014049253937153307,-0.0172250101722502,0.0136
d1_open_to_close_return_raw,candidate_cohort_d1_close_vwap_median,JUNE,LOW_REGIME,-0.00574263957913635,USABLE_FIXED_MEDIAN_SPLIT,21,8,0.38095238095238093,7,36,0.5952380952380951,0.5833333333333334,0.01380984334111283,0.022202281567401352,T7_HIGH,26,14,-0.02750347963440945,-0.04264880414184406,-0.03293475954825565,-0.0473521729764661
d1_open_to_close_return_raw,candidate_cohort_d1_close_vwap_median,MAY,ALL,-0.00574263957913635,USABLE_FIXED_MEDIAN_SPLIT,18,18,1.0,12,106,0.4793055555555555,0.5377358490566038,0.005897416641771014,0.005366664182352151,T7_LOW,58,30,-0.012033305540536506,-0.026671368790792783,-0.006411079626247649,-0.0135689867412265
d1_open_to_close_return_raw,candidate_cohort_d1_close_vwap_median,MAY,HIGH_REGIME,-0.00574263957913635,USABLE_FIXED_MEDIAN_SPLIT,18,8,0.4444444444444444,3,33,0.5311111111111111,0.6666666666666666,0.0211398795916156,0.0174584552910974,T7_HIGH,31,8,0.005932170343487681,-0.008190200710833737,0.0046428571428571,-0.0037928045080191
d1_open_to_close_return_raw,candidate_cohort_d1_close_vwap_median,MAY,LOW_REGIME,-0.00574263957913635,USABLE_FIXED_MEDIAN_SPLIT,18,10,0.5555555555555556,9,73,0.462037037037037,0.4794520547945205,-0.000993011815008046,-0.0024478434240632896,T7_LOW,27,22,-0.032660333407379095,-0.03339179354714152,-0.037107156380159,-0.01607460857096605
d1_open_to_close_return_raw,candidate_cohort_d1_low_close_recovery_median,JULY,ALL,0.0306360580886548,USABLE_FIXED_MEDIAN_SPLIT,21,21,1.0,12,105,0.35333994708994715,0.34285714285714286,-0.023477259580481226,-0.028041343603298404,T7_LOW,42,56,-0.02239427211941409,-0.013215827519616313,-0.0209128034669044,-0.02261707717569775
d1_open_to_close_return_raw,candidate_cohort_d1_low_close_recovery_median,JULY,HIGH_REGIME,0.0306360580886548,USABLE_FIXED_MEDIAN_SPLIT,21,10,0.47619047619047616,5,48,0.3821428571428571,0.2708333333333333,-0.032866889789542025,-0.030036085477145452,T7_LOW,24,22,-0.01647277672848485,0.006255792195949827,-0.0194365784591349,-0.01558101227912535
d1_open_to_close_return_raw,candidate_cohort_d1_low_close_recovery_median,JULY,LOW_REGIME,0.0306360580886548,USABLE_FIXED_MEDIAN_SPLIT,21,11,0.5238095238095238,7,57,0.33276643990929705,0.40350877192982454,-0.015570202562324758,-0.012264847968172801,T7_LOW,18,34,-0.030289599307319743,-0.025815110864982643,-0.030474978795589452,-0.0258862506361821
d1_open_to_close_return_raw,candidate_cohort_d1_low_close_recovery_median,JUNE,ALL,0.0306360580886548,USABLE_FIXED_MEDIAN_SPLIT,21,21,1.0,16,110,0.4557291666666667,0.34545454545454546,-0.025646289965072,-0.03898389762083925,T7_LOW,59,45,-0.01907903281573772,-0.0035901419096458706,-0.0172684458398744,0.004
d1_open_to_close_return_raw,candidate_cohort_d1_low_close_recovery_median,JUNE,HIGH_REGIME,0.0306360580886548,USABLE_FIXED_MEDIAN_SPLIT,21,11,0.5238095238095238,7,70,0.36309523809523814,0.2857142857142857,-0.033745216505683705,-0.0396898771882863,T7_LOW,23,29,-0.025103668596827392,0.009073776018023564,-0.026140350877193,0.0113333333333334
d1_open_to_close_return_raw,candidate_cohort_d1_low_close_recovery_median,JUNE,LOW_REGIME,0.0306360580886548,USABLE_FIXED_MEDIAN_SPLIT,21,10,0.47619047619047616,9,40,0.5277777777777778,0.45,-0.011473168519001499,-0.0300106763323696,T7_HIGH,36,16,-0.01522995995559711,-0.026543493153546725,-0.0130203332193561,-0.044386991355682
d1_open_to_close_return_raw,candidate_cohort_d1_low_close_recovery_median,MAY,ALL,0.0306360580886548,USABLE_FIXED_MEDIAN_SPLIT,18,18,1.0,12,106,0.4793055555555555,0.5377358490566038,0.005897416641771014,0.005366664182352151,T7_LOW,58,30,-0.012033305540536506,-0.026671368790792783,-0.006411079626247649,-0.0135689867412265
d1_open_to_close_return_raw,candidate_cohort_d1_low_close_recovery_median,MAY,HIGH_REGIME,0.0306360580886548,USABLE_FIXED_MEDIAN_SPLIT,18,9,0.5,3,32,0.6977777777777777,0.6875,0.02501739149994551,0.0258254294445196,T7_HIGH,31,7,0.007198359441240424,-0.015614391838404712,0.0075,-0.0075856090160382
d1_open_to_close_return_raw,candidate_cohort_d1_low_close_recovery_median,MAY,LOW_REGIME,0.0306360580886548,USABLE_FIXED_MEDIAN_SPLIT,18,9,0.5,9,74,0.40648148148148144,0.47297297297297297,-0.002370680594196336,-0.003401319666949787,T7_LOW,27,23,-0.03411410607516928,-0.03003653568934567,-0.037107156380159,-0.0147783251231528
d1_open_to_close_return_raw,candidate_cohort_d1_open_close_median,JULY,ALL,-0.0208229467324091,USABLE_FIXED_MEDIAN_SPLIT,21,21,1.0,12,105,0.35333994708994715,0.34285714285714286,-0.023477259580481226,-0.028041343603298404,T7_LOW,42,56,-0.02239427211941409,-0.013215827519616313,-0.0209128034669044,-0.02261707717569775
d1_open_to_close_return_raw,candidate_cohort_d1_open_close_median,JULY,HIGH_REGIME,-0.0208229467324091,USABLE_FIXED_MEDIAN_SPLIT,21,5,0.23809523809523808,5,47,0.43611111111111106,0.3829787234042553,-0.01320291080989031,-0.01638282603749161,T7_LOW,15,15,0.000854833304622705,0.018759629925247275,0.0,0.0207253886010363
d1_open_to_close_return_raw,candidate_cohort_d1_open_close_median,JULY,LOW_REGIME,-0.0208229467324091,USABLE_FIXED_MEDIAN_SPLIT,21,16,0.7619047619047619,7,58,0.2942176870748299,0.3103448275862069,-0.031803024963546284,-0.0320960464346575,T7_LOW,27,41,-0.03531044179943453,-0.02491416560920056,-0.0319488817891374,-0.026685393258427
d1_open_to_close_return_raw,candidate_cohort_d1_open_close_median,JUNE,ALL,-0.0208229467324091,USABLE_FIXED_MEDIAN_SPLIT,21,21,1.0,16,110,0.4557291666666667,0.34545454545454546,-0.025646289965072,-0.03898389762083925,T7_LOW,59,45,-0.01907903281573772,-0.0035901419096458706,-0.0172684458398744,0.004
d1_open_to_close_return_raw,candidate_cohort_d1_open_close_median,JUNE,HIGH_REGIME,-0.0208229467324091,USABLE_FIXED_MEDIAN_SPLIT,21,14,0.6666666666666666,9,67,0.3611111111111111,0.2537313432835821,-0.04358195959275557,-0.0495658417535975,T7_LOW,39,28,-0.008368615367343768,0.016365566157302298,-0.0161290322580645,0.0134666666666667
d1_open_to_close_return_raw,candidate_cohort_d1_open_close_median,JUNE,LOW_REGIME,-0.0208229467324091,USABLE_FIXED_MEDIAN_SPLIT,21,7,0.3333333333333333,7,43,0.5773809523809523,0.4883720930232558,0.0022999859664349616,-0.0033057368551695013,T7_HIGH,20,17,-0.03996434684010594,-0.03645836696108991,-0.048830083980966305,-0.0462903225806451
d1_open_to_close_return_raw,candidate_cohort_d1_open_close_median,MAY,ALL,-0.0208229467324091,USABLE_FIXED_MEDIAN_SPLIT,18,18,1.0,12,106,0.4793055555555555,0.5377358490566038,0.005897416641771014,0.005366664182352151,T7_LOW,58,30,-0.012033305540536506,-0.026671368790792783,-0.006411079626247649,-0.0135689867412265
d1_open_to_close_return_raw,candidate_cohort_d1_open_close_median,MAY,HIGH_REGIME,-0.0208229467324091,USABLE_FIXED_MEDIAN_SPLIT,18,11,0.6111111111111112,7,87,0.48238095238095235,0.5632183908045977,0.009332296608715375,0.0089266274765948,T7_LOW,39,22,0.0036239545873279076,-0.010255784372312263,0.0046428571428571,-0.008406005359686951
d1_open_to_close_return_raw,candidate_cohort_d1_open_close_median,MAY,LOW_REGIME,-0.0208229467324091,USABLE_FIXED_MEDIAN_SPLIT,18,7,0.3888888888888889,5,19,0.475,0.42105263157894735,-0.00983071794371106,-0.004354795909836284,T7_LOW,19,8,-0.044171892118784514,-0.0718142259416142,-0.0449438202247191,-0.06577708676137625
d1_open_to_close_return_raw,final_limit_up_pool_count,JULY,ALL,71.0,USABLE_FIXED_MEDIAN_SPLIT,21,21,1.0,12,105,0.35333994708994715,0.34285714285714286,-0.023477259580481226,-0.028041343603298404,T7_LOW,42,56,-0.02239427211941409,-0.013215827519616313,-0.0209128034669044,-0.02261707717569775
d1_open_to_close_return_raw,final_limit_up_pool_count,JULY,HIGH_REGIME,71.0,USABLE_FIXED_MEDIAN_SPLIT,21,8,0.38095238095238093,6,43,0.28604497354497355,0.27906976744186046,-0.034960641824059197,-0.0304128327628127,T7_LOW,17,26,-0.019044461363696558,0.006165977429054157,-0.0213197969543146,-0.0093194074257732
d1_open_to_close_return_raw,final_limit_up_pool_count,JULY,LOW_REGIME,71.0,USABLE_FIXED_MEDIAN_SPLIT,21,13,0.6190476190476191,6,62,0.42063492063492064,0.3870967741935484,-0.01551297834703199,-0.0241347546679656,T7_LOW,25,30,-0.02467214343330201,-0.030013391808464056,-0.0176565008025683,-0.03292577988487175
d1_open_to_close_return_raw,final_limit_up_pool_count,JUNE,ALL,71.0,USABLE_FIXED_MEDIAN_SPLIT,21,21,1.0,16,110,0.4557291666666667,0.34545454545454546,-0.025646289965072,-0.03898389762083925,T7_LOW,59,45,-0.01907903281573772,-0.0035901419096458706,-0.0172684458398744,0.004
d1_open_to_close_return_raw,final_limit_up_pool_count,JUNE,HIGH_REGIME,71.0,USABLE_FIXED_MEDIAN_SPLIT,21,12,0.5714285714285714,10,69,0.4708333333333334,0.34782608695652173,-0.017980533397529915,-0.032837956683113,T7_LOW,34,27,-0.033741454901365125,-0.011279891150551138,-0.0292760964519969,-0.00944669365722
d1_open_to_close_return_raw,final_limit_up_pool_count,JUNE,LOW_REGIME,71.0,USABLE_FIXED_MEDIAN_SPLIT,21,9,0.42857142857142855,6,41,0.4305555555555556,0.34146341463414637,-0.038547197359228194,-0.0573438809003332,T7_LOW,25,18,0.0008618612207155374,0.007944481951712027,0.0104999999999999,0.0134666666666667
d1_open_to_close_return_raw,final_limit_up_pool_count,MAY,ALL,71.0,USABLE_FIXED_MEDIAN_SPLIT,18,18,1.0,12,106,0.4793055555555555,0.5377358490566038,0.005897416641771014,0.005366664182352151,T7_LOW,58,30,-0.012033305540536506,-0.026671368790792783,-0.006411079626247649,-0.0135689867412265
d1_open_to_close_return_raw,final_limit_up_pool_count,MAY,HIGH_REGIME,71.0,USABLE_FIXED_MEDIAN_SPLIT,18,10,0.5555555555555556,6,42,0.513888888888889,0.5,0.0010240494950176917,-0.0003635460049744,T7_HIGH,26,14,-0.01429819873217114,-0.019767068522880328,-0.014403625940339001,-0.012126004666839552
d1_open_to_close_return_raw,final_limit_up_pool_count,MAY,LOW_REGIME,71.0,USABLE_FIXED_MEDIAN_SPLIT,18,8,0.4444444444444444,6,64,0.4447222222222222,0.5625,0.009095563831827882,0.017110956245885302,T7_LOW,32,16,-0.010193079822333369,-0.03271263152521617,-0.00030680148647485,-0.014865270189039749
d1_open_to_close_return_raw,first_break_candidate_count,JULY,ALL,7.0,USABLE_FIXED_MEDIAN_SPLIT,21,21,1.0,12,105,0.35333994708994715,0.34285714285714286,-0.023477259580481226,-0.028041343603298404,T7_LOW,42,56,-0.02239427211941409,-0.013215827519616313,-0.0209128034669044,-0.02261707717569775
d1_open_to_close_return_raw,first_break_candidate_count,JULY,HIGH_REGIME,7.0,USABLE_FIXED_MEDIAN_SPLIT,21,9,0.42857142857142855,8,92,0.24875992063492064,0.29347826086956524,-0.03343749928911168,-0.0320960464346575,T7_LOW,26,37,-0.02865923562770383,1.002340572802827e-06,-0.03908821926341195,-0.0095890410958904
d1_open_to_close_return_raw,first_break_candidate_count,JULY,LOW_REGIME,7.0,USABLE_FIXED_MEDIAN_SPLIT,21,12,0.5714285714285714,4,13,0.5625,0.6923076923076923,0.047010590665211224,0.0531135531135531,T7_HIGH,16,19,-0.012213706418443257,-0.038953864615774075,-0.0194365784591349,-0.0383444917833231
d1_open_to_close_return_raw,first_break_candidate_count,JUNE,ALL,7.0,USABLE_FIXED_MEDIAN_SPLIT,21,21,1.0,16,110,0.4557291666666667,0.34545454545454546,-0.025646289965072,-0.03898389762083925,T7_LOW,59,45,-0.01907903281573772,-0.0035901419096458706,-0.0172684458398744,0.004
d1_open_to_close_return_raw,first_break_candidate_count,JUNE,HIGH_REGIME,7.0,USABLE_FIXED_MEDIAN_SPLIT,21,9,0.42857142857142855,8,81,0.4427083333333333,0.32098765432098764,-0.028906864069165216,-0.0391550098535507,T7_LOW,38,27,-0.015954167988684535,-0.0030553701182257486,-0.01667702121515735,0.004
d1_open_to_close_return_raw,first_break_candidate_count,JUNE,LOW_REGIME,7.0,USABLE_FIXED_MEDIAN_SPLIT,21,12,0.5714285714285714,8,29,0.46875,0.41379310344827586,-0.01653916919157026,-0.032096671194863396,T7_LOW,21,18,-0.02473355012183397,-0.004392299596776054,-0.0306884158142106,0.0038568947809792496
d1_open_to_close_return_raw,first_break_candidate_count,MAY,ALL,7.0,USABLE_FIXED_MEDIAN_SPLIT,18,18,1.0,12,106,0.4793055555555555,0.5377358490566038,0.005897416641771014,0.005366664182352151,T7_LOW,58,30,-0.012033305540536506,-0.026671368790792783,-0.006411079626247649,-0.0135689867412265
d1_open_to_close_return_raw,first_break_candidate_count,MAY,HIGH_REGIME,7.0,USABLE_FIXED_MEDIAN_SPLIT,18,11,0.6111111111111112,8,97,0.5314583333333334,0.5463917525773195,0.00687813012699494,0.006045096760382097,T7_HIGH,47,25,-0.004279635798442325,-0.024675693104662583,0.0016420361247946,-0.0094736842105263
d1_open_to_close_return_raw,first_break_candidate_count,MAY,LOW_REGIME,7.0,USABLE_FIXED_MEDIAN_SPLIT,18,7,0.3888888888888889,4,9,0.37499999999999994,0.4444444444444444,-0.004672495365642418,-0.0024478434240632896,T7_LOW,11,5,-0.04516262171130256,-0.036649747221443776,-0.036231884057971,-0.0332173913043477
d1_open_to_close_return_raw,max_board_height,JULY,ALL,4.0,USABLE_FIXED_MEDIAN_SPLIT,21,21,1.0,12,105,0.35333994708994715,0.34285714285714286,-0.023477259580481226,-0.028041343603298404,T7_LOW,42,56,-0.02239427211941409,-0.013215827519616313,-0.0209128034669044,-0.02261707717569775
d1_open_to_close_return_raw,max_board_height,JULY,HIGH_REGIME,4.0,USABLE_FIXED_MEDIAN_SPLIT,21,10,0.47619047619047616,6,56,0.35813492063492064,0.35714285714285715,-0.01919819196411453,-0.0209750466807453,T7_LOW,15,25,-0.018114341849449718,-0.009360224860702648,-0.0176565008025683,-0.026685393258427
d1_open_to_close_return_raw,max_board_height,JULY,LOW_REGIME,4.0,USABLE_FIXED_MEDIAN_SPLIT,21,11,0.5238095238095238,6,49,0.34854497354497355,0.32653061224489793,-0.028367622570614592,-0.03206106870229,T7_LOW,27,31,-0.024772011158283185,-0.016325184502611206,-0.0213197969543146,-0.0212462060346366
d1_open_to_close_return_raw,max_board_height,JUNE,ALL,4.0,USABLE_FIXED_MEDIAN_SPLIT,21,21,1.0,16,110,0.4557291666666667,0.34545454545454546,-0.025646289965072,-0.03898389762083925,T7_LOW,59,45,-0.01907903281573772,-0.0035901419096458706,-0.0172684458398744,0.004
d1_open_to_close_return_raw,max_board_height,JUNE,HIGH_REGIME,4.0,USABLE_FIXED_MEDIAN_SPLIT,21,7,0.3333333333333333,5,38,0.55,0.4473684210526316,-0.01634428852604413,-0.017379768131466702,T7_HIGH,23,14,-0.042696378005380245,-0.014801795741072222,-0.0343329886246123,-0.0148276474769012
d1_open_to_close_return_raw,max_board_height,JUNE,LOW_REGIME,4.0,USABLE_FIXED_MEDIAN_SPLIT,21,14,0.6666666666666666,11,72,0.41287878787878785,0.2916666666666667,-0.03055567961344782,-0.04098196960369055,T7_LOW,36,31,-0.0039901733890216695,0.0014731856271273205,-0.01257579432452095,0.0054406964091404
d1_open_to_close_return_raw,max_board_height,MAY,ALL,4.0,USABLE_FIXED_MEDIAN_SPLIT,18,18,1.0,12,106,0.4793055555555555,0.5377358490566038,0.005897416641771014,0.005366664182352151,T7_LOW,58,30,-0.012033305540536506,-0.026671368790792783,-0.006411079626247649,-0.0135689867412265
d1_open_to_close_return_raw,max_board_height,MAY,HIGH_REGIME,4.0,USABLE_FIXED_MEDIAN_SPLIT,18,11,0.6111111111111112,7,51,0.3678571428571428,0.4117647058823529,-0.006753526108219179,-0.011900341963849502,T7_LOW,37,15,-0.026508519803878423,-0.03924536257515392,-0.036231884057971,-0.0330434782608696
d1_open_to_close_return_raw,max_board_height,MAY,LOW_REGIME,4.0,USABLE_FIXED_MEDIAN_SPLIT,18,7,0.3888888888888889,5,55,0.6353333333333334,0.6545454545454545,0.017628290828125556,0.0133078890419043,T7_HIGH,21,15,0.013470643399637348,-0.014097375006431632,0.0048465266558965,-0.0075856090160382
d1_open_to_close_return_raw,promotion_rate,JULY,ALL,0.17660818713450285,USABLE_FIXED_MEDIAN_SPLIT,21,21,1.0,12,105,0.35333994708994715,0.34285714285714286,-0.023477259580481226,-0.028041343603298404,T7_LOW,42,56,-0.02239427211941409,-0.013215827519616313,-0.0209128034669044,-0.02261707717569775
d1_open_to_close_return_raw,promotion_rate,JULY,HIGH_REGIME,0.17660818713450285,USABLE_FIXED_MEDIAN_SPLIT,21,10,0.47619047619047616,5,35,0.33611111111111114,0.37142857142857144,-0.014437732807848883,-0.0128300901136216,T7_LOW,16,23,-0.01002772344848389,-0.01827978810984851,-0.00156171914042975,-0.0198412698412697
d1_open_to_close_return_raw,promotion_rate,JULY,LOW_REGIME,0.17660818713450285,USABLE_FIXED_MEDIAN_SPLIT,21,11,0.5238095238095238,7,70,0.3656462585034013,0.32857142857142857,-0.027997022966797402,-0.030953395459991248,T7_LOW,26,33,-0.030004455916909603,-0.009686400441575697,-0.02510434292160175,-0.0230666666666666
d1_open_to_close_return_raw,promotion_rate,JUNE,ALL,0.17660818713450285,USABLE_FIXED_MEDIAN_SPLIT,21,21,1.0,16,110,0.4557291666666667,0.34545454545454546,-0.025646289965072,-0.03898389762083925,T7_LOW,59,45,-0.01907903281573772,-0.0035901419096458706,-0.0172684458398744,0.004
d1_open_to_close_return_raw,promotion_rate,JUNE,HIGH_REGIME,0.17660818713450285,USABLE_FIXED_MEDIAN_SPLIT,21,8,0.38095238095238093,7,40,0.42857142857142855,0.3,-0.03519573246082751,-0.046605112716158095,T7_LOW,26,16,-0.01579395464821598,-0.00787216101702699,-0.01536673116721395,-0.0171008610111783
d1_open_to_close_return_raw,promotion_rate,JUNE,LOW_REGIME,0.17660818713450285,USABLE_FIXED_MEDIAN_SPLIT,21,13,0.6190476190476191,9,70,0.4768518518518518,0.37142857142857144,-0.02018946568178314,-0.033704343992300545,T7_LOW,33,29,-0.021667276220451826,-0.0012276486090218063,-0.0172684458398744,0.0113333333333334
d1_open_to_close_return_raw,promotion_rate,MAY,ALL,0.17660818713450285,USABLE_FIXED_MEDIAN_SPLIT,18,18,1.0,12,106,0.4793055555555555,0.5377358490566038,0.005897416641771014,0.005366664182352151,T7_LOW,58,30,-0.012033305540536506,-0.026671368790792783,-0.006411079626247649,-0.0135689867412265
d1_open_to_close_return_raw,promotion_rate,MAY,HIGH_REGIME,0.17660818713450285,USABLE_FIXED_MEDIAN_SPLIT,18,12,0.6666666666666666,6,42,0.513888888888889,0.5,0.0010240494950176917,-0.0003635460049744,T7_HIGH,36,14,-0.0031211036218254254,-0.019767068522880328,-0.0025804633606095,-0.012126004666839552
d1_open_to_close_return_raw,promotion_rate,MAY,LOW_REGIME,0.17660818713450285,USABLE_FIXED_MEDIAN_SPLIT,18,6,0.3333333333333333,6,64,0.4447222222222222,0.5625,0.009095563831827882,0.017110956245885302,T7_LOW,22,16,-0.026616908680245542,-0.03271263152521617,-0.033217476451174746,-0.014865270189039749
rank_active_money_score,board2_count,JULY,ALL,7.0,USABLE_FIXED_MEDIAN_SPLIT,21,21,1.0,12,105,0.5664186507936508,0.5619047619047619,0.04940451934251524,0.08333333333300003,T7_HIGH,42,56,0.5919068268332215,0.5888864790180802,0.5458333333335,0.6602564102565001
rank_active_money_score,board2_count,JULY,HIGH_REGIME,7.0,USABLE_FIXED_MEDIAN_SPLIT,21,9,0.42857142857142855,6,42,0.5650793650793651,0.5714285714285714,0.08083730568248093,0.0625,T7_HIGH,13,24,0.6461161387631538,0.61829922027285,0.605263157895,0.6950464396285
rank_active_money_score,board2_count,JULY,LOW_REGIME,7.0,USABLE_FIXED_MEDIAN_SPLIT,21,12,0.5714285714285714,6,63,0.5677579365079365,0.5555555555555556,0.028449328449204763,0.08333333333300003,T7_HIGH,29,32,0.5676061007956655,0.5668269230770031,0.541666666667,0.626923076923
rank_active_money_score,board2_count,JUNE,ALL,7.0,USABLE_FIXED_MEDIAN_SPLIT,21,21,1.0,16,110,0.3813368055555556,0.37727272727272726,-0.11014090484677999,-0.15686274509749998,T7_LOW,59,45,0.5291298722879356,0.6237555763046377,0.5,0.666666666667
rank_active_money_score,board2_count,JUNE,HIGH_REGIME,7.0,USABLE_FIXED_MEDIAN_SPLIT,21,10,0.47619047619047616,7,61,0.30555555555555564,0.27049180327868855,-0.20519814483159676,-0.27777777777699997,T7_LOW,39,19,0.5090713208361077,0.647324192835,0.5,0.714285714286
rank_active_money_score,board2_count,JUNE,LOW_REGIME,7.0,USABLE_FIXED_MEDIAN_SPLIT,21,11,0.5238095238095238,9,49,0.44027777777777777,0.5102040816326531,0.008195659215951027,0.0,T7_LOW,20,26,0.568244047619,0.6065323565324499,0.625,0.6458333333335
rank_active_money_score,board2_count,MAY,ALL,7.0,USABLE_FIXED_MEDIAN_SPLIT,18,18,1.0,12,106,0.7675000000000001,0.7452830188679245,0.2348947567107632,0.27525252525300004,T7_HIGH,58,30,0.6250388500388827,0.4448876586377033,0.652777777778,0.360576923077
rank_active_money_score,board2_count,MAY,HIGH_REGIME,7.0,USABLE_FIXED_MEDIAN_SPLIT,18,10,0.5555555555555556,7,72,0.8228571428571428,0.7916666666666666,0.2667979204437597,0.27525252525300004,T7_HIGH,33,22,0.6317487226578515,0.4472985978668227,0.692307692308,0.360576923077
rank_active_money_score,board2_count,MAY,LOW_REGIME,7.0,USABLE_FIXED_MEDIAN_SPLIT,18,8,0.4444444444444444,5,34,0.6900000000000001,0.6470588235294118,0.16733511586441766,0.24999999999999994,T7_HIGH,25,8,0.616181818181844,0.438257575757625,0.625,0.36666666666650005
rank_active_money_score,board3_count,JULY,ALL,2.0,USABLE_FIXED_MEDIAN_SPLIT,21,21,1.0,12,105,0.5664186507936508,0.5619047619047619,0.04940451934251524,0.08333333333300003,T7_HIGH,42,56,0.5919068268332215,0.5888864790180802,0.5458333333335,0.6602564102565001
rank_active_money_score,board3_count,JULY,HIGH_REGIME,2.0,USABLE_FIXED_MEDIAN_SPLIT,21,4,0.19047619047619047,1,4,0.375,0.375,-0.03749999999999995,-0.14999999999999997,T7_LOW,1,12,0.55,0.5861111111111665,0.55,0.6333333333335001
rank_active_money_score,board3_count,JULY,LOW_REGIME,2.0,USABLE_FIXED_MEDIAN_SPLIT,21,17,0.8095238095238095,11,101,0.5838203463203464,0.5693069306930693,0.05284628248479307,0.11538461538400002,T7_HIGH,41,44,0.592928944560861,0.5896433975381478,0.541666666667,0.6602564102565001
rank_active_money_score,board3_count,JUNE,ALL,2.0,USABLE_FIXED_MEDIAN_SPLIT,21,21,1.0,16,110,0.3813368055555556,0.37727272727272726,-0.11014090484677999,-0.15686274509749998,T7_LOW,59,45,0.5291298722879356,0.6237555763046377,0.5,0.666666666667
rank_active_money_score,board3_count,JUNE,HIGH_REGIME,2.0,USABLE_FIXED_MEDIAN_SPLIT,21,6,0.2857142857142857,4,26,0.29166666666666663,0.25,-0.2490088343029923,-0.316666666667,T7_LOW,25,9,0.5110084033613681,0.6557267351385223,0.5,0.85
rank_active_money_score,board3_count,JUNE,LOW_REGIME,2.0,USABLE_FIXED_MEDIAN_SPLIT,21,15,0.7142857142857143,12,84,0.4112268518518518,0.4166666666666667,-0.06715797430080953,-0.11805555555549996,T7_LOW,34,36,0.5424544817927647,0.6157627865961666,0.5,0.6458333333335
rank_active_money_score,board3_count,MAY,ALL,2.0,USABLE_FIXED_MEDIAN_SPLIT,18,18,1.0,12,106,0.7675000000000001,0.7452830188679245,0.2348947567107632,0.27525252525300004,T7_HIGH,58,30,0.6250388500388827,0.4448876586377033,0.652777777778,0.360576923077
rank_active_money_score,board3_count,MAY,HIGH_REGIME,2.0,USABLE_FIXED_MEDIAN_SPLIT,18,10,0.5555555555555556,7,86,0.78,0.7732558139534884,0.26188314269710117,0.27777777777800006,T7_HIGH,36,24,0.6610474402141419,0.43971121471125413,0.7136363636365,0.360576923077
rank_active_money_score,board3_count,MAY,LOW_REGIME,2.0,USABLE_FIXED_MEDIAN_SPLIT,18,8,0.4444444444444444,5,20,0.75,0.625,0.11884469696951001,0.1619318181815,T7_HIGH,22,6,0.5661157024793682,0.4655934343435,0.625,0.43939393939400007
rank_active_money_score,board4plus_count,JULY,ALL,1.0,USABLE_FIXED_MEDIAN_SPLIT,21,21,1.0,12,105,0.5664186507936508,0.5619047619047619,0.04940451934251524,0.08333333333300003,T7_HIGH,42,56,0.5919068268332215,0.5888864790180802,0.5458333333335,0.6602564102565001
rank_active_money_score,board4plus_count,JULY,HIGH_REGIME,1.0,USABLE_FIXED_MEDIAN_SPLIT,21,7,0.3333333333333333,4,40,0.25163690476190476,0.4125,-0.13408119658135753,-0.21153846153850003,T7_LOW,11,18,0.49300699300690903,0.6796058879392832,0.388888888889,0.7083333333335
rank_active_money_score,board4plus_count,JULY,LOW_REGIME,1.0,USABLE_FIXED_MEDIAN_SPLIT,21,14,0.6666666666666666,8,65,0.7238095238095238,0.6538461538461539,0.16231880606489846,0.16666666666699997,T7_HIGH,31,38,0.6270003162554614,0.5459141274238265,0.605263157895,0.5666666666665
rank_active_money_score,board4plus_count,JUNE,ALL,1.0,USABLE_FIXED_MEDIAN_SPLIT,21,21,1.0,16,110,0.3813368055555556,0.37727272727272726,-0.11014090484677999,-0.15686274509749998,T7_LOW,59,45,0.5291298722879356,0.6237555763046377,0.5,0.666666666667
rank_active_money_score,board4plus_count,JUNE,HIGH_REGIME,1.0,USABLE_FIXED_MEDIAN_SPLIT,21,8,0.38095238095238093,6,55,0.3918981481481481,0.4727272727272727,-0.0015584415584363723,0.0,T7_LOW,18,23,0.5177579365080001,0.5795031055901304,0.4791666666665,0.533333333333
rank_active_money_score,board4plus_count,JUNE,LOW_REGIME,1.0,USABLE_FIXED_MEDIAN_SPLIT,21,13,0.6190476190476191,10,55,0.375,0.2818181818181818,-0.21872336813512364,-0.27777777777699997,T7_LOW,41,22,0.5341224294596147,0.6700195229607137,0.5,0.746031746032
rank_active_money_score,board4plus_count,MAY,ALL,1.0,USABLE_FIXED_MEDIAN_SPLIT,18,18,1.0,12,106,0.7675000000000001,0.7452830188679245,0.2348947567107632,0.27525252525300004,T7_HIGH,58,30,0.6250388500388827,0.4448876586377033,0.652777777778,0.360576923077
rank_active_money_score,board4plus_count,MAY,HIGH_REGIME,1.0,USABLE_FIXED_MEDIAN_SPLIT,18,12,0.6666666666666666,9,56,0.7398148148148148,0.7142857142857143,0.22889610389607679,0.3,T7_HIGH,35,18,0.6041486291486629,0.4321548821548889,0.625,0.375
rank_active_money_score,board4plus_count,MAY,LOW_REGIME,1.0,USABLE_FIXED_MEDIAN_SPLIT,18,6,0.3333333333333333,3,50,0.8505555555555556,0.78,0.24161324786321198,0.269230769231,T7_HIGH,23,12,0.6568283166109563,0.46398682336192504,0.692307692308,0.346153846154
rank_active_money_score,candidate_cohort_d1_afternoon_median,JULY,ALL,-0.00524690298891595,USABLE_FIXED_MEDIAN_SPLIT,21,21,1.0,12,105,0.5664186507936508,0.5619047619047619,0.04940451934251524,0.08333333333300003,T7_HIGH,42,56,0.5919068268332215,0.5888864790180802,0.5458333333335,0.6602564102565001
rank_active_money_score,candidate_cohort_d1_afternoon_median,JULY,HIGH_REGIME,-0.00524690298891595,USABLE_FIXED_MEDIAN_SPLIT,21,8,0.38095238095238093,3,14,0.4375,0.32142857142857145,-0.1892857142858571,-0.29999999999999993,T7_LOW,16,12,0.55883413461525,0.6298076923077499,0.525,0.75
rank_active_money_score,candidate_cohort_d1_afternoon_median,JULY,LOW_REGIME,-0.00524690298891595,USABLE_FIXED_MEDIAN_SPLIT,21,13,0.6190476190476191,9,91,0.6093915343915344,0.5989010989010989,0.0861260937468802,0.14705882352900002,T7_HIGH,26,44,0.6122592528135115,0.5777261481208978,0.573464912281,0.653846153846
rank_active_money_score,candidate_cohort_d1_afternoon_median,JUNE,ALL,-0.00524690298891595,USABLE_FIXED_MEDIAN_SPLIT,21,21,1.0,16,110,0.3813368055555556,0.37727272727272726,-0.11014090484677999,-0.15686274509749998,T7_LOW,59,45,0.5291298722879356,0.6237555763046377,0.5,0.666666666667
rank_active_money_score,candidate_cohort_d1_afternoon_median,JUNE,HIGH_REGIME,-0.00524690298891595,USABLE_FIXED_MEDIAN_SPLIT,21,14,0.6666666666666666,11,90,0.4164141414141414,0.37777777777777777,-0.11431242867516443,-0.15686274509749998,T7_LOW,38,35,0.5351559044670685,0.6163251967453913,0.5294117647059999,0.666666666667
rank_active_money_score,candidate_cohort_d1_afternoon_median,JUNE,LOW_REGIME,-0.00524690298891595,USABLE_FIXED_MEDIAN_SPLIT,21,7,0.3333333333333333,5,20,0.30416666666666664,0.375,-0.09136904761904999,-0.1875,T7_LOW,21,10,0.5182256235828381,0.649761904762,0.5,0.6833333333335
rank_active_money_score,candidate_cohort_d1_afternoon_median,MAY,ALL,-0.00524690298891595,USABLE_FIXED_MEDIAN_SPLIT,18,18,1.0,12,106,0.7675000000000001,0.7452830188679245,0.2348947567107632,0.27525252525300004,T7_HIGH,58,30,0.6250388500388827,0.4448876586377033,0.652777777778,0.360576923077
rank_active_money_score,candidate_cohort_d1_afternoon_median,MAY,HIGH_REGIME,-0.00524690298891595,USABLE_FIXED_MEDIAN_SPLIT,18,8,0.4444444444444444,5,60,0.7086666666666666,0.7083333333333334,0.20223063973050331,0.238888888889,T7_HIGH,26,15,0.6396173271173116,0.4689225589226667,0.7136363636365,0.4
rank_active_money_score,candidate_cohort_d1_afternoon_median,MAY,LOW_REGIME,-0.00524690298891595,USABLE_FIXED_MEDIAN_SPLIT,18,10,0.5555555555555556,7,46,0.8095238095238094,0.7934782608695652,0.2775001266850152,0.30303030303100004,T7_HIGH,32,15,0.6131938374126593,0.42085275835274,0.625,0.346153846154
rank_active_money_score,candidate_cohort_d1_close_vwap_median,JULY,ALL,-0.00574263957913635,USABLE_FIXED_MEDIAN_SPLIT,21,21,1.0,12,105,0.5664186507936508,0.5619047619047619,0.04940451934251524,0.08333333333300003,T7_HIGH,42,56,0.5919068268332215,0.5888864790180802,0.5458333333335,0.6602564102565001
rank_active_money_score,candidate_cohort_d1_close_vwap_median,JULY,HIGH_REGIME,-0.00574263957913635,USABLE_FIXED_MEDIAN_SPLIT,21,9,0.42857142857142855,5,25,0.5958333333333333,0.5,-0.018058823529520013,0.0,T7_HIGH,20,17,0.5941261312216001,0.5989819004525295,0.525,0.705882352941
rank_active_money_score,candidate_cohort_d1_close_vwap_median,JULY,LOW_REGIME,-0.00574263957913635,USABLE_FIXED_MEDIAN_SPLIT,21,12,0.5714285714285714,7,80,0.5454081632653062,0.58125,0.07048681399002622,0.142712550607,T7_HIGH,22,39,0.5898892773892409,0.5844859107004999,0.573464912281,0.653846153846
rank_active_money_score,candidate_cohort_d1_close_vwap_median,JUNE,ALL,-0.00574263957913635,USABLE_FIXED_MEDIAN_SPLIT,21,21,1.0,16,110,0.3813368055555556,0.37727272727272726,-0.11014090484677999,-0.15686274509749998,T7_LOW,59,45,0.5291298722879356,0.6237555763046377,0.5,0.666666666667
rank_active_money_score,candidate_cohort_d1_close_vwap_median,JUNE,HIGH_REGIME,-0.00574263957913635,USABLE_FIXED_MEDIAN_SPLIT,21,13,0.6190476190476191,9,74,0.39783950617283953,0.40540540540540543,-0.07971932016051081,-0.1339285714285,T7_LOW,33,31,0.5404825566590485,0.5972847203397967,0.558823529412,0.666666666667
rank_active_money_score,candidate_cohort_d1_close_vwap_median,JUNE,LOW_REGIME,-0.00574263957913635,USABLE_FIXED_MEDIAN_SPLIT,21,8,0.38095238095238093,7,36,0.3601190476190476,0.3194444444444444,-0.17267416225744445,-0.2638888888885,T7_LOW,26,14,0.5147206959707538,0.6823696145124999,0.5,0.707142857143
rank_active_money_score,candidate_cohort_d1_close_vwap_median,MAY,ALL,-0.00574263957913635,USABLE_FIXED_MEDIAN_SPLIT,18,18,1.0,12,106,0.7675000000000001,0.7452830188679245,0.2348947567107632,0.27525252525300004,T7_HIGH,58,30,0.6250388500388827,0.4448876586377033,0.652777777778,0.360576923077
rank_active_money_score,candidate_cohort_d1_close_vwap_median,MAY,HIGH_REGIME,-0.00574263957913635,USABLE_FIXED_MEDIAN_SPLIT,18,8,0.4444444444444444,3,33,0.7811111111111112,0.7727272727272727,0.22444138353227577,0.27272727272800007,T7_HIGH,31,8,0.6138563049853581,0.49589646464649995,0.638888888889,0.375
rank_active_money_score,candidate_cohort_d1_close_vwap_median,MAY,LOW_REGIME,-0.00574263957913635,USABLE_FIXED_MEDIAN_SPLIT,18,10,0.5555555555555556,9,73,0.7629629629629631,0.7328767123287672,0.23962025417501098,0.29999999999999993,T7_HIGH,27,22,0.6378780684336705,0.4263390019072318,0.666666666667,0.360576923077
rank_active_money_score,candidate_cohort_d1_low_close_recovery_median,JULY,ALL,0.0306360580886548,USABLE_FIXED_MEDIAN_SPLIT,21,21,1.0,12,105,0.5664186507936508,0.5619047619047619,0.04940451934251524,0.08333333333300003,T7_HIGH,42,56,0.5919068268332215,0.5888864790180802,0.5458333333335,0.6602564102565001
rank_active_money_score,candidate_cohort_d1_low_close_recovery_median,JULY,HIGH_REGIME,0.0306360580886548,USABLE_FIXED_MEDIAN_SPLIT,21,10,0.47619047619047616,5,48,0.4789285714285715,0.46875,-0.014364035087783326,0.0,T7_LOW,24,22,0.5496394230768459,0.5925346583242,0.541666666667,0.75
rank_active_money_score,candidate_cohort_d1_low_close_recovery_median,JULY,LOW_REGIME,0.0306360580886548,USABLE_FIXED_MEDIAN_SPLIT,21,11,0.5238095238095238,7,57,0.6289115646258504,0.6403508771929824,0.10310435465224033,0.15384615384599998,T7_HIGH,18,34,0.6482633651750556,0.5865258924082382,0.666666666667,0.626923076923
rank_active_money_score,candidate_cohort_d1_low_close_recovery_median,JUNE,ALL,0.0306360580886548,USABLE_FIXED_MEDIAN_SPLIT,21,21,1.0,16,110,0.3813368055555556,0.37727272727272726,-0.11014090484677999,-0.15686274509749998,T7_LOW,59,45,0.5291298722879356,0.6237555763046377,0.5,0.666666666667
rank_active_money_score,candidate_cohort_d1_low_close_recovery_median,JUNE,HIGH_REGIME,0.0306360580886548,USABLE_FIXED_MEDIAN_SPLIT,21,11,0.5238095238095238,7,70,0.4341269841269841,0.40714285714285714,-0.08491496598639142,-0.11805555555549996,T7_LOW,23,29,0.5166149068323044,0.5935139573070931,0.5,0.666666666667
rank_active_money_score,candidate_cohort_d1_low_close_recovery_median,JUNE,LOW_REGIME,0.0306360580886548,USABLE_FIXED_MEDIAN_SPLIT,21,10,0.47619047619047616,9,40,0.3402777777777778,0.325,-0.15428629785246,-0.25,T7_LOW,36,16,0.5371255446623666,0.6785685107376875,0.5294117647059999,0.707142857143
rank_active_money_score,candidate_cohort_d1_low_close_recovery_median,MAY,ALL,0.0306360580886548,USABLE_FIXED_MEDIAN_SPLIT,18,18,1.0,12,106,0.7675000000000001,0.7452830188679245,0.2348947567107632,0.27525252525300004,T7_HIGH,58,30,0.6250388500388827,0.4448876586377033,0.652777777778,0.360576923077
rank_active_money_score,candidate_cohort_d1_low_close_recovery_median,MAY,HIGH_REGIME,0.0306360580886548,USABLE_FIXED_MEDIAN_SPLIT,18,9,0.5,3,32,0.8644444444444446,0.78125,0.21908538510100314,0.27272727272800007,T7_HIGH,31,7,0.6152003910068743,0.5101911976912857,0.638888888889,0.444444444444
rank_active_money_score,candidate_cohort_d1_low_close_recovery_median,MAY,LOW_REGIME,0.0306360580886548,USABLE_FIXED_MEDIAN_SPLIT,18,9,0.5,9,74,0.7351851851851853,0.7297297297297297,0.2417312417312,0.3,T7_HIGH,27,23,0.6363348585571147,0.4250126684909609,0.666666666667,0.346153846154
rank_active_money_score,candidate_cohort_d1_open_close_median,JULY,ALL,-0.0208229467324091,USABLE_FIXED_MEDIAN_SPLIT,21,21,1.0,12,105,0.5664186507936508,0.5619047619047619,0.04940451934251524,0.08333333333300003,T7_HIGH,42,56,0.5919068268332215,0.5888864790180802,0.5458333333335,0.6602564102565001
rank_active_money_score,candidate_cohort_d1_open_close_median,JULY,HIGH_REGIME,-0.0208229467324091,USABLE_FIXED_MEDIAN_SPLIT,21,5,0.23809523809523808,5,47,0.6658333333333333,0.574468085106383,0.05209637046300424,0.11538461538400002,T7_HIGH,15,15,0.60077928607342,0.5344017094018001,0.541666666667,0.470588235294
rank_active_money_score,candidate_cohort_d1_open_close_median,JULY,LOW_REGIME,-0.0208229467324091,USABLE_FIXED_MEDIAN_SPLIT,21,16,0.7619047619047619,7,58,0.4954081632653061,0.5517241379310345,0.04722319171039482,0.03846153846145,T7_LOW,27,41,0.5869776828108889,0.6088199313167196,0.605263157895,0.666666666667
rank_active_money_score,candidate_cohort_d1_open_close_median,JUNE,ALL,-0.0208229467324091,USABLE_FIXED_MEDIAN_SPLIT,21,21,1.0,16,110,0.3813368055555556,0.37727272727272726,-0.11014090484677999,-0.15686274509749998,T7_LOW,59,45,0.5291298722879356,0.6237555763046377,0.5,0.666666666667
rank_active_money_score,candidate_cohort_d1_open_close_median,JUNE,HIGH_REGIME,-0.0208229467324091,USABLE_FIXED_MEDIAN_SPLIT,21,14,0.6666666666666666,9,67,0.34228395061728395,0.39552238805970147,-0.0814028596513194,-0.14285714285700002,T7_LOW,39,28,0.5503106370753897,0.627265906362607,0.558823529412,0.6904761904765
rank_active_money_score,candidate_cohort_d1_open_close_median,JUNE,LOW_REGIME,-0.0208229467324091,USABLE_FIXED_MEDIAN_SPLIT,21,7,0.3333333333333333,7,43,0.43154761904761907,0.3488372093023256,-0.15491878922110233,-0.266666666667,T7_LOW,20,17,0.48782738095239997,0.6179738562091588,0.5,0.625
rank_active_money_score,candidate_cohort_d1_open_close_median,MAY,ALL,-0.0208229467324091,USABLE_FIXED_MEDIAN_SPLIT,18,18,1.0,12,106,0.7675000000000001,0.7452830188679245,0.2348947567107632,0.27525252525300004,T7_HIGH,58,30,0.6250388500388827,0.4448876586377033,0.652777777778,0.360576923077
rank_active_money_score,candidate_cohort_d1_open_close_median,MAY,HIGH_REGIME,-0.0208229467324091,USABLE_FIXED_MEDIAN_SPLIT,18,11,0.6111111111111112,7,87,0.7621428571428571,0.7413793103448276,0.23274968964615866,0.27777777777800006,T7_HIGH,39,22,0.6422489191720027,0.4342304160486863,0.638888888889,0.346153846154
rank_active_money_score,candidate_cohort_d1_open_close_median,MAY,LOW_REGIME,-0.0208229467324091,USABLE_FIXED_MEDIAN_SPLIT,18,7,0.3888888888888889,5,19,0.775,0.7631578947368421,0.24471690590132109,0.27272727272800007,T7_HIGH,19,8,0.5897129186603737,0.4741950757575,0.666666666667,0.375
rank_active_money_score,final_limit_up_pool_count,JULY,ALL,71.0,USABLE_FIXED_MEDIAN_SPLIT,21,21,1.0,12,105,0.5664186507936508,0.5619047619047619,0.04940451934251524,0.08333333333300003,T7_HIGH,42,56,0.5919068268332215,0.5888864790180802,0.5458333333335,0.6602564102565001
rank_active_money_score,final_limit_up_pool_count,JULY,HIGH_REGIME,71.0,USABLE_FIXED_MEDIAN_SPLIT,21,8,0.38095238095238093,6,43,0.6254960317460317,0.5813953488372093,0.08838889288877208,0.11538461538400002,T7_HIGH,17,26,0.623726821045,0.5917600955050154,0.605263157895,0.6950464396285
rank_active_money_score,final_limit_up_pool_count,JULY,LOW_REGIME,71.0,USABLE_FIXED_MEDIAN_SPLIT,21,13,0.6190476190476191,6,62,0.5073412698412699,0.5483870967741935,0.022366969947530638,0.08012820512795002,T7_HIGH,25,30,0.570269230769212,0.58639601139607,0.541666666667,0.653846153846
rank_active_money_score,final_limit_up_pool_count,JUNE,ALL,71.0,USABLE_FIXED_MEDIAN_SPLIT,21,21,1.0,16,110,0.3813368055555556,0.37727272727272726,-0.11014090484677999,-0.15686274509749998,T7_LOW,59,45,0.5291298722879356,0.6237555763046377,0.5,0.666666666667
rank_active_money_score,final_limit_up_pool_count,JUNE,HIGH_REGIME,71.0,USABLE_FIXED_MEDIAN_SPLIT,21,12,0.5714285714285714,10,69,0.3993055555555556,0.38405797101449274,-0.09899355877615071,-0.14285714285700002,T7_LOW,34,27,0.4937500000000177,0.593944738389211,0.428571428571,0.555555555556
rank_active_money_score,final_limit_up_pool_count,JUNE,LOW_REGIME,71.0,USABLE_FIXED_MEDIAN_SPLIT,21,9,0.42857142857142855,6,41,0.3513888888888889,0.36585365853658536,-0.1289010726241805,-0.19999999999999996,T7_LOW,25,18,0.5772464985995039,0.6684718331777778,0.558823529412,0.7738095238095
rank_active_money_score,final_limit_up_pool_count,MAY,ALL,71.0,USABLE_FIXED_MEDIAN_SPLIT,18,18,1.0,12,106,0.7675000000000001,0.7452830188679245,0.2348947567107632,0.27525252525300004,T7_HIGH,58,30,0.6250388500388827,0.4448876586377033,0.652777777778,0.360576923077
rank_active_money_score,final_limit_up_pool_count,MAY,HIGH_REGIME,71.0,USABLE_FIXED_MEDIAN_SPLIT,18,10,0.5555555555555556,6,42,0.8541666666666666,0.8095238095238095,0.28408744033751665,0.27272727272800007,T7_HIGH,26,14,0.6310889964736577,0.40924700299700717,0.625,0.346153846154
rank_active_money_score,final_limit_up_pool_count,MAY,LOW_REGIME,71.0,USABLE_FIXED_MEDIAN_SPLIT,18,8,0.4444444444444444,6,64,0.6808333333333333,0.703125,0.20261205808070626,0.27777777777800006,T7_HIGH,32,16,0.6201231060606281,0.4760732323233125,0.6833333333335,0.3875
rank_active_money_score,first_break_candidate_count,JULY,ALL,7.0,USABLE_FIXED_MEDIAN_SPLIT,21,21,1.0,12,105,0.5664186507936508,0.5619047619047619,0.04940451934251524,0.08333333333300003,T7_HIGH,42,56,0.5919068268332215,0.5888864790180802,0.5458333333335,0.6602564102565001
rank_active_money_score,first_break_candidate_count,JULY,HIGH_REGIME,7.0,USABLE_FIXED_MEDIAN_SPLIT,21,9,0.42857142857142855,8,92,0.5058779761904761,0.5163043478260869,0.003396462293088032,0.0,T7_HIGH,26,37,0.5664135920640115,0.5861074637390405,0.541666666667,0.653846153846
rank_active_money_score,first_break_candidate_count,JULY,LOW_REGIME,7.0,USABLE_FIXED_MEDIAN_SPLIT,21,12,0.5714285714285714,4,13,0.6875,0.8846153846153846,0.375,0.49999999999999994,T7_HIGH,16,19,0.6333333333331875,0.5942982456141053,0.7261904761905,0.666666666667
rank_active_money_score,first_break_candidate_count,JUNE,ALL,7.0,USABLE_FIXED_MEDIAN_SPLIT,21,21,1.0,16,110,0.3813368055555556,0.37727272727272726,-0.11014090484677999,-0.15686274509749998,T7_LOW,59,45,0.5291298722879356,0.6237555763046377,0.5,0.666666666667
rank_active_money_score,first_break_candidate_count,JUNE,HIGH_REGIME,7.0,USABLE_FIXED_MEDIAN_SPLIT,21,9,0.42857142857142855,8,81,0.4484375,0.37037037037037035,-0.12062051157909627,-0.16666666666600005,T7_LOW,38,27,0.5228595385523211,0.5917090292908037,0.5294117647059999,0.555555555556
rank_active_money_score,first_break_candidate_count,JUNE,LOW_REGIME,7.0,USABLE_FIXED_MEDIAN_SPLIT,21,12,0.5714285714285714,8,29,0.3142361111111111,0.39655172413793105,-0.08087027914617242,-0.14285714285700002,T7_LOW,21,18,0.5404761904761904,0.6718253968253889,0.5,0.714285714286
rank_active_money_score,first_break_candidate_count,MAY,ALL,7.0,USABLE_FIXED_MEDIAN_SPLIT,18,18,1.0,12,106,0.7675000000000001,0.7452830188679245,0.2348947567107632,0.27525252525300004,T7_HIGH,58,30,0.6250388500388827,0.4448876586377033,0.652777777778,0.360576923077
rank_active_money_score,first_break_candidate_count,MAY,HIGH_REGIME,7.0,USABLE_FIXED_MEDIAN_SPLIT,18,11,0.6111111111111112,8,97,0.7866666666666666,0.7525773195876289,0.24122519805505055,0.27272727272800007,T7_HIGH,47,25,0.6179557440196001,0.43719852369860396,0.638888888889,0.375
rank_active_money_score,first_break_candidate_count,MAY,LOW_REGIME,7.0,USABLE_FIXED_MEDIAN_SPLIT,18,7,0.3888888888888889,4,9,0.7291666666666666,0.6666666666666666,0.1666666666667778,0.333333333334,T7_HIGH,11,5,0.6553030303030909,0.4833333333332,0.666666666667,0.333333333333
rank_active_money_score,max_board_height,JULY,ALL,4.0,USABLE_FIXED_MEDIAN_SPLIT,21,21,1.0,12,105,0.5664186507936508,0.5619047619047619,0.04940451934251524,0.08333333333300003,T7_HIGH,42,56,0.5919068268332215,0.5888864790180802,0.5458333333335,0.6602564102565001
rank_active_money_score,max_board_height,JULY,HIGH_REGIME,4.0,USABLE_FIXED_MEDIAN_SPLIT,21,10,0.47619047619047616,6,56,0.40109126984126986,0.48214285714285715,-0.048351648351787506,0.0,T7_LOW,15,25,0.5015384615384201,0.618205128205204,0.5,0.666666666667
rank_active_money_score,max_board_height,JULY,LOW_REGIME,4.0,USABLE_FIXED_MEDIAN_SPLIT,21,11,0.5238095238095238,6,49,0.7317460317460317,0.6530612244897959,0.1611258538502898,0.16666666666699997,T7_HIGH,27,31,0.6421114742192223,0.5652424070929806,0.666666666667,0.6
rank_active_money_score,max_board_height,JUNE,ALL,4.0,USABLE_FIXED_MEDIAN_SPLIT,21,21,1.0,16,110,0.3813368055555556,0.37727272727272726,-0.11014090484677999,-0.15686274509749998,T7_LOW,59,45,0.5291298722879356,0.6237555763046377,0.5,0.666666666667
rank_active_money_score,max_board_height,JUNE,HIGH_REGIME,4.0,USABLE_FIXED_MEDIAN_SPLIT,21,7,0.3333333333333333,5,38,0.355,0.34210526315789475,-0.16243734335834212,-0.27777777777699997,T7_LOW,23,14,0.49063146997937396,0.6869047619047143,0.5,0.8055555555555
rank_active_money_score,max_board_height,JUNE,LOW_REGIME,4.0,USABLE_FIXED_MEDIAN_SPLIT,21,14,0.6666666666666666,11,72,0.39330808080808083,0.3958333333333333,-0.08254000674345555,-0.1339285714285,T7_LOW,36,31,0.55372607376285,0.595236589259442,0.558823529412,0.625
rank_active_money_score,max_board_height,MAY,ALL,4.0,USABLE_FIXED_MEDIAN_SPLIT,18,18,1.0,12,106,0.7675000000000001,0.7452830188679245,0.2348947567107632,0.27525252525300004,T7_HIGH,58,30,0.6250388500388827,0.4448876586377033,0.652777777778,0.360576923077
rank_active_money_score,max_board_height,MAY,HIGH_REGIME,4.0,USABLE_FIXED_MEDIAN_SPLIT,18,11,0.6111111111111112,7,51,0.7011904761904761,0.696078431372549,0.2104872251930843,0.27272727272800007,T7_HIGH,37,15,0.5759964509964919,0.429696969697,0.6,0.375
rank_active_money_score,max_board_height,MAY,LOW_REGIME,4.0,USABLE_FIXED_MEDIAN_SPLIT,18,7,0.3888888888888889,5,55,0.8603333333333334,0.7909090909090909,0.2575271950271564,0.27777777777800006,T7_HIGH,21,15,0.7114468864469048,0.46007834757840677,0.75,0.346153846154
rank_active_money_score,promotion_rate,JULY,ALL,0.17660818713450285,USABLE_FIXED_MEDIAN_SPLIT,21,21,1.0,12,105,0.5664186507936508,0.5619047619047619,0.04940451934251524,0.08333333333300003,T7_HIGH,42,56,0.5919068268332215,0.5888864790180802,0.5458333333335,0.6602564102565001
rank_active_money_score,promotion_rate,JULY,HIGH_REGIME,0.17660818713450285,USABLE_FIXED_MEDIAN_SPLIT,21,10,0.47619047619047616,5,35,0.6291666666666667,0.6428571428571429,0.12043417366937142,0.14705882352900002,T7_HIGH,16,23,0.61713683069375,0.5637402452619564,0.525,0.583333333333
rank_active_money_score,promotion_rate,JULY,LOW_REGIME,0.17660818713450285,USABLE_FIXED_MEDIAN_SPLIT,21,11,0.5238095238095238,7,70,0.5215986394557823,0.5214285714285715,0.013889692179087134,0.0,T7_HIGH,26,33,0.5763806706113577,0.6064126419390152,0.573464912281,0.666666666667
rank_active_money_score,promotion_rate,JUNE,ALL,0.17660818713450285,USABLE_FIXED_MEDIAN_SPLIT,21,21,1.0,16,110,0.3813368055555556,0.37727272727272726,-0.11014090484677999,-0.15686274509749998,T7_LOW,59,45,0.5291298722879356,0.6237555763046377,0.5,0.666666666667
rank_active_money_score,promotion_rate,JUNE,HIGH_REGIME,0.17660818713450285,USABLE_FIXED_MEDIAN_SPLIT,21,8,0.38095238095238093,7,40,0.4156746031746032,0.3875,-0.08404820261433499,-0.14495798319299996,T7_LOW,26,16,0.5466426955397923,0.62961017740425,0.558823529412,0.590277777778
rank_active_money_score,promotion_rate,JUNE,LOW_REGIME,0.17660818713450285,USABLE_FIXED_MEDIAN_SPLIT,21,13,0.6190476190476191,9,70,0.35462962962962963,0.37142857142857144,-0.12505102040817714,-0.19999999999999996,T7_LOW,33,29,0.5153318903319272,0.620525451560024,0.5,0.7
rank_active_money_score,promotion_rate,MAY,ALL,0.17660818713450285,USABLE_FIXED_MEDIAN_SPLIT,18,18,1.0,12,106,0.7675000000000001,0.7452830188679245,0.2348947567107632,0.27525252525300004,T7_HIGH,58,30,0.6250388500388827,0.4448876586377033,0.652777777778,0.360576923077
rank_active_money_score,promotion_rate,MAY,HIGH_REGIME,0.17660818713450285,USABLE_FIXED_MEDIAN_SPLIT,18,12,0.6666666666666666,6,42,0.8541666666666666,0.8095238095238095,0.28408744033751665,0.27272727272800007,T7_HIGH,36,14,0.6216955883622806,0.40924700299700717,0.625,0.346153846154
rank_active_money_score,promotion_rate,MAY,LOW_REGIME,0.17660818713450285,USABLE_FIXED_MEDIAN_SPLIT,18,6,0.3333333333333333,6,64,0.6808333333333333,0.703125,0.20261205808070626,0.27777777777800006,T7_HIGH,22,16,0.6305096418733227,0.4760732323233125,0.6833333333335,0.3875
rank_log_candidate_base_price,board2_count,JULY,ALL,7.0,USABLE_FIXED_MEDIAN_SPLIT,21,21,1.0,12,105,0.5705687830687831,0.5333333333333333,0.025089697597497147,0.07692307692299999,T7_HIGH,42,56,0.6031865422732452,0.5811627957525572,0.6458333333335,0.5694444444444999
rank_log_candidate_base_price,board2_count,JULY,HIGH_REGIME,7.0,USABLE_FIXED_MEDIAN_SPLIT,21,9,0.42857142857142855,6,42,0.4883597883597884,0.42857142857142855,-0.05598759971830238,-0.09429824561450001,T7_LOW,13,24,0.5714389669497693,0.6469119080380875,0.578947368421,0.666666666667
rank_log_candidate_base_price,board2_count,JULY,LOW_REGIME,7.0,USABLE_FIXED_MEDIAN_SPLIT,21,12,0.5714285714285714,6,63,0.6527777777777778,0.6031746031746031,0.0791412291413635,0.16666666666700003,T7_HIGH,29,32,0.6174182139699759,0.5318509615384094,0.666666666667,0.5
rank_log_candidate_base_price,board2_count,JUNE,ALL,7.0,USABLE_FIXED_MEDIAN_SPLIT,21,21,1.0,16,110,0.6005208333333333,0.45454545454545453,-0.03341439606149727,-0.11111111111099996,T7_HIGH,59,45,0.5950244504581306,0.5376724763979998,0.6,0.5
rank_log_candidate_base_price,board2_count,JUNE,HIGH_REGIME,7.0,USABLE_FIXED_MEDIAN_SPLIT,21,10,0.47619047619047616,7,61,0.369047619047619,0.3114754098360656,-0.15108294683992132,-0.22222222222199994,T7_LOW,39,19,0.5488831430007794,0.6268809278097368,0.555555555556,0.666666666667
rank_log_candidate_base_price,board2_count,JUNE,LOW_REGIME,7.0,USABLE_FIXED_MEDIAN_SPLIT,21,11,0.5238095238095238,9,49,0.7805555555555556,0.6326530612244898,0.11307094266266327,0.16666666666599994,T7_HIGH,20,26,0.6849999999999651,0.47248168498173077,0.7083333333335,0.40833333333349997
rank_log_candidate_base_price,board2_count,MAY,ALL,7.0,USABLE_FIXED_MEDIAN_SPLIT,18,18,1.0,12,106,0.2954166666666667,0.4528301886792453,-0.04682620838292169,-0.11111111111099997,T7_LOW,58,30,0.5790554751761586,0.6324443149443667,0.5727272727275,0.641025641026
rank_log_candidate_base_price,board2_count,MAY,HIGH_REGIME,7.0,USABLE_FIXED_MEDIAN_SPLIT,18,10,0.5555555555555556,7,72,0.35404761904761906,0.5,0.012921684796556969,-4.999889391399392e-13,T7_LOW,33,22,0.5905529655529727,0.5907987214805909,0.611111111111,0.547008547009
rank_log_candidate_base_price,board2_count,MAY,LOW_REGIME,7.0,USABLE_FIXED_MEDIAN_SPLIT,18,8,0.4444444444444444,5,34,0.21333333333333332,0.35294117647058826,-0.17335115864534706,-0.30303030303050005,T7_LOW,25,8,0.563878787878764,0.74696969696975,0.545454545455,0.8045454545455
rank_log_candidate_base_price,board3_count,JULY,ALL,2.0,USABLE_FIXED_MEDIAN_SPLIT,21,21,1.0,12,105,0.5705687830687831,0.5333333333333333,0.025089697597497147,0.07692307692299999,T7_HIGH,42,56,0.6031865422732452,0.5811627957525572,0.6458333333335,0.5694444444444999
rank_log_candidate_base_price,board3_count,JULY,HIGH_REGIME,2.0,USABLE_FIXED_MEDIAN_SPLIT,21,4,0.19047619047619047,1,4,0.5,0.5,-0.175,-0.19999999999999998,TIE,1,12,0.4,0.5638888888889166,0.4,0.55
rank_log_candidate_base_price,board3_count,JULY,LOW_REGIME,2.0,USABLE_FIXED_MEDIAN_SPLIT,21,17,0.8095238095238095,11,101,0.576984126984127,0.5346534653465347,0.03301404205680396,0.07692307692299999,T7_HIGH,41,44,0.608142311596983,0.5858738612608227,0.666666666667,0.5694444444444999
rank_log_candidate_base_price,board3_count,JUNE,ALL,2.0,USABLE_FIXED_MEDIAN_SPLIT,21,21,1.0,16,110,0.6005208333333333,0.45454545454545453,-0.03341439606149727,-0.11111111111099996,T7_HIGH,59,45,0.5950244504581306,0.5376724763979998,0.6,0.5
rank_log_candidate_base_price,board3_count,JUNE,HIGH_REGIME,2.0,USABLE_FIXED_MEDIAN_SPLIT,21,6,0.2857142857142857,4,26,0.65625,0.46153846153846156,-0.05873734109043075,-0.0921568627455,T7_HIGH,25,9,0.584829131652616,0.5675070028012222,0.588235294118,0.666666666667
rank_log_candidate_base_price,board3_count,JUNE,LOW_REGIME,2.0,USABLE_FIXED_MEDIAN_SPLIT,21,15,0.7142857142857143,12,84,0.5819444444444445,0.4523809523809524,-0.025576341647779766,-0.11111111111099996,T7_HIGH,34,36,0.6025210084033618,0.5302138447971944,0.6125,0.48333333333350004
rank_log_candidate_base_price,board3_count,MAY,ALL,2.0,USABLE_FIXED_MEDIAN_SPLIT,18,18,1.0,12,106,0.2954166666666667,0.4528301886792453,-0.04682620838292169,-0.11111111111099997,T7_LOW,58,30,0.5790554751761586,0.6324443149443667,0.5727272727275,0.641025641026
rank_log_candidate_base_price,board3_count,MAY,HIGH_REGIME,2.0,USABLE_FIXED_MEDIAN_SPLIT,18,10,0.5555555555555556,7,86,0.45880952380952383,0.5465116279069767,0.05296931750409419,0.1055555555555,T7_LOW,36,24,0.6323124406457528,0.5790654946905417,0.7136363636365,0.547008547009
rank_log_candidate_base_price,board3_count,MAY,LOW_REGIME,2.0,USABLE_FIXED_MEDIAN_SPLIT,18,8,0.4444444444444444,5,20,0.06666666666666667,0.05,-0.47594696969709,-0.5,T7_LOW,22,6,0.49190771349864093,0.8459595959596666,0.435606060606,0.9545454545455
rank_log_candidate_base_price,board4plus_count,JULY,ALL,1.0,USABLE_FIXED_MEDIAN_SPLIT,21,21,1.0,12,105,0.5705687830687831,0.5333333333333333,0.025089697597497147,0.07692307692299999,T7_HIGH,42,56,0.6031865422732452,0.5811627957525572,0.6458333333335,0.5694444444444999
rank_log_candidate_base_price,board4plus_count,JULY,HIGH_REGIME,1.0,USABLE_FIXED_MEDIAN_SPLIT,21,7,0.3333333333333333,4,40,0.7166666666666667,0.625,0.10534188034189249,0.18803418803399996,T7_HIGH,11,18,0.6348096348096364,0.5365622032288389,0.666666666667,0.519230769231
rank_log_candidate_base_price,board4plus_count,JULY,LOW_REGIME,1.0,USABLE_FIXED_MEDIAN_SPLIT,21,14,0.6666666666666666,8,65,0.4975198412698413,0.47692307692307695,-0.02429626101443846,-0.058823529411,T7_LOW,31,38,0.5919654449216226,0.6022893922111605,0.625,0.6157894736839999
rank_log_candidate_base_price,board4plus_count,JUNE,ALL,1.0,USABLE_FIXED_MEDIAN_SPLIT,21,21,1.0,16,110,0.6005208333333333,0.45454545454545453,-0.03341439606149727,-0.11111111111099996,T7_HIGH,59,45,0.5950244504581306,0.5376724763979998,0.6,0.5
rank_log_candidate_base_price,board4plus_count,JUNE,HIGH_REGIME,1.0,USABLE_FIXED_MEDIAN_SPLIT,21,8,0.38095238095238093,6,55,0.5944444444444444,0.4,-0.07588744588746366,-0.142857142857,T7_HIGH,18,23,0.5338624338624055,0.5078157349896523,0.5416666666665,0.466666666667
rank_log_candidate_base_price,board4plus_count,JUNE,LOW_REGIME,1.0,USABLE_FIXED_MEDIAN_SPLIT,21,13,0.6190476190476191,10,55,0.6041666666666667,0.509090909090909,0.009058653764469104,0.06666666666600002,T7_HIGH,41,22,0.6218760675001561,0.5688863424158181,0.6,0.6190476190480001
rank_log_candidate_base_price,board4plus_count,MAY,ALL,1.0,USABLE_FIXED_MEDIAN_SPLIT,18,18,1.0,12,106,0.2954166666666667,0.4528301886792453,-0.04682620838292169,-0.11111111111099997,T7_LOW,58,30,0.5790554751761586,0.6324443149443667,0.5727272727275,0.641025641026
rank_log_candidate_base_price,board4plus_count,MAY,HIGH_REGIME,1.0,USABLE_FIXED_MEDIAN_SPLIT,18,12,0.6666666666666666,9,56,0.27129629629629626,0.375,-0.13478535353542323,-0.21111111111100003,T7_LOW,35,18,0.5699134199134057,0.7003226711560555,0.545454545455,0.6833333333335
rank_log_candidate_base_price,board4plus_count,MAY,LOW_REGIME,1.0,USABLE_FIXED_MEDIAN_SPLIT,18,6,0.3333333333333333,3,50,0.3677777777777778,0.54,0.05168803418788002,0.07692307692300002,T7_LOW,23,12,0.592967298402087,0.5306267806268333,0.611111111111,0.519230769231
rank_log_candidate_base_price,candidate_cohort_d1_afternoon_median,JULY,ALL,-0.00524690298891595,USABLE_FIXED_MEDIAN_SPLIT,21,21,1.0,12,105,0.5705687830687831,0.5333333333333333,0.025089697597497147,0.07692307692299999,T7_HIGH,42,56,0.6031865422732452,0.5811627957525572,0.6458333333335,0.5694444444444999
rank_log_candidate_base_price,candidate_cohort_d1_afternoon_median,JULY,HIGH_REGIME,-0.00524690298891595,USABLE_FIXED_MEDIAN_SPLIT,21,8,0.38095238095238093,3,14,0.8333333333333334,0.8571428571428571,0.307142857143,0.392307692308,T7_HIGH,16,12,0.64951923076925,0.5487179487179167,0.732142857143,0.45
rank_log_candidate_base_price,candidate_cohort_d1_afternoon_median,JULY,LOW_REGIME,-0.00524690298891595,USABLE_FIXED_MEDIAN_SPLIT,21,13,0.6190476190476191,9,91,0.48298059964726625,0.4835164835164835,-0.018303096178734064,-0.058823529411,T7_LOW,26,44,0.5746741185833961,0.5900113903983683,0.597165991903,0.5916666666665
rank_log_candidate_base_price,candidate_cohort_d1_afternoon_median,JUNE,ALL,-0.00524690298891595,USABLE_FIXED_MEDIAN_SPLIT,21,21,1.0,16,110,0.6005208333333333,0.45454545454545453,-0.03341439606149727,-0.11111111111099996,T7_HIGH,59,45,0.5950244504581306,0.5376724763979998,0.6,0.5
rank_log_candidate_base_price,candidate_cohort_d1_afternoon_median,JUNE,HIGH_REGIME,-0.00524690298891595,USABLE_FIXED_MEDIAN_SPLIT,21,14,0.6666666666666666,11,90,0.5098484848484849,0.3888888888888889,-0.09623664280527444,-0.14285714285699996,T7_HIGH,38,35,0.5624502432552131,0.5742523676137141,0.5773809523810001,0.571428571429
rank_log_candidate_base_price,candidate_cohort_d1_afternoon_median,JUNE,LOW_REGIME,-0.00524690298891595,USABLE_FIXED_MEDIAN_SPLIT,21,7,0.3333333333333333,5,20,0.8,0.75,0.24928571428549998,0.30952380952349995,T7_HIGH,21,10,0.6539682539681715,0.4096428571430001,0.642857142857,0.3875
rank_log_candidate_base_price,candidate_cohort_d1_afternoon_median,MAY,ALL,-0.00524690298891595,USABLE_FIXED_MEDIAN_SPLIT,18,18,1.0,12,106,0.2954166666666667,0.4528301886792453,-0.04682620838292169,-0.11111111111099997,T7_LOW,58,30,0.5790554751761586,0.6324443149443667,0.5727272727275,0.641025641026
rank_log_candidate_base_price,candidate_cohort_d1_afternoon_median,MAY,HIGH_REGIME,-0.00524690298891595,USABLE_FIXED_MEDIAN_SPLIT,18,8,0.4444444444444444,5,60,0.384,0.4666666666666667,-0.048232323232429986,-0.09999999999999998,T7_LOW,26,15,0.6341297591297346,0.6687542087542667,0.6515151515155,0.666666666667
rank_log_candidate_base_price,candidate_cohort_d1_afternoon_median,MAY,LOW_REGIME,-0.00524690298891595,USABLE_FIXED_MEDIAN_SPLIT,18,10,0.5555555555555556,7,46,0.23214285714285715,0.43478260869565216,-0.04499214553573694,-0.125,T7_LOW,32,15,0.5343076194638781,0.5961344211344667,0.47727272727250003,0.538461538462
rank_log_candidate_base_price,candidate_cohort_d1_close_vwap_median,JULY,ALL,-0.00574263957913635,USABLE_FIXED_MEDIAN_SPLIT,21,21,1.0,12,105,0.5705687830687831,0.5333333333333333,0.025089697597497147,0.07692307692299999,T7_HIGH,42,56,0.6031865422732452,0.5811627957525572,0.6458333333335,0.5694444444444999
rank_log_candidate_base_price,candidate_cohort_d1_close_vwap_median,JULY,HIGH_REGIME,-0.00574263957913635,USABLE_FIXED_MEDIAN_SPLIT,21,9,0.42857142857142855,5,25,0.6555555555555556,0.76,0.23788235294134402,0.30769230769199996,T7_HIGH,20,17,0.635056561086,0.5447697631088118,0.732142857143,0.5
rank_log_candidate_base_price,candidate_cohort_d1_close_vwap_median,JULY,LOW_REGIME,-0.00574263957913635,USABLE_FIXED_MEDIAN_SPLIT,21,12,0.5714285714285714,7,80,0.5098639455782313,0.4625,-0.041408007197454993,-0.083333333333,T7_HIGH,22,39,0.5742137978980136,0.5970264253664974,0.597165991903,0.6
rank_log_candidate_base_price,candidate_cohort_d1_close_vwap_median,JUNE,ALL,-0.00574263957913635,USABLE_FIXED_MEDIAN_SPLIT,21,21,1.0,16,110,0.6005208333333333,0.45454545454545453,-0.03341439606149727,-0.11111111111099996,T7_HIGH,59,45,0.5950244504581306,0.5376724763979998,0.6,0.5
rank_log_candidate_base_price,candidate_cohort_d1_close_vwap_median,JUNE,HIGH_REGIME,-0.00574263957913635,USABLE_FIXED_MEDIAN_SPLIT,21,13,0.6190476190476191,9,74,0.49351851851851847,0.36486486486486486,-0.1185460670755365,-0.15476190476200002,T7_LOW,33,31,0.5567608861726394,0.5605358272341613,0.571428571429,0.571428571429
rank_log_candidate_base_price,candidate_cohort_d1_close_vwap_median,JUNE,LOW_REGIME,-0.00574263957913635,USABLE_FIXED_MEDIAN_SPLIT,21,8,0.38095238095238093,7,36,0.7380952380952381,0.6388888888888888,0.1415784832451389,0.22222222222250004,T7_HIGH,26,14,0.6435897435897154,0.48704648526078576,0.654761904762,0.422222222222
rank_log_candidate_base_price,candidate_cohort_d1_close_vwap_median,MAY,ALL,-0.00574263957913635,USABLE_FIXED_MEDIAN_SPLIT,18,18,1.0,12,106,0.2954166666666667,0.4528301886792453,-0.04682620838292169,-0.11111111111099997,T7_LOW,58,30,0.5790554751761586,0.6324443149443667,0.5727272727275,0.641025641026
rank_log_candidate_base_price,candidate_cohort_d1_close_vwap_median,MAY,HIGH_REGIME,-0.00574263957913635,USABLE_FIXED_MEDIAN_SPLIT,18,8,0.4444444444444444,3,33,0.28444444444444444,0.45454545454545453,-0.04928068564457269,-0.11111111111099992,T7_LOW,31,8,0.6141577060931966,0.6672979797981251,0.666666666667,0.69696969697
rank_log_candidate_base_price,candidate_cohort_d1_close_vwap_median,MAY,LOW_REGIME,-0.00574263957913635,USABLE_FIXED_MEDIAN_SPLIT,18,10,0.5555555555555556,9,73,0.29907407407407405,0.4520547945205479,-0.04571665016875068,-0.11111111111100003,T7_LOW,27,22,0.5387529137528926,0.6197702549975456,0.5,0.5769230769235
rank_log_candidate_base_price,candidate_cohort_d1_low_close_recovery_median,JULY,ALL,0.0306360580886548,USABLE_FIXED_MEDIAN_SPLIT,21,21,1.0,12,105,0.5705687830687831,0.5333333333333333,0.025089697597497147,0.07692307692299999,T7_HIGH,42,56,0.6031865422732452,0.5811627957525572,0.6458333333335,0.5694444444444999
rank_log_candidate_base_price,candidate_cohort_d1_low_close_recovery_median,JULY,HIGH_REGIME,0.0306360580886548,USABLE_FIXED_MEDIAN_SPLIT,21,10,0.47619047619047616,5,48,0.6571428571428571,0.5416666666666666,0.03521564327502501,0.06798245614099999,T7_HIGH,24,22,0.6208783175888875,0.555082198503182,0.6904761904765,0.513157894737
rank_log_candidate_base_price,candidate_cohort_d1_low_close_recovery_median,JULY,LOW_REGIME,0.0306360580886548,USABLE_FIXED_MEDIAN_SPLIT,21,11,0.5238095238095238,7,57,0.5087301587301588,0.5263157894736842,0.016562585447999996,0.07692307692299999,T7_HIGH,18,34,0.5795975085190556,0.5980384763256824,0.5576923076925,0.6333333333335001
rank_log_candidate_base_price,candidate_cohort_d1_low_close_recovery_median,JUNE,ALL,0.0306360580886548,USABLE_FIXED_MEDIAN_SPLIT,21,21,1.0,16,110,0.6005208333333333,0.45454545454545453,-0.03341439606149727,-0.11111111111099996,T7_HIGH,59,45,0.5950244504581306,0.5376724763979998,0.6,0.5
rank_log_candidate_base_price,candidate_cohort_d1_low_close_recovery_median,JUNE,HIGH_REGIME,0.0306360580886548,USABLE_FIXED_MEDIAN_SPLIT,21,11,0.5238095238095238,7,70,0.5154761904761904,0.38571428571428573,-0.09280045351477859,-0.1380952380955,T7_HIGH,23,29,0.5685300207039261,0.5394362342638621,0.583333333333,0.533333333333
rank_log_candidate_base_price,candidate_cohort_d1_low_close_recovery_median,JUNE,LOW_REGIME,0.0306360580886548,USABLE_FIXED_MEDIAN_SPLIT,21,10,0.47619047619047616,9,40,0.6666666666666666,0.575,0.070511204481745,0.15476190476149998,T7_HIGH,36,16,0.611951447245539,0.534475665266125,0.6125,0.472222222222
rank_log_candidate_base_price,candidate_cohort_d1_low_close_recovery_median,MAY,ALL,0.0306360580886548,USABLE_FIXED_MEDIAN_SPLIT,18,18,1.0,12,106,0.2954166666666667,0.4528301886792453,-0.04682620838292169,-0.11111111111099997,T7_LOW,58,30,0.5790554751761586,0.6324443149443667,0.5727272727275,0.641025641026
rank_log_candidate_base_price,candidate_cohort_d1_low_close_recovery_median,MAY,HIGH_REGIME,0.0306360580886548,USABLE_FIXED_MEDIAN_SPLIT,18,9,0.5,3,32,0.28444444444444444,0.46875,-0.023476957070934334,-0.08333333333349996,T7_LOW,31,7,0.615501792114713,0.5959595959597143,0.666666666667,0.555555555556
rank_log_candidate_base_price,candidate_cohort_d1_low_close_recovery_median,MAY,LOW_REGIME,0.0306360580886548,USABLE_FIXED_MEDIAN_SPLIT,18,9,0.5,9,74,0.29907407407407405,0.44594594594594594,-0.05692318192324055,-0.11805555555550001,T7_LOW,27,23,0.537209703876337,0.6435483598527392,0.5,0.666666666667
rank_log_candidate_base_price,candidate_cohort_d1_open_close_median,JULY,ALL,-0.0208229467324091,USABLE_FIXED_MEDIAN_SPLIT,21,21,1.0,12,105,0.5705687830687831,0.5333333333333333,0.025089697597497147,0.07692307692299999,T7_HIGH,42,56,0.6031865422732452,0.5811627957525572,0.6458333333335,0.5694444444444999
rank_log_candidate_base_price,candidate_cohort_d1_open_close_median,JULY,HIGH_REGIME,-0.0208229467324091,USABLE_FIXED_MEDIAN_SPLIT,21,5,0.23809523809523808,5,47,0.5055555555555555,0.574468085106383,0.07582394660010211,0.16666666666700003,T7_HIGH,15,15,0.6000754147813533,0.53185017596772,0.75,0.5
rank_log_candidate_base_price,candidate_cohort_d1_open_close_median,JULY,LOW_REGIME,-0.0208229467324091,USABLE_FIXED_MEDIAN_SPLIT,21,16,0.7619047619047619,7,58,0.6170068027210885,0.5,-0.016022538663234477,0.0,T7_HIGH,27,41,0.6049149464354073,0.5992039981128634,0.625,0.6
rank_log_candidate_base_price,candidate_cohort_d1_open_close_median,JUNE,ALL,-0.0208229467324091,USABLE_FIXED_MEDIAN_SPLIT,21,21,1.0,16,110,0.6005208333333333,0.45454545454545453,-0.03341439606149727,-0.11111111111099996,T7_HIGH,59,45,0.5950244504581306,0.5376724763979998,0.6,0.5
rank_log_candidate_base_price,candidate_cohort_d1_open_close_median,JUNE,HIGH_REGIME,-0.0208229467324091,USABLE_FIXED_MEDIAN_SPLIT,21,14,0.6666666666666666,9,67,0.5351851851851852,0.3582089552238806,-0.12417952255535374,-0.17647058823499995,T7_HIGH,39,28,0.5781261222437358,0.56115446178475,0.571428571429,0.571428571429
rank_log_candidate_base_price,candidate_cohort_d1_open_close_median,JUNE,LOW_REGIME,-0.0208229467324091,USABLE_FIXED_MEDIAN_SPLIT,21,7,0.3333333333333333,7,43,0.6845238095238094,0.6046511627906976,0.10801033591730232,0.14285714285700002,T7_HIGH,20,17,0.6279761904762,0.4989962651727647,0.6458333333335,0.444444444444
rank_log_candidate_base_price,candidate_cohort_d1_open_close_median,MAY,ALL,-0.0208229467324091,USABLE_FIXED_MEDIAN_SPLIT,18,18,1.0,12,106,0.2954166666666667,0.4528301886792453,-0.04682620838292169,-0.11111111111099997,T7_LOW,58,30,0.5790554751761586,0.6324443149443667,0.5727272727275,0.641025641026
rank_log_candidate_base_price,candidate_cohort_d1_open_close_median,MAY,HIGH_REGIME,-0.0208229467324091,USABLE_FIXED_MEDIAN_SPLIT,18,11,0.6111111111111112,7,87,0.3576190476190476,0.4827586206896552,-0.025748198162089647,-0.07692307692299999,T7_LOW,39,22,0.5801765186380539,0.6342904570177726,0.6,0.641025641026
rank_log_candidate_base_price,candidate_cohort_d1_open_close_median,MAY,LOW_REGIME,-0.0208229467324091,USABLE_FIXED_MEDIAN_SPLIT,18,7,0.3888888888888889,5,19,0.20833333333333331,0.3157894736842105,-0.1433413078151526,-0.1818181818179999,T7_LOW,19,8,0.5767543859649,0.6273674242425,0.545454545455,0.5833333333335
rank_log_candidate_base_price,final_limit_up_pool_count,JULY,ALL,71.0,USABLE_FIXED_MEDIAN_SPLIT,21,21,1.0,12,105,0.5705687830687831,0.5333333333333333,0.025089697597497147,0.07692307692299999,T7_HIGH,42,56,0.6031865422732452,0.5811627957525572,0.6458333333335,0.5694444444444999
rank_log_candidate_base_price,final_limit_up_pool_count,JULY,HIGH_REGIME,71.0,USABLE_FIXED_MEDIAN_SPLIT,21,8,0.38095238095238093,6,43,0.5383597883597884,0.5813953488372093,0.08149014807889068,0.08333333333299997,T7_HIGH,17,26,0.5927394010712354,0.5572414982810039,0.578947368421,0.5708502024295
rank_log_candidate_base_price,final_limit_up_pool_count,JULY,LOW_REGIME,71.0,USABLE_FIXED_MEDIAN_SPLIT,21,13,0.6190476190476191,6,62,0.6027777777777777,0.5,-0.014026743865404832,-4.999889391399392e-13,T7_HIGH,25,30,0.610290598290612,0.60189458689457,0.666666666667,0.5694444444444999
rank_log_candidate_base_price,final_limit_up_pool_count,JUNE,ALL,71.0,USABLE_FIXED_MEDIAN_SPLIT,21,21,1.0,16,110,0.6005208333333333,0.45454545454545453,-0.03341439606149727,-0.11111111111099996,T7_HIGH,59,45,0.5950244504581306,0.5376724763979998,0.6,0.5
rank_log_candidate_base_price,final_limit_up_pool_count,JUNE,HIGH_REGIME,71.0,USABLE_FIXED_MEDIAN_SPLIT,21,12,0.5714285714285714,10,69,0.5708333333333333,0.43478260869565216,-0.038900391074260875,-0.125,T7_HIGH,34,27,0.5963585434173705,0.5666519694297408,0.6125,0.5
rank_log_candidate_base_price,final_limit_up_pool_count,JUNE,LOW_REGIME,71.0,USABLE_FIXED_MEDIAN_SPLIT,21,9,0.42857142857142855,6,41,0.65,0.4878048780487805,-0.024181867869285376,-0.08333333333370001,T7_HIGH,25,18,0.5932100840335639,0.4942032368503888,0.583333333333,0.494047619048
rank_log_candidate_base_price,final_limit_up_pool_count,MAY,ALL,71.0,USABLE_FIXED_MEDIAN_SPLIT,18,18,1.0,12,106,0.2954166666666667,0.4528301886792453,-0.04682620838292169,-0.11111111111099997,T7_LOW,58,30,0.5790554751761586,0.6324443149443667,0.5727272727275,0.641025641026
rank_log_candidate_base_price,final_limit_up_pool_count,MAY,HIGH_REGIME,71.0,USABLE_FIXED_MEDIAN_SPLIT,18,10,0.5555555555555556,6,42,0.2638888888888889,0.47619047619047616,-0.020837958338045227,-0.09401709401700001,T7_LOW,26,14,0.5813273265196577,0.6377233877234286,0.5227272727275001,0.641025641026
rank_log_candidate_base_price,final_limit_up_pool_count,MAY,LOW_REGIME,71.0,USABLE_FIXED_MEDIAN_SPLIT,18,8,0.4444444444444444,6,64,0.3269444444444444,0.4375,-0.06388099747487186,-0.11111111111149996,T7_LOW,32,16,0.5772095959595656,0.6278251262626875,0.6055555555555,0.6111111111115
rank_log_candidate_base_price,first_break_candidate_count,JULY,ALL,7.0,USABLE_FIXED_MEDIAN_SPLIT,21,21,1.0,12,105,0.5705687830687831,0.5333333333333333,0.025089697597497147,0.07692307692299999,T7_HIGH,42,56,0.6031865422732452,0.5811627957525572,0.6458333333335,0.5694444444444999
rank_log_candidate_base_price,first_break_candidate_count,JULY,HIGH_REGIME,7.0,USABLE_FIXED_MEDIAN_SPLIT,21,9,0.42857142857142855,8,92,0.5746031746031746,0.5543478260869565,0.04675092298265435,0.08012820512800001,T7_HIGH,26,37,0.6006603118772808,0.5498680151930595,0.6458333333335,0.538461538462
rank_log_candidate_base_price,first_break_candidate_count,JULY,LOW_REGIME,7.0,USABLE_FIXED_MEDIAN_SPLIT,21,12,0.5714285714285714,4,13,0.5625,0.38461538461538464,-0.12820512820515384,-0.25,T7_HIGH,16,19,0.6072916666666875,0.6421052631578948,0.6190476190480001,0.666666666667
rank_log_candidate_base_price,first_break_candidate_count,JUNE,ALL,7.0,USABLE_FIXED_MEDIAN_SPLIT,21,21,1.0,16,110,0.6005208333333333,0.45454545454545453,-0.03341439606149727,-0.11111111111099996,T7_HIGH,59,45,0.5950244504581306,0.5376724763979998,0.6,0.5
rank_log_candidate_base_price,first_break_candidate_count,JUNE,HIGH_REGIME,7.0,USABLE_FIXED_MEDIAN_SPLIT,21,9,0.42857142857142855,8,81,0.4927083333333333,0.37037037037037035,-0.1245662874203543,-0.16666666666700003,T7_LOW,38,27,0.5351946041574396,0.5757504236262593,0.5634920634925,0.533333333333
rank_log_candidate_base_price,first_break_candidate_count,JUNE,LOW_REGIME,7.0,USABLE_FIXED_MEDIAN_SPLIT,21,12,0.5714285714285714,8,29,0.7083333333333333,0.6896551724137931,0.2211822660097931,0.2857142857139999,T7_HIGH,21,18,0.7032879818593809,0.480555555555611,0.8,0.4142857142855
rank_log_candidate_base_price,first_break_candidate_count,MAY,ALL,7.0,USABLE_FIXED_MEDIAN_SPLIT,18,18,1.0,12,106,0.2954166666666667,0.4528301886792453,-0.04682620838292169,-0.11111111111099997,T7_LOW,58,30,0.5790554751761586,0.6324443149443667,0.5727272727275,0.641025641026
rank_log_candidate_base_price,first_break_candidate_count,MAY,HIGH_REGIME,7.0,USABLE_FIXED_MEDIAN_SPLIT,18,11,0.6111111111111112,8,97,0.40145833333333336,0.4845360824742268,-0.013370220844543293,-0.07692307692299999,T7_LOW,47,25,0.5780542743308765,0.5855998445998799,0.6,0.538461538462
rank_log_candidate_base_price,first_break_candidate_count,MAY,LOW_REGIME,7.0,USABLE_FIXED_MEDIAN_SPLIT,18,7,0.3888888888888889,4,9,0.08333333333333333,0.1111111111111111,-0.4074074074076667,-0.5,T7_LOW,11,5,0.5833333333332728,0.8666666666668,0.5,1.0
rank_log_candidate_base_price,max_board_height,JULY,ALL,4.0,USABLE_FIXED_MEDIAN_SPLIT,21,21,1.0,12,105,0.5705687830687831,0.5333333333333333,0.025089697597497147,0.07692307692299999,T7_HIGH,42,56,0.6031865422732452,0.5811627957525572,0.6458333333335,0.5694444444444999
rank_log_candidate_base_price,max_board_height,JULY,HIGH_REGIME,4.0,USABLE_FIXED_MEDIAN_SPLIT,21,10,0.47619047619047616,6,56,0.7777777777777777,0.6607142857142857,0.13070054945069462,0.240384615385,T7_HIGH,15,25,0.6936752136752866,0.5287692307691639,0.769230769231,0.5
rank_log_candidate_base_price,max_board_height,JULY,LOW_REGIME,4.0,USABLE_FIXED_MEDIAN_SPLIT,21,11,0.5238095238095238,6,49,0.3633597883597884,0.3877551020408163,-0.09560841880615716,-0.15789473684199995,T7_LOW,27,31,0.5529150581610001,0.6234156707391644,0.571428571429,0.666666666667
rank_log_candidate_base_price,max_board_height,JUNE,ALL,4.0,USABLE_FIXED_MEDIAN_SPLIT,21,21,1.0,16,110,0.6005208333333333,0.45454545454545453,-0.03341439606149727,-0.11111111111099996,T7_HIGH,59,45,0.5950244504581306,0.5376724763979998,0.6,0.5
rank_log_candidate_base_price,max_board_height,JUNE,HIGH_REGIME,4.0,USABLE_FIXED_MEDIAN_SPLIT,21,7,0.3333333333333333,5,38,0.6633333333333333,0.5263157894736842,0.032309941520407885,0.09722222222200003,T7_HIGH,23,14,0.5784679089026479,0.48747165532885717,0.583333333333,0.40833333333349997
rank_log_candidate_base_price,max_board_height,JUNE,LOW_REGIME,4.0,USABLE_FIXED_MEDIAN_SPLIT,21,14,0.6666666666666666,11,72,0.5719696969696969,0.4166666666666667,-0.06810224089639166,-0.13809523809549995,T7_HIGH,36,31,0.6056022408963555,0.5603438149453549,0.6125,0.533333333333
rank_log_candidate_base_price,max_board_height,MAY,ALL,4.0,USABLE_FIXED_MEDIAN_SPLIT,18,18,1.0,12,106,0.2954166666666667,0.4528301886792453,-0.04682620838292169,-0.11111111111099997,T7_LOW,58,30,0.5790554751761586,0.6324443149443667,0.5727272727275,0.641025641026
rank_log_candidate_base_price,max_board_height,MAY,HIGH_REGIME,4.0,USABLE_FIXED_MEDIAN_SPLIT,18,11,0.6111111111111112,7,51,0.34880952380952385,0.4117647058823529,-0.09897999603887647,-0.125,T7_LOW,37,15,0.5706388206388433,0.6626094276094666,0.545454545455,0.666666666667
rank_log_candidate_base_price,max_board_height,MAY,LOW_REGIME,4.0,USABLE_FIXED_MEDIAN_SPLIT,18,7,0.3888888888888889,5,55,0.2206666666666667,0.4909090909090909,0.0015345765344182073,-0.055555555556,T7_LOW,21,15,0.5938848188847619,0.6022792022792667,0.611111111111,0.555555555556
rank_log_candidate_base_price,promotion_rate,JULY,ALL,0.17660818713450285,USABLE_FIXED_MEDIAN_SPLIT,21,21,1.0,12,105,0.5705687830687831,0.5333333333333333,0.025089697597497147,0.07692307692299999,T7_HIGH,42,56,0.6031865422732452,0.5811627957525572,0.6458333333335,0.5694444444444999
rank_log_candidate_base_price,promotion_rate,JULY,HIGH_REGIME,0.17660818713450285,USABLE_FIXED_MEDIAN_SPLIT,21,10,0.47619047619047616,5,35,0.638888888888889,0.6571428571428571,0.14372549019612282,0.16666666666700003,T7_HIGH,16,23,0.6344457013575,0.5685979408485696,0.7083333333335,0.615384615385
rank_log_candidate_base_price,promotion_rate,JULY,LOW_REGIME,0.17660818713450285,USABLE_FIXED_MEDIAN_SPLIT,21,11,0.5238095238095238,7,70,0.5217687074829932,0.4714285714285714,-0.034228198701815704,-0.08012820512849997,T7_HIGH,26,33,0.5839501366829346,0.5899201188674575,0.597165991903,0.538461538462
rank_log_candidate_base_price,promotion_rate,JUNE,ALL,0.17660818713450285,USABLE_FIXED_MEDIAN_SPLIT,21,21,1.0,16,110,0.6005208333333333,0.45454545454545453,-0.03341439606149727,-0.11111111111099996,T7_HIGH,59,45,0.5950244504581306,0.5376724763979998,0.6,0.5
rank_log_candidate_base_price,promotion_rate,JUNE,HIGH_REGIME,0.17660818713450285,USABLE_FIXED_MEDIAN_SPLIT,21,8,0.38095238095238093,7,40,0.5952380952380951,0.55,0.065511204481895,0.1339285714285,T7_HIGH,26,16,0.5746067657832615,0.5109637605041251,0.606617647059,0.43650793650749997
rank_log_candidate_base_price,promotion_rate,JUNE,LOW_REGIME,0.17660818713450285,USABLE_FIXED_MEDIAN_SPLIT,21,13,0.6190476190476191,9,70,0.6046296296296296,0.4,-0.08994331065772143,-0.1333333333335,T7_HIGH,33,29,0.6111111111110576,0.5524083196497931,0.6,0.571428571429
rank_log_candidate_base_price,promotion_rate,MAY,ALL,0.17660818713450285,USABLE_FIXED_MEDIAN_SPLIT,18,18,1.0,12,106,0.2954166666666667,0.4528301886792453,-0.04682620838292169,-0.11111111111099997,T7_LOW,58,30,0.5790554751761586,0.6324443149443667,0.5727272727275,0.641025641026
rank_log_candidate_base_price,promotion_rate,MAY,HIGH_REGIME,0.17660818713450285,USABLE_FIXED_MEDIAN_SPLIT,18,12,0.6666666666666666,6,42,0.2638888888888889,0.47619047619047616,-0.020837958338045227,-0.09401709401700001,T7_LOW,36,14,0.6064636752136972,0.6377233877234286,0.7136363636365,0.641025641026
rank_log_candidate_base_price,promotion_rate,MAY,LOW_REGIME,0.17660818713450285,USABLE_FIXED_MEDIAN_SPLIT,18,6,0.3333333333333333,6,64,0.3269444444444444,0.4375,-0.06388099747487186,-0.11111111111149996,T7_LOW,22,16,0.5342056932965501,0.6278251262626875,0.5,0.6111111111115
rank_theme_score,board2_count,JULY,ALL,7.0,USABLE_FIXED_MEDIAN_SPLIT,21,21,1.0,12,105,0.5568452380952381,0.5285714285714286,0.03361344537811048,0.0,T7_HIGH,42,56,0.5959490228839047,0.5617001827721392,0.6483516483514999,0.666666666667
rank_theme_score,board2_count,JULY,HIGH_REGIME,7.0,USABLE_FIXED_MEDIAN_SPLIT,21,9,0.42857142857142855,6,42,0.48134920634920636,0.4523809523809524,-0.03501400560224762,0.0,T7_LOW,13,24,0.5837070995739999,0.6232405974087,0.625,0.666666666667
rank_theme_score,board2_count,JULY,LOW_REGIME,7.0,USABLE_FIXED_MEDIAN_SPLIT,21,12,0.5714285714285714,6,63,0.6323412698412699,0.5793650793650794,0.07936507936501587,0.0,T7_HIGH,29,32,0.6014367816090346,0.5155448717947188,0.653846153846,0.653846153846
rank_theme_score,board2_count,JUNE,ALL,7.0,USABLE_FIXED_MEDIAN_SPLIT,21,21,1.0,16,110,0.5552083333333333,0.6227272727272727,0.12324675324674544,0.0,T7_HIGH,59,45,0.585284226684966,0.5262750285299779,0.647058823529,0.6
rank_theme_score,board2_count,JUNE,HIGH_REGIME,7.0,USABLE_FIXED_MEDIAN_SPLIT,21,10,0.47619047619047616,7,61,0.6071428571428571,0.6311475409836066,0.12880562060888526,0.0,T7_HIGH,39,19,0.5857454092747693,0.5177650007373158,0.647058823529,0.555555555556
rank_theme_score,board2_count,JUNE,LOW_REGIME,7.0,USABLE_FIXED_MEDIAN_SPLIT,21,11,0.5238095238095238,9,49,0.5148148148148147,0.6122448979591837,0.1163265306122449,0.0,T7_HIGH,20,26,0.58438492063485,0.5324938949938461,0.625,0.6
rank_theme_score,board2_count,MAY,ALL,7.0,USABLE_FIXED_MEDIAN_SPLIT,18,18,1.0,12,106,0.5708333333333333,0.5707547169811321,0.07002902757618867,0.0,T7_HIGH,58,30,0.6028243308416034,0.5453930328930333,0.65,0.625
rank_theme_score,board2_count,MAY,HIGH_REGIME,7.0,USABLE_FIXED_MEDIAN_SPLIT,18,10,0.5555555555555556,7,72,0.6976190476190476,0.6736111111111112,0.17254273504272222,0.0,T7_HIGH,33,22,0.6411669138941818,0.5052535847990002,0.681818181818,0.6041666666665
rank_theme_score,board2_count,MAY,LOW_REGIME,7.0,USABLE_FIXED_MEDIAN_SPLIT,18,8,0.4444444444444444,5,34,0.3933333333333333,0.35294117647058826,-0.14705882352941177,0.0,T7_LOW,25,8,0.5522121212122,0.655776515151625,0.65,0.727272727273
rank_theme_score,board3_count,JULY,ALL,2.0,USABLE_FIXED_MEDIAN_SPLIT,21,21,1.0,12,105,0.5568452380952381,0.5285714285714286,0.03361344537811048,0.0,T7_HIGH,42,56,0.5959490228839047,0.5617001827721392,0.6483516483514999,0.666666666667
rank_theme_score,board3_count,JULY,HIGH_REGIME,2.0,USABLE_FIXED_MEDIAN_SPLIT,21,4,0.19047619047619047,1,4,0.625,0.625,0.125,0.0,T7_HIGH,1,12,0.75,0.5472222222220834,0.75,0.5416666666665
rank_theme_score,board3_count,JULY,LOW_REGIME,2.0,USABLE_FIXED_MEDIAN_SPLIT,21,17,0.8095238095238095,11,101,0.5506493506493506,0.5247524752475248,0.029994175888134657,0.0,T7_HIGH,41,44,0.5921916819786341,0.5656487174676091,0.642857142857,0.666666666667
rank_theme_score,board3_count,JUNE,ALL,2.0,USABLE_FIXED_MEDIAN_SPLIT,21,21,1.0,16,110,0.5552083333333333,0.6227272727272727,0.12324675324674544,0.0,T7_HIGH,59,45,0.585284226684966,0.5262750285299779,0.647058823529,0.6
rank_theme_score,board3_count,JUNE,HIGH_REGIME,2.0,USABLE_FIXED_MEDIAN_SPLIT,21,6,0.2857142857142857,4,26,0.5416666666666666,0.6730769230769231,0.17307692307692307,0.0,T7_HIGH,25,9,0.544207282913,0.5512605042016666,0.647058823529,0.6
rank_theme_score,board3_count,JUNE,LOW_REGIME,2.0,USABLE_FIXED_MEDIAN_SPLIT,21,15,0.7142857142857143,12,84,0.5597222222222222,0.6071428571428571,0.10782312925169044,0.0,T7_HIGH,34,36,0.6154878618114118,0.5200286596120556,0.666666666667,0.6458333333335
rank_theme_score,board3_count,MAY,ALL,2.0,USABLE_FIXED_MEDIAN_SPLIT,18,18,1.0,12,106,0.5708333333333333,0.5707547169811321,0.07002902757618867,0.0,T7_HIGH,58,30,0.6028243308416034,0.5453930328930333,0.65,0.625
rank_theme_score,board3_count,MAY,HIGH_REGIME,2.0,USABLE_FIXED_MEDIAN_SPLIT,18,10,0.5555555555555556,7,86,0.6214285714285713,0.6337209302325582,0.13282647584972093,0.0,T7_HIGH,36,24,0.6289400414400276,0.5256491193990834,0.681818181818,0.625
rank_theme_score,board3_count,MAY,LOW_REGIME,2.0,USABLE_FIXED_MEDIAN_SPLIT,18,8,0.4444444444444444,5,20,0.5,0.3,-0.2,0.0,TIE,22,6,0.5600895316805454,0.6243686868688333,0.625,0.69696969697
rank_theme_score,board4plus_count,JULY,ALL,1.0,USABLE_FIXED_MEDIAN_SPLIT,21,21,1.0,12,105,0.5568452380952381,0.5285714285714286,0.03361344537811048,0.0,T7_HIGH,42,56,0.5959490228839047,0.5617001827721392,0.6483516483514999,0.666666666667
rank_theme_score,board4plus_count,JULY,HIGH_REGIME,1.0,USABLE_FIXED_MEDIAN_SPLIT,21,7,0.3333333333333333,4,40,0.5047619047619047,0.5375,0.0375,0.0,T7_HIGH,11,18,0.5656565656564545,0.5622032288697778,0.611111111111,0.653846153846
rank_theme_score,board4plus_count,JULY,LOW_REGIME,1.0,USABLE_FIXED_MEDIAN_SPLIT,21,14,0.6666666666666666,8,65,0.5828869047619047,0.5230769230769231,0.031221719456947683,0.0,T7_HIGH,31,38,0.6066979593194516,0.561461897778521,0.666666666667,0.666666666667
rank_theme_score,board4plus_count,JUNE,ALL,1.0,USABLE_FIXED_MEDIAN_SPLIT,21,21,1.0,16,110,0.5552083333333333,0.6227272727272727,0.12324675324674544,0.0,T7_HIGH,59,45,0.585284226684966,0.5262750285299779,0.647058823529,0.6
rank_theme_score,board4plus_count,JUNE,HIGH_REGIME,1.0,USABLE_FIXED_MEDIAN_SPLIT,21,8,0.38095238095238093,6,55,0.6055555555555556,0.6545454545454545,0.15194805194803634,0.0,T7_HIGH,18,23,0.6279761904762222,0.5090579710145652,0.6875,0.666666666667
rank_theme_score,board4plus_count,JUNE,LOW_REGIME,1.0,USABLE_FIXED_MEDIAN_SPLIT,21,13,0.6190476190476191,10,55,0.5249999999999999,0.5909090909090909,0.09454545454545454,0.0,T7_HIGH,41,22,0.5665414133131951,0.544274679568818,0.6,0.6
rank_theme_score,board4plus_count,MAY,ALL,1.0,USABLE_FIXED_MEDIAN_SPLIT,18,18,1.0,12,106,0.5708333333333333,0.5707547169811321,0.07002902757618867,0.0,T7_HIGH,58,30,0.6028243308416034,0.5453930328930333,0.65,0.625
rank_theme_score,board4plus_count,MAY,HIGH_REGIME,1.0,USABLE_FIXED_MEDIAN_SPLIT,18,12,0.6666666666666666,9,56,0.5009259259259259,0.4732142857142857,-0.026785714285714284,0.0,T7_HIGH,35,18,0.5799062049062286,0.5978535353535,0.666666666667,0.6458333333335
rank_theme_score,board4plus_count,MAY,LOW_REGIME,1.0,USABLE_FIXED_MEDIAN_SPLIT,18,6,0.3333333333333333,3,50,0.7805555555555556,0.68,0.17846153846152,0.0,T7_HIGH,23,12,0.6376997398736958,0.4667022792023332,0.65,0.277777777778
rank_theme_score,candidate_cohort_d1_afternoon_median,JULY,ALL,-0.00524690298891595,USABLE_FIXED_MEDIAN_SPLIT,21,21,1.0,12,105,0.5568452380952381,0.5285714285714286,0.03361344537811048,0.0,T7_HIGH,42,56,0.5959490228839047,0.5617001827721392,0.6483516483514999,0.666666666667
rank_theme_score,candidate_cohort_d1_afternoon_median,JULY,HIGH_REGIME,-0.00524690298891595,USABLE_FIXED_MEDIAN_SPLIT,21,8,0.38095238095238093,3,14,0.7083333333333334,0.6071428571428571,0.10714285714285714,0.0,T7_HIGH,16,12,0.6379807692306875,0.6096153846153333,0.653846153846,0.653846153846
rank_theme_score,candidate_cohort_d1_afternoon_median,JULY,LOW_REGIME,-0.00524690298891595,USABLE_FIXED_MEDIAN_SPLIT,21,13,0.6190476190476191,9,91,0.5063492063492063,0.5164835164835165,0.022301228183534066,0.0,T7_HIGH,26,44,0.5700833328243462,0.5486324004512682,0.6180555555555001,0.666666666667
rank_theme_score,candidate_cohort_d1_afternoon_median,JUNE,ALL,-0.00524690298891595,USABLE_FIXED_MEDIAN_SPLIT,21,21,1.0,16,110,0.5552083333333333,0.6227272727272727,0.12324675324674544,0.0,T7_HIGH,59,45,0.585284226684966,0.5262750285299779,0.647058823529,0.6
rank_theme_score,candidate_cohort_d1_afternoon_median,JUNE,HIGH_REGIME,-0.00524690298891595,USABLE_FIXED_MEDIAN_SPLIT,21,14,0.6666666666666666,11,90,0.5272727272727272,0.6111111111111112,0.1095238095238,0.0,T7_HIGH,38,35,0.5741443068454738,0.5186801387222,0.647058823529,0.6
rank_theme_score,candidate_cohort_d1_afternoon_median,JUNE,LOW_REGIME,-0.00524690298891595,USABLE_FIXED_MEDIAN_SPLIT,21,7,0.3333333333333333,5,20,0.6166666666666667,0.675,0.185,0.0,T7_HIGH,21,10,0.6054421768707144,0.5528571428572,0.625,0.6458333333335
rank_theme_score,candidate_cohort_d1_afternoon_median,MAY,ALL,-0.00524690298891595,USABLE_FIXED_MEDIAN_SPLIT,18,18,1.0,12,106,0.5708333333333333,0.5707547169811321,0.07002902757618867,0.0,T7_HIGH,58,30,0.6028243308416034,0.5453930328930333,0.65,0.625
rank_theme_score,candidate_cohort_d1_afternoon_median,MAY,HIGH_REGIME,-0.00524690298891595,USABLE_FIXED_MEDIAN_SPLIT,18,8,0.4444444444444444,5,60,0.4866666666666667,0.55,0.049999999999999996,0.0,T7_LOW,26,15,0.598193473193577,0.5617845117845334,0.7247474747475,0.722222222222
rank_theme_score,candidate_cohort_d1_afternoon_median,MAY,LOW_REGIME,-0.00524690298891595,USABLE_FIXED_MEDIAN_SPLIT,18,10,0.5555555555555556,7,46,0.6309523809523808,0.5978260869565217,0.09615384615382608,0.0,T7_HIGH,32,15,0.606586902680625,0.5290015540015334,0.65,0.625
rank_theme_score,candidate_cohort_d1_close_vwap_median,JULY,ALL,-0.00574263957913635,USABLE_FIXED_MEDIAN_SPLIT,21,21,1.0,12,105,0.5568452380952381,0.5285714285714286,0.03361344537811048,0.0,T7_HIGH,42,56,0.5959490228839047,0.5617001827721392,0.6483516483514999,0.666666666667
rank_theme_score,candidate_cohort_d1_close_vwap_median,JULY,HIGH_REGIME,-0.00574263957913635,USABLE_FIXED_MEDIAN_SPLIT,21,9,0.42857142857142855,5,25,0.6583333333333333,0.62,0.141176470588224,0.0,T7_HIGH,20,17,0.6519287330316,0.5938115517699882,0.670673076923,0.653846153846
rank_theme_score,candidate_cohort_d1_close_vwap_median,JULY,LOW_REGIME,-0.00574263957913635,USABLE_FIXED_MEDIAN_SPLIT,21,12,0.5714285714285714,7,80,0.48435374149659866,0.5,-5.000444502911705e-14,0.0,T7_LOW,22,39,0.5450583772950911,0.5477029193628206,0.611111111111,0.666666666667
rank_theme_score,candidate_cohort_d1_close_vwap_median,JUNE,ALL,-0.00574263957913635,USABLE_FIXED_MEDIAN_SPLIT,21,21,1.0,16,110,0.5552083333333333,0.6227272727272727,0.12324675324674544,0.0,T7_HIGH,59,45,0.585284226684966,0.5262750285299779,0.647058823529,0.6
rank_theme_score,candidate_cohort_d1_close_vwap_median,JUNE,HIGH_REGIME,-0.00574263957913635,USABLE_FIXED_MEDIAN_SPLIT,21,13,0.6190476190476191,9,74,0.5611111111111111,0.6486486486486487,0.14671814671813513,0.0,T7_HIGH,33,31,0.587061794414606,0.5354273967652258,0.647058823529,0.6
rank_theme_score,candidate_cohort_d1_close_vwap_median,JUNE,LOW_REGIME,-0.00574263957913635,USABLE_FIXED_MEDIAN_SPLIT,21,8,0.38095238095238093,7,36,0.5476190476190477,0.5694444444444444,0.07500000000000001,0.0,T7_HIGH,26,14,0.5830280830281154,0.5060090702947858,0.590277777778,0.555555555556
rank_theme_score,candidate_cohort_d1_close_vwap_median,MAY,ALL,-0.00574263957913635,USABLE_FIXED_MEDIAN_SPLIT,18,18,1.0,12,106,0.5708333333333333,0.5707547169811321,0.07002902757618867,0.0,T7_HIGH,58,30,0.6028243308416034,0.5453930328930333,0.65,0.625
rank_theme_score,candidate_cohort_d1_close_vwap_median,MAY,HIGH_REGIME,-0.00574263957913635,USABLE_FIXED_MEDIAN_SPLIT,18,8,0.4444444444444444,3,33,0.7388888888888889,0.803030303030303,0.30303030303030304,0.49999999999999994,T7_HIGH,31,8,0.6339524275008384,0.40467171717175,0.65,0.277777777778
rank_theme_score,candidate_cohort_d1_close_vwap_median,MAY,LOW_REGIME,-0.00574263957913635,USABLE_FIXED_MEDIAN_SPLIT,18,10,0.5555555555555556,9,73,0.5148148148148147,0.4657534246575342,-0.03530031612224657,0.0,T7_HIGH,27,22,0.567084664306926,0.5965644204280455,0.666666666667,0.722222222222
rank_theme_score,candidate_cohort_d1_low_close_recovery_median,JULY,ALL,0.0306360580886548,USABLE_FIXED_MEDIAN_SPLIT,21,21,1.0,12,105,0.5568452380952381,0.5285714285714286,0.03361344537811048,0.0,T7_HIGH,42,56,0.5959490228839047,0.5617001827721392,0.6483516483514999,0.666666666667
rank_theme_score,candidate_cohort_d1_low_close_recovery_median,JULY,HIGH_REGIME,0.0306360580886548,USABLE_FIXED_MEDIAN_SPLIT,21,10,0.47619047619047616,5,48,0.5992857142857143,0.5,0.0,0.0,T7_HIGH,24,22,0.5951852789022917,0.5880996196785454,0.6602564102565001,0.684210526316
rank_theme_score,candidate_cohort_d1_low_close_recovery_median,JULY,LOW_REGIME,0.0306360580886548,USABLE_FIXED_MEDIAN_SPLIT,21,11,0.5238095238095238,7,57,0.5265306122448979,0.5526315789473685,0.06191950464388771,0.0,T7_HIGH,18,34,0.5969673481927223,0.5446181941856412,0.611111111111,0.6458333333335
rank_theme_score,candidate_cohort_d1_low_close_recovery_median,JUNE,ALL,0.0306360580886548,USABLE_FIXED_MEDIAN_SPLIT,21,21,1.0,16,110,0.5552083333333333,0.6227272727272727,0.12324675324674544,0.0,T7_HIGH,59,45,0.585284226684966,0.5262750285299779,0.647058823529,0.6
rank_theme_score,candidate_cohort_d1_low_close_recovery_median,JUNE,HIGH_REGIME,0.0306360580886548,USABLE_FIXED_MEDIAN_SPLIT,21,11,0.5238095238095238,7,70,0.5547619047619048,0.5928571428571429,0.0908163265306,0.0,T7_HIGH,23,29,0.5982229123534347,0.5336206896552759,0.6,0.6
rank_theme_score,candidate_cohort_d1_low_close_recovery_median,JUNE,LOW_REGIME,0.0306360580886548,USABLE_FIXED_MEDIAN_SPLIT,21,10,0.47619047619047616,9,40,0.5555555555555556,0.675,0.18,0.0,T7_HIGH,36,16,0.5770178441745555,0.512961017740375,0.647058823529,0.6125
rank_theme_score,candidate_cohort_d1_low_close_recovery_median,MAY,ALL,0.0306360580886548,USABLE_FIXED_MEDIAN_SPLIT,18,18,1.0,12,106,0.5708333333333333,0.5707547169811321,0.07002902757618867,0.0,T7_HIGH,58,30,0.6028243308416034,0.5453930328930333,0.65,0.625
rank_theme_score,candidate_cohort_d1_low_close_recovery_median,MAY,HIGH_REGIME,0.0306360580886548,USABLE_FIXED_MEDIAN_SPLIT,18,9,0.5,3,32,0.9055555555555556,0.828125,0.328125,0.49999999999999994,T7_HIGH,31,7,0.6393287715868706,0.3315295815297143,0.65,0.277777777778
rank_theme_score,candidate_cohort_d1_low_close_recovery_median,MAY,LOW_REGIME,0.0306360580886548,USABLE_FIXED_MEDIAN_SPLIT,18,9,0.5,9,74,0.4592592592592592,0.4594594594594595,-0.04158004158005405,0.0,T7_LOW,27,23,0.5609118248007408,0.6104819093949131,0.625,0.722222222222
rank_theme_score,candidate_cohort_d1_open_close_median,JULY,ALL,-0.0208229467324091,USABLE_FIXED_MEDIAN_SPLIT,21,21,1.0,12,105,0.5568452380952381,0.5285714285714286,0.03361344537811048,0.0,T7_HIGH,42,56,0.5959490228839047,0.5617001827721392,0.6483516483514999,0.666666666667
rank_theme_score,candidate_cohort_d1_open_close_median,JULY,HIGH_REGIME,-0.0208229467324091,USABLE_FIXED_MEDIAN_SPLIT,21,5,0.23809523809523808,5,47,0.5433333333333333,0.5531914893617021,0.06445556946173617,0.0,T7_HIGH,15,15,0.6009049773753333,0.55965309200592,0.653846153846,0.653846153846
rank_theme_score,candidate_cohort_d1_open_close_median,JULY,LOW_REGIME,-0.0208229467324091,USABLE_FIXED_MEDIAN_SPLIT,21,16,0.7619047619047619,7,58,0.5664965986394558,0.5086206896551724,0.008620689655172414,0.0,T7_HIGH,27,41,0.5931957148331111,0.562449118418317,0.642857142857,0.666666666667
rank_theme_score,candidate_cohort_d1_open_close_median,JUNE,ALL,-0.0208229467324091,USABLE_FIXED_MEDIAN_SPLIT,21,21,1.0,16,110,0.5552083333333333,0.6227272727272727,0.12324675324674544,0.0,T7_HIGH,59,45,0.585284226684966,0.5262750285299779,0.647058823529,0.6
rank_theme_score,candidate_cohort_d1_open_close_median,JUNE,HIGH_REGIME,-0.0208229467324091,USABLE_FIXED_MEDIAN_SPLIT,21,14,0.6666666666666666,9,67,0.6166666666666667,0.6940298507462687,0.19402985074626866,0.0,T7_HIGH,39,28,0.5923489908782821,0.5185599239696428,0.647058823529,0.666666666667
rank_theme_score,candidate_cohort_d1_open_close_median,JUNE,LOW_REGIME,-0.0208229467324091,USABLE_FIXED_MEDIAN_SPLIT,21,7,0.3333333333333333,7,43,0.4761904761904762,0.5116279069767442,0.012956810631209304,0.0,T7_LOW,20,17,0.5715079365080001,0.5389822595705294,0.6,0.6
rank_theme_score,candidate_cohort_d1_open_close_median,MAY,ALL,-0.0208229467324091,USABLE_FIXED_MEDIAN_SPLIT,18,18,1.0,12,106,0.5708333333333333,0.5707547169811321,0.07002902757618867,0.0,T7_HIGH,58,30,0.6028243308416034,0.5453930328930333,0.65,0.625
rank_theme_score,candidate_cohort_d1_open_close_median,MAY,HIGH_REGIME,-0.0208229467324091,USABLE_FIXED_MEDIAN_SPLIT,18,11,0.6111111111111112,7,87,0.4964285714285714,0.5459770114942529,0.04509283819627586,0.0,T7_LOW,39,22,0.5880386707310254,0.5687866426502729,0.65,0.722222222222
rank_theme_score,candidate_cohort_d1_open_close_median,MAY,LOW_REGIME,-0.0208229467324091,USABLE_FIXED_MEDIAN_SPLIT,18,7,0.3888888888888889,5,19,0.675,0.6842105263157895,0.18421052631578946,0.0,T7_HIGH,19,8,0.633173843700158,0.481060606060625,0.681818181818,0.625
rank_theme_score,final_limit_up_pool_count,JULY,ALL,71.0,USABLE_FIXED_MEDIAN_SPLIT,21,21,1.0,12,105,0.5568452380952381,0.5285714285714286,0.03361344537811048,0.0,T7_HIGH,42,56,0.5959490228839047,0.5617001827721392,0.6483516483514999,0.666666666667
rank_theme_score,final_limit_up_pool_count,JULY,HIGH_REGIME,71.0,USABLE_FIXED_MEDIAN_SPLIT,21,8,0.38095238095238093,6,43,0.5188492063492064,0.4883720930232558,0.00068399452803721,0.0,T7_HIGH,17,26,0.6131566105841764,0.6224719255501463,0.642857142857,0.666666666667
rank_theme_score,final_limit_up_pool_count,JULY,LOW_REGIME,71.0,USABLE_FIXED_MEDIAN_SPLIT,21,13,0.6190476190476191,6,62,0.5948412698412698,0.5564516129032258,0.05645161290316129,0.0,T7_HIGH,25,30,0.5842478632477199,0.5090313390312,0.666666666667,0.5
rank_theme_score,final_limit_up_pool_count,JUNE,ALL,71.0,USABLE_FIXED_MEDIAN_SPLIT,21,21,1.0,16,110,0.5552083333333333,0.6227272727272727,0.12324675324674544,0.0,T7_HIGH,59,45,0.585284226684966,0.5262750285299779,0.647058823529,0.6
rank_theme_score,final_limit_up_pool_count,JUNE,HIGH_REGIME,71.0,USABLE_FIXED_MEDIAN_SPLIT,21,12,0.5714285714285714,10,69,0.4916666666666667,0.5362318840579711,0.037060041407855085,0.0,T7_LOW,34,27,0.5623716153129118,0.5364491475604074,0.6125,0.6
rank_theme_score,final_limit_up_pool_count,JUNE,LOW_REGIME,71.0,USABLE_FIXED_MEDIAN_SPLIT,21,9,0.42857142857142855,6,41,0.6611111111111111,0.7682926829268293,0.2682926829268293,0.5,T7_HIGH,25,18,0.6164453781509599,0.5110138499843333,0.647058823529,0.6
rank_theme_score,final_limit_up_pool_count,MAY,ALL,71.0,USABLE_FIXED_MEDIAN_SPLIT,18,18,1.0,12,106,0.5708333333333333,0.5707547169811321,0.07002902757618867,0.0,T7_HIGH,58,30,0.6028243308416034,0.5453930328930333,0.65,0.625
rank_theme_score,final_limit_up_pool_count,MAY,HIGH_REGIME,71.0,USABLE_FIXED_MEDIAN_SPLIT,18,10,0.5555555555555556,6,42,0.6597222222222222,0.5952380952380952,0.09340659340657143,0.0,T7_HIGH,26,14,0.6393035383419231,0.5608349983348572,0.653409090909,0.673611111111
rank_theme_score,final_limit_up_pool_count,MAY,LOW_REGIME,71.0,USABLE_FIXED_MEDIAN_SPLIT,18,8,0.4444444444444444,6,64,0.48194444444444445,0.5546875,0.05468749999999998,0.0,T7_LOW,32,16,0.5731849747475938,0.5318813131314375,0.65,0.625
rank_theme_score,first_break_candidate_count,JULY,ALL,7.0,USABLE_FIXED_MEDIAN_SPLIT,21,21,1.0,12,105,0.5568452380952381,0.5285714285714286,0.03361344537811048,0.0,T7_HIGH,42,56,0.5959490228839047,0.5617001827721392,0.6483516483514999,0.666666666667
rank_theme_score,first_break_candidate_count,JULY,HIGH_REGIME,7.0,USABLE_FIXED_MEDIAN_SPLIT,21,9,0.42857142857142855,8,92,0.5227678571428571,0.5217391304347826,0.027493606138104344,0.0,T7_HIGH,26,37,0.5899304728638077,0.5704110874389405,0.6858552631579999,0.666666666667
rank_theme_score,first_break_candidate_count,JULY,LOW_REGIME,7.0,USABLE_FIXED_MEDIAN_SPLIT,21,12,0.5714285714285714,4,13,0.625,0.5769230769230769,0.0769230769227692,0.0,T7_HIGH,16,19,0.6057291666665625,0.5447368421052105,0.642857142857,0.5
rank_theme_score,first_break_candidate_count,JUNE,ALL,7.0,USABLE_FIXED_MEDIAN_SPLIT,21,21,1.0,16,110,0.5552083333333333,0.6227272727272727,0.12324675324674544,0.0,T7_HIGH,59,45,0.585284226684966,0.5262750285299779,0.647058823529,0.6
rank_theme_score,first_break_candidate_count,JUNE,HIGH_REGIME,7.0,USABLE_FIXED_MEDIAN_SPLIT,21,9,0.42857142857142855,8,81,0.5895833333333333,0.6296296296296297,0.12962962962962962,0.0,T7_HIGH,38,27,0.5653723770209214,0.4849733720648889,0.625,0.6
rank_theme_score,first_break_candidate_count,JUNE,LOW_REGIME,7.0,USABLE_FIXED_MEDIAN_SPLIT,21,12,0.5714285714285714,8,29,0.5208333333333334,0.603448275862069,0.10541871921179313,0.0,T7_HIGH,21,18,0.6213151927437144,0.588227513227611,0.714285714286,0.666666666667
rank_theme_score,first_break_candidate_count,MAY,ALL,7.0,USABLE_FIXED_MEDIAN_SPLIT,18,18,1.0,12,106,0.5708333333333333,0.5707547169811321,0.07002902757618867,0.0,T7_HIGH,58,30,0.6028243308416034,0.5453930328930333,0.65,0.625
rank_theme_score,first_break_candidate_count,MAY,HIGH_REGIME,7.0,USABLE_FIXED_MEDIAN_SPLIT,18,11,0.6111111111111112,8,97,0.6270833333333333,0.5824742268041238,0.08168120539253608,0.0,T7_HIGH,47,25,0.5923151316768721,0.52613830613832,0.681818181818,0.625
rank_theme_score,first_break_candidate_count,MAY,LOW_REGIME,7.0,USABLE_FIXED_MEDIAN_SPLIT,18,7,0.3888888888888889,4,9,0.4583333333333333,0.4444444444444444,-0.05555555555555555,0.0,T7_LOW,11,5,0.6477272727272727,0.6416666666666,0.625,0.625
rank_theme_score,max_board_height,JULY,ALL,4.0,USABLE_FIXED_MEDIAN_SPLIT,21,21,1.0,12,105,0.5568452380952381,0.5285714285714286,0.03361344537811048,0.0,T7_HIGH,42,56,0.5959490228839047,0.5617001827721392,0.6483516483514999,0.666666666667
rank_theme_score,max_board_height,JULY,HIGH_REGIME,4.0,USABLE_FIXED_MEDIAN_SPLIT,21,10,0.47619047619047616,6,56,0.6323412698412699,0.5892857142857143,0.08928571428571429,0.0,T7_HIGH,15,25,0.6016666666665332,0.53723076923064,0.7,0.653846153846
rank_theme_score,max_board_height,JULY,LOW_REGIME,4.0,USABLE_FIXED_MEDIAN_SPLIT,21,11,0.5238095238095238,6,49,0.48134920634920636,0.45918367346938777,-0.03001200480200817,0.0,T7_LOW,27,31,0.5927725541157778,0.5814335807894774,0.642857142857,0.666666666667
rank_theme_score,max_board_height,JUNE,ALL,4.0,USABLE_FIXED_MEDIAN_SPLIT,21,21,1.0,16,110,0.5552083333333333,0.6227272727272727,0.12324675324674544,0.0,T7_HIGH,59,45,0.585284226684966,0.5262750285299779,0.647058823529,0.6
rank_theme_score,max_board_height,JUNE,HIGH_REGIME,4.0,USABLE_FIXED_MEDIAN_SPLIT,21,7,0.3333333333333333,5,38,0.5266666666666666,0.6052631578947368,0.10676691729321053,0.0,T7_HIGH,23,14,0.5818668046929566,0.5237244897958571,0.555555555556,0.555555555556
rank_theme_score,max_board_height,JUNE,LOW_REGIME,4.0,USABLE_FIXED_MEDIAN_SPLIT,21,14,0.6666666666666666,11,72,0.5681818181818182,0.6319444444444444,0.13194444444444445,0.0,T7_HIGH,36,31,0.5874675796243055,0.5274268847324839,0.647058823529,0.6
rank_theme_score,max_board_height,MAY,ALL,4.0,USABLE_FIXED_MEDIAN_SPLIT,18,18,1.0,12,106,0.5708333333333333,0.5707547169811321,0.07002902757618867,0.0,T7_HIGH,58,30,0.6028243308416034,0.5453930328930333,0.65,0.625
rank_theme_score,max_board_height,MAY,HIGH_REGIME,4.0,USABLE_FIXED_MEDIAN_SPLIT,18,11,0.6111111111111112,7,51,0.5011904761904762,0.47058823529411764,-0.029411764705882353,0.0,T7_HIGH,37,15,0.5812175812176216,0.5979797979798,0.666666666667,0.722222222222
rank_theme_score,max_board_height,MAY,LOW_REGIME,4.0,USABLE_FIXED_MEDIAN_SPLIT,18,7,0.3888888888888889,5,55,0.6683333333333333,0.6636363636363637,0.16223776223774544,0.0,T7_HIGH,21,15,0.640893365893381,0.4928062678062666,0.65,0.583333333333
rank_theme_score,promotion_rate,JULY,ALL,0.17660818713450285,USABLE_FIXED_MEDIAN_SPLIT,21,21,1.0,12,105,0.5568452380952381,0.5285714285714286,0.03361344537811048,0.0,T7_HIGH,42,56,0.5959490228839047,0.5617001827721392,0.6483516483514999,0.666666666667
rank_theme_score,promotion_rate,JULY,HIGH_REGIME,0.17660818713450285,USABLE_FIXED_MEDIAN_SPLIT,21,10,0.47619047619047616,5,35,0.5583333333333333,0.5571428571428572,0.07226890756290284,0.0,T7_HIGH,16,23,0.6675150829561876,0.5961505672503826,0.6770833333335,0.666666666667
rank_theme_score,promotion_rate,JULY,LOW_REGIME,0.17660818713450285,USABLE_FIXED_MEDIAN_SPLIT,21,11,0.5238095238095238,7,70,0.5557823129251701,0.5142857142857142,0.014285714285714285,0.0,T7_HIGH,26,33,0.5519083705317308,0.5376893087418485,0.642857142857,0.625
rank_theme_score,promotion_rate,JUNE,ALL,0.17660818713450285,USABLE_FIXED_MEDIAN_SPLIT,21,21,1.0,16,110,0.5552083333333333,0.6227272727272727,0.12324675324674544,0.0,T7_HIGH,59,45,0.585284226684966,0.5262750285299779,0.647058823529,0.6
rank_theme_score,promotion_rate,JUNE,HIGH_REGIME,0.17660818713450285,USABLE_FIXED_MEDIAN_SPLIT,21,8,0.38095238095238093,7,40,0.5714285714285714,0.7,0.19642857142855,0.25,T7_HIGH,26,16,0.5915302018241538,0.5081991129785001,0.647058823529,0.669642857143
rank_theme_score,promotion_rate,JUNE,LOW_REGIME,0.17660818713450285,USABLE_FIXED_MEDIAN_SPLIT,21,13,0.6190476190476191,9,70,0.5425925925925925,0.5785714285714286,0.08142857142857143,0.0,T7_HIGH,33,29,0.580363155363182,0.536247947454931,0.6,0.6
rank_theme_score,promotion_rate,MAY,ALL,0.17660818713450285,USABLE_FIXED_MEDIAN_SPLIT,18,18,1.0,12,106,0.5708333333333333,0.5707547169811321,0.07002902757618867,0.0,T7_HIGH,58,30,0.6028243308416034,0.5453930328930333,0.65,0.625
rank_theme_score,promotion_rate,MAY,HIGH_REGIME,0.17660818713450285,USABLE_FIXED_MEDIAN_SPLIT,18,12,0.6666666666666666,6,42,0.6597222222222222,0.5952380952380952,0.09340659340657143,0.0,T7_HIGH,36,14,0.6331838686005,0.5608349983348572,0.65,0.673611111111
rank_theme_score,promotion_rate,MAY,LOW_REGIME,0.17660818713450285,USABLE_FIXED_MEDIAN_SPLIT,18,6,0.3333333333333333,6,64,0.48194444444444445,0.5546875,0.05468749999999998,0.0,T7_LOW,22,16,0.5531450872361365,0.5318813131314375,0.69696969697,0.625
rank_trend_hold_score,board2_count,JULY,ALL,7.0,USABLE_FIXED_MEDIAN_SPLIT,21,21,1.0,12,105,0.45868055555555554,0.44761904761904764,-0.043666859456474284,0.0,T7_LOW,42,56,0.5422916186266191,0.5584041173824018,0.5416666666665,0.55
rank_trend_hold_score,board2_count,JULY,HIGH_REGIME,7.0,USABLE_FIXED_MEDIAN_SPLIT,21,9,0.42857142857142855,6,42,0.4273809523809524,0.35714285714285715,-0.12954260651648808,-0.10526315789499996,T7_LOW,13,24,0.4816788388766923,0.6026491371401,0.382352941176,0.646929824561
rank_trend_hold_score,board2_count,JULY,LOW_REGIME,7.0,USABLE_FIXED_MEDIAN_SPLIT,21,12,0.5714285714285714,6,63,0.4899801587301587,0.5079365079365079,0.013583638583534894,0.0,T7_LOW,29,32,0.5694628647214138,0.5252203525641281,0.583333333333,0.525
rank_trend_hold_score,board2_count,JUNE,ALL,7.0,USABLE_FIXED_MEDIAN_SPLIT,21,21,1.0,16,110,0.46866319444444443,0.4727272727272727,-0.03784610814031818,0.0,T7_LOW,59,45,0.546713035496678,0.5858055814918889,0.642857142857,0.6
rank_trend_hold_score,board2_count,JUNE,HIGH_REGIME,7.0,USABLE_FIXED_MEDIAN_SPLIT,21,10,0.47619047619047616,7,61,0.40277777777777773,0.5,-0.0024521283924262304,0.0,T7_LOW,39,19,0.5506440182911027,0.6089046144773684,0.642857142857,0.642857142857
rank_trend_hold_score,board2_count,JUNE,LOW_REGIME,7.0,USABLE_FIXED_MEDIAN_SPLIT,21,11,0.5238095238095238,9,49,0.5199074074074075,0.4387755102040816,-0.08190800129585717,0.0,T7_HIGH,20,26,0.53904761904755,0.568925518925577,0.5416666666665,0.5
rank_trend_hold_score,board2_count,MAY,ALL,7.0,USABLE_FIXED_MEDIAN_SPLIT,18,18,1.0,12,106,0.4288194444444444,0.4528301886792453,-0.050707547169843395,0.0,T7_LOW,58,30,0.5538900275969328,0.6009275446775665,0.590909090909,0.583916083916
rank_trend_hold_score,board2_count,MAY,HIGH_REGIME,7.0,USABLE_FIXED_MEDIAN_SPLIT,18,10,0.5555555555555556,7,72,0.4160714285714286,0.4722222222222222,-0.03298611111110278,0.0,T7_LOW,33,22,0.538747027383397,0.5828764038991362,0.590909090909,0.576923076923
rank_trend_hold_score,board2_count,MAY,LOW_REGIME,7.0,USABLE_FIXED_MEDIAN_SPLIT,18,8,0.4444444444444444,5,34,0.44666666666666666,0.4117647058823529,-0.08823529411776469,0.0,T7_LOW,25,8,0.5738787878788001,0.65056818181825,0.6,0.69696969697
rank_trend_hold_score,board3_count,JULY,ALL,2.0,USABLE_FIXED_MEDIAN_SPLIT,21,21,1.0,12,105,0.45868055555555554,0.44761904761904764,-0.043666859456474284,0.0,T7_LOW,42,56,0.5422916186266191,0.5584041173824018,0.5416666666665,0.55
rank_trend_hold_score,board3_count,JULY,HIGH_REGIME,2.0,USABLE_FIXED_MEDIAN_SPLIT,21,4,0.19047619047619047,1,4,0.25,0.25,-0.2625,-0.25000000000000006,T7_LOW,1,12,0.3,0.5930555555555833,0.3,0.583333333333
rank_trend_hold_score,board3_count,JULY,LOW_REGIME,2.0,USABLE_FIXED_MEDIAN_SPLIT,21,17,0.8095238095238095,11,101,0.4776515151515151,0.45544554455445546,-0.03500020042504753,0.0,T7_LOW,41,44,0.548201170300439,0.5489537251533523,0.583333333333,0.5
rank_trend_hold_score,board3_count,JUNE,ALL,2.0,USABLE_FIXED_MEDIAN_SPLIT,21,21,1.0,16,110,0.46866319444444443,0.4727272727272727,-0.03784610814031818,0.0,T7_LOW,59,45,0.546713035496678,0.5858055814918889,0.642857142857,0.6
rank_trend_hold_score,board3_count,JUNE,HIGH_REGIME,2.0,USABLE_FIXED_MEDIAN_SPLIT,21,6,0.2857142857142857,4,26,0.484375,0.5192307692307693,-0.008500323206423077,0.09999999999999998,T7_LOW,25,9,0.53056022408972,0.5336134453783333,0.6,0.466666666667
rank_trend_hold_score,board3_count,JUNE,LOW_REGIME,2.0,USABLE_FIXED_MEDIAN_SPLIT,21,15,0.7142857142857143,12,84,0.46342592592592596,0.4583333333333333,-0.04692932728652381,0.0,T7_LOW,34,36,0.5585901027076765,0.5988536155202777,0.642857142857,0.642857142857
rank_trend_hold_score,board3_count,MAY,ALL,2.0,USABLE_FIXED_MEDIAN_SPLIT,18,18,1.0,12,106,0.4288194444444444,0.4528301886792453,-0.050707547169843395,0.0,T7_LOW,58,30,0.5538900275969328,0.6009275446775665,0.590909090909,0.583916083916
rank_trend_hold_score,board3_count,MAY,HIGH_REGIME,2.0,USABLE_FIXED_MEDIAN_SPLIT,18,10,0.5555555555555556,7,86,0.4255952380952381,0.4883720930232558,-0.01598837209301628,0.0,T7_LOW,36,24,0.5744069973236695,0.5759700369075417,0.590909090909,0.576923076923
rank_trend_hold_score,board3_count,MAY,LOW_REGIME,2.0,USABLE_FIXED_MEDIAN_SPLIT,18,8,0.4444444444444444,5,20,0.4333333333333333,0.3,-0.20000000000019996,0.0,T7_LOW,22,6,0.5203168044077273,0.7007575757576667,0.625,0.727272727273
rank_trend_hold_score,board4plus_count,JULY,ALL,1.0,USABLE_FIXED_MEDIAN_SPLIT,21,21,1.0,12,105,0.45868055555555554,0.44761904761904764,-0.043666859456474284,0.0,T7_LOW,42,56,0.5422916186266191,0.5584041173824018,0.5416666666665,0.55
rank_trend_hold_score,board4plus_count,JULY,HIGH_REGIME,1.0,USABLE_FIXED_MEDIAN_SPLIT,21,7,0.3333333333333333,4,40,0.3880952380952381,0.2875,-0.21923076923090754,-0.269230769231,T7_LOW,11,18,0.39083139083127266,0.5557929724596167,0.333333333333,0.5
rank_trend_hold_score,board4plus_count,JULY,LOW_REGIME,1.0,USABLE_FIXED_MEDIAN_SPLIT,21,14,0.6666666666666666,8,65,0.4939732142857143,0.5461538461538461,0.06437246963548461,0.0,T7_LOW,31,38,0.5960355704249678,0.559640975503721,0.583333333333,0.5666666666665
rank_trend_hold_score,board4plus_count,JUNE,ALL,1.0,USABLE_FIXED_MEDIAN_SPLIT,21,21,1.0,16,110,0.46866319444444443,0.4727272727272727,-0.03784610814031818,0.0,T7_LOW,59,45,0.546713035496678,0.5858055814918889,0.642857142857,0.6
rank_trend_hold_score,board4plus_count,JUNE,HIGH_REGIME,1.0,USABLE_FIXED_MEDIAN_SPLIT,21,8,0.38095238095238093,6,55,0.537962962962963,0.4727272727272727,-0.03848484848485455,0.0,T7_HIGH,18,23,0.5630952380951667,0.5938923395444783,0.642857142857,0.642857142857
rank_trend_hold_score,board4plus_count,JUNE,LOW_REGIME,1.0,USABLE_FIXED_MEDIAN_SPLIT,21,13,0.6190476190476191,10,55,0.42708333333333337,0.4727272727272727,-0.03720736779578182,0.0,T7_LOW,41,22,0.5395208489900244,0.5773512435278183,0.642857142857,0.5357142857145001
rank_trend_hold_score,board4plus_count,MAY,ALL,1.0,USABLE_FIXED_MEDIAN_SPLIT,18,18,1.0,12,106,0.4288194444444444,0.4528301886792453,-0.050707547169843395,0.0,T7_LOW,58,30,0.5538900275969328,0.6009275446775665,0.590909090909,0.583916083916
rank_trend_hold_score,board4plus_count,MAY,HIGH_REGIME,1.0,USABLE_FIXED_MEDIAN_SPLIT,18,12,0.6666666666666666,9,56,0.4078703703703704,0.41964285714285715,-0.08705357142864285,0.0,T7_LOW,35,18,0.5500360750361143,0.6194234006735,0.590909090909,0.6333333333335001
rank_trend_hold_score,board4plus_count,MAY,LOW_REGIME,1.0,USABLE_FIXED_MEDIAN_SPLIT,18,6,0.3333333333333333,3,50,0.4916666666666667,0.49,-0.009999999999987996,0.0,T7_LOW,23,12,0.5597547380155696,0.5731837606836667,0.625,0.576923076923
rank_trend_hold_score,candidate_cohort_d1_afternoon_median,JULY,ALL,-0.00524690298891595,USABLE_FIXED_MEDIAN_SPLIT,21,21,1.0,12,105,0.45868055555555554,0.44761904761904764,-0.043666859456474284,0.0,T7_LOW,42,56,0.5422916186266191,0.5584041173824018,0.5416666666665,0.55
rank_trend_hold_score,candidate_cohort_d1_afternoon_median,JULY,HIGH_REGIME,-0.00524690298891595,USABLE_FIXED_MEDIAN_SPLIT,21,8,0.38095238095238093,3,14,0.4166666666666667,0.21428571428571427,-0.3420329670327143,-0.4230769230765,T7_LOW,16,12,0.541766826923,0.5983974358974167,0.51875,0.55
rank_trend_hold_score,candidate_cohort_d1_afternoon_median,JULY,LOW_REGIME,-0.00524690298891595,USABLE_FIXED_MEDIAN_SPLIT,21,13,0.6190476190476191,9,91,0.47268518518518515,0.4835164835164835,0.0022356186321780265,0.0,T7_LOW,26,44,0.5426145673673077,0.5474968486964886,0.5416666666665,0.5416666666665
rank_trend_hold_score,candidate_cohort_d1_afternoon_median,JUNE,ALL,-0.00524690298891595,USABLE_FIXED_MEDIAN_SPLIT,21,21,1.0,16,110,0.46866319444444443,0.4727272727272727,-0.03784610814031818,0.0,T7_LOW,59,45,0.546713035496678,0.5858055814918889,0.642857142857,0.6
rank_trend_hold_score,candidate_cohort_d1_afternoon_median,JUNE,HIGH_REGIME,-0.00524690298891595,USABLE_FIXED_MEDIAN_SPLIT,21,14,0.6666666666666666,11,90,0.4051767676767677,0.45555555555555555,-0.05412672476407778,0.0,T7_LOW,38,35,0.5289504398250264,0.5976684006936286,0.5916666666665,0.6
rank_trend_hold_score,candidate_cohort_d1_afternoon_median,JUNE,LOW_REGIME,-0.00524690298891595,USABLE_FIXED_MEDIAN_SPLIT,21,7,0.3333333333333333,5,20,0.6083333333333333,0.55,0.0354166666666,0.0,T7_HIGH,21,10,0.5788548752834762,0.5442857142858,0.642857142857,0.5714285714285
rank_trend_hold_score,candidate_cohort_d1_afternoon_median,MAY,ALL,-0.00524690298891595,USABLE_FIXED_MEDIAN_SPLIT,18,18,1.0,12,106,0.4288194444444444,0.4528301886792453,-0.050707547169843395,0.0,T7_LOW,58,30,0.5538900275969328,0.6009275446775665,0.590909090909,0.583916083916
rank_trend_hold_score,candidate_cohort_d1_afternoon_median,MAY,HIGH_REGIME,-0.00524690298891595,USABLE_FIXED_MEDIAN_SPLIT,18,8,0.4444444444444444,5,60,0.3666666666666667,0.475,-0.025000000000066653,0.0,T7_LOW,26,15,0.5640054390054616,0.6025252525253334,0.6,0.722222222222
rank_trend_hold_score,candidate_cohort_d1_afternoon_median,MAY,LOW_REGIME,-0.00524690298891595,USABLE_FIXED_MEDIAN_SPLIT,18,10,0.5555555555555556,7,46,0.47321428571428564,0.42391304347826086,-0.08423913043476958,0.0,T7_LOW,32,15,0.5456712558275032,0.5993298368298,0.590909090909,0.576923076923
rank_trend_hold_score,candidate_cohort_d1_close_vwap_median,JULY,ALL,-0.00574263957913635,USABLE_FIXED_MEDIAN_SPLIT,21,21,1.0,12,105,0.45868055555555554,0.44761904761904764,-0.043666859456474284,0.0,T7_LOW,42,56,0.5422916186266191,0.5584041173824018,0.5416666666665,0.55
rank_trend_hold_score,candidate_cohort_d1_close_vwap_median,JULY,HIGH_REGIME,-0.00574263957913635,USABLE_FIXED_MEDIAN_SPLIT,21,9,0.42857142857142855,5,25,0.4,0.32,-0.21153846153831998,-0.25000000000000006,T7_LOW,20,17,0.5345164027148002,0.5928134149586471,0.43303571428550003,0.55
rank_trend_hold_score,candidate_cohort_d1_close_vwap_median,JULY,LOW_REGIME,-0.00574263957913635,USABLE_FIXED_MEDIAN_SPLIT,21,12,0.5714285714285714,7,80,0.5005952380952381,0.4875,0.008793016194102504,0.0,T7_HIGH,22,39,0.5493599967282727,0.5434051927978846,0.583333333333,0.583333333333
rank_trend_hold_score,candidate_cohort_d1_close_vwap_median,JUNE,ALL,-0.00574263957913635,USABLE_FIXED_MEDIAN_SPLIT,21,21,1.0,16,110,0.46866319444444443,0.4727272727272727,-0.03784610814031818,0.0,T7_LOW,59,45,0.546713035496678,0.5858055814918889,0.642857142857,0.6
rank_trend_hold_score,candidate_cohort_d1_close_vwap_median,JUNE,HIGH_REGIME,-0.00574263957913635,USABLE_FIXED_MEDIAN_SPLIT,21,13,0.6190476190476191,9,74,0.4072530864197531,0.46621621621621623,-0.046310280869189195,0.0,T7_LOW,33,31,0.5299698667345455,0.5851811692419355,0.6,0.642857142857
rank_trend_hold_score,candidate_cohort_d1_close_vwap_median,JUNE,LOW_REGIME,-0.00574263957913635,USABLE_FIXED_MEDIAN_SPLIT,21,8,0.38095238095238093,7,36,0.5476190476190476,0.4861111111111111,-0.020447530864305556,0.0,T7_HIGH,26,14,0.567963980464,0.5871882086167857,0.642857142857,0.5
rank_trend_hold_score,candidate_cohort_d1_close_vwap_median,MAY,ALL,-0.00574263957913635,USABLE_FIXED_MEDIAN_SPLIT,18,18,1.0,12,106,0.4288194444444444,0.4528301886792453,-0.050707547169843395,0.0,T7_LOW,58,30,0.5538900275969328,0.6009275446775665,0.590909090909,0.583916083916
rank_trend_hold_score,candidate_cohort_d1_close_vwap_median,MAY,HIGH_REGIME,-0.00574263957913635,USABLE_FIXED_MEDIAN_SPLIT,18,8,0.4444444444444444,3,33,0.3666666666666667,0.5454545454545454,0.04545454545454547,0.0,T7_LOW,31,8,0.5688660801563871,0.594696969696875,0.590909090909,0.722222222222
rank_trend_hold_score,candidate_cohort_d1_close_vwap_median,MAY,LOW_REGIME,-0.00574263957913635,USABLE_FIXED_MEDIAN_SPLIT,18,10,0.5555555555555556,9,73,0.44953703703703696,0.410958904109589,-0.09417808219182738,0.0,T7_LOW,27,22,0.536695300584226,0.6031932083069091,0.576923076923,0.576923076923
rank_trend_hold_score,candidate_cohort_d1_low_close_recovery_median,JULY,ALL,0.0306360580886548,USABLE_FIXED_MEDIAN_SPLIT,21,21,1.0,12,105,0.45868055555555554,0.44761904761904764,-0.043666859456474284,0.0,T7_LOW,42,56,0.5422916186266191,0.5584041173824018,0.5416666666665,0.55
rank_trend_hold_score,candidate_cohort_d1_low_close_recovery_median,JULY,HIGH_REGIME,0.0306360580886548,USABLE_FIXED_MEDIAN_SPLIT,21,10,0.47619047619047616,5,48,0.5028571428571429,0.53125,0.047307270580204154,0.0,T7_HIGH,24,22,0.5876033232117918,0.5617454913507319,0.5916666666665,0.55
rank_trend_hold_score,candidate_cohort_d1_low_close_recovery_median,JULY,LOW_REGIME,0.0306360580886548,USABLE_FIXED_MEDIAN_SPLIT,21,11,0.5238095238095238,7,57,0.427125850340136,0.37719298245614036,-0.12027665317157193,-0.16666666666600002,T7_LOW,18,34,0.4818760125130556,0.5562420518734823,0.378676470588,0.5416666666665
rank_trend_hold_score,candidate_cohort_d1_low_close_recovery_median,JUNE,ALL,0.0306360580886548,USABLE_FIXED_MEDIAN_SPLIT,21,21,1.0,16,110,0.46866319444444443,0.4727272727272727,-0.03784610814031818,0.0,T7_LOW,59,45,0.546713035496678,0.5858055814918889,0.642857142857,0.6
rank_trend_hold_score,candidate_cohort_d1_low_close_recovery_median,JUNE,HIGH_REGIME,0.0306360580886548,USABLE_FIXED_MEDIAN_SPLIT,21,11,0.5238095238095238,7,70,0.5117063492063492,0.4785714285714286,-0.0313095238096,0.0,T7_HIGH,23,29,0.5306590752242175,0.5600985221675172,0.642857142857,0.642857142857
rank_trend_hold_score,candidate_cohort_d1_low_close_recovery_median,JUNE,LOW_REGIME,0.0306360580886548,USABLE_FIXED_MEDIAN_SPLIT,21,10,0.47619047619047616,9,40,0.4351851851851852,0.4625,-0.049285130719075,0.0,T7_LOW,36,16,0.5569697323374166,0.6323996265173125,0.642857142857,0.5798319327735
rank_trend_hold_score,candidate_cohort_d1_low_close_recovery_median,MAY,ALL,0.0306360580886548,USABLE_FIXED_MEDIAN_SPLIT,18,18,1.0,12,106,0.4288194444444444,0.4528301886792453,-0.050707547169843395,0.0,T7_LOW,58,30,0.5538900275969328,0.6009275446775665,0.590909090909,0.583916083916
rank_trend_hold_score,candidate_cohort_d1_low_close_recovery_median,MAY,HIGH_REGIME,0.0306360580886548,USABLE_FIXED_MEDIAN_SPLIT,18,9,0.5,3,32,0.5333333333333333,0.578125,0.07812500000000001,0.0,T7_HIGH,31,7,0.5849951124144516,0.5725108225107143,0.625,0.722222222222
rank_trend_hold_score,candidate_cohort_d1_low_close_recovery_median,MAY,LOW_REGIME,0.0306360580886548,USABLE_FIXED_MEDIAN_SPLIT,18,9,0.5,9,74,0.3939814814814815,0.39864864864864863,-0.10641891891896486,0.0,T7_LOW,27,23,0.5181767820657074,0.6095761122935651,0.5625,0.576923076923
rank_trend_hold_score,candidate_cohort_d1_open_close_median,JULY,ALL,-0.0208229467324091,USABLE_FIXED_MEDIAN_SPLIT,21,21,1.0,12,105,0.45868055555555554,0.44761904761904764,-0.043666859456474284,0.0,T7_LOW,42,56,0.5422916186266191,0.5584041173824018,0.5416666666665,0.55
rank_trend_hold_score,candidate_cohort_d1_open_close_median,JULY,HIGH_REGIME,-0.0208229467324091,USABLE_FIXED_MEDIAN_SPLIT,21,5,0.23809523809523808,5,47,0.3975,0.5212765957446809,0.028436988543340386,0.0,T7_LOW,15,15,0.5501885369532,0.5668552036198666,0.583333333333,0.384615384615
rank_trend_hold_score,candidate_cohort_d1_open_close_median,JULY,LOW_REGIME,-0.0208229467324091,USABLE_FIXED_MEDIAN_SPLIT,21,16,0.7619047619047619,7,58,0.5023809523809525,0.3879310344827586,-0.10209583973218618,-0.22368421052649998,T7_HIGH,27,41,0.5379044417785186,0.5553122565638171,0.473684210526,0.55
rank_trend_hold_score,candidate_cohort_d1_open_close_median,JUNE,ALL,-0.0208229467324091,USABLE_FIXED_MEDIAN_SPLIT,21,21,1.0,16,110,0.46866319444444443,0.4727272727272727,-0.03784610814031818,0.0,T7_LOW,59,45,0.546713035496678,0.5858055814918889,0.642857142857,0.6
rank_trend_hold_score,candidate_cohort_d1_open_close_median,JUNE,HIGH_REGIME,-0.0208229467324091,USABLE_FIXED_MEDIAN_SPLIT,21,14,0.6666666666666666,9,67,0.483641975308642,0.48507462686567165,-0.032118817676373146,0.0,T7_LOW,39,28,0.5466961143431796,0.5917567026810715,0.642857142857,0.642857142857
rank_trend_hold_score,candidate_cohort_d1_open_close_median,JUNE,LOW_REGIME,-0.0208229467324091,USABLE_FIXED_MEDIAN_SPLIT,21,7,0.3333333333333333,7,43,0.44940476190476186,0.45348837209302323,-0.04677002583995348,0.0,T7_LOW,20,17,0.5467460317460001,0.576003734827353,0.607142857143,0.5
rank_trend_hold_score,candidate_cohort_d1_open_close_median,MAY,ALL,-0.0208229467324091,USABLE_FIXED_MEDIAN_SPLIT,18,18,1.0,12,106,0.4288194444444444,0.4528301886792453,-0.050707547169843395,0.0,T7_LOW,58,30,0.5538900275969328,0.6009275446775665,0.590909090909,0.583916083916
rank_trend_hold_score,candidate_cohort_d1_open_close_median,MAY,HIGH_REGIME,-0.0208229467324091,USABLE_FIXED_MEDIAN_SPLIT,18,11,0.6111111111111112,7,87,0.4107142857142857,0.4540229885057471,-0.045977011494291946,0.0,T7_LOW,39,22,0.5410027294642591,0.5908826022462725,0.576923076923,0.576923076923
rank_trend_hold_score,candidate_cohort_d1_open_close_median,MAY,LOW_REGIME,-0.0208229467324091,USABLE_FIXED_MEDIAN_SPLIT,18,7,0.3888888888888889,5,19,0.4541666666666666,0.4473684210526316,-0.07236842105263158,0.0,T7_LOW,19,8,0.5803429027113683,0.628551136363625,0.590909090909,0.7083333333335
rank_trend_hold_score,final_limit_up_pool_count,JULY,ALL,71.0,USABLE_FIXED_MEDIAN_SPLIT,21,21,1.0,12,105,0.45868055555555554,0.44761904761904764,-0.043666859456474284,0.0,T7_LOW,42,56,0.5422916186266191,0.5584041173824018,0.5416666666665,0.55
rank_trend_hold_score,final_limit_up_pool_count,JULY,HIGH_REGIME,71.0,USABLE_FIXED_MEDIAN_SPLIT,21,8,0.38095238095238093,6,43,0.28571428571428575,0.32558139534883723,-0.17509886074759304,-0.23684210526300004,T7_LOW,17,26,0.4747277596437648,0.5982869089708616,0.428571428571,0.6378205128205
rank_trend_hold_score,final_limit_up_pool_count,JULY,LOW_REGIME,71.0,USABLE_FIXED_MEDIAN_SPLIT,21,13,0.6190476190476191,6,62,0.6316468253968254,0.532258064516129,0.047487593051882264,0.0,T7_HIGH,25,30,0.58823504273496,0.5238390313390701,0.583333333333,0.5
rank_trend_hold_score,final_limit_up_pool_count,JUNE,ALL,71.0,USABLE_FIXED_MEDIAN_SPLIT,21,21,1.0,16,110,0.46866319444444443,0.4727272727272727,-0.03784610814031818,0.0,T7_LOW,59,45,0.546713035496678,0.5858055814918889,0.642857142857,0.6
rank_trend_hold_score,final_limit_up_pool_count,JUNE,HIGH_REGIME,71.0,USABLE_FIXED_MEDIAN_SPLIT,21,12,0.5714285714285714,10,69,0.44236111111111115,0.4855072463768116,-0.012807683459898552,0.0,T7_LOW,34,27,0.539367413632147,0.5802175191064074,0.642857142857,0.571428571429
rank_trend_hold_score,final_limit_up_pool_count,JUNE,LOW_REGIME,71.0,USABLE_FIXED_MEDIAN_SPLIT,21,9,0.42857142857142855,6,41,0.5125000000000001,0.45121951219512196,-0.07998394479760977,0.0,T7_HIGH,25,18,0.55670308123244,0.5941876750701112,0.642857142857,0.654761904762
rank_trend_hold_score,final_limit_up_pool_count,MAY,ALL,71.0,USABLE_FIXED_MEDIAN_SPLIT,18,18,1.0,12,106,0.4288194444444444,0.4528301886792453,-0.050707547169843395,0.0,T7_LOW,58,30,0.5538900275969328,0.6009275446775665,0.590909090909,0.583916083916
rank_trend_hold_score,final_limit_up_pool_count,MAY,HIGH_REGIME,71.0,USABLE_FIXED_MEDIAN_SPLIT,18,10,0.5555555555555556,6,42,0.4236111111111111,0.4166666666666667,-0.08333333333331906,0.0,T7_LOW,26,14,0.556317614009927,0.6049367299367858,0.590909090909,0.576923076923
rank_trend_hold_score,final_limit_up_pool_count,MAY,LOW_REGIME,71.0,USABLE_FIXED_MEDIAN_SPLIT,18,8,0.4444444444444444,6,64,0.43402777777777773,0.4765625,-0.029296875000062495,0.0,T7_LOW,32,16,0.551917613636375,0.59741950757575,0.6333333333335001,0.722222222222
rank_trend_hold_score,first_break_candidate_count,JULY,ALL,7.0,USABLE_FIXED_MEDIAN_SPLIT,21,21,1.0,12,105,0.45868055555555554,0.44761904761904764,-0.043666859456474284,0.0,T7_LOW,42,56,0.5422916186266191,0.5584041173824018,0.5416666666665,0.55
rank_trend_hold_score,first_break_candidate_count,JULY,HIGH_REGIME,7.0,USABLE_FIXED_MEDIAN_SPLIT,21,9,0.42857142857142855,8,92,0.3520833333333333,0.43478260869565216,-0.05309804611880218,0.0,T7_LOW,26,37,0.5237659480379616,0.5640710965787703,0.455592105263,0.55
rank_trend_hold_score,first_break_candidate_count,JULY,LOW_REGIME,7.0,USABLE_FIXED_MEDIAN_SPLIT,21,12,0.5714285714285714,4,13,0.671875,0.5384615384615384,0.02307692307692305,0.0,T7_HIGH,16,19,0.5723958333331876,0.5473684210526316,0.583333333333,0.5
rank_trend_hold_score,first_break_candidate_count,JUNE,ALL,7.0,USABLE_FIXED_MEDIAN_SPLIT,21,21,1.0,16,110,0.46866319444444443,0.4727272727272727,-0.03784610814031818,0.0,T7_LOW,59,45,0.546713035496678,0.5858055814918889,0.642857142857,0.6
rank_trend_hold_score,first_break_candidate_count,JUNE,HIGH_REGIME,7.0,USABLE_FIXED_MEDIAN_SPLIT,21,9,0.42857142857142855,8,81,0.5050347222222222,0.4691358024691358,-0.0416222867748889,0.0,T7_HIGH,38,27,0.5474341490982632,0.5635560396998148,0.5916666666665,0.5
rank_trend_hold_score,first_break_candidate_count,JUNE,LOW_REGIME,7.0,USABLE_FIXED_MEDIAN_SPLIT,21,12,0.5714285714285714,8,29,0.43229166666666663,0.4827586206896552,-0.02729885057479311,0.0,T7_LOW,21,18,0.5454081632652381,0.61917989418,0.642857142857,0.654761904762
rank_trend_hold_score,first_break_candidate_count,MAY,ALL,7.0,USABLE_FIXED_MEDIAN_SPLIT,18,18,1.0,12,106,0.4288194444444444,0.4528301886792453,-0.050707547169843395,0.0,T7_LOW,58,30,0.5538900275969328,0.6009275446775665,0.590909090909,0.583916083916
rank_trend_hold_score,first_break_candidate_count,MAY,HIGH_REGIME,7.0,USABLE_FIXED_MEDIAN_SPLIT,18,11,0.6111111111111112,8,97,0.4557291666666667,0.4587628865979381,-0.045103092783540195,0.0,T7_LOW,47,25,0.5381337929210234,0.58111305361308,0.590909090909,0.576923076923
rank_trend_hold_score,first_break_candidate_count,MAY,LOW_REGIME,7.0,USABLE_FIXED_MEDIAN_SPLIT,18,7,0.3888888888888889,4,9,0.375,0.3888888888888889,-0.1111111111111111,0.0,T7_LOW,11,5,0.6212121212121818,0.7,0.666666666667,0.75
rank_trend_hold_score,max_board_height,JULY,ALL,4.0,USABLE_FIXED_MEDIAN_SPLIT,21,21,1.0,12,105,0.45868055555555554,0.44761904761904764,-0.043666859456474284,0.0,T7_LOW,42,56,0.5422916186266191,0.5584041173824018,0.5416666666665,0.55
rank_trend_hold_score,max_board_height,JULY,HIGH_REGIME,4.0,USABLE_FIXED_MEDIAN_SPLIT,21,10,0.47619047619047616,6,56,0.5837301587301588,0.5267857142857143,0.03313873626361962,0.0,T7_HIGH,15,25,0.5440170940170668,0.500948717948724,0.583333333333,0.5
rank_trend_hold_score,max_board_height,JULY,LOW_REGIME,4.0,USABLE_FIXED_MEDIAN_SPLIT,21,11,0.5238095238095238,6,49,0.3336309523809524,0.35714285714285715,-0.13144468313658164,-0.16666666666600002,T7_LOW,27,31,0.5413330211874815,0.6047391169256903,0.4375,0.7
rank_trend_hold_score,max_board_height,JUNE,ALL,4.0,USABLE_FIXED_MEDIAN_SPLIT,21,21,1.0,16,110,0.46866319444444443,0.4727272727272727,-0.03784610814031818,0.0,T7_LOW,59,45,0.546713035496678,0.5858055814918889,0.642857142857,0.6
rank_trend_hold_score,max_board_height,JUNE,HIGH_REGIME,4.0,USABLE_FIXED_MEDIAN_SPLIT,21,7,0.3333333333333333,5,38,0.4066666666666666,0.35526315789473684,-0.15679824561423686,-0.20833333333349996,T7_LOW,23,14,0.5095410628019567,0.6498299319728572,0.583333333333,0.746031746032
rank_trend_hold_score,max_board_height,JUNE,LOW_REGIME,4.0,USABLE_FIXED_MEDIAN_SPLIT,21,14,0.6666666666666666,11,72,0.49684343434343425,0.5347222222222222,0.02493418663758333,0.0,T7_LOW,36,31,0.5704617958294168,0.5568913586940322,0.642857142857,0.571428571429
rank_trend_hold_score,max_board_height,MAY,ALL,4.0,USABLE_FIXED_MEDIAN_SPLIT,18,18,1.0,12,106,0.4288194444444444,0.4528301886792453,-0.050707547169843395,0.0,T7_LOW,58,30,0.5538900275969328,0.6009275446775665,0.590909090909,0.583916083916
rank_trend_hold_score,max_board_height,MAY,HIGH_REGIME,4.0,USABLE_FIXED_MEDIAN_SPLIT,18,11,0.6111111111111112,7,51,0.4291666666666667,0.4215686274509804,-0.0857843137255686,0.0,T7_LOW,37,15,0.533817908817946,0.6099747474748667,0.590909090909,0.6
rank_trend_hold_score,max_board_height,MAY,LOW_REGIME,4.0,USABLE_FIXED_MEDIAN_SPLIT,18,7,0.3888888888888889,5,55,0.42833333333333334,0.4818181818181818,-0.01818181818180727,0.0,T7_LOW,21,15,0.5892551892551477,0.5918803418802666,0.576923076923,0.576923076923
rank_trend_hold_score,promotion_rate,JULY,ALL,0.17660818713450285,USABLE_FIXED_MEDIAN_SPLIT,21,21,1.0,12,105,0.45868055555555554,0.44761904761904764,-0.043666859456474284,0.0,T7_LOW,42,56,0.5422916186266191,0.5584041173824018,0.5416666666665,0.55
rank_trend_hold_score,promotion_rate,JULY,HIGH_REGIME,0.17660818713450285,USABLE_FIXED_MEDIAN_SPLIT,21,10,0.47619047619047616,5,35,0.2875,0.3,-0.22038461538455145,-0.25000000000000006,T7_LOW,16,23,0.5124163367269375,0.5957751327954914,0.46875,0.583333333333
rank_trend_hold_score,promotion_rate,JULY,LOW_REGIME,0.17660818713450285,USABLE_FIXED_MEDIAN_SPLIT,21,11,0.5238095238095238,7,70,0.5809523809523809,0.5214285714285715,0.044692018507564296,0.0,T7_HIGH,26,33,0.5606764074879614,0.532357652094491,0.583333333333,0.5
rank_trend_hold_score,promotion_rate,JUNE,ALL,0.17660818713450285,USABLE_FIXED_MEDIAN_SPLIT,21,21,1.0,16,110,0.46866319444444443,0.4727272727272727,-0.03784610814031818,0.0,T7_LOW,59,45,0.546713035496678,0.5858055814918889,0.642857142857,0.6
rank_trend_hold_score,promotion_rate,JUNE,HIGH_REGIME,0.17660818713450285,USABLE_FIXED_MEDIAN_SPLIT,21,8,0.38095238095238093,7,40,0.47023809523809523,0.4875,-0.012975606909550009,0.0,T7_LOW,26,16,0.5708225597931539,0.626298436041125,0.642857142857,0.6155462184875
rank_trend_hold_score,promotion_rate,JUNE,LOW_REGIME,0.17660818713450285,USABLE_FIXED_MEDIAN_SPLIT,21,13,0.6190476190476191,9,70,0.46743827160493834,0.4642857142857143,-0.052057823129328565,0.0,T7_LOW,33,29,0.5277176527176364,0.5634646962233447,0.642857142857,0.6
rank_trend_hold_score,promotion_rate,MAY,ALL,0.17660818713450285,USABLE_FIXED_MEDIAN_SPLIT,18,18,1.0,12,106,0.4288194444444444,0.4528301886792453,-0.050707547169843395,0.0,T7_LOW,58,30,0.5538900275969328,0.6009275446775665,0.590909090909,0.583916083916
rank_trend_hold_score,promotion_rate,MAY,HIGH_REGIME,0.17660818713450285,USABLE_FIXED_MEDIAN_SPLIT,18,12,0.6666666666666666,6,42,0.4236111111111111,0.4166666666666667,-0.08333333333331906,0.0,T7_LOW,36,14,0.5593607010273917,0.6049367299367858,0.590909090909,0.576923076923
rank_trend_hold_score,promotion_rate,MAY,LOW_REGIME,0.17660818713450285,USABLE_FIXED_MEDIAN_SPLIT,18,6,0.3333333333333333,6,64,0.43402777777777773,0.4765625,-0.029296875000062495,0.0,T7_LOW,22,16,0.544938016528909,0.59741950757575,0.6333333333335001,0.722222222222
