code,break_date,break_idx,last_board_idx,last_board_date,board_streak_before_break
000006,2026-05-13,279,278,2026-05-12,1
000006,2026-05-19,283,282,2026-05-18,1
000008,2026-07-15,282,281,2026-07-14,1
000011,2026-07-27,287,286,2026-07-24,2
000012,2026-05-25,258,257,2026-05-22,2
000012,2026-06-17,275,274,2026-06-16,1
000012,2026-06-23,278,277,2026-06-22,1
000012,2026-07-01,284,283,2026-06-30,1
000014,2026-07-17,287,286,2026-07-16,1
000017,2026-07-01,270,269,2026-06-30,2
000017,2026-07-24,287,286,2026-07-23,1
000021,2026-05-19,242,241,2026-05-18,1
000021,2026-06-25,268,267,2026-06-24,1
000021,2026-06-30,271,270,2026-06-29,1
000021,2026-07-10,279,278,2026-07-09,1
000021,2026-07-22,287,286,2026-07-21,1
000025,2026-06-01,246,245,2026-05-29,1
000025,2026-06-11,254,253,2026-06-10,1
000026,2026-05-20,255,254,2026-05-19,1
000026,2026-05-25,258,257,2026-05-22,1
000026,2026-07-01,284,283,2026-06-30,1
000029,2026-05-13,253,252,2026-05-12,2
000029,2026-06-11,274,273,2026-06-10,2
000029,2026-06-17,278,277,2026-06-16,1
000031,2026-06-02,283,282,2026-06-01,1
000032,2026-06-17,258,257,2026-06-16,4
000032,2026-06-25,263,262,2026-06-24,1
000034,2026-06-17,278,277,2026-06-16,1
000034,2026-06-26,284,283,2026-06-25,1
000035,2026-07-24,287,286,2026-07-23,1
000036,2026-05-11,241,240,2026-05-08,1
000036,2026-07-15,287,286,2026-07-14,1
000037,2026-04-20,224,223,2026-04-17,1
000037,2026-06-02,252,251,2026-06-01,2
000037,2026-06-10,258,257,2026-06-09,1
000037,2026-07-21,286,285,2026-07-20,2
000042,2026-06-24,282,281,2026-06-23,1
000045,2026-07-29,287,286,2026-07-28,1
000048,2026-06-02,247,246,2026-06-01,1
000048,2026-06-12,255,254,2026-06-11,3
000048,2026-06-17,258,257,2026-06-16,1
000048,2026-06-23,261,260,2026-06-22,1
000048,2026-06-26,264,263,2026-06-25,1
000048,2026-07-13,275,274,2026-07-10,1
000048,2026-07-22,282,281,2026-07-21,1
000050,2026-06-18,279,278,2026-06-17,1
000055,2026-06-03,284,283,2026-06-02,2
000060,2026-05-07,249,248,2026-05-06,1
000060,2026-05-25,261,260,2026-05-22,1
000060,2026-06-23,281,280,2026-06-22,1
000062,2026-04-23,258,257,2026-04-22,1
000062,2026-04-28,261,260,2026-04-27,2
000062,2026-05-12,268,267,2026-05-11,1
000062,2026-06-03,284,283,2026-06-02,1
000063,2026-05-29,284,283,2026-05-28,1
000066,2026-05-08,244,243,2026-05-07,3
000066,2026-07-07,285,284,2026-07-06,1
000068,2026-05-29,265,264,2026-05-28,1
000068,2026-06-09,272,271,2026-06-08,2
000070,2026-05-08,249,248,2026-05-07,1
000070,2026-06-16,276,275,2026-06-15,1
000070,2026-06-24,281,280,2026-06-23,2
000090,2026-06-01,284,283,2026-05-29,2
000099,2026-06-15,276,275,2026-06-12,1
000100,2026-06-18,276,275,2026-06-17,1
000100,2026-06-26,281,280,2026-06-25,1
000100,2026-07-01,284,283,2026-06-30,1
000151,2026-06-01,258,257,2026-05-29,1
000151,2026-06-15,268,267,2026-06-12,1
000155,2026-07-24,287,286,2026-07-23,1
000159,2026-05-15,284,283,2026-05-14,1
000301,2026-07-07,285,284,2026-07-06,1
000338,2026-05-07,285,284,2026-05-06,1
000402,2026-05-07,285,284,2026-05-06,3
000403,2026-05-22,282,281,2026-05-21,1
000409,2026-05-26,283,282,2026-05-25,1
000411,2026-06-16,277,276,2026-06-15,1
000417,2026-05-21,241,240,2026-05-20,3
000417,2026-05-25,243,242,2026-05-22,1
000417,2026-07-10,276,275,2026-07-09,1
000417,2026-07-27,287,286,2026-07-24,1
000425,2026-05-12,283,282,2026-05-11,1
000426,2026-07-22,287,286,2026-07-21,1
000503,2026-07-29,287,286,2026-07-28,1
000504,2026-07-17,286,285,2026-07-16,2
000506,2026-05-27,242,241,2026-05-26,1
000506,2026-06-16,256,255,2026-06-15,2
000506,2026-07-06,269,268,2026-07-03,2
000506,2026-07-09,272,271,2026-07-08,1
000506,2026-07-23,282,281,2026-07-22,1
000509,2026-05-08,250,249,2026-05-07,1
000509,2026-05-29,265,264,2026-05-28,4
000509,2026-06-10,273,272,2026-06-09,1
000510,2026-05-27,248,247,2026-05-26,3
000510,2026-06-02,252,251,2026-06-01,1
000510,2026-06-16,262,261,2026-06-15,3
000510,2026-06-23,266,265,2026-06-22,1
000510,2026-07-22,287,286,2026-07-21,1
000517,2026-06-09,252,251,2026-06-08,2
000517,2026-07-29,287,286,2026-07-28,1
000518,2026-05-26,276,275,2026-05-25,4
000518,2026-06-04,283,282,2026-06-03,1
000519,2026-06-23,281,280,2026-06-22,1
000520,2026-06-08,266,265,2026-06-05,2
000520,2026-06-16,272,271,2026-06-15,1
000520,2026-07-03,284,283,2026-07-02,2
000521,2026-06-30,283,282,2026-06-29,1
000521,2026-07-02,285,284,2026-07-01,1
000524,2026-07-09,277,276,2026-07-08,1
000526,2026-07-22,282,281,2026-07-21,1
000530,2026-05-29,284,283,2026-05-28,1
000532,2026-05-25,284,283,2026-05-22,1
000533,2026-05-14,234,233,2026-05-13,1
000533,2026-06-02,247,246,2026-06-01,1
000533,2026-07-29,287,286,2026-07-28,4
000534,2026-06-22,280,279,2026-06-18,1
000536,2026-05-22,255,254,2026-05-21,1
000536,2026-06-05,265,264,2026-06-04,1
000536,2026-07-03,284,283,2026-07-02,2
000539,2026-04-22,226,225,2026-04-21,1
000539,2026-06-02,252,251,2026-06-01,4
000539,2026-07-21,286,285,2026-07-20,1
000541,2026-06-17,278,277,2026-06-16,1
000545,2026-06-16,261,260,2026-06-15,1
000545,2026-06-23,265,264,2026-06-22,1
000545,2026-07-02,272,271,2026-07-01,1
000545,2026-07-07,275,274,2026-07-06,1
000547,2026-05-11,243,242,2026-05-08,1
000547,2026-06-15,268,267,2026-06-12,1
000547,2026-07-13,287,286,2026-07-10,1
000551,2026-04-30,244,243,2026-04-29,1
000551,2026-06-24,279,278,2026-06-23,1
000551,2026-06-30,283,282,2026-06-29,1
000553,2026-05-07,285,284,2026-05-06,2
000554,2026-07-15,287,286,2026-07-14,1
000555,2026-07-22,287,286,2026-07-21,1
000558,2026-06-11,274,273,2026-06-10,1
000564,2026-05-26,262,261,2026-05-25,1
000564,2026-06-17,278,277,2026-06-16,1
000566,2026-06-25,263,262,2026-06-24,2
000566,2026-07-03,269,268,2026-07-02,4
000566,2026-07-17,279,278,2026-07-16,2
000566,2026-07-23,283,282,2026-07-22,1
000566,2026-07-29,287,286,2026-07-28,2
000571,2026-05-19,247,246,2026-05-18,1
000571,2026-06-10,263,262,2026-06-09,1
000571,2026-06-24,272,271,2026-06-23,2
000571,2026-07-16,288,287,2026-07-15,1
000572,2026-07-03,284,283,2026-07-02,1
000573,2026-07-13,287,286,2026-07-10,1
000576,2026-07-06,284,283,2026-07-03,2
000582,2026-05-11,284,283,2026-05-08,1
000586,2026-04-21,251,250,2026-04-20,1
000586,2026-05-20,269,268,2026-05-19,1
000586,2026-06-03,279,278,2026-06-02,1
000591,2026-05-13,284,283,2026-05-12,1
000592,2026-07-03,281,280,2026-07-02,1
000593,2026-04-24,221,220,2026-04-23,1
000593,2026-04-29,224,223,2026-04-28,2
000593,2026-06-16,255,254,2026-06-15,1
000593,2026-07-07,269,268,2026-07-06,1
000593,2026-07-16,276,275,2026-07-15,1
000595,2026-07-06,269,268,2026-07-03,2
000595,2026-07-27,284,283,2026-07-24,3
000596,2026-07-16,283,282,2026-07-15,1
000596,2026-07-21,286,285,2026-07-20,1
000600,2026-05-20,243,242,2026-05-19,1
000600,2026-05-29,250,249,2026-05-28,1
000600,2026-07-21,286,285,2026-07-20,1
000601,2026-05-14,249,248,2026-05-13,2
000601,2026-05-28,259,258,2026-05-27,1
000601,2026-06-03,263,262,2026-06-02,1
000601,2026-07-03,284,283,2026-07-02,2
000603,2026-07-02,271,270,2026-07-01,2
000603,2026-07-24,287,286,2026-07-23,3
000608,2026-05-28,241,240,2026-05-27,1
000608,2026-06-01,243,242,2026-05-29,1
000608,2026-06-08,248,247,2026-06-05,1
000608,2026-06-10,250,249,2026-06-09,1
000608,2026-06-17,255,254,2026-06-16,1
000608,2026-06-22,257,256,2026-06-18,1
000608,2026-07-24,281,280,2026-07-23,1
000612,2026-06-23,281,280,2026-06-22,1
000620,2026-05-07,241,240,2026-05-06,1
000620,2026-06-09,264,263,2026-06-08,1
000620,2026-06-29,277,276,2026-06-26,1
000620,2026-07-02,280,279,2026-07-01,2
000620,2026-07-13,287,286,2026-07-10,1
000626,2026-06-02,283,282,2026-06-01,1
000628,2026-05-06,267,266,2026-04-30,1
000628,2026-05-29,284,283,2026-05-28,1
000630,2026-05-25,261,260,2026-05-22,1
000630,2026-06-15,276,275,2026-06-12,1
000631,2026-06-12,275,274,2026-06-11,1
000636,2026-05-12,232,231,2026-05-11,1
000636,2026-05-20,238,237,2026-05-19,1
000636,2026-05-26,242,241,2026-05-25,2
000636,2026-05-29,245,244,2026-05-28,1
000636,2026-06-10,253,252,2026-06-09,1
000636,2026-06-16,257,256,2026-06-15,1
000636,2026-06-26,264,263,2026-06-25,1
000636,2026-07-15,277,276,2026-07-14,1
000636,2026-07-28,286,285,2026-07-27,1
000656,2026-07-07,283,282,2026-07-06,3
000657,2026-04-30,247,246,2026-04-29,1
000657,2026-05-25,261,260,2026-05-22,1
000657,2026-06-16,277,276,2026-06-15,1
000657,2026-06-23,281,280,2026-06-22,2
000659,2026-05-11,229,228,2026-05-08,1
000659,2026-07-29,285,284,2026-07-28,1
000668,2026-06-08,250,249,2026-06-05,1
000668,2026-07-27,284,283,2026-07-24,2
000670,2026-05-25,233,232,2026-05-22,1
000670,2026-06-05,242,241,2026-06-04,1
000670,2026-06-10,245,244,2026-06-09,1
000670,2026-07-27,277,276,2026-07-24,1
000672,2026-05-13,246,245,2026-05-12,2
000672,2026-05-19,250,249,2026-05-18,1
000672,2026-06-18,272,271,2026-06-17,1
000672,2026-07-10,287,286,2026-07-09,1
000676,2026-07-20,280,279,2026-07-17,3
000676,2026-07-28,286,285,2026-07-27,1
000678,2026-05-11,284,283,2026-05-08,1
000679,2026-06-18,279,278,2026-06-17,2
000681,2026-06-02,267,266,2026-06-01,1
000681,2026-06-10,273,272,2026-06-09,1
000682,2026-06-23,281,280,2026-06-22,1
000685,2026-05-19,283,282,2026-05-18,1
000688,2026-06-12,258,257,2026-06-11,1
000688,2026-07-24,287,286,2026-07-23,1
000691,2026-06-24,279,278,2026-06-23,1
000692,2026-04-30,266,265,2026-04-29,1
000692,2026-05-29,284,283,2026-05-28,1
000695,2026-05-21,249,248,2026-05-20,1
000695,2026-06-18,269,268,2026-06-17,1
000697,2026-05-08,279,278,2026-05-07,1
000700,2026-05-08,245,244,2026-05-07,1
000700,2026-06-04,264,263,2026-06-03,2
000700,2026-06-16,272,271,2026-06-15,1
000700,2026-07-03,284,283,2026-07-02,1
000703,2026-07-15,287,286,2026-07-14,1
000710,2026-05-11,284,283,2026-05-08,1
000712,2026-05-12,283,282,2026-05-11,1
000716,2026-04-30,268,267,2026-04-29,1
000716,2026-05-21,280,279,2026-05-20,1
000718,2026-06-05,284,283,2026-06-04,1
000720,2026-05-11,270,269,2026-05-08,2
000720,2026-05-14,273,272,2026-05-13,1
000720,2026-05-29,284,283,2026-05-28,1
000722,2026-06-02,252,251,2026-06-01,1
000722,2026-07-16,283,282,2026-07-15,1
000722,2026-07-21,286,285,2026-07-20,2
000725,2026-05-25,261,260,2026-05-22,2
000725,2026-06-05,270,269,2026-06-04,1
000725,2026-06-18,279,278,2026-06-17,1
000727,2026-06-02,283,282,2026-06-01,1
000733,2026-06-05,270,269,2026-06-04,1
000733,2026-06-16,277,276,2026-06-15,1
000736,2026-06-17,257,256,2026-06-16,1
000737,2026-06-15,276,275,2026-06-12,1
000739,2026-05-12,283,282,2026-05-11,1
000751,2026-04-23,239,238,2026-04-22,1
000751,2026-06-15,273,272,2026-06-12,1
000751,2026-06-23,278,277,2026-06-22,1
000751,2026-06-30,283,282,2026-06-29,1
000756,2026-06-24,279,278,2026-06-23,1
000756,2026-06-30,283,282,2026-06-29,1
000758,2026-06-15,276,275,2026-06-12,1
000759,2026-05-28,254,253,2026-05-27,2
000759,2026-06-09,262,261,2026-06-08,2
000759,2026-06-15,266,265,2026-06-12,1
000759,2026-06-30,276,275,2026-06-29,1
000759,2026-07-09,283,282,2026-07-08,1
000759,2026-07-15,287,286,2026-07-14,1
000766,2026-06-26,284,283,2026-06-25,1
000767,2026-05-14,239,238,2026-05-13,2
000767,2026-06-02,252,251,2026-06-01,2
000767,2026-07-21,286,285,2026-07-20,1
000768,2026-06-15,276,275,2026-06-12,1
000776,2026-06-23,281,280,2026-06-22,1
000777,2026-06-18,276,275,2026-06-17,3
000777,2026-06-30,283,282,2026-06-29,1
000779,2026-07-20,280,279,2026-07-17,1
000779,2026-07-29,287,286,2026-07-28,1
000782,2026-05-11,284,283,2026-05-08,1
000783,2026-05-07,249,248,2026-05-06,2
000783,2026-06-24,282,281,2026-06-23,2
000783,2026-06-26,284,283,2026-06-25,1
000785,2026-06-09,272,271,2026-06-08,1
000791,2026-05-12,252,251,2026-05-11,1
000791,2026-05-29,265,264,2026-05-28,1
000791,2026-06-17,278,277,2026-06-16,1
000799,2026-06-01,284,283,2026-05-29,1
000801,2026-07-01,284,283,2026-06-30,1
000802,2026-04-22,277,276,2026-04-21,1
000802,2026-05-07,285,284,2026-05-06,1
000803,2026-07-24,287,286,2026-07-23,1
000809,2026-05-21,284,283,2026-05-20,1
000810,2026-07-13,287,286,2026-07-10,1
000811,2026-04-23,235,234,2026-04-22,1
000811,2026-05-12,245,244,2026-05-11,1
000811,2026-05-14,247,246,2026-05-13,1
000811,2026-05-20,251,250,2026-05-19,1
000811,2026-06-10,266,265,2026-06-09,1
000811,2026-06-16,270,269,2026-06-15,1
000811,2026-06-23,274,273,2026-06-22,3
000811,2026-07-01,280,279,2026-06-30,1
000811,2026-07-10,287,286,2026-07-09,1
000813,2026-06-24,282,281,2026-06-23,1
000815,2026-05-07,229,228,2026-05-06,1
000815,2026-06-11,254,253,2026-06-10,1
000815,2026-07-24,284,283,2026-07-23,4
000818,2026-04-30,244,243,2026-04-29,1
000818,2026-05-08,247,246,2026-05-07,2
000818,2026-05-25,258,257,2026-05-22,1
000818,2026-06-26,281,280,2026-06-25,2
000818,2026-07-01,284,283,2026-06-30,1
000823,2026-05-08,249,248,2026-05-07,1
000823,2026-06-16,276,275,2026-06-15,1
000823,2026-06-18,278,277,2026-06-17,1
000823,2026-06-23,280,279,2026-06-22,1
000823,2026-06-29,284,283,2026-06-26,3
000829,2026-07-01,275,274,2026-06-30,1
000829,2026-07-17,287,286,2026-07-16,1
000833,2026-05-06,248,247,2026-04-30,1
000833,2026-06-09,272,271,2026-06-08,1
000833,2026-06-23,281,280,2026-06-22,1
000839,2026-05-11,236,235,2026-05-08,1
000839,2026-06-22,265,264,2026-06-18,1
000839,2026-07-23,288,287,2026-07-22,1
000859,2026-05-21,239,238,2026-05-20,1
000859,2026-05-29,245,244,2026-05-28,1
000859,2026-07-01,267,266,2026-06-30,1
000859,2026-07-29,287,286,2026-07-28,1
000862,2026-07-24,284,283,2026-07-23,1
000862,2026-07-28,286,285,2026-07-27,1
000863,2026-05-07,282,281,2026-05-06,1
000863,2026-05-11,284,283,2026-05-08,1
000875,2026-05-26,283,282,2026-05-25,1
000880,2026-04-21,266,265,2026-04-20,1
000880,2026-05-14,280,279,2026-05-13,1
000880,2026-05-21,285,284,2026-05-20,1
000881,2026-06-04,285,284,2026-06-03,1
000882,2026-06-24,282,281,2026-06-23,1
000887,2026-06-16,269,268,2026-06-15,1
000887,2026-07-13,287,286,2026-07-10,2
000889,2026-04-27,228,227,2026-04-24,1
000889,2026-04-29,230,229,2026-04-28,1
000889,2026-05-08,234,233,2026-05-07,2
000889,2026-05-14,238,237,2026-05-13,1
000889,2026-05-29,249,248,2026-05-28,1
000889,2026-06-22,264,263,2026-06-18,1
000889,2026-07-16,282,281,2026-07-15,1
000889,2026-07-22,286,285,2026-07-21,2
000890,2026-04-24,238,237,2026-04-23,1
000890,2026-05-21,254,253,2026-05-20,1
000890,2026-07-03,284,283,2026-07-02,1
000892,2026-05-28,244,243,2026-05-27,1
000892,2026-07-03,269,268,2026-07-02,1
000892,2026-07-07,271,270,2026-07-06,1
000892,2026-07-13,275,274,2026-07-10,2
000892,2026-07-17,279,278,2026-07-16,1
000899,2026-05-20,245,244,2026-05-19,1
000899,2026-07-21,288,287,2026-07-20,2
000901,2026-04-30,239,238,2026-04-29,1
000901,2026-07-13,287,286,2026-07-10,1
000908,2026-06-25,268,267,2026-06-24,1
000908,2026-07-06,275,274,2026-07-03,2
000908,2026-07-16,283,282,2026-07-15,1
000910,2026-05-20,284,283,2026-05-19,1
000920,2026-05-29,253,252,2026-05-28,1
000920,2026-06-10,261,260,2026-06-09,1
000920,2026-06-30,274,273,2026-06-29,1
000920,2026-07-14,284,283,2026-07-13,2
000920,2026-07-17,287,286,2026-07-16,1
000921,2026-06-12,275,274,2026-06-11,1
000922,2026-05-12,283,282,2026-05-11,1
000925,2026-04-28,245,244,2026-04-27,3
000925,2026-05-14,254,253,2026-05-13,2
000925,2026-06-25,283,282,2026-06-24,1
000926,2026-05-21,277,276,2026-05-20,1
000926,2026-05-26,280,279,2026-05-25,1
000926,2026-06-01,284,283,2026-05-29,1
000933,2026-07-13,287,286,2026-07-10,1
000935,2026-07-16,288,287,2026-07-15,1
000936,2026-04-20,270,269,2026-04-17,1
000936,2026-05-14,285,284,2026-05-13,1
000938,2026-07-01,272,271,2026-06-30,1
000938,2026-07-07,276,275,2026-07-06,1
000938,2026-07-22,287,286,2026-07-21,1
000948,2026-07-09,273,272,2026-07-08,1
000948,2026-07-29,287,286,2026-07-28,1
000950,2026-05-13,284,283,2026-05-12,1
000951,2026-07-03,284,283,2026-07-02,1
000955,2026-06-18,274,273,2026-06-17,1
000955,2026-07-03,284,283,2026-07-02,1
000959,2026-06-30,266,265,2026-06-29,1
000959,2026-07-16,278,277,2026-07-15,1
000960,2026-06-03,268,267,2026-06-02,1
000960,2026-06-16,277,276,2026-06-15,1
000960,2026-06-23,281,280,2026-06-22,1
000962,2026-05-19,257,256,2026-05-18,1
000962,2026-05-25,261,260,2026-05-22,1
000962,2026-06-23,281,280,2026-06-22,1
000962,2026-06-26,284,283,2026-06-25,1
000966,2026-05-26,283,282,2026-05-25,1
000967,2026-04-29,226,225,2026-04-28,1
000967,2026-05-08,230,229,2026-05-07,2
000967,2026-06-25,263,262,2026-06-24,1
000967,2026-07-01,267,266,2026-06-30,1
000968,2026-07-15,287,286,2026-07-14,1
000969,2026-06-15,276,275,2026-06-12,1
000970,2026-06-09,269,268,2026-06-08,1
000970,2026-06-11,271,270,2026-06-10,1
000970,2026-06-17,275,274,2026-06-16,1
000970,2026-07-01,284,283,2026-06-30,1
000972,2026-07-03,283,282,2026-07-02,1
000973,2026-04-27,238,237,2026-04-24,1
000973,2026-04-30,241,240,2026-04-29,1
000973,2026-07-08,286,285,2026-07-07,1
000975,2026-07-06,275,274,2026-07-03,1
000975,2026-07-23,288,287,2026-07-22,1
000977,2026-07-10,287,286,2026-07-09,2
000980,2026-04-22,241,240,2026-04-21,1
000980,2026-05-06,248,247,2026-04-30,2
000980,2026-05-26,262,261,2026-05-25,1
000980,2026-06-16,277,276,2026-06-15,1
000987,2026-06-23,281,280,2026-06-22,1
000988,2026-05-19,254,253,2026-05-18,1
000988,2026-05-26,259,258,2026-05-25,1
000988,2026-06-30,283,282,2026-06-29,1
000989,2026-07-14,286,285,2026-07-13,1
000993,2026-05-14,285,284,2026-05-13,1
000995,2026-05-26,283,282,2026-05-25,1
000997,2026-05-25,284,283,2026-05-22,1
001206,2026-06-15,261,260,2026-06-12,1
001206,2026-06-24,267,266,2026-06-23,1
001206,2026-07-08,277,276,2026-07-07,1
001207,2026-05-12,246,245,2026-05-11,1
001207,2026-07-09,287,286,2026-07-08,1
001208,2026-07-09,276,275,2026-07-08,1
001208,2026-07-13,278,277,2026-07-10,1
001208,2026-07-24,287,286,2026-07-23,1
001210,2026-05-15,254,253,2026-05-14,2
001210,2026-06-03,267,266,2026-06-02,2
001210,2026-06-11,273,272,2026-06-10,1
001210,2026-06-29,284,283,2026-06-26,1
001211,2026-04-28,230,229,2026-04-27,2
001211,2026-05-13,238,237,2026-05-12,2
001211,2026-07-21,286,285,2026-07-20,1
001212,2026-06-04,284,283,2026-06-03,1
001215,2026-04-24,242,241,2026-04-23,1
001215,2026-05-06,247,246,2026-04-30,1
001215,2026-06-10,272,271,2026-06-09,1
001215,2026-06-29,284,283,2026-06-26,1
001221,2026-05-12,186,185,2026-05-11,1
001223,2026-05-15,235,234,2026-05-14,2
001223,2026-06-04,249,248,2026-06-03,1
001223,2026-06-18,259,258,2026-06-17,1
001223,2026-07-28,286,285,2026-07-27,1
001225,2026-05-25,241,240,2026-05-22,2
001225,2026-06-24,262,261,2026-06-23,1
001226,2026-07-15,287,286,2026-07-14,1
001229,2026-04-21,222,221,2026-04-20,1
001229,2026-07-01,269,268,2026-06-30,2
001229,2026-07-09,275,274,2026-07-08,2
001229,2026-07-27,287,286,2026-07-24,1
001230,2026-07-08,280,279,2026-07-07,1
001230,2026-07-17,287,286,2026-07-16,1
001233,2026-06-15,132,131,2026-06-12,1
001237,2026-07-01,27,26,2026-06-30,2
001238,2026-06-09,272,271,2026-06-08,1
001256,2026-06-08,271,270,2026-06-05,1
001256,2026-06-16,277,276,2026-06-15,1
001257,2026-05-28,38,37,2026-05-27,2
001257,2026-06-17,52,51,2026-06-16,4
001258,2026-05-19,237,236,2026-05-18,1
001258,2026-07-24,284,283,2026-07-23,6
001258,2026-07-28,286,285,2026-07-27,1
001259,2026-05-21,275,274,2026-05-20,8
001259,2026-06-04,285,284,2026-06-03,1
001266,2026-04-30,247,246,2026-04-29,2
001266,2026-05-21,259,258,2026-05-20,1
001266,2026-06-17,278,277,2026-06-16,1
001267,2026-04-24,219,218,2026-04-23,1
001267,2026-05-11,227,226,2026-05-08,1
001267,2026-05-15,231,230,2026-05-14,1
001267,2026-07-28,282,281,2026-07-27,1
001268,2026-04-22,235,234,2026-04-21,1
001268,2026-05-06,242,241,2026-04-30,1
001268,2026-06-12,269,268,2026-06-11,1
001268,2026-07-06,284,283,2026-07-03,1
001269,2026-05-21,259,258,2026-05-20,1
001269,2026-06-01,266,265,2026-05-29,1
001269,2026-06-10,273,272,2026-06-09,1
001270,2026-06-29,275,274,2026-06-26,1
001270,2026-07-06,280,279,2026-07-03,1
001278,2026-06-04,285,284,2026-06-03,1
001279,2026-06-24,282,281,2026-06-23,1
001282,2026-06-18,279,278,2026-06-17,1
001283,2026-06-17,268,267,2026-06-16,1
001283,2026-07-15,287,286,2026-07-14,1
001287,2026-05-07,243,242,2026-05-06,1
001287,2026-07-07,285,284,2026-07-06,1
001288,2026-07-21,286,285,2026-07-20,1
001296,2026-06-23,283,282,2026-06-22,2
001299,2026-05-28,264,263,2026-05-27,1
001299,2026-06-15,276,275,2026-06-12,1
001301,2026-06-30,283,282,2026-06-29,1
001306,2026-07-06,284,283,2026-07-03,1
001309,2026-05-07,229,228,2026-05-06,1
001309,2026-05-14,234,233,2026-05-13,1
001309,2026-06-05,250,249,2026-06-04,1
001309,2026-06-26,264,263,2026-06-25,1
001311,2026-07-08,286,285,2026-07-07,1
001313,2026-05-14,249,248,2026-05-13,1
001313,2026-05-21,254,253,2026-05-20,1
001313,2026-07-03,284,283,2026-07-02,2
001314,2026-04-24,231,230,2026-04-23,1
001314,2026-06-02,255,254,2026-06-01,1
001314,2026-07-01,275,274,2026-06-30,1
001316,2026-05-07,249,248,2026-05-06,2
001316,2026-06-11,274,273,2026-06-10,1
001317,2026-06-09,252,251,2026-06-08,1
001317,2026-07-06,270,269,2026-07-03,2
001317,2026-07-16,278,277,2026-07-15,1
001317,2026-07-28,286,285,2026-07-27,1
001319,2026-07-03,284,283,2026-07-02,1
001326,2026-05-20,258,257,2026-05-19,1
001326,2026-06-04,269,268,2026-06-03,1
001326,2026-06-18,279,278,2026-06-17,1
001328,2026-07-28,286,285,2026-07-27,1
001330,2026-04-20,239,238,2026-04-17,1
001330,2026-06-15,276,275,2026-06-12,1
001330,2026-06-26,284,283,2026-06-25,1
001331,2026-05-12,241,240,2026-05-11,1
001331,2026-05-27,252,251,2026-05-26,1
001331,2026-07-02,256,255,2026-07-01,2
001332,2026-04-28,245,244,2026-04-27,1
001332,2026-06-11,274,273,2026-06-10,1
001333,2026-05-11,279,278,2026-05-08,1
001333,2026-05-18,284,283,2026-05-15,1
001337,2026-07-06,273,272,2026-07-03,1
001337,2026-07-24,287,286,2026-07-23,1
001339,2026-04-27,244,243,2026-04-24,1
001339,2026-06-22,280,279,2026-06-18,2
001339,2026-06-25,283,282,2026-06-24,1
001358,2026-04-29,226,225,2026-04-28,1
001358,2026-07-01,267,266,2026-06-30,1
001359,2026-05-13,233,232,2026-05-12,1
001359,2026-06-16,257,256,2026-06-15,2
001359,2026-06-23,261,260,2026-06-22,1
001359,2026-06-25,263,262,2026-06-24,1
001360,2026-05-28,264,263,2026-05-27,1
001360,2026-06-15,276,275,2026-06-12,1
001365,2026-06-22,24,23,2026-06-18,1
001365,2026-07-02,32,31,2026-07-01,1
001365,2026-07-09,37,36,2026-07-08,2
001365,2026-07-17,43,42,2026-07-16,1
001366,2026-04-21,261,260,2026-04-20,1
001366,2026-05-25,282,281,2026-05-22,1
001366,2026-05-27,284,283,2026-05-26,1
001369,2026-06-10,104,103,2026-06-09,1
001369,2026-07-20,131,130,2026-07-17,1
001376,2026-05-27,243,242,2026-05-26,1
001376,2026-06-05,250,249,2026-06-04,1
001376,2026-07-29,287,286,2026-07-28,1
001378,2026-06-15,271,270,2026-06-12,1
001378,2026-07-03,284,283,2026-07-02,1
001382,2026-07-24,287,286,2026-07-23,1
001387,2026-06-17,278,277,2026-06-16,1
001388,2026-07-16,253,252,2026-07-15,3
001388,2026-07-24,259,258,2026-07-23,1
001389,2026-04-20,224,223,2026-04-17,1
001389,2026-05-07,234,233,2026-05-06,1
001389,2026-05-12,237,236,2026-05-11,1
001389,2026-06-29,270,269,2026-06-26,1
001389,2026-07-15,282,281,2026-07-14,1
001389,2026-07-22,287,286,2026-07-21,1
001395,2026-07-14,286,285,2026-07-13,3
001399,2026-07-02,4,3,2026-07-01,2
001399,2026-07-22,18,17,2026-07-21,1
001400,2026-04-21,220,219,2026-04-20,2
001400,2026-06-08,251,250,2026-06-05,1
001400,2026-06-29,265,264,2026-06-26,1
001400,2026-07-06,270,269,2026-07-03,1
001696,2026-06-10,273,272,2026-06-09,2
001696,2026-06-12,275,274,2026-06-11,1
001896,2026-04-21,230,229,2026-04-20,1
001896,2026-05-20,248,247,2026-05-19,1
001896,2026-05-22,250,249,2026-05-21,1
001896,2026-06-05,260,259,2026-06-04,2
001896,2026-06-10,263,262,2026-06-09,1
001896,2026-07-16,288,287,2026-07-15,1
002008,2026-04-24,228,227,2026-04-23,1
002008,2026-05-08,235,234,2026-05-07,1
002008,2026-05-12,237,236,2026-05-11,1
002008,2026-05-14,239,238,2026-05-13,1
002008,2026-06-17,263,262,2026-06-16,1
002008,2026-06-24,267,266,2026-06-23,1
002008,2026-07-22,287,286,2026-07-21,1
002009,2026-05-11,248,247,2026-05-08,1
002009,2026-07-01,284,283,2026-06-30,1
002012,2026-05-26,244,243,2026-05-25,1
002012,2026-05-28,246,245,2026-05-27,1
002012,2026-07-27,287,286,2026-07-24,1
002014,2026-06-24,282,281,2026-06-23,1
002015,2026-05-07,229,228,2026-05-06,1
002015,2026-05-14,234,233,2026-05-13,1
002020,2026-07-03,284,283,2026-07-02,1
002021,2026-06-16,277,276,2026-06-15,1
002021,2026-06-24,282,281,2026-06-23,1
002023,2026-06-04,285,284,2026-06-03,1
002025,2026-06-26,278,277,2026-06-25,2
002025,2026-07-07,285,284,2026-07-06,1
002029,2026-04-28,225,224,2026-04-27,1
002029,2026-07-03,269,268,2026-07-02,1
002029,2026-07-28,286,285,2026-07-27,1
002030,2026-05-12,278,277,2026-05-11,2
002030,2026-05-19,283,282,2026-05-18,1
002031,2026-05-11,251,250,2026-05-08,2
002031,2026-05-18,256,255,2026-05-15,1
002031,2026-06-24,282,281,2026-06-23,1
002034,2026-05-14,285,284,2026-05-13,1
002036,2026-05-25,241,240,2026-05-22,2
002036,2026-07-01,267,266,2026-06-30,1
002036,2026-07-22,282,281,2026-07-21,2
002038,2026-06-24,274,273,2026-06-23,1
002038,2026-06-30,278,277,2026-06-29,1
002038,2026-07-13,287,286,2026-07-10,1
002040,2026-06-16,277,276,2026-06-15,1
002042,2026-07-07,285,284,2026-07-06,1
002044,2026-05-07,285,284,2026-05-06,1
002045,2026-07-17,279,278,2026-07-16,1
002046,2026-05-25,261,260,2026-05-22,1
002046,2026-06-04,269,268,2026-06-03,1
002046,2026-06-09,272,271,2026-06-08,1
002046,2026-06-25,283,282,2026-06-24,1
002047,2026-06-17,271,270,2026-06-16,1
002047,2026-06-24,275,274,2026-06-23,1
002048,2026-06-10,273,272,2026-06-09,1
002051,2026-05-08,230,229,2026-05-07,1
002051,2026-05-26,242,241,2026-05-25,1
002051,2026-06-05,250,249,2026-06-04,1
002051,2026-06-10,253,252,2026-06-09,1
002051,2026-06-17,258,257,2026-06-16,2
002051,2026-06-25,263,262,2026-06-24,1
002051,2026-07-28,286,285,2026-07-27,1
002052,2026-05-07,284,283,2026-05-06,1
002053,2026-07-02,285,284,2026-07-01,2
002056,2026-05-26,262,261,2026-05-25,1
002056,2026-05-29,265,264,2026-05-28,1
002056,2026-06-26,284,283,2026-06-25,1
002057,2026-06-10,273,272,2026-06-09,1
002057,2026-06-23,281,280,2026-06-22,1
002058,2026-06-17,276,275,2026-06-16,1
002062,2026-06-02,257,256,2026-06-01,1
002062,2026-07-16,288,287,2026-07-15,1
002066,2026-05-12,280,279,2026-05-11,1
002066,2026-05-18,284,283,2026-05-15,1
002067,2026-05-20,251,250,2026-05-19,1
002067,2026-07-06,283,282,2026-07-03,1
002067,2026-07-10,287,286,2026-07-09,1
002068,2026-06-02,252,251,2026-06-01,1
002068,2026-06-24,267,266,2026-06-23,3
002068,2026-06-26,269,268,2026-06-25,1
002068,2026-07-22,287,286,2026-07-21,1
002072,2026-05-21,253,252,2026-05-20,1
002072,2026-05-28,258,257,2026-05-27,1
002072,2026-06-05,264,263,2026-06-04,1
002072,2026-07-06,284,283,2026-07-03,1
002080,2026-05-07,229,228,2026-05-06,1
002080,2026-05-25,241,240,2026-05-22,1
002080,2026-06-10,253,252,2026-06-09,1
002080,2026-06-18,259,258,2026-06-17,3
002080,2026-06-26,264,263,2026-06-25,2
002080,2026-07-28,286,285,2026-07-27,1
002081,2026-04-24,243,242,2026-04-23,5
002081,2026-05-08,250,249,2026-05-07,5
002081,2026-05-13,253,252,2026-05-12,1
002081,2026-06-02,267,266,2026-06-01,2
002081,2026-06-11,274,273,2026-06-10,1
002083,2026-07-27,285,284,2026-07-24,2
002085,2026-06-15,276,275,2026-06-12,1
002088,2026-06-15,259,258,2026-06-12,1
002088,2026-07-24,287,286,2026-07-23,1
002090,2026-07-06,282,281,2026-07-03,1
002091,2026-05-11,284,283,2026-05-08,1
002099,2026-06-02,283,282,2026-06-01,1
002106,2026-06-16,274,273,2026-06-15,1
002106,2026-06-29,282,281,2026-06-26,1
002106,2026-07-01,284,283,2026-06-30,1
002108,2026-04-20,270,269,2026-04-17,1
002108,2026-05-12,283,282,2026-05-11,1
002112,2026-07-24,284,283,2026-07-23,1
002114,2026-05-14,250,249,2026-05-13,1
002114,2026-06-23,277,276,2026-06-22,1
002115,2026-04-28,225,224,2026-04-27,1
002115,2026-07-13,275,274,2026-07-10,1
002119,2026-06-04,266,265,2026-06-03,1
002119,2026-06-12,272,271,2026-06-11,2
002119,2026-06-29,282,281,2026-06-26,1
002119,2026-07-01,284,283,2026-06-30,1
002121,2026-05-19,249,248,2026-05-18,1
002121,2026-05-25,253,252,2026-05-22,1
002121,2026-07-13,287,286,2026-07-10,1
002123,2026-05-20,284,283,2026-05-19,1
002124,2026-05-12,280,279,2026-05-11,1
002124,2026-05-15,283,282,2026-05-14,1
002125,2026-06-04,269,268,2026-06-03,1
002125,2026-06-11,274,273,2026-06-10,1
002126,2026-05-21,285,284,2026-05-20,1
002127,2026-04-27,232,231,2026-04-24,1
002127,2026-07-17,287,286,2026-07-16,1
002128,2026-07-15,282,281,2026-07-14,1
002129,2026-05-28,258,257,2026-05-27,1
002129,2026-06-10,267,266,2026-06-09,1
002129,2026-06-29,279,278,2026-06-26,1
002129,2026-07-08,286,285,2026-07-07,1
002132,2026-05-11,267,266,2026-05-08,1
002132,2026-06-04,285,284,2026-06-03,1
002134,2026-04-28,245,244,2026-04-27,1
002134,2026-06-10,273,272,2026-06-09,1
002135,2026-05-20,284,283,2026-05-19,1
002136,2026-04-30,247,246,2026-04-29,1
002136,2026-06-16,277,276,2026-06-15,1
002137,2026-06-04,263,262,2026-06-03,2
002137,2026-06-10,267,266,2026-06-09,1
002137,2026-06-16,271,270,2026-06-15,1
002137,2026-07-08,286,285,2026-07-07,1
002138,2026-06-08,256,255,2026-06-05,1
002138,2026-06-10,258,257,2026-06-09,1
002138,2026-07-22,287,286,2026-07-21,1
002141,2026-06-10,252,251,2026-06-09,1
002141,2026-06-22,259,258,2026-06-18,3
002141,2026-06-24,261,260,2026-06-23,1
002141,2026-06-29,264,263,2026-06-26,2
002141,2026-07-07,270,269,2026-07-06,2
002141,2026-07-16,277,276,2026-07-15,2
002141,2026-07-28,285,284,2026-07-27,1
002144,2026-07-13,287,286,2026-07-10,1
002148,2026-07-06,284,283,2026-07-03,1
002149,2026-04-21,276,275,2026-04-20,1
002149,2026-05-07,285,284,2026-05-06,2
002150,2026-05-20,284,283,2026-05-19,1
002152,2026-07-09,287,286,2026-07-08,1
002156,2026-05-07,234,233,2026-05-06,1
002156,2026-05-26,247,246,2026-05-25,1
002156,2026-06-04,254,253,2026-06-03,1
002156,2026-07-10,279,278,2026-07-09,1
002156,2026-07-22,287,286,2026-07-21,1
002158,2026-05-07,229,228,2026-05-06,2
002158,2026-05-21,239,238,2026-05-20,1
002158,2026-06-22,260,259,2026-06-18,1
002158,2026-07-28,286,285,2026-07-27,1
002159,2026-06-22,280,279,2026-06-18,1
002160,2026-06-17,273,272,2026-06-16,1
002161,2026-06-18,279,278,2026-06-17,1
002162,2026-07-15,287,286,2026-07-14,1
002164,2026-06-09,272,271,2026-06-08,1
002165,2026-05-15,238,237,2026-05-14,1
002165,2026-06-12,258,257,2026-06-11,2
002165,2026-07-24,287,286,2026-07-23,1
002167,2026-06-04,254,253,2026-06-03,1
002167,2026-06-25,268,267,2026-06-24,4
002167,2026-07-02,273,272,2026-07-01,2
002167,2026-07-22,287,286,2026-07-21,1
002169,2026-05-21,277,276,2026-05-20,1
002173,2026-05-20,238,237,2026-05-19,1
002173,2026-07-17,279,278,2026-07-16,1
002173,2026-07-24,284,283,2026-07-23,1
002173,2026-07-29,287,286,2026-07-28,2
002174,2026-04-30,227,226,2026-04-29,1
002174,2026-06-16,257,256,2026-06-15,1
002174,2026-07-28,286,285,2026-07-27,1
002178,2026-05-20,284,283,2026-05-19,1
002179,2026-05-12,283,282,2026-05-11,1
002180,2026-06-30,283,282,2026-06-29,2
002181,2026-04-28,261,260,2026-04-27,1
002181,2026-05-07,265,264,2026-05-06,2
002181,2026-05-18,272,271,2026-05-15,1
002181,2026-05-27,279,278,2026-05-26,1
002181,2026-06-02,283,282,2026-06-01,1
002182,2026-07-01,284,283,2026-06-30,1
002183,2026-05-08,250,249,2026-05-07,1
002183,2026-05-14,254,253,2026-05-13,1
002183,2026-06-08,271,270,2026-06-05,1
002185,2026-05-27,246,245,2026-05-26,2
002185,2026-07-08,275,274,2026-07-07,1
002185,2026-07-10,277,276,2026-07-09,1
002189,2026-07-27,287,286,2026-07-24,1
002190,2026-05-13,253,252,2026-05-12,1
002190,2026-06-15,276,275,2026-06-12,1
002192,2026-04-27,244,243,2026-04-24,1
002192,2026-05-06,248,247,2026-04-30,2
002192,2026-06-25,283,282,2026-06-24,1
002194,2026-04-23,242,241,2026-04-22,1
002194,2026-05-08,250,249,2026-05-07,1
002194,2026-06-08,271,270,2026-06-05,1
002194,2026-06-17,278,277,2026-06-16,1
002195,2026-07-29,287,286,2026-07-28,1
002196,2026-05-18,256,255,2026-05-15,1
002196,2026-06-24,282,281,2026-06-23,1
002197,2026-07-24,283,282,2026-07-23,3
002199,2026-07-27,279,278,2026-07-24,2
002200,2026-06-15,274,273,2026-06-12,1
002201,2026-04-23,242,241,2026-04-22,2
002201,2026-06-18,279,278,2026-06-17,1
002202,2026-07-01,279,278,2026-06-30,1
002202,2026-07-13,287,286,2026-07-10,1
002203,2026-04-20,224,223,2026-04-17,1
002203,2026-05-07,234,233,2026-05-06,1
002203,2026-05-29,250,249,2026-05-28,1
002203,2026-06-15,261,260,2026-06-12,2
002203,2026-06-22,265,264,2026-06-18,1
002203,2026-07-22,287,286,2026-07-21,1
002208,2026-05-15,237,236,2026-05-14,3
002208,2026-05-20,240,239,2026-05-19,2
002208,2026-06-11,256,255,2026-06-10,1
002208,2026-07-01,269,268,2026-06-30,2
002208,2026-07-10,276,275,2026-07-09,1
002208,2026-07-27,287,286,2026-07-24,1
002210,2026-04-30,266,265,2026-04-29,3
002210,2026-05-07,268,267,2026-05-06,1
002210,2026-05-29,284,283,2026-05-28,1
002213,2026-06-05,255,254,2026-06-04,1
002213,2026-07-23,288,287,2026-07-22,2
002215,2026-06-15,276,275,2026-06-12,1
002217,2026-04-21,239,238,2026-04-20,2
002217,2026-04-28,244,243,2026-04-27,1
002217,2026-05-08,249,248,2026-05-07,2
002217,2026-06-17,277,276,2026-06-16,1
002218,2026-04-29,229,228,2026-04-28,1
002218,2026-07-27,288,287,2026-07-24,2
002222,2026-05-11,284,283,2026-05-08,1
002225,2026-06-10,285,284,2026-06-09,1
002226,2026-05-20,284,283,2026-05-19,1
002229,2026-05-07,232,231,2026-05-06,1
002229,2026-06-02,250,249,2026-06-01,1
002229,2026-07-24,287,286,2026-07-23,1
002235,2026-05-06,223,222,2026-04-30,1
002235,2026-06-02,242,241,2026-06-01,1
002235,2026-07-28,281,280,2026-07-27,1
002237,2026-06-30,283,282,2026-06-29,1
002240,2026-04-27,227,226,2026-04-24,1
002240,2026-05-06,231,230,2026-04-30,1
002240,2026-06-10,256,255,2026-06-09,1
002240,2026-06-25,266,265,2026-06-24,1
002240,2026-07-24,287,286,2026-07-23,1
002242,2026-04-21,220,219,2026-04-20,1
002242,2026-04-24,223,222,2026-04-23,1
002242,2026-07-28,286,285,2026-07-27,1
002243,2026-07-15,287,286,2026-07-14,1
002245,2026-05-07,234,233,2026-05-06,1
002245,2026-05-25,246,245,2026-05-22,1
002245,2026-05-27,248,247,2026-05-26,1
002245,2026-07-07,276,275,2026-07-06,1
002245,2026-07-15,282,281,2026-07-14,1
002245,2026-07-22,287,286,2026-07-21,1
002246,2026-05-20,284,283,2026-05-19,1
002249,2026-07-06,284,283,2026-07-03,1
002250,2026-07-03,279,278,2026-07-02,1
002250,2026-07-15,287,286,2026-07-14,1
002251,2026-05-28,264,263,2026-05-27,2
002251,2026-06-01,266,265,2026-05-29,1
002251,2026-06-08,271,270,2026-06-05,1
002253,2026-06-29,282,281,2026-06-26,1
002254,2026-05-13,253,252,2026-05-12,1
002254,2026-05-15,255,254,2026-05-14,1
002254,2026-06-10,273,272,2026-06-09,3
002254,2026-06-12,275,274,2026-06-11,1
002254,2026-06-18,279,278,2026-06-17,1
002254,2026-06-26,284,283,2026-06-25,2
002255,2026-06-30,283,282,2026-06-29,1
002256,2026-04-23,242,241,2026-04-22,1
002256,2026-05-11,251,250,2026-05-08,1
002256,2026-06-11,274,273,2026-06-10,1
002258,2026-06-23,261,260,2026-06-22,1
002258,2026-07-03,269,268,2026-07-02,1
002259,2026-04-20,271,270,2026-04-17,1
002259,2026-05-11,283,282,2026-05-08,1
002261,2026-06-11,274,273,2026-06-10,1
002263,2026-05-29,265,264,2026-05-28,1
002263,2026-06-10,273,272,2026-06-09,1
002263,2026-06-16,277,276,2026-06-15,1
002265,2026-07-27,287,286,2026-07-24,1
002270,2026-06-15,256,255,2026-06-12,1
002270,2026-07-06,270,269,2026-07-03,1
002270,2026-07-28,286,285,2026-07-27,1
002272,2026-05-07,272,271,2026-05-06,1
002272,2026-05-21,282,281,2026-05-20,3
002272,2026-05-25,284,283,2026-05-22,1
002273,2026-05-25,246,245,2026-05-22,1
002273,2026-07-02,273,272,2026-07-01,2
002273,2026-07-22,287,286,2026-07-21,1
002274,2026-07-10,287,286,2026-07-09,1
002277,2026-05-15,252,251,2026-05-14,1
002277,2026-06-30,283,282,2026-06-29,1
002277,2026-07-02,285,284,2026-07-01,1
002279,2026-06-02,247,246,2026-06-01,1
002279,2026-07-29,287,286,2026-07-28,1
002281,2026-04-20,232,231,2026-04-17,1
002281,2026-05-12,245,244,2026-05-11,2
002281,2026-05-20,251,250,2026-05-19,1
002281,2026-06-16,270,269,2026-06-15,1
002281,2026-06-22,273,272,2026-06-18,1
002281,2026-07-10,287,286,2026-07-09,1
002283,2026-05-07,243,242,2026-05-06,1
002283,2026-06-22,274,273,2026-06-18,1
002283,2026-07-06,284,283,2026-07-03,1
002290,2026-04-27,241,240,2026-04-24,1
002290,2026-05-07,246,245,2026-05-06,1
002290,2026-05-14,251,250,2026-05-13,1
002290,2026-07-01,284,283,2026-06-30,1
002292,2026-07-06,270,269,2026-07-03,1
002292,2026-07-28,286,285,2026-07-27,1
002294,2026-07-06,284,283,2026-07-03,1
002297,2026-04-21,240,239,2026-04-20,6
002297,2026-04-29,246,245,2026-04-28,1
002297,2026-05-26,262,261,2026-05-25,1
002297,2026-06-23,281,280,2026-06-22,2
002298,2026-05-08,230,229,2026-05-07,1
002298,2026-07-27,285,284,2026-07-24,2
002300,2026-04-21,222,221,2026-04-20,1
002300,2026-05-13,235,234,2026-05-12,1
002300,2026-07-27,287,286,2026-07-24,2
002301,2026-04-24,243,242,2026-04-23,1
002301,2026-06-16,277,276,2026-06-15,1
002303,2026-06-17,260,259,2026-06-16,1
002303,2026-06-26,266,265,2026-06-25,1
002303,2026-07-16,280,279,2026-07-15,1
002303,2026-07-27,287,286,2026-07-24,1
002309,2026-04-21,218,217,2026-04-20,1
002309,2026-05-15,233,232,2026-05-14,1
002309,2026-07-16,276,275,2026-07-15,1
002309,2026-07-29,285,284,2026-07-28,2
002310,2026-05-14,233,232,2026-05-13,1
002310,2026-07-01,266,265,2026-06-30,1
002310,2026-07-16,277,276,2026-07-15,1
002310,2026-07-29,286,285,2026-07-28,2
002312,2026-06-23,281,280,2026-06-22,1
002314,2026-06-03,284,283,2026-06-02,1
002317,2026-05-11,243,242,2026-05-08,2
002317,2026-06-22,272,271,2026-06-18,1
002317,2026-06-30,278,277,2026-06-29,1
002317,2026-07-13,287,286,2026-07-10,1
002319,2026-07-22,287,286,2026-07-21,1
002328,2026-06-02,283,282,2026-06-01,1
002329,2026-07-02,282,281,2026-07-01,1
002329,2026-07-07,285,284,2026-07-06,1
002334,2026-05-12,283,282,2026-05-11,1
002335,2026-05-08,250,249,2026-05-07,1
002335,2026-06-16,277,276,2026-06-15,1
002335,2026-06-26,284,283,2026-06-25,1
002338,2026-04-22,221,220,2026-04-21,1
002338,2026-07-29,287,286,2026-07-28,1
002339,2026-07-24,287,286,2026-07-23,1
002342,2026-04-22,233,232,2026-04-21,1
002342,2026-05-08,242,241,2026-05-07,1
002342,2026-06-30,278,277,2026-06-29,1
002342,2026-07-13,287,286,2026-07-10,1
002345,2026-06-15,276,275,2026-06-12,1
002346,2026-05-13,233,232,2026-05-12,1
002346,2026-06-17,258,257,2026-06-16,1
002346,2026-06-23,261,260,2026-06-22,1
002346,2026-07-13,275,274,2026-07-10,2
002348,2026-04-30,261,260,2026-04-29,1
002348,2026-05-18,270,269,2026-05-15,1
002348,2026-05-29,279,278,2026-05-28,1
002350,2026-05-08,238,237,2026-05-07,1
002350,2026-05-29,253,252,2026-05-28,1
002350,2026-07-09,281,280,2026-07-08,1
002350,2026-07-17,287,286,2026-07-16,1
002353,2026-06-05,250,249,2026-06-04,1
002353,2026-07-06,270,269,2026-07-03,1
002353,2026-07-24,284,283,2026-07-23,1
002353,2026-07-28,286,285,2026-07-27,1
002354,2026-04-30,227,226,2026-04-29,1
002354,2026-05-19,237,236,2026-05-18,1
002354,2026-06-11,254,253,2026-06-10,4
002354,2026-06-23,261,260,2026-06-22,2
002354,2026-06-25,263,262,2026-06-24,1
002354,2026-06-29,265,264,2026-06-26,1
002354,2026-07-03,269,268,2026-07-02,1
002355,2026-05-07,285,284,2026-05-06,1
002356,2026-06-02,283,282,2026-06-01,1
002357,2026-07-15,282,281,2026-07-14,1
002358,2026-07-24,287,286,2026-07-23,1
002361,2026-04-22,233,232,2026-04-21,2
002361,2026-06-09,264,263,2026-06-08,2
002361,2026-07-13,287,286,2026-07-10,1
002362,2026-06-10,273,272,2026-06-09,2
002364,2026-05-07,229,228,2026-05-06,1
002364,2026-05-14,234,233,2026-05-13,1
002364,2026-06-16,257,256,2026-06-15,1
002364,2026-06-25,263,262,2026-06-24,1
002364,2026-07-10,274,273,2026-07-09,1
002364,2026-07-28,286,285,2026-07-27,1
002365,2026-07-17,279,278,2026-07-16,2
002365,2026-07-28,286,285,2026-07-27,1
002366,2026-06-30,283,282,2026-06-29,1
002367,2026-06-23,281,280,2026-06-22,1
002370,2026-06-24,274,273,2026-06-23,1
002370,2026-06-30,278,277,2026-06-29,1
002371,2026-07-22,287,286,2026-07-21,1
002374,2026-05-19,239,238,2026-05-18,2
002374,2026-06-24,264,263,2026-06-23,1
002374,2026-07-27,287,286,2026-07-24,1
002375,2026-05-14,280,279,2026-05-13,1
002375,2026-05-20,284,283,2026-05-19,1
002377,2026-07-06,284,283,2026-07-03,1
002378,2026-04-30,247,246,2026-04-29,1
002378,2026-06-12,275,274,2026-06-11,1
002379,2026-07-15,280,279,2026-07-14,2
002379,2026-07-24,287,286,2026-07-23,1
002382,2026-07-16,288,287,2026-07-15,1
002384,2026-04-23,232,231,2026-04-22,1
002384,2026-05-08,240,239,2026-05-07,1
002384,2026-06-03,258,257,2026-06-02,1
002384,2026-06-16,267,266,2026-06-15,1
002384,2026-07-10,284,283,2026-07-09,1
002384,2026-07-15,287,286,2026-07-14,1
002386,2026-06-23,281,280,2026-06-22,1
002387,2026-06-08,246,245,2026-06-05,1
002387,2026-06-26,259,258,2026-06-25,1
002387,2026-07-29,282,281,2026-07-28,1
002388,2026-05-27,242,241,2026-05-26,2
002388,2026-07-29,286,285,2026-07-28,3
002392,2026-06-22,275,274,2026-06-18,1
002392,2026-07-03,284,283,2026-07-02,1
002395,2026-05-18,270,269,2026-05-15,1
002395,2026-06-05,284,283,2026-06-04,1
002396,2026-05-12,237,236,2026-05-11,1
002396,2026-07-02,273,272,2026-07-01,2
002396,2026-07-07,276,275,2026-07-06,2
002396,2026-07-09,278,277,2026-07-08,1
002396,2026-07-22,287,286,2026-07-21,1
002397,2026-04-23,261,260,2026-04-22,1
002397,2026-05-11,270,269,2026-05-08,1
002397,2026-05-29,284,283,2026-05-28,1
002402,2026-07-01,279,278,2026-06-30,1
002402,2026-07-13,287,286,2026-07-10,1
002403,2026-07-02,282,281,2026-07-01,1
002403,2026-07-07,285,284,2026-07-06,1
002404,2026-06-03,268,267,2026-06-02,2
002404,2026-06-18,279,278,2026-06-17,1
002407,2026-04-27,224,223,2026-04-24,1
002407,2026-05-18,236,235,2026-05-15,1
002407,2026-06-12,255,254,2026-06-11,1
002407,2026-06-23,261,260,2026-06-22,1
002407,2026-07-02,268,267,2026-07-01,3
002407,2026-07-28,286,285,2026-07-27,1
002409,2026-05-14,234,233,2026-05-13,1
002409,2026-05-26,242,241,2026-05-25,1
002409,2026-06-12,255,254,2026-06-11,2
002409,2026-06-23,261,260,2026-06-22,1
002409,2026-06-25,263,262,2026-06-24,1
002409,2026-06-30,266,265,2026-06-29,1
002409,2026-07-10,274,273,2026-07-09,1
002409,2026-07-22,282,281,2026-07-21,1
002409,2026-07-28,286,285,2026-07-27,1
002412,2026-04-29,229,228,2026-04-28,1
002412,2026-07-24,287,286,2026-07-23,2
002414,2026-07-13,287,286,2026-07-10,2
002418,2026-04-21,240,239,2026-04-20,2
002418,2026-04-23,242,241,2026-04-22,1
002418,2026-05-07,249,248,2026-05-06,1
002418,2026-06-23,281,280,2026-06-22,1
002420,2026-06-24,279,278,2026-06-23,1
002421,2026-05-21,259,258,2026-05-20,4
002421,2026-05-26,262,261,2026-05-25,2
002421,2026-06-03,268,267,2026-06-02,2
002421,2026-06-09,272,271,2026-06-08,2
002421,2026-06-23,281,280,2026-06-22,1
002422,2026-06-30,283,282,2026-06-29,1
002426,2026-06-02,267,266,2026-06-01,1
002426,2026-06-16,277,276,2026-06-15,1
002427,2026-06-25,278,277,2026-06-24,1
002427,2026-07-03,284,283,2026-07-02,1
002428,2026-04-21,240,239,2026-04-20,2
002428,2026-04-23,242,241,2026-04-22,1
002428,2026-05-07,249,248,2026-05-06,1
002428,2026-05-13,253,252,2026-05-12,1
002428,2026-05-29,265,264,2026-05-28,1
002428,2026-06-12,275,274,2026-06-11,1
002428,2026-06-16,277,276,2026-06-15,1
002428,2026-06-23,281,280,2026-06-22,1
002428,2026-06-25,283,282,2026-06-24,1
002430,2026-06-11,274,273,2026-06-10,1
002432,2026-04-23,222,221,2026-04-22,1
002432,2026-05-26,242,241,2026-05-25,2
002432,2026-06-16,257,256,2026-06-15,1
002432,2026-06-22,260,259,2026-06-18,1
002432,2026-07-16,278,277,2026-07-15,2
002432,2026-07-20,280,279,2026-07-17,1
002432,2026-07-22,282,281,2026-07-21,1
002434,2026-07-06,284,283,2026-07-03,1
002436,2026-05-08,243,242,2026-05-07,1
002436,2026-06-17,271,270,2026-06-16,1
002436,2026-07-10,287,286,2026-07-09,1
002437,2026-06-30,283,282,2026-06-29,1
002438,2026-05-26,283,282,2026-05-25,1
002440,2026-06-16,257,256,2026-06-15,1
002440,2026-06-23,261,260,2026-06-22,1
002440,2026-07-02,268,267,2026-07-01,1
002440,2026-07-21,281,280,2026-07-20,1
002442,2026-05-25,261,260,2026-05-22,3
002442,2026-06-22,280,279,2026-06-18,1
002446,2026-06-17,275,274,2026-06-16,1
002446,2026-07-01,284,283,2026-06-30,1
002448,2026-04-24,223,222,2026-04-23,1
002448,2026-07-22,282,281,2026-07-21,1
002448,2026-07-28,286,285,2026-07-27,1
002449,2026-06-17,278,277,2026-06-16,1
002451,2026-07-24,287,286,2026-07-23,1
002452,2026-06-25,283,282,2026-06-24,1
002453,2026-05-07,249,248,2026-05-06,2
002453,2026-05-25,261,260,2026-05-22,1
002453,2026-06-24,282,281,2026-06-23,1
002454,2026-05-14,285,284,2026-05-13,1
002457,2026-06-01,260,259,2026-05-29,1
002457,2026-06-15,270,269,2026-06-12,1
002457,2026-07-07,285,284,2026-07-06,1
002458,2026-07-03,284,283,2026-07-02,2
002459,2026-06-11,274,273,2026-06-10,1
002463,2026-05-25,251,250,2026-05-22,1
002463,2026-07-15,287,286,2026-07-14,1
002467,2026-07-09,287,286,2026-07-08,1
002469,2026-06-12,275,274,2026-06-11,1
002471,2026-06-08,265,264,2026-06-05,1
002471,2026-07-06,284,283,2026-07-03,1
002472,2026-07-01,281,280,2026-06-30,1
002472,2026-07-06,284,283,2026-07-03,1
002474,2026-05-11,267,266,2026-05-08,1
002474,2026-06-02,283,282,2026-06-01,1
002479,2026-07-13,287,286,2026-07-10,1
002484,2026-04-28,225,224,2026-04-27,1
002484,2026-05-20,238,237,2026-05-19,1
002484,2026-05-28,244,243,2026-05-27,1
002484,2026-06-05,250,249,2026-06-04,1
002484,2026-06-10,253,252,2026-06-09,1
002484,2026-06-18,259,258,2026-06-17,2
002484,2026-06-26,264,263,2026-06-25,1
002484,2026-07-15,277,276,2026-07-14,1
002484,2026-07-22,282,281,2026-07-21,1
002484,2026-07-28,286,285,2026-07-27,1
002490,2026-04-24,228,227,2026-04-23,1
002490,2026-06-09,257,256,2026-06-08,1
002490,2026-06-12,260,259,2026-06-11,1
002490,2026-07-10,279,278,2026-07-09,2
002490,2026-07-21,286,285,2026-07-20,1
002491,2026-04-21,240,239,2026-04-20,1
002491,2026-05-13,253,252,2026-05-12,4
002491,2026-06-05,270,269,2026-06-04,1
002491,2026-06-22,280,279,2026-06-18,2
002491,2026-06-25,283,282,2026-06-24,1
002496,2026-07-06,283,282,2026-07-03,1
002497,2026-04-30,241,240,2026-04-29,1
002497,2026-06-25,277,276,2026-06-24,1
002497,2026-07-08,286,285,2026-07-07,1
002498,2026-04-30,227,226,2026-04-29,1
002498,2026-05-14,234,233,2026-05-13,2
002498,2026-07-27,285,284,2026-07-24,2
002506,2026-05-15,284,283,2026-05-14,1
002513,2026-06-10,273,272,2026-06-09,1
002515,2026-05-19,242,241,2026-05-18,1
002515,2026-06-03,253,252,2026-06-02,1
002515,2026-06-10,258,257,2026-06-09,1
002515,2026-06-17,263,262,2026-06-16,2
002515,2026-07-23,288,287,2026-07-22,1
002517,2026-07-16,278,277,2026-07-15,1
002518,2026-05-14,251,250,2026-05-13,1
002518,2026-06-26,281,280,2026-06-25,1
002518,2026-07-01,284,283,2026-06-30,1
002520,2026-04-30,241,240,2026-04-29,1
002520,2026-05-11,245,244,2026-05-08,1
002520,2026-06-05,264,263,2026-06-04,1
002520,2026-06-25,277,276,2026-06-24,1
002520,2026-07-06,284,283,2026-07-03,1
002521,2026-06-30,283,282,2026-06-29,1
002522,2026-04-30,227,226,2026-04-29,1
002522,2026-05-13,233,232,2026-05-12,1
002522,2026-06-24,262,261,2026-06-23,1
002522,2026-07-28,286,285,2026-07-27,1
002523,2026-07-15,287,286,2026-07-14,1
002524,2026-07-02,280,279,2026-07-01,1
002524,2026-07-13,287,286,2026-07-10,1
002526,2026-05-26,283,282,2026-05-25,1
002527,2026-06-02,283,282,2026-06-01,1
002532,2026-07-15,287,286,2026-07-14,1
002536,2026-04-21,230,229,2026-04-20,1
002536,2026-05-11,241,240,2026-05-08,1
002536,2026-06-25,273,272,2026-06-24,1
002536,2026-07-06,280,279,2026-07-03,1
002536,2026-07-15,287,286,2026-07-14,1
002539,2026-06-23,264,263,2026-06-22,1
002539,2026-07-24,287,286,2026-07-23,1
002545,2026-07-23,288,287,2026-07-22,1
002546,2026-06-23,264,263,2026-06-22,1
002546,2026-07-09,276,275,2026-07-08,1
002546,2026-07-24,287,286,2026-07-23,1
002548,2026-04-30,239,238,2026-04-29,1
002548,2026-07-02,280,279,2026-07-01,1
002548,2026-07-13,287,286,2026-07-10,1
002549,2026-06-12,272,271,2026-06-11,1
002549,2026-06-24,279,278,2026-06-23,1
002549,2026-06-30,283,282,2026-06-29,1
002550,2026-06-25,283,282,2026-06-24,1
002552,2026-05-13,233,232,2026-05-12,4
002552,2026-05-20,238,237,2026-05-19,2
002552,2026-05-27,243,242,2026-05-26,3
002552,2026-05-29,245,244,2026-05-28,1
002552,2026-06-17,258,257,2026-06-16,2
002552,2026-06-25,263,262,2026-06-24,1
002552,2026-07-10,274,273,2026-07-09,1
002558,2026-06-26,264,263,2026-06-25,1
002558,2026-07-16,278,277,2026-07-15,1
002559,2026-06-29,280,279,2026-06-26,1
002559,2026-07-03,284,283,2026-07-02,2
002560,2026-04-21,223,222,2026-04-20,1
002560,2026-04-28,228,227,2026-04-27,1
002560,2026-05-13,236,235,2026-05-12,1
002560,2026-07-24,287,286,2026-07-23,1
002566,2026-07-24,287,286,2026-07-23,1
002568,2026-04-30,227,226,2026-04-29,1
002568,2026-06-30,266,265,2026-06-29,2
002570,2026-06-05,284,283,2026-06-04,1
002575,2026-04-29,231,230,2026-04-28,1
002575,2026-06-03,253,252,2026-06-02,1
002575,2026-06-10,258,257,2026-06-09,1
002575,2026-07-23,288,287,2026-07-22,1
002577,2026-07-28,286,285,2026-07-27,1
002579,2026-05-29,258,257,2026-05-28,3
002579,2026-06-03,261,260,2026-06-02,2
002579,2026-06-22,273,272,2026-06-18,2
002579,2026-06-26,277,276,2026-06-25,1
002579,2026-07-10,287,286,2026-07-09,1
002580,2026-04-20,219,218,2026-04-17,7
002580,2026-05-11,231,230,2026-05-08,1
002580,2026-06-02,247,246,2026-06-01,1
002580,2026-06-25,263,262,2026-06-24,2
002580,2026-07-03,269,268,2026-07-02,1
002580,2026-07-28,286,285,2026-07-27,1
002583,2026-06-10,273,272,2026-06-09,1
002584,2026-06-10,268,267,2026-06-09,1
002584,2026-06-25,278,277,2026-06-24,2
002584,2026-07-03,284,283,2026-07-02,1
002585,2026-05-12,232,231,2026-05-11,1
002585,2026-05-27,243,242,2026-05-26,3
002585,2026-06-05,250,249,2026-06-04,1
002585,2026-06-11,254,253,2026-06-10,2
002585,2026-06-17,258,257,2026-06-16,2
002585,2026-07-08,272,271,2026-07-07,1
002587,2026-07-01,284,283,2026-06-30,1
002590,2026-06-05,284,283,2026-06-04,1
002591,2026-05-06,282,281,2026-04-30,1
002591,2026-05-08,284,283,2026-05-07,1
002596,2026-07-03,272,271,2026-07-02,1
002596,2026-07-24,287,286,2026-07-23,1
002597,2026-06-15,256,255,2026-06-12,1
002600,2026-06-25,280,279,2026-06-24,1
002600,2026-07-01,284,283,2026-06-30,1
002601,2026-06-23,281,280,2026-06-22,1
002606,2026-04-24,226,225,2026-04-23,1
002606,2026-05-13,236,235,2026-05-12,1
002606,2026-05-25,244,243,2026-05-22,1
002606,2026-07-13,278,277,2026-07-10,1
002606,2026-07-24,287,286,2026-07-23,1
002607,2026-07-02,268,267,2026-07-01,1
002607,2026-07-07,271,270,2026-07-06,1
002608,2026-06-02,283,282,2026-06-01,2
002612,2026-07-28,286,285,2026-07-27,1
002613,2026-05-26,262,261,2026-05-25,1
002613,2026-05-29,265,264,2026-05-28,1
002613,2026-06-02,267,266,2026-06-01,1
002613,2026-06-09,272,271,2026-06-08,2
002613,2026-06-16,277,276,2026-06-15,1
002615,2026-07-01,284,283,2026-06-30,1
002617,2026-05-15,284,283,2026-05-14,1
002623,2026-05-12,244,243,2026-05-11,1
002623,2026-07-06,282,281,2026-07-03,1
002623,2026-07-13,287,286,2026-07-10,1
002624,2026-05-11,248,247,2026-05-08,1
002624,2026-06-30,283,282,2026-06-29,1
002627,2026-04-30,268,267,2026-04-29,1
002627,2026-05-27,284,283,2026-05-26,1
002628,2026-04-20,229,228,2026-04-17,1
002628,2026-05-14,244,243,2026-05-13,1
002628,2026-07-01,277,276,2026-06-30,2
002628,2026-07-15,287,286,2026-07-14,1
002629,2026-05-11,267,266,2026-05-08,1
002629,2026-05-21,270,269,2026-05-13,1
002629,2026-06-02,278,277,2026-06-01,1
002631,2026-06-08,268,267,2026-06-05,1
002631,2026-06-25,280,279,2026-06-24,2
002631,2026-07-01,284,283,2026-06-30,1
002632,2026-07-10,281,280,2026-07-09,1
002632,2026-07-20,287,286,2026-07-17,2
002635,2026-05-19,251,250,2026-05-18,1
002635,2026-06-16,271,270,2026-06-15,1
002635,2026-07-02,282,281,2026-07-01,1
002635,2026-07-06,284,283,2026-07-03,1
002636,2026-04-23,222,221,2026-04-22,1
002636,2026-06-11,254,253,2026-06-10,3
002636,2026-07-15,277,276,2026-07-14,1
002636,2026-07-28,286,285,2026-07-27,1
002637,2026-06-02,267,266,2026-06-01,1
002637,2026-06-15,276,275,2026-06-12,1
002638,2026-07-01,284,283,2026-06-30,2
002639,2026-05-29,262,261,2026-05-28,1
002639,2026-06-30,283,282,2026-06-29,1
002640,2026-05-07,229,228,2026-05-06,2
002640,2026-05-12,232,231,2026-05-11,1
002640,2026-05-29,245,244,2026-05-28,1
002640,2026-07-16,278,277,2026-07-15,1
002640,2026-07-28,286,285,2026-07-27,1
002642,2026-05-11,231,230,2026-05-08,1
002642,2026-07-09,273,272,2026-07-08,1
002642,2026-07-29,287,286,2026-07-28,1
002643,2026-06-25,283,282,2026-06-24,1
002645,2026-05-06,248,247,2026-04-30,2
002645,2026-05-21,259,258,2026-05-20,1
002645,2026-05-26,262,261,2026-05-25,1
002645,2026-06-05,270,269,2026-06-04,1
002645,2026-06-17,278,277,2026-06-16,1
002647,2026-04-21,219,218,2026-04-20,1
002647,2026-04-29,225,224,2026-04-28,1
002647,2026-05-08,229,228,2026-05-07,1
002647,2026-06-02,246,245,2026-06-01,1
002647,2026-07-28,285,284,2026-07-27,1
002648,2026-06-24,282,281,2026-06-23,1
002652,2026-04-30,242,241,2026-04-29,2
002652,2026-07-03,284,283,2026-07-02,1
002653,2026-06-30,283,282,2026-06-29,1
002653,2026-07-02,285,284,2026-07-01,1
002654,2026-05-14,251,250,2026-05-13,1
002654,2026-05-19,254,253,2026-05-18,1
002654,2026-05-21,256,255,2026-05-20,1
002654,2026-06-12,272,271,2026-06-11,1
002654,2026-06-26,281,280,2026-06-25,1
002654,2026-07-01,284,283,2026-06-30,1
002655,2026-04-30,247,246,2026-04-29,1
002655,2026-05-11,251,250,2026-05-08,2
002655,2026-06-23,281,280,2026-06-22,2
002657,2026-06-02,267,266,2026-06-01,1
002657,2026-06-11,274,273,2026-06-10,1
002657,2026-06-23,281,280,2026-06-22,1
002658,2026-05-14,285,284,2026-05-13,1
002664,2026-05-08,244,243,2026-05-07,1
002664,2026-06-16,271,270,2026-06-15,1
002664,2026-07-06,284,283,2026-07-03,1
002669,2026-05-29,250,249,2026-05-28,1
002669,2026-06-11,259,258,2026-06-10,2
002669,2026-07-22,287,286,2026-07-21,1
002672,2026-06-17,278,277,2026-06-16,1
002672,2026-06-24,282,281,2026-06-23,2
002674,2026-05-26,245,244,2026-05-25,1
002674,2026-06-30,269,268,2026-06-29,7
002674,2026-07-03,272,271,2026-07-02,1
002674,2026-07-09,276,275,2026-07-08,1
002674,2026-07-24,287,286,2026-07-23,1
002676,2026-06-10,273,272,2026-06-09,1
002677,2026-07-06,277,276,2026-07-03,1
002677,2026-07-20,282,281,2026-07-17,3
002681,2026-07-13,287,286,2026-07-10,1
002686,2026-04-21,216,215,2026-04-20,1
002687,2026-06-25,263,262,2026-06-24,2
002687,2026-06-30,266,265,2026-06-29,1
002687,2026-07-13,275,274,2026-07-10,1
002687,2026-07-29,287,286,2026-07-28,1
002688,2026-05-29,284,283,2026-05-28,1
002693,2026-05-26,253,252,2026-05-25,1
002693,2026-06-30,277,276,2026-06-29,1
002693,2026-07-03,280,279,2026-07-02,1
002693,2026-07-13,286,285,2026-07-10,1
002696,2026-07-03,284,283,2026-07-02,1
002698,2026-05-08,284,283,2026-05-07,1
002700,2026-06-02,261,260,2026-06-01,1
002700,2026-06-17,272,271,2026-06-16,1
002700,2026-07-06,284,283,2026-07-03,1
002703,2026-05-14,234,233,2026-05-13,1
002703,2026-05-22,240,239,2026-05-21,1
002706,2026-04-20,260,259,2026-04-17,1
002706,2026-04-28,266,265,2026-04-27,1
002706,2026-05-28,285,284,2026-05-27,1
002708,2026-06-08,262,261,2026-06-05,1
002713,2026-07-24,282,281,2026-07-23,1
002715,2026-04-29,240,239,2026-04-28,1
002715,2026-07-06,284,283,2026-07-03,1
002718,2026-05-12,232,231,2026-05-11,1
002718,2026-05-26,242,241,2026-05-25,1
002718,2026-07-15,277,276,2026-07-14,1
002723,2026-05-15,284,283,2026-05-14,1
002725,2026-05-25,244,243,2026-05-22,1
002725,2026-07-24,287,286,2026-07-23,1
002728,2026-06-24,279,278,2026-06-23,1
002728,2026-06-30,283,282,2026-06-29,1
002729,2026-05-08,257,256,2026-05-07,1
002729,2026-05-18,263,262,2026-05-15,1
002729,2026-06-17,285,284,2026-06-16,1
002730,2026-06-16,277,276,2026-06-15,1
002733,2026-04-29,246,245,2026-04-28,1
002733,2026-05-25,261,260,2026-05-22,1
002733,2026-05-27,263,262,2026-05-26,1
002733,2026-06-05,270,269,2026-06-04,1
002733,2026-06-15,276,275,2026-06-12,1
002734,2026-06-17,278,277,2026-06-16,1
002735,2026-05-26,269,268,2026-05-25,1
002735,2026-06-04,276,275,2026-06-03,1
002735,2026-06-17,285,284,2026-06-16,1
002738,2026-07-02,285,284,2026-07-01,2
002739,2026-07-17,287,286,2026-07-16,2
002741,2026-04-28,245,244,2026-04-27,1
002741,2026-05-26,262,261,2026-05-25,2
002741,2026-06-10,273,272,2026-06-09,1
002741,2026-06-18,279,278,2026-06-17,3
002742,2026-06-15,273,272,2026-06-12,1
002745,2026-05-26,247,246,2026-05-25,1
002745,2026-06-16,262,261,2026-06-15,1
002745,2026-07-10,279,278,2026-07-09,1
002745,2026-07-22,287,286,2026-07-21,1
002747,2026-05-22,254,253,2026-05-21,1
002747,2026-06-10,267,266,2026-06-09,2
002747,2026-06-22,274,273,2026-06-18,1
002747,2026-07-02,282,281,2026-07-01,2
002747,2026-07-06,284,283,2026-07-03,1
002757,2026-05-08,244,243,2026-05-07,1
002757,2026-06-11,268,267,2026-06-10,1
002757,2026-07-09,287,286,2026-07-08,1
002760,2026-05-14,242,241,2026-05-13,1
002760,2026-07-17,287,286,2026-07-16,1
002762,2026-07-24,281,280,2026-07-23,1
002765,2026-07-06,282,281,2026-07-03,1
002766,2026-05-22,247,246,2026-05-21,1
002766,2026-06-02,254,253,2026-06-01,1
002766,2026-07-20,287,286,2026-07-17,1
002767,2026-07-07,285,284,2026-07-06,2
002769,2026-06-10,263,262,2026-06-09,1
002771,2026-05-28,258,257,2026-05-27,2
002771,2026-06-10,267,266,2026-06-09,1
002771,2026-07-06,284,283,2026-07-03,1
002774,2026-06-17,258,257,2026-06-16,1
002774,2026-07-07,271,270,2026-07-06,1
002774,2026-07-13,275,274,2026-07-10,1
002774,2026-07-24,284,283,2026-07-23,1
002775,2026-07-17,279,278,2026-07-16,1
002775,2026-07-24,284,283,2026-07-23,1
002775,2026-07-28,286,285,2026-07-27,1
002777,2026-05-14,285,284,2026-05-13,1
002779,2026-07-01,284,283,2026-06-30,1
002782,2026-05-15,255,254,2026-05-14,2
002782,2026-05-21,259,258,2026-05-20,2
002782,2026-06-17,278,277,2026-06-16,1
002786,2026-04-30,237,236,2026-04-29,1
002786,2026-06-08,261,260,2026-06-05,1
002786,2026-07-16,288,287,2026-07-15,1
002787,2026-04-27,244,243,2026-04-24,2
002787,2026-05-07,249,248,2026-05-06,1
002787,2026-05-13,253,252,2026-05-12,1
002787,2026-05-21,259,258,2026-05-20,1
002787,2026-06-05,270,269,2026-06-04,2
002787,2026-06-26,284,283,2026-06-25,1
002792,2026-05-07,285,284,2026-05-06,1
002793,2026-04-24,228,227,2026-04-23,1
002793,2026-07-07,276,275,2026-07-06,1
002793,2026-07-23,288,287,2026-07-22,1
002795,2026-04-27,224,223,2026-04-24,1
002795,2026-06-02,247,246,2026-06-01,1
002795,2026-07-29,287,286,2026-07-28,1
002796,2026-04-20,265,264,2026-04-17,1
002796,2026-04-23,268,267,2026-04-22,1
002796,2026-05-21,285,284,2026-05-20,1
002798,2026-05-11,244,243,2026-05-08,1
002798,2026-07-03,282,281,2026-07-02,1
002800,2026-07-16,288,287,2026-07-15,1
002803,2026-04-21,240,239,2026-04-20,1
002805,2026-05-07,246,245,2026-05-06,3
002805,2026-05-14,251,250,2026-05-13,1
002805,2026-06-17,275,274,2026-06-16,1
002805,2026-06-23,278,277,2026-06-22,2
002805,2026-07-01,284,283,2026-06-30,1
002806,2026-05-25,256,255,2026-05-22,1
002806,2026-06-01,261,260,2026-05-29,2
002806,2026-06-03,263,262,2026-06-02,1
002806,2026-06-05,265,264,2026-06-04,1
002806,2026-06-17,273,272,2026-06-16,2
002809,2026-05-15,284,283,2026-05-14,1
002812,2026-04-27,234,233,2026-04-24,1
002812,2026-06-15,266,265,2026-06-12,1
002815,2026-06-16,270,269,2026-06-15,1
002815,2026-07-07,284,283,2026-07-06,1
002815,2026-07-10,287,286,2026-07-09,1
002821,2026-04-29,236,235,2026-04-28,1
002821,2026-06-25,273,272,2026-06-24,1
002821,2026-06-30,276,275,2026-06-29,1
002821,2026-07-16,288,287,2026-07-15,1
002823,2026-05-25,284,283,2026-05-22,1
002824,2026-05-08,250,249,2026-05-07,1
002824,2026-06-01,266,265,2026-05-29,1
002824,2026-06-12,275,274,2026-06-11,1
002824,2026-06-17,278,277,2026-06-16,2
002825,2026-05-14,285,284,2026-05-13,1
002826,2026-05-25,251,250,2026-05-22,1
002826,2026-07-03,279,278,2026-07-02,2
002828,2026-06-18,271,270,2026-06-17,1
002828,2026-06-30,278,277,2026-06-29,1
002828,2026-07-07,283,282,2026-07-06,1
002828,2026-07-13,287,286,2026-07-10,1
002829,2026-07-13,282,281,2026-07-10,2
002829,2026-07-20,287,286,2026-07-17,2
002830,2026-06-02,264,263,2026-06-01,1
002830,2026-06-11,271,270,2026-06-10,1
002830,2026-06-15,273,272,2026-06-12,1
002830,2026-06-24,279,278,2026-06-23,2
002830,2026-07-01,284,283,2026-06-30,1
002831,2026-05-20,284,283,2026-05-19,1
002833,2026-07-01,267,266,2026-06-30,1
002837,2026-06-10,273,272,2026-06-09,1
002838,2026-07-15,287,286,2026-07-14,1
002840,2026-05-15,284,283,2026-05-14,1
002841,2026-07-10,287,286,2026-07-09,3
002842,2026-05-06,243,242,2026-04-30,2
002842,2026-05-14,249,248,2026-05-13,1
002842,2026-06-12,270,269,2026-06-11,1
002842,2026-06-23,276,275,2026-06-22,2
002842,2026-06-26,279,278,2026-06-25,1
002842,2026-07-03,284,283,2026-07-02,1
002843,2026-04-21,271,270,2026-04-20,1
002843,2026-05-14,285,284,2026-05-13,1
002845,2026-05-20,251,250,2026-05-19,1
002845,2026-07-10,287,286,2026-07-09,1
002846,2026-04-22,221,220,2026-04-21,1
002847,2026-04-30,227,226,2026-04-29,1
002847,2026-07-29,287,286,2026-07-28,1
002849,2026-06-16,274,273,2026-06-15,1
002849,2026-07-01,284,283,2026-06-30,1
002850,2026-07-06,284,283,2026-07-03,1
002851,2026-04-30,227,226,2026-04-29,1
002851,2026-05-14,234,233,2026-05-13,1
002851,2026-05-26,242,241,2026-05-25,1
002851,2026-06-03,248,247,2026-06-02,1
002851,2026-06-17,258,257,2026-06-16,2
002851,2026-07-10,274,273,2026-07-09,1
002851,2026-07-22,282,281,2026-07-21,1
002853,2026-04-22,262,261,2026-04-21,1
002853,2026-05-19,278,277,2026-05-18,1
002857,2026-05-29,250,249,2026-05-28,1
002857,2026-07-21,286,285,2026-07-20,1
002859,2026-05-25,248,247,2026-05-22,1
002859,2026-06-10,260,259,2026-06-09,1
002859,2026-06-16,264,263,2026-06-15,1
002859,2026-06-22,267,266,2026-06-18,1
002859,2026-06-30,273,272,2026-06-29,1
002860,2026-07-07,285,284,2026-07-06,1
002865,2026-05-12,244,243,2026-05-11,2
002865,2026-07-13,287,286,2026-07-10,1
002866,2026-04-20,224,223,2026-04-17,1
002866,2026-05-11,236,235,2026-05-08,1
002866,2026-07-21,286,285,2026-07-20,1
002868,2026-05-14,247,246,2026-05-13,1
002868,2026-07-02,281,280,2026-07-01,1
002868,2026-07-06,283,282,2026-07-03,1
002869,2026-07-29,287,286,2026-07-28,1
002871,2026-05-07,249,248,2026-05-06,1
002871,2026-05-29,265,264,2026-05-28,1
002871,2026-06-02,267,266,2026-06-01,1
002871,2026-06-10,273,272,2026-06-09,1
002871,2026-06-24,282,281,2026-06-23,1
002875,2026-04-30,258,257,2026-04-29,1
002875,2026-06-04,280,279,2026-06-03,1
002876,2026-06-03,268,267,2026-06-02,1
002876,2026-06-25,283,282,2026-06-24,1
002877,2026-06-08,271,270,2026-06-05,1
002878,2026-05-29,284,283,2026-05-28,1
002879,2026-07-28,286,285,2026-07-27,5
002881,2026-05-19,245,244,2026-05-18,1
002881,2026-05-28,252,251,2026-05-27,1
002881,2026-07-02,276,275,2026-07-01,1
002881,2026-07-17,287,286,2026-07-16,1
002882,2026-06-15,256,255,2026-06-12,1
002885,2026-04-21,240,239,2026-04-20,1
002885,2026-05-08,250,249,2026-05-07,1
002885,2026-05-14,254,253,2026-05-13,1
002885,2026-05-25,261,260,2026-05-22,1
002885,2026-06-17,278,277,2026-06-16,1
002885,2026-06-23,281,280,2026-06-22,1
002886,2026-05-27,284,283,2026-05-26,1
002888,2026-05-19,281,280,2026-05-18,1
002888,2026-05-22,284,283,2026-05-21,1
002889,2026-07-29,287,286,2026-07-28,1
002891,2026-07-16,288,287,2026-07-15,1
002892,2026-05-18,256,255,2026-05-15,1
002892,2026-06-08,271,270,2026-06-05,1
002893,2026-05-20,284,283,2026-05-19,1
002896,2026-05-27,243,242,2026-05-26,1
002896,2026-06-03,248,247,2026-06-02,1
002896,2026-06-08,251,250,2026-06-05,1
002896,2026-07-06,270,269,2026-07-03,1
002897,2026-05-26,259,258,2026-05-25,2
002897,2026-06-03,265,264,2026-06-02,1
002897,2026-06-16,274,273,2026-06-15,1
002897,2026-06-22,277,276,2026-06-18,1
002897,2026-06-25,280,279,2026-06-24,1
002897,2026-07-01,284,283,2026-06-30,1
002900,2026-07-16,278,277,2026-07-15,1
002900,2026-07-24,284,283,2026-07-23,2
002900,2026-07-28,286,285,2026-07-27,1
002902,2026-04-29,243,242,2026-04-28,2
002902,2026-05-11,248,247,2026-05-08,1
002902,2026-07-01,284,283,2026-06-30,1
002903,2026-04-30,227,226,2026-04-29,1
002903,2026-05-08,230,229,2026-05-07,2
002903,2026-06-03,248,247,2026-06-02,1
002903,2026-06-08,251,250,2026-06-05,1
002903,2026-06-16,257,256,2026-06-15,1
002903,2026-07-01,267,266,2026-06-30,1
002906,2026-06-18,279,278,2026-06-17,1
002907,2026-06-22,273,272,2026-06-18,1
002907,2026-07-10,287,286,2026-07-09,1
002910,2026-06-17,272,271,2026-06-16,1
002910,2026-06-23,275,274,2026-06-22,1
002910,2026-06-29,279,278,2026-06-26,1
002910,2026-07-07,285,284,2026-07-06,1
002910,2026-07-09,287,286,2026-07-08,1
002913,2026-06-12,260,259,2026-06-11,1
002913,2026-06-16,262,261,2026-06-15,1
002913,2026-07-22,287,286,2026-07-21,1
002915,2026-05-08,247,246,2026-05-07,1
002915,2026-05-18,253,252,2026-05-15,1
002915,2026-06-30,283,282,2026-06-29,1
002916,2026-05-25,254,253,2026-05-22,1
002916,2026-06-18,272,271,2026-06-17,1
002916,2026-07-10,287,286,2026-07-09,1
002918,2026-05-18,236,235,2026-05-15,6
002918,2026-05-29,245,244,2026-05-28,1
002918,2026-06-18,259,258,2026-06-17,1
002918,2026-07-28,286,285,2026-07-27,1
002919,2026-07-07,285,284,2026-07-06,1
002920,2026-05-22,284,283,2026-05-21,1
002921,2026-06-24,279,278,2026-06-23,1
002921,2026-07-01,284,283,2026-06-30,1
002922,2026-05-14,285,284,2026-05-13,1
002925,2026-06-02,247,246,2026-06-01,1
002925,2026-07-28,286,285,2026-07-27,1
002927,2026-05-19,257,256,2026-05-18,1
002927,2026-05-26,262,261,2026-05-25,1
002927,2026-05-28,264,263,2026-05-27,1
002927,2026-06-15,276,275,2026-06-12,1
002927,2026-06-17,278,277,2026-06-16,1
002928,2026-06-26,284,283,2026-06-25,1
002929,2026-05-06,228,227,2026-04-30,1
002929,2026-05-11,231,230,2026-05-08,2
002929,2026-05-14,234,233,2026-05-13,1
002929,2026-07-02,268,267,2026-07-01,2
002930,2026-05-11,250,249,2026-05-08,2
002930,2026-06-29,284,283,2026-06-26,1
002931,2026-05-25,224,223,2026-05-22,2
002931,2026-06-05,233,232,2026-06-04,1
002931,2026-06-09,235,234,2026-06-08,1
002931,2026-06-17,241,240,2026-06-16,1
002931,2026-07-01,250,249,2026-06-30,1
002931,2026-07-03,252,251,2026-07-02,1
002933,2026-06-02,283,282,2026-06-01,1
002935,2026-04-21,240,239,2026-04-20,1
002935,2026-06-15,276,275,2026-06-12,1
002938,2026-04-23,242,241,2026-04-22,1
002938,2026-05-14,254,253,2026-05-13,1
002938,2026-05-26,262,261,2026-05-25,2
002938,2026-06-18,279,278,2026-06-17,1
002940,2026-04-20,229,228,2026-04-17,2
002940,2026-05-15,245,244,2026-05-14,2
002940,2026-05-22,250,249,2026-05-21,1
002940,2026-07-02,278,277,2026-07-01,1
002940,2026-07-16,288,287,2026-07-15,1
002943,2026-05-12,252,251,2026-05-11,1
002943,2026-05-29,265,264,2026-05-28,1
002943,2026-06-25,283,282,2026-06-24,1
002947,2026-05-26,283,282,2026-05-25,1
002950,2026-04-22,241,240,2026-04-21,1
002950,2026-06-22,280,279,2026-06-18,1
002951,2026-05-08,230,229,2026-05-07,1
002951,2026-05-26,242,241,2026-05-25,1
002951,2026-05-29,245,244,2026-05-28,1
002951,2026-06-03,248,247,2026-06-02,2
002951,2026-06-05,250,249,2026-06-04,1
002951,2026-07-09,273,272,2026-07-08,2
002951,2026-07-28,286,285,2026-07-27,1
002952,2026-04-22,265,264,2026-04-21,1
002952,2026-05-22,284,283,2026-05-21,1
002953,2026-07-23,288,287,2026-07-22,1
002955,2026-06-02,260,259,2026-06-01,1
002955,2026-07-01,280,279,2026-06-30,1
002956,2026-04-30,227,226,2026-04-29,1
002957,2026-04-20,219,218,2026-04-17,1
002957,2026-05-27,243,242,2026-05-26,2
002957,2026-05-29,245,244,2026-05-28,1
002957,2026-06-03,248,247,2026-06-02,1
002960,2026-06-08,271,270,2026-06-05,1
002960,2026-06-11,274,273,2026-06-10,1
002961,2026-06-16,284,283,2026-06-15,1
002962,2026-06-03,267,266,2026-06-02,1
002962,2026-06-24,281,280,2026-06-23,1
002962,2026-06-29,284,283,2026-06-26,1
002963,2026-06-09,252,251,2026-06-08,1
002963,2026-06-23,261,260,2026-06-22,1
002965,2026-05-11,250,249,2026-05-08,1
002965,2026-06-04,268,267,2026-06-03,1
002965,2026-06-12,274,273,2026-06-11,1
002965,2026-06-29,284,283,2026-06-26,2
002969,2026-04-30,214,213,2026-04-29,1
002969,2026-06-15,239,238,2026-06-12,1
002969,2026-07-29,270,269,2026-07-28,2
002970,2026-06-10,258,257,2026-06-09,1
002970,2026-07-13,280,279,2026-07-10,1
002970,2026-07-22,287,286,2026-07-21,1
002971,2026-04-24,238,237,2026-04-23,1
002971,2026-05-12,247,246,2026-05-11,1
002971,2026-05-18,251,250,2026-05-15,2
002971,2026-05-28,259,258,2026-05-27,1
002971,2026-06-05,265,264,2026-06-04,1
002971,2026-06-15,271,270,2026-06-12,4
002971,2026-06-22,275,274,2026-06-18,1
002971,2026-07-03,284,283,2026-07-02,2
002972,2026-06-16,277,276,2026-06-15,1
002973,2026-05-15,284,283,2026-05-14,1
002975,2026-04-20,229,228,2026-04-17,1
002975,2026-05-26,252,251,2026-05-25,2
002975,2026-05-29,255,254,2026-05-28,1
002975,2026-06-03,258,257,2026-06-02,1
002975,2026-06-16,267,266,2026-06-15,1
002975,2026-06-23,271,270,2026-06-22,1
002975,2026-07-10,284,283,2026-07-09,1
002975,2026-07-15,287,286,2026-07-14,1
002976,2026-05-15,257,256,2026-05-14,1
002976,2026-05-26,264,263,2026-05-25,1
002976,2026-06-10,275,274,2026-06-09,1
002976,2026-06-15,278,277,2026-06-12,1
002976,2026-06-24,284,283,2026-06-23,1
002979,2026-05-11,231,230,2026-05-08,1
002979,2026-05-18,236,235,2026-05-15,1
002979,2026-07-06,270,269,2026-07-03,2
002980,2026-04-20,229,228,2026-04-17,1
002980,2026-05-08,240,239,2026-05-07,1
002980,2026-05-15,245,244,2026-05-14,1
002980,2026-05-19,247,246,2026-05-18,1
002980,2026-05-26,252,251,2026-05-25,2
002980,2026-06-03,258,257,2026-06-02,1
002980,2026-06-26,274,273,2026-06-25,1
002980,2026-07-16,288,287,2026-07-15,1
002981,2026-06-05,264,263,2026-06-04,1
002981,2026-07-02,282,281,2026-07-01,1
002981,2026-07-06,284,283,2026-07-03,1
002982,2026-04-22,241,240,2026-04-21,1
002982,2026-06-09,272,271,2026-06-08,1
002983,2026-06-08,271,270,2026-06-05,1
002985,2026-06-15,276,275,2026-06-12,1
002987,2026-06-08,256,255,2026-06-05,1
002987,2026-07-22,287,286,2026-07-21,1
002988,2026-05-20,252,251,2026-05-19,1
002988,2026-07-06,284,283,2026-07-03,1
002989,2026-04-29,238,237,2026-04-28,1
002989,2026-05-07,241,240,2026-05-06,2
002989,2026-06-22,272,271,2026-06-18,3
002989,2026-07-07,283,282,2026-07-06,1
002989,2026-07-13,287,286,2026-07-10,1
002990,2026-04-20,239,238,2026-04-17,4
002990,2026-04-27,244,243,2026-04-24,1
002990,2026-05-06,248,247,2026-04-30,1
002990,2026-05-08,250,249,2026-05-07,1
002990,2026-05-15,255,254,2026-05-14,1
002990,2026-06-17,278,277,2026-06-16,2
002990,2026-06-26,284,283,2026-06-25,2
002992,2026-06-16,262,261,2026-06-15,1
002992,2026-07-21,286,285,2026-07-20,1
002993,2026-05-14,254,253,2026-05-13,1
002993,2026-05-25,261,260,2026-05-22,1
002993,2026-06-10,273,272,2026-06-09,1
002993,2026-06-17,278,277,2026-06-16,1
002995,2026-06-02,247,246,2026-06-01,3
002995,2026-06-10,253,252,2026-06-09,1
002995,2026-07-03,269,268,2026-07-02,1
002995,2026-07-29,287,286,2026-07-28,1
002997,2026-05-11,251,250,2026-05-08,1
002997,2026-06-15,276,275,2026-06-12,1
002998,2026-07-03,284,283,2026-07-02,1
003001,2026-05-14,234,233,2026-05-13,1
003001,2026-07-13,275,274,2026-07-10,1
003001,2026-07-15,277,276,2026-07-14,1
003001,2026-07-20,280,279,2026-07-17,1
003001,2026-07-27,285,284,2026-07-24,2
003004,2026-05-22,253,252,2026-05-21,2
003004,2026-05-27,256,255,2026-05-26,1
003004,2026-06-02,260,259,2026-06-01,1
003004,2026-06-30,279,278,2026-06-29,1
003004,2026-07-08,285,284,2026-07-07,1
003006,2026-04-21,237,236,2026-04-20,1
003006,2026-06-30,283,282,2026-06-29,1
003007,2026-05-07,273,272,2026-05-06,1
003007,2026-05-14,278,277,2026-05-13,1
003007,2026-05-22,284,283,2026-05-21,1
003009,2026-06-09,264,263,2026-06-08,2
003009,2026-06-15,268,267,2026-06-12,1
003009,2026-07-01,279,278,2026-06-30,1
003009,2026-07-13,287,286,2026-07-10,1
003010,2026-07-16,288,287,2026-07-15,1
003011,2026-06-05,264,263,2026-06-04,1
003011,2026-07-06,284,283,2026-07-03,1
003018,2026-04-23,222,221,2026-04-22,4
003018,2026-05-19,237,236,2026-05-18,3
003018,2026-05-29,245,244,2026-05-28,1
003018,2026-06-10,253,252,2026-06-09,1
003018,2026-06-25,263,262,2026-06-24,1
003018,2026-07-10,274,273,2026-07-09,1
003019,2026-06-30,283,282,2026-06-29,1
003020,2026-07-14,276,275,2026-07-13,3
003020,2026-07-28,286,285,2026-07-27,1
003021,2026-07-06,284,283,2026-07-03,1
003022,2026-04-24,272,271,2026-04-23,1
003022,2026-05-15,284,283,2026-05-14,1
003026,2026-04-29,246,245,2026-04-28,1
003026,2026-06-11,274,273,2026-06-10,2
003028,2026-07-06,284,283,2026-07-03,1
003030,2026-06-02,247,246,2026-06-01,1
003030,2026-06-11,254,253,2026-06-10,1
003030,2026-07-03,269,268,2026-07-02,1
003030,2026-07-14,276,275,2026-07-13,1
003030,2026-07-28,286,285,2026-07-27,1
003031,2026-04-20,224,223,2026-04-17,1
003031,2026-05-12,237,236,2026-05-11,1
003031,2026-05-15,240,239,2026-05-14,1
003031,2026-06-23,266,265,2026-06-22,2
003031,2026-07-22,287,286,2026-07-21,1
003033,2026-06-29,270,269,2026-06-26,1
003033,2026-07-22,287,286,2026-07-21,1
003036,2026-04-28,225,224,2026-04-27,2
003036,2026-05-11,231,230,2026-05-08,1
003036,2026-05-21,239,238,2026-05-20,1
003036,2026-05-27,243,242,2026-05-26,2
003036,2026-05-29,245,244,2026-05-28,1
003036,2026-06-08,251,250,2026-06-05,2
003036,2026-06-10,253,252,2026-06-09,1
003036,2026-06-16,257,256,2026-06-15,1
003041,2026-05-08,257,256,2026-05-07,2
003041,2026-06-02,274,273,2026-06-01,1
003043,2026-06-05,267,266,2026-06-04,1
003043,2026-06-11,271,270,2026-06-10,1
003043,2026-06-25,280,279,2026-06-24,1
003043,2026-07-01,284,283,2026-06-30,2
600011,2026-06-02,283,282,2026-06-01,2
600021,2026-05-20,279,278,2026-05-19,1
600021,2026-05-27,284,283,2026-05-26,1
600026,2026-06-16,277,276,2026-06-15,1
600026,2026-06-18,279,278,2026-06-17,1
600026,2026-06-25,283,282,2026-06-24,1
600032,2026-04-22,226,225,2026-04-21,1
600032,2026-05-19,242,241,2026-05-18,1
600032,2026-05-29,250,249,2026-05-28,1
600032,2026-07-21,286,285,2026-07-20,1
600052,2026-04-24,243,242,2026-04-23,2
600052,2026-05-06,248,247,2026-04-30,1
600052,2026-06-17,278,277,2026-06-16,1
600058,2026-06-11,264,263,2026-06-10,1
600058,2026-06-23,271,270,2026-06-22,1
600058,2026-06-26,274,273,2026-06-25,1
600063,2026-05-29,265,264,2026-05-28,1
600063,2026-06-08,271,270,2026-06-05,1
600067,2026-06-15,276,275,2026-06-12,2
600072,2026-04-21,232,231,2026-04-20,1
600072,2026-07-13,287,286,2026-07-10,1
600076,2026-05-13,233,232,2026-05-12,3
600076,2026-06-22,260,259,2026-06-18,1
600076,2026-07-02,268,267,2026-07-01,2
600076,2026-07-29,287,286,2026-07-28,1
600078,2026-05-12,252,251,2026-05-11,2
600078,2026-06-04,269,268,2026-06-03,1
600078,2026-06-23,281,280,2026-06-22,1
600081,2026-05-18,284,283,2026-05-15,1
600088,2026-05-18,256,255,2026-05-15,1
600088,2026-06-11,274,273,2026-06-10,1
600094,2026-07-09,287,286,2026-07-08,2
600095,2026-07-20,287,286,2026-07-17,1
600096,2026-06-23,281,280,2026-06-22,1
600103,2026-04-22,257,256,2026-04-21,2
600103,2026-06-04,285,284,2026-06-03,1
600105,2026-04-23,242,241,2026-04-22,1
600105,2026-06-03,268,267,2026-06-02,1
600105,2026-06-17,278,277,2026-06-16,1
600105,2026-06-25,283,282,2026-06-24,1
600108,2026-06-12,275,274,2026-06-11,1
600110,2026-06-01,266,265,2026-05-29,2
600110,2026-06-10,273,272,2026-06-09,1
600110,2026-06-18,279,278,2026-06-17,3
600113,2026-05-07,241,240,2026-05-06,1
600113,2026-07-02,280,279,2026-07-01,3
600113,2026-07-13,287,286,2026-07-10,1
600114,2026-06-03,284,283,2026-06-02,1
600118,2026-04-21,232,231,2026-04-20,1
600118,2026-06-29,277,276,2026-06-26,1
600118,2026-07-13,287,286,2026-07-10,1
600120,2026-07-08,286,285,2026-07-07,1
600121,2026-06-04,254,253,2026-06-03,3
600121,2026-07-21,286,285,2026-07-20,1
600126,2026-04-23,227,226,2026-04-22,1
600126,2026-07-21,286,285,2026-07-20,1
600129,2026-06-30,280,279,2026-06-29,1
600129,2026-07-09,287,286,2026-07-08,1
600130,2026-05-11,282,281,2026-05-08,3
600141,2026-06-12,275,274,2026-06-11,1
600141,2026-06-26,284,283,2026-06-25,2
600143,2026-07-06,284,283,2026-07-03,1
600151,2026-05-29,284,283,2026-05-28,1
600152,2026-04-20,239,238,2026-04-17,1
600152,2026-04-29,246,245,2026-04-28,3
600152,2026-06-02,267,266,2026-06-01,1
600152,2026-06-26,284,283,2026-06-25,1
600156,2026-04-21,225,224,2026-04-20,3
600156,2026-04-30,232,231,2026-04-29,2
600156,2026-05-15,240,239,2026-05-14,2
600156,2026-05-22,245,244,2026-05-21,1
600156,2026-06-02,252,251,2026-06-01,1
600156,2026-07-03,274,273,2026-07-02,1
600160,2026-05-25,261,260,2026-05-22,1
600160,2026-06-02,267,266,2026-06-01,1
600160,2026-06-23,281,280,2026-06-22,1
600162,2026-06-01,246,245,2026-05-29,5
600162,2026-06-03,248,247,2026-06-02,1
600162,2026-06-15,256,255,2026-06-12,1
600162,2026-06-23,261,260,2026-06-22,2
600162,2026-07-20,280,279,2026-07-17,3
600171,2026-06-24,282,281,2026-06-23,1
600172,2026-05-14,248,247,2026-05-13,3
600172,2026-05-27,257,256,2026-05-26,3
600172,2026-05-29,259,258,2026-05-28,1
600172,2026-06-24,276,275,2026-06-23,2
600172,2026-07-03,283,282,2026-07-02,1
600172,2026-07-07,285,284,2026-07-06,1
600173,2026-05-27,246,245,2026-05-26,1
600173,2026-07-24,287,286,2026-07-23,1
600176,2026-05-29,245,244,2026-05-28,1
600176,2026-06-10,253,252,2026-06-09,1
600176,2026-06-16,257,256,2026-06-15,1
600176,2026-06-18,259,258,2026-06-17,1
600176,2026-06-25,263,262,2026-06-24,1
600176,2026-07-28,286,285,2026-07-27,1
600178,2026-06-12,257,256,2026-06-11,2
600178,2026-06-23,263,262,2026-06-22,1
600178,2026-07-27,287,286,2026-07-24,1
600183,2026-05-14,239,238,2026-05-13,1
600183,2026-05-19,242,241,2026-05-18,1
600183,2026-05-25,246,245,2026-05-22,1
600183,2026-05-27,248,247,2026-05-26,1
600183,2026-06-10,258,257,2026-06-09,1
600183,2026-06-16,262,261,2026-06-15,1
600183,2026-07-15,282,281,2026-07-14,1
600183,2026-07-22,287,286,2026-07-21,1
600184,2026-04-21,237,236,2026-04-20,1
600184,2026-04-23,239,238,2026-04-22,1
600184,2026-05-12,249,248,2026-05-11,1
600184,2026-06-26,281,280,2026-06-25,1
600184,2026-07-01,284,283,2026-06-30,1
600186,2026-04-24,243,242,2026-04-23,1
600186,2026-04-30,247,246,2026-04-29,1
600186,2026-05-20,258,257,2026-05-19,1
600186,2026-05-26,262,261,2026-05-25,2
600186,2026-06-10,273,272,2026-06-09,1
600186,2026-06-18,279,278,2026-06-17,2
600186,2026-06-26,284,283,2026-06-25,1
600188,2026-06-02,252,251,2026-06-01,1
600188,2026-07-21,286,285,2026-07-20,1
600191,2026-05-25,241,240,2026-05-22,1
600191,2026-07-29,287,286,2026-07-28,1
600192,2026-06-18,271,270,2026-06-17,2
600192,2026-07-13,287,286,2026-07-10,1
600198,2026-05-12,252,251,2026-05-11,1
600198,2026-06-04,269,268,2026-06-03,1
600198,2026-06-10,273,272,2026-06-09,1
600199,2026-07-02,268,267,2026-07-01,1
600199,2026-07-16,278,277,2026-07-15,1
600199,2026-07-29,287,286,2026-07-28,1
600203,2026-07-17,287,286,2026-07-16,1
600206,2026-04-21,225,224,2026-04-20,1
600206,2026-05-29,250,249,2026-05-28,1
600206,2026-06-11,259,258,2026-06-10,1
600206,2026-06-17,263,262,2026-06-16,1
600206,2026-06-23,266,265,2026-06-22,1
600206,2026-07-08,277,276,2026-07-07,1
600206,2026-07-10,279,278,2026-07-09,1
600206,2026-07-22,287,286,2026-07-21,1
600207,2026-05-08,250,249,2026-05-07,1
600207,2026-06-08,271,270,2026-06-05,1
600215,2026-07-07,285,284,2026-07-06,1
600219,2026-07-24,287,286,2026-07-23,1
600222,2026-05-11,243,242,2026-05-08,1
600222,2026-06-30,278,277,2026-06-29,1
600226,2026-06-05,270,269,2026-06-04,1
600226,2026-06-10,273,272,2026-06-09,1
600226,2026-06-16,277,276,2026-06-15,1
600226,2026-06-22,280,279,2026-06-18,1
600226,2026-06-25,283,282,2026-06-24,1
600227,2026-04-29,226,225,2026-04-28,1
600227,2026-07-16,278,277,2026-07-15,2
600227,2026-07-21,281,280,2026-07-20,2
600228,2026-06-29,259,258,2026-06-26,3
600228,2026-07-10,268,267,2026-07-09,1
600229,2026-06-11,274,273,2026-06-10,1
600229,2026-06-15,276,275,2026-06-12,1
600230,2026-07-24,287,286,2026-07-23,1
600234,2026-04-21,239,238,2026-04-20,2
600234,2026-04-23,241,240,2026-04-22,1
600234,2026-05-12,251,250,2026-05-11,2
600234,2026-05-26,261,260,2026-05-25,2
600234,2026-06-23,280,279,2026-06-22,1
600236,2026-05-12,232,231,2026-05-11,1
600236,2026-07-21,281,280,2026-07-20,2
600237,2026-05-29,265,264,2026-05-28,1
600237,2026-06-05,270,269,2026-06-04,1
600237,2026-06-16,277,276,2026-06-15,1
600237,2026-06-18,279,278,2026-06-17,1
600237,2026-06-26,284,283,2026-06-25,1
600241,2026-07-07,285,284,2026-07-06,1
600246,2026-04-28,239,238,2026-04-27,1
600246,2026-05-06,242,241,2026-04-30,1
600246,2026-05-20,252,251,2026-05-19,1
600246,2026-05-29,259,258,2026-05-28,1
600246,2026-06-05,264,263,2026-06-04,1
600246,2026-06-25,277,276,2026-06-24,1
600246,2026-07-08,286,285,2026-07-07,2
600255,2026-06-05,260,259,2026-06-04,3
600255,2026-07-15,287,286,2026-07-14,1
600257,2026-07-16,288,287,2026-07-15,1
600259,2026-05-12,252,251,2026-05-11,1
600259,2026-06-22,280,279,2026-06-18,1
600267,2026-07-21,286,285,2026-07-20,1
600268,2026-07-24,287,286,2026-07-23,1
600280,2026-06-03,268,267,2026-06-02,3
600280,2026-06-09,272,271,2026-06-08,1
600284,2026-05-08,284,283,2026-05-07,1
600288,2026-07-09,287,286,2026-07-08,3
600292,2026-06-15,276,275,2026-06-12,1
600293,2026-06-08,261,260,2026-06-05,2
600293,2026-06-16,267,266,2026-06-15,1
600293,2026-07-13,285,284,2026-07-10,1
600293,2026-07-15,287,286,2026-07-14,1
600301,2026-05-07,265,264,2026-05-06,1
600301,2026-05-27,279,278,2026-05-26,1
600301,2026-06-03,284,283,2026-06-02,2
600303,2026-05-25,241,240,2026-05-22,2
600303,2026-06-08,251,250,2026-06-05,1
600303,2026-07-29,287,286,2026-07-28,1
600310,2026-04-24,259,258,2026-04-23,1
600310,2026-05-20,274,273,2026-05-19,1
600310,2026-05-26,278,277,2026-05-25,1
600310,2026-06-04,285,284,2026-06-03,1
600322,2026-05-06,248,247,2026-04-30,1
600322,2026-06-12,275,274,2026-06-11,1
600322,2026-06-24,282,281,2026-06-23,2
600330,2026-04-21,225,224,2026-04-20,2
600330,2026-04-23,227,226,2026-04-22,1
600330,2026-05-12,237,236,2026-05-11,1
600330,2026-05-29,250,249,2026-05-28,1
600330,2026-06-10,258,257,2026-06-09,1
600330,2026-06-26,269,268,2026-06-25,1
600330,2026-07-22,287,286,2026-07-21,1
600339,2026-05-19,283,282,2026-05-18,1
600343,2026-05-11,234,233,2026-05-08,1
600343,2026-06-29,268,267,2026-06-26,1
600343,2026-07-13,278,277,2026-07-10,1
600343,2026-07-24,287,286,2026-07-23,1
600345,2026-05-11,251,250,2026-05-08,1
600345,2026-06-03,268,267,2026-06-02,1
600345,2026-06-10,273,272,2026-06-09,1
600345,2026-06-23,281,280,2026-06-22,1
600350,2026-07-09,287,286,2026-07-08,1
600352,2026-06-23,281,280,2026-06-22,1
600353,2026-05-20,251,250,2026-05-19,1
600353,2026-05-28,257,256,2026-05-27,1
600353,2026-06-05,263,262,2026-06-04,1
600353,2026-06-12,268,267,2026-06-11,1
600353,2026-06-23,274,273,2026-06-22,5
600353,2026-07-10,287,286,2026-07-09,1
600354,2026-07-15,280,279,2026-07-14,1
600354,2026-07-24,287,286,2026-07-23,1
600360,2026-05-22,244,243,2026-05-21,1
600360,2026-05-29,249,248,2026-05-28,1
600360,2026-06-03,252,251,2026-06-02,1
600360,2026-06-24,266,265,2026-06-23,1
600360,2026-07-08,276,275,2026-07-07,1
600362,2026-06-03,268,267,2026-06-02,1
600362,2026-06-16,277,276,2026-06-15,1
600362,2026-06-22,280,279,2026-06-18,1
600363,2026-07-01,284,283,2026-06-30,2
600367,2026-04-30,246,245,2026-04-29,1
600367,2026-05-27,262,261,2026-05-26,1
600367,2026-05-29,264,263,2026-05-28,1
600367,2026-06-05,269,268,2026-06-04,4
600367,2026-06-23,280,279,2026-06-22,1
600367,2026-06-29,284,283,2026-06-26,1
600375,2026-06-16,277,276,2026-06-15,1
600376,2026-05-26,242,241,2026-05-25,1
600376,2026-07-06,270,269,2026-07-03,1
600376,2026-07-13,275,274,2026-07-10,1
600376,2026-07-28,286,285,2026-07-27,1
600378,2026-05-27,260,259,2026-05-26,1
600378,2026-06-12,272,271,2026-06-11,2
600378,2026-06-18,276,275,2026-06-17,1
600378,2026-07-01,284,283,2026-06-30,2
600379,2026-05-07,232,231,2026-05-06,4
600379,2026-05-12,235,234,2026-05-11,1
600379,2026-05-14,237,236,2026-05-13,1
600379,2026-06-25,266,265,2026-06-24,2
600379,2026-07-01,270,269,2026-06-30,1
600379,2026-07-24,287,286,2026-07-23,1
600382,2026-05-22,260,259,2026-05-21,1
600382,2026-06-08,271,270,2026-06-05,1
600386,2026-05-18,284,283,2026-05-15,1
600389,2026-07-24,287,286,2026-07-23,1
600391,2026-05-11,245,244,2026-05-08,1
600391,2026-06-15,270,269,2026-06-12,1
600391,2026-07-01,281,280,2026-06-30,1
600391,2026-07-06,284,283,2026-07-03,1
600392,2026-04-30,247,246,2026-04-29,1
600392,2026-06-17,278,277,2026-06-16,1
600392,2026-06-22,280,279,2026-06-18,1
600395,2026-05-26,283,282,2026-05-25,1
600396,2026-04-24,226,225,2026-04-23,3
600396,2026-04-28,228,227,2026-04-27,1
600396,2026-05-08,233,232,2026-05-07,2
600396,2026-05-14,237,236,2026-05-13,3
600396,2026-05-26,245,244,2026-05-25,1
600396,2026-05-28,247,246,2026-05-27,1
600396,2026-06-04,252,251,2026-06-03,1
600396,2026-06-10,256,255,2026-06-09,1
600396,2026-07-21,284,283,2026-07-20,1
600396,2026-07-24,287,286,2026-07-23,2
600397,2026-04-30,247,246,2026-04-29,1
600397,2026-06-24,282,281,2026-06-23,5
600399,2026-06-22,279,278,2026-06-18,1
600400,2026-04-28,245,244,2026-04-27,1
600400,2026-05-06,248,247,2026-04-30,1
600400,2026-06-24,282,281,2026-06-23,2
600403,2026-06-09,257,256,2026-06-08,6
600403,2026-07-16,283,282,2026-07-15,2
600403,2026-07-21,286,285,2026-07-20,1
600403,2026-07-23,288,287,2026-07-22,1
600405,2026-06-24,279,278,2026-06-23,1
600405,2026-07-01,284,283,2026-06-30,1
600408,2026-06-05,284,283,2026-06-04,1
600409,2026-07-24,287,286,2026-07-23,1
600410,2026-07-13,287,286,2026-07-10,1
600416,2026-05-25,284,283,2026-05-22,1
600418,2026-04-28,225,224,2026-04-27,1
600418,2026-07-10,274,273,2026-07-09,1
600428,2026-07-13,287,286,2026-07-10,1
600436,2026-07-17,287,286,2026-07-16,1
600439,2026-06-05,284,283,2026-06-04,2
600446,2026-04-23,268,267,2026-04-22,1
600446,2026-05-19,283,282,2026-05-18,1
600449,2026-05-15,235,234,2026-05-14,1
600449,2026-07-03,269,268,2026-07-02,1
600449,2026-07-24,284,283,2026-07-23,1
600452,2026-05-20,243,242,2026-05-19,1
600452,2026-07-21,286,285,2026-07-20,1
600458,2026-06-10,273,272,2026-06-09,1
600458,2026-06-17,278,277,2026-06-16,1
600458,2026-06-26,284,283,2026-06-25,1
600459,2026-05-29,265,264,2026-05-28,1
600459,2026-06-03,268,267,2026-06-02,1
600459,2026-06-12,275,274,2026-06-11,1
600460,2026-06-16,262,261,2026-06-15,1
600460,2026-07-22,287,286,2026-07-21,1
600463,2026-06-02,283,282,2026-06-01,1
600468,2026-06-30,269,268,2026-06-29,1
600468,2026-07-24,287,286,2026-07-23,1
600470,2026-06-12,269,268,2026-06-11,1
600470,2026-06-24,276,275,2026-06-23,2
600470,2026-07-02,282,281,2026-07-01,1
600470,2026-07-07,285,284,2026-07-06,1
600475,2026-05-14,234,233,2026-05-13,1
600480,2026-05-11,246,245,2026-05-08,1
600480,2026-07-03,284,283,2026-07-02,1
600481,2026-05-15,254,253,2026-05-14,1
600481,2026-05-20,257,256,2026-05-19,1
600481,2026-06-29,284,283,2026-06-26,1
600482,2026-05-14,268,267,2026-05-13,1
600482,2026-06-05,284,283,2026-06-04,1
600487,2026-04-23,242,241,2026-04-22,1
600487,2026-06-04,269,268,2026-06-03,2
600487,2026-06-10,273,272,2026-06-09,1
600488,2026-04-29,226,225,2026-04-28,1
600488,2026-05-13,233,232,2026-05-12,2
600488,2026-06-01,246,245,2026-05-29,1
600488,2026-06-09,252,251,2026-06-08,1
600488,2026-06-24,262,261,2026-06-23,1
600488,2026-06-30,266,265,2026-06-29,1
600488,2026-07-09,273,272,2026-07-08,1
600488,2026-07-28,286,285,2026-07-27,1
600490,2026-07-03,284,283,2026-07-02,1
600497,2026-05-25,251,250,2026-05-22,1
600497,2026-06-15,266,265,2026-06-12,1
600497,2026-06-23,271,270,2026-06-22,1
600497,2026-06-25,273,272,2026-06-24,1
600497,2026-07-15,287,286,2026-07-14,1
600498,2026-05-11,284,283,2026-05-08,1
600499,2026-04-27,214,213,2026-04-24,1
600500,2026-05-14,245,244,2026-05-13,1
600500,2026-05-19,248,247,2026-05-18,1
600500,2026-06-03,259,258,2026-06-02,1
600500,2026-06-15,267,266,2026-06-12,4
600500,2026-06-17,269,268,2026-06-16,1
600500,2026-06-26,275,274,2026-06-25,1
600503,2026-05-26,278,277,2026-05-25,2
600503,2026-06-02,283,282,2026-06-01,1
600505,2026-06-04,269,268,2026-06-03,1
600505,2026-06-09,272,271,2026-06-08,1
600506,2026-05-20,258,257,2026-05-19,1
600506,2026-06-24,282,281,2026-06-23,1
600509,2026-05-15,284,283,2026-05-14,1
600510,2026-05-18,284,283,2026-05-15,1
600513,2026-07-14,276,275,2026-07-13,2
600513,2026-07-24,284,283,2026-07-23,1
600516,2026-06-04,269,268,2026-06-03,1
600516,2026-06-08,271,270,2026-06-05,1
600516,2026-06-26,284,283,2026-06-25,1
600520,2026-04-20,239,238,2026-04-17,1
600520,2026-04-22,241,240,2026-04-21,1
600520,2026-05-27,263,262,2026-05-26,2
600520,2026-06-16,277,276,2026-06-15,1
600522,2026-04-21,274,273,2026-04-20,1
600522,2026-05-08,284,283,2026-05-07,1
600527,2026-04-27,263,262,2026-04-24,1
600527,2026-05-07,268,267,2026-05-06,1
600527,2026-05-29,284,283,2026-05-28,1
600530,2026-05-14,248,247,2026-05-13,4
600530,2026-05-21,253,252,2026-05-20,1
600530,2026-05-25,255,254,2026-05-22,1
600530,2026-06-01,260,259,2026-05-29,1
600530,2026-07-06,284,283,2026-07-03,1
600531,2026-06-15,276,275,2026-06-12,1
600531,2026-06-23,281,280,2026-06-22,1
600536,2026-05-11,241,240,2026-05-08,1
600536,2026-07-14,286,285,2026-07-13,1
600539,2026-05-08,232,231,2026-05-07,1
600539,2026-05-26,244,243,2026-05-25,2
600539,2026-06-02,249,248,2026-06-01,1
600539,2026-06-09,254,253,2026-06-08,1
600539,2026-06-15,258,257,2026-06-12,1
600539,2026-06-29,267,266,2026-06-26,1
600539,2026-07-16,280,279,2026-07-15,1
600539,2026-07-27,287,286,2026-07-24,1
600540,2026-05-06,264,263,2026-04-30,1
600540,2026-06-02,283,282,2026-06-01,1
600545,2026-04-27,243,242,2026-04-24,1
600545,2026-04-30,246,245,2026-04-29,1
600545,2026-05-12,251,250,2026-05-11,2
600545,2026-05-25,260,259,2026-05-22,1
600545,2026-06-17,277,276,2026-06-16,2
600545,2026-06-22,279,278,2026-06-18,1
600545,2026-06-29,284,283,2026-06-26,1
600546,2026-06-02,283,282,2026-06-01,1
600549,2026-06-17,278,277,2026-06-16,2
600549,2026-06-23,281,280,2026-06-22,1
600550,2026-07-24,287,286,2026-07-23,1
600552,2026-04-20,224,223,2026-04-17,1
600552,2026-06-08,256,255,2026-06-05,1
600552,2026-06-18,264,263,2026-06-17,1
600552,2026-06-23,266,265,2026-06-22,1
600552,2026-06-29,270,269,2026-06-26,1
600552,2026-07-22,287,286,2026-07-21,1
600557,2026-06-30,283,282,2026-06-29,1
600563,2026-05-21,259,258,2026-05-20,2
600563,2026-05-25,261,260,2026-05-22,1
600563,2026-06-16,277,276,2026-06-15,1
600563,2026-06-25,283,282,2026-06-24,1
600567,2026-06-15,276,275,2026-06-12,1
600573,2026-06-11,274,273,2026-06-10,1
600576,2026-06-15,273,272,2026-06-12,1
600576,2026-06-30,283,282,2026-06-29,1
600578,2026-05-19,237,236,2026-05-18,4
600578,2026-05-22,240,239,2026-05-21,1
600578,2026-05-26,242,241,2026-05-25,1
600578,2026-06-04,249,248,2026-06-03,1
600578,2026-06-16,257,256,2026-06-15,1
600578,2026-07-21,281,280,2026-07-20,1
600579,2026-06-10,263,262,2026-06-09,1
600579,2026-06-18,269,268,2026-06-17,1
600579,2026-06-26,274,273,2026-06-25,1
600580,2026-07-06,270,269,2026-07-03,1
600584,2026-05-12,237,236,2026-05-11,1
600584,2026-05-27,248,247,2026-05-26,2
600584,2026-06-23,266,265,2026-06-22,1
600584,2026-06-26,269,268,2026-06-25,2
600584,2026-07-10,279,278,2026-07-09,1
600584,2026-07-22,287,286,2026-07-21,1
600588,2026-06-02,247,246,2026-06-01,1
600589,2026-05-07,268,267,2026-05-06,1
600589,2026-05-11,270,269,2026-05-08,1
600589,2026-05-29,284,283,2026-05-28,1
600592,2026-05-26,256,255,2026-05-25,1
600592,2026-07-06,284,283,2026-07-03,1
600593,2026-06-11,269,268,2026-06-10,1
600594,2026-07-23,283,282,2026-07-22,1
600594,2026-07-28,286,285,2026-07-27,1
600595,2026-07-15,287,286,2026-07-14,1
600596,2026-05-25,261,260,2026-05-22,1
600596,2026-06-02,267,266,2026-06-01,1
600596,2026-06-04,269,268,2026-06-03,1
600596,2026-06-10,273,272,2026-06-09,1
600596,2026-06-25,283,282,2026-06-24,1
600601,2026-04-21,237,236,2026-04-20,1
600601,2026-05-12,249,248,2026-05-11,1
600601,2026-05-25,258,257,2026-05-22,1
600601,2026-06-15,273,272,2026-06-12,1
600601,2026-07-01,284,283,2026-06-30,1
600602,2026-07-09,273,272,2026-07-08,1
600602,2026-07-17,279,278,2026-07-16,1
600603,2026-05-26,282,281,2026-05-25,1
600604,2026-05-21,285,284,2026-05-20,1
600610,2026-05-08,284,283,2026-05-07,1
600611,2026-05-25,244,243,2026-05-22,3
600611,2026-06-10,256,255,2026-06-09,1
600611,2026-07-17,282,281,2026-07-16,1
600611,2026-07-24,287,286,2026-07-23,1
600615,2026-05-21,259,258,2026-05-20,1
600615,2026-06-18,279,278,2026-06-17,2
600617,2026-06-02,247,246,2026-06-01,1
600617,2026-07-28,286,285,2026-07-27,2
600619,2026-07-29,287,286,2026-07-28,1
600622,2026-06-01,284,283,2026-05-29,1
600626,2026-05-20,284,283,2026-05-19,1
600629,2026-07-14,276,275,2026-07-13,2
600629,2026-07-29,287,286,2026-07-28,1
600630,2026-07-03,284,283,2026-07-02,1
600635,2026-05-27,284,283,2026-05-26,1
600637,2026-04-28,266,265,2026-04-27,1
600637,2026-05-26,283,282,2026-05-25,1
600640,2026-05-19,283,282,2026-05-18,1
600641,2026-04-20,224,223,2026-04-17,1
600641,2026-04-23,227,226,2026-04-22,1
600641,2026-06-10,258,257,2026-06-09,1
600641,2026-07-03,274,273,2026-07-02,3
600641,2026-07-22,287,286,2026-07-21,1
600644,2026-07-21,286,285,2026-07-20,2
600644,2026-07-23,288,287,2026-07-22,1
600664,2026-07-17,284,283,2026-07-16,5
600664,2026-07-22,287,286,2026-07-21,1
600665,2026-06-12,275,274,2026-06-11,2
600666,2026-05-07,280,279,2026-05-06,1
600666,2026-05-14,285,284,2026-05-13,1
600667,2026-05-13,233,232,2026-05-12,1
600667,2026-06-03,248,247,2026-06-02,1
600667,2026-06-05,250,249,2026-06-04,1
600667,2026-06-12,255,254,2026-06-11,1
600667,2026-06-22,260,259,2026-06-18,1
600667,2026-06-26,264,263,2026-06-25,2
600667,2026-07-02,268,267,2026-07-01,1
600667,2026-07-10,274,273,2026-07-09,1
600667,2026-07-22,282,281,2026-07-21,1
600667,2026-07-28,286,285,2026-07-27,1
600668,2026-06-26,284,283,2026-06-25,1
600671,2026-06-22,269,268,2026-06-18,1
600671,2026-07-14,285,284,2026-07-13,1
600673,2026-05-08,221,220,2026-05-07,2
600673,2026-06-10,244,243,2026-06-09,1
600673,2026-06-18,250,249,2026-06-17,1
600673,2026-07-02,259,258,2026-07-01,1
600676,2026-05-19,257,256,2026-05-18,1
600676,2026-06-18,279,278,2026-06-17,1
600679,2026-06-04,285,284,2026-06-03,1
600682,2026-06-10,273,272,2026-06-09,1
600683,2026-04-20,219,218,2026-04-17,3
600683,2026-04-23,222,221,2026-04-22,1
600683,2026-05-13,233,232,2026-05-12,3
600683,2026-05-25,241,240,2026-05-22,1
600683,2026-06-04,249,248,2026-06-03,1
600683,2026-07-28,286,285,2026-07-27,1
600685,2026-07-13,287,286,2026-07-10,1
600688,2026-06-05,284,283,2026-06-04,2
600693,2026-04-28,225,224,2026-04-27,1
600693,2026-06-01,246,245,2026-05-29,1
600698,2026-06-11,256,255,2026-06-10,1
600698,2026-07-27,287,286,2026-07-24,2
600703,2026-04-20,239,238,2026-04-17,1
600703,2026-04-23,242,241,2026-04-22,1
600703,2026-06-05,270,269,2026-06-04,1
600703,2026-06-17,278,277,2026-06-16,2
600703,2026-06-23,281,280,2026-06-22,1
600703,2026-06-25,283,282,2026-06-24,1
600707,2026-04-21,237,236,2026-04-20,2
600707,2026-04-28,242,241,2026-04-27,1
600707,2026-05-08,247,246,2026-05-07,1
600707,2026-05-14,251,250,2026-05-13,1
600707,2026-05-22,257,256,2026-05-21,1
600707,2026-06-18,276,275,2026-06-17,2
600707,2026-06-24,279,278,2026-06-23,1
600707,2026-07-01,284,283,2026-06-30,2
600708,2026-04-30,247,246,2026-04-29,1
600708,2026-06-24,282,281,2026-06-23,1
600714,2026-05-06,248,247,2026-04-30,2
600714,2026-05-19,257,256,2026-05-18,1
600714,2026-05-25,261,260,2026-05-22,1
600714,2026-06-08,271,270,2026-06-05,1
600719,2026-05-08,250,249,2026-05-07,2
600719,2026-05-13,253,252,2026-05-12,1
600719,2026-05-25,261,260,2026-05-22,1
600719,2026-06-10,273,272,2026-06-09,1
600719,2026-06-24,282,281,2026-06-23,1
600721,2026-06-09,252,251,2026-06-08,1
600721,2026-07-16,278,277,2026-07-15,1
600722,2026-06-12,255,254,2026-06-11,1
600722,2026-07-21,281,280,2026-07-20,2
600722,2026-07-24,284,283,2026-07-23,2
600724,2026-05-11,284,283,2026-05-08,1
600726,2026-04-29,231,230,2026-04-28,4
600726,2026-05-08,235,234,2026-05-07,1
600726,2026-05-14,239,238,2026-05-13,1
600726,2026-06-01,251,250,2026-05-29,5
600726,2026-07-21,286,285,2026-07-20,1
600726,2026-07-23,288,287,2026-07-22,1
600727,2026-04-20,255,254,2026-04-17,1
600727,2026-06-02,283,282,2026-06-01,1
600732,2026-06-11,264,263,2026-06-10,1
600732,2026-07-16,288,287,2026-07-15,1
600736,2026-04-24,277,276,2026-04-23,3
600736,2026-05-08,284,283,2026-05-07,1
600737,2026-05-14,251,250,2026-05-13,1
600737,2026-06-02,264,263,2026-06-01,1
600737,2026-07-01,284,283,2026-06-30,1
600743,2026-06-24,282,281,2026-06-23,1
600744,2026-04-29,231,230,2026-04-28,1
600744,2026-05-28,249,248,2026-05-27,1
600744,2026-07-23,288,287,2026-07-22,4
600746,2026-07-16,283,282,2026-07-15,2
600746,2026-07-21,286,285,2026-07-20,1
600748,2026-05-12,283,282,2026-05-11,2
600749,2026-07-09,287,286,2026-07-08,1
600756,2026-07-09,273,272,2026-07-08,1
600756,2026-07-21,281,280,2026-07-20,1
600756,2026-07-29,287,286,2026-07-28,1
600758,2026-05-14,270,269,2026-05-13,1
600758,2026-05-20,274,273,2026-05-19,2
600758,2026-05-28,280,279,2026-05-27,1
600758,2026-06-02,283,282,2026-06-01,1
600769,2026-05-12,246,245,2026-05-11,1
600769,2026-05-19,251,250,2026-05-18,1
600769,2026-06-02,261,260,2026-06-01,1
600769,2026-06-23,275,274,2026-06-22,2
600769,2026-07-06,284,283,2026-07-03,1
600770,2026-04-27,237,236,2026-04-24,2
600770,2026-04-29,239,238,2026-04-28,1
600770,2026-05-07,242,241,2026-05-06,1
600770,2026-07-10,287,286,2026-07-09,1
600775,2026-07-29,287,286,2026-07-28,2
600776,2026-06-08,271,270,2026-06-05,1
600777,2026-06-24,237,236,2026-06-23,1
600779,2026-05-28,285,284,2026-05-27,1
600783,2026-05-11,248,247,2026-05-08,1
600783,2026-07-02,285,284,2026-07-01,2
600784,2026-05-18,284,283,2026-05-15,1
600785,2026-07-17,287,286,2026-07-16,2
600790,2026-05-07,285,284,2026-05-06,1
600791,2026-06-04,249,248,2026-06-03,1
600791,2026-06-23,261,260,2026-06-22,1
600791,2026-07-07,271,270,2026-07-06,1
600793,2026-06-24,276,275,2026-06-23,1
600793,2026-07-08,286,285,2026-07-07,5
600797,2026-06-02,252,251,2026-06-01,1
600797,2026-07-21,286,285,2026-07-20,1
600798,2026-06-02,283,282,2026-06-01,1
600800,2026-04-21,222,221,2026-04-20,1
600800,2026-07-13,277,276,2026-07-10,1
600801,2026-07-06,284,283,2026-07-03,1
600815,2026-04-23,237,236,2026-04-22,1
600815,2026-04-28,240,239,2026-04-27,1
600815,2026-05-08,245,244,2026-05-07,1
600815,2026-07-03,284,283,2026-07-02,1
600819,2026-05-15,252,251,2026-05-14,1
600819,2026-06-08,268,267,2026-06-05,1
600819,2026-07-01,284,283,2026-06-30,1
600821,2026-05-07,234,233,2026-05-06,1
600821,2026-07-13,280,279,2026-07-10,1
600821,2026-07-21,286,285,2026-07-20,1
600825,2026-06-09,272,271,2026-06-08,1
600828,2026-06-01,280,279,2026-05-29,1
600828,2026-06-05,284,283,2026-06-04,1
600829,2026-07-16,278,277,2026-07-15,2
600829,2026-07-28,286,285,2026-07-27,1
600831,2026-05-20,278,277,2026-05-19,1
600831,2026-05-26,282,281,2026-05-25,1
600835,2026-05-20,258,257,2026-05-19,1
600835,2026-06-22,280,279,2026-06-18,1
600841,2026-06-02,261,260,2026-06-01,1
600841,2026-07-06,284,283,2026-07-03,1
600843,2026-06-11,274,273,2026-06-10,1
600843,2026-06-24,282,281,2026-06-23,1
600844,2026-07-16,278,277,2026-07-15,2
600844,2026-07-24,284,283,2026-07-23,1
600846,2026-07-01,272,271,2026-06-30,1
600846,2026-07-22,287,286,2026-07-21,1
600847,2026-05-19,237,236,2026-05-18,1
600847,2026-06-02,247,246,2026-06-01,1
600847,2026-07-28,286,285,2026-07-27,1
600850,2026-05-20,238,237,2026-05-19,2
600850,2026-07-29,287,286,2026-07-28,1
600851,2026-05-26,262,261,2026-05-25,1
600851,2026-06-24,282,281,2026-06-23,3
600854,2026-05-12,283,282,2026-05-11,1
600855,2026-05-11,284,283,2026-05-08,1
600857,2026-05-15,245,244,2026-05-14,2
600857,2026-06-01,256,255,2026-05-29,1
600857,2026-06-15,266,265,2026-06-12,1
600857,2026-06-26,274,273,2026-06-25,1
600857,2026-06-30,276,275,2026-06-29,1
600857,2026-07-02,278,277,2026-07-01,1
600857,2026-07-16,288,287,2026-07-15,1
600862,2026-06-15,276,275,2026-06-12,1
600863,2026-05-20,243,242,2026-05-19,1
600863,2026-05-26,247,246,2026-05-25,1
600863,2026-05-28,249,248,2026-05-27,1
600863,2026-06-01,251,250,2026-05-29,1
600863,2026-07-21,286,285,2026-07-20,1
600865,2026-06-01,284,283,2026-05-29,1
600867,2026-06-30,283,282,2026-06-29,1
600868,2026-06-05,284,283,2026-06-04,1
600869,2026-04-23,242,241,2026-04-22,1
600869,2026-05-13,253,252,2026-05-12,2
600869,2026-06-01,266,265,2026-05-29,1
600869,2026-06-03,268,267,2026-06-02,1
600869,2026-06-23,281,280,2026-06-22,1
600876,2026-06-18,279,278,2026-06-17,1
600877,2026-06-25,283,282,2026-06-24,1
600881,2026-04-30,234,233,2026-04-29,1
600881,2026-06-08,258,257,2026-06-05,1
600881,2026-06-11,261,260,2026-06-10,1
600881,2026-06-24,269,268,2026-06-23,1
600881,2026-07-14,283,282,2026-07-13,1
600881,2026-07-20,287,286,2026-07-17,1
600884,2026-07-22,287,286,2026-07-21,1
600888,2026-05-25,261,260,2026-05-22,1
600888,2026-06-17,278,277,2026-06-16,1
600888,2026-06-26,284,283,2026-06-25,1
600895,2026-05-21,239,238,2026-05-20,1
600895,2026-07-29,287,286,2026-07-28,1
600903,2026-05-15,255,254,2026-05-14,2
600903,2026-05-20,258,257,2026-05-19,2
600903,2026-06-10,273,272,2026-06-09,1
600903,2026-06-26,284,283,2026-06-25,1
600906,2026-06-15,276,275,2026-06-12,1
600909,2026-05-19,250,249,2026-05-18,1
600909,2026-06-25,276,275,2026-06-24,2
600909,2026-07-02,281,280,2026-07-01,1
600909,2026-07-10,287,286,2026-07-09,1
600936,2026-05-11,267,266,2026-05-08,2
600936,2026-05-20,274,273,2026-05-19,1
600936,2026-05-22,276,275,2026-05-21,1
600936,2026-06-04,285,284,2026-06-03,2
600938,2026-07-21,286,285,2026-07-20,1
600961,2026-04-22,241,240,2026-04-21,4
600961,2026-06-15,276,275,2026-06-12,1
600961,2026-06-23,281,280,2026-06-22,1
600962,2026-04-20,209,208,2026-04-17,1
600962,2026-05-21,229,228,2026-05-20,1
600962,2026-06-15,246,245,2026-06-12,1
600962,2026-06-29,255,254,2026-06-26,2
600962,2026-07-24,274,273,2026-07-23,1
600962,2026-07-28,276,275,2026-07-27,1
600969,2026-05-26,283,282,2026-05-25,1
600973,2026-06-08,271,270,2026-06-05,1
600979,2026-04-22,241,240,2026-04-21,2
600979,2026-06-01,266,265,2026-05-29,1
600979,2026-06-12,275,274,2026-06-11,1
600980,2026-07-24,287,286,2026-07-23,1
600981,2026-06-02,267,266,2026-06-01,1
600981,2026-06-11,274,273,2026-06-10,1
600982,2026-05-14,241,240,2026-05-13,1
600982,2026-05-29,252,251,2026-05-28,1
600982,2026-07-20,287,286,2026-07-17,1
600984,2026-05-11,233,232,2026-05-08,1
600984,2026-07-27,287,286,2026-07-24,2
600985,2026-05-26,247,246,2026-05-25,1
600985,2026-07-21,286,285,2026-07-20,1
600986,2026-04-24,223,222,2026-04-23,1
600988,2026-07-06,273,272,2026-07-03,2
600988,2026-07-22,285,284,2026-07-21,1
600990,2026-07-06,273,272,2026-07-03,1
600990,2026-07-24,287,286,2026-07-23,1
600992,2026-05-11,238,237,2026-05-08,1
600992,2026-05-19,244,243,2026-05-18,1
600992,2026-07-14,283,282,2026-07-13,3
600992,2026-07-20,287,286,2026-07-17,1
600996,2026-05-19,257,256,2026-05-18,1
600996,2026-05-26,262,261,2026-05-25,1
600996,2026-06-08,271,270,2026-06-05,1
601001,2026-06-02,252,251,2026-06-01,1
601001,2026-07-21,286,285,2026-07-20,1
601002,2026-07-14,286,285,2026-07-13,1
601011,2026-06-24,282,281,2026-06-23,1
601016,2026-04-24,242,241,2026-04-23,1
601016,2026-05-07,248,247,2026-05-06,1
601016,2026-05-14,253,252,2026-05-13,1
601016,2026-06-29,284,283,2026-06-26,1
601020,2026-06-17,273,272,2026-06-16,1
601020,2026-06-23,276,275,2026-06-22,1
601022,2026-06-16,277,276,2026-06-15,1
601026,2026-07-21,184,183,2026-07-20,1
601038,2026-07-22,287,286,2026-07-21,1
601061,2026-04-23,225,224,2026-04-22,1
601061,2026-07-24,287,286,2026-07-23,1
601066,2026-06-23,281,280,2026-06-22,1
601069,2026-07-06,284,283,2026-07-03,1
601086,2026-05-06,228,227,2026-04-30,1
601086,2026-06-01,246,245,2026-05-29,1
601100,2026-07-06,284,283,2026-07-03,1
601101,2026-04-24,233,232,2026-04-23,1
601101,2026-04-29,236,235,2026-04-28,1
601101,2026-05-29,255,254,2026-05-28,1
601101,2026-06-02,257,256,2026-06-01,1
601101,2026-07-07,281,280,2026-07-06,1
601101,2026-07-15,287,286,2026-07-14,1
601108,2026-06-23,281,280,2026-06-22,1
601116,2026-06-01,284,283,2026-05-29,1
601117,2026-06-18,279,278,2026-06-17,1
601121,2026-07-08,286,285,2026-07-07,1
601126,2026-05-14,280,279,2026-05-13,1
601126,2026-05-19,283,282,2026-05-18,1
601133,2026-05-19,251,250,2026-05-18,2
601133,2026-05-21,253,252,2026-05-20,1
601133,2026-06-16,271,270,2026-06-15,1
601133,2026-06-25,277,276,2026-06-24,1
601133,2026-06-30,280,279,2026-06-29,2
601137,2026-06-12,275,274,2026-06-11,1
601138,2026-05-14,285,284,2026-05-13,1
601177,2026-04-29,240,239,2026-04-28,1
601177,2026-07-06,284,283,2026-07-03,1
601179,2026-06-17,261,260,2026-06-16,2
601179,2026-06-23,264,263,2026-06-22,1
601179,2026-07-24,287,286,2026-07-23,1
601208,2026-05-08,250,249,2026-05-07,1
601208,2026-05-25,261,260,2026-05-22,1
601208,2026-06-04,269,268,2026-06-03,1
601208,2026-06-10,273,272,2026-06-09,1
601208,2026-06-17,278,277,2026-06-16,1
601218,2026-07-28,286,285,2026-07-27,1
601222,2026-05-20,284,283,2026-05-19,1
601231,2026-06-04,285,284,2026-06-03,1
601233,2026-04-30,247,246,2026-04-29,1
601233,2026-06-15,276,275,2026-06-12,1
601233,2026-06-23,281,280,2026-06-22,1
601336,2026-06-23,281,280,2026-06-22,1
601368,2026-07-07,285,284,2026-07-06,1
601369,2026-05-29,252,251,2026-05-28,1
601369,2026-07-13,272,271,2026-06-26,1
601369,2026-07-20,277,276,2026-07-17,1
601519,2026-06-23,281,280,2026-06-22,1
601566,2026-06-01,284,283,2026-05-29,1
601588,2026-05-06,248,247,2026-04-30,1
601588,2026-05-29,265,264,2026-05-28,1
601588,2026-06-09,272,271,2026-06-08,1
601595,2026-07-17,287,286,2026-07-16,1
601600,2026-05-27,284,283,2026-05-26,1
601606,2026-07-28,286,285,2026-07-27,3
601608,2026-05-26,252,251,2026-05-25,1
601608,2026-07-14,286,285,2026-07-13,2
601609,2026-05-12,252,251,2026-05-11,1
601609,2026-06-15,276,275,2026-06-12,1
601611,2026-06-30,283,282,2026-06-29,1
601636,2026-06-18,276,275,2026-06-17,3
601636,2026-06-30,283,282,2026-06-29,1
601666,2026-05-26,276,275,2026-05-25,1
601666,2026-06-05,284,283,2026-06-04,1
601678,2026-05-19,240,239,2026-05-18,2
601678,2026-06-11,257,256,2026-06-10,1
601678,2026-07-03,272,271,2026-07-02,1
601678,2026-07-24,287,286,2026-07-23,1
601686,2026-06-03,284,283,2026-06-02,1
601689,2026-07-06,284,283,2026-07-03,1
601696,2026-06-16,277,276,2026-06-15,2
601698,2026-04-21,232,231,2026-04-20,1
601698,2026-07-13,287,286,2026-07-10,1
601699,2026-06-02,283,282,2026-06-01,1
601700,2026-07-24,287,286,2026-07-23,1
601702,2026-06-01,284,283,2026-05-29,1
601778,2026-04-24,279,278,2026-04-23,1
601778,2026-05-07,285,284,2026-05-06,1
601789,2026-04-29,226,225,2026-04-28,1
601789,2026-07-28,286,285,2026-07-27,1
601798,2026-06-04,269,268,2026-06-03,1
601798,2026-06-26,284,283,2026-06-25,1
601858,2026-05-12,232,231,2026-05-11,1
601858,2026-07-13,275,274,2026-07-10,1
601868,2026-05-08,284,283,2026-05-07,1
601869,2026-06-03,268,267,2026-06-02,1
601869,2026-06-10,273,272,2026-06-09,1
601869,2026-06-24,282,281,2026-06-23,2
601872,2026-06-16,277,276,2026-06-15,1
601872,2026-06-23,281,280,2026-06-22,1
601872,2026-06-25,283,282,2026-06-24,1
601882,2026-07-01,284,283,2026-06-30,1
601898,2026-07-21,286,285,2026-07-20,1
601918,2026-06-02,283,282,2026-06-01,1
601929,2026-05-20,284,283,2026-05-19,1
601958,2026-05-27,263,262,2026-05-26,1
601958,2026-05-29,265,264,2026-05-28,1
601958,2026-06-16,277,276,2026-06-15,3
601958,2026-06-23,281,280,2026-06-22,1
601969,2026-07-15,279,278,2026-07-14,1
601975,2026-06-16,277,276,2026-06-15,1
601991,2026-05-14,239,238,2026-05-13,6
601991,2026-05-18,241,240,2026-05-15,1
601991,2026-07-02,273,272,2026-07-01,1
601991,2026-07-21,286,285,2026-07-20,1
601992,2026-05-25,284,283,2026-05-22,1
601996,2026-05-08,278,277,2026-05-07,1
601996,2026-05-18,284,283,2026-05-15,1
603001,2026-05-07,251,250,2026-05-06,1
603001,2026-05-26,264,263,2026-05-25,2
603001,2026-06-22,282,281,2026-06-18,1
603002,2026-05-08,250,249,2026-05-07,1
603002,2026-06-11,274,273,2026-06-10,2
603002,2026-06-18,279,278,2026-06-17,3
603002,2026-06-23,281,280,2026-06-22,1
603005,2026-05-21,244,243,2026-05-20,1
603005,2026-05-26,247,246,2026-05-25,1
603005,2026-06-05,255,254,2026-06-04,1
603005,2026-07-01,272,271,2026-06-30,1
603005,2026-07-10,279,278,2026-07-09,1
603005,2026-07-22,287,286,2026-07-21,1
603006,2026-05-29,284,283,2026-05-28,1
603007,2026-05-15,253,252,2026-05-14,3
603007,2026-06-16,275,274,2026-06-15,1
603007,2026-06-24,280,279,2026-06-23,1
603010,2026-05-26,262,261,2026-05-25,1
603010,2026-06-26,284,283,2026-06-25,1
603011,2026-06-02,267,266,2026-06-01,4
603011,2026-06-11,274,273,2026-06-10,1
603011,2026-06-16,277,276,2026-06-15,1
603011,2026-06-22,280,279,2026-06-18,1
603012,2026-05-11,241,240,2026-05-08,1
603012,2026-06-23,271,270,2026-06-22,1
603012,2026-07-06,280,279,2026-07-03,1
603012,2026-07-15,287,286,2026-07-14,1
603013,2026-04-30,241,240,2026-04-29,1
603013,2026-07-06,284,283,2026-07-03,1
603014,2026-06-15,251,250,2026-06-12,2
603015,2026-06-24,282,281,2026-06-23,1
603016,2026-04-22,270,269,2026-04-21,1
603016,2026-04-27,273,272,2026-04-24,1
603016,2026-05-15,284,283,2026-05-14,1
603019,2026-06-26,271,270,2026-06-25,1
603019,2026-07-01,274,273,2026-06-30,1
603020,2026-06-08,265,264,2026-06-05,1
603020,2026-06-10,267,266,2026-06-09,1
603020,2026-06-15,270,269,2026-06-12,1
603020,2026-06-18,273,272,2026-06-17,1
603020,2026-07-07,285,284,2026-07-06,1
603023,2026-05-14,284,283,2026-05-13,1
603026,2026-04-30,230,229,2026-04-29,1
603026,2026-07-24,287,286,2026-07-23,1
603028,2026-05-11,284,283,2026-05-08,1
603031,2026-04-20,219,218,2026-04-17,1
603031,2026-05-08,230,229,2026-05-07,1
603031,2026-05-19,237,236,2026-05-18,1
603031,2026-05-29,245,244,2026-05-28,1
603032,2026-05-29,262,261,2026-05-28,2
603032,2026-06-30,283,282,2026-06-29,1
603033,2026-07-01,284,283,2026-06-30,2
603036,2026-06-15,276,275,2026-06-12,1
603037,2026-05-13,279,278,2026-05-12,1
603039,2026-06-02,247,246,2026-06-01,1
603039,2026-06-10,253,252,2026-06-09,1
603040,2026-05-18,284,283,2026-05-15,1
603042,2026-06-17,263,262,2026-06-16,1
603042,2026-07-15,282,281,2026-07-14,1
603045,2026-05-12,252,251,2026-05-11,5
603045,2026-06-03,268,267,2026-06-02,2
603045,2026-06-17,278,277,2026-06-16,2
603045,2026-06-25,283,282,2026-06-24,1
603048,2026-06-08,271,270,2026-06-05,1
603050,2026-05-29,248,247,2026-05-28,1
603050,2026-07-24,287,286,2026-07-23,1
603051,2026-07-06,284,283,2026-07-03,1
603052,2026-04-21,240,239,2026-04-20,3
603052,2026-05-15,255,254,2026-05-14,3
603052,2026-06-16,277,276,2026-06-15,1
603057,2026-04-21,220,219,2026-04-20,1
603060,2026-04-27,262,261,2026-04-24,2
603060,2026-05-19,275,274,2026-05-18,1
603060,2026-06-01,284,283,2026-05-29,1
603061,2026-05-13,238,237,2026-05-12,2
603061,2026-05-21,244,243,2026-05-20,1
603061,2026-06-25,268,267,2026-06-24,1
603061,2026-07-01,272,271,2026-06-30,2
603061,2026-07-10,279,278,2026-07-09,1
603061,2026-07-22,287,286,2026-07-21,1
603063,2026-04-20,239,238,2026-04-17,1
603063,2026-05-07,249,248,2026-05-06,1
603063,2026-05-12,252,251,2026-05-11,1
603063,2026-05-14,254,253,2026-05-13,1
603063,2026-06-26,284,283,2026-06-25,1
603065,2026-06-04,259,258,2026-06-03,1
603065,2026-06-08,261,260,2026-06-05,1
603065,2026-06-11,264,263,2026-06-10,2
603065,2026-06-15,266,265,2026-06-12,1
603065,2026-06-23,271,270,2026-06-22,1
603065,2026-06-26,274,273,2026-06-25,1
603065,2026-07-08,282,281,2026-07-07,1
603065,2026-07-15,287,286,2026-07-14,2
603067,2026-05-08,230,229,2026-05-07,1
603067,2026-05-20,238,237,2026-05-19,1
603067,2026-06-05,250,249,2026-06-04,1
603067,2026-06-23,261,260,2026-06-22,1
603067,2026-06-26,264,263,2026-06-25,1
603067,2026-07-01,267,266,2026-06-30,1
603067,2026-07-07,271,270,2026-07-06,1
603068,2026-07-27,285,284,2026-07-24,1
603069,2026-05-14,285,284,2026-05-13,1
603070,2026-05-14,254,253,2026-05-13,2
603070,2026-06-08,271,270,2026-06-05,1
603070,2026-06-16,277,276,2026-06-15,1
603077,2026-07-15,287,286,2026-07-14,1
603078,2026-05-18,248,247,2026-05-15,1
603078,2026-06-08,263,262,2026-06-05,1
603078,2026-06-17,270,269,2026-06-16,1
603078,2026-07-01,279,278,2026-06-30,1
603082,2026-05-20,238,237,2026-05-19,4
603082,2026-06-23,261,260,2026-06-22,2
603082,2026-07-24,284,283,2026-07-23,1
603082,2026-07-28,286,285,2026-07-27,1
603083,2026-04-20,239,238,2026-04-17,1
603083,2026-04-30,247,246,2026-04-29,1
603083,2026-05-26,262,261,2026-05-25,1
603083,2026-06-16,277,276,2026-06-15,1
603083,2026-06-23,281,280,2026-06-22,1
603083,2026-06-25,283,282,2026-06-24,1
603085,2026-06-16,277,276,2026-06-15,1
603090,2026-05-21,253,252,2026-05-20,1
603090,2026-06-05,264,263,2026-06-04,1
603090,2026-07-07,285,284,2026-07-06,1
603093,2026-05-15,255,254,2026-05-14,2
603093,2026-06-16,277,276,2026-06-15,1
603095,2026-05-06,282,281,2026-04-30,4
603095,2026-05-08,284,283,2026-05-07,1
603097,2026-07-28,286,285,2026-07-27,1
603106,2026-06-24,262,261,2026-06-23,1
603108,2026-04-21,228,227,2026-04-20,1
603108,2026-05-20,246,245,2026-05-19,1
603108,2026-07-17,287,286,2026-07-16,1
603109,2026-06-04,285,284,2026-06-03,1
603110,2026-04-28,225,224,2026-04-27,1
603110,2026-05-14,234,233,2026-05-13,1
603110,2026-05-29,245,244,2026-05-28,1
603110,2026-07-13,275,274,2026-07-10,1
603110,2026-07-28,286,285,2026-07-27,1
603115,2026-04-23,222,221,2026-04-22,2
603115,2026-05-07,229,228,2026-05-06,1
603115,2026-05-20,238,237,2026-05-19,2
603115,2026-05-25,241,240,2026-05-22,1
603115,2026-05-28,244,243,2026-05-27,1
603115,2026-06-18,259,258,2026-06-17,3
603115,2026-06-26,264,263,2026-06-25,1
603115,2026-07-28,286,285,2026-07-27,1
603116,2026-06-24,282,281,2026-06-23,1
603118,2026-04-20,219,218,2026-04-17,1
603118,2026-05-15,235,234,2026-05-14,1
603118,2026-07-01,267,266,2026-06-30,1
603118,2026-07-07,271,270,2026-07-06,1
603118,2026-07-20,280,279,2026-07-17,1
603118,2026-07-23,283,282,2026-07-22,2
603120,2026-05-14,234,233,2026-05-13,1
603120,2026-06-04,249,248,2026-06-03,1
603120,2026-06-15,256,255,2026-06-12,1
603120,2026-07-02,268,267,2026-07-01,2
603120,2026-07-14,276,275,2026-07-13,1
603121,2026-05-19,263,262,2026-05-18,1
603121,2026-06-02,273,272,2026-06-01,1
603122,2026-06-24,279,278,2026-06-23,1
603123,2026-07-22,287,286,2026-07-21,1
603124,2026-06-08,256,255,2026-06-05,1
603124,2026-06-10,258,257,2026-06-09,1
603124,2026-06-22,265,264,2026-06-18,1
603124,2026-07-22,287,286,2026-07-21,1
603125,2026-04-28,242,241,2026-04-27,1
603125,2026-06-17,275,274,2026-06-16,1
603125,2026-07-01,284,283,2026-06-30,1
603126,2026-05-14,285,284,2026-05-13,1
603127,2026-05-22,250,249,2026-05-21,1
603127,2026-06-22,270,269,2026-06-18,1
603127,2026-07-13,285,284,2026-07-10,1
603127,2026-07-16,288,287,2026-07-15,1
603130,2026-04-21,230,229,2026-04-20,1
603130,2026-07-01,277,276,2026-06-30,1
603130,2026-07-16,288,287,2026-07-15,1
603135,2026-06-09,267,266,2026-06-08,4
603135,2026-07-03,284,283,2026-07-02,1
603137,2026-07-10,264,263,2026-07-09,8
603137,2026-07-16,268,267,2026-07-15,3
603138,2026-06-02,283,282,2026-06-01,1
603139,2026-04-30,227,226,2026-04-29,1
603139,2026-06-18,259,258,2026-06-17,1
603150,2026-05-12,252,251,2026-05-11,1
603150,2026-06-10,273,272,2026-06-09,1
603151,2026-07-13,279,278,2026-07-10,1
603155,2026-06-12,267,266,2026-06-11,2
603155,2026-06-30,278,277,2026-06-29,2
603155,2026-07-07,283,282,2026-07-06,1
603155,2026-07-13,287,286,2026-07-10,1
603156,2026-05-07,242,241,2026-05-06,1
603156,2026-05-14,247,246,2026-05-13,1
603156,2026-05-19,250,249,2026-05-18,1
603156,2026-07-10,287,286,2026-07-09,1
603158,2026-05-08,284,283,2026-05-07,2
603159,2026-06-08,271,270,2026-06-05,1
603160,2026-06-11,274,273,2026-06-10,1
603161,2026-06-02,247,246,2026-06-01,1
603161,2026-07-20,280,279,2026-07-17,1
603161,2026-07-22,282,281,2026-07-21,1
603162,2026-05-07,234,233,2026-05-06,1
603162,2026-07-13,280,279,2026-07-10,1
603162,2026-07-23,288,287,2026-07-22,1
603163,2026-05-20,238,237,2026-05-19,1
603163,2026-06-10,253,252,2026-06-09,1
603163,2026-06-30,266,265,2026-06-29,2
603165,2026-07-06,284,283,2026-07-03,1
603166,2026-06-08,271,270,2026-06-05,1
603166,2026-06-17,278,277,2026-06-16,1
603169,2026-06-17,278,277,2026-06-16,1
603171,2026-06-02,247,246,2026-06-01,1
603175,2026-06-17,156,155,2026-06-16,1
603177,2026-06-22,280,279,2026-06-18,1
603178,2026-04-22,221,220,2026-04-21,3
603178,2026-05-06,228,227,2026-04-30,1
603178,2026-05-20,238,237,2026-05-19,1
603178,2026-07-06,270,269,2026-07-03,1
603178,2026-07-08,272,271,2026-07-07,1
603178,2026-07-17,279,278,2026-07-16,1
603179,2026-05-08,284,283,2026-05-07,1
603180,2026-06-15,276,275,2026-06-12,1
603183,2026-07-09,287,286,2026-07-08,1
603186,2026-05-13,243,242,2026-05-12,1
603186,2026-05-21,249,248,2026-05-20,1
603186,2026-05-25,251,250,2026-05-22,1
603186,2026-06-10,263,262,2026-06-09,2
603186,2026-06-18,269,268,2026-06-17,3
603186,2026-07-15,287,286,2026-07-14,1
603191,2026-05-19,240,239,2026-05-18,1
603191,2026-06-17,261,260,2026-06-16,1
603191,2026-07-24,287,286,2026-07-23,1
603192,2026-07-16,283,282,2026-07-15,1
603192,2026-07-22,287,286,2026-07-21,1
603193,2026-06-02,283,282,2026-06-01,1
603194,2026-06-29,284,283,2026-06-26,1
603196,2026-06-17,268,267,2026-06-16,1
603196,2026-07-16,288,287,2026-07-15,1
603197,2026-07-15,287,286,2026-07-14,1
603201,2026-06-22,270,269,2026-06-18,1
603201,2026-07-07,281,280,2026-07-06,1
603201,2026-07-15,287,286,2026-07-14,1
603203,2026-04-20,239,238,2026-04-17,1
603203,2026-05-14,254,253,2026-05-13,2
603203,2026-05-26,262,261,2026-05-25,1
603203,2026-06-25,283,282,2026-06-24,1
603206,2026-05-20,258,257,2026-05-19,2
603206,2026-06-09,272,271,2026-06-08,1
603210,2026-06-05,270,269,2026-06-04,1
603210,2026-06-24,282,281,2026-06-23,1
603211,2026-04-28,237,236,2026-04-27,1
603211,2026-05-13,245,244,2026-05-12,1
603211,2026-06-10,265,264,2026-06-09,1
603211,2026-06-22,272,271,2026-06-18,1
603211,2026-07-01,279,278,2026-06-30,1
603211,2026-07-07,283,282,2026-07-06,2
603211,2026-07-13,287,286,2026-07-10,1
603212,2026-07-02,271,270,2026-07-01,2
603212,2026-07-24,287,286,2026-07-23,1
603216,2026-05-14,276,275,2026-05-13,1
603220,2026-04-24,243,242,2026-04-23,1
603220,2026-06-11,274,273,2026-06-10,1
603221,2026-07-07,271,270,2026-07-06,1
603222,2026-07-01,277,276,2026-06-30,2
603222,2026-07-10,284,283,2026-07-09,1
603222,2026-07-15,287,286,2026-07-14,1
603223,2026-05-25,253,252,2026-05-22,1
603223,2026-06-22,272,271,2026-06-18,1
603223,2026-07-13,287,286,2026-07-10,1
603225,2026-06-15,276,275,2026-06-12,1
603226,2026-05-08,243,242,2026-05-07,1
603226,2026-07-01,280,279,2026-06-30,1
603228,2026-04-28,225,224,2026-04-27,1
603228,2026-05-25,241,240,2026-05-22,1
603228,2026-07-28,286,285,2026-07-27,1
603232,2026-05-25,241,240,2026-05-22,1
603232,2026-07-29,287,286,2026-07-28,1
603236,2026-06-04,261,260,2026-06-03,1
603236,2026-07-01,279,278,2026-06-30,1
603236,2026-07-13,287,286,2026-07-10,1
603256,2026-04-30,227,226,2026-04-29,1
603256,2026-05-08,230,229,2026-05-07,2
603256,2026-05-26,242,241,2026-05-25,2
603256,2026-05-29,245,244,2026-05-28,1
603256,2026-06-17,258,257,2026-06-16,2
603256,2026-07-22,282,281,2026-07-21,1
603256,2026-07-28,286,285,2026-07-27,1
603260,2026-06-10,273,272,2026-06-09,1
603260,2026-06-17,278,277,2026-06-16,1
603261,2026-06-22,259,258,2026-06-18,2
603261,2026-06-29,264,263,2026-06-26,1
603261,2026-07-03,268,267,2026-07-02,1
603267,2026-05-25,261,260,2026-05-22,1
603267,2026-05-29,265,264,2026-05-28,1
603267,2026-06-03,268,267,2026-06-02,1
603267,2026-06-16,277,276,2026-06-15,1
603267,2026-06-26,284,283,2026-06-25,1
603268,2026-04-21,233,232,2026-04-20,1
603268,2026-07-07,284,283,2026-07-06,1
603269,2026-05-07,243,242,2026-05-06,1
603269,2026-05-13,247,246,2026-05-12,2
603269,2026-05-25,255,254,2026-05-22,1
603269,2026-07-07,285,284,2026-07-06,1
603270,2026-06-08,263,262,2026-06-05,1
603270,2026-06-29,277,276,2026-06-26,1
603270,2026-07-13,287,286,2026-07-10,1
603271,2026-06-17,278,277,2026-06-16,1
603273,2026-07-03,284,283,2026-07-02,1
603275,2026-05-12,283,282,2026-05-11,1
603278,2026-04-20,233,232,2026-04-17,1
603278,2026-05-11,245,244,2026-05-08,3
603278,2026-05-18,250,249,2026-05-15,1
603278,2026-06-09,266,265,2026-06-08,1
603278,2026-07-06,284,283,2026-07-03,1
603283,2026-04-29,243,242,2026-04-28,1
603283,2026-06-18,276,275,2026-06-17,1
603283,2026-06-30,283,282,2026-06-29,1
603285,2026-05-14,248,247,2026-05-13,1
603285,2026-06-18,273,272,2026-06-17,1
603285,2026-07-09,287,286,2026-07-08,1
603286,2026-06-05,250,249,2026-06-04,1
603286,2026-07-06,270,269,2026-07-03,2
603286,2026-07-13,275,274,2026-07-10,1
603290,2026-05-14,251,250,2026-05-13,1
603290,2026-07-01,284,283,2026-06-30,1
603296,2026-06-02,252,251,2026-06-01,1
603296,2026-07-09,278,277,2026-07-08,1
603296,2026-07-23,288,287,2026-07-22,1
603297,2026-06-25,263,262,2026-06-24,1
603297,2026-07-29,287,286,2026-07-28,1
603303,2026-05-12,246,245,2026-05-11,1
603303,2026-05-19,251,250,2026-05-18,1
603303,2026-05-26,256,255,2026-05-25,1
603303,2026-06-01,260,259,2026-05-29,1
603303,2026-06-10,267,266,2026-06-09,1
603303,2026-07-06,284,283,2026-07-03,1
603306,2026-05-08,225,224,2026-05-07,1
603306,2026-07-22,277,276,2026-07-21,1
603310,2026-05-18,284,283,2026-05-15,1
603311,2026-05-20,238,237,2026-05-19,3
603311,2026-06-04,249,248,2026-06-03,2
603311,2026-07-22,282,281,2026-07-21,1
603313,2026-06-22,270,269,2026-06-18,1
603313,2026-06-26,274,273,2026-06-25,1
603313,2026-07-09,283,282,2026-07-08,1
603313,2026-07-14,286,285,2026-07-13,1
603315,2026-04-20,219,218,2026-04-17,2
603315,2026-04-24,223,222,2026-04-23,1
603315,2026-05-08,230,229,2026-05-07,1
603315,2026-06-12,255,254,2026-06-11,1
603315,2026-07-28,286,285,2026-07-27,1
603316,2026-05-08,230,229,2026-05-07,2
603316,2026-05-22,240,239,2026-05-21,4
603317,2026-04-30,247,246,2026-04-29,2
603317,2026-06-25,283,282,2026-06-24,1
603318,2026-04-21,223,222,2026-04-20,1
603318,2026-04-29,229,228,2026-04-28,5
603318,2026-06-12,258,257,2026-06-11,1
603318,2026-06-17,261,260,2026-06-16,1
603318,2026-06-24,265,264,2026-06-23,1
603318,2026-06-30,269,268,2026-06-29,1
603318,2026-07-14,279,278,2026-07-13,1
603318,2026-07-24,287,286,2026-07-23,1
603319,2026-06-04,285,284,2026-06-03,1
603320,2026-05-13,284,283,2026-05-12,1
603322,2026-07-01,279,278,2026-06-30,1
603322,2026-07-13,287,286,2026-07-10,1
603324,2026-05-21,259,258,2026-05-20,1
603324,2026-06-01,266,265,2026-05-29,2
603324,2026-06-12,275,274,2026-06-11,1
603324,2026-06-22,280,279,2026-06-18,2
603324,2026-06-25,283,282,2026-06-24,1
603327,2026-06-16,265,264,2026-06-15,1
603327,2026-07-06,278,277,2026-07-03,1
603327,2026-07-17,287,286,2026-07-16,1
603329,2026-07-10,287,286,2026-07-09,1
603330,2026-06-05,250,249,2026-06-04,4
603330,2026-06-10,253,252,2026-06-09,1
603330,2026-07-02,268,267,2026-07-01,1
603330,2026-07-28,286,285,2026-07-27,1
603331,2026-05-13,236,235,2026-05-12,1
603331,2026-07-24,287,286,2026-07-23,1
603333,2026-05-18,282,281,2026-05-15,1
603333,2026-05-20,284,283,2026-05-19,1
603335,2026-04-22,238,237,2026-04-21,1
603335,2026-05-28,261,260,2026-05-27,1
603335,2026-06-10,270,269,2026-06-09,1
603335,2026-06-16,274,273,2026-06-15,2
603335,2026-06-24,279,278,2026-06-23,1
603335,2026-06-26,281,280,2026-06-25,1
603335,2026-07-01,284,283,2026-06-30,1
603336,2026-04-29,221,220,2026-04-28,1
603336,2026-06-30,261,260,2026-06-29,1
603336,2026-07-16,273,272,2026-07-15,1
603337,2026-07-03,269,268,2026-07-02,1
603338,2026-04-29,240,239,2026-04-28,1
603338,2026-07-06,284,283,2026-07-03,2
603339,2026-07-09,287,286,2026-07-08,1
603341,2026-06-02,283,282,2026-06-01,1
603344,2026-05-15,271,270,2026-05-14,1
603344,2026-06-02,283,282,2026-06-01,1
603353,2026-04-30,266,265,2026-04-29,1
603353,2026-05-07,268,267,2026-05-06,1
603353,2026-05-21,278,277,2026-05-20,1
603353,2026-05-27,282,281,2026-05-26,1
603353,2026-05-29,284,283,2026-05-28,1
603355,2026-06-12,275,274,2026-06-11,1
603356,2026-07-08,286,285,2026-07-07,1
603358,2026-05-19,237,236,2026-05-18,1
603358,2026-06-22,260,259,2026-06-18,1
603358,2026-07-29,287,286,2026-07-28,2
603360,2026-05-06,248,247,2026-04-30,1
603360,2026-05-19,257,256,2026-05-18,1
603360,2026-05-26,262,261,2026-05-25,1
603360,2026-06-08,271,270,2026-06-05,1
603363,2026-05-18,283,282,2026-05-15,1
603366,2026-07-01,284,283,2026-06-30,1
603367,2026-07-15,287,286,2026-07-14,1
603370,2026-05-18,163,162,2026-05-15,1
603373,2026-05-11,251,250,2026-05-08,1
603373,2026-05-22,260,259,2026-05-21,1
603373,2026-06-03,268,267,2026-06-02,1
603373,2026-06-16,277,276,2026-06-15,1
603375,2026-05-06,228,227,2026-04-30,1
603375,2026-05-21,239,238,2026-05-20,1
603375,2026-06-11,254,253,2026-06-10,1
603375,2026-07-07,271,270,2026-07-06,1
603379,2026-05-25,258,257,2026-05-22,1
603379,2026-07-02,285,284,2026-07-01,2
603380,2026-05-20,252,251,2026-05-19,1
603380,2026-06-23,275,274,2026-06-22,2
603380,2026-07-09,287,286,2026-07-08,1
603386,2026-05-18,256,255,2026-05-15,1
603386,2026-06-25,283,282,2026-06-24,1
603387,2026-07-16,288,287,2026-07-15,1
603389,2026-07-29,264,263,2026-07-28,2
603390,2026-04-27,272,271,2026-04-24,2
603390,2026-05-18,284,283,2026-05-15,1
603391,2026-07-22,287,286,2026-07-21,1
603399,2026-05-07,229,228,2026-05-06,4
603399,2026-06-12,255,254,2026-06-11,1
603399,2026-06-23,261,260,2026-06-22,1
603399,2026-06-25,263,262,2026-06-24,1
603399,2026-07-24,284,283,2026-07-23,1
603400,2026-05-11,213,212,2026-05-08,1
603400,2026-07-24,266,265,2026-07-23,1
603402,2026-07-28,134,133,2026-07-27,1
603407,2026-06-02,16,15,2026-06-01,1
603407,2026-06-17,27,26,2026-06-16,2
603407,2026-06-25,32,31,2026-06-24,4
603407,2026-07-17,48,47,2026-07-16,1
603407,2026-07-23,52,51,2026-07-22,2
603416,2026-07-03,284,283,2026-07-02,1
603435,2026-06-01,6,5,2026-05-29,1
603435,2026-06-05,10,9,2026-06-04,1
603435,2026-06-30,26,25,2026-06-29,1
603435,2026-07-22,42,41,2026-07-21,1
603435,2026-07-28,46,45,2026-07-27,1
603439,2026-05-25,279,278,2026-05-22,1
603439,2026-06-01,284,283,2026-05-29,1
603458,2026-05-29,265,264,2026-05-28,1
603458,2026-06-16,277,276,2026-06-15,1
603458,2026-06-18,279,278,2026-06-17,1
603459,2026-05-12,21,20,2026-05-11,3
603459,2026-05-25,30,29,2026-05-22,1
603459,2026-06-26,53,52,2026-06-25,1
603459,2026-07-01,56,55,2026-06-30,2
603459,2026-07-28,75,74,2026-07-27,1
603466,2026-05-20,238,237,2026-05-19,1
603466,2026-06-24,262,261,2026-06-23,1
603466,2026-07-06,270,269,2026-07-03,1
603466,2026-07-15,277,276,2026-07-14,1
603477,2026-06-30,280,279,2026-06-29,1
603477,2026-07-07,285,284,2026-07-06,1
603488,2026-06-18,262,261,2026-06-17,1
603488,2026-07-24,287,286,2026-07-23,1
603489,2026-04-21,230,229,2026-04-20,1
603489,2026-04-30,237,236,2026-04-29,1
603489,2026-07-15,287,286,2026-07-14,1
603496,2026-04-23,221,220,2026-04-22,1
603496,2026-07-09,272,271,2026-07-08,1
603496,2026-07-17,278,277,2026-07-16,1
603499,2026-05-12,232,231,2026-05-11,1
603499,2026-06-16,257,256,2026-06-15,1
603499,2026-07-02,268,267,2026-07-01,1
603500,2026-06-09,272,271,2026-06-08,3
603500,2026-06-26,284,283,2026-06-25,1
603505,2026-05-18,251,250,2026-05-15,1
603505,2026-07-03,284,283,2026-07-02,2
603507,2026-07-28,286,285,2026-07-27,1
603516,2026-04-30,232,231,2026-04-29,1
603516,2026-06-05,255,254,2026-06-04,1
603516,2026-06-17,263,262,2026-06-16,2
603516,2026-06-30,271,270,2026-06-29,1
603516,2026-07-15,282,281,2026-07-14,1
603516,2026-07-22,287,286,2026-07-21,1
603519,2026-06-15,276,275,2026-06-12,1
603520,2026-04-27,272,271,2026-04-24,1
603520,2026-05-18,284,283,2026-05-15,1
603527,2026-05-29,265,264,2026-05-28,1
603527,2026-06-26,284,283,2026-06-25,1
603528,2026-06-15,276,275,2026-06-12,1
603533,2026-05-28,244,243,2026-05-27,1
603533,2026-06-02,247,246,2026-06-01,1
603533,2026-06-23,261,260,2026-06-22,1
603533,2026-07-21,281,280,2026-07-20,1
603535,2026-05-14,285,284,2026-05-13,1
603538,2026-04-24,233,232,2026-04-23,1
603538,2026-05-28,254,253,2026-05-27,1
603538,2026-07-03,279,278,2026-07-02,2
603538,2026-07-13,285,284,2026-07-10,1
603538,2026-07-16,288,287,2026-07-15,1
603556,2026-07-13,275,274,2026-07-10,1
603559,2026-07-06,268,267,2026-07-03,2
603559,2026-07-13,273,272,2026-07-10,1
603567,2026-07-02,268,267,2026-07-01,1
603567,2026-07-20,280,279,2026-07-17,2
603567,2026-07-24,284,283,2026-07-23,1
603567,2026-07-28,286,285,2026-07-27,1
603577,2026-07-01,277,276,2026-06-30,1
603577,2026-07-15,287,286,2026-07-14,1
603578,2026-05-28,256,255,2026-05-27,1
603578,2026-06-08,263,262,2026-06-05,1
603578,2026-07-13,287,286,2026-07-10,1
603580,2026-07-06,269,268,2026-07-03,2
603580,2026-07-20,274,273,2026-07-17,4
603580,2026-07-23,277,276,2026-07-22,1
603580,2026-07-27,279,278,2026-07-24,1
603588,2026-06-23,281,280,2026-06-22,1
603590,2026-05-22,284,283,2026-05-21,1
603596,2026-07-06,284,283,2026-07-03,1
603598,2026-05-08,230,229,2026-05-07,1
603598,2026-05-18,236,235,2026-05-15,1
603598,2026-06-02,247,246,2026-06-01,1
603601,2026-05-19,257,256,2026-05-18,1
603601,2026-05-29,265,264,2026-05-28,1
603601,2026-06-18,279,278,2026-06-17,1
603606,2026-04-23,239,238,2026-04-22,1
603606,2026-06-30,283,282,2026-06-29,1
603607,2026-06-23,261,260,2026-06-22,1
603607,2026-07-01,267,266,2026-06-30,1
603607,2026-07-28,286,285,2026-07-27,1
603608,2026-05-20,233,232,2026-05-19,1
603608,2026-05-27,238,237,2026-05-26,1
603608,2026-07-03,264,263,2026-07-02,1
603608,2026-07-28,281,280,2026-07-27,1
603610,2026-04-28,225,224,2026-04-27,1
603610,2026-05-15,235,234,2026-05-14,1
603610,2026-06-05,250,249,2026-06-04,1
603610,2026-07-21,281,280,2026-07-20,1
603610,2026-07-28,286,285,2026-07-27,1
603616,2026-06-01,256,255,2026-05-29,1
603616,2026-06-10,263,262,2026-06-09,2
603616,2026-06-22,270,269,2026-06-18,1
603618,2026-04-24,243,242,2026-04-23,2
603618,2026-05-11,251,250,2026-05-08,3
603618,2026-05-21,259,258,2026-05-20,1
603618,2026-06-01,266,265,2026-05-29,1
603618,2026-06-18,279,278,2026-06-17,3
603619,2026-07-15,280,279,2026-07-14,1
603619,2026-07-21,284,283,2026-07-20,1
603619,2026-07-24,287,286,2026-07-23,2
603629,2026-04-20,219,218,2026-04-17,1
603629,2026-05-07,229,228,2026-05-06,4
603629,2026-05-14,234,233,2026-05-13,1
603629,2026-06-16,257,256,2026-06-15,1
603629,2026-06-23,261,260,2026-06-22,1
603629,2026-07-23,283,282,2026-07-22,2
603630,2026-06-24,262,261,2026-06-23,1
603630,2026-07-28,286,285,2026-07-27,1
603633,2026-05-28,285,284,2026-05-27,1
603636,2026-05-11,251,250,2026-05-08,2
603636,2026-05-20,258,257,2026-05-19,1
603636,2026-06-11,274,273,2026-06-10,1
603637,2026-04-23,222,221,2026-04-22,1
603637,2026-06-18,259,258,2026-06-17,1
603638,2026-07-03,284,283,2026-07-02,1
603650,2026-06-25,280,279,2026-06-24,1
603650,2026-06-30,283,282,2026-06-29,2
603656,2026-06-04,285,284,2026-06-03,1
603657,2026-04-28,225,224,2026-04-27,1
603657,2026-05-19,237,236,2026-05-18,1
603657,2026-06-12,255,254,2026-06-11,1
603657,2026-07-01,267,266,2026-06-30,1
603657,2026-07-16,278,277,2026-07-15,1
603657,2026-07-28,286,285,2026-07-27,1
603660,2026-07-28,286,285,2026-07-27,1
603661,2026-05-26,256,255,2026-05-25,3
603661,2026-06-11,268,267,2026-06-10,1
603661,2026-06-23,275,274,2026-06-22,1
603661,2026-06-26,278,277,2026-06-25,1
603661,2026-07-09,287,286,2026-07-08,1
603662,2026-07-01,284,283,2026-06-30,1
603663,2026-05-21,244,243,2026-05-20,1
603663,2026-05-26,247,246,2026-05-25,2
603663,2026-05-28,249,248,2026-05-27,1
603663,2026-06-04,254,253,2026-06-03,1
603663,2026-06-10,258,257,2026-06-09,1
603663,2026-06-17,263,262,2026-06-16,1
603663,2026-06-23,266,265,2026-06-22,2
603663,2026-07-22,287,286,2026-07-21,1
603666,2026-07-02,281,280,2026-07-01,1
603666,2026-07-10,287,286,2026-07-09,1
603667,2026-05-11,284,283,2026-05-08,1
603668,2026-06-23,281,280,2026-06-22,1
603669,2026-06-09,262,261,2026-06-08,1
603669,2026-06-24,272,271,2026-06-23,1
603669,2026-07-14,286,285,2026-07-13,1
603677,2026-05-18,246,245,2026-05-15,1
603677,2026-07-14,286,285,2026-07-13,1
603678,2026-05-25,246,245,2026-05-22,1
603678,2026-05-29,250,249,2026-05-28,1
603678,2026-06-03,253,252,2026-06-02,2
603678,2026-06-12,260,259,2026-06-11,1
603678,2026-06-16,262,261,2026-06-15,1
603678,2026-06-26,269,268,2026-06-25,2
603678,2026-07-22,287,286,2026-07-21,1
603679,2026-05-14,254,253,2026-05-13,1
603679,2026-06-22,280,279,2026-06-18,1
603680,2026-04-27,227,226,2026-04-24,1
603680,2026-07-24,287,286,2026-07-23,1
603681,2026-06-16,277,276,2026-06-15,1
603682,2026-05-13,233,232,2026-05-12,1
603682,2026-05-29,245,244,2026-05-28,1
603682,2026-07-02,268,267,2026-07-01,1
603685,2026-05-27,284,283,2026-05-26,1
603687,2026-05-06,247,246,2026-04-30,1
603687,2026-05-21,258,257,2026-05-20,1
603687,2026-06-03,267,266,2026-06-02,1
603687,2026-06-11,273,272,2026-06-10,1
603687,2026-06-29,284,283,2026-06-26,1
603688,2026-05-08,243,242,2026-05-07,1
603688,2026-05-13,246,245,2026-05-12,1
603688,2026-06-10,266,265,2026-06-09,1
603688,2026-07-10,287,286,2026-07-09,1
603690,2026-06-26,264,263,2026-06-25,1
603690,2026-07-28,286,285,2026-07-27,2
603693,2026-05-19,283,282,2026-05-18,1
603698,2026-05-06,240,239,2026-04-30,1
603698,2026-06-25,275,274,2026-06-24,1
603698,2026-06-29,277,276,2026-06-26,1
603698,2026-07-13,287,286,2026-07-10,1
603713,2026-06-26,278,277,2026-06-25,2
603713,2026-07-06,284,283,2026-07-03,1
603716,2026-07-17,279,278,2026-07-16,1
603716,2026-07-29,287,286,2026-07-28,2
603717,2026-05-06,242,241,2026-04-30,1
603717,2026-05-15,249,248,2026-05-14,1
603717,2026-06-24,276,275,2026-06-23,1
603717,2026-07-06,284,283,2026-07-03,2
603721,2026-06-25,257,256,2026-06-16,1
603722,2026-07-07,280,279,2026-07-06,2
603725,2026-06-02,252,251,2026-06-01,1
603725,2026-06-08,256,255,2026-06-05,1
603725,2026-06-24,267,266,2026-06-23,1
603725,2026-07-02,273,272,2026-07-01,1
603725,2026-07-16,283,282,2026-07-15,1
603725,2026-07-23,288,287,2026-07-22,1
603726,2026-04-28,227,226,2026-04-27,1
603726,2026-05-06,230,229,2026-04-30,1
603726,2026-05-19,239,238,2026-05-18,1
603726,2026-06-16,259,258,2026-06-15,1
603726,2026-06-30,268,267,2026-06-29,1
603726,2026-07-06,272,271,2026-07-03,1
603726,2026-07-10,276,275,2026-07-09,1
603726,2026-07-27,287,286,2026-07-24,1
603727,2026-05-20,241,240,2026-05-19,1
603727,2026-06-16,260,259,2026-06-15,1
603727,2026-06-23,264,263,2026-06-22,1
603727,2026-07-21,284,283,2026-07-20,1
603727,2026-07-24,287,286,2026-07-23,1
603728,2026-07-01,284,283,2026-06-30,1
603730,2026-05-26,252,251,2026-05-25,1
603730,2026-07-06,280,279,2026-07-03,1
603730,2026-07-15,287,286,2026-07-14,1
603733,2026-06-26,284,283,2026-06-25,1
603738,2026-04-20,219,218,2026-04-17,1
603738,2026-04-22,221,220,2026-04-21,1
603738,2026-04-30,227,226,2026-04-29,1
603738,2026-05-12,232,231,2026-05-11,3
603738,2026-06-16,257,256,2026-06-15,2
603738,2026-07-02,268,267,2026-07-01,1
603757,2026-05-12,245,244,2026-05-11,1
603757,2026-05-29,258,257,2026-05-28,1
603757,2026-06-24,275,274,2026-06-23,2
603757,2026-07-07,284,283,2026-07-06,1
603757,2026-07-10,287,286,2026-07-09,1
603758,2026-05-11,275,274,2026-05-08,1
603767,2026-05-18,280,279,2026-05-15,1
603767,2026-05-22,284,283,2026-05-21,1
603773,2026-04-21,225,224,2026-04-20,2
603773,2026-04-23,227,226,2026-04-22,1
603773,2026-04-28,230,229,2026-04-27,1
603773,2026-04-30,232,231,2026-04-29,1
603773,2026-05-12,237,236,2026-05-11,1
603773,2026-05-27,248,247,2026-05-26,1
603773,2026-05-29,250,249,2026-05-28,1
603773,2026-06-02,252,251,2026-06-01,1
603773,2026-06-10,258,257,2026-06-09,1
603773,2026-06-18,264,263,2026-06-17,2
603773,2026-07-22,287,286,2026-07-21,1
603777,2026-05-07,285,284,2026-05-06,1
603778,2026-04-21,232,231,2026-04-20,1
603778,2026-06-02,259,258,2026-06-01,1
603778,2026-06-09,264,263,2026-06-08,1
603778,2026-07-03,281,280,2026-07-02,1
603779,2026-04-29,226,225,2026-04-28,1
603779,2026-05-22,235,234,2026-05-21,7
603779,2026-07-21,276,275,2026-07-20,1
603790,2026-05-14,234,233,2026-05-13,1
603790,2026-05-21,239,238,2026-05-20,1
603790,2026-07-03,269,268,2026-07-02,1
603790,2026-07-28,286,285,2026-07-27,1
603798,2026-07-06,283,282,2026-07-03,1
603800,2026-05-25,261,260,2026-05-22,1
603800,2026-06-16,277,276,2026-06-15,1
603800,2026-06-26,284,283,2026-06-25,1
603803,2026-04-30,232,231,2026-04-29,1
603803,2026-05-08,235,234,2026-05-07,1
603803,2026-06-17,263,262,2026-06-16,1
603803,2026-07-23,288,287,2026-07-22,1
603806,2026-05-25,251,250,2026-05-22,1
603806,2026-06-16,267,266,2026-06-15,1
603806,2026-07-15,287,286,2026-07-14,1
603808,2026-06-02,283,282,2026-06-01,1
603813,2026-07-10,273,272,2026-07-09,1
603815,2026-04-22,235,234,2026-04-21,1
603815,2026-06-15,270,269,2026-06-12,1
603815,2026-07-07,285,284,2026-07-06,1
603819,2026-04-27,238,237,2026-04-24,1
603819,2026-06-02,261,260,2026-06-01,1
603819,2026-07-07,285,284,2026-07-06,1
603823,2026-05-20,243,242,2026-05-19,1
603823,2026-05-26,247,246,2026-05-25,1
603823,2026-06-02,252,251,2026-06-01,1
603823,2026-06-09,257,256,2026-06-08,1
603823,2026-06-11,259,258,2026-06-10,1
603823,2026-06-23,266,265,2026-06-22,1
603823,2026-07-01,272,271,2026-06-30,1
603823,2026-07-08,277,276,2026-07-07,2
603823,2026-07-21,286,285,2026-07-20,1
603839,2026-07-16,288,287,2026-07-15,1
603859,2026-05-19,257,256,2026-05-18,1
603859,2026-06-09,272,271,2026-06-08,2
603861,2026-05-29,248,247,2026-05-28,1
603861,2026-06-17,261,260,2026-06-16,1
603861,2026-06-29,268,267,2026-06-26,1
603861,2026-07-08,275,274,2026-07-07,2
603861,2026-07-24,287,286,2026-07-23,1
603863,2026-06-24,277,276,2026-06-23,1
603867,2026-05-25,284,283,2026-05-22,1
603871,2026-05-26,283,282,2026-05-25,1
603876,2026-04-27,227,226,2026-04-24,1
603876,2026-07-24,287,286,2026-07-23,1
603877,2026-06-02,267,266,2026-06-01,1
603877,2026-06-09,272,271,2026-06-08,1
603878,2026-05-11,284,283,2026-05-08,1
603880,2026-06-18,276,275,2026-06-17,1
603880,2026-06-30,283,282,2026-06-29,1
603881,2026-07-09,287,286,2026-07-08,1
603886,2026-06-04,269,268,2026-06-03,1
603886,2026-06-11,274,273,2026-06-10,1
603887,2026-05-14,285,284,2026-05-13,1
603888,2026-06-08,271,270,2026-06-05,1
603890,2026-05-14,239,238,2026-05-13,1
603890,2026-05-25,246,245,2026-05-22,1
603890,2026-06-03,253,252,2026-06-02,3
603890,2026-07-22,287,286,2026-07-21,1
603893,2026-07-23,288,287,2026-07-22,1
603895,2026-05-08,271,270,2026-05-07,1
603895,2026-05-13,274,273,2026-05-12,1
603895,2026-05-28,285,284,2026-05-27,1
603897,2026-05-06,238,237,2026-04-30,1
603897,2026-07-03,279,278,2026-07-02,1
603898,2026-04-22,233,232,2026-04-21,1
603898,2026-07-13,287,286,2026-07-10,2
603903,2026-04-23,236,235,2026-04-22,1
603903,2026-05-15,249,248,2026-05-14,1
603903,2026-06-05,264,263,2026-06-04,1
603903,2026-06-29,279,278,2026-06-26,1
603903,2026-07-07,285,284,2026-07-06,1
603906,2026-04-23,222,221,2026-04-22,1
603906,2026-04-30,227,226,2026-04-29,1
603906,2026-06-23,261,260,2026-06-22,1
603906,2026-07-28,286,285,2026-07-27,1
603915,2026-07-06,284,283,2026-07-03,1
603917,2026-07-29,287,286,2026-07-28,1
603918,2026-07-29,287,286,2026-07-28,1
603919,2026-05-21,239,238,2026-05-20,1
603919,2026-05-26,242,241,2026-05-25,1
603920,2026-06-05,284,283,2026-06-04,1
603926,2026-04-20,234,233,2026-04-17,1
603926,2026-07-03,284,283,2026-07-02,1
603928,2026-07-01,267,266,2026-06-30,3
603928,2026-07-03,269,268,2026-07-02,1
603928,2026-07-10,274,273,2026-07-09,2
603928,2026-07-29,287,286,2026-07-28,1
603929,2026-06-10,258,257,2026-06-09,2
603929,2026-06-18,264,263,2026-06-17,1
603929,2026-06-26,269,268,2026-06-25,2
603929,2026-07-22,287,286,2026-07-21,1
603931,2026-04-29,226,225,2026-04-28,2
603931,2026-05-08,230,229,2026-05-07,1
603931,2026-05-25,241,240,2026-05-22,1
603931,2026-07-07,271,270,2026-07-06,1
603931,2026-07-28,286,285,2026-07-27,1
603933,2026-04-30,227,226,2026-04-29,1
603933,2026-07-10,274,273,2026-07-09,1
603933,2026-07-14,276,275,2026-07-13,1
603936,2026-05-07,234,233,2026-05-06,1
603936,2026-05-12,237,236,2026-05-11,1
603936,2026-05-14,239,238,2026-05-13,1
603936,2026-05-26,247,246,2026-05-25,2
603936,2026-06-12,260,259,2026-06-11,1
603936,2026-07-22,287,286,2026-07-21,1
603937,2026-04-27,277,276,2026-04-24,1
603937,2026-05-07,282,281,2026-05-06,3
603937,2026-05-11,284,283,2026-05-08,1
603938,2026-05-08,250,249,2026-05-07,1
603938,2026-05-14,254,253,2026-05-13,1
603938,2026-05-21,259,258,2026-05-20,3
603938,2026-06-04,269,268,2026-06-03,1
603938,2026-06-08,271,270,2026-06-05,1
603938,2026-06-11,274,273,2026-06-10,1
603938,2026-06-25,283,282,2026-06-24,3
603948,2026-06-25,283,282,2026-06-24,1
603949,2026-06-17,278,277,2026-06-16,1
603950,2026-05-08,225,224,2026-05-07,1
603950,2026-06-05,245,244,2026-06-04,1
603950,2026-06-16,252,251,2026-06-15,1
603950,2026-06-23,256,255,2026-06-22,1
603950,2026-07-01,262,261,2026-06-30,2
603950,2026-07-22,277,276,2026-07-21,1
603955,2026-05-29,245,244,2026-05-28,1
603955,2026-07-28,286,285,2026-07-27,1
603956,2026-05-26,242,241,2026-05-25,1
603956,2026-06-22,260,259,2026-06-18,1
603956,2026-06-30,266,265,2026-06-29,3
603956,2026-07-27,285,284,2026-07-24,2
603960,2026-05-25,284,283,2026-05-22,1
603968,2026-05-28,285,284,2026-05-27,1
603969,2026-07-16,288,287,2026-07-15,1
603976,2026-05-25,243,242,2026-05-22,1
603976,2026-06-18,261,260,2026-06-17,1
603976,2026-06-23,263,262,2026-06-22,1
603976,2026-07-27,287,286,2026-07-24,1
603977,2026-05-29,264,263,2026-05-28,1
603977,2026-06-29,284,283,2026-06-26,1
603978,2026-05-07,285,284,2026-05-06,1
603979,2026-06-16,277,276,2026-06-15,1
603980,2026-07-29,282,281,2026-07-28,1
603983,2026-07-01,284,283,2026-06-30,2
603985,2026-05-07,246,245,2026-05-06,1
603985,2026-07-01,284,283,2026-06-30,1
603986,2026-05-07,234,233,2026-05-06,1
603986,2026-05-21,244,243,2026-05-20,1
603986,2026-05-26,247,246,2026-05-25,1
603986,2026-06-18,264,263,2026-06-17,1
603986,2026-06-25,268,267,2026-06-24,1
603986,2026-07-10,279,278,2026-07-09,1
603986,2026-07-22,287,286,2026-07-21,1
603988,2026-05-29,245,244,2026-05-28,1
603988,2026-07-24,284,283,2026-07-23,2
603988,2026-07-28,286,285,2026-07-27,1
603989,2026-05-20,238,237,2026-05-19,2
603989,2026-05-25,241,240,2026-05-22,1
603989,2026-05-29,245,244,2026-05-28,2
603989,2026-06-05,250,249,2026-06-04,1
603989,2026-06-23,261,260,2026-06-22,4
603989,2026-06-26,264,263,2026-06-25,2
603989,2026-07-15,277,276,2026-07-14,1
603989,2026-07-28,286,285,2026-07-27,1
603990,2026-05-26,262,261,2026-05-25,1
603990,2026-06-15,276,275,2026-06-12,1
603991,2026-06-02,260,259,2026-06-01,1
603991,2026-06-12,268,267,2026-06-11,1
603991,2026-06-22,273,272,2026-06-18,1
603991,2026-07-02,281,280,2026-07-01,2
603991,2026-07-10,287,286,2026-07-09,1
603992,2026-06-08,271,270,2026-06-05,1
603992,2026-06-12,275,274,2026-06-11,1
603993,2026-06-15,276,275,2026-06-12,1
603995,2026-05-27,284,283,2026-05-26,1
603997,2026-05-08,266,265,2026-05-07,1
603997,2026-06-03,284,283,2026-06-02,1
603999,2026-05-20,284,283,2026-05-19,1
605006,2026-04-28,225,224,2026-04-27,1
605006,2026-04-30,227,226,2026-04-29,1
605006,2026-05-12,232,231,2026-05-11,3
605006,2026-05-25,241,240,2026-05-22,1
605006,2026-05-27,243,242,2026-05-26,1
605006,2026-06-11,254,253,2026-06-10,2
605006,2026-06-17,258,257,2026-06-16,1
605006,2026-07-28,286,285,2026-07-27,1
605011,2026-07-20,287,286,2026-07-17,1
605018,2026-06-04,266,265,2026-06-03,1
605018,2026-06-10,270,269,2026-06-09,1
605018,2026-07-01,284,283,2026-06-30,1
605020,2026-06-23,276,275,2026-06-22,1
605020,2026-06-25,278,277,2026-06-24,1
605020,2026-07-03,284,283,2026-07-02,1
605028,2026-07-06,270,269,2026-07-03,1
605028,2026-07-16,278,277,2026-07-15,2
605028,2026-07-23,283,282,2026-07-22,1
605055,2026-05-11,246,245,2026-05-08,1
605055,2026-05-28,259,258,2026-05-27,1
605055,2026-07-03,284,283,2026-07-02,1
605058,2026-06-16,277,276,2026-06-15,1
605060,2026-05-07,243,242,2026-05-06,1
605060,2026-06-05,264,263,2026-06-04,1
605060,2026-06-30,280,279,2026-06-29,1
605066,2026-05-28,285,284,2026-05-27,1
605068,2026-07-06,270,269,2026-07-03,1
605069,2026-06-10,253,252,2026-06-09,1
605069,2026-06-12,255,254,2026-06-11,1
605069,2026-06-25,263,262,2026-06-24,3
605086,2026-05-11,251,250,2026-05-08,1
605086,2026-05-15,255,254,2026-05-14,1
605086,2026-06-22,280,279,2026-06-18,1
605089,2026-07-16,288,287,2026-07-15,1
605090,2026-05-12,242,241,2026-05-11,1
605090,2026-07-14,286,285,2026-07-13,2
605098,2026-06-30,283,282,2026-06-29,1
605099,2026-05-06,276,275,2026-04-30,2
605099,2026-05-18,284,283,2026-05-15,1
605100,2026-06-10,256,255,2026-06-09,1
605100,2026-07-24,287,286,2026-07-23,1
605108,2026-07-28,286,285,2026-07-27,1
605111,2026-05-26,247,246,2026-05-25,1
605111,2026-06-10,258,257,2026-06-09,1
605111,2026-06-16,262,261,2026-06-15,1
605111,2026-07-01,272,271,2026-06-30,1
605111,2026-07-22,287,286,2026-07-21,1
605117,2026-07-24,287,286,2026-07-23,1
605118,2026-04-28,239,238,2026-04-27,1
605118,2026-06-24,276,275,2026-06-23,1
605118,2026-07-08,286,285,2026-07-07,1
605123,2026-05-06,274,273,2026-04-30,1
605123,2026-05-19,283,282,2026-05-18,1
605128,2026-07-28,286,285,2026-07-27,1
605133,2026-07-01,272,271,2026-06-30,1
605133,2026-07-15,282,281,2026-07-14,1
605133,2026-07-22,287,286,2026-07-21,1
605151,2026-06-25,283,282,2026-06-24,1
605155,2026-07-02,273,272,2026-07-01,1
605155,2026-07-23,288,287,2026-07-22,1
605158,2026-04-30,278,277,2026-04-29,1
605158,2026-05-08,281,280,2026-05-07,1
605158,2026-05-14,285,284,2026-05-13,1
605162,2026-04-21,220,219,2026-04-20,1
605162,2026-06-05,250,249,2026-06-04,2
605162,2026-07-24,284,283,2026-07-23,2
605162,2026-07-29,287,286,2026-07-28,1
605166,2026-06-17,278,277,2026-06-16,1
605167,2026-05-28,264,263,2026-05-27,1
605167,2026-06-24,282,281,2026-06-23,1
605168,2026-04-21,220,219,2026-04-20,1
605168,2026-04-30,227,226,2026-04-29,2
605168,2026-05-08,230,229,2026-05-07,1
605168,2026-05-14,234,233,2026-05-13,1
605168,2026-06-23,261,260,2026-06-22,1
605169,2026-05-11,284,283,2026-05-08,1
605177,2026-06-01,266,265,2026-05-29,1
605177,2026-06-10,273,272,2026-06-09,1
605178,2026-06-30,252,251,2026-06-29,1
605178,2026-07-02,254,253,2026-07-01,1
605178,2026-07-13,261,260,2026-07-10,1
605180,2026-05-25,284,283,2026-05-22,1
605186,2026-05-12,283,282,2026-05-11,1
605189,2026-05-12,235,234,2026-05-11,2
605189,2026-07-06,273,272,2026-07-03,3
605189,2026-07-16,281,280,2026-07-15,2
605189,2026-07-24,287,286,2026-07-23,1
605196,2026-05-27,248,247,2026-05-26,1
605196,2026-07-07,276,275,2026-07-06,1
605196,2026-07-15,282,281,2026-07-14,1
605196,2026-07-23,288,287,2026-07-22,1
605198,2026-05-13,233,232,2026-05-12,1
605198,2026-05-26,242,241,2026-05-25,1
605198,2026-06-17,258,257,2026-06-16,3
605198,2026-07-27,285,284,2026-07-24,1
605208,2026-07-01,267,266,2026-06-30,1
605218,2026-05-08,276,275,2026-05-07,1
605218,2026-05-20,284,283,2026-05-19,2
605255,2026-05-12,209,208,2026-05-11,1
605255,2026-06-17,235,234,2026-06-16,1
605255,2026-07-06,247,246,2026-07-03,1
605255,2026-07-16,255,254,2026-07-15,2
605258,2026-05-08,284,283,2026-05-07,1
605277,2026-06-01,266,265,2026-05-29,1
605277,2026-06-25,283,282,2026-06-24,1
605286,2026-05-14,249,248,2026-05-13,1
605286,2026-07-03,284,283,2026-07-02,1
605287,2026-04-29,226,225,2026-04-28,2
605288,2026-05-21,242,241,2026-05-20,2
605288,2026-06-03,251,250,2026-06-02,1
605288,2026-06-16,260,259,2026-06-15,1
605288,2026-07-22,285,284,2026-07-21,1
605288,2026-07-24,287,286,2026-07-23,1
605289,2026-04-29,226,225,2026-04-28,2
605289,2026-05-11,231,230,2026-05-08,1
605289,2026-05-28,244,243,2026-05-27,1
605289,2026-06-17,258,257,2026-06-16,2
605289,2026-07-02,268,267,2026-07-01,1
605296,2026-05-15,254,253,2026-05-14,1
605296,2026-06-29,284,283,2026-06-26,1
605298,2026-04-20,239,238,2026-04-17,1
605298,2026-04-22,241,240,2026-04-21,1
605298,2026-06-02,267,266,2026-06-01,1
605298,2026-06-15,276,275,2026-06-12,1
605299,2026-04-21,223,222,2026-04-20,1
605299,2026-05-06,231,230,2026-04-30,1
605299,2026-07-24,287,286,2026-07-23,1
605300,2026-05-28,261,260,2026-05-27,1
605300,2026-06-26,281,280,2026-06-25,1
605300,2026-06-30,283,282,2026-06-29,1
605303,2026-05-07,249,248,2026-05-06,1
605303,2026-05-19,257,256,2026-05-18,1
605303,2026-06-04,269,268,2026-06-03,1
605303,2026-06-16,277,276,2026-06-15,1
605305,2026-06-23,275,274,2026-06-22,1
605305,2026-07-06,284,283,2026-07-03,1
605318,2026-05-19,236,235,2026-05-18,1
605318,2026-06-11,253,252,2026-06-10,2
605318,2026-06-26,263,262,2026-06-25,1
605318,2026-07-22,281,280,2026-07-21,1
605319,2026-07-10,287,286,2026-07-09,1
605358,2026-05-11,244,243,2026-05-08,1
605358,2026-05-20,251,250,2026-05-19,1
605358,2026-06-05,263,262,2026-06-04,1
605358,2026-06-10,266,265,2026-06-09,1
605358,2026-07-10,287,286,2026-07-09,1
605366,2026-05-15,254,253,2026-05-14,1
605366,2026-05-25,260,259,2026-05-22,1
605366,2026-06-29,284,283,2026-06-26,4
605369,2026-06-24,282,281,2026-06-23,1
605376,2026-04-23,222,221,2026-04-22,1
605376,2026-05-06,228,227,2026-04-30,1
605376,2026-05-20,238,237,2026-05-19,1
605376,2026-05-25,241,240,2026-05-22,1
605376,2026-05-29,245,244,2026-05-28,1
605376,2026-06-10,253,252,2026-06-09,1
605376,2026-06-16,257,256,2026-06-15,1
605376,2026-06-22,260,259,2026-06-18,1
605376,2026-07-22,282,281,2026-07-21,1
605376,2026-07-28,286,285,2026-07-27,1
605377,2026-06-24,276,275,2026-06-23,2
605377,2026-06-30,280,279,2026-06-29,1
605377,2026-07-07,285,284,2026-07-06,1
605388,2026-04-20,219,218,2026-04-17,3
605398,2026-06-02,281,280,2026-06-01,1
605398,2026-06-05,284,283,2026-06-04,1
605399,2026-05-15,249,248,2026-05-14,1
605399,2026-06-29,279,278,2026-06-26,1
605399,2026-07-08,286,285,2026-07-07,1
605488,2026-05-20,253,252,2026-05-19,1
605488,2026-07-03,284,283,2026-07-02,2
605499,2026-06-30,283,282,2026-06-29,1
605500,2026-05-25,284,283,2026-05-22,1
605555,2026-06-04,281,280,2026-06-03,1
605566,2026-05-11,267,266,2026-05-08,1
605566,2026-05-26,278,277,2026-05-25,1
605566,2026-06-02,283,282,2026-06-01,1
605580,2026-05-26,262,261,2026-05-25,2
605580,2026-05-29,265,264,2026-05-28,1
605580,2026-06-04,269,268,2026-06-03,1
605580,2026-06-24,282,281,2026-06-23,2
605588,2026-04-23,242,241,2026-04-22,1
605588,2026-05-26,262,261,2026-05-25,1
605588,2026-06-17,278,277,2026-06-16,1
605589,2026-05-14,254,253,2026-05-13,1
605589,2026-06-03,268,267,2026-06-02,1
605589,2026-06-11,274,273,2026-06-10,2
605589,2026-06-16,277,276,2026-06-15,1
605589,2026-06-26,284,283,2026-06-25,1
605598,2026-05-08,242,241,2026-05-07,1
605598,2026-06-25,275,274,2026-06-24,1
605598,2026-07-13,287,286,2026-07-10,1
