event_id,code,signal_date,d0_date,d1_date,d2_date,d3_date,board_group,candidate_count,label_available_date,stage1_score,stage1_rank,score_origin,rank_d1_close_ma10_pct,rank_d1_low_ma10_pct,rank_trend_hold_score,rank_total_score,rank_theme_score,rank_days_since_d0,rank_log_candidate_base_price,rank_active_money_score,rank_d1_close_vwap_pct,inter_close_low,inter_close_trend,inter_total_trend,inter_total_active,inter_low_active,spread_close_low,days_since_d0_le1,days_since_d0_eq2,days_since_d0_ge3,raw__d1_close_ma10_pct,raw__d1_low_ma10_pct,raw__trend_hold_score,raw__total_score,raw__theme_score,raw__days_since_d0,raw__candidate_base_price,raw__active_money_score,raw__d1_close_vwap_pct,raw__log_candidate_base_price,target7,positive_non_target,loss,severe_loss,raw_repair_return,capped_return_7,stage1_score_reconstruction_abs_error
002192_2026-05-06,002192,2026-05-06,2026-04-30,2026-05-06,2026-05-07,2026-05-08,BOARD2,6,2026-05-08,0.5635240771,1,FROZEN_ASOF_2026_07_01_RETROSPECTIVE,1,1,0.75,1,0.583333333333,0.583333333333,1,0.833333333333,0.833333333333,1,0.75,0.75,0.833333333333,0.833333333333,0,0,0,1,22.2242,17.9697,95,83.25,50,6,111.18,58,0.458,4.71115050953,0,0,1,0,-0.0226659471128,-0.0226659471128,0
605099_2026-05-06,605099,2026-05-06,2026-04-30,2026-05-06,2026-05-07,2026-05-08,BOARD2,6,2026-05-08,0.546544291377,2,FROZEN_ASOF_2026_07_01_RETROSPECTIVE,0.833333333333,0.833333333333,0.75,0.5,0.583333333333,0.583333333333,0.833333333333,0.833333333333,0.666666666667,0.694444444444,0.625,0.375,0.416666666667,0.694444444444,0,0,0,1,18.2734,12.6868,95,76.25,50,6,49.54,58,0.1465,3.90278042406,0,1,0,0,0.065124771759,0.065124771759,0
002842_2026-05-06,002842,2026-05-06,2026-04-30,2026-05-06,2026-05-07,2026-05-08,BOARD2,6,2026-05-08,0.530661896178,3,FROZEN_ASOF_2026_07_01_RETROSPECTIVE,0.666666666667,0.666666666667,0.75,0.833333333333,0.583333333333,0.583333333333,0.666666666667,0.25,1,0.444444444444,0.5,0.625,0.208333333333,0.166666666667,0,0,0,1,15.1439,10.4059,95,80.25,50,6,39.37,50,1.7966,3.67300410496,0,0,1,0,-0.0149367088608,-0.0149367088608,0
002645_2026-05-06,002645,2026-05-06,2026-04-30,2026-05-06,2026-05-07,2026-05-08,BOARD2,6,2026-05-08,0.517625159875,4,FROZEN_ASOF_2026_07_01_RETROSPECTIVE,0.333333333333,0.5,0.75,0.666666666667,0.583333333333,0.583333333333,0.5,0.25,0.333333333333,0.166666666667,0.25,0.5,0.166666666667,0.125,-0.166666666667,0,0,1,11.5522,10.0419,95,77.75,50,6,25.85,50,-0.4468,3.25231060095,0,1,0,0,0.051467784979,0.051467784979,0
600714_2026-05-06,600714,2026-05-06,2026-04-30,2026-05-06,2026-05-07,2026-05-08,BOARD2,6,2026-05-08,0.516436413881,5,FROZEN_ASOF_2026_07_01_RETROSPECTIVE,0.5,0.333333333333,0.25,0.166666666667,0.583333333333,0.583333333333,0.333333333333,0.833333333333,0.5,0.166666666667,0.125,0.0416666666667,0.138888888889,0.277777777778,0.166666666667,0,0,1,12.1931,9.9658,75,67.75,50,6,21.66,58,-0.0533,3.07546724157,1,0,0,0,0.0974813432836,0.07,0
000980_2026-05-06,000980,2026-05-06,2026-04-30,2026-05-06,2026-05-07,2026-05-08,BOARD2,6,2026-05-08,0.504693515128,6,FROZEN_ASOF_2026_07_01_RETROSPECTIVE,0.166666666667,0.166666666667,0.25,0.333333333333,0.583333333333,0.583333333333,0.166666666667,0.5,0.166666666667,0.0277777777778,0.0416666666667,0.0833333333333,0.166666666667,0.0833333333333,0,0,0,1,10.7206,9.4025,75,73.25,50,6,2.52,56,-1.3773,0.924258901523,0,1,0,0,0.0666666666667,0.0666666666667,0
002181_2026-05-07,002181,2026-05-07,2026-05-06,2026-05-07,2026-05-08,2026-05-11,BOARD2,12,2026-05-11,0.583428821798,1,FROZEN_ASOF_2026_07_01_RETROSPECTIVE,1,1,0.625,0.333333333333,0.166666666667,0.541666666667,0.583333333333,0.958333333333,0.75,1,0.625,0.208333333333,0.319444444444,0.958333333333,0,1,0,0,25.1086,18.9601,95,60.75,45,1,18.72,72,0.622,2.92959247105,0,1,0,0,0.0322580645161,0.0322580645161,0
002805_2026-05-07,002805,2026-05-07,2026-05-06,2026-05-07,2026-05-08,2026-05-11,BOARD3,12,2026-05-11,0.582389198792,2,FROZEN_ASOF_2026_07_01_RETROSPECTIVE,0.833333333333,0.916666666667,0.625,0.625,0.625,0.541666666667,0.666666666667,0.791666666667,0.0833333333333,0.763888888889,0.520833333333,0.390625,0.494791666667,0.725694444444,-0.0833333333333,1,0,0,21.0207,18.7503,95,63.25,60,1,24.52,64,-2.4999,3.19948911107,0,1,0,0,0.0415657788539,0.0415657788539,0
002158_2026-05-07,002158,2026-05-07,2026-05-06,2026-05-07,2026-05-08,2026-05-11,BOARD2,12,2026-05-11,0.57888289552,3,FROZEN_ASOF_2026_07_01_RETROSPECTIVE,0.666666666667,0.416666666667,0.625,1,1,0.541666666667,0.75,0.791666666667,0.666666666667,0.277777777778,0.416666666667,0.625,0.791666666667,0.329861111111,0.25,1,0,0,18.7946,12.0318,95,67.25,70,1,31.97,64,0.1612,3.46479796307,1,0,0,0,0.0802274162982,0.07,0
002453_2026-05-07,002453,2026-05-07,2026-05-06,2026-05-07,2026-05-08,2026-05-11,BOARD2,12,2026-05-11,0.577112249572,4,FROZEN_ASOF_2026_07_01_RETROSPECTIVE,0.75,0.833333333333,0.625,0.416666666667,0.625,0.541666666667,0.25,0.958333333333,0.916666666667,0.625,0.46875,0.260416666667,0.399305555556,0.798611111111,-0.0833333333333,1,0,0,20.902,14.6485,95,62.75,60,1,6.38,72,2.1675,1.85316809736,1,0,0,0,0.0826446280992,0.07,0
603937_2026-05-07,603937,2026-05-07,2026-05-06,2026-05-07,2026-05-08,2026-05-11,BOARD3,12,2026-05-11,0.570036985144,5,FROZEN_ASOF_2026_07_01_RETROSPECTIVE,0.916666666667,0.666666666667,0.625,0.916666666667,0.625,0.541666666667,0.5,0.375,0.166666666667,0.611111111111,0.572916666667,0.572916666667,0.34375,0.25,0.25,1,0,0,22.7907,12.9875,95,66.25,60,1,17.16,54,-1.92,2.84258109406,1,0,0,0,0.102715466352,0.07,0
002989_2026-05-07,002989,2026-05-07,2026-05-06,2026-05-07,2026-05-08,2026-05-11,BOARD2,12,2026-05-11,0.568105203144,6,FROZEN_ASOF_2026_07_01_RETROSPECTIVE,0.583333333333,0.5,0.625,0.833333333333,0.625,0.541666666667,0.833333333333,0.5,0.333333333333,0.291666666667,0.364583333333,0.520833333333,0.416666666667,0.25,0.0833333333333,1,0,0,18.0403,12.1272,95,63.75,60,1,32.14,56,-0.5446,3.47010136031,0,1,0,0,0.0650887573964,0.0650887573964,0
002149_2026-05-07,002149,2026-05-07,2026-05-06,2026-05-07,2026-05-08,2026-05-11,BOARD2,12,2026-05-11,0.566930002137,7,FROZEN_ASOF_2026_07_01_RETROSPECTIVE,0.5,0.333333333333,0.625,0.625,0.625,0.541666666667,1,0.625,0.833333333333,0.166666666667,0.3125,0.390625,0.390625,0.208333333333,0.166666666667,1,0,0,17.2294,11.9798,95,63.25,60,1,73.47,58,1.4938,4.29687715963,0,1,0,0,0.0508381423468,0.0508381423468,0
002640_2026-05-07,002640,2026-05-07,2026-05-06,2026-05-07,2026-05-08,2026-05-11,BOARD2,12,2026-05-11,0.560819738384,8,FROZEN_ASOF_2026_07_01_RETROSPECTIVE,0.416666666667,0.583333333333,0.625,0.625,0.625,0.541666666667,0.166666666667,0.625,0.583333333333,0.243055555556,0.260416666667,0.390625,0.390625,0.364583333333,-0.166666666667,1,0,0,16.861,12.596,95,63.25,60,1,4.11,58,-0.1303,1.41342302851,1,0,0,0,0.123762376238,0.07,0
000402_2026-05-07,000402,2026-05-07,2026-05-06,2026-05-07,2026-05-08,2026-05-11,BOARD3,12,2026-05-11,0.551931359033,9,FROZEN_ASOF_2026_07_01_RETROSPECTIVE,0.25,0.75,0.625,0.625,0.625,0.541666666667,0.0833333333333,0.25,0.25,0.1875,0.15625,0.390625,0.15625,0.1875,-0.5,1,0,0,15.6768,13.9503,95,63.25,60,1,3.35,50,-0.7663,1.20896034584,0,1,0,0,0.018018018018,0.018018018018,0
001316_2026-05-07,001316,2026-05-07,2026-05-06,2026-05-07,2026-05-08,2026-05-11,BOARD2,12,2026-05-11,0.550151765807,10,FROZEN_ASOF_2026_07_01_RETROSPECTIVE,0.333333333333,0.0833333333333,0.125,0.166666666667,0.625,0.541666666667,0.916666666667,0.375,1,0.0277777777778,0.0416666666667,0.0208333333333,0.0625,0.03125,0.25,1,0,0,16.5054,8.0157,75,54.75,60,1,59.97,54,2.4461,4.09384443718,1,0,0,0,0.0725493504302,0.07,0
000553_2026-05-07,000553,2026-05-07,2026-05-06,2026-05-07,2026-05-08,2026-05-11,BOARD2,12,2026-05-11,0.537491656812,11,FROZEN_ASOF_2026_07_01_RETROSPECTIVE,0.166666666667,0.25,0.625,0.25,0.166666666667,0.541666666667,0.333333333333,0.125,0.416666666667,0.0416666666667,0.104166666667,0.15625,0.03125,0.03125,-0.0833333333333,1,0,0,13.1173,11.5741,95,56.75,45,1,7.33,40,-0.3376,1.9919755159,0,1,0,0,0,0,0
000783_2026-05-07,000783,2026-05-07,2026-05-06,2026-05-07,2026-05-08,2026-05-11,BOARD2,12,2026-05-11,0.534677251311,12,FROZEN_ASOF_2026_07_01_RETROSPECTIVE,0.0833333333333,0.166666666667,0.125,0.0833333333333,0.166666666667,0.541666666667,0.416666666667,0.125,0.5,0.0138888888889,0.0104166666667,0.0104166666667,0.0104166666667,0.0208333333333,-0.0833333333333,1,0,0,10.3029,8.319,75,49.75,45,1,8.34,40,-0.3247,2.12106321637,1,0,0,0,0.0852340936375,0.07,0
603256_2026-05-08,603256,2026-05-08,2026-05-07,2026-05-08,2026-05-11,2026-05-12,BOARD2,13,2026-05-12,0.589330759454,1,FROZEN_ASOF_2026_07_01_RETROSPECTIVE,0.923076923077,0.692307692308,0.576923076923,0.692307692308,0.730769230769,0.538461538462,1,0.961538461538,1,0.639053254438,0.532544378698,0.399408284024,0.665680473373,0.665680473373,0.230769230769,1,0,0,24.0573,15.5657,95,64.25,70,1,148.87,64,0.9773,5.00307344189,0,1,0,0,0.0207530588792,0.0207530588792,0
002903_2026-05-08,002903,2026-05-08,2026-05-07,2026-05-08,2026-05-11,2026-05-12,BOARD2,13,2026-05-12,0.584071004957,2,FROZEN_ASOF_2026_07_01_RETROSPECTIVE,1,0.923076923077,0.576923076923,0.346153846154,0.730769230769,0.538461538462,0.846153846154,0.692307692308,0.692307692308,0.923076923077,0.576923076923,0.199704142012,0.239644970414,0.639053254438,0.0769230769231,1,0,0,25.7735,19.1239,95,62.75,70,1,46.34,56,-0.9723,3.836005519,1,0,0,0,0.097699890471,0.07,0
600396_2026-05-08,600396,2026-05-08,2026-05-07,2026-05-08,2026-05-11,2026-05-12,BOARD2,13,2026-05-12,0.578080420784,3,FROZEN_ASOF_2026_07_01_RETROSPECTIVE,0.692307692308,0.769230769231,0.576923076923,0.692307692308,0.730769230769,0.538461538462,0.307692307692,0.961538461538,0.230769230769,0.532544378698,0.399408284024,0.399408284024,0.665680473373,0.739644970414,-0.0769230769231,1,0,0,18.9406,16.646,95,64.25,70,1,12.44,64,-2.2406,2.52091708731,1,0,0,0,0.187845303867,0.07,0
000066_2026-05-08,000066,2026-05-08,2026-05-07,2026-05-08,2026-05-11,2026-05-12,BOARD3,13,2026-05-12,0.577678753682,4,FROZEN_ASOF_2026_07_01_RETROSPECTIVE,0.846153846154,1,0.576923076923,0.230769230769,0.269230769231,0.538461538462,0.692307692308,0.807692307692,0.538461538462,0.846153846154,0.488165680473,0.133136094675,0.186390532544,0.807692307692,-0.153846153846,1,0,0,21.8084,19.6455,95,61.75,60,1,23.09,58,-1.2207,3.13939962337,0,1,0,0,0.0497553017945,0.0497553017945,0
000818_2026-05-08,000818,2026-05-08,2026-05-07,2026-05-08,2026-05-11,2026-05-12,BOARD2,13,2026-05-12,0.57263994615,5,FROZEN_ASOF_2026_07_01_RETROSPECTIVE,0.769230769231,0.846153846154,0.576923076923,0.884615384615,0.730769230769,0.538461538462,0.538461538462,0.346153846154,0.461538461538,0.650887573964,0.443786982249,0.510355029586,0.306213017751,0.292899408284,-0.0769230769231,1,0,0,20.0408,18.7014,95,64.75,70,1,18.82,50,-1.5778,2.93492013416,0,0,1,0,-0.0189291508924,-0.0189291508924,0
603316_2026-05-08,603316,2026-05-08,2026-05-07,2026-05-08,2026-05-11,2026-05-12,BOARD2,13,2026-05-12,0.566494203322,6,FROZEN_ASOF_2026_07_01_RETROSPECTIVE,0.615384615385,0.538461538462,0.576923076923,0.884615384615,0.730769230769,0.538461538462,0.615384615385,0.346153846154,0.923076923077,0.331360946746,0.355029585799,0.510355029586,0.306213017751,0.186390532544,0.0769230769231,1,0,0,16.3426,13.0012,95,64.75,70,1,19.15,50,0.5291,2.95230271563,0,0,1,0,-0.0342396777442,-0.0342396777442,0
600719_2026-05-08,600719,2026-05-08,2026-05-07,2026-05-08,2026-05-11,2026-05-12,BOARD2,13,2026-05-12,0.557635150047,7,FROZEN_ASOF_2026_07_01_RETROSPECTIVE,0.384615384615,0.615384615385,0.576923076923,0.346153846154,0.730769230769,0.538461538462,0.230769230769,0.615384615385,0.0769230769231,0.236686390533,0.221893491124,0.199704142012,0.213017751479,0.378698224852,-0.230769230769,1,0,0,13.9955,13.4939,95,62.75,70,1,9.09,54,-4.3053,2.20717490819,1,0,0,0,0.172185430464,0.07,0
603158_2026-05-08,603158,2026-05-08,2026-05-07,2026-05-08,2026-05-11,2026-05-12,BOARD2,13,2026-05-12,0.557328851172,8,FROZEN_ASOF_2026_07_01_RETROSPECTIVE,0.538461538462,0.384615384615,0.576923076923,0.692307692308,0.730769230769,0.538461538462,0.384615384615,0.346153846154,0.615384615385,0.207100591716,0.310650887574,0.399408284024,0.239644970414,0.133136094675,0.153846153846,1,0,0,14.8312,12.0833,95,64.25,70,1,15.88,50,-1.1175,2.76506045582,0,0,1,0,-0.00126502213789,-0.00126502213789,0
000967_2026-05-08,000967,2026-05-08,2026-05-07,2026-05-08,2026-05-11,2026-05-12,BOARD2,13,2026-05-12,0.557199568829,9,FROZEN_ASOF_2026_07_01_RETROSPECTIVE,0.461538461538,0.307692307692,0.576923076923,0.5,0.269230769231,0.538461538462,0.461538461538,0.807692307692,0.769230769231,0.14201183432,0.266272189349,0.288461538462,0.403846153846,0.248520710059,0.153846153846,1,0,0,14.2016,11.3291,95,63.75,60,1,16.3,58,-0.8333,2.79116510781,0,0,1,0,-0.0251572327044,-0.0251572327044,0
002217_2026-05-08,002217,2026-05-08,2026-05-07,2026-05-08,2026-05-11,2026-05-12,BOARD2,13,2026-05-12,0.548214001739,10,FROZEN_ASOF_2026_07_01_RETROSPECTIVE,0.307692307692,0.461538461538,0.576923076923,1,0.0769230769231,0.538461538462,0.0769230769231,0.346153846154,0.384615384615,0.14201183432,0.177514792899,0.576923076923,0.346153846154,0.159763313609,-0.153846153846,1,0,0,12.8289,12.1711,95,80.25,50,1,3.43,50,-1.8774,1.23256026118,0,1,0,0,0.0224719101124,0.0224719101124,0
600673_2026-05-08,600673,2026-05-08,2026-05-07,2026-05-08,2026-05-11,2026-05-12,BOARD2,13,2026-05-12,0.54668338176,11,FROZEN_ASOF_2026_07_01_RETROSPECTIVE,0.153846153846,0.153846153846,0.576923076923,0.5,0.269230769231,0.538461538462,0.769230769231,0.346153846154,0.307692307692,0.0236686390533,0.0887573964497,0.288461538462,0.173076923077,0.0532544378698,0,1,0,0,11.5616,11.1981,95,63.75,60,1,39.9,50,-2.1713,3.6863763239,0,0,1,0,-0.0276394422311,-0.0276394422311,0
003041_2026-05-08,003041,2026-05-08,2026-05-07,2026-05-08,2026-05-11,2026-05-12,BOARD2,13,2026-05-12,0.543400840037,12,FROZEN_ASOF_2026_07_01_RETROSPECTIVE,0.0769230769231,0.0769230769231,0.0769230769231,0.0769230769231,0.269230769231,0.538461538462,0.923076923077,0.346153846154,0.846153846154,0.00591715976331,0.00591715976331,0.00591715976331,0.0266272189349,0.0266272189349,0,1,0,0,9.7963,7.4569,75,56.75,60,1,64.3,50,-0.8142,4.16355963124,1,0,0,0,0.105230386052,0.07,0
000889_2026-05-08,000889,2026-05-08,2026-05-07,2026-05-08,2026-05-11,2026-05-12,BOARD2,13,2026-05-12,0.539202904426,13,FROZEN_ASOF_2026_07_01_RETROSPECTIVE,0.230769230769,0.230769230769,0.576923076923,0.153846153846,0.730769230769,0.538461538462,0.153846153846,0.0769230769231,0.153846153846,0.0532544378698,0.133136094675,0.0887573964497,0.0118343195266,0.0177514792899,0,1,0,0,12.7553,11.2964,95,59.25,70,1,5.41,46,-2.5379,1.68824909286,0,0,1,0,-0.0018315018315,-0.0018315018315,0
002929_2026-05-11,002929,2026-05-11,2026-05-08,2026-05-11,2026-05-12,2026-05-13,BOARD2,11,2026-05-13,0.54225557645,1,FROZEN_ASOF_2026_07_01_RETROSPECTIVE,0.909090909091,1,0.590909090909,0.409090909091,0.181818181818,0.545454545455,1,0.545454545455,0.909090909091,0.909090909091,0.537190082645,0.24173553719,0.223140495868,0.545454545455,-0.0909090909091,0,0,1,23.2931,17.974,95,63.25,60,3,77.65,58,0.7438,4.35221154959,1,0,0,0,0.134108527132,0.07,0
002655_2026-05-11,002655,2026-05-11,2026-05-08,2026-05-11,2026-05-12,2026-05-13,BOARD2,11,2026-05-13,0.539822952514,2,FROZEN_ASOF_2026_07_01_RETROSPECTIVE,0.363636363636,0.636363636364,0.590909090909,1,0.681818181818,0.545454545455,0.818181818182,0.818181818182,0.272727272727,0.231404958678,0.214876033058,0.590909090909,0.818181818182,0.520661157025,-0.272727272727,0,0,1,17.3188,14.3511,95,67.25,70,3,36.37,64,-2.8355,3.593744259,0,1,0,0,0.00264200792602,0.00264200792602,0
603278_2026-05-11,603278,2026-05-11,2026-05-08,2026-05-11,2026-05-12,2026-05-13,BOARD3,11,2026-05-13,0.537233246087,3,FROZEN_ASOF_2026_07_01_RETROSPECTIVE,0.818181818182,0.454545454545,0.590909090909,0.909090909091,0.681818181818,0.545454545455,0.545454545455,0.818181818182,0.363636363636,0.371900826446,0.48347107438,0.537190082645,0.743801652893,0.371900826446,0.363636363636,0,0,1,19.95,12.6827,95,64.75,70,3,15.35,64,-1.663,2.73111547403,1,0,0,0,0.0812080536913,0.07,0
002031_2026-05-11,002031,2026-05-11,2026-05-08,2026-05-11,2026-05-12,2026-05-13,BOARD2,11,2026-05-13,0.533176170298,4,FROZEN_ASOF_2026_07_01_RETROSPECTIVE,0.636363636364,0.818181818182,0.590909090909,0.681818181818,0.681818181818,0.545454545455,0.363636363636,0.545454545455,0.545454545455,0.520661157025,0.376033057851,0.402892561983,0.371900826446,0.446280991736,-0.181818181818,0,0,1,18.705,15.9254,95,64.25,70,3,7.26,58,-0.2399,1.98237982884,0,1,0,0,0.0444444444444,0.0444444444444,0
603618_2026-05-11,603618,2026-05-11,2026-05-08,2026-05-11,2026-05-12,2026-05-13,BOARD3,11,2026-05-13,0.529221741619,5,FROZEN_ASOF_2026_07_01_RETROSPECTIVE,0.272727272727,0.272727272727,0.590909090909,0.681818181818,0.681818181818,0.545454545455,0.909090909091,0.818181818182,0.818181818182,0.0743801652893,0.161157024793,0.402892561983,0.557851239669,0.223140495868,0,0,0,1,16.8071,11.1703,95,64.25,70,3,37.3,64,0.7008,3.61899332665,1,0,0,0,0.0997333333333,0.07,0
000720_2026-05-11,000720,2026-05-11,2026-05-08,2026-05-11,2026-05-12,2026-05-13,BOARD2,11,2026-05-13,0.524202266482,6,FROZEN_ASOF_2026_07_01_RETROSPECTIVE,0.545454545455,0.545454545455,0.590909090909,0.681818181818,0.681818181818,0.545454545455,0.181818181818,0.545454545455,0.636363636364,0.297520661157,0.322314049587,0.402892561983,0.371900826446,0.297520661157,0,0,0,1,18.4478,13.7749,95,64.25,70,3,5.83,58,0.4803,1.76301700036,1,0,0,0,0.115864527629,0.07,0
600936_2026-05-11,600936,2026-05-11,2026-05-08,2026-05-11,2026-05-12,2026-05-13,BOARD2,11,2026-05-13,0.523445171231,7,FROZEN_ASOF_2026_07_01_RETROSPECTIVE,0.454545454545,0.909090909091,0.590909090909,0.681818181818,0.681818181818,0.545454545455,0.0909090909091,0.363636363636,0.0909090909091,0.413223140496,0.268595041322,0.402892561983,0.247933884298,0.330578512397,-0.454545454545,0,0,1,17.4303,16.7396,95,64.25,70,3,5.1,54,-3.2084,1.62924053973,1,0,0,0,0.078431372549,0.07,0
600130_2026-05-11,600130,2026-05-11,2026-05-08,2026-05-11,2026-05-12,2026-05-13,BOARD3,11,2026-05-13,0.516884631691,8,FROZEN_ASOF_2026_07_01_RETROSPECTIVE,1,0.0909090909091,0.0909090909091,0.227272727273,0.681818181818,0.545454545455,0.272727272727,1,0.727272727273,0.0909090909091,0.0909090909091,0.0206611570248,0.227272727273,0.0909090909091,0.909090909091,0,0,1,26.3158,9.3567,75,59.25,70,3,6.48,72,0.566,1.86872051036,0,1,0,0,0.0622009569378,0.0622009569378,0
002930_2026-05-11,002930,2026-05-11,2026-05-08,2026-05-11,2026-05-12,2026-05-13,BOARD2,11,2026-05-13,0.512539849903,9,FROZEN_ASOF_2026_07_01_RETROSPECTIVE,0.727272727273,0.363636363636,0.590909090909,0.0909090909091,0.181818181818,0.545454545455,0.636363636364,0.181818181818,1,0.264462809917,0.429752066116,0.0537190082645,0.0165289256198,0.0661157024793,0.363636363636,0,0,1,19.3887,12.1152,95,58.75,60,3,16.25,48,2.8204,2.78809290878,0,1,0,0,0.0387692307692,0.0387692307692,0
603636_2026-05-11,603636,2026-05-11,2026-05-08,2026-05-11,2026-05-12,2026-05-13,BOARD2,11,2026-05-13,0.511404071941,10,FROZEN_ASOF_2026_07_01_RETROSPECTIVE,0.181818181818,0.727272727273,0.590909090909,0.227272727273,0.681818181818,0.545454545455,0.454545454545,0.0909090909091,0.181818181818,0.132231404959,0.107438016529,0.134297520661,0.0206611570248,0.0661157024793,-0.545454545455,0,0,1,16.1372,15.7164,95,59.25,70,3,11.04,46,-3.1727,2.40152504085,1,0,0,0,0.0736363636364,0.07,0
002317_2026-05-11,002317,2026-05-11,2026-05-08,2026-05-11,2026-05-12,2026-05-13,BOARD2,11,2026-05-13,0.506280904262,11,FROZEN_ASOF_2026_07_01_RETROSPECTIVE,0.0909090909091,0.181818181818,0.590909090909,0.409090909091,0.181818181818,0.545454545455,0.727272727273,0.272727272727,0.454545454545,0.0165289256198,0.0537190082645,0.24173553719,0.111570247934,0.0495867768595,-0.0909090909091,0,0,1,13.6375,10.2652,95,63.25,60,3,22.24,50,-0.7617,3.10189246938,0,0,1,0,-0.00583482944345,-0.00583482944345,0
603459_2026-05-12,603459,2026-05-12,2026-05-11,2026-05-12,2026-05-13,2026-05-14,BOARD3,11,2026-05-14,0.593573035834,1,FROZEN_ASOF_2026_07_01_RETROSPECTIVE,1,1,0.5,1,0.818181818182,0.545454545455,0.818181818182,0.727272727273,0.272727272727,1,0.5,0.5,0.727272727273,0.727272727273,0,1,0,0,30.5048,24.6657,90,86,70,1,93.2,64,-1.7697,4.53474772169,0,1,0,0,0.0457010069713,0.0457010069713,0
605006_2026-05-12,605006,2026-05-12,2026-05-11,2026-05-12,2026-05-13,2026-05-14,BOARD3,11,2026-05-14,0.583509788986,2,FROZEN_ASOF_2026_07_01_RETROSPECTIVE,0.909090909091,0.636363636364,0.818181818182,0.909090909091,0.318181818182,0.545454545455,0.454545454545,1,1,0.578512396694,0.743801652893,0.743801652893,0.909090909091,0.636363636364,0.272727272727,1,0,0,30.1616,14.6863,95,65.25,60,1,16.99,72,4.3049,2.83262493568,0,1,0,0,0.00727713765919,0.00727713765919,0
002865_2026-05-12,002865,2026-05-12,2026-05-11,2026-05-12,2026-05-13,2026-05-14,BOARD2,11,2026-05-14,0.579412118102,3,FROZEN_ASOF_2026_07_01_RETROSPECTIVE,0.636363636364,0.818181818182,0.818181818182,0.727272727273,0.318181818182,0.545454545455,0.909090909091,0.727272727273,0.636363636364,0.520661157025,0.520661157025,0.595041322314,0.528925619835,0.595041322314,-0.181818181818,1,0,0,21.3735,15.5688,95,63.25,60,1,103.92,64,0.2433,4.64362137236,1,0,0,0,0.0740776699029,0.07,0
002281_2026-05-12,002281,2026-05-12,2026-05-11,2026-05-12,2026-05-13,2026-05-14,BOARD2,11,2026-05-14,0.57833757296,4,FROZEN_ASOF_2026_07_01_RETROSPECTIVE,0.818181818182,0.909090909091,0.5,0.545454545455,0.818181818182,0.545454545455,1,0.363636363636,0.727272727273,0.743801652893,0.409090909091,0.272727272727,0.198347107438,0.330578512397,-0.0909090909091,1,0,0,28.0593,23.8012,90,63,70,1,201.5,58,0.5247,5.30578938139,1,0,0,0,0.0856588949543,0.07,0
603738_2026-05-12,603738,2026-05-12,2026-05-11,2026-05-12,2026-05-13,2026-05-14,BOARD3,11,2026-05-14,0.57336118812,5,FROZEN_ASOF_2026_07_01_RETROSPECTIVE,0.727272727273,0.727272727273,0.818181818182,0.454545454545,0.818181818182,0.545454545455,0.727272727273,0.454545454545,0.909090909091,0.528925619835,0.595041322314,0.371900826446,0.206611570248,0.330578512397,0,1,0,0,26.9203,15.1589,95,62.75,70,1,54.28,62,2.8973,3.99415583497,1,0,0,0,0.0746436609152,0.07,0
002030_2026-05-12,002030,2026-05-12,2026-05-11,2026-05-12,2026-05-13,2026-05-14,BOARD2,11,2026-05-14,0.560541094933,6,FROZEN_ASOF_2026_07_01_RETROSPECTIVE,0.363636363636,0.545454545455,0.818181818182,0.727272727273,0.318181818182,0.545454545455,0.272727272727,0.727272727273,0.0909090909091,0.198347107438,0.297520661157,0.595041322314,0.528925619835,0.396694214876,-0.181818181818,1,0,0,11.2369,11.0752,95,63.25,60,1,6.88,64,-6.6328,1.92861865195,0,1,0,0,0.00294985250737,0.00294985250737,0
600234_2026-05-12,600234,2026-05-12,2026-05-11,2026-05-12,2026-05-13,2026-05-14,BOARD2,11,2026-05-14,0.556712641633,7,FROZEN_ASOF_2026_07_01_RETROSPECTIVE,0.454545454545,0.454545454545,0.818181818182,0.727272727273,0.318181818182,0.545454545455,0.636363636364,0.272727272727,0.545454545455,0.206611570248,0.371900826446,0.595041322314,0.198347107438,0.123966942149,0,1,0,0,15.173,10.4014,95,63.25,60,1,29.93,54,0.0367,3.39886132186,0,1,0,0,0.00400935516204,0.00400935516204,0
600545_2026-05-12,600545,2026-05-12,2026-05-11,2026-05-12,2026-05-13,2026-05-14,BOARD2,11,2026-05-14,0.550478181342,8,FROZEN_ASOF_2026_07_01_RETROSPECTIVE,0.545454545455,0.0909090909091,0.136363636364,0.363636363636,0.818181818182,0.545454545455,0.181818181818,0.727272727273,0.818181818182,0.0495867768595,0.0743801652893,0.0495867768595,0.264462809917,0.0661157024793,0.454545454545,1,0,0,15.9475,4.7329,65,56.75,70,1,6.1,64,1.5009,1.80828877118,1,0,0,0,0.104575163399,0.07,0
600748_2026-05-12,600748,2026-05-12,2026-05-11,2026-05-12,2026-05-13,2026-05-14,BOARD2,11,2026-05-14,0.545169347508,9,FROZEN_ASOF_2026_07_01_RETROSPECTIVE,0.0909090909091,0.181818181818,0.136363636364,0.272727272727,0.818181818182,0.545454545455,0.0909090909091,0.727272727273,0.181818181818,0.0165289256198,0.0123966942149,0.0371900826446,0.198347107438,0.132231404959,-0.0909090909091,1,0,0,8.0088,5.8046,65,53.75,70,1,5.88,64,-2.2351,1.77155676191,0,1,0,0,0.00683760683761,0.00683760683761,0
600078_2026-05-12,600078,2026-05-12,2026-05-11,2026-05-12,2026-05-13,2026-05-14,BOARD2,11,2026-05-14,0.540623651628,10,FROZEN_ASOF_2026_07_01_RETROSPECTIVE,0.272727272727,0.363636363636,0.318181818182,0.181818181818,0.318181818182,0.545454545455,0.363636363636,0.136363636364,0.363636363636,0.099173553719,0.0867768595041,0.0578512396694,0.0247933884298,0.0495867768595,-0.0909090909091,1,0,0,9.9849,8.2597,75,51.75,60,1,15.3,46,-1.2651,2.7278528284,0,1,0,0,0.018954248366,0.018954248366,0
605189_2026-05-12,605189,2026-05-12,2026-05-11,2026-05-12,2026-05-13,2026-05-14,BOARD2,11,2026-05-14,0.540277704554,11,FROZEN_ASOF_2026_07_01_RETROSPECTIVE,0.181818181818,0.272727272727,0.318181818182,0.0909090909091,0.318181818182,0.545454545455,0.545454545455,0.136363636364,0.454545454545,0.0495867768595,0.0578512396694,0.0289256198347,0.0123966942149,0.0371900826446,-0.0909090909091,1,0,0,8.9575,6.5487,75,49.75,60,1,19.45,46,-0.6693,2.96784707006,0,1,0,0,0.0310526315789,0.0310526315789,0
600869_2026-05-13,600869,2026-05-13,2026-05-12,2026-05-13,2026-05-14,2026-05-15,BOARD2,9,2026-05-15,0.576552421886,1,FROZEN_ASOF_2026_07_01_RETROSPECTIVE,0.888888888889,0.888888888889,0.555555555556,0.666666666667,0.722222222222,0.555555555556,0.666666666667,0.388888888889,0.777777777778,0.79012345679,0.493827160494,0.37037037037,0.259259259259,0.345679012346,0,1,0,0,19.8193,16.5472,95,64.75,70,1,23.07,50,0.5124,3.13853307219,0,0,1,0,-0.00606060606061,-0.00606060606061,0
000029_2026-05-13,000029,2026-05-13,2026-05-12,2026-05-13,2026-05-14,2026-05-15,BOARD2,9,2026-05-15,0.571409391532,2,FROZEN_ASOF_2026_07_01_RETROSPECTIVE,0.666666666667,0.777777777778,0.555555555556,0.666666666667,0.722222222222,0.555555555556,0.777777777778,0.388888888889,0.555555555556,0.518518518519,0.37037037037,0.37037037037,0.259259259259,0.302469135802,-0.111111111111,1,0,0,18.6719,16.2718,95,64.75,70,1,26.7,50,-0.6527,3.28466356541,1,0,0,0,0.126739375705,0.07,0
001211_2026-05-13,001211,2026-05-13,2026-05-12,2026-05-13,2026-05-14,2026-05-15,BOARD2,9,2026-05-15,0.570953167754,3,FROZEN_ASOF_2026_07_01_RETROSPECTIVE,0.555555555556,0.444444444444,0.555555555556,0.444444444444,0.722222222222,0.555555555556,0.888888888889,0.888888888889,0.666666666667,0.246913580247,0.308641975309,0.246913580247,0.395061728395,0.395061728395,0.111111111111,1,0,0,18.1547,13.3801,95,64.25,70,1,52.71,64,0.3552,3.96480519087,1,0,0,0,0.143516737207,0.07,0
603269_2026-05-13,603269,2026-05-13,2026-05-12,2026-05-13,2026-05-14,2026-05-15,BOARD2,9,2026-05-15,0.570233921637,4,FROZEN_ASOF_2026_07_01_RETROSPECTIVE,1,0.222222222222,0.555555555556,1,0.722222222222,0.555555555556,0.555555555556,0.666666666667,0.888888888889,0.222222222222,0.555555555556,0.555555555556,0.666666666667,0.148148148148,0.777777777778,1,0,0,24.9926,12.7292,95,67.25,70,1,21.2,62,1.94,3.05400118168,0,1,0,0,0.0516252390057,0.0516252390057,0
603061_2026-05-13,603061,2026-05-13,2026-05-12,2026-05-13,2026-05-14,2026-05-15,BOARD2,9,2026-05-15,0.562311738915,5,FROZEN_ASOF_2026_07_01_RETROSPECTIVE,0.444444444444,0.111111111111,0.555555555556,0.666666666667,0.722222222222,0.555555555556,1,0.555555555556,1,0.0493827160494,0.246913580247,0.37037037037,0.37037037037,0.0617283950617,0.333333333333,1,0,0,18.1164,11.9034,95,64.75,70,1,323,58,2.0612,5.77765232322,0,0,1,0,-0.0068588808541,-0.0068588808541,0
600683_2026-05-13,600683,2026-05-13,2026-05-12,2026-05-13,2026-05-14,2026-05-15,BOARD3,9,2026-05-15,0.558921038881,6,FROZEN_ASOF_2026_07_01_RETROSPECTIVE,0.777777777778,0.666666666667,0.555555555556,0.222222222222,0.722222222222,0.555555555556,0.444444444444,0.222222222222,0.222222222222,0.518518518519,0.432098765432,0.123456790123,0.0493827160494,0.148148148148,0.111111111111,1,0,0,18.7936,15.833,95,59.25,70,1,19.26,46,-1.9596,2.95803040637,0,0,1,0,-0.047619047619,-0.047619047619,0
600076_2026-05-13,600076,2026-05-13,2026-05-12,2026-05-13,2026-05-14,2026-05-15,BOARD3,9,2026-05-15,0.556132511636,7,FROZEN_ASOF_2026_07_01_RETROSPECTIVE,0.222222222222,0.333333333333,0.555555555556,0.888888888889,0.222222222222,0.555555555556,0.111111111111,0.888888888889,0.333333333333,0.0740740740741,0.123456790123,0.493827160494,0.79012345679,0.296296296296,-0.111111111111,1,0,0,16.6117,12.7613,95,66.25,60,1,4.24,64,-1.9335,1.44456326924,0,1,0,0,0.0564705882353,0.0564705882353,0
600488_2026-05-13,600488,2026-05-13,2026-05-12,2026-05-13,2026-05-14,2026-05-15,BOARD2,9,2026-05-15,0.552246315332,8,FROZEN_ASOF_2026_07_01_RETROSPECTIVE,0.111111111111,0.555555555556,0.555555555556,0.333333333333,0.222222222222,0.555555555556,0.222222222222,0.888888888889,0.111111111111,0.0617283950617,0.0617283950617,0.185185185185,0.296296296296,0.493827160494,-0.444444444444,1,0,0,15.5884,14.1435,95,63.25,60,1,7.2,64,-3.6531,1.97408102602,0,1,0,0,0.0198300283286,0.0198300283286,0
000672_2026-05-13,000672,2026-05-13,2026-05-12,2026-05-13,2026-05-14,2026-05-15,BOARD2,9,2026-05-15,0.549301448497,9,FROZEN_ASOF_2026_07_01_RETROSPECTIVE,0.333333333333,1,0.555555555556,0.111111111111,0.222222222222,0.555555555556,0.333333333333,0.111111111111,0.444444444444,0.333333333333,0.185185185185,0.0617283950617,0.0123456790123,0.111111111111,-0.666666666667,1,0,0,17.1827,16.8425,95,58.75,60,1,17.22,32,-1.4348,2.846071499,0,1,0,0,0.0344626168224,0.0344626168224,0
600396_2026-05-14,600396,2026-05-14,2026-05-13,2026-05-14,2026-05-15,2026-05-18,BOARD3,8,2026-05-18,0.596136337333,1,FROZEN_ASOF_2026_07_01_RETROSPECTIVE,1,1,0.5625,0.875,0.625,0.5625,0.875,0.875,0.625,1,0.5625,0.4921875,0.765625,0.875,0,1,0,0,29.5647,23.8028,90,62.5,70,1,16.64,64,-3.03,2.81180943539,1,0,0,0,0.0854430379747,0.07,0
603203_2026-05-14,603203,2026-05-14,2026-05-13,2026-05-14,2026-05-15,2026-05-18,BOARD2,8,2026-05-18,0.594334102441,2,FROZEN_ASOF_2026_07_01_RETROSPECTIVE,0.875,0.75,0.875,1,0.625,0.5625,1,0.875,1,0.65625,0.765625,0.875,0.875,0.65625,0.125,1,0,0,24.6745,17.672,95,64.75,70,1,64.63,64,0.598,4.16867869927,0,0,1,0,-0.00526071483831,-0.00526071483831,0
600172_2026-05-14,600172,2026-05-14,2026-05-13,2026-05-14,2026-05-15,2026-05-18,BOARD3,8,2026-05-18,0.577766641823,3,FROZEN_ASOF_2026_07_01_RETROSPECTIVE,0.75,0.875,0.5625,0.625,0.625,0.5625,0.625,0.625,0.875,0.65625,0.421875,0.3515625,0.390625,0.546875,-0.125,1,0,0,23.9392,21.0058,90,61,70,1,11.83,58,-2.1816,2.47063867799,0,1,0,0,0.0336496980155,0.0336496980155,0
603070_2026-05-14,603070,2026-05-14,2026-05-13,2026-05-14,2026-05-15,2026-05-18,BOARD2,8,2026-05-18,0.564956029444,4,FROZEN_ASOF_2026_07_01_RETROSPECTIVE,0.625,0.625,0.875,0.375,0.625,0.5625,0.75,0.375,0.5,0.390625,0.546875,0.328125,0.140625,0.234375,0,1,0,0,12.0475,10.5643,95,59.25,70,1,16.62,46,-5.6239,2.81060678943,0,1,0,0,0.0683229813665,0.0683229813665,0
000601_2026-05-14,000601,2026-05-14,2026-05-13,2026-05-14,2026-05-15,2026-05-18,BOARD2,8,2026-05-18,0.558488762424,5,FROZEN_ASOF_2026_07_01_RETROSPECTIVE,0.5,0.5,0.875,0.75,0.625,0.5625,0.25,0.375,0.25,0.25,0.4375,0.65625,0.28125,0.1875,0,1,0,0,11.1411,10.0608,95,62.25,70,1,8.23,46,-7.4024,2.10778601469,0,0,1,0,-0.0171358629131,-0.0171358629131,0
000767_2026-05-14,000767,2026-05-14,2026-05-13,2026-05-14,2026-05-15,2026-05-18,BOARD2,8,2026-05-18,0.555439616452,6,FROZEN_ASOF_2026_07_01_RETROSPECTIVE,0.375,0.375,0.3125,0.5,0.625,0.5625,0.125,0.875,0.125,0.140625,0.1171875,0.15625,0.4375,0.328125,0,1,0,0,9.7362,9.2692,75,60.25,70,1,4.7,64,-8.4779,1.54756250872,1,0,0,0,0.0957446808511,0.07,0
002498_2026-05-14,002498,2026-05-14,2026-05-13,2026-05-14,2026-05-15,2026-05-18,BOARD2,8,2026-05-18,0.545542773364,7,FROZEN_ASOF_2026_07_01_RETROSPECTIVE,0.25,0.25,0.3125,0.25,0.625,0.5625,0.375,0.375,0.375,0.0625,0.078125,0.078125,0.09375,0.09375,0,1,0,0,8.3938,8.0735,75,55.25,70,1,10.15,46,-7.0608,2.31747370549,0,0,1,0,-0.0415057915058,-0.0415057915058,0
000925_2026-05-14,000925,2026-05-14,2026-05-13,2026-05-14,2026-05-15,2026-05-18,BOARD2,8,2026-05-18,0.536037689693,8,FROZEN_ASOF_2026_07_01_RETROSPECTIVE,0.125,0.125,0.125,0.125,0.125,0.5625,0.5,0.125,0.75,0.015625,0.015625,0.015625,0.015625,0.015625,0,1,0,0,5.0557,5.0557,65,48.25,60,1,10.66,40,-2.2197,2.36649841874,0,0,1,0,-0.0422680412371,-0.0422680412371,0
002208_2026-05-15,002208,2026-05-15,2026-05-14,2026-05-15,2026-05-18,2026-05-19,BOARD3,11,2026-05-19,0.587389904727,1,FROZEN_ASOF_2026_07_01_RETROSPECTIVE,1,1,0.727272727273,0.409090909091,0.727272727273,0.545454545455,0.454545454545,0.863636363636,0.818181818182,1,0.727272727273,0.297520661157,0.353305785124,0.863636363636,0,1,0,0,30.402,17.5251,95,50.75,70,1,20.76,100,2.6999,3.0330280583,1,0,0,0,0.0998248686515,0.07,0
001210_2026-05-15,001210,2026-05-15,2026-05-14,2026-05-15,2026-05-18,2026-05-19,BOARD2,11,2026-05-19,0.5819568787,2,FROZEN_ASOF_2026_07_01_RETROSPECTIVE,0.909090909091,0.636363636364,0.727272727273,0.590909090909,0.727272727273,0.545454545455,0.727272727273,0.863636363636,0.909090909091,0.578512396694,0.661157024793,0.429752066116,0.510330578512,0.54958677686,0.272727272727,1,0,0,24.3619,12.712,95,52.75,70,1,30.21,100,2.7737,3.4081729954,0,1,0,0,0.0627177700348,0.0627177700348,0
002940_2026-05-15,002940,2026-05-15,2026-05-14,2026-05-15,2026-05-18,2026-05-19,BOARD2,11,2026-05-19,0.581723052462,3,FROZEN_ASOF_2026_07_01_RETROSPECTIVE,0.818181818182,0.727272727273,0.727272727273,0.409090909091,0.727272727273,0.545454545455,0.818181818182,0.863636363636,1,0.595041322314,0.595041322314,0.297520661157,0.353305785124,0.628099173554,0.0909090909091,1,0,0,22.7323,13.2783,95,50.75,70,1,43.23,100,2.8403,3.76653469868,0,1,0,0,0.0470054879504,0.0470054879504,0
603052_2026-05-15,603052,2026-05-15,2026-05-14,2026-05-15,2026-05-18,2026-05-19,BOARD3,11,2026-05-19,0.58121595708,4,FROZEN_ASOF_2026_07_01_RETROSPECTIVE,0.727272727273,0.818181818182,0.727272727273,0.772727272727,0.727272727273,0.545454545455,1,0.545454545455,0.454545454545,0.595041322314,0.528925619835,0.561983471074,0.421487603306,0.446280991736,-0.0909090909091,1,0,0,20.2994,15.6452,95,55.25,70,1,113.47,94,-1.4606,4.7315384848,0,0,1,0,-0.0315454545455,-0.0315454545455,0
603007_2026-05-15,603007,2026-05-15,2026-05-14,2026-05-15,2026-05-18,2026-05-19,BOARD3,11,2026-05-19,0.571160637243,5,FROZEN_ASOF_2026_07_01_RETROSPECTIVE,0.545454545455,0.909090909091,0.727272727273,0.772727272727,0.727272727273,0.545454545455,0.181818181818,0.545454545455,0.545454545455,0.495867768595,0.396694214876,0.561983471074,0.421487603306,0.495867768595,-0.363636363636,1,0,0,17.2105,16.6503,95,55.25,70,1,8.37,94,-1.0365,2.1246538845,0,1,0,0,0.0202140309156,0.0202140309156,0
001223_2026-05-15,001223,2026-05-15,2026-05-14,2026-05-15,2026-05-18,2026-05-19,BOARD2,11,2026-05-19,0.563562419364,6,FROZEN_ASOF_2026_07_01_RETROSPECTIVE,0.454545454545,0.454545454545,0.727272727273,0.909090909091,0.727272727273,0.545454545455,0.909090909091,0.227272727273,0.363636363636,0.206611570248,0.330578512397,0.661157024793,0.206611570248,0.103305785124,0,1,0,0,15.1093,12.4872,95,60.25,70,1,69.8,80,-1.6997,4.24563400977,0,0,1,0,-0.0146305779078,-0.0146305779078,0
002782_2026-05-15,002782,2026-05-15,2026-05-14,2026-05-15,2026-05-18,2026-05-19,BOARD2,11,2026-05-19,0.562338468865,7,FROZEN_ASOF_2026_07_01_RETROSPECTIVE,0.363636363636,0.545454545455,0.727272727273,1,0.727272727273,0.545454545455,0.636363636364,0.227272727273,0.636363636364,0.198347107438,0.264462809917,0.727272727273,0.227272727273,0.123966942149,-0.181818181818,1,0,0,15.0991,12.6098,95,60.75,70,1,25.43,80,-0.6027,3.23592957943,1,0,0,0,0.0849390483681,0.07,0
600903_2026-05-15,600903,2026-05-15,2026-05-14,2026-05-15,2026-05-18,2026-05-19,BOARD2,11,2026-05-19,0.551213475035,8,FROZEN_ASOF_2026_07_01_RETROSPECTIVE,0.636363636364,0.363636363636,0.363636363636,0.181818181818,0.227272727273,0.545454545455,0.0909090909091,0.863636363636,0.727272727273,0.231404958678,0.231404958678,0.0661157024793,0.157024793388,0.314049586777,0.272727272727,1,0,0,18.386,8.6314,75,44.25,60,1,8.01,100,2.3775,2.08069076108,1,0,0,0,0.271653543307,0.07,0
600156_2026-05-15,600156,2026-05-15,2026-05-14,2026-05-15,2026-05-18,2026-05-19,BOARD2,11,2026-05-19,0.54045118162,9,FROZEN_ASOF_2026_07_01_RETROSPECTIVE,0.272727272727,0.272727272727,0.181818181818,0.0909090909091,0.227272727273,0.545454545455,0.272727272727,0.545454545455,0.0909090909091,0.0743801652893,0.0495867768595,0.0165289256198,0.0495867768595,0.148760330579,0,1,0,0,8.3809,5.6507,65,43.75,60,1,13.1,94,-9.4912,2.57261223021,1,0,0,0,0.0793650793651,0.07,0
600857_2026-05-15,600857,2026-05-15,2026-05-14,2026-05-15,2026-05-18,2026-05-19,BOARD2,11,2026-05-19,0.539088165166,10,FROZEN_ASOF_2026_07_01_RETROSPECTIVE,0.181818181818,0.181818181818,0.181818181818,0.272727272727,0.227272727273,0.545454545455,0.363636363636,0.363636363636,0.272727272727,0.0330578512397,0.0330578512397,0.0495867768595,0.099173553719,0.0661157024793,0,1,0,0,5.085,5.085,65,45.25,60,1,13.97,86,-2.0613,2.63691217327,1,0,0,0,0.125475285171,0.07,0
603093_2026-05-15,603093,2026-05-15,2026-05-14,2026-05-15,2026-05-18,2026-05-19,BOARD2,11,2026-05-19,0.537433486082,11,FROZEN_ASOF_2026_07_01_RETROSPECTIVE,0.0909090909091,0.0909090909091,0.181818181818,0.590909090909,0.227272727273,0.545454545455,0.545454545455,0.0909090909091,0.181818181818,0.00826446280992,0.0165289256198,0.107438016529,0.0537190082645,0.00826446280992,0,1,0,0,5.0401,5.0401,65,52.75,60,1,23.3,66,-3.4919,3.14845336057,1,0,0,0,0.0962138084633,0.07,0
002971_2026-05-18,002971,2026-05-18,2026-05-15,2026-05-18,2026-05-19,2026-05-20,BOARD2,1,2026-05-20,0.576350263933,1,FROZEN_ASOF_2026_07_01_RETROSPECTIVE,1,1,1,1,1,1,1,1,1,1,1,1,1,1,0,0,0,1,17.0927,12.0493,95,55.25,70,3,40.63,94,-3.6679,3.70450671,0,1,0,0,0.046664909043,0.046664909043,0
003018_2026-05-19,003018,2026-05-19,2026-05-18,2026-05-19,2026-05-20,2026-05-21,BOARD3,4,2026-05-21,0.584992481466,1,FROZEN_ASOF_2026_07_01_RETROSPECTIVE,1,1,0.875,1,0.625,0.625,1,0.25,0.25,1,0.875,0.875,0.25,0.25,0,1,0,0,23.4407,19.0786,95,63.25,70,1,66.5,84,-1.617,4.19720194766,1,0,0,0,0.0713531452708,0.07,0
601678_2026-05-19,601678,2026-05-19,2026-05-18,2026-05-19,2026-05-20,2026-05-21,BOARD2,4,2026-05-21,0.573614417425,2,FROZEN_ASOF_2026_07_01_RETROSPECTIVE,0.75,0.75,0.875,0.75,0.625,0.625,0.5,0.5,0.5,0.5625,0.65625,0.65625,0.375,0.375,0,1,0,0,14.0593,10.5583,95,56.75,70,1,6.19,88,0.1665,1.8229350867,0,1,0,0,0.0402576489533,0.0402576489533,0
601133_2026-05-19,601133,2026-05-19,2026-05-18,2026-05-19,2026-05-20,2026-05-21,BOARD2,4,2026-05-21,0.561692330351,3,FROZEN_ASOF_2026_07_01_RETROSPECTIVE,0.25,0.25,0.375,0.5,0.625,0.625,0.75,0.875,1,0.0625,0.09375,0.1875,0.4375,0.21875,0,1,0,0,12.9984,7.8841,75,45.75,70,1,30.27,96,1.3885,3.41015712303,1,0,0,0,0.190651085142,0.07,0
002374_2026-05-19,002374,2026-05-19,2026-05-18,2026-05-19,2026-05-20,2026-05-21,BOARD2,4,2026-05-21,0.560196239285,4,FROZEN_ASOF_2026_07_01_RETROSPECTIVE,0.5,0.5,0.375,0.25,0.625,0.625,0.25,0.875,0.75,0.25,0.1875,0.09375,0.21875,0.4375,0,1,0,0,13.4604,8.9934,75,45.25,70,1,3.81,96,0.2745,1.33762918914,0,1,0,0,0.0236842105263,0.0236842105263,0
603115_2026-05-20,603115,2026-05-20,2026-05-19,2026-05-20,2026-05-21,2026-05-22,BOARD2,10,2026-05-22,0.585708682354,1,FROZEN_ASOF_2026_07_01_RETROSPECTIVE,0.9,0.9,0.6,0.45,0.75,0.55,1,0.7,0.8,0.81,0.54,0.27,0.315,0.63,0,1,0,0,31.9366,23.0372,90,53.5,70,1,97.55,92,1.9537,4.58036506707,1,0,0,0,0.205409887035,0.07,0
002208_2026-05-20,002208,2026-05-20,2026-05-19,2026-05-20,2026-05-21,2026-05-22,BOARD2,10,2026-05-22,0.585511913589,2,FROZEN_ASOF_2026_07_01_RETROSPECTIVE,1,0.8,0.6,0.45,0.75,0.55,0.7,0.9,0.9,0.8,0.6,0.27,0.405,0.72,0.2,1,0,0,34.5114,22.6091,90,53.5,70,1,25.88,100,3.2354,3.25347046963,0,0,1,1,-0.0725490196078,-0.0725490196078,0
603311_2026-05-20,603311,2026-05-20,2026-05-19,2026-05-20,2026-05-21,2026-05-22,BOARD3,10,2026-05-22,0.580576731165,3,FROZEN_ASOF_2026_07_01_RETROSPECTIVE,0.7,0.7,0.9,0.7,0.25,0.55,0.8,0.9,1,0.49,0.63,0.63,0.63,0.63,0,1,0,0,27.5183,13.7012,95,54.25,60,1,28.61,100,3.9382,3.35375630706,1,0,0,0,0.172352523099,0.07,0
603989_2026-05-20,603989,2026-05-20,2026-05-19,2026-05-20,2026-05-21,2026-05-22,BOARD2,10,2026-05-22,0.568992198604,4,FROZEN_ASOF_2026_07_01_RETROSPECTIVE,0.6,0.6,0.9,0.1,0.75,0.55,0.6,0.9,0.7,0.36,0.54,0.09,0.09,0.54,0,1,0,0,17.9358,11.7431,95,48.75,70,1,25.71,100,0.7903,3.24688002128,1,0,0,0,0.11015625,0.07,0
600903_2026-05-20,600903,2026-05-20,2026-05-19,2026-05-20,2026-05-21,2026-05-22,BOARD2,10,2026-05-22,0.56609914104,5,FROZEN_ASOF_2026_07_01_RETROSPECTIVE,0.8,1,0.6,0.2,0.25,0.55,0.2,0.6,0.3,0.8,0.48,0.12,0.12,0.6,-0.2,1,0,0,28.4296,28.0376,90,50,60,1,9.83,86,-5.1717,2.28543893416,1,0,0,0,0.145317545748,0.07,0
605218_2026-05-20,605218,2026-05-20,2026-05-19,2026-05-20,2026-05-21,2026-05-22,BOARD2,10,2026-05-22,0.557442245298,6,FROZEN_ASOF_2026_07_01_RETROSPECTIVE,0.4,0.5,0.9,1,0.75,0.55,0.4,0.1,0.4,0.2,0.36,0.9,0.1,0.05,-0.1,1,0,0,10.905,10.4811,95,63.75,70,1,20.93,70,-2.2879,3.04118353646,0,0,1,0,-0.0201499531396,-0.0201499531396,0
002552_2026-05-20,002552,2026-05-20,2026-05-19,2026-05-20,2026-05-21,2026-05-22,BOARD2,10,2026-05-22,0.557104614451,7,FROZEN_ASOF_2026_07_01_RETROSPECTIVE,0.5,0.3,0.25,0.3,0.75,0.55,0.9,0.4,0.6,0.15,0.125,0.075,0.12,0.12,0.2,1,0,0,13.6536,9.4904,75,53.25,70,1,37.4,84,0.4709,3.62167070442,1,0,0,0,0.0844226579521,0.07,0
600850_2026-05-20,600850,2026-05-20,2026-05-19,2026-05-20,2026-05-21,2026-05-22,BOARD2,10,2026-05-22,0.551080925366,8,FROZEN_ASOF_2026_07_01_RETROSPECTIVE,0.3,0.4,0.25,0.6,0.75,0.55,0.5,0.2,0.5,0.12,0.075,0.15,0.12,0.08,-0.1,1,0,0,10.7992,9.6666,75,53.75,70,1,22.5,80,-2.129,3.11351530921,0,1,0,0,0.038338658147,0.038338658147,0
603206_2026-05-20,603206,2026-05-20,2026-05-19,2026-05-20,2026-05-21,2026-05-22,BOARD2,10,2026-05-22,0.543982854362,9,FROZEN_ASOF_2026_07_01_RETROSPECTIVE,0.2,0.2,0.25,0.85,0.25,0.55,0.3,0.4,0.1,0.04,0.05,0.2125,0.34,0.08,0,1,0,0,9.7728,9.2253,75,55.25,60,1,20.05,84,-7.8205,2.99822915375,0,0,1,0,-0.00410888546482,-0.00410888546482,0
600758_2026-05-20,600758,2026-05-20,2026-05-19,2026-05-20,2026-05-21,2026-05-22,BOARD2,10,2026-05-22,0.539615373547,10,FROZEN_ASOF_2026_07_01_RETROSPECTIVE,0.1,0.1,0.25,0.85,0.25,0.55,0.1,0.4,0.2,0.01,0.025,0.2125,0.34,0.04,0,1,0,0,8.7055,6.9012,75,55.25,60,1,4.82,84,-6.5901,1.57277392806,0,1,0,0,0.0168067226891,0.0168067226891,0
603938_2026-05-21,603938,2026-05-21,2026-05-20,2026-05-21,2026-05-22,2026-05-25,BOARD3,6,2026-05-25,0.57793405954,1,FROZEN_ASOF_2026_07_01_RETROSPECTIVE,0.666666666667,0.833333333333,0.666666666667,0.5,0.75,0.583333333333,0.666666666667,0.75,0.5,0.555555555556,0.444444444444,0.333333333333,0.375,0.625,-0.166666666667,1,0,0,17.3904,16.0443,95,56.75,70,1,50.58,86,-5.3166,3.92355624124,0,0,1,0,-0.0416666666667,-0.0416666666667,0
605288_2026-05-21,605288,2026-05-21,2026-05-20,2026-05-21,2026-05-22,2026-05-25,BOARD2,6,2026-05-25,0.576764645628,2,FROZEN_ASOF_2026_07_01_RETROSPECTIVE,1,0.5,0.666666666667,0.166666666667,0.75,0.583333333333,0.833333333333,1,1,0.5,0.666666666667,0.111111111111,0.166666666667,0.5,0.5,1,0,0,26.8076,12.057,95,52.25,70,1,113.65,100,5.6207,4.7331235503,0,1,0,0,0.0422794117647,0.0422794117647,0
600563_2026-05-21,600563,2026-05-21,2026-05-20,2026-05-21,2026-05-22,2026-05-25,BOARD2,6,2026-05-25,0.573689709853,3,FROZEN_ASOF_2026_07_01_RETROSPECTIVE,0.5,0.666666666667,0.666666666667,0.333333333333,0.75,0.583333333333,1,0.75,0.666666666667,0.333333333333,0.333333333333,0.222222222222,0.25,0.5,-0.166666666667,1,0,0,14.9394,13.3643,95,54.75,70,1,158.36,86,-4.3053,5.06487092224,1,0,0,0,0.103625,0.07,0
000417_2026-05-21,000417,2026-05-21,2026-05-20,2026-05-21,2026-05-22,2026-05-25,BOARD3,6,2026-05-25,0.571042880273,4,FROZEN_ASOF_2026_07_01_RETROSPECTIVE,0.833333333333,1,0.666666666667,1,0.25,0.583333333333,0.166666666667,0.416666666667,0.166666666667,0.833333333333,0.555555555556,0.666666666667,0.416666666667,0.416666666667,-0.166666666667,1,0,0,18.7349,17.587,95,59.75,60,1,9.31,84,-6.8158,2.23108909129,1,0,0,0,0.101020408163,0.07,0
002782_2026-05-21,002782,2026-05-21,2026-05-20,2026-05-21,2026-05-22,2026-05-25,BOARD2,6,2026-05-25,0.552984240934,5,FROZEN_ASOF_2026_07_01_RETROSPECTIVE,0.333333333333,0.333333333333,0.666666666667,0.666666666667,0.25,0.583333333333,0.5,0.416666666667,0.833333333333,0.111111111111,0.222222222222,0.444444444444,0.277777777778,0.138888888889,0,1,0,0,11.4757,10.8827,95,57.75,60,1,28.2,84,-4.1461,3.33932197794,0,1,0,0,0.039652173913,0.039652173913,0
002272_2026-05-21,002272,2026-05-21,2026-05-20,2026-05-21,2026-05-22,2026-05-25,BOARD3,6,2026-05-25,0.544718249777,6,FROZEN_ASOF_2026_07_01_RETROSPECTIVE,0.166666666667,0.166666666667,0.166666666667,0.833333333333,0.75,0.583333333333,0.333333333333,0.166666666667,0.333333333333,0.0277777777778,0.0277777777778,0.138888888889,0.138888888889,0.0277777777778,0,1,0,0,8.198,8.198,75,59.25,70,1,22.45,76,-5.6735,3.11129061419,1,0,0,0,0.0904325032765,0.07,0
003004_2026-05-22,003004,2026-05-22,2026-05-21,2026-05-22,2026-05-25,2026-05-26,BOARD2,1,2026-05-26,0.612630795086,1,FROZEN_ASOF_2026_07_01_RETROSPECTIVE,1,1,1,1,1,1,1,1,1,1,1,1,1,1,0,1,0,0,17.4113,8.9237,75,44.25,60,1,49.8,100,2.2117,3.90801498403,1,0,0,0,0.126801152738,0.07,0
000725_2026-05-25,000725,2026-05-25,2026-05-22,2026-05-25,2026-05-26,2026-05-27,BOARD2,8,2026-05-27,0.546241150492,1,FROZEN_ASOF_2026_07_01_RETROSPECTIVE,0.75,0.875,0.75,0.625,0.75,0.5625,0.375,0.875,1,0.65625,0.5625,0.46875,0.546875,0.765625,-0.125,0,0,1,18.0027,13.3005,95,52.75,70,3,5.27,96,0.9286,1.66203036255,1,0,0,0,0.166666666667,0.07,0
600611_2026-05-25,600611,2026-05-25,2026-05-22,2026-05-25,2026-05-26,2026-05-27,BOARD3,8,2026-05-27,0.54369267957,2,FROZEN_ASOF_2026_07_01_RETROSPECTIVE,1,1,0.75,0.5,0.25,0.5625,0.5,0.6875,0.75,1,0.75,0.375,0.34375,0.6875,0,0,0,1,22.4327,16.65,95,49.75,60,3,6.14,94,-1.2768,1.81482474216,0,0,1,1,-0.0594227504244,-0.0594227504244,0
002036_2026-05-25,002036,2026-05-25,2026-05-22,2026-05-25,2026-05-26,2026-05-27,BOARD2,8,2026-05-27,0.533384492983,3,FROZEN_ASOF_2026_07_01_RETROSPECTIVE,0.5,0.625,0.75,0.75,0.75,0.5625,0.75,0.5,0.625,0.3125,0.375,0.5625,0.375,0.3125,-0.125,0,0,1,13.857,11.7608,95,56.25,70,3,10.32,88,-1.713,2.33408376005,0,1,0,0,0.0373563218391,0.0373563218391,0
002442_2026-05-25,002442,2026-05-25,2026-05-22,2026-05-25,2026-05-26,2026-05-27,BOARD3,8,2026-05-27,0.529508998272,4,FROZEN_ASOF_2026_07_01_RETROSPECTIVE,0.875,0.75,0.75,1,0.25,0.5625,0.625,0.1875,0.25,0.65625,0.65625,0.75,0.1875,0.140625,0.125,0,0,1,18.312,13.1876,95,62.25,60,3,7.85,84,-4.0951,2.06051353179,0,1,0,0,0.00251256281407,0.00251256281407,0
001225_2026-05-25,001225,2026-05-25,2026-05-22,2026-05-25,2026-05-26,2026-05-27,BOARD2,8,2026-05-27,0.524174635789,5,FROZEN_ASOF_2026_07_01_RETROSPECTIVE,0.375,0.5,0.75,0.875,0.75,0.5625,0.875,0.1875,0.125,0.1875,0.28125,0.65625,0.1640625,0.09375,-0.125,0,0,1,12.1033,10.7503,95,58.75,70,3,58,84,-4.2546,4.06044301055,0,1,0,0,0.0492430833478,0.0492430833478,0
000012_2026-05-25,000012,2026-05-25,2026-05-22,2026-05-25,2026-05-26,2026-05-27,BOARD2,8,2026-05-27,0.523747773652,6,FROZEN_ASOF_2026_07_01_RETROSPECTIVE,0.625,0.375,0.25,0.25,0.75,0.5625,0.25,1,0.875,0.234375,0.15625,0.0625,0.25,0.375,0.25,0,0,1,16.7513,9.1371,75,45.75,70,3,4.6,100,0.4684,1.5260563035,0,1,0,0,0.0617848970252,0.0617848970252,0
002931_2026-05-25,002931,2026-05-25,2026-05-22,2026-05-25,2026-05-26,2026-05-27,BOARD2,8,2026-05-27,0.517889242153,7,FROZEN_ASOF_2026_07_01_RETROSPECTIVE,0.125,0.25,0.25,0.125,0.75,0.5625,1,0.6875,0.375,0.03125,0.03125,0.03125,0.0859375,0.171875,-0.125,0,0,1,8.0941,7.7432,75,45.25,70,3,64.69,94,-3.7493,4.16960663006,0,1,0,0,0.0478995504573,0.0478995504573,0
600303_2026-05-25,600303,2026-05-25,2026-05-22,2026-05-25,2026-05-26,2026-05-27,BOARD2,8,2026-05-27,0.500508063321,8,FROZEN_ASOF_2026_07_01_RETROSPECTIVE,0.25,0.125,0.25,0.375,0.25,0.5625,0.125,0.375,0.5,0.03125,0.0625,0.09375,0.140625,0.046875,0.125,0,0,1,10.8799,7.61,75,48.75,60,3,3.73,86,-1.9802,1.31640823366,0,1,0,0,0.00546448087432,0.00546448087432,0
000636_2026-05-26,000636,2026-05-26,2026-05-25,2026-05-26,2026-05-27,2026-05-28,BOARD2,18,2026-05-28,0.585170017023,1,FROZEN_ASOF_2026_07_01_RETROSPECTIVE,0.944444444444,0.944444444444,0.722222222222,0.277777777778,0.777777777778,0.527777777778,0.611111111111,0.916666666667,0.444444444444,0.891975308642,0.682098765432,0.200617283951,0.25462962963,0.865740740741,0,1,0,0,24.2995,19.7687,95,50.75,70,1,41.7,94,-0.2993,3.7305011288,1,0,0,0,0.158095238095,0.07,0
002938_2026-05-26,002938,2026-05-26,2026-05-25,2026-05-26,2026-05-27,2026-05-28,BOARD2,18,2026-05-28,0.584557391826,2,FROZEN_ASOF_2026_07_01_RETROSPECTIVE,0.777777777778,0.777777777778,0.722222222222,0.5,0.777777777778,0.527777777778,0.888888888889,0.916666666667,0.5,0.604938271605,0.561728395062,0.361111111111,0.458333333333,0.712962962963,0,1,0,0,20.8824,16.6307,95,52.25,70,1,116,94,-0.2981,4.75359019111,0,0,1,0,-0.0224137931034,-0.0224137931034,0
603256_2026-05-26,603256,2026-05-26,2026-05-25,2026-05-26,2026-05-27,2026-05-28,BOARD2,18,2026-05-28,0.583496016622,3,FROZEN_ASOF_2026_07_01_RETROSPECTIVE,0.833333333333,0.722222222222,0.722222222222,0.555555555556,0.777777777778,0.527777777778,1,0.75,0.777777777778,0.601851851852,0.601851851852,0.401234567901,0.416666666667,0.541666666667,0.111111111111,1,0,0,22.6572,14.3867,95,52.75,70,1,183.9,92,0.7899,5.21439213161,1,0,0,0,0.0785286103542,0.07,0
603663_2026-05-26,603663,2026-05-26,2026-05-25,2026-05-26,2026-05-27,2026-05-28,BOARD2,18,2026-05-28,0.582297614395,4,FROZEN_ASOF_2026_07_01_RETROSPECTIVE,0.888888888889,0.833333333333,0.722222222222,0.277777777778,0.777777777778,0.527777777778,0.666666666667,0.916666666667,0.611111111111,0.740740740741,0.641975308642,0.200617283951,0.25462962963,0.763888888889,0.0555555555556,1,0,0,24.2752,18.3919,95,50.75,70,1,58.3,94,0.1145,4.06560209336,1,0,0,0,0.123469387755,0.07,0
603661_2026-05-26,603661,2026-05-26,2026-05-25,2026-05-26,2026-05-27,2026-05-28,BOARD3,18,2026-05-28,0.575789666463,5,FROZEN_ASOF_2026_07_01_RETROSPECTIVE,1,1,0.388888888889,0.444444444444,0.277777777778,0.527777777778,0.555555555556,0.638888888889,0.222222222222,1,0.388888888889,0.172839506173,0.283950617284,0.638888888889,0,1,0,0,24.6797,23.5817,90,52,60,1,37.47,88,-3.6801,3.62354061281,0,0,1,0,-0.00778097982709,-0.00778097982709,0
002421_2026-05-26,002421,2026-05-26,2026-05-25,2026-05-26,2026-05-27,2026-05-28,BOARD2,18,2026-05-28,0.570115712026,6,FROZEN_ASOF_2026_07_01_RETROSPECTIVE,0.722222222222,0.888888888889,0.722222222222,0.388888888889,0.277777777778,0.527777777778,0.111111111111,0.916666666667,0.111111111111,0.641975308642,0.521604938272,0.280864197531,0.356481481481,0.814814814815,-0.166666666667,1,0,0,20.4351,19.1401,95,51.25,60,1,4.65,94,-4.2148,1.5368672196,0,1,0,0,0.0553191489362,0.0553191489362,0
603936_2026-05-26,603936,2026-05-26,2026-05-25,2026-05-26,2026-05-27,2026-05-28,BOARD2,18,2026-05-28,0.567862047562,7,FROZEN_ASOF_2026_07_01_RETROSPECTIVE,0.666666666667,0.611111111111,0.722222222222,0.277777777778,0.777777777778,0.527777777778,0.388888888889,0.75,0.833333333333,0.407407407407,0.481481481481,0.200617283951,0.208333333333,0.458333333333,0.0555555555556,1,0,0,18.8998,13.0998,95,50.75,70,1,26.24,92,0.8162,3.26728496408,0,1,0,0,0.00308641975309,0.00308641975309,0
002432_2026-05-26,002432,2026-05-26,2026-05-25,2026-05-26,2026-05-27,2026-05-28,BOARD2,18,2026-05-28,0.562217403207,8,FROZEN_ASOF_2026_07_01_RETROSPECTIVE,0.611111111111,0.444444444444,0.722222222222,0.888888888889,0.277777777778,0.527777777778,0.777777777778,0.305555555556,0.888888888889,0.271604938272,0.441358024691,0.641975308642,0.271604938272,0.135802469136,0.166666666667,1,0,0,17.2464,11.5492,95,62.25,60,1,91.58,78,1.2708,4.51721290723,0,0,1,1,-0.0606593406593,-0.0606593406593,0
002741_2026-05-26,002741,2026-05-26,2026-05-25,2026-05-26,2026-05-27,2026-05-28,BOARD2,18,2026-05-28,0.561627693974,9,FROZEN_ASOF_2026_07_01_RETROSPECTIVE,0.444444444444,0.5,0.722222222222,0.722222222222,0.277777777778,0.527777777778,0.444444444444,0.638888888889,0.722222222222,0.222222222222,0.320987654321,0.521604938272,0.461419753086,0.319444444444,-0.0555555555556,1,0,0,15.1642,11.6433,95,55.75,60,1,28.13,88,0.6027,3.3368366225,1,0,0,0,0.120460266091,0.07,0
600186_2026-05-26,600186,2026-05-26,2026-05-25,2026-05-26,2026-05-27,2026-05-28,BOARD2,18,2026-05-28,0.559153869433,10,FROZEN_ASOF_2026_07_01_RETROSPECTIVE,0.555555555556,0.666666666667,0.722222222222,0.944444444444,0.277777777778,0.527777777778,0.222222222222,0.305555555556,0.666666666667,0.37037037037,0.401234567901,0.682098765432,0.288580246914,0.203703703704,-0.111111111111,1,0,0,16.468,13.1126,95,62.75,60,1,13.19,78,0.4378,2.57945896673,0,0,1,1,-0.12433661865,-0.12433661865,0
002897_2026-05-26,002897,2026-05-26,2026-05-25,2026-05-26,2026-05-27,2026-05-28,BOARD2,18,2026-05-28,0.55638603394,11,FROZEN_ASOF_2026_07_01_RETROSPECTIVE,0.333333333333,0.388888888889,0.722222222222,0.722222222222,0.277777777778,0.527777777778,0.722222222222,0.444444444444,0.277777777778,0.12962962963,0.240740740741,0.521604938272,0.320987654321,0.172839506173,-0.0555555555556,1,0,0,12.3704,11.0297,95,55.75,60,1,81.3,84,-3.027,4.39814601655,0,1,0,0,0.0274577102231,0.0274577102231,0
605580_2026-05-26,605580,2026-05-26,2026-05-25,2026-05-26,2026-05-27,2026-05-28,BOARD2,18,2026-05-28,0.553736069451,12,FROZEN_ASOF_2026_07_01_RETROSPECTIVE,0.5,0.222222222222,0.277777777778,0.611111111111,0.777777777778,0.527777777778,0.333333333333,0.444444444444,0.944444444444,0.111111111111,0.138888888889,0.16975308642,0.271604938272,0.0987654320988,0.277777777778,1,0,0,16.003,6.7765,75,53.75,70,1,25.9,84,1.8742,3.25424296871,1,0,0,0,0.1272,0.07,0
002980_2026-05-26,002980,2026-05-26,2026-05-25,2026-05-26,2026-05-27,2026-05-28,BOARD2,18,2026-05-28,0.552090280037,13,FROZEN_ASOF_2026_07_01_RETROSPECTIVE,0.166666666667,0.333333333333,0.277777777778,0.833333333333,0.777777777778,0.527777777778,0.833333333333,0.138888888889,0.0555555555556,0.0555555555556,0.0462962962963,0.231481481481,0.115740740741,0.0462962962963,-0.166666666667,1,0,0,8.6272,8.3638,75,59.25,70,1,115.5,74,-4.5949,4.74927052996,0,1,0,0,0.0574722997928,0.0574722997928,0
603001_2026-05-26,603001,2026-05-26,2026-05-25,2026-05-26,2026-05-27,2026-05-28,BOARD2,18,2026-05-28,0.551940450496,14,FROZEN_ASOF_2026_07_01_RETROSPECTIVE,0.388888888889,0.555555555556,0.722222222222,1,0.277777777778,0.527777777778,0.166666666667,0.222222222222,0.333333333333,0.216049382716,0.280864197531,0.722222222222,0.222222222222,0.123456790123,-0.166666666667,1,0,0,14.6652,11.796,95,65.25,60,1,10.79,76,-2.3895,2.37861977927,0,1,0,0,0.000943396226415,0.000943396226415,0
002975_2026-05-26,002975,2026-05-26,2026-05-25,2026-05-26,2026-05-27,2026-05-28,BOARD2,18,2026-05-28,0.54983058339,15,FROZEN_ASOF_2026_07_01_RETROSPECTIVE,0.111111111111,0.166666666667,0.166666666667,0.722222222222,0.777777777778,0.527777777778,0.944444444444,0.138888888889,0.166666666667,0.0185185185185,0.0185185185185,0.12037037037,0.100308641975,0.0231481481481,-0.0555555555556,1,0,0,6.507,4.8711,65,55.75,70,1,126.95,74,-4.167,4.84379330815,0,1,0,0,0.0652070442646,0.0652070442646,0
600503_2026-05-26,600503,2026-05-26,2026-05-25,2026-05-26,2026-05-27,2026-05-28,BOARD2,18,2026-05-28,0.54491559764,16,FROZEN_ASOF_2026_07_01_RETROSPECTIVE,0.222222222222,0.277777777778,0.277777777778,0.166666666667,0.777777777778,0.527777777778,0.0555555555556,0.555555555556,0.388888888889,0.0617283950617,0.0617283950617,0.0462962962963,0.0925925925926,0.154320987654,-0.0555555555556,1,0,0,8.9494,7.393,75,49.25,70,1,2.8,86,-2.0826,1.02961941718,0,1,0,0,0.0321428571429,0.0321428571429,0
600234_2026-05-26,600234,2026-05-26,2026-05-25,2026-05-26,2026-05-27,2026-05-28,BOARD2,18,2026-05-28,0.542203462811,17,FROZEN_ASOF_2026_07_01_RETROSPECTIVE,0.277777777778,0.111111111111,0.111111111111,0.111111111111,0.277777777778,0.527777777778,0.5,0.444444444444,1,0.0308641975309,0.0308641975309,0.0123456790123,0.0493827160494,0.0493827160494,0.166666666667,1,0,0,9.2933,2.0961,55,43.75,60,1,29.46,84,2.0778,3.38303341103,0,0,1,1,-0.0880968392737,-0.0880968392737,0
600539_2026-05-26,600539,2026-05-26,2026-05-25,2026-05-26,2026-05-27,2026-05-28,BOARD2,18,2026-05-28,0.531855689559,18,FROZEN_ASOF_2026_07_01_RETROSPECTIVE,0.0555555555556,0.0555555555556,0.0555555555556,0.0555555555556,0.277777777778,0.527777777778,0.277777777778,0.0555555555556,0.555555555556,0.00308641975309,0.00308641975309,0.00308641975309,0.00308641975309,0.00308641975309,0,1,0,0,1.9816,-2.5622,40,42.5,60,1,16.16,56,-0.1828,2.78253905309,0,1,0,0,0.0260869565217,0.0260869565217,0
003036_2026-05-27,003036,2026-05-27,2026-05-26,2026-05-27,2026-05-28,2026-05-29,BOARD2,10,2026-05-29,0.579674840716,1,FROZEN_ASOF_2026_07_01_RETROSPECTIVE,1,0.8,0.4,0.75,0.65,0.55,0.9,0.45,1,0.8,0.4,0.3,0.3375,0.36,0.2,1,0,0,30.1095,20.5825,90,59,70,1,64.87,84,2.0952,4.17238526722,1,0,0,0,0.244761904762,0.07,0
600584_2026-05-27,600584,2026-05-27,2026-05-26,2026-05-27,2026-05-28,2026-05-29,BOARD2,10,2026-05-29,0.578688835053,2,FROZEN_ASOF_2026_07_01_RETROSPECTIVE,0.7,1,0.4,0.75,0.65,0.55,1,0.45,0.3,0.7,0.28,0.3,0.3375,0.45,-0.3,1,0,0,24.5159,20.6717,90,59,70,1,86.16,84,-3.9717,4.45620603285,1,0,0,0,0.0814359715697,0.07,0
002552_2026-05-27,002552,2026-05-27,2026-05-26,2026-05-27,2026-05-28,2026-05-29,BOARD3,10,2026-05-29,0.574031209115,3,FROZEN_ASOF_2026_07_01_RETROSPECTIVE,0.9,0.6,0.8,0.2,0.65,0.55,0.7,0.85,0.8,0.54,0.72,0.16,0.17,0.51,0.3,1,0,0,27.5624,16.1264,95,50.75,70,1,50.53,92,0.6413,3.9225672193,1,0,0,0,0.222996515679,0.07,0
000510_2026-05-27,000510,2026-05-27,2026-05-26,2026-05-27,2026-05-28,2026-05-29,BOARD3,10,2026-05-29,0.56917826292,4,FROZEN_ASOF_2026_07_01_RETROSPECTIVE,0.6,0.7,0.8,0.5,0.65,0.55,0.4,0.7,0.4,0.42,0.48,0.4,0.35,0.49,-0.1,1,0,0,19.2448,18.5823,95,56.25,70,1,18,88,-3.1461,2.8903717579,0,1,0,0,0.00334821428571,0.00334821428571,0
002185_2026-05-27,002185,2026-05-27,2026-05-26,2026-05-27,2026-05-28,2026-05-29,BOARD2,10,2026-05-29,0.566381691165,5,FROZEN_ASOF_2026_07_01_RETROSPECTIVE,0.8,0.9,0.4,0.6,0.65,0.55,0.5,0.2,0.6,0.72,0.32,0.24,0.12,0.18,-0.1,1,0,0,25.2798,20.6168,90,58.5,70,1,20.15,80,-0.214,3.00320428839,0,1,0,0,0.0669975186104,0.0669975186104,0
002957_2026-05-27,002957,2026-05-27,2026-05-26,2026-05-27,2026-05-28,2026-05-29,BOARD2,10,2026-05-29,0.556474398589,6,FROZEN_ASOF_2026_07_01_RETROSPECTIVE,0.5,0.2,0.2,0.1,0.65,0.55,0.8,0.85,0.7,0.1,0.1,0.02,0.085,0.17,0.3,1,0,0,18.792,9.6607,75,48.25,70,1,56.33,92,0.3154,4.03122725291,1,0,0,0,0.212845673506,0.07,0
002585_2026-05-27,002585,2026-05-27,2026-05-26,2026-05-27,2026-05-28,2026-05-29,BOARD3,10,2026-05-29,0.555832988994,7,FROZEN_ASOF_2026_07_01_RETROSPECTIVE,0.4,0.4,0.8,0.3,0.15,0.55,0.2,1,0.9,0.16,0.32,0.24,0.3,0.4,0,1,0,0,17.6149,12.1444,95,51.25,60,1,10.75,100,0.885,2.37490575457,1,0,0,0,0.0986590038314,0.07,0
600172_2026-05-27,600172,2026-05-27,2026-05-26,2026-05-27,2026-05-28,2026-05-29,BOARD3,10,2026-05-29,0.553539082659,8,FROZEN_ASOF_2026_07_01_RETROSPECTIVE,0.3,0.5,0.8,1,0.65,0.55,0.3,0.1,0.5,0.15,0.24,0.8,0.1,0.05,-0.2,1,0,0,15.3011,12.9551,95,63.75,70,1,13.27,70,-0.653,2.58550584834,1,0,0,0,0.21482602118,0.07,0
002388_2026-05-27,002388,2026-05-27,2026-05-26,2026-05-27,2026-05-28,2026-05-29,BOARD2,10,2026-05-29,0.547005127834,9,FROZEN_ASOF_2026_07_01_RETROSPECTIVE,0.2,0.3,0.8,0.9,0.15,0.55,0.1,0.45,0.1,0.06,0.16,0.72,0.405,0.135,-0.1,1,0,0,10.4735,10.4735,95,59.25,60,1,6.16,84,-6.3909,1.81807677755,0,1,0,0,0.0187074829932,0.0187074829932,0
600520_2026-05-27,600520,2026-05-27,2026-05-26,2026-05-27,2026-05-28,2026-05-29,BOARD2,10,2026-05-29,0.545749783932,10,FROZEN_ASOF_2026_07_01_RETROSPECTIVE,0.1,0.1,0.1,0.4,0.65,0.55,0.6,0.45,0.2,0.01,0.01,0.04,0.18,0.045,0,1,0,0,6.2512,4.2073,65,52.75,70,1,33.79,84,-4.9308,3.52016490073,0,1,0,0,0.0330961954841,0.0330961954841,0
002771_2026-05-28,002771,2026-05-28,2026-05-27,2026-05-28,2026-05-29,2026-06-01,BOARD2,4,2026-06-01,0.582349426681,1,FROZEN_ASOF_2026_07_01_RETROSPECTIVE,1,0.75,0.5,0.25,0.625,0.625,0.75,1,1,0.75,0.5,0.125,0.25,0.75,0.25,1,0,0,13.4713,9.603,75,45.25,70,1,16.72,96,0.6157,2.81660560766,1,0,0,0,0.0943396226415,0.07,0
002251_2026-05-28,002251,2026-05-28,2026-05-27,2026-05-28,2026-05-29,2026-06-01,BOARD2,4,2026-06-01,0.57951007648,2,FROZEN_ASOF_2026_07_01_RETROSPECTIVE,0.75,1,1,0.75,0.625,0.625,0.25,0.625,0.25,0.75,0.75,0.75,0.46875,0.625,-0.25,1,0,0,12.2346,11.4762,95,52.25,70,1,4.44,94,-3.2683,1.49065437644,1,0,0,0,0.168539325843,0.07,0
001257_2026-05-28,001257,2026-05-28,2026-05-27,2026-05-28,2026-05-29,2026-06-01,BOARD2,4,2026-06-01,0.565905755985,3,FROZEN_ASOF_2026_07_01_RETROSPECTIVE,0.5,0.5,0.5,1,0.625,0.625,1,0.25,0.75,0.25,0.25,0.5,0.25,0.125,0,1,0,0,10.506,7.7433,75,68.75,70,1,28,80,-1.468,3.33220451018,0,0,1,1,-0.0676771237222,-0.0676771237222,0
000759_2026-05-28,000759,2026-05-28,2026-05-27,2026-05-28,2026-05-29,2026-06-01,BOARD2,4,2026-06-01,0.554207710596,4,FROZEN_ASOF_2026_07_01_RETROSPECTIVE,0.25,0.25,0.5,0.5,0.625,0.625,0.5,0.625,0.5,0.0625,0.125,0.25,0.3125,0.15625,0,1,0,0,8.4994,6.9951,75,45.75,70,1,5.77,94,-2.0292,1.75267208052,1,0,0,0,0.0771929824561,0.07,0
603989_2026-05-29,603989,2026-05-29,2026-05-28,2026-05-29,2026-06-01,2026-06-02,BOARD2,3,2026-06-02,0.589450142695,1,FROZEN_ASOF_2026_07_01_RETROSPECTIVE,1,1,0.833333333333,1,0.666666666667,0.666666666667,1,0.333333333333,1,1,0.833333333333,0.833333333333,0.333333333333,0.333333333333,0,1,0,0,20.2566,17.57,95,63.75,70,1,35.81,76,-1.3186,3.57822718401,0,0,1,0,-0.0322019147084,-0.0322019147084,0
002579_2026-05-29,002579,2026-05-29,2026-05-28,2026-05-29,2026-06-01,2026-06-02,BOARD3,3,2026-06-02,0.571765758727,2,FROZEN_ASOF_2026_07_01_RETROSPECTIVE,0.666666666667,0.666666666667,0.833333333333,0.666666666667,0.666666666667,0.666666666667,0.333333333333,0.666666666667,0.666666666667,0.444444444444,0.555555555556,0.555555555556,0.444444444444,0.444444444444,0,1,0,0,17.2169,15.4398,95,58.75,70,1,17.15,84,-3.1827,2.84199817361,1,0,0,0,0.195852534562,0.07,0
603032_2026-05-29,603032,2026-05-29,2026-05-28,2026-05-29,2026-06-01,2026-06-02,BOARD2,3,2026-06-02,0.56144564437,3,FROZEN_ASOF_2026_07_01_RETROSPECTIVE,0.333333333333,0.333333333333,0.333333333333,0.333333333333,0.666666666667,0.666666666667,0.666666666667,1,0.333333333333,0.111111111111,0.111111111111,0.111111111111,0.333333333333,0.333333333333,0,1,0,0,6.3705,5.0712,65,44.75,70,1,25.38,94,-3.7924,3.23396146229,0,1,0,0,0.00237812128419,0.00237812128419,0
002806_2026-06-01,002806,2026-06-01,2026-05-29,2026-06-01,2026-06-02,2026-06-03,BOARD2,4,2026-06-03,0.545391459035,1,FROZEN_ASOF_2026_07_01_RETROSPECTIVE,0.75,0.75,0.875,0.75,0.75,0.625,0.75,0.75,0.25,0.5625,0.65625,0.65625,0.5625,0.5625,0,0,0,1,12.7242,12.6632,95,60.25,70,3,18.48,84,-5.2067,2.91668906621,1,0,0,0,0.149321266968,0.07,0
600110_2026-06-01,600110,2026-06-01,2026-05-29,2026-06-01,2026-06-02,2026-06-03,BOARD2,4,2026-06-03,0.544225293482,2,FROZEN_ASOF_2026_07_01_RETROSPECTIVE,1,1,0.875,1,0.75,0.625,0.5,0.25,0.5,1,0.875,0.875,0.25,0.25,0,0,0,1,15.8348,14.2429,95,64.25,70,3,12.37,60,-2.0236,2.5152741864,0,1,0,0,0.0451559934319,0.0451559934319,0
000090_2026-06-01,000090,2026-06-01,2026-05-29,2026-06-01,2026-06-02,2026-06-03,BOARD2,4,2026-06-03,0.527233218647,3,FROZEN_ASOF_2026_07_01_RETROSPECTIVE,0.5,0.5,0.5,0.25,0.75,0.625,0.25,1,1,0.25,0.25,0.125,0.25,0.5,0,0,0,1,12.5654,6.1664,75,45.25,70,3,3.87,100,1.4227,1.35325450704,0,0,1,0,-0.0263852242744,-0.0263852242744,0
603324_2026-06-01,603324,2026-06-01,2026-05-29,2026-06-01,2026-06-02,2026-06-03,BOARD2,4,2026-06-03,0.516587897165,4,FROZEN_ASOF_2026_07_01_RETROSPECTIVE,0.25,0.25,0.25,0.5,0.25,0.625,1,0.5,0.75,0.0625,0.0625,0.125,0.25,0.125,0,0,0,1,6.4443,4.6956,65,52.25,60,3,32.87,78,-1.1733,3.49256038768,0,1,0,0,0.0224038752649,0.0224038752649,0
002608_2026-06-02,002608,2026-06-02,2026-06-01,2026-06-02,2026-06-03,2026-06-04,BOARD2,2,2026-06-04,0.599391581789,1,FROZEN_ASOF_2026_07_01_RETROSPECTIVE,1,1,0.75,0.5,0.75,0.75,1,1,1,1,0.75,0.375,0.5,1,0,1,0,0,19.4954,11.4679,95,52.25,70,1,10.42,100,1.707,2.34372703633,1,0,0,0,0.099,0.07,0
600011_2026-06-02,600011,2026-06-02,2026-06-01,2026-06-02,2026-06-03,2026-06-04,BOARD2,2,2026-06-04,0.568465206553,2,FROZEN_ASOF_2026_07_01_RETROSPECTIVE,0.5,0.5,0.75,1,0.75,0.75,0.5,0.5,0.5,0.25,0.375,0.75,0.5,0.25,0,1,0,0,12.8211,10.3388,95,63.75,70,1,9.09,70,-0.728,2.20717490819,0,1,0,0,0.0260475651189,0.0260475651189,0
002579_2026-06-03,002579,2026-06-03,2026-06-02,2026-06-03,2026-06-04,2026-06-05,BOARD2,7,2026-06-05,0.586983375037,1,FROZEN_ASOF_2026_07_01_RETROSPECTIVE,0.857142857143,1,0.857142857143,0.857142857143,0.357142857143,0.571428571429,0.714285714286,0.714285714286,0.428571428571,0.857142857143,0.734693877551,0.734693877551,0.612244897959,0.714285714286,-0.142857142857,1,0,0,17.2393,14.5268,95,54.25,60,1,19.45,94,-3.0423,2.96784707006,0,1,0,0,0.0540254237288,0.0540254237288,0
600280_2026-06-03,600280,2026-06-03,2026-06-02,2026-06-03,2026-06-04,2026-06-05,BOARD3,7,2026-06-05,0.584308079537,2,FROZEN_ASOF_2026_07_01_RETROSPECTIVE,1,0.857142857143,0.857142857143,0.571428571429,0.357142857143,0.571428571429,0.285714285714,1,0.857142857143,0.857142857143,0.857142857143,0.489795918367,0.571428571429,0.857142857143,0.142857142857,1,0,0,24.4153,12.8781,95,51.75,60,1,3.99,100,1.0004,1.3837912309,0,0,1,0,-0.0125313283208,-0.0125313283208,0
001210_2026-06-03,001210,2026-06-03,2026-06-02,2026-06-03,2026-06-04,2026-06-05,BOARD2,7,2026-06-05,0.576691357329,3,FROZEN_ASOF_2026_07_01_RETROSPECTIVE,0.714285714286,0.714285714286,0.857142857143,0.285714285714,0.857142857143,0.571428571429,0.857142857143,0.714285714286,0.571428571429,0.510204081633,0.612244897959,0.244897959184,0.204081632653,0.510204081633,0,1,0,0,15.5195,10.4032,95,50.75,70,1,35.9,94,-0.3698,3.58073729549,0,0,1,1,-0.244557534634,-0.244557534634,0
002404_2026-06-03,002404,2026-06-03,2026-06-02,2026-06-03,2026-06-04,2026-06-05,BOARD2,7,2026-06-05,0.565921872546,4,FROZEN_ASOF_2026_07_01_RETROSPECTIVE,0.571428571429,0.571428571429,0.5,0.142857142857,0.857142857143,0.571428571429,0.571428571429,0.714285714286,1,0.326530612245,0.285714285714,0.0714285714286,0.102040816327,0.408163265306,0,1,0,0,15.2672,8.2443,75,45.25,70,1,7.55,94,2.508,2.02154756326,0,1,0,0,0.0299319727891,0.0299319727891,0
000055_2026-06-03,000055,2026-06-03,2026-06-02,2026-06-03,2026-06-04,2026-06-05,BOARD2,7,2026-06-05,0.553206755052,5,FROZEN_ASOF_2026_07_01_RETROSPECTIVE,0.428571428571,0.428571428571,0.5,1,0.357142857143,0.571428571429,0.142857142857,0.428571428571,0.142857142857,0.183673469388,0.214285714286,0.5,0.428571428571,0.183673469388,0,1,0,0,7.9374,7.3881,75,55.25,60,1,3.93,84,-5.2585,1.36863942588,0,1,0,0,0,0,0
603045_2026-06-03,603045,2026-06-03,2026-06-02,2026-06-03,2026-06-04,2026-06-05,BOARD2,7,2026-06-05,0.54927403907,6,FROZEN_ASOF_2026_07_01_RETROSPECTIVE,0.142857142857,0.285714285714,0.214285714286,0.428571428571,0.357142857143,0.571428571429,1,0.285714285714,0.285714285714,0.0408163265306,0.030612244898,0.0918367346939,0.122448979592,0.0816326530612,-0.142857142857,1,0,0,5.9418,5.0051,65,51.25,60,1,72.39,66,-4.3218,4.28206816831,1,0,0,0,0.154815115807,0.07,0
002421_2026-06-03,002421,2026-06-03,2026-06-02,2026-06-03,2026-06-04,2026-06-05,BOARD2,7,2026-06-05,0.547694903294,7,FROZEN_ASOF_2026_07_01_RETROSPECTIVE,0.285714285714,0.142857142857,0.214285714286,0.714285714286,0.857142857143,0.571428571429,0.428571428571,0.142857142857,0.714285714286,0.0408163265306,0.0612244897959,0.15306122449,0.102040816327,0.0204081632653,0.142857142857,1,0,0,7.489,4.4053,65,52.25,70,1,4.88,50,-0.3501,1.58514521987,0,1,0,0,0.0698151950719,0.0698151950719,0
600487_2026-06-04,600487,2026-06-04,2026-06-03,2026-06-04,2026-06-05,2026-06-08,BOARD2,6,2026-06-08,0.5861099504,1,FROZEN_ASOF_2026_07_01_RETROSPECTIVE,1,0.833333333333,0.666666666667,0.833333333333,0.666666666667,0.583333333333,1,0.5,1,0.833333333333,0.666666666667,0.555555555556,0.416666666667,0.416666666667,0.166666666667,1,0,0,25.4518,18.4403,95,59.75,70,1,97.87,78,0.9486,4.58364006744,0,1,0,0,0.0659375,0.0659375,0
600121_2026-06-04,600121,2026-06-04,2026-06-03,2026-06-04,2026-06-05,2026-06-08,BOARD3,6,2026-06-08,0.581009310239,2,FROZEN_ASOF_2026_07_01_RETROSPECTIVE,0.833333333333,1,0.666666666667,0.5,0.666666666667,0.583333333333,0.166666666667,0.916666666667,0.166666666667,0.833333333333,0.555555555556,0.333333333333,0.458333333333,0.916666666667,-0.166666666667,1,0,0,23.0039,19.9827,95,52.75,70,1,5.7,94,-2.8376,1.74046617484,0,0,1,0,-0.00709219858156,-0.00709219858156,0
603311_2026-06-04,603311,2026-06-04,2026-06-03,2026-06-04,2026-06-05,2026-06-08,BOARD2,6,2026-06-08,0.566129591418,3,FROZEN_ASOF_2026_07_01_RETROSPECTIVE,0.666666666667,0.666666666667,0.666666666667,1,0.166666666667,0.583333333333,0.833333333333,0.25,0.833333333333,0.444444444444,0.444444444444,0.666666666667,0.25,0.166666666667,0,1,0,0,19.8668,13.5515,95,61.75,60,1,38.53,66,0.7508,3.65143715864,0,1,0,0,0.0277923439958,0.0277923439958,0
002137_2026-06-04,002137,2026-06-04,2026-06-03,2026-06-04,2026-06-05,2026-06-08,BOARD2,6,2026-06-08,0.563523703439,4,FROZEN_ASOF_2026_07_01_RETROSPECTIVE,0.333333333333,0.5,0.666666666667,0.333333333333,0.666666666667,0.583333333333,0.5,0.916666666667,0.5,0.166666666667,0.222222222222,0.222222222222,0.305555555556,0.458333333333,-0.166666666667,1,0,0,15.0655,10.1528,95,50.75,70,1,10.54,94,-1.0087,2.35517754311,0,1,0,0,0.0068359375,0.0068359375,0
000700_2026-06-04,000700,2026-06-04,2026-06-03,2026-06-04,2026-06-05,2026-06-08,BOARD2,6,2026-06-08,0.558391843749,5,FROZEN_ASOF_2026_07_01_RETROSPECTIVE,0.5,0.333333333333,0.666666666667,0.166666666667,0.666666666667,0.583333333333,0.666666666667,0.666666666667,0.666666666667,0.166666666667,0.333333333333,0.111111111111,0.111111111111,0.222222222222,0.166666666667,1,0,0,16.0138,10.0176,95,48.75,70,1,17.8,92,0.4518,2.8791984573,0,0,1,1,-0.0651340996169,-0.0651340996169,0
600936_2026-06-04,600936,2026-06-04,2026-06-03,2026-06-04,2026-06-05,2026-06-08,BOARD2,6,2026-06-08,0.544218017431,6,FROZEN_ASOF_2026_07_01_RETROSPECTIVE,0.166666666667,0.166666666667,0.166666666667,0.666666666667,0.666666666667,0.583333333333,0.333333333333,0.25,0.333333333333,0.0277777777778,0.0277777777778,0.111111111111,0.166666666667,0.0416666666667,0,1,0,0,6.5999,5.5632,65,53.75,70,1,6.17,66,-1.8675,1.81969883792,0,0,1,0,-0.0455284552846,-0.0455284552846,0
600688_2026-06-05,600688,2026-06-05,2026-06-04,2026-06-05,2026-06-08,2026-06-09,BOARD2,6,2026-06-09,0.585927353695,1,FROZEN_ASOF_2026_07_01_RETROSPECTIVE,1,1,0.833333333333,0.666666666667,0.25,0.583333333333,0.333333333333,0.916666666667,0.333333333333,1,0.833333333333,0.555555555556,0.611111111111,0.916666666667,0,1,0,0,18.9097,16.184,95,54.25,60,1,3.49,94,-3.9599,1.24990173621,0,1,0,0,0.00302114803625,0.00302114803625,0
600255_2026-06-05,600255,2026-06-05,2026-06-04,2026-06-05,2026-06-08,2026-06-09,BOARD3,6,2026-06-09,0.58338321767,2,FROZEN_ASOF_2026_07_01_RETROSPECTIVE,0.833333333333,0.833333333333,0.833333333333,0.833333333333,0.75,0.583333333333,0.5,0.666666666667,0.833333333333,0.694444444444,0.694444444444,0.694444444444,0.555555555556,0.555555555556,0,1,0,0,12.8708,12.1166,95,60.75,70,1,4.49,80,-2.0589,1.50185270175,1,0,0,0,0.0896551724138,0.07,0
001896_2026-06-05,001896,2026-06-05,2026-06-04,2026-06-05,2026-06-08,2026-06-09,BOARD2,6,2026-06-09,0.574632834494,3,FROZEN_ASOF_2026_07_01_RETROSPECTIVE,0.5,0.666666666667,0.833333333333,1,0.75,0.583333333333,0.833333333333,0.5,0.166666666667,0.333333333333,0.416666666667,0.833333333333,0.5,0.333333333333,-0.166666666667,1,0,0,10.9251,10.9251,95,66.25,70,1,19.88,74,-8.5823,2.98971420123,1,0,0,0,0.0850528434826,0.07,0
605162_2026-06-05,605162,2026-06-05,2026-06-04,2026-06-05,2026-06-08,2026-06-09,BOARD2,6,2026-06-09,0.567319557214,4,FROZEN_ASOF_2026_07_01_RETROSPECTIVE,0.666666666667,0.5,0.5,0.166666666667,0.75,0.583333333333,0.666666666667,0.916666666667,0.5,0.333333333333,0.333333333333,0.0833333333333,0.152777777778,0.458333333333,0.166666666667,1,0,0,12.3801,9.6391,75,45.25,70,1,12.3,94,-3.3126,2.50959926238,0,0,1,0,-0.0449915110357,-0.0449915110357,0
002787_2026-06-05,002787,2026-06-05,2026-06-04,2026-06-05,2026-06-08,2026-06-09,BOARD2,6,2026-06-09,0.554039928084,5,FROZEN_ASOF_2026_07_01_RETROSPECTIVE,0.333333333333,0.166666666667,0.25,0.5,0.75,0.583333333333,1,0.166666666667,1,0.0555555555556,0.0833333333333,0.125,0.0833333333333,0.0277777777778,0.166666666667,1,0,0,6.2724,5.3174,65,50.25,70,1,27.82,60,-1.5796,3.3257551865,0,1,0,0,0.0670498084291,0.0670498084291,0
600439_2026-06-05,600439,2026-06-05,2026-06-04,2026-06-05,2026-06-08,2026-06-09,BOARD2,6,2026-06-09,0.540773422437,6,FROZEN_ASOF_2026_07_01_RETROSPECTIVE,0.166666666667,0.333333333333,0.25,0.333333333333,0.25,0.583333333333,0.166666666667,0.333333333333,0.666666666667,0.0555555555556,0.0416666666667,0.0833333333333,0.111111111111,0.111111111111,-0.166666666667,1,0,0,6.0241,5.6225,65,48.25,60,1,2.64,70,-3.2542,0.970778917158,0,0,1,0,-0.0113636363636,-0.0113636363636,0
000520_2026-06-08,000520,2026-06-08,2026-06-05,2026-06-08,2026-06-09,2026-06-10,BOARD2,3,2026-06-10,0.554244425415,1,FROZEN_ASOF_2026_07_01_RETROSPECTIVE,1,1,1,0.666666666667,0.333333333333,0.666666666667,0.666666666667,0.833333333333,0.666666666667,1,1,0.666666666667,0.555555555556,0.833333333333,0,0,0,1,19.8389,12.5378,95,51.75,60,3,4.76,100,0.3943,1.56024766824,0,0,1,0,-0.0109409190372,-0.0109409190372,0
600293_2026-06-08,600293,2026-06-08,2026-06-05,2026-06-08,2026-06-09,2026-06-10,BOARD2,3,2026-06-10,0.534788776451,2,FROZEN_ASOF_2026_07_01_RETROSPECTIVE,0.666666666667,0.666666666667,0.666666666667,0.333333333333,0.833333333333,0.666666666667,0.333333333333,0.833333333333,1,0.444444444444,0.444444444444,0.222222222222,0.277777777778,0.555555555556,0,0,0,1,18.61,9.7071,75,45.25,70,3,4.13,100,0.5521,1.41827740697,0,0,1,0,-0.0172839506173,-0.0172839506173,0
003036_2026-06-08,003036,2026-06-08,2026-06-05,2026-06-08,2026-06-09,2026-06-10,BOARD2,3,2026-06-10,0.525441024012,3,FROZEN_ASOF_2026_07_01_RETROSPECTIVE,0.333333333333,0.333333333333,0.333333333333,1,0.833333333333,0.666666666667,1,0.333333333333,0.333333333333,0.111111111111,0.111111111111,0.333333333333,0.333333333333,0.111111111111,0,0,0,1,5.2007,4.6641,65,52.25,70,3,74.5,56,-3.5489,4.31079912539,0,1,0,0,0.0681933842239,0.0681933842239,0
603859_2026-06-09,603859,2026-06-09,2026-06-08,2026-06-09,2026-06-10,2026-06-11,BOARD2,9,2026-06-11,0.595515256792,1,FROZEN_ASOF_2026_07_01_RETROSPECTIVE,0.888888888889,0.888888888889,0.944444444444,0.888888888889,0.722222222222,0.555555555556,0.888888888889,0.833333333333,0.888888888889,0.79012345679,0.83950617284,0.83950617284,0.740740740741,0.740740740741,0,1,0,0,17.4761,10.909,95,56.25,70,1,52.95,88,2.3381,3.96934807205,0,1,0,0,0.0640412922959,0.0640412922959,0
002421_2026-06-09,002421,2026-06-09,2026-06-08,2026-06-09,2026-06-10,2026-06-11,BOARD2,9,2026-06-11,0.577261928551,2,FROZEN_ASOF_2026_07_01_RETROSPECTIVE,0.777777777778,1,0.944444444444,1,0.722222222222,0.555555555556,0.444444444444,0.277777777778,0.444444444444,0.777777777778,0.734567901235,0.944444444444,0.277777777778,0.277777777778,-0.222222222222,1,0,0,16.3028,12.018,95,60.25,70,1,5.7,84,-1.5839,1.74046617484,0,0,1,1,-0.142105263158,-0.142105263158,0
603500_2026-06-09,603500,2026-06-09,2026-06-08,2026-06-09,2026-06-10,2026-06-11,BOARD3,9,2026-06-11,0.57278337564,3,FROZEN_ASOF_2026_07_01_RETROSPECTIVE,1,0.666666666667,0.5,0.111111111111,0.222222222222,0.555555555556,0.666666666667,1,1,0.666666666667,0.5,0.0555555555556,0.111111111111,0.666666666667,0.333333333333,1,0,0,19.2047,7.9708,75,44.75,60,1,13.37,100,4.2238,2.59301339111,1,0,0,0,0.0936270653029,0.07,0
003009_2026-06-09,003009,2026-06-09,2026-06-08,2026-06-09,2026-06-10,2026-06-11,BOARD2,9,2026-06-11,0.572714350023,4,FROZEN_ASOF_2026_07_01_RETROSPECTIVE,0.555555555556,0.555555555556,0.5,0.722222222222,0.222222222222,0.555555555556,1,0.833333333333,0.777777777778,0.308641975309,0.277777777778,0.361111111111,0.601851851852,0.462962962963,0,1,0,0,10.6412,7.61,75,51.25,60,1,59.13,88,0.8084,4.07973840983,0,0,1,0,-0.0131004366812,-0.0131004366812,0
000068_2026-06-09,000068,2026-06-09,2026-06-08,2026-06-09,2026-06-10,2026-06-11,BOARD2,9,2026-06-11,0.563020776656,5,FROZEN_ASOF_2026_07_01_RETROSPECTIVE,0.666666666667,0.777777777778,0.5,0.722222222222,0.222222222222,0.555555555556,0.222222222222,0.555555555556,0.222222222222,0.518518518519,0.333333333333,0.361111111111,0.401234567901,0.432098765432,-0.111111111111,1,0,0,13.3034,9.716,75,51.25,60,1,3.79,86,-2.6178,1.33236601909,0,0,1,1,-0.0503978779841,-0.0503978779841,0
002361_2026-06-09,002361,2026-06-09,2026-06-08,2026-06-09,2026-06-10,2026-06-11,BOARD2,9,2026-06-11,0.561177363465,6,FROZEN_ASOF_2026_07_01_RETROSPECTIVE,0.444444444444,0.444444444444,0.5,0.333333333333,0.722222222222,0.555555555556,0.777777777778,0.555555555556,0.555555555556,0.197530864198,0.222222222222,0.166666666667,0.185185185185,0.246913580247,0,1,0,0,10.139,7.5329,75,49.75,70,1,17.75,86,-1.1682,2.87638551592,0,1,0,0,0.047323943662,0.047323943662,0
002613_2026-06-09,002613,2026-06-09,2026-06-08,2026-06-09,2026-06-10,2026-06-11,BOARD2,9,2026-06-11,0.552061366272,7,FROZEN_ASOF_2026_07_01_RETROSPECTIVE,0.333333333333,0.333333333333,0.5,0.333333333333,0.722222222222,0.555555555556,0.333333333333,0.555555555556,0.333333333333,0.111111111111,0.166666666667,0.166666666667,0.185185185185,0.185185185185,0,1,0,0,7.6094,6.3653,75,49.75,70,1,5.19,86,-1.6653,1.64673369718,0,0,1,0,-0.013698630137,-0.013698630137,0
000759_2026-06-09,000759,2026-06-09,2026-06-08,2026-06-09,2026-06-10,2026-06-11,BOARD2,9,2026-06-11,0.544088660239,8,FROZEN_ASOF_2026_07_01_RETROSPECTIVE,0.111111111111,0.111111111111,0.111111111111,0.555555555556,0.722222222222,0.555555555556,0.555555555556,0.111111111111,0.666666666667,0.0123456790123,0.0123456790123,0.0617283950617,0.0617283950617,0.0123456790123,0,1,0,0,2.5379,0.1533,55,50.75,70,1,6.02,50,-0.2323,1.79508725932,0,1,0,0,0.00649350649351,0.00649350649351,0
000517_2026-06-09,000517,2026-06-09,2026-06-08,2026-06-09,2026-06-10,2026-06-11,BOARD2,9,2026-06-11,0.542032448784,9,FROZEN_ASOF_2026_07_01_RETROSPECTIVE,0.222222222222,0.222222222222,0.5,0.333333333333,0.722222222222,0.555555555556,0.111111111111,0.277777777778,0.111111111111,0.0493827160494,0.111111111111,0.166666666667,0.0925925925926,0.0617283950617,0,1,0,0,6.1142,6.1142,75,49.75,70,1,2.1,84,-6.0402,0.741937344729,0,1,0,0,0.0147783251232,0.0147783251232,0
603929_2026-06-10,603929,2026-06-10,2026-06-09,2026-06-10,2026-06-11,2026-06-12,BOARD2,7,2026-06-12,0.58403804154,1,FROZEN_ASOF_2026_07_01_RETROSPECTIVE,1,1,0.142857142857,0.428571428571,0.428571428571,0.571428571429,1,0.714285714286,0.857142857143,1,0.142857142857,0.0612244897959,0.30612244898,0.714285714286,0,1,0,0,30.6835,20.6436,90,56.5,60,1,222.06,86,-0.0589,5.40294761563,1,0,0,0,0.0850540374308,0.07,0
603186_2026-06-10,603186,2026-06-10,2026-06-09,2026-06-10,2026-06-11,2026-06-12,BOARD2,7,2026-06-12,0.580497904511,2,FROZEN_ASOF_2026_07_01_RETROSPECTIVE,0.857142857143,0.714285714286,0.642857142857,0.857142857143,0.928571428571,0.571428571429,0.857142857143,0.428571428571,1,0.612244897959,0.551020408163,0.551020408163,0.367346938776,0.30612244898,0.142857142857,1,0,0,23.6495,15.4577,95,63.25,70,1,163.32,84,1.3393,5.09571146645,1,0,0,0,0.12896813445,0.07,0
001696_2026-06-10,001696,2026-06-10,2026-06-09,2026-06-10,2026-06-11,2026-06-12,BOARD2,7,2026-06-12,0.568690610257,3,FROZEN_ASOF_2026_07_01_RETROSPECTIVE,0.714285714286,0.428571428571,0.642857142857,0.571428571429,0.928571428571,0.571428571429,0.428571428571,0.714285714286,0.714285714286,0.30612244898,0.459183673469,0.367346938776,0.408163265306,0.30612244898,0.285714285714,1,0,0,22.6974,14.6464,95,56.75,70,1,19.05,86,-0.3365,2.94706710157,1,0,0,0,0.202105263158,0.07,0
603616_2026-06-10,603616,2026-06-10,2026-06-09,2026-06-10,2026-06-11,2026-06-12,BOARD2,7,2026-06-12,0.568605600145,4,FROZEN_ASOF_2026_07_01_RETROSPECTIVE,0.571428571429,0.857142857143,0.642857142857,0.285714285714,0.428571428571,0.571428571429,0.142857142857,1,0.142857142857,0.489795918367,0.367346938776,0.183673469388,0.285714285714,0.857142857143,-0.285714285714,1,0,0,16.7521,16.4318,95,54.25,60,1,7.29,94,-5.3044,1.98650354602,0,1,0,0,0.0160583941606,0.0160583941606,0
002747_2026-06-10,002747,2026-06-10,2026-06-09,2026-06-10,2026-06-11,2026-06-12,BOARD2,7,2026-06-12,0.559765369921,5,FROZEN_ASOF_2026_07_01_RETROSPECTIVE,0.428571428571,0.571428571429,0.642857142857,1,0.428571428571,0.571428571429,0.714285714286,0.214285714286,0.285714285714,0.244897959184,0.275510204082,0.642857142857,0.214285714286,0.122448979592,-0.142857142857,1,0,0,16.6998,15.1025,95,65.25,60,1,35.8,76,-4.1824,3.57794789341,0,1,0,0,0.0194285714286,0.0194285714286,0
002362_2026-06-10,002362,2026-06-10,2026-06-09,2026-06-10,2026-06-11,2026-06-12,BOARD2,7,2026-06-12,0.548266276368,6,FROZEN_ASOF_2026_07_01_RETROSPECTIVE,0.285714285714,0.142857142857,0.642857142857,0.142857142857,0.428571428571,0.571428571429,0.571428571429,0.714285714286,0.428571428571,0.0408163265306,0.183673469388,0.0918367346939,0.102040816327,0.102040816327,0.142857142857,1,0,0,14.2329,10.533,95,53.75,60,1,19.76,86,-1.692,2.98365969232,0,0,1,0,-0.0082219938335,-0.0082219938335,0
002254_2026-06-10,002254,2026-06-10,2026-06-09,2026-06-10,2026-06-11,2026-06-12,BOARD3,7,2026-06-12,0.545510285982,7,FROZEN_ASOF_2026_07_01_RETROSPECTIVE,0.142857142857,0.285714285714,0.642857142857,0.714285714286,0.428571428571,0.571428571429,0.285714285714,0.214285714286,0.571428571429,0.0408163265306,0.0918367346939,0.459183673469,0.15306122449,0.0612244897959,-0.142857142857,1,0,0,13.6063,11.6909,95,62.75,60,1,17.2,76,-1.6387,2.84490938382,1,0,0,0,0.0754173862982,0.07,0
002636_2026-06-11,002636,2026-06-11,2026-06-10,2026-06-11,2026-06-12,2026-06-15,BOARD3,10,2026-06-15,0.588615834791,1,FROZEN_ASOF_2026_07_01_RETROSPECTIVE,1,0.9,0.75,0.7,0.6,0.6,0.9,0.65,1,0.9,0.75,0.525,0.455,0.585,0.1,1,0,0,38.0029,26.0253,90,53.5,70,1,84.8,92,2.7241,4.4402955428,1,0,0,0,0.0890098899878,0.07,0
605318_2026-06-11,605318,2026-06-11,2026-06-10,2026-06-11,2026-06-12,2026-06-15,BOARD2,10,2026-06-15,0.58672003921,2,FROZEN_ASOF_2026_07_01_RETROSPECTIVE,0.8,0.8,0.95,0.85,0.1,0.6,1,0.85,0.8,0.64,0.76,0.8075,0.7225,0.68,0,1,0,0,26.2866,17.3464,95,54.25,60,1,126.99,94,1.0766,4.8441083432,0,1,0,0,0.0456747404844,0.0456747404844,0
605589_2026-06-11,605589,2026-06-11,2026-06-10,2026-06-11,2026-06-12,2026-06-15,BOARD2,10,2026-06-15,0.571858744507,3,FROZEN_ASOF_2026_07_01_RETROSPECTIVE,0.6,0.6,0.6,0.2,0.6,0.6,0.8,1,0.7,0.36,0.36,0.12,0.2,0.6,0,1,0,0,13.6215,6.1896,75,45.75,70,1,61,100,0.6736,4.11087386417,1,0,0,0,0.0872881355932,0.07,0
605006_2026-06-11,605006,2026-06-11,2026-06-10,2026-06-11,2026-06-12,2026-06-15,BOARD2,10,2026-06-15,0.570820040264,4,FROZEN_ASOF_2026_07_01_RETROSPECTIVE,0.7,0.7,0.95,0.35,0.6,0.6,0.5,0.65,0.9,0.49,0.665,0.3325,0.2275,0.455,0,1,0,0,19.9612,11.3387,95,50.75,70,1,22.26,92,2.669,3.10279134585,0,1,0,0,0.012037037037,0.012037037037,0
603065_2026-06-11,603065,2026-06-11,2026-06-10,2026-06-11,2026-06-12,2026-06-15,BOARD2,10,2026-06-15,0.566456365103,5,FROZEN_ASOF_2026_07_01_RETROSPECTIVE,0.9,1,0.75,1,0.6,0.1,0.1,0.1,0.5,0.9,0.675,0.75,0.1,0.1,-0.1,1,0,0,32.5896,32.5896,90,60.5,70,0,12.36,40,0,2.51446545203,0,1,0,0,0.0286764705882,0.0286764705882,0
000029_2026-06-11,000029,2026-06-11,2026-06-10,2026-06-11,2026-06-12,2026-06-15,BOARD2,10,2026-06-15,0.555750336266,6,FROZEN_ASOF_2026_07_01_RETROSPECTIVE,0.4,0.4,0.4,0.55,0.6,0.6,0.6,0.45,0.2,0.16,0.16,0.22,0.2475,0.18,0,1,0,0,5.4375,3.6982,65,52.75,70,1,25.46,76,-2.1281,3.23710859313,0,1,0,0,0.0117970900511,0.0117970900511,0
002585_2026-06-11,002585,2026-06-11,2026-06-10,2026-06-11,2026-06-12,2026-06-15,BOARD2,10,2026-06-15,0.554457970375,7,FROZEN_ASOF_2026_07_01_RETROSPECTIVE,0.5,0.5,0.4,0.55,0.6,0.6,0.2,0.45,0.3,0.25,0.2,0.22,0.2475,0.225,0,1,0,0,7.5325,4.5887,65,52.75,70,1,12.42,76,-1.4452,2.51930807651,0,1,0,0,0.0257648953301,0.0257648953301,0
003026_2026-06-11,003026,2026-06-11,2026-06-10,2026-06-11,2026-06-12,2026-06-15,BOARD2,10,2026-06-15,0.547891746913,8,FROZEN_ASOF_2026_07_01_RETROSPECTIVE,0.1,0.1,0.1,0.1,0.6,0.6,0.7,0.85,0.1,0.01,0.01,0.01,0.085,0.085,0,1,0,0,-8.3529,-9.7748,40,33,70,1,35.45,94,-2.225,3.56812325298,0,0,1,0,-0.0459548706659,-0.0459548706659,0
002669_2026-06-11,002669,2026-06-11,2026-06-10,2026-06-11,2026-06-12,2026-06-15,BOARD2,10,2026-06-15,0.54726854114,9,FROZEN_ASOF_2026_07_01_RETROSPECTIVE,0.2,0.3,0.4,0.85,0.6,0.6,0.3,0.2,0.4,0.06,0.08,0.34,0.17,0.06,-0.1,1,0,0,3.3055,3.3055,65,54.25,70,1,17.22,50,-1.2495,2.846071499,0,0,1,0,-0.00120481927711,-0.00120481927711,0
603002_2026-06-11,603002,2026-06-11,2026-06-10,2026-06-11,2026-06-12,2026-06-15,BOARD2,10,2026-06-15,0.545404966162,10,FROZEN_ASOF_2026_07_01_RETROSPECTIVE,0.3,0.2,0.2,0.35,0.6,0.6,0.4,0.3,0.6,0.06,0.06,0.07,0.105,0.06,0.1,1,0,0,4.4036,0.4374,55,50.75,70,1,17.9,58,0.4693,2.88480071285,0,1,0,0,0.0673719376392,0.0673719376392,0
002119_2026-06-12,002119,2026-06-12,2026-06-11,2026-06-12,2026-06-15,2026-06-16,BOARD2,8,2026-06-16,0.583468678431,1,FROZEN_ASOF_2026_07_01_RETROSPECTIVE,1,1,0.625,0.375,0.625,0.5625,0.75,0.625,0.75,1,0.625,0.234375,0.234375,0.625,0,1,0,0,23.7273,20.8625,90,49,70,1,31.96,94,-3.0817,3.4644851209,0,1,0,0,0.0543580131209,0.0543580131209,0
002409_2026-06-12,002409,2026-06-12,2026-06-11,2026-06-12,2026-06-15,2026-06-16,BOARD2,8,2026-06-16,0.575794079102,2,FROZEN_ASOF_2026_07_01_RETROSPECTIVE,0.625,0.625,0.875,0.625,0.625,0.5625,1,0.625,0.625,0.390625,0.546875,0.546875,0.390625,0.390625,0,1,0,0,13.8048,12.795,95,52.25,70,1,132.99,94,-3.418,4.89027393743,1,0,0,0,0.0771077107711,0.07,0
000048_2026-06-12,000048,2026-06-12,2026-06-11,2026-06-12,2026-06-15,2026-06-16,BOARD3,8,2026-06-16,0.572283877726,3,FROZEN_ASOF_2026_07_01_RETROSPECTIVE,0.875,0.875,0.875,0.5,0.125,0.5625,0.5,0.625,0.25,0.765625,0.765625,0.4375,0.3125,0.546875,0,1,0,0,19.6003,19.537,95,51.25,60,1,18.91,94,-5.9353,2.93969088267,0,0,1,0,-0.0215053763441,-0.0215053763441,0
600378_2026-06-12,600378,2026-06-12,2026-06-11,2026-06-12,2026-06-15,2026-06-16,BOARD2,8,2026-06-16,0.571309984031,4,FROZEN_ASOF_2026_07_01_RETROSPECTIVE,0.75,0.75,0.875,1,0.625,0.5625,0.875,0.125,0.375,0.5625,0.65625,0.875,0.125,0.09375,0,1,0,0,14.7038,14.7038,95,62.75,70,1,57.15,66,-3.8863,4.04567939024,1,0,0,0,0.0784588441331,0.07,0
603155_2026-06-12,603155,2026-06-12,2026-06-11,2026-06-12,2026-06-15,2026-06-16,BOARD2,8,2026-06-16,0.55586143675,5,FROZEN_ASOF_2026_07_01_RETROSPECTIVE,0.25,0.5,0.375,0.875,0.625,0.5625,0.625,0.25,0.5,0.125,0.09375,0.328125,0.21875,0.125,-0.25,1,0,0,9.4544,9.4544,75,56.75,70,1,22.61,76,-3.4694,3.11839228629,1,0,0,0,0.087962962963,0.07,0
002165_2026-06-12,002165,2026-06-12,2026-06-11,2026-06-12,2026-06-15,2026-06-16,BOARD2,8,2026-06-16,0.554081088671,6,FROZEN_ASOF_2026_07_01_RETROSPECTIVE,0.375,0.25,0.375,0.25,0.625,0.5625,0.25,0.9375,0.875,0.09375,0.140625,0.09375,0.234375,0.234375,0.125,1,0,0,10.1453,6.0131,75,45.75,70,1,7.73,100,0.244,2.0451088626,1,0,0,0,0.0732356857523,0.07,0
600178_2026-06-12,600178,2026-06-12,2026-06-11,2026-06-12,2026-06-15,2026-06-16,BOARD2,8,2026-06-16,0.550073381206,7,FROZEN_ASOF_2026_07_01_RETROSPECTIVE,0.125,0.375,0.375,0.75,0.625,0.5625,0.375,0.375,0.125,0.046875,0.046875,0.28125,0.28125,0.140625,-0.25,1,0,0,8.6345,8.3099,75,56.25,70,1,10.04,84,-6.006,2.30657711426,0,0,1,0,-0.00398803589232,-0.00398803589232,0
600665_2026-06-12,600665,2026-06-12,2026-06-11,2026-06-12,2026-06-15,2026-06-16,BOARD2,8,2026-06-16,0.548571647888,8,FROZEN_ASOF_2026_07_01_RETROSPECTIVE,0.5,0.125,0.125,0.125,0.625,0.5625,0.125,0.9375,1,0.0625,0.0625,0.015625,0.1171875,0.1171875,0.375,1,0,0,11.235,4.5442,65,38.25,70,1,3.99,100,1.4922,1.3837912309,0,1,0,0,0.012987012987,0.012987012987,0
002203_2026-06-15,002203,2026-06-15,2026-06-12,2026-06-15,2026-06-16,2026-06-17,BOARD2,3,2026-06-17,0.560884725356,1,FROZEN_ASOF_2026_07_01_RETROSPECTIVE,1,1,1,1,0.833333333333,0.666666666667,0.666666666667,0.666666666667,1,1,1,1,0.666666666667,0.666666666667,0,0,0,1,21.4006,10.1861,95,52.25,70,3,24.79,92,2.1061,3.21044034605,0,1,0,0,0.03625,0.03625,0
600067_2026-06-15,600067,2026-06-15,2026-06-12,2026-06-15,2026-06-16,2026-06-17,BOARD2,3,2026-06-17,0.536778116611,2,FROZEN_ASOF_2026_07_01_RETROSPECTIVE,0.666666666667,0.666666666667,0.666666666667,0.333333333333,0.833333333333,0.666666666667,0.333333333333,1,0.666666666667,0.444444444444,0.444444444444,0.222222222222,0.333333333333,0.666666666667,0,0,0,1,15.3351,7.9253,75,45.25,70,3,3.58,94,0.3198,1.27536280041,0,1,0,0,0.0285714285714,0.0285714285714,0
603014_2026-06-15,603014,2026-06-15,2026-06-12,2026-06-15,2026-06-16,2026-06-17,BOARD2,3,2026-06-17,0.517740184667,3,FROZEN_ASOF_2026_07_01_RETROSPECTIVE,0.333333333333,0.333333333333,0.333333333333,0.666666666667,0.333333333333,0.666666666667,1,0.333333333333,0.333333333333,0.111111111111,0.111111111111,0.222222222222,0.222222222222,0.111111111111,0,0,0,1,8.1331,5.9125,65,47.75,60,3,35.06,88,0.0367,3.55706087949,1,0,0,0,0.111851637207,0.07,0
001359_2026-06-16,001359,2026-06-16,2026-06-15,2026-06-16,2026-06-17,2026-06-18,BOARD2,7,2026-06-18,0.586247960327,1,FROZEN_ASOF_2026_07_01_RETROSPECTIVE,0.714285714286,1,0.642857142857,0.571428571429,0.714285714286,0.571428571429,1,0.714285714286,0.571428571429,0.714285714286,0.459183673469,0.367346938776,0.408163265306,0.714285714286,-0.285714285714,1,0,0,20.2456,15.4219,95,54.75,70,1,121.4,86,1.0481,4.79909087863,1,0,0,0,0.120841364284,0.07,0
601958_2026-06-16,601958,2026-06-16,2026-06-15,2026-06-16,2026-06-17,2026-06-18,BOARD3,7,2026-06-18,0.585128562081,2,FROZEN_ASOF_2026_07_01_RETROSPECTIVE,0.857142857143,0.857142857143,0.642857142857,0.357142857143,0.714285714286,0.571428571429,0.714285714286,1,0.714285714286,0.734693877551,0.551020408163,0.229591836735,0.357142857143,0.857142857143,0,1,0,0,21.5898,14.0957,95,52.25,70,1,28.88,100,1.0543,3.36314931402,0,1,0,0,0.0439285714286,0.0439285714286,0
000510_2026-06-16,000510,2026-06-16,2026-06-15,2026-06-16,2026-06-17,2026-06-18,BOARD3,7,2026-06-18,0.577250011479,3,FROZEN_ASOF_2026_07_01_RETROSPECTIVE,1,0.714285714286,0.642857142857,0.857142857143,0.714285714286,0.571428571429,0.571428571429,0.428571428571,1,0.714285714286,0.642857142857,0.551020408163,0.367346938776,0.30612244898,0.285714285714,1,0,0,22.2435,13.7211,95,60.75,70,1,22.95,84,1.6333,3.13331793651,0,0,1,0,-0.0145310435931,-0.0145310435931,0
603738_2026-06-16,603738,2026-06-16,2026-06-15,2026-06-16,2026-06-17,2026-06-18,BOARD2,7,2026-06-18,0.566447249897,4,FROZEN_ASOF_2026_07_01_RETROSPECTIVE,0.428571428571,0.571428571429,0.642857142857,0.714285714286,0.714285714286,0.571428571429,0.857142857143,0.428571428571,0.428571428571,0.244897959184,0.275510204082,0.459183673469,0.30612244898,0.244897959184,-0.142857142857,1,0,0,15.9333,11.3385,95,60.25,70,1,55.51,84,-0.1854,4.0165631847,1,0,0,0,0.129815592478,0.07,0
601696_2026-06-16,601696,2026-06-16,2026-06-15,2026-06-16,2026-06-17,2026-06-18,BOARD2,7,2026-06-18,0.555169276727,5,FROZEN_ASOF_2026_07_01_RETROSPECTIVE,0.571428571429,0.428571428571,0.642857142857,0.142857142857,0.214285714286,0.571428571429,0.285714285714,0.857142857143,0.857142857143,0.244897959184,0.367346938776,0.0918367346939,0.122448979592,0.367346938776,0.142857142857,1,0,0,17.8973,11.3376,95,51.25,60,1,13.3,96,1.3326,2.58776403523,0,0,1,0,-0.0187265917603,-0.0187265917603,0
603335_2026-06-16,603335,2026-06-16,2026-06-15,2026-06-16,2026-06-17,2026-06-18,BOARD2,7,2026-06-18,0.553632173912,6,FROZEN_ASOF_2026_07_01_RETROSPECTIVE,0.285714285714,0.285714285714,0.642857142857,1,0.714285714286,0.571428571429,0.142857142857,0.428571428571,0.142857142857,0.0816326530612,0.183673469388,0.642857142857,0.428571428571,0.122448979592,0,1,0,0,15.7383,10.3521,95,63.25,70,1,8.81,84,-2.3438,2.17588743995,1,0,0,0,0.111922141119,0.07,0
000506_2026-06-16,000506,2026-06-16,2026-06-15,2026-06-16,2026-06-17,2026-06-18,BOARD2,7,2026-06-18,0.536659686158,7,FROZEN_ASOF_2026_07_01_RETROSPECTIVE,0.142857142857,0.142857142857,0.142857142857,0.357142857143,0.214285714286,0.571428571429,0.428571428571,0.142857142857,0.285714285714,0.0204081632653,0.0204081632653,0.0510204081633,0.0510204081633,0.0204081632653,0,1,0,0,9.8187,6.3507,75,52.25,60,1,15.2,80,-0.369,2.72129542785,0,0,1,0,-0.00130975769483,-0.00130975769483,0
603256_2026-06-17,603256,2026-06-17,2026-06-16,2026-06-17,2026-06-18,2026-06-22,BOARD2,17,2026-06-22,0.591115126029,1,FROZEN_ASOF_2026_07_01_RETROSPECTIVE,0.823529411765,0.941176470588,0.823529411765,0.764705882353,0.647058823529,0.470588235294,1,0.823529411765,0.235294117647,0.77508650519,0.678200692042,0.629757785467,0.629757785467,0.77508650519,-0.117647058824,1,0,0,20.821,18.0676,95,60.25,70,1,258.9,84,-1.2951,5.55644188676,1,0,0,0,0.12002451982,0.07,0
605198_2026-06-17,605198,2026-06-17,2026-06-16,2026-06-17,2026-06-18,2026-06-22,BOARD3,17,2026-06-22,0.585026213201,2,FROZEN_ASOF_2026_07_01_RETROSPECTIVE,1,1,0.588235294118,0.294117647059,0.147058823529,0.470588235294,0.764705882353,0.970588235294,0.941176470588,1,0.588235294118,0.173010380623,0.285467128028,0.970588235294,0,1,0,0,32.9134,21.0578,90,52.5,60,1,86.1,100,2.6803,4.45550941143,0,0,1,0,-0.0212765957447,-0.0212765957447,0
600549_2026-06-17,600549,2026-06-17,2026-06-16,2026-06-17,2026-06-18,2026-06-22,BOARD2,17,2026-06-22,0.580652627599,3,FROZEN_ASOF_2026_07_01_RETROSPECTIVE,0.764705882353,0.823529411765,0.823529411765,0.911764705882,0.647058823529,0.470588235294,0.647058823529,0.558823529412,0.823529411765,0.629757785467,0.629757785467,0.750865051903,0.509515570934,0.460207612457,-0.0588235294118,1,0,0,19.7133,13.7306,95,63.25,70,1,80.84,78,1.1877,4.39247189254,1,0,0,0,0.209677419355,0.07,0
002824_2026-06-17,002824,2026-06-17,2026-06-16,2026-06-17,2026-06-18,2026-06-22,BOARD2,17,2026-06-22,0.580122005311,4,FROZEN_ASOF_2026_07_01_RETROSPECTIVE,0.882352941176,0.647058823529,0.823529411765,0.911764705882,0.647058823529,0.470588235294,0.470588235294,0.705882352941,1,0.570934256055,0.726643598616,0.750865051903,0.643598615917,0.456747404844,0.235294117647,1,0,0,22.3031,12.3324,95,63.25,70,1,35.94,82,2.7364,3.58185088136,1,0,0,0,0.144943820225,0.07,0
605289_2026-06-17,605289,2026-06-17,2026-06-16,2026-06-17,2026-06-18,2026-06-22,BOARD2,17,2026-06-22,0.576982868298,5,FROZEN_ASOF_2026_07_01_RETROSPECTIVE,0.588235294118,0.705882352941,0.823529411765,0.911764705882,0.647058823529,0.470588235294,0.823529411765,0.558823529412,0.705882352941,0.415224913495,0.484429065744,0.750865051903,0.509515570934,0.39446366782,-0.117647058824,1,0,0,17.3289,12.7485,95,63.25,70,1,133.2,78,0.6842,4.89185175811,0,1,0,0,0.065543071161,0.065543071161,0
002515_2026-06-17,002515,2026-06-17,2026-06-16,2026-06-17,2026-06-18,2026-06-22,BOARD2,17,2026-06-22,0.572966902818,6,FROZEN_ASOF_2026_07_01_RETROSPECTIVE,0.941176470588,0.882352941176,0.823529411765,0.235294117647,0.147058823529,0.470588235294,0.117647058824,0.970588235294,0.647058823529,0.83044982699,0.77508650519,0.193771626298,0.228373702422,0.856401384083,0.0588235294118,1,0,0,23.003,14.95,95,51.75,60,1,9.47,100,0.6161,2.2481289072,1,0,0,0,0.165371809101,0.07,0
002851_2026-06-17,002851,2026-06-17,2026-06-16,2026-06-17,2026-06-18,2026-06-22,BOARD2,17,2026-06-22,0.569761195478,7,FROZEN_ASOF_2026_07_01_RETROSPECTIVE,0.647058823529,0.588235294118,0.823529411765,0.705882352941,0.147058823529,0.470588235294,0.941176470588,0.558823529412,0.882352941176,0.38062283737,0.532871972318,0.581314878893,0.39446366782,0.328719723183,0.0588235294118,1,0,0,17.4686,10.3115,95,58.75,60,1,178.9,78,1.5208,5.18682699051,1,0,0,0,0.0721357850071,0.07,0
002552_2026-06-17,002552,2026-06-17,2026-06-16,2026-06-17,2026-06-18,2026-06-22,BOARD2,17,2026-06-22,0.566150111784,8,FROZEN_ASOF_2026_07_01_RETROSPECTIVE,0.529411764706,0.529411764706,0.441176470588,0.5,0.647058823529,0.470588235294,0.588235294118,0.823529411765,0.294117647059,0.280276816609,0.233564013841,0.220588235294,0.411764705882,0.43598615917,0,1,0,0,16.0502,7.5587,75,56.25,70,1,72.16,84,-0.7692,4.27888587575,1,0,0,0,0.136402877698,0.07,0
002990_2026-06-17,002990,2026-06-17,2026-06-16,2026-06-17,2026-06-18,2026-06-22,BOARD2,17,2026-06-22,0.565838060993,9,FROZEN_ASOF_2026_07_01_RETROSPECTIVE,0.470588235294,0.764705882353,0.823529411765,0.911764705882,0.647058823529,0.470588235294,0.529411764706,0.323529411765,0.117647058824,0.359861591696,0.387543252595,0.750865051903,0.294982698962,0.247404844291,-0.294117647059,1,0,0,13.4668,12.8135,95,63.25,70,1,53.84,70,-1.7408,3.98601668534,1,0,0,0,0.0859687386405,0.07,0
002585_2026-06-17,002585,2026-06-17,2026-06-16,2026-06-17,2026-06-18,2026-06-22,BOARD2,17,2026-06-22,0.562252847616,10,FROZEN_ASOF_2026_07_01_RETROSPECTIVE,0.705882352941,0.470588235294,0.441176470588,0.352941176471,0.647058823529,0.470588235294,0.235294117647,0.823529411765,0.764705882353,0.332179930796,0.311418685121,0.155709342561,0.290657439446,0.387543252595,0.235294117647,1,0,0,17.9927,7.3527,75,53.75,70,1,14.86,84,0.9132,2.69867303929,0,1,0,0,0.0378634212306,0.0378634212306,0
603516_2026-06-17,603516,2026-06-17,2026-06-16,2026-06-17,2026-06-18,2026-06-22,BOARD2,17,2026-06-22,0.556307083692,11,FROZEN_ASOF_2026_07_01_RETROSPECTIVE,0.411764705882,0.352941176471,0.441176470588,0.647058823529,0.647058823529,0.470588235294,0.882352941176,0.235294117647,0.411764705882,0.145328719723,0.181660899654,0.285467128028,0.152249134948,0.083044982699,0.0588235294118,1,0,0,8.5726,6.2191,75,57.25,70,1,135.63,66,-0.5407,4.90993058997,1,0,0,0,0.0701068927387,0.07,0
601179_2026-06-17,601179,2026-06-17,2026-06-16,2026-06-17,2026-06-18,2026-06-22,BOARD2,17,2026-06-22,0.550005639089,12,FROZEN_ASOF_2026_07_01_RETROSPECTIVE,0.352941176471,0.411764705882,0.441176470588,0.5,0.647058823529,0.470588235294,0.294117647059,0.323529411765,0.352941176471,0.145328719723,0.155709342561,0.220588235294,0.161764705882,0.13321799308,-0.0588235294118,1,0,0,7.8405,6.6111,75,56.25,70,1,15.79,70,-0.7386,2.75937682827,1,0,0,0,0.0707908163265,0.07,0
002806_2026-06-17,002806,2026-06-17,2026-06-16,2026-06-17,2026-06-18,2026-06-22,BOARD2,17,2026-06-22,0.545518621469,13,FROZEN_ASOF_2026_07_01_RETROSPECTIVE,0.294117647059,0.294117647059,0.264705882353,0.411764705882,0.647058823529,0.470588235294,0.411764705882,0.176470588235,0.470588235294,0.0865051903114,0.0778546712803,0.108996539792,0.0726643598616,0.0519031141869,0,1,0,0,7.674,5.4977,65,54.25,70,1,20.78,60,-0.4626,3.03399098567,0,1,0,0,0.0405727923628,0.0405727923628,0
600545_2026-06-17,600545,2026-06-17,2026-06-16,2026-06-17,2026-06-18,2026-06-22,BOARD2,17,2026-06-22,0.538471283279,14,FROZEN_ASOF_2026_07_01_RETROSPECTIVE,0.117647058824,0.117647058824,0.147058823529,0.117647058824,0.647058823529,0.470588235294,0.0588235294118,0.558823529412,0.176470588235,0.0138408304498,0.0173010380623,0.0173010380623,0.0657439446367,0.0657439446367,0,1,0,0,4.8862,1.8622,55,49.25,70,1,6.59,78,-1.375,1.88555334851,1,0,0,0,0.142857142857,0.07,0
603045_2026-06-17,603045,2026-06-17,2026-06-16,2026-06-17,2026-06-18,2026-06-22,BOARD2,17,2026-06-22,0.535608893256,15,FROZEN_ASOF_2026_07_01_RETROSPECTIVE,0.0588235294118,0.0588235294118,0.0588235294118,0.0588235294118,0.147058823529,0.470588235294,0.705882352941,0.0882352941176,0.529411764706,0.00346020761246,0.00346020761246,0.00346020761246,0.00519031141869,0.00519031141869,0,1,0,0,2.7759,-0.1314,40,44.5,60,1,84.49,50,0.5053,4.43663318416,0,1,0,0,0.0585868150077,0.0585868150077,0
600703_2026-06-17,600703,2026-06-17,2026-06-16,2026-06-17,2026-06-18,2026-06-22,BOARD2,17,2026-06-22,0.526671603641,16,FROZEN_ASOF_2026_07_01_RETROSPECTIVE,0.235294117647,0.235294117647,0.264705882353,0.588235294118,0.647058823529,0.970588235294,0.352941176471,0.0882352941176,0.588235294118,0.0553633217993,0.0622837370242,0.155709342561,0.0519031141869,0.0207612456747,0,0,1,0,6.07,3.7829,65,56.75,70,2,17.16,50,0.5314,2.84258109406,1,0,0,0,0.0892151326934,0.07,0
002051_2026-06-17,002051,2026-06-17,2026-06-16,2026-06-17,2026-06-18,2026-06-22,BOARD2,17,2026-06-22,0.522900423396,17,FROZEN_ASOF_2026_07_01_RETROSPECTIVE,0.176470588235,0.176470588235,0.147058823529,0.176470588235,0.647058823529,0.970588235294,0.176470588235,0.411764705882,0.0588235294118,0.0311418685121,0.0259515570934,0.0259515570934,0.0726643598616,0.0726643598616,0,0,1,0,5.6457,2.4341,55,49.75,70,2,12.5,74,-2.1575,2.52572864431,1,0,0,0,0.0827974276527,0.07,0
603186_2026-06-18,603186,2026-06-18,2026-06-17,2026-06-18,2026-06-22,2026-06-23,BOARD3,15,2026-06-23,0.585752291219,1,FROZEN_ASOF_2026_07_01_RETROSPECTIVE,1,0.933333333333,0.466666666667,0.533333333333,0.6,0.5,1,0.633333333333,1,0.933333333333,0.466666666667,0.248888888889,0.337777777778,0.591111111111,0.0666666666667,1,0,0,34.4123,24.8779,90,58.5,70,1,238.11,84,3.4162,5.47273275177,0,1,0,0,0.0454831800428,0.0454831800428,0
002741_2026-06-18,002741,2026-06-18,2026-06-17,2026-06-18,2026-06-22,2026-06-23,BOARD3,15,2026-06-23,0.582003867958,2,FROZEN_ASOF_2026_07_01_RETROSPECTIVE,0.933333333333,0.866666666667,0.466666666667,0.2,0.6,0.5,0.666666666667,1,0.933333333333,0.808888888889,0.435555555556,0.0933333333333,0.2,0.866666666667,0.0666666666667,1,0,0,30.2757,21.1595,90,50.5,70,1,41.3,96,3.3292,3.72086249997,0,0,1,0,-0.0204131227217,-0.0204131227217,0
600110_2026-06-18,600110,2026-06-18,2026-06-17,2026-06-18,2026-06-22,2026-06-23,BOARD3,15,2026-06-23,0.580637672502,3,FROZEN_ASOF_2026_07_01_RETROSPECTIVE,0.866666666667,1,0.466666666667,0.266666666667,0.6,0.5,0.466666666667,0.9,0.666666666667,0.866666666667,0.404444444444,0.124444444444,0.24,0.9,-0.133333333333,1,0,0,29.3148,25.1196,90,51,70,1,17.57,94,0.0328,2.8661929022,0,0,1,0,-0.0444572748268,-0.0444572748268,0
603002_2026-06-18,603002,2026-06-18,2026-06-17,2026-06-18,2026-06-22,2026-06-23,BOARD3,15,2026-06-23,0.579209360922,4,FROZEN_ASOF_2026_07_01_RETROSPECTIVE,0.8,0.8,0.8,0.733333333333,0.6,0.5,0.6,0.633333333333,0.866666666667,0.64,0.64,0.586666666667,0.464444444444,0.506666666667,0,1,0,0,24.7355,19.9217,95,60.25,70,1,23.58,84,0.6005,3.16039889511,1,0,0,0,0.117920540997,0.07,0
002080_2026-06-18,002080,2026-06-18,2026-06-17,2026-06-18,2026-06-22,2026-06-23,BOARD3,15,2026-06-23,0.572508324199,5,FROZEN_ASOF_2026_07_01_RETROSPECTIVE,0.666666666667,0.666666666667,0.8,0.933333333333,0.6,0.5,0.733333333333,0.4,0.733333333333,0.444444444444,0.533333333333,0.746666666667,0.373333333333,0.266666666667,0,1,0,0,18.3167,14.8649,95,63.75,70,1,80.55,78,0.0708,4.38887810962,0,1,0,0,0.0197681513118,0.0197681513118,0
603115_2026-06-18,603115,2026-06-18,2026-06-17,2026-06-18,2026-06-22,2026-06-23,BOARD3,15,2026-06-23,0.566897958554,6,FROZEN_ASOF_2026_07_01_RETROSPECTIVE,0.4,0.466666666667,0.8,0.733333333333,0.6,0.5,0.866666666667,0.633333333333,0.0666666666667,0.186666666667,0.32,0.586666666667,0.464444444444,0.295555555556,-0.0666666666667,1,0,0,12.3629,11.6771,95,60.25,70,1,114.7,84,-3.1979,4.74232002414,0,1,0,0,0.0322945682451,0.0322945682451,0
600186_2026-06-18,600186,2026-06-18,2026-06-17,2026-06-18,2026-06-22,2026-06-23,BOARD2,15,2026-06-23,0.563124913184,7,FROZEN_ASOF_2026_07_01_RETROSPECTIVE,0.533333333333,0.733333333333,0.8,0.6,0.1,0.5,0.4,0.633333333333,0.333333333333,0.391111111111,0.426666666667,0.48,0.38,0.464444444444,-0.2,1,0,0,16.6953,14.9792,95,59.25,60,1,14.28,84,-1.6968,2.65885995691,0,1,0,0,0.0350515463918,0.0350515463918,0
000679_2026-06-18,000679,2026-06-18,2026-06-17,2026-06-18,2026-06-22,2026-06-23,BOARD2,15,2026-06-23,0.55642479239,8,FROZEN_ASOF_2026_07_01_RETROSPECTIVE,0.6,0.533333333333,0.8,0.333333333333,0.1,0.5,0.0666666666667,0.9,0.2,0.32,0.48,0.266666666667,0.3,0.48,0.0666666666667,1,0,0,17.5923,11.6972,95,51.75,60,1,7.58,94,-2.1781,2.02551319965,0,1,0,0,0.0197889182058,0.0197889182058,0
000777_2026-06-18,000777,2026-06-18,2026-06-17,2026-06-18,2026-06-22,2026-06-23,BOARD3,15,2026-06-23,0.555612652799,9,FROZEN_ASOF_2026_07_01_RETROSPECTIVE,0.266666666667,0.4,0.8,0.866666666667,0.6,0.5,0.533333333333,0.266666666667,0.4,0.106666666667,0.213333333333,0.693333333333,0.231111111111,0.106666666667,-0.133333333333,1,0,0,10.0912,10.0912,95,63.25,70,1,19.67,70,-1.3323,2.9790946324,0,1,0,0,0.0143464399575,0.0143464399575,0
603773_2026-06-18,603773,2026-06-18,2026-06-17,2026-06-18,2026-06-22,2026-06-23,BOARD2,15,2026-06-23,0.552270978473,10,FROZEN_ASOF_2026_07_01_RETROSPECTIVE,0.466666666667,0.133333333333,0.1,0.4,0.6,0.5,0.933333333333,0.333333333333,0.8,0.0622222222222,0.0466666666667,0.04,0.133333333333,0.0444444444444,0.333333333333,1,0,0,12.6208,2.569,55,52.25,70,1,164.7,72,0.4525,5.10412563718,0,1,0,0,0.0675738274464,0.0675738274464,0
002484_2026-06-18,002484,2026-06-18,2026-06-17,2026-06-18,2026-06-22,2026-06-23,BOARD2,15,2026-06-23,0.548930828167,11,FROZEN_ASOF_2026_07_01_RETROSPECTIVE,0.733333333333,0.6,0.8,1,0.6,1,0.8,0.0666666666667,0.6,0.44,0.586666666667,0.8,0.0666666666667,0.04,0.133333333333,0,1,0,18.4388,13.9998,95,64.25,70,2,108.06,50,-0.008,4.68268662842,0,0,1,1,-0.0501659904094,-0.0501659904094,0
601636_2026-06-18,601636,2026-06-18,2026-06-17,2026-06-18,2026-06-22,2026-06-23,BOARD3,15,2026-06-23,0.547718981994,12,FROZEN_ASOF_2026_07_01_RETROSPECTIVE,0.333333333333,0.266666666667,0.266666666667,0.0666666666667,0.6,0.5,0.2,0.8,0.533333333333,0.0888888888889,0.0888888888889,0.0177777777778,0.0533333333333,0.213333333333,0.0666666666667,1,0,0,10.9118,7.601,75,49.75,70,1,8.04,86,-0.4093,2.08442908319,0,1,0,0,0.0048309178744,0.0048309178744,0
600192_2026-06-18,600192,2026-06-18,2026-06-17,2026-06-18,2026-06-22,2026-06-23,BOARD2,15,2026-06-23,0.54485443636,13,FROZEN_ASOF_2026_07_01_RETROSPECTIVE,0.133333333333,0.333333333333,0.266666666667,0.466666666667,0.6,0.5,0.133333333333,0.466666666667,0.133333333333,0.0444444444444,0.0355555555556,0.124444444444,0.217777777778,0.155555555556,-0.2,1,0,0,7.7222,7.7222,75,53.75,70,1,7.77,80,-2.4895,2.05027016438,0,1,0,0,0.00126742712294,0.00126742712294,0
600615_2026-06-18,600615,2026-06-18,2026-06-17,2026-06-18,2026-06-22,2026-06-23,BOARD2,15,2026-06-23,0.543756862782,14,FROZEN_ASOF_2026_07_01_RETROSPECTIVE,0.2,0.2,0.266666666667,0.733333333333,0.6,0.5,0.266666666667,0.2,0.466666666667,0.04,0.0533333333333,0.195555555556,0.146666666667,0.04,0,1,0,0,8.2437,6.9124,75,60.25,70,1,10.57,60,-0.838,2.35801979988,0,0,1,0,-0.00570342205323,-0.00570342205323,0
600707_2026-06-18,600707,2026-06-18,2026-06-17,2026-06-18,2026-06-22,2026-06-23,BOARD2,15,2026-06-23,0.53615746551,15,FROZEN_ASOF_2026_07_01_RETROSPECTIVE,0.0666666666667,0.0666666666667,0.1,0.133333333333,0.6,0.5,0.333333333333,0.133333333333,0.266666666667,0.00444444444444,0.00666666666667,0.0133333333333,0.0177777777778,0.00888888888889,0,1,0,0,2.6563,0.5523,55,50.25,70,1,11.71,58,-1.7063,2.46044317761,1,0,0,0,0.109845402766,0.07,0
002491_2026-06-22,002491,2026-06-22,2026-06-18,2026-06-22,2026-06-23,2026-06-24,BOARD2,7,2026-06-24,0.536460932799,1,FROZEN_ASOF_2026_07_01_RETROSPECTIVE,1,1,0.285714285714,0.857142857143,0.857142857143,0.571428571429,0.428571428571,0.214285714286,0.428571428571,1,0.285714285714,0.244897959184,0.183673469388,0.214285714286,0,0,0,1,27.1979,21.6985,90,62,70,4,34,76,1.1504,3.52636052462,1,0,0,0,0.0711188204683,0.07,0
001339_2026-06-22,001339,2026-06-22,2026-06-18,2026-06-22,2026-06-23,2026-06-24,BOARD2,7,2026-06-24,0.534250076562,2,FROZEN_ASOF_2026_07_01_RETROSPECTIVE,0.428571428571,0.714285714286,0.714285714286,0.428571428571,0.428571428571,0.571428571429,1,0.714285714286,0.714285714286,0.30612244898,0.30612244898,0.30612244898,0.30612244898,0.510204081633,-0.285714285714,0,0,1,21.9147,16.1624,95,55.75,60,4,131.19,88,2.2035,4.87664665409,0,1,0,0,0.0626988437961,0.0626988437961,0
002989_2026-06-22,002989,2026-06-22,2026-06-18,2026-06-22,2026-06-23,2026-06-24,BOARD3,7,2026-06-24,0.531641873597,3,FROZEN_ASOF_2026_07_01_RETROSPECTIVE,0.857142857143,0.428571428571,0.714285714286,0.285714285714,0.428571428571,0.571428571429,0.571428571429,1,1,0.367346938776,0.612244897959,0.204081632653,0.285714285714,0.428571428571,0.428571428571,0,0,1,26.0718,13.8787,95,51.75,60,4,38.67,100,4.6688,3.65506410562,0,1,0,0,0.0214190093708,0.0214190093708,0
002141_2026-06-22,002141,2026-06-22,2026-06-18,2026-06-22,2026-06-23,2026-06-24,BOARD3,7,2026-06-24,0.529793995379,4,FROZEN_ASOF_2026_07_01_RETROSPECTIVE,0.285714285714,0.857142857143,0.714285714286,1,0.857142857143,0.571428571429,0.142857142857,0.5,0.142857142857,0.244897959184,0.204081632653,0.714285714286,0.5,0.428571428571,-0.571428571429,0,0,1,19.8083,17.6784,95,63.25,70,4,4.5,84,-3.7036,1.50407739678,1,0,0,0,0.0746268656716,0.07,0
002579_2026-06-22,002579,2026-06-22,2026-06-18,2026-06-22,2026-06-23,2026-06-24,BOARD2,7,2026-06-24,0.5265765011,5,FROZEN_ASOF_2026_07_01_RETROSPECTIVE,0.571428571429,0.571428571429,0.714285714286,0.571428571429,0.857142857143,0.571428571429,0.285714285714,0.5,0.571428571429,0.326530612245,0.408163265306,0.408163265306,0.285714285714,0.285714285714,0,0,0,1,22.3097,14.2097,95,60.75,70,4,21.14,84,1.6017,3.05116698044,0,0,1,0,-0.0383309073265,-0.0383309073265,0
603261_2026-06-22,603261,2026-06-22,2026-06-18,2026-06-22,2026-06-23,2026-06-24,BOARD2,7,2026-06-24,0.518693973996,6,FROZEN_ASOF_2026_07_01_RETROSPECTIVE,0.714285714286,0.142857142857,0.142857142857,0.142857142857,0.428571428571,0.571428571429,0.857142857143,0.857142857143,0.857142857143,0.102040816327,0.102040816327,0.0204081632653,0.122448979592,0.122448979592,0.571428571429,0,0,1,25.5513,8.449,75,47.25,60,4,46.69,92,2.2623,3.84353000898,1,0,0,0,0.193737328227,0.07,0
603324_2026-06-22,603324,2026-06-22,2026-06-18,2026-06-22,2026-06-23,2026-06-24,BOARD2,7,2026-06-24,0.509652671601,7,FROZEN_ASOF_2026_07_01_RETROSPECTIVE,0.142857142857,0.285714285714,0.714285714286,0.714285714286,0.142857142857,0.571428571429,0.714285714286,0.214285714286,0.285714285714,0.0408163265306,0.102040816327,0.510204081633,0.15306122449,0.0612244897959,-0.142857142857,0,0,1,19.0612,13.1366,95,61.25,45,4,41.8,76,-0.4871,3.73289633953,1,0,0,0,0.106767652089,0.07,0
603663_2026-06-23,603663,2026-06-23,2026-06-22,2026-06-23,2026-06-24,2026-06-25,BOARD2,14,2026-06-25,0.577078163995,1,FROZEN_ASOF_2026_07_01_RETROSPECTIVE,0.714285714286,0.714285714286,0.714285714286,0.535714285714,0.821428571429,0.535714285714,0.857142857143,0.607142857143,0.714285714286,0.510204081633,0.510204081633,0.382653061224,0.325255102041,0.433673469388,0,1,0,0,24.1128,18.2553,95,56.25,70,1,101.07,86,-0.7952,4.61581334609,0,1,0,0,0.0294117647059,0.0294117647059,0
600769_2026-06-23,600769,2026-06-23,2026-06-22,2026-06-23,2026-06-24,2026-06-25,BOARD2,14,2026-06-25,0.575392930013,2,FROZEN_ASOF_2026_07_01_RETROSPECTIVE,0.785714285714,0.857142857143,0.714285714286,0.535714285714,0.821428571429,0.535714285714,0.285714285714,0.607142857143,0.857142857143,0.673469387755,0.561224489796,0.382653061224,0.325255102041,0.520408163265,-0.0714285714286,1,0,0,24.6171,19.5689,95,56.25,70,1,21.97,86,-0.1065,3.0896778864,0,1,0,0,0.00775547445255,0.00775547445255,0
002297_2026-06-23,002297,2026-06-23,2026-06-22,2026-06-23,2026-06-24,2026-06-25,BOARD2,14,2026-06-25,0.574332912839,3,FROZEN_ASOF_2026_07_01_RETROSPECTIVE,1,1,0.357142857143,0.142857142857,0.107142857143,0.535714285714,0.428571428571,0.821428571429,0.785714285714,1,0.357142857143,0.0510204081633,0.117346938776,0.821428571429,0,1,0,0,31.1908,25.3148,90,44.5,45,1,32.82,94,-0.2467,3.49103808566,1,0,0,0,0.132492113565,0.07,0
003031_2026-06-23,003031,2026-06-23,2026-06-22,2026-06-23,2026-06-24,2026-06-25,BOARD2,14,2026-06-25,0.573973517221,4,FROZEN_ASOF_2026_07_01_RETROSPECTIVE,0.5,0.642857142857,0.714285714286,0.357142857143,0.821428571429,0.535714285714,1,0.821428571429,0.142857142857,0.321428571429,0.357142857143,0.255102040816,0.293367346939,0.52806122449,-0.142857142857,1,0,0,16.9928,15.9692,95,52.25,70,1,187.44,94,-3.5793,5.2334587942,0,1,0,0,0.0645161290323,0.0645161290323,0
000811_2026-06-23,000811,2026-06-23,2026-06-22,2026-06-23,2026-06-24,2026-06-25,BOARD3,14,2026-06-25,0.573646000071,5,FROZEN_ASOF_2026_07_01_RETROSPECTIVE,0.928571428571,0.357142857143,0.714285714286,0.428571428571,0.821428571429,0.535714285714,0.571428571429,1,1,0.331632653061,0.663265306122,0.30612244898,0.428571428571,0.357142857143,0.571428571429,1,0,0,25.3904,11.5603,95,55.25,70,1,44.97,100,3.3822,3.80599560078,1,0,0,0,0.219968087531,0.07,0
000657_2026-06-23,000657,2026-06-23,2026-06-22,2026-06-23,2026-06-24,2026-06-25,BOARD2,14,2026-06-25,0.570476068507,6,FROZEN_ASOF_2026_07_01_RETROSPECTIVE,0.428571428571,0.5,0.714285714286,0.928571428571,0.821428571429,0.535714285714,0.928571428571,0.5,0.214285714286,0.214285714286,0.30612244898,0.663265306122,0.464285714286,0.25,-0.0714285714286,1,0,0,16.6244,15.0087,95,63.25,70,1,102.5,84,-3.5482,4.62986279858,1,0,0,0,0.0773082315241,0.07,0
002655_2026-06-23,002655,2026-06-23,2026-06-22,2026-06-23,2026-06-24,2026-06-25,BOARD2,14,2026-06-25,0.570246707553,7,FROZEN_ASOF_2026_07_01_RETROSPECTIVE,0.571428571429,0.928571428571,0.714285714286,0.821428571429,0.392857142857,0.535714285714,0.642857142857,0.428571428571,0.0714285714286,0.530612244898,0.408163265306,0.586734693878,0.352040816327,0.397959183673,-0.357142857143,1,0,0,21.4189,19.836,95,62.25,60,1,46.79,76,-4.294,3.84566950488,1,0,0,0,0.112807463953,0.07,0
603082_2026-06-23,603082,2026-06-23,2026-06-22,2026-06-23,2026-06-24,2026-06-25,BOARD2,14,2026-06-25,0.569739448159,8,FROZEN_ASOF_2026_07_01_RETROSPECTIVE,0.857142857143,0.571428571429,0.714285714286,0.285714285714,0.392857142857,0.535714285714,0.714285714286,0.821428571429,0.5,0.489795918367,0.612244897959,0.204081632653,0.234693877551,0.469387755102,0.285714285714,1,0,0,25.3133,15.6882,95,51.25,60,1,47,94,-1.6265,3.85014760171,0,1,0,0,0.0208955223881,0.0208955223881,0
002805_2026-06-23,002805,2026-06-23,2026-06-22,2026-06-23,2026-06-24,2026-06-25,BOARD2,14,2026-06-25,0.565278959907,9,FROZEN_ASOF_2026_07_01_RETROSPECTIVE,0.642857142857,0.785714285714,0.714285714286,0.821428571429,0.392857142857,0.535714285714,0.357142857143,0.321428571429,0.928571428571,0.505102040816,0.459183673469,0.586734693878,0.264030612245,0.252551020408,-0.142857142857,1,0,0,23.2498,19.2672,95,62.25,60,1,29.4,70,-0.0707,3.38099467434,0,1,0,0,0.0302405498282,0.0302405498282,0
603380_2026-06-23,603380,2026-06-23,2026-06-22,2026-06-23,2026-06-24,2026-06-25,BOARD2,14,2026-06-25,0.556347415191,10,FROZEN_ASOF_2026_07_01_RETROSPECTIVE,0.285714285714,0.428571428571,0.714285714286,1,0.392857142857,0.535714285714,0.5,0.321428571429,0.571428571429,0.122448979592,0.204081632653,0.714285714286,0.321428571429,0.137755102041,-0.142857142857,1,0,0,12.2249,12.0155,95,82.75,60,1,42.88,70,-1.5187,3.75840551676,1,0,0,0,0.108924806746,0.07,0
002842_2026-06-23,002842,2026-06-23,2026-06-22,2026-06-23,2026-06-24,2026-06-25,BOARD2,14,2026-06-25,0.554411311149,11,FROZEN_ASOF_2026_07_01_RETROSPECTIVE,0.357142857143,0.285714285714,0.214285714286,0.714285714286,0.821428571429,0.535714285714,0.785714285714,0.214285714286,0.428571428571,0.102040816327,0.0765306122449,0.15306122449,0.15306122449,0.0612244897959,0.0714285714286,1,0,0,12.3053,9.659,75,57.25,70,1,48.38,64,-1.8849,3.87908650518,1,0,0,0,0.0887335874629,0.07,0
001296_2026-06-23,001296,2026-06-23,2026-06-22,2026-06-23,2026-06-24,2026-06-25,BOARD2,14,2026-06-25,0.53900225417,12,FROZEN_ASOF_2026_07_01_RETROSPECTIVE,0.214285714286,0.142857142857,0.214285714286,0.0714285714286,0.107142857143,0.535714285714,0.214285714286,0.821428571429,0.285714285714,0.030612244898,0.0459183673469,0.015306122449,0.0586734693878,0.117346938776,0.0714285714286,1,0,0,9.8862,8.7177,75,42.75,45,1,21.63,94,-3.2194,3.07408123996,0,1,0,0,0.0229293401965,0.0229293401965,0
600162_2026-06-23,600162,2026-06-23,2026-06-22,2026-06-23,2026-06-24,2026-06-25,BOARD2,14,2026-06-25,0.536084239247,13,FROZEN_ASOF_2026_07_01_RETROSPECTIVE,0.142857142857,0.214285714286,0.214285714286,0.642857142857,0.392857142857,0.535714285714,0.0714285714286,0.0714285714286,0.357142857143,0.030612244898,0.030612244898,0.137755102041,0.0459183673469,0.015306122449,-0.0714285714286,1,0,0,9.7595,9.4767,75,56.75,60,1,3.88,50,-2.7094,1.35583515364,1,0,0,0,0.0704960835509,0.07,0
002354_2026-06-23,002354,2026-06-23,2026-06-22,2026-06-23,2026-06-24,2026-06-25,BOARD2,14,2026-06-25,0.533665292336,14,FROZEN_ASOF_2026_07_01_RETROSPECTIVE,0.0714285714286,0.0714285714286,0.0714285714286,0.214285714286,0.392857142857,0.535714285714,0.142857142857,0.142857142857,0.642857142857,0.00510204081633,0.00510204081633,0.015306122449,0.030612244898,0.0102040816327,0,1,0,0,3.2332,0.942,55,49.75,60,1,8.11,56,-0.9566,2.09309786813,0,1,0,0,0.0438489646772,0.0438489646772,0
603757_2026-06-24,603757,2026-06-24,2026-06-23,2026-06-24,2026-06-25,2026-06-26,BOARD2,15,2026-06-26,0.589903183524,1,FROZEN_ASOF_2026_07_01_RETROSPECTIVE,1,0.866666666667,0.833333333333,0.433333333333,0.666666666667,0.533333333333,0.933333333333,0.866666666667,0.933333333333,0.866666666667,0.833333333333,0.361111111111,0.375555555556,0.751111111111,0.133333333333,1,0,0,31.7813,18.0131,95,50.75,70,1,73.7,94,6.1112,4.3000027992,0,1,0,0,0.0516980613227,0.0516980613227,0
600851_2026-06-24,600851,2026-06-24,2026-06-23,2026-06-24,2026-06-25,2026-06-26,BOARD3,15,2026-06-26,0.582763674359,2,FROZEN_ASOF_2026_07_01_RETROSPECTIVE,0.933333333333,1,0.6,0.333333333333,0.666666666667,0.533333333333,0.533333333333,0.866666666667,0.133333333333,0.933333333333,0.56,0.2,0.288888888889,0.866666666667,-0.0666666666667,1,0,0,25.031,22.3048,90,47,70,1,10.09,94,-2.448,2.31154483437,0,0,1,0,-0.036815920398,-0.036815920398,0
000070_2026-06-24,000070,2026-06-24,2026-06-23,2026-06-24,2026-06-25,2026-06-26,BOARD2,15,2026-06-26,0.581402644377,3,FROZEN_ASOF_2026_07_01_RETROSPECTIVE,0.733333333333,0.933333333333,0.833333333333,0.733333333333,0.666666666667,0.533333333333,0.8,0.533333333333,0.6,0.684444444444,0.611111111111,0.611111111111,0.391111111111,0.497777777778,-0.2,1,0,0,23.0328,18.2728,95,56.75,70,1,25.33,88,1.1142,3.23198946401,0,0,1,0,-0.0225029609159,-0.0225029609159,0
600172_2026-06-24,600172,2026-06-24,2026-06-23,2026-06-24,2026-06-25,2026-06-26,BOARD2,15,2026-06-26,0.579765808639,4,FROZEN_ASOF_2026_07_01_RETROSPECTIVE,0.8,0.8,0.833333333333,0.6,0.666666666667,0.533333333333,0.666666666667,0.666666666667,0.8,0.64,0.666666666667,0.5,0.4,0.533333333333,0,1,0,0,24.0389,14.2463,95,52.75,70,1,17.1,92,2.6666,2.83907846351,0,1,0,0,0.0564468211527,0.0564468211527,0
601869_2026-06-24,601869,2026-06-24,2026-06-23,2026-06-24,2026-06-25,2026-06-26,BOARD2,15,2026-06-26,0.576976336945,5,FROZEN_ASOF_2026_07_01_RETROSPECTIVE,0.666666666667,0.733333333333,0.833333333333,0.733333333333,0.666666666667,0.533333333333,1,0.466666666667,0.666666666667,0.488888888889,0.555555555556,0.611111111111,0.342222222222,0.342222222222,-0.0666666666667,1,0,0,19.6508,14.118,95,56.75,70,1,580,86,1.8279,6.36302810354,0,0,1,0,-0.0267558528428,-0.0267558528428,0
000783_2026-06-24,000783,2026-06-24,2026-06-23,2026-06-24,2026-06-25,2026-06-26,BOARD2,15,2026-06-26,0.561727170226,6,FROZEN_ASOF_2026_07_01_RETROSPECTIVE,0.533333333333,0.666666666667,0.833333333333,1,0.666666666667,0.533333333333,0.4,0.166666666667,0.266666666667,0.355555555556,0.444444444444,0.833333333333,0.166666666667,0.111111111111,-0.133333333333,1,0,0,13.1266,11.2881,95,63.25,70,1,9.23,70,-1.1307,2.22245904851,1,0,0,0,0.091103965702,0.07,0
002068_2026-06-24,002068,2026-06-24,2026-06-23,2026-06-24,2026-06-25,2026-06-26,BOARD3,15,2026-06-26,0.560106507879,7,FROZEN_ASOF_2026_07_01_RETROSPECTIVE,0.866666666667,0.466666666667,0.433333333333,0.2,0.166666666667,0.533333333333,0.6,0.666666666667,1,0.404444444444,0.375555555556,0.0866666666667,0.133333333333,0.311111111111,0.4,1,0,0,24.8495,7.4373,75,44.75,60,1,13.48,92,7.5087,2.60120710548,0,1,0,0,0.0647138964578,0.0647138964578,0
000571_2026-06-24,000571,2026-06-24,2026-06-23,2026-06-24,2026-06-25,2026-06-26,BOARD2,15,2026-06-26,0.55645124641,8,FROZEN_ASOF_2026_07_01_RETROSPECTIVE,0.4,0.6,0.833333333333,0.933333333333,0.166666666667,0.533333333333,0.266666666667,0.366666666667,0.4,0.24,0.333333333333,0.777777777778,0.342222222222,0.22,-0.2,1,0,0,11.8456,10.4163,95,59.25,60,1,6.26,80,0.1939,1.83418018511,1,0,0,0,0.079674796748,0.07,0
600470_2026-06-24,600470,2026-06-24,2026-06-23,2026-06-24,2026-06-25,2026-06-26,BOARD2,15,2026-06-26,0.555775291851,9,FROZEN_ASOF_2026_07_01_RETROSPECTIVE,0.2,0.333333333333,0.433333333333,0.266666666667,0.666666666667,0.533333333333,0.333333333333,1,0.533333333333,0.0666666666667,0.0866666666667,0.115555555556,0.266666666667,0.333333333333,-0.133333333333,1,0,0,9.9863,6.0398,75,45.25,70,1,6.41,96,1.0004,1.85785927093,0,1,0,0,0.0189873417722,0.0189873417722,0
002830_2026-06-24,002830,2026-06-24,2026-06-23,2026-06-24,2026-06-25,2026-06-26,BOARD2,15,2026-06-26,0.555620303121,10,FROZEN_ASOF_2026_07_01_RETROSPECTIVE,0.266666666667,0.533333333333,0.433333333333,0.733333333333,0.666666666667,0.533333333333,0.733333333333,0.166666666667,0.466666666667,0.142222222222,0.115555555556,0.317777777778,0.122222222222,0.0888888888889,-0.266666666667,1,0,0,10.6255,8.0659,75,56.75,70,1,17.72,70,0.3779,2.87469394518,0,0,1,0,-0.0324971493729,-0.0324971493729,0
605580_2026-06-24,605580,2026-06-24,2026-06-23,2026-06-24,2026-06-25,2026-06-26,BOARD2,15,2026-06-26,0.551118323189,11,FROZEN_ASOF_2026_07_01_RETROSPECTIVE,0.6,0.2,0.133333333333,0.0666666666667,0.166666666667,0.533333333333,0.866666666667,0.666666666667,0.866666666667,0.12,0.08,0.00888888888889,0.0444444444444,0.133333333333,0.4,1,0,0,17.3778,2.8354,55,37.75,60,1,30.51,92,5.8945,3.41805449873,0,0,1,0,-0.00604026845638,-0.00604026845638,0
600400_2026-06-24,600400,2026-06-24,2026-06-23,2026-06-24,2026-06-25,2026-06-26,BOARD2,15,2026-06-26,0.55109640599,12,FROZEN_ASOF_2026_07_01_RETROSPECTIVE,0.466666666667,0.266666666667,0.266666666667,0.133333333333,0.666666666667,0.533333333333,0.133333333333,0.866666666667,0.733333333333,0.124444444444,0.124444444444,0.0355555555556,0.115555555556,0.231111111111,0.2,1,0,0,12.4642,5.3009,65,41.75,70,1,3.14,94,1.9759,1.14422279992,1,0,0,0,0.100323624595,0.07,0
605377_2026-06-24,605377,2026-06-24,2026-06-23,2026-06-24,2026-06-25,2026-06-26,BOARD2,15,2026-06-26,0.547971936275,13,FROZEN_ASOF_2026_07_01_RETROSPECTIVE,0.333333333333,0.4,0.433333333333,0.533333333333,0.166666666667,0.533333333333,0.466666666667,0.366666666667,0.333333333333,0.133333333333,0.144444444444,0.231111111111,0.195555555556,0.146666666667,-0.0666666666667,1,0,0,10.7914,6.7146,75,52.25,60,1,9.24,80,-0.2302,2.22354188565,0,0,1,0,-0.0173913043478,-0.0173913043478,0
600322_2026-06-24,600322,2026-06-24,2026-06-23,2026-06-24,2026-06-25,2026-06-26,BOARD2,15,2026-06-26,0.540878608242,14,FROZEN_ASOF_2026_07_01_RETROSPECTIVE,0.133333333333,0.133333333333,0.133333333333,0.866666666667,0.666666666667,0.533333333333,0.0666666666667,0.266666666667,0.0666666666667,0.0177777777778,0.0177777777778,0.115555555556,0.231111111111,0.0355555555556,0,1,0,0,2.9913,1.4767,55,58.75,70,1,2.72,76,-2.4584,1.00063188031,0,1,0,0,0.0181818181818,0.0181818181818,0
002672_2026-06-24,002672,2026-06-24,2026-06-23,2026-06-24,2026-06-25,2026-06-26,BOARD2,15,2026-06-26,0.536052318635,15,FROZEN_ASOF_2026_07_01_RETROSPECTIVE,0.0666666666667,0.0666666666667,0.133333333333,0.433333333333,0.666666666667,0.533333333333,0.2,0.0666666666667,0.2,0.00444444444444,0.00888888888889,0.0577777777778,0.0288888888889,0.00444444444444,0,1,0,0,2.5571,1.469,55,50.75,70,1,3.77,68,-2.2607,1.32707500146,0,1,0,0,0.0512129380054,0.0512129380054,0
605069_2026-06-25,605069,2026-06-25,2026-06-24,2026-06-25,2026-06-26,2026-06-29,BOARD3,9,2026-06-29,0.580354058897,1,FROZEN_ASOF_2026_07_01_RETROSPECTIVE,0.888888888889,0.888888888889,0.777777777778,0.777777777778,0.555555555556,0.555555555556,0.666666666667,0.5,0.777777777778,0.79012345679,0.691358024691,0.604938271605,0.388888888889,0.444444444444,0,1,0,0,21.7896,16.6529,95,60.25,70,1,14.7,84,0.3742,2.68784749378,1,0,0,0,0.108333333333,0.07,0
600909_2026-06-25,600909,2026-06-25,2026-06-24,2026-06-25,2026-06-26,2026-06-29,BOARD2,9,2026-06-29,0.579250187339,2,FROZEN_ASOF_2026_07_01_RETROSPECTIVE,1,1,0.444444444444,0.222222222222,0.555555555556,0.555555555556,0.555555555556,0.666666666667,1,1,0.444444444444,0.0987654320988,0.148148148148,0.666666666667,0,1,0,0,30.595,22.1415,90,50.5,70,1,12.05,92,2.9271,2.48906465994,1,0,0,0,0.07,0.07,0
600379_2026-06-25,600379,2026-06-25,2026-06-24,2026-06-25,2026-06-26,2026-06-29,BOARD2,9,2026-06-29,0.574147820917,3,FROZEN_ASOF_2026_07_01_RETROSPECTIVE,0.777777777778,0.555555555556,0.777777777778,0.333333333333,0.555555555556,0.555555555556,0.777777777778,0.944444444444,0.666666666667,0.432098765432,0.604938271605,0.259259259259,0.314814814815,0.524691358025,0.222222222222,1,0,0,17.0886,11.6857,95,52.25,70,1,15.17,100,0.3171,2.71931979336,0,0,1,0,-0.0113182423435,-0.0113182423435,0
002631_2026-06-25,002631,2026-06-25,2026-06-24,2026-06-25,2026-06-26,2026-06-29,BOARD2,9,2026-06-29,0.567250641408,4,FROZEN_ASOF_2026_07_01_RETROSPECTIVE,0.666666666667,0.777777777778,0.777777777778,0.888888888889,0.555555555556,0.555555555556,0.333333333333,0.333333333333,0.555555555556,0.518518518519,0.518518518519,0.691358024691,0.296296296296,0.259259259259,-0.111111111111,1,0,0,16.2957,14.5102,95,63.75,70,1,9.77,78,-0.6887,2.27931646605,0,1,0,0,0.0383838383838,0.0383838383838,0
603938_2026-06-25,603938,2026-06-25,2026-06-24,2026-06-25,2026-06-26,2026-06-29,BOARD3,9,2026-06-29,0.566688474362,5,FROZEN_ASOF_2026_07_01_RETROSPECTIVE,0.555555555556,0.666666666667,0.777777777778,1,0.555555555556,0.555555555556,1,0.111111111111,0.444444444444,0.37037037037,0.432098765432,0.777777777778,0.111111111111,0.0740740740741,-0.111111111111,1,0,0,16.2942,14.3248,95,64.25,70,1,69.68,56,-1.1192,4.24391333254,1,0,0,0,0.174225028703,0.07,0
002580_2026-06-25,002580,2026-06-25,2026-06-24,2026-06-25,2026-06-26,2026-06-29,BOARD2,9,2026-06-29,0.565700716218,6,FROZEN_ASOF_2026_07_01_RETROSPECTIVE,0.333333333333,0.444444444444,0.777777777778,0.5,0.555555555556,0.555555555556,0.888888888889,0.777777777778,0.333333333333,0.148148148148,0.259259259259,0.388888888889,0.388888888889,0.345679012346,-0.111111111111,1,0,0,14.1722,11.5527,95,52.75,70,1,25.28,94,-3.2732,3.23001356928,0,0,1,1,-0.12269446672,-0.12269446672,0
002584_2026-06-25,002584,2026-06-25,2026-06-24,2026-06-25,2026-06-26,2026-06-29,BOARD2,9,2026-06-29,0.55141711398,7,FROZEN_ASOF_2026_07_01_RETROSPECTIVE,0.222222222222,0.333333333333,0.277777777778,0.666666666667,0.555555555556,0.555555555556,0.444444444444,0.5,0.111111111111,0.0740740740741,0.0617283950617,0.185185185185,0.333333333333,0.166666666667,-0.111111111111,1,0,0,13.3304,9.4681,75,56.25,70,1,10.27,84,-3.8352,2.32922702394,0,1,0,0,0.0383064516129,0.0383064516129,0
000566_2026-06-25,000566,2026-06-25,2026-06-24,2026-06-25,2026-06-26,2026-06-29,BOARD2,9,2026-06-29,0.550963362666,8,FROZEN_ASOF_2026_07_01_RETROSPECTIVE,0.444444444444,0.222222222222,0.277777777778,0.111111111111,0.555555555556,0.555555555556,0.222222222222,0.944444444444,0.888888888889,0.0987654320988,0.123456790123,0.0308641975309,0.104938271605,0.20987654321,0.222222222222,1,0,0,15.2977,8.0131,75,45.25,70,1,4.59,100,0.4067,1.52388002407,0,0,1,0,-0.0021978021978,-0.0021978021978,0
002687_2026-06-25,002687,2026-06-25,2026-06-24,2026-06-25,2026-06-26,2026-06-29,BOARD2,9,2026-06-29,0.537247463483,9,FROZEN_ASOF_2026_07_01_RETROSPECTIVE,0.111111111111,0.111111111111,0.111111111111,0.5,0.555555555556,0.555555555556,0.111111111111,0.222222222222,0.222222222222,0.0123456790123,0.0123456790123,0.0555555555556,0.111111111111,0.0246913580247,0,1,0,0,3.7779,3.7779,65,52.75,70,1,4.56,76,-3.389,1.51732262353,1,0,0,0,0.134703196347,0.07,0
603989_2026-06-26,603989,2026-06-26,2026-06-25,2026-06-26,2026-06-29,2026-06-30,BOARD2,12,2026-06-30,0.583885188678,1,FROZEN_ASOF_2026_07_01_RETROSPECTIVE,1,1,0.583333333333,0.25,0.708333333333,0.5,0.416666666667,0.916666666667,0.583333333333,1,0.583333333333,0.145833333333,0.229166666667,0.916666666667,0,1,0,0,32.6543,27.5376,90,53,70,1,56,88,-0.4913,4.02535169074,0,0,1,0,-0.0419642857143,-0.0419642857143,0
002990_2026-06-26,002990,2026-06-26,2026-06-25,2026-06-26,2026-06-29,2026-06-30,BOARD2,12,2026-06-30,0.578739916735,2,FROZEN_ASOF_2026_07_01_RETROSPECTIVE,0.833333333333,0.833333333333,0.583333333333,0.75,0.708333333333,0.5,0.583333333333,0.625,0.5,0.694444444444,0.486111111111,0.4375,0.46875,0.520833333333,0,1,0,0,27.1839,22.2284,90,57,70,1,75.2,80,-0.4982,4.32015123096,1,0,0,0,0.086383601757,0.07,0
600667_2026-06-26,600667,2026-06-26,2026-06-25,2026-06-26,2026-06-29,2026-06-30,BOARD2,12,2026-06-30,0.57003177103,3,FROZEN_ASOF_2026_07_01_RETROSPECTIVE,0.916666666667,0.916666666667,0.583333333333,0.5,0.208333333333,0.5,0.25,0.625,0.333333333333,0.840277777778,0.534722222222,0.291666666667,0.3125,0.572916666667,0,1,0,0,27.7749,24.5425,90,56,60,1,26.88,80,-2.0563,3.29138251565,0,1,0,0,0.0668103448276,0.0668103448276,0
002080_2026-06-26,002080,2026-06-26,2026-06-25,2026-06-26,2026-06-29,2026-06-30,BOARD2,12,2026-06-30,0.569380872468,4,FROZEN_ASOF_2026_07_01_RETROSPECTIVE,0.75,0.75,0.875,0.875,0.208333333333,0.5,0.833333333333,0.291666666667,0.416666666667,0.5625,0.65625,0.765625,0.255208333333,0.21875,0,1,0,0,21.4635,17.8694,95,62.25,60,1,97.67,76,-1.0091,4.58159444946,0,0,1,1,-0.0525252525253,-0.0525252525253,0
600141_2026-06-26,600141,2026-06-26,2026-06-25,2026-06-26,2026-06-29,2026-06-30,BOARD2,12,2026-06-30,0.566321363325,5,FROZEN_ASOF_2026_07_01_RETROSPECTIVE,0.666666666667,0.5,0.875,0.166666666667,0.708333333333,0.5,0.333333333333,1,0.75,0.333333333333,0.583333333333,0.145833333333,0.166666666667,0.5,0.166666666667,1,0,0,19.7781,12.3411,95,52.25,70,1,48.8,92,0.2006,3.88773031286,0,0,1,0,-0.0441767068273,-0.0441767068273,0
603678_2026-06-26,603678,2026-06-26,2026-06-25,2026-06-26,2026-06-29,2026-06-30,BOARD2,12,2026-06-30,0.566303211146,6,FROZEN_ASOF_2026_07_01_RETROSPECTIVE,0.5,0.333333333333,0.333333333333,0.625,0.708333333333,0.5,0.75,0.791666666667,1,0.166666666667,0.166666666667,0.208333333333,0.494791666667,0.263888888889,0.166666666667,1,0,0,17.3319,8.6822,75,56.25,70,1,79.49,84,0.8444,4.37563122759,0,1,0,0,0.0416001963431,0.0416001963431,0
600584_2026-06-26,600584,2026-06-26,2026-06-25,2026-06-26,2026-06-29,2026-06-30,BOARD2,12,2026-06-30,0.564265204983,7,FROZEN_ASOF_2026_07_01_RETROSPECTIVE,0.416666666667,0.666666666667,0.875,1,0.708333333333,0.5,0.916666666667,0.0833333333333,0.166666666667,0.277777777778,0.364583333333,0.875,0.0833333333333,0.0555555555556,-0.25,1,0,0,17.0228,16.7792,95,64.25,70,1,100.89,66,-3.8195,4.61403081442,0,1,0,0,0.0200970873786,0.0200970873786,0
603929_2026-06-26,603929,2026-06-26,2026-06-25,2026-06-26,2026-06-29,2026-06-30,BOARD2,12,2026-06-30,0.559526375815,8,FROZEN_ASOF_2026_07_01_RETROSPECTIVE,0.333333333333,0.416666666667,0.333333333333,0.625,0.708333333333,0.5,1,0.291666666667,0.666666666667,0.138888888889,0.111111111111,0.208333333333,0.182291666667,0.121527777778,-0.0833333333333,1,0,0,15.1879,9.072,75,56.25,70,1,260.85,76,-0.1225,5.56394552947,0,1,0,0,0.0476785648642,0.0476785648642,0
002025_2026-06-26,002025,2026-06-26,2026-06-25,2026-06-26,2026-06-29,2026-06-30,BOARD2,12,2026-06-30,0.551419798159,9,FROZEN_ASOF_2026_07_01_RETROSPECTIVE,0.25,0.25,0.333333333333,0.375,0.708333333333,0.5,0.5,0.458333333333,0.916666666667,0.0625,0.0833333333333,0.125,0.171875,0.114583333333,0,1,0,0,10.9563,6.975,75,54.75,70,1,72.46,78,0.6323,4.28303468547,1,0,0,0,0.0701369863014,0.07,0
603713_2026-06-26,603713,2026-06-26,2026-06-25,2026-06-26,2026-06-29,2026-06-30,BOARD2,12,2026-06-30,0.549772053383,10,FROZEN_ASOF_2026_07_01_RETROSPECTIVE,0.583333333333,0.583333333333,0.875,0.875,0.208333333333,1,0.666666666667,0.458333333333,0.833333333333,0.340277777778,0.510416666667,0.765625,0.401041666667,0.267361111111,0,0,1,0,18.5774,13.8824,95,62.25,60,2,76.02,78,0.2835,4.33099646356,0,0,1,0,-0.0293809024134,-0.0293809024134,0
000818_2026-06-26,000818,2026-06-26,2026-06-25,2026-06-26,2026-06-29,2026-06-30,BOARD2,12,2026-06-30,0.542971444014,11,FROZEN_ASOF_2026_07_01_RETROSPECTIVE,0.166666666667,0.166666666667,0.125,0.0833333333333,0.708333333333,0.5,0.0833333333333,0.791666666667,0.25,0.0277777777778,0.0208333333333,0.0104166666667,0.0659722222222,0.131944444444,0,1,0,0,7.1237,5.13,65,49.75,70,1,13.97,84,-3.1085,2.63691217327,1,0,0,0,0.0779510022272,0.07,0
002254_2026-06-26,002254,2026-06-26,2026-06-25,2026-06-26,2026-06-29,2026-06-30,BOARD2,12,2026-06-30,0.531879326245,12,FROZEN_ASOF_2026_07_01_RETROSPECTIVE,0.0833333333333,0.0833333333333,0.125,0.375,0.208333333333,0.5,0.166666666667,0.166666666667,0.0833333333333,0.00694444444444,0.0104166666667,0.046875,0.0625,0.0138888888889,0,1,0,0,6.2486,5.0406,65,54.75,60,1,19.35,74,-5.2193,2.96269241948,0,0,1,0,-0.025974025974,-0.025974025974,0
600228_2026-06-29,600228,2026-06-29,2026-06-26,2026-06-29,2026-06-30,2026-07-01,BOARD3,5,2026-07-01,0.546142007938,1,FROZEN_ASOF_2026_07_01_RETROSPECTIVE,1,1,0.8,0.4,0.6,0.6,0.4,0.7,1,1,0.8,0.32,0.28,0.7,0,0,0,1,23.6801,17.8541,95,62.25,60,3,10.19,84,-2.3035,2.32140684723,0,0,1,1,-0.0793172690763,-0.0793172690763,0
002141_2026-06-29,002141,2026-06-29,2026-06-26,2026-06-29,2026-06-30,2026-07-01,BOARD2,5,2026-07-01,0.538137750928,2,FROZEN_ASOF_2026_07_01_RETROSPECTIVE,0.4,0.8,0.8,1,0.9,0.6,0.2,0.7,0.4,0.32,0.32,0.8,0.7,0.56,-0.4,0,0,1,10.6601,10.6601,95,77.75,70,3,5.18,84,-4.6925,1.64480505627,0,1,0,0,0.0196078431373,0.0196078431373,0
000823_2026-06-29,000823,2026-06-29,2026-06-26,2026-06-29,2026-06-30,2026-07-01,BOARD3,5,2026-07-01,0.525753183362,3,FROZEN_ASOF_2026_07_01_RETROSPECTIVE,0.8,0.4,0.3,0.6,0.9,0.6,0.6,0.4,0.6,0.32,0.24,0.18,0.24,0.16,0.4,0,0,1,11.4118,9.9944,75,73.75,70,3,25.94,74,-3.2298,3.25578617889,1,0,0,0,0.0925280681378,0.07,0
002965_2026-06-29,002965,2026-06-29,2026-06-26,2026-06-29,2026-06-30,2026-07-01,BOARD2,5,2026-07-01,0.52220854086,4,FROZEN_ASOF_2026_07_01_RETROSPECTIVE,0.2,0.6,0.8,0.8,0.3,0.6,1,0.2,0.8,0.12,0.16,0.64,0.16,0.12,-0.4,0,0,1,10.622,10.1305,95,74.25,45,3,49.51,70,-2.3342,3.90217466937,1,0,0,0,0.100767366721,0.07,0
600962_2026-06-29,600962,2026-06-29,2026-06-26,2026-06-29,2026-06-30,2026-07-01,BOARD2,5,2026-07-01,0.518549949908,5,FROZEN_ASOF_2026_07_01_RETROSPECTIVE,0.6,0.2,0.3,0.2,0.3,0.6,0.8,1,0.2,0.12,0.18,0.06,0.2,0.2,0.4,0,0,1,11.1877,7.2797,75,59.75,45,3,29.02,86,-4.9497,3.36798524746,1,0,0,0,0.0751028806584,0.07,0
601133_2026-06-30,601133,2026-06-30,2026-06-29,2026-06-30,2026-07-01,2026-07-02,BOARD2,7,2026-07-02,0.585512019149,1,FROZEN_ASOF_2026_07_01_RETROSPECTIVE,0.857142857143,1,0.571428571429,0.142857142857,0.714285714286,0.571428571429,0.714285714286,1,0.714285714286,0.857142857143,0.489795918367,0.0816326530612,0.142857142857,1,-0.142857142857,1,0,0,26.7885,22.355,90,47,70,1,44.04,96,0.3583,3.78509831185,0,0,1,1,-0.0627906976744,-0.0627906976744,0
603650_2026-06-30,603650,2026-06-30,2026-06-29,2026-06-30,2026-07-01,2026-07-02,BOARD2,7,2026-07-02,0.577503288049,2,FROZEN_ASOF_2026_07_01_RETROSPECTIVE,1,0.571428571429,0.857142857143,0.571428571429,0.214285714286,0.571428571429,0.857142857143,0.785714285714,1,0.571428571429,0.857142857143,0.489795918367,0.448979591837,0.448979591837,0.428571428571,1,0,0,27.1444,14.3884,95,54.25,60,1,97.98,92,5.302,4.58476337621,0,1,0,0,0.0474406991261,0.0474406991261,0
603956_2026-06-30,603956,2026-06-30,2026-06-29,2026-06-30,2026-07-01,2026-07-02,BOARD3,7,2026-07-02,0.572033357368,3,FROZEN_ASOF_2026_07_01_RETROSPECTIVE,0.714285714286,0.857142857143,0.857142857143,0.714285714286,0.714285714286,0.571428571429,0.142857142857,0.571428571429,0.142857142857,0.612244897959,0.612244897959,0.612244897959,0.408163265306,0.489795918367,-0.142857142857,1,0,0,18.8679,16.9811,95,56.25,70,1,6.3,86,-2.5112,1.8405496334,0,1,0,0,0.0395387149918,0.0395387149918,0
603163_2026-06-30,603163,2026-06-30,2026-06-29,2026-06-30,2026-07-01,2026-07-02,BOARD2,7,2026-07-02,0.571428448336,4,FROZEN_ASOF_2026_07_01_RETROSPECTIVE,0.428571428571,0.714285714286,0.857142857143,1,0.714285714286,0.571428571429,1,0.285714285714,0.285714285714,0.30612244898,0.367346938776,0.857142857143,0.285714285714,0.204081632653,-0.285714285714,1,0,0,18.0604,14.8369,95,64.25,70,1,146.5,66,-0.1518,4.98702542846,0,0,1,0,-0.0287162162162,-0.0287162162162,0
603155_2026-06-30,603155,2026-06-30,2026-06-29,2026-06-30,2026-07-01,2026-07-02,BOARD2,7,2026-07-02,0.559708053241,5,FROZEN_ASOF_2026_07_01_RETROSPECTIVE,0.571428571429,0.285714285714,0.357142857143,0.285714285714,0.714285714286,0.571428571429,0.571428571429,0.785714285714,0.857142857143,0.163265306122,0.204081632653,0.102040816327,0.224489795918,0.224489795918,0.285714285714,1,0,0,18.2653,8.872,75,48.25,70,1,28.58,92,1.8462,3.3527071725,1,0,0,0,0.112028725314,0.07,0
002180_2026-06-30,002180,2026-06-30,2026-06-29,2026-06-30,2026-07-01,2026-07-02,BOARD2,7,2026-07-02,0.555692729611,6,FROZEN_ASOF_2026_07_01_RETROSPECTIVE,0.285714285714,0.428571428571,0.357142857143,0.857142857143,0.714285714286,0.571428571429,0.285714285714,0.428571428571,0.571428571429,0.122448979592,0.102040816327,0.30612244898,0.367346938776,0.183673469388,-0.142857142857,1,0,0,12.3395,9.4555,75,56.75,70,1,16.36,70,0.3033,2.79483933117,0,1,0,0,0.019452887538,0.019452887538,0
002568_2026-06-30,002568,2026-06-30,2026-06-29,2026-06-30,2026-07-01,2026-07-02,BOARD2,7,2026-07-02,0.537468709743,7,FROZEN_ASOF_2026_07_01_RETROSPECTIVE,0.142857142857,0.142857142857,0.142857142857,0.428571428571,0.214285714286,0.571428571429,0.428571428571,0.142857142857,0.428571428571,0.0204081632653,0.0204081632653,0.0612244897959,0.0612244897959,0.0204081632653,0,1,0,0,3.0513,1.4678,55,49.25,60,1,16.92,62,-0.0372,2.82849635418,0,1,0,0,0.0430678466077,0.0430678466077,0
603061_2026-07-01,603061,2026-07-01,2026-06-30,2026-07-01,2026-07-02,2026-07-03,BOARD2,17,2026-07-03,0.59452688582,1,FROZEN_ASOF_2026_07_01_FORWARD_LOCKED,1,0.941176470588,0.676470588235,0.588235294118,0.735294117647,0.529411764706,1,0.882352941176,0.823529411765,0.941176470588,0.676470588235,0.397923875433,0.519031141869,0.83044982699,0.0588235294118,1,0,0,28.6052,20.0086,90,69.5,70,1,523,92,2.2156,6.25958146406,0,1,0,0,0.00845360824742,0.00845360824742,3.44946293751e-13
003043_2026-07-01,003043,2026-07-01,2026-06-30,2026-07-01,2026-07-02,2026-07-03,BOARD2,17,2026-07-03,0.580816707842,2,FROZEN_ASOF_2026_07_01_FORWARD_LOCKED,0.764705882353,0.588235294118,0.382352941176,0.529411764706,0.735294117647,0.529411764706,0.941176470588,1,1,0.449826989619,0.292387543253,0.202422145329,0.529411764706,0.588235294118,0.176470588235,1,0,0,20.7785,9.954,75,66.25,70,1,106,100,4.8894,4.66343909411,1,0,0,0,0.0700453234446,0.07,1.75304215588e-13
600707_2026-07-01,600707,2026-07-01,2026-06-30,2026-07-01,2026-07-02,2026-07-03,BOARD2,17,2026-07-03,0.579282384898,3,FROZEN_ASOF_2026_07_01_FORWARD_LOCKED,0.941176470588,0.764705882353,0.882352941176,0.911764705882,0.735294117647,0.529411764706,0.411764705882,0.470588235294,0.941176470588,0.719723183391,0.83044982699,0.804498269896,0.429065743945,0.359861591696,0.176470588235,1,0,0,24.8674,13.2009,95,82.75,70,1,17.66,84,2.7048,2.87130219518,0,0,1,0,-0.0225609756098,-0.0225609756098,1.29896093881e-14
600378_2026-07-01,600378,2026-07-01,2026-06-30,2026-07-01,2026-07-02,2026-07-03,BOARD2,17,2026-07-03,0.576577661297,4,FROZEN_ASOF_2026_07_01_FORWARD_LOCKED,0.705882352941,0.647058823529,0.882352941176,1,0.735294117647,0.529411764706,0.764705882353,0.470588235294,0.411764705882,0.456747404844,0.622837370242,0.882352941176,0.470588235294,0.304498269896,0.0588235294118,1,0,0,17.6847,11.597,95,83.75,70,1,81,84,-0.6753,4.39444915467,1,0,0,0,0.117042051816,0.07,2.88880031007e-13
001229_2026-07-01,001229,2026-07-01,2026-06-30,2026-07-01,2026-07-02,2026-07-03,BOARD2,17,2026-07-03,0.571822144493,5,FROZEN_ASOF_2026_07_01_FORWARD_LOCKED,0.882352941176,1,0.676470588235,0.705882352941,0.264705882353,0.529411764706,0.588235294118,0.323529411765,0.294117647059,0.882352941176,0.596885813149,0.477508650519,0.228373702422,0.323529411765,-0.117647058824,1,0,0,22.6102,20.3864,90,75.5,60,1,36.94,80,-0.9663,3.60929497477,0,1,0,0,0.0680121647774,0.0680121647774,1.85629289717e-13
603950_2026-07-01,603950,2026-07-01,2026-06-30,2026-07-01,2026-07-02,2026-07-03,BOARD2,17,2026-07-03,0.57131617151,6,FROZEN_ASOF_2026_07_01_FORWARD_LOCKED,0.647058823529,0.823529411765,0.882352941176,0.823529411765,0.735294117647,0.529411764706,0.823529411765,0.205882352941,0.235294117647,0.532871972318,0.570934256055,0.726643598616,0.16955017301,0.16955017301,-0.176470588235,1,0,0,17.5014,14.8095,95,77.25,70,1,87.3,76,-2.2924,4.46935046285,0,1,0,0,0.0501268269115,0.0501268269115,1.74305014866e-13
603983_2026-07-01,603983,2026-07-01,2026-06-30,2026-07-01,2026-07-02,2026-07-03,BOARD2,17,2026-07-03,0.568626531091,7,FROZEN_ASOF_2026_07_01_FORWARD_LOCKED,0.823529411765,0.882352941176,0.882352941176,0.911764705882,0.264705882353,0.529411764706,0.529411764706,0.205882352941,0.352941176471,0.726643598616,0.726643598616,0.804498269896,0.187716262976,0.181660899654,-0.0588235294118,1,0,0,22.0872,18.5247,95,82.75,60,1,29.13,76,-0.7641,3.37176857097,0,1,0,0,0.0326315789474,0.0326315789474,2.14717132963e-13
001237_2026-07-01,001237,2026-07-01,2026-06-30,2026-07-01,2026-07-02,2026-07-03,BOARD2,17,2026-07-03,0.561512527006,8,FROZEN_ASOF_2026_07_01_FORWARD_LOCKED,0.470588235294,0.352941176471,0.382352941176,0.411764705882,0.735294117647,0.529411764706,0.705882352941,0.705882352941,0.588235294118,0.166089965398,0.179930795848,0.157439446367,0.290657439446,0.249134948097,0.117647058824,1,0,0,11.9646,8.6441,75,64.75,70,1,73.17,88,-0.2703,4.2927855009,0,0,1,0,-0.0302735731148,-0.0302735731148,2.12718731518e-13
000017_2026-07-01,000017,2026-07-01,2026-06-30,2026-07-01,2026-07-02,2026-07-03,BOARD2,17,2026-07-03,0.558992359051,9,FROZEN_ASOF_2026_07_01_FORWARD_LOCKED,0.529411764706,0.470588235294,0.382352941176,0.470588235294,0.735294117647,0.529411764706,0.176470588235,0.705882352941,0.470588235294,0.249134948097,0.202422145329,0.179930795848,0.332179930796,0.332179930796,0.0588235294118,1,0,0,12.6343,9.6702,75,65.25,70,1,6.08,88,-0.516,1.80500469598,0,1,0,0,0.0279605263158,0.0279605263158,5.58442181386e-14
600363_2026-07-01,600363,2026-07-01,2026-06-30,2026-07-01,2026-07-02,2026-07-03,BOARD2,17,2026-07-03,0.55723966346,10,FROZEN_ASOF_2026_07_01_FORWARD_LOCKED,0.352941176471,0.294117647059,0.382352941176,0.294117647059,0.735294117647,0.529411764706,0.647058823529,0.705882352941,0.647058823529,0.103806228374,0.134948096886,0.112456747405,0.207612456747,0.207612456747,0.0588235294118,1,0,0,11.1211,7.9419,75,62.25,70,1,37.05,88,0.0703,3.61226835174,0,1,0,0,0.0562180579216,0.0562180579216,1.94955163124e-13
002208_2026-07-01,002208,2026-07-01,2026-06-30,2026-07-01,2026-07-02,2026-07-03,BOARD2,17,2026-07-03,0.554704065631,11,FROZEN_ASOF_2026_07_01_FORWARD_LOCKED,0.588235294118,0.705882352941,0.882352941176,0.647058823529,0.264705882353,0.529411764706,0.470588235294,0.0588235294118,0.176470588235,0.415224913495,0.519031141869,0.570934256055,0.038062283737,0.0415224913495,-0.117647058824,1,0,0,12.7925,12.1224,95,75.25,60,1,20.2,70,-2.6524,3.00568260441,0,1,0,0,0.040625,0.040625,1.09912079438e-14
603459_2026-07-01,603459,2026-07-01,2026-06-30,2026-07-01,2026-07-02,2026-07-03,BOARD2,17,2026-07-03,0.553754974659,12,FROZEN_ASOF_2026_07_01_FORWARD_LOCKED,0.235294117647,0.411764705882,0.382352941176,0.764705882353,0.735294117647,0.529411764706,0.882352941176,0.117647058824,0.0588235294118,0.0968858131488,0.0899653979239,0.292387543253,0.0899653979239,0.0484429065744,-0.176470588235,1,0,0,10.3243,8.7751,75,76.75,70,1,104.69,74,-7.1278,4.65100360233,0,1,0,0,0.0187694469537,0.0187694469537,3.81694675866e-13
603928_2026-07-01,603928,2026-07-01,2026-06-30,2026-07-01,2026-07-02,2026-07-03,BOARD3,17,2026-07-03,0.55244570063,13,FROZEN_ASOF_2026_07_01_FORWARD_LOCKED,0.411764705882,0.529411764706,0.382352941176,0.117647058824,0.735294117647,0.529411764706,0.352941176471,0.470588235294,0.117647058824,0.217993079585,0.157439446367,0.0449826989619,0.0553633217993,0.249134948097,-0.117647058824,1,0,0,11.7145,9.6974,75,58.25,70,1,14.4,84,-6.0701,2.66722820658,1,0,0,0,0.182563338301,0.07,4.08340028457e-13
002628_2026-07-01,002628,2026-07-01,2026-06-30,2026-07-01,2026-07-02,2026-07-03,BOARD2,17,2026-07-03,0.544411243541,14,FROZEN_ASOF_2026_07_01_FORWARD_LOCKED,0.294117647059,0.235294117647,0.382352941176,0.235294117647,0.264705882353,0.529411764706,0.117647058824,0.705882352941,0.764705882353,0.0692041522491,0.112456747405,0.0899653979239,0.166089965398,0.166089965398,0.0588235294118,1,0,0,10.9519,6.8577,75,60.75,60,1,5.42,88,0.201,1.69009581545,0,1,0,0,0.0146252285192,0.0146252285192,3.23407967073e-13
603033_2026-07-01,603033,2026-07-01,2026-06-30,2026-07-01,2026-07-02,2026-07-03,BOARD2,17,2026-07-03,0.541720226648,15,FROZEN_ASOF_2026_07_01_FORWARD_LOCKED,0.117647058824,0.117647058824,0.117647058824,0.176470588235,0.264705882353,0.529411764706,0.294117647059,0.705882352941,0.882352941176,0.0138408304498,0.0138408304498,0.0207612456747,0.124567474048,0.083044982699,0,1,0,0,8.7406,3.2981,65,59.25,60,1,9.99,88,2.2183,2.30158459266,0,1,0,0,0.0623762376238,0.0623762376238,3.55160345578e-13
603222_2026-07-01,603222,2026-07-01,2026-06-30,2026-07-01,2026-07-02,2026-07-03,BOARD2,17,2026-07-03,0.539427009932,16,FROZEN_ASOF_2026_07_01_FORWARD_LOCKED,0.0588235294118,0.0588235294118,0.0588235294118,0.0588235294118,0.264705882353,0.529411764706,0.235294117647,0.941176470588,0.529411764706,0.00346020761246,0.00346020761246,0.00346020761246,0.0553633217993,0.0553633217993,0,1,0,0,5.9501,2.1113,55,46.75,60,1,8.28,94,-0.3542,2.1138429684,0,1,0,0,0.0364077669903,0.0364077669903,4.51194637208e-13
002638_2026-07-01,002638,2026-07-01,2026-06-30,2026-07-01,2026-07-02,2026-07-03,BOARD2,17,2026-07-03,0.535730739531,17,FROZEN_ASOF_2026_07_01_FORWARD_LOCKED,0.176470588235,0.176470588235,0.382352941176,0.352941176471,0.0588235294118,0.529411764706,0.0588235294118,0.323529411765,0.705882352941,0.0311418685121,0.0674740484429,0.134948096886,0.114186851211,0.0570934256055,0,1,0,0,8.9552,6.4677,75,63.75,45,1,4.38,80,0.178,1.47704872439,0,0,1,0,-0.0231481481481,-0.0231481481481,1.35891298214e-13
002407_2026-07-02,002407,2026-07-02,2026-07-01,2026-07-02,2026-07-03,2026-07-06,BOARD3,19,2026-07-06,0.596868166644,1,FROZEN_ASOF_2026_07_01_FORWARD_LOCKED,0.944444444444,1,0.921052631579,0.842105263158,0.684210526316,0.526315789474,0.684210526316,0.894736842105,0.736842105263,0.944444444444,0.869883040936,0.775623268698,0.753462603878,0.894736842105,-0.0555555555556,1,0,0,19.4986,14.3978,95,72.75,70,1,54.82,94,-0.9023,4.00405509087,0,0,1,1,-0.0672530694521,-0.0672530694521,4.15334433512e-13
603379_2026-07-02,603379,2026-07-02,2026-07-01,2026-07-02,2026-07-03,2026-07-06,BOARD2,19,2026-07-06,0.590785197299,2,FROZEN_ASOF_2026_07_01_FORWARD_LOCKED,0.888888888889,0.722222222222,0.710526315789,0.736842105263,0.684210526316,0.526315789474,0.947368421053,1,0.894736842105,0.641975308642,0.631578947368,0.523545706371,0.736842105263,0.722222222222,0.166666666667,1,0,0,16.7667,6.3041,75,68.75,70,1,83.48,100,0.3371,4.42460708221,0,0,1,0,-0.049125,-0.049125,7.23865412056e-14
002167_2026-07-02,002167,2026-07-02,2026-07-01,2026-07-02,2026-07-03,2026-07-06,BOARD2,19,2026-07-06,0.584402219082,3,FROZEN_ASOF_2026_07_01_FORWARD_LOCKED,1,0.833333333333,0.921052631579,1,0.684210526316,0.526315789474,0.421052631579,0.526315789474,1,0.833333333333,0.921052631579,0.921052631579,0.526315789474,0.438596491228,0.166666666667,1,0,0,23.0922,11.0429,95,83.25,70,1,26.05,82,1.4261,3.2600177682,0,1,0,0,0.00766283524904,0.00766283524904,1.91957560958e-13
600113_2026-07-02,600113,2026-07-02,2026-07-01,2026-07-02,2026-07-03,2026-07-06,BOARD3,19,2026-07-06,0.5796906718,4,FROZEN_ASOF_2026_07_01_FORWARD_LOCKED,0.777777777778,0.888888888889,0.921052631579,0.578947368421,0.684210526316,0.526315789474,0.473684210526,0.684210526316,0.631578947368,0.691358024691,0.716374269006,0.53324099723,0.396121883657,0.608187134503,-0.111111111111,1,0,0,14.8385,12.9324,95,61.75,70,1,36.15,86,-1.5081,3.5876769486,0,0,1,0,-0.0235616438356,-0.0235616438356,4.83835194132e-13
603991_2026-07-02,603991,2026-07-02,2026-07-01,2026-07-02,2026-07-03,2026-07-06,BOARD2,19,2026-07-06,0.575808667661,5,FROZEN_ASOF_2026_07_01_FORWARD_LOCKED,0.666666666667,0.777777777778,0.710526315789,0.894736842105,0.684210526316,0.526315789474,1,0.342105263158,0.578947368421,0.518518518519,0.473684210526,0.635734072022,0.306094182825,0.266081871345,-0.111111111111,1,0,0,11.3281,7.541,75,77.25,70,1,151.1,76,-1.7105,5.01794186928,0,1,0,0,0.0356605378525,0.0356605378525,4.94271290563e-13
002396_2026-07-02,002396,2026-07-02,2026-07-01,2026-07-02,2026-07-03,2026-07-06,BOARD2,19,2026-07-06,0.571563532043,6,FROZEN_ASOF_2026_07_01_FORWARD_LOCKED,0.611111111111,0.666666666667,0.710526315789,0.5,0.684210526316,0.526315789474,0.263157894737,0.894736842105,0.789473684211,0.407407407407,0.434210526316,0.355263157895,0.447368421053,0.59649122807,-0.0555555555556,1,0,0,10.0362,6.0528,75,60.75,70,1,21.27,94,-0.7963,3.05729762921,1,0,0,0,0.1,0.07,1.172395514e-13
603120_2026-07-02,603120,2026-07-02,2026-07-01,2026-07-02,2026-07-03,2026-07-06,BOARD2,19,2026-07-06,0.571075104713,7,FROZEN_ASOF_2026_07_01_FORWARD_LOCKED,0.833333333333,0.5,0.473684210526,0.421052631579,0.684210526316,0.526315789474,0.736842105263,0.763157894737,0.842105263158,0.416666666667,0.394736842105,0.19944598338,0.321329639889,0.381578947368,0.333333333333,1,0,0,14.9905,5.7143,65,54.75,70,1,60.37,92,0.0495,4.10049229281,0,0,1,0,-0.0194578413438,-0.0194578413438,3.41171535467e-13
002929_2026-07-02,002929,2026-07-02,2026-07-01,2026-07-02,2026-07-03,2026-07-06,BOARD2,19,2026-07-06,0.565629583841,8,FROZEN_ASOF_2026_07_01_FORWARD_LOCKED,0.388888888889,0.555555555556,0.473684210526,0.789473684211,0.684210526316,0.526315789474,0.894736842105,0.473684210526,0.210526315789,0.216049382716,0.184210526316,0.373961218837,0.373961218837,0.263157894737,-0.166666666667,1,0,0,6.1981,5.7406,65,70.25,70,1,69.65,78,-3.0371,4.24348270023,0,1,0,0,0.00488155061019,0.00488155061019,8.50430836863e-14
000620_2026-07-02,000620,2026-07-02,2026-07-01,2026-07-02,2026-07-03,2026-07-06,BOARD2,19,2026-07-06,0.560846583917,9,FROZEN_ASOF_2026_07_01_FORWARD_LOCKED,0.722222222222,0.944444444444,0.921052631579,0.947368421053,0.184210526316,0.526315789474,0.105263157895,0.105263157895,0.473684210526,0.682098765432,0.665204678363,0.872576177285,0.0997229916898,0.0994152046784,-0.222222222222,1,0,0,13.5385,13.5385,95,80.75,60,1,3.69,60,-2.2142,1.30562645805,0,1,0,0,0.0461956521739,0.0461956521739,2.1327384303e-13
002273_2026-07-02,002273,2026-07-02,2026-07-01,2026-07-02,2026-07-03,2026-07-06,BOARD2,19,2026-07-06,0.560213095017,10,FROZEN_ASOF_2026_07_01_FORWARD_LOCKED,0.444444444444,0.611111111111,0.710526315789,0.631578947368,0.684210526316,0.526315789474,0.526315789474,0.342105263158,0.157894736842,0.271604938272,0.315789473684,0.448753462604,0.216066481994,0.209064327485,-0.166666666667,1,0,0,8.2265,6.0354,75,62.75,70,1,39.02,76,-3.555,3.66407433519,0,0,1,0,-0.0293068297655,-0.0293068297655,7.18314296932e-14
002738_2026-07-02,002738,2026-07-02,2026-07-01,2026-07-02,2026-07-03,2026-07-06,BOARD2,19,2026-07-06,0.559882196197,11,FROZEN_ASOF_2026_07_01_FORWARD_LOCKED,0.555555555556,0.333333333333,0.473684210526,0.368421052632,0.184210526316,0.526315789474,0.842105263158,0.763157894737,0.947368421053,0.185185185185,0.263157894737,0.174515235457,0.281163434903,0.254385964912,0.222222222222,1,0,0,9.7224,3.2721,65,53.25,60,1,65.49,92,0.9454,4.18189745923,0,1,0,0,0.0322482967449,0.0322482967449,1.21347376592e-13
002747_2026-07-02,002747,2026-07-02,2026-07-01,2026-07-02,2026-07-03,2026-07-06,BOARD2,19,2026-07-06,0.557894998444,12,FROZEN_ASOF_2026_07_01_FORWARD_LOCKED,0.5,0.388888888889,0.473684210526,0.684210526316,0.184210526316,0.526315789474,0.578947368421,0.605263157895,0.684210526316,0.194444444444,0.236842105263,0.324099722992,0.414127423823,0.235380116959,0.111111111111,1,0,0,8.7857,4.3755,65,64.25,60,1,40.7,84,-1.1684,3.70622809245,1,0,0,0,0.149452641599,0.07,5.51780843239e-14
001399_2026-07-02,001399,2026-07-02,2026-07-01,2026-07-02,2026-07-03,2026-07-06,BOARD2,19,2026-07-06,0.551085069999,13,FROZEN_ASOF_2026_07_01_FORWARD_LOCKED,0.5,0.5,0.0789473684211,0.210526315789,0.684210526316,0.526315789474,0.631578947368,0.157894736842,0.263157894737,0.25,0.0394736842105,0.016620498615,0.0332409972299,0.0789473684211,0,1,0,0,,,40,48,70,1,46.82,64,-2.6506,3.84631046206,0,0,1,1,-0.069347826087,-0.069347826087,1.4743761767e-13
600783_2026-07-02,600783,2026-07-02,2026-07-01,2026-07-02,2026-07-03,2026-07-06,BOARD2,19,2026-07-06,0.547884101882,14,FROZEN_ASOF_2026_07_01_FORWARD_LOCKED,0.277777777778,0.444444444444,0.473684210526,0.5,0.684210526316,0.526315789474,0.315789473684,0.210526315789,0.0526315789474,0.123456790123,0.131578947368,0.236842105263,0.105263157895,0.093567251462,-0.166666666667,1,0,0,5.1621,5.0635,65,60.75,70,1,21.35,70,-3.939,3.06105173967,0,1,0,0,0.0390153274501,0.0390153274501,4.959366251e-13
000603_2026-07-02,000603,2026-07-02,2026-07-01,2026-07-02,2026-07-03,2026-07-06,BOARD2,19,2026-07-06,0.543351182528,15,FROZEN_ASOF_2026_07_01_FORWARD_LOCKED,0.166666666667,0.166666666667,0.236842105263,0.263157894737,0.684210526316,0.526315789474,0.368421052632,0.342105263158,0.368421052632,0.0277777777778,0.0394736842105,0.0623268698061,0.090027700831,0.0570175438596,0,1,0,0,2.3433,2.0121,55,50.25,70,1,24.72,76,-2.6065,3.20761263259,0,1,0,0,0.0216110019646,0.0216110019646,4.01456645704e-13
002053_2026-07-02,002053,2026-07-02,2026-07-01,2026-07-02,2026-07-03,2026-07-06,BOARD2,19,2026-07-06,0.542756221081,16,FROZEN_ASOF_2026_07_01_FORWARD_LOCKED,0.222222222222,0.277777777778,0.236842105263,0.315789473684,0.684210526316,0.526315789474,0.157894736842,0.342105263158,0.105263157895,0.0617283950617,0.0526315789474,0.0747922437673,0.108033240997,0.0950292397661,-0.0555555555556,1,0,0,2.844,2.2143,55,50.75,70,1,9.8,76,-3.5983,2.28238238568,0,1,0,0,0.030612244898,0.030612244898,9.88098491916e-14
001331_2026-07-02,001331,2026-07-02,2026-07-01,2026-07-02,2026-07-03,2026-07-06,BOARD2,19,2026-07-06,0.541992224054,17,FROZEN_ASOF_2026_07_01_FORWARD_LOCKED,0.0555555555556,0.0555555555556,0.0789473684211,0.105263157895,0.184210526316,0.526315789474,0.789473684211,0.605263157895,0.421052631579,0.00308641975309,0.00438596491228,0.00831024930748,0.0637119113573,0.0336257309942,0,1,0,0,0.9323,-1.6893,40,45,60,1,61.6,84,-2.5099,4.12066187054,0,1,0,0,0.0531830449278,0.0531830449278,3.2551739082e-13
600076_2026-07-02,600076,2026-07-02,2026-07-01,2026-07-02,2026-07-03,2026-07-06,BOARD2,19,2026-07-06,0.541204166275,18,FROZEN_ASOF_2026_07_01_FORWARD_LOCKED,0.333333333333,0.222222222222,0.236842105263,0.0526315789474,0.184210526316,0.526315789474,0.0526315789474,0.894736842105,0.315789473684,0.0740740740741,0.0789473684211,0.0124653739612,0.0470914127424,0.198830409357,0.111111111111,1,0,0,5.3248,2.1065,55,42.25,60,1,3.6,94,-2.6106,1.28093384546,0,1,0,0,0.0145772594752,0.0145772594752,1.46771483855e-13
603212_2026-07-02,603212,2026-07-02,2026-07-01,2026-07-02,2026-07-03,2026-07-06,BOARD2,19,2026-07-06,0.531871652326,19,FROZEN_ASOF_2026_07_01_FORWARD_LOCKED,0.111111111111,0.111111111111,0.236842105263,0.157894736842,0.184210526316,0.526315789474,0.210526315789,0.0526315789474,0.526315789474,0.0123456790123,0.0263157894737,0.0373961218837,0.00831024930748,0.00584795321637,0,1,0,0,1.8814,1.8814,55,47.75,60,1,12.78,42,-2.1484,2.54788144895,0,0,1,0,-0.0100775193798,-0.0100775193798,8.48210390814e-14
600641_2026-07-03,600641,2026-07-03,2026-07-02,2026-07-03,2026-07-06,2026-07-07,BOARD3,12,2026-07-07,0.595268286407,1,FROZEN_ASOF_2026_07_01_FORWARD_LOCKED,1,1,0.875,0.75,0.666666666667,0.541666666667,0.916666666667,0.833333333333,0.0833333333333,1,0.875,0.65625,0.625,0.833333333333,0,1,0,0,18.4758,17.2041,95,65.25,70,1,47.51,94,-3.057,3.8609402152,0,0,1,0,-0.0103537532355,-0.0103537532355,2.07944772512e-13
002559_2026-07-03,002559,2026-07-03,2026-07-02,2026-07-03,2026-07-06,2026-07-07,BOARD2,12,2026-07-07,0.586803838448,2,FROZEN_ASOF_2026_07_01_FORWARD_LOCKED,0.833333333333,0.833333333333,0.875,1,0.666666666667,0.541666666667,0.5,0.75,0.75,0.694444444444,0.729166666667,0.875,0.75,0.625,0,1,0,0,14.0934,10.8886,95,77.25,70,1,14.24,88,-0.4138,2.65605490598,0,0,1,0,-0.0370111731844,-0.0370111731844,1.70974345792e-14
605488_2026-07-03,605488,2026-07-03,2026-07-02,2026-07-03,2026-07-06,2026-07-07,BOARD2,12,2026-07-07,0.575203439877,3,FROZEN_ASOF_2026_07_01_FORWARD_LOCKED,0.916666666667,0.5,0.583333333333,0.333333333333,0.666666666667,0.541666666667,0.75,0.958333333333,1,0.458333333333,0.534722222222,0.194444444444,0.319444444444,0.479166666667,0.416666666667,1,0,0,15.1953,7.6654,75,58.25,70,1,34.88,100,0.526,3.55191359904,0,0,1,0,-0.00887573964497,-0.00887573964497,3.81250586656e-13
000536_2026-07-03,000536,2026-07-03,2026-07-02,2026-07-03,2026-07-06,2026-07-07,BOARD2,12,2026-07-07,0.574848137133,4,FROZEN_ASOF_2026_07_01_FORWARD_LOCKED,0.75,0.916666666667,0.875,0.75,0.666666666667,0.541666666667,0.0833333333333,0.583333333333,0.583333333333,0.6875,0.65625,0.65625,0.4375,0.534722222222,-0.166666666667,1,0,0,13.9748,11.1111,95,65.25,70,1,3.98,84,-1.455,1.3812818193,0,0,1,0,-0.0332480818414,-0.0332480818414,4.90718576884e-13
002826_2026-07-03,002826,2026-07-03,2026-07-02,2026-07-03,2026-07-06,2026-07-07,BOARD2,12,2026-07-07,0.565736269328,5,FROZEN_ASOF_2026_07_01_FORWARD_LOCKED,0.583333333333,0.583333333333,0.583333333333,0.541666666667,0.666666666667,0.541666666667,0.583333333333,0.583333333333,0.416666666667,0.340277777778,0.340277777778,0.315972222222,0.315972222222,0.340277777778,0,1,0,0,9.9903,8.228,75,61.25,70,1,18.1,84,-2.4789,2.89591193827,0,1,0,0,0.0318080357143,0.0318080357143,3.44502204541e-13
603538_2026-07-03,603538,2026-07-03,2026-07-02,2026-07-03,2026-07-06,2026-07-07,BOARD2,12,2026-07-07,0.561437317122,6,FROZEN_ASOF_2026_07_01_FORWARD_LOCKED,0.416666666667,0.333333333333,0.333333333333,0.0833333333333,0.666666666667,0.541666666667,0.833333333333,0.958333333333,0.916666666667,0.138888888889,0.138888888889,0.0277777777778,0.0798611111111,0.319444444444,0.0833333333333,1,0,0,8.5503,4.0752,65,49.75,70,1,38.81,100,0.342,3.65867794538,1,0,0,0,0.216165913321,0.07,3.64153152077e-14
000520_2026-07-03,000520,2026-07-03,2026-07-02,2026-07-03,2026-07-06,2026-07-07,BOARD2,12,2026-07-07,0.55804888901,7,FROZEN_ASOF_2026_07_01_FORWARD_LOCKED,0.666666666667,0.75,0.875,0.916666666667,0.0833333333333,0.541666666667,0.166666666667,0.166666666667,0.833333333333,0.5,0.583333333333,0.802083333333,0.152777777778,0.125,-0.0833333333333,1,0,0,11.9036,10.4279,95,76.25,45,1,4.55,72,-0.3512,1.51512723296,0,1,0,0,0.0278969957082,0.0278969957082,1.7807977315e-13
002458_2026-07-03,002458,2026-07-03,2026-07-02,2026-07-03,2026-07-06,2026-07-07,BOARD2,12,2026-07-07,0.557797846191,8,FROZEN_ASOF_2026_07_01_FORWARD_LOCKED,0.5,0.666666666667,0.583333333333,0.416666666667,0.208333333333,0.541666666667,0.416666666667,0.583333333333,0.166666666667,0.333333333333,0.291666666667,0.243055555556,0.243055555556,0.388888888889,-0.166666666667,1,0,0,9.0778,8.4758,75,60.25,60,1,9.06,84,-2.7986,2.20386912005,0,1,0,0,0.0244444444444,0.0244444444444,4.91051643792e-13
603505_2026-07-03,603505,2026-07-03,2026-07-02,2026-07-03,2026-07-06,2026-07-07,BOARD2,12,2026-07-07,0.55502431412,9,FROZEN_ASOF_2026_07_01_FORWARD_LOCKED,0.333333333333,0.416666666667,0.333333333333,0.541666666667,0.666666666667,0.541666666667,0.666666666667,0.333333333333,0.5,0.138888888889,0.111111111111,0.180555555556,0.180555555556,0.138888888889,-0.0833333333333,1,0,0,6.5038,5.5898,65,61.25,70,1,22.14,76,-1.9991,3.09738592728,0,0,1,1,-0.0742417383431,-0.0742417383431,2.65010235978e-13
002971_2026-07-03,002971,2026-07-03,2026-07-02,2026-07-03,2026-07-06,2026-07-07,BOARD2,12,2026-07-07,0.547043098341,10,FROZEN_ASOF_2026_07_01_FORWARD_LOCKED,0.0833333333333,0.0833333333333,0.0833333333333,0.25,0.666666666667,0.541666666667,1,0.25,0.333333333333,0.00694444444444,0.00694444444444,0.0208333333333,0.0625,0.0208333333333,0,1,0,0,2.4209,-1.2155,40,56.5,70,1,71.54,74,-2.6912,4.27025673383,0,0,1,1,-0.06696557709,-0.06696557709,7.58282325819e-14
000601_2026-07-03,000601,2026-07-03,2026-07-02,2026-07-03,2026-07-06,2026-07-07,BOARD2,12,2026-07-07,0.543292505962,11,FROZEN_ASOF_2026_07_01_FORWARD_LOCKED,0.25,0.166666666667,0.166666666667,0.166666666667,0.666666666667,0.541666666667,0.25,0.416666666667,0.666666666667,0.0416666666667,0.0416666666667,0.0277777777778,0.0694444444444,0.0694444444444,0.0833333333333,1,0,0,4.1502,2.2566,55,56.25,70,1,6.6,80,-0.475,1.88706964903,0,1,0,0,0.0510510510511,0.0510510510511,3.49720252757e-13
001313_2026-07-03,001313,2026-07-03,2026-07-02,2026-07-03,2026-07-06,2026-07-07,BOARD2,12,2026-07-07,0.539033696381,12,FROZEN_ASOF_2026_07_01_FORWARD_LOCKED,0.166666666667,0.25,0.333333333333,0.75,0.208333333333,0.541666666667,0.333333333333,0.0833333333333,0.25,0.0416666666667,0.0555555555556,0.25,0.0625,0.0208333333333,-0.0833333333333,1,0,0,3.6691,3.5357,65,65.25,60,1,7.77,66,-2.7196,2.05027016438,0,1,0,0,0.0278833967047,0.0278833967047,2.12274642308e-13
002979_2026-07-06,002979,2026-07-06,2026-07-03,2026-07-06,2026-07-07,2026-07-08,BOARD2,13,2026-07-08,0.554017622405,1,FROZEN_ASOF_2026_07_01_FORWARD_LOCKED,1,1,0.692307692308,0.615384615385,0.730769230769,0.538461538462,1,0.653846153846,0.615384615385,1,0.692307692308,0.426035502959,0.402366863905,0.653846153846,0,0,0,1,25.8113,24.4892,90,67.5,70,3,73.27,88,-1.5841,4.29415124817,0,0,1,1,-0.0586135895676,-0.0586135895676,1.17017506795e-13
603580_2026-07-06,603580,2026-07-06,2026-07-03,2026-07-06,2026-07-14,2026-07-15,BOARD2,13,2026-07-15,0.549420187065,2,FROZEN_ASOF_2026_07_01_FORWARD_LOCKED,0.846153846154,0.923076923077,0.884615384615,0.692307692308,0.730769230769,0.538461538462,0.615384615385,0.807692307692,0.0769230769231,0.781065088757,0.748520710059,0.612426035503,0.559171597633,0.745562130178,-0.0769230769231,0,0,1,18.3825,15.0255,95,67.75,70,3,30.68,94,-5.4613,3.4236109765,1,0,0,0,0.100148148148,0.07,3.18411963462e-13
603338_2026-07-06,603338,2026-07-06,2026-07-03,2026-07-06,2026-07-07,2026-07-08,BOARD2,13,2026-07-08,0.54017091369,3,FROZEN_ASOF_2026_07_01_FORWARD_LOCKED,0.769230769231,0.769230769231,0.884615384615,1,0.730769230769,0.538461538462,0.846153846154,0.269230769231,0.769230769231,0.591715976331,0.680473372781,0.884615384615,0.269230769231,0.207100591716,0,0,0,1,15.4995,11.162,95,77.75,70,3,52.99,80,-0.5047,3.9701032165,0,1,0,0,0.00377358490566,0.00377358490566,1.7086332349e-13
600988_2026-07-06,600988,2026-07-06,2026-07-03,2026-07-06,2026-07-07,2026-07-08,BOARD2,13,2026-07-08,0.53595581249,4,FROZEN_ASOF_2026_07_01_FORWARD_LOCKED,0.692307692308,0.846153846154,0.884615384615,0.846153846154,0.730769230769,0.538461538462,0.692307692308,0.269230769231,0.384615384615,0.585798816568,0.612426035503,0.748520710059,0.227810650888,0.227810650888,-0.153846153846,0,0,1,13.3632,12.0359,95,70.25,70,3,31.6,80,-3.0316,3.45315712059,0,1,0,0,0.0574067964368,0.0574067964368,4.10116385297e-13
605189_2026-07-06,605189,2026-07-06,2026-07-03,2026-07-06,2026-07-07,2026-07-08,BOARD3,13,2026-07-08,0.534100646178,5,FROZEN_ASOF_2026_07_01_FORWARD_LOCKED,0.615384615385,0.692307692308,0.884615384615,0.923076923077,0.730769230769,0.538461538462,0.538461538462,0.423076923077,0.307692307692,0.426035502959,0.544378698225,0.816568047337,0.390532544379,0.292899408284,-0.0769230769231,0,0,1,11.7253,10.5461,95,73.25,70,3,15.16,84,-3.2932,2.71866038021,0,0,1,0,-0.0424559111692,-0.0424559111692,3.51940698806e-14
000908_2026-07-06,000908,2026-07-06,2026-07-03,2026-07-06,2026-07-07,2026-07-08,BOARD2,13,2026-07-08,0.530602262704,6,FROZEN_ASOF_2026_07_01_FORWARD_LOCKED,0.923076923077,0.461538461538,0.5,0.307692307692,0.730769230769,0.538461538462,0.230769230769,0.961538461538,0.923076923077,0.426035502959,0.461538461538,0.153846153846,0.295857988166,0.443786982249,0.461538461538,0,0,1,20.8291,6.6734,75,61.25,70,3,7.17,100,1.1226,1.96990565461,0,1,0,0,0.040520984081,0.040520984081,4.50306458788e-13
603286_2026-07-06,603286,2026-07-06,2026-07-03,2026-07-06,2026-07-07,2026-07-08,BOARD2,13,2026-07-08,0.527516923041,7,FROZEN_ASOF_2026_07_01_FORWARD_LOCKED,0.461538461538,0.615384615385,0.5,0.230769230769,0.730769230769,0.538461538462,0.923076923077,0.538461538462,0.461538461538,0.284023668639,0.230769230769,0.115384615385,0.12426035503,0.331360946746,-0.153846153846,0,0,1,10.0401,9.3545,75,57.75,70,3,54.57,86,-2.9931,3.9994842812,0,0,1,0,-0.00678028220634,-0.00678028220634,3.6382008517e-13
000576_2026-07-06,000576,2026-07-06,2026-07-03,2026-07-06,2026-07-07,2026-07-08,BOARD2,13,2026-07-08,0.511712951128,8,FROZEN_ASOF_2026_07_01_FORWARD_LOCKED,0.384615384615,0.307692307692,0.230769230769,0.384615384615,0.230769230769,0.538461538462,0.307692307692,0.653846153846,0.846153846154,0.118343195266,0.0887573964497,0.0887573964497,0.251479289941,0.201183431953,0.0769230769231,0,0,1,9.1399,5.8757,65,62.25,60,3,7.69,88,0.4527,2.03992078352,0,0,1,0,-0.0225165562914,-0.0225165562914,3.65707464312e-13
000506_2026-07-06,000506,2026-07-06,2026-07-03,2026-07-06,2026-07-07,2026-07-08,BOARD2,13,2026-07-08,0.509867451232,9,FROZEN_ASOF_2026_07_01_FORWARD_LOCKED,0.153846153846,0.153846153846,0.230769230769,0.0769230769231,0.730769230769,0.538461538462,0.461538461538,0.807692307692,0.153846153846,0.0236686390533,0.0355029585799,0.0177514792899,0.0621301775148,0.12426035503,0,0,0,1,4.0394,3.3251,65,42.75,70,3,13.11,94,-5.1406,2.57337529778,1,0,0,0,0.137288135593,0.07,1.25233157178e-13
603559_2026-07-06,603559,2026-07-06,2026-07-03,2026-07-06,2026-07-07,2026-07-08,BOARD2,13,2026-07-08,0.509038425414,10,FROZEN_ASOF_2026_07_01_FORWARD_LOCKED,0.230769230769,0.384615384615,0.5,0.461538461538,0.230769230769,0.538461538462,0.384615384615,0.423076923077,0.230769230769,0.0887573964497,0.115384615385,0.230769230769,0.195266272189,0.162721893491,-0.153846153846,0,0,1,6.4864,6.3678,75,62.75,60,3,8.98,84,-4.7338,2.19499988231,0,0,1,0,-0.0362811791383,-0.0362811791383,2.49356091331e-13
603717_2026-07-06,603717,2026-07-06,2026-07-03,2026-07-06,2026-07-07,2026-07-08,BOARD2,13,2026-07-08,0.507202102838,11,FROZEN_ASOF_2026_07_01_FORWARD_LOCKED,0.307692307692,0.538461538462,0.5,0.769230769231,0.230769230769,0.538461538462,0.153846153846,0.0769230769231,0.692307692308,0.165680473373,0.153846153846,0.384615384615,0.0591715976331,0.0414201183432,-0.230769230769,0,0,1,8.1292,6.8809,75,68.75,60,3,6.93,60,-1.1014,1.9358598132,0,0,1,0,-0.0146412884334,-0.0146412884334,3.93018950717e-13
000595_2026-07-06,000595,2026-07-06,2026-07-03,2026-07-06,2026-07-07,2026-07-08,BOARD2,13,2026-07-08,0.50600896311,12,FROZEN_ASOF_2026_07_01_FORWARD_LOCKED,0.538461538462,0.0769230769231,0.0769230769231,0.153846153846,0.230769230769,0.538461538462,0.0769230769231,0.961538461538,1,0.0414201183432,0.0414201183432,0.0118343195266,0.147928994083,0.0739644970414,0.461538461538,0,0,1,10.3093,1.3746,55,50.25,60,3,6.42,100,3.0682,1.8594181177,0,0,1,0,-0.0425531914894,-0.0425531914894,1.5509815654e-13
001317_2026-07-06,001317,2026-07-06,2026-07-03,2026-07-06,2026-07-07,2026-07-08,BOARD2,13,2026-07-08,0.505942652572,13,FROZEN_ASOF_2026_07_01_FORWARD_LOCKED,0.0769230769231,0.230769230769,0.230769230769,0.538461538462,0.230769230769,0.538461538462,0.769230769231,0.153846153846,0.538461538462,0.0177514792899,0.0177514792899,0.12426035503,0.0828402366864,0.0355029585799,-0.153846153846,0,0,1,3.6524,3.6524,65,66.25,60,3,43.59,74,-2.3704,3.77482776625,1,0,0,0,0.102194949257,0.07,3.45945494473e-13
603722_2026-07-07,603722,2026-07-07,2026-07-06,2026-07-07,2026-07-08,2026-07-09,BOARD2,6,2026-07-09,0.595649888206,1,FROZEN_ASOF_2026_07_01_FORWARD_LOCKED,0.833333333333,0.833333333333,1,0.833333333333,0.75,0.583333333333,1,0.916666666667,0.666666666667,0.694444444444,0.833333333333,0.833333333333,0.763888888889,0.763888888889,0,1,0,0,13.2264,11.819,95,63.25,70,1,44.25,94,-5.6193,3.78985537145,0,1,0,0,0.0209756097561,0.0209756097561,4.3054448895e-13
002396_2026-07-07,002396,2026-07-07,2026-07-06,2026-07-07,2026-07-08,2026-07-09,BOARD2,6,2026-07-09,0.576490895363,2,FROZEN_ASOF_2026_07_01_FORWARD_LOCKED,1,1,0.833333333333,1,0.25,0.583333333333,0.666666666667,0.166666666667,0.833333333333,1,0.833333333333,0.833333333333,0.166666666667,0.166666666667,0,1,0,0,26.0484,25.2859,90,70.5,60,1,26.45,80,-3.0255,3.2752561583,0,1,0,0,0.0556760665221,0.0556760665221,9.53681578153e-14
000656_2026-07-07,000656,2026-07-07,2026-07-06,2026-07-07,2026-07-08,2026-07-09,BOARD3,6,2026-07-09,0.559111237139,3,FROZEN_ASOF_2026_07_01_FORWARD_LOCKED,0.5,0.666666666667,0.666666666667,0.5,0.75,0.583333333333,0.166666666667,0.416666666667,0.333333333333,0.333333333333,0.333333333333,0.333333333333,0.208333333333,0.277777777778,-0.166666666667,1,0,0,10.1142,9.2985,75,61.25,70,1,1.35,84,-6.0041,0.30010459245,0,1,0,0,0.0381679389313,0.0381679389313,1.79856129989e-13
002767_2026-07-07,002767,2026-07-07,2026-07-06,2026-07-07,2026-07-08,2026-07-09,BOARD2,6,2026-07-09,0.557992986541,4,FROZEN_ASOF_2026_07_01_FORWARD_LOCKED,0.333333333333,0.5,0.5,0.666666666667,0.75,0.583333333333,0.5,0.416666666667,0.166666666667,0.166666666667,0.166666666667,0.333333333333,0.277777777778,0.208333333333,-0.166666666667,1,0,0,6.0293,5.1696,65,62.75,70,1,18.5,84,-7.4272,2.91777073208,0,1,0,0,0.0210924824229,0.0210924824229,4.87609952415e-13
603211_2026-07-07,603211,2026-07-07,2026-07-06,2026-07-07,2026-07-08,2026-07-09,BOARD2,6,2026-07-09,0.555668458107,5,FROZEN_ASOF_2026_07_01_FORWARD_LOCKED,0.166666666667,0.166666666667,0.25,0.166666666667,0.75,0.583333333333,0.833333333333,0.916666666667,0.5,0.0277777777778,0.0416666666667,0.0416666666667,0.152777777778,0.152777777778,0,1,0,0,5.491,2.3582,55,47.75,70,1,37.04,94,-5.8944,3.61199840978,0,0,1,0,-0.00736698499318,-0.00736698499318,7.94919685632e-14
002141_2026-07-07,002141,2026-07-07,2026-07-06,2026-07-07,2026-07-08,2026-07-09,BOARD2,6,2026-07-09,0.553249849054,6,FROZEN_ASOF_2026_07_01_FORWARD_LOCKED,0.666666666667,0.333333333333,0.25,0.333333333333,0.25,0.583333333333,0.333333333333,0.666666666667,1,0.222222222222,0.166666666667,0.0833333333333,0.222222222222,0.222222222222,0.333333333333,1,0,0,11.6838,2.711,55,54.75,60,1,5.85,92,2.1326,1.76644166124,0,0,1,0,-0.0258620689655,-0.0258620689655,4.8061554736e-13
603823_2026-07-08,603823,2026-07-08,2026-07-07,2026-07-08,2026-07-09,2026-07-10,BOARD2,3,2026-07-10,0.599692201188,1,FROZEN_ASOF_2026_07_01_FORWARD_LOCKED,1,1,1,1,0.666666666667,0.666666666667,1,0.666666666667,1,1,1,1,0.666666666667,0.666666666667,0,1,0,0,16.5147,8.8684,75,76.75,70,1,69.79,82,1.1291,4.24549073303,0,1,0,0,0.0501307759372,0.0501307759372,2.55795384874e-13
603861_2026-07-08,603861,2026-07-08,2026-07-07,2026-07-08,2026-07-09,2026-07-10,BOARD2,3,2026-07-10,0.565975102587,2,FROZEN_ASOF_2026_07_01_FORWARD_LOCKED,0.333333333333,0.666666666667,0.5,0.333333333333,0.666666666667,0.666666666667,0.333333333333,1,0.333333333333,0.222222222222,0.166666666667,0.166666666667,0.333333333333,0.666666666667,-0.333333333333,1,0,0,1.9906,1.9906,55,54.25,70,1,13.68,84,-5.2884,2.61593491219,0,1,0,0,0.0429777436685,0.0429777436685,3.95461441371e-13
600246_2026-07-08,600246,2026-07-08,2026-07-07,2026-07-08,2026-07-09,2026-07-10,BOARD2,3,2026-07-10,0.559995332951,3,FROZEN_ASOF_2026_07_01_FORWARD_LOCKED,0.666666666667,0.333333333333,0.5,0.666666666667,0.666666666667,0.666666666667,0.666666666667,0.333333333333,0.666666666667,0.222222222222,0.333333333333,0.333333333333,0.222222222222,0.111111111111,0.333333333333,1,0,0,7.2961,1.0234,55,58.75,70,1,19.5,66,-0.7253,2.97041446557,1,0,0,0,0.100723140496,0.07,2.04281036531e-14
600288_2026-07-09,600288,2026-07-09,2026-07-08,2026-07-09,2026-07-10,2026-07-13,BOARD3,5,2026-07-13,0.597150577359,1,FROZEN_ASOF_2026_07_01_FORWARD_LOCKED,0.8,1,1,1,0.7,0.6,0.6,0.9,0.8,0.8,0.8,1,0.9,0.9,-0.2,1,0,0,19.5753,10.9528,95,75.75,70,1,16.78,100,1.5922,2.82018770104,0,1,0,0,0.0496067755596,0.0496067755596,1.34448008282e-13
001229_2026-07-09,001229,2026-07-09,2026-07-08,2026-07-09,2026-07-10,2026-07-13,BOARD2,5,2026-07-13,0.580276246901,2,FROZEN_ASOF_2026_07_01_FORWARD_LOCKED,1,0.4,0.6,0.8,0.7,0.6,0.8,0.9,1,0.4,0.6,0.48,0.72,0.36,0.6,1,0,0,22.4418,7.7122,75,70.75,70,1,45.47,100,3.6765,3.81705276784,1,0,0,0,0.0759219088937,0.07,3.00648395068e-13
001365_2026-07-09,001365,2026-07-09,2026-07-08,2026-07-09,2026-07-10,2026-07-13,BOARD2,5,2026-07-13,0.57077637214,3,FROZEN_ASOF_2026_07_01_FORWARD_LOCKED,0.6,0.8,0.6,0.4,0.7,0.6,1,0.4,0.4,0.48,0.36,0.24,0.16,0.32,-0.2,1,0,0,12.8432,9.3869,75,66.25,70,1,47.34,84,-2.8259,3.85735560409,1,0,0,0,0.0847231487658,0.07,2.41584530158e-13
600094_2026-07-09,600094,2026-07-09,2026-07-08,2026-07-09,2026-07-10,2026-07-13,BOARD2,5,2026-07-13,0.54972530661,4,FROZEN_ASOF_2026_07_01_FORWARD_LOCKED,0.2,0.6,0.6,0.2,0.7,0.6,0.2,0.4,0.2,0.12,0.12,0.12,0.08,0.24,-0.4,1,0,0,10.8086,8.6305,75,61.25,70,1,4.07,84,-3.1504,1.40364299945,0,1,0,0,0.0281329923274,0.0281329923274,1.22124532709e-13
002951_2026-07-09,002951,2026-07-09,2026-07-08,2026-07-09,2026-07-10,2026-07-13,BOARD2,5,2026-07-13,0.545592325844,5,FROZEN_ASOF_2026_07_01_FORWARD_LOCKED,0.4,0.2,0.2,0.6,0.2,0.6,0.4,0.4,0.6,0.08,0.08,0.12,0.24,0.08,0.2,1,0,0,11.3774,3.5528,65,69.25,60,1,15.8,84,-0.3051,2.76000994003,0,0,1,0,-0.0368385800402,-0.0368385800402,3.90909526971e-13
002841_2026-07-10,002841,2026-07-10,2026-07-09,2026-07-10,2026-07-13,2026-07-14,BOARD3,4,2026-07-14,0.582733262398,1,FROZEN_ASOF_2026_07_01_FORWARD_LOCKED,1,1,0.875,0.75,0.625,0.625,0.75,0.375,0.25,1,0.875,0.65625,0.28125,0.375,0,1,0,0,27.5225,27.4252,90,71.5,70,1,52.45,80,-3.3082,3.95986033484,0,1,0,0,0.0153368278004,0.0153368278004,3.37840866393e-13
000977_2026-07-10,000977,2026-07-10,2026-07-09,2026-07-10,2026-07-13,2026-07-14,BOARD2,4,2026-07-14,0.579299193401,2,FROZEN_ASOF_2026_07_01_FORWARD_LOCKED,0.75,0.75,0.875,1,0.625,0.625,1,0.375,0.5,0.5625,0.65625,0.875,0.375,0.28125,0,1,0,0,23.0228,22.3082,90,72,70,1,89.52,80,-2.4652,4.494462064,0,0,1,0,-0.0287912087912,-0.0287912087912,3.52051721109e-13
603928_2026-07-10,603928,2026-07-10,2026-07-09,2026-07-10,2026-07-13,2026-07-14,BOARD2,4,2026-07-14,0.559280261029,3,FROZEN_ASOF_2026_07_01_FORWARD_LOCKED,0.5,0.25,0.375,0.5,0.625,0.625,0.5,0.75,1,0.125,0.1875,0.1875,0.375,0.1875,0.25,1,0,0,19.6919,8.232,75,66.25,70,1,18.8,92,2.8053,2.93385686984,0,0,1,0,-0.0377804014168,-0.0377804014168,3.22852855561e-13
002490_2026-07-10,002490,2026-07-10,2026-07-09,2026-07-10,2026-07-13,2026-07-14,BOARD2,4,2026-07-14,0.559183566146,4,FROZEN_ASOF_2026_07_01_FORWARD_LOCKED,0.25,0.5,0.375,0.25,0.625,0.625,0.25,1,0.75,0.125,0.09375,0.09375,0.25,0.5,-0.25,1,0,0,13.7104,8.2322,75,61.25,70,1,7.68,96,1.487,2.03861954716,1,0,0,0,0.177922077922,0.07,4.92939022934e-14
002829_2026-07-13,002829,2026-07-13,2026-07-10,2026-07-13,2026-07-14,2026-07-15,BOARD2,6,2026-07-15,0.559245443214,1,FROZEN_ASOF_2026_07_01_FORWARD_LOCKED,1,0.833333333333,0.916666666667,0.5,0.833333333333,0.583333333333,1,1,1,0.833333333333,0.916666666667,0.458333333333,0.5,0.833333333333,0.166666666667,0,0,1,14.4565,6.1334,75,58.25,70,3,20.49,100,0.5399,3.01993696225,0,0,1,0,-0.0442105263158,-0.0442105263158,1.38444811171e-13
000892_2026-07-13,000892,2026-07-13,2026-07-10,2026-07-13,2026-07-14,2026-07-15,BOARD2,6,2026-07-15,0.548088061666,2,FROZEN_ASOF_2026_07_01_FORWARD_LOCKED,0.833333333333,1,0.916666666667,1,0.333333333333,0.583333333333,0.166666666667,0.833333333333,0.166666666667,0.833333333333,0.763888888889,0.916666666667,0.833333333333,0.833333333333,-0.166666666667,0,0,1,7.9761,6.3483,75,68.25,60,3,3.98,84,-5.4059,1.3812818193,0,0,1,1,-0.130864197531,-0.130864197531,3.66706665034e-13
000887_2026-07-13,000887,2026-07-13,2026-07-10,2026-07-13,2026-07-14,2026-07-15,BOARD2,6,2026-07-15,0.526713170815,3,FROZEN_ASOF_2026_07_01_FORWARD_LOCKED,0.5,0.666666666667,0.583333333333,0.833333333333,0.833333333333,0.583333333333,0.666666666667,0.166666666667,0.666666666667,0.333333333333,0.291666666667,0.486111111111,0.138888888889,0.111111111111,-0.166666666667,0,0,1,6.8526,5.8298,65,67.75,70,3,19.85,70,-1.6211,2.98820400713,0,0,1,0,-0.0155466399198,-0.0155466399198,2.66120459003e-13
002414_2026-07-13,002414,2026-07-13,2026-07-10,2026-07-13,2026-07-14,2026-07-15,BOARD2,6,2026-07-15,0.525860119482,4,FROZEN_ASOF_2026_07_01_FORWARD_LOCKED,0.666666666667,0.5,0.583333333333,0.666666666667,0.333333333333,0.583333333333,0.333333333333,0.666666666667,0.833333333333,0.333333333333,0.388888888889,0.388888888889,0.444444444444,0.333333333333,0.166666666667,0,0,1,7.2935,4.916,65,59.75,60,3,13.99,80,-0.3204,2.63834278868,0,0,1,0,-0.00145032632342,-0.00145032632342,7.11652958785e-14
002346_2026-07-13,002346,2026-07-13,2026-07-10,2026-07-13,2026-07-14,2026-07-15,BOARD2,6,2026-07-15,0.518964624484,5,FROZEN_ASOF_2026_07_01_FORWARD_LOCKED,0.333333333333,0.333333333333,0.333333333333,0.333333333333,0.833333333333,0.583333333333,0.833333333333,0.416666666667,0.333333333333,0.111111111111,0.111111111111,0.111111111111,0.138888888889,0.138888888889,0,0,0,1,1.2955,0.7474,55,54.25,70,3,20.33,76,-3.3542,3.01209762764,0,1,0,0,0.0417895771878,0.0417895771878,1.88293824976e-13
603898_2026-07-13,603898,2026-07-13,2026-07-10,2026-07-13,2026-07-14,2026-07-15,BOARD2,6,2026-07-15,0.504356988082,6,FROZEN_ASOF_2026_07_01_FORWARD_LOCKED,0.166666666667,0.166666666667,0.166666666667,0.166666666667,0.333333333333,0.583333333333,0.5,0.416666666667,0.5,0.0277777777778,0.0277777777778,0.0277777777778,0.0694444444444,0.0694444444444,0,0,0,1,-0.3222,-2.4474,40,44.5,60,3,14.54,76,-2.5473,2.67690347211,0,0,1,0,-0.0357383681726,-0.0357383681726,4.33431068814e-13
003020_2026-07-14,003020,2026-07-14,2026-07-13,2026-07-14,2026-07-15,2026-07-16,BOARD3,8,2026-07-16,0.602253196668,1,FROZEN_ASOF_2026_07_01_FORWARD_LOCKED,1,1,1,0.9375,0.6875,0.5625,0.75,1,0.25,1,1,0.9375,0.9375,1,0,1,0,0,19.9262,13.5263,95,72.75,70,1,20.8,94,-2.6325,3.03495298671,1,0,0,0,0.169871794872,0.07,2.63788990651e-13
001395_2026-07-14,001395,2026-07-14,2026-07-13,2026-07-14,2026-07-15,2026-07-16,BOARD3,8,2026-07-16,0.581389014827,2,FROZEN_ASOF_2026_07_01_FORWARD_LOCKED,0.875,0.75,0.75,0.9375,0.6875,0.5625,0.875,0.5,0.5,0.65625,0.65625,0.703125,0.46875,0.375,0.125,1,0,0,15.8792,9.6227,75,72.75,70,1,30.19,86,-0.0603,3.40751074372,1,0,0,0,0.133841886269,0.07,1.58095758707e-13
600513_2026-07-14,600513,2026-07-14,2026-07-13,2026-07-14,2026-07-15,2026-07-16,BOARD2,8,2026-07-16,0.567964237233,3,FROZEN_ASOF_2026_07_01_FORWARD_LOCKED,0.625,0.5,0.4375,0.375,0.6875,0.5625,0.625,0.8125,1,0.3125,0.2734375,0.1640625,0.3046875,0.40625,0.125,1,0,0,13.7568,5.3942,65,63.75,70,1,17.82,88,2.6761,2.88032142204,1,0,0,0,0.118304885227,0.07,3.00759417371e-13
600629_2026-07-14,600629,2026-07-14,2026-07-13,2026-07-14,2026-07-15,2026-07-16,BOARD2,8,2026-07-16,0.565072907806,4,FROZEN_ASOF_2026_07_01_FORWARD_LOCKED,0.75,0.625,0.75,0.75,0.1875,0.5625,0.5,0.5,0.375,0.46875,0.5625,0.5625,0.375,0.3125,0.125,1,0,0,14.9879,9.589,75,66.25,60,1,14.27,86,-1.0408,2.65815943149,0,1,0,0,0.0292611558157,0.0292611558157,2.60236276972e-13
605090_2026-07-14,605090,2026-07-14,2026-07-13,2026-07-14,2026-07-15,2026-07-16,BOARD2,8,2026-07-16,0.559015046952,5,FROZEN_ASOF_2026_07_01_FORWARD_LOCKED,0.375,0.375,0.4375,0.25,0.1875,0.5625,1,0.8125,0.625,0.140625,0.1640625,0.109375,0.203125,0.3046875,0,1,0,0,7.9304,4.9171,65,60.75,60,1,39.4,88,0.3221,3.6737658163,0,1,0,0,0.0306334371755,0.0306334371755,1.73749903354e-13
600992_2026-07-14,600992,2026-07-14,2026-07-13,2026-07-14,2026-07-15,2026-07-16,BOARD3,8,2026-07-16,0.557542890499,6,FROZEN_ASOF_2026_07_01_FORWARD_LOCKED,0.5,0.875,0.75,0.5625,0.6875,0.5625,0.25,0.125,0.125,0.4375,0.375,0.421875,0.0703125,0.109375,-0.375,1,0,0,9.976,9.976,75,64.75,70,1,10.55,70,-2.8451,2.35612585992,1,0,0,0,0.124513618677,0.07,5.51780843239e-14
601608_2026-07-14,601608,2026-07-14,2026-07-13,2026-07-14,2026-07-15,2026-07-16,BOARD2,8,2026-07-16,0.544815748065,7,FROZEN_ASOF_2026_07_01_FORWARD_LOCKED,0.25,0.25,0.1875,0.5625,0.6875,0.5625,0.125,0.25,0.875,0.0625,0.046875,0.10546875,0.140625,0.0625,0,1,0,0,5.2956,2.422,55,64.75,70,1,5.13,78,1.3761,1.63510565918,0,1,0,0,0.0224489795918,0.0224489795918,6.02851102371e-14
000920_2026-07-14,000920,2026-07-14,2026-07-13,2026-07-14,2026-07-15,2026-07-16,BOARD2,8,2026-07-16,0.544225211348,8,FROZEN_ASOF_2026_07_01_FORWARD_LOCKED,0.125,0.125,0.1875,0.125,0.6875,0.5625,0.375,0.5,0.75,0.015625,0.0234375,0.0234375,0.0625,0.0625,0,1,0,0,5.1589,0.8154,55,50.75,70,1,13.8,86,1.1756,2.62466859216,0,1,0,0,0.0179856115108,0.0179856115108,4.71178651651e-13
002379_2026-07-15,002379,2026-07-15,2026-07-14,2026-07-15,2026-07-16,2026-07-17,BOARD2,2,2026-07-17,0.606227913473,1,FROZEN_ASOF_2026_07_01_FORWARD_LOCKED,1,1,1,1,1,0.75,0.5,1,1,1,1,1,1,1,0,1,0,0,21.2318,14.4751,95,70.75,70,1,18.66,88,2.3263,2.92638219542,0,1,0,0,0.0368334249588,0.0368334249588,4.39537295449e-13
603065_2026-07-15,603065,2026-07-15,2026-07-14,2026-07-15,2026-07-16,2026-07-17,BOARD2,2,2026-07-17,0.564681107583,2,FROZEN_ASOF_2026_07_01_FORWARD_LOCKED,0.5,0.5,0.5,0.5,0.5,0.75,1,0.5,0.5,0.25,0.25,0.25,0.25,0.25,0,1,0,0,3.2903,3.2903,65,65.75,60,1,21.19,46,-3.2467,3.05352937228,0,0,1,1,-0.100157315155,-0.100157315155,4.64517313503e-13
001388_2026-07-16,001388,2026-07-16,2026-07-15,2026-07-16,2026-07-17,2026-07-20,BOARD3,12,2026-07-20,0.590385310201,1,FROZEN_ASOF_2026_07_01_FORWARD_LOCKED,0.833333333333,0.833333333333,0.916666666667,0.708333333333,0.708333333333,0.541666666667,0.833333333333,0.916666666667,0.583333333333,0.694444444444,0.763888888889,0.649305555556,0.649305555556,0.763888888889,0,1,0,0,16.2103,10.4651,95,69.25,70,1,33.78,94,-0.1109,3.51986891138,1,0,0,0,0.27990430622,0.07,4.09228206877e-13
600829_2026-07-16,600829,2026-07-16,2026-07-15,2026-07-16,2026-07-17,2026-07-20,BOARD2,12,2026-07-20,0.584442350544,2,FROZEN_ASOF_2026_07_01_FORWARD_LOCKED,0.916666666667,0.916666666667,0.916666666667,0.583333333333,0.208333333333,0.541666666667,0.5,0.916666666667,0.916666666667,0.840277777778,0.840277777778,0.534722222222,0.534722222222,0.840277777778,0,1,0,0,20.454,15.937,95,68.25,60,1,10.4,94,0.065,2.34180580615,0,0,1,1,-0.053125,-0.053125,2.62678767626e-13
002432_2026-07-16,002432,2026-07-16,2026-07-15,2026-07-16,2026-07-17,2026-07-20,BOARD2,12,2026-07-20,0.577803808853,3,FROZEN_ASOF_2026_07_01_FORWARD_LOCKED,0.75,0.75,0.916666666667,0.916666666667,0.708333333333,0.541666666667,0.916666666667,0.333333333333,0.666666666667,0.5625,0.6875,0.840277777778,0.305555555556,0.25,0,1,0,0,15.8469,10.2154,95,71.25,70,1,72,80,-0.0227,4.27666611902,1,0,0,0,0.1,0.07,3.66373598126e-13
603137_2026-07-16,603137,2026-07-16,2026-07-15,2026-07-16,2026-07-17,2026-07-20,BOARD3,12,2026-07-20,0.573656924794,4,FROZEN_ASOF_2026_07_01_FORWARD_LOCKED,1,1,0.75,1,0.208333333333,0.541666666667,0.75,0.0833333333333,0.75,1,0.75,0.75,0.0833333333333,0.0833333333333,0,1,0,0,22.6513,22.6513,90,77,60,1,32.05,40,0,3.46729718337,1,0,0,0,0.100173310225,0.07,3.13526982154e-13
600746_2026-07-16,600746,2026-07-16,2026-07-15,2026-07-16,2026-07-17,2026-07-20,BOARD2,12,2026-07-20,0.566262364754,5,FROZEN_ASOF_2026_07_01_FORWARD_LOCKED,0.666666666667,0.5,0.583333333333,0.708333333333,0.708333333333,0.541666666667,0.416666666667,0.541666666667,1,0.333333333333,0.388888888889,0.413194444444,0.383680555556,0.270833333333,0.166666666667,1,0,0,10.5092,6.8978,75,69.25,70,1,6.12,84,0.7391,1.81156209652,1,0,0,0,0.0849673202614,0.07,2.39808173319e-14
605028_2026-07-16,605028,2026-07-16,2026-07-15,2026-07-16,2026-07-17,2026-07-20,BOARD2,12,2026-07-20,0.562270837541,6,FROZEN_ASOF_2026_07_01_FORWARD_LOCKED,0.416666666667,0.416666666667,0.375,0.25,0.708333333333,0.541666666667,0.666666666667,0.916666666667,0.416666666667,0.173611111111,0.15625,0.09375,0.229166666667,0.381944444444,0,1,0,0,9.1121,5.0841,65,57.75,70,1,24.38,94,-2.1174,3.19376312405,0,1,0,0,0.0193115029387,0.0193115029387,3.72701869367e-13
600844_2026-07-16,600844,2026-07-16,2026-07-15,2026-07-16,2026-07-17,2026-07-20,BOARD2,12,2026-07-20,0.558565185924,7,FROZEN_ASOF_2026_07_01_FORWARD_LOCKED,0.5,0.583333333333,0.583333333333,0.5,0.708333333333,0.541666666667,0.166666666667,0.541666666667,0.25,0.291666666667,0.291666666667,0.291666666667,0.270833333333,0.315972222222,-0.0833333333333,1,0,0,9.4412,7.5145,75,66.25,70,1,2.84,84,-2.6849,1.04380405217,0,1,0,0,0.0567375886525,0.0567375886525,3.74589248509e-13
605255_2026-07-16,605255,2026-07-16,2026-07-15,2026-07-16,2026-07-17,2026-07-20,BOARD2,12,2026-07-20,0.555234700195,8,FROZEN_ASOF_2026_07_01_FORWARD_LOCKED,0.166666666667,0.333333333333,0.375,0.833333333333,0.708333333333,0.541666666667,1,0.166666666667,0.333333333333,0.0555555555556,0.0625,0.3125,0.138888888889,0.0555555555556,-0.166666666667,1,0,0,3.7949,3.7949,65,70.25,70,1,78.47,70,-2.4304,4.36271638614,0,0,1,1,-0.0986986213117,-0.0986986213117,3.7825298449e-13
600227_2026-07-16,600227,2026-07-16,2026-07-15,2026-07-16,2026-07-17,2026-07-20,BOARD2,12,2026-07-20,0.550861527621,9,FROZEN_ASOF_2026_07_01_FORWARD_LOCKED,0.333333333333,0.666666666667,0.583333333333,0.416666666667,0.208333333333,0.541666666667,0.0833333333333,0.541666666667,0.166666666667,0.222222222222,0.194444444444,0.243055555556,0.225694444444,0.361111111111,-0.333333333333,1,0,0,8.8063,8.8063,75,62.25,60,1,2.78,84,-4.4369,1.0224509277,1,0,0,0,0.203571428571,0.07,2.20712337295e-13
002141_2026-07-16,002141,2026-07-16,2026-07-15,2026-07-16,2026-07-17,2026-07-20,BOARD2,12,2026-07-20,0.547503622438,10,FROZEN_ASOF_2026_07_01_FORWARD_LOCKED,0.583333333333,0.25,0.166666666667,0.333333333333,0.708333333333,0.541666666667,0.333333333333,0.25,0.5,0.145833333333,0.0972222222222,0.0555555555556,0.0833333333333,0.0625,0.333333333333,1,0,0,9.4444,2.7778,55,61.75,70,1,5.91,74,-1.7415,1.77664583142,0,0,1,1,-0.0857142857143,-0.0857142857143,2.47246667584e-13
605189_2026-07-16,605189,2026-07-16,2026-07-15,2026-07-16,2026-07-17,2026-07-20,BOARD2,12,2026-07-20,0.544246155678,11,FROZEN_ASOF_2026_07_01_FORWARD_LOCKED,0.25,0.0833333333333,0.166666666667,0.0833333333333,0.208333333333,0.541666666667,0.583333333333,0.75,0.833333333333,0.0208333333333,0.0416666666667,0.0138888888889,0.0625,0.0625,0.166666666667,1,0,0,8.2305,0.823,55,45.75,60,1,15.78,92,0.0518,2.75874331542,0,0,1,0,-0.0143790849673,-0.0143790849673,3.66262575824e-13
600403_2026-07-16,600403,2026-07-16,2026-07-15,2026-07-16,2026-07-17,2026-07-20,BOARD2,12,2026-07-20,0.542138704854,12,FROZEN_ASOF_2026_07_01_FORWARD_LOCKED,0.0833333333333,0.166666666667,0.166666666667,0.166666666667,0.708333333333,0.541666666667,0.25,0.541666666667,0.0833333333333,0.0138888888889,0.0138888888889,0.0277777777778,0.0902777777778,0.0902777777778,-0.0833333333333,1,0,0,3.2245,2.6347,55,54.25,70,1,5.25,84,-4.699,1.6582280766,0,1,0,0,0.0393700787402,0.0393700787402,1.52877710491e-13
002365_2026-07-17,002365,2026-07-17,2026-07-16,2026-07-17,2026-07-20,2026-07-21,BOARD2,5,2026-07-21,0.608794694815,1,FROZEN_ASOF_2026_07_01_FORWARD_LOCKED,1,1,1,1,0.8,0.6,1,1,0.8,1,1,1,1,1,0,1,0,0,13.2279,10.532,95,65.75,70,1,12.6,94,-3.9523,2.53369681396,0,1,0,0,0.0580204778157,0.0580204778157,2.38475905689e-13
000504_2026-07-17,000504,2026-07-17,2026-07-16,2026-07-17,2026-07-20,2026-07-21,BOARD2,5,2026-07-21,0.568981191003,2,FROZEN_ASOF_2026_07_01_FORWARD_LOCKED,0.8,0.8,0.7,0.7,0.8,0.6,0.4,0.2,1,0.64,0.56,0.49,0.14,0.16,0,1,0,0,4.3192,3.7091,65,57.25,70,1,8.55,70,-2.7624,2.14593128295,0,0,1,0,-0.0404761904762,-0.0404761904762,4.90829599187e-13
002739_2026-07-17,002739,2026-07-17,2026-07-16,2026-07-17,2026-07-20,2026-07-21,BOARD2,5,2026-07-21,0.56883096417,3,FROZEN_ASOF_2026_07_01_FORWARD_LOCKED,0.6,0.6,0.7,0.7,0.3,0.6,0.8,0.6,0.6,0.36,0.42,0.49,0.42,0.36,0,1,0,0,4.0206,3.299,65,57.25,60,1,10.09,76,-5.1905,2.31154483437,0,0,1,0,-0.00104275286757,-0.00104275286757,1.41664457942e-13
000566_2026-07-17,000566,2026-07-17,2026-07-16,2026-07-17,2026-07-20,2026-07-21,BOARD2,5,2026-07-21,0.550491580173,4,FROZEN_ASOF_2026_07_01_FORWARD_LOCKED,0.4,0.4,0.3,0.4,0.8,0.6,0.2,0.4,0.2,0.16,0.12,0.12,0.16,0.16,0,1,0,0,-2.8386,-2.8386,40,52,70,1,5.1,74,-7.2268,1.62924053973,0,1,0,0,0.041394335512,0.041394335512,4.05231403988e-13
600785_2026-07-17,600785,2026-07-17,2026-07-16,2026-07-17,2026-07-20,2026-07-21,BOARD2,5,2026-07-21,0.548469003687,5,FROZEN_ASOF_2026_07_01_FORWARD_LOCKED,0.2,0.2,0.3,0.2,0.3,0.6,0.6,0.8,0.4,0.04,0.06,0.06,0.16,0.16,0,1,0,0,-5.3176,-6.4186,40,43.5,60,1,8.6,84,-5.7362,2.15176220326,0,0,1,0,-0.0253623188406,-0.0253623188406,6.16173778667e-14
000676_2026-07-20,000676,2026-07-20,2026-07-17,2026-07-20,2026-07-21,2026-07-22,BOARD3,6,2026-07-22,0.54215258756,1,FROZEN_ASOF_2026_07_01_FORWARD_LOCKED,0.833333333333,0.833333333333,0.916666666667,0.666666666667,0.583333333333,0.583333333333,0.5,0.666666666667,0.5,0.694444444444,0.763888888889,0.611111111111,0.444444444444,0.555555555556,0,0,0,1,13.0125,10.8734,95,63.75,60,3,6.34,88,-1.423,1.84687876845,1,0,0,0,0.13679245283,0.07,1.3433698598e-14
603567_2026-07-20,603567,2026-07-20,2026-07-17,2026-07-20,2026-07-21,2026-07-22,BOARD2,6,2026-07-22,0.536810017753,2,FROZEN_ASOF_2026_07_01_FORWARD_LOCKED,1,0.5,0.583333333333,0.5,0.583333333333,0.583333333333,0.333333333333,1,1,0.5,0.583333333333,0.291666666667,0.5,0.5,0.5,0,0,1,13.5242,7.2063,75,63.25,60,3,5.75,100,0.9197,1.74919985481,1,0,0,0,0.122082585278,0.07,2.82107670557e-13
002677_2026-07-20,002677,2026-07-20,2026-07-17,2026-07-20,2026-07-21,2026-07-22,BOARD3,6,2026-07-22,0.535691883624,3,FROZEN_ASOF_2026_07_01_FORWARD_LOCKED,0.666666666667,1,0.916666666667,1,0.166666666667,0.583333333333,0.666666666667,0.333333333333,0.166666666667,0.666666666667,0.611111111111,0.916666666667,0.333333333333,0.333333333333,-0.333333333333,0,0,1,11.9275,11.9275,95,73.75,45,3,7.16,76,-3.8685,1.96850998097,0,0,1,0,-0.0123266563945,-0.0123266563945,1.51656465164e-13
002632_2026-07-20,002632,2026-07-20,2026-07-17,2026-07-20,2026-07-21,2026-07-22,BOARD2,6,2026-07-22,0.520146463613,4,FROZEN_ASOF_2026_07_01_FORWARD_LOCKED,0.166666666667,0.333333333333,0.333333333333,0.833333333333,1,0.583333333333,0.833333333333,0.166666666667,0.833333333333,0.0555555555556,0.0555555555556,0.277777777778,0.138888888889,0.0555555555556,-0.166666666667,0,0,1,5.2922,5.2922,65,66.25,70,3,9.53,32,-0.1037,2.25444471767,0,0,1,0,-0.0268065268065,-0.0268065268065,4.45976588992e-13
600162_2026-07-20,600162,2026-07-20,2026-07-17,2026-07-20,2026-07-21,2026-07-22,BOARD3,6,2026-07-22,0.519423438637,5,FROZEN_ASOF_2026_07_01_FORWARD_LOCKED,0.5,0.666666666667,0.583333333333,0.333333333333,0.583333333333,0.583333333333,0.166666666667,0.5,0.333333333333,0.333333333333,0.291666666667,0.194444444444,0.166666666667,0.333333333333,-0.166666666667,0,0,1,9.9121,9.9121,75,62.25,60,3,2.75,84,-2.8286,1.01160091168,1,0,0,0,0.0739299610895,0.07,3.36397576461e-14
002829_2026-07-20,002829,2026-07-20,2026-07-17,2026-07-20,2026-07-21,2026-07-22,BOARD2,6,2026-07-22,0.519156761641,6,FROZEN_ASOF_2026_07_01_FORWARD_LOCKED,0.333333333333,0.166666666667,0.166666666667,0.166666666667,0.583333333333,0.583333333333,1,0.833333333333,0.666666666667,0.0555555555556,0.0555555555556,0.0277777777778,0.138888888889,0.138888888889,0.166666666667,0,0,1,7.9187,2.8516,55,56.25,60,3,20.02,94,-1.1259,2.99673177389,1,0,0,0,0.169099144439,0.07,9.94759830064e-14
000722_2026-07-21,000722,2026-07-21,2026-07-20,2026-07-21,2026-07-22,2026-07-23,BOARD2,7,2026-07-23,0.60102382718,1,FROZEN_ASOF_2026_07_01_FORWARD_LOCKED,1,1,1,1,0.642857142857,0.571428571429,1,0.785714285714,0.571428571429,1,1,1,0.785714285714,0.785714285714,0,1,0,0,17.3724,12.1304,95,72.75,70,1,14.33,100,1.3832,2.66235524184,1,0,0,0,0.0816473988439,0.07,3.70925512527e-13
600644_2026-07-21,600644,2026-07-21,2026-07-20,2026-07-21,2026-07-22,2026-07-23,BOARD2,7,2026-07-23,0.58281503821,2,FROZEN_ASOF_2026_07_01_FORWARD_LOCKED,0.857142857143,0.714285714286,0.785714285714,0.857142857143,0.642857142857,0.571428571429,0.571428571429,0.785714285714,0.714285714286,0.612244897959,0.673469387755,0.673469387755,0.673469387755,0.561224489796,0.142857142857,1,0,0,15.1182,6.5202,75,68.75,70,1,9.64,100,1.5271,2.26592110862,1,0,0,0,0.236559139785,0.07,6.41708908233e-14
600236_2026-07-21,600236,2026-07-21,2026-07-20,2026-07-21,2026-07-22,2026-07-23,BOARD2,7,2026-07-23,0.57156738861,3,FROZEN_ASOF_2026_07_01_FORWARD_LOCKED,0.714285714286,0.571428571429,0.428571428571,0.428571428571,0.642857142857,0.571428571429,0.857142857143,0.785714285714,0.428571428571,0.408163265306,0.30612244898,0.183673469388,0.336734693878,0.448979591837,0.142857142857,1,0,0,11.232,5.2996,65,62.25,70,1,11.25,100,1.1203,2.42036812865,1,0,0,0,0.133209990749,0.07,2.87769807983e-13
000037_2026-07-21,000037,2026-07-21,2026-07-20,2026-07-21,2026-07-22,2026-07-23,BOARD2,7,2026-07-23,0.557688287932,4,FROZEN_ASOF_2026_07_01_FORWARD_LOCKED,0.571428571429,0.285714285714,0.428571428571,0.285714285714,0.642857142857,0.571428571429,0.428571428571,0.785714285714,0.857142857143,0.163265306122,0.244897959184,0.122448979592,0.224489795918,0.224489795918,0.285714285714,1,0,0,10.702,4.8331,65,59.75,70,1,9.62,100,2.0051,2.26384426468,1,0,0,0,0.143162393162,0.07,1.21236354289e-13
000899_2026-07-21,000899,2026-07-21,2026-07-20,2026-07-21,2026-07-22,2026-07-23,BOARD2,7,2026-07-23,0.552785923908,5,FROZEN_ASOF_2026_07_01_FORWARD_LOCKED,0.142857142857,0.428571428571,0.428571428571,0.571428571429,0.642857142857,0.571428571429,0.714285714286,0.285714285714,0.285714285714,0.0612244897959,0.0612244897959,0.244897959184,0.163265306122,0.122448979592,-0.285714285714,1,0,0,9.3843,4.9297,65,66.25,70,1,11.05,88,1.0466,2.40243042796,1,0,0,0,0.0845070422535,0.07,3.45057316053e-13
600227_2026-07-21,600227,2026-07-21,2026-07-20,2026-07-21,2026-07-22,2026-07-23,BOARD2,7,2026-07-23,0.55143726511,6,FROZEN_ASOF_2026_07_01_FORWARD_LOCKED,0.428571428571,0.857142857143,0.785714285714,0.714285714286,0.142857142857,0.571428571429,0.142857142857,0.142857142857,0.142857142857,0.367346938776,0.336734693878,0.561224489796,0.102040816327,0.122448979592,-0.428571428571,1,0,0,9.7428,9.7428,75,67.75,45,1,3.03,32,-0.5591,1.10856261952,1,0,0,0,0.235714285714,0.07,1.93622895495e-13
600722_2026-07-21,600722,2026-07-21,2026-07-20,2026-07-21,2026-07-22,2026-07-23,BOARD2,7,2026-07-23,0.544279557136,7,FROZEN_ASOF_2026_07_01_FORWARD_LOCKED,0.285714285714,0.142857142857,0.142857142857,0.142857142857,0.642857142857,0.571428571429,0.285714285714,0.428571428571,1,0.0408163265306,0.0408163265306,0.0204081632653,0.0612244897959,0.0612244897959,0.142857142857,1,0,0,9.4509,2.5267,55,56.25,70,1,9.01,92,2.934,2.19833507162,1,0,0,0,0.242873432155,0.07,2.37698749572e-13
000889_2026-07-22,000889,2026-07-22,2026-07-21,2026-07-22,2026-07-23,2026-07-24,BOARD2,2,2026-07-24,0.593555243892,1,FROZEN_ASOF_2026_07_01_FORWARD_LOCKED,1,1,1,1,0.5,0.75,0.5,0.75,0.5,1,1,1,0.75,0.75,0,1,0,0,20.5802,14.2339,95,71.75,60,1,3.99,100,0.1137,1.3837912309,0,0,1,0,-0.0283505154639,-0.0283505154639,3.44502204541e-13
002036_2026-07-22,002036,2026-07-22,2026-07-21,2026-07-22,2026-07-30,2026-07-31,BOARD2,2,2026-07-31,0.575312319822,2,FROZEN_ASOF_2026_07_01_FORWARD_LOCKED,0.5,0.5,0.5,0.5,1,0.75,1,0.75,1,0.25,0.25,0.25,0.375,0.375,0,1,0,0,11.2137,6.1375,75,62.75,70,1,7.23,100,0.5821,1.97823903617,0,0,1,0,-0.0206896551724,-0.0206896551724,3.68038932663e-13
603629_2026-07-23,603629,2026-07-23,2026-07-22,2026-07-23,2026-07-24,2026-07-27,BOARD2,4,2026-07-27,0.593083467269,1,FROZEN_ASOF_2026_07_01_FORWARD_LOCKED,0.75,1,0.875,0.75,0.625,0.625,1,0.875,0.25,0.75,0.65625,0.65625,0.65625,0.875,-0.25,1,0,0,11.1326,9.8894,75,50.25,70,1,120.68,94,-3.7751,4.79314241429,0,1,0,0,0.0350877192982,0.0350877192982,1.80966353014e-14
603118_2026-07-23,603118,2026-07-23,2026-07-22,2026-07-23,2026-07-24,2026-07-27,BOARD2,4,2026-07-27,0.572435628525,2,FROZEN_ASOF_2026_07_01_FORWARD_LOCKED,1,0.75,0.875,1,0.625,0.625,0.25,0.25,0.75,0.75,0.875,0.875,0.25,0.1875,0.25,1,0,0,13.5509,9.4466,75,76.25,70,1,16.6,66,-0.9771,2.80940269536,0,1,0,0,0.064126984127,0.064126984127,2.23487894857e-13
603407_2026-07-23,603407,2026-07-23,2026-07-22,2026-07-23,2026-07-24,2026-07-27,BOARD2,4,2026-07-27,0.565203916724,3,FROZEN_ASOF_2026_07_01_FORWARD_LOCKED,0.5,0.5,0.375,0.25,0.625,0.625,0.75,0.875,0.5,0.25,0.1875,0.09375,0.21875,0.4375,0,1,0,0,3.0574,-0.1304,40,33.5,70,1,64.01,94,-2.0907,4.15903932115,0,1,0,0,0.0290171083529,0.0290171083529,4.90718576884e-14
002213_2026-07-23,002213,2026-07-23,2026-07-22,2026-07-23,2026-07-24,2026-07-27,BOARD2,4,2026-07-27,0.553237520933,4,FROZEN_ASOF_2026_07_01_FORWARD_LOCKED,0.25,0.25,0.375,0.5,0.625,0.625,0.5,0.5,1,0.0625,0.09375,0.1875,0.25,0.125,0,1,0,0,-0.1932,-3.6645,40,45,70,1,27.89,88,0.1383,3.32826820164,0,1,0,0,0.0235640648012,0.0235640648012,2.09832151654e-13
600722_2026-07-24,600722,2026-07-24,2026-07-23,2026-07-24,2026-07-27,2026-07-28,BOARD2,9,2026-07-28,0.597274045642,1,FROZEN_ASOF_2026_07_01_FORWARD_LOCKED,1,1,0.777777777778,0.888888888889,0.611111111111,0.555555555556,0.555555555556,0.944444444444,1,1,0.777777777778,0.691358024691,0.83950617284,0.944444444444,0,1,0,0,25.7011,16.5732,95,73.25,70,1,11.43,100,1.0678,2.43624147781,0,0,1,1,-0.10009718173,-0.10009718173,1.21236354289e-13
603619_2026-07-24,603619,2026-07-24,2026-07-23,2026-07-24,2026-07-27,2026-07-28,BOARD2,9,2026-07-28,0.580585012838,2,FROZEN_ASOF_2026_07_01_FORWARD_LOCKED,0.666666666667,0.888888888889,0.777777777778,0.666666666667,0.611111111111,0.555555555556,0.888888888889,0.666666666667,0.222222222222,0.592592592593,0.518518518519,0.518518518519,0.444444444444,0.592592592593,-0.222222222222,1,0,0,12.7222,12.6229,95,65.75,70,1,22.7,94,-4.8322,3.12236492449,0,1,0,0,0.0430739109153,0.0430739109153,6.57252030578e-14
000603_2026-07-24,000603,2026-07-24,2026-07-23,2026-07-24,2026-07-27,2026-07-28,BOARD3,9,2026-07-28,0.577388907184,3,FROZEN_ASOF_2026_07_01_FORWARD_LOCKED,0.888888888889,0.555555555556,0.777777777778,0.555555555556,0.611111111111,0.555555555556,1,0.666666666667,0.777777777778,0.493827160494,0.691358024691,0.432098765432,0.37037037037,0.37037037037,0.333333333333,1,0,0,15.6824,10.1315,95,64.75,70,1,24.8,94,0.4064,3.21084365317,0,0,1,0,-0.0238663484487,-0.0238663484487,4.35207425653e-13
600396_2026-07-24,600396,2026-07-24,2026-07-23,2026-07-24,2026-07-27,2026-07-28,BOARD2,9,2026-07-28,0.565572303675,4,FROZEN_ASOF_2026_07_01_FORWARD_LOCKED,0.444444444444,0.666666666667,0.777777777778,0.777777777778,0.611111111111,0.555555555556,0.666666666667,0.388888888889,0.333333333333,0.296296296296,0.345679012346,0.604938271605,0.302469135802,0.259259259259,-0.222222222222,1,0,0,11.86,11.86,95,69.75,70,1,14.77,84,-4.5181,2.69259809654,1,0,0,0,0.229285714286,0.07,3.21076498722e-13
002197_2026-07-24,002197,2026-07-24,2026-07-23,2026-07-24,2026-07-27,2026-07-28,BOARD3,9,2026-07-28,0.561922985302,5,FROZEN_ASOF_2026_07_01_FORWARD_LOCKED,0.555555555556,0.777777777778,0.777777777778,1,0.611111111111,0.555555555556,0.111111111111,0.222222222222,0.555555555556,0.432098765432,0.432098765432,0.777777777778,0.222222222222,0.172839506173,-0.222222222222,1,0,0,12.2134,12.2134,95,73.75,70,1,6.9,80,-2.2997,1.9315214116,0,1,0,0,0.0458015267176,0.0458015267176,3.91020549273e-13
605162_2026-07-24,605162,2026-07-24,2026-07-23,2026-07-24,2026-07-27,2026-07-28,BOARD2,9,2026-07-28,0.559648689791,6,FROZEN_ASOF_2026_07_01_FORWARD_LOCKED,0.777777777778,0.333333333333,0.333333333333,0.166666666667,0.611111111111,0.555555555556,0.333333333333,0.944444444444,0.888888888889,0.259259259259,0.259259259259,0.0555555555556,0.157407407407,0.314814814815,0.444444444444,1,0,0,14.8173,6.9767,75,56.25,70,1,8.64,100,0.9118,2.15640258282,1,0,0,0,0.186375321337,0.07,2.13162820728e-14
002412_2026-07-24,002412,2026-07-24,2026-07-23,2026-07-24,2026-07-27,2026-07-28,BOARD2,9,2026-07-28,0.545941355363,7,FROZEN_ASOF_2026_07_01_FORWARD_LOCKED,0.333333333333,0.222222222222,0.333333333333,0.166666666667,0.611111111111,0.555555555556,0.222222222222,0.666666666667,0.111111111111,0.0740740740741,0.111111111111,0.0555555555556,0.111111111111,0.148148148148,0.111111111111,1,0,0,7.6853,6.1665,75,56.25,70,1,7.09,94,-7.8519,1.95868534054,1,0,0,0,0.0734870317003,0.07,3.79807296724e-13
603988_2026-07-24,603988,2026-07-24,2026-07-23,2026-07-24,2026-07-27,2026-07-28,BOARD2,9,2026-07-28,0.54483073178,8,FROZEN_ASOF_2026_07_01_FORWARD_LOCKED,0.222222222222,0.444444444444,0.333333333333,0.333333333333,0.111111111111,0.555555555556,0.777777777778,0.111111111111,0.444444444444,0.0987654320988,0.0740740740741,0.111111111111,0.037037037037,0.0493827160494,-0.222222222222,1,0,0,7.5198,7.0609,75,60.25,60,1,16.4,76,-3.9179,2.79728133483,1,0,0,0,0.173469387755,0.07,2.32369679054e-13
002900_2026-07-24,002900,2026-07-24,2026-07-23,2026-07-24,2026-07-27,2026-07-28,BOARD2,9,2026-07-28,0.544781193409,9,FROZEN_ASOF_2026_07_01_FORWARD_LOCKED,0.111111111111,0.111111111111,0.111111111111,0.444444444444,0.611111111111,0.555555555556,0.444444444444,0.388888888889,0.666666666667,0.0123456790123,0.0123456790123,0.0493827160494,0.172839506173,0.0432098765432,0,1,0,0,4.9337,3.0007,65,62.75,70,1,11.4,84,-1.701,2.4336133554,1,0,0,0,0.250919117647,0.07,3.71924713249e-14
002300_2026-07-27,002300,2026-07-27,2026-07-24,2026-07-27,2026-07-28,2026-07-29,BOARD2,13,2026-07-29,0.540785162846,1,FROZEN_ASOF_2026_07_01_FORWARD_LOCKED,0.923076923077,0.769230769231,0.692307692308,0.384615384615,0.653846153846,0.538461538462,0.538461538462,0.846153846154,0.384615384615,0.710059171598,0.639053254438,0.266272189349,0.325443786982,0.650887573964,0.153846153846,0,0,1,18.9793,8.6124,75,57.75,70,3,7.46,100,1.0422,2.00955541422,0,1,0,0,0.0109289617486,0.0109289617486,5.80646641879e-14
600698_2026-07-27,600698,2026-07-27,2026-07-24,2026-07-27,2026-07-28,2026-07-29,BOARD2,13,2026-07-29,0.537609145297,2,FROZEN_ASOF_2026_07_01_FORWARD_LOCKED,0.846153846154,0.538461538462,0.692307692308,0.692307692308,0.653846153846,0.538461538462,0.384615384615,0.846153846154,0.923076923077,0.455621301775,0.585798816568,0.479289940828,0.585798816568,0.455621301775,0.307692307692,0,0,1,17.8625,6.2094,75,63.25,70,3,7.08,100,2.8367,1.95727390771,0,0,1,0,-0.0221893491124,-0.0221893491124,2.46136444559e-13
002083_2026-07-27,002083,2026-07-27,2026-07-24,2026-07-27,2026-07-28,2026-07-29,BOARD2,13,2026-07-29,0.537218022691,3,FROZEN_ASOF_2026_07_01_FORWARD_LOCKED,0.692307692308,0.846153846154,0.692307692308,0.769230769231,0.153846153846,0.538461538462,0.846153846154,0.615384615385,0.153846153846,0.585798816568,0.479289940828,0.532544378698,0.473372781065,0.520710059172,-0.153846153846,0,0,1,17.0846,8.8887,75,65.25,60,3,12,94,-0.8389,2.48490664979,0,1,0,0,0.00677966101695,0.00677966101695,4.45532499782e-13
002498_2026-07-27,002498,2026-07-27,2026-07-24,2026-07-27,2026-07-28,2026-07-29,BOARD2,13,2026-07-29,0.53606591701,4,FROZEN_ASOF_2026_07_01_FORWARD_LOCKED,1,0.692307692308,0.692307692308,0.538461538462,0.653846153846,0.538461538462,0.461538461538,0.5,1,0.692307692308,0.692307692308,0.372781065089,0.269230769231,0.346153846154,0.307692307692,0,0,1,22.3294,7.6844,75,59.75,70,3,7.1,92,4.2877,1.96009478405,0,1,0,0,0.0636094674556,0.0636094674556,1.59539048639e-13
000011_2026-07-27,000011,2026-07-27,2026-07-24,2026-07-27,2026-07-28,2026-07-29,BOARD2,13,2026-07-29,0.53493691153,5,FROZEN_ASOF_2026_07_01_FORWARD_LOCKED,0.538461538462,1,0.961538461538,0.923076923077,0.653846153846,0.538461538462,0.615384615385,0.269230769231,0.0769230769231,0.538461538462,0.51775147929,0.887573964497,0.248520710059,0.269230769231,-0.461538461538,0,0,1,15.7013,12.2942,95,73.25,70,3,8.15,84,-6.6824,2.09801792725,0,0,1,0,-0.0277777777778,-0.0277777777778,1.99174010618e-13
002298_2026-07-27,002298,2026-07-27,2026-07-24,2026-07-27,2026-07-28,2026-07-29,BOARD2,13,2026-07-29,0.532266021251,6,FROZEN_ASOF_2026_07_01_FORWARD_LOCKED,0.769230769231,0.461538461538,0.384615384615,0.461538461538,0.653846153846,0.538461538462,0.692307692308,0.846153846154,0.692307692308,0.355029585799,0.295857988166,0.177514792899,0.390532544379,0.390532544379,0.307692307692,0,0,1,17.8193,5.9677,65,59.25,70,3,8.45,100,2.1317,2.13416644137,0,1,0,0,0.0566265060241,0.0566265060241,4.00235400377e-13
000595_2026-07-27,000595,2026-07-27,2026-07-24,2026-07-27,2026-07-28,2026-07-29,BOARD3,13,2026-07-29,0.528506316943,7,FROZEN_ASOF_2026_07_01_FORWARD_LOCKED,0.384615384615,0.615384615385,0.692307692308,0.615384615385,0.653846153846,0.538461538462,0.230769230769,0.846153846154,0.307692307692,0.236686390533,0.266272189349,0.426035502959,0.520710059172,0.520710059172,-0.230769230769,0,0,1,14.8662,6.6615,75,60.75,70,3,5.88,100,0.6862,1.77155676191,0,0,1,1,-0.0719178082192,-0.0719178082192,4.2876813211e-13
600984_2026-07-27,600984,2026-07-27,2026-07-24,2026-07-27,2026-07-28,2026-07-29,BOARD2,13,2026-07-29,0.522637153302,8,FROZEN_ASOF_2026_07_01_FORWARD_LOCKED,0.615384615385,0.923076923077,0.961538461538,1,0.153846153846,0.538461538462,0.0769230769231,0.153846153846,0.461538461538,0.568047337278,0.591715976331,0.961538461538,0.153846153846,0.14201183432,-0.307692307692,0,0,1,16.1645,10.9502,95,76.75,60,3,4.01,78,1.1549,1.38879124132,0,1,0,0,0.0125,0.0125,1.75193193286e-13
002218_2026-07-27,002218,2026-07-27,2026-07-24,2026-07-27,2026-07-28,2026-07-29,BOARD2,13,2026-07-29,0.518956974715,9,FROZEN_ASOF_2026_07_01_FORWARD_LOCKED,0.461538461538,0.384615384615,0.384615384615,0.307692307692,0.653846153846,0.538461538462,0.153846153846,0.846153846154,0.769230769231,0.177514792899,0.177514792899,0.118343195266,0.260355029586,0.325443786982,0.0769230769231,0,0,1,15.4684,4.8475,65,57.25,70,3,4.24,100,2.3181,1.44456326924,0,0,1,0,-0.00970873786408,-0.00970873786408,4.16555678839e-13
003001_2026-07-27,003001,2026-07-27,2026-07-24,2026-07-27,2026-07-28,2026-07-29,BOARD2,13,2026-07-29,0.511878008034,10,FROZEN_ASOF_2026_07_01_FORWARD_LOCKED,0.153846153846,0.230769230769,0.230769230769,0.230769230769,0.153846153846,0.538461538462,1,0.5,0.846153846154,0.0355029585799,0.0355029585799,0.0532544378698,0.115384615385,0.115384615385,-0.0769230769231,0,0,1,7.8259,0.8463,55,55.25,60,3,19.62,92,2.4954,2.97654945414,0,1,0,0,0.0119791666667,0.0119791666667,2.99094082834e-13
000668_2026-07-27,000668,2026-07-27,2026-07-24,2026-07-27,2026-07-28,2026-07-29,BOARD2,13,2026-07-29,0.511409053522,11,FROZEN_ASOF_2026_07_01_FORWARD_LOCKED,0.307692307692,0.153846153846,0.115384615385,0.153846153846,0.653846153846,0.538461538462,0.923076923077,0.269230769231,0.538461538462,0.0473372781065,0.0355029585799,0.0177514792899,0.0414201183432,0.0414201183432,0.153846153846,0,0,1,10.723,-0.3959,40,51.5,70,3,19.02,84,1.5044,2.94549105712,1,0,0,0,0.0712401055409,0.07,3.72701869367e-13
603956_2026-07-27,603956,2026-07-27,2026-07-24,2026-07-27,2026-07-28,2026-07-29,BOARD2,13,2026-07-29,0.508787074065,12,FROZEN_ASOF_2026_07_01_FORWARD_LOCKED,0.230769230769,0.307692307692,0.384615384615,0.846153846154,0.653846153846,0.538461538462,0.307692307692,0.0769230769231,0.615384615385,0.0710059171598,0.0887573964497,0.325443786982,0.0650887573964,0.0236686390533,-0.0769230769231,0,0,1,9.1719,4.5414,65,67.25,70,3,6.13,70,1.7764,1.81319474995,0,1,0,0,0.0611570247934,0.0611570247934,2.22044604925e-13
002199_2026-07-27,002199,2026-07-27,2026-07-24,2026-07-27,2026-07-28,2026-07-29,BOARD2,13,2026-07-29,0.506559958521,13,FROZEN_ASOF_2026_07_01_FORWARD_LOCKED,0.0769230769231,0.0769230769231,0.115384615385,0.0769230769231,0.653846153846,0.538461538462,0.769230769231,0.384615384615,0.230769230769,0.00591715976331,0.00887573964497,0.00887573964497,0.0295857988166,0.0295857988166,0,0,0,1,0.7837,-3.2258,40,45,70,3,11.06,86,-0.4464,2.40333499609,1,0,0,0,0.249067164179,0.07,5.97299987248e-14
601606_2026-07-28,601606,2026-07-28,2026-07-27,2026-07-28,2026-07-29,2026-07-30,BOARD3,3,2026-07-30,0.586931641604,1,FROZEN_ASOF_2026_07_01_FORWARD_LOCKED,0.666666666667,1,0.833333333333,1,0.666666666667,0.666666666667,1,0.5,0.666666666667,0.666666666667,0.555555555556,0.833333333333,0.5,0.5,-0.333333333333,1,0,0,17.193,15.2718,95,75.25,60,1,33.55,84,-4.4532,3.51303686342,1,0,0,0,0.0972727272727,0.07,2.93653990013e-13
600617_2026-07-28,600617,2026-07-28,2026-07-27,2026-07-28,2026-07-29,2026-07-30,BOARD2,3,2026-07-30,0.572382697336,2,FROZEN_ASOF_2026_07_01_FORWARD_LOCKED,1,0.666666666667,0.833333333333,0.666666666667,0.666666666667,0.666666666667,0.333333333333,0.5,0.333333333333,0.666666666667,0.833333333333,0.555555555556,0.333333333333,0.333333333333,0.333333333333,1,0,0,17.4583,14.57,95,72.25,60,1,3.66,84,-6.9842,1.29746314741,0,1,0,0,0.0668693009119,0.0668693009119,4.11670697531e-13
603690_2026-07-28,603690,2026-07-28,2026-07-27,2026-07-28,2026-07-29,2026-07-30,BOARD2,3,2026-07-30,0.56335371394,3,FROZEN_ASOF_2026_07_01_FORWARD_LOCKED,0.333333333333,0.333333333333,0.333333333333,0.333333333333,0.666666666667,0.666666666667,0.666666666667,1,1,0.111111111111,0.111111111111,0.111111111111,0.333333333333,0.333333333333,0,1,0,0,9.2712,8.0525,75,54.25,60,1,26,88,-2.1827,3.25809653802,0,0,1,0,-0.0450199203187,-0.0450199203187,2.3037127761e-13
002388_2026-07-29,002388,2026-07-29,2026-07-28,2026-07-29,2026-07-30,2026-07-31,BOARD3,10,2026-07-31,0.584032243038,1,FROZEN_ASOF_2026_07_01_FORWARD_LOCKED,0.9,1,1,0.7,0.25,0.55,0.3,0.85,0.4,0.9,0.9,0.7,0.595,0.85,-0.1,1,0,0,15.5826,12.5409,95,65.75,60,1,4.94,94,-0.5722,1.5973653312,0,0,1,0,-0.0460921843687,-0.0460921843687,0
002969_2026-07-29,002969,2026-07-29,2026-07-28,2026-07-29,2026-07-30,2026-07-31,BOARD2,10,2026-07-31,0.576822854471,2,FROZEN_ASOF_2026_07_01_FORWARD_LOCKED,1,0.4,0.55,0.6,0.75,0.55,0.6,1,1,0.4,0.55,0.33,0.6,0.4,0.6,1,0,0,17.1854,3.0054,65,64.25,70,1,13.14,100,5.8516,2.57566101306,0,1,0,0,0.0433734939759,0.0433734939759,1.08135722598e-13
002173_2026-07-29,002173,2026-07-29,2026-07-28,2026-07-29,2026-07-30,2026-07-31,BOARD2,10,2026-07-31,0.572584733359,3,FROZEN_ASOF_2026_07_01_FORWARD_LOCKED,0.5,0.9,0.85,0.8,0.25,0.55,0.8,0.55,0.1,0.45,0.425,0.68,0.44,0.495,-0.4,1,0,0,7.869,7.869,75,68.25,60,1,20.48,84,-5.0496,3.01944880017,0,1,0,0,0.0153617443013,0.0153617443013,2.51354492775e-13
002309_2026-07-29,002309,2026-07-29,2026-07-28,2026-07-29,2026-07-30,2026-07-31,BOARD2,10,2026-07-31,0.5696448545,4,FROZEN_ASOF_2026_07_01_FORWARD_LOCKED,0.8,0.8,0.85,1,0.75,0.55,0.2,0.2,0.9,0.64,0.68,0.85,0.2,0.16,0,1,0,0,11.8309,6.3757,75,75.25,70,1,3.28,78,1.1971,1.1878434224,0,1,0,0,0.01246105919,0.01246105919,2.80553358323e-13
603358_2026-07-29,603358,2026-07-29,2026-07-28,2026-07-29,2026-07-30,2026-07-31,BOARD2,10,2026-07-31,0.565946226858,5,FROZEN_ASOF_2026_07_01_FORWARD_LOCKED,0.7,0.6,0.55,0.9,0.75,0.55,0.9,0.1,0.6,0.42,0.385,0.495,0.09,0.06,0.1,1,0,0,8.6502,4.7896,65,70.25,70,1,37.43,76,-0.1607,3.62247252192,0,0,1,0,-0.0475242597661,-0.0475242597661,2.72892819453e-13
002310_2026-07-29,002310,2026-07-29,2026-07-28,2026-07-29,2026-07-30,2026-07-31,BOARD2,10,2026-07-31,0.56174532524,6,FROZEN_ASOF_2026_07_01_FORWARD_LOCKED,0.6,0.5,0.55,0.4,0.75,0.55,0.1,0.85,0.3,0.3,0.33,0.22,0.34,0.425,0.1,1,0,0,8.5785,4.0199,65,60.25,70,1,2.62,94,-1.0041,0.963174317773,0,0,1,0,-0.0193798449612,-0.0193798449612,1.37001521239e-13
600775_2026-07-29,600775,2026-07-29,2026-07-28,2026-07-29,2026-07-30,2026-07-31,BOARD2,10,2026-07-31,0.554708802155,7,FROZEN_ASOF_2026_07_01_FORWARD_LOCKED,0.4,0.7,0.55,0.5,0.25,0.55,0.5,0.3,0.5,0.28,0.22,0.275,0.15,0.21,-0.3,1,0,0,7.8025,5.8995,65,62.75,60,1,9.63,80,-0.5406,2.26488322581,0,1,0,0,0.0477200424178,0.0477200424178,4.36317648678e-13
603389_2026-07-29,603389,2026-07-29,2026-07-28,2026-07-29,2026-07-30,2026-07-31,BOARD2,10,2026-07-31,0.551692382426,8,FROZEN_ASOF_2026_07_01_FORWARD_LOCKED,0.1,0.2,0.15,0.1,0.75,0.55,1,0.55,0.2,0.02,0.015,0.015,0.055,0.11,-0.1,1,0,0,1.0607,-0.0091,40,44.5,70,1,44.4,84,-4.6219,3.79323946944,0,0,1,0,-0.00437888914496,-0.00437888914496,7.66053886991e-14
000566_2026-07-29,000566,2026-07-29,2026-07-28,2026-07-29,2026-07-30,2026-07-31,BOARD2,10,2026-07-31,0.551070227296,9,FROZEN_ASOF_2026_07_01_FORWARD_LOCKED,0.2,0.3,0.3,0.3,0.75,0.55,0.4,0.55,0.7,0.06,0.06,0.09,0.165,0.165,-0.1,1,0,0,4.1386,1.0587,55,59.75,70,1,5.41,84,0.3268,1.68824909286,1,0,0,0,0.102752293578,0.07,4.4408920985e-14
603716_2026-07-29,603716,2026-07-29,2026-07-28,2026-07-29,2026-07-30,2026-07-31,BOARD2,10,2026-07-31,0.5456798573,10,FROZEN_ASOF_2026_07_01_FORWARD_LOCKED,0.3,0.1,0.15,0.2,0.25,0.55,0.7,0.55,0.8,0.03,0.045,0.03,0.11,0.055,0.2,1,0,0,4.9313,-0.6438,40,51,60,1,15.81,84,0.3969,2.76064265122,0,1,0,0,0.0178799489144,0.0178799489144,1.88959958791e-13
603580_2026-07-30,603580,2026-07-30,2026-07-29,2026-07-30,2026-07-31,2026-08-03,BOARD2,7,2026-08-03,0.584406826064,1,FROZEN_ASOF_2026_07_01_FORWARD_LOCKED,0.857142857143,1,0.714285714286,1,0.571428571429,0.571428571429,1,0.357142857143,0.714285714286,0.857142857143,0.612244897959,0.714285714286,0.357142857143,0.357142857143,-0.142857142857,1,0,0,20.8758,14.1007,95,80.75,70,1,56.2,84,-3.6415,4.0289167569,,,,,,,4.12003764438e-13
002199_2026-07-30,002199,2026-07-30,2026-07-29,2026-07-30,2026-07-31,2026-08-03,BOARD2,7,2026-08-03,0.580555787015,2,FROZEN_ASOF_2026_07_01_FORWARD_LOCKED,1,0.714285714286,0.714285714286,0.571428571429,0.571428571429,0.571428571429,0.571428571429,0.785714285714,1,0.714285714286,0.714285714286,0.408163265306,0.448979591837,0.561224489796,0.285714285714,1,0,0,23.8907,13.1025,95,72.25,70,1,14.24,94,-0.5655,2.65605490598,,,,,,,8.77076189454e-14
600693_2026-07-30,600693,2026-07-30,2026-07-29,2026-07-30,2026-07-31,2026-08-03,BOARD2,7,2026-08-03,0.56998237917,3,FROZEN_ASOF_2026_07_01_FORWARD_LOCKED,0.428571428571,0.857142857143,0.714285714286,0.428571428571,0.571428571429,0.571428571429,0.428571428571,0.785714285714,0.428571428571,0.367346938776,0.30612244898,0.30612244898,0.336734693878,0.673469387755,-0.428571428571,1,0,0,13.289,13.1657,95,65.75,70,1,9.19,94,-5.3831,2.21811593637,,,,,,,4.79616346638e-13
001358_2026-07-30,001358,2026-07-30,2026-07-29,2026-07-30,2026-07-31,2026-08-03,BOARD3,7,2026-08-03,0.562684647835,4,FROZEN_ASOF_2026_07_01_FORWARD_LOCKED,0.285714285714,0.571428571429,0.714285714286,0.285714285714,0.571428571429,0.571428571429,0.714285714286,0.785714285714,0.285714285714,0.163265306122,0.204081632653,0.204081632653,0.224489795918,0.448979591837,-0.285714285714,1,0,0,10.444,10.444,95,62.25,70,1,24.28,94,-6.6715,3.18965296619,,,,,,,1.98396854501e-13
603400_2026-07-30,603400,2026-07-30,2026-07-29,2026-07-30,2026-07-31,2026-08-03,BOARD2,7,2026-08-03,0.558485073811,5,FROZEN_ASOF_2026_07_01_FORWARD_LOCKED,0.571428571429,0.285714285714,0.214285714286,0.142857142857,0.571428571429,0.571428571429,0.857142857143,0.785714285714,0.571428571429,0.163265306122,0.122448979592,0.030612244898,0.112244897959,0.224489795918,0.285714285714,1,0,0,13.3237,8.9458,75,51.25,70,1,45.3,94,-3.8686,3.81330703249,,,,,,,2.84772205816e-13
000428_2026-07-30,000428,2026-07-30,2026-07-29,2026-07-30,2026-07-31,2026-08-03,BOARD3,7,2026-08-03,0.556015392529,6,FROZEN_ASOF_2026_07_01_FORWARD_LOCKED,0.714285714286,0.428571428571,0.714285714286,0.714285714286,0.571428571429,0.571428571429,0.142857142857,0.357142857143,0.142857142857,0.30612244898,0.510204081633,0.510204081633,0.255102040816,0.15306122449,0.285714285714,1,0,0,15.1533,10.0421,95,76.25,70,1,3.83,84,-8.0531,1.34286480319,,,,,,,2.35367281221e-14
002212_2026-07-30,002212,2026-07-30,2026-07-29,2026-07-30,2026-07-31,2026-08-03,BOARD2,7,2026-08-03,0.543375351838,7,FROZEN_ASOF_2026_07_01_FORWARD_LOCKED,0.142857142857,0.142857142857,0.214285714286,0.857142857143,0.571428571429,0.571428571429,0.285714285714,0.142857142857,0.857142857143,0.0204081632653,0.030612244898,0.183673469388,0.122448979592,0.0204081632653,0,1,0,0,10.1383,7.5118,75,76.75,70,1,6.29,70,-0.879,1.83896107071,,,,,,,4.21329637845e-13
002882_2026-07-31,002882,2026-07-31,2026-07-30,2026-07-31,2026-08-03,2026-08-04,BOARD2,5,2026-08-04,0.594846391577,1,FROZEN_ASOF_2026_07_01_FORWARD_LOCKED,0.8,1,0.9,1,0.8,0.6,0.8,0.7,1,0.8,0.72,0.9,0.7,0.7,-0.2,1,0,0,22.9731,11.7097,95,77.75,70,1,22.6,100,4.4576,3.11794990628,,,,,,,4.14002165883e-13
600228_2026-07-31,600228,2026-07-31,2026-07-30,2026-07-31,2026-08-03,2026-08-04,BOARD2,5,2026-08-04,0.578957458511,2,FROZEN_ASOF_2026_07_01_FORWARD_LOCKED,1,0.8,0.9,0.6,0.3,0.6,0.6,0.7,0.4,0.8,0.9,0.54,0.42,0.56,0.2,1,0,0,23.445,11.6427,95,67.25,60,1,7.74,100,2.0243,2.0464016876,,,,,,,4.14446255093e-13
605388_2026-07-31,605388,2026-07-31,2026-07-30,2026-07-31,2026-08-03,2026-08-04,BOARD2,5,2026-08-04,0.566306571076,3,FROZEN_ASOF_2026_07_01_FORWARD_LOCKED,0.6,0.6,0.4,0.4,0.8,0.6,0.4,0.7,0.8,0.36,0.24,0.16,0.28,0.42,0,1,0,0,19.6762,8.8842,75,63.25,70,1,6.21,100,3.517,1.82616089595,,,,,,,3.5393910025e-13
603556_2026-07-31,603556,2026-07-31,2026-07-30,2026-07-31,2026-08-03,2026-08-04,BOARD2,5,2026-08-04,0.56030206126,4,FROZEN_ASOF_2026_07_01_FORWARD_LOCKED,0.2,0.4,0.4,0.2,0.8,0.6,1,0.7,0.2,0.08,0.08,0.08,0.14,0.28,-0.2,1,0,0,12.5146,7.5538,75,58.25,70,1,26.99,100,0.5122,3.29546642703,,,,,,,6.86117829218e-14
601003_2026-07-31,601003,2026-07-31,2026-07-30,2026-07-31,2026-08-03,2026-08-04,BOARD2,5,2026-08-04,0.543738967198,5,FROZEN_ASOF_2026_07_01_FORWARD_LOCKED,0.4,0.2,0.4,0.8,0.3,0.6,0.2,0.2,0.6,0.08,0.16,0.32,0.16,0.04,0.2,1,0,0,12.8458,7.0939,75,70.75,60,1,4.12,88,2.5803,1.41585316336,,,,,,,1.46438416948e-13
